date,total_episode_count,total_fault_duration_sec,unique_error_codes,motion_event_count,track_event_count,active_flag,rolling_7d_episode_count,rolling_7d_fault_duration,episode_trend_slope_14d,risk_episodes,risk_duration,risk_trend,combined_risk,health_index_raw,health_index,risk_level,health_score,critical_streak,yA,yB,yC,yD,score_A,score_B,score_CD,pA,pB,pC,pD,load_score_used
2016-02-11,0.0,0.0,0.0,2,0,False,,,0.0,0.0,0.0,0.0,0.0,100.0,100.0,Inactive,0.0,0,0.0,0.0,0.0,0.0,0.07210925887209883,0.0,0.1682549373682306,0.0050150451354062184,,0.0003178639542275906,0.019071837253655435,0.4807283924806589
2016-02-12,0.0,0.0,0.0,0,0,False,,,0.0,0.0,0.0,0.0,0.0,100.0,100.0,Inactive,0.0,0,0.0,0.0,0.0,0.0,0.07210925887209883,0.0,0.1682549373682306,0.0050150451354062184,,0.0003178639542275906,0.019071837253655435,0.4807283924806589
2016-02-13,0.0,0.0,0.0,0,0,False,,,0.0,0.0,0.0,0.0,0.0,100.0,100.0,Inactive,0.0,0,0.0,0.0,0.0,0.0,0.07210925887209883,0.0,0.1682549373682306,0.0050150451354062184,,0.0003178639542275906,0.019071837253655435,0.4807283924806589
2016-02-14,0.0,0.0,0.0,0,0,False,,,0.0,0.0,0.0,0.0,0.0,100.0,100.0,Inactive,0.0,0,0.0,0.0,0.0,0.0,0.07210925887209883,0.0,0.1682549373682306,0.0050150451354062184,,0.0003178639542275906,0.019071837253655435,0.4807283924806589
2016-02-15,0.0,0.0,0.0,0,0,False,,,0.0,0.0,0.0,0.0,0.0,100.0,100.0,Inactive,0.0,0,0.0,0.0,0.0,0.0,0.07210925887209883,0.0,0.1682549373682306,0.0050150451354062184,,0.0003178639542275906,0.019071837253655435,0.4807283924806589
2016-02-16,0.0,0.0,0.0,0,0,False,,,0.0,0.0,0.0,0.0,0.0,100.0,100.0,Inactive,0.0,0,0.0,0.0,0.0,0.0,0.07210925887209883,0.0,0.1682549373682306,0.0050150451354062184,,0.0003178639542275906,0.019071837253655435,0.4807283924806589
2016-02-17,0.0,0.0,0.0,0,0,False,0.0,0.0,0.0,0.0,0.0,0.0,0.0,100.0,100.0,Inactive,0.0,0,0.0,0.0,0.0,0.0,0.07210925887209883,0.0,0.1682549373682306,0.0050150451354062184,,0.0003178639542275906,0.019071837253655435,0.4807283924806589
2016-02-18,0.0,0.0,0.0,0,0,False,0.0,0.0,0.0,0.0,0.0,0.0,0.0,100.0,100.0,Inactive,0.0,0,0.0,0.0,0.0,0.0,0.07210925887209883,0.0,0.1682549373682306,0.0050150451354062184,,0.0003178639542275906,0.019071837253655435,0.4807283924806589
2016-02-19,0.0,0.0,0.0,0,0,False,0.0,0.0,0.0,0.0,0.0,0.0,0.0,100.0,100.0,Inactive,0.0,0,0.0,0.0,0.0,0.0,0.07210925887209883,0.0,0.1682549373682306,0.0050150451354062184,,0.0003178639542275906,0.019071837253655435,0.4807283924806589
2016-02-20,0.0,0.0,0.0,0,0,False,0.0,0.0,0.0,0.0,0.0,0.0,0.0,100.0,100.0,Inactive,0.0,0,0.0,0.0,0.0,0.0,0.07210925887209883,0.0,0.1682549373682306,0.0050150451354062184,,0.0003178639542275906,0.019071837253655435,0.4807283924806589
2016-02-21,0.0,0.0,0.0,0,0,False,0.0,0.0,0.0,0.0,0.0,0.0,0.0,100.0,100.0,Inactive,0.0,0,0.0,0.0,0.0,0.0,0.07210925887209883,0.0,0.1682549373682306,0.0050150451354062184,,0.0003178639542275906,0.019071837253655435,0.4807283924806589
2016-02-22,0.0,0.0,0.0,0,0,False,0.0,0.0,0.0,0.0,0.0,0.0,0.0,100.0,100.0,Inactive,0.0,0,0.0,0.0,0.0,0.0,0.07210925887209883,0.0,0.1682549373682306,0.0050150451354062184,,0.0003178639542275906,0.019071837253655435,0.4807283924806589
2016-02-23,0.0,0.0,0.0,0,0,False,0.0,0.0,0.0,0.0,0.0,0.0,0.0,100.0,100.0,Inactive,0.0,0,0.0,0.0,0.0,0.0,0.07210925887209883,0.0,0.1682549373682306,0.0050150451354062184,,0.0003178639542275906,0.019071837253655435,0.4807283924806589
2016-02-24,0.0,0.0,0.0,0,0,False,0.0,0.0,0.0,0.0,0.0,0.0,0.0,100.0,100.0,Inactive,0.0,0,0.0,0.0,0.0,0.0,0.07210925887209883,0.0,0.1682549373682306,0.0050150451354062184,,0.0003178639542275906,0.019071837253655435,0.4807283924806589
2016-02-25,0.0,0.0,0.0,0,0,False,0.0,0.0,0.0,0.0,0.0,0.0,0.0,100.0,100.0,Inactive,0.0,0,0.0,0.0,0.0,0.0,0.07210925887209883,0.0,0.1682549373682306,0.0050150451354062184,,0.0003178639542275906,0.019071837253655435,0.4807283924806589
2016-02-26,0.0,0.0,0.0,0,0,False,0.0,0.0,0.0,0.0,0.0,0.0,0.0,100.0,100.0,Inactive,0.0,0,0.0,0.0,0.0,0.0,0.07210925887209883,0.0,0.1682549373682306,0.0050150451354062184,,0.0003178639542275906,0.019071837253655435,0.4807283924806589
2016-02-27,0.0,0.0,0.0,0,0,False,0.0,0.0,0.0,0.0,0.0,0.0,0.0,100.0,100.0,Inactive,0.0,0,0.0,0.0,0.0,0.0,0.07210925887209883,0.0,0.1682549373682306,0.0050150451354062184,,0.0003178639542275906,0.019071837253655435,0.4807283924806589
2016-02-28,0.0,0.0,0.0,0,0,False,0.0,0.0,0.0,0.0,0.0,0.0,0.0,100.0,100.0,Inactive,0.0,0,0.0,0.0,0.0,0.0,0.07210925887209883,0.0,0.1682549373682306,0.0050150451354062184,,0.0003178639542275906,0.019071837253655435,0.4807283924806589
2016-02-29,0.0,0.0,0.0,0,0,False,0.0,0.0,0.0,0.0,0.0,0.0,0.0,100.0,100.0,Inactive,0.0,0,0.0,0.0,0.0,0.0,0.07210925887209883,0.0,0.1682549373682306,0.0050150451354062184,,0.0003178639542275906,0.019071837253655435,0.4807283924806589
2016-03-01,0.0,0.0,0.0,0,0,False,0.0,0.0,0.0,0.0,0.0,0.0,0.0,100.0,100.0,Inactive,0.0,0,0.0,0.0,0.0,0.0,0.07210925887209883,0.0,0.1682549373682306,0.0050150451354062184,,0.0003178639542275906,0.019071837253655435,0.4807283924806589
2016-03-02,0.0,0.0,0.0,0,0,False,0.0,0.0,0.0,0.0,0.0,0.0,0.0,100.0,100.0,Inactive,0.0,0,0.0,0.0,0.0,0.0,0.07210925887209883,0.0,0.1682549373682306,0.0050150451354062184,,0.0003178639542275906,0.019071837253655435,0.4807283924806589
2016-03-03,0.0,0.0,0.0,0,0,False,0.0,0.0,0.0,0.0,0.0,0.0,0.0,100.0,100.0,Inactive,0.0,0,0.0,0.0,0.0,0.0,0.07210925887209883,0.0,0.1682549373682306,0.0050150451354062184,,0.0003178639542275906,0.019071837253655435,0.4807283924806589
2016-03-04,0.0,0.0,0.0,0,0,False,0.0,0.0,0.0,0.0,0.0,0.0,0.0,100.0,100.0,Inactive,0.0,0,0.0,0.0,0.0,0.0,0.07210925887209883,0.0,0.1682549373682306,0.0050150451354062184,,0.0003178639542275906,0.019071837253655435,0.4807283924806589
2016-03-05,0.0,0.0,0.0,0,0,False,0.0,0.0,0.0,0.0,0.0,0.0,0.0,100.0,100.0,Inactive,0.0,0,0.0,0.0,0.0,0.0,0.07210925887209883,0.0,0.1682549373682306,0.0050150451354062184,,0.0003178639542275906,0.019071837253655435,0.4807283924806589
2016-03-06,0.0,0.0,0.0,0,0,False,0.0,0.0,0.0,0.0,0.0,0.0,0.0,100.0,100.0,Inactive,0.0,0,0.0,0.0,0.0,0.0,0.07210925887209883,0.0,0.1682549373682306,0.0050150451354062184,,0.0003178639542275906,0.019071837253655435,0.4807283924806589
2016-03-07,0.0,0.0,0.0,0,0,False,0.0,0.0,0.0,0.0,0.0,0.0,0.0,100.0,100.0,Inactive,0.0,0,0.0,0.0,0.0,0.0,0.07210925887209883,0.0,0.1682549373682306,0.0050150451354062184,,0.0003178639542275906,0.019071837253655435,0.4807283924806589
2016-03-08,0.0,0.0,0.0,0,0,False,0.0,0.0,0.0,0.0,0.0,0.0,0.0,100.0,100.0,Inactive,0.0,0,0.0,0.0,0.0,0.0,0.07210925887209883,0.0,0.1682549373682306,0.0050150451354062184,,0.0003178639542275906,0.019071837253655435,0.4807283924806589
2016-03-09,0.0,0.0,0.0,0,0,False,0.0,0.0,0.0,0.0,0.0,0.0,0.0,100.0,100.0,Inactive,0.0,0,0.0,0.0,0.0,0.0,0.07210925887209883,0.0,0.1682549373682306,0.0050150451354062184,,0.0003178639542275906,0.019071837253655435,0.4807283924806589
2016-03-10,0.0,0.0,0.0,0,0,False,0.0,0.0,0.0,0.0,0.0,0.0,0.0,100.0,100.0,Inactive,0.0,0,0.0,0.0,0.0,0.0,0.07210925887209883,0.0,0.1682549373682306,0.0050150451354062184,,0.0003178639542275906,0.019071837253655435,0.4807283924806589
2016-03-11,0.0,0.0,0.0,0,0,False,0.0,0.0,0.0,0.0,0.0,0.0,0.0,100.0,100.0,Inactive,0.0,0,0.0,0.0,0.0,0.0,0.07210925887209883,0.0,0.1682549373682306,0.0050150451354062184,,0.0003178639542275906,0.019071837253655435,0.4807283924806589
2016-03-12,0.0,0.0,0.0,0,0,False,0.0,0.0,0.0,0.0,0.0,0.0,0.0,100.0,100.0,Inactive,0.0,0,0.0,0.0,0.0,0.0,0.07210925887209883,0.0,0.1682549373682306,0.0050150451354062184,,0.0003178639542275906,0.019071837253655435,0.4807283924806589
2016-03-13,0.0,0.0,0.0,0,0,False,0.0,0.0,0.0,0.0,0.0,0.0,0.0,100.0,100.0,Inactive,0.0,0,0.0,0.0,0.0,0.0,0.07210925887209883,0.0,0.1682549373682306,0.0050150451354062184,,0.0003178639542275906,0.019071837253655435,0.4807283924806589
2016-03-14,0.0,0.0,0.0,0,0,False,0.0,0.0,0.0,0.0,0.0,0.0,0.0,100.0,100.0,Inactive,0.0,0,0.0,0.0,0.0,0.0,0.07210925887209883,0.0,0.1682549373682306,0.0050150451354062184,,0.0003178639542275906,0.019071837253655435,0.4807283924806589
2016-03-15,0.0,0.0,0.0,0,0,False,0.0,0.0,0.0,0.0,0.0,0.0,0.0,100.0,100.0,Inactive,0.0,0,0.0,0.0,0.0,0.0,0.07210925887209883,0.0,0.1682549373682306,0.0050150451354062184,,0.0003178639542275906,0.019071837253655435,0.4807283924806589
2016-03-16,0.0,0.0,0.0,0,0,False,0.0,0.0,0.0,0.0,0.0,0.0,0.0,100.0,100.0,Inactive,0.0,0,0.0,0.0,0.0,0.0,0.07210925887209883,0.0,0.1682549373682306,0.0050150451354062184,,0.0003178639542275906,0.019071837253655435,0.4807283924806589
2016-03-17,0.0,0.0,0.0,0,0,False,0.0,0.0,0.0,0.0,0.0,0.0,0.0,100.0,100.0,Inactive,0.0,0,0.0,0.0,0.0,0.0,0.07210925887209883,0.0,0.1682549373682306,0.0050150451354062184,,0.0003178639542275906,0.019071837253655435,0.4807283924806589
2016-03-18,0.0,0.0,0.0,0,0,False,0.0,0.0,0.0,0.0,0.0,0.0,0.0,100.0,100.0,Inactive,0.0,0,0.0,0.0,0.0,0.0,0.07210925887209883,0.0,0.1682549373682306,0.0050150451354062184,,0.0003178639542275906,0.019071837253655435,0.4807283924806589
2016-03-19,0.0,0.0,0.0,0,0,False,0.0,0.0,0.0,0.0,0.0,0.0,0.0,100.0,100.0,Inactive,0.0,0,0.0,0.0,0.0,0.0,0.07210925887209883,0.0,0.1682549373682306,0.0050150451354062184,,0.0003178639542275906,0.019071837253655435,0.4807283924806589
2016-03-20,0.0,0.0,0.0,0,0,False,0.0,0.0,0.0,0.0,0.0,0.0,0.0,100.0,100.0,Inactive,0.0,0,0.0,0.0,0.0,0.0,0.07210925887209883,0.0,0.1682549373682306,0.0050150451354062184,,0.0003178639542275906,0.019071837253655435,0.4807283924806589
2016-03-21,0.0,0.0,0.0,0,0,False,0.0,0.0,0.0,0.0,0.0,0.0,0.0,100.0,100.0,Inactive,0.0,0,0.0,0.0,0.0,0.0,0.07210925887209883,0.0,0.1682549373682306,0.0050150451354062184,,0.0003178639542275906,0.019071837253655435,0.4807283924806589
2016-03-22,0.0,0.0,0.0,0,0,False,0.0,0.0,0.0,0.0,0.0,0.0,0.0,100.0,100.0,Inactive,0.0,0,0.0,0.0,0.0,0.0,0.07210925887209883,0.0,0.1682549373682306,0.0050150451354062184,,0.0003178639542275906,0.019071837253655435,0.4807283924806589
2016-03-23,0.0,0.0,0.0,0,0,False,0.0,0.0,0.0,0.0,0.0,0.0,0.0,100.0,100.0,Inactive,0.0,0,0.0,0.0,0.0,0.0,0.07210925887209883,0.0,0.1682549373682306,0.0050150451354062184,,0.0003178639542275906,0.019071837253655435,0.4807283924806589
2016-03-24,0.0,0.0,0.0,0,0,False,0.0,0.0,0.0,0.0,0.0,0.0,0.0,100.0,100.0,Inactive,0.0,0,0.0,0.0,0.0,0.0,0.07210925887209883,0.0,0.1682549373682306,0.0050150451354062184,,0.0003178639542275906,0.019071837253655435,0.4807283924806589
2016-03-25,0.0,0.0,0.0,0,0,False,0.0,0.0,0.0,0.0,0.0,0.0,0.0,100.0,100.0,Inactive,0.0,0,0.0,0.0,0.0,0.0,0.07210925887209883,0.0,0.1682549373682306,0.0050150451354062184,,0.0003178639542275906,0.019071837253655435,0.4807283924806589
2016-03-26,0.0,0.0,0.0,0,0,False,0.0,0.0,0.0,0.0,0.0,0.0,0.0,100.0,100.0,Inactive,0.0,0,0.0,0.0,0.0,0.0,0.07210925887209883,0.0,0.1682549373682306,0.0050150451354062184,,0.0003178639542275906,0.019071837253655435,0.4807283924806589
2016-03-27,0.0,0.0,0.0,0,0,False,0.0,0.0,0.0,0.0,0.0,0.0,0.0,100.0,100.0,Inactive,0.0,0,0.0,0.0,0.0,0.0,0.07210925887209883,0.0,0.1682549373682306,0.0050150451354062184,,0.0003178639542275906,0.019071837253655435,0.4807283924806589
2016-03-28,0.0,0.0,0.0,0,0,False,0.0,0.0,0.0,0.0,0.0,0.0,0.0,100.0,100.0,Inactive,0.0,0,0.0,0.0,0.0,0.0,0.07210925887209883,0.0,0.1682549373682306,0.0050150451354062184,,0.0003178639542275906,0.019071837253655435,0.4807283924806589
2016-03-29,0.0,0.0,0.0,0,0,False,0.0,0.0,0.0,0.0,0.0,0.0,0.0,100.0,100.0,Inactive,0.0,0,0.0,0.0,0.0,0.0,0.07210925887209883,0.0,0.1682549373682306,0.0050150451354062184,,0.0003178639542275906,0.019071837253655435,0.4807283924806589
2016-03-30,0.0,0.0,0.0,0,0,False,0.0,0.0,0.0,0.0,0.0,0.0,0.0,100.0,100.0,Inactive,0.0,0,0.0,0.0,0.0,0.0,0.07210925887209883,0.0,0.1682549373682306,0.0050150451354062184,,0.0003178639542275906,0.019071837253655435,0.4807283924806589
2016-03-31,0.0,0.0,0.0,0,0,False,0.0,0.0,0.0,0.0,0.0,0.0,0.0,100.0,100.0,Inactive,0.0,0,0.0,0.0,0.0,0.0,0.07210925887209883,0.0,0.1682549373682306,0.0050150451354062184,,0.0003178639542275906,0.019071837253655435,0.4807283924806589
2016-04-01,0.0,0.0,0.0,0,0,False,0.0,0.0,0.0,0.0,0.0,0.0,0.0,100.0,100.0,Inactive,0.0,0,0.0,0.0,0.0,0.0,0.07210925887209883,0.0,0.1682549373682306,0.0050150451354062184,,0.0003178639542275906,0.019071837253655435,0.4807283924806589
2016-04-02,0.0,0.0,0.0,0,0,False,0.0,0.0,0.0,0.0,0.0,0.0,0.0,100.0,100.0,Inactive,0.0,0,0.0,0.0,0.0,0.0,0.07210925887209883,0.0,0.1682549373682306,0.0050150451354062184,,0.0003178639542275906,0.019071837253655435,0.4807283924806589
2016-04-03,0.0,0.0,0.0,0,0,False,0.0,0.0,0.0,0.0,0.0,0.0,0.0,100.0,100.0,Inactive,0.0,0,0.0,0.0,0.0,0.0,0.07210925887209883,0.0,0.1682549373682306,0.0050150451354062184,,0.0003178639542275906,0.019071837253655435,0.4807283924806589
2016-04-04,0.0,0.0,0.0,0,0,False,0.0,0.0,0.0,0.0,0.0,0.0,0.0,100.0,100.0,Inactive,0.0,0,0.0,0.0,0.0,0.0,0.07210925887209883,0.0,0.1682549373682306,0.0050150451354062184,,0.0003178639542275906,0.019071837253655435,0.4807283924806589
2016-04-05,0.0,0.0,0.0,0,0,False,0.0,0.0,0.0,0.0,0.0,0.0,0.0,100.0,100.0,Inactive,0.0,0,0.0,0.0,0.0,0.0,0.07210925887209883,0.0,0.1682549373682306,0.0050150451354062184,,0.0003178639542275906,0.019071837253655435,0.4807283924806589
2016-04-06,0.0,0.0,0.0,0,0,False,0.0,0.0,0.0,0.0,0.0,0.0,0.0,100.0,100.0,Inactive,0.0,0,0.0,0.0,0.0,0.0,0.07210925887209883,0.0,0.1682549373682306,0.0050150451354062184,,0.0003178639542275906,0.019071837253655435,0.4807283924806589
2016-04-07,0.0,0.0,0.0,0,0,False,0.0,0.0,0.0,0.0,0.0,0.0,0.0,100.0,100.0,Inactive,0.0,0,0.0,0.0,0.0,0.0,0.07210925887209883,0.0,0.1682549373682306,0.0050150451354062184,,0.0003178639542275906,0.019071837253655435,0.4807283924806589
2016-04-08,0.0,0.0,0.0,0,0,False,0.0,0.0,0.0,0.0,0.0,0.0,0.0,100.0,100.0,Inactive,0.0,0,0.0,0.0,0.0,0.0,0.07210925887209883,0.0,0.1682549373682306,0.0050150451354062184,,0.0003178639542275906,0.019071837253655435,0.4807283924806589
2016-04-09,0.0,0.0,0.0,0,0,False,0.0,0.0,0.0,0.0,0.0,0.0,0.0,100.0,100.0,Inactive,0.0,0,0.0,0.0,0.0,0.0,0.07210925887209883,0.0,0.1682549373682306,0.0050150451354062184,,0.0003178639542275906,0.019071837253655435,0.4807283924806589
2016-04-10,0.0,0.0,0.0,0,0,False,0.0,0.0,0.0,0.0,0.0,0.0,0.0,100.0,100.0,Inactive,0.0,0,0.0,0.0,0.0,0.0,0.07210925887209883,0.0,0.1682549373682306,0.0050150451354062184,,0.0003178639542275906,0.019071837253655435,0.4807283924806589
2016-04-11,0.0,0.0,0.0,0,0,False,0.0,0.0,0.0,0.0,0.0,0.0,0.0,100.0,100.0,Inactive,0.0,0,0.0,0.0,0.0,0.0,0.07210925887209883,0.0,0.1682549373682306,0.0050150451354062184,,0.0003178639542275906,0.019071837253655435,0.4807283924806589
2016-04-12,0.0,0.0,0.0,0,0,False,0.0,0.0,0.0,0.0,0.0,0.0,0.0,100.0,100.0,Inactive,0.0,0,0.0,0.0,0.0,0.0,0.07210925887209883,0.0,0.1682549373682306,0.0050150451354062184,,0.0003178639542275906,0.019071837253655435,0.4807283924806589
2016-04-13,0.0,0.0,0.0,0,0,False,0.0,0.0,0.0,0.0,0.0,0.0,0.0,100.0,100.0,Inactive,0.0,0,0.0,0.0,0.0,0.0,0.07210925887209883,0.0,0.1682549373682306,0.0050150451354062184,,0.0003178639542275906,0.019071837253655435,0.4807283924806589
2016-04-14,0.0,0.0,0.0,0,0,False,0.0,0.0,0.0,0.0,0.0,0.0,0.0,100.0,100.0,Inactive,0.0,0,0.0,0.0,0.0,0.0,0.07210925887209883,0.0,0.1682549373682306,0.0050150451354062184,,0.0003178639542275906,0.019071837253655435,0.4807283924806589
2016-04-15,0.0,0.0,0.0,0,0,False,0.0,0.0,0.0,0.0,0.0,0.0,0.0,100.0,100.0,Inactive,0.0,0,0.0,0.0,0.0,0.0,0.07210925887209883,0.0,0.1682549373682306,0.0050150451354062184,,0.0003178639542275906,0.019071837253655435,0.4807283924806589
2016-04-16,0.0,0.0,0.0,0,0,False,0.0,0.0,0.0,0.0,0.0,0.0,0.0,100.0,100.0,Inactive,0.0,0,0.0,0.0,0.0,0.0,0.07210925887209883,0.0,0.1682549373682306,0.0050150451354062184,,0.0003178639542275906,0.019071837253655435,0.4807283924806589
2016-04-17,0.0,0.0,0.0,0,0,False,0.0,0.0,0.0,0.0,0.0,0.0,0.0,100.0,100.0,Inactive,0.0,0,0.0,0.0,0.0,0.0,0.07210925887209883,0.0,0.1682549373682306,0.0050150451354062184,,0.0003178639542275906,0.019071837253655435,0.4807283924806589
2016-04-18,0.0,0.0,0.0,0,0,False,0.0,0.0,0.0,0.0,0.0,0.0,0.0,100.0,100.0,Inactive,0.0,0,0.0,0.0,0.0,0.0,0.07210925887209883,0.0,0.1682549373682306,0.0050150451354062184,,0.0003178639542275906,0.019071837253655435,0.4807283924806589
2016-04-19,0.0,0.0,0.0,0,0,False,0.0,0.0,0.0,0.0,0.0,0.0,0.0,100.0,100.0,Inactive,0.0,0,0.0,0.0,0.0,0.0,0.07210925887209883,0.0,0.1682549373682306,0.0050150451354062184,,0.0003178639542275906,0.019071837253655435,0.4807283924806589
2016-04-20,0.0,0.0,0.0,0,0,False,0.0,0.0,0.0,0.0,0.0,0.0,0.0,100.0,100.0,Inactive,0.0,0,0.0,0.0,0.0,0.0,0.07210925887209883,0.0,0.1682549373682306,0.0050150451354062184,,0.0003178639542275906,0.019071837253655435,0.4807283924806589
2016-04-21,0.0,0.0,0.0,0,0,False,0.0,0.0,0.0,0.0,0.0,0.0,0.0,100.0,100.0,Inactive,0.0,0,0.0,0.0,0.0,0.0,0.07210925887209883,0.0,0.1682549373682306,0.0050150451354062184,,0.0003178639542275906,0.019071837253655435,0.4807283924806589
2016-04-22,0.0,0.0,0.0,0,0,False,0.0,0.0,0.0,0.0,0.0,0.0,0.0,100.0,100.0,Inactive,0.0,0,0.0,0.0,0.0,0.0,0.07210925887209883,0.0,0.1682549373682306,0.0050150451354062184,,0.0003178639542275906,0.019071837253655435,0.4807283924806589
2016-04-23,0.0,0.0,0.0,0,0,False,0.0,0.0,0.0,0.0,0.0,0.0,0.0,100.0,100.0,Inactive,0.0,0,0.0,0.0,0.0,0.0,0.07210925887209883,0.0,0.1682549373682306,0.0050150451354062184,,0.0003178639542275906,0.019071837253655435,0.4807283924806589
2016-04-24,0.0,0.0,0.0,0,0,False,0.0,0.0,0.0,0.0,0.0,0.0,0.0,100.0,100.0,Inactive,0.0,0,0.0,0.0,0.0,0.0,0.07210925887209883,0.0,0.1682549373682306,0.0050150451354062184,,0.0003178639542275906,0.019071837253655435,0.4807283924806589
2016-04-25,0.0,0.0,0.0,0,0,False,0.0,0.0,0.0,0.0,0.0,0.0,0.0,100.0,100.0,Inactive,0.0,0,0.0,0.0,0.0,0.0,0.07210925887209883,0.0,0.1682549373682306,0.0050150451354062184,,0.0003178639542275906,0.019071837253655435,0.4807283924806589
2016-04-26,0.0,0.0,0.0,0,0,False,0.0,0.0,0.0,0.0,0.0,0.0,0.0,100.0,100.0,Inactive,0.0,0,0.0,0.0,0.0,0.0,0.07210925887209883,0.0,0.1682549373682306,0.0050150451354062184,,0.0003178639542275906,0.019071837253655435,0.4807283924806589
2016-04-27,0.0,0.0,0.0,0,0,False,0.0,0.0,0.0,0.0,0.0,0.0,0.0,100.0,100.0,Inactive,0.0,0,0.0,0.0,0.0,0.0,0.07210925887209883,0.0,0.1682549373682306,0.0050150451354062184,,0.0003178639542275906,0.019071837253655435,0.4807283924806589
2016-04-28,0.0,0.0,0.0,0,0,False,0.0,0.0,0.0,0.0,0.0,0.0,0.0,100.0,100.0,Inactive,0.0,0,0.0,0.0,0.0,0.0,0.07210925887209883,0.0,0.1682549373682306,0.0050150451354062184,,0.0003178639542275906,0.019071837253655435,0.4807283924806589
2016-04-29,0.0,0.0,0.0,0,0,False,0.0,0.0,0.0,0.0,0.0,0.0,0.0,100.0,100.0,Inactive,0.0,0,0.0,0.0,0.0,0.0,0.07210925887209883,0.0,0.1682549373682306,0.0050150451354062184,,0.0003178639542275906,0.019071837253655435,0.4807283924806589
2016-04-30,0.0,0.0,0.0,0,0,False,0.0,0.0,0.0,0.0,0.0,0.0,0.0,100.0,100.0,Inactive,0.0,0,0.0,0.0,0.0,0.0,0.07210925887209883,0.0,0.1682549373682306,0.0050150451354062184,,0.0003178639542275906,0.019071837253655435,0.4807283924806589
2016-05-01,0.0,0.0,0.0,0,0,False,0.0,0.0,0.0,0.0,0.0,0.0,0.0,100.0,100.0,Inactive,0.0,0,0.0,0.0,0.0,0.0,0.07210925887209883,0.0,0.1682549373682306,0.0050150451354062184,,0.0003178639542275906,0.019071837253655435,0.4807283924806589
2016-05-02,0.0,0.0,0.0,0,0,False,0.0,0.0,0.0,0.0,0.0,0.0,0.0,100.0,100.0,Inactive,0.0,0,0.0,0.0,0.0,0.0,0.07210925887209883,0.0,0.1682549373682306,0.0050150451354062184,,0.0003178639542275906,0.019071837253655435,0.4807283924806589
2016-05-03,0.0,0.0,0.0,0,0,False,0.0,0.0,0.0,0.0,0.0,0.0,0.0,100.0,100.0,Inactive,0.0,0,0.0,0.0,0.0,0.0,0.07210925887209883,0.0,0.1682549373682306,0.0050150451354062184,,0.0003178639542275906,0.019071837253655435,0.4807283924806589
2016-05-04,0.0,0.0,0.0,0,0,False,0.0,0.0,0.0,0.0,0.0,0.0,0.0,100.0,100.0,Inactive,0.0,0,0.0,0.0,0.0,0.0,0.07210925887209883,0.0,0.1682549373682306,0.0050150451354062184,,0.0003178639542275906,0.019071837253655435,0.4807283924806589
2016-05-05,0.0,0.0,0.0,0,0,False,0.0,0.0,0.0,0.0,0.0,0.0,0.0,100.0,100.0,Inactive,0.0,0,0.0,0.0,0.0,0.0,0.07210925887209883,0.0,0.1682549373682306,0.0050150451354062184,,0.0003178639542275906,0.019071837253655435,0.4807283924806589
2016-05-06,0.0,0.0,0.0,0,0,False,0.0,0.0,0.0,0.0,0.0,0.0,0.0,100.0,100.0,Inactive,0.0,0,0.0,0.0,0.0,0.0,0.07210925887209883,0.0,0.1682549373682306,0.0050150451354062184,,0.0003178639542275906,0.019071837253655435,0.4807283924806589
2016-05-07,0.0,0.0,0.0,0,0,False,0.0,0.0,0.0,0.0,0.0,0.0,0.0,100.0,100.0,Inactive,0.0,0,0.0,0.0,0.0,0.0,0.07210925887209883,0.0,0.1682549373682306,0.0050150451354062184,,0.0003178639542275906,0.019071837253655435,0.4807283924806589
2016-05-08,0.0,0.0,0.0,0,0,False,0.0,0.0,0.0,0.0,0.0,0.0,0.0,100.0,100.0,Inactive,0.0,0,0.0,0.0,0.0,0.0,0.07210925887209883,0.0,0.1682549373682306,0.0050150451354062184,,0.0003178639542275906,0.019071837253655435,0.4807283924806589
2016-05-09,0.0,0.0,0.0,0,0,False,0.0,0.0,0.0,0.0,0.0,0.0,0.0,100.0,100.0,Inactive,0.0,0,0.0,0.0,0.0,0.0,0.07210925887209883,0.0,0.1682549373682306,0.0050150451354062184,,0.0003178639542275906,0.019071837253655435,0.4807283924806589
2016-05-10,0.0,0.0,0.0,0,0,False,0.0,0.0,0.0,0.0,0.0,0.0,0.0,100.0,100.0,Inactive,0.0,0,0.0,0.0,0.0,0.0,0.07210925887209883,0.0,0.1682549373682306,0.0050150451354062184,,0.0003178639542275906,0.019071837253655435,0.4807283924806589
2016-05-11,0.0,0.0,0.0,0,0,False,0.0,0.0,0.0,0.0,0.0,0.0,0.0,100.0,100.0,Inactive,0.0,0,0.0,0.0,0.0,0.0,0.07210925887209883,0.0,0.1682549373682306,0.0050150451354062184,,0.0003178639542275906,0.019071837253655435,0.4807283924806589
2016-05-12,0.0,0.0,0.0,0,0,False,0.0,0.0,0.0,0.0,0.0,0.0,0.0,100.0,100.0,Inactive,0.0,0,0.0,0.0,0.0,0.0,0.07210925887209883,0.0,0.1682549373682306,0.0050150451354062184,,0.0003178639542275906,0.019071837253655435,0.4807283924806589
2016-05-13,0.0,0.0,0.0,0,0,False,0.0,0.0,0.0,0.0,0.0,0.0,0.0,100.0,100.0,Inactive,0.0,0,0.0,0.0,0.0,0.0,0.07210925887209883,0.0,0.1682549373682306,0.0050150451354062184,,0.0003178639542275906,0.019071837253655435,0.4807283924806589
2016-05-14,0.0,0.0,0.0,0,0,False,0.0,0.0,0.0,0.0,0.0,0.0,0.0,100.0,100.0,Inactive,0.0,0,0.0,0.0,0.0,0.0,0.07210925887209883,0.0,0.1682549373682306,0.0050150451354062184,,0.0003178639542275906,0.019071837253655435,0.4807283924806589
2016-05-15,0.0,0.0,0.0,0,0,False,0.0,0.0,0.0,0.0,0.0,0.0,0.0,100.0,100.0,Inactive,0.0,0,0.0,0.0,0.0,0.0,0.07210925887209883,0.0,0.1682549373682306,0.0050150451354062184,,0.0003178639542275906,0.019071837253655435,0.4807283924806589
2016-05-16,0.0,0.0,0.0,0,0,False,0.0,0.0,0.0,0.0,0.0,0.0,0.0,100.0,100.0,Inactive,0.0,0,0.0,0.0,0.0,0.0,0.07210925887209883,0.0,0.1682549373682306,0.0050150451354062184,,0.0003178639542275906,0.019071837253655435,0.4807283924806589
2016-05-17,0.0,0.0,0.0,0,0,False,0.0,0.0,0.0,0.0,0.0,0.0,0.0,100.0,100.0,Inactive,0.0,0,0.0,0.0,0.0,0.0,0.07210925887209883,0.0,0.1682549373682306,0.0050150451354062184,,0.0003178639542275906,0.019071837253655435,0.4807283924806589
2016-05-18,0.0,0.0,0.0,0,0,False,0.0,0.0,0.0,0.0,0.0,0.0,0.0,100.0,100.0,Inactive,0.0,0,0.0,0.0,0.0,0.0,0.07210925887209883,0.0,0.1682549373682306,0.0050150451354062184,,0.0003178639542275906,0.019071837253655435,0.4807283924806589
2016-05-19,0.0,0.0,0.0,0,0,False,0.0,0.0,0.0,0.0,0.0,0.0,0.0,100.0,100.0,Inactive,0.0,0,0.0,0.0,0.0,0.0,0.07210925887209883,0.0,0.1682549373682306,0.0050150451354062184,,0.0003178639542275906,0.019071837253655435,0.4807283924806589
2016-05-20,0.0,0.0,0.0,0,0,False,0.0,0.0,0.0,0.0,0.0,0.0,0.0,100.0,100.0,Inactive,0.0,0,0.0,0.0,0.0,0.0,0.07210925887209883,0.0,0.1682549373682306,0.0050150451354062184,,0.0003178639542275906,0.019071837253655435,0.4807283924806589
2016-05-21,0.0,0.0,0.0,0,0,False,0.0,0.0,0.0,0.0,0.0,0.0,0.0,100.0,100.0,Inactive,0.0,0,0.0,0.0,0.0,0.0,0.07210925887209883,0.0,0.1682549373682306,0.0050150451354062184,,0.0003178639542275906,0.019071837253655435,0.4807283924806589
2016-05-22,0.0,0.0,0.0,0,0,False,0.0,0.0,0.0,0.0,0.0,0.0,0.0,100.0,100.0,Inactive,0.0,0,0.0,0.0,0.0,0.0,0.07210925887209883,0.0,0.1682549373682306,0.0050150451354062184,,0.0003178639542275906,0.019071837253655435,0.4807283924806589
2016-05-23,0.0,0.0,0.0,0,0,False,0.0,0.0,0.0,0.0,0.0,0.0,0.0,100.0,100.0,Inactive,0.0,0,0.0,0.0,0.0,0.0,0.07210925887209883,0.0,0.1682549373682306,0.0050150451354062184,,0.0003178639542275906,0.019071837253655435,0.4807283924806589
2016-05-24,0.0,0.0,0.0,0,0,False,0.0,0.0,0.0,0.0,0.0,0.0,0.0,100.0,100.0,Inactive,0.0,0,0.0,0.0,0.0,0.0,0.07210925887209883,0.0,0.1682549373682306,0.0050150451354062184,,0.0003178639542275906,0.019071837253655435,0.4807283924806589
2016-05-25,0.0,0.0,0.0,0,0,False,0.0,0.0,0.0,0.0,0.0,0.0,0.0,100.0,100.0,Inactive,0.0,0,0.0,0.0,0.0,0.0,0.07210925887209883,0.0,0.1682549373682306,0.0050150451354062184,,0.0003178639542275906,0.019071837253655435,0.4807283924806589
2016-05-26,0.0,0.0,0.0,0,0,False,0.0,0.0,0.0,0.0,0.0,0.0,0.0,100.0,100.0,Inactive,0.0,0,0.0,0.0,0.0,0.0,0.07210925887209883,0.0,0.1682549373682306,0.0050150451354062184,,0.0003178639542275906,0.019071837253655435,0.4807283924806589
2016-05-27,0.0,0.0,0.0,0,0,False,0.0,0.0,0.0,0.0,0.0,0.0,0.0,100.0,100.0,Inactive,0.0,0,0.0,0.0,0.0,0.0,0.07210925887209883,0.0,0.1682549373682306,0.0050150451354062184,,0.0003178639542275906,0.019071837253655435,0.4807283924806589
2016-05-28,0.0,0.0,0.0,0,0,False,0.0,0.0,0.0,0.0,0.0,0.0,0.0,100.0,100.0,Inactive,0.0,0,0.0,0.0,0.0,0.0,0.07210925887209883,0.0,0.1682549373682306,0.0050150451354062184,,0.0003178639542275906,0.019071837253655435,0.4807283924806589
2016-05-29,0.0,0.0,0.0,0,0,False,0.0,0.0,0.0,0.0,0.0,0.0,0.0,100.0,100.0,Inactive,0.0,0,0.0,0.0,0.0,0.0,0.07210925887209883,0.0,0.1682549373682306,0.0050150451354062184,,0.0003178639542275906,0.019071837253655435,0.4807283924806589
2016-05-30,0.0,0.0,0.0,0,0,False,0.0,0.0,0.0,0.0,0.0,0.0,0.0,100.0,100.0,Inactive,0.0,0,0.0,0.0,0.0,0.0,0.07210925887209883,0.0,0.1682549373682306,0.0050150451354062184,,0.0003178639542275906,0.019071837253655435,0.4807283924806589
2016-05-31,0.0,0.0,0.0,0,0,False,0.0,0.0,0.0,0.0,0.0,0.0,0.0,100.0,100.0,Inactive,0.0,0,0.0,0.0,0.0,0.0,0.07210925887209883,0.0,0.1682549373682306,0.0050150451354062184,,0.0003178639542275906,0.019071837253655435,0.4807283924806589
2016-06-01,0.0,0.0,0.0,0,0,False,0.0,0.0,0.0,0.0,0.0,0.0,0.0,100.0,100.0,Inactive,0.0,0,0.0,0.0,0.0,0.0,0.07210925887209883,0.0,0.1682549373682306,0.0050150451354062184,,0.0003178639542275906,0.019071837253655435,0.4807283924806589
2016-06-02,0.0,0.0,0.0,0,0,False,0.0,0.0,0.0,0.0,0.0,0.0,0.0,100.0,100.0,Inactive,0.0,0,0.0,0.0,0.0,0.0,0.07210925887209883,0.0,0.1682549373682306,0.0050150451354062184,,0.0003178639542275906,0.019071837253655435,0.4807283924806589
2016-06-03,0.0,0.0,0.0,0,0,False,0.0,0.0,0.0,0.0,0.0,0.0,0.0,100.0,100.0,Inactive,0.0,0,0.0,0.0,0.0,0.0,0.07210925887209883,0.0,0.1682549373682306,0.0050150451354062184,,0.0003178639542275906,0.019071837253655435,0.4807283924806589
2016-06-04,0.0,0.0,0.0,0,0,False,0.0,0.0,0.0,0.0,0.0,0.0,0.0,100.0,100.0,Inactive,0.0,0,0.0,0.0,0.0,0.0,0.07210925887209883,0.0,0.1682549373682306,0.0050150451354062184,,0.0003178639542275906,0.019071837253655435,0.4807283924806589
2016-06-05,0.0,0.0,0.0,0,0,False,0.0,0.0,0.0,0.0,0.0,0.0,0.0,100.0,100.0,Inactive,0.0,0,0.0,0.0,0.0,0.0,0.07210925887209883,0.0,0.1682549373682306,0.0050150451354062184,,0.0003178639542275906,0.019071837253655435,0.4807283924806589
2016-06-06,0.0,0.0,0.0,0,0,False,0.0,0.0,0.0,0.0,0.0,0.0,0.0,100.0,100.0,Inactive,0.0,0,0.0,0.0,0.0,0.0,0.07210925887209883,0.0,0.1682549373682306,0.0050150451354062184,,0.0003178639542275906,0.019071837253655435,0.4807283924806589
2016-06-07,0.0,0.0,0.0,0,0,False,0.0,0.0,0.0,0.0,0.0,0.0,0.0,100.0,100.0,Inactive,0.0,0,0.0,0.0,0.0,0.0,0.07210925887209883,0.0,0.1682549373682306,0.0050150451354062184,,0.0003178639542275906,0.019071837253655435,0.4807283924806589
2016-06-08,0.0,0.0,0.0,0,0,False,0.0,0.0,0.0,0.0,0.0,0.0,0.0,100.0,100.0,Inactive,0.0,0,0.0,0.0,0.0,0.0,0.07210925887209883,0.0,0.1682549373682306,0.0050150451354062184,,0.0003178639542275906,0.019071837253655435,0.4807283924806589
2016-06-09,0.0,0.0,0.0,0,0,False,0.0,0.0,0.0,0.0,0.0,0.0,0.0,100.0,100.0,Inactive,0.0,0,0.0,0.0,0.0,0.0,0.07210925887209883,0.0,0.1682549373682306,0.0050150451354062184,,0.0003178639542275906,0.019071837253655435,0.4807283924806589
2016-06-10,0.0,0.0,0.0,0,0,False,0.0,0.0,0.0,0.0,0.0,0.0,0.0,100.0,100.0,Inactive,0.0,0,0.0,0.0,0.0,0.0,0.07210925887209883,0.0,0.1682549373682306,0.0050150451354062184,,0.0003178639542275906,0.019071837253655435,0.4807283924806589
2016-06-11,0.0,0.0,0.0,0,0,False,0.0,0.0,0.0,0.0,0.0,0.0,0.0,100.0,100.0,Inactive,0.0,0,0.0,0.0,0.0,0.0,0.07210925887209883,0.0,0.1682549373682306,0.0050150451354062184,,0.0003178639542275906,0.019071837253655435,0.4807283924806589
2016-06-12,0.0,0.0,0.0,0,0,False,0.0,0.0,0.0,0.0,0.0,0.0,0.0,100.0,100.0,Inactive,0.0,0,0.0,0.0,0.0,0.0,0.07210925887209883,0.0,0.1682549373682306,0.0050150451354062184,,0.0003178639542275906,0.019071837253655435,0.4807283924806589
2016-06-13,0.0,0.0,0.0,0,0,False,0.0,0.0,0.0,0.0,0.0,0.0,0.0,100.0,100.0,Inactive,0.0,0,0.0,0.0,0.0,0.0,0.07210925887209883,0.0,0.1682549373682306,0.0050150451354062184,,0.0003178639542275906,0.019071837253655435,0.4807283924806589
2016-06-14,0.0,0.0,0.0,0,0,False,0.0,0.0,0.0,0.0,0.0,0.0,0.0,100.0,100.0,Inactive,0.0,0,0.0,0.0,0.0,0.0,0.07210925887209883,0.0,0.1682549373682306,0.0050150451354062184,,0.0003178639542275906,0.019071837253655435,0.4807283924806589
2016-06-15,0.0,0.0,0.0,0,0,False,0.0,0.0,0.0,0.0,0.0,0.0,0.0,100.0,100.0,Inactive,0.0,0,0.0,0.0,0.0,0.0,0.07210925887209883,0.0,0.1682549373682306,0.0050150451354062184,,0.0003178639542275906,0.019071837253655435,0.4807283924806589
2016-06-16,0.0,0.0,0.0,0,0,False,0.0,0.0,0.0,0.0,0.0,0.0,0.0,100.0,100.0,Inactive,0.0,0,0.0,0.0,0.0,0.0,0.07210925887209883,0.0,0.1682549373682306,0.0050150451354062184,,0.0003178639542275906,0.019071837253655435,0.4807283924806589
2016-06-17,0.0,0.0,0.0,0,0,False,0.0,0.0,0.0,0.0,0.0,0.0,0.0,100.0,100.0,Inactive,0.0,0,0.0,0.0,0.0,0.0,0.07210925887209883,0.0,0.1682549373682306,0.0050150451354062184,,0.0003178639542275906,0.019071837253655435,0.4807283924806589
2016-06-18,0.0,0.0,0.0,0,0,False,0.0,0.0,0.0,0.0,0.0,0.0,0.0,100.0,100.0,Inactive,0.0,0,0.0,0.0,0.0,0.0,0.07210925887209883,0.0,0.1682549373682306,0.0050150451354062184,,0.0003178639542275906,0.019071837253655435,0.4807283924806589
2016-06-19,0.0,0.0,0.0,0,0,False,0.0,0.0,0.0,0.0,0.0,0.0,0.0,100.0,100.0,Inactive,0.0,0,0.0,0.0,0.0,0.0,0.07210925887209883,0.0,0.1682549373682306,0.0050150451354062184,,0.0003178639542275906,0.019071837253655435,0.4807283924806589
2016-06-20,0.0,0.0,0.0,0,0,False,0.0,0.0,0.0,0.0,0.0,0.0,0.0,100.0,100.0,Inactive,0.0,0,0.0,0.0,0.0,0.0,0.07210925887209883,0.0,0.1682549373682306,0.0050150451354062184,,0.0003178639542275906,0.019071837253655435,0.4807283924806589
2016-06-21,0.0,0.0,0.0,0,0,False,0.0,0.0,0.0,0.0,0.0,0.0,0.0,100.0,100.0,Inactive,0.0,0,0.0,0.0,0.0,0.0,0.07210925887209883,0.0,0.1682549373682306,0.0050150451354062184,,0.0003178639542275906,0.019071837253655435,0.4807283924806589
2016-06-22,0.0,0.0,0.0,0,0,False,0.0,0.0,0.0,0.0,0.0,0.0,0.0,100.0,100.0,Inactive,0.0,0,0.0,0.0,0.0,0.0,0.07210925887209883,0.0,0.1682549373682306,0.0050150451354062184,,0.0003178639542275906,0.019071837253655435,0.4807283924806589
2016-06-23,0.0,0.0,0.0,0,0,False,0.0,0.0,0.0,0.0,0.0,0.0,0.0,100.0,100.0,Inactive,0.0,0,0.0,0.0,0.0,0.0,0.07210925887209883,0.0,0.1682549373682306,0.0050150451354062184,,0.0003178639542275906,0.019071837253655435,0.4807283924806589
2016-06-24,0.0,0.0,0.0,0,0,False,0.0,0.0,0.0,0.0,0.0,0.0,0.0,100.0,100.0,Inactive,0.0,0,0.0,0.0,0.0,0.0,0.07210925887209883,0.0,0.1682549373682306,0.0050150451354062184,,0.0003178639542275906,0.019071837253655435,0.4807283924806589
2016-06-25,0.0,0.0,0.0,0,0,False,0.0,0.0,0.0,0.0,0.0,0.0,0.0,100.0,100.0,Inactive,0.0,0,0.0,0.0,0.0,0.0,0.07210925887209883,0.0,0.1682549373682306,0.0050150451354062184,,0.0003178639542275906,0.019071837253655435,0.4807283924806589
2016-06-26,0.0,0.0,0.0,0,0,False,0.0,0.0,0.0,0.0,0.0,0.0,0.0,100.0,100.0,Inactive,0.0,0,0.0,0.0,0.0,0.0,0.07210925887209883,0.0,0.1682549373682306,0.0050150451354062184,,0.0003178639542275906,0.019071837253655435,0.4807283924806589
2016-06-27,0.0,0.0,0.0,0,0,False,0.0,0.0,0.0,0.0,0.0,0.0,0.0,100.0,100.0,Inactive,0.0,0,0.0,0.0,0.0,0.0,0.07210925887209883,0.0,0.1682549373682306,0.0050150451354062184,,0.0003178639542275906,0.019071837253655435,0.4807283924806589
2016-06-28,0.0,0.0,0.0,0,0,False,0.0,0.0,0.0,0.0,0.0,0.0,0.0,100.0,100.0,Inactive,0.0,0,0.0,0.0,0.0,0.0,0.07210925887209883,0.0,0.1682549373682306,0.0050150451354062184,,0.0003178639542275906,0.019071837253655435,0.4807283924806589
2016-06-29,0.0,0.0,0.0,0,0,False,0.0,0.0,0.0,0.0,0.0,0.0,0.0,100.0,100.0,Inactive,0.0,0,0.0,0.0,0.0,0.0,0.07210925887209883,0.0,0.1682549373682306,0.0050150451354062184,,0.0003178639542275906,0.019071837253655435,0.4807283924806589
2016-06-30,0.0,0.0,0.0,0,0,False,0.0,0.0,0.0,0.0,0.0,0.0,0.0,100.0,100.0,Inactive,0.0,0,0.0,0.0,0.0,0.0,0.07210925887209883,0.0,0.1682549373682306,0.0050150451354062184,,0.0003178639542275906,0.019071837253655435,0.4807283924806589
2016-07-01,0.0,0.0,0.0,0,0,False,0.0,0.0,0.0,0.0,0.0,0.0,0.0,100.0,100.0,Inactive,0.0,0,0.0,0.0,0.0,0.0,0.07210925887209883,0.0,0.1682549373682306,0.0050150451354062184,,0.0003178639542275906,0.019071837253655435,0.4807283924806589
2016-07-02,0.0,0.0,0.0,0,0,False,0.0,0.0,0.0,0.0,0.0,0.0,0.0,100.0,100.0,Inactive,0.0,0,0.0,0.0,0.0,0.0,0.07210925887209883,0.0,0.1682549373682306,0.0050150451354062184,,0.0003178639542275906,0.019071837253655435,0.4807283924806589
2016-07-03,0.0,0.0,0.0,0,0,False,0.0,0.0,0.0,0.0,0.0,0.0,0.0,100.0,100.0,Inactive,0.0,0,0.0,0.0,0.0,0.0,0.07210925887209883,0.0,0.1682549373682306,0.0050150451354062184,,0.0003178639542275906,0.019071837253655435,0.4807283924806589
2016-07-04,0.0,0.0,0.0,0,0,False,0.0,0.0,0.0,0.0,0.0,0.0,0.0,100.0,100.0,Inactive,0.0,0,0.0,0.0,0.0,0.0,0.07210925887209883,0.0,0.1682549373682306,0.0050150451354062184,,0.0003178639542275906,0.019071837253655435,0.4807283924806589
2016-07-05,0.0,0.0,0.0,0,0,False,0.0,0.0,0.0,0.0,0.0,0.0,0.0,100.0,100.0,Inactive,0.0,0,0.0,0.0,0.0,0.0,0.07210925887209883,0.0,0.1682549373682306,0.0050150451354062184,,0.0003178639542275906,0.019071837253655435,0.4807283924806589
2016-07-06,0.0,0.0,0.0,0,0,False,0.0,0.0,0.0,0.0,0.0,0.0,0.0,100.0,100.0,Inactive,0.0,0,0.0,0.0,0.0,0.0,0.07210925887209883,0.0,0.1682549373682306,0.0050150451354062184,,0.0003178639542275906,0.019071837253655435,0.4807283924806589
2016-07-07,0.0,0.0,0.0,0,0,False,0.0,0.0,0.0,0.0,0.0,0.0,0.0,100.0,100.0,Inactive,0.0,0,0.0,0.0,0.0,0.0,0.07210925887209883,0.0,0.1682549373682306,0.0050150451354062184,,0.0003178639542275906,0.019071837253655435,0.4807283924806589
2016-07-08,0.0,0.0,0.0,0,0,False,0.0,0.0,0.0,0.0,0.0,0.0,0.0,100.0,100.0,Inactive,0.0,0,0.0,0.0,0.0,0.0,0.07210925887209883,0.0,0.1682549373682306,0.0050150451354062184,,0.0003178639542275906,0.019071837253655435,0.4807283924806589
2016-07-09,0.0,0.0,0.0,0,0,False,0.0,0.0,0.0,0.0,0.0,0.0,0.0,100.0,100.0,Inactive,0.0,0,0.0,0.0,0.0,0.0,0.07210925887209883,0.0,0.1682549373682306,0.0050150451354062184,,0.0003178639542275906,0.019071837253655435,0.4807283924806589
2016-07-10,0.0,0.0,0.0,0,0,False,0.0,0.0,0.0,0.0,0.0,0.0,0.0,100.0,100.0,Inactive,0.0,0,0.0,0.0,0.0,0.0,0.07210925887209883,0.0,0.1682549373682306,0.0050150451354062184,,0.0003178639542275906,0.019071837253655435,0.4807283924806589
2016-07-11,0.0,0.0,0.0,0,0,False,0.0,0.0,0.0,0.0,0.0,0.0,0.0,100.0,100.0,Inactive,0.0,0,0.0,0.0,0.0,0.0,0.07210925887209883,0.0,0.1682549373682306,0.0050150451354062184,,0.0003178639542275906,0.019071837253655435,0.4807283924806589
2016-07-12,0.0,0.0,0.0,0,0,False,0.0,0.0,0.0,0.0,0.0,0.0,0.0,100.0,100.0,Inactive,0.0,0,0.0,0.0,0.0,0.0,0.07210925887209883,0.0,0.1682549373682306,0.0050150451354062184,,0.0003178639542275906,0.019071837253655435,0.4807283924806589
2016-07-13,0.0,0.0,0.0,0,0,False,0.0,0.0,0.0,0.0,0.0,0.0,0.0,100.0,100.0,Inactive,0.0,0,0.0,0.0,0.0,0.0,0.07210925887209883,0.0,0.1682549373682306,0.0050150451354062184,,0.0003178639542275906,0.019071837253655435,0.4807283924806589
2016-07-14,0.0,0.0,0.0,0,0,False,0.0,0.0,0.0,0.0,0.0,0.0,0.0,100.0,100.0,Inactive,0.0,0,0.0,0.0,0.0,0.0,0.07210925887209883,0.0,0.1682549373682306,0.0050150451354062184,,0.0003178639542275906,0.019071837253655435,0.4807283924806589
2016-07-15,0.0,0.0,0.0,0,0,False,0.0,0.0,0.0,0.0,0.0,0.0,0.0,100.0,100.0,Inactive,0.0,0,0.0,0.0,0.0,0.0,0.07210925887209883,0.0,0.1682549373682306,0.0050150451354062184,,0.0003178639542275906,0.019071837253655435,0.4807283924806589
2016-07-16,0.0,0.0,0.0,0,0,False,0.0,0.0,0.0,0.0,0.0,0.0,0.0,100.0,100.0,Inactive,0.0,0,0.0,0.0,0.0,0.0,0.07210925887209883,0.0,0.1682549373682306,0.0050150451354062184,,0.0003178639542275906,0.019071837253655435,0.4807283924806589
2016-07-17,0.0,0.0,0.0,0,0,False,0.0,0.0,0.0,0.0,0.0,0.0,0.0,100.0,100.0,Inactive,0.0,0,0.0,0.0,0.0,0.0,0.07210925887209883,0.0,0.1682549373682306,0.0050150451354062184,,0.0003178639542275906,0.019071837253655435,0.4807283924806589
2016-07-18,0.0,0.0,0.0,0,0,False,0.0,0.0,0.0,0.0,0.0,0.0,0.0,100.0,100.0,Inactive,0.0,0,0.0,0.0,0.0,0.0,0.07210925887209883,0.0,0.1682549373682306,0.0050150451354062184,,0.0003178639542275906,0.019071837253655435,0.4807283924806589
2016-07-19,0.0,0.0,0.0,0,0,False,0.0,0.0,0.0,0.0,0.0,0.0,0.0,100.0,100.0,Inactive,0.0,0,0.0,0.0,0.0,0.0,0.07210925887209883,0.0,0.1682549373682306,0.0050150451354062184,,0.0003178639542275906,0.019071837253655435,0.4807283924806589
2016-07-20,0.0,0.0,0.0,0,0,False,0.0,0.0,0.0,0.0,0.0,0.0,0.0,100.0,100.0,Inactive,0.0,0,0.0,0.0,0.0,0.0,0.07210925887209883,0.0,0.1682549373682306,0.0050150451354062184,,0.0003178639542275906,0.019071837253655435,0.4807283924806589
2016-07-21,0.0,0.0,0.0,0,0,False,0.0,0.0,0.0,0.0,0.0,0.0,0.0,100.0,100.0,Inactive,0.0,0,0.0,0.0,0.0,0.0,0.07210925887209883,0.0,0.1682549373682306,0.0050150451354062184,,0.0003178639542275906,0.019071837253655435,0.4807283924806589
2016-07-22,0.0,0.0,0.0,0,0,False,0.0,0.0,0.0,0.0,0.0,0.0,0.0,100.0,100.0,Inactive,0.0,0,0.0,0.0,0.0,0.0,0.07210925887209883,0.0,0.1682549373682306,0.0050150451354062184,,0.0003178639542275906,0.019071837253655435,0.4807283924806589
2016-07-23,0.0,0.0,0.0,0,0,False,0.0,0.0,0.0,0.0,0.0,0.0,0.0,100.0,100.0,Inactive,0.0,0,0.0,0.0,0.0,0.0,0.07210925887209883,0.0,0.1682549373682306,0.0050150451354062184,,0.0003178639542275906,0.019071837253655435,0.4807283924806589
2016-07-24,0.0,0.0,0.0,0,0,False,0.0,0.0,0.0,0.0,0.0,0.0,0.0,100.0,100.0,Inactive,0.0,0,0.0,0.0,0.0,0.0,0.07210925887209883,0.0,0.1682549373682306,0.0050150451354062184,,0.0003178639542275906,0.019071837253655435,0.4807283924806589
2016-07-25,0.0,0.0,0.0,0,0,False,0.0,0.0,0.0,0.0,0.0,0.0,0.0,100.0,100.0,Inactive,0.0,0,0.0,0.0,0.0,0.0,0.07210925887209883,0.0,0.1682549373682306,0.0050150451354062184,,0.0003178639542275906,0.019071837253655435,0.4807283924806589
2016-07-26,0.0,0.0,0.0,0,0,False,0.0,0.0,0.0,0.0,0.0,0.0,0.0,100.0,100.0,Inactive,0.0,0,0.0,0.0,0.0,0.0,0.07210925887209883,0.0,0.1682549373682306,0.0050150451354062184,,0.0003178639542275906,0.019071837253655435,0.4807283924806589
2016-07-27,0.0,0.0,0.0,0,0,False,0.0,0.0,0.0,0.0,0.0,0.0,0.0,100.0,100.0,Inactive,0.0,0,0.0,0.0,0.0,0.0,0.07210925887209883,0.0,0.1682549373682306,0.0050150451354062184,,0.0003178639542275906,0.019071837253655435,0.4807283924806589
2016-07-28,0.0,0.0,0.0,0,0,False,0.0,0.0,0.0,0.0,0.0,0.0,0.0,100.0,100.0,Inactive,0.0,0,0.0,0.0,0.0,0.0,0.07210925887209883,0.0,0.1682549373682306,0.0050150451354062184,,0.0003178639542275906,0.019071837253655435,0.4807283924806589
2016-07-29,0.0,0.0,0.0,0,0,False,0.0,0.0,0.0,0.0,0.0,0.0,0.0,100.0,100.0,Inactive,0.0,0,0.0,0.0,0.0,0.0,0.07210925887209883,0.0,0.1682549373682306,0.0050150451354062184,,0.0003178639542275906,0.019071837253655435,0.4807283924806589
2016-07-30,0.0,0.0,0.0,0,0,False,0.0,0.0,0.0,0.0,0.0,0.0,0.0,100.0,100.0,Inactive,0.0,0,0.0,0.0,0.0,0.0,0.07210925887209883,0.0,0.1682549373682306,0.0050150451354062184,,0.0003178639542275906,0.019071837253655435,0.4807283924806589
2016-07-31,0.0,0.0,0.0,0,0,False,0.0,0.0,0.0,0.0,0.0,0.0,0.0,100.0,100.0,Inactive,0.0,0,0.0,0.0,0.0,0.0,0.07210925887209883,0.0,0.1682549373682306,0.0050150451354062184,,0.0003178639542275906,0.019071837253655435,0.4807283924806589
2016-08-01,0.0,0.0,0.0,0,0,False,0.0,0.0,0.0,0.0,0.0,0.0,0.0,100.0,100.0,Inactive,0.0,0,0.0,0.0,0.0,0.0,0.07210925887209883,0.0,0.1682549373682306,0.0050150451354062184,,0.0003178639542275906,0.019071837253655435,0.4807283924806589
2016-08-02,0.0,0.0,0.0,0,0,False,0.0,0.0,0.0,0.0,0.0,0.0,0.0,100.0,100.0,Inactive,0.0,0,0.0,0.0,0.0,0.0,0.07210925887209883,0.0,0.1682549373682306,0.0050150451354062184,,0.0003178639542275906,0.019071837253655435,0.4807283924806589
2016-08-03,0.0,0.0,0.0,0,0,False,0.0,0.0,0.0,0.0,0.0,0.0,0.0,100.0,100.0,Inactive,0.0,0,0.0,0.0,0.0,0.0,0.07210925887209883,0.0,0.1682549373682306,0.0050150451354062184,,0.0003178639542275906,0.019071837253655435,0.4807283924806589
2016-08-04,0.0,0.0,0.0,0,0,False,0.0,0.0,0.0,0.0,0.0,0.0,0.0,100.0,100.0,Inactive,0.0,0,0.0,0.0,0.0,0.0,0.07210925887209883,0.0,0.1682549373682306,0.0050150451354062184,,0.0003178639542275906,0.019071837253655435,0.4807283924806589
2016-08-05,0.0,0.0,0.0,0,0,False,0.0,0.0,0.0,0.0,0.0,0.0,0.0,100.0,100.0,Inactive,0.0,0,0.0,0.0,0.0,0.0,0.07210925887209883,0.0,0.1682549373682306,0.0050150451354062184,,0.0003178639542275906,0.019071837253655435,0.4807283924806589
2016-08-06,0.0,0.0,0.0,0,0,False,0.0,0.0,0.0,0.0,0.0,0.0,0.0,100.0,100.0,Inactive,0.0,0,0.0,0.0,0.0,0.0,0.07210925887209883,0.0,0.1682549373682306,0.0050150451354062184,,0.0003178639542275906,0.019071837253655435,0.4807283924806589
2016-08-07,0.0,0.0,0.0,0,0,False,0.0,0.0,0.0,0.0,0.0,0.0,0.0,100.0,100.0,Inactive,0.0,0,0.0,0.0,0.0,0.0,0.07210925887209883,0.0,0.1682549373682306,0.0050150451354062184,,0.0003178639542275906,0.019071837253655435,0.4807283924806589
2016-08-08,0.0,0.0,0.0,0,0,False,0.0,0.0,0.0,0.0,0.0,0.0,0.0,100.0,100.0,Inactive,0.0,0,0.0,0.0,0.0,0.0,0.07210925887209883,0.0,0.1682549373682306,0.0050150451354062184,,0.0003178639542275906,0.019071837253655435,0.4807283924806589
2016-08-09,0.0,0.0,0.0,0,0,False,0.0,0.0,0.0,0.0,0.0,0.0,0.0,100.0,100.0,Inactive,0.0,0,0.0,0.0,0.0,0.0,0.07210925887209883,0.0,0.1682549373682306,0.0050150451354062184,,0.0003178639542275906,0.019071837253655435,0.4807283924806589
2016-08-10,0.0,0.0,0.0,0,0,False,0.0,0.0,0.0,0.0,0.0,0.0,0.0,100.0,100.0,Inactive,0.0,0,0.0,0.0,0.0,0.0,0.07210925887209883,0.0,0.1682549373682306,0.0050150451354062184,,0.0003178639542275906,0.019071837253655435,0.4807283924806589
2016-08-11,0.0,0.0,0.0,0,0,False,0.0,0.0,0.0,0.0,0.0,0.0,0.0,100.0,100.0,Inactive,0.0,0,0.0,0.0,0.0,0.0,0.07210925887209883,0.0,0.1682549373682306,0.0050150451354062184,,0.0003178639542275906,0.019071837253655435,0.4807283924806589
2016-08-12,0.0,0.0,0.0,0,0,False,0.0,0.0,0.0,0.0,0.0,0.0,0.0,100.0,100.0,Inactive,0.0,0,0.0,0.0,0.0,0.0,0.07210925887209883,0.0,0.1682549373682306,0.0050150451354062184,,0.0003178639542275906,0.019071837253655435,0.4807283924806589
2016-08-13,0.0,0.0,0.0,0,0,False,0.0,0.0,0.0,0.0,0.0,0.0,0.0,100.0,100.0,Inactive,0.0,0,0.0,0.0,0.0,0.0,0.07210925887209883,0.0,0.1682549373682306,0.0050150451354062184,,0.0003178639542275906,0.019071837253655435,0.4807283924806589
2016-08-14,0.0,0.0,0.0,0,0,False,0.0,0.0,0.0,0.0,0.0,0.0,0.0,100.0,100.0,Inactive,0.0,0,0.0,0.0,0.0,0.0,0.07210925887209883,0.0,0.1682549373682306,0.0050150451354062184,,0.0003178639542275906,0.019071837253655435,0.4807283924806589
2016-08-15,0.0,0.0,0.0,0,0,False,0.0,0.0,0.0,0.0,0.0,0.0,0.0,100.0,100.0,Inactive,0.0,0,0.0,0.0,0.0,0.0,0.07210925887209883,0.0,0.1682549373682306,0.0050150451354062184,,0.0003178639542275906,0.019071837253655435,0.4807283924806589
2016-08-16,0.0,0.0,0.0,0,0,False,0.0,0.0,0.0,0.0,0.0,0.0,0.0,100.0,100.0,Inactive,0.0,0,0.0,0.0,0.0,0.0,0.07210925887209883,0.0,0.1682549373682306,0.0050150451354062184,,0.0003178639542275906,0.019071837253655435,0.4807283924806589
2016-08-17,0.0,0.0,0.0,0,0,False,0.0,0.0,0.0,0.0,0.0,0.0,0.0,100.0,100.0,Inactive,0.0,0,0.0,0.0,0.0,0.0,0.07210925887209883,0.0,0.1682549373682306,0.0050150451354062184,,0.0003178639542275906,0.019071837253655435,0.4807283924806589
2016-08-18,0.0,0.0,0.0,0,0,False,0.0,0.0,0.0,0.0,0.0,0.0,0.0,100.0,100.0,Inactive,0.0,0,0.0,0.0,0.0,0.0,0.07210925887209883,0.0,0.1682549373682306,0.0050150451354062184,,0.0003178639542275906,0.019071837253655435,0.4807283924806589
2016-08-19,0.0,0.0,0.0,0,0,False,0.0,0.0,0.0,0.0,0.0,0.0,0.0,100.0,100.0,Inactive,0.0,0,0.0,0.0,0.0,0.0,0.07210925887209883,0.0,0.1682549373682306,0.0050150451354062184,,0.0003178639542275906,0.019071837253655435,0.4807283924806589
2016-08-20,0.0,0.0,0.0,0,0,False,0.0,0.0,0.0,0.0,0.0,0.0,0.0,100.0,100.0,Inactive,0.0,0,0.0,0.0,0.0,0.0,0.07210925887209883,0.0,0.1682549373682306,0.0050150451354062184,,0.0003178639542275906,0.019071837253655435,0.4807283924806589
2016-08-21,0.0,0.0,0.0,0,0,False,0.0,0.0,0.0,0.0,0.0,0.0,0.0,100.0,100.0,Inactive,0.0,0,0.0,0.0,0.0,0.0,0.07210925887209883,0.0,0.1682549373682306,0.0050150451354062184,,0.0003178639542275906,0.019071837253655435,0.4807283924806589
2016-08-22,0.0,0.0,0.0,0,0,False,0.0,0.0,0.0,0.0,0.0,0.0,0.0,100.0,100.0,Inactive,0.0,0,0.0,0.0,0.0,0.0,0.07210925887209883,0.0,0.1682549373682306,0.0050150451354062184,,0.0003178639542275906,0.019071837253655435,0.4807283924806589
2016-08-23,0.0,0.0,0.0,0,0,False,0.0,0.0,0.0,0.0,0.0,0.0,0.0,100.0,100.0,Inactive,0.0,0,0.0,0.0,0.0,0.0,0.07210925887209883,0.0,0.1682549373682306,0.0050150451354062184,,0.0003178639542275906,0.019071837253655435,0.4807283924806589
2016-08-24,0.0,0.0,0.0,0,0,False,0.0,0.0,0.0,0.0,0.0,0.0,0.0,100.0,100.0,Inactive,0.0,0,0.0,0.0,0.0,0.0,0.07210925887209883,0.0,0.1682549373682306,0.0050150451354062184,,0.0003178639542275906,0.019071837253655435,0.4807283924806589
2016-08-25,0.0,0.0,0.0,0,0,False,0.0,0.0,0.0,0.0,0.0,0.0,0.0,100.0,100.0,Inactive,0.0,0,0.0,0.0,0.0,0.0,0.07210925887209883,0.0,0.1682549373682306,0.0050150451354062184,,0.0003178639542275906,0.019071837253655435,0.4807283924806589
2016-08-26,0.0,0.0,0.0,0,0,False,0.0,0.0,0.0,0.0,0.0,0.0,0.0,100.0,100.0,Inactive,0.0,0,0.0,0.0,0.0,0.0,0.07210925887209883,0.0,0.1682549373682306,0.0050150451354062184,,0.0003178639542275906,0.019071837253655435,0.4807283924806589
2016-08-27,0.0,0.0,0.0,0,0,False,0.0,0.0,0.0,0.0,0.0,0.0,0.0,100.0,100.0,Inactive,0.0,0,0.0,0.0,0.0,0.0,0.07210925887209883,0.0,0.1682549373682306,0.0050150451354062184,,0.0003178639542275906,0.019071837253655435,0.4807283924806589
2016-08-28,0.0,0.0,0.0,0,0,False,0.0,0.0,0.0,0.0,0.0,0.0,0.0,100.0,100.0,Inactive,0.0,0,0.0,0.0,0.0,0.0,0.07210925887209883,0.0,0.1682549373682306,0.0050150451354062184,,0.0003178639542275906,0.019071837253655435,0.4807283924806589
2016-08-29,0.0,0.0,0.0,0,0,False,0.0,0.0,0.0,0.0,0.0,0.0,0.0,100.0,100.0,Inactive,0.0,0,0.0,0.0,0.0,0.0,0.07210925887209883,0.0,0.1682549373682306,0.0050150451354062184,,0.0003178639542275906,0.019071837253655435,0.4807283924806589
2016-08-30,0.0,0.0,0.0,0,0,False,0.0,0.0,0.0,0.0,0.0,0.0,0.0,100.0,100.0,Inactive,0.0,0,0.0,0.0,0.0,0.0,0.07210925887209883,0.0,0.1682549373682306,0.0050150451354062184,,0.0003178639542275906,0.019071837253655435,0.4807283924806589
2016-08-31,0.0,0.0,0.0,0,0,False,0.0,0.0,0.0,0.0,0.0,0.0,0.0,100.0,100.0,Inactive,0.0,0,0.0,0.0,0.0,0.0,0.07210925887209883,0.0,0.1682549373682306,0.0050150451354062184,,0.0003178639542275906,0.019071837253655435,0.4807283924806589
2016-09-01,0.0,0.0,0.0,0,0,False,0.0,0.0,0.0,0.0,0.0,0.0,0.0,100.0,100.0,Inactive,0.0,0,0.0,0.0,0.0,0.0,0.07210925887209883,0.0,0.1682549373682306,0.0050150451354062184,,0.0003178639542275906,0.019071837253655435,0.4807283924806589
2016-09-02,0.0,0.0,0.0,0,0,False,0.0,0.0,0.0,0.0,0.0,0.0,0.0,100.0,100.0,Inactive,0.0,0,0.0,0.0,0.0,0.0,0.07210925887209883,0.0,0.1682549373682306,0.0050150451354062184,,0.0003178639542275906,0.019071837253655435,0.4807283924806589
2016-09-03,0.0,0.0,0.0,0,0,False,0.0,0.0,0.0,0.0,0.0,0.0,0.0,100.0,100.0,Inactive,0.0,0,0.0,0.0,0.0,0.0,0.07210925887209883,0.0,0.1682549373682306,0.0050150451354062184,,0.0003178639542275906,0.019071837253655435,0.4807283924806589
2016-09-04,0.0,0.0,0.0,0,0,False,0.0,0.0,0.0,0.0,0.0,0.0,0.0,100.0,100.0,Inactive,0.0,0,0.0,0.0,0.0,0.0,0.07210925887209883,0.0,0.1682549373682306,0.0050150451354062184,,0.0003178639542275906,0.019071837253655435,0.4807283924806589
2016-09-05,0.0,0.0,0.0,0,0,False,0.0,0.0,0.0,0.0,0.0,0.0,0.0,100.0,100.0,Inactive,0.0,0,0.0,0.0,0.0,0.0,0.07210925887209883,0.0,0.1682549373682306,0.0050150451354062184,,0.0003178639542275906,0.019071837253655435,0.4807283924806589
2016-09-06,0.0,0.0,0.0,0,0,False,0.0,0.0,0.0,0.0,0.0,0.0,0.0,100.0,100.0,Inactive,0.0,0,0.0,0.0,0.0,0.0,0.07210925887209883,0.0,0.1682549373682306,0.0050150451354062184,,0.0003178639542275906,0.019071837253655435,0.4807283924806589
2016-09-07,0.0,0.0,0.0,0,0,False,0.0,0.0,0.0,0.0,0.0,0.0,0.0,100.0,100.0,Inactive,0.0,0,0.0,0.0,0.0,0.0,0.07210925887209883,0.0,0.1682549373682306,0.0050150451354062184,,0.0003178639542275906,0.019071837253655435,0.4807283924806589
2016-09-08,0.0,0.0,0.0,0,0,False,0.0,0.0,0.0,0.0,0.0,0.0,0.0,100.0,100.0,Inactive,0.0,0,0.0,0.0,0.0,0.0,0.07210925887209883,0.0,0.1682549373682306,0.0050150451354062184,,0.0003178639542275906,0.019071837253655435,0.4807283924806589
2016-09-09,0.0,0.0,0.0,0,0,False,0.0,0.0,0.0,0.0,0.0,0.0,0.0,100.0,100.0,Inactive,0.0,0,0.0,0.0,0.0,0.0,0.07210925887209883,0.0,0.1682549373682306,0.0050150451354062184,,0.0003178639542275906,0.019071837253655435,0.4807283924806589
2016-09-10,0.0,0.0,0.0,0,0,False,0.0,0.0,0.0,0.0,0.0,0.0,0.0,100.0,100.0,Inactive,0.0,0,0.0,0.0,0.0,0.0,0.07210925887209883,0.0,0.1682549373682306,0.0050150451354062184,,0.0003178639542275906,0.019071837253655435,0.4807283924806589
2016-09-11,0.0,0.0,0.0,0,0,False,0.0,0.0,0.0,0.0,0.0,0.0,0.0,100.0,100.0,Inactive,0.0,0,0.0,0.0,0.0,0.0,0.07210925887209883,0.0,0.1682549373682306,0.0050150451354062184,,0.0003178639542275906,0.019071837253655435,0.4807283924806589
2016-09-12,0.0,0.0,0.0,0,0,False,0.0,0.0,0.0,0.0,0.0,0.0,0.0,100.0,100.0,Inactive,0.0,0,0.0,0.0,0.0,0.0,0.07210925887209883,0.0,0.1682549373682306,0.0050150451354062184,,0.0003178639542275906,0.019071837253655435,0.4807283924806589
2016-09-13,0.0,0.0,0.0,0,0,False,0.0,0.0,0.0,0.0,0.0,0.0,0.0,100.0,100.0,Inactive,0.0,0,0.0,0.0,0.0,0.0,0.07210925887209883,0.0,0.1682549373682306,0.0050150451354062184,,0.0003178639542275906,0.019071837253655435,0.4807283924806589
2016-09-14,0.0,0.0,0.0,0,0,False,0.0,0.0,0.0,0.0,0.0,0.0,0.0,100.0,100.0,Inactive,0.0,0,0.0,0.0,0.0,0.0,0.07210925887209883,0.0,0.1682549373682306,0.0050150451354062184,,0.0003178639542275906,0.019071837253655435,0.4807283924806589
2016-09-15,0.0,0.0,0.0,0,0,False,0.0,0.0,0.0,0.0,0.0,0.0,0.0,100.0,100.0,Inactive,0.0,0,0.0,0.0,0.0,0.0,0.07210925887209883,0.0,0.1682549373682306,0.0050150451354062184,,0.0003178639542275906,0.019071837253655435,0.4807283924806589
2016-09-16,0.0,0.0,0.0,0,0,False,0.0,0.0,0.0,0.0,0.0,0.0,0.0,100.0,100.0,Inactive,0.0,0,0.0,0.0,0.0,0.0,0.07210925887209883,0.0,0.1682549373682306,0.0050150451354062184,,0.0003178639542275906,0.019071837253655435,0.4807283924806589
2016-09-17,0.0,0.0,0.0,0,0,False,0.0,0.0,0.0,0.0,0.0,0.0,0.0,100.0,100.0,Inactive,0.0,0,0.0,0.0,0.0,0.0,0.07210925887209883,0.0,0.1682549373682306,0.0050150451354062184,,0.0003178639542275906,0.019071837253655435,0.4807283924806589
2016-09-18,0.0,0.0,0.0,0,0,False,0.0,0.0,0.0,0.0,0.0,0.0,0.0,100.0,100.0,Inactive,0.0,0,0.0,0.0,0.0,0.0,0.07210925887209883,0.0,0.1682549373682306,0.0050150451354062184,,0.0003178639542275906,0.019071837253655435,0.4807283924806589
2016-09-19,0.0,0.0,0.0,0,0,False,0.0,0.0,0.0,0.0,0.0,0.0,0.0,100.0,100.0,Inactive,0.0,0,0.0,0.0,0.0,0.0,0.07210925887209883,0.0,0.1682549373682306,0.0050150451354062184,,0.0003178639542275906,0.019071837253655435,0.4807283924806589
2016-09-20,0.0,0.0,0.0,0,0,False,0.0,0.0,0.0,0.0,0.0,0.0,0.0,100.0,100.0,Inactive,0.0,0,0.0,0.0,0.0,0.0,0.07210925887209883,0.0,0.1682549373682306,0.0050150451354062184,,0.0003178639542275906,0.019071837253655435,0.4807283924806589
2016-09-21,0.0,0.0,0.0,0,0,False,0.0,0.0,0.0,0.0,0.0,0.0,0.0,100.0,100.0,Inactive,0.0,0,0.0,0.0,0.0,0.0,0.07210925887209883,0.0,0.1682549373682306,0.0050150451354062184,,0.0003178639542275906,0.019071837253655435,0.4807283924806589
2016-09-22,0.0,0.0,0.0,0,0,False,0.0,0.0,0.0,0.0,0.0,0.0,0.0,100.0,100.0,Inactive,0.0,0,0.0,0.0,0.0,0.0,0.07210925887209883,0.0,0.1682549373682306,0.0050150451354062184,,0.0003178639542275906,0.019071837253655435,0.4807283924806589
2016-09-23,0.0,0.0,0.0,0,0,False,0.0,0.0,0.0,0.0,0.0,0.0,0.0,100.0,100.0,Inactive,0.0,0,0.0,0.0,0.0,0.0,0.07210925887209883,0.0,0.1682549373682306,0.0050150451354062184,,0.0003178639542275906,0.019071837253655435,0.4807283924806589
2016-09-24,0.0,0.0,0.0,0,0,False,0.0,0.0,0.0,0.0,0.0,0.0,0.0,100.0,100.0,Inactive,0.0,0,0.0,0.0,0.0,0.0,0.07210925887209883,0.0,0.1682549373682306,0.0050150451354062184,,0.0003178639542275906,0.019071837253655435,0.4807283924806589
2016-09-25,0.0,0.0,0.0,0,0,False,0.0,0.0,0.0,0.0,0.0,0.0,0.0,100.0,100.0,Inactive,0.0,0,0.0,0.0,0.0,0.0,0.07210925887209883,0.0,0.1682549373682306,0.0050150451354062184,,0.0003178639542275906,0.019071837253655435,0.4807283924806589
2016-09-26,0.0,0.0,0.0,0,0,False,0.0,0.0,0.0,0.0,0.0,0.0,0.0,100.0,100.0,Inactive,0.0,0,0.0,0.0,0.0,0.0,0.07210925887209883,0.0,0.1682549373682306,0.0050150451354062184,,0.0003178639542275906,0.019071837253655435,0.4807283924806589
2016-09-27,0.0,0.0,0.0,0,0,False,0.0,0.0,0.0,0.0,0.0,0.0,0.0,100.0,100.0,Inactive,0.0,0,0.0,0.0,0.0,0.0,0.07210925887209883,0.0,0.1682549373682306,0.0050150451354062184,,0.0003178639542275906,0.019071837253655435,0.4807283924806589
2016-09-28,0.0,0.0,0.0,0,0,False,0.0,0.0,0.0,0.0,0.0,0.0,0.0,100.0,100.0,Inactive,0.0,0,0.0,0.0,0.0,0.0,0.07210925887209883,0.0,0.1682549373682306,0.0050150451354062184,,0.0003178639542275906,0.019071837253655435,0.4807283924806589
2016-09-29,0.0,0.0,0.0,0,0,False,0.0,0.0,0.0,0.0,0.0,0.0,0.0,100.0,100.0,Inactive,0.0,0,0.0,0.0,0.0,0.0,0.07210925887209883,0.0,0.1682549373682306,0.0050150451354062184,,0.0003178639542275906,0.019071837253655435,0.4807283924806589
2016-09-30,0.0,0.0,0.0,0,0,False,0.0,0.0,0.0,0.0,0.0,0.0,0.0,100.0,100.0,Inactive,0.0,0,0.0,0.0,0.0,0.0,0.07210925887209883,0.0,0.1682549373682306,0.0050150451354062184,,0.0003178639542275906,0.019071837253655435,0.4807283924806589
2016-10-01,0.0,0.0,0.0,0,0,False,0.0,0.0,0.0,0.0,0.0,0.0,0.0,100.0,100.0,Inactive,0.0,0,0.0,0.0,0.0,0.0,0.07210925887209883,0.0,0.1682549373682306,0.0050150451354062184,,0.0003178639542275906,0.019071837253655435,0.4807283924806589
2016-10-02,0.0,0.0,0.0,0,0,False,0.0,0.0,0.0,0.0,0.0,0.0,0.0,100.0,100.0,Inactive,0.0,0,0.0,0.0,0.0,0.0,0.07210925887209883,0.0,0.1682549373682306,0.0050150451354062184,,0.0003178639542275906,0.019071837253655435,0.4807283924806589
2016-10-03,0.0,0.0,0.0,0,0,False,0.0,0.0,0.0,0.0,0.0,0.0,0.0,100.0,100.0,Inactive,0.0,0,0.0,0.0,0.0,0.0,0.07210925887209883,0.0,0.1682549373682306,0.0050150451354062184,,0.0003178639542275906,0.019071837253655435,0.4807283924806589
2016-10-04,0.0,0.0,0.0,0,0,False,0.0,0.0,0.0,0.0,0.0,0.0,0.0,100.0,100.0,Inactive,0.0,0,0.0,0.0,0.0,0.0,0.07210925887209883,0.0,0.1682549373682306,0.0050150451354062184,,0.0003178639542275906,0.019071837253655435,0.4807283924806589
2016-10-05,0.0,0.0,0.0,0,0,False,0.0,0.0,0.0,0.0,0.0,0.0,0.0,100.0,100.0,Inactive,0.0,0,0.0,0.0,0.0,0.0,0.07210925887209883,0.0,0.1682549373682306,0.0050150451354062184,,0.0003178639542275906,0.019071837253655435,0.4807283924806589
2016-10-06,0.0,0.0,0.0,0,0,False,0.0,0.0,0.0,0.0,0.0,0.0,0.0,100.0,100.0,Inactive,0.0,0,0.0,0.0,0.0,0.0,0.07210925887209883,0.0,0.1682549373682306,0.0050150451354062184,,0.0003178639542275906,0.019071837253655435,0.4807283924806589
2016-10-07,0.0,0.0,0.0,0,0,False,0.0,0.0,0.0,0.0,0.0,0.0,0.0,100.0,100.0,Inactive,0.0,0,0.0,0.0,0.0,0.0,0.07210925887209883,0.0,0.1682549373682306,0.0050150451354062184,,0.0003178639542275906,0.019071837253655435,0.4807283924806589
2016-10-08,0.0,0.0,0.0,0,0,False,0.0,0.0,0.0,0.0,0.0,0.0,0.0,100.0,100.0,Inactive,0.0,0,0.0,0.0,0.0,0.0,0.07210925887209883,0.0,0.1682549373682306,0.0050150451354062184,,0.0003178639542275906,0.019071837253655435,0.4807283924806589
2016-10-09,0.0,0.0,0.0,0,0,False,0.0,0.0,0.0,0.0,0.0,0.0,0.0,100.0,100.0,Inactive,0.0,0,0.0,0.0,0.0,0.0,0.07210925887209883,0.0,0.1682549373682306,0.0050150451354062184,,0.0003178639542275906,0.019071837253655435,0.4807283924806589
2016-10-10,0.0,0.0,0.0,0,0,False,0.0,0.0,0.0,0.0,0.0,0.0,0.0,100.0,100.0,Inactive,0.0,0,0.0,0.0,0.0,0.0,0.07210925887209883,0.0,0.1682549373682306,0.0050150451354062184,,0.0003178639542275906,0.019071837253655435,0.4807283924806589
2016-10-11,0.0,0.0,0.0,0,0,False,0.0,0.0,0.0,0.0,0.0,0.0,0.0,100.0,100.0,Inactive,0.0,0,0.0,0.0,0.0,0.0,0.07210925887209883,0.0,0.1682549373682306,0.0050150451354062184,,0.0003178639542275906,0.019071837253655435,0.4807283924806589
2016-10-12,0.0,0.0,0.0,0,0,False,0.0,0.0,0.0,0.0,0.0,0.0,0.0,100.0,100.0,Inactive,0.0,0,0.0,0.0,0.0,0.0,0.07210925887209883,0.0,0.1682549373682306,0.0050150451354062184,,0.0003178639542275906,0.019071837253655435,0.4807283924806589
2016-10-13,0.0,0.0,0.0,0,0,False,0.0,0.0,0.0,0.0,0.0,0.0,0.0,100.0,100.0,Inactive,0.0,0,0.0,0.0,0.0,0.0,0.07210925887209883,0.0,0.1682549373682306,0.0050150451354062184,,0.0003178639542275906,0.019071837253655435,0.4807283924806589
2016-10-14,0.0,0.0,0.0,0,0,False,0.0,0.0,0.0,0.0,0.0,0.0,0.0,100.0,100.0,Inactive,0.0,0,0.0,0.0,0.0,0.0,0.07210925887209883,0.0,0.1682549373682306,0.0050150451354062184,,0.0003178639542275906,0.019071837253655435,0.4807283924806589
2016-10-15,0.0,0.0,0.0,0,0,False,0.0,0.0,0.0,0.0,0.0,0.0,0.0,100.0,100.0,Inactive,0.0,0,0.0,0.0,0.0,0.0,0.07210925887209883,0.0,0.1682549373682306,0.0050150451354062184,,0.0003178639542275906,0.019071837253655435,0.4807283924806589
2016-10-16,0.0,0.0,0.0,0,0,False,0.0,0.0,0.0,0.0,0.0,0.0,0.0,100.0,100.0,Inactive,0.0,0,0.0,0.0,0.0,0.0,0.07210925887209883,0.0,0.1682549373682306,0.0050150451354062184,,0.0003178639542275906,0.019071837253655435,0.4807283924806589
2016-10-17,0.0,0.0,0.0,0,0,False,0.0,0.0,0.0,0.0,0.0,0.0,0.0,100.0,100.0,Inactive,0.0,0,0.0,0.0,0.0,0.0,0.07210925887209883,0.0,0.1682549373682306,0.0050150451354062184,,0.0003178639542275906,0.019071837253655435,0.4807283924806589
2016-10-18,0.0,0.0,0.0,0,0,False,0.0,0.0,0.0,0.0,0.0,0.0,0.0,100.0,100.0,Inactive,0.0,0,0.0,0.0,0.0,0.0,0.07210925887209883,0.0,0.1682549373682306,0.0050150451354062184,,0.0003178639542275906,0.019071837253655435,0.4807283924806589
2016-10-19,0.0,0.0,0.0,0,0,False,0.0,0.0,0.0,0.0,0.0,0.0,0.0,100.0,100.0,Inactive,0.0,0,0.0,0.0,0.0,0.0,0.07210925887209883,0.0,0.1682549373682306,0.0050150451354062184,,0.0003178639542275906,0.019071837253655435,0.4807283924806589
2016-10-20,0.0,0.0,0.0,0,0,False,0.0,0.0,0.0,0.0,0.0,0.0,0.0,100.0,100.0,Inactive,0.0,0,0.0,0.0,0.0,0.0,0.07210925887209883,0.0,0.1682549373682306,0.0050150451354062184,,0.0003178639542275906,0.019071837253655435,0.4807283924806589
2016-10-21,0.0,0.0,0.0,0,0,False,0.0,0.0,0.0,0.0,0.0,0.0,0.0,100.0,100.0,Inactive,0.0,0,0.0,0.0,0.0,0.0,0.07210925887209883,0.0,0.1682549373682306,0.0050150451354062184,,0.0003178639542275906,0.019071837253655435,0.4807283924806589
2016-10-22,0.0,0.0,0.0,0,0,False,0.0,0.0,0.0,0.0,0.0,0.0,0.0,100.0,100.0,Inactive,0.0,0,0.0,0.0,0.0,0.0,0.07210925887209883,0.0,0.1682549373682306,0.0050150451354062184,,0.0003178639542275906,0.019071837253655435,0.4807283924806589
2016-10-23,0.0,0.0,0.0,0,0,False,0.0,0.0,0.0,0.0,0.0,0.0,0.0,100.0,100.0,Inactive,0.0,0,0.0,0.0,0.0,0.0,0.07210925887209883,0.0,0.1682549373682306,0.0050150451354062184,,0.0003178639542275906,0.019071837253655435,0.4807283924806589
2016-10-24,0.0,0.0,0.0,0,0,False,0.0,0.0,0.0,0.0,0.0,0.0,0.0,100.0,100.0,Inactive,0.0,0,0.0,0.0,0.0,0.0,0.07210925887209883,0.0,0.1682549373682306,0.0050150451354062184,,0.0003178639542275906,0.019071837253655435,0.4807283924806589
2016-10-25,0.0,0.0,0.0,0,0,False,0.0,0.0,0.0,0.0,0.0,0.0,0.0,100.0,100.0,Inactive,0.0,0,0.0,0.0,0.0,0.0,0.07210925887209883,0.0,0.1682549373682306,0.0050150451354062184,,0.0003178639542275906,0.019071837253655435,0.4807283924806589
2016-10-26,0.0,0.0,0.0,0,0,False,0.0,0.0,0.0,0.0,0.0,0.0,0.0,100.0,100.0,Inactive,0.0,0,0.0,0.0,0.0,0.0,0.07210925887209883,0.0,0.1682549373682306,0.0050150451354062184,,0.0003178639542275906,0.019071837253655435,0.4807283924806589
2016-10-27,0.0,0.0,0.0,0,0,False,0.0,0.0,0.0,0.0,0.0,0.0,0.0,100.0,100.0,Inactive,0.0,0,0.0,0.0,0.0,0.0,0.07210925887209883,0.0,0.1682549373682306,0.0050150451354062184,,0.0003178639542275906,0.019071837253655435,0.4807283924806589
2016-10-28,0.0,0.0,0.0,0,0,False,0.0,0.0,0.0,0.0,0.0,0.0,0.0,100.0,100.0,Inactive,0.0,0,0.0,0.0,0.0,0.0,0.07210925887209883,0.0,0.1682549373682306,0.0050150451354062184,,0.0003178639542275906,0.019071837253655435,0.4807283924806589
2016-10-29,0.0,0.0,0.0,0,0,False,0.0,0.0,0.0,0.0,0.0,0.0,0.0,100.0,100.0,Inactive,0.0,0,0.0,0.0,0.0,0.0,0.07210925887209883,0.0,0.1682549373682306,0.0050150451354062184,,0.0003178639542275906,0.019071837253655435,0.4807283924806589
2016-10-30,0.0,0.0,0.0,0,0,False,0.0,0.0,0.0,0.0,0.0,0.0,0.0,100.0,100.0,Inactive,0.0,0,0.0,0.0,0.0,0.0,0.07210925887209883,0.0,0.1682549373682306,0.0050150451354062184,,0.0003178639542275906,0.019071837253655435,0.4807283924806589
2016-10-31,0.0,0.0,0.0,0,0,False,0.0,0.0,0.0,0.0,0.0,0.0,0.0,100.0,100.0,Inactive,0.0,0,0.0,0.0,0.0,0.0,0.07210925887209883,0.0,0.1682549373682306,0.0050150451354062184,,0.0003178639542275906,0.019071837253655435,0.4807283924806589
2016-11-01,0.0,0.0,0.0,0,0,False,0.0,0.0,0.0,0.0,0.0,0.0,0.0,100.0,100.0,Inactive,0.0,0,0.0,0.0,0.0,0.0,0.07210925887209883,0.0,0.1682549373682306,0.0050150451354062184,,0.0003178639542275906,0.019071837253655435,0.4807283924806589
2016-11-02,0.0,0.0,0.0,0,0,False,0.0,0.0,0.0,0.0,0.0,0.0,0.0,100.0,100.0,Inactive,0.0,0,0.0,0.0,0.0,0.0,0.07210925887209883,0.0,0.1682549373682306,0.0050150451354062184,,0.0003178639542275906,0.019071837253655435,0.4807283924806589
2016-11-03,0.0,0.0,0.0,0,0,False,0.0,0.0,0.0,0.0,0.0,0.0,0.0,100.0,100.0,Inactive,0.0,0,0.0,0.0,0.0,0.0,0.07210925887209883,0.0,0.1682549373682306,0.0050150451354062184,,0.0003178639542275906,0.019071837253655435,0.4807283924806589
2016-11-04,0.0,0.0,0.0,0,0,False,0.0,0.0,0.0,0.0,0.0,0.0,0.0,100.0,100.0,Inactive,0.0,0,0.0,0.0,0.0,0.0,0.07210925887209883,0.0,0.1682549373682306,0.0050150451354062184,,0.0003178639542275906,0.019071837253655435,0.4807283924806589
2016-11-05,0.0,0.0,0.0,0,0,False,0.0,0.0,0.0,0.0,0.0,0.0,0.0,100.0,100.0,Inactive,0.0,0,0.0,0.0,0.0,0.0,0.07210925887209883,0.0,0.1682549373682306,0.0050150451354062184,,0.0003178639542275906,0.019071837253655435,0.4807283924806589
2016-11-06,0.0,0.0,0.0,0,0,False,0.0,0.0,0.0,0.0,0.0,0.0,0.0,100.0,100.0,Inactive,0.0,0,0.0,0.0,0.0,0.0,0.07210925887209883,0.0,0.1682549373682306,0.0050150451354062184,,0.0003178639542275906,0.019071837253655435,0.4807283924806589
2016-11-07,0.0,0.0,0.0,0,0,False,0.0,0.0,0.0,0.0,0.0,0.0,0.0,100.0,100.0,Inactive,0.0,0,0.0,0.0,0.0,0.0,0.07210925887209883,0.0,0.1682549373682306,0.0050150451354062184,,0.0003178639542275906,0.019071837253655435,0.4807283924806589
2016-11-08,0.0,0.0,0.0,0,0,False,0.0,0.0,0.0,0.0,0.0,0.0,0.0,100.0,100.0,Inactive,0.0,0,0.0,0.0,0.0,0.0,0.07210925887209883,0.0,0.1682549373682306,0.0050150451354062184,,0.0003178639542275906,0.019071837253655435,0.4807283924806589
2016-11-09,0.0,0.0,0.0,0,0,False,0.0,0.0,0.0,0.0,0.0,0.0,0.0,100.0,100.0,Inactive,0.0,0,0.0,0.0,0.0,0.0,0.07210925887209883,0.0,0.1682549373682306,0.0050150451354062184,,0.0003178639542275906,0.019071837253655435,0.4807283924806589
2016-11-10,0.0,0.0,0.0,0,0,False,0.0,0.0,0.0,0.0,0.0,0.0,0.0,100.0,100.0,Inactive,0.0,0,0.0,0.0,0.0,0.0,0.07210925887209883,0.0,0.1682549373682306,0.0050150451354062184,,0.0003178639542275906,0.019071837253655435,0.4807283924806589
2016-11-11,0.0,0.0,0.0,0,0,False,0.0,0.0,0.0,0.0,0.0,0.0,0.0,100.0,100.0,Inactive,0.0,0,0.0,0.0,0.0,0.0,0.07210925887209883,0.0,0.1682549373682306,0.0050150451354062184,,0.0003178639542275906,0.019071837253655435,0.4807283924806589
2016-11-12,0.0,0.0,0.0,0,0,False,0.0,0.0,0.0,0.0,0.0,0.0,0.0,100.0,100.0,Inactive,0.0,0,0.0,0.0,0.0,0.0,0.07210925887209883,0.0,0.1682549373682306,0.0050150451354062184,,0.0003178639542275906,0.019071837253655435,0.4807283924806589
2016-11-13,0.0,0.0,0.0,0,0,False,0.0,0.0,0.0,0.0,0.0,0.0,0.0,100.0,100.0,Inactive,0.0,0,0.0,0.0,0.0,0.0,0.07210925887209883,0.0,0.1682549373682306,0.0050150451354062184,,0.0003178639542275906,0.019071837253655435,0.4807283924806589
2016-11-14,0.0,0.0,0.0,0,0,False,0.0,0.0,0.0,0.0,0.0,0.0,0.0,100.0,100.0,Inactive,0.0,0,0.0,0.0,0.0,0.0,0.07210925887209883,0.0,0.1682549373682306,0.0050150451354062184,,0.0003178639542275906,0.019071837253655435,0.4807283924806589
2016-11-15,0.0,0.0,0.0,0,0,False,0.0,0.0,0.0,0.0,0.0,0.0,0.0,100.0,100.0,Inactive,0.0,0,0.0,0.0,0.0,0.0,0.07210925887209883,0.0,0.1682549373682306,0.0050150451354062184,,0.0003178639542275906,0.019071837253655435,0.4807283924806589
2016-11-16,0.0,0.0,0.0,0,0,False,0.0,0.0,0.0,0.0,0.0,0.0,0.0,100.0,100.0,Inactive,0.0,0,0.0,0.0,0.0,0.0,0.07210925887209883,0.0,0.1682549373682306,0.0050150451354062184,,0.0003178639542275906,0.019071837253655435,0.4807283924806589
2016-11-17,0.0,0.0,0.0,0,0,False,0.0,0.0,0.0,0.0,0.0,0.0,0.0,100.0,100.0,Inactive,0.0,0,0.0,0.0,0.0,0.0,0.07210925887209883,0.0,0.1682549373682306,0.0050150451354062184,,0.0003178639542275906,0.019071837253655435,0.4807283924806589
2016-11-18,0.0,0.0,0.0,0,0,False,0.0,0.0,0.0,0.0,0.0,0.0,0.0,100.0,100.0,Inactive,0.0,0,0.0,0.0,0.0,0.0,0.07210925887209883,0.0,0.1682549373682306,0.0050150451354062184,,0.0003178639542275906,0.019071837253655435,0.4807283924806589
2016-11-19,0.0,0.0,0.0,0,0,False,0.0,0.0,0.0,0.0,0.0,0.0,0.0,100.0,100.0,Inactive,0.0,0,0.0,0.0,0.0,0.0,0.07210925887209883,0.0,0.1682549373682306,0.0050150451354062184,,0.0003178639542275906,0.019071837253655435,0.4807283924806589
2016-11-20,0.0,0.0,0.0,0,0,False,0.0,0.0,0.0,0.0,0.0,0.0,0.0,100.0,100.0,Inactive,0.0,0,0.0,0.0,0.0,0.0,0.07210925887209883,0.0,0.1682549373682306,0.0050150451354062184,,0.0003178639542275906,0.019071837253655435,0.4807283924806589
2016-11-21,0.0,0.0,0.0,0,0,False,0.0,0.0,0.0,0.0,0.0,0.0,0.0,100.0,100.0,Inactive,0.0,0,0.0,0.0,0.0,0.0,0.07210925887209883,0.0,0.1682549373682306,0.0050150451354062184,,0.0003178639542275906,0.019071837253655435,0.4807283924806589
2016-11-22,0.0,0.0,0.0,0,0,False,0.0,0.0,0.0,0.0,0.0,0.0,0.0,100.0,100.0,Inactive,0.0,0,0.0,0.0,0.0,0.0,0.07210925887209883,0.0,0.1682549373682306,0.0050150451354062184,,0.0003178639542275906,0.019071837253655435,0.4807283924806589
2016-11-23,0.0,0.0,0.0,0,0,False,0.0,0.0,0.0,0.0,0.0,0.0,0.0,100.0,100.0,Inactive,0.0,0,0.0,0.0,0.0,0.0,0.07210925887209883,0.0,0.1682549373682306,0.0050150451354062184,,0.0003178639542275906,0.019071837253655435,0.4807283924806589
2016-11-24,0.0,0.0,0.0,0,0,False,0.0,0.0,0.0,0.0,0.0,0.0,0.0,100.0,100.0,Inactive,0.0,0,0.0,0.0,0.0,0.0,0.07210925887209883,0.0,0.1682549373682306,0.0050150451354062184,,0.0003178639542275906,0.019071837253655435,0.4807283924806589
2016-11-25,0.0,0.0,0.0,0,0,False,0.0,0.0,0.0,0.0,0.0,0.0,0.0,100.0,100.0,Inactive,0.0,0,0.0,0.0,0.0,0.0,0.07210925887209883,0.0,0.1682549373682306,0.0050150451354062184,,0.0003178639542275906,0.019071837253655435,0.4807283924806589
2016-11-26,0.0,0.0,0.0,0,0,False,0.0,0.0,0.0,0.0,0.0,0.0,0.0,100.0,100.0,Inactive,0.0,0,0.0,0.0,0.0,0.0,0.07210925887209883,0.0,0.1682549373682306,0.0050150451354062184,,0.0003178639542275906,0.019071837253655435,0.4807283924806589
2016-11-27,0.0,0.0,0.0,0,0,False,0.0,0.0,0.0,0.0,0.0,0.0,0.0,100.0,100.0,Inactive,0.0,0,0.0,0.0,0.0,0.0,0.07210925887209883,0.0,0.1682549373682306,0.0050150451354062184,,0.0003178639542275906,0.019071837253655435,0.4807283924806589
2016-11-28,0.0,0.0,0.0,0,0,False,0.0,0.0,0.0,0.0,0.0,0.0,0.0,100.0,100.0,Inactive,0.0,0,0.0,0.0,0.0,0.0,0.07210925887209883,0.0,0.1682549373682306,0.0050150451354062184,,0.0003178639542275906,0.019071837253655435,0.4807283924806589
2016-11-29,0.0,0.0,0.0,0,0,False,0.0,0.0,0.0,0.0,0.0,0.0,0.0,100.0,100.0,Inactive,0.0,0,0.0,0.0,0.0,0.0,0.07210925887209883,0.0,0.1682549373682306,0.0050150451354062184,,0.0003178639542275906,0.019071837253655435,0.4807283924806589
2016-11-30,0.0,0.0,0.0,0,0,False,0.0,0.0,0.0,0.0,0.0,0.0,0.0,100.0,100.0,Inactive,0.0,0,0.0,0.0,0.0,0.0,0.07210925887209883,0.0,0.1682549373682306,0.0050150451354062184,,0.0003178639542275906,0.019071837253655435,0.4807283924806589
2016-12-01,0.0,0.0,0.0,0,0,False,0.0,0.0,0.0,0.0,0.0,0.0,0.0,100.0,100.0,Inactive,0.0,0,0.0,0.0,0.0,0.0,0.07210925887209883,0.0,0.1682549373682306,0.0050150451354062184,,0.0003178639542275906,0.019071837253655435,0.4807283924806589
2016-12-02,0.0,0.0,0.0,0,0,False,0.0,0.0,0.0,0.0,0.0,0.0,0.0,100.0,100.0,Inactive,0.0,0,0.0,0.0,0.0,0.0,0.07210925887209883,0.0,0.1682549373682306,0.0050150451354062184,,0.0003178639542275906,0.019071837253655435,0.4807283924806589
2016-12-03,0.0,0.0,0.0,0,0,False,0.0,0.0,0.0,0.0,0.0,0.0,0.0,100.0,100.0,Inactive,0.0,0,0.0,0.0,0.0,0.0,0.07210925887209883,0.0,0.1682549373682306,0.0050150451354062184,,0.0003178639542275906,0.019071837253655435,0.4807283924806589
2016-12-04,0.0,0.0,0.0,0,0,False,0.0,0.0,0.0,0.0,0.0,0.0,0.0,100.0,100.0,Inactive,0.0,0,0.0,0.0,0.0,0.0,0.07210925887209883,0.0,0.1682549373682306,0.0050150451354062184,,0.0003178639542275906,0.019071837253655435,0.4807283924806589
2016-12-05,0.0,0.0,0.0,0,0,False,0.0,0.0,0.0,0.0,0.0,0.0,0.0,100.0,100.0,Inactive,0.0,0,0.0,0.0,0.0,0.0,0.07210925887209883,0.0,0.1682549373682306,0.0050150451354062184,,0.0003178639542275906,0.019071837253655435,0.4807283924806589
2016-12-06,0.0,0.0,0.0,0,0,False,0.0,0.0,0.0,0.0,0.0,0.0,0.0,100.0,100.0,Inactive,0.0,0,0.0,0.0,0.0,0.0,0.07210925887209883,0.0,0.1682549373682306,0.0050150451354062184,,0.0003178639542275906,0.019071837253655435,0.4807283924806589
2016-12-07,0.0,0.0,0.0,0,0,False,0.0,0.0,0.0,0.0,0.0,0.0,0.0,100.0,100.0,Inactive,0.0,0,0.0,0.0,0.0,0.0,0.07210925887209883,0.0,0.1682549373682306,0.0050150451354062184,,0.0003178639542275906,0.019071837253655435,0.4807283924806589
2016-12-08,0.0,0.0,0.0,0,0,False,0.0,0.0,0.0,0.0,0.0,0.0,0.0,100.0,100.0,Inactive,0.0,0,0.0,0.0,0.0,0.0,0.07210925887209883,0.0,0.1682549373682306,0.0050150451354062184,,0.0003178639542275906,0.019071837253655435,0.4807283924806589
2016-12-09,0.0,0.0,0.0,0,0,False,0.0,0.0,0.0,0.0,0.0,0.0,0.0,100.0,100.0,Inactive,0.0,0,0.0,0.0,0.0,0.0,0.07210925887209883,0.0,0.1682549373682306,0.0050150451354062184,,0.0003178639542275906,0.019071837253655435,0.4807283924806589
2016-12-10,0.0,0.0,0.0,0,0,False,0.0,0.0,0.0,0.0,0.0,0.0,0.0,100.0,100.0,Inactive,0.0,0,0.0,0.0,0.0,0.0,0.07210925887209883,0.0,0.1682549373682306,0.0050150451354062184,,0.0003178639542275906,0.019071837253655435,0.4807283924806589
2016-12-11,0.0,0.0,0.0,0,0,False,0.0,0.0,0.0,0.0,0.0,0.0,0.0,100.0,100.0,Inactive,0.0,0,0.0,0.0,0.0,0.0,0.07210925887209883,0.0,0.1682549373682306,0.0050150451354062184,,0.0003178639542275906,0.019071837253655435,0.4807283924806589
2016-12-12,0.0,0.0,0.0,0,0,False,0.0,0.0,0.0,0.0,0.0,0.0,0.0,100.0,100.0,Inactive,0.0,0,0.0,0.0,0.0,0.0,0.07210925887209883,0.0,0.1682549373682306,0.0050150451354062184,,0.0003178639542275906,0.019071837253655435,0.4807283924806589
2016-12-13,0.0,0.0,0.0,0,0,False,0.0,0.0,0.0,0.0,0.0,0.0,0.0,100.0,100.0,Inactive,0.0,0,0.0,0.0,0.0,0.0,0.07210925887209883,0.0,0.1682549373682306,0.0050150451354062184,,0.0003178639542275906,0.019071837253655435,0.4807283924806589
2016-12-14,0.0,0.0,0.0,0,0,False,0.0,0.0,0.0,0.0,0.0,0.0,0.0,100.0,100.0,Inactive,0.0,0,0.0,0.0,0.0,0.0,0.07210925887209883,0.0,0.1682549373682306,0.0050150451354062184,,0.0003178639542275906,0.019071837253655435,0.4807283924806589
2016-12-15,0.0,0.0,0.0,0,0,False,0.0,0.0,0.0,0.0,0.0,0.0,0.0,100.0,100.0,Inactive,0.0,0,0.0,0.0,0.0,0.0,0.07210925887209883,0.0,0.1682549373682306,0.0050150451354062184,,0.0003178639542275906,0.019071837253655435,0.4807283924806589
2016-12-16,0.0,0.0,0.0,0,0,False,0.0,0.0,0.0,0.0,0.0,0.0,0.0,100.0,100.0,Inactive,0.0,0,0.0,0.0,0.0,0.0,0.07210925887209883,0.0,0.1682549373682306,0.0050150451354062184,,0.0003178639542275906,0.019071837253655435,0.4807283924806589
2016-12-17,0.0,0.0,0.0,0,0,False,0.0,0.0,0.0,0.0,0.0,0.0,0.0,100.0,100.0,Inactive,0.0,0,0.0,0.0,0.0,0.0,0.07210925887209883,0.0,0.1682549373682306,0.0050150451354062184,,0.0003178639542275906,0.019071837253655435,0.4807283924806589
2016-12-18,0.0,0.0,0.0,0,0,False,0.0,0.0,0.0,0.0,0.0,0.0,0.0,100.0,100.0,Inactive,0.0,0,0.0,0.0,0.0,0.0,0.07210925887209883,0.0,0.1682549373682306,0.0050150451354062184,,0.0003178639542275906,0.019071837253655435,0.4807283924806589
2016-12-19,0.0,0.0,0.0,0,0,False,0.0,0.0,0.0,0.0,0.0,0.0,0.0,100.0,100.0,Inactive,0.0,0,0.0,0.0,0.0,0.0,0.07210925887209883,0.0,0.1682549373682306,0.0050150451354062184,,0.0003178639542275906,0.019071837253655435,0.4807283924806589
2016-12-20,0.0,0.0,0.0,0,0,False,0.0,0.0,0.0,0.0,0.0,0.0,0.0,100.0,100.0,Inactive,0.0,0,0.0,0.0,0.0,0.0,0.07210925887209883,0.0,0.1682549373682306,0.0050150451354062184,,0.0003178639542275906,0.019071837253655435,0.4807283924806589
2016-12-21,0.0,0.0,0.0,0,0,False,0.0,0.0,0.0,0.0,0.0,0.0,0.0,100.0,100.0,Inactive,0.0,0,0.0,0.0,0.0,0.0,0.07210925887209883,0.0,0.1682549373682306,0.0050150451354062184,,0.0003178639542275906,0.019071837253655435,0.4807283924806589
2016-12-22,0.0,0.0,0.0,0,0,False,0.0,0.0,0.0,0.0,0.0,0.0,0.0,100.0,100.0,Inactive,0.0,0,0.0,0.0,0.0,0.0,0.07210925887209883,0.0,0.1682549373682306,0.0050150451354062184,,0.0003178639542275906,0.019071837253655435,0.4807283924806589
2016-12-23,0.0,0.0,0.0,0,0,False,0.0,0.0,0.0,0.0,0.0,0.0,0.0,100.0,100.0,Inactive,0.0,0,0.0,0.0,0.0,0.0,0.07210925887209883,0.0,0.1682549373682306,0.0050150451354062184,,0.0003178639542275906,0.019071837253655435,0.4807283924806589
2016-12-24,0.0,0.0,0.0,0,0,False,0.0,0.0,0.0,0.0,0.0,0.0,0.0,100.0,100.0,Inactive,0.0,0,0.0,0.0,0.0,0.0,0.07210925887209883,0.0,0.1682549373682306,0.0050150451354062184,,0.0003178639542275906,0.019071837253655435,0.4807283924806589
2016-12-25,0.0,0.0,0.0,0,0,False,0.0,0.0,0.0,0.0,0.0,0.0,0.0,100.0,100.0,Inactive,0.0,0,0.0,0.0,0.0,0.0,0.07210925887209883,0.0,0.1682549373682306,0.0050150451354062184,,0.0003178639542275906,0.019071837253655435,0.4807283924806589
2016-12-26,0.0,0.0,0.0,0,0,False,0.0,0.0,0.0,0.0,0.0,0.0,0.0,100.0,100.0,Inactive,0.0,0,0.0,0.0,0.0,0.0,0.07210925887209883,0.0,0.1682549373682306,0.0050150451354062184,,0.0003178639542275906,0.019071837253655435,0.4807283924806589
2016-12-27,0.0,0.0,0.0,0,0,False,0.0,0.0,0.0,0.0,0.0,0.0,0.0,100.0,100.0,Inactive,0.0,0,0.0,0.0,0.0,0.0,0.07210925887209883,0.0,0.1682549373682306,0.0050150451354062184,,0.0003178639542275906,0.019071837253655435,0.4807283924806589
2016-12-28,0.0,0.0,0.0,0,0,False,0.0,0.0,0.0,0.0,0.0,0.0,0.0,100.0,100.0,Inactive,0.0,0,0.0,0.0,0.0,0.0,0.07210925887209883,0.0,0.1682549373682306,0.0050150451354062184,,0.0003178639542275906,0.019071837253655435,0.4807283924806589
2016-12-29,0.0,0.0,0.0,0,0,False,0.0,0.0,0.0,0.0,0.0,0.0,0.0,100.0,100.0,Inactive,0.0,0,0.0,0.0,0.0,0.0,0.07210925887209883,0.0,0.1682549373682306,0.0050150451354062184,,0.0003178639542275906,0.019071837253655435,0.4807283924806589
2016-12-30,0.0,0.0,0.0,0,0,False,0.0,0.0,0.0,0.0,0.0,0.0,0.0,100.0,100.0,Inactive,0.0,0,0.0,0.0,0.0,0.0,0.07210925887209883,0.0,0.1682549373682306,0.0050150451354062184,,0.0003178639542275906,0.019071837253655435,0.4807283924806589
2016-12-31,0.0,0.0,0.0,0,0,False,0.0,0.0,0.0,0.0,0.0,0.0,0.0,100.0,100.0,Inactive,0.0,0,0.0,0.0,0.0,0.0,0.07210925887209883,0.0,0.1682549373682306,0.0050150451354062184,,0.0003178639542275906,0.019071837253655435,0.4807283924806589
2017-01-01,0.0,0.0,0.0,0,0,False,0.0,0.0,0.0,0.0,0.0,0.0,0.0,100.0,100.0,Inactive,0.0,0,0.0,0.0,0.0,0.0,0.07210925887209883,0.0,0.1682549373682306,0.0050150451354062184,,0.0003178639542275906,0.019071837253655435,0.4807283924806589
2017-01-02,0.0,0.0,0.0,0,0,False,0.0,0.0,0.0,0.0,0.0,0.0,0.0,100.0,100.0,Inactive,0.0,0,0.0,0.0,0.0,0.0,0.07210925887209883,0.0,0.1682549373682306,0.0050150451354062184,,0.0003178639542275906,0.019071837253655435,0.4807283924806589
2017-01-03,0.0,0.0,0.0,0,0,False,0.0,0.0,0.0,0.0,0.0,0.0,0.0,100.0,100.0,Inactive,0.0,0,0.0,0.0,0.0,0.0,0.07210925887209883,0.0,0.1682549373682306,0.0050150451354062184,,0.0003178639542275906,0.019071837253655435,0.4807283924806589
2017-01-04,0.0,0.0,0.0,0,0,False,0.0,0.0,0.0,0.0,0.0,0.0,0.0,100.0,100.0,Inactive,0.0,0,0.0,0.0,0.0,0.0,0.07210925887209883,0.0,0.1682549373682306,0.0050150451354062184,,0.0003178639542275906,0.019071837253655435,0.4807283924806589
2017-01-05,0.0,0.0,0.0,0,0,False,0.0,0.0,0.0,0.0,0.0,0.0,0.0,100.0,100.0,Inactive,0.0,0,0.0,0.0,0.0,0.0,0.07210925887209883,0.0,0.1682549373682306,0.0050150451354062184,,0.0003178639542275906,0.019071837253655435,0.4807283924806589
2017-01-06,0.0,0.0,0.0,0,0,False,0.0,0.0,0.0,0.0,0.0,0.0,0.0,100.0,100.0,Inactive,0.0,0,0.0,0.0,0.0,0.0,0.07210925887209883,0.0,0.1682549373682306,0.0050150451354062184,,0.0003178639542275906,0.019071837253655435,0.4807283924806589
2017-01-07,0.0,0.0,0.0,0,0,False,0.0,0.0,0.0,0.0,0.0,0.0,0.0,100.0,100.0,Inactive,0.0,0,0.0,0.0,0.0,0.0,0.07210925887209883,0.0,0.1682549373682306,0.0050150451354062184,,0.0003178639542275906,0.019071837253655435,0.4807283924806589
2017-01-08,0.0,0.0,0.0,0,0,False,0.0,0.0,0.0,0.0,0.0,0.0,0.0,100.0,100.0,Inactive,0.0,0,0.0,0.0,0.0,0.0,0.07210925887209883,0.0,0.1682549373682306,0.0050150451354062184,,0.0003178639542275906,0.019071837253655435,0.4807283924806589
2017-01-09,0.0,0.0,0.0,0,0,False,0.0,0.0,0.0,0.0,0.0,0.0,0.0,100.0,100.0,Inactive,0.0,0,0.0,0.0,0.0,0.0,0.07210925887209883,0.0,0.1682549373682306,0.0050150451354062184,,0.0003178639542275906,0.019071837253655435,0.4807283924806589
2017-01-10,0.0,0.0,0.0,0,0,False,0.0,0.0,0.0,0.0,0.0,0.0,0.0,100.0,100.0,Inactive,0.0,0,0.0,0.0,0.0,0.0,0.07210925887209883,0.0,0.1682549373682306,0.0050150451354062184,,0.0003178639542275906,0.019071837253655435,0.4807283924806589
2017-01-11,0.0,0.0,0.0,0,0,False,0.0,0.0,0.0,0.0,0.0,0.0,0.0,100.0,100.0,Inactive,0.0,0,0.0,0.0,0.0,0.0,0.07210925887209883,0.0,0.1682549373682306,0.0050150451354062184,,0.0003178639542275906,0.019071837253655435,0.4807283924806589
2017-01-12,0.0,0.0,0.0,0,0,False,0.0,0.0,0.0,0.0,0.0,0.0,0.0,100.0,100.0,Inactive,0.0,0,0.0,0.0,0.0,0.0,0.07210925887209883,0.0,0.1682549373682306,0.0050150451354062184,,0.0003178639542275906,0.019071837253655435,0.4807283924806589
2017-01-13,0.0,0.0,0.0,0,0,False,0.0,0.0,0.0,0.0,0.0,0.0,0.0,100.0,100.0,Inactive,0.0,0,0.0,0.0,0.0,0.0,0.07210925887209883,0.0,0.1682549373682306,0.0050150451354062184,,0.0003178639542275906,0.019071837253655435,0.4807283924806589
2017-01-14,0.0,0.0,0.0,0,0,False,0.0,0.0,0.0,0.0,0.0,0.0,0.0,100.0,100.0,Inactive,0.0,0,0.0,0.0,0.0,0.0,0.07210925887209883,0.0,0.1682549373682306,0.0050150451354062184,,0.0003178639542275906,0.019071837253655435,0.4807283924806589
2017-01-15,0.0,0.0,0.0,0,0,False,0.0,0.0,0.0,0.0,0.0,0.0,0.0,100.0,100.0,Inactive,0.0,0,0.0,0.0,0.0,0.0,0.07210925887209883,0.0,0.1682549373682306,0.0050150451354062184,,0.0003178639542275906,0.019071837253655435,0.4807283924806589
2017-01-16,0.0,0.0,0.0,0,0,False,0.0,0.0,0.0,0.0,0.0,0.0,0.0,100.0,100.0,Inactive,0.0,0,0.0,0.0,0.0,0.0,0.07210925887209883,0.0,0.1682549373682306,0.0050150451354062184,,0.0003178639542275906,0.019071837253655435,0.4807283924806589
2017-01-17,0.0,0.0,0.0,0,0,False,0.0,0.0,0.0,0.0,0.0,0.0,0.0,100.0,100.0,Inactive,0.0,0,0.0,0.0,0.0,0.0,0.07210925887209883,0.0,0.1682549373682306,0.0050150451354062184,,0.0003178639542275906,0.019071837253655435,0.4807283924806589
2017-01-18,0.0,0.0,0.0,0,0,False,0.0,0.0,0.0,0.0,0.0,0.0,0.0,100.0,100.0,Inactive,0.0,0,0.0,0.0,0.0,0.0,0.07210925887209883,0.0,0.1682549373682306,0.0050150451354062184,,0.0003178639542275906,0.019071837253655435,0.4807283924806589
2017-01-19,0.0,0.0,0.0,0,0,False,0.0,0.0,0.0,0.0,0.0,0.0,0.0,100.0,100.0,Inactive,0.0,0,0.0,0.0,0.0,0.0,0.07210925887209883,0.0,0.1682549373682306,0.0050150451354062184,,0.0003178639542275906,0.019071837253655435,0.4807283924806589
2017-01-20,0.0,0.0,0.0,0,0,False,0.0,0.0,0.0,0.0,0.0,0.0,0.0,100.0,100.0,Inactive,0.0,0,0.0,0.0,0.0,0.0,0.07210925887209883,0.0,0.1682549373682306,0.0050150451354062184,,0.0003178639542275906,0.019071837253655435,0.4807283924806589
2017-01-21,0.0,0.0,0.0,0,0,False,0.0,0.0,0.0,0.0,0.0,0.0,0.0,100.0,100.0,Inactive,0.0,0,0.0,0.0,0.0,0.0,0.07210925887209883,0.0,0.1682549373682306,0.0050150451354062184,,0.0003178639542275906,0.019071837253655435,0.4807283924806589
2017-01-22,0.0,0.0,0.0,0,0,False,0.0,0.0,0.0,0.0,0.0,0.0,0.0,100.0,100.0,Inactive,0.0,0,0.0,0.0,0.0,0.0,0.07210925887209883,0.0,0.1682549373682306,0.0050150451354062184,,0.0003178639542275906,0.019071837253655435,0.4807283924806589
2017-01-23,0.0,0.0,0.0,0,0,False,0.0,0.0,0.0,0.0,0.0,0.0,0.0,100.0,100.0,Inactive,0.0,0,0.0,0.0,0.0,0.0,0.07210925887209883,0.0,0.1682549373682306,0.0050150451354062184,,0.0003178639542275906,0.019071837253655435,0.4807283924806589
2017-01-24,0.0,0.0,0.0,0,0,False,0.0,0.0,0.0,0.0,0.0,0.0,0.0,100.0,100.0,Inactive,0.0,0,0.0,0.0,0.0,0.0,0.07210925887209883,0.0,0.1682549373682306,0.0050150451354062184,,0.0003178639542275906,0.019071837253655435,0.4807283924806589
2017-01-25,0.0,0.0,0.0,0,0,False,0.0,0.0,0.0,0.0,0.0,0.0,0.0,100.0,100.0,Inactive,0.0,0,0.0,0.0,0.0,0.0,0.07210925887209883,0.0,0.1682549373682306,0.0050150451354062184,,0.0003178639542275906,0.019071837253655435,0.4807283924806589
2017-01-26,0.0,0.0,0.0,0,0,False,0.0,0.0,0.0,0.0,0.0,0.0,0.0,100.0,100.0,Inactive,0.0,0,0.0,0.0,0.0,0.0,0.07210925887209883,0.0,0.1682549373682306,0.0050150451354062184,,0.0003178639542275906,0.019071837253655435,0.4807283924806589
2017-01-27,0.0,0.0,0.0,0,0,False,0.0,0.0,0.0,0.0,0.0,0.0,0.0,100.0,100.0,Inactive,0.0,0,0.0,0.0,0.0,0.0,0.07210925887209883,0.0,0.1682549373682306,0.0050150451354062184,,0.0003178639542275906,0.019071837253655435,0.4807283924806589
2017-01-28,0.0,0.0,0.0,0,0,False,0.0,0.0,0.0,0.0,0.0,0.0,0.0,100.0,100.0,Inactive,0.0,0,0.0,0.0,0.0,0.0,0.07210925887209883,0.0,0.1682549373682306,0.0050150451354062184,,0.0003178639542275906,0.019071837253655435,0.4807283924806589
2017-01-29,0.0,0.0,0.0,0,0,False,0.0,0.0,0.0,0.0,0.0,0.0,0.0,100.0,100.0,Inactive,0.0,0,0.0,0.0,0.0,0.0,0.07210925887209883,0.0,0.1682549373682306,0.0050150451354062184,,0.0003178639542275906,0.019071837253655435,0.4807283924806589
2017-01-30,0.0,0.0,0.0,0,0,False,0.0,0.0,0.0,0.0,0.0,0.0,0.0,100.0,100.0,Inactive,0.0,0,0.0,0.0,0.0,0.0,0.07210925887209883,0.0,0.1682549373682306,0.0050150451354062184,,0.0003178639542275906,0.019071837253655435,0.4807283924806589
2017-01-31,0.0,0.0,0.0,0,0,False,0.0,0.0,0.0,0.0,0.0,0.0,0.0,100.0,100.0,Inactive,0.0,0,0.0,0.0,0.0,0.0,0.07210925887209883,0.0,0.1682549373682306,0.0050150451354062184,,0.0003178639542275906,0.019071837253655435,0.4807283924806589
2017-02-01,0.0,0.0,0.0,0,0,False,0.0,0.0,0.0,0.0,0.0,0.0,0.0,100.0,100.0,Inactive,0.0,0,0.0,0.0,0.0,0.0,0.07210925887209883,0.0,0.1682549373682306,0.0050150451354062184,,0.0003178639542275906,0.019071837253655435,0.4807283924806589
2017-02-02,0.0,0.0,0.0,0,0,False,0.0,0.0,0.0,0.0,0.0,0.0,0.0,100.0,100.0,Inactive,0.0,0,0.0,0.0,0.0,0.0,0.07210925887209883,0.0,0.1682549373682306,0.0050150451354062184,,0.0003178639542275906,0.019071837253655435,0.4807283924806589
2017-02-03,0.0,0.0,0.0,0,0,False,0.0,0.0,0.0,0.0,0.0,0.0,0.0,100.0,100.0,Inactive,0.0,0,0.0,0.0,0.0,0.0,0.07210925887209883,0.0,0.1682549373682306,0.0050150451354062184,,0.0003178639542275906,0.019071837253655435,0.4807283924806589
2017-02-04,0.0,0.0,0.0,0,0,False,0.0,0.0,0.0,0.0,0.0,0.0,0.0,100.0,100.0,Inactive,0.0,0,0.0,0.0,0.0,0.0,0.07210925887209883,0.0,0.1682549373682306,0.0050150451354062184,,0.0003178639542275906,0.019071837253655435,0.4807283924806589
2017-02-05,0.0,0.0,0.0,0,0,False,0.0,0.0,0.0,0.0,0.0,0.0,0.0,100.0,100.0,Inactive,0.0,0,0.0,0.0,0.0,0.0,0.07210925887209883,0.0,0.1682549373682306,0.0050150451354062184,,0.0003178639542275906,0.019071837253655435,0.4807283924806589
2017-02-06,0.0,0.0,0.0,0,0,False,0.0,0.0,0.0,0.0,0.0,0.0,0.0,100.0,100.0,Inactive,0.0,0,0.0,0.0,0.0,0.0,0.07210925887209883,0.0,0.1682549373682306,0.0050150451354062184,,0.0003178639542275906,0.019071837253655435,0.4807283924806589
2017-02-07,0.0,0.0,0.0,0,0,False,0.0,0.0,0.0,0.0,0.0,0.0,0.0,100.0,100.0,Inactive,0.0,0,0.0,0.0,0.0,0.0,0.07210925887209883,0.0,0.1682549373682306,0.0050150451354062184,,0.0003178639542275906,0.019071837253655435,0.4807283924806589
2017-02-08,0.0,0.0,0.0,0,0,False,0.0,0.0,0.0,0.0,0.0,0.0,0.0,100.0,100.0,Inactive,0.0,0,0.0,0.0,0.0,0.0,0.07210925887209883,0.0,0.1682549373682306,0.0050150451354062184,,0.0003178639542275906,0.019071837253655435,0.4807283924806589
2017-02-09,0.0,0.0,0.0,0,0,False,0.0,0.0,0.0,0.0,0.0,0.0,0.0,100.0,100.0,Inactive,0.0,0,0.0,0.0,0.0,0.0,0.07210925887209883,0.0,0.1682549373682306,0.0050150451354062184,,0.0003178639542275906,0.019071837253655435,0.4807283924806589
2017-02-10,0.0,0.0,0.0,0,0,False,0.0,0.0,0.0,0.0,0.0,0.0,0.0,100.0,100.0,Inactive,0.0,0,0.0,0.0,0.0,0.0,0.07210925887209883,0.0,0.1682549373682306,0.0050150451354062184,,0.0003178639542275906,0.019071837253655435,0.4807283924806589
2017-02-11,0.0,0.0,0.0,0,0,False,0.0,0.0,0.0,0.0,0.0,0.0,0.0,100.0,100.0,Inactive,0.0,0,0.0,0.0,0.0,0.0,0.07210925887209883,0.0,0.1682549373682306,0.0050150451354062184,,0.0003178639542275906,0.019071837253655435,0.4807283924806589
2017-02-12,0.0,0.0,0.0,0,0,False,0.0,0.0,0.0,0.0,0.0,0.0,0.0,100.0,100.0,Inactive,0.0,0,0.0,0.0,0.0,0.0,0.07210925887209883,0.0,0.1682549373682306,0.0050150451354062184,,0.0003178639542275906,0.019071837253655435,0.4807283924806589
2017-02-13,0.0,0.0,0.0,0,0,False,0.0,0.0,0.0,0.0,0.0,0.0,0.0,100.0,100.0,Inactive,0.0,0,0.0,0.0,0.0,0.0,0.07210925887209883,0.0,0.1682549373682306,0.0050150451354062184,,0.0003178639542275906,0.019071837253655435,0.4807283924806589
2017-02-14,0.0,0.0,0.0,0,0,False,0.0,0.0,0.0,0.0,0.0,0.0,0.0,100.0,100.0,Inactive,0.0,0,0.0,0.0,0.0,0.0,0.07210925887209883,0.0,0.1682549373682306,0.0050150451354062184,,0.0003178639542275906,0.019071837253655435,0.4807283924806589
2017-02-15,0.0,0.0,0.0,0,0,False,0.0,0.0,0.0,0.0,0.0,0.0,0.0,100.0,100.0,Inactive,0.0,0,0.0,0.0,0.0,0.0,0.07210925887209883,0.0,0.1682549373682306,0.0050150451354062184,,0.0003178639542275906,0.019071837253655435,0.4807283924806589
2017-02-16,0.0,0.0,0.0,0,0,False,0.0,0.0,0.0,0.0,0.0,0.0,0.0,100.0,100.0,Inactive,0.0,0,0.0,0.0,0.0,0.0,0.07210925887209883,0.0,0.1682549373682306,0.0050150451354062184,,0.0003178639542275906,0.019071837253655435,0.4807283924806589
2017-02-17,0.0,0.0,0.0,0,0,False,0.0,0.0,0.0,0.0,0.0,0.0,0.0,100.0,100.0,Inactive,0.0,0,0.0,0.0,0.0,0.0,0.07210925887209883,0.0,0.1682549373682306,0.0050150451354062184,,0.0003178639542275906,0.019071837253655435,0.4807283924806589
2017-02-18,0.0,0.0,0.0,0,0,False,0.0,0.0,0.0,0.0,0.0,0.0,0.0,100.0,100.0,Inactive,0.0,0,0.0,0.0,0.0,0.0,0.07210925887209883,0.0,0.1682549373682306,0.0050150451354062184,,0.0003178639542275906,0.019071837253655435,0.4807283924806589
2017-02-19,0.0,0.0,0.0,0,0,False,0.0,0.0,0.0,0.0,0.0,0.0,0.0,100.0,100.0,Inactive,0.0,0,0.0,0.0,0.0,0.0,0.07210925887209883,0.0,0.1682549373682306,0.0050150451354062184,,0.0003178639542275906,0.019071837253655435,0.4807283924806589
2017-02-20,0.0,0.0,0.0,0,0,False,0.0,0.0,0.0,0.0,0.0,0.0,0.0,100.0,100.0,Inactive,0.0,0,0.0,0.0,0.0,0.0,0.07210925887209883,0.0,0.1682549373682306,0.0050150451354062184,,0.0003178639542275906,0.019071837253655435,0.4807283924806589
2017-02-21,0.0,0.0,0.0,0,0,False,0.0,0.0,0.0,0.0,0.0,0.0,0.0,100.0,100.0,Inactive,0.0,0,0.0,0.0,0.0,0.0,0.07210925887209883,0.0,0.1682549373682306,0.0050150451354062184,,0.0003178639542275906,0.019071837253655435,0.4807283924806589
2017-02-22,0.0,0.0,0.0,0,0,False,0.0,0.0,0.0,0.0,0.0,0.0,0.0,100.0,100.0,Inactive,0.0,0,0.0,0.0,0.0,0.0,0.07210925887209883,0.0,0.1682549373682306,0.0050150451354062184,,0.0003178639542275906,0.019071837253655435,0.4807283924806589
2017-02-23,0.0,0.0,0.0,0,0,False,0.0,0.0,0.0,0.0,0.0,0.0,0.0,100.0,100.0,Inactive,0.0,0,0.0,0.0,0.0,0.0,0.07210925887209883,0.0,0.1682549373682306,0.0050150451354062184,,0.0003178639542275906,0.019071837253655435,0.4807283924806589
2017-02-24,0.0,0.0,0.0,0,0,False,0.0,0.0,0.0,0.0,0.0,0.0,0.0,100.0,100.0,Inactive,0.0,0,0.0,0.0,0.0,0.0,0.07210925887209883,0.0,0.1682549373682306,0.0050150451354062184,,0.0003178639542275906,0.019071837253655435,0.4807283924806589
2017-02-25,0.0,0.0,0.0,0,0,False,0.0,0.0,0.0,0.0,0.0,0.0,0.0,100.0,100.0,Inactive,0.0,0,0.0,0.0,0.0,0.0,0.07210925887209883,0.0,0.1682549373682306,0.0050150451354062184,,0.0003178639542275906,0.019071837253655435,0.4807283924806589
2017-02-26,0.0,0.0,0.0,0,0,False,0.0,0.0,0.0,0.0,0.0,0.0,0.0,100.0,100.0,Inactive,0.0,0,0.0,0.0,0.0,0.0,0.07210925887209883,0.0,0.1682549373682306,0.0050150451354062184,,0.0003178639542275906,0.019071837253655435,0.4807283924806589
2017-02-27,0.0,0.0,0.0,0,0,False,0.0,0.0,0.0,0.0,0.0,0.0,0.0,100.0,100.0,Inactive,0.0,0,0.0,0.0,0.0,0.0,0.07210925887209883,0.0,0.1682549373682306,0.0050150451354062184,,0.0003178639542275906,0.019071837253655435,0.4807283924806589
2017-02-28,0.0,0.0,0.0,0,0,False,0.0,0.0,0.0,0.0,0.0,0.0,0.0,100.0,100.0,Inactive,0.0,0,0.0,0.0,0.0,0.0,0.07210925887209883,0.0,0.1682549373682306,0.0050150451354062184,,0.0003178639542275906,0.019071837253655435,0.4807283924806589
2017-03-01,0.0,0.0,0.0,0,0,False,0.0,0.0,0.0,0.0,0.0,0.0,0.0,100.0,100.0,Inactive,0.0,0,0.0,0.0,0.0,0.0,0.07210925887209883,0.0,0.1682549373682306,0.0050150451354062184,,0.0003178639542275906,0.019071837253655435,0.4807283924806589
2017-03-02,0.0,0.0,0.0,0,0,False,0.0,0.0,0.0,0.0,0.0,0.0,0.0,100.0,100.0,Inactive,0.0,0,0.0,0.0,0.0,0.0,0.07210925887209883,0.0,0.1682549373682306,0.0050150451354062184,,0.0003178639542275906,0.019071837253655435,0.4807283924806589
2017-03-03,0.0,0.0,0.0,0,0,False,0.0,0.0,0.0,0.0,0.0,0.0,0.0,100.0,100.0,Inactive,0.0,0,0.0,0.0,0.0,0.0,0.07210925887209883,0.0,0.1682549373682306,0.0050150451354062184,,0.0003178639542275906,0.019071837253655435,0.4807283924806589
2017-03-04,0.0,0.0,0.0,0,0,False,0.0,0.0,0.0,0.0,0.0,0.0,0.0,100.0,100.0,Inactive,0.0,0,0.0,0.0,0.0,0.0,0.07210925887209883,0.0,0.1682549373682306,0.0050150451354062184,,0.0003178639542275906,0.019071837253655435,0.4807283924806589
2017-03-05,0.0,0.0,0.0,0,0,False,0.0,0.0,0.0,0.0,0.0,0.0,0.0,100.0,100.0,Inactive,0.0,0,0.0,0.0,0.0,0.0,0.07210925887209883,0.0,0.1682549373682306,0.0050150451354062184,,0.0003178639542275906,0.019071837253655435,0.4807283924806589
2017-03-06,0.0,0.0,0.0,0,0,False,0.0,0.0,0.0,0.0,0.0,0.0,0.0,100.0,100.0,Inactive,0.0,0,0.0,0.0,0.0,0.0,0.07210925887209883,0.0,0.1682549373682306,0.0050150451354062184,,0.0003178639542275906,0.019071837253655435,0.4807283924806589
2017-03-07,0.0,0.0,0.0,0,0,False,0.0,0.0,0.0,0.0,0.0,0.0,0.0,100.0,100.0,Inactive,0.0,0,0.0,0.0,0.0,0.0,0.07210925887209883,0.0,0.1682549373682306,0.0050150451354062184,,0.0003178639542275906,0.019071837253655435,0.4807283924806589
2017-03-08,0.0,0.0,0.0,0,0,False,0.0,0.0,0.0,0.0,0.0,0.0,0.0,100.0,100.0,Inactive,0.0,0,0.0,0.0,0.0,0.0,0.07210925887209883,0.0,0.1682549373682306,0.0050150451354062184,,0.0003178639542275906,0.019071837253655435,0.4807283924806589
2017-03-09,0.0,0.0,0.0,0,0,False,0.0,0.0,0.0,0.0,0.0,0.0,0.0,100.0,100.0,Inactive,0.0,0,0.0,0.0,0.0,0.0,0.07210925887209883,0.0,0.1682549373682306,0.0050150451354062184,,0.0003178639542275906,0.019071837253655435,0.4807283924806589
2017-03-10,0.0,0.0,0.0,0,0,False,0.0,0.0,0.0,0.0,0.0,0.0,0.0,100.0,100.0,Inactive,0.0,0,0.0,0.0,0.0,0.0,0.07210925887209883,0.0,0.1682549373682306,0.0050150451354062184,,0.0003178639542275906,0.019071837253655435,0.4807283924806589
2017-03-11,0.0,0.0,0.0,0,0,False,0.0,0.0,0.0,0.0,0.0,0.0,0.0,100.0,100.0,Inactive,0.0,0,0.0,0.0,0.0,0.0,0.07210925887209883,0.0,0.1682549373682306,0.0050150451354062184,,0.0003178639542275906,0.019071837253655435,0.4807283924806589
2017-03-12,0.0,0.0,0.0,0,0,False,0.0,0.0,0.0,0.0,0.0,0.0,0.0,100.0,100.0,Inactive,0.0,0,0.0,0.0,0.0,0.0,0.07210925887209883,0.0,0.1682549373682306,0.0050150451354062184,,0.0003178639542275906,0.019071837253655435,0.4807283924806589
2017-03-13,0.0,0.0,0.0,0,0,False,0.0,0.0,0.0,0.0,0.0,0.0,0.0,100.0,100.0,Inactive,0.0,0,0.0,0.0,0.0,0.0,0.07210925887209883,0.0,0.1682549373682306,0.0050150451354062184,,0.0003178639542275906,0.019071837253655435,0.4807283924806589
2017-03-14,0.0,0.0,0.0,0,0,False,0.0,0.0,0.0,0.0,0.0,0.0,0.0,100.0,100.0,Inactive,0.0,0,0.0,0.0,0.0,0.0,0.07210925887209883,0.0,0.1682549373682306,0.0050150451354062184,,0.0003178639542275906,0.019071837253655435,0.4807283924806589
2017-03-15,0.0,0.0,0.0,0,0,False,0.0,0.0,0.0,0.0,0.0,0.0,0.0,100.0,100.0,Inactive,0.0,0,0.0,0.0,0.0,0.0,0.07210925887209883,0.0,0.1682549373682306,0.0050150451354062184,,0.0003178639542275906,0.019071837253655435,0.4807283924806589
2017-03-16,0.0,0.0,0.0,0,0,False,0.0,0.0,0.0,0.0,0.0,0.0,0.0,100.0,100.0,Inactive,0.0,0,0.0,0.0,0.0,0.0,0.07210925887209883,0.0,0.1682549373682306,0.0050150451354062184,,0.0003178639542275906,0.019071837253655435,0.4807283924806589
2017-03-17,0.0,0.0,0.0,0,0,False,0.0,0.0,0.0,0.0,0.0,0.0,0.0,100.0,100.0,Inactive,0.0,0,0.0,0.0,0.0,0.0,0.07210925887209883,0.0,0.1682549373682306,0.0050150451354062184,,0.0003178639542275906,0.019071837253655435,0.4807283924806589
2017-03-18,0.0,0.0,0.0,0,0,False,0.0,0.0,0.0,0.0,0.0,0.0,0.0,100.0,100.0,Inactive,0.0,0,0.0,0.0,0.0,0.0,0.07210925887209883,0.0,0.1682549373682306,0.0050150451354062184,,0.0003178639542275906,0.019071837253655435,0.4807283924806589
2017-03-19,0.0,0.0,0.0,0,0,False,0.0,0.0,0.0,0.0,0.0,0.0,0.0,100.0,100.0,Inactive,0.0,0,0.0,0.0,0.0,0.0,0.07210925887209883,0.0,0.1682549373682306,0.0050150451354062184,,0.0003178639542275906,0.019071837253655435,0.4807283924806589
2017-03-20,0.0,0.0,0.0,0,0,False,0.0,0.0,0.0,0.0,0.0,0.0,0.0,100.0,100.0,Inactive,0.0,0,0.0,0.0,0.0,0.0,0.07210925887209883,0.0,0.1682549373682306,0.0050150451354062184,,0.0003178639542275906,0.019071837253655435,0.4807283924806589
2017-03-21,0.0,0.0,0.0,0,0,False,0.0,0.0,0.0,0.0,0.0,0.0,0.0,100.0,100.0,Inactive,0.0,0,0.0,0.0,0.0,0.0,0.07210925887209883,0.0,0.1682549373682306,0.0050150451354062184,,0.0003178639542275906,0.019071837253655435,0.4807283924806589
2017-03-22,0.0,0.0,0.0,0,0,False,0.0,0.0,0.0,0.0,0.0,0.0,0.0,100.0,100.0,Inactive,0.0,0,0.0,0.0,0.0,0.0,0.07210925887209883,0.0,0.1682549373682306,0.0050150451354062184,,0.0003178639542275906,0.019071837253655435,0.4807283924806589
2017-03-23,0.0,0.0,0.0,0,0,False,0.0,0.0,0.0,0.0,0.0,0.0,0.0,100.0,100.0,Inactive,0.0,0,0.0,0.0,0.0,0.0,0.07210925887209883,0.0,0.1682549373682306,0.0050150451354062184,,0.0003178639542275906,0.019071837253655435,0.4807283924806589
2017-03-24,0.0,0.0,0.0,0,0,False,0.0,0.0,0.0,0.0,0.0,0.0,0.0,100.0,100.0,Inactive,0.0,0,0.0,0.0,0.0,0.0,0.07210925887209883,0.0,0.1682549373682306,0.0050150451354062184,,0.0003178639542275906,0.019071837253655435,0.4807283924806589
2017-03-25,0.0,0.0,0.0,0,0,False,0.0,0.0,0.0,0.0,0.0,0.0,0.0,100.0,100.0,Inactive,0.0,0,0.0,0.0,0.0,0.0,0.07210925887209883,0.0,0.1682549373682306,0.0050150451354062184,,0.0003178639542275906,0.019071837253655435,0.4807283924806589
2017-03-26,0.0,0.0,0.0,0,0,False,0.0,0.0,0.0,0.0,0.0,0.0,0.0,100.0,100.0,Inactive,0.0,0,0.0,0.0,0.0,0.0,0.07210925887209883,0.0,0.1682549373682306,0.0050150451354062184,,0.0003178639542275906,0.019071837253655435,0.4807283924806589
2017-03-27,0.0,0.0,0.0,0,0,False,0.0,0.0,0.0,0.0,0.0,0.0,0.0,100.0,100.0,Inactive,0.0,0,0.0,0.0,0.0,0.0,0.07210925887209883,0.0,0.1682549373682306,0.0050150451354062184,,0.0003178639542275906,0.019071837253655435,0.4807283924806589
2017-03-28,0.0,0.0,0.0,0,0,False,0.0,0.0,0.0,0.0,0.0,0.0,0.0,100.0,100.0,Inactive,0.0,0,0.0,0.0,0.0,0.0,0.07210925887209883,0.0,0.1682549373682306,0.0050150451354062184,,0.0003178639542275906,0.019071837253655435,0.4807283924806589
2017-03-29,0.0,0.0,0.0,0,0,False,0.0,0.0,0.0,0.0,0.0,0.0,0.0,100.0,100.0,Inactive,0.0,0,0.0,0.0,0.0,0.0,0.07210925887209883,0.0,0.1682549373682306,0.0050150451354062184,,0.0003178639542275906,0.019071837253655435,0.4807283924806589
2017-03-30,0.0,0.0,0.0,0,0,False,0.0,0.0,0.0,0.0,0.0,0.0,0.0,100.0,100.0,Inactive,0.0,0,0.0,0.0,0.0,0.0,0.07210925887209883,0.0,0.1682549373682306,0.0050150451354062184,,0.0003178639542275906,0.019071837253655435,0.4807283924806589
2017-03-31,0.0,0.0,0.0,0,0,False,0.0,0.0,0.0,0.0,0.0,0.0,0.0,100.0,100.0,Inactive,0.0,0,0.0,0.0,0.0,0.0,0.07210925887209883,0.0,0.1682549373682306,0.0050150451354062184,,0.0003178639542275906,0.019071837253655435,0.4807283924806589
2017-04-01,0.0,0.0,0.0,0,0,False,0.0,0.0,0.0,0.0,0.0,0.0,0.0,100.0,100.0,Inactive,0.0,0,0.0,0.0,0.0,0.0,0.07210925887209883,0.0,0.1682549373682306,0.0050150451354062184,,0.0003178639542275906,0.019071837253655435,0.4807283924806589
2017-04-02,0.0,0.0,0.0,0,0,False,0.0,0.0,0.0,0.0,0.0,0.0,0.0,100.0,100.0,Inactive,0.0,0,0.0,0.0,0.0,0.0,0.07210925887209883,0.0,0.1682549373682306,0.0050150451354062184,,0.0003178639542275906,0.019071837253655435,0.4807283924806589
2017-04-03,0.0,0.0,0.0,0,0,False,0.0,0.0,0.0,0.0,0.0,0.0,0.0,100.0,100.0,Inactive,0.0,0,0.0,0.0,0.0,0.0,0.07210925887209883,0.0,0.1682549373682306,0.0050150451354062184,,0.0003178639542275906,0.019071837253655435,0.4807283924806589
2017-04-04,0.0,0.0,0.0,0,0,False,0.0,0.0,0.0,0.0,0.0,0.0,0.0,100.0,100.0,Inactive,0.0,0,0.0,0.0,0.0,0.0,0.07210925887209883,0.0,0.1682549373682306,0.0050150451354062184,,0.0003178639542275906,0.019071837253655435,0.4807283924806589
2017-04-05,0.0,0.0,0.0,0,0,False,0.0,0.0,0.0,0.0,0.0,0.0,0.0,100.0,100.0,Inactive,0.0,0,0.0,0.0,0.0,0.0,0.07210925887209883,0.0,0.1682549373682306,0.0050150451354062184,,0.0003178639542275906,0.019071837253655435,0.4807283924806589
2017-04-06,0.0,0.0,0.0,0,0,False,0.0,0.0,0.0,0.0,0.0,0.0,0.0,100.0,100.0,Inactive,0.0,0,0.0,0.0,0.0,0.0,0.07210925887209883,0.0,0.1682549373682306,0.0050150451354062184,,0.0003178639542275906,0.019071837253655435,0.4807283924806589
2017-04-07,0.0,0.0,0.0,0,0,False,0.0,0.0,0.0,0.0,0.0,0.0,0.0,100.0,100.0,Inactive,0.0,0,0.0,0.0,0.0,0.0,0.07210925887209883,0.0,0.1682549373682306,0.0050150451354062184,,0.0003178639542275906,0.019071837253655435,0.4807283924806589
2017-04-08,0.0,0.0,0.0,0,0,False,0.0,0.0,0.0,0.0,0.0,0.0,0.0,100.0,100.0,Inactive,0.0,0,0.0,0.0,0.0,0.0,0.07210925887209883,0.0,0.1682549373682306,0.0050150451354062184,,0.0003178639542275906,0.019071837253655435,0.4807283924806589
2017-04-09,0.0,0.0,0.0,0,0,False,0.0,0.0,0.0,0.0,0.0,0.0,0.0,100.0,100.0,Inactive,0.0,0,0.0,0.0,0.0,0.0,0.07210925887209883,0.0,0.1682549373682306,0.0050150451354062184,,0.0003178639542275906,0.019071837253655435,0.4807283924806589
2017-04-10,0.0,0.0,0.0,0,0,False,0.0,0.0,0.0,0.0,0.0,0.0,0.0,100.0,100.0,Inactive,0.0,0,0.0,0.0,0.0,0.0,0.07210925887209883,0.0,0.1682549373682306,0.0050150451354062184,,0.0003178639542275906,0.019071837253655435,0.4807283924806589
2017-04-11,0.0,0.0,0.0,0,0,False,0.0,0.0,0.0,0.0,0.0,0.0,0.0,100.0,100.0,Inactive,0.0,0,0.0,0.0,0.0,0.0,0.07210925887209883,0.0,0.1682549373682306,0.0050150451354062184,,0.0003178639542275906,0.019071837253655435,0.4807283924806589
2017-04-12,0.0,0.0,0.0,0,0,False,0.0,0.0,0.0,0.0,0.0,0.0,0.0,100.0,100.0,Inactive,0.0,0,0.0,0.0,0.0,0.0,0.07210925887209883,0.0,0.1682549373682306,0.0050150451354062184,,0.0003178639542275906,0.019071837253655435,0.4807283924806589
2017-04-13,0.0,0.0,0.0,0,0,False,0.0,0.0,0.0,0.0,0.0,0.0,0.0,100.0,100.0,Inactive,0.0,0,0.0,0.0,0.0,0.0,0.07210925887209883,0.0,0.1682549373682306,0.0050150451354062184,,0.0003178639542275906,0.019071837253655435,0.4807283924806589
2017-04-14,0.0,0.0,0.0,0,0,False,0.0,0.0,0.0,0.0,0.0,0.0,0.0,100.0,100.0,Inactive,0.0,0,0.0,0.0,0.0,0.0,0.07210925887209883,0.0,0.1682549373682306,0.0050150451354062184,,0.0003178639542275906,0.019071837253655435,0.4807283924806589
2017-04-15,0.0,0.0,0.0,0,0,False,0.0,0.0,0.0,0.0,0.0,0.0,0.0,100.0,100.0,Inactive,0.0,0,0.0,0.0,0.0,0.0,0.07210925887209883,0.0,0.1682549373682306,0.0050150451354062184,,0.0003178639542275906,0.019071837253655435,0.4807283924806589
2017-04-16,0.0,0.0,0.0,0,0,False,0.0,0.0,0.0,0.0,0.0,0.0,0.0,100.0,100.0,Inactive,0.0,0,0.0,0.0,0.0,0.0,0.07210925887209883,0.0,0.1682549373682306,0.0050150451354062184,,0.0003178639542275906,0.019071837253655435,0.4807283924806589
2017-04-17,0.0,0.0,0.0,0,0,False,0.0,0.0,0.0,0.0,0.0,0.0,0.0,100.0,100.0,Inactive,0.0,0,0.0,0.0,0.0,0.0,0.07210925887209883,0.0,0.1682549373682306,0.0050150451354062184,,0.0003178639542275906,0.019071837253655435,0.4807283924806589
2017-04-18,0.0,0.0,0.0,0,0,False,0.0,0.0,0.0,0.0,0.0,0.0,0.0,100.0,100.0,Inactive,0.0,0,0.0,0.0,0.0,0.0,0.07210925887209883,0.0,0.1682549373682306,0.0050150451354062184,,0.0003178639542275906,0.019071837253655435,0.4807283924806589
2017-04-19,0.0,0.0,0.0,0,0,False,0.0,0.0,0.0,0.0,0.0,0.0,0.0,100.0,100.0,Inactive,0.0,0,0.0,0.0,0.0,0.0,0.07210925887209883,0.0,0.1682549373682306,0.0050150451354062184,,0.0003178639542275906,0.019071837253655435,0.4807283924806589
2017-04-20,0.0,0.0,0.0,0,0,False,0.0,0.0,0.0,0.0,0.0,0.0,0.0,100.0,100.0,Inactive,0.0,0,0.0,0.0,0.0,0.0,0.07210925887209883,0.0,0.1682549373682306,0.0050150451354062184,,0.0003178639542275906,0.019071837253655435,0.4807283924806589
2017-04-21,0.0,0.0,0.0,0,0,False,0.0,0.0,0.0,0.0,0.0,0.0,0.0,100.0,100.0,Inactive,0.0,0,0.0,0.0,0.0,0.0,0.07210925887209883,0.0,0.1682549373682306,0.0050150451354062184,,0.0003178639542275906,0.019071837253655435,0.4807283924806589
2017-04-22,0.0,0.0,0.0,0,0,False,0.0,0.0,0.0,0.0,0.0,0.0,0.0,100.0,100.0,Inactive,0.0,0,0.0,0.0,0.0,0.0,0.07210925887209883,0.0,0.1682549373682306,0.0050150451354062184,,0.0003178639542275906,0.019071837253655435,0.4807283924806589
2017-04-23,0.0,0.0,0.0,0,0,False,0.0,0.0,0.0,0.0,0.0,0.0,0.0,100.0,100.0,Inactive,0.0,0,0.0,0.0,0.0,0.0,0.07210925887209883,0.0,0.1682549373682306,0.0050150451354062184,,0.0003178639542275906,0.019071837253655435,0.4807283924806589
2017-04-24,0.0,0.0,0.0,0,0,False,0.0,0.0,0.0,0.0,0.0,0.0,0.0,100.0,100.0,Inactive,0.0,0,0.0,0.0,0.0,0.0,0.07210925887209883,0.0,0.1682549373682306,0.0050150451354062184,,0.0003178639542275906,0.019071837253655435,0.4807283924806589
2017-04-25,0.0,0.0,0.0,0,0,False,0.0,0.0,0.0,0.0,0.0,0.0,0.0,100.0,100.0,Inactive,0.0,0,0.0,0.0,0.0,0.0,0.07210925887209883,0.0,0.1682549373682306,0.0050150451354062184,,0.0003178639542275906,0.019071837253655435,0.4807283924806589
2017-04-26,0.0,0.0,0.0,0,0,False,0.0,0.0,0.0,0.0,0.0,0.0,0.0,100.0,100.0,Inactive,0.0,0,0.0,0.0,0.0,0.0,0.07210925887209883,0.0,0.1682549373682306,0.0050150451354062184,,0.0003178639542275906,0.019071837253655435,0.4807283924806589
2017-04-27,0.0,0.0,0.0,0,0,False,0.0,0.0,0.0,0.0,0.0,0.0,0.0,100.0,100.0,Inactive,0.0,0,0.0,0.0,0.0,0.0,0.07210925887209883,0.0,0.1682549373682306,0.0050150451354062184,,0.0003178639542275906,0.019071837253655435,0.4807283924806589
2017-04-28,0.0,0.0,0.0,0,0,False,0.0,0.0,0.0,0.0,0.0,0.0,0.0,100.0,100.0,Inactive,0.0,0,0.0,0.0,0.0,0.0,0.07210925887209883,0.0,0.1682549373682306,0.0050150451354062184,,0.0003178639542275906,0.019071837253655435,0.4807283924806589
2017-04-29,0.0,0.0,0.0,0,0,False,0.0,0.0,0.0,0.0,0.0,0.0,0.0,100.0,100.0,Inactive,0.0,0,0.0,0.0,0.0,0.0,0.07210925887209883,0.0,0.1682549373682306,0.0050150451354062184,,0.0003178639542275906,0.019071837253655435,0.4807283924806589
2017-04-30,0.0,0.0,0.0,0,0,False,0.0,0.0,0.0,0.0,0.0,0.0,0.0,100.0,100.0,Inactive,0.0,0,0.0,0.0,0.0,0.0,0.07210925887209883,0.0,0.1682549373682306,0.0050150451354062184,,0.0003178639542275906,0.019071837253655435,0.4807283924806589
2017-05-01,0.0,0.0,0.0,0,0,False,0.0,0.0,0.0,0.0,0.0,0.0,0.0,100.0,100.0,Inactive,0.0,0,0.0,0.0,0.0,0.0,0.07210925887209883,0.0,0.1682549373682306,0.0050150451354062184,,0.0003178639542275906,0.019071837253655435,0.4807283924806589
2017-05-02,0.0,0.0,0.0,0,0,False,0.0,0.0,0.0,0.0,0.0,0.0,0.0,100.0,100.0,Inactive,0.0,0,0.0,0.0,0.0,0.0,0.07210925887209883,0.0,0.1682549373682306,0.0050150451354062184,,0.0003178639542275906,0.019071837253655435,0.4807283924806589
2017-05-03,0.0,0.0,0.0,0,0,False,0.0,0.0,0.0,0.0,0.0,0.0,0.0,100.0,100.0,Inactive,0.0,0,0.0,0.0,0.0,0.0,0.07210925887209883,0.0,0.1682549373682306,0.0050150451354062184,,0.0003178639542275906,0.019071837253655435,0.4807283924806589
2017-05-04,0.0,0.0,0.0,0,0,False,0.0,0.0,0.0,0.0,0.0,0.0,0.0,100.0,100.0,Inactive,0.0,0,0.0,0.0,0.0,0.0,0.07210925887209883,0.0,0.1682549373682306,0.0050150451354062184,,0.0003178639542275906,0.019071837253655435,0.4807283924806589
2017-05-05,0.0,0.0,0.0,0,0,False,0.0,0.0,0.0,0.0,0.0,0.0,0.0,100.0,100.0,Inactive,0.0,0,0.0,0.0,0.0,0.0,0.07210925887209883,0.0,0.1682549373682306,0.0050150451354062184,,0.0003178639542275906,0.019071837253655435,0.4807283924806589
2017-05-06,0.0,0.0,0.0,0,0,False,0.0,0.0,0.0,0.0,0.0,0.0,0.0,100.0,100.0,Inactive,0.0,0,0.0,0.0,0.0,0.0,0.07210925887209883,0.0,0.1682549373682306,0.0050150451354062184,,0.0003178639542275906,0.019071837253655435,0.4807283924806589
2017-05-07,0.0,0.0,0.0,0,0,False,0.0,0.0,0.0,0.0,0.0,0.0,0.0,100.0,100.0,Inactive,0.0,0,0.0,0.0,0.0,0.0,0.07210925887209883,0.0,0.1682549373682306,0.0050150451354062184,,0.0003178639542275906,0.019071837253655435,0.4807283924806589
2017-05-08,0.0,0.0,0.0,0,0,False,0.0,0.0,0.0,0.0,0.0,0.0,0.0,100.0,100.0,Inactive,0.0,0,0.0,0.0,0.0,0.0,0.07210925887209883,0.0,0.1682549373682306,0.0050150451354062184,,0.0003178639542275906,0.019071837253655435,0.4807283924806589
2017-05-09,0.0,0.0,0.0,0,0,False,0.0,0.0,0.0,0.0,0.0,0.0,0.0,100.0,100.0,Inactive,0.0,0,0.0,0.0,0.0,0.0,0.07210925887209883,0.0,0.1682549373682306,0.0050150451354062184,,0.0003178639542275906,0.019071837253655435,0.4807283924806589
2017-05-10,0.0,0.0,0.0,0,0,False,0.0,0.0,0.0,0.0,0.0,0.0,0.0,100.0,100.0,Inactive,0.0,0,0.0,0.0,0.0,0.0,0.07210925887209883,0.0,0.1682549373682306,0.0050150451354062184,,0.0003178639542275906,0.019071837253655435,0.4807283924806589
2017-05-11,0.0,0.0,0.0,0,0,False,0.0,0.0,0.0,0.0,0.0,0.0,0.0,100.0,100.0,Inactive,0.0,0,0.0,0.0,0.0,0.0,0.07210925887209883,0.0,0.1682549373682306,0.0050150451354062184,,0.0003178639542275906,0.019071837253655435,0.4807283924806589
2017-05-12,0.0,0.0,0.0,0,0,False,0.0,0.0,0.0,0.0,0.0,0.0,0.0,100.0,100.0,Inactive,0.0,0,0.0,0.0,0.0,0.0,0.07210925887209883,0.0,0.1682549373682306,0.0050150451354062184,,0.0003178639542275906,0.019071837253655435,0.4807283924806589
2017-05-13,0.0,0.0,0.0,0,0,False,0.0,0.0,0.0,0.0,0.0,0.0,0.0,100.0,100.0,Inactive,0.0,0,0.0,0.0,0.0,0.0,0.07210925887209883,0.0,0.1682549373682306,0.0050150451354062184,,0.0003178639542275906,0.019071837253655435,0.4807283924806589
2017-05-14,0.0,0.0,0.0,0,0,False,0.0,0.0,0.0,0.0,0.0,0.0,0.0,100.0,100.0,Inactive,0.0,0,0.0,0.0,0.0,0.0,0.07210925887209883,0.0,0.1682549373682306,0.0050150451354062184,,0.0003178639542275906,0.019071837253655435,0.4807283924806589
2017-05-15,0.0,0.0,0.0,0,0,False,0.0,0.0,0.0,0.0,0.0,0.0,0.0,100.0,100.0,Inactive,0.0,0,0.0,0.0,0.0,0.0,0.07210925887209883,0.0,0.1682549373682306,0.0050150451354062184,,0.0003178639542275906,0.019071837253655435,0.4807283924806589
2017-05-16,0.0,0.0,0.0,0,0,False,0.0,0.0,0.0,0.0,0.0,0.0,0.0,100.0,100.0,Inactive,0.0,0,0.0,0.0,0.0,0.0,0.07210925887209883,0.0,0.1682549373682306,0.0050150451354062184,,0.0003178639542275906,0.019071837253655435,0.4807283924806589
2017-05-17,0.0,0.0,0.0,0,0,False,0.0,0.0,0.0,0.0,0.0,0.0,0.0,100.0,100.0,Inactive,0.0,0,0.0,0.0,0.0,0.0,0.07210925887209883,0.0,0.1682549373682306,0.0050150451354062184,,0.0003178639542275906,0.019071837253655435,0.4807283924806589
2017-05-18,0.0,0.0,0.0,0,0,False,0.0,0.0,0.0,0.0,0.0,0.0,0.0,100.0,100.0,Inactive,0.0,0,0.0,0.0,0.0,0.0,0.07210925887209883,0.0,0.1682549373682306,0.0050150451354062184,,0.0003178639542275906,0.019071837253655435,0.4807283924806589
2017-05-19,0.0,0.0,0.0,0,0,False,0.0,0.0,0.0,0.0,0.0,0.0,0.0,100.0,100.0,Inactive,0.0,0,0.0,0.0,0.0,0.0,0.07210925887209883,0.0,0.1682549373682306,0.0050150451354062184,,0.0003178639542275906,0.019071837253655435,0.4807283924806589
2017-05-20,0.0,0.0,0.0,0,0,False,0.0,0.0,0.0,0.0,0.0,0.0,0.0,100.0,100.0,Inactive,0.0,0,0.0,0.0,0.0,0.0,0.07210925887209883,0.0,0.1682549373682306,0.0050150451354062184,,0.0003178639542275906,0.019071837253655435,0.4807283924806589
2017-05-21,0.0,0.0,0.0,0,0,False,0.0,0.0,0.0,0.0,0.0,0.0,0.0,100.0,100.0,Inactive,0.0,0,0.0,0.0,0.0,0.0,0.07210925887209883,0.0,0.1682549373682306,0.0050150451354062184,,0.0003178639542275906,0.019071837253655435,0.4807283924806589
2017-05-22,0.0,0.0,0.0,0,0,False,0.0,0.0,0.0,0.0,0.0,0.0,0.0,100.0,100.0,Inactive,0.0,0,0.0,0.0,0.0,0.0,0.07210925887209883,0.0,0.1682549373682306,0.0050150451354062184,,0.0003178639542275906,0.019071837253655435,0.4807283924806589
2017-05-23,0.0,0.0,0.0,0,0,False,0.0,0.0,0.0,0.0,0.0,0.0,0.0,100.0,100.0,Inactive,0.0,0,0.0,0.0,0.0,0.0,0.07210925887209883,0.0,0.1682549373682306,0.0050150451354062184,,0.0003178639542275906,0.019071837253655435,0.4807283924806589
2017-05-24,0.0,0.0,0.0,0,0,False,0.0,0.0,0.0,0.0,0.0,0.0,0.0,100.0,100.0,Inactive,0.0,0,0.0,0.0,0.0,0.0,0.07210925887209883,0.0,0.1682549373682306,0.0050150451354062184,,0.0003178639542275906,0.019071837253655435,0.4807283924806589
2017-05-25,0.0,0.0,0.0,0,0,False,0.0,0.0,0.0,0.0,0.0,0.0,0.0,100.0,100.0,Inactive,0.0,0,0.0,0.0,0.0,0.0,0.07210925887209883,0.0,0.1682549373682306,0.0050150451354062184,,0.0003178639542275906,0.019071837253655435,0.4807283924806589
2017-05-26,0.0,0.0,0.0,0,0,False,0.0,0.0,0.0,0.0,0.0,0.0,0.0,100.0,100.0,Inactive,0.0,0,0.0,0.0,0.0,0.0,0.07210925887209883,0.0,0.1682549373682306,0.0050150451354062184,,0.0003178639542275906,0.019071837253655435,0.4807283924806589
2017-05-27,0.0,0.0,0.0,0,0,False,0.0,0.0,0.0,0.0,0.0,0.0,0.0,100.0,100.0,Inactive,0.0,0,0.0,0.0,0.0,0.0,0.07210925887209883,0.0,0.1682549373682306,0.0050150451354062184,,0.0003178639542275906,0.019071837253655435,0.4807283924806589
2017-05-28,0.0,0.0,0.0,0,0,False,0.0,0.0,0.0,0.0,0.0,0.0,0.0,100.0,100.0,Inactive,0.0,0,0.0,0.0,0.0,0.0,0.07210925887209883,0.0,0.1682549373682306,0.0050150451354062184,,0.0003178639542275906,0.019071837253655435,0.4807283924806589
2017-05-29,0.0,0.0,0.0,0,0,False,0.0,0.0,0.0,0.0,0.0,0.0,0.0,100.0,100.0,Inactive,0.0,0,0.0,0.0,0.0,0.0,0.07210925887209883,0.0,0.1682549373682306,0.0050150451354062184,,0.0003178639542275906,0.019071837253655435,0.4807283924806589
2017-05-30,0.0,0.0,0.0,0,0,False,0.0,0.0,0.0,0.0,0.0,0.0,0.0,100.0,100.0,Inactive,0.0,0,0.0,0.0,0.0,0.0,0.07210925887209883,0.0,0.1682549373682306,0.0050150451354062184,,0.0003178639542275906,0.019071837253655435,0.4807283924806589
2017-05-31,0.0,0.0,0.0,0,0,False,0.0,0.0,0.0,0.0,0.0,0.0,0.0,100.0,100.0,Inactive,0.0,0,0.0,0.0,0.0,0.0,0.07210925887209883,0.0,0.1682549373682306,0.0050150451354062184,,0.0003178639542275906,0.019071837253655435,0.4807283924806589
2017-06-01,0.0,0.0,0.0,0,0,False,0.0,0.0,0.0,0.0,0.0,0.0,0.0,100.0,100.0,Inactive,0.0,0,0.0,0.0,0.0,0.0,0.07210925887209883,0.0,0.1682549373682306,0.0050150451354062184,,0.0003178639542275906,0.019071837253655435,0.4807283924806589
2017-06-02,0.0,0.0,0.0,0,0,False,0.0,0.0,0.0,0.0,0.0,0.0,0.0,100.0,100.0,Inactive,0.0,0,0.0,0.0,0.0,0.0,0.07210925887209883,0.0,0.1682549373682306,0.0050150451354062184,,0.0003178639542275906,0.019071837253655435,0.4807283924806589
2017-06-03,0.0,0.0,0.0,0,0,False,0.0,0.0,0.0,0.0,0.0,0.0,0.0,100.0,100.0,Inactive,0.0,0,0.0,0.0,0.0,0.0,0.07210925887209883,0.0,0.1682549373682306,0.0050150451354062184,,0.0003178639542275906,0.019071837253655435,0.4807283924806589
2017-06-04,0.0,0.0,0.0,0,0,False,0.0,0.0,0.0,0.0,0.0,0.0,0.0,100.0,100.0,Inactive,0.0,0,0.0,0.0,0.0,0.0,0.07210925887209883,0.0,0.1682549373682306,0.0050150451354062184,,0.0003178639542275906,0.019071837253655435,0.4807283924806589
2017-06-05,0.0,0.0,0.0,0,0,False,0.0,0.0,0.0,0.0,0.0,0.0,0.0,100.0,100.0,Inactive,0.0,0,0.0,0.0,0.0,0.0,0.07210925887209883,0.0,0.1682549373682306,0.0050150451354062184,,0.0003178639542275906,0.019071837253655435,0.4807283924806589
2017-06-06,0.0,0.0,0.0,0,0,False,0.0,0.0,0.0,0.0,0.0,0.0,0.0,100.0,100.0,Inactive,0.0,0,0.0,0.0,0.0,0.0,0.07210925887209883,0.0,0.1682549373682306,0.0050150451354062184,,0.0003178639542275906,0.019071837253655435,0.4807283924806589
2017-06-07,0.0,0.0,0.0,0,0,False,0.0,0.0,0.0,0.0,0.0,0.0,0.0,100.0,100.0,Inactive,0.0,0,0.0,0.0,0.0,0.0,0.07210925887209883,0.0,0.1682549373682306,0.0050150451354062184,,0.0003178639542275906,0.019071837253655435,0.4807283924806589
2017-06-08,0.0,0.0,0.0,0,0,False,0.0,0.0,0.0,0.0,0.0,0.0,0.0,100.0,100.0,Inactive,0.0,0,0.0,0.0,0.0,0.0,0.07210925887209883,0.0,0.1682549373682306,0.0050150451354062184,,0.0003178639542275906,0.019071837253655435,0.4807283924806589
2017-06-09,0.0,0.0,0.0,0,0,False,0.0,0.0,0.0,0.0,0.0,0.0,0.0,100.0,100.0,Inactive,0.0,0,0.0,0.0,0.0,0.0,0.07210925887209883,0.0,0.1682549373682306,0.0050150451354062184,,0.0003178639542275906,0.019071837253655435,0.4807283924806589
2017-06-10,0.0,0.0,0.0,0,0,False,0.0,0.0,0.0,0.0,0.0,0.0,0.0,100.0,100.0,Inactive,0.0,0,0.0,0.0,0.0,0.0,0.07210925887209883,0.0,0.1682549373682306,0.0050150451354062184,,0.0003178639542275906,0.019071837253655435,0.4807283924806589
2017-06-11,0.0,0.0,0.0,0,0,False,0.0,0.0,0.0,0.0,0.0,0.0,0.0,100.0,100.0,Inactive,0.0,0,0.0,0.0,0.0,0.0,0.07210925887209883,0.0,0.1682549373682306,0.0050150451354062184,,0.0003178639542275906,0.019071837253655435,0.4807283924806589
2017-06-12,0.0,0.0,0.0,0,0,False,0.0,0.0,0.0,0.0,0.0,0.0,0.0,100.0,100.0,Inactive,0.0,0,0.0,0.0,0.0,0.0,0.07210925887209883,0.0,0.1682549373682306,0.0050150451354062184,,0.0003178639542275906,0.019071837253655435,0.4807283924806589
2017-06-13,0.0,0.0,0.0,0,0,False,0.0,0.0,0.0,0.0,0.0,0.0,0.0,100.0,100.0,Inactive,0.0,0,0.0,0.0,0.0,0.0,0.07210925887209883,0.0,0.1682549373682306,0.0050150451354062184,,0.0003178639542275906,0.019071837253655435,0.4807283924806589
2017-06-14,0.0,0.0,0.0,0,0,False,0.0,0.0,0.0,0.0,0.0,0.0,0.0,100.0,100.0,Inactive,0.0,0,0.0,0.0,0.0,0.0,0.07210925887209883,0.0,0.1682549373682306,0.0050150451354062184,,0.0003178639542275906,0.019071837253655435,0.4807283924806589
2017-06-15,0.0,0.0,0.0,0,0,False,0.0,0.0,0.0,0.0,0.0,0.0,0.0,100.0,100.0,Inactive,0.0,0,0.0,0.0,0.0,0.0,0.07210925887209883,0.0,0.1682549373682306,0.0050150451354062184,,0.0003178639542275906,0.019071837253655435,0.4807283924806589
2017-06-16,0.0,0.0,0.0,0,0,False,0.0,0.0,0.0,0.0,0.0,0.0,0.0,100.0,100.0,Inactive,0.0,0,0.0,0.0,0.0,0.0,0.07210925887209883,0.0,0.1682549373682306,0.0050150451354062184,,0.0003178639542275906,0.019071837253655435,0.4807283924806589
2017-06-17,0.0,0.0,0.0,0,0,False,0.0,0.0,0.0,0.0,0.0,0.0,0.0,100.0,100.0,Inactive,0.0,0,0.0,0.0,0.0,0.0,0.07210925887209883,0.0,0.1682549373682306,0.0050150451354062184,,0.0003178639542275906,0.019071837253655435,0.4807283924806589
2017-06-18,0.0,0.0,0.0,0,0,False,0.0,0.0,0.0,0.0,0.0,0.0,0.0,100.0,100.0,Inactive,0.0,0,0.0,0.0,0.0,0.0,0.07210925887209883,0.0,0.1682549373682306,0.0050150451354062184,,0.0003178639542275906,0.019071837253655435,0.4807283924806589
2017-06-19,0.0,0.0,0.0,0,0,False,0.0,0.0,0.0,0.0,0.0,0.0,0.0,100.0,100.0,Inactive,0.0,0,0.0,0.0,0.0,0.0,0.07210925887209883,0.0,0.1682549373682306,0.0050150451354062184,,0.0003178639542275906,0.019071837253655435,0.4807283924806589
2017-06-20,0.0,0.0,0.0,0,0,False,0.0,0.0,0.0,0.0,0.0,0.0,0.0,100.0,100.0,Inactive,0.0,0,0.0,0.0,0.0,0.0,0.07210925887209883,0.0,0.1682549373682306,0.0050150451354062184,,0.0003178639542275906,0.019071837253655435,0.4807283924806589
2017-06-21,0.0,0.0,0.0,0,0,False,0.0,0.0,0.0,0.0,0.0,0.0,0.0,100.0,100.0,Inactive,0.0,0,0.0,0.0,0.0,0.0,0.07210925887209883,0.0,0.1682549373682306,0.0050150451354062184,,0.0003178639542275906,0.019071837253655435,0.4807283924806589
2017-06-22,0.0,0.0,0.0,0,0,False,0.0,0.0,0.0,0.0,0.0,0.0,0.0,100.0,100.0,Inactive,0.0,0,0.0,0.0,0.0,0.0,0.07210925887209883,0.0,0.1682549373682306,0.0050150451354062184,,0.0003178639542275906,0.019071837253655435,0.4807283924806589
2017-06-23,0.0,0.0,0.0,0,0,False,0.0,0.0,0.0,0.0,0.0,0.0,0.0,100.0,100.0,Inactive,0.0,0,0.0,0.0,0.0,0.0,0.07210925887209883,0.0,0.1682549373682306,0.0050150451354062184,,0.0003178639542275906,0.019071837253655435,0.4807283924806589
2017-06-24,0.0,0.0,0.0,0,0,False,0.0,0.0,0.0,0.0,0.0,0.0,0.0,100.0,100.0,Inactive,0.0,0,0.0,0.0,0.0,0.0,0.07210925887209883,0.0,0.1682549373682306,0.0050150451354062184,,0.0003178639542275906,0.019071837253655435,0.4807283924806589
2017-06-25,0.0,0.0,0.0,0,0,False,0.0,0.0,0.0,0.0,0.0,0.0,0.0,100.0,100.0,Inactive,0.0,0,0.0,0.0,0.0,0.0,0.07210925887209883,0.0,0.1682549373682306,0.0050150451354062184,,0.0003178639542275906,0.019071837253655435,0.4807283924806589
2017-06-26,0.0,0.0,0.0,0,0,False,0.0,0.0,0.0,0.0,0.0,0.0,0.0,100.0,100.0,Inactive,0.0,0,0.0,0.0,0.0,0.0,0.07210925887209883,0.0,0.1682549373682306,0.0050150451354062184,,0.0003178639542275906,0.019071837253655435,0.4807283924806589
2017-06-27,0.0,0.0,0.0,0,0,False,0.0,0.0,0.0,0.0,0.0,0.0,0.0,100.0,100.0,Inactive,0.0,0,0.0,0.0,0.0,0.0,0.07210925887209883,0.0,0.1682549373682306,0.0050150451354062184,,0.0003178639542275906,0.019071837253655435,0.4807283924806589
2017-06-28,0.0,0.0,0.0,0,0,False,0.0,0.0,0.0,0.0,0.0,0.0,0.0,100.0,100.0,Inactive,0.0,0,0.0,0.0,0.0,0.0,0.07210925887209883,0.0,0.1682549373682306,0.0050150451354062184,,0.0003178639542275906,0.019071837253655435,0.4807283924806589
2017-06-29,0.0,0.0,0.0,0,0,False,0.0,0.0,0.0,0.0,0.0,0.0,0.0,100.0,100.0,Inactive,0.0,0,0.0,0.0,0.0,0.0,0.07210925887209883,0.0,0.1682549373682306,0.0050150451354062184,,0.0003178639542275906,0.019071837253655435,0.4807283924806589
2017-06-30,0.0,0.0,0.0,0,0,False,0.0,0.0,0.0,0.0,0.0,0.0,0.0,100.0,100.0,Inactive,0.0,0,0.0,0.0,0.0,0.0,0.07210925887209883,0.0,0.1682549373682306,0.0050150451354062184,,0.0003178639542275906,0.019071837253655435,0.4807283924806589
2017-07-01,0.0,0.0,0.0,0,0,False,0.0,0.0,0.0,0.0,0.0,0.0,0.0,100.0,100.0,Inactive,0.0,0,0.0,0.0,0.0,0.0,0.07210925887209883,0.0,0.1682549373682306,0.0050150451354062184,,0.0003178639542275906,0.019071837253655435,0.4807283924806589
2017-07-02,0.0,0.0,0.0,0,0,False,0.0,0.0,0.0,0.0,0.0,0.0,0.0,100.0,100.0,Inactive,0.0,0,0.0,0.0,0.0,0.0,0.07210925887209883,0.0,0.1682549373682306,0.0050150451354062184,,0.0003178639542275906,0.019071837253655435,0.4807283924806589
2017-07-03,0.0,0.0,0.0,0,0,False,0.0,0.0,0.0,0.0,0.0,0.0,0.0,100.0,100.0,Inactive,0.0,0,0.0,0.0,0.0,0.0,0.07210925887209883,0.0,0.1682549373682306,0.0050150451354062184,,0.0003178639542275906,0.019071837253655435,0.4807283924806589
2017-07-04,0.0,0.0,0.0,0,0,False,0.0,0.0,0.0,0.0,0.0,0.0,0.0,100.0,100.0,Inactive,0.0,0,0.0,0.0,0.0,0.0,0.07210925887209883,0.0,0.1682549373682306,0.0050150451354062184,,0.0003178639542275906,0.019071837253655435,0.4807283924806589
2017-07-05,0.0,0.0,0.0,0,0,False,0.0,0.0,0.0,0.0,0.0,0.0,0.0,100.0,100.0,Inactive,0.0,0,0.0,0.0,0.0,0.0,0.07210925887209883,0.0,0.1682549373682306,0.0050150451354062184,,0.0003178639542275906,0.019071837253655435,0.4807283924806589
2017-07-06,0.0,0.0,0.0,0,0,False,0.0,0.0,0.0,0.0,0.0,0.0,0.0,100.0,100.0,Inactive,0.0,0,0.0,0.0,0.0,0.0,0.07210925887209883,0.0,0.1682549373682306,0.0050150451354062184,,0.0003178639542275906,0.019071837253655435,0.4807283924806589
2017-07-07,0.0,0.0,0.0,0,0,False,0.0,0.0,0.0,0.0,0.0,0.0,0.0,100.0,100.0,Inactive,0.0,0,0.0,0.0,0.0,0.0,0.07210925887209883,0.0,0.1682549373682306,0.0050150451354062184,,0.0003178639542275906,0.019071837253655435,0.4807283924806589
2017-07-08,0.0,0.0,0.0,0,0,False,0.0,0.0,0.0,0.0,0.0,0.0,0.0,100.0,100.0,Inactive,0.0,0,0.0,0.0,0.0,0.0,0.07210925887209883,0.0,0.1682549373682306,0.0050150451354062184,,0.0003178639542275906,0.019071837253655435,0.4807283924806589
2017-07-09,0.0,0.0,0.0,0,0,False,0.0,0.0,0.0,0.0,0.0,0.0,0.0,100.0,100.0,Inactive,0.0,0,0.0,0.0,0.0,0.0,0.07210925887209883,0.0,0.1682549373682306,0.0050150451354062184,,0.0003178639542275906,0.019071837253655435,0.4807283924806589
2017-07-10,0.0,0.0,0.0,0,0,False,0.0,0.0,0.0,0.0,0.0,0.0,0.0,100.0,100.0,Inactive,0.0,0,0.0,0.0,0.0,0.0,0.07210925887209883,0.0,0.1682549373682306,0.0050150451354062184,,0.0003178639542275906,0.019071837253655435,0.4807283924806589
2017-07-11,0.0,0.0,0.0,0,0,False,0.0,0.0,0.0,0.0,0.0,0.0,0.0,100.0,100.0,Inactive,0.0,0,0.0,0.0,0.0,0.0,0.07210925887209883,0.0,0.1682549373682306,0.0050150451354062184,,0.0003178639542275906,0.019071837253655435,0.4807283924806589
2017-07-12,0.0,0.0,0.0,0,0,False,0.0,0.0,0.0,0.0,0.0,0.0,0.0,100.0,100.0,Inactive,0.0,0,0.0,0.0,0.0,0.0,0.07210925887209883,0.0,0.1682549373682306,0.0050150451354062184,,0.0003178639542275906,0.019071837253655435,0.4807283924806589
2017-07-13,0.0,0.0,0.0,0,0,False,0.0,0.0,0.0,0.0,0.0,0.0,0.0,100.0,100.0,Inactive,0.0,0,0.0,0.0,0.0,0.0,0.07210925887209883,0.0,0.1682549373682306,0.0050150451354062184,,0.0003178639542275906,0.019071837253655435,0.4807283924806589
2017-07-14,0.0,0.0,0.0,0,0,False,0.0,0.0,0.0,0.0,0.0,0.0,0.0,100.0,100.0,Inactive,0.0,0,0.0,0.0,0.0,0.0,0.07210925887209883,0.0,0.1682549373682306,0.0050150451354062184,,0.0003178639542275906,0.019071837253655435,0.4807283924806589
2017-07-15,0.0,0.0,0.0,0,0,False,0.0,0.0,0.0,0.0,0.0,0.0,0.0,100.0,100.0,Inactive,0.0,0,0.0,0.0,0.0,0.0,0.07210925887209883,0.0,0.1682549373682306,0.0050150451354062184,,0.0003178639542275906,0.019071837253655435,0.4807283924806589
2017-07-16,0.0,0.0,0.0,0,0,False,0.0,0.0,0.0,0.0,0.0,0.0,0.0,100.0,100.0,Inactive,0.0,0,0.0,0.0,0.0,0.0,0.07210925887209883,0.0,0.1682549373682306,0.0050150451354062184,,0.0003178639542275906,0.019071837253655435,0.4807283924806589
2017-07-17,0.0,0.0,0.0,0,0,False,0.0,0.0,0.0,0.0,0.0,0.0,0.0,100.0,100.0,Inactive,0.0,0,0.0,0.0,0.0,0.0,0.07210925887209883,0.0,0.1682549373682306,0.0050150451354062184,,0.0003178639542275906,0.019071837253655435,0.4807283924806589
2017-07-18,0.0,0.0,0.0,0,0,False,0.0,0.0,0.0,0.0,0.0,0.0,0.0,100.0,100.0,Inactive,0.0,0,0.0,0.0,0.0,0.0,0.07210925887209883,0.0,0.1682549373682306,0.0050150451354062184,,0.0003178639542275906,0.019071837253655435,0.4807283924806589
2017-07-19,0.0,0.0,0.0,0,0,False,0.0,0.0,0.0,0.0,0.0,0.0,0.0,100.0,100.0,Inactive,0.0,0,0.0,0.0,0.0,0.0,0.07210925887209883,0.0,0.1682549373682306,0.0050150451354062184,,0.0003178639542275906,0.019071837253655435,0.4807283924806589
2017-07-20,0.0,0.0,0.0,0,0,False,0.0,0.0,0.0,0.0,0.0,0.0,0.0,100.0,100.0,Inactive,0.0,0,0.0,0.0,0.0,0.0,0.07210925887209883,0.0,0.1682549373682306,0.0050150451354062184,,0.0003178639542275906,0.019071837253655435,0.4807283924806589
2017-07-21,0.0,0.0,0.0,0,0,False,0.0,0.0,0.0,0.0,0.0,0.0,0.0,100.0,100.0,Inactive,0.0,0,0.0,0.0,0.0,0.0,0.07210925887209883,0.0,0.1682549373682306,0.0050150451354062184,,0.0003178639542275906,0.019071837253655435,0.4807283924806589
2017-07-22,0.0,0.0,0.0,0,0,False,0.0,0.0,0.0,0.0,0.0,0.0,0.0,100.0,100.0,Inactive,0.0,0,0.0,0.0,0.0,0.0,0.07210925887209883,0.0,0.1682549373682306,0.0050150451354062184,,0.0003178639542275906,0.019071837253655435,0.4807283924806589
2017-07-23,0.0,0.0,0.0,0,0,False,0.0,0.0,0.0,0.0,0.0,0.0,0.0,100.0,100.0,Inactive,0.0,0,0.0,0.0,0.0,0.0,0.07210925887209883,0.0,0.1682549373682306,0.0050150451354062184,,0.0003178639542275906,0.019071837253655435,0.4807283924806589
2017-07-24,0.0,0.0,0.0,0,0,False,0.0,0.0,0.0,0.0,0.0,0.0,0.0,100.0,100.0,Inactive,0.0,0,0.0,0.0,0.0,0.0,0.07210925887209883,0.0,0.1682549373682306,0.0050150451354062184,,0.0003178639542275906,0.019071837253655435,0.4807283924806589
2017-07-25,0.0,0.0,0.0,0,0,False,0.0,0.0,0.0,0.0,0.0,0.0,0.0,100.0,100.0,Inactive,0.0,0,0.0,0.0,0.0,0.0,0.07210925887209883,0.0,0.1682549373682306,0.0050150451354062184,,0.0003178639542275906,0.019071837253655435,0.4807283924806589
2017-07-26,0.0,0.0,0.0,0,0,False,0.0,0.0,0.0,0.0,0.0,0.0,0.0,100.0,100.0,Inactive,0.0,0,0.0,0.0,0.0,0.0,0.07210925887209883,0.0,0.1682549373682306,0.0050150451354062184,,0.0003178639542275906,0.019071837253655435,0.4807283924806589
2017-07-27,0.0,0.0,0.0,0,0,False,0.0,0.0,0.0,0.0,0.0,0.0,0.0,100.0,100.0,Inactive,0.0,0,0.0,0.0,0.0,0.0,0.07210925887209883,0.0,0.1682549373682306,0.0050150451354062184,,0.0003178639542275906,0.019071837253655435,0.4807283924806589
2017-07-28,0.0,0.0,0.0,0,0,False,0.0,0.0,0.0,0.0,0.0,0.0,0.0,100.0,100.0,Inactive,0.0,0,0.0,0.0,0.0,0.0,0.07210925887209883,0.0,0.1682549373682306,0.0050150451354062184,,0.0003178639542275906,0.019071837253655435,0.4807283924806589
2017-07-29,0.0,0.0,0.0,0,0,False,0.0,0.0,0.0,0.0,0.0,0.0,0.0,100.0,100.0,Inactive,0.0,0,0.0,0.0,0.0,0.0,0.07210925887209883,0.0,0.1682549373682306,0.0050150451354062184,,0.0003178639542275906,0.019071837253655435,0.4807283924806589
2017-07-30,0.0,0.0,0.0,0,0,False,0.0,0.0,0.0,0.0,0.0,0.0,0.0,100.0,100.0,Inactive,0.0,0,0.0,0.0,0.0,0.0,0.07210925887209883,0.0,0.1682549373682306,0.0050150451354062184,,0.0003178639542275906,0.019071837253655435,0.4807283924806589
2017-07-31,0.0,0.0,0.0,0,0,False,0.0,0.0,0.0,0.0,0.0,0.0,0.0,100.0,100.0,Inactive,0.0,0,0.0,0.0,0.0,0.0,0.07210925887209883,0.0,0.1682549373682306,0.0050150451354062184,,0.0003178639542275906,0.019071837253655435,0.4807283924806589
2017-08-01,0.0,0.0,0.0,0,0,False,0.0,0.0,0.0,0.0,0.0,0.0,0.0,100.0,100.0,Inactive,0.0,0,0.0,0.0,0.0,0.0,0.07210925887209883,0.0,0.1682549373682306,0.0050150451354062184,,0.0003178639542275906,0.019071837253655435,0.4807283924806589
2017-08-02,0.0,0.0,0.0,0,0,False,0.0,0.0,0.0,0.0,0.0,0.0,0.0,100.0,100.0,Inactive,0.0,0,0.0,0.0,0.0,0.0,0.07210925887209883,0.0,0.1682549373682306,0.0050150451354062184,,0.0003178639542275906,0.019071837253655435,0.4807283924806589
2017-08-03,0.0,0.0,0.0,0,0,False,0.0,0.0,0.0,0.0,0.0,0.0,0.0,100.0,100.0,Inactive,0.0,0,0.0,0.0,0.0,0.0,0.07210925887209883,0.0,0.1682549373682306,0.0050150451354062184,,0.0003178639542275906,0.019071837253655435,0.4807283924806589
2017-08-04,0.0,0.0,0.0,0,0,False,0.0,0.0,0.0,0.0,0.0,0.0,0.0,100.0,100.0,Inactive,0.0,0,0.0,0.0,0.0,0.0,0.07210925887209883,0.0,0.1682549373682306,0.0050150451354062184,,0.0003178639542275906,0.019071837253655435,0.4807283924806589
2017-08-05,0.0,0.0,0.0,0,0,False,0.0,0.0,0.0,0.0,0.0,0.0,0.0,100.0,100.0,Inactive,0.0,0,0.0,0.0,0.0,0.0,0.07210925887209883,0.0,0.1682549373682306,0.0050150451354062184,,0.0003178639542275906,0.019071837253655435,0.4807283924806589
2017-08-06,0.0,0.0,0.0,0,0,False,0.0,0.0,0.0,0.0,0.0,0.0,0.0,100.0,100.0,Inactive,0.0,0,0.0,0.0,0.0,0.0,0.07210925887209883,0.0,0.1682549373682306,0.0050150451354062184,,0.0003178639542275906,0.019071837253655435,0.4807283924806589
2017-08-07,0.0,0.0,0.0,0,0,False,0.0,0.0,0.0,0.0,0.0,0.0,0.0,100.0,100.0,Inactive,0.0,0,0.0,0.0,0.0,0.0,0.07210925887209883,0.0,0.1682549373682306,0.0050150451354062184,,0.0003178639542275906,0.019071837253655435,0.4807283924806589
2017-08-08,0.0,0.0,0.0,0,0,False,0.0,0.0,0.0,0.0,0.0,0.0,0.0,100.0,100.0,Inactive,0.0,0,0.0,0.0,0.0,0.0,0.07210925887209883,0.0,0.1682549373682306,0.0050150451354062184,,0.0003178639542275906,0.019071837253655435,0.4807283924806589
2017-08-09,0.0,0.0,0.0,0,0,False,0.0,0.0,0.0,0.0,0.0,0.0,0.0,100.0,100.0,Inactive,0.0,0,0.0,0.0,0.0,0.0,0.07210925887209883,0.0,0.1682549373682306,0.0050150451354062184,,0.0003178639542275906,0.019071837253655435,0.4807283924806589
2017-08-10,0.0,0.0,0.0,0,0,False,0.0,0.0,0.0,0.0,0.0,0.0,0.0,100.0,100.0,Inactive,0.0,0,0.0,0.0,0.0,0.0,0.07210925887209883,0.0,0.1682549373682306,0.0050150451354062184,,0.0003178639542275906,0.019071837253655435,0.4807283924806589
2017-08-11,0.0,0.0,0.0,0,0,False,0.0,0.0,0.0,0.0,0.0,0.0,0.0,100.0,100.0,Inactive,0.0,0,0.0,0.0,0.0,0.0,0.07210925887209883,0.0,0.1682549373682306,0.0050150451354062184,,0.0003178639542275906,0.019071837253655435,0.4807283924806589
2017-08-12,0.0,0.0,0.0,0,0,False,0.0,0.0,0.0,0.0,0.0,0.0,0.0,100.0,100.0,Inactive,0.0,0,0.0,0.0,0.0,0.0,0.07210925887209883,0.0,0.1682549373682306,0.0050150451354062184,,0.0003178639542275906,0.019071837253655435,0.4807283924806589
2017-08-13,0.0,0.0,0.0,0,0,False,0.0,0.0,0.0,0.0,0.0,0.0,0.0,100.0,100.0,Inactive,0.0,0,0.0,0.0,0.0,0.0,0.07210925887209883,0.0,0.1682549373682306,0.0050150451354062184,,0.0003178639542275906,0.019071837253655435,0.4807283924806589
2017-08-14,0.0,0.0,0.0,0,0,False,0.0,0.0,0.0,0.0,0.0,0.0,0.0,100.0,100.0,Inactive,0.0,0,0.0,0.0,0.0,0.0,0.07210925887209883,0.0,0.1682549373682306,0.0050150451354062184,,0.0003178639542275906,0.019071837253655435,0.4807283924806589
2017-08-15,0.0,0.0,0.0,0,0,False,0.0,0.0,0.0,0.0,0.0,0.0,0.0,100.0,100.0,Inactive,0.0,0,0.0,0.0,0.0,0.0,0.07210925887209883,0.0,0.1682549373682306,0.0050150451354062184,,0.0003178639542275906,0.019071837253655435,0.4807283924806589
2017-08-16,0.0,0.0,0.0,0,0,False,0.0,0.0,0.0,0.0,0.0,0.0,0.0,100.0,100.0,Inactive,0.0,0,0.0,0.0,0.0,0.0,0.07210925887209883,0.0,0.1682549373682306,0.0050150451354062184,,0.0003178639542275906,0.019071837253655435,0.4807283924806589
2017-08-17,0.0,0.0,0.0,0,0,False,0.0,0.0,0.0,0.0,0.0,0.0,0.0,100.0,100.0,Inactive,0.0,0,0.0,0.0,0.0,0.0,0.07210925887209883,0.0,0.1682549373682306,0.0050150451354062184,,0.0003178639542275906,0.019071837253655435,0.4807283924806589
2017-08-18,0.0,0.0,0.0,0,0,False,0.0,0.0,0.0,0.0,0.0,0.0,0.0,100.0,100.0,Inactive,0.0,0,0.0,0.0,0.0,0.0,0.07210925887209883,0.0,0.1682549373682306,0.0050150451354062184,,0.0003178639542275906,0.019071837253655435,0.4807283924806589
2017-08-19,0.0,0.0,0.0,0,0,False,0.0,0.0,0.0,0.0,0.0,0.0,0.0,100.0,100.0,Inactive,0.0,0,0.0,0.0,0.0,0.0,0.07210925887209883,0.0,0.1682549373682306,0.0050150451354062184,,0.0003178639542275906,0.019071837253655435,0.4807283924806589
2017-08-20,0.0,0.0,0.0,0,0,False,0.0,0.0,0.0,0.0,0.0,0.0,0.0,100.0,100.0,Inactive,0.0,0,0.0,0.0,0.0,0.0,0.07210925887209883,0.0,0.1682549373682306,0.0050150451354062184,,0.0003178639542275906,0.019071837253655435,0.4807283924806589
2017-08-21,0.0,0.0,0.0,0,0,False,0.0,0.0,0.0,0.0,0.0,0.0,0.0,100.0,100.0,Inactive,0.0,0,0.0,0.0,0.0,0.0,0.07210925887209883,0.0,0.1682549373682306,0.0050150451354062184,,0.0003178639542275906,0.019071837253655435,0.4807283924806589
2017-08-22,0.0,0.0,0.0,0,0,False,0.0,0.0,0.0,0.0,0.0,0.0,0.0,100.0,100.0,Inactive,0.0,0,0.0,0.0,0.0,0.0,0.07210925887209883,0.0,0.1682549373682306,0.0050150451354062184,,0.0003178639542275906,0.019071837253655435,0.4807283924806589
2017-08-23,0.0,0.0,0.0,0,0,False,0.0,0.0,0.0,0.0,0.0,0.0,0.0,100.0,100.0,Inactive,0.0,0,0.0,0.0,0.0,0.0,0.07210925887209883,0.0,0.1682549373682306,0.0050150451354062184,,0.0003178639542275906,0.019071837253655435,0.4807283924806589
2017-08-24,0.0,0.0,0.0,0,0,False,0.0,0.0,0.0,0.0,0.0,0.0,0.0,100.0,100.0,Inactive,0.0,0,0.0,0.0,0.0,0.0,0.07210925887209883,0.0,0.1682549373682306,0.0050150451354062184,,0.0003178639542275906,0.019071837253655435,0.4807283924806589
2017-08-25,0.0,0.0,0.0,0,0,False,0.0,0.0,0.0,0.0,0.0,0.0,0.0,100.0,100.0,Inactive,0.0,0,0.0,0.0,0.0,0.0,0.07210925887209883,0.0,0.1682549373682306,0.0050150451354062184,,0.0003178639542275906,0.019071837253655435,0.4807283924806589
2017-08-26,0.0,0.0,0.0,0,0,False,0.0,0.0,0.0,0.0,0.0,0.0,0.0,100.0,100.0,Inactive,0.0,0,0.0,0.0,0.0,0.0,0.07210925887209883,0.0,0.1682549373682306,0.0050150451354062184,,0.0003178639542275906,0.019071837253655435,0.4807283924806589
2017-08-27,0.0,0.0,0.0,0,0,False,0.0,0.0,0.0,0.0,0.0,0.0,0.0,100.0,100.0,Inactive,0.0,0,0.0,0.0,0.0,0.0,0.07210925887209883,0.0,0.1682549373682306,0.0050150451354062184,,0.0003178639542275906,0.019071837253655435,0.4807283924806589
2017-08-28,0.0,0.0,0.0,0,0,False,0.0,0.0,0.0,0.0,0.0,0.0,0.0,100.0,100.0,Inactive,0.0,0,0.0,0.0,0.0,0.0,0.07210925887209883,0.0,0.1682549373682306,0.0050150451354062184,,0.0003178639542275906,0.019071837253655435,0.4807283924806589
2017-08-29,0.0,0.0,0.0,0,0,False,0.0,0.0,0.0,0.0,0.0,0.0,0.0,100.0,100.0,Inactive,0.0,0,0.0,0.0,0.0,0.0,0.07210925887209883,0.0,0.1682549373682306,0.0050150451354062184,,0.0003178639542275906,0.019071837253655435,0.4807283924806589
2017-08-30,0.0,0.0,0.0,0,0,False,0.0,0.0,0.0,0.0,0.0,0.0,0.0,100.0,100.0,Inactive,0.0,0,0.0,0.0,0.0,0.0,0.07210925887209883,0.0,0.1682549373682306,0.0050150451354062184,,0.0003178639542275906,0.019071837253655435,0.4807283924806589
2017-08-31,0.0,0.0,0.0,0,0,False,0.0,0.0,0.0,0.0,0.0,0.0,0.0,100.0,100.0,Inactive,0.0,0,0.0,0.0,0.0,0.0,0.07210925887209883,0.0,0.1682549373682306,0.0050150451354062184,,0.0003178639542275906,0.019071837253655435,0.4807283924806589
2017-09-01,0.0,0.0,0.0,0,0,False,0.0,0.0,0.0,0.0,0.0,0.0,0.0,100.0,100.0,Inactive,0.0,0,0.0,0.0,0.0,0.0,0.07210925887209883,0.0,0.1682549373682306,0.0050150451354062184,,0.0003178639542275906,0.019071837253655435,0.4807283924806589
2017-09-02,0.0,0.0,0.0,0,0,False,0.0,0.0,0.0,0.0,0.0,0.0,0.0,100.0,100.0,Inactive,0.0,0,0.0,0.0,0.0,0.0,0.07210925887209883,0.0,0.1682549373682306,0.0050150451354062184,,0.0003178639542275906,0.019071837253655435,0.4807283924806589
2017-09-03,0.0,0.0,0.0,0,0,False,0.0,0.0,0.0,0.0,0.0,0.0,0.0,100.0,100.0,Inactive,0.0,0,0.0,0.0,0.0,0.0,0.07210925887209883,0.0,0.1682549373682306,0.0050150451354062184,,0.0003178639542275906,0.019071837253655435,0.4807283924806589
2017-09-04,0.0,0.0,0.0,0,0,False,0.0,0.0,0.0,0.0,0.0,0.0,0.0,100.0,100.0,Inactive,0.0,0,0.0,0.0,0.0,0.0,0.07210925887209883,0.0,0.1682549373682306,0.0050150451354062184,,0.0003178639542275906,0.019071837253655435,0.4807283924806589
2017-09-05,0.0,0.0,0.0,0,0,False,0.0,0.0,0.0,0.0,0.0,0.0,0.0,100.0,100.0,Inactive,0.0,0,0.0,0.0,0.0,0.0,0.07210925887209883,0.0,0.1682549373682306,0.0050150451354062184,,0.0003178639542275906,0.019071837253655435,0.4807283924806589
2017-09-06,0.0,0.0,0.0,0,0,False,0.0,0.0,0.0,0.0,0.0,0.0,0.0,100.0,100.0,Inactive,0.0,0,0.0,0.0,0.0,0.0,0.07210925887209883,0.0,0.1682549373682306,0.0050150451354062184,,0.0003178639542275906,0.019071837253655435,0.4807283924806589
2017-09-07,0.0,0.0,0.0,0,0,False,0.0,0.0,0.0,0.0,0.0,0.0,0.0,100.0,100.0,Inactive,0.0,0,0.0,0.0,0.0,0.0,0.07210925887209883,0.0,0.1682549373682306,0.0050150451354062184,,0.0003178639542275906,0.019071837253655435,0.4807283924806589
2017-09-08,0.0,0.0,0.0,0,0,False,0.0,0.0,0.0,0.0,0.0,0.0,0.0,100.0,100.0,Inactive,0.0,0,0.0,0.0,0.0,0.0,0.07210925887209883,0.0,0.1682549373682306,0.0050150451354062184,,0.0003178639542275906,0.019071837253655435,0.4807283924806589
2017-09-09,0.0,0.0,0.0,0,0,False,0.0,0.0,0.0,0.0,0.0,0.0,0.0,100.0,100.0,Inactive,0.0,0,0.0,0.0,0.0,0.0,0.07210925887209883,0.0,0.1682549373682306,0.0050150451354062184,,0.0003178639542275906,0.019071837253655435,0.4807283924806589
2017-09-10,0.0,0.0,0.0,0,0,False,0.0,0.0,0.0,0.0,0.0,0.0,0.0,100.0,100.0,Inactive,0.0,0,0.0,0.0,0.0,0.0,0.07210925887209883,0.0,0.1682549373682306,0.0050150451354062184,,0.0003178639542275906,0.019071837253655435,0.4807283924806589
2017-09-11,0.0,0.0,0.0,0,0,False,0.0,0.0,0.0,0.0,0.0,0.0,0.0,100.0,100.0,Inactive,0.0,0,0.0,0.0,0.0,0.0,0.07210925887209883,0.0,0.1682549373682306,0.0050150451354062184,,0.0003178639542275906,0.019071837253655435,0.4807283924806589
2017-09-12,0.0,0.0,0.0,0,0,False,0.0,0.0,0.0,0.0,0.0,0.0,0.0,100.0,100.0,Inactive,0.0,0,0.0,0.0,0.0,0.0,0.07210925887209883,0.0,0.1682549373682306,0.0050150451354062184,,0.0003178639542275906,0.019071837253655435,0.4807283924806589
2017-09-13,0.0,0.0,0.0,0,0,False,0.0,0.0,0.0,0.0,0.0,0.0,0.0,100.0,100.0,Inactive,0.0,0,0.0,0.0,0.0,0.0,0.07210925887209883,0.0,0.1682549373682306,0.0050150451354062184,,0.0003178639542275906,0.019071837253655435,0.4807283924806589
2017-09-14,0.0,0.0,0.0,0,0,False,0.0,0.0,0.0,0.0,0.0,0.0,0.0,100.0,100.0,Inactive,0.0,0,0.0,0.0,0.0,0.0,0.07210925887209883,0.0,0.1682549373682306,0.0050150451354062184,,0.0003178639542275906,0.019071837253655435,0.4807283924806589
2017-09-15,0.0,0.0,0.0,0,0,False,0.0,0.0,0.0,0.0,0.0,0.0,0.0,100.0,100.0,Inactive,0.0,0,0.0,0.0,0.0,0.0,0.07210925887209883,0.0,0.1682549373682306,0.0050150451354062184,,0.0003178639542275906,0.019071837253655435,0.4807283924806589
2017-09-16,0.0,0.0,0.0,0,0,False,0.0,0.0,0.0,0.0,0.0,0.0,0.0,100.0,100.0,Inactive,0.0,0,0.0,0.0,0.0,0.0,0.07210925887209883,0.0,0.1682549373682306,0.0050150451354062184,,0.0003178639542275906,0.019071837253655435,0.4807283924806589
2017-09-17,0.0,0.0,0.0,0,0,False,0.0,0.0,0.0,0.0,0.0,0.0,0.0,100.0,100.0,Inactive,0.0,0,0.0,0.0,0.0,0.0,0.07210925887209883,0.0,0.1682549373682306,0.0050150451354062184,,0.0003178639542275906,0.019071837253655435,0.4807283924806589
2017-09-18,0.0,0.0,0.0,0,0,False,0.0,0.0,0.0,0.0,0.0,0.0,0.0,100.0,100.0,Inactive,0.0,0,0.0,0.0,0.0,0.0,0.07210925887209883,0.0,0.1682549373682306,0.0050150451354062184,,0.0003178639542275906,0.019071837253655435,0.4807283924806589
2017-09-19,0.0,0.0,0.0,0,0,False,0.0,0.0,0.0,0.0,0.0,0.0,0.0,100.0,100.0,Inactive,0.0,0,0.0,0.0,0.0,0.0,0.07210925887209883,0.0,0.1682549373682306,0.0050150451354062184,,0.0003178639542275906,0.019071837253655435,0.4807283924806589
2017-09-20,0.0,0.0,0.0,0,0,False,0.0,0.0,0.0,0.0,0.0,0.0,0.0,100.0,100.0,Inactive,0.0,0,0.0,0.0,0.0,0.0,0.07210925887209883,0.0,0.1682549373682306,0.0050150451354062184,,0.0003178639542275906,0.019071837253655435,0.4807283924806589
2017-09-21,0.0,0.0,0.0,0,0,False,0.0,0.0,0.0,0.0,0.0,0.0,0.0,100.0,100.0,Inactive,0.0,0,0.0,0.0,0.0,0.0,0.07210925887209883,0.0,0.1682549373682306,0.0050150451354062184,,0.0003178639542275906,0.019071837253655435,0.4807283924806589
2017-09-22,0.0,0.0,0.0,0,0,False,0.0,0.0,0.0,0.0,0.0,0.0,0.0,100.0,100.0,Inactive,0.0,0,0.0,0.0,0.0,0.0,0.07210925887209883,0.0,0.1682549373682306,0.0050150451354062184,,0.0003178639542275906,0.019071837253655435,0.4807283924806589
2017-09-23,0.0,0.0,0.0,0,0,False,0.0,0.0,0.0,0.0,0.0,0.0,0.0,100.0,100.0,Inactive,0.0,0,0.0,0.0,0.0,0.0,0.07210925887209883,0.0,0.1682549373682306,0.0050150451354062184,,0.0003178639542275906,0.019071837253655435,0.4807283924806589
2017-09-24,0.0,0.0,0.0,0,0,False,0.0,0.0,0.0,0.0,0.0,0.0,0.0,100.0,100.0,Inactive,0.0,0,0.0,0.0,0.0,0.0,0.07210925887209883,0.0,0.1682549373682306,0.0050150451354062184,,0.0003178639542275906,0.019071837253655435,0.4807283924806589
2017-09-25,0.0,0.0,0.0,0,0,False,0.0,0.0,0.0,0.0,0.0,0.0,0.0,100.0,100.0,Inactive,0.0,0,0.0,0.0,0.0,0.0,0.07210925887209883,0.0,0.1682549373682306,0.0050150451354062184,,0.0003178639542275906,0.019071837253655435,0.4807283924806589
2017-09-26,0.0,0.0,0.0,0,0,False,0.0,0.0,0.0,0.0,0.0,0.0,0.0,100.0,100.0,Inactive,0.0,0,0.0,0.0,0.0,0.0,0.07210925887209883,0.0,0.1682549373682306,0.0050150451354062184,,0.0003178639542275906,0.019071837253655435,0.4807283924806589
2017-09-27,0.0,0.0,0.0,0,0,False,0.0,0.0,0.0,0.0,0.0,0.0,0.0,100.0,100.0,Inactive,0.0,0,0.0,0.0,0.0,0.0,0.07210925887209883,0.0,0.1682549373682306,0.0050150451354062184,,0.0003178639542275906,0.019071837253655435,0.4807283924806589
2017-09-28,0.0,0.0,0.0,0,0,False,0.0,0.0,0.0,0.0,0.0,0.0,0.0,100.0,100.0,Inactive,0.0,0,0.0,0.0,0.0,0.0,0.07210925887209883,0.0,0.1682549373682306,0.0050150451354062184,,0.0003178639542275906,0.019071837253655435,0.4807283924806589
2017-09-29,0.0,0.0,0.0,0,0,False,0.0,0.0,0.0,0.0,0.0,0.0,0.0,100.0,100.0,Inactive,0.0,0,0.0,0.0,0.0,0.0,0.07210925887209883,0.0,0.1682549373682306,0.0050150451354062184,,0.0003178639542275906,0.019071837253655435,0.4807283924806589
2017-09-30,0.0,0.0,0.0,0,0,False,0.0,0.0,0.0,0.0,0.0,0.0,0.0,100.0,100.0,Inactive,0.0,0,0.0,0.0,0.0,0.0,0.07210925887209883,0.0,0.1682549373682306,0.0050150451354062184,,0.0003178639542275906,0.019071837253655435,0.4807283924806589
2017-10-01,0.0,0.0,0.0,0,0,False,0.0,0.0,0.0,0.0,0.0,0.0,0.0,100.0,100.0,Inactive,0.0,0,0.0,0.0,0.0,0.0,0.07210925887209883,0.0,0.1682549373682306,0.0050150451354062184,,0.0003178639542275906,0.019071837253655435,0.4807283924806589
2017-10-02,0.0,0.0,0.0,0,0,False,0.0,0.0,0.0,0.0,0.0,0.0,0.0,100.0,100.0,Inactive,0.0,0,0.0,0.0,0.0,0.0,0.07210925887209883,0.0,0.1682549373682306,0.0050150451354062184,,0.0003178639542275906,0.019071837253655435,0.4807283924806589
2017-10-03,0.0,0.0,0.0,0,0,False,0.0,0.0,0.0,0.0,0.0,0.0,0.0,100.0,100.0,Inactive,0.0,0,0.0,0.0,0.0,0.0,0.07210925887209883,0.0,0.1682549373682306,0.0050150451354062184,,0.0003178639542275906,0.019071837253655435,0.4807283924806589
2017-10-04,0.0,0.0,0.0,0,0,False,0.0,0.0,0.0,0.0,0.0,0.0,0.0,100.0,100.0,Inactive,0.0,0,0.0,0.0,0.0,0.0,0.07210925887209883,0.0,0.1682549373682306,0.0050150451354062184,,0.0003178639542275906,0.019071837253655435,0.4807283924806589
2017-10-05,0.0,0.0,0.0,0,0,False,0.0,0.0,0.0,0.0,0.0,0.0,0.0,100.0,100.0,Inactive,0.0,0,0.0,0.0,0.0,0.0,0.07210925887209883,0.0,0.1682549373682306,0.0050150451354062184,,0.0003178639542275906,0.019071837253655435,0.4807283924806589
2017-10-06,0.0,0.0,0.0,0,0,False,0.0,0.0,0.0,0.0,0.0,0.0,0.0,100.0,100.0,Inactive,0.0,0,0.0,0.0,0.0,0.0,0.07210925887209883,0.0,0.1682549373682306,0.0050150451354062184,,0.0003178639542275906,0.019071837253655435,0.4807283924806589
2017-10-07,0.0,0.0,0.0,0,0,False,0.0,0.0,0.0,0.0,0.0,0.0,0.0,100.0,100.0,Inactive,0.0,0,0.0,0.0,0.0,0.0,0.07210925887209883,0.0,0.1682549373682306,0.0050150451354062184,,0.0003178639542275906,0.019071837253655435,0.4807283924806589
2017-10-08,0.0,0.0,0.0,0,0,False,0.0,0.0,0.0,0.0,0.0,0.0,0.0,100.0,100.0,Inactive,0.0,0,0.0,0.0,0.0,0.0,0.07210925887209883,0.0,0.1682549373682306,0.0050150451354062184,,0.0003178639542275906,0.019071837253655435,0.4807283924806589
2017-10-09,0.0,0.0,0.0,0,0,False,0.0,0.0,0.0,0.0,0.0,0.0,0.0,100.0,100.0,Inactive,0.0,0,0.0,0.0,0.0,0.0,0.07210925887209883,0.0,0.1682549373682306,0.0050150451354062184,,0.0003178639542275906,0.019071837253655435,0.4807283924806589
2017-10-10,0.0,0.0,0.0,0,0,False,0.0,0.0,0.0,0.0,0.0,0.0,0.0,100.0,100.0,Inactive,0.0,0,0.0,0.0,0.0,0.0,0.07210925887209883,0.0,0.1682549373682306,0.0050150451354062184,,0.0003178639542275906,0.019071837253655435,0.4807283924806589
2017-10-11,0.0,0.0,0.0,0,0,False,0.0,0.0,0.0,0.0,0.0,0.0,0.0,100.0,100.0,Inactive,0.0,0,0.0,0.0,0.0,0.0,0.07210925887209883,0.0,0.1682549373682306,0.0050150451354062184,,0.0003178639542275906,0.019071837253655435,0.4807283924806589
2017-10-12,0.0,0.0,0.0,0,0,False,0.0,0.0,0.0,0.0,0.0,0.0,0.0,100.0,100.0,Inactive,0.0,0,0.0,0.0,0.0,0.0,0.07210925887209883,0.0,0.1682549373682306,0.0050150451354062184,,0.0003178639542275906,0.019071837253655435,0.4807283924806589
2017-10-13,0.0,0.0,0.0,0,0,False,0.0,0.0,0.0,0.0,0.0,0.0,0.0,100.0,100.0,Inactive,0.0,0,0.0,0.0,0.0,0.0,0.07210925887209883,0.0,0.1682549373682306,0.0050150451354062184,,0.0003178639542275906,0.019071837253655435,0.4807283924806589
2017-10-14,0.0,0.0,0.0,0,0,False,0.0,0.0,0.0,0.0,0.0,0.0,0.0,100.0,100.0,Inactive,0.0,0,0.0,0.0,0.0,0.0,0.07210925887209883,0.0,0.1682549373682306,0.0050150451354062184,,0.0003178639542275906,0.019071837253655435,0.4807283924806589
2017-10-15,0.0,0.0,0.0,0,0,False,0.0,0.0,0.0,0.0,0.0,0.0,0.0,100.0,100.0,Inactive,0.0,0,0.0,0.0,0.0,0.0,0.07210925887209883,0.0,0.1682549373682306,0.0050150451354062184,,0.0003178639542275906,0.019071837253655435,0.4807283924806589
2017-10-16,0.0,0.0,0.0,0,0,False,0.0,0.0,0.0,0.0,0.0,0.0,0.0,100.0,100.0,Inactive,0.0,0,0.0,0.0,0.0,0.0,0.07210925887209883,0.0,0.1682549373682306,0.0050150451354062184,,0.0003178639542275906,0.019071837253655435,0.4807283924806589
2017-10-17,0.0,0.0,0.0,0,0,False,0.0,0.0,0.0,0.0,0.0,0.0,0.0,100.0,100.0,Inactive,0.0,0,0.0,0.0,0.0,0.0,0.07210925887209883,0.0,0.1682549373682306,0.0050150451354062184,,0.0003178639542275906,0.019071837253655435,0.4807283924806589
2017-10-18,0.0,0.0,0.0,0,0,False,0.0,0.0,0.0,0.0,0.0,0.0,0.0,100.0,100.0,Inactive,0.0,0,0.0,0.0,0.0,0.0,0.07210925887209883,0.0,0.1682549373682306,0.0050150451354062184,,0.0003178639542275906,0.019071837253655435,0.4807283924806589
2017-10-19,0.0,0.0,0.0,0,0,False,0.0,0.0,0.0,0.0,0.0,0.0,0.0,100.0,100.0,Inactive,0.0,0,0.0,0.0,0.0,0.0,0.07210925887209883,0.0,0.1682549373682306,0.0050150451354062184,,0.0003178639542275906,0.019071837253655435,0.4807283924806589
2017-10-20,0.0,0.0,0.0,0,0,False,0.0,0.0,0.0,0.0,0.0,0.0,0.0,100.0,100.0,Inactive,0.0,0,0.0,0.0,0.0,0.0,0.07210925887209883,0.0,0.1682549373682306,0.0050150451354062184,,0.0003178639542275906,0.019071837253655435,0.4807283924806589
2017-10-21,0.0,0.0,0.0,0,0,False,0.0,0.0,0.0,0.0,0.0,0.0,0.0,100.0,100.0,Inactive,0.0,0,0.0,0.0,0.0,0.0,0.07210925887209883,0.0,0.1682549373682306,0.0050150451354062184,,0.0003178639542275906,0.019071837253655435,0.4807283924806589
2017-10-22,0.0,0.0,0.0,0,0,False,0.0,0.0,0.0,0.0,0.0,0.0,0.0,100.0,100.0,Inactive,0.0,0,0.0,0.0,0.0,0.0,0.07210925887209883,0.0,0.1682549373682306,0.0050150451354062184,,0.0003178639542275906,0.019071837253655435,0.4807283924806589
2017-10-23,0.0,0.0,0.0,0,0,False,0.0,0.0,0.0,0.0,0.0,0.0,0.0,100.0,100.0,Inactive,0.0,0,0.0,0.0,0.0,0.0,0.07210925887209883,0.0,0.1682549373682306,0.0050150451354062184,,0.0003178639542275906,0.019071837253655435,0.4807283924806589
2017-10-24,0.0,0.0,0.0,0,0,False,0.0,0.0,0.0,0.0,0.0,0.0,0.0,100.0,100.0,Inactive,0.0,0,0.0,0.0,0.0,0.0,0.07210925887209883,0.0,0.1682549373682306,0.0050150451354062184,,0.0003178639542275906,0.019071837253655435,0.4807283924806589
2017-10-25,0.0,0.0,0.0,0,0,False,0.0,0.0,0.0,0.0,0.0,0.0,0.0,100.0,100.0,Inactive,0.0,0,0.0,0.0,0.0,0.0,0.07210925887209883,0.0,0.1682549373682306,0.0050150451354062184,,0.0003178639542275906,0.019071837253655435,0.4807283924806589
2017-10-26,0.0,0.0,0.0,0,0,False,0.0,0.0,0.0,0.0,0.0,0.0,0.0,100.0,100.0,Inactive,0.0,0,0.0,0.0,0.0,0.0,0.07210925887209883,0.0,0.1682549373682306,0.0050150451354062184,,0.0003178639542275906,0.019071837253655435,0.4807283924806589
2017-10-27,0.0,0.0,0.0,0,0,False,0.0,0.0,0.0,0.0,0.0,0.0,0.0,100.0,100.0,Inactive,0.0,0,0.0,0.0,0.0,0.0,0.07210925887209883,0.0,0.1682549373682306,0.0050150451354062184,,0.0003178639542275906,0.019071837253655435,0.4807283924806589
2017-10-28,0.0,0.0,0.0,0,0,False,0.0,0.0,0.0,0.0,0.0,0.0,0.0,100.0,100.0,Inactive,0.0,0,0.0,0.0,0.0,0.0,0.07210925887209883,0.0,0.1682549373682306,0.0050150451354062184,,0.0003178639542275906,0.019071837253655435,0.4807283924806589
2017-10-29,0.0,0.0,0.0,0,0,False,0.0,0.0,0.0,0.0,0.0,0.0,0.0,100.0,100.0,Inactive,0.0,0,0.0,0.0,0.0,0.0,0.07210925887209883,0.0,0.1682549373682306,0.0050150451354062184,,0.0003178639542275906,0.019071837253655435,0.4807283924806589
2017-10-30,0.0,0.0,0.0,0,0,False,0.0,0.0,0.0,0.0,0.0,0.0,0.0,100.0,100.0,Inactive,0.0,0,0.0,0.0,0.0,0.0,0.07210925887209883,0.0,0.1682549373682306,0.0050150451354062184,,0.0003178639542275906,0.019071837253655435,0.4807283924806589
2017-10-31,0.0,0.0,0.0,0,0,False,0.0,0.0,0.0,0.0,0.0,0.0,0.0,100.0,100.0,Inactive,0.0,0,0.0,0.0,0.0,0.0,0.07210925887209883,0.0,0.1682549373682306,0.0050150451354062184,,0.0003178639542275906,0.019071837253655435,0.4807283924806589
2017-11-01,0.0,0.0,0.0,0,0,False,0.0,0.0,0.0,0.0,0.0,0.0,0.0,100.0,100.0,Inactive,0.0,0,0.0,0.0,0.0,0.0,0.07210925887209883,0.0,0.1682549373682306,0.0050150451354062184,,0.0003178639542275906,0.019071837253655435,0.4807283924806589
2017-11-02,0.0,0.0,0.0,0,0,False,0.0,0.0,0.0,0.0,0.0,0.0,0.0,100.0,100.0,Inactive,0.0,0,0.0,0.0,0.0,0.0,0.07210925887209883,0.0,0.1682549373682306,0.0050150451354062184,,0.0003178639542275906,0.019071837253655435,0.4807283924806589
2017-11-03,0.0,0.0,0.0,0,0,False,0.0,0.0,0.0,0.0,0.0,0.0,0.0,100.0,100.0,Inactive,0.0,0,0.0,0.0,0.0,0.0,0.07210925887209883,0.0,0.1682549373682306,0.0050150451354062184,,0.0003178639542275906,0.019071837253655435,0.4807283924806589
2017-11-04,0.0,0.0,0.0,0,0,False,0.0,0.0,0.0,0.0,0.0,0.0,0.0,100.0,100.0,Inactive,0.0,0,0.0,0.0,0.0,0.0,0.07210925887209883,0.0,0.1682549373682306,0.0050150451354062184,,0.0003178639542275906,0.019071837253655435,0.4807283924806589
2017-11-05,0.0,0.0,0.0,0,0,False,0.0,0.0,0.0,0.0,0.0,0.0,0.0,100.0,100.0,Inactive,0.0,0,0.0,0.0,0.0,0.0,0.07210925887209883,0.0,0.1682549373682306,0.0050150451354062184,,0.0003178639542275906,0.019071837253655435,0.4807283924806589
2017-11-06,0.0,0.0,0.0,0,0,False,0.0,0.0,0.0,0.0,0.0,0.0,0.0,100.0,100.0,Inactive,0.0,0,0.0,0.0,0.0,0.0,0.07210925887209883,0.0,0.1682549373682306,0.0050150451354062184,,0.0003178639542275906,0.019071837253655435,0.4807283924806589
2017-11-07,0.0,0.0,0.0,0,0,False,0.0,0.0,0.0,0.0,0.0,0.0,0.0,100.0,100.0,Inactive,0.0,0,0.0,0.0,0.0,0.0,0.07210925887209883,0.0,0.1682549373682306,0.0050150451354062184,,0.0003178639542275906,0.019071837253655435,0.4807283924806589
2017-11-08,0.0,0.0,0.0,0,0,False,0.0,0.0,0.0,0.0,0.0,0.0,0.0,100.0,100.0,Inactive,0.0,0,0.0,0.0,0.0,0.0,0.07210925887209883,0.0,0.1682549373682306,0.0050150451354062184,,0.0003178639542275906,0.019071837253655435,0.4807283924806589
2017-11-09,0.0,0.0,0.0,0,0,False,0.0,0.0,0.0,0.0,0.0,0.0,0.0,100.0,100.0,Inactive,0.0,0,0.0,0.0,0.0,0.0,0.07210925887209883,0.0,0.1682549373682306,0.0050150451354062184,,0.0003178639542275906,0.019071837253655435,0.4807283924806589
2017-11-10,0.0,0.0,0.0,0,0,False,0.0,0.0,0.0,0.0,0.0,0.0,0.0,100.0,100.0,Inactive,0.0,0,0.0,0.0,0.0,0.0,0.07210925887209883,0.0,0.1682549373682306,0.0050150451354062184,,0.0003178639542275906,0.019071837253655435,0.4807283924806589
2017-11-11,0.0,0.0,0.0,0,0,False,0.0,0.0,0.0,0.0,0.0,0.0,0.0,100.0,100.0,Inactive,0.0,0,0.0,0.0,0.0,0.0,0.07210925887209883,0.0,0.1682549373682306,0.0050150451354062184,,0.0003178639542275906,0.019071837253655435,0.4807283924806589
2017-11-12,0.0,0.0,0.0,0,0,False,0.0,0.0,0.0,0.0,0.0,0.0,0.0,100.0,100.0,Inactive,0.0,0,0.0,0.0,0.0,0.0,0.07210925887209883,0.0,0.1682549373682306,0.0050150451354062184,,0.0003178639542275906,0.019071837253655435,0.4807283924806589
2017-11-13,0.0,0.0,0.0,0,0,False,0.0,0.0,0.0,0.0,0.0,0.0,0.0,100.0,100.0,Inactive,0.0,0,0.0,0.0,0.0,0.0,0.07210925887209883,0.0,0.1682549373682306,0.0050150451354062184,,0.0003178639542275906,0.019071837253655435,0.4807283924806589
2017-11-14,0.0,0.0,0.0,0,0,False,0.0,0.0,0.0,0.0,0.0,0.0,0.0,100.0,100.0,Inactive,0.0,0,0.0,0.0,0.0,0.0,0.07210925887209883,0.0,0.1682549373682306,0.0050150451354062184,,0.0003178639542275906,0.019071837253655435,0.4807283924806589
2017-11-15,0.0,0.0,0.0,0,0,False,0.0,0.0,0.0,0.0,0.0,0.0,0.0,100.0,100.0,Inactive,0.0,0,0.0,0.0,0.0,0.0,0.07210925887209883,0.0,0.1682549373682306,0.0050150451354062184,,0.0003178639542275906,0.019071837253655435,0.4807283924806589
2017-11-16,0.0,0.0,0.0,0,0,False,0.0,0.0,0.0,0.0,0.0,0.0,0.0,100.0,100.0,Inactive,0.0,0,0.0,0.0,0.0,0.0,0.07210925887209883,0.0,0.1682549373682306,0.0050150451354062184,,0.0003178639542275906,0.019071837253655435,0.4807283924806589
2017-11-17,0.0,0.0,0.0,0,0,False,0.0,0.0,0.0,0.0,0.0,0.0,0.0,100.0,100.0,Inactive,0.0,0,0.0,0.0,0.0,0.0,0.07210925887209883,0.0,0.1682549373682306,0.0050150451354062184,,0.0003178639542275906,0.019071837253655435,0.4807283924806589
2017-11-18,0.0,0.0,0.0,0,0,False,0.0,0.0,0.0,0.0,0.0,0.0,0.0,100.0,100.0,Inactive,0.0,0,0.0,0.0,0.0,0.0,0.07210925887209883,0.0,0.1682549373682306,0.0050150451354062184,,0.0003178639542275906,0.019071837253655435,0.4807283924806589
2017-11-19,0.0,0.0,0.0,0,0,False,0.0,0.0,0.0,0.0,0.0,0.0,0.0,100.0,100.0,Inactive,0.0,0,0.0,0.0,0.0,0.0,0.07210925887209883,0.0,0.1682549373682306,0.0050150451354062184,,0.0003178639542275906,0.019071837253655435,0.4807283924806589
2017-11-20,0.0,0.0,0.0,0,0,False,0.0,0.0,0.0,0.0,0.0,0.0,0.0,100.0,100.0,Inactive,0.0,0,0.0,0.0,0.0,0.0,0.07210925887209883,0.0,0.1682549373682306,0.0050150451354062184,,0.0003178639542275906,0.019071837253655435,0.4807283924806589
2017-11-21,0.0,0.0,0.0,0,0,False,0.0,0.0,0.0,0.0,0.0,0.0,0.0,100.0,100.0,Inactive,0.0,0,0.0,0.0,0.0,0.0,0.07210925887209883,0.0,0.1682549373682306,0.0050150451354062184,,0.0003178639542275906,0.019071837253655435,0.4807283924806589
2017-11-22,0.0,0.0,0.0,0,0,False,0.0,0.0,0.0,0.0,0.0,0.0,0.0,100.0,100.0,Inactive,0.0,0,0.0,0.0,0.0,0.0,0.07210925887209883,0.0,0.1682549373682306,0.0050150451354062184,,0.0003178639542275906,0.019071837253655435,0.4807283924806589
2017-11-23,0.0,0.0,0.0,0,0,False,0.0,0.0,0.0,0.0,0.0,0.0,0.0,100.0,100.0,Inactive,0.0,0,0.0,0.0,0.0,0.0,0.07210925887209883,0.0,0.1682549373682306,0.0050150451354062184,,0.0003178639542275906,0.019071837253655435,0.4807283924806589
2017-11-24,0.0,0.0,0.0,0,0,False,0.0,0.0,0.0,0.0,0.0,0.0,0.0,100.0,100.0,Inactive,0.0,0,0.0,0.0,0.0,0.0,0.07210925887209883,0.0,0.1682549373682306,0.0050150451354062184,,0.0003178639542275906,0.019071837253655435,0.4807283924806589
2017-11-25,0.0,0.0,0.0,0,0,False,0.0,0.0,0.0,0.0,0.0,0.0,0.0,100.0,100.0,Inactive,0.0,0,0.0,0.0,0.0,0.0,0.07210925887209883,0.0,0.1682549373682306,0.0050150451354062184,,0.0003178639542275906,0.019071837253655435,0.4807283924806589
2017-11-26,0.0,0.0,0.0,0,0,False,0.0,0.0,0.0,0.0,0.0,0.0,0.0,100.0,100.0,Inactive,0.0,0,0.0,0.0,0.0,0.0,0.07210925887209883,0.0,0.1682549373682306,0.0050150451354062184,,0.0003178639542275906,0.019071837253655435,0.4807283924806589
2017-11-27,0.0,0.0,0.0,0,0,False,0.0,0.0,0.0,0.0,0.0,0.0,0.0,100.0,100.0,Inactive,0.0,0,0.0,0.0,0.0,0.0,0.07210925887209883,0.0,0.1682549373682306,0.0050150451354062184,,0.0003178639542275906,0.019071837253655435,0.4807283924806589
2017-11-28,0.0,0.0,0.0,0,0,False,0.0,0.0,0.0,0.0,0.0,0.0,0.0,100.0,100.0,Inactive,0.0,0,0.0,0.0,0.0,0.0,0.07210925887209883,0.0,0.1682549373682306,0.0050150451354062184,,0.0003178639542275906,0.019071837253655435,0.4807283924806589
2017-11-29,0.0,0.0,0.0,0,0,False,0.0,0.0,0.0,0.0,0.0,0.0,0.0,100.0,100.0,Inactive,0.0,0,0.0,0.0,0.0,0.0,0.07210925887209883,0.0,0.1682549373682306,0.0050150451354062184,,0.0003178639542275906,0.019071837253655435,0.4807283924806589
2017-11-30,0.0,0.0,0.0,0,0,False,0.0,0.0,0.0,0.0,0.0,0.0,0.0,100.0,100.0,Inactive,0.0,0,0.0,0.0,0.0,0.0,0.07210925887209883,0.0,0.1682549373682306,0.0050150451354062184,,0.0003178639542275906,0.019071837253655435,0.4807283924806589
2017-12-01,0.0,0.0,0.0,0,0,False,0.0,0.0,0.0,0.0,0.0,0.0,0.0,100.0,100.0,Inactive,0.0,0,0.0,0.0,0.0,0.0,0.07210925887209883,0.0,0.1682549373682306,0.0050150451354062184,,0.0003178639542275906,0.019071837253655435,0.4807283924806589
2017-12-02,0.0,0.0,0.0,0,0,False,0.0,0.0,0.0,0.0,0.0,0.0,0.0,100.0,100.0,Inactive,0.0,0,0.0,0.0,0.0,0.0,0.07210925887209883,0.0,0.1682549373682306,0.0050150451354062184,,0.0003178639542275906,0.019071837253655435,0.4807283924806589
2017-12-03,0.0,0.0,0.0,0,0,False,0.0,0.0,0.0,0.0,0.0,0.0,0.0,100.0,100.0,Inactive,0.0,0,0.0,0.0,0.0,0.0,0.07210925887209883,0.0,0.1682549373682306,0.0050150451354062184,,0.0003178639542275906,0.019071837253655435,0.4807283924806589
2017-12-04,0.0,0.0,0.0,0,0,False,0.0,0.0,0.0,0.0,0.0,0.0,0.0,100.0,100.0,Inactive,0.0,0,0.0,0.0,0.0,0.0,0.07210925887209883,0.0,0.1682549373682306,0.0050150451354062184,,0.0003178639542275906,0.019071837253655435,0.4807283924806589
2017-12-05,0.0,0.0,0.0,0,0,False,0.0,0.0,0.0,0.0,0.0,0.0,0.0,100.0,100.0,Inactive,0.0,0,0.0,0.0,0.0,0.0,0.07210925887209883,0.0,0.1682549373682306,0.0050150451354062184,,0.0003178639542275906,0.019071837253655435,0.4807283924806589
2017-12-06,0.0,0.0,0.0,0,0,False,0.0,0.0,0.0,0.0,0.0,0.0,0.0,100.0,100.0,Inactive,0.0,0,0.0,0.0,0.0,0.0,0.07210925887209883,0.0,0.1682549373682306,0.0050150451354062184,,0.0003178639542275906,0.019071837253655435,0.4807283924806589
2017-12-07,0.0,0.0,0.0,0,0,False,0.0,0.0,0.0,0.0,0.0,0.0,0.0,100.0,100.0,Inactive,0.0,0,0.0,0.0,0.0,0.0,0.07210925887209883,0.0,0.1682549373682306,0.0050150451354062184,,0.0003178639542275906,0.019071837253655435,0.4807283924806589
2017-12-08,0.0,0.0,0.0,0,0,False,0.0,0.0,0.0,0.0,0.0,0.0,0.0,100.0,100.0,Inactive,0.0,0,0.0,0.0,0.0,0.0,0.07210925887209883,0.0,0.1682549373682306,0.0050150451354062184,,0.0003178639542275906,0.019071837253655435,0.4807283924806589
2017-12-09,0.0,0.0,0.0,0,0,False,0.0,0.0,0.0,0.0,0.0,0.0,0.0,100.0,100.0,Inactive,0.0,0,0.0,0.0,0.0,0.0,0.07210925887209883,0.0,0.1682549373682306,0.0050150451354062184,,0.0003178639542275906,0.019071837253655435,0.4807283924806589
2017-12-10,0.0,0.0,0.0,0,0,False,0.0,0.0,0.0,0.0,0.0,0.0,0.0,100.0,100.0,Inactive,0.0,0,0.0,0.0,0.0,0.0,0.07210925887209883,0.0,0.1682549373682306,0.0050150451354062184,,0.0003178639542275906,0.019071837253655435,0.4807283924806589
2017-12-11,0.0,0.0,0.0,0,0,False,0.0,0.0,0.0,0.0,0.0,0.0,0.0,100.0,100.0,Inactive,0.0,0,0.0,0.0,0.0,0.0,0.07210925887209883,0.0,0.1682549373682306,0.0050150451354062184,,0.0003178639542275906,0.019071837253655435,0.4807283924806589
2017-12-12,0.0,0.0,0.0,0,0,False,0.0,0.0,0.0,0.0,0.0,0.0,0.0,100.0,100.0,Inactive,0.0,0,0.0,0.0,0.0,0.0,0.07210925887209883,0.0,0.1682549373682306,0.0050150451354062184,,0.0003178639542275906,0.019071837253655435,0.4807283924806589
2017-12-13,0.0,0.0,0.0,0,0,False,0.0,0.0,0.0,0.0,0.0,0.0,0.0,100.0,100.0,Inactive,0.0,0,0.0,0.0,0.0,0.0,0.07210925887209883,0.0,0.1682549373682306,0.0050150451354062184,,0.0003178639542275906,0.019071837253655435,0.4807283924806589
2017-12-14,0.0,0.0,0.0,0,0,False,0.0,0.0,0.0,0.0,0.0,0.0,0.0,100.0,100.0,Inactive,0.0,0,0.0,0.0,0.0,0.0,0.07210925887209883,0.0,0.1682549373682306,0.0050150451354062184,,0.0003178639542275906,0.019071837253655435,0.4807283924806589
2017-12-15,0.0,0.0,0.0,0,0,False,0.0,0.0,0.0,0.0,0.0,0.0,0.0,100.0,100.0,Inactive,0.0,0,0.0,0.0,0.0,0.0,0.07210925887209883,0.0,0.1682549373682306,0.0050150451354062184,,0.0003178639542275906,0.019071837253655435,0.4807283924806589
2017-12-16,0.0,0.0,0.0,0,0,False,0.0,0.0,0.0,0.0,0.0,0.0,0.0,100.0,100.0,Inactive,0.0,0,0.0,0.0,0.0,0.0,0.07210925887209883,0.0,0.1682549373682306,0.0050150451354062184,,0.0003178639542275906,0.019071837253655435,0.4807283924806589
2017-12-17,0.0,0.0,0.0,0,0,False,0.0,0.0,0.0,0.0,0.0,0.0,0.0,100.0,100.0,Inactive,0.0,0,0.0,0.0,0.0,0.0,0.07210925887209883,0.0,0.1682549373682306,0.0050150451354062184,,0.0003178639542275906,0.019071837253655435,0.4807283924806589
2017-12-18,0.0,0.0,0.0,0,0,False,0.0,0.0,0.0,0.0,0.0,0.0,0.0,100.0,100.0,Inactive,0.0,0,0.0,0.0,0.0,0.0,0.07210925887209883,0.0,0.1682549373682306,0.0050150451354062184,,0.0003178639542275906,0.019071837253655435,0.4807283924806589
2017-12-19,0.0,0.0,0.0,0,0,False,0.0,0.0,0.0,0.0,0.0,0.0,0.0,100.0,100.0,Inactive,0.0,0,0.0,0.0,0.0,0.0,0.07210925887209883,0.0,0.1682549373682306,0.0050150451354062184,,0.0003178639542275906,0.019071837253655435,0.4807283924806589
2017-12-20,0.0,0.0,0.0,0,0,False,0.0,0.0,0.0,0.0,0.0,0.0,0.0,100.0,100.0,Inactive,0.0,0,0.0,0.0,0.0,0.0,0.07210925887209883,0.0,0.1682549373682306,0.0050150451354062184,,0.0003178639542275906,0.019071837253655435,0.4807283924806589
2017-12-21,0.0,0.0,0.0,0,0,False,0.0,0.0,0.0,0.0,0.0,0.0,0.0,100.0,100.0,Inactive,0.0,0,0.0,0.0,0.0,0.0,0.07210925887209883,0.0,0.1682549373682306,0.0050150451354062184,,0.0003178639542275906,0.019071837253655435,0.4807283924806589
2017-12-22,0.0,0.0,0.0,0,0,False,0.0,0.0,0.0,0.0,0.0,0.0,0.0,100.0,100.0,Inactive,0.0,0,0.0,0.0,0.0,0.0,0.07210925887209883,0.0,0.1682549373682306,0.0050150451354062184,,0.0003178639542275906,0.019071837253655435,0.4807283924806589
2017-12-23,0.0,0.0,0.0,0,0,False,0.0,0.0,0.0,0.0,0.0,0.0,0.0,100.0,100.0,Inactive,0.0,0,0.0,0.0,0.0,0.0,0.07210925887209883,0.0,0.1682549373682306,0.0050150451354062184,,0.0003178639542275906,0.019071837253655435,0.4807283924806589
2017-12-24,0.0,0.0,0.0,0,0,False,0.0,0.0,0.0,0.0,0.0,0.0,0.0,100.0,100.0,Inactive,0.0,0,0.0,0.0,0.0,0.0,0.07210925887209883,0.0,0.1682549373682306,0.0050150451354062184,,0.0003178639542275906,0.019071837253655435,0.4807283924806589
2017-12-25,0.0,0.0,0.0,0,0,False,0.0,0.0,0.0,0.0,0.0,0.0,0.0,100.0,100.0,Inactive,0.0,0,0.0,0.0,0.0,0.0,0.07210925887209883,0.0,0.1682549373682306,0.0050150451354062184,,0.0003178639542275906,0.019071837253655435,0.4807283924806589
2017-12-26,0.0,0.0,0.0,0,0,False,0.0,0.0,0.0,0.0,0.0,0.0,0.0,100.0,100.0,Inactive,0.0,0,0.0,0.0,0.0,0.0,0.07210925887209883,0.0,0.1682549373682306,0.0050150451354062184,,0.0003178639542275906,0.019071837253655435,0.4807283924806589
2017-12-27,0.0,0.0,0.0,0,0,False,0.0,0.0,0.0,0.0,0.0,0.0,0.0,100.0,100.0,Inactive,0.0,0,0.0,0.0,0.0,0.0,0.07210925887209883,0.0,0.1682549373682306,0.0050150451354062184,,0.0003178639542275906,0.019071837253655435,0.4807283924806589
2017-12-28,0.0,0.0,0.0,0,0,False,0.0,0.0,0.0,0.0,0.0,0.0,0.0,100.0,100.0,Inactive,0.0,0,0.0,0.0,0.0,0.0,0.07210925887209883,0.0,0.1682549373682306,0.0050150451354062184,,0.0003178639542275906,0.019071837253655435,0.4807283924806589
2017-12-29,0.0,0.0,0.0,0,0,False,0.0,0.0,0.0,0.0,0.0,0.0,0.0,100.0,100.0,Inactive,0.0,0,0.0,0.0,0.0,0.0,0.07210925887209883,0.0,0.1682549373682306,0.0050150451354062184,,0.0003178639542275906,0.019071837253655435,0.4807283924806589
2017-12-30,0.0,0.0,0.0,0,0,False,0.0,0.0,0.0,0.0,0.0,0.0,0.0,100.0,100.0,Inactive,0.0,0,0.0,0.0,0.0,0.0,0.07210925887209883,0.0,0.1682549373682306,0.0050150451354062184,,0.0003178639542275906,0.019071837253655435,0.4807283924806589
2017-12-31,0.0,0.0,0.0,0,0,False,0.0,0.0,0.0,0.0,0.0,0.0,0.0,100.0,100.0,Inactive,0.0,0,0.0,0.0,0.0,0.0,0.07210925887209883,0.0,0.1682549373682306,0.0050150451354062184,,0.0003178639542275906,0.019071837253655435,0.4807283924806589
2018-01-01,0.0,0.0,0.0,0,0,False,0.0,0.0,0.0,0.0,0.0,0.0,0.0,100.0,100.0,Inactive,0.0,0,0.0,0.0,0.0,0.0,0.07210925887209883,0.0,0.1682549373682306,0.0050150451354062184,,0.0003178639542275906,0.019071837253655435,0.4807283924806589
2018-01-02,0.0,0.0,0.0,0,0,False,0.0,0.0,0.0,0.0,0.0,0.0,0.0,100.0,100.0,Inactive,0.0,0,0.0,0.0,0.0,0.0,0.07210925887209883,0.0,0.1682549373682306,0.0050150451354062184,,0.0003178639542275906,0.019071837253655435,0.4807283924806589
2018-01-03,0.0,0.0,0.0,0,0,False,0.0,0.0,0.0,0.0,0.0,0.0,0.0,100.0,100.0,Inactive,0.0,0,0.0,0.0,0.0,0.0,0.07210925887209883,0.0,0.1682549373682306,0.0050150451354062184,,0.0003178639542275906,0.019071837253655435,0.4807283924806589
2018-01-04,0.0,0.0,0.0,0,0,False,0.0,0.0,0.0,0.0,0.0,0.0,0.0,100.0,100.0,Inactive,0.0,0,0.0,0.0,0.0,0.0,0.07210925887209883,0.0,0.1682549373682306,0.0050150451354062184,,0.0003178639542275906,0.019071837253655435,0.4807283924806589
2018-01-05,0.0,0.0,0.0,0,0,False,0.0,0.0,0.0,0.0,0.0,0.0,0.0,100.0,100.0,Inactive,0.0,0,0.0,0.0,0.0,0.0,0.07210925887209883,0.0,0.1682549373682306,0.0050150451354062184,,0.0003178639542275906,0.019071837253655435,0.4807283924806589
2018-01-06,0.0,0.0,0.0,0,0,False,0.0,0.0,0.0,0.0,0.0,0.0,0.0,100.0,100.0,Inactive,0.0,0,0.0,0.0,0.0,0.0,0.07210925887209883,0.0,0.1682549373682306,0.0050150451354062184,,0.0003178639542275906,0.019071837253655435,0.4807283924806589
2018-01-07,0.0,0.0,0.0,0,0,False,0.0,0.0,0.0,0.0,0.0,0.0,0.0,100.0,100.0,Inactive,0.0,0,0.0,0.0,0.0,0.0,0.07210925887209883,0.0,0.1682549373682306,0.0050150451354062184,,0.0003178639542275906,0.019071837253655435,0.4807283924806589
2018-01-08,0.0,0.0,0.0,0,0,False,0.0,0.0,0.0,0.0,0.0,0.0,0.0,100.0,100.0,Inactive,0.0,0,0.0,0.0,0.0,0.0,0.07210925887209883,0.0,0.1682549373682306,0.0050150451354062184,,0.0003178639542275906,0.019071837253655435,0.4807283924806589
2018-01-09,0.0,0.0,0.0,0,0,False,0.0,0.0,0.0,0.0,0.0,0.0,0.0,100.0,100.0,Inactive,0.0,0,0.0,0.0,0.0,0.0,0.07210925887209883,0.0,0.1682549373682306,0.0050150451354062184,,0.0003178639542275906,0.019071837253655435,0.4807283924806589
2018-01-10,0.0,0.0,0.0,0,0,False,0.0,0.0,0.0,0.0,0.0,0.0,0.0,100.0,100.0,Inactive,0.0,0,0.0,0.0,0.0,0.0,0.07210925887209883,0.0,0.1682549373682306,0.0050150451354062184,,0.0003178639542275906,0.019071837253655435,0.4807283924806589
2018-01-11,0.0,0.0,0.0,0,0,False,0.0,0.0,0.0,0.0,0.0,0.0,0.0,100.0,100.0,Inactive,0.0,0,0.0,0.0,0.0,0.0,0.07210925887209883,0.0,0.1682549373682306,0.0050150451354062184,,0.0003178639542275906,0.019071837253655435,0.4807283924806589
2018-01-12,0.0,0.0,0.0,0,0,False,0.0,0.0,0.0,0.0,0.0,0.0,0.0,100.0,100.0,Inactive,0.0,0,0.0,0.0,0.0,0.0,0.07210925887209883,0.0,0.1682549373682306,0.0050150451354062184,,0.0003178639542275906,0.019071837253655435,0.4807283924806589
2018-01-13,0.0,0.0,0.0,0,0,False,0.0,0.0,0.0,0.0,0.0,0.0,0.0,100.0,100.0,Inactive,0.0,0,0.0,0.0,0.0,0.0,0.07210925887209883,0.0,0.1682549373682306,0.0050150451354062184,,0.0003178639542275906,0.019071837253655435,0.4807283924806589
2018-01-14,0.0,0.0,0.0,0,0,False,0.0,0.0,0.0,0.0,0.0,0.0,0.0,100.0,100.0,Inactive,0.0,0,0.0,0.0,0.0,0.0,0.07210925887209883,0.0,0.1682549373682306,0.0050150451354062184,,0.0003178639542275906,0.019071837253655435,0.4807283924806589
2018-01-15,0.0,0.0,0.0,0,0,False,0.0,0.0,0.0,0.0,0.0,0.0,0.0,100.0,100.0,Inactive,0.0,0,0.0,0.0,0.0,0.0,0.07210925887209883,0.0,0.1682549373682306,0.0050150451354062184,,0.0003178639542275906,0.019071837253655435,0.4807283924806589
2018-01-16,0.0,0.0,0.0,0,0,False,0.0,0.0,0.0,0.0,0.0,0.0,0.0,100.0,100.0,Inactive,0.0,0,0.0,0.0,0.0,0.0,0.07210925887209883,0.0,0.1682549373682306,0.0050150451354062184,,0.0003178639542275906,0.019071837253655435,0.4807283924806589
2018-01-17,0.0,0.0,0.0,0,0,False,0.0,0.0,0.0,0.0,0.0,0.0,0.0,100.0,100.0,Inactive,0.0,0,0.0,0.0,0.0,0.0,0.07210925887209883,0.0,0.1682549373682306,0.0050150451354062184,,0.0003178639542275906,0.019071837253655435,0.4807283924806589
2018-01-18,0.0,0.0,0.0,0,0,False,0.0,0.0,0.0,0.0,0.0,0.0,0.0,100.0,100.0,Inactive,0.0,0,0.0,0.0,0.0,0.0,0.07210925887209883,0.0,0.1682549373682306,0.0050150451354062184,,0.0003178639542275906,0.019071837253655435,0.4807283924806589
2018-01-19,0.0,0.0,0.0,0,0,False,0.0,0.0,0.0,0.0,0.0,0.0,0.0,100.0,100.0,Inactive,0.0,0,0.0,0.0,0.0,0.0,0.07210925887209883,0.0,0.1682549373682306,0.0050150451354062184,,0.0003178639542275906,0.019071837253655435,0.4807283924806589
2018-01-20,0.0,0.0,0.0,0,0,False,0.0,0.0,0.0,0.0,0.0,0.0,0.0,100.0,100.0,Inactive,0.0,0,0.0,0.0,0.0,0.0,0.07210925887209883,0.0,0.1682549373682306,0.0050150451354062184,,0.0003178639542275906,0.019071837253655435,0.4807283924806589
2018-01-21,0.0,0.0,0.0,0,0,False,0.0,0.0,0.0,0.0,0.0,0.0,0.0,100.0,100.0,Inactive,0.0,0,0.0,0.0,0.0,0.0,0.07210925887209883,0.0,0.1682549373682306,0.0050150451354062184,,0.0003178639542275906,0.019071837253655435,0.4807283924806589
2018-01-22,0.0,0.0,0.0,0,0,False,0.0,0.0,0.0,0.0,0.0,0.0,0.0,100.0,100.0,Inactive,0.0,0,0.0,0.0,0.0,0.0,0.07210925887209883,0.0,0.1682549373682306,0.0050150451354062184,,0.0003178639542275906,0.019071837253655435,0.4807283924806589
2018-01-23,0.0,0.0,0.0,0,0,False,0.0,0.0,0.0,0.0,0.0,0.0,0.0,100.0,100.0,Inactive,0.0,0,0.0,0.0,0.0,0.0,0.07210925887209883,0.0,0.1682549373682306,0.0050150451354062184,,0.0003178639542275906,0.019071837253655435,0.4807283924806589
2018-01-24,0.0,0.0,0.0,0,0,False,0.0,0.0,0.0,0.0,0.0,0.0,0.0,100.0,100.0,Inactive,0.0,0,0.0,0.0,0.0,0.0,0.07210925887209883,0.0,0.1682549373682306,0.0050150451354062184,,0.0003178639542275906,0.019071837253655435,0.4807283924806589
2018-01-25,0.0,0.0,0.0,0,0,False,0.0,0.0,0.0,0.0,0.0,0.0,0.0,100.0,100.0,Inactive,0.0,0,0.0,0.0,0.0,0.0,0.07210925887209883,0.0,0.1682549373682306,0.0050150451354062184,,0.0003178639542275906,0.019071837253655435,0.4807283924806589
2018-01-26,0.0,0.0,0.0,0,0,False,0.0,0.0,0.0,0.0,0.0,0.0,0.0,100.0,100.0,Inactive,0.0,0,0.0,0.0,0.0,0.0,0.07210925887209883,0.0,0.1682549373682306,0.0050150451354062184,,0.0003178639542275906,0.019071837253655435,0.4807283924806589
2018-01-27,0.0,0.0,0.0,0,0,False,0.0,0.0,0.0,0.0,0.0,0.0,0.0,100.0,100.0,Inactive,0.0,0,0.0,0.0,0.0,0.0,0.07210925887209883,0.0,0.1682549373682306,0.0050150451354062184,,0.0003178639542275906,0.019071837253655435,0.4807283924806589
2018-01-28,0.0,0.0,0.0,0,0,False,0.0,0.0,0.0,0.0,0.0,0.0,0.0,100.0,100.0,Inactive,0.0,0,0.0,0.0,0.0,0.0,0.07210925887209883,0.0,0.1682549373682306,0.0050150451354062184,,0.0003178639542275906,0.019071837253655435,0.4807283924806589
2018-01-29,0.0,0.0,0.0,0,0,False,0.0,0.0,0.0,0.0,0.0,0.0,0.0,100.0,100.0,Inactive,0.0,0,0.0,0.0,0.0,0.0,0.07210925887209883,0.0,0.1682549373682306,0.0050150451354062184,,0.0003178639542275906,0.019071837253655435,0.4807283924806589
2018-01-30,0.0,0.0,0.0,0,0,False,0.0,0.0,0.0,0.0,0.0,0.0,0.0,100.0,100.0,Inactive,0.0,0,0.0,0.0,0.0,0.0,0.07210925887209883,0.0,0.1682549373682306,0.0050150451354062184,,0.0003178639542275906,0.019071837253655435,0.4807283924806589
2018-01-31,0.0,0.0,0.0,0,0,False,0.0,0.0,0.0,0.0,0.0,0.0,0.0,100.0,100.0,Inactive,0.0,0,0.0,0.0,0.0,0.0,0.07210925887209883,0.0,0.1682549373682306,0.0050150451354062184,,0.0003178639542275906,0.019071837253655435,0.4807283924806589
2018-02-01,0.0,0.0,0.0,0,0,False,0.0,0.0,0.0,0.0,0.0,0.0,0.0,100.0,100.0,Inactive,0.0,0,0.0,0.0,0.0,0.0,0.07210925887209883,0.0,0.1682549373682306,0.0050150451354062184,,0.0003178639542275906,0.019071837253655435,0.4807283924806589
2018-02-02,0.0,0.0,0.0,0,0,False,0.0,0.0,0.0,0.0,0.0,0.0,0.0,100.0,100.0,Inactive,0.0,0,0.0,0.0,0.0,0.0,0.07210925887209883,0.0,0.1682549373682306,0.0050150451354062184,,0.0003178639542275906,0.019071837253655435,0.4807283924806589
2018-02-03,0.0,0.0,0.0,0,0,False,0.0,0.0,0.0,0.0,0.0,0.0,0.0,100.0,100.0,Inactive,0.0,0,0.0,0.0,0.0,0.0,0.07210925887209883,0.0,0.1682549373682306,0.0050150451354062184,,0.0003178639542275906,0.019071837253655435,0.4807283924806589
2018-02-04,0.0,0.0,0.0,0,0,False,0.0,0.0,0.0,0.0,0.0,0.0,0.0,100.0,100.0,Inactive,0.0,0,0.0,0.0,0.0,0.0,0.07210925887209883,0.0,0.1682549373682306,0.0050150451354062184,,0.0003178639542275906,0.019071837253655435,0.4807283924806589
2018-02-05,0.0,0.0,0.0,0,0,False,0.0,0.0,0.0,0.0,0.0,0.0,0.0,100.0,100.0,Inactive,0.0,0,0.0,0.0,0.0,0.0,0.07210925887209883,0.0,0.1682549373682306,0.0050150451354062184,,0.0003178639542275906,0.019071837253655435,0.4807283924806589
2018-02-06,0.0,0.0,0.0,0,0,False,0.0,0.0,0.0,0.0,0.0,0.0,0.0,100.0,100.0,Inactive,0.0,0,0.0,0.0,0.0,0.0,0.07210925887209883,0.0,0.1682549373682306,0.0050150451354062184,,0.0003178639542275906,0.019071837253655435,0.4807283924806589
2018-02-07,0.0,0.0,0.0,0,0,False,0.0,0.0,0.0,0.0,0.0,0.0,0.0,100.0,100.0,Inactive,0.0,0,0.0,0.0,0.0,0.0,0.07210925887209883,0.0,0.1682549373682306,0.0050150451354062184,,0.0003178639542275906,0.019071837253655435,0.4807283924806589
2018-02-08,0.0,0.0,0.0,0,0,False,0.0,0.0,0.0,0.0,0.0,0.0,0.0,100.0,100.0,Inactive,0.0,0,0.0,0.0,0.0,0.0,0.07210925887209883,0.0,0.1682549373682306,0.0050150451354062184,,0.0003178639542275906,0.019071837253655435,0.4807283924806589
2018-02-09,0.0,0.0,0.0,0,0,False,0.0,0.0,0.0,0.0,0.0,0.0,0.0,100.0,100.0,Inactive,0.0,0,0.0,0.0,0.0,0.0,0.07210925887209883,0.0,0.1682549373682306,0.0050150451354062184,,0.0003178639542275906,0.019071837253655435,0.4807283924806589
2018-02-10,0.0,0.0,0.0,0,0,False,0.0,0.0,0.0,0.0,0.0,0.0,0.0,100.0,100.0,Inactive,0.0,0,0.0,0.0,0.0,0.0,0.07210925887209883,0.0,0.1682549373682306,0.0050150451354062184,,0.0003178639542275906,0.019071837253655435,0.4807283924806589
2018-02-11,0.0,0.0,0.0,0,0,False,0.0,0.0,0.0,0.0,0.0,0.0,0.0,100.0,100.0,Inactive,0.0,0,0.0,0.0,0.0,0.0,0.07210925887209883,0.0,0.1682549373682306,0.0050150451354062184,,0.0003178639542275906,0.019071837253655435,0.4807283924806589
2018-02-12,0.0,0.0,0.0,0,0,False,0.0,0.0,0.0,0.0,0.0,0.0,0.0,100.0,100.0,Inactive,0.0,0,0.0,0.0,0.0,0.0,0.07210925887209883,0.0,0.1682549373682306,0.0050150451354062184,,0.0003178639542275906,0.019071837253655435,0.4807283924806589
2018-02-13,0.0,0.0,0.0,0,0,False,0.0,0.0,0.0,0.0,0.0,0.0,0.0,100.0,100.0,Inactive,0.0,0,0.0,0.0,0.0,0.0,0.07210925887209883,0.0,0.1682549373682306,0.0050150451354062184,,0.0003178639542275906,0.019071837253655435,0.4807283924806589
2018-02-14,0.0,0.0,0.0,0,0,False,0.0,0.0,0.0,0.0,0.0,0.0,0.0,100.0,100.0,Inactive,0.0,0,0.0,0.0,0.0,0.0,0.07210925887209883,0.0,0.1682549373682306,0.0050150451354062184,,0.0003178639542275906,0.019071837253655435,0.4807283924806589
2018-02-15,0.0,0.0,0.0,0,0,False,0.0,0.0,0.0,0.0,0.0,0.0,0.0,100.0,100.0,Inactive,0.0,0,0.0,0.0,0.0,0.0,0.07210925887209883,0.0,0.1682549373682306,0.0050150451354062184,,0.0003178639542275906,0.019071837253655435,0.4807283924806589
2018-02-16,0.0,0.0,0.0,0,0,False,0.0,0.0,0.0,0.0,0.0,0.0,0.0,100.0,100.0,Inactive,0.0,0,0.0,0.0,0.0,0.0,0.07210925887209883,0.0,0.1682549373682306,0.0050150451354062184,,0.0003178639542275906,0.019071837253655435,0.4807283924806589
2018-02-17,0.0,0.0,0.0,0,0,False,0.0,0.0,0.0,0.0,0.0,0.0,0.0,100.0,100.0,Inactive,0.0,0,0.0,0.0,0.0,0.0,0.07210925887209883,0.0,0.1682549373682306,0.0050150451354062184,,0.0003178639542275906,0.019071837253655435,0.4807283924806589
2018-02-18,0.0,0.0,0.0,0,0,False,0.0,0.0,0.0,0.0,0.0,0.0,0.0,100.0,100.0,Inactive,0.0,0,0.0,0.0,0.0,0.0,0.07210925887209883,0.0,0.1682549373682306,0.0050150451354062184,,0.0003178639542275906,0.019071837253655435,0.4807283924806589
2018-02-19,0.0,0.0,0.0,0,0,False,0.0,0.0,0.0,0.0,0.0,0.0,0.0,100.0,100.0,Inactive,0.0,0,0.0,0.0,0.0,0.0,0.07210925887209883,0.0,0.1682549373682306,0.0050150451354062184,,0.0003178639542275906,0.019071837253655435,0.4807283924806589
2018-02-20,0.0,0.0,0.0,0,0,False,0.0,0.0,0.0,0.0,0.0,0.0,0.0,100.0,100.0,Inactive,0.0,0,0.0,0.0,0.0,0.0,0.07210925887209883,0.0,0.1682549373682306,0.0050150451354062184,,0.0003178639542275906,0.019071837253655435,0.4807283924806589
2018-02-21,0.0,0.0,0.0,0,0,False,0.0,0.0,0.0,0.0,0.0,0.0,0.0,100.0,100.0,Inactive,0.0,0,0.0,0.0,0.0,0.0,0.07210925887209883,0.0,0.1682549373682306,0.0050150451354062184,,0.0003178639542275906,0.019071837253655435,0.4807283924806589
2018-02-22,0.0,0.0,0.0,0,0,False,0.0,0.0,0.0,0.0,0.0,0.0,0.0,100.0,100.0,Inactive,0.0,0,0.0,0.0,0.0,0.0,0.07210925887209883,0.0,0.1682549373682306,0.0050150451354062184,,0.0003178639542275906,0.019071837253655435,0.4807283924806589
2018-02-23,0.0,0.0,0.0,0,0,False,0.0,0.0,0.0,0.0,0.0,0.0,0.0,100.0,100.0,Inactive,0.0,0,0.0,0.0,0.0,0.0,0.07210925887209883,0.0,0.1682549373682306,0.0050150451354062184,,0.0003178639542275906,0.019071837253655435,0.4807283924806589
2018-02-24,0.0,0.0,0.0,0,0,False,0.0,0.0,0.0,0.0,0.0,0.0,0.0,100.0,100.0,Inactive,0.0,0,0.0,0.0,0.0,0.0,0.07210925887209883,0.0,0.1682549373682306,0.0050150451354062184,,0.0003178639542275906,0.019071837253655435,0.4807283924806589
2018-02-25,0.0,0.0,0.0,0,0,False,0.0,0.0,0.0,0.0,0.0,0.0,0.0,100.0,100.0,Inactive,0.0,0,0.0,0.0,0.0,0.0,0.07210925887209883,0.0,0.1682549373682306,0.0050150451354062184,,0.0003178639542275906,0.019071837253655435,0.4807283924806589
2018-02-26,0.0,0.0,0.0,0,0,False,0.0,0.0,0.0,0.0,0.0,0.0,0.0,100.0,100.0,Inactive,0.0,0,0.0,0.0,0.0,0.0,0.07210925887209883,0.0,0.1682549373682306,0.0050150451354062184,,0.0003178639542275906,0.019071837253655435,0.4807283924806589
2018-02-27,0.0,0.0,0.0,0,0,False,0.0,0.0,0.0,0.0,0.0,0.0,0.0,100.0,100.0,Inactive,0.0,0,0.0,0.0,0.0,0.0,0.07210925887209883,0.0,0.1682549373682306,0.0050150451354062184,,0.0003178639542275906,0.019071837253655435,0.4807283924806589
2018-02-28,0.0,0.0,0.0,0,0,False,0.0,0.0,0.0,0.0,0.0,0.0,0.0,100.0,100.0,Inactive,0.0,0,0.0,0.0,0.0,0.0,0.07210925887209883,0.0,0.1682549373682306,0.0050150451354062184,,0.0003178639542275906,0.019071837253655435,0.4807283924806589
2018-03-01,0.0,0.0,0.0,0,0,False,0.0,0.0,0.0,0.0,0.0,0.0,0.0,100.0,100.0,Inactive,0.0,0,0.0,0.0,0.0,0.0,0.07210925887209883,0.0,0.1682549373682306,0.0050150451354062184,,0.0003178639542275906,0.019071837253655435,0.4807283924806589
2018-03-02,0.0,0.0,0.0,0,0,False,0.0,0.0,0.0,0.0,0.0,0.0,0.0,100.0,100.0,Inactive,0.0,0,0.0,0.0,0.0,0.0,0.07210925887209883,0.0,0.1682549373682306,0.0050150451354062184,,0.0003178639542275906,0.019071837253655435,0.4807283924806589
2018-03-03,0.0,0.0,0.0,0,0,False,0.0,0.0,0.0,0.0,0.0,0.0,0.0,100.0,100.0,Inactive,0.0,0,0.0,0.0,0.0,0.0,0.07210925887209883,0.0,0.1682549373682306,0.0050150451354062184,,0.0003178639542275906,0.019071837253655435,0.4807283924806589
2018-03-04,0.0,0.0,0.0,0,0,False,0.0,0.0,0.0,0.0,0.0,0.0,0.0,100.0,100.0,Inactive,0.0,0,0.0,0.0,0.0,0.0,0.07210925887209883,0.0,0.1682549373682306,0.0050150451354062184,,0.0003178639542275906,0.019071837253655435,0.4807283924806589
2018-03-05,0.0,0.0,0.0,0,0,False,0.0,0.0,0.0,0.0,0.0,0.0,0.0,100.0,100.0,Inactive,0.0,0,0.0,0.0,0.0,0.0,0.07210925887209883,0.0,0.1682549373682306,0.0050150451354062184,,0.0003178639542275906,0.019071837253655435,0.4807283924806589
2018-03-06,0.0,0.0,0.0,0,0,False,0.0,0.0,0.0,0.0,0.0,0.0,0.0,100.0,100.0,Inactive,0.0,0,0.0,0.0,0.0,0.0,0.07210925887209883,0.0,0.1682549373682306,0.0050150451354062184,,0.0003178639542275906,0.019071837253655435,0.4807283924806589
2018-03-07,0.0,0.0,0.0,0,0,False,0.0,0.0,0.0,0.0,0.0,0.0,0.0,100.0,100.0,Inactive,0.0,0,0.0,0.0,0.0,0.0,0.07210925887209883,0.0,0.1682549373682306,0.0050150451354062184,,0.0003178639542275906,0.019071837253655435,0.4807283924806589
2018-03-08,0.0,0.0,0.0,0,0,False,0.0,0.0,0.0,0.0,0.0,0.0,0.0,100.0,100.0,Inactive,0.0,0,0.0,0.0,0.0,0.0,0.07210925887209883,0.0,0.1682549373682306,0.0050150451354062184,,0.0003178639542275906,0.019071837253655435,0.4807283924806589
2018-03-09,0.0,0.0,0.0,0,0,False,0.0,0.0,0.0,0.0,0.0,0.0,0.0,100.0,100.0,Inactive,0.0,0,0.0,0.0,0.0,0.0,0.07210925887209883,0.0,0.1682549373682306,0.0050150451354062184,,0.0003178639542275906,0.019071837253655435,0.4807283924806589
2018-03-10,0.0,0.0,0.0,0,0,False,0.0,0.0,0.0,0.0,0.0,0.0,0.0,100.0,100.0,Inactive,0.0,0,0.0,0.0,0.0,0.0,0.07210925887209883,0.0,0.1682549373682306,0.0050150451354062184,,0.0003178639542275906,0.019071837253655435,0.4807283924806589
2018-03-11,0.0,0.0,0.0,0,0,False,0.0,0.0,0.0,0.0,0.0,0.0,0.0,100.0,100.0,Inactive,0.0,0,0.0,0.0,0.0,0.0,0.07210925887209883,0.0,0.1682549373682306,0.0050150451354062184,,0.0003178639542275906,0.019071837253655435,0.4807283924806589
2018-03-12,0.0,0.0,0.0,0,0,False,0.0,0.0,0.0,0.0,0.0,0.0,0.0,100.0,100.0,Inactive,0.0,0,0.0,0.0,0.0,0.0,0.07210925887209883,0.0,0.1682549373682306,0.0050150451354062184,,0.0003178639542275906,0.019071837253655435,0.4807283924806589
2018-03-13,0.0,0.0,0.0,0,0,False,0.0,0.0,0.0,0.0,0.0,0.0,0.0,100.0,100.0,Inactive,0.0,0,0.0,0.0,0.0,0.0,0.07210925887209883,0.0,0.1682549373682306,0.0050150451354062184,,0.0003178639542275906,0.019071837253655435,0.4807283924806589
2018-03-14,0.0,0.0,0.0,0,0,False,0.0,0.0,0.0,0.0,0.0,0.0,0.0,100.0,100.0,Inactive,0.0,0,0.0,0.0,0.0,0.0,0.07210925887209883,0.0,0.1682549373682306,0.0050150451354062184,,0.0003178639542275906,0.019071837253655435,0.4807283924806589
2018-03-15,0.0,0.0,0.0,0,0,False,0.0,0.0,0.0,0.0,0.0,0.0,0.0,100.0,100.0,Inactive,0.0,0,0.0,0.0,0.0,0.0,0.07210925887209883,0.0,0.1682549373682306,0.0050150451354062184,,0.0003178639542275906,0.019071837253655435,0.4807283924806589
2018-03-16,0.0,0.0,0.0,0,0,False,0.0,0.0,0.0,0.0,0.0,0.0,0.0,100.0,100.0,Inactive,0.0,0,0.0,0.0,0.0,0.0,0.07210925887209883,0.0,0.1682549373682306,0.0050150451354062184,,0.0003178639542275906,0.019071837253655435,0.4807283924806589
2018-03-17,0.0,0.0,0.0,0,0,False,0.0,0.0,0.0,0.0,0.0,0.0,0.0,100.0,100.0,Inactive,0.0,0,0.0,0.0,0.0,0.0,0.07210925887209883,0.0,0.1682549373682306,0.0050150451354062184,,0.0003178639542275906,0.019071837253655435,0.4807283924806589
2018-03-18,0.0,0.0,0.0,0,0,False,0.0,0.0,0.0,0.0,0.0,0.0,0.0,100.0,100.0,Inactive,0.0,0,0.0,0.0,0.0,0.0,0.07210925887209883,0.0,0.1682549373682306,0.0050150451354062184,,0.0003178639542275906,0.019071837253655435,0.4807283924806589
2018-03-19,0.0,0.0,0.0,0,0,False,0.0,0.0,0.0,0.0,0.0,0.0,0.0,100.0,100.0,Inactive,0.0,0,0.0,0.0,0.0,0.0,0.07210925887209883,0.0,0.1682549373682306,0.0050150451354062184,,0.0003178639542275906,0.019071837253655435,0.4807283924806589
2018-03-20,0.0,0.0,0.0,0,0,False,0.0,0.0,0.0,0.0,0.0,0.0,0.0,100.0,100.0,Inactive,0.0,0,0.0,0.0,0.0,0.0,0.07210925887209883,0.0,0.1682549373682306,0.0050150451354062184,,0.0003178639542275906,0.019071837253655435,0.4807283924806589
2018-03-21,0.0,0.0,0.0,0,0,False,0.0,0.0,0.0,0.0,0.0,0.0,0.0,100.0,100.0,Inactive,0.0,0,0.0,0.0,0.0,0.0,0.07210925887209883,0.0,0.1682549373682306,0.0050150451354062184,,0.0003178639542275906,0.019071837253655435,0.4807283924806589
2018-03-22,0.0,0.0,0.0,0,0,False,0.0,0.0,0.0,0.0,0.0,0.0,0.0,100.0,100.0,Inactive,0.0,0,0.0,0.0,0.0,0.0,0.07210925887209883,0.0,0.1682549373682306,0.0050150451354062184,,0.0003178639542275906,0.019071837253655435,0.4807283924806589
2018-03-23,0.0,0.0,0.0,0,0,False,0.0,0.0,0.0,0.0,0.0,0.0,0.0,100.0,100.0,Inactive,0.0,0,0.0,0.0,0.0,0.0,0.07210925887209883,0.0,0.1682549373682306,0.0050150451354062184,,0.0003178639542275906,0.019071837253655435,0.4807283924806589
2018-03-24,0.0,0.0,0.0,0,0,False,0.0,0.0,0.0,0.0,0.0,0.0,0.0,100.0,100.0,Inactive,0.0,0,0.0,0.0,0.0,0.0,0.07210925887209883,0.0,0.1682549373682306,0.0050150451354062184,,0.0003178639542275906,0.019071837253655435,0.4807283924806589
2018-03-25,0.0,0.0,0.0,0,0,False,0.0,0.0,0.0,0.0,0.0,0.0,0.0,100.0,100.0,Inactive,0.0,0,0.0,0.0,0.0,0.0,0.07210925887209883,0.0,0.1682549373682306,0.0050150451354062184,,0.0003178639542275906,0.019071837253655435,0.4807283924806589
2018-03-26,0.0,0.0,0.0,0,0,False,0.0,0.0,0.0,0.0,0.0,0.0,0.0,100.0,100.0,Inactive,0.0,0,0.0,0.0,0.0,0.0,0.07210925887209883,0.0,0.1682549373682306,0.0050150451354062184,,0.0003178639542275906,0.019071837253655435,0.4807283924806589
2018-03-27,0.0,0.0,0.0,0,0,False,0.0,0.0,0.0,0.0,0.0,0.0,0.0,100.0,100.0,Inactive,0.0,0,0.0,0.0,0.0,0.0,0.07210925887209883,0.0,0.1682549373682306,0.0050150451354062184,,0.0003178639542275906,0.019071837253655435,0.4807283924806589
2018-03-28,0.0,0.0,0.0,0,0,False,0.0,0.0,0.0,0.0,0.0,0.0,0.0,100.0,100.0,Inactive,0.0,0,0.0,0.0,0.0,0.0,0.07210925887209883,0.0,0.1682549373682306,0.0050150451354062184,,0.0003178639542275906,0.019071837253655435,0.4807283924806589
2018-03-29,0.0,0.0,0.0,0,0,False,0.0,0.0,0.0,0.0,0.0,0.0,0.0,100.0,100.0,Inactive,0.0,0,0.0,0.0,0.0,0.0,0.07210925887209883,0.0,0.1682549373682306,0.0050150451354062184,,0.0003178639542275906,0.019071837253655435,0.4807283924806589
2018-03-30,0.0,0.0,0.0,0,0,False,0.0,0.0,0.0,0.0,0.0,0.0,0.0,100.0,100.0,Inactive,0.0,0,0.0,0.0,0.0,0.0,0.07210925887209883,0.0,0.1682549373682306,0.0050150451354062184,,0.0003178639542275906,0.019071837253655435,0.4807283924806589
2018-03-31,0.0,0.0,0.0,0,0,False,0.0,0.0,0.0,0.0,0.0,0.0,0.0,100.0,100.0,Inactive,0.0,0,0.0,0.0,0.0,0.0,0.07210925887209883,0.0,0.1682549373682306,0.0050150451354062184,,0.0003178639542275906,0.019071837253655435,0.4807283924806589
2018-04-01,0.0,0.0,0.0,0,0,False,0.0,0.0,0.0,0.0,0.0,0.0,0.0,100.0,100.0,Inactive,0.0,0,0.0,0.0,0.0,0.0,0.07210925887209883,0.0,0.1682549373682306,0.0050150451354062184,,0.0003178639542275906,0.019071837253655435,0.4807283924806589
2018-04-02,0.0,0.0,0.0,0,0,False,0.0,0.0,0.0,0.0,0.0,0.0,0.0,100.0,100.0,Inactive,0.0,0,0.0,0.0,0.0,0.0,0.07210925887209883,0.0,0.1682549373682306,0.0050150451354062184,,0.0003178639542275906,0.019071837253655435,0.4807283924806589
2018-04-03,0.0,0.0,0.0,0,0,False,0.0,0.0,0.0,0.0,0.0,0.0,0.0,100.0,100.0,Inactive,0.0,0,0.0,0.0,0.0,0.0,0.07210925887209883,0.0,0.1682549373682306,0.0050150451354062184,,0.0003178639542275906,0.019071837253655435,0.4807283924806589
2018-04-04,0.0,0.0,0.0,0,0,False,0.0,0.0,0.0,0.0,0.0,0.0,0.0,100.0,100.0,Inactive,0.0,0,0.0,0.0,0.0,0.0,0.07210925887209883,0.0,0.1682549373682306,0.0050150451354062184,,0.0003178639542275906,0.019071837253655435,0.4807283924806589
2018-04-05,0.0,0.0,0.0,0,0,False,0.0,0.0,0.0,0.0,0.0,0.0,0.0,100.0,100.0,Inactive,0.0,0,0.0,0.0,0.0,0.0,0.07210925887209883,0.0,0.1682549373682306,0.0050150451354062184,,0.0003178639542275906,0.019071837253655435,0.4807283924806589
2018-04-06,0.0,0.0,0.0,0,0,False,0.0,0.0,0.0,0.0,0.0,0.0,0.0,100.0,100.0,Inactive,0.0,0,0.0,0.0,0.0,0.0,0.07210925887209883,0.0,0.1682549373682306,0.0050150451354062184,,0.0003178639542275906,0.019071837253655435,0.4807283924806589
2018-04-07,0.0,0.0,0.0,0,0,False,0.0,0.0,0.0,0.0,0.0,0.0,0.0,100.0,100.0,Inactive,0.0,0,0.0,0.0,0.0,0.0,0.07210925887209883,0.0,0.1682549373682306,0.0050150451354062184,,0.0003178639542275906,0.019071837253655435,0.4807283924806589
2018-04-08,0.0,0.0,0.0,0,0,False,0.0,0.0,0.0,0.0,0.0,0.0,0.0,100.0,100.0,Inactive,0.0,0,0.0,0.0,0.0,0.0,0.07210925887209883,0.0,0.1682549373682306,0.0050150451354062184,,0.0003178639542275906,0.019071837253655435,0.4807283924806589
2018-04-09,0.0,0.0,0.0,0,0,False,0.0,0.0,0.0,0.0,0.0,0.0,0.0,100.0,100.0,Inactive,0.0,0,0.0,0.0,0.0,0.0,0.07210925887209883,0.0,0.1682549373682306,0.0050150451354062184,,0.0003178639542275906,0.019071837253655435,0.4807283924806589
2018-04-10,0.0,0.0,0.0,0,0,False,0.0,0.0,0.0,0.0,0.0,0.0,0.0,100.0,100.0,Inactive,0.0,0,0.0,0.0,0.0,0.0,0.07210925887209883,0.0,0.1682549373682306,0.0050150451354062184,,0.0003178639542275906,0.019071837253655435,0.4807283924806589
2018-04-11,0.0,0.0,0.0,0,0,False,0.0,0.0,0.0,0.0,0.0,0.0,0.0,100.0,100.0,Inactive,0.0,0,0.0,0.0,0.0,0.0,0.07210925887209883,0.0,0.1682549373682306,0.0050150451354062184,,0.0003178639542275906,0.019071837253655435,0.4807283924806589
2018-04-12,0.0,0.0,0.0,0,0,False,0.0,0.0,0.0,0.0,0.0,0.0,0.0,100.0,100.0,Inactive,0.0,0,0.0,0.0,0.0,0.0,0.07210925887209883,0.0,0.1682549373682306,0.0050150451354062184,,0.0003178639542275906,0.019071837253655435,0.4807283924806589
2018-04-13,0.0,0.0,0.0,0,0,False,0.0,0.0,0.0,0.0,0.0,0.0,0.0,100.0,100.0,Inactive,0.0,0,0.0,0.0,0.0,0.0,0.07210925887209883,0.0,0.1682549373682306,0.0050150451354062184,,0.0003178639542275906,0.019071837253655435,0.4807283924806589
2018-04-14,0.0,0.0,0.0,0,0,False,0.0,0.0,0.0,0.0,0.0,0.0,0.0,100.0,100.0,Inactive,0.0,0,0.0,0.0,0.0,0.0,0.07210925887209883,0.0,0.1682549373682306,0.0050150451354062184,,0.0003178639542275906,0.019071837253655435,0.4807283924806589
2018-04-15,0.0,0.0,0.0,0,0,False,0.0,0.0,0.0,0.0,0.0,0.0,0.0,100.0,100.0,Inactive,0.0,0,0.0,0.0,0.0,0.0,0.07210925887209883,0.0,0.1682549373682306,0.0050150451354062184,,0.0003178639542275906,0.019071837253655435,0.4807283924806589
2018-04-16,0.0,0.0,0.0,0,0,False,0.0,0.0,0.0,0.0,0.0,0.0,0.0,100.0,100.0,Inactive,0.0,0,0.0,0.0,0.0,0.0,0.07210925887209883,0.0,0.1682549373682306,0.0050150451354062184,,0.0003178639542275906,0.019071837253655435,0.4807283924806589
2018-04-17,0.0,0.0,0.0,0,0,False,0.0,0.0,0.0,0.0,0.0,0.0,0.0,100.0,100.0,Inactive,0.0,0,0.0,0.0,0.0,0.0,0.07210925887209883,0.0,0.1682549373682306,0.0050150451354062184,,0.0003178639542275906,0.019071837253655435,0.4807283924806589
2018-04-18,0.0,0.0,0.0,0,0,False,0.0,0.0,0.0,0.0,0.0,0.0,0.0,100.0,100.0,Inactive,0.0,0,0.0,0.0,0.0,0.0,0.07210925887209883,0.0,0.1682549373682306,0.0050150451354062184,,0.0003178639542275906,0.019071837253655435,0.4807283924806589
2018-04-19,0.0,0.0,0.0,0,0,False,0.0,0.0,0.0,0.0,0.0,0.0,0.0,100.0,100.0,Inactive,0.0,0,0.0,0.0,0.0,0.0,0.07210925887209883,0.0,0.1682549373682306,0.0050150451354062184,,0.0003178639542275906,0.019071837253655435,0.4807283924806589
2018-04-20,0.0,0.0,0.0,0,0,False,0.0,0.0,0.0,0.0,0.0,0.0,0.0,100.0,100.0,Inactive,0.0,0,0.0,0.0,0.0,0.0,0.07210925887209883,0.0,0.1682549373682306,0.0050150451354062184,,0.0003178639542275906,0.019071837253655435,0.4807283924806589
2018-04-21,0.0,0.0,0.0,0,0,False,0.0,0.0,0.0,0.0,0.0,0.0,0.0,100.0,100.0,Inactive,0.0,0,0.0,0.0,0.0,0.0,0.07210925887209883,0.0,0.1682549373682306,0.0050150451354062184,,0.0003178639542275906,0.019071837253655435,0.4807283924806589
2018-04-22,0.0,0.0,0.0,0,0,False,0.0,0.0,0.0,0.0,0.0,0.0,0.0,100.0,100.0,Inactive,0.0,0,0.0,0.0,0.0,0.0,0.07210925887209883,0.0,0.1682549373682306,0.0050150451354062184,,0.0003178639542275906,0.019071837253655435,0.4807283924806589
2018-04-23,0.0,0.0,0.0,0,0,False,0.0,0.0,0.0,0.0,0.0,0.0,0.0,100.0,100.0,Inactive,0.0,0,0.0,0.0,0.0,0.0,0.07210925887209883,0.0,0.1682549373682306,0.0050150451354062184,,0.0003178639542275906,0.019071837253655435,0.4807283924806589
2018-04-24,0.0,0.0,0.0,0,0,False,0.0,0.0,0.0,0.0,0.0,0.0,0.0,100.0,100.0,Inactive,0.0,0,0.0,0.0,0.0,0.0,0.07210925887209883,0.0,0.1682549373682306,0.0050150451354062184,,0.0003178639542275906,0.019071837253655435,0.4807283924806589
2018-04-25,0.0,0.0,0.0,0,0,False,0.0,0.0,0.0,0.0,0.0,0.0,0.0,100.0,100.0,Inactive,0.0,0,0.0,0.0,0.0,0.0,0.07210925887209883,0.0,0.1682549373682306,0.0050150451354062184,,0.0003178639542275906,0.019071837253655435,0.4807283924806589
2018-04-26,0.0,0.0,0.0,0,0,False,0.0,0.0,0.0,0.0,0.0,0.0,0.0,100.0,100.0,Inactive,0.0,0,0.0,0.0,0.0,0.0,0.07210925887209883,0.0,0.1682549373682306,0.0050150451354062184,,0.0003178639542275906,0.019071837253655435,0.4807283924806589
2018-04-27,0.0,0.0,0.0,0,0,False,0.0,0.0,0.0,0.0,0.0,0.0,0.0,100.0,100.0,Inactive,0.0,0,0.0,0.0,0.0,0.0,0.07210925887209883,0.0,0.1682549373682306,0.0050150451354062184,,0.0003178639542275906,0.019071837253655435,0.4807283924806589
2018-04-28,0.0,0.0,0.0,0,0,False,0.0,0.0,0.0,0.0,0.0,0.0,0.0,100.0,100.0,Inactive,0.0,0,0.0,0.0,0.0,0.0,0.07210925887209883,0.0,0.1682549373682306,0.0050150451354062184,,0.0003178639542275906,0.019071837253655435,0.4807283924806589
2018-04-29,0.0,0.0,0.0,0,0,False,0.0,0.0,0.0,0.0,0.0,0.0,0.0,100.0,100.0,Inactive,0.0,0,0.0,0.0,0.0,0.0,0.07210925887209883,0.0,0.1682549373682306,0.0050150451354062184,,0.0003178639542275906,0.019071837253655435,0.4807283924806589
2018-04-30,0.0,0.0,0.0,0,0,False,0.0,0.0,0.0,0.0,0.0,0.0,0.0,100.0,100.0,Inactive,0.0,0,0.0,0.0,0.0,0.0,0.07210925887209883,0.0,0.1682549373682306,0.0050150451354062184,,0.0003178639542275906,0.019071837253655435,0.4807283924806589
2018-05-01,0.0,0.0,0.0,32,0,True,0.0,0.0,0.0,0.0,0.0,0.0,0.0,100.0,100.0,Normal,0.0,0,0.0,0.0,0.0,0.0,0.07210925887209883,0.0,0.1682549373682306,0.0050150451354062184,,0.0003178639542275906,0.019071837253655435,0.4807283924806589
2018-05-02,0.0,0.0,0.0,20,0,True,0.0,0.0,0.0,0.0,0.0,0.0,0.0,100.0,100.0,Normal,0.0,0,0.0,0.0,0.0,0.0,0.07210925887209883,0.0,0.1682549373682306,0.0050150451354062184,,0.0003178639542275906,0.019071837253655435,0.4807283924806589
2018-05-03,0.0,0.0,0.0,30,5,True,0.0,0.0,0.0,0.0,0.0,0.0,0.0,100.0,100.0,Normal,0.0,0,0.0,0.0,0.0,0.0,0.07210925887209883,0.0,0.1682549373682306,0.0050150451354062184,,0.0003178639542275906,0.019071837253655435,0.4807283924806589
2018-05-04,0.0,0.0,0.0,12,0,True,0.0,0.0,0.0,0.0,0.0,0.0,0.0,100.0,100.0,Normal,0.0,0,0.0,0.0,0.0,0.0,0.07210925887209883,0.0,0.1682549373682306,0.0050150451354062184,,0.0003178639542275906,0.019071837253655435,0.4807283924806589
2018-05-05,0.0,0.0,0.0,20,0,True,0.0,0.0,0.0,0.0,0.0,0.0,0.0,100.0,100.0,Normal,0.0,0,0.0,0.0,0.0,0.0,0.07210925887209883,0.0,0.1682549373682306,0.0050150451354062184,,0.0003178639542275906,0.019071837253655435,0.4807283924806589
2018-05-06,0.0,0.0,0.0,10,0,False,0.0,0.0,0.0,0.0,0.0,0.0,0.0,100.0,100.0,Inactive,0.0,0,0.0,0.0,0.0,0.0,0.07210925887209883,0.0,0.1682549373682306,0.0050150451354062184,,0.0003178639542275906,0.019071837253655435,0.4807283924806589
2018-05-07,0.0,0.0,0.0,13,0,True,0.0,0.0,0.0,0.0,0.0,0.0,0.0,100.0,100.0,Normal,0.0,0,0.0,0.0,0.0,0.0,0.07210925887209883,0.0,0.1682549373682306,0.0050150451354062184,,0.0003178639542275906,0.019071837253655435,0.4807283924806589
2018-05-08,0.0,0.0,0.0,11,0,True,0.0,0.0,0.0,0.0,0.0,0.0,0.0,100.0,100.0,Normal,0.0,0,0.0,0.0,0.0,0.0,0.07210925887209883,0.0,0.1682549373682306,0.0050150451354062184,,0.0003178639542275906,0.019071837253655435,0.4807283924806589
2018-05-09,0.0,0.0,0.0,8,0,False,0.0,0.0,0.0,0.0,0.0,0.0,0.0,100.0,100.0,Inactive,0.0,0,0.0,0.0,0.0,0.0,0.07210925887209883,0.0,0.1682549373682306,0.0050150451354062184,,0.0003178639542275906,0.019071837253655435,0.4807283924806589
2018-05-10,0.0,0.0,0.0,14,0,True,0.0,0.0,0.0,0.0,0.0,0.0,0.0,100.0,100.0,Normal,0.0,0,0.0,0.0,0.0,0.0,0.07210925887209883,0.0,0.1682549373682306,0.0050150451354062184,,0.0003178639542275906,0.019071837253655435,0.4807283924806589
2018-05-11,0.0,0.0,0.0,20,0,True,0.0,0.0,0.0,0.0,0.0,0.0,0.0,100.0,100.0,Normal,0.0,0,0.0,0.0,0.0,0.0,0.07210925887209883,0.0,0.1682549373682306,0.0050150451354062184,,0.0003178639542275906,0.019071837253655435,0.4807283924806589
2018-05-12,0.0,0.0,0.0,8,0,False,0.0,0.0,0.0,0.0,0.0,0.0,0.0,100.0,100.0,Inactive,0.0,0,0.0,0.0,0.0,0.0,0.07210925887209883,0.0,0.1682549373682306,0.0050150451354062184,,0.0003178639542275906,0.019071837253655435,0.4807283924806589
2018-05-13,0.0,0.0,0.0,16,0,True,0.0,0.0,0.0,0.0,0.0,0.0,0.0,100.0,100.0,Normal,0.0,0,0.0,0.0,0.0,0.0,0.07210925887209883,0.0,0.1682549373682306,0.0050150451354062184,,0.0003178639542275906,0.019071837253655435,0.4807283924806589
2018-05-14,0.0,0.0,0.0,31,8,True,0.0,0.0,0.0,0.0,0.0,0.0,0.0,100.0,100.0,Normal,0.0,0,0.0,0.0,0.0,0.0,0.07210925887209883,0.0,0.1682549373682306,0.0050150451354062184,,0.0003178639542275906,0.019071837253655435,0.4807283924806589
2018-05-15,0.0,0.0,0.0,20,3,True,0.0,0.0,0.0,0.0,0.0,0.0,0.0,100.0,100.0,Normal,0.0,0,0.0,0.0,0.0,0.0,0.07210925887209883,0.0,0.1682549373682306,0.0050150451354062184,,0.0003178639542275906,0.019071837253655435,0.4807283924806589
2018-05-16,0.0,0.0,0.0,24,3,True,0.0,0.0,0.0,0.0,0.0,0.0,0.0,100.0,100.0,Normal,0.0,0,0.0,0.0,0.0,0.0,0.07210925887209883,0.0,0.1682549373682306,0.0050150451354062184,,0.0003178639542275906,0.019071837253655435,0.4807283924806589
2018-05-17,0.0,0.0,0.0,24,4,True,0.0,0.0,0.0,0.0,0.0,0.0,0.0,100.0,100.0,Normal,0.0,0,0.0,0.0,0.0,0.0,0.07210925887209883,0.0,0.1682549373682306,0.0050150451354062184,,0.0003178639542275906,0.019071837253655435,0.4807283924806589
2018-05-18,0.0,0.0,0.0,40,0,True,0.0,0.0,0.0,0.0,0.0,0.0,0.0,100.0,100.0,Normal,0.0,0,0.0,0.0,0.0,0.0,0.07210925887209883,0.0,0.1682549373682306,0.0050150451354062184,,0.0003178639542275906,0.019071837253655435,0.4807283924806589
2018-05-19,0.0,0.0,0.0,33,0,True,0.0,0.0,0.0,0.0,0.0,0.0,0.0,100.0,100.0,Normal,0.0,0,0.0,0.0,0.0,0.0,0.07210925887209883,0.0,0.1682549373682306,0.0050150451354062184,,0.0003178639542275906,0.019071837253655435,0.4807283924806589
2018-05-20,0.0,0.0,0.0,32,0,True,0.0,0.0,0.0,0.0,0.0,0.0,0.0,100.0,100.0,Normal,0.0,0,0.0,0.0,0.0,0.0,0.07210925887209883,0.0,0.1682549373682306,0.0050150451354062184,,0.0003178639542275906,0.019071837253655435,0.4807283924806589
2018-05-21,0.0,0.0,0.0,48,0,True,0.0,0.0,0.0,0.0,0.0,0.0,0.0,100.0,100.0,Normal,0.0,0,0.0,0.0,0.0,0.0,0.07210925887209883,0.0,0.1682549373682306,0.0050150451354062184,,0.0003178639542275906,0.019071837253655435,0.4807283924806589
2018-05-22,0.0,0.0,0.0,34,0,True,0.0,0.0,0.0,0.0,0.0,0.0,0.0,100.0,100.0,Normal,0.0,0,0.0,0.0,0.0,0.0,0.07210925887209883,0.0,0.1682549373682306,0.0050150451354062184,,0.0003178639542275906,0.019071837253655435,0.4807283924806589
2018-05-23,0.0,0.0,0.0,27,0,True,0.0,0.0,0.0,0.0,0.0,0.0,0.0,100.0,100.0,Normal,0.0,0,0.0,0.0,0.0,0.0,0.07210925887209883,0.0,0.1682549373682306,0.0050150451354062184,,0.0003178639542275906,0.019071837253655435,0.4807283924806589
2018-05-24,0.0,0.0,0.0,11,6,True,0.0,0.0,0.0,0.0,0.0,0.0,0.0,100.0,100.0,Normal,0.0,0,0.0,0.0,0.0,0.0,0.07210925887209883,0.0,0.1682549373682306,0.0050150451354062184,,0.0003178639542275906,0.019071837253655435,0.4807283924806589
2018-05-25,0.0,0.0,0.0,0,0,False,0.0,0.0,0.0,0.0,0.0,0.0,0.0,100.0,100.0,Inactive,0.0,0,0.0,0.0,0.0,0.0,0.07210925887209883,0.0,0.1682549373682306,0.0050150451354062184,,0.0003178639542275906,0.019071837253655435,0.4807283924806589
2018-05-26,0.0,0.0,0.0,0,0,False,0.0,0.0,0.0,0.0,0.0,0.0,0.0,100.0,100.0,Inactive,0.0,0,0.0,0.0,0.0,0.0,0.07210925887209883,0.0,0.1682549373682306,0.0050150451354062184,,0.0003178639542275906,0.019071837253655435,0.4807283924806589
2018-05-27,0.0,0.0,0.0,0,0,False,0.0,0.0,0.0,0.0,0.0,0.0,0.0,100.0,100.0,Inactive,0.0,0,0.0,0.0,0.0,0.0,0.07210925887209883,0.0,0.1682549373682306,0.0050150451354062184,,0.0003178639542275906,0.019071837253655435,0.4807283924806589
2018-05-28,0.0,0.0,0.0,0,0,False,0.0,0.0,0.0,0.0,0.0,0.0,0.0,100.0,100.0,Inactive,0.0,0,0.0,0.0,0.0,0.0,0.07210925887209883,0.0,0.1682549373682306,0.0050150451354062184,,0.0003178639542275906,0.019071837253655435,0.4807283924806589
2018-05-29,0.0,0.0,0.0,0,0,False,0.0,0.0,0.0,0.0,0.0,0.0,0.0,100.0,100.0,Inactive,0.0,0,0.0,0.0,0.0,0.0,0.07210925887209883,0.0,0.1682549373682306,0.0050150451354062184,,0.0003178639542275906,0.019071837253655435,0.4807283924806589
2018-05-30,0.0,0.0,0.0,0,0,False,0.0,0.0,0.0,0.0,0.0,0.0,0.0,100.0,100.0,Inactive,0.0,0,0.0,0.0,0.0,0.0,0.07210925887209883,0.0,0.1682549373682306,0.0050150451354062184,,0.0003178639542275906,0.019071837253655435,0.4807283924806589
2018-05-31,0.0,0.0,0.0,0,0,False,0.0,0.0,0.0,0.0,0.0,0.0,0.0,100.0,100.0,Inactive,0.0,0,0.0,0.0,0.0,0.0,0.07210925887209883,0.0,0.1682549373682306,0.0050150451354062184,,0.0003178639542275906,0.019071837253655435,0.4807283924806589
2018-06-01,0.0,0.0,0.0,0,0,False,0.0,0.0,0.0,0.0,0.0,0.0,0.0,100.0,100.0,Inactive,0.0,0,0.0,0.0,0.0,0.0,0.07210925887209883,0.0,0.1682549373682306,0.0050150451354062184,,0.0003178639542275906,0.019071837253655435,0.4807283924806589
2018-06-02,0.0,0.0,0.0,0,0,False,0.0,0.0,0.0,0.0,0.0,0.0,0.0,100.0,100.0,Inactive,0.0,0,0.0,0.0,0.0,0.0,0.07210925887209883,0.0,0.1682549373682306,0.0050150451354062184,,0.0003178639542275906,0.019071837253655435,0.4807283924806589
2018-06-03,0.0,0.0,0.0,0,0,False,0.0,0.0,0.0,0.0,0.0,0.0,0.0,100.0,100.0,Inactive,0.0,0,0.0,0.0,0.0,0.0,0.07210925887209883,0.0,0.1682549373682306,0.0050150451354062184,,0.0003178639542275906,0.019071837253655435,0.4807283924806589
2018-06-04,0.0,0.0,0.0,0,0,False,0.0,0.0,0.0,0.0,0.0,0.0,0.0,100.0,100.0,Inactive,0.0,0,0.0,0.0,0.0,0.0,0.07210925887209883,0.0,0.1682549373682306,0.0050150451354062184,,0.0003178639542275906,0.019071837253655435,0.4807283924806589
2018-06-05,0.0,0.0,0.0,0,0,False,0.0,0.0,0.0,0.0,0.0,0.0,0.0,100.0,100.0,Inactive,0.0,0,0.0,0.0,0.0,0.0,0.07210925887209883,0.0,0.1682549373682306,0.0050150451354062184,,0.0003178639542275906,0.019071837253655435,0.4807283924806589
2018-06-06,0.0,0.0,0.0,0,0,False,0.0,0.0,0.0,0.0,0.0,0.0,0.0,100.0,100.0,Inactive,0.0,0,0.0,0.0,0.0,0.0,0.07210925887209883,0.0,0.1682549373682306,0.0050150451354062184,,0.0003178639542275906,0.019071837253655435,0.4807283924806589
2018-06-07,0.0,0.0,0.0,0,0,False,0.0,0.0,0.0,0.0,0.0,0.0,0.0,100.0,100.0,Inactive,0.0,0,0.0,0.0,0.0,0.0,0.07210925887209883,0.0,0.1682549373682306,0.0050150451354062184,,0.0003178639542275906,0.019071837253655435,0.4807283924806589
2018-06-08,0.0,0.0,0.0,0,0,False,0.0,0.0,0.0,0.0,0.0,0.0,0.0,100.0,100.0,Inactive,0.0,0,0.0,0.0,0.0,0.0,0.07210925887209883,0.0,0.1682549373682306,0.0050150451354062184,,0.0003178639542275906,0.019071837253655435,0.4807283924806589
2018-06-09,0.0,0.0,0.0,0,0,False,0.0,0.0,0.0,0.0,0.0,0.0,0.0,100.0,100.0,Inactive,0.0,0,0.0,0.0,0.0,0.0,0.07210925887209883,0.0,0.1682549373682306,0.0050150451354062184,,0.0003178639542275906,0.019071837253655435,0.4807283924806589
2018-06-10,0.0,0.0,0.0,0,0,False,0.0,0.0,0.0,0.0,0.0,0.0,0.0,100.0,100.0,Inactive,0.0,0,0.0,0.0,0.0,0.0,0.07210925887209883,0.0,0.1682549373682306,0.0050150451354062184,,0.0003178639542275906,0.019071837253655435,0.4807283924806589
2018-06-11,0.0,0.0,0.0,0,0,False,0.0,0.0,0.0,0.0,0.0,0.0,0.0,100.0,100.0,Inactive,0.0,0,0.0,0.0,0.0,0.0,0.07210925887209883,0.0,0.1682549373682306,0.0050150451354062184,,0.0003178639542275906,0.019071837253655435,0.4807283924806589
2018-06-12,0.0,0.0,0.0,0,0,False,0.0,0.0,0.0,0.0,0.0,0.0,0.0,100.0,100.0,Inactive,0.0,0,0.0,0.0,0.0,0.0,0.07210925887209883,0.0,0.1682549373682306,0.0050150451354062184,,0.0003178639542275906,0.019071837253655435,0.4807283924806589
2018-06-13,0.0,0.0,0.0,0,0,False,0.0,0.0,0.0,0.0,0.0,0.0,0.0,100.0,100.0,Inactive,0.0,0,0.0,0.0,0.0,0.0,0.07210925887209883,0.0,0.1682549373682306,0.0050150451354062184,,0.0003178639542275906,0.019071837253655435,0.4807283924806589
2018-06-14,0.0,0.0,0.0,0,0,False,0.0,0.0,0.0,0.0,0.0,0.0,0.0,100.0,100.0,Inactive,0.0,0,0.0,0.0,0.0,0.0,0.07210925887209883,0.0,0.1682549373682306,0.0050150451354062184,,0.0003178639542275906,0.019071837253655435,0.4807283924806589
2018-06-15,0.0,0.0,0.0,0,0,False,0.0,0.0,0.0,0.0,0.0,0.0,0.0,100.0,100.0,Inactive,0.0,0,0.0,0.0,0.0,0.0,0.07210925887209883,0.0,0.1682549373682306,0.0050150451354062184,,0.0003178639542275906,0.019071837253655435,0.4807283924806589
2018-06-16,0.0,0.0,0.0,0,0,False,0.0,0.0,0.0,0.0,0.0,0.0,0.0,100.0,100.0,Inactive,0.0,0,0.0,0.0,0.0,0.0,0.07210925887209883,0.0,0.1682549373682306,0.0050150451354062184,,0.0003178639542275906,0.019071837253655435,0.4807283924806589
2018-06-17,0.0,0.0,0.0,0,0,False,0.0,0.0,0.0,0.0,0.0,0.0,0.0,100.0,100.0,Inactive,0.0,0,0.0,0.0,0.0,0.0,0.07210925887209883,0.0,0.1682549373682306,0.0050150451354062184,,0.0003178639542275906,0.019071837253655435,0.4807283924806589
2018-06-18,0.0,0.0,0.0,0,0,False,0.0,0.0,0.0,0.0,0.0,0.0,0.0,100.0,100.0,Inactive,0.0,0,0.0,0.0,0.0,0.0,0.07210925887209883,0.0,0.1682549373682306,0.0050150451354062184,,0.0003178639542275906,0.019071837253655435,0.4807283924806589
2018-06-19,0.0,0.0,0.0,0,0,False,0.0,0.0,0.0,0.0,0.0,0.0,0.0,100.0,100.0,Inactive,0.0,0,0.0,0.0,0.0,0.0,0.07210925887209883,0.0,0.1682549373682306,0.0050150451354062184,,0.0003178639542275906,0.019071837253655435,0.4807283924806589
2018-06-20,0.0,0.0,0.0,0,0,False,0.0,0.0,0.0,0.0,0.0,0.0,0.0,100.0,100.0,Inactive,0.0,0,0.0,0.0,0.0,0.0,0.07210925887209883,0.0,0.1682549373682306,0.0050150451354062184,,0.0003178639542275906,0.019071837253655435,0.4807283924806589
2018-06-21,0.0,0.0,0.0,0,0,False,0.0,0.0,0.0,0.0,0.0,0.0,0.0,100.0,100.0,Inactive,0.0,0,0.0,0.0,0.0,0.0,0.07210925887209883,0.0,0.1682549373682306,0.0050150451354062184,,0.0003178639542275906,0.019071837253655435,0.4807283924806589
2018-06-22,0.0,0.0,0.0,0,0,False,0.0,0.0,0.0,0.0,0.0,0.0,0.0,100.0,100.0,Inactive,0.0,0,0.0,0.0,0.0,0.0,0.07210925887209883,0.0,0.1682549373682306,0.0050150451354062184,,0.0003178639542275906,0.019071837253655435,0.4807283924806589
2018-06-23,0.0,0.0,0.0,0,0,False,0.0,0.0,0.0,0.0,0.0,0.0,0.0,100.0,100.0,Inactive,0.0,0,0.0,0.0,0.0,0.0,0.07210925887209883,0.0,0.1682549373682306,0.0050150451354062184,,0.0003178639542275906,0.019071837253655435,0.4807283924806589
2018-06-24,0.0,0.0,0.0,0,0,False,0.0,0.0,0.0,0.0,0.0,0.0,0.0,100.0,100.0,Inactive,0.0,0,0.0,0.0,0.0,0.0,0.07210925887209883,0.0,0.1682549373682306,0.0050150451354062184,,0.0003178639542275906,0.019071837253655435,0.4807283924806589
2018-06-25,0.0,0.0,0.0,0,0,False,0.0,0.0,0.0,0.0,0.0,0.0,0.0,100.0,100.0,Inactive,0.0,0,0.0,0.0,0.0,0.0,0.07210925887209883,0.0,0.1682549373682306,0.0050150451354062184,,0.0003178639542275906,0.019071837253655435,0.4807283924806589
2018-06-26,0.0,0.0,0.0,0,0,False,0.0,0.0,0.0,0.0,0.0,0.0,0.0,100.0,100.0,Inactive,0.0,0,0.0,0.0,0.0,0.0,0.07210925887209883,0.0,0.1682549373682306,0.0050150451354062184,,0.0003178639542275906,0.019071837253655435,0.4807283924806589
2018-06-27,0.0,0.0,0.0,0,0,False,0.0,0.0,0.0,0.0,0.0,0.0,0.0,100.0,100.0,Inactive,0.0,0,0.0,0.0,0.0,0.0,0.07210925887209883,0.0,0.1682549373682306,0.0050150451354062184,,0.0003178639542275906,0.019071837253655435,0.4807283924806589
2018-06-28,0.0,0.0,0.0,0,0,False,0.0,0.0,0.0,0.0,0.0,0.0,0.0,100.0,100.0,Inactive,0.0,0,0.0,0.0,0.0,0.0,0.07210925887209883,0.0,0.1682549373682306,0.0050150451354062184,,0.0003178639542275906,0.019071837253655435,0.4807283924806589
2018-06-29,0.0,0.0,0.0,0,0,False,0.0,0.0,0.0,0.0,0.0,0.0,0.0,100.0,100.0,Inactive,0.0,0,0.0,0.0,0.0,0.0,0.07210925887209883,0.0,0.1682549373682306,0.0050150451354062184,,0.0003178639542275906,0.019071837253655435,0.4807283924806589
2018-06-30,0.0,0.0,0.0,0,0,False,0.0,0.0,0.0,0.0,0.0,0.0,0.0,100.0,100.0,Inactive,0.0,0,0.0,0.0,0.0,0.0,0.07210925887209883,0.0,0.1682549373682306,0.0050150451354062184,,0.0003178639542275906,0.019071837253655435,0.4807283924806589
2018-07-01,0.0,0.0,0.0,0,0,False,0.0,0.0,0.0,0.0,0.0,0.0,0.0,100.0,100.0,Inactive,0.0,0,0.0,0.0,0.0,0.0,0.07210925887209883,0.0,0.1682549373682306,0.0050150451354062184,,0.0003178639542275906,0.019071837253655435,0.4807283924806589
2018-07-02,0.0,0.0,0.0,0,0,False,0.0,0.0,0.0,0.0,0.0,0.0,0.0,100.0,100.0,Inactive,0.0,0,0.0,0.0,0.0,0.0,0.07210925887209883,0.0,0.1682549373682306,0.0050150451354062184,,0.0003178639542275906,0.019071837253655435,0.4807283924806589
2018-07-03,0.0,0.0,0.0,0,0,False,0.0,0.0,0.0,0.0,0.0,0.0,0.0,100.0,100.0,Inactive,0.0,0,0.0,0.0,0.0,0.0,0.07210925887209883,0.0,0.1682549373682306,0.0050150451354062184,,0.0003178639542275906,0.019071837253655435,0.4807283924806589
2018-07-04,0.0,0.0,0.0,0,0,False,0.0,0.0,0.0,0.0,0.0,0.0,0.0,100.0,100.0,Inactive,0.0,0,0.0,0.0,0.0,0.0,0.07210925887209883,0.0,0.1682549373682306,0.0050150451354062184,,0.0003178639542275906,0.019071837253655435,0.4807283924806589
2018-07-05,0.0,0.0,0.0,0,0,False,0.0,0.0,0.0,0.0,0.0,0.0,0.0,100.0,100.0,Inactive,0.0,0,0.0,0.0,0.0,0.0,0.07210925887209883,0.0,0.1682549373682306,0.0050150451354062184,,0.0003178639542275906,0.019071837253655435,0.4807283924806589
2018-07-06,0.0,0.0,0.0,0,0,False,0.0,0.0,0.0,0.0,0.0,0.0,0.0,100.0,100.0,Inactive,0.0,0,0.0,0.0,0.0,0.0,0.07210925887209883,0.0,0.1682549373682306,0.0050150451354062184,,0.0003178639542275906,0.019071837253655435,0.4807283924806589
2018-07-07,0.0,0.0,0.0,0,0,False,0.0,0.0,0.0,0.0,0.0,0.0,0.0,100.0,100.0,Inactive,0.0,0,0.0,0.0,0.0,0.0,0.07210925887209883,0.0,0.1682549373682306,0.0050150451354062184,,0.0003178639542275906,0.019071837253655435,0.4807283924806589
2018-07-08,0.0,0.0,0.0,0,0,False,0.0,0.0,0.0,0.0,0.0,0.0,0.0,100.0,100.0,Inactive,0.0,0,0.0,0.0,0.0,0.0,0.07210925887209883,0.0,0.1682549373682306,0.0050150451354062184,,0.0003178639542275906,0.019071837253655435,0.4807283924806589
2018-07-09,0.0,0.0,0.0,0,0,False,0.0,0.0,0.0,0.0,0.0,0.0,0.0,100.0,100.0,Inactive,0.0,0,0.0,0.0,0.0,0.0,0.07210925887209883,0.0,0.1682549373682306,0.0050150451354062184,,0.0003178639542275906,0.019071837253655435,0.4807283924806589
2018-07-10,0.0,0.0,0.0,0,0,False,0.0,0.0,0.0,0.0,0.0,0.0,0.0,100.0,100.0,Inactive,0.0,0,0.0,0.0,0.0,0.0,0.07210925887209883,0.0,0.1682549373682306,0.0050150451354062184,,0.0003178639542275906,0.019071837253655435,0.4807283924806589
2018-07-11,0.0,0.0,0.0,0,0,False,0.0,0.0,0.0,0.0,0.0,0.0,0.0,100.0,100.0,Inactive,0.0,0,0.0,0.0,0.0,0.0,0.07210925887209883,0.0,0.1682549373682306,0.0050150451354062184,,0.0003178639542275906,0.019071837253655435,0.4807283924806589
2018-07-12,0.0,0.0,0.0,0,0,False,0.0,0.0,0.0,0.0,0.0,0.0,0.0,100.0,100.0,Inactive,0.0,0,0.0,0.0,0.0,0.0,0.07210925887209883,0.0,0.1682549373682306,0.0050150451354062184,,0.0003178639542275906,0.019071837253655435,0.4807283924806589
2018-07-13,0.0,0.0,0.0,0,0,False,0.0,0.0,0.0,0.0,0.0,0.0,0.0,100.0,100.0,Inactive,0.0,0,0.0,0.0,0.0,0.0,0.07210925887209883,0.0,0.1682549373682306,0.0050150451354062184,,0.0003178639542275906,0.019071837253655435,0.4807283924806589
2018-07-14,0.0,0.0,0.0,0,0,False,0.0,0.0,0.0,0.0,0.0,0.0,0.0,100.0,100.0,Inactive,0.0,0,0.0,0.0,0.0,0.0,0.07210925887209883,0.0,0.1682549373682306,0.0050150451354062184,,0.0003178639542275906,0.019071837253655435,0.4807283924806589
2018-07-15,0.0,0.0,0.0,0,0,False,0.0,0.0,0.0,0.0,0.0,0.0,0.0,100.0,100.0,Inactive,0.0,0,0.0,0.0,0.0,0.0,0.07210925887209883,0.0,0.1682549373682306,0.0050150451354062184,,0.0003178639542275906,0.019071837253655435,0.4807283924806589
2018-07-16,0.0,0.0,0.0,0,0,False,0.0,0.0,0.0,0.0,0.0,0.0,0.0,100.0,100.0,Inactive,0.0,0,0.0,0.0,0.0,0.0,0.07210925887209883,0.0,0.1682549373682306,0.0050150451354062184,,0.0003178639542275906,0.019071837253655435,0.4807283924806589
2018-07-17,0.0,0.0,0.0,0,0,False,0.0,0.0,0.0,0.0,0.0,0.0,0.0,100.0,100.0,Inactive,0.0,0,0.0,0.0,0.0,0.0,0.07210925887209883,0.0,0.1682549373682306,0.0050150451354062184,,0.0003178639542275906,0.019071837253655435,0.4807283924806589
2018-07-18,0.0,0.0,0.0,0,0,False,0.0,0.0,0.0,0.0,0.0,0.0,0.0,100.0,100.0,Inactive,0.0,0,0.0,0.0,0.0,0.0,0.07210925887209883,0.0,0.1682549373682306,0.0050150451354062184,,0.0003178639542275906,0.019071837253655435,0.4807283924806589
2018-07-19,0.0,0.0,0.0,0,0,False,0.0,0.0,0.0,0.0,0.0,0.0,0.0,100.0,100.0,Inactive,0.0,0,0.0,0.0,0.0,0.0,0.07210925887209883,0.0,0.1682549373682306,0.0050150451354062184,,0.0003178639542275906,0.019071837253655435,0.4807283924806589
2018-07-20,0.0,0.0,0.0,0,0,False,0.0,0.0,0.0,0.0,0.0,0.0,0.0,100.0,100.0,Inactive,0.0,0,0.0,0.0,0.0,0.0,0.07210925887209883,0.0,0.1682549373682306,0.0050150451354062184,,0.0003178639542275906,0.019071837253655435,0.4807283924806589
2018-07-21,0.0,0.0,0.0,0,0,False,0.0,0.0,0.0,0.0,0.0,0.0,0.0,100.0,100.0,Inactive,0.0,0,0.0,0.0,0.0,0.0,0.07210925887209883,0.0,0.1682549373682306,0.0050150451354062184,,0.0003178639542275906,0.019071837253655435,0.4807283924806589
2018-07-22,0.0,0.0,0.0,0,0,False,0.0,0.0,0.0,0.0,0.0,0.0,0.0,100.0,100.0,Inactive,0.0,0,0.0,0.0,0.0,0.0,0.07210925887209883,0.0,0.1682549373682306,0.0050150451354062184,,0.0003178639542275906,0.019071837253655435,0.4807283924806589
2018-07-23,0.0,0.0,0.0,0,0,False,0.0,0.0,0.0,0.0,0.0,0.0,0.0,100.0,100.0,Inactive,0.0,0,0.0,0.0,0.0,0.0,0.07210925887209883,0.0,0.1682549373682306,0.0050150451354062184,,0.0003178639542275906,0.019071837253655435,0.4807283924806589
2018-07-24,0.0,0.0,0.0,0,0,False,0.0,0.0,0.0,0.0,0.0,0.0,0.0,100.0,100.0,Inactive,0.0,0,0.0,0.0,0.0,0.0,0.07210925887209883,0.0,0.1682549373682306,0.0050150451354062184,,0.0003178639542275906,0.019071837253655435,0.4807283924806589
2018-07-25,0.0,0.0,0.0,0,0,False,0.0,0.0,0.0,0.0,0.0,0.0,0.0,100.0,100.0,Inactive,0.0,0,0.0,0.0,0.0,0.0,0.07210925887209883,0.0,0.1682549373682306,0.0050150451354062184,,0.0003178639542275906,0.019071837253655435,0.4807283924806589
2018-07-26,0.0,0.0,0.0,0,0,False,0.0,0.0,0.0,0.0,0.0,0.0,0.0,100.0,100.0,Inactive,0.0,0,0.0,0.0,0.0,0.0,0.07210925887209883,0.0,0.1682549373682306,0.0050150451354062184,,0.0003178639542275906,0.019071837253655435,0.4807283924806589
2018-07-27,0.0,0.0,0.0,0,0,False,0.0,0.0,0.0,0.0,0.0,0.0,0.0,100.0,100.0,Inactive,0.0,0,0.0,0.0,0.0,0.0,0.07210925887209883,0.0,0.1682549373682306,0.0050150451354062184,,0.0003178639542275906,0.019071837253655435,0.4807283924806589
2018-07-28,0.0,0.0,0.0,0,0,False,0.0,0.0,0.0,0.0,0.0,0.0,0.0,100.0,100.0,Inactive,0.0,0,0.0,0.0,0.0,0.0,0.07210925887209883,0.0,0.1682549373682306,0.0050150451354062184,,0.0003178639542275906,0.019071837253655435,0.4807283924806589
2018-07-29,0.0,0.0,0.0,0,0,False,0.0,0.0,0.0,0.0,0.0,0.0,0.0,100.0,100.0,Inactive,0.0,0,0.0,0.0,0.0,0.0,0.07210925887209883,0.0,0.1682549373682306,0.0050150451354062184,,0.0003178639542275906,0.019071837253655435,0.4807283924806589
2018-07-30,0.0,0.0,0.0,0,0,False,0.0,0.0,0.0,0.0,0.0,0.0,0.0,100.0,100.0,Inactive,0.0,0,0.0,0.0,0.0,0.0,0.07210925887209883,0.0,0.1682549373682306,0.0050150451354062184,,0.0003178639542275906,0.019071837253655435,0.4807283924806589
2018-07-31,0.0,0.0,0.0,0,0,False,0.0,0.0,0.0,0.0,0.0,0.0,0.0,100.0,100.0,Inactive,0.0,0,0.0,0.0,0.0,0.0,0.07210925887209883,0.0,0.1682549373682306,0.0050150451354062184,,0.0003178639542275906,0.019071837253655435,0.4807283924806589
2018-08-01,0.0,0.0,0.0,0,0,False,0.0,0.0,0.0,0.0,0.0,0.0,0.0,100.0,100.0,Inactive,0.0,0,0.0,0.0,0.0,0.0,0.07210925887209883,0.0,0.1682549373682306,0.0050150451354062184,,0.0003178639542275906,0.019071837253655435,0.4807283924806589
2018-08-02,0.0,0.0,0.0,0,0,False,0.0,0.0,0.0,0.0,0.0,0.0,0.0,100.0,100.0,Inactive,0.0,0,0.0,0.0,0.0,0.0,0.07210925887209883,0.0,0.1682549373682306,0.0050150451354062184,,0.0003178639542275906,0.019071837253655435,0.4807283924806589
2018-08-03,0.0,0.0,0.0,0,0,False,0.0,0.0,0.0,0.0,0.0,0.0,0.0,100.0,100.0,Inactive,0.0,0,0.0,0.0,0.0,0.0,0.07210925887209883,0.0,0.1682549373682306,0.0050150451354062184,,0.0003178639542275906,0.019071837253655435,0.4807283924806589
2018-08-04,0.0,0.0,0.0,0,0,False,0.0,0.0,0.0,0.0,0.0,0.0,0.0,100.0,100.0,Inactive,0.0,0,0.0,0.0,0.0,0.0,0.07210925887209883,0.0,0.1682549373682306,0.0050150451354062184,,0.0003178639542275906,0.019071837253655435,0.4807283924806589
2018-08-05,0.0,0.0,0.0,0,0,False,0.0,0.0,0.0,0.0,0.0,0.0,0.0,100.0,100.0,Inactive,0.0,0,0.0,0.0,0.0,0.0,0.07210925887209883,0.0,0.1682549373682306,0.0050150451354062184,,0.0003178639542275906,0.019071837253655435,0.4807283924806589
2018-08-06,0.0,0.0,0.0,0,0,False,0.0,0.0,0.0,0.0,0.0,0.0,0.0,100.0,100.0,Inactive,0.0,0,0.0,0.0,0.0,0.0,0.07210925887209883,0.0,0.1682549373682306,0.0050150451354062184,,0.0003178639542275906,0.019071837253655435,0.4807283924806589
2018-08-07,0.0,0.0,0.0,0,0,False,0.0,0.0,0.0,0.0,0.0,0.0,0.0,100.0,100.0,Inactive,0.0,0,0.0,0.0,0.0,0.0,0.07210925887209883,0.0,0.1682549373682306,0.0050150451354062184,,0.0003178639542275906,0.019071837253655435,0.4807283924806589
2018-08-08,0.0,0.0,0.0,0,0,False,0.0,0.0,0.0,0.0,0.0,0.0,0.0,100.0,100.0,Inactive,0.0,0,0.0,0.0,0.0,0.0,0.07210925887209883,0.0,0.1682549373682306,0.0050150451354062184,,0.0003178639542275906,0.019071837253655435,0.4807283924806589
2018-08-09,0.0,0.0,0.0,0,0,False,0.0,0.0,0.0,0.0,0.0,0.0,0.0,100.0,100.0,Inactive,0.0,0,0.0,0.0,0.0,0.0,0.07210925887209883,0.0,0.1682549373682306,0.0050150451354062184,,0.0003178639542275906,0.019071837253655435,0.4807283924806589
2018-08-10,0.0,0.0,0.0,0,0,False,0.0,0.0,0.0,0.0,0.0,0.0,0.0,100.0,100.0,Inactive,0.0,0,0.0,0.0,0.0,0.0,0.07210925887209883,0.0,0.1682549373682306,0.0050150451354062184,,0.0003178639542275906,0.019071837253655435,0.4807283924806589
2018-08-11,0.0,0.0,0.0,0,0,False,0.0,0.0,0.0,0.0,0.0,0.0,0.0,100.0,100.0,Inactive,0.0,0,0.0,0.0,0.0,0.0,0.07210925887209883,0.0,0.1682549373682306,0.0050150451354062184,,0.0003178639542275906,0.019071837253655435,0.4807283924806589
2018-08-12,0.0,0.0,0.0,0,0,False,0.0,0.0,0.0,0.0,0.0,0.0,0.0,100.0,100.0,Inactive,0.0,0,0.0,0.0,0.0,0.0,0.07210925887209883,0.0,0.1682549373682306,0.0050150451354062184,,0.0003178639542275906,0.019071837253655435,0.4807283924806589
2018-08-13,0.0,0.0,0.0,0,0,False,0.0,0.0,0.0,0.0,0.0,0.0,0.0,100.0,100.0,Inactive,0.0,0,0.0,0.0,0.0,0.0,0.07210925887209883,0.0,0.1682549373682306,0.0050150451354062184,,0.0003178639542275906,0.019071837253655435,0.4807283924806589
2018-08-14,0.0,0.0,0.0,0,0,False,0.0,0.0,0.0,0.0,0.0,0.0,0.0,100.0,100.0,Inactive,0.0,0,0.0,0.0,0.0,0.0,0.07210925887209883,0.0,0.1682549373682306,0.0050150451354062184,,0.0003178639542275906,0.019071837253655435,0.4807283924806589
2018-08-15,0.0,0.0,0.0,0,0,False,0.0,0.0,0.0,0.0,0.0,0.0,0.0,100.0,100.0,Inactive,0.0,0,0.0,0.0,0.0,0.0,0.07210925887209883,0.0,0.1682549373682306,0.0050150451354062184,,0.0003178639542275906,0.019071837253655435,0.4807283924806589
2018-08-16,0.0,0.0,0.0,0,0,False,0.0,0.0,0.0,0.0,0.0,0.0,0.0,100.0,100.0,Inactive,0.0,0,0.0,0.0,0.0,0.0,0.07210925887209883,0.0,0.1682549373682306,0.0050150451354062184,,0.0003178639542275906,0.019071837253655435,0.4807283924806589
2018-08-17,0.0,0.0,0.0,0,0,False,0.0,0.0,0.0,0.0,0.0,0.0,0.0,100.0,100.0,Inactive,0.0,0,0.0,0.0,0.0,0.0,0.07210925887209883,0.0,0.1682549373682306,0.0050150451354062184,,0.0003178639542275906,0.019071837253655435,0.4807283924806589
2018-08-18,0.0,0.0,0.0,0,0,False,0.0,0.0,0.0,0.0,0.0,0.0,0.0,100.0,100.0,Inactive,0.0,0,0.0,0.0,0.0,0.0,0.07210925887209883,0.0,0.1682549373682306,0.0050150451354062184,,0.0003178639542275906,0.019071837253655435,0.4807283924806589
2018-08-19,0.0,0.0,0.0,0,0,False,0.0,0.0,0.0,0.0,0.0,0.0,0.0,100.0,100.0,Inactive,0.0,0,0.0,0.0,0.0,0.0,0.07210925887209883,0.0,0.1682549373682306,0.0050150451354062184,,0.0003178639542275906,0.019071837253655435,0.4807283924806589
2018-08-20,0.0,0.0,0.0,0,0,False,0.0,0.0,0.0,0.0,0.0,0.0,0.0,100.0,100.0,Inactive,0.0,0,0.0,0.0,0.0,0.0,0.07210925887209883,0.0,0.1682549373682306,0.0050150451354062184,,0.0003178639542275906,0.019071837253655435,0.4807283924806589
2018-08-21,0.0,0.0,0.0,0,0,False,0.0,0.0,0.0,0.0,0.0,0.0,0.0,100.0,100.0,Inactive,0.0,0,0.0,0.0,0.0,0.0,0.07210925887209883,0.0,0.1682549373682306,0.0050150451354062184,,0.0003178639542275906,0.019071837253655435,0.4807283924806589
2018-08-22,0.0,0.0,0.0,0,0,False,0.0,0.0,0.0,0.0,0.0,0.0,0.0,100.0,100.0,Inactive,0.0,0,0.0,0.0,0.0,0.0,0.07210925887209883,0.0,0.1682549373682306,0.0050150451354062184,,0.0003178639542275906,0.019071837253655435,0.4807283924806589
2018-08-23,0.0,0.0,0.0,0,0,False,0.0,0.0,0.0,0.0,0.0,0.0,0.0,100.0,100.0,Inactive,0.0,0,0.0,0.0,0.0,0.0,0.07210925887209883,0.0,0.1682549373682306,0.0050150451354062184,,0.0003178639542275906,0.019071837253655435,0.4807283924806589
2018-08-24,0.0,0.0,0.0,0,0,False,0.0,0.0,0.0,0.0,0.0,0.0,0.0,100.0,100.0,Inactive,0.0,0,0.0,0.0,0.0,0.0,0.07210925887209883,0.0,0.1682549373682306,0.0050150451354062184,,0.0003178639542275906,0.019071837253655435,0.4807283924806589
2018-08-25,0.0,0.0,0.0,0,0,False,0.0,0.0,0.0,0.0,0.0,0.0,0.0,100.0,100.0,Inactive,0.0,0,0.0,0.0,0.0,0.0,0.07210925887209883,0.0,0.1682549373682306,0.0050150451354062184,,0.0003178639542275906,0.019071837253655435,0.4807283924806589
2018-08-26,0.0,0.0,0.0,0,0,False,0.0,0.0,0.0,0.0,0.0,0.0,0.0,100.0,100.0,Inactive,0.0,0,0.0,0.0,0.0,0.0,0.07210925887209883,0.0,0.1682549373682306,0.0050150451354062184,,0.0003178639542275906,0.019071837253655435,0.4807283924806589
2018-08-27,0.0,0.0,0.0,0,0,False,0.0,0.0,0.0,0.0,0.0,0.0,0.0,100.0,100.0,Inactive,0.0,0,0.0,0.0,0.0,0.0,0.07210925887209883,0.0,0.1682549373682306,0.0050150451354062184,,0.0003178639542275906,0.019071837253655435,0.4807283924806589
2018-08-28,0.0,0.0,0.0,0,0,False,0.0,0.0,0.0,0.0,0.0,0.0,0.0,100.0,100.0,Inactive,0.0,0,0.0,0.0,0.0,0.0,0.07210925887209883,0.0,0.1682549373682306,0.0050150451354062184,,0.0003178639542275906,0.019071837253655435,0.4807283924806589
2018-08-29,0.0,0.0,0.0,0,0,False,0.0,0.0,0.0,0.0,0.0,0.0,0.0,100.0,100.0,Inactive,0.0,0,0.0,0.0,0.0,0.0,0.07210925887209883,0.0,0.1682549373682306,0.0050150451354062184,,0.0003178639542275906,0.019071837253655435,0.4807283924806589
2018-08-30,0.0,0.0,0.0,0,0,False,0.0,0.0,0.0,0.0,0.0,0.0,0.0,100.0,100.0,Inactive,0.0,0,0.0,0.0,0.0,0.0,0.07210925887209883,0.0,0.1682549373682306,0.0050150451354062184,,0.0003178639542275906,0.019071837253655435,0.4807283924806589
2018-08-31,0.0,0.0,0.0,0,0,False,0.0,0.0,0.0,0.0,0.0,0.0,0.0,100.0,100.0,Inactive,0.0,0,0.0,0.0,0.0,0.0,0.07210925887209883,0.0,0.1682549373682306,0.0050150451354062184,,0.0003178639542275906,0.019071837253655435,0.4807283924806589
2018-09-01,0.0,0.0,0.0,0,0,False,0.0,0.0,0.0,0.0,0.0,0.0,0.0,100.0,100.0,Inactive,0.0,0,0.0,0.0,0.0,0.0,0.07210925887209883,0.0,0.1682549373682306,0.0050150451354062184,,0.0003178639542275906,0.019071837253655435,0.4807283924806589
2018-09-02,0.0,0.0,0.0,0,0,False,0.0,0.0,0.0,0.0,0.0,0.0,0.0,100.0,100.0,Inactive,0.0,0,0.0,0.0,0.0,0.0,0.07210925887209883,0.0,0.1682549373682306,0.0050150451354062184,,0.0003178639542275906,0.019071837253655435,0.4807283924806589
2018-09-03,0.0,0.0,0.0,0,0,False,0.0,0.0,0.0,0.0,0.0,0.0,0.0,100.0,100.0,Inactive,0.0,0,0.0,0.0,0.0,0.0,0.07210925887209883,0.0,0.1682549373682306,0.0050150451354062184,,0.0003178639542275906,0.019071837253655435,0.4807283924806589
2018-09-04,0.0,0.0,0.0,0,0,False,0.0,0.0,0.0,0.0,0.0,0.0,0.0,100.0,100.0,Inactive,0.0,0,0.0,0.0,0.0,0.0,0.07210925887209883,0.0,0.1682549373682306,0.0050150451354062184,,0.0003178639542275906,0.019071837253655435,0.4807283924806589
2018-09-05,0.0,0.0,0.0,0,0,False,0.0,0.0,0.0,0.0,0.0,0.0,0.0,100.0,100.0,Inactive,0.0,0,0.0,0.0,0.0,0.0,0.07210925887209883,0.0,0.1682549373682306,0.0050150451354062184,,0.0003178639542275906,0.019071837253655435,0.4807283924806589
2018-09-06,0.0,0.0,0.0,0,0,False,0.0,0.0,0.0,0.0,0.0,0.0,0.0,100.0,100.0,Inactive,0.0,0,0.0,0.0,0.0,0.0,0.07210925887209883,0.0,0.1682549373682306,0.0050150451354062184,,0.0003178639542275906,0.019071837253655435,0.4807283924806589
2018-09-07,0.0,0.0,0.0,0,0,False,0.0,0.0,0.0,0.0,0.0,0.0,0.0,100.0,100.0,Inactive,0.0,0,0.0,0.0,0.0,0.0,0.07210925887209883,0.0,0.1682549373682306,0.0050150451354062184,,0.0003178639542275906,0.019071837253655435,0.4807283924806589
2018-09-08,0.0,0.0,0.0,0,0,False,0.0,0.0,0.0,0.0,0.0,0.0,0.0,100.0,100.0,Inactive,0.0,0,0.0,0.0,0.0,0.0,0.07210925887209883,0.0,0.1682549373682306,0.0050150451354062184,,0.0003178639542275906,0.019071837253655435,0.4807283924806589
2018-09-09,0.0,0.0,0.0,0,0,False,0.0,0.0,0.0,0.0,0.0,0.0,0.0,100.0,100.0,Inactive,0.0,0,0.0,0.0,0.0,0.0,0.07210925887209883,0.0,0.1682549373682306,0.0050150451354062184,,0.0003178639542275906,0.019071837253655435,0.4807283924806589
2018-09-10,0.0,0.0,0.0,0,0,False,0.0,0.0,0.0,0.0,0.0,0.0,0.0,100.0,100.0,Inactive,0.0,0,0.0,0.0,0.0,0.0,0.07210925887209883,0.0,0.1682549373682306,0.0050150451354062184,,0.0003178639542275906,0.019071837253655435,0.4807283924806589
2018-09-11,0.0,0.0,0.0,0,0,False,0.0,0.0,0.0,0.0,0.0,0.0,0.0,100.0,100.0,Inactive,0.0,0,0.0,0.0,0.0,0.0,0.07210925887209883,0.0,0.1682549373682306,0.0050150451354062184,,0.0003178639542275906,0.019071837253655435,0.4807283924806589
2018-09-12,0.0,0.0,0.0,0,0,False,0.0,0.0,0.0,0.0,0.0,0.0,0.0,100.0,100.0,Inactive,0.0,0,0.0,0.0,0.0,0.0,0.07210925887209883,0.0,0.1682549373682306,0.0050150451354062184,,0.0003178639542275906,0.019071837253655435,0.4807283924806589
2018-09-13,0.0,0.0,0.0,0,0,False,0.0,0.0,0.0,0.0,0.0,0.0,0.0,100.0,100.0,Inactive,0.0,0,0.0,0.0,0.0,0.0,0.07210925887209883,0.0,0.1682549373682306,0.0050150451354062184,,0.0003178639542275906,0.019071837253655435,0.4807283924806589
2018-09-14,0.0,0.0,0.0,0,0,False,0.0,0.0,0.0,0.0,0.0,0.0,0.0,100.0,100.0,Inactive,0.0,0,0.0,0.0,0.0,0.0,0.07210925887209883,0.0,0.1682549373682306,0.0050150451354062184,,0.0003178639542275906,0.019071837253655435,0.4807283924806589
2018-09-15,0.0,0.0,0.0,0,0,False,0.0,0.0,0.0,0.0,0.0,0.0,0.0,100.0,100.0,Inactive,0.0,0,0.0,0.0,0.0,0.0,0.07210925887209883,0.0,0.1682549373682306,0.0050150451354062184,,0.0003178639542275906,0.019071837253655435,0.4807283924806589
2018-09-16,0.0,0.0,0.0,0,0,False,0.0,0.0,0.0,0.0,0.0,0.0,0.0,100.0,100.0,Inactive,0.0,0,0.0,0.0,0.0,0.0,0.07210925887209883,0.0,0.1682549373682306,0.0050150451354062184,,0.0003178639542275906,0.019071837253655435,0.4807283924806589
2018-09-17,0.0,0.0,0.0,0,0,False,0.0,0.0,0.0,0.0,0.0,0.0,0.0,100.0,100.0,Inactive,0.0,0,0.0,0.0,0.0,0.0,0.07210925887209883,0.0,0.1682549373682306,0.0050150451354062184,,0.0003178639542275906,0.019071837253655435,0.4807283924806589
2018-09-18,0.0,0.0,0.0,0,0,False,0.0,0.0,0.0,0.0,0.0,0.0,0.0,100.0,100.0,Inactive,0.0,0,0.0,0.0,0.0,0.0,0.07210925887209883,0.0,0.1682549373682306,0.0050150451354062184,,0.0003178639542275906,0.019071837253655435,0.4807283924806589
2018-09-19,0.0,0.0,0.0,0,0,False,0.0,0.0,0.0,0.0,0.0,0.0,0.0,100.0,100.0,Inactive,0.0,0,0.0,0.0,0.0,0.0,0.07210925887209883,0.0,0.1682549373682306,0.0050150451354062184,,0.0003178639542275906,0.019071837253655435,0.4807283924806589
2018-09-20,0.0,0.0,0.0,0,0,False,0.0,0.0,0.0,0.0,0.0,0.0,0.0,100.0,100.0,Inactive,0.0,0,0.0,0.0,0.0,0.0,0.07210925887209883,0.0,0.1682549373682306,0.0050150451354062184,,0.0003178639542275906,0.019071837253655435,0.4807283924806589
2018-09-21,0.0,0.0,0.0,0,0,False,0.0,0.0,0.0,0.0,0.0,0.0,0.0,100.0,100.0,Inactive,0.0,0,0.0,0.0,0.0,0.0,0.07210925887209883,0.0,0.1682549373682306,0.0050150451354062184,,0.0003178639542275906,0.019071837253655435,0.4807283924806589
2018-09-22,0.0,0.0,0.0,0,0,False,0.0,0.0,0.0,0.0,0.0,0.0,0.0,100.0,100.0,Inactive,0.0,0,0.0,0.0,0.0,0.0,0.07210925887209883,0.0,0.1682549373682306,0.0050150451354062184,,0.0003178639542275906,0.019071837253655435,0.4807283924806589
2018-09-23,0.0,0.0,0.0,0,0,False,0.0,0.0,0.0,0.0,0.0,0.0,0.0,100.0,100.0,Inactive,0.0,0,0.0,0.0,0.0,0.0,0.07210925887209883,0.0,0.1682549373682306,0.0050150451354062184,,0.0003178639542275906,0.019071837253655435,0.4807283924806589
2018-09-24,0.0,0.0,0.0,0,0,False,0.0,0.0,0.0,0.0,0.0,0.0,0.0,100.0,100.0,Inactive,0.0,0,0.0,0.0,0.0,0.0,0.07210925887209883,0.0,0.1682549373682306,0.0050150451354062184,,0.0003178639542275906,0.019071837253655435,0.4807283924806589
2018-09-25,0.0,0.0,0.0,0,0,False,0.0,0.0,0.0,0.0,0.0,0.0,0.0,100.0,100.0,Inactive,0.0,0,0.0,0.0,0.0,0.0,0.07210925887209883,0.0,0.1682549373682306,0.0050150451354062184,,0.0003178639542275906,0.019071837253655435,0.4807283924806589
2018-09-26,0.0,0.0,0.0,0,0,False,0.0,0.0,0.0,0.0,0.0,0.0,0.0,100.0,100.0,Inactive,0.0,0,0.0,0.0,0.0,0.0,0.07210925887209883,0.0,0.1682549373682306,0.0050150451354062184,,0.0003178639542275906,0.019071837253655435,0.4807283924806589
2018-09-27,0.0,0.0,0.0,0,0,False,0.0,0.0,0.0,0.0,0.0,0.0,0.0,100.0,100.0,Inactive,0.0,0,0.0,0.0,0.0,0.0,0.07210925887209883,0.0,0.1682549373682306,0.0050150451354062184,,0.0003178639542275906,0.019071837253655435,0.4807283924806589
2018-09-28,0.0,0.0,0.0,0,0,False,0.0,0.0,0.0,0.0,0.0,0.0,0.0,100.0,100.0,Inactive,0.0,0,0.0,0.0,0.0,0.0,0.07210925887209883,0.0,0.1682549373682306,0.0050150451354062184,,0.0003178639542275906,0.019071837253655435,0.4807283924806589
2018-09-29,0.0,0.0,0.0,0,0,False,0.0,0.0,0.0,0.0,0.0,0.0,0.0,100.0,100.0,Inactive,0.0,0,0.0,0.0,0.0,0.0,0.07210925887209883,0.0,0.1682549373682306,0.0050150451354062184,,0.0003178639542275906,0.019071837253655435,0.4807283924806589
2018-09-30,0.0,0.0,0.0,0,0,False,0.0,0.0,0.0,0.0,0.0,0.0,0.0,100.0,100.0,Inactive,0.0,0,0.0,0.0,0.0,0.0,0.07210925887209883,0.0,0.1682549373682306,0.0050150451354062184,,0.0003178639542275906,0.019071837253655435,0.4807283924806589
2018-10-01,0.0,0.0,0.0,0,0,False,0.0,0.0,0.0,0.0,0.0,0.0,0.0,100.0,100.0,Inactive,0.0,0,0.0,0.0,0.0,0.0,0.07210925887209883,0.0,0.1682549373682306,0.0050150451354062184,,0.0003178639542275906,0.019071837253655435,0.4807283924806589
2018-10-02,0.0,0.0,0.0,0,0,False,0.0,0.0,0.0,0.0,0.0,0.0,0.0,100.0,100.0,Inactive,0.0,0,0.0,0.0,0.0,0.0,0.07210925887209883,0.0,0.1682549373682306,0.0050150451354062184,,0.0003178639542275906,0.019071837253655435,0.4807283924806589
2018-10-03,0.0,0.0,0.0,0,0,False,0.0,0.0,0.0,0.0,0.0,0.0,0.0,100.0,100.0,Inactive,0.0,0,0.0,0.0,0.0,0.0,0.07210925887209883,0.0,0.1682549373682306,0.0050150451354062184,,0.0003178639542275906,0.019071837253655435,0.4807283924806589
2018-10-04,0.0,0.0,0.0,0,0,False,0.0,0.0,0.0,0.0,0.0,0.0,0.0,100.0,100.0,Inactive,0.0,0,0.0,0.0,0.0,0.0,0.07210925887209883,0.0,0.1682549373682306,0.0050150451354062184,,0.0003178639542275906,0.019071837253655435,0.4807283924806589
2018-10-05,0.0,0.0,0.0,0,0,False,0.0,0.0,0.0,0.0,0.0,0.0,0.0,100.0,100.0,Inactive,0.0,0,0.0,0.0,0.0,0.0,0.07210925887209883,0.0,0.1682549373682306,0.0050150451354062184,,0.0003178639542275906,0.019071837253655435,0.4807283924806589
2018-10-06,0.0,0.0,0.0,0,0,False,0.0,0.0,0.0,0.0,0.0,0.0,0.0,100.0,100.0,Inactive,0.0,0,0.0,0.0,0.0,0.0,0.07210925887209883,0.0,0.1682549373682306,0.0050150451354062184,,0.0003178639542275906,0.019071837253655435,0.4807283924806589
2018-10-07,0.0,0.0,0.0,0,0,False,0.0,0.0,0.0,0.0,0.0,0.0,0.0,100.0,100.0,Inactive,0.0,0,0.0,0.0,0.0,0.0,0.07210925887209883,0.0,0.1682549373682306,0.0050150451354062184,,0.0003178639542275906,0.019071837253655435,0.4807283924806589
2018-10-08,0.0,0.0,0.0,0,0,False,0.0,0.0,0.0,0.0,0.0,0.0,0.0,100.0,100.0,Inactive,0.0,0,0.0,0.0,0.0,0.0,0.07210925887209883,0.0,0.1682549373682306,0.0050150451354062184,,0.0003178639542275906,0.019071837253655435,0.4807283924806589
2018-10-09,0.0,0.0,0.0,0,0,False,0.0,0.0,0.0,0.0,0.0,0.0,0.0,100.0,100.0,Inactive,0.0,0,0.0,0.0,0.0,0.0,0.07210925887209883,0.0,0.1682549373682306,0.0050150451354062184,,0.0003178639542275906,0.019071837253655435,0.4807283924806589
2018-10-10,0.0,0.0,0.0,0,0,False,0.0,0.0,0.0,0.0,0.0,0.0,0.0,100.0,100.0,Inactive,0.0,0,0.0,0.0,0.0,0.0,0.07210925887209883,0.0,0.1682549373682306,0.0050150451354062184,,0.0003178639542275906,0.019071837253655435,0.4807283924806589
2018-10-11,0.0,0.0,0.0,0,0,False,0.0,0.0,0.0,0.0,0.0,0.0,0.0,100.0,100.0,Inactive,0.0,0,0.0,0.0,0.0,0.0,0.07210925887209883,0.0,0.1682549373682306,0.0050150451354062184,,0.0003178639542275906,0.019071837253655435,0.4807283924806589
2018-10-12,0.0,0.0,0.0,0,0,False,0.0,0.0,0.0,0.0,0.0,0.0,0.0,100.0,100.0,Inactive,0.0,0,0.0,0.0,0.0,0.0,0.07210925887209883,0.0,0.1682549373682306,0.0050150451354062184,,0.0003178639542275906,0.019071837253655435,0.4807283924806589
2018-10-13,0.0,0.0,0.0,0,0,False,0.0,0.0,0.0,0.0,0.0,0.0,0.0,100.0,100.0,Inactive,0.0,0,0.0,0.0,0.0,0.0,0.07210925887209883,0.0,0.1682549373682306,0.0050150451354062184,,0.0003178639542275906,0.019071837253655435,0.4807283924806589
2018-10-14,0.0,0.0,0.0,0,0,False,0.0,0.0,0.0,0.0,0.0,0.0,0.0,100.0,100.0,Inactive,0.0,0,0.0,0.0,0.0,0.0,0.07210925887209883,0.0,0.1682549373682306,0.0050150451354062184,,0.0003178639542275906,0.019071837253655435,0.4807283924806589
2018-10-15,0.0,0.0,0.0,0,0,False,0.0,0.0,0.0,0.0,0.0,0.0,0.0,100.0,100.0,Inactive,0.0,0,0.0,0.0,0.0,0.0,0.07210925887209883,0.0,0.1682549373682306,0.0050150451354062184,,0.0003178639542275906,0.019071837253655435,0.4807283924806589
2018-10-16,0.0,0.0,0.0,0,0,False,0.0,0.0,0.0,0.0,0.0,0.0,0.0,100.0,100.0,Inactive,0.0,0,0.0,0.0,0.0,0.0,0.07210925887209883,0.0,0.1682549373682306,0.0050150451354062184,,0.0003178639542275906,0.019071837253655435,0.4807283924806589
2018-10-17,0.0,0.0,0.0,0,0,False,0.0,0.0,0.0,0.0,0.0,0.0,0.0,100.0,100.0,Inactive,0.0,0,0.0,0.0,0.0,0.0,0.07210925887209883,0.0,0.1682549373682306,0.0050150451354062184,,0.0003178639542275906,0.019071837253655435,0.4807283924806589
2018-10-18,0.0,0.0,0.0,0,0,False,0.0,0.0,0.0,0.0,0.0,0.0,0.0,100.0,100.0,Inactive,0.0,0,0.0,0.0,0.0,0.0,0.07210925887209883,0.0,0.1682549373682306,0.0050150451354062184,,0.0003178639542275906,0.019071837253655435,0.4807283924806589
2018-10-19,0.0,0.0,0.0,0,0,False,0.0,0.0,0.0,0.0,0.0,0.0,0.0,100.0,100.0,Inactive,0.0,0,0.0,0.0,0.0,0.0,0.07210925887209883,0.0,0.1682549373682306,0.0050150451354062184,,0.0003178639542275906,0.019071837253655435,0.4807283924806589
2018-10-20,0.0,0.0,0.0,0,0,False,0.0,0.0,0.0,0.0,0.0,0.0,0.0,100.0,100.0,Inactive,0.0,0,0.0,0.0,0.0,0.0,0.07210925887209883,0.0,0.1682549373682306,0.0050150451354062184,,0.0003178639542275906,0.019071837253655435,0.4807283924806589
2018-10-21,0.0,0.0,0.0,0,0,False,0.0,0.0,0.0,0.0,0.0,0.0,0.0,100.0,100.0,Inactive,0.0,0,0.0,0.0,0.0,0.0,0.07210925887209883,0.0,0.1682549373682306,0.0050150451354062184,,0.0003178639542275906,0.019071837253655435,0.4807283924806589
2018-10-22,0.0,0.0,0.0,0,0,False,0.0,0.0,0.0,0.0,0.0,0.0,0.0,100.0,100.0,Inactive,0.0,0,0.0,0.0,0.0,0.0,0.07210925887209883,0.0,0.1682549373682306,0.0050150451354062184,,0.0003178639542275906,0.019071837253655435,0.4807283924806589
2018-10-23,0.0,0.0,0.0,0,0,False,0.0,0.0,0.0,0.0,0.0,0.0,0.0,100.0,100.0,Inactive,0.0,0,0.0,0.0,0.0,0.0,0.07210925887209883,0.0,0.1682549373682306,0.0050150451354062184,,0.0003178639542275906,0.019071837253655435,0.4807283924806589
2018-10-24,0.0,0.0,0.0,0,0,False,0.0,0.0,0.0,0.0,0.0,0.0,0.0,100.0,100.0,Inactive,0.0,0,0.0,0.0,0.0,0.0,0.07210925887209883,0.0,0.1682549373682306,0.0050150451354062184,,0.0003178639542275906,0.019071837253655435,0.4807283924806589
2018-10-25,0.0,0.0,0.0,0,0,False,0.0,0.0,0.0,0.0,0.0,0.0,0.0,100.0,100.0,Inactive,0.0,0,0.0,0.0,0.0,0.0,0.07210925887209883,0.0,0.1682549373682306,0.0050150451354062184,,0.0003178639542275906,0.019071837253655435,0.4807283924806589
2018-10-26,0.0,0.0,0.0,0,0,False,0.0,0.0,0.0,0.0,0.0,0.0,0.0,100.0,100.0,Inactive,0.0,0,0.0,0.0,0.0,0.0,0.07210925887209883,0.0,0.1682549373682306,0.0050150451354062184,,0.0003178639542275906,0.019071837253655435,0.4807283924806589
2018-10-27,0.0,0.0,0.0,0,0,False,0.0,0.0,0.0,0.0,0.0,0.0,0.0,100.0,100.0,Inactive,0.0,0,0.0,0.0,0.0,0.0,0.07210925887209883,0.0,0.1682549373682306,0.0050150451354062184,,0.0003178639542275906,0.019071837253655435,0.4807283924806589
2018-10-28,0.0,0.0,0.0,0,0,False,0.0,0.0,0.0,0.0,0.0,0.0,0.0,100.0,100.0,Inactive,0.0,0,0.0,0.0,0.0,0.0,0.07210925887209883,0.0,0.1682549373682306,0.0050150451354062184,,0.0003178639542275906,0.019071837253655435,0.4807283924806589
2018-10-29,0.0,0.0,0.0,0,0,False,0.0,0.0,0.0,0.0,0.0,0.0,0.0,100.0,100.0,Inactive,0.0,0,0.0,0.0,0.0,0.0,0.07210925887209883,0.0,0.1682549373682306,0.0050150451354062184,,0.0003178639542275906,0.019071837253655435,0.4807283924806589
2018-10-30,0.0,0.0,0.0,0,0,False,0.0,0.0,0.0,0.0,0.0,0.0,0.0,100.0,100.0,Inactive,0.0,0,0.0,0.0,0.0,0.0,0.07210925887209883,0.0,0.1682549373682306,0.0050150451354062184,,0.0003178639542275906,0.019071837253655435,0.4807283924806589
2018-10-31,0.0,0.0,0.0,0,0,False,0.0,0.0,0.0,0.0,0.0,0.0,0.0,100.0,100.0,Inactive,0.0,0,0.0,0.0,0.0,0.0,0.07210925887209883,0.0,0.1682549373682306,0.0050150451354062184,,0.0003178639542275906,0.019071837253655435,0.4807283924806589
2018-11-01,0.0,0.0,0.0,0,0,False,0.0,0.0,0.0,0.0,0.0,0.0,0.0,100.0,100.0,Inactive,0.0,0,0.0,0.0,0.0,0.0,0.07210925887209883,0.0,0.1682549373682306,0.0050150451354062184,,0.0003178639542275906,0.019071837253655435,0.4807283924806589
2018-11-02,0.0,0.0,0.0,0,0,False,0.0,0.0,0.0,0.0,0.0,0.0,0.0,100.0,100.0,Inactive,0.0,0,0.0,0.0,0.0,0.0,0.07210925887209883,0.0,0.1682549373682306,0.0050150451354062184,,0.0003178639542275906,0.019071837253655435,0.4807283924806589
2018-11-03,0.0,0.0,0.0,0,0,False,0.0,0.0,0.0,0.0,0.0,0.0,0.0,100.0,100.0,Inactive,0.0,0,0.0,0.0,0.0,0.0,0.07210925887209883,0.0,0.1682549373682306,0.0050150451354062184,,0.0003178639542275906,0.019071837253655435,0.4807283924806589
2018-11-04,0.0,0.0,0.0,0,0,False,0.0,0.0,0.0,0.0,0.0,0.0,0.0,100.0,100.0,Inactive,0.0,0,0.0,0.0,0.0,0.0,0.07210925887209883,0.0,0.1682549373682306,0.0050150451354062184,,0.0003178639542275906,0.019071837253655435,0.4807283924806589
2018-11-05,0.0,0.0,0.0,0,0,False,0.0,0.0,0.0,0.0,0.0,0.0,0.0,100.0,100.0,Inactive,0.0,0,0.0,0.0,0.0,0.0,0.07210925887209883,0.0,0.1682549373682306,0.0050150451354062184,,0.0003178639542275906,0.019071837253655435,0.4807283924806589
2018-11-06,0.0,0.0,0.0,0,0,False,0.0,0.0,0.0,0.0,0.0,0.0,0.0,100.0,100.0,Inactive,0.0,0,0.0,0.0,0.0,0.0,0.07210925887209883,0.0,0.1682549373682306,0.0050150451354062184,,0.0003178639542275906,0.019071837253655435,0.4807283924806589
2018-11-07,0.0,0.0,0.0,0,0,False,0.0,0.0,0.0,0.0,0.0,0.0,0.0,100.0,100.0,Inactive,0.0,0,0.0,0.0,0.0,0.0,0.07210925887209883,0.0,0.1682549373682306,0.0050150451354062184,,0.0003178639542275906,0.019071837253655435,0.4807283924806589
2018-11-08,0.0,0.0,0.0,0,0,False,0.0,0.0,0.0,0.0,0.0,0.0,0.0,100.0,100.0,Inactive,0.0,0,0.0,0.0,0.0,0.0,0.07210925887209883,0.0,0.1682549373682306,0.0050150451354062184,,0.0003178639542275906,0.019071837253655435,0.4807283924806589
2018-11-09,0.0,0.0,0.0,0,0,False,0.0,0.0,0.0,0.0,0.0,0.0,0.0,100.0,100.0,Inactive,0.0,0,0.0,0.0,0.0,0.0,0.07210925887209883,0.0,0.1682549373682306,0.0050150451354062184,,0.0003178639542275906,0.019071837253655435,0.4807283924806589
2018-11-10,0.0,0.0,0.0,0,0,False,0.0,0.0,0.0,0.0,0.0,0.0,0.0,100.0,100.0,Inactive,0.0,0,0.0,0.0,0.0,0.0,0.07210925887209883,0.0,0.1682549373682306,0.0050150451354062184,,0.0003178639542275906,0.019071837253655435,0.4807283924806589
2018-11-11,0.0,0.0,0.0,0,0,False,0.0,0.0,0.0,0.0,0.0,0.0,0.0,100.0,100.0,Inactive,0.0,0,0.0,0.0,0.0,0.0,0.07210925887209883,0.0,0.1682549373682306,0.0050150451354062184,,0.0003178639542275906,0.019071837253655435,0.4807283924806589
2018-11-12,0.0,0.0,0.0,0,0,False,0.0,0.0,0.0,0.0,0.0,0.0,0.0,100.0,100.0,Inactive,0.0,0,0.0,0.0,0.0,0.0,0.07210925887209883,0.0,0.1682549373682306,0.0050150451354062184,,0.0003178639542275906,0.019071837253655435,0.4807283924806589
2018-11-13,0.0,0.0,0.0,0,0,False,0.0,0.0,0.0,0.0,0.0,0.0,0.0,100.0,100.0,Inactive,0.0,0,0.0,0.0,0.0,0.0,0.07210925887209883,0.0,0.1682549373682306,0.0050150451354062184,,0.0003178639542275906,0.019071837253655435,0.4807283924806589
2018-11-14,0.0,0.0,0.0,0,0,False,0.0,0.0,0.0,0.0,0.0,0.0,0.0,100.0,100.0,Inactive,0.0,0,0.0,0.0,0.0,0.0,0.07210925887209883,0.0,0.1682549373682306,0.0050150451354062184,,0.0003178639542275906,0.019071837253655435,0.4807283924806589
2018-11-15,0.0,0.0,0.0,0,0,False,0.0,0.0,0.0,0.0,0.0,0.0,0.0,100.0,100.0,Inactive,0.0,0,0.0,0.0,0.0,0.0,0.07210925887209883,0.0,0.1682549373682306,0.0050150451354062184,,0.0003178639542275906,0.019071837253655435,0.4807283924806589
2018-11-16,0.0,0.0,0.0,0,0,False,0.0,0.0,0.0,0.0,0.0,0.0,0.0,100.0,100.0,Inactive,0.0,0,0.0,0.0,0.0,0.0,0.07210925887209883,0.0,0.1682549373682306,0.0050150451354062184,,0.0003178639542275906,0.019071837253655435,0.4807283924806589
2018-11-17,0.0,0.0,0.0,0,0,False,0.0,0.0,0.0,0.0,0.0,0.0,0.0,100.0,100.0,Inactive,0.0,0,0.0,0.0,0.0,0.0,0.07210925887209883,0.0,0.1682549373682306,0.0050150451354062184,,0.0003178639542275906,0.019071837253655435,0.4807283924806589
2018-11-18,0.0,0.0,0.0,0,0,False,0.0,0.0,0.0,0.0,0.0,0.0,0.0,100.0,100.0,Inactive,0.0,0,0.0,0.0,0.0,0.0,0.07210925887209883,0.0,0.1682549373682306,0.0050150451354062184,,0.0003178639542275906,0.019071837253655435,0.4807283924806589
2018-11-19,0.0,0.0,0.0,0,0,False,0.0,0.0,0.0,0.0,0.0,0.0,0.0,100.0,100.0,Inactive,0.0,0,0.0,0.0,0.0,0.0,0.07210925887209883,0.0,0.1682549373682306,0.0050150451354062184,,0.0003178639542275906,0.019071837253655435,0.4807283924806589
2018-11-20,0.0,0.0,0.0,0,0,False,0.0,0.0,0.0,0.0,0.0,0.0,0.0,100.0,100.0,Inactive,0.0,0,0.0,0.0,0.0,0.0,0.07210925887209883,0.0,0.1682549373682306,0.0050150451354062184,,0.0003178639542275906,0.019071837253655435,0.4807283924806589
2018-11-21,0.0,0.0,0.0,0,0,False,0.0,0.0,0.0,0.0,0.0,0.0,0.0,100.0,100.0,Inactive,0.0,0,0.0,0.0,0.0,0.0,0.07210925887209883,0.0,0.1682549373682306,0.0050150451354062184,,0.0003178639542275906,0.019071837253655435,0.4807283924806589
2018-11-22,0.0,0.0,0.0,0,0,False,0.0,0.0,0.0,0.0,0.0,0.0,0.0,100.0,100.0,Inactive,0.0,0,0.0,0.0,0.0,0.0,0.07210925887209883,0.0,0.1682549373682306,0.0050150451354062184,,0.0003178639542275906,0.019071837253655435,0.4807283924806589
2018-11-23,0.0,0.0,0.0,0,0,False,0.0,0.0,0.0,0.0,0.0,0.0,0.0,100.0,100.0,Inactive,0.0,0,0.0,0.0,0.0,0.0,0.07210925887209883,0.0,0.1682549373682306,0.0050150451354062184,,0.0003178639542275906,0.019071837253655435,0.4807283924806589
2018-11-24,0.0,0.0,0.0,0,0,False,0.0,0.0,0.0,0.0,0.0,0.0,0.0,100.0,100.0,Inactive,0.0,0,0.0,0.0,0.0,0.0,0.07210925887209883,0.0,0.1682549373682306,0.0050150451354062184,,0.0003178639542275906,0.019071837253655435,0.4807283924806589
2018-11-25,0.0,0.0,0.0,0,0,False,0.0,0.0,0.0,0.0,0.0,0.0,0.0,100.0,100.0,Inactive,0.0,0,0.0,0.0,0.0,0.0,0.07210925887209883,0.0,0.1682549373682306,0.0050150451354062184,,0.0003178639542275906,0.019071837253655435,0.4807283924806589
2018-11-26,0.0,0.0,0.0,0,0,False,0.0,0.0,0.0,0.0,0.0,0.0,0.0,100.0,100.0,Inactive,0.0,0,0.0,0.0,0.0,0.0,0.07210925887209883,0.0,0.1682549373682306,0.0050150451354062184,,0.0003178639542275906,0.019071837253655435,0.4807283924806589
2018-11-27,0.0,0.0,0.0,0,0,False,0.0,0.0,0.0,0.0,0.0,0.0,0.0,100.0,100.0,Inactive,0.0,0,0.0,0.0,0.0,0.0,0.07210925887209883,0.0,0.1682549373682306,0.0050150451354062184,,0.0003178639542275906,0.019071837253655435,0.4807283924806589
2018-11-28,0.0,0.0,0.0,0,0,False,0.0,0.0,0.0,0.0,0.0,0.0,0.0,100.0,100.0,Inactive,0.0,0,0.0,0.0,0.0,0.0,0.07210925887209883,0.0,0.1682549373682306,0.0050150451354062184,,0.0003178639542275906,0.019071837253655435,0.4807283924806589
2018-11-29,0.0,0.0,0.0,0,0,False,0.0,0.0,0.0,0.0,0.0,0.0,0.0,100.0,100.0,Inactive,0.0,0,0.0,0.0,0.0,0.0,0.07210925887209883,0.0,0.1682549373682306,0.0050150451354062184,,0.0003178639542275906,0.019071837253655435,0.4807283924806589
2018-11-30,0.0,0.0,0.0,0,0,False,0.0,0.0,0.0,0.0,0.0,0.0,0.0,100.0,100.0,Inactive,0.0,0,0.0,0.0,0.0,0.0,0.07210925887209883,0.0,0.1682549373682306,0.0050150451354062184,,0.0003178639542275906,0.019071837253655435,0.4807283924806589
2018-12-01,0.0,0.0,0.0,0,0,False,0.0,0.0,0.0,0.0,0.0,0.0,0.0,100.0,100.0,Inactive,0.0,0,0.0,0.0,0.0,0.0,0.07210925887209883,0.0,0.1682549373682306,0.0050150451354062184,,0.0003178639542275906,0.019071837253655435,0.4807283924806589
2018-12-02,0.0,0.0,0.0,0,0,False,0.0,0.0,0.0,0.0,0.0,0.0,0.0,100.0,100.0,Inactive,0.0,0,0.0,0.0,0.0,0.0,0.07210925887209883,0.0,0.1682549373682306,0.0050150451354062184,,0.0003178639542275906,0.019071837253655435,0.4807283924806589
2018-12-03,0.0,0.0,0.0,0,0,False,0.0,0.0,0.0,0.0,0.0,0.0,0.0,100.0,100.0,Inactive,0.0,0,0.0,0.0,0.0,0.0,0.07210925887209883,0.0,0.1682549373682306,0.0050150451354062184,,0.0003178639542275906,0.019071837253655435,0.4807283924806589
2018-12-04,0.0,0.0,0.0,0,0,False,0.0,0.0,0.0,0.0,0.0,0.0,0.0,100.0,100.0,Inactive,0.0,0,0.0,0.0,0.0,0.0,0.07210925887209883,0.0,0.1682549373682306,0.0050150451354062184,,0.0003178639542275906,0.019071837253655435,0.4807283924806589
2018-12-05,0.0,0.0,0.0,0,0,False,0.0,0.0,0.0,0.0,0.0,0.0,0.0,100.0,100.0,Inactive,0.0,0,0.0,0.0,0.0,0.0,0.07210925887209883,0.0,0.1682549373682306,0.0050150451354062184,,0.0003178639542275906,0.019071837253655435,0.4807283924806589
2018-12-06,0.0,0.0,0.0,0,0,False,0.0,0.0,0.0,0.0,0.0,0.0,0.0,100.0,100.0,Inactive,0.0,0,0.0,0.0,0.0,0.0,0.07210925887209883,0.0,0.1682549373682306,0.0050150451354062184,,0.0003178639542275906,0.019071837253655435,0.4807283924806589
2018-12-07,0.0,0.0,0.0,0,0,False,0.0,0.0,0.0,0.0,0.0,0.0,0.0,100.0,100.0,Inactive,0.0,0,0.0,0.0,0.0,0.0,0.07210925887209883,0.0,0.1682549373682306,0.0050150451354062184,,0.0003178639542275906,0.019071837253655435,0.4807283924806589
2018-12-08,0.0,0.0,0.0,0,0,False,0.0,0.0,0.0,0.0,0.0,0.0,0.0,100.0,100.0,Inactive,0.0,0,0.0,0.0,0.0,0.0,0.07210925887209883,0.0,0.1682549373682306,0.0050150451354062184,,0.0003178639542275906,0.019071837253655435,0.4807283924806589
2018-12-09,0.0,0.0,0.0,0,0,False,0.0,0.0,0.0,0.0,0.0,0.0,0.0,100.0,100.0,Inactive,0.0,0,0.0,0.0,0.0,0.0,0.07210925887209883,0.0,0.1682549373682306,0.0050150451354062184,,0.0003178639542275906,0.019071837253655435,0.4807283924806589
2018-12-10,0.0,0.0,0.0,0,0,False,0.0,0.0,0.0,0.0,0.0,0.0,0.0,100.0,100.0,Inactive,0.0,0,0.0,0.0,0.0,0.0,0.07210925887209883,0.0,0.1682549373682306,0.0050150451354062184,,0.0003178639542275906,0.019071837253655435,0.4807283924806589
2018-12-11,0.0,0.0,0.0,0,0,False,0.0,0.0,0.0,0.0,0.0,0.0,0.0,100.0,100.0,Inactive,0.0,0,0.0,0.0,0.0,0.0,0.07210925887209883,0.0,0.1682549373682306,0.0050150451354062184,,0.0003178639542275906,0.019071837253655435,0.4807283924806589
2018-12-12,0.0,0.0,0.0,0,0,False,0.0,0.0,0.0,0.0,0.0,0.0,0.0,100.0,100.0,Inactive,0.0,0,0.0,0.0,0.0,0.0,0.07210925887209883,0.0,0.1682549373682306,0.0050150451354062184,,0.0003178639542275906,0.019071837253655435,0.4807283924806589
2018-12-13,0.0,0.0,0.0,0,0,False,0.0,0.0,0.0,0.0,0.0,0.0,0.0,100.0,100.0,Inactive,0.0,0,0.0,0.0,0.0,0.0,0.07210925887209883,0.0,0.1682549373682306,0.0050150451354062184,,0.0003178639542275906,0.019071837253655435,0.4807283924806589
2018-12-14,0.0,0.0,0.0,0,0,False,0.0,0.0,0.0,0.0,0.0,0.0,0.0,100.0,100.0,Inactive,0.0,0,0.0,0.0,0.0,0.0,0.07210925887209883,0.0,0.1682549373682306,0.0050150451354062184,,0.0003178639542275906,0.019071837253655435,0.4807283924806589
2018-12-15,0.0,0.0,0.0,0,0,False,0.0,0.0,0.0,0.0,0.0,0.0,0.0,100.0,100.0,Inactive,0.0,0,0.0,0.0,0.0,0.0,0.07210925887209883,0.0,0.1682549373682306,0.0050150451354062184,,0.0003178639542275906,0.019071837253655435,0.4807283924806589
2018-12-16,0.0,0.0,0.0,0,0,False,0.0,0.0,0.0,0.0,0.0,0.0,0.0,100.0,100.0,Inactive,0.0,0,0.0,0.0,0.0,0.0,0.07210925887209883,0.0,0.1682549373682306,0.0050150451354062184,,0.0003178639542275906,0.019071837253655435,0.4807283924806589
2018-12-17,0.0,0.0,0.0,0,0,False,0.0,0.0,0.0,0.0,0.0,0.0,0.0,100.0,100.0,Inactive,0.0,0,0.0,0.0,0.0,0.0,0.07210925887209883,0.0,0.1682549373682306,0.0050150451354062184,,0.0003178639542275906,0.019071837253655435,0.4807283924806589
2018-12-18,0.0,0.0,0.0,0,0,False,0.0,0.0,0.0,0.0,0.0,0.0,0.0,100.0,100.0,Inactive,0.0,0,0.0,0.0,0.0,0.0,0.07210925887209883,0.0,0.1682549373682306,0.0050150451354062184,,0.0003178639542275906,0.019071837253655435,0.4807283924806589
2018-12-19,0.0,0.0,0.0,0,0,False,0.0,0.0,0.0,0.0,0.0,0.0,0.0,100.0,100.0,Inactive,0.0,0,0.0,0.0,0.0,0.0,0.07210925887209883,0.0,0.1682549373682306,0.0050150451354062184,,0.0003178639542275906,0.019071837253655435,0.4807283924806589
2018-12-20,0.0,0.0,0.0,0,0,False,0.0,0.0,0.0,0.0,0.0,0.0,0.0,100.0,100.0,Inactive,0.0,0,0.0,0.0,0.0,0.0,0.07210925887209883,0.0,0.1682549373682306,0.0050150451354062184,,0.0003178639542275906,0.019071837253655435,0.4807283924806589
2018-12-21,0.0,0.0,0.0,0,0,False,0.0,0.0,0.0,0.0,0.0,0.0,0.0,100.0,100.0,Inactive,0.0,0,0.0,0.0,0.0,0.0,0.07210925887209883,0.0,0.1682549373682306,0.0050150451354062184,,0.0003178639542275906,0.019071837253655435,0.4807283924806589
2018-12-22,0.0,0.0,0.0,0,0,False,0.0,0.0,0.0,0.0,0.0,0.0,0.0,100.0,100.0,Inactive,0.0,0,0.0,0.0,0.0,0.0,0.07210925887209883,0.0,0.1682549373682306,0.0050150451354062184,,0.0003178639542275906,0.019071837253655435,0.4807283924806589
2018-12-23,0.0,0.0,0.0,0,0,False,0.0,0.0,0.0,0.0,0.0,0.0,0.0,100.0,100.0,Inactive,0.0,0,0.0,0.0,0.0,0.0,0.07210925887209883,0.0,0.1682549373682306,0.0050150451354062184,,0.0003178639542275906,0.019071837253655435,0.4807283924806589
2018-12-24,0.0,0.0,0.0,0,0,False,0.0,0.0,0.0,0.0,0.0,0.0,0.0,100.0,100.0,Inactive,0.0,0,0.0,0.0,0.0,0.0,0.07210925887209883,0.0,0.1682549373682306,0.0050150451354062184,,0.0003178639542275906,0.019071837253655435,0.4807283924806589
2018-12-25,0.0,0.0,0.0,0,0,False,0.0,0.0,0.0,0.0,0.0,0.0,0.0,100.0,100.0,Inactive,0.0,0,0.0,0.0,0.0,0.0,0.07210925887209883,0.0,0.1682549373682306,0.0050150451354062184,,0.0003178639542275906,0.019071837253655435,0.4807283924806589
2018-12-26,0.0,0.0,0.0,0,0,False,0.0,0.0,0.0,0.0,0.0,0.0,0.0,100.0,100.0,Inactive,0.0,0,0.0,0.0,0.0,0.0,0.07210925887209883,0.0,0.1682549373682306,0.0050150451354062184,,0.0003178639542275906,0.019071837253655435,0.4807283924806589
2018-12-27,0.0,0.0,0.0,0,0,False,0.0,0.0,0.0,0.0,0.0,0.0,0.0,100.0,100.0,Inactive,0.0,0,0.0,0.0,0.0,0.0,0.07210925887209883,0.0,0.1682549373682306,0.0050150451354062184,,0.0003178639542275906,0.019071837253655435,0.4807283924806589
2018-12-28,0.0,0.0,0.0,0,0,False,0.0,0.0,0.0,0.0,0.0,0.0,0.0,100.0,100.0,Inactive,0.0,0,0.0,0.0,0.0,0.0,0.07210925887209883,0.0,0.1682549373682306,0.0050150451354062184,,0.0003178639542275906,0.019071837253655435,0.4807283924806589
2018-12-29,0.0,0.0,0.0,0,0,False,0.0,0.0,0.0,0.0,0.0,0.0,0.0,100.0,100.0,Inactive,0.0,0,0.0,0.0,0.0,0.0,0.07210925887209883,0.0,0.1682549373682306,0.0050150451354062184,,0.0003178639542275906,0.019071837253655435,0.4807283924806589
2018-12-30,0.0,0.0,0.0,0,0,False,0.0,0.0,0.0,0.0,0.0,0.0,0.0,100.0,100.0,Inactive,0.0,0,0.0,0.0,0.0,0.0,0.07210925887209883,0.0,0.1682549373682306,0.0050150451354062184,,0.0003178639542275906,0.019071837253655435,0.4807283924806589
2018-12-31,0.0,0.0,0.0,0,0,False,0.0,0.0,0.0,0.0,0.0,0.0,0.0,100.0,100.0,Inactive,0.0,0,0.0,0.0,0.0,0.0,0.07210925887209883,0.0,0.1682549373682306,0.0050150451354062184,,0.0003178639542275906,0.019071837253655435,0.4807283924806589
2019-01-01,0.0,0.0,0.0,0,0,False,0.0,0.0,0.0,0.0,0.0,0.0,0.0,100.0,100.0,Inactive,0.0,0,0.0,0.0,0.0,0.0,0.07210925887209883,0.0,0.1682549373682306,0.0050150451354062184,,0.0003178639542275906,0.019071837253655435,0.4807283924806589
2019-01-02,0.0,0.0,0.0,0,0,False,0.0,0.0,0.0,0.0,0.0,0.0,0.0,100.0,100.0,Inactive,0.0,0,0.0,0.0,0.0,0.0,0.07210925887209883,0.0,0.1682549373682306,0.0050150451354062184,,0.0003178639542275906,0.019071837253655435,0.4807283924806589
2019-01-03,0.0,0.0,0.0,0,0,False,0.0,0.0,0.0,0.0,0.0,0.0,0.0,100.0,100.0,Inactive,0.0,0,0.0,0.0,0.0,0.0,0.07210925887209883,0.0,0.1682549373682306,0.0050150451354062184,,0.0003178639542275906,0.019071837253655435,0.4807283924806589
2019-01-04,0.0,0.0,0.0,0,0,False,0.0,0.0,0.0,0.0,0.0,0.0,0.0,100.0,100.0,Inactive,0.0,0,0.0,0.0,0.0,0.0,0.07210925887209883,0.0,0.1682549373682306,0.0050150451354062184,,0.0003178639542275906,0.019071837253655435,0.4807283924806589
2019-01-05,0.0,0.0,0.0,0,0,False,0.0,0.0,0.0,0.0,0.0,0.0,0.0,100.0,100.0,Inactive,0.0,0,0.0,0.0,0.0,0.0,0.07210925887209883,0.0,0.1682549373682306,0.0050150451354062184,,0.0003178639542275906,0.019071837253655435,0.4807283924806589
2019-01-06,0.0,0.0,0.0,0,0,False,0.0,0.0,0.0,0.0,0.0,0.0,0.0,100.0,100.0,Inactive,0.0,0,0.0,0.0,0.0,0.0,0.07210925887209883,0.0,0.1682549373682306,0.0050150451354062184,,0.0003178639542275906,0.019071837253655435,0.4807283924806589
2019-01-07,0.0,0.0,0.0,0,0,False,0.0,0.0,0.0,0.0,0.0,0.0,0.0,100.0,100.0,Inactive,0.0,0,0.0,0.0,0.0,0.0,0.07210925887209883,0.0,0.1682549373682306,0.0050150451354062184,,0.0003178639542275906,0.019071837253655435,0.4807283924806589
2019-01-08,0.0,0.0,0.0,0,0,False,0.0,0.0,0.0,0.0,0.0,0.0,0.0,100.0,100.0,Inactive,0.0,0,0.0,0.0,0.0,0.0,0.07210925887209883,0.0,0.1682549373682306,0.0050150451354062184,,0.0003178639542275906,0.019071837253655435,0.4807283924806589
2019-01-09,0.0,0.0,0.0,0,0,False,0.0,0.0,0.0,0.0,0.0,0.0,0.0,100.0,100.0,Inactive,0.0,0,0.0,0.0,0.0,0.0,0.07210925887209883,0.0,0.1682549373682306,0.0050150451354062184,,0.0003178639542275906,0.019071837253655435,0.4807283924806589
2019-01-10,0.0,0.0,0.0,0,0,False,0.0,0.0,0.0,0.0,0.0,0.0,0.0,100.0,100.0,Inactive,0.0,0,0.0,0.0,0.0,0.0,0.07210925887209883,0.0,0.1682549373682306,0.0050150451354062184,,0.0003178639542275906,0.019071837253655435,0.4807283924806589
2019-01-11,0.0,0.0,0.0,0,0,False,0.0,0.0,0.0,0.0,0.0,0.0,0.0,100.0,100.0,Inactive,0.0,0,0.0,0.0,0.0,0.0,0.07210925887209883,0.0,0.1682549373682306,0.0050150451354062184,,0.0003178639542275906,0.019071837253655435,0.4807283924806589
2019-01-12,0.0,0.0,0.0,0,0,False,0.0,0.0,0.0,0.0,0.0,0.0,0.0,100.0,100.0,Inactive,0.0,0,0.0,0.0,0.0,0.0,0.07210925887209883,0.0,0.1682549373682306,0.0050150451354062184,,0.0003178639542275906,0.019071837253655435,0.4807283924806589
2019-01-13,0.0,0.0,0.0,0,0,False,0.0,0.0,0.0,0.0,0.0,0.0,0.0,100.0,100.0,Inactive,0.0,0,0.0,0.0,0.0,0.0,0.07210925887209883,0.0,0.1682549373682306,0.0050150451354062184,,0.0003178639542275906,0.019071837253655435,0.4807283924806589
2019-01-14,0.0,0.0,0.0,0,0,False,0.0,0.0,0.0,0.0,0.0,0.0,0.0,100.0,100.0,Inactive,0.0,0,0.0,0.0,0.0,0.0,0.07210925887209883,0.0,0.1682549373682306,0.0050150451354062184,,0.0003178639542275906,0.019071837253655435,0.4807283924806589
2019-01-15,0.0,0.0,0.0,0,0,False,0.0,0.0,0.0,0.0,0.0,0.0,0.0,100.0,100.0,Inactive,0.0,0,0.0,0.0,0.0,0.0,0.07210925887209883,0.0,0.1682549373682306,0.0050150451354062184,,0.0003178639542275906,0.019071837253655435,0.4807283924806589
2019-01-16,0.0,0.0,0.0,0,0,False,0.0,0.0,0.0,0.0,0.0,0.0,0.0,100.0,100.0,Inactive,0.0,0,0.0,0.0,0.0,0.0,0.07210925887209883,0.0,0.1682549373682306,0.0050150451354062184,,0.0003178639542275906,0.019071837253655435,0.4807283924806589
2019-01-17,0.0,0.0,0.0,0,0,False,0.0,0.0,0.0,0.0,0.0,0.0,0.0,100.0,100.0,Inactive,0.0,0,0.0,0.0,0.0,0.0,0.07210925887209883,0.0,0.1682549373682306,0.0050150451354062184,,0.0003178639542275906,0.019071837253655435,0.4807283924806589
2019-01-18,0.0,0.0,0.0,0,0,False,0.0,0.0,0.0,0.0,0.0,0.0,0.0,100.0,100.0,Inactive,0.0,0,0.0,0.0,0.0,0.0,0.07210925887209883,0.0,0.1682549373682306,0.0050150451354062184,,0.0003178639542275906,0.019071837253655435,0.4807283924806589
2019-01-19,0.0,0.0,0.0,0,0,False,0.0,0.0,0.0,0.0,0.0,0.0,0.0,100.0,100.0,Inactive,0.0,0,0.0,0.0,0.0,0.0,0.07210925887209883,0.0,0.1682549373682306,0.0050150451354062184,,0.0003178639542275906,0.019071837253655435,0.4807283924806589
2019-01-20,0.0,0.0,0.0,0,0,False,0.0,0.0,0.0,0.0,0.0,0.0,0.0,100.0,100.0,Inactive,0.0,0,0.0,0.0,0.0,0.0,0.07210925887209883,0.0,0.1682549373682306,0.0050150451354062184,,0.0003178639542275906,0.019071837253655435,0.4807283924806589
2019-01-21,0.0,0.0,0.0,0,0,False,0.0,0.0,0.0,0.0,0.0,0.0,0.0,100.0,100.0,Inactive,0.0,0,0.0,0.0,0.0,0.0,0.07210925887209883,0.0,0.1682549373682306,0.0050150451354062184,,0.0003178639542275906,0.019071837253655435,0.4807283924806589
2019-01-22,0.0,0.0,0.0,0,0,False,0.0,0.0,0.0,0.0,0.0,0.0,0.0,100.0,100.0,Inactive,0.0,0,0.0,0.0,0.0,0.0,0.07210925887209883,0.0,0.1682549373682306,0.0050150451354062184,,0.0003178639542275906,0.019071837253655435,0.4807283924806589
2019-01-23,0.0,0.0,0.0,0,0,False,0.0,0.0,0.0,0.0,0.0,0.0,0.0,100.0,100.0,Inactive,0.0,0,0.0,0.0,0.0,0.0,0.07210925887209883,0.0,0.1682549373682306,0.0050150451354062184,,0.0003178639542275906,0.019071837253655435,0.4807283924806589
2019-01-24,0.0,0.0,0.0,0,0,False,0.0,0.0,0.0,0.0,0.0,0.0,0.0,100.0,100.0,Inactive,0.0,0,0.0,0.0,0.0,0.0,0.07210925887209883,0.0,0.1682549373682306,0.0050150451354062184,,0.0003178639542275906,0.019071837253655435,0.4807283924806589
2019-01-25,0.0,0.0,0.0,0,0,False,0.0,0.0,0.0,0.0,0.0,0.0,0.0,100.0,100.0,Inactive,0.0,0,0.0,0.0,0.0,0.0,0.07210925887209883,0.0,0.1682549373682306,0.0050150451354062184,,0.0003178639542275906,0.019071837253655435,0.4807283924806589
2019-01-26,0.0,0.0,0.0,0,0,False,0.0,0.0,0.0,0.0,0.0,0.0,0.0,100.0,100.0,Inactive,0.0,0,0.0,0.0,0.0,0.0,0.07210925887209883,0.0,0.1682549373682306,0.0050150451354062184,,0.0003178639542275906,0.019071837253655435,0.4807283924806589
2019-01-27,0.0,0.0,0.0,0,0,False,0.0,0.0,0.0,0.0,0.0,0.0,0.0,100.0,100.0,Inactive,0.0,0,0.0,0.0,0.0,0.0,0.07210925887209883,0.0,0.1682549373682306,0.0050150451354062184,,0.0003178639542275906,0.019071837253655435,0.4807283924806589
2019-01-28,0.0,0.0,0.0,0,0,False,0.0,0.0,0.0,0.0,0.0,0.0,0.0,100.0,100.0,Inactive,0.0,0,0.0,0.0,0.0,0.0,0.07210925887209883,0.0,0.1682549373682306,0.0050150451354062184,,0.0003178639542275906,0.019071837253655435,0.4807283924806589
2019-01-29,0.0,0.0,0.0,0,0,False,0.0,0.0,0.0,0.0,0.0,0.0,0.0,100.0,100.0,Inactive,0.0,0,0.0,0.0,0.0,0.0,0.07210925887209883,0.0,0.1682549373682306,0.0050150451354062184,,0.0003178639542275906,0.019071837253655435,0.4807283924806589
2019-01-30,0.0,0.0,0.0,0,0,False,0.0,0.0,0.0,0.0,0.0,0.0,0.0,100.0,100.0,Inactive,0.0,0,0.0,0.0,0.0,0.0,0.07210925887209883,0.0,0.1682549373682306,0.0050150451354062184,,0.0003178639542275906,0.019071837253655435,0.4807283924806589
2019-01-31,0.0,0.0,0.0,0,0,False,0.0,0.0,0.0,0.0,0.0,0.0,0.0,100.0,100.0,Inactive,0.0,0,0.0,0.0,0.0,0.0,0.07210925887209883,0.0,0.1682549373682306,0.0050150451354062184,,0.0003178639542275906,0.019071837253655435,0.4807283924806589
2019-02-01,0.0,0.0,0.0,0,0,False,0.0,0.0,0.0,0.0,0.0,0.0,0.0,100.0,100.0,Inactive,0.0,0,0.0,0.0,0.0,0.0,0.07210925887209883,0.0,0.1682549373682306,0.0050150451354062184,,0.0003178639542275906,0.019071837253655435,0.4807283924806589
2019-02-02,0.0,0.0,0.0,0,0,False,0.0,0.0,0.0,0.0,0.0,0.0,0.0,100.0,100.0,Inactive,0.0,0,0.0,0.0,0.0,0.0,0.07210925887209883,0.0,0.1682549373682306,0.0050150451354062184,,0.0003178639542275906,0.019071837253655435,0.4807283924806589
2019-02-03,0.0,0.0,0.0,0,0,False,0.0,0.0,0.0,0.0,0.0,0.0,0.0,100.0,100.0,Inactive,0.0,0,0.0,0.0,0.0,0.0,0.07210925887209883,0.0,0.1682549373682306,0.0050150451354062184,,0.0003178639542275906,0.019071837253655435,0.4807283924806589
2019-02-04,0.0,0.0,0.0,0,0,False,0.0,0.0,0.0,0.0,0.0,0.0,0.0,100.0,100.0,Inactive,0.0,0,0.0,0.0,0.0,0.0,0.07210925887209883,0.0,0.1682549373682306,0.0050150451354062184,,0.0003178639542275906,0.019071837253655435,0.4807283924806589
2019-02-05,0.0,0.0,0.0,0,0,False,0.0,0.0,0.0,0.0,0.0,0.0,0.0,100.0,100.0,Inactive,0.0,0,0.0,0.0,0.0,0.0,0.07210925887209883,0.0,0.1682549373682306,0.0050150451354062184,,0.0003178639542275906,0.019071837253655435,0.4807283924806589
2019-02-06,0.0,0.0,0.0,0,0,False,0.0,0.0,0.0,0.0,0.0,0.0,0.0,100.0,100.0,Inactive,0.0,0,0.0,0.0,0.0,0.0,0.07210925887209883,0.0,0.1682549373682306,0.0050150451354062184,,0.0003178639542275906,0.019071837253655435,0.4807283924806589
2019-02-07,0.0,0.0,0.0,0,0,False,0.0,0.0,0.0,0.0,0.0,0.0,0.0,100.0,100.0,Inactive,0.0,0,0.0,0.0,0.0,0.0,0.07210925887209883,0.0,0.1682549373682306,0.0050150451354062184,,0.0003178639542275906,0.019071837253655435,0.4807283924806589
2019-02-08,0.0,0.0,0.0,0,0,False,0.0,0.0,0.0,0.0,0.0,0.0,0.0,100.0,100.0,Inactive,0.0,0,0.0,0.0,0.0,0.0,0.07210925887209883,0.0,0.1682549373682306,0.0050150451354062184,,0.0003178639542275906,0.019071837253655435,0.4807283924806589
2019-02-09,0.0,0.0,0.0,0,0,False,0.0,0.0,0.0,0.0,0.0,0.0,0.0,100.0,100.0,Inactive,0.0,0,0.0,0.0,0.0,0.0,0.07210925887209883,0.0,0.1682549373682306,0.0050150451354062184,,0.0003178639542275906,0.019071837253655435,0.4807283924806589
2019-02-10,0.0,0.0,0.0,0,0,False,0.0,0.0,0.0,0.0,0.0,0.0,0.0,100.0,100.0,Inactive,0.0,0,0.0,0.0,0.0,0.0,0.07210925887209883,0.0,0.1682549373682306,0.0050150451354062184,,0.0003178639542275906,0.019071837253655435,0.4807283924806589
2019-02-11,0.0,0.0,0.0,0,0,False,0.0,0.0,0.0,0.0,0.0,0.0,0.0,100.0,100.0,Inactive,0.0,0,0.0,0.0,0.0,0.0,0.07210925887209883,0.0,0.1682549373682306,0.0050150451354062184,,0.0003178639542275906,0.019071837253655435,0.4807283924806589
2019-02-12,0.0,0.0,0.0,0,0,False,0.0,0.0,0.0,0.0,0.0,0.0,0.0,100.0,100.0,Inactive,0.0,0,0.0,0.0,0.0,0.0,0.07210925887209883,0.0,0.1682549373682306,0.0050150451354062184,,0.0003178639542275906,0.019071837253655435,0.4807283924806589
2019-02-13,0.0,0.0,0.0,0,0,False,0.0,0.0,0.0,0.0,0.0,0.0,0.0,100.0,100.0,Inactive,0.0,0,0.0,0.0,0.0,0.0,0.07210925887209883,0.0,0.1682549373682306,0.0050150451354062184,,0.0003178639542275906,0.019071837253655435,0.4807283924806589
2019-02-14,0.0,0.0,0.0,0,0,False,0.0,0.0,0.0,0.0,0.0,0.0,0.0,100.0,100.0,Inactive,0.0,0,0.0,0.0,0.0,0.0,0.07210925887209883,0.0,0.1682549373682306,0.0050150451354062184,,0.0003178639542275906,0.019071837253655435,0.4807283924806589
2019-02-15,0.0,0.0,0.0,0,0,False,0.0,0.0,0.0,0.0,0.0,0.0,0.0,100.0,100.0,Inactive,0.0,0,0.0,0.0,0.0,0.0,0.07210925887209883,0.0,0.1682549373682306,0.0050150451354062184,,0.0003178639542275906,0.019071837253655435,0.4807283924806589
2019-02-16,0.0,0.0,0.0,0,0,False,0.0,0.0,0.0,0.0,0.0,0.0,0.0,100.0,100.0,Inactive,0.0,0,0.0,0.0,0.0,0.0,0.07210925887209883,0.0,0.1682549373682306,0.0050150451354062184,,0.0003178639542275906,0.019071837253655435,0.4807283924806589
2019-02-17,0.0,0.0,0.0,0,0,False,0.0,0.0,0.0,0.0,0.0,0.0,0.0,100.0,100.0,Inactive,0.0,0,0.0,0.0,0.0,0.0,0.07210925887209883,0.0,0.1682549373682306,0.0050150451354062184,,0.0003178639542275906,0.019071837253655435,0.4807283924806589
2019-02-18,0.0,0.0,0.0,0,0,False,0.0,0.0,0.0,0.0,0.0,0.0,0.0,100.0,100.0,Inactive,0.0,0,0.0,0.0,0.0,0.0,0.07210925887209883,0.0,0.1682549373682306,0.0050150451354062184,,0.0003178639542275906,0.019071837253655435,0.4807283924806589
2019-02-19,0.0,0.0,0.0,0,0,False,0.0,0.0,0.0,0.0,0.0,0.0,0.0,100.0,100.0,Inactive,0.0,0,0.0,0.0,0.0,0.0,0.07210925887209883,0.0,0.1682549373682306,0.0050150451354062184,,0.0003178639542275906,0.019071837253655435,0.4807283924806589
2019-02-20,0.0,0.0,0.0,0,0,False,0.0,0.0,0.0,0.0,0.0,0.0,0.0,100.0,100.0,Inactive,0.0,0,0.0,0.0,0.0,0.0,0.07210925887209883,0.0,0.1682549373682306,0.0050150451354062184,,0.0003178639542275906,0.019071837253655435,0.4807283924806589
2019-02-21,0.0,0.0,0.0,0,0,False,0.0,0.0,0.0,0.0,0.0,0.0,0.0,100.0,100.0,Inactive,0.0,0,0.0,0.0,0.0,0.0,0.07210925887209883,0.0,0.1682549373682306,0.0050150451354062184,,0.0003178639542275906,0.019071837253655435,0.4807283924806589
2019-02-22,0.0,0.0,0.0,0,0,False,0.0,0.0,0.0,0.0,0.0,0.0,0.0,100.0,100.0,Inactive,0.0,0,0.0,0.0,0.0,0.0,0.07210925887209883,0.0,0.1682549373682306,0.0050150451354062184,,0.0003178639542275906,0.019071837253655435,0.4807283924806589
2019-02-23,0.0,0.0,0.0,0,0,False,0.0,0.0,0.0,0.0,0.0,0.0,0.0,100.0,100.0,Inactive,0.0,0,0.0,0.0,0.0,0.0,0.07210925887209883,0.0,0.1682549373682306,0.0050150451354062184,,0.0003178639542275906,0.019071837253655435,0.4807283924806589
2019-02-24,0.0,0.0,0.0,0,0,False,0.0,0.0,0.0,0.0,0.0,0.0,0.0,100.0,100.0,Inactive,0.0,0,0.0,0.0,0.0,0.0,0.07210925887209883,0.0,0.1682549373682306,0.0050150451354062184,,0.0003178639542275906,0.019071837253655435,0.4807283924806589
2019-02-25,0.0,0.0,0.0,0,0,False,0.0,0.0,0.0,0.0,0.0,0.0,0.0,100.0,100.0,Inactive,0.0,0,0.0,0.0,0.0,0.0,0.07210925887209883,0.0,0.1682549373682306,0.0050150451354062184,,0.0003178639542275906,0.019071837253655435,0.4807283924806589
2019-02-26,0.0,0.0,0.0,0,0,False,0.0,0.0,0.0,0.0,0.0,0.0,0.0,100.0,100.0,Inactive,0.0,0,0.0,0.0,0.0,0.0,0.07210925887209883,0.0,0.1682549373682306,0.0050150451354062184,,0.0003178639542275906,0.019071837253655435,0.4807283924806589
2019-02-27,0.0,0.0,0.0,0,0,False,0.0,0.0,0.0,0.0,0.0,0.0,0.0,100.0,100.0,Inactive,0.0,0,0.0,0.0,0.0,0.0,0.07210925887209883,0.0,0.1682549373682306,0.0050150451354062184,,0.0003178639542275906,0.019071837253655435,0.4807283924806589
2019-02-28,0.0,0.0,0.0,0,0,False,0.0,0.0,0.0,0.0,0.0,0.0,0.0,100.0,100.0,Inactive,0.0,0,0.0,0.0,0.0,0.0,0.07210925887209883,0.0,0.1682549373682306,0.0050150451354062184,,0.0003178639542275906,0.019071837253655435,0.4807283924806589
2019-03-01,0.0,0.0,0.0,0,0,False,0.0,0.0,0.0,0.0,0.0,0.0,0.0,100.0,100.0,Inactive,0.0,0,0.0,0.0,0.0,0.0,0.07210925887209883,0.0,0.1682549373682306,0.0050150451354062184,,0.0003178639542275906,0.019071837253655435,0.4807283924806589
2019-03-02,0.0,0.0,0.0,0,0,False,0.0,0.0,0.0,0.0,0.0,0.0,0.0,100.0,100.0,Inactive,0.0,0,0.0,0.0,0.0,0.0,0.07210925887209883,0.0,0.1682549373682306,0.0050150451354062184,,0.0003178639542275906,0.019071837253655435,0.4807283924806589
2019-03-03,0.0,0.0,0.0,0,0,False,0.0,0.0,0.0,0.0,0.0,0.0,0.0,100.0,100.0,Inactive,0.0,0,0.0,0.0,0.0,0.0,0.07210925887209883,0.0,0.1682549373682306,0.0050150451354062184,,0.0003178639542275906,0.019071837253655435,0.4807283924806589
2019-03-04,0.0,0.0,0.0,0,0,False,0.0,0.0,0.0,0.0,0.0,0.0,0.0,100.0,100.0,Inactive,0.0,0,0.0,0.0,0.0,0.0,0.07210925887209883,0.0,0.1682549373682306,0.0050150451354062184,,0.0003178639542275906,0.019071837253655435,0.4807283924806589
2019-03-05,0.0,0.0,0.0,0,0,False,0.0,0.0,0.0,0.0,0.0,0.0,0.0,100.0,100.0,Inactive,0.0,0,0.0,0.0,0.0,0.0,0.07210925887209883,0.0,0.1682549373682306,0.0050150451354062184,,0.0003178639542275906,0.019071837253655435,0.4807283924806589
2019-03-06,0.0,0.0,0.0,0,0,False,0.0,0.0,0.0,0.0,0.0,0.0,0.0,100.0,100.0,Inactive,0.0,0,0.0,0.0,0.0,0.0,0.07210925887209883,0.0,0.1682549373682306,0.0050150451354062184,,0.0003178639542275906,0.019071837253655435,0.4807283924806589
2019-03-07,0.0,0.0,0.0,0,0,False,0.0,0.0,0.0,0.0,0.0,0.0,0.0,100.0,100.0,Inactive,0.0,0,0.0,0.0,0.0,0.0,0.07210925887209883,0.0,0.1682549373682306,0.0050150451354062184,,0.0003178639542275906,0.019071837253655435,0.4807283924806589
2019-03-08,0.0,0.0,0.0,0,0,False,0.0,0.0,0.0,0.0,0.0,0.0,0.0,100.0,100.0,Inactive,0.0,0,0.0,0.0,0.0,0.0,0.07210925887209883,0.0,0.1682549373682306,0.0050150451354062184,,0.0003178639542275906,0.019071837253655435,0.4807283924806589
2019-03-09,0.0,0.0,0.0,0,0,False,0.0,0.0,0.0,0.0,0.0,0.0,0.0,100.0,100.0,Inactive,0.0,0,0.0,0.0,0.0,0.0,0.07210925887209883,0.0,0.1682549373682306,0.0050150451354062184,,0.0003178639542275906,0.019071837253655435,0.4807283924806589
2019-03-10,0.0,0.0,0.0,0,0,False,0.0,0.0,0.0,0.0,0.0,0.0,0.0,100.0,100.0,Inactive,0.0,0,0.0,0.0,0.0,0.0,0.07210925887209883,0.0,0.1682549373682306,0.0050150451354062184,,0.0003178639542275906,0.019071837253655435,0.4807283924806589
2019-03-11,0.0,0.0,0.0,0,0,False,0.0,0.0,0.0,0.0,0.0,0.0,0.0,100.0,100.0,Inactive,0.0,0,0.0,0.0,0.0,0.0,0.07210925887209883,0.0,0.1682549373682306,0.0050150451354062184,,0.0003178639542275906,0.019071837253655435,0.4807283924806589
2019-03-12,0.0,0.0,0.0,0,0,False,0.0,0.0,0.0,0.0,0.0,0.0,0.0,100.0,100.0,Inactive,0.0,0,0.0,0.0,0.0,0.0,0.07210925887209883,0.0,0.1682549373682306,0.0050150451354062184,,0.0003178639542275906,0.019071837253655435,0.4807283924806589
2019-03-13,0.0,0.0,0.0,0,0,False,0.0,0.0,0.0,0.0,0.0,0.0,0.0,100.0,100.0,Inactive,0.0,0,0.0,0.0,0.0,0.0,0.07210925887209883,0.0,0.1682549373682306,0.0050150451354062184,,0.0003178639542275906,0.019071837253655435,0.4807283924806589
2019-03-14,0.0,0.0,0.0,0,0,False,0.0,0.0,0.0,0.0,0.0,0.0,0.0,100.0,100.0,Inactive,0.0,0,0.0,0.0,0.0,0.0,0.07210925887209883,0.0,0.1682549373682306,0.0050150451354062184,,0.0003178639542275906,0.019071837253655435,0.4807283924806589
2019-03-15,0.0,0.0,0.0,0,0,False,0.0,0.0,0.0,0.0,0.0,0.0,0.0,100.0,100.0,Inactive,0.0,0,0.0,0.0,0.0,0.0,0.07210925887209883,0.0,0.1682549373682306,0.0050150451354062184,,0.0003178639542275906,0.019071837253655435,0.4807283924806589
2019-03-16,0.0,0.0,0.0,0,0,False,0.0,0.0,0.0,0.0,0.0,0.0,0.0,100.0,100.0,Inactive,0.0,0,0.0,0.0,0.0,0.0,0.07210925887209883,0.0,0.1682549373682306,0.0050150451354062184,,0.0003178639542275906,0.019071837253655435,0.4807283924806589
2019-03-17,0.0,0.0,0.0,0,0,False,0.0,0.0,0.0,0.0,0.0,0.0,0.0,100.0,100.0,Inactive,0.0,0,0.0,0.0,0.0,0.0,0.07210925887209883,0.0,0.1682549373682306,0.0050150451354062184,,0.0003178639542275906,0.019071837253655435,0.4807283924806589
2019-03-18,0.0,0.0,0.0,0,0,False,0.0,0.0,0.0,0.0,0.0,0.0,0.0,100.0,100.0,Inactive,0.0,0,0.0,0.0,0.0,0.0,0.07210925887209883,0.0,0.1682549373682306,0.0050150451354062184,,0.0003178639542275906,0.019071837253655435,0.4807283924806589
2019-03-19,0.0,0.0,0.0,0,0,False,0.0,0.0,0.0,0.0,0.0,0.0,0.0,100.0,100.0,Inactive,0.0,0,0.0,0.0,0.0,0.0,0.07210925887209883,0.0,0.1682549373682306,0.0050150451354062184,,0.0003178639542275906,0.019071837253655435,0.4807283924806589
2019-03-20,0.0,0.0,0.0,0,0,False,0.0,0.0,0.0,0.0,0.0,0.0,0.0,100.0,100.0,Inactive,0.0,0,0.0,0.0,0.0,0.0,0.07210925887209883,0.0,0.1682549373682306,0.0050150451354062184,,0.0003178639542275906,0.019071837253655435,0.4807283924806589
2019-03-21,0.0,0.0,0.0,0,0,False,0.0,0.0,0.0,0.0,0.0,0.0,0.0,100.0,100.0,Inactive,0.0,0,0.0,0.0,0.0,0.0,0.07210925887209883,0.0,0.1682549373682306,0.0050150451354062184,,0.0003178639542275906,0.019071837253655435,0.4807283924806589
2019-03-22,0.0,0.0,0.0,0,0,False,0.0,0.0,0.0,0.0,0.0,0.0,0.0,100.0,100.0,Inactive,0.0,0,0.0,0.0,0.0,0.0,0.07210925887209883,0.0,0.1682549373682306,0.0050150451354062184,,0.0003178639542275906,0.019071837253655435,0.4807283924806589
2019-03-23,0.0,0.0,0.0,0,0,False,0.0,0.0,0.0,0.0,0.0,0.0,0.0,100.0,100.0,Inactive,0.0,0,0.0,0.0,0.0,0.0,0.07210925887209883,0.0,0.1682549373682306,0.0050150451354062184,,0.0003178639542275906,0.019071837253655435,0.4807283924806589
2019-03-24,0.0,0.0,0.0,0,0,False,0.0,0.0,0.0,0.0,0.0,0.0,0.0,100.0,100.0,Inactive,0.0,0,0.0,0.0,0.0,0.0,0.07210925887209883,0.0,0.1682549373682306,0.0050150451354062184,,0.0003178639542275906,0.019071837253655435,0.4807283924806589
2019-03-25,0.0,0.0,0.0,0,0,False,0.0,0.0,0.0,0.0,0.0,0.0,0.0,100.0,100.0,Inactive,0.0,0,0.0,0.0,0.0,0.0,0.07210925887209883,0.0,0.1682549373682306,0.0050150451354062184,,0.0003178639542275906,0.019071837253655435,0.4807283924806589
2019-03-26,0.0,0.0,0.0,0,0,False,0.0,0.0,0.0,0.0,0.0,0.0,0.0,100.0,100.0,Inactive,0.0,0,0.0,0.0,0.0,0.0,0.07210925887209883,0.0,0.1682549373682306,0.0050150451354062184,,0.0003178639542275906,0.019071837253655435,0.4807283924806589
2019-03-27,0.0,0.0,0.0,0,0,False,0.0,0.0,0.0,0.0,0.0,0.0,0.0,100.0,100.0,Inactive,0.0,0,0.0,0.0,0.0,0.0,0.07210925887209883,0.0,0.1682549373682306,0.0050150451354062184,,0.0003178639542275906,0.019071837253655435,0.4807283924806589
2019-03-28,0.0,0.0,0.0,0,0,False,0.0,0.0,0.0,0.0,0.0,0.0,0.0,100.0,100.0,Inactive,0.0,0,0.0,0.0,0.0,0.0,0.07210925887209883,0.0,0.1682549373682306,0.0050150451354062184,,0.0003178639542275906,0.019071837253655435,0.4807283924806589
2019-03-29,0.0,0.0,0.0,0,0,False,0.0,0.0,0.0,0.0,0.0,0.0,0.0,100.0,100.0,Inactive,0.0,0,0.0,0.0,0.0,0.0,0.07210925887209883,0.0,0.1682549373682306,0.0050150451354062184,,0.0003178639542275906,0.019071837253655435,0.4807283924806589
2019-03-30,0.0,0.0,0.0,0,0,False,0.0,0.0,0.0,0.0,0.0,0.0,0.0,100.0,100.0,Inactive,0.0,0,0.0,0.0,0.0,0.0,0.07210925887209883,0.0,0.1682549373682306,0.0050150451354062184,,0.0003178639542275906,0.019071837253655435,0.4807283924806589
2019-03-31,0.0,0.0,0.0,0,0,False,0.0,0.0,0.0,0.0,0.0,0.0,0.0,100.0,100.0,Inactive,0.0,0,0.0,0.0,0.0,0.0,0.07210925887209883,0.0,0.1682549373682306,0.0050150451354062184,,0.0003178639542275906,0.019071837253655435,0.4807283924806589
2019-04-01,0.0,0.0,0.0,0,0,False,0.0,0.0,0.0,0.0,0.0,0.0,0.0,100.0,100.0,Inactive,0.0,0,0.0,0.0,0.0,0.0,0.07210925887209883,0.0,0.1682549373682306,0.0050150451354062184,,0.0003178639542275906,0.019071837253655435,0.4807283924806589
2019-04-02,0.0,0.0,0.0,0,0,False,0.0,0.0,0.0,0.0,0.0,0.0,0.0,100.0,100.0,Inactive,0.0,0,0.0,0.0,0.0,0.0,0.07210925887209883,0.0,0.1682549373682306,0.0050150451354062184,,0.0003178639542275906,0.019071837253655435,0.4807283924806589
2019-04-03,0.0,0.0,0.0,0,0,False,0.0,0.0,0.0,0.0,0.0,0.0,0.0,100.0,100.0,Inactive,0.0,0,0.0,0.0,0.0,0.0,0.07210925887209883,0.0,0.1682549373682306,0.0050150451354062184,,0.0003178639542275906,0.019071837253655435,0.4807283924806589
2019-04-04,0.0,0.0,0.0,0,0,False,0.0,0.0,0.0,0.0,0.0,0.0,0.0,100.0,100.0,Inactive,0.0,0,0.0,0.0,0.0,0.0,0.07210925887209883,0.0,0.1682549373682306,0.0050150451354062184,,0.0003178639542275906,0.019071837253655435,0.4807283924806589
2019-04-05,0.0,0.0,0.0,0,0,False,0.0,0.0,0.0,0.0,0.0,0.0,0.0,100.0,100.0,Inactive,0.0,0,0.0,0.0,0.0,0.0,0.07210925887209883,0.0,0.1682549373682306,0.0050150451354062184,,0.0003178639542275906,0.019071837253655435,0.4807283924806589
2019-04-06,0.0,0.0,0.0,0,0,False,0.0,0.0,0.0,0.0,0.0,0.0,0.0,100.0,100.0,Inactive,0.0,0,0.0,0.0,0.0,0.0,0.07210925887209883,0.0,0.1682549373682306,0.0050150451354062184,,0.0003178639542275906,0.019071837253655435,0.4807283924806589
2019-04-07,0.0,0.0,0.0,0,0,False,0.0,0.0,0.0,0.0,0.0,0.0,0.0,100.0,100.0,Inactive,0.0,0,0.0,0.0,0.0,0.0,0.07210925887209883,0.0,0.1682549373682306,0.0050150451354062184,,0.0003178639542275906,0.019071837253655435,0.4807283924806589
2019-04-08,0.0,0.0,0.0,0,0,False,0.0,0.0,0.0,0.0,0.0,0.0,0.0,100.0,100.0,Inactive,0.0,0,0.0,0.0,0.0,0.0,0.07210925887209883,0.0,0.1682549373682306,0.0050150451354062184,,0.0003178639542275906,0.019071837253655435,0.4807283924806589
2019-04-09,0.0,0.0,0.0,0,0,False,0.0,0.0,0.0,0.0,0.0,0.0,0.0,100.0,100.0,Inactive,0.0,0,0.0,0.0,0.0,0.0,0.07210925887209883,0.0,0.1682549373682306,0.0050150451354062184,,0.0003178639542275906,0.019071837253655435,0.4807283924806589
2019-04-10,0.0,0.0,0.0,0,0,False,0.0,0.0,0.0,0.0,0.0,0.0,0.0,100.0,100.0,Inactive,0.0,0,0.0,0.0,0.0,0.0,0.07210925887209883,0.0,0.1682549373682306,0.0050150451354062184,,0.0003178639542275906,0.019071837253655435,0.4807283924806589
2019-04-11,0.0,0.0,0.0,0,0,False,0.0,0.0,0.0,0.0,0.0,0.0,0.0,100.0,100.0,Inactive,0.0,0,0.0,0.0,0.0,0.0,0.07210925887209883,0.0,0.1682549373682306,0.0050150451354062184,,0.0003178639542275906,0.019071837253655435,0.4807283924806589
2019-04-12,0.0,0.0,0.0,0,0,False,0.0,0.0,0.0,0.0,0.0,0.0,0.0,100.0,100.0,Inactive,0.0,0,0.0,0.0,0.0,0.0,0.07210925887209883,0.0,0.1682549373682306,0.0050150451354062184,,0.0003178639542275906,0.019071837253655435,0.4807283924806589
2019-04-13,0.0,0.0,0.0,0,0,False,0.0,0.0,0.0,0.0,0.0,0.0,0.0,100.0,100.0,Inactive,0.0,0,0.0,0.0,0.0,0.0,0.07210925887209883,0.0,0.1682549373682306,0.0050150451354062184,,0.0003178639542275906,0.019071837253655435,0.4807283924806589
2019-04-14,0.0,0.0,0.0,0,0,False,0.0,0.0,0.0,0.0,0.0,0.0,0.0,100.0,100.0,Inactive,0.0,0,0.0,0.0,0.0,0.0,0.07210925887209883,0.0,0.1682549373682306,0.0050150451354062184,,0.0003178639542275906,0.019071837253655435,0.4807283924806589
2019-04-15,0.0,0.0,0.0,0,0,False,0.0,0.0,0.0,0.0,0.0,0.0,0.0,100.0,100.0,Inactive,0.0,0,0.0,0.0,0.0,0.0,0.07210925887209883,0.0,0.1682549373682306,0.0050150451354062184,,0.0003178639542275906,0.019071837253655435,0.4807283924806589
2019-04-16,0.0,0.0,0.0,0,0,False,0.0,0.0,0.0,0.0,0.0,0.0,0.0,100.0,100.0,Inactive,0.0,0,0.0,0.0,0.0,0.0,0.07210925887209883,0.0,0.1682549373682306,0.0050150451354062184,,0.0003178639542275906,0.019071837253655435,0.4807283924806589
2019-04-17,0.0,0.0,0.0,0,0,False,0.0,0.0,0.0,0.0,0.0,0.0,0.0,100.0,100.0,Inactive,0.0,0,0.0,0.0,0.0,0.0,0.07210925887209883,0.0,0.1682549373682306,0.0050150451354062184,,0.0003178639542275906,0.019071837253655435,0.4807283924806589
2019-04-18,0.0,0.0,0.0,0,0,False,0.0,0.0,0.0,0.0,0.0,0.0,0.0,100.0,100.0,Inactive,0.0,0,0.0,0.0,0.0,0.0,0.07210925887209883,0.0,0.1682549373682306,0.0050150451354062184,,0.0003178639542275906,0.019071837253655435,0.4807283924806589
2019-04-19,0.0,0.0,0.0,0,0,False,0.0,0.0,0.0,0.0,0.0,0.0,0.0,100.0,100.0,Inactive,0.0,0,0.0,0.0,0.0,0.0,0.07210925887209883,0.0,0.1682549373682306,0.0050150451354062184,,0.0003178639542275906,0.019071837253655435,0.4807283924806589
2019-04-20,0.0,0.0,0.0,0,0,False,0.0,0.0,0.0,0.0,0.0,0.0,0.0,100.0,100.0,Inactive,0.0,0,0.0,0.0,0.0,0.0,0.07210925887209883,0.0,0.1682549373682306,0.0050150451354062184,,0.0003178639542275906,0.019071837253655435,0.4807283924806589
2019-04-21,0.0,0.0,0.0,0,0,False,0.0,0.0,0.0,0.0,0.0,0.0,0.0,100.0,100.0,Inactive,0.0,0,0.0,0.0,0.0,0.0,0.07210925887209883,0.0,0.1682549373682306,0.0050150451354062184,,0.0003178639542275906,0.019071837253655435,0.4807283924806589
2019-04-22,0.0,0.0,0.0,0,0,False,0.0,0.0,0.0,0.0,0.0,0.0,0.0,100.0,100.0,Inactive,0.0,0,0.0,0.0,0.0,0.0,0.07210925887209883,0.0,0.1682549373682306,0.0050150451354062184,,0.0003178639542275906,0.019071837253655435,0.4807283924806589
2019-04-23,0.0,0.0,0.0,0,0,False,0.0,0.0,0.0,0.0,0.0,0.0,0.0,100.0,100.0,Inactive,0.0,0,0.0,0.0,0.0,0.0,0.07210925887209883,0.0,0.1682549373682306,0.0050150451354062184,,0.0003178639542275906,0.019071837253655435,0.4807283924806589
2019-04-24,0.0,0.0,0.0,0,0,False,0.0,0.0,0.0,0.0,0.0,0.0,0.0,100.0,100.0,Inactive,0.0,0,0.0,0.0,0.0,0.0,0.07210925887209883,0.0,0.1682549373682306,0.0050150451354062184,,0.0003178639542275906,0.019071837253655435,0.4807283924806589
2019-04-25,0.0,0.0,0.0,0,0,False,0.0,0.0,0.0,0.0,0.0,0.0,0.0,100.0,100.0,Inactive,0.0,0,0.0,0.0,0.0,0.0,0.07210925887209883,0.0,0.1682549373682306,0.0050150451354062184,,0.0003178639542275906,0.019071837253655435,0.4807283924806589
2019-04-26,0.0,0.0,0.0,0,0,False,0.0,0.0,0.0,0.0,0.0,0.0,0.0,100.0,100.0,Inactive,0.0,0,0.0,0.0,0.0,0.0,0.07210925887209883,0.0,0.1682549373682306,0.0050150451354062184,,0.0003178639542275906,0.019071837253655435,0.4807283924806589
2019-04-27,0.0,0.0,0.0,0,0,False,0.0,0.0,0.0,0.0,0.0,0.0,0.0,100.0,100.0,Inactive,0.0,0,0.0,0.0,0.0,0.0,0.07210925887209883,0.0,0.1682549373682306,0.0050150451354062184,,0.0003178639542275906,0.019071837253655435,0.4807283924806589
2019-04-28,0.0,0.0,0.0,0,0,False,0.0,0.0,0.0,0.0,0.0,0.0,0.0,100.0,100.0,Inactive,0.0,0,0.0,0.0,0.0,0.0,0.07210925887209883,0.0,0.1682549373682306,0.0050150451354062184,,0.0003178639542275906,0.019071837253655435,0.4807283924806589
2019-04-29,0.0,0.0,0.0,0,0,False,0.0,0.0,0.0,0.0,0.0,0.0,0.0,100.0,100.0,Inactive,0.0,0,0.0,0.0,0.0,0.0,0.07210925887209883,0.0,0.1682549373682306,0.0050150451354062184,,0.0003178639542275906,0.019071837253655435,0.4807283924806589
2019-04-30,0.0,0.0,0.0,0,0,False,0.0,0.0,0.0,0.0,0.0,0.0,0.0,100.0,100.0,Inactive,0.0,0,0.0,0.0,0.0,0.0,0.07210925887209883,0.0,0.1682549373682306,0.0050150451354062184,,0.0003178639542275906,0.019071837253655435,0.4807283924806589
2019-05-01,0.0,0.0,0.0,0,0,False,0.0,0.0,0.0,0.0,0.0,0.0,0.0,100.0,100.0,Inactive,0.0,0,0.0,0.0,0.0,0.0,0.07210925887209883,0.0,0.1682549373682306,0.0050150451354062184,,0.0003178639542275906,0.019071837253655435,0.4807283924806589
2019-05-02,0.0,0.0,0.0,0,0,False,0.0,0.0,0.0,0.0,0.0,0.0,0.0,100.0,100.0,Inactive,0.0,0,0.0,0.0,0.0,0.0,0.07210925887209883,0.0,0.1682549373682306,0.0050150451354062184,,0.0003178639542275906,0.019071837253655435,0.4807283924806589
2019-05-03,0.0,0.0,0.0,0,0,False,0.0,0.0,0.0,0.0,0.0,0.0,0.0,100.0,100.0,Inactive,0.0,0,0.0,0.0,0.0,0.0,0.07210925887209883,0.0,0.1682549373682306,0.0050150451354062184,,0.0003178639542275906,0.019071837253655435,0.4807283924806589
2019-05-04,0.0,0.0,0.0,0,0,False,0.0,0.0,0.0,0.0,0.0,0.0,0.0,100.0,100.0,Inactive,0.0,0,0.0,0.0,0.0,0.0,0.07210925887209883,0.0,0.1682549373682306,0.0050150451354062184,,0.0003178639542275906,0.019071837253655435,0.4807283924806589
2019-05-05,0.0,0.0,0.0,0,0,False,0.0,0.0,0.0,0.0,0.0,0.0,0.0,100.0,100.0,Inactive,0.0,0,0.0,0.0,0.0,0.0,0.07210925887209883,0.0,0.1682549373682306,0.0050150451354062184,,0.0003178639542275906,0.019071837253655435,0.4807283924806589
2019-05-06,0.0,0.0,0.0,0,0,False,0.0,0.0,0.0,0.0,0.0,0.0,0.0,100.0,100.0,Inactive,0.0,0,0.0,0.0,0.0,0.0,0.07210925887209883,0.0,0.1682549373682306,0.0050150451354062184,,0.0003178639542275906,0.019071837253655435,0.4807283924806589
2019-05-07,0.0,0.0,0.0,0,0,False,0.0,0.0,0.0,0.0,0.0,0.0,0.0,100.0,100.0,Inactive,0.0,0,0.0,0.0,0.0,0.0,0.07210925887209883,0.0,0.1682549373682306,0.0050150451354062184,,0.0003178639542275906,0.019071837253655435,0.4807283924806589
2019-05-08,0.0,0.0,0.0,0,0,False,0.0,0.0,0.0,0.0,0.0,0.0,0.0,100.0,100.0,Inactive,0.0,0,0.0,0.0,0.0,0.0,0.07210925887209883,0.0,0.1682549373682306,0.0050150451354062184,,0.0003178639542275906,0.019071837253655435,0.4807283924806589
2019-05-09,0.0,0.0,0.0,0,0,False,0.0,0.0,0.0,0.0,0.0,0.0,0.0,100.0,100.0,Inactive,0.0,0,0.0,0.0,0.0,0.0,0.07210925887209883,0.0,0.1682549373682306,0.0050150451354062184,,0.0003178639542275906,0.019071837253655435,0.4807283924806589
2019-05-10,0.0,0.0,0.0,0,0,False,0.0,0.0,0.0,0.0,0.0,0.0,0.0,100.0,100.0,Inactive,0.0,0,0.0,0.0,0.0,0.0,0.07210925887209883,0.0,0.1682549373682306,0.0050150451354062184,,0.0003178639542275906,0.019071837253655435,0.4807283924806589
2019-05-11,0.0,0.0,0.0,0,0,False,0.0,0.0,0.0,0.0,0.0,0.0,0.0,100.0,100.0,Inactive,0.0,0,0.0,0.0,0.0,0.0,0.07210925887209883,0.0,0.1682549373682306,0.0050150451354062184,,0.0003178639542275906,0.019071837253655435,0.4807283924806589
2019-05-12,0.0,0.0,0.0,0,0,False,0.0,0.0,0.0,0.0,0.0,0.0,0.0,100.0,100.0,Inactive,0.0,0,0.0,0.0,0.0,0.0,0.07210925887209883,0.0,0.1682549373682306,0.0050150451354062184,,0.0003178639542275906,0.019071837253655435,0.4807283924806589
2019-05-13,0.0,0.0,0.0,0,0,False,0.0,0.0,0.0,0.0,0.0,0.0,0.0,100.0,100.0,Inactive,0.0,0,0.0,0.0,0.0,0.0,0.07210925887209883,0.0,0.1682549373682306,0.0050150451354062184,,0.0003178639542275906,0.019071837253655435,0.4807283924806589
2019-05-14,0.0,0.0,0.0,0,0,False,0.0,0.0,0.0,0.0,0.0,0.0,0.0,100.0,100.0,Inactive,0.0,0,0.0,0.0,0.0,0.0,0.07210925887209883,0.0,0.1682549373682306,0.0050150451354062184,,0.0003178639542275906,0.019071837253655435,0.4807283924806589
2019-05-15,0.0,0.0,0.0,0,0,False,0.0,0.0,0.0,0.0,0.0,0.0,0.0,100.0,100.0,Inactive,0.0,0,0.0,0.0,0.0,0.0,0.07210925887209883,0.0,0.1682549373682306,0.0050150451354062184,,0.0003178639542275906,0.019071837253655435,0.4807283924806589
2019-05-16,0.0,0.0,0.0,0,0,False,0.0,0.0,0.0,0.0,0.0,0.0,0.0,100.0,100.0,Inactive,0.0,0,0.0,0.0,0.0,0.0,0.07210925887209883,0.0,0.1682549373682306,0.0050150451354062184,,0.0003178639542275906,0.019071837253655435,0.4807283924806589
2019-05-17,0.0,0.0,0.0,0,0,False,0.0,0.0,0.0,0.0,0.0,0.0,0.0,100.0,100.0,Inactive,0.0,0,0.0,0.0,0.0,0.0,0.07210925887209883,0.0,0.1682549373682306,0.0050150451354062184,,0.0003178639542275906,0.019071837253655435,0.4807283924806589
2019-05-18,0.0,0.0,0.0,0,0,False,0.0,0.0,0.0,0.0,0.0,0.0,0.0,100.0,100.0,Inactive,0.0,0,0.0,0.0,0.0,0.0,0.07210925887209883,0.0,0.1682549373682306,0.0050150451354062184,,0.0003178639542275906,0.019071837253655435,0.4807283924806589
2019-05-19,0.0,0.0,0.0,0,0,False,0.0,0.0,0.0,0.0,0.0,0.0,0.0,100.0,100.0,Inactive,0.0,0,0.0,0.0,0.0,0.0,0.07210925887209883,0.0,0.1682549373682306,0.0050150451354062184,,0.0003178639542275906,0.019071837253655435,0.4807283924806589
2019-05-20,0.0,0.0,0.0,0,0,False,0.0,0.0,0.0,0.0,0.0,0.0,0.0,100.0,100.0,Inactive,0.0,0,0.0,0.0,0.0,0.0,0.07210925887209883,0.0,0.1682549373682306,0.0050150451354062184,,0.0003178639542275906,0.019071837253655435,0.4807283924806589
2019-05-21,0.0,0.0,0.0,0,0,False,0.0,0.0,0.0,0.0,0.0,0.0,0.0,100.0,100.0,Inactive,0.0,0,0.0,0.0,0.0,0.0,0.07210925887209883,0.0,0.1682549373682306,0.0050150451354062184,,0.0003178639542275906,0.019071837253655435,0.4807283924806589
2019-05-22,0.0,0.0,0.0,0,0,False,0.0,0.0,0.0,0.0,0.0,0.0,0.0,100.0,100.0,Inactive,0.0,0,0.0,0.0,0.0,0.0,0.07210925887209883,0.0,0.1682549373682306,0.0050150451354062184,,0.0003178639542275906,0.019071837253655435,0.4807283924806589
2019-05-23,0.0,0.0,0.0,0,0,False,0.0,0.0,0.0,0.0,0.0,0.0,0.0,100.0,100.0,Inactive,0.0,0,0.0,0.0,0.0,0.0,0.07210925887209883,0.0,0.1682549373682306,0.0050150451354062184,,0.0003178639542275906,0.019071837253655435,0.4807283924806589
2019-05-24,0.0,0.0,0.0,0,0,False,0.0,0.0,0.0,0.0,0.0,0.0,0.0,100.0,100.0,Inactive,0.0,0,0.0,0.0,0.0,0.0,0.07210925887209883,0.0,0.1682549373682306,0.0050150451354062184,,0.0003178639542275906,0.019071837253655435,0.4807283924806589
2019-05-25,0.0,0.0,0.0,0,0,False,0.0,0.0,0.0,0.0,0.0,0.0,0.0,100.0,100.0,Inactive,0.0,0,0.0,0.0,0.0,0.0,0.07210925887209883,0.0,0.1682549373682306,0.0050150451354062184,,0.0003178639542275906,0.019071837253655435,0.4807283924806589
2019-05-26,0.0,0.0,0.0,0,0,False,0.0,0.0,0.0,0.0,0.0,0.0,0.0,100.0,100.0,Inactive,0.0,0,0.0,0.0,0.0,0.0,0.07210925887209883,0.0,0.1682549373682306,0.0050150451354062184,,0.0003178639542275906,0.019071837253655435,0.4807283924806589
2019-05-27,0.0,0.0,0.0,0,0,False,0.0,0.0,0.0,0.0,0.0,0.0,0.0,100.0,100.0,Inactive,0.0,0,0.0,0.0,0.0,0.0,0.07210925887209883,0.0,0.1682549373682306,0.0050150451354062184,,0.0003178639542275906,0.019071837253655435,0.4807283924806589
2019-05-28,0.0,0.0,0.0,0,0,False,0.0,0.0,0.0,0.0,0.0,0.0,0.0,100.0,100.0,Inactive,0.0,0,0.0,0.0,0.0,0.0,0.07210925887209883,0.0,0.1682549373682306,0.0050150451354062184,,0.0003178639542275906,0.019071837253655435,0.4807283924806589
2019-05-29,0.0,0.0,0.0,0,0,False,0.0,0.0,0.0,0.0,0.0,0.0,0.0,100.0,100.0,Inactive,0.0,0,0.0,0.0,0.0,0.0,0.07210925887209883,0.0,0.1682549373682306,0.0050150451354062184,,0.0003178639542275906,0.019071837253655435,0.4807283924806589
2019-05-30,0.0,0.0,0.0,0,0,False,0.0,0.0,0.0,0.0,0.0,0.0,0.0,100.0,100.0,Inactive,0.0,0,0.0,0.0,0.0,0.0,0.07210925887209883,0.0,0.1682549373682306,0.0050150451354062184,,0.0003178639542275906,0.019071837253655435,0.4807283924806589
2019-05-31,0.0,0.0,0.0,0,0,False,0.0,0.0,0.0,0.0,0.0,0.0,0.0,100.0,100.0,Inactive,0.0,0,0.0,0.0,0.0,0.0,0.07210925887209883,0.0,0.1682549373682306,0.0050150451354062184,,0.0003178639542275906,0.019071837253655435,0.4807283924806589
2019-06-01,0.0,0.0,0.0,0,0,False,0.0,0.0,0.0,0.0,0.0,0.0,0.0,100.0,100.0,Inactive,0.0,0,0.0,0.0,0.0,0.0,0.07210925887209883,0.0,0.1682549373682306,0.0050150451354062184,,0.0003178639542275906,0.019071837253655435,0.4807283924806589
2019-06-02,0.0,0.0,0.0,0,0,False,0.0,0.0,0.0,0.0,0.0,0.0,0.0,100.0,100.0,Inactive,0.0,0,0.0,0.0,0.0,0.0,0.07210925887209883,0.0,0.1682549373682306,0.0050150451354062184,,0.0003178639542275906,0.019071837253655435,0.4807283924806589
2019-06-03,0.0,0.0,0.0,0,0,False,0.0,0.0,0.0,0.0,0.0,0.0,0.0,100.0,100.0,Inactive,0.0,0,0.0,0.0,0.0,0.0,0.07210925887209883,0.0,0.1682549373682306,0.0050150451354062184,,0.0003178639542275906,0.019071837253655435,0.4807283924806589
2019-06-04,0.0,0.0,0.0,0,0,False,0.0,0.0,0.0,0.0,0.0,0.0,0.0,100.0,100.0,Inactive,0.0,0,0.0,0.0,0.0,0.0,0.07210925887209883,0.0,0.1682549373682306,0.0050150451354062184,,0.0003178639542275906,0.019071837253655435,0.4807283924806589
2019-06-05,0.0,0.0,0.0,0,0,False,0.0,0.0,0.0,0.0,0.0,0.0,0.0,100.0,100.0,Inactive,0.0,0,0.0,0.0,0.0,0.0,0.07210925887209883,0.0,0.1682549373682306,0.0050150451354062184,,0.0003178639542275906,0.019071837253655435,0.4807283924806589
2019-06-06,0.0,0.0,0.0,0,0,False,0.0,0.0,0.0,0.0,0.0,0.0,0.0,100.0,100.0,Inactive,0.0,0,0.0,0.0,0.0,0.0,0.07210925887209883,0.0,0.1682549373682306,0.0050150451354062184,,0.0003178639542275906,0.019071837253655435,0.4807283924806589
2019-06-07,0.0,0.0,0.0,0,0,False,0.0,0.0,0.0,0.0,0.0,0.0,0.0,100.0,100.0,Inactive,0.0,0,0.0,0.0,0.0,0.0,0.07210925887209883,0.0,0.1682549373682306,0.0050150451354062184,,0.0003178639542275906,0.019071837253655435,0.4807283924806589
2019-06-08,0.0,0.0,0.0,0,0,False,0.0,0.0,0.0,0.0,0.0,0.0,0.0,100.0,100.0,Inactive,0.0,0,0.0,0.0,0.0,0.0,0.07210925887209883,0.0,0.1682549373682306,0.0050150451354062184,,0.0003178639542275906,0.019071837253655435,0.4807283924806589
2019-06-09,0.0,0.0,0.0,0,0,False,0.0,0.0,0.0,0.0,0.0,0.0,0.0,100.0,100.0,Inactive,0.0,0,0.0,0.0,0.0,0.0,0.07210925887209883,0.0,0.1682549373682306,0.0050150451354062184,,0.0003178639542275906,0.019071837253655435,0.4807283924806589
2019-06-10,0.0,0.0,0.0,0,0,False,0.0,0.0,0.0,0.0,0.0,0.0,0.0,100.0,100.0,Inactive,0.0,0,0.0,0.0,0.0,0.0,0.07210925887209883,0.0,0.1682549373682306,0.0050150451354062184,,0.0003178639542275906,0.019071837253655435,0.4807283924806589
2019-06-11,0.0,0.0,0.0,0,0,False,0.0,0.0,0.0,0.0,0.0,0.0,0.0,100.0,100.0,Inactive,0.0,0,0.0,0.0,0.0,0.0,0.07210925887209883,0.0,0.1682549373682306,0.0050150451354062184,,0.0003178639542275906,0.019071837253655435,0.4807283924806589
2019-06-12,0.0,0.0,0.0,0,0,False,0.0,0.0,0.0,0.0,0.0,0.0,0.0,100.0,100.0,Inactive,0.0,0,0.0,0.0,0.0,0.0,0.07210925887209883,0.0,0.1682549373682306,0.0050150451354062184,,0.0003178639542275906,0.019071837253655435,0.4807283924806589
2019-06-13,0.0,0.0,0.0,0,0,False,0.0,0.0,0.0,0.0,0.0,0.0,0.0,100.0,100.0,Inactive,0.0,0,0.0,0.0,0.0,0.0,0.07210925887209883,0.0,0.1682549373682306,0.0050150451354062184,,0.0003178639542275906,0.019071837253655435,0.4807283924806589
2019-06-14,0.0,0.0,0.0,0,0,False,0.0,0.0,0.0,0.0,0.0,0.0,0.0,100.0,100.0,Inactive,0.0,0,0.0,0.0,0.0,0.0,0.07210925887209883,0.0,0.1682549373682306,0.0050150451354062184,,0.0003178639542275906,0.019071837253655435,0.4807283924806589
2019-06-15,0.0,0.0,0.0,0,0,False,0.0,0.0,0.0,0.0,0.0,0.0,0.0,100.0,100.0,Inactive,0.0,0,0.0,0.0,0.0,0.0,0.07210925887209883,0.0,0.1682549373682306,0.0050150451354062184,,0.0003178639542275906,0.019071837253655435,0.4807283924806589
2019-06-16,0.0,0.0,0.0,0,0,False,0.0,0.0,0.0,0.0,0.0,0.0,0.0,100.0,100.0,Inactive,0.0,0,0.0,0.0,0.0,0.0,0.07210925887209883,0.0,0.1682549373682306,0.0050150451354062184,,0.0003178639542275906,0.019071837253655435,0.4807283924806589
2019-06-17,0.0,0.0,0.0,0,0,False,0.0,0.0,0.0,0.0,0.0,0.0,0.0,100.0,100.0,Inactive,0.0,0,0.0,0.0,0.0,0.0,0.07210925887209883,0.0,0.1682549373682306,0.0050150451354062184,,0.0003178639542275906,0.019071837253655435,0.4807283924806589
2019-06-18,0.0,0.0,0.0,0,0,False,0.0,0.0,0.0,0.0,0.0,0.0,0.0,100.0,100.0,Inactive,0.0,0,0.0,0.0,0.0,0.0,0.07210925887209883,0.0,0.1682549373682306,0.0050150451354062184,,0.0003178639542275906,0.019071837253655435,0.4807283924806589
2019-06-19,0.0,0.0,0.0,0,0,False,0.0,0.0,0.0,0.0,0.0,0.0,0.0,100.0,100.0,Inactive,0.0,0,0.0,0.0,0.0,0.0,0.07210925887209883,0.0,0.1682549373682306,0.0050150451354062184,,0.0003178639542275906,0.019071837253655435,0.4807283924806589
2019-06-20,0.0,0.0,0.0,0,0,False,0.0,0.0,0.0,0.0,0.0,0.0,0.0,100.0,100.0,Inactive,0.0,0,0.0,0.0,0.0,0.0,0.07210925887209883,0.0,0.1682549373682306,0.0050150451354062184,,0.0003178639542275906,0.019071837253655435,0.4807283924806589
2019-06-21,0.0,0.0,0.0,0,0,False,0.0,0.0,0.0,0.0,0.0,0.0,0.0,100.0,100.0,Inactive,0.0,0,0.0,0.0,0.0,0.0,0.07210925887209883,0.0,0.1682549373682306,0.0050150451354062184,,0.0003178639542275906,0.019071837253655435,0.4807283924806589
2019-06-22,0.0,0.0,0.0,0,0,False,0.0,0.0,0.0,0.0,0.0,0.0,0.0,100.0,100.0,Inactive,0.0,0,0.0,0.0,0.0,0.0,0.07210925887209883,0.0,0.1682549373682306,0.0050150451354062184,,0.0003178639542275906,0.019071837253655435,0.4807283924806589
2019-06-23,0.0,0.0,0.0,0,0,False,0.0,0.0,0.0,0.0,0.0,0.0,0.0,100.0,100.0,Inactive,0.0,0,0.0,0.0,0.0,0.0,0.07210925887209883,0.0,0.1682549373682306,0.0050150451354062184,,0.0003178639542275906,0.019071837253655435,0.4807283924806589
2019-06-24,0.0,0.0,0.0,0,0,False,0.0,0.0,0.0,0.0,0.0,0.0,0.0,100.0,100.0,Inactive,0.0,0,0.0,0.0,0.0,0.0,0.07210925887209883,0.0,0.1682549373682306,0.0050150451354062184,,0.0003178639542275906,0.019071837253655435,0.4807283924806589
2019-06-25,0.0,0.0,0.0,0,0,False,0.0,0.0,0.0,0.0,0.0,0.0,0.0,100.0,100.0,Inactive,0.0,0,0.0,0.0,0.0,0.0,0.07210925887209883,0.0,0.1682549373682306,0.0050150451354062184,,0.0003178639542275906,0.019071837253655435,0.4807283924806589
2019-06-26,0.0,0.0,0.0,0,0,False,0.0,0.0,0.0,0.0,0.0,0.0,0.0,100.0,100.0,Inactive,0.0,0,0.0,0.0,0.0,0.0,0.07210925887209883,0.0,0.1682549373682306,0.0050150451354062184,,0.0003178639542275906,0.019071837253655435,0.4807283924806589
2019-06-27,0.0,0.0,0.0,0,0,False,0.0,0.0,0.0,0.0,0.0,0.0,0.0,100.0,100.0,Inactive,0.0,0,0.0,0.0,0.0,0.0,0.07210925887209883,0.0,0.1682549373682306,0.0050150451354062184,,0.0003178639542275906,0.019071837253655435,0.4807283924806589
2019-06-28,0.0,0.0,0.0,0,0,False,0.0,0.0,0.0,0.0,0.0,0.0,0.0,100.0,100.0,Inactive,0.0,0,0.0,0.0,0.0,0.0,0.07210925887209883,0.0,0.1682549373682306,0.0050150451354062184,,0.0003178639542275906,0.019071837253655435,0.4807283924806589
2019-06-29,0.0,0.0,0.0,0,0,False,0.0,0.0,0.0,0.0,0.0,0.0,0.0,100.0,100.0,Inactive,0.0,0,0.0,0.0,0.0,0.0,0.07210925887209883,0.0,0.1682549373682306,0.0050150451354062184,,0.0003178639542275906,0.019071837253655435,0.4807283924806589
2019-06-30,0.0,0.0,0.0,0,0,False,0.0,0.0,0.0,0.0,0.0,0.0,0.0,100.0,100.0,Inactive,0.0,0,0.0,0.0,0.0,0.0,0.07210925887209883,0.0,0.1682549373682306,0.0050150451354062184,,0.0003178639542275906,0.019071837253655435,0.4807283924806589
2019-07-01,0.0,0.0,0.0,0,0,False,0.0,0.0,0.0,0.0,0.0,0.0,0.0,100.0,100.0,Inactive,0.0,0,0.0,0.0,0.0,0.0,0.07210925887209883,0.0,0.1682549373682306,0.0050150451354062184,,0.0003178639542275906,0.019071837253655435,0.4807283924806589
2019-07-02,0.0,0.0,0.0,0,0,False,0.0,0.0,0.0,0.0,0.0,0.0,0.0,100.0,100.0,Inactive,0.0,0,0.0,0.0,0.0,0.0,0.07210925887209883,0.0,0.1682549373682306,0.0050150451354062184,,0.0003178639542275906,0.019071837253655435,0.4807283924806589
2019-07-03,0.0,0.0,0.0,0,0,False,0.0,0.0,0.0,0.0,0.0,0.0,0.0,100.0,100.0,Inactive,0.0,0,0.0,0.0,0.0,0.0,0.07210925887209883,0.0,0.1682549373682306,0.0050150451354062184,,0.0003178639542275906,0.019071837253655435,0.4807283924806589
2019-07-04,0.0,0.0,0.0,0,0,False,0.0,0.0,0.0,0.0,0.0,0.0,0.0,100.0,100.0,Inactive,0.0,0,0.0,0.0,0.0,0.0,0.07210925887209883,0.0,0.1682549373682306,0.0050150451354062184,,0.0003178639542275906,0.019071837253655435,0.4807283924806589
2019-07-05,0.0,0.0,0.0,0,0,False,0.0,0.0,0.0,0.0,0.0,0.0,0.0,100.0,100.0,Inactive,0.0,0,0.0,0.0,0.0,0.0,0.07210925887209883,0.0,0.1682549373682306,0.0050150451354062184,,0.0003178639542275906,0.019071837253655435,0.4807283924806589
2019-07-06,0.0,0.0,0.0,0,0,False,0.0,0.0,0.0,0.0,0.0,0.0,0.0,100.0,100.0,Inactive,0.0,0,0.0,0.0,0.0,0.0,0.07210925887209883,0.0,0.1682549373682306,0.0050150451354062184,,0.0003178639542275906,0.019071837253655435,0.4807283924806589
2019-07-07,0.0,0.0,0.0,0,0,False,0.0,0.0,0.0,0.0,0.0,0.0,0.0,100.0,100.0,Inactive,0.0,0,0.0,0.0,0.0,0.0,0.07210925887209883,0.0,0.1682549373682306,0.0050150451354062184,,0.0003178639542275906,0.019071837253655435,0.4807283924806589
2019-07-08,0.0,0.0,0.0,0,0,False,0.0,0.0,0.0,0.0,0.0,0.0,0.0,100.0,100.0,Inactive,0.0,0,0.0,0.0,0.0,0.0,0.07210925887209883,0.0,0.1682549373682306,0.0050150451354062184,,0.0003178639542275906,0.019071837253655435,0.4807283924806589
2019-07-09,0.0,0.0,0.0,0,0,False,0.0,0.0,0.0,0.0,0.0,0.0,0.0,100.0,100.0,Inactive,0.0,0,0.0,0.0,0.0,0.0,0.07210925887209883,0.0,0.1682549373682306,0.0050150451354062184,,0.0003178639542275906,0.019071837253655435,0.4807283924806589
2019-07-10,0.0,0.0,0.0,0,0,False,0.0,0.0,0.0,0.0,0.0,0.0,0.0,100.0,100.0,Inactive,0.0,0,0.0,0.0,0.0,0.0,0.07210925887209883,0.0,0.1682549373682306,0.0050150451354062184,,0.0003178639542275906,0.019071837253655435,0.4807283924806589
2019-07-11,0.0,0.0,0.0,0,0,False,0.0,0.0,0.0,0.0,0.0,0.0,0.0,100.0,100.0,Inactive,0.0,0,0.0,0.0,0.0,0.0,0.07210925887209883,0.0,0.1682549373682306,0.0050150451354062184,,0.0003178639542275906,0.019071837253655435,0.4807283924806589
2019-07-12,0.0,0.0,0.0,0,0,False,0.0,0.0,0.0,0.0,0.0,0.0,0.0,100.0,100.0,Inactive,0.0,0,0.0,0.0,0.0,0.0,0.07210925887209883,0.0,0.1682549373682306,0.0050150451354062184,,0.0003178639542275906,0.019071837253655435,0.4807283924806589
2019-07-13,0.0,0.0,0.0,0,0,False,0.0,0.0,0.0,0.0,0.0,0.0,0.0,100.0,100.0,Inactive,0.0,0,0.0,0.0,0.0,0.0,0.07210925887209883,0.0,0.1682549373682306,0.0050150451354062184,,0.0003178639542275906,0.019071837253655435,0.4807283924806589
2019-07-14,0.0,0.0,0.0,0,0,False,0.0,0.0,0.0,0.0,0.0,0.0,0.0,100.0,100.0,Inactive,0.0,0,0.0,0.0,0.0,0.0,0.07210925887209883,0.0,0.1682549373682306,0.0050150451354062184,,0.0003178639542275906,0.019071837253655435,0.4807283924806589
2019-07-15,0.0,0.0,0.0,0,0,False,0.0,0.0,0.0,0.0,0.0,0.0,0.0,100.0,100.0,Inactive,0.0,0,0.0,0.0,0.0,0.0,0.07210925887209883,0.0,0.1682549373682306,0.0050150451354062184,,0.0003178639542275906,0.019071837253655435,0.4807283924806589
2019-07-16,0.0,0.0,0.0,0,0,False,0.0,0.0,0.0,0.0,0.0,0.0,0.0,100.0,100.0,Inactive,0.0,0,0.0,0.0,0.0,0.0,0.07210925887209883,0.0,0.1682549373682306,0.0050150451354062184,,0.0003178639542275906,0.019071837253655435,0.4807283924806589
2019-07-17,0.0,0.0,0.0,0,0,False,0.0,0.0,0.0,0.0,0.0,0.0,0.0,100.0,100.0,Inactive,0.0,0,0.0,0.0,0.0,0.0,0.07210925887209883,0.0,0.1682549373682306,0.0050150451354062184,,0.0003178639542275906,0.019071837253655435,0.4807283924806589
2019-07-18,0.0,0.0,0.0,0,0,False,0.0,0.0,0.0,0.0,0.0,0.0,0.0,100.0,100.0,Inactive,0.0,0,0.0,0.0,0.0,0.0,0.07210925887209883,0.0,0.1682549373682306,0.0050150451354062184,,0.0003178639542275906,0.019071837253655435,0.4807283924806589
2019-07-19,0.0,0.0,0.0,0,0,False,0.0,0.0,0.0,0.0,0.0,0.0,0.0,100.0,100.0,Inactive,0.0,0,0.0,0.0,0.0,0.0,0.07210925887209883,0.0,0.1682549373682306,0.0050150451354062184,,0.0003178639542275906,0.019071837253655435,0.4807283924806589
2019-07-20,0.0,0.0,0.0,0,0,False,0.0,0.0,0.0,0.0,0.0,0.0,0.0,100.0,100.0,Inactive,0.0,0,0.0,0.0,0.0,0.0,0.07210925887209883,0.0,0.1682549373682306,0.0050150451354062184,,0.0003178639542275906,0.019071837253655435,0.4807283924806589
2019-07-21,0.0,0.0,0.0,0,0,False,0.0,0.0,0.0,0.0,0.0,0.0,0.0,100.0,100.0,Inactive,0.0,0,0.0,0.0,0.0,0.0,0.07210925887209883,0.0,0.1682549373682306,0.0050150451354062184,,0.0003178639542275906,0.019071837253655435,0.4807283924806589
2019-07-22,0.0,0.0,0.0,0,0,False,0.0,0.0,0.0,0.0,0.0,0.0,0.0,100.0,100.0,Inactive,0.0,0,0.0,0.0,0.0,0.0,0.07210925887209883,0.0,0.1682549373682306,0.0050150451354062184,,0.0003178639542275906,0.019071837253655435,0.4807283924806589
2019-07-23,0.0,0.0,0.0,0,0,False,0.0,0.0,0.0,0.0,0.0,0.0,0.0,100.0,100.0,Inactive,0.0,0,0.0,0.0,0.0,0.0,0.07210925887209883,0.0,0.1682549373682306,0.0050150451354062184,,0.0003178639542275906,0.019071837253655435,0.4807283924806589
2019-07-24,0.0,0.0,0.0,0,0,False,0.0,0.0,0.0,0.0,0.0,0.0,0.0,100.0,100.0,Inactive,0.0,0,0.0,0.0,0.0,0.0,0.07210925887209883,0.0,0.1682549373682306,0.0050150451354062184,,0.0003178639542275906,0.019071837253655435,0.4807283924806589
2019-07-25,0.0,0.0,0.0,0,0,False,0.0,0.0,0.0,0.0,0.0,0.0,0.0,100.0,100.0,Inactive,0.0,0,0.0,0.0,0.0,0.0,0.07210925887209883,0.0,0.1682549373682306,0.0050150451354062184,,0.0003178639542275906,0.019071837253655435,0.4807283924806589
2019-07-26,0.0,0.0,0.0,0,0,False,0.0,0.0,0.0,0.0,0.0,0.0,0.0,100.0,100.0,Inactive,0.0,0,0.0,0.0,0.0,0.0,0.07210925887209883,0.0,0.1682549373682306,0.0050150451354062184,,0.0003178639542275906,0.019071837253655435,0.4807283924806589
2019-07-27,0.0,0.0,0.0,0,0,False,0.0,0.0,0.0,0.0,0.0,0.0,0.0,100.0,100.0,Inactive,0.0,0,0.0,0.0,0.0,0.0,0.07210925887209883,0.0,0.1682549373682306,0.0050150451354062184,,0.0003178639542275906,0.019071837253655435,0.4807283924806589
2019-07-28,0.0,0.0,0.0,0,0,False,0.0,0.0,0.0,0.0,0.0,0.0,0.0,100.0,100.0,Inactive,0.0,0,0.0,0.0,0.0,0.0,0.07210925887209883,0.0,0.1682549373682306,0.0050150451354062184,,0.0003178639542275906,0.019071837253655435,0.4807283924806589
2019-07-29,0.0,0.0,0.0,0,0,False,0.0,0.0,0.0,0.0,0.0,0.0,0.0,100.0,100.0,Inactive,0.0,0,0.0,0.0,0.0,0.0,0.07210925887209883,0.0,0.1682549373682306,0.0050150451354062184,,0.0003178639542275906,0.019071837253655435,0.4807283924806589
2019-07-30,0.0,0.0,0.0,0,0,False,0.0,0.0,0.0,0.0,0.0,0.0,0.0,100.0,100.0,Inactive,0.0,0,0.0,0.0,0.0,0.0,0.07210925887209883,0.0,0.1682549373682306,0.0050150451354062184,,0.0003178639542275906,0.019071837253655435,0.4807283924806589
2019-07-31,0.0,0.0,0.0,0,0,False,0.0,0.0,0.0,0.0,0.0,0.0,0.0,100.0,100.0,Inactive,0.0,0,0.0,0.0,0.0,0.0,0.07210925887209883,0.0,0.1682549373682306,0.0050150451354062184,,0.0003178639542275906,0.019071837253655435,0.4807283924806589
2019-08-01,0.0,0.0,0.0,0,0,False,0.0,0.0,0.0,0.0,0.0,0.0,0.0,100.0,100.0,Inactive,0.0,0,0.0,0.0,0.0,0.0,0.07210925887209883,0.0,0.1682549373682306,0.0050150451354062184,,0.0003178639542275906,0.019071837253655435,0.4807283924806589
2019-08-02,0.0,0.0,0.0,0,0,False,0.0,0.0,0.0,0.0,0.0,0.0,0.0,100.0,100.0,Inactive,0.0,0,0.0,0.0,0.0,0.0,0.07210925887209883,0.0,0.1682549373682306,0.0050150451354062184,,0.0003178639542275906,0.019071837253655435,0.4807283924806589
2019-08-03,0.0,0.0,0.0,0,0,False,0.0,0.0,0.0,0.0,0.0,0.0,0.0,100.0,100.0,Inactive,0.0,0,0.0,0.0,0.0,0.0,0.07210925887209883,0.0,0.1682549373682306,0.0050150451354062184,,0.0003178639542275906,0.019071837253655435,0.4807283924806589
2019-08-04,0.0,0.0,0.0,0,0,False,0.0,0.0,0.0,0.0,0.0,0.0,0.0,100.0,100.0,Inactive,0.0,0,0.0,0.0,0.0,0.0,0.07210925887209883,0.0,0.1682549373682306,0.0050150451354062184,,0.0003178639542275906,0.019071837253655435,0.4807283924806589
2019-08-05,0.0,0.0,0.0,0,0,False,0.0,0.0,0.0,0.0,0.0,0.0,0.0,100.0,100.0,Inactive,0.0,0,0.0,0.0,0.0,0.0,0.07210925887209883,0.0,0.1682549373682306,0.0050150451354062184,,0.0003178639542275906,0.019071837253655435,0.4807283924806589
2019-08-06,0.0,0.0,0.0,0,0,False,0.0,0.0,0.0,0.0,0.0,0.0,0.0,100.0,100.0,Inactive,0.0,0,0.0,0.0,0.0,0.0,0.07210925887209883,0.0,0.1682549373682306,0.0050150451354062184,,0.0003178639542275906,0.019071837253655435,0.4807283924806589
2019-08-07,0.0,0.0,0.0,0,0,False,0.0,0.0,0.0,0.0,0.0,0.0,0.0,100.0,100.0,Inactive,0.0,0,0.0,0.0,0.0,0.0,0.07210925887209883,0.0,0.1682549373682306,0.0050150451354062184,,0.0003178639542275906,0.019071837253655435,0.4807283924806589
2019-08-08,0.0,0.0,0.0,0,0,False,0.0,0.0,0.0,0.0,0.0,0.0,0.0,100.0,100.0,Inactive,0.0,0,0.0,0.0,0.0,0.0,0.07210925887209883,0.0,0.1682549373682306,0.0050150451354062184,,0.0003178639542275906,0.019071837253655435,0.4807283924806589
2019-08-09,0.0,0.0,0.0,0,0,False,0.0,0.0,0.0,0.0,0.0,0.0,0.0,100.0,100.0,Inactive,0.0,0,0.0,0.0,0.0,0.0,0.07210925887209883,0.0,0.1682549373682306,0.0050150451354062184,,0.0003178639542275906,0.019071837253655435,0.4807283924806589
2019-08-10,0.0,0.0,0.0,0,0,False,0.0,0.0,0.0,0.0,0.0,0.0,0.0,100.0,100.0,Inactive,0.0,0,0.0,0.0,0.0,0.0,0.07210925887209883,0.0,0.1682549373682306,0.0050150451354062184,,0.0003178639542275906,0.019071837253655435,0.4807283924806589
2019-08-11,0.0,0.0,0.0,0,0,False,0.0,0.0,0.0,0.0,0.0,0.0,0.0,100.0,100.0,Inactive,0.0,0,0.0,0.0,0.0,0.0,0.07210925887209883,0.0,0.1682549373682306,0.0050150451354062184,,0.0003178639542275906,0.019071837253655435,0.4807283924806589
2019-08-12,0.0,0.0,0.0,0,0,False,0.0,0.0,0.0,0.0,0.0,0.0,0.0,100.0,100.0,Inactive,0.0,0,0.0,0.0,0.0,0.0,0.07210925887209883,0.0,0.1682549373682306,0.0050150451354062184,,0.0003178639542275906,0.019071837253655435,0.4807283924806589
2019-08-13,0.0,0.0,0.0,0,0,False,0.0,0.0,0.0,0.0,0.0,0.0,0.0,100.0,100.0,Inactive,0.0,0,0.0,0.0,0.0,0.0,0.07210925887209883,0.0,0.1682549373682306,0.0050150451354062184,,0.0003178639542275906,0.019071837253655435,0.4807283924806589
2019-08-14,0.0,0.0,0.0,0,0,False,0.0,0.0,0.0,0.0,0.0,0.0,0.0,100.0,100.0,Inactive,0.0,0,0.0,0.0,0.0,0.0,0.07210925887209883,0.0,0.1682549373682306,0.0050150451354062184,,0.0003178639542275906,0.019071837253655435,0.4807283924806589
2019-08-15,0.0,0.0,0.0,0,0,False,0.0,0.0,0.0,0.0,0.0,0.0,0.0,100.0,100.0,Inactive,0.0,0,0.0,0.0,0.0,0.0,0.07210925887209883,0.0,0.1682549373682306,0.0050150451354062184,,0.0003178639542275906,0.019071837253655435,0.4807283924806589
2019-08-16,0.0,0.0,0.0,0,0,False,0.0,0.0,0.0,0.0,0.0,0.0,0.0,100.0,100.0,Inactive,0.0,0,0.0,0.0,0.0,0.0,0.07210925887209883,0.0,0.1682549373682306,0.0050150451354062184,,0.0003178639542275906,0.019071837253655435,0.4807283924806589
2019-08-17,0.0,0.0,0.0,0,0,False,0.0,0.0,0.0,0.0,0.0,0.0,0.0,100.0,100.0,Inactive,0.0,0,0.0,0.0,0.0,0.0,0.07210925887209883,0.0,0.1682549373682306,0.0050150451354062184,,0.0003178639542275906,0.019071837253655435,0.4807283924806589
2019-08-18,0.0,0.0,0.0,0,0,False,0.0,0.0,0.0,0.0,0.0,0.0,0.0,100.0,100.0,Inactive,0.0,0,0.0,0.0,0.0,0.0,0.07210925887209883,0.0,0.1682549373682306,0.0050150451354062184,,0.0003178639542275906,0.019071837253655435,0.4807283924806589
2019-08-19,0.0,0.0,0.0,0,0,False,0.0,0.0,0.0,0.0,0.0,0.0,0.0,100.0,100.0,Inactive,0.0,0,0.0,0.0,0.0,0.0,0.07210925887209883,0.0,0.1682549373682306,0.0050150451354062184,,0.0003178639542275906,0.019071837253655435,0.4807283924806589
2019-08-20,0.0,0.0,0.0,0,0,False,0.0,0.0,0.0,0.0,0.0,0.0,0.0,100.0,100.0,Inactive,0.0,0,0.0,0.0,0.0,0.0,0.07210925887209883,0.0,0.1682549373682306,0.0050150451354062184,,0.0003178639542275906,0.019071837253655435,0.4807283924806589
2019-08-21,0.0,0.0,0.0,0,0,False,0.0,0.0,0.0,0.0,0.0,0.0,0.0,100.0,100.0,Inactive,0.0,0,0.0,0.0,0.0,0.0,0.07210925887209883,0.0,0.1682549373682306,0.0050150451354062184,,0.0003178639542275906,0.019071837253655435,0.4807283924806589
2019-08-22,0.0,0.0,0.0,0,0,False,0.0,0.0,0.0,0.0,0.0,0.0,0.0,100.0,100.0,Inactive,0.0,0,0.0,0.0,0.0,0.0,0.07210925887209883,0.0,0.1682549373682306,0.0050150451354062184,,0.0003178639542275906,0.019071837253655435,0.4807283924806589
2019-08-23,0.0,0.0,0.0,0,0,False,0.0,0.0,0.0,0.0,0.0,0.0,0.0,100.0,100.0,Inactive,0.0,0,0.0,0.0,0.0,0.0,0.07210925887209883,0.0,0.1682549373682306,0.0050150451354062184,,0.0003178639542275906,0.019071837253655435,0.4807283924806589
2019-08-24,0.0,0.0,0.0,0,0,False,0.0,0.0,0.0,0.0,0.0,0.0,0.0,100.0,100.0,Inactive,0.0,0,0.0,0.0,0.0,0.0,0.07210925887209883,0.0,0.1682549373682306,0.0050150451354062184,,0.0003178639542275906,0.019071837253655435,0.4807283924806589
2019-08-25,0.0,0.0,0.0,0,0,False,0.0,0.0,0.0,0.0,0.0,0.0,0.0,100.0,100.0,Inactive,0.0,0,0.0,0.0,0.0,0.0,0.07210925887209883,0.0,0.1682549373682306,0.0050150451354062184,,0.0003178639542275906,0.019071837253655435,0.4807283924806589
2019-08-26,0.0,0.0,0.0,0,0,False,0.0,0.0,0.0,0.0,0.0,0.0,0.0,100.0,100.0,Inactive,0.0,0,0.0,0.0,0.0,0.0,0.07210925887209883,0.0,0.1682549373682306,0.0050150451354062184,,0.0003178639542275906,0.019071837253655435,0.4807283924806589
2019-08-27,0.0,0.0,0.0,0,0,False,0.0,0.0,0.0,0.0,0.0,0.0,0.0,100.0,100.0,Inactive,0.0,0,0.0,0.0,0.0,0.0,0.07210925887209883,0.0,0.1682549373682306,0.0050150451354062184,,0.0003178639542275906,0.019071837253655435,0.4807283924806589
2019-08-28,0.0,0.0,0.0,0,0,False,0.0,0.0,0.0,0.0,0.0,0.0,0.0,100.0,100.0,Inactive,0.0,0,0.0,0.0,0.0,0.0,0.07210925887209883,0.0,0.1682549373682306,0.0050150451354062184,,0.0003178639542275906,0.019071837253655435,0.4807283924806589
2019-08-29,0.0,0.0,0.0,0,0,False,0.0,0.0,0.0,0.0,0.0,0.0,0.0,100.0,100.0,Inactive,0.0,0,0.0,0.0,0.0,0.0,0.07210925887209883,0.0,0.1682549373682306,0.0050150451354062184,,0.0003178639542275906,0.019071837253655435,0.4807283924806589
2019-08-30,0.0,0.0,0.0,0,0,False,0.0,0.0,0.0,0.0,0.0,0.0,0.0,100.0,100.0,Inactive,0.0,0,0.0,0.0,0.0,0.0,0.07210925887209883,0.0,0.1682549373682306,0.0050150451354062184,,0.0003178639542275906,0.019071837253655435,0.4807283924806589
2019-08-31,0.0,0.0,0.0,0,0,False,0.0,0.0,0.0,0.0,0.0,0.0,0.0,100.0,100.0,Inactive,0.0,0,0.0,0.0,0.0,0.0,0.07210925887209883,0.0,0.1682549373682306,0.0050150451354062184,,0.0003178639542275906,0.019071837253655435,0.4807283924806589
2019-09-01,0.0,0.0,0.0,0,0,False,0.0,0.0,0.0,0.0,0.0,0.0,0.0,100.0,100.0,Inactive,0.0,0,0.0,0.0,0.0,0.0,0.07210925887209883,0.0,0.1682549373682306,0.0050150451354062184,,0.0003178639542275906,0.019071837253655435,0.4807283924806589
2019-09-02,0.0,0.0,0.0,0,0,False,0.0,0.0,0.0,0.0,0.0,0.0,0.0,100.0,100.0,Inactive,0.0,0,0.0,0.0,0.0,0.0,0.07210925887209883,0.0,0.1682549373682306,0.0050150451354062184,,0.0003178639542275906,0.019071837253655435,0.4807283924806589
2019-09-03,0.0,0.0,0.0,0,0,False,0.0,0.0,0.0,0.0,0.0,0.0,0.0,100.0,100.0,Inactive,0.0,0,0.0,0.0,0.0,0.0,0.07210925887209883,0.0,0.1682549373682306,0.0050150451354062184,,0.0003178639542275906,0.019071837253655435,0.4807283924806589
2019-09-04,0.0,0.0,0.0,0,0,False,0.0,0.0,0.0,0.0,0.0,0.0,0.0,100.0,100.0,Inactive,0.0,0,0.0,0.0,0.0,0.0,0.07210925887209883,0.0,0.1682549373682306,0.0050150451354062184,,0.0003178639542275906,0.019071837253655435,0.4807283924806589
2019-09-05,0.0,0.0,0.0,0,0,False,0.0,0.0,0.0,0.0,0.0,0.0,0.0,100.0,100.0,Inactive,0.0,0,0.0,0.0,0.0,0.0,0.07210925887209883,0.0,0.1682549373682306,0.0050150451354062184,,0.0003178639542275906,0.019071837253655435,0.4807283924806589
2019-09-06,0.0,0.0,0.0,0,0,False,0.0,0.0,0.0,0.0,0.0,0.0,0.0,100.0,100.0,Inactive,0.0,0,0.0,0.0,0.0,0.0,0.07210925887209883,0.0,0.1682549373682306,0.0050150451354062184,,0.0003178639542275906,0.019071837253655435,0.4807283924806589
2019-09-07,0.0,0.0,0.0,0,0,False,0.0,0.0,0.0,0.0,0.0,0.0,0.0,100.0,100.0,Inactive,0.0,0,0.0,0.0,0.0,0.0,0.07210925887209883,0.0,0.1682549373682306,0.0050150451354062184,,0.0003178639542275906,0.019071837253655435,0.4807283924806589
2019-09-08,0.0,0.0,0.0,0,0,False,0.0,0.0,0.0,0.0,0.0,0.0,0.0,100.0,100.0,Inactive,0.0,0,0.0,0.0,0.0,0.0,0.07210925887209883,0.0,0.1682549373682306,0.0050150451354062184,,0.0003178639542275906,0.019071837253655435,0.4807283924806589
2019-09-09,0.0,0.0,0.0,0,0,False,0.0,0.0,0.0,0.0,0.0,0.0,0.0,100.0,100.0,Inactive,0.0,0,0.0,0.0,0.0,0.0,0.07210925887209883,0.0,0.1682549373682306,0.0050150451354062184,,0.0003178639542275906,0.019071837253655435,0.4807283924806589
2019-09-10,0.0,0.0,0.0,0,0,False,0.0,0.0,0.0,0.0,0.0,0.0,0.0,100.0,100.0,Inactive,0.0,0,0.0,0.0,0.0,0.0,0.07210925887209883,0.0,0.1682549373682306,0.0050150451354062184,,0.0003178639542275906,0.019071837253655435,0.4807283924806589
2019-09-11,0.0,0.0,0.0,0,0,False,0.0,0.0,0.0,0.0,0.0,0.0,0.0,100.0,100.0,Inactive,0.0,0,0.0,0.0,0.0,0.0,0.07210925887209883,0.0,0.1682549373682306,0.0050150451354062184,,0.0003178639542275906,0.019071837253655435,0.4807283924806589
2019-09-12,0.0,0.0,0.0,0,0,False,0.0,0.0,0.0,0.0,0.0,0.0,0.0,100.0,100.0,Inactive,0.0,0,0.0,0.0,0.0,0.0,0.07210925887209883,0.0,0.1682549373682306,0.0050150451354062184,,0.0003178639542275906,0.019071837253655435,0.4807283924806589
2019-09-13,0.0,0.0,0.0,0,0,False,0.0,0.0,0.0,0.0,0.0,0.0,0.0,100.0,100.0,Inactive,0.0,0,0.0,0.0,0.0,0.0,0.07210925887209883,0.0,0.1682549373682306,0.0050150451354062184,,0.0003178639542275906,0.019071837253655435,0.4807283924806589
2019-09-14,0.0,0.0,0.0,0,0,False,0.0,0.0,0.0,0.0,0.0,0.0,0.0,100.0,100.0,Inactive,0.0,0,0.0,0.0,0.0,0.0,0.07210925887209883,0.0,0.1682549373682306,0.0050150451354062184,,0.0003178639542275906,0.019071837253655435,0.4807283924806589
2019-09-15,0.0,0.0,0.0,0,0,False,0.0,0.0,0.0,0.0,0.0,0.0,0.0,100.0,100.0,Inactive,0.0,0,0.0,0.0,0.0,0.0,0.07210925887209883,0.0,0.1682549373682306,0.0050150451354062184,,0.0003178639542275906,0.019071837253655435,0.4807283924806589
2019-09-16,0.0,0.0,0.0,0,0,False,0.0,0.0,0.0,0.0,0.0,0.0,0.0,100.0,100.0,Inactive,0.0,0,0.0,0.0,0.0,0.0,0.07210925887209883,0.0,0.1682549373682306,0.0050150451354062184,,0.0003178639542275906,0.019071837253655435,0.4807283924806589
2019-09-17,0.0,0.0,0.0,0,0,False,0.0,0.0,0.0,0.0,0.0,0.0,0.0,100.0,100.0,Inactive,0.0,0,0.0,0.0,0.0,0.0,0.07210925887209883,0.0,0.1682549373682306,0.0050150451354062184,,0.0003178639542275906,0.019071837253655435,0.4807283924806589
2019-09-18,0.0,0.0,0.0,0,0,False,0.0,0.0,0.0,0.0,0.0,0.0,0.0,100.0,100.0,Inactive,0.0,0,0.0,0.0,0.0,0.0,0.07210925887209883,0.0,0.1682549373682306,0.0050150451354062184,,0.0003178639542275906,0.019071837253655435,0.4807283924806589
2019-09-19,0.0,0.0,0.0,0,0,False,0.0,0.0,0.0,0.0,0.0,0.0,0.0,100.0,100.0,Inactive,0.0,0,0.0,0.0,0.0,0.0,0.07210925887209883,0.0,0.1682549373682306,0.0050150451354062184,,0.0003178639542275906,0.019071837253655435,0.4807283924806589
2019-09-20,0.0,0.0,0.0,0,0,False,0.0,0.0,0.0,0.0,0.0,0.0,0.0,100.0,100.0,Inactive,0.0,0,0.0,0.0,0.0,0.0,0.07210925887209883,0.0,0.1682549373682306,0.0050150451354062184,,0.0003178639542275906,0.019071837253655435,0.4807283924806589
2019-09-21,0.0,0.0,0.0,0,0,False,0.0,0.0,0.0,0.0,0.0,0.0,0.0,100.0,100.0,Inactive,0.0,0,0.0,0.0,0.0,0.0,0.07210925887209883,0.0,0.1682549373682306,0.0050150451354062184,,0.0003178639542275906,0.019071837253655435,0.4807283924806589
2019-09-22,0.0,0.0,0.0,0,0,False,0.0,0.0,0.0,0.0,0.0,0.0,0.0,100.0,100.0,Inactive,0.0,0,0.0,0.0,0.0,0.0,0.07210925887209883,0.0,0.1682549373682306,0.0050150451354062184,,0.0003178639542275906,0.019071837253655435,0.4807283924806589
2019-09-23,0.0,0.0,0.0,0,0,False,0.0,0.0,0.0,0.0,0.0,0.0,0.0,100.0,100.0,Inactive,0.0,0,0.0,0.0,0.0,0.0,0.07210925887209883,0.0,0.1682549373682306,0.0050150451354062184,,0.0003178639542275906,0.019071837253655435,0.4807283924806589
2019-09-24,0.0,0.0,0.0,0,0,False,0.0,0.0,0.0,0.0,0.0,0.0,0.0,100.0,100.0,Inactive,0.0,0,0.0,0.0,0.0,0.0,0.07210925887209883,0.0,0.1682549373682306,0.0050150451354062184,,0.0003178639542275906,0.019071837253655435,0.4807283924806589
2019-09-25,0.0,0.0,0.0,0,0,False,0.0,0.0,0.0,0.0,0.0,0.0,0.0,100.0,100.0,Inactive,0.0,0,0.0,0.0,0.0,0.0,0.07210925887209883,0.0,0.1682549373682306,0.0050150451354062184,,0.0003178639542275906,0.019071837253655435,0.4807283924806589
2019-09-26,0.0,0.0,0.0,0,0,False,0.0,0.0,0.0,0.0,0.0,0.0,0.0,100.0,100.0,Inactive,0.0,0,0.0,0.0,0.0,0.0,0.07210925887209883,0.0,0.1682549373682306,0.0050150451354062184,,0.0003178639542275906,0.019071837253655435,0.4807283924806589
2019-09-27,0.0,0.0,0.0,0,0,False,0.0,0.0,0.0,0.0,0.0,0.0,0.0,100.0,100.0,Inactive,0.0,0,0.0,0.0,0.0,0.0,0.07210925887209883,0.0,0.1682549373682306,0.0050150451354062184,,0.0003178639542275906,0.019071837253655435,0.4807283924806589
2019-09-28,0.0,0.0,0.0,0,0,False,0.0,0.0,0.0,0.0,0.0,0.0,0.0,100.0,100.0,Inactive,0.0,0,0.0,0.0,0.0,0.0,0.07210925887209883,0.0,0.1682549373682306,0.0050150451354062184,,0.0003178639542275906,0.019071837253655435,0.4807283924806589
2019-09-29,0.0,0.0,0.0,0,0,False,0.0,0.0,0.0,0.0,0.0,0.0,0.0,100.0,100.0,Inactive,0.0,0,0.0,0.0,0.0,0.0,0.07210925887209883,0.0,0.1682549373682306,0.0050150451354062184,,0.0003178639542275906,0.019071837253655435,0.4807283924806589
2019-09-30,0.0,0.0,0.0,0,0,False,0.0,0.0,0.0,0.0,0.0,0.0,0.0,100.0,100.0,Inactive,0.0,0,0.0,0.0,0.0,0.0,0.07210925887209883,0.0,0.1682549373682306,0.0050150451354062184,,0.0003178639542275906,0.019071837253655435,0.4807283924806589
2019-10-01,0.0,0.0,0.0,0,0,False,0.0,0.0,0.0,0.0,0.0,0.0,0.0,100.0,100.0,Inactive,0.0,0,0.0,0.0,0.0,0.0,0.07210925887209883,0.0,0.1682549373682306,0.0050150451354062184,,0.0003178639542275906,0.019071837253655435,0.4807283924806589
2019-10-02,0.0,0.0,0.0,0,0,False,0.0,0.0,0.0,0.0,0.0,0.0,0.0,100.0,100.0,Inactive,0.0,0,0.0,0.0,0.0,0.0,0.07210925887209883,0.0,0.1682549373682306,0.0050150451354062184,,0.0003178639542275906,0.019071837253655435,0.4807283924806589
2019-10-03,0.0,0.0,0.0,0,0,False,0.0,0.0,0.0,0.0,0.0,0.0,0.0,100.0,100.0,Inactive,0.0,0,0.0,0.0,0.0,0.0,0.07210925887209883,0.0,0.1682549373682306,0.0050150451354062184,,0.0003178639542275906,0.019071837253655435,0.4807283924806589
2019-10-04,0.0,0.0,0.0,0,0,False,0.0,0.0,0.0,0.0,0.0,0.0,0.0,100.0,100.0,Inactive,0.0,0,0.0,0.0,0.0,0.0,0.07210925887209883,0.0,0.1682549373682306,0.0050150451354062184,,0.0003178639542275906,0.019071837253655435,0.4807283924806589
2019-10-05,0.0,0.0,0.0,0,0,False,0.0,0.0,0.0,0.0,0.0,0.0,0.0,100.0,100.0,Inactive,0.0,0,0.0,0.0,0.0,0.0,0.07210925887209883,0.0,0.1682549373682306,0.0050150451354062184,,0.0003178639542275906,0.019071837253655435,0.4807283924806589
2019-10-06,0.0,0.0,0.0,0,0,False,0.0,0.0,0.0,0.0,0.0,0.0,0.0,100.0,100.0,Inactive,0.0,0,0.0,0.0,0.0,0.0,0.07210925887209883,0.0,0.1682549373682306,0.0050150451354062184,,0.0003178639542275906,0.019071837253655435,0.4807283924806589
2019-10-07,0.0,0.0,0.0,0,0,False,0.0,0.0,0.0,0.0,0.0,0.0,0.0,100.0,100.0,Inactive,0.0,0,0.0,0.0,0.0,0.0,0.07210925887209883,0.0,0.1682549373682306,0.0050150451354062184,,0.0003178639542275906,0.019071837253655435,0.4807283924806589
2019-10-08,0.0,0.0,0.0,0,0,False,0.0,0.0,0.0,0.0,0.0,0.0,0.0,100.0,100.0,Inactive,0.0,0,0.0,0.0,0.0,0.0,0.07210925887209883,0.0,0.1682549373682306,0.0050150451354062184,,0.0003178639542275906,0.019071837253655435,0.4807283924806589
2019-10-09,0.0,0.0,0.0,0,0,False,0.0,0.0,0.0,0.0,0.0,0.0,0.0,100.0,100.0,Inactive,0.0,0,0.0,0.0,0.0,0.0,0.07210925887209883,0.0,0.1682549373682306,0.0050150451354062184,,0.0003178639542275906,0.019071837253655435,0.4807283924806589
2019-10-10,0.0,0.0,0.0,0,0,False,0.0,0.0,0.0,0.0,0.0,0.0,0.0,100.0,100.0,Inactive,0.0,0,0.0,0.0,0.0,0.0,0.07210925887209883,0.0,0.1682549373682306,0.0050150451354062184,,0.0003178639542275906,0.019071837253655435,0.4807283924806589
2019-10-11,0.0,0.0,0.0,0,0,False,0.0,0.0,0.0,0.0,0.0,0.0,0.0,100.0,100.0,Inactive,0.0,0,0.0,0.0,0.0,0.0,0.07210925887209883,0.0,0.1682549373682306,0.0050150451354062184,,0.0003178639542275906,0.019071837253655435,0.4807283924806589
2019-10-12,0.0,0.0,0.0,0,0,False,0.0,0.0,0.0,0.0,0.0,0.0,0.0,100.0,100.0,Inactive,0.0,0,0.0,0.0,0.0,0.0,0.07210925887209883,0.0,0.1682549373682306,0.0050150451354062184,,0.0003178639542275906,0.019071837253655435,0.4807283924806589
2019-10-13,0.0,0.0,0.0,0,0,False,0.0,0.0,0.0,0.0,0.0,0.0,0.0,100.0,100.0,Inactive,0.0,0,0.0,0.0,0.0,0.0,0.07210925887209883,0.0,0.1682549373682306,0.0050150451354062184,,0.0003178639542275906,0.019071837253655435,0.4807283924806589
2019-10-14,0.0,0.0,0.0,0,0,False,0.0,0.0,0.0,0.0,0.0,0.0,0.0,100.0,100.0,Inactive,0.0,0,0.0,0.0,0.0,0.0,0.07210925887209883,0.0,0.1682549373682306,0.0050150451354062184,,0.0003178639542275906,0.019071837253655435,0.4807283924806589
2019-10-15,0.0,0.0,0.0,0,0,False,0.0,0.0,0.0,0.0,0.0,0.0,0.0,100.0,100.0,Inactive,0.0,0,0.0,0.0,0.0,0.0,0.07210925887209883,0.0,0.1682549373682306,0.0050150451354062184,,0.0003178639542275906,0.019071837253655435,0.4807283924806589
2019-10-16,0.0,0.0,0.0,0,0,False,0.0,0.0,0.0,0.0,0.0,0.0,0.0,100.0,100.0,Inactive,0.0,0,0.0,0.0,0.0,0.0,0.07210925887209883,0.0,0.1682549373682306,0.0050150451354062184,,0.0003178639542275906,0.019071837253655435,0.4807283924806589
2019-10-17,0.0,0.0,0.0,0,0,False,0.0,0.0,0.0,0.0,0.0,0.0,0.0,100.0,100.0,Inactive,0.0,0,0.0,0.0,0.0,0.0,0.07210925887209883,0.0,0.1682549373682306,0.0050150451354062184,,0.0003178639542275906,0.019071837253655435,0.4807283924806589
2019-10-18,0.0,0.0,0.0,0,0,False,0.0,0.0,0.0,0.0,0.0,0.0,0.0,100.0,100.0,Inactive,0.0,0,0.0,0.0,0.0,0.0,0.07210925887209883,0.0,0.1682549373682306,0.0050150451354062184,,0.0003178639542275906,0.019071837253655435,0.4807283924806589
2019-10-19,0.0,0.0,0.0,0,0,False,0.0,0.0,0.0,0.0,0.0,0.0,0.0,100.0,100.0,Inactive,0.0,0,0.0,0.0,0.0,0.0,0.07210925887209883,0.0,0.1682549373682306,0.0050150451354062184,,0.0003178639542275906,0.019071837253655435,0.4807283924806589
2019-10-20,0.0,0.0,0.0,0,0,False,0.0,0.0,0.0,0.0,0.0,0.0,0.0,100.0,100.0,Inactive,0.0,0,0.0,0.0,0.0,0.0,0.07210925887209883,0.0,0.1682549373682306,0.0050150451354062184,,0.0003178639542275906,0.019071837253655435,0.4807283924806589
2019-10-21,0.0,0.0,0.0,0,0,False,0.0,0.0,0.0,0.0,0.0,0.0,0.0,100.0,100.0,Inactive,0.0,0,0.0,0.0,0.0,0.0,0.07210925887209883,0.0,0.1682549373682306,0.0050150451354062184,,0.0003178639542275906,0.019071837253655435,0.4807283924806589
2019-10-22,0.0,0.0,0.0,0,0,False,0.0,0.0,0.0,0.0,0.0,0.0,0.0,100.0,100.0,Inactive,0.0,0,0.0,0.0,0.0,0.0,0.07210925887209883,0.0,0.1682549373682306,0.0050150451354062184,,0.0003178639542275906,0.019071837253655435,0.4807283924806589
2019-10-23,0.0,0.0,0.0,0,0,False,0.0,0.0,0.0,0.0,0.0,0.0,0.0,100.0,100.0,Inactive,0.0,0,0.0,0.0,0.0,0.0,0.07210925887209883,0.0,0.1682549373682306,0.0050150451354062184,,0.0003178639542275906,0.019071837253655435,0.4807283924806589
2019-10-24,0.0,0.0,0.0,0,0,False,0.0,0.0,0.0,0.0,0.0,0.0,0.0,100.0,100.0,Inactive,0.0,0,0.0,0.0,0.0,0.0,0.07210925887209883,0.0,0.1682549373682306,0.0050150451354062184,,0.0003178639542275906,0.019071837253655435,0.4807283924806589
2019-10-25,0.0,0.0,0.0,0,0,False,0.0,0.0,0.0,0.0,0.0,0.0,0.0,100.0,100.0,Inactive,0.0,0,0.0,0.0,0.0,0.0,0.07210925887209883,0.0,0.1682549373682306,0.0050150451354062184,,0.0003178639542275906,0.019071837253655435,0.4807283924806589
2019-10-26,0.0,0.0,0.0,0,0,False,0.0,0.0,0.0,0.0,0.0,0.0,0.0,100.0,100.0,Inactive,0.0,0,0.0,0.0,0.0,0.0,0.07210925887209883,0.0,0.1682549373682306,0.0050150451354062184,,0.0003178639542275906,0.019071837253655435,0.4807283924806589
2019-10-27,0.0,0.0,0.0,0,0,False,0.0,0.0,0.0,0.0,0.0,0.0,0.0,100.0,100.0,Inactive,0.0,0,0.0,0.0,0.0,0.0,0.07210925887209883,0.0,0.1682549373682306,0.0050150451354062184,,0.0003178639542275906,0.019071837253655435,0.4807283924806589
2019-10-28,0.0,0.0,0.0,0,0,False,0.0,0.0,0.0,0.0,0.0,0.0,0.0,100.0,100.0,Inactive,0.0,0,0.0,0.0,0.0,0.0,0.07210925887209883,0.0,0.1682549373682306,0.0050150451354062184,,0.0003178639542275906,0.019071837253655435,0.4807283924806589
2019-10-29,0.0,0.0,0.0,0,0,False,0.0,0.0,0.0,0.0,0.0,0.0,0.0,100.0,100.0,Inactive,0.0,0,0.0,0.0,0.0,0.0,0.07210925887209883,0.0,0.1682549373682306,0.0050150451354062184,,0.0003178639542275906,0.019071837253655435,0.4807283924806589
2019-10-30,0.0,0.0,0.0,0,0,False,0.0,0.0,0.0,0.0,0.0,0.0,0.0,100.0,100.0,Inactive,0.0,0,0.0,0.0,0.0,0.0,0.07210925887209883,0.0,0.1682549373682306,0.0050150451354062184,,0.0003178639542275906,0.019071837253655435,0.4807283924806589
2019-10-31,0.0,0.0,0.0,0,0,False,0.0,0.0,0.0,0.0,0.0,0.0,0.0,100.0,100.0,Inactive,0.0,0,0.0,0.0,0.0,0.0,0.07210925887209883,0.0,0.1682549373682306,0.0050150451354062184,,0.0003178639542275906,0.019071837253655435,0.4807283924806589
2019-11-01,0.0,0.0,0.0,0,0,False,0.0,0.0,0.0,0.0,0.0,0.0,0.0,100.0,100.0,Inactive,0.0,0,0.0,0.0,0.0,0.0,0.07210925887209883,0.0,0.1682549373682306,0.0050150451354062184,,0.0003178639542275906,0.019071837253655435,0.4807283924806589
2019-11-02,0.0,0.0,0.0,0,0,False,0.0,0.0,0.0,0.0,0.0,0.0,0.0,100.0,100.0,Inactive,0.0,0,0.0,0.0,0.0,0.0,0.07210925887209883,0.0,0.1682549373682306,0.0050150451354062184,,0.0003178639542275906,0.019071837253655435,0.4807283924806589
2019-11-03,0.0,0.0,0.0,0,0,False,0.0,0.0,0.0,0.0,0.0,0.0,0.0,100.0,100.0,Inactive,0.0,0,0.0,0.0,0.0,0.0,0.07210925887209883,0.0,0.1682549373682306,0.0050150451354062184,,0.0003178639542275906,0.019071837253655435,0.4807283924806589
2019-11-04,0.0,0.0,0.0,0,0,False,0.0,0.0,0.0,0.0,0.0,0.0,0.0,100.0,100.0,Inactive,0.0,0,0.0,0.0,0.0,0.0,0.07210925887209883,0.0,0.1682549373682306,0.0050150451354062184,,0.0003178639542275906,0.019071837253655435,0.4807283924806589
2019-11-05,0.0,0.0,0.0,0,0,False,0.0,0.0,0.0,0.0,0.0,0.0,0.0,100.0,100.0,Inactive,0.0,0,0.0,0.0,0.0,0.0,0.07210925887209883,0.0,0.1682549373682306,0.0050150451354062184,,0.0003178639542275906,0.019071837253655435,0.4807283924806589
2019-11-06,0.0,0.0,0.0,0,0,False,0.0,0.0,0.0,0.0,0.0,0.0,0.0,100.0,100.0,Inactive,0.0,0,0.0,0.0,0.0,0.0,0.07210925887209883,0.0,0.1682549373682306,0.0050150451354062184,,0.0003178639542275906,0.019071837253655435,0.4807283924806589
2019-11-07,0.0,0.0,0.0,0,0,False,0.0,0.0,0.0,0.0,0.0,0.0,0.0,100.0,100.0,Inactive,0.0,0,0.0,0.0,0.0,0.0,0.07210925887209883,0.0,0.1682549373682306,0.0050150451354062184,,0.0003178639542275906,0.019071837253655435,0.4807283924806589
2019-11-08,0.0,0.0,0.0,0,0,False,0.0,0.0,0.0,0.0,0.0,0.0,0.0,100.0,100.0,Inactive,0.0,0,0.0,0.0,0.0,0.0,0.07210925887209883,0.0,0.1682549373682306,0.0050150451354062184,,0.0003178639542275906,0.019071837253655435,0.4807283924806589
2019-11-09,0.0,0.0,0.0,0,0,False,0.0,0.0,0.0,0.0,0.0,0.0,0.0,100.0,100.0,Inactive,0.0,0,0.0,0.0,0.0,0.0,0.07210925887209883,0.0,0.1682549373682306,0.0050150451354062184,,0.0003178639542275906,0.019071837253655435,0.4807283924806589
2019-11-10,0.0,0.0,0.0,0,0,False,0.0,0.0,0.0,0.0,0.0,0.0,0.0,100.0,100.0,Inactive,0.0,0,0.0,0.0,0.0,0.0,0.07210925887209883,0.0,0.1682549373682306,0.0050150451354062184,,0.0003178639542275906,0.019071837253655435,0.4807283924806589
2019-11-11,0.0,0.0,0.0,0,0,False,0.0,0.0,0.0,0.0,0.0,0.0,0.0,100.0,100.0,Inactive,0.0,0,0.0,0.0,0.0,0.0,0.07210925887209883,0.0,0.1682549373682306,0.0050150451354062184,,0.0003178639542275906,0.019071837253655435,0.4807283924806589
2019-11-12,0.0,0.0,0.0,0,0,False,0.0,0.0,0.0,0.0,0.0,0.0,0.0,100.0,100.0,Inactive,0.0,0,0.0,0.0,0.0,0.0,0.07210925887209883,0.0,0.1682549373682306,0.0050150451354062184,,0.0003178639542275906,0.019071837253655435,0.4807283924806589
2019-11-13,0.0,0.0,0.0,0,0,False,0.0,0.0,0.0,0.0,0.0,0.0,0.0,100.0,100.0,Inactive,0.0,0,0.0,0.0,0.0,0.0,0.07210925887209883,0.0,0.1682549373682306,0.0050150451354062184,,0.0003178639542275906,0.019071837253655435,0.4807283924806589
2019-11-14,0.0,0.0,0.0,0,0,False,0.0,0.0,0.0,0.0,0.0,0.0,0.0,100.0,100.0,Inactive,0.0,0,0.0,0.0,0.0,0.0,0.07210925887209883,0.0,0.1682549373682306,0.0050150451354062184,,0.0003178639542275906,0.019071837253655435,0.4807283924806589
2019-11-15,0.0,0.0,0.0,0,0,False,0.0,0.0,0.0,0.0,0.0,0.0,0.0,100.0,100.0,Inactive,0.0,0,0.0,0.0,0.0,0.0,0.07210925887209883,0.0,0.1682549373682306,0.0050150451354062184,,0.0003178639542275906,0.019071837253655435,0.4807283924806589
2019-11-16,0.0,0.0,0.0,0,0,False,0.0,0.0,0.0,0.0,0.0,0.0,0.0,100.0,100.0,Inactive,0.0,0,0.0,0.0,0.0,0.0,0.07210925887209883,0.0,0.1682549373682306,0.0050150451354062184,,0.0003178639542275906,0.019071837253655435,0.4807283924806589
2019-11-17,0.0,0.0,0.0,0,0,False,0.0,0.0,0.0,0.0,0.0,0.0,0.0,100.0,100.0,Inactive,0.0,0,0.0,0.0,0.0,0.0,0.07210925887209883,0.0,0.1682549373682306,0.0050150451354062184,,0.0003178639542275906,0.019071837253655435,0.4807283924806589
2019-11-18,0.0,0.0,0.0,0,0,False,0.0,0.0,0.0,0.0,0.0,0.0,0.0,100.0,100.0,Inactive,0.0,0,0.0,0.0,0.0,0.0,0.07210925887209883,0.0,0.1682549373682306,0.0050150451354062184,,0.0003178639542275906,0.019071837253655435,0.4807283924806589
2019-11-19,0.0,0.0,0.0,0,0,False,0.0,0.0,0.0,0.0,0.0,0.0,0.0,100.0,100.0,Inactive,0.0,0,0.0,0.0,0.0,0.0,0.07210925887209883,0.0,0.1682549373682306,0.0050150451354062184,,0.0003178639542275906,0.019071837253655435,0.4807283924806589
2019-11-20,0.0,0.0,0.0,0,0,False,0.0,0.0,0.0,0.0,0.0,0.0,0.0,100.0,100.0,Inactive,0.0,0,0.0,0.0,0.0,0.0,0.07210925887209883,0.0,0.1682549373682306,0.0050150451354062184,,0.0003178639542275906,0.019071837253655435,0.4807283924806589
2019-11-21,0.0,0.0,0.0,0,0,False,0.0,0.0,0.0,0.0,0.0,0.0,0.0,100.0,100.0,Inactive,0.0,0,0.0,0.0,0.0,0.0,0.07210925887209883,0.0,0.1682549373682306,0.0050150451354062184,,0.0003178639542275906,0.019071837253655435,0.4807283924806589
2019-11-22,0.0,0.0,0.0,0,0,False,0.0,0.0,0.0,0.0,0.0,0.0,0.0,100.0,100.0,Inactive,0.0,0,0.0,0.0,0.0,0.0,0.07210925887209883,0.0,0.1682549373682306,0.0050150451354062184,,0.0003178639542275906,0.019071837253655435,0.4807283924806589
2019-11-23,0.0,0.0,0.0,0,0,False,0.0,0.0,0.0,0.0,0.0,0.0,0.0,100.0,100.0,Inactive,0.0,0,0.0,0.0,0.0,0.0,0.07210925887209883,0.0,0.1682549373682306,0.0050150451354062184,,0.0003178639542275906,0.019071837253655435,0.4807283924806589
2019-11-24,0.0,0.0,0.0,0,0,False,0.0,0.0,0.0,0.0,0.0,0.0,0.0,100.0,100.0,Inactive,0.0,0,0.0,0.0,0.0,0.0,0.07210925887209883,0.0,0.1682549373682306,0.0050150451354062184,,0.0003178639542275906,0.019071837253655435,0.4807283924806589
2019-11-25,0.0,0.0,0.0,0,0,False,0.0,0.0,0.0,0.0,0.0,0.0,0.0,100.0,100.0,Inactive,0.0,0,0.0,0.0,0.0,0.0,0.07210925887209883,0.0,0.1682549373682306,0.0050150451354062184,,0.0003178639542275906,0.019071837253655435,0.4807283924806589
2019-11-26,0.0,0.0,0.0,0,0,False,0.0,0.0,0.0,0.0,0.0,0.0,0.0,100.0,100.0,Inactive,0.0,0,0.0,0.0,0.0,0.0,0.07210925887209883,0.0,0.1682549373682306,0.0050150451354062184,,0.0003178639542275906,0.019071837253655435,0.4807283924806589
2019-11-27,0.0,0.0,0.0,0,0,False,0.0,0.0,0.0,0.0,0.0,0.0,0.0,100.0,100.0,Inactive,0.0,0,0.0,0.0,0.0,0.0,0.07210925887209883,0.0,0.1682549373682306,0.0050150451354062184,,0.0003178639542275906,0.019071837253655435,0.4807283924806589
2019-11-28,0.0,0.0,0.0,0,0,False,0.0,0.0,0.0,0.0,0.0,0.0,0.0,100.0,100.0,Inactive,0.0,0,0.0,0.0,0.0,0.0,0.07210925887209883,0.0,0.1682549373682306,0.0050150451354062184,,0.0003178639542275906,0.019071837253655435,0.4807283924806589
2019-11-29,0.0,0.0,0.0,0,0,False,0.0,0.0,0.0,0.0,0.0,0.0,0.0,100.0,100.0,Inactive,0.0,0,0.0,0.0,0.0,0.0,0.07210925887209883,0.0,0.1682549373682306,0.0050150451354062184,,0.0003178639542275906,0.019071837253655435,0.4807283924806589
2019-11-30,0.0,0.0,0.0,0,0,False,0.0,0.0,0.0,0.0,0.0,0.0,0.0,100.0,100.0,Inactive,0.0,0,0.0,0.0,0.0,0.0,0.07210925887209883,0.0,0.1682549373682306,0.0050150451354062184,,0.0003178639542275906,0.019071837253655435,0.4807283924806589
2019-12-01,0.0,0.0,0.0,0,0,False,0.0,0.0,0.0,0.0,0.0,0.0,0.0,100.0,100.0,Inactive,0.0,0,0.0,0.0,0.0,0.0,0.07210925887209883,0.0,0.1682549373682306,0.0050150451354062184,,0.0003178639542275906,0.019071837253655435,0.4807283924806589
2019-12-02,0.0,0.0,0.0,0,0,False,0.0,0.0,0.0,0.0,0.0,0.0,0.0,100.0,100.0,Inactive,0.0,0,0.0,0.0,0.0,0.0,0.07210925887209883,0.0,0.1682549373682306,0.0050150451354062184,,0.0003178639542275906,0.019071837253655435,0.4807283924806589
2019-12-03,0.0,0.0,0.0,0,0,False,0.0,0.0,0.0,0.0,0.0,0.0,0.0,100.0,100.0,Inactive,0.0,0,0.0,0.0,0.0,0.0,0.07210925887209883,0.0,0.1682549373682306,0.0050150451354062184,,0.0003178639542275906,0.019071837253655435,0.4807283924806589
2019-12-04,0.0,0.0,0.0,0,0,False,0.0,0.0,0.0,0.0,0.0,0.0,0.0,100.0,100.0,Inactive,0.0,0,0.0,0.0,0.0,0.0,0.07210925887209883,0.0,0.1682549373682306,0.0050150451354062184,,0.0003178639542275906,0.019071837253655435,0.4807283924806589
2019-12-05,0.0,0.0,0.0,0,0,False,0.0,0.0,0.0,0.0,0.0,0.0,0.0,100.0,100.0,Inactive,0.0,0,0.0,0.0,0.0,0.0,0.07210925887209883,0.0,0.1682549373682306,0.0050150451354062184,,0.0003178639542275906,0.019071837253655435,0.4807283924806589
2019-12-06,0.0,0.0,0.0,0,0,False,0.0,0.0,0.0,0.0,0.0,0.0,0.0,100.0,100.0,Inactive,0.0,0,0.0,0.0,0.0,0.0,0.07210925887209883,0.0,0.1682549373682306,0.0050150451354062184,,0.0003178639542275906,0.019071837253655435,0.4807283924806589
2019-12-07,0.0,0.0,0.0,0,0,False,0.0,0.0,0.0,0.0,0.0,0.0,0.0,100.0,100.0,Inactive,0.0,0,0.0,0.0,0.0,0.0,0.07210925887209883,0.0,0.1682549373682306,0.0050150451354062184,,0.0003178639542275906,0.019071837253655435,0.4807283924806589
2019-12-08,0.0,0.0,0.0,0,0,False,0.0,0.0,0.0,0.0,0.0,0.0,0.0,100.0,100.0,Inactive,0.0,0,0.0,0.0,0.0,0.0,0.07210925887209883,0.0,0.1682549373682306,0.0050150451354062184,,0.0003178639542275906,0.019071837253655435,0.4807283924806589
2019-12-09,0.0,0.0,0.0,0,0,False,0.0,0.0,0.0,0.0,0.0,0.0,0.0,100.0,100.0,Inactive,0.0,0,0.0,0.0,0.0,0.0,0.07210925887209883,0.0,0.1682549373682306,0.0050150451354062184,,0.0003178639542275906,0.019071837253655435,0.4807283924806589
2019-12-10,0.0,0.0,0.0,0,0,False,0.0,0.0,0.0,0.0,0.0,0.0,0.0,100.0,100.0,Inactive,0.0,0,0.0,0.0,0.0,0.0,0.07210925887209883,0.0,0.1682549373682306,0.0050150451354062184,,0.0003178639542275906,0.019071837253655435,0.4807283924806589
2019-12-11,0.0,0.0,0.0,0,0,False,0.0,0.0,0.0,0.0,0.0,0.0,0.0,100.0,100.0,Inactive,0.0,0,0.0,0.0,0.0,0.0,0.07210925887209883,0.0,0.1682549373682306,0.0050150451354062184,,0.0003178639542275906,0.019071837253655435,0.4807283924806589
2019-12-12,0.0,0.0,0.0,0,0,False,0.0,0.0,0.0,0.0,0.0,0.0,0.0,100.0,100.0,Inactive,0.0,0,0.0,0.0,0.0,0.0,0.07210925887209883,0.0,0.1682549373682306,0.0050150451354062184,,0.0003178639542275906,0.019071837253655435,0.4807283924806589
2019-12-13,0.0,0.0,0.0,0,0,False,0.0,0.0,0.0,0.0,0.0,0.0,0.0,100.0,100.0,Inactive,0.0,0,0.0,0.0,0.0,0.0,0.07210925887209883,0.0,0.1682549373682306,0.0050150451354062184,,0.0003178639542275906,0.019071837253655435,0.4807283924806589
2019-12-14,0.0,0.0,0.0,0,0,False,0.0,0.0,0.0,0.0,0.0,0.0,0.0,100.0,100.0,Inactive,0.0,0,0.0,0.0,0.0,0.0,0.07210925887209883,0.0,0.1682549373682306,0.0050150451354062184,,0.0003178639542275906,0.019071837253655435,0.4807283924806589
2019-12-15,0.0,0.0,0.0,0,0,False,0.0,0.0,0.0,0.0,0.0,0.0,0.0,100.0,100.0,Inactive,0.0,0,0.0,0.0,0.0,0.0,0.07210925887209883,0.0,0.1682549373682306,0.0050150451354062184,,0.0003178639542275906,0.019071837253655435,0.4807283924806589
2019-12-16,0.0,0.0,0.0,0,0,False,0.0,0.0,0.0,0.0,0.0,0.0,0.0,100.0,100.0,Inactive,0.0,0,0.0,0.0,0.0,0.0,0.07210925887209883,0.0,0.1682549373682306,0.0050150451354062184,,0.0003178639542275906,0.019071837253655435,0.4807283924806589
2019-12-17,0.0,0.0,0.0,0,0,False,0.0,0.0,0.0,0.0,0.0,0.0,0.0,100.0,100.0,Inactive,0.0,0,0.0,0.0,0.0,0.0,0.07210925887209883,0.0,0.1682549373682306,0.0050150451354062184,,0.0003178639542275906,0.019071837253655435,0.4807283924806589
2019-12-18,0.0,0.0,0.0,0,0,False,0.0,0.0,0.0,0.0,0.0,0.0,0.0,100.0,100.0,Inactive,0.0,0,0.0,0.0,0.0,0.0,0.07210925887209883,0.0,0.1682549373682306,0.0050150451354062184,,0.0003178639542275906,0.019071837253655435,0.4807283924806589
2019-12-19,0.0,0.0,0.0,0,0,False,0.0,0.0,0.0,0.0,0.0,0.0,0.0,100.0,100.0,Inactive,0.0,0,0.0,0.0,0.0,0.0,0.07210925887209883,0.0,0.1682549373682306,0.0050150451354062184,,0.0003178639542275906,0.019071837253655435,0.4807283924806589
2019-12-20,0.0,0.0,0.0,0,0,False,0.0,0.0,0.0,0.0,0.0,0.0,0.0,100.0,100.0,Inactive,0.0,0,0.0,0.0,0.0,0.0,0.07210925887209883,0.0,0.1682549373682306,0.0050150451354062184,,0.0003178639542275906,0.019071837253655435,0.4807283924806589
2019-12-21,0.0,0.0,0.0,0,0,False,0.0,0.0,0.0,0.0,0.0,0.0,0.0,100.0,100.0,Inactive,0.0,0,0.0,0.0,0.0,0.0,0.07210925887209883,0.0,0.1682549373682306,0.0050150451354062184,,0.0003178639542275906,0.019071837253655435,0.4807283924806589
2019-12-22,0.0,0.0,0.0,0,0,False,0.0,0.0,0.0,0.0,0.0,0.0,0.0,100.0,100.0,Inactive,0.0,0,0.0,0.0,0.0,0.0,0.07210925887209883,0.0,0.1682549373682306,0.0050150451354062184,,0.0003178639542275906,0.019071837253655435,0.4807283924806589
2019-12-23,0.0,0.0,0.0,0,0,False,0.0,0.0,0.0,0.0,0.0,0.0,0.0,100.0,100.0,Inactive,0.0,0,0.0,0.0,0.0,0.0,0.07210925887209883,0.0,0.1682549373682306,0.0050150451354062184,,0.0003178639542275906,0.019071837253655435,0.4807283924806589
2019-12-24,0.0,0.0,0.0,0,0,False,0.0,0.0,0.0,0.0,0.0,0.0,0.0,100.0,100.0,Inactive,0.0,0,0.0,0.0,0.0,0.0,0.07210925887209883,0.0,0.1682549373682306,0.0050150451354062184,,0.0003178639542275906,0.019071837253655435,0.4807283924806589
2019-12-25,0.0,0.0,0.0,0,0,False,0.0,0.0,0.0,0.0,0.0,0.0,0.0,100.0,100.0,Inactive,0.0,0,0.0,0.0,0.0,0.0,0.07210925887209883,0.0,0.1682549373682306,0.0050150451354062184,,0.0003178639542275906,0.019071837253655435,0.4807283924806589
2019-12-26,0.0,0.0,0.0,0,0,False,0.0,0.0,0.0,0.0,0.0,0.0,0.0,100.0,100.0,Inactive,0.0,0,0.0,0.0,0.0,0.0,0.07210925887209883,0.0,0.1682549373682306,0.0050150451354062184,,0.0003178639542275906,0.019071837253655435,0.4807283924806589
2019-12-27,0.0,0.0,0.0,0,0,False,0.0,0.0,0.0,0.0,0.0,0.0,0.0,100.0,100.0,Inactive,0.0,0,0.0,0.0,0.0,0.0,0.07210925887209883,0.0,0.1682549373682306,0.0050150451354062184,,0.0003178639542275906,0.019071837253655435,0.4807283924806589
2019-12-28,0.0,0.0,0.0,0,0,False,0.0,0.0,0.0,0.0,0.0,0.0,0.0,100.0,100.0,Inactive,0.0,0,0.0,0.0,0.0,0.0,0.07210925887209883,0.0,0.1682549373682306,0.0050150451354062184,,0.0003178639542275906,0.019071837253655435,0.4807283924806589
2019-12-29,0.0,0.0,0.0,0,0,False,0.0,0.0,0.0,0.0,0.0,0.0,0.0,100.0,100.0,Inactive,0.0,0,0.0,0.0,0.0,0.0,0.07210925887209883,0.0,0.1682549373682306,0.0050150451354062184,,0.0003178639542275906,0.019071837253655435,0.4807283924806589
2019-12-30,0.0,0.0,0.0,0,0,False,0.0,0.0,0.0,0.0,0.0,0.0,0.0,100.0,100.0,Inactive,0.0,0,0.0,0.0,0.0,0.0,0.07210925887209883,0.0,0.1682549373682306,0.0050150451354062184,,0.0003178639542275906,0.019071837253655435,0.4807283924806589
2019-12-31,0.0,0.0,0.0,0,0,False,0.0,0.0,0.0,0.0,0.0,0.0,0.0,100.0,100.0,Inactive,0.0,0,0.0,0.0,0.0,0.0,0.07210925887209883,0.0,0.1682549373682306,0.0050150451354062184,,0.0003178639542275906,0.019071837253655435,0.4807283924806589
2020-01-01,0.0,0.0,0.0,0,0,False,0.0,0.0,0.0,0.0,0.0,0.0,0.0,100.0,100.0,Inactive,0.0,0,0.0,0.0,0.0,0.0,0.07210925887209883,0.0,0.1682549373682306,0.0050150451354062184,,0.0003178639542275906,0.019071837253655435,0.4807283924806589
2020-01-02,0.0,0.0,0.0,0,0,False,0.0,0.0,0.0,0.0,0.0,0.0,0.0,100.0,100.0,Inactive,0.0,0,0.0,0.0,0.0,0.0,0.07210925887209883,0.0,0.1682549373682306,0.0050150451354062184,,0.0003178639542275906,0.019071837253655435,0.4807283924806589
2020-01-03,0.0,0.0,0.0,0,0,False,0.0,0.0,0.0,0.0,0.0,0.0,0.0,100.0,100.0,Inactive,0.0,0,0.0,0.0,0.0,0.0,0.07210925887209883,0.0,0.1682549373682306,0.0050150451354062184,,0.0003178639542275906,0.019071837253655435,0.4807283924806589
2020-01-04,0.0,0.0,0.0,0,0,False,0.0,0.0,0.0,0.0,0.0,0.0,0.0,100.0,100.0,Inactive,0.0,0,0.0,0.0,0.0,0.0,0.07210925887209883,0.0,0.1682549373682306,0.0050150451354062184,,0.0003178639542275906,0.019071837253655435,0.4807283924806589
2020-01-05,0.0,0.0,0.0,0,0,False,0.0,0.0,0.0,0.0,0.0,0.0,0.0,100.0,100.0,Inactive,0.0,0,0.0,0.0,0.0,0.0,0.07210925887209883,0.0,0.1682549373682306,0.0050150451354062184,,0.0003178639542275906,0.019071837253655435,0.4807283924806589
2020-01-06,0.0,0.0,0.0,0,0,False,0.0,0.0,0.0,0.0,0.0,0.0,0.0,100.0,100.0,Inactive,0.0,0,0.0,0.0,0.0,0.0,0.07210925887209883,0.0,0.1682549373682306,0.0050150451354062184,,0.0003178639542275906,0.019071837253655435,0.4807283924806589
2020-01-07,0.0,0.0,0.0,0,0,False,0.0,0.0,0.0,0.0,0.0,0.0,0.0,100.0,100.0,Inactive,0.0,0,0.0,0.0,0.0,0.0,0.07210925887209883,0.0,0.1682549373682306,0.0050150451354062184,,0.0003178639542275906,0.019071837253655435,0.4807283924806589
2020-01-08,0.0,0.0,0.0,0,0,False,0.0,0.0,0.0,0.0,0.0,0.0,0.0,100.0,100.0,Inactive,0.0,0,0.0,0.0,0.0,0.0,0.07210925887209883,0.0,0.1682549373682306,0.0050150451354062184,,0.0003178639542275906,0.019071837253655435,0.4807283924806589
2020-01-09,0.0,0.0,0.0,0,0,False,0.0,0.0,0.0,0.0,0.0,0.0,0.0,100.0,100.0,Inactive,0.0,0,0.0,0.0,0.0,0.0,0.07210925887209883,0.0,0.1682549373682306,0.0050150451354062184,,0.0003178639542275906,0.019071837253655435,0.4807283924806589
2020-01-10,0.0,0.0,0.0,0,0,False,0.0,0.0,0.0,0.0,0.0,0.0,0.0,100.0,100.0,Inactive,0.0,0,0.0,0.0,0.0,0.0,0.07210925887209883,0.0,0.1682549373682306,0.0050150451354062184,,0.0003178639542275906,0.019071837253655435,0.4807283924806589
2020-01-11,0.0,0.0,0.0,0,0,False,0.0,0.0,0.0,0.0,0.0,0.0,0.0,100.0,100.0,Inactive,0.0,0,0.0,0.0,0.0,0.0,0.07210925887209883,0.0,0.1682549373682306,0.0050150451354062184,,0.0003178639542275906,0.019071837253655435,0.4807283924806589
2020-01-12,0.0,0.0,0.0,0,0,False,0.0,0.0,0.0,0.0,0.0,0.0,0.0,100.0,100.0,Inactive,0.0,0,0.0,0.0,0.0,0.0,0.07210925887209883,0.0,0.1682549373682306,0.0050150451354062184,,0.0003178639542275906,0.019071837253655435,0.4807283924806589
2020-01-13,0.0,0.0,0.0,0,0,False,0.0,0.0,0.0,0.0,0.0,0.0,0.0,100.0,100.0,Inactive,0.0,0,0.0,0.0,0.0,0.0,0.07210925887209883,0.0,0.1682549373682306,0.0050150451354062184,,0.0003178639542275906,0.019071837253655435,0.4807283924806589
2020-01-14,0.0,0.0,0.0,0,0,False,0.0,0.0,0.0,0.0,0.0,0.0,0.0,100.0,100.0,Inactive,0.0,0,0.0,0.0,0.0,0.0,0.07210925887209883,0.0,0.1682549373682306,0.0050150451354062184,,0.0003178639542275906,0.019071837253655435,0.4807283924806589
2020-01-15,0.0,0.0,0.0,0,0,False,0.0,0.0,0.0,0.0,0.0,0.0,0.0,100.0,100.0,Inactive,0.0,0,0.0,0.0,0.0,0.0,0.07210925887209883,0.0,0.1682549373682306,0.0050150451354062184,,0.0003178639542275906,0.019071837253655435,0.4807283924806589
2020-01-16,0.0,0.0,0.0,0,0,False,0.0,0.0,0.0,0.0,0.0,0.0,0.0,100.0,100.0,Inactive,0.0,0,0.0,0.0,0.0,0.0,0.07210925887209883,0.0,0.1682549373682306,0.0050150451354062184,,0.0003178639542275906,0.019071837253655435,0.4807283924806589
2020-01-17,0.0,0.0,0.0,0,0,False,0.0,0.0,0.0,0.0,0.0,0.0,0.0,100.0,100.0,Inactive,0.0,0,0.0,0.0,0.0,0.0,0.07210925887209883,0.0,0.1682549373682306,0.0050150451354062184,,0.0003178639542275906,0.019071837253655435,0.4807283924806589
2020-01-18,0.0,0.0,0.0,0,0,False,0.0,0.0,0.0,0.0,0.0,0.0,0.0,100.0,100.0,Inactive,0.0,0,0.0,0.0,0.0,0.0,0.07210925887209883,0.0,0.1682549373682306,0.0050150451354062184,,0.0003178639542275906,0.019071837253655435,0.4807283924806589
2020-01-19,0.0,0.0,0.0,0,0,False,0.0,0.0,0.0,0.0,0.0,0.0,0.0,100.0,100.0,Inactive,0.0,0,0.0,0.0,0.0,0.0,0.07210925887209883,0.0,0.1682549373682306,0.0050150451354062184,,0.0003178639542275906,0.019071837253655435,0.4807283924806589
2020-01-20,0.0,0.0,0.0,0,0,False,0.0,0.0,0.0,0.0,0.0,0.0,0.0,100.0,100.0,Inactive,0.0,0,0.0,0.0,0.0,0.0,0.07210925887209883,0.0,0.1682549373682306,0.0050150451354062184,,0.0003178639542275906,0.019071837253655435,0.4807283924806589
2020-01-21,0.0,0.0,0.0,0,0,False,0.0,0.0,0.0,0.0,0.0,0.0,0.0,100.0,100.0,Inactive,0.0,0,0.0,0.0,0.0,0.0,0.07210925887209883,0.0,0.1682549373682306,0.0050150451354062184,,0.0003178639542275906,0.019071837253655435,0.4807283924806589
2020-01-22,0.0,0.0,0.0,0,0,False,0.0,0.0,0.0,0.0,0.0,0.0,0.0,100.0,100.0,Inactive,0.0,0,0.0,0.0,0.0,0.0,0.07210925887209883,0.0,0.1682549373682306,0.0050150451354062184,,0.0003178639542275906,0.019071837253655435,0.4807283924806589
2020-01-23,0.0,0.0,0.0,0,0,False,0.0,0.0,0.0,0.0,0.0,0.0,0.0,100.0,100.0,Inactive,0.0,0,0.0,0.0,0.0,0.0,0.07210925887209883,0.0,0.1682549373682306,0.0050150451354062184,,0.0003178639542275906,0.019071837253655435,0.4807283924806589
2020-01-24,0.0,0.0,0.0,0,0,False,0.0,0.0,0.0,0.0,0.0,0.0,0.0,100.0,100.0,Inactive,0.0,0,0.0,0.0,0.0,0.0,0.07210925887209883,0.0,0.1682549373682306,0.0050150451354062184,,0.0003178639542275906,0.019071837253655435,0.4807283924806589
2020-01-25,0.0,0.0,0.0,0,0,False,0.0,0.0,0.0,0.0,0.0,0.0,0.0,100.0,100.0,Inactive,0.0,0,0.0,0.0,0.0,0.0,0.07210925887209883,0.0,0.1682549373682306,0.0050150451354062184,,0.0003178639542275906,0.019071837253655435,0.4807283924806589
2020-01-26,0.0,0.0,0.0,0,0,False,0.0,0.0,0.0,0.0,0.0,0.0,0.0,100.0,100.0,Inactive,0.0,0,0.0,0.0,0.0,0.0,0.07210925887209883,0.0,0.1682549373682306,0.0050150451354062184,,0.0003178639542275906,0.019071837253655435,0.4807283924806589
2020-01-27,0.0,0.0,0.0,0,0,False,0.0,0.0,0.0,0.0,0.0,0.0,0.0,100.0,100.0,Inactive,0.0,0,0.0,0.0,0.0,0.0,0.07210925887209883,0.0,0.1682549373682306,0.0050150451354062184,,0.0003178639542275906,0.019071837253655435,0.4807283924806589
2020-01-28,0.0,0.0,0.0,0,0,False,0.0,0.0,0.0,0.0,0.0,0.0,0.0,100.0,100.0,Inactive,0.0,0,0.0,0.0,0.0,0.0,0.07210925887209883,0.0,0.1682549373682306,0.0050150451354062184,,0.0003178639542275906,0.019071837253655435,0.4807283924806589
2020-01-29,0.0,0.0,0.0,0,0,False,0.0,0.0,0.0,0.0,0.0,0.0,0.0,100.0,100.0,Inactive,0.0,0,0.0,0.0,0.0,0.0,0.07210925887209883,0.0,0.1682549373682306,0.0050150451354062184,,0.0003178639542275906,0.019071837253655435,0.4807283924806589
2020-01-30,0.0,0.0,0.0,0,0,False,0.0,0.0,0.0,0.0,0.0,0.0,0.0,100.0,100.0,Inactive,0.0,0,0.0,0.0,0.0,0.0,0.07210925887209883,0.0,0.1682549373682306,0.0050150451354062184,,0.0003178639542275906,0.019071837253655435,0.4807283924806589
2020-01-31,0.0,0.0,0.0,0,0,False,0.0,0.0,0.0,0.0,0.0,0.0,0.0,100.0,100.0,Inactive,0.0,0,0.0,0.0,0.0,0.0,0.07210925887209883,0.0,0.1682549373682306,0.0050150451354062184,,0.0003178639542275906,0.019071837253655435,0.4807283924806589
2020-02-01,0.0,0.0,0.0,0,0,False,0.0,0.0,0.0,0.0,0.0,0.0,0.0,100.0,100.0,Inactive,0.0,0,0.0,0.0,0.0,0.0,0.07210925887209883,0.0,0.1682549373682306,0.0050150451354062184,,0.0003178639542275906,0.019071837253655435,0.4807283924806589
2020-02-02,0.0,0.0,0.0,0,0,False,0.0,0.0,0.0,0.0,0.0,0.0,0.0,100.0,100.0,Inactive,0.0,0,0.0,0.0,0.0,0.0,0.07210925887209883,0.0,0.1682549373682306,0.0050150451354062184,,0.0003178639542275906,0.019071837253655435,0.4807283924806589
2020-02-03,0.0,0.0,0.0,0,0,False,0.0,0.0,0.0,0.0,0.0,0.0,0.0,100.0,100.0,Inactive,0.0,0,0.0,0.0,0.0,0.0,0.07210925887209883,0.0,0.1682549373682306,0.0050150451354062184,,0.0003178639542275906,0.019071837253655435,0.4807283924806589
2020-02-04,0.0,0.0,0.0,0,0,False,0.0,0.0,0.0,0.0,0.0,0.0,0.0,100.0,100.0,Inactive,0.0,0,0.0,0.0,0.0,0.0,0.07210925887209883,0.0,0.1682549373682306,0.0050150451354062184,,0.0003178639542275906,0.019071837253655435,0.4807283924806589
2020-02-05,0.0,0.0,0.0,0,0,False,0.0,0.0,0.0,0.0,0.0,0.0,0.0,100.0,100.0,Inactive,0.0,0,0.0,0.0,0.0,0.0,0.07210925887209883,0.0,0.1682549373682306,0.0050150451354062184,,0.0003178639542275906,0.019071837253655435,0.4807283924806589
2020-02-06,0.0,0.0,0.0,0,0,False,0.0,0.0,0.0,0.0,0.0,0.0,0.0,100.0,100.0,Inactive,0.0,0,0.0,0.0,0.0,0.0,0.07210925887209883,0.0,0.1682549373682306,0.0050150451354062184,,0.0003178639542275906,0.019071837253655435,0.4807283924806589
2020-02-07,0.0,0.0,0.0,0,0,False,0.0,0.0,0.0,0.0,0.0,0.0,0.0,100.0,100.0,Inactive,0.0,0,0.0,0.0,0.0,0.0,0.07210925887209883,0.0,0.1682549373682306,0.0050150451354062184,,0.0003178639542275906,0.019071837253655435,0.4807283924806589
2020-02-08,0.0,0.0,0.0,0,0,False,0.0,0.0,0.0,0.0,0.0,0.0,0.0,100.0,100.0,Inactive,0.0,0,0.0,0.0,0.0,0.0,0.07210925887209883,0.0,0.1682549373682306,0.0050150451354062184,,0.0003178639542275906,0.019071837253655435,0.4807283924806589
2020-02-09,0.0,0.0,0.0,0,0,False,0.0,0.0,0.0,0.0,0.0,0.0,0.0,100.0,100.0,Inactive,0.0,0,0.0,0.0,0.0,0.0,0.07210925887209883,0.0,0.1682549373682306,0.0050150451354062184,,0.0003178639542275906,0.019071837253655435,0.4807283924806589
2020-02-10,0.0,0.0,0.0,0,0,False,0.0,0.0,0.0,0.0,0.0,0.0,0.0,100.0,100.0,Inactive,0.0,0,0.0,0.0,0.0,0.0,0.07210925887209883,0.0,0.1682549373682306,0.0050150451354062184,,0.0003178639542275906,0.019071837253655435,0.4807283924806589
2020-02-11,0.0,0.0,0.0,0,0,False,0.0,0.0,0.0,0.0,0.0,0.0,0.0,100.0,100.0,Inactive,0.0,0,0.0,0.0,0.0,0.0,0.07210925887209883,0.0,0.1682549373682306,0.0050150451354062184,,0.0003178639542275906,0.019071837253655435,0.4807283924806589
2020-02-12,0.0,0.0,0.0,0,0,False,0.0,0.0,0.0,0.0,0.0,0.0,0.0,100.0,100.0,Inactive,0.0,0,0.0,0.0,0.0,0.0,0.07210925887209883,0.0,0.1682549373682306,0.0050150451354062184,,0.0003178639542275906,0.019071837253655435,0.4807283924806589
2020-02-13,0.0,0.0,0.0,0,0,False,0.0,0.0,0.0,0.0,0.0,0.0,0.0,100.0,100.0,Inactive,0.0,0,0.0,0.0,0.0,0.0,0.07210925887209883,0.0,0.1682549373682306,0.0050150451354062184,,0.0003178639542275906,0.019071837253655435,0.4807283924806589
2020-02-14,0.0,0.0,0.0,0,0,False,0.0,0.0,0.0,0.0,0.0,0.0,0.0,100.0,100.0,Inactive,0.0,0,0.0,0.0,0.0,0.0,0.07210925887209883,0.0,0.1682549373682306,0.0050150451354062184,,0.0003178639542275906,0.019071837253655435,0.4807283924806589
2020-02-15,0.0,0.0,0.0,0,0,False,0.0,0.0,0.0,0.0,0.0,0.0,0.0,100.0,100.0,Inactive,0.0,0,0.0,0.0,0.0,0.0,0.07210925887209883,0.0,0.1682549373682306,0.0050150451354062184,,0.0003178639542275906,0.019071837253655435,0.4807283924806589
2020-02-16,0.0,0.0,0.0,0,0,False,0.0,0.0,0.0,0.0,0.0,0.0,0.0,100.0,100.0,Inactive,0.0,0,0.0,0.0,0.0,0.0,0.07210925887209883,0.0,0.1682549373682306,0.0050150451354062184,,0.0003178639542275906,0.019071837253655435,0.4807283924806589
2020-02-17,0.0,0.0,0.0,0,0,False,0.0,0.0,0.0,0.0,0.0,0.0,0.0,100.0,100.0,Inactive,0.0,0,0.0,0.0,0.0,0.0,0.07210925887209883,0.0,0.1682549373682306,0.0050150451354062184,,0.0003178639542275906,0.019071837253655435,0.4807283924806589
2020-02-18,0.0,0.0,0.0,0,0,False,0.0,0.0,0.0,0.0,0.0,0.0,0.0,100.0,100.0,Inactive,0.0,0,0.0,0.0,0.0,0.0,0.07210925887209883,0.0,0.1682549373682306,0.0050150451354062184,,0.0003178639542275906,0.019071837253655435,0.4807283924806589
2020-02-19,0.0,0.0,0.0,0,0,False,0.0,0.0,0.0,0.0,0.0,0.0,0.0,100.0,100.0,Inactive,0.0,0,0.0,0.0,0.0,0.0,0.07210925887209883,0.0,0.1682549373682306,0.0050150451354062184,,0.0003178639542275906,0.019071837253655435,0.4807283924806589
2020-02-20,0.0,0.0,0.0,0,0,False,0.0,0.0,0.0,0.0,0.0,0.0,0.0,100.0,100.0,Inactive,0.0,0,0.0,0.0,0.0,0.0,0.07210925887209883,0.0,0.1682549373682306,0.0050150451354062184,,0.0003178639542275906,0.019071837253655435,0.4807283924806589
2020-02-21,0.0,0.0,0.0,0,0,False,0.0,0.0,0.0,0.0,0.0,0.0,0.0,100.0,100.0,Inactive,0.0,0,0.0,0.0,0.0,0.0,0.07210925887209883,0.0,0.1682549373682306,0.0050150451354062184,,0.0003178639542275906,0.019071837253655435,0.4807283924806589
2020-02-22,0.0,0.0,0.0,0,0,False,0.0,0.0,0.0,0.0,0.0,0.0,0.0,100.0,100.0,Inactive,0.0,0,0.0,0.0,0.0,0.0,0.07210925887209883,0.0,0.1682549373682306,0.0050150451354062184,,0.0003178639542275906,0.019071837253655435,0.4807283924806589
2020-02-23,0.0,0.0,0.0,0,0,False,0.0,0.0,0.0,0.0,0.0,0.0,0.0,100.0,100.0,Inactive,0.0,0,0.0,0.0,0.0,0.0,0.07210925887209883,0.0,0.1682549373682306,0.0050150451354062184,,0.0003178639542275906,0.019071837253655435,0.4807283924806589
2020-02-24,0.0,0.0,0.0,0,0,False,0.0,0.0,0.0,0.0,0.0,0.0,0.0,100.0,100.0,Inactive,0.0,0,0.0,0.0,0.0,0.0,0.07210925887209883,0.0,0.1682549373682306,0.0050150451354062184,,0.0003178639542275906,0.019071837253655435,0.4807283924806589
2020-02-25,0.0,0.0,0.0,0,0,False,0.0,0.0,0.0,0.0,0.0,0.0,0.0,100.0,100.0,Inactive,0.0,0,0.0,0.0,0.0,0.0,0.07210925887209883,0.0,0.1682549373682306,0.0050150451354062184,,0.0003178639542275906,0.019071837253655435,0.4807283924806589
2020-02-26,0.0,0.0,0.0,0,0,False,0.0,0.0,0.0,0.0,0.0,0.0,0.0,100.0,100.0,Inactive,0.0,0,0.0,0.0,0.0,0.0,0.07210925887209883,0.0,0.1682549373682306,0.0050150451354062184,,0.0003178639542275906,0.019071837253655435,0.4807283924806589
2020-02-27,0.0,0.0,0.0,0,0,False,0.0,0.0,0.0,0.0,0.0,0.0,0.0,100.0,100.0,Inactive,0.0,0,0.0,0.0,0.0,0.0,0.07210925887209883,0.0,0.1682549373682306,0.0050150451354062184,,0.0003178639542275906,0.019071837253655435,0.4807283924806589
2020-02-28,0.0,0.0,0.0,0,0,False,0.0,0.0,0.0,0.0,0.0,0.0,0.0,100.0,100.0,Inactive,0.0,0,0.0,0.0,0.0,0.0,0.07210925887209883,0.0,0.1682549373682306,0.0050150451354062184,,0.0003178639542275906,0.019071837253655435,0.4807283924806589
2020-02-29,0.0,0.0,0.0,0,0,False,0.0,0.0,0.0,0.0,0.0,0.0,0.0,100.0,100.0,Inactive,0.0,0,0.0,0.0,0.0,0.0,0.07210925887209883,0.0,0.1682549373682306,0.0050150451354062184,,0.0003178639542275906,0.019071837253655435,0.4807283924806589
2020-03-01,0.0,0.0,0.0,0,0,False,0.0,0.0,0.0,0.0,0.0,0.0,0.0,100.0,100.0,Inactive,0.0,0,0.0,0.0,0.0,0.0,0.07210925887209883,0.0,0.1682549373682306,0.0050150451354062184,,0.0003178639542275906,0.019071837253655435,0.4807283924806589
2020-03-02,0.0,0.0,0.0,0,0,False,0.0,0.0,0.0,0.0,0.0,0.0,0.0,100.0,100.0,Inactive,0.0,0,0.0,0.0,0.0,0.0,0.07210925887209883,0.0,0.1682549373682306,0.0050150451354062184,,0.0003178639542275906,0.019071837253655435,0.4807283924806589
2020-03-03,0.0,0.0,0.0,0,0,False,0.0,0.0,0.0,0.0,0.0,0.0,0.0,100.0,100.0,Inactive,0.0,0,0.0,0.0,0.0,0.0,0.07210925887209883,0.0,0.1682549373682306,0.0050150451354062184,,0.0003178639542275906,0.019071837253655435,0.4807283924806589
2020-03-04,0.0,0.0,0.0,0,0,False,0.0,0.0,0.0,0.0,0.0,0.0,0.0,100.0,100.0,Inactive,0.0,0,0.0,0.0,0.0,0.0,0.07210925887209883,0.0,0.1682549373682306,0.0050150451354062184,,0.0003178639542275906,0.019071837253655435,0.4807283924806589
2020-03-05,0.0,0.0,0.0,0,0,False,0.0,0.0,0.0,0.0,0.0,0.0,0.0,100.0,100.0,Inactive,0.0,0,0.0,0.0,0.0,0.0,0.07210925887209883,0.0,0.1682549373682306,0.0050150451354062184,,0.0003178639542275906,0.019071837253655435,0.4807283924806589
2020-03-06,0.0,0.0,0.0,0,0,False,0.0,0.0,0.0,0.0,0.0,0.0,0.0,100.0,100.0,Inactive,0.0,0,0.0,0.0,0.0,0.0,0.07210925887209883,0.0,0.1682549373682306,0.0050150451354062184,,0.0003178639542275906,0.019071837253655435,0.4807283924806589
2020-03-07,0.0,0.0,0.0,0,0,False,0.0,0.0,0.0,0.0,0.0,0.0,0.0,100.0,100.0,Inactive,0.0,0,0.0,0.0,0.0,0.0,0.07210925887209883,0.0,0.1682549373682306,0.0050150451354062184,,0.0003178639542275906,0.019071837253655435,0.4807283924806589
2020-03-08,0.0,0.0,0.0,0,0,False,0.0,0.0,0.0,0.0,0.0,0.0,0.0,100.0,100.0,Inactive,0.0,0,0.0,0.0,0.0,0.0,0.07210925887209883,0.0,0.1682549373682306,0.0050150451354062184,,0.0003178639542275906,0.019071837253655435,0.4807283924806589
2020-03-09,0.0,0.0,0.0,0,0,False,0.0,0.0,0.0,0.0,0.0,0.0,0.0,100.0,100.0,Inactive,0.0,0,0.0,0.0,0.0,0.0,0.07210925887209883,0.0,0.1682549373682306,0.0050150451354062184,,0.0003178639542275906,0.019071837253655435,0.4807283924806589
2020-03-10,0.0,0.0,0.0,0,0,False,0.0,0.0,0.0,0.0,0.0,0.0,0.0,100.0,100.0,Inactive,0.0,0,0.0,0.0,0.0,0.0,0.07210925887209883,0.0,0.1682549373682306,0.0050150451354062184,,0.0003178639542275906,0.019071837253655435,0.4807283924806589
2020-03-11,0.0,0.0,0.0,0,0,False,0.0,0.0,0.0,0.0,0.0,0.0,0.0,100.0,100.0,Inactive,0.0,0,0.0,0.0,0.0,0.0,0.07210925887209883,0.0,0.1682549373682306,0.0050150451354062184,,0.0003178639542275906,0.019071837253655435,0.4807283924806589
2020-03-12,0.0,0.0,0.0,0,0,False,0.0,0.0,0.0,0.0,0.0,0.0,0.0,100.0,100.0,Inactive,0.0,0,0.0,0.0,0.0,0.0,0.07210925887209883,0.0,0.1682549373682306,0.0050150451354062184,,0.0003178639542275906,0.019071837253655435,0.4807283924806589
2020-03-13,0.0,0.0,0.0,0,0,False,0.0,0.0,0.0,0.0,0.0,0.0,0.0,100.0,100.0,Inactive,0.0,0,0.0,0.0,0.0,0.0,0.07210925887209883,0.0,0.1682549373682306,0.0050150451354062184,,0.0003178639542275906,0.019071837253655435,0.4807283924806589
2020-03-14,0.0,0.0,0.0,0,0,False,0.0,0.0,0.0,0.0,0.0,0.0,0.0,100.0,100.0,Inactive,0.0,0,0.0,0.0,0.0,0.0,0.07210925887209883,0.0,0.1682549373682306,0.0050150451354062184,,0.0003178639542275906,0.019071837253655435,0.4807283924806589
2020-03-15,0.0,0.0,0.0,0,0,False,0.0,0.0,0.0,0.0,0.0,0.0,0.0,100.0,100.0,Inactive,0.0,0,0.0,0.0,0.0,0.0,0.07210925887209883,0.0,0.1682549373682306,0.0050150451354062184,,0.0003178639542275906,0.019071837253655435,0.4807283924806589
2020-03-16,0.0,0.0,0.0,0,0,False,0.0,0.0,0.0,0.0,0.0,0.0,0.0,100.0,100.0,Inactive,0.0,0,0.0,0.0,0.0,0.0,0.07210925887209883,0.0,0.1682549373682306,0.0050150451354062184,,0.0003178639542275906,0.019071837253655435,0.4807283924806589
2020-03-17,0.0,0.0,0.0,0,0,False,0.0,0.0,0.0,0.0,0.0,0.0,0.0,100.0,100.0,Inactive,0.0,0,0.0,0.0,0.0,0.0,0.07210925887209883,0.0,0.1682549373682306,0.0050150451354062184,,0.0003178639542275906,0.019071837253655435,0.4807283924806589
2020-03-18,0.0,0.0,0.0,0,0,False,0.0,0.0,0.0,0.0,0.0,0.0,0.0,100.0,100.0,Inactive,0.0,0,0.0,0.0,0.0,0.0,0.07210925887209883,0.0,0.1682549373682306,0.0050150451354062184,,0.0003178639542275906,0.019071837253655435,0.4807283924806589
2020-03-19,0.0,0.0,0.0,0,0,False,0.0,0.0,0.0,0.0,0.0,0.0,0.0,100.0,100.0,Inactive,0.0,0,0.0,0.0,0.0,0.0,0.07210925887209883,0.0,0.1682549373682306,0.0050150451354062184,,0.0003178639542275906,0.019071837253655435,0.4807283924806589
2020-03-20,0.0,0.0,0.0,0,0,False,0.0,0.0,0.0,0.0,0.0,0.0,0.0,100.0,100.0,Inactive,0.0,0,0.0,0.0,0.0,0.0,0.07210925887209883,0.0,0.1682549373682306,0.0050150451354062184,,0.0003178639542275906,0.019071837253655435,0.4807283924806589
2020-03-21,0.0,0.0,0.0,0,0,False,0.0,0.0,0.0,0.0,0.0,0.0,0.0,100.0,100.0,Inactive,0.0,0,0.0,0.0,0.0,0.0,0.07210925887209883,0.0,0.1682549373682306,0.0050150451354062184,,0.0003178639542275906,0.019071837253655435,0.4807283924806589
2020-03-22,0.0,0.0,0.0,0,0,False,0.0,0.0,0.0,0.0,0.0,0.0,0.0,100.0,100.0,Inactive,0.0,0,0.0,0.0,0.0,0.0,0.07210925887209883,0.0,0.1682549373682306,0.0050150451354062184,,0.0003178639542275906,0.019071837253655435,0.4807283924806589
2020-03-23,0.0,0.0,0.0,0,0,False,0.0,0.0,0.0,0.0,0.0,0.0,0.0,100.0,100.0,Inactive,0.0,0,0.0,0.0,0.0,0.0,0.07210925887209883,0.0,0.1682549373682306,0.0050150451354062184,,0.0003178639542275906,0.019071837253655435,0.4807283924806589
2020-03-24,0.0,0.0,0.0,0,0,False,0.0,0.0,0.0,0.0,0.0,0.0,0.0,100.0,100.0,Inactive,0.0,0,0.0,0.0,0.0,0.0,0.07210925887209883,0.0,0.1682549373682306,0.0050150451354062184,,0.0003178639542275906,0.019071837253655435,0.4807283924806589
2020-03-25,0.0,0.0,0.0,0,0,False,0.0,0.0,0.0,0.0,0.0,0.0,0.0,100.0,100.0,Inactive,0.0,0,0.0,0.0,0.0,0.0,0.07210925887209883,0.0,0.1682549373682306,0.0050150451354062184,,0.0003178639542275906,0.019071837253655435,0.4807283924806589
2020-03-26,0.0,0.0,0.0,0,0,False,0.0,0.0,0.0,0.0,0.0,0.0,0.0,100.0,100.0,Inactive,0.0,0,0.0,0.0,0.0,0.0,0.07210925887209883,0.0,0.1682549373682306,0.0050150451354062184,,0.0003178639542275906,0.019071837253655435,0.4807283924806589
2020-03-27,0.0,0.0,0.0,0,0,False,0.0,0.0,0.0,0.0,0.0,0.0,0.0,100.0,100.0,Inactive,0.0,0,0.0,0.0,0.0,0.0,0.07210925887209883,0.0,0.1682549373682306,0.0050150451354062184,,0.0003178639542275906,0.019071837253655435,0.4807283924806589
2020-03-28,0.0,0.0,0.0,0,0,False,0.0,0.0,0.0,0.0,0.0,0.0,0.0,100.0,100.0,Inactive,0.0,0,0.0,0.0,0.0,0.0,0.07210925887209883,0.0,0.1682549373682306,0.0050150451354062184,,0.0003178639542275906,0.019071837253655435,0.4807283924806589
2020-03-29,0.0,0.0,0.0,0,0,False,0.0,0.0,0.0,0.0,0.0,0.0,0.0,100.0,100.0,Inactive,0.0,0,0.0,0.0,0.0,0.0,0.07210925887209883,0.0,0.1682549373682306,0.0050150451354062184,,0.0003178639542275906,0.019071837253655435,0.4807283924806589
2020-03-30,0.0,0.0,0.0,0,0,False,0.0,0.0,0.0,0.0,0.0,0.0,0.0,100.0,100.0,Inactive,0.0,0,0.0,0.0,0.0,0.0,0.07210925887209883,0.0,0.1682549373682306,0.0050150451354062184,,0.0003178639542275906,0.019071837253655435,0.4807283924806589
2020-03-31,0.0,0.0,0.0,0,0,False,0.0,0.0,0.0,0.0,0.0,0.0,0.0,100.0,100.0,Inactive,0.0,0,0.0,0.0,0.0,0.0,0.07210925887209883,0.0,0.1682549373682306,0.0050150451354062184,,0.0003178639542275906,0.019071837253655435,0.4807283924806589
2020-04-01,0.0,0.0,0.0,0,0,False,0.0,0.0,0.0,0.0,0.0,0.0,0.0,100.0,100.0,Inactive,0.0,0,0.0,0.0,0.0,0.0,0.07210925887209883,0.0,0.1682549373682306,0.0050150451354062184,,0.0003178639542275906,0.019071837253655435,0.4807283924806589
2020-04-02,0.0,0.0,0.0,0,0,False,0.0,0.0,0.0,0.0,0.0,0.0,0.0,100.0,100.0,Inactive,0.0,0,0.0,0.0,0.0,0.0,0.07210925887209883,0.0,0.1682549373682306,0.0050150451354062184,,0.0003178639542275906,0.019071837253655435,0.4807283924806589
2020-04-03,0.0,0.0,0.0,0,0,False,0.0,0.0,0.0,0.0,0.0,0.0,0.0,100.0,100.0,Inactive,0.0,0,0.0,0.0,0.0,0.0,0.07210925887209883,0.0,0.1682549373682306,0.0050150451354062184,,0.0003178639542275906,0.019071837253655435,0.4807283924806589
2020-04-04,0.0,0.0,0.0,0,0,False,0.0,0.0,0.0,0.0,0.0,0.0,0.0,100.0,100.0,Inactive,0.0,0,0.0,0.0,0.0,0.0,0.07210925887209883,0.0,0.1682549373682306,0.0050150451354062184,,0.0003178639542275906,0.019071837253655435,0.4807283924806589
2020-04-05,0.0,0.0,0.0,0,0,False,0.0,0.0,0.0,0.0,0.0,0.0,0.0,100.0,100.0,Inactive,0.0,0,0.0,0.0,0.0,0.0,0.07210925887209883,0.0,0.1682549373682306,0.0050150451354062184,,0.0003178639542275906,0.019071837253655435,0.4807283924806589
2020-04-06,0.0,0.0,0.0,0,0,False,0.0,0.0,0.0,0.0,0.0,0.0,0.0,100.0,100.0,Inactive,0.0,0,0.0,0.0,0.0,0.0,0.07210925887209883,0.0,0.1682549373682306,0.0050150451354062184,,0.0003178639542275906,0.019071837253655435,0.4807283924806589
2020-04-07,0.0,0.0,0.0,0,0,False,0.0,0.0,0.0,0.0,0.0,0.0,0.0,100.0,100.0,Inactive,0.0,0,0.0,0.0,0.0,0.0,0.07210925887209883,0.0,0.1682549373682306,0.0050150451354062184,,0.0003178639542275906,0.019071837253655435,0.4807283924806589
2020-04-08,0.0,0.0,0.0,0,0,False,0.0,0.0,0.0,0.0,0.0,0.0,0.0,100.0,100.0,Inactive,0.0,0,0.0,0.0,0.0,0.0,0.07210925887209883,0.0,0.1682549373682306,0.0050150451354062184,,0.0003178639542275906,0.019071837253655435,0.4807283924806589
2020-04-09,0.0,0.0,0.0,0,0,False,0.0,0.0,0.0,0.0,0.0,0.0,0.0,100.0,100.0,Inactive,0.0,0,0.0,0.0,0.0,0.0,0.07210925887209883,0.0,0.1682549373682306,0.0050150451354062184,,0.0003178639542275906,0.019071837253655435,0.4807283924806589
2020-04-10,0.0,0.0,0.0,0,0,False,0.0,0.0,0.0,0.0,0.0,0.0,0.0,100.0,100.0,Inactive,0.0,0,0.0,0.0,0.0,0.0,0.07210925887209883,0.0,0.1682549373682306,0.0050150451354062184,,0.0003178639542275906,0.019071837253655435,0.4807283924806589
2020-04-11,0.0,0.0,0.0,0,0,False,0.0,0.0,0.0,0.0,0.0,0.0,0.0,100.0,100.0,Inactive,0.0,0,0.0,0.0,0.0,0.0,0.07210925887209883,0.0,0.1682549373682306,0.0050150451354062184,,0.0003178639542275906,0.019071837253655435,0.4807283924806589
2020-04-12,0.0,0.0,0.0,0,0,False,0.0,0.0,0.0,0.0,0.0,0.0,0.0,100.0,100.0,Inactive,0.0,0,0.0,0.0,0.0,0.0,0.07210925887209883,0.0,0.1682549373682306,0.0050150451354062184,,0.0003178639542275906,0.019071837253655435,0.4807283924806589
2020-04-13,0.0,0.0,0.0,0,0,False,0.0,0.0,0.0,0.0,0.0,0.0,0.0,100.0,100.0,Inactive,0.0,0,0.0,0.0,0.0,0.0,0.07210925887209883,0.0,0.1682549373682306,0.0050150451354062184,,0.0003178639542275906,0.019071837253655435,0.4807283924806589
2020-04-14,0.0,0.0,0.0,0,0,False,0.0,0.0,0.0,0.0,0.0,0.0,0.0,100.0,100.0,Inactive,0.0,0,0.0,0.0,0.0,0.0,0.07210925887209883,0.0,0.1682549373682306,0.0050150451354062184,,0.0003178639542275906,0.019071837253655435,0.4807283924806589
2020-04-15,0.0,0.0,0.0,0,0,False,0.0,0.0,0.0,0.0,0.0,0.0,0.0,100.0,100.0,Inactive,0.0,0,0.0,0.0,0.0,0.0,0.07210925887209883,0.0,0.1682549373682306,0.0050150451354062184,,0.0003178639542275906,0.019071837253655435,0.4807283924806589
2020-04-16,0.0,0.0,0.0,0,0,False,0.0,0.0,0.0,0.0,0.0,0.0,0.0,100.0,100.0,Inactive,0.0,0,0.0,0.0,0.0,0.0,0.07210925887209883,0.0,0.1682549373682306,0.0050150451354062184,,0.0003178639542275906,0.019071837253655435,0.4807283924806589
2020-04-17,0.0,0.0,0.0,0,0,False,0.0,0.0,0.0,0.0,0.0,0.0,0.0,100.0,100.0,Inactive,0.0,0,0.0,0.0,0.0,0.0,0.07210925887209883,0.0,0.1682549373682306,0.0050150451354062184,,0.0003178639542275906,0.019071837253655435,0.4807283924806589
2020-04-18,0.0,0.0,0.0,0,0,False,0.0,0.0,0.0,0.0,0.0,0.0,0.0,100.0,100.0,Inactive,0.0,0,0.0,0.0,0.0,0.0,0.07210925887209883,0.0,0.1682549373682306,0.0050150451354062184,,0.0003178639542275906,0.019071837253655435,0.4807283924806589
2020-04-19,0.0,0.0,0.0,0,0,False,0.0,0.0,0.0,0.0,0.0,0.0,0.0,100.0,100.0,Inactive,0.0,0,0.0,0.0,0.0,0.0,0.07210925887209883,0.0,0.1682549373682306,0.0050150451354062184,,0.0003178639542275906,0.019071837253655435,0.4807283924806589
2020-04-20,0.0,0.0,0.0,0,0,False,0.0,0.0,0.0,0.0,0.0,0.0,0.0,100.0,100.0,Inactive,0.0,0,0.0,0.0,0.0,0.0,0.07210925887209883,0.0,0.1682549373682306,0.0050150451354062184,,0.0003178639542275906,0.019071837253655435,0.4807283924806589
2020-04-21,0.0,0.0,0.0,0,0,False,0.0,0.0,0.0,0.0,0.0,0.0,0.0,100.0,100.0,Inactive,0.0,0,0.0,0.0,0.0,0.0,0.07210925887209883,0.0,0.1682549373682306,0.0050150451354062184,,0.0003178639542275906,0.019071837253655435,0.4807283924806589
2020-04-22,0.0,0.0,0.0,0,0,False,0.0,0.0,0.0,0.0,0.0,0.0,0.0,100.0,100.0,Inactive,0.0,0,0.0,0.0,0.0,0.0,0.07210925887209883,0.0,0.1682549373682306,0.0050150451354062184,,0.0003178639542275906,0.019071837253655435,0.4807283924806589
2020-04-23,0.0,0.0,0.0,0,0,False,0.0,0.0,0.0,0.0,0.0,0.0,0.0,100.0,100.0,Inactive,0.0,0,0.0,0.0,0.0,0.0,0.07210925887209883,0.0,0.1682549373682306,0.0050150451354062184,,0.0003178639542275906,0.019071837253655435,0.4807283924806589
2020-04-24,0.0,0.0,0.0,0,0,False,0.0,0.0,0.0,0.0,0.0,0.0,0.0,100.0,100.0,Inactive,0.0,0,0.0,0.0,0.0,0.0,0.07210925887209883,0.0,0.1682549373682306,0.0050150451354062184,,0.0003178639542275906,0.019071837253655435,0.4807283924806589
2020-04-25,0.0,0.0,0.0,0,0,False,0.0,0.0,0.0,0.0,0.0,0.0,0.0,100.0,100.0,Inactive,0.0,0,0.0,0.0,0.0,0.0,0.07210925887209883,0.0,0.1682549373682306,0.0050150451354062184,,0.0003178639542275906,0.019071837253655435,0.4807283924806589
2020-04-26,0.0,0.0,0.0,0,0,False,0.0,0.0,0.0,0.0,0.0,0.0,0.0,100.0,100.0,Inactive,0.0,0,0.0,0.0,0.0,0.0,0.07210925887209883,0.0,0.1682549373682306,0.0050150451354062184,,0.0003178639542275906,0.019071837253655435,0.4807283924806589
2020-04-27,0.0,0.0,0.0,0,0,False,0.0,0.0,0.0,0.0,0.0,0.0,0.0,100.0,100.0,Inactive,0.0,0,0.0,0.0,0.0,0.0,0.07210925887209883,0.0,0.1682549373682306,0.0050150451354062184,,0.0003178639542275906,0.019071837253655435,0.4807283924806589
2020-04-28,0.0,0.0,0.0,0,0,False,0.0,0.0,0.0,0.0,0.0,0.0,0.0,100.0,100.0,Inactive,0.0,0,0.0,0.0,0.0,0.0,0.07210925887209883,0.0,0.1682549373682306,0.0050150451354062184,,0.0003178639542275906,0.019071837253655435,0.4807283924806589
2020-04-29,0.0,0.0,0.0,0,0,False,0.0,0.0,0.0,0.0,0.0,0.0,0.0,100.0,100.0,Inactive,0.0,0,0.0,0.0,0.0,0.0,0.07210925887209883,0.0,0.1682549373682306,0.0050150451354062184,,0.0003178639542275906,0.019071837253655435,0.4807283924806589
2020-04-30,0.0,0.0,0.0,0,0,False,0.0,0.0,0.0,0.0,0.0,0.0,0.0,100.0,100.0,Inactive,0.0,0,0.0,0.0,0.0,0.0,0.07210925887209883,0.0,0.1682549373682306,0.0050150451354062184,,0.0003178639542275906,0.019071837253655435,0.4807283924806589
2020-05-01,0.0,0.0,0.0,0,0,False,0.0,0.0,0.0,0.0,0.0,0.0,0.0,100.0,100.0,Inactive,0.0,0,0.0,0.0,0.0,0.0,0.07210925887209883,0.0,0.1682549373682306,0.0050150451354062184,,0.0003178639542275906,0.019071837253655435,0.4807283924806589
2020-05-02,0.0,0.0,0.0,0,0,False,0.0,0.0,0.0,0.0,0.0,0.0,0.0,100.0,100.0,Inactive,0.0,0,0.0,0.0,0.0,0.0,0.07210925887209883,0.0,0.1682549373682306,0.0050150451354062184,,0.0003178639542275906,0.019071837253655435,0.4807283924806589
2020-05-03,0.0,0.0,0.0,0,0,False,0.0,0.0,0.0,0.0,0.0,0.0,0.0,100.0,100.0,Inactive,0.0,0,0.0,0.0,0.0,0.0,0.07210925887209883,0.0,0.1682549373682306,0.0050150451354062184,,0.0003178639542275906,0.019071837253655435,0.4807283924806589
2020-05-04,0.0,0.0,0.0,0,0,False,0.0,0.0,0.0,0.0,0.0,0.0,0.0,100.0,100.0,Inactive,0.0,0,0.0,0.0,0.0,0.0,0.07210925887209883,0.0,0.1682549373682306,0.0050150451354062184,,0.0003178639542275906,0.019071837253655435,0.4807283924806589
2020-05-05,0.0,0.0,0.0,0,0,False,0.0,0.0,0.0,0.0,0.0,0.0,0.0,100.0,100.0,Inactive,0.0,0,0.0,0.0,0.0,0.0,0.07210925887209883,0.0,0.1682549373682306,0.0050150451354062184,,0.0003178639542275906,0.019071837253655435,0.4807283924806589
2020-05-06,0.0,0.0,0.0,0,0,False,0.0,0.0,0.0,0.0,0.0,0.0,0.0,100.0,100.0,Inactive,0.0,0,0.0,0.0,0.0,0.0,0.07210925887209883,0.0,0.1682549373682306,0.0050150451354062184,,0.0003178639542275906,0.019071837253655435,0.4807283924806589
2020-05-07,0.0,0.0,0.0,0,0,False,0.0,0.0,0.0,0.0,0.0,0.0,0.0,100.0,100.0,Inactive,0.0,0,0.0,0.0,0.0,0.0,0.07210925887209883,0.0,0.1682549373682306,0.0050150451354062184,,0.0003178639542275906,0.019071837253655435,0.4807283924806589
2020-05-08,0.0,0.0,0.0,0,0,False,0.0,0.0,0.0,0.0,0.0,0.0,0.0,100.0,100.0,Inactive,0.0,0,0.0,0.0,0.0,0.0,0.07210925887209883,0.0,0.1682549373682306,0.0050150451354062184,,0.0003178639542275906,0.019071837253655435,0.4807283924806589
2020-05-09,0.0,0.0,0.0,0,0,False,0.0,0.0,0.0,0.0,0.0,0.0,0.0,100.0,100.0,Inactive,0.0,0,0.0,0.0,0.0,0.0,0.07210925887209883,0.0,0.1682549373682306,0.0050150451354062184,,0.0003178639542275906,0.019071837253655435,0.4807283924806589
2020-05-10,0.0,0.0,0.0,0,0,False,0.0,0.0,0.0,0.0,0.0,0.0,0.0,100.0,100.0,Inactive,0.0,0,0.0,0.0,0.0,0.0,0.07210925887209883,0.0,0.1682549373682306,0.0050150451354062184,,0.0003178639542275906,0.019071837253655435,0.4807283924806589
2020-05-11,0.0,0.0,0.0,0,0,False,0.0,0.0,0.0,0.0,0.0,0.0,0.0,100.0,100.0,Inactive,0.0,0,0.0,0.0,0.0,0.0,0.07210925887209883,0.0,0.1682549373682306,0.0050150451354062184,,0.0003178639542275906,0.019071837253655435,0.4807283924806589
2020-05-12,0.0,0.0,0.0,0,0,False,0.0,0.0,0.0,0.0,0.0,0.0,0.0,100.0,100.0,Inactive,0.0,0,0.0,0.0,0.0,0.0,0.07210925887209883,0.0,0.1682549373682306,0.0050150451354062184,,0.0003178639542275906,0.019071837253655435,0.4807283924806589
2020-05-13,0.0,0.0,0.0,0,0,False,0.0,0.0,0.0,0.0,0.0,0.0,0.0,100.0,100.0,Inactive,0.0,0,0.0,0.0,0.0,0.0,0.07210925887209883,0.0,0.1682549373682306,0.0050150451354062184,,0.0003178639542275906,0.019071837253655435,0.4807283924806589
2020-05-14,0.0,0.0,0.0,0,0,False,0.0,0.0,0.0,0.0,0.0,0.0,0.0,100.0,100.0,Inactive,0.0,0,0.0,0.0,0.0,0.0,0.07210925887209883,0.0,0.1682549373682306,0.0050150451354062184,,0.0003178639542275906,0.019071837253655435,0.4807283924806589
2020-05-15,0.0,0.0,0.0,0,0,False,0.0,0.0,0.0,0.0,0.0,0.0,0.0,100.0,100.0,Inactive,0.0,0,0.0,0.0,0.0,0.0,0.07210925887209883,0.0,0.1682549373682306,0.0050150451354062184,,0.0003178639542275906,0.019071837253655435,0.4807283924806589
2020-05-16,0.0,0.0,0.0,0,0,False,0.0,0.0,0.0,0.0,0.0,0.0,0.0,100.0,100.0,Inactive,0.0,0,0.0,0.0,0.0,0.0,0.07210925887209883,0.0,0.1682549373682306,0.0050150451354062184,,0.0003178639542275906,0.019071837253655435,0.4807283924806589
2020-05-17,0.0,0.0,0.0,0,0,False,0.0,0.0,0.0,0.0,0.0,0.0,0.0,100.0,100.0,Inactive,0.0,0,0.0,0.0,0.0,0.0,0.07210925887209883,0.0,0.1682549373682306,0.0050150451354062184,,0.0003178639542275906,0.019071837253655435,0.4807283924806589
2020-05-18,0.0,0.0,0.0,0,0,False,0.0,0.0,0.0,0.0,0.0,0.0,0.0,100.0,100.0,Inactive,0.0,0,0.0,0.0,0.0,0.0,0.07210925887209883,0.0,0.1682549373682306,0.0050150451354062184,,0.0003178639542275906,0.019071837253655435,0.4807283924806589
2020-05-19,0.0,0.0,0.0,0,0,False,0.0,0.0,0.0,0.0,0.0,0.0,0.0,100.0,100.0,Inactive,0.0,0,0.0,0.0,0.0,0.0,0.07210925887209883,0.0,0.1682549373682306,0.0050150451354062184,,0.0003178639542275906,0.019071837253655435,0.4807283924806589
2020-05-20,0.0,0.0,0.0,0,0,False,0.0,0.0,0.0,0.0,0.0,0.0,0.0,100.0,100.0,Inactive,0.0,0,0.0,0.0,0.0,0.0,0.07210925887209883,0.0,0.1682549373682306,0.0050150451354062184,,0.0003178639542275906,0.019071837253655435,0.4807283924806589
2020-05-21,0.0,0.0,0.0,0,0,False,0.0,0.0,0.0,0.0,0.0,0.0,0.0,100.0,100.0,Inactive,0.0,0,0.0,0.0,0.0,0.0,0.07210925887209883,0.0,0.1682549373682306,0.0050150451354062184,,0.0003178639542275906,0.019071837253655435,0.4807283924806589
2020-05-22,0.0,0.0,0.0,0,0,False,0.0,0.0,0.0,0.0,0.0,0.0,0.0,100.0,100.0,Inactive,0.0,0,0.0,0.0,0.0,0.0,0.07210925887209883,0.0,0.1682549373682306,0.0050150451354062184,,0.0003178639542275906,0.019071837253655435,0.4807283924806589
2020-05-23,0.0,0.0,0.0,0,0,False,0.0,0.0,0.0,0.0,0.0,0.0,0.0,100.0,100.0,Inactive,0.0,0,0.0,0.0,0.0,0.0,0.07210925887209883,0.0,0.1682549373682306,0.0050150451354062184,,0.0003178639542275906,0.019071837253655435,0.4807283924806589
2020-05-24,0.0,0.0,0.0,0,0,False,0.0,0.0,0.0,0.0,0.0,0.0,0.0,100.0,100.0,Inactive,0.0,0,0.0,0.0,0.0,0.0,0.07210925887209883,0.0,0.1682549373682306,0.0050150451354062184,,0.0003178639542275906,0.019071837253655435,0.4807283924806589
2020-05-25,0.0,0.0,0.0,0,0,False,0.0,0.0,0.0,0.0,0.0,0.0,0.0,100.0,100.0,Inactive,0.0,0,0.0,0.0,0.0,0.0,0.07210925887209883,0.0,0.1682549373682306,0.0050150451354062184,,0.0003178639542275906,0.019071837253655435,0.4807283924806589
2020-05-26,0.0,0.0,0.0,0,0,False,0.0,0.0,0.0,0.0,0.0,0.0,0.0,100.0,100.0,Inactive,0.0,0,0.0,0.0,0.0,0.0,0.07210925887209883,0.0,0.1682549373682306,0.0050150451354062184,,0.0003178639542275906,0.019071837253655435,0.4807283924806589
2020-05-27,0.0,0.0,0.0,0,0,False,0.0,0.0,0.0,0.0,0.0,0.0,0.0,100.0,100.0,Inactive,0.0,0,0.0,0.0,0.0,0.0,0.07210925887209883,0.0,0.1682549373682306,0.0050150451354062184,,0.0003178639542275906,0.019071837253655435,0.4807283924806589
2020-05-28,0.0,0.0,0.0,0,0,False,0.0,0.0,0.0,0.0,0.0,0.0,0.0,100.0,100.0,Inactive,0.0,0,0.0,0.0,0.0,0.0,0.07210925887209883,0.0,0.1682549373682306,0.0050150451354062184,,0.0003178639542275906,0.019071837253655435,0.4807283924806589
2020-05-29,0.0,0.0,0.0,0,0,False,0.0,0.0,0.0,0.0,0.0,0.0,0.0,100.0,100.0,Inactive,0.0,0,0.0,0.0,0.0,0.0,0.07210925887209883,0.0,0.1682549373682306,0.0050150451354062184,,0.0003178639542275906,0.019071837253655435,0.4807283924806589
2020-05-30,0.0,0.0,0.0,0,0,False,0.0,0.0,0.0,0.0,0.0,0.0,0.0,100.0,100.0,Inactive,0.0,0,0.0,0.0,0.0,0.0,0.07210925887209883,0.0,0.1682549373682306,0.0050150451354062184,,0.0003178639542275906,0.019071837253655435,0.4807283924806589
2020-05-31,0.0,0.0,0.0,0,0,False,0.0,0.0,0.0,0.0,0.0,0.0,0.0,100.0,100.0,Inactive,0.0,0,0.0,0.0,0.0,0.0,0.07210925887209883,0.0,0.1682549373682306,0.0050150451354062184,,0.0003178639542275906,0.019071837253655435,0.4807283924806589
2020-06-01,0.0,0.0,0.0,0,0,False,0.0,0.0,0.0,0.0,0.0,0.0,0.0,100.0,100.0,Inactive,0.0,0,0.0,0.0,0.0,0.0,0.07210925887209883,0.0,0.1682549373682306,0.0050150451354062184,,0.0003178639542275906,0.019071837253655435,0.4807283924806589
2020-06-02,0.0,0.0,0.0,0,0,False,0.0,0.0,0.0,0.0,0.0,0.0,0.0,100.0,100.0,Inactive,0.0,0,0.0,0.0,0.0,0.0,0.07210925887209883,0.0,0.1682549373682306,0.0050150451354062184,,0.0003178639542275906,0.019071837253655435,0.4807283924806589
2020-06-03,0.0,0.0,0.0,0,0,False,0.0,0.0,0.0,0.0,0.0,0.0,0.0,100.0,100.0,Inactive,0.0,0,0.0,0.0,0.0,0.0,0.07210925887209883,0.0,0.1682549373682306,0.0050150451354062184,,0.0003178639542275906,0.019071837253655435,0.4807283924806589
2020-06-04,0.0,0.0,0.0,0,0,False,0.0,0.0,0.0,0.0,0.0,0.0,0.0,100.0,100.0,Inactive,0.0,0,0.0,0.0,0.0,0.0,0.07210925887209883,0.0,0.1682549373682306,0.0050150451354062184,,0.0003178639542275906,0.019071837253655435,0.4807283924806589
2020-06-05,0.0,0.0,0.0,0,0,False,0.0,0.0,0.0,0.0,0.0,0.0,0.0,100.0,100.0,Inactive,0.0,0,0.0,0.0,0.0,0.0,0.07210925887209883,0.0,0.1682549373682306,0.0050150451354062184,,0.0003178639542275906,0.019071837253655435,0.4807283924806589
2020-06-06,0.0,0.0,0.0,0,0,False,0.0,0.0,0.0,0.0,0.0,0.0,0.0,100.0,100.0,Inactive,0.0,0,0.0,0.0,0.0,0.0,0.07210925887209883,0.0,0.1682549373682306,0.0050150451354062184,,0.0003178639542275906,0.019071837253655435,0.4807283924806589
2020-06-07,0.0,0.0,0.0,0,0,False,0.0,0.0,0.0,0.0,0.0,0.0,0.0,100.0,100.0,Inactive,0.0,0,0.0,0.0,0.0,0.0,0.07210925887209883,0.0,0.1682549373682306,0.0050150451354062184,,0.0003178639542275906,0.019071837253655435,0.4807283924806589
2020-06-08,0.0,0.0,0.0,0,0,False,0.0,0.0,0.0,0.0,0.0,0.0,0.0,100.0,100.0,Inactive,0.0,0,0.0,0.0,0.0,0.0,0.07210925887209883,0.0,0.1682549373682306,0.0050150451354062184,,0.0003178639542275906,0.019071837253655435,0.4807283924806589
2020-06-09,0.0,0.0,0.0,0,0,False,0.0,0.0,0.0,0.0,0.0,0.0,0.0,100.0,100.0,Inactive,0.0,0,0.0,0.0,0.0,0.0,0.07210925887209883,0.0,0.1682549373682306,0.0050150451354062184,,0.0003178639542275906,0.019071837253655435,0.4807283924806589
2020-06-10,0.0,0.0,0.0,0,0,False,0.0,0.0,0.0,0.0,0.0,0.0,0.0,100.0,100.0,Inactive,0.0,0,0.0,0.0,0.0,0.0,0.07210925887209883,0.0,0.1682549373682306,0.0050150451354062184,,0.0003178639542275906,0.019071837253655435,0.4807283924806589
2020-06-11,0.0,0.0,0.0,0,0,False,0.0,0.0,0.0,0.0,0.0,0.0,0.0,100.0,100.0,Inactive,0.0,0,0.0,0.0,0.0,0.0,0.07210925887209883,0.0,0.1682549373682306,0.0050150451354062184,,0.0003178639542275906,0.019071837253655435,0.4807283924806589
2020-06-12,0.0,0.0,0.0,0,0,False,0.0,0.0,0.0,0.0,0.0,0.0,0.0,100.0,100.0,Inactive,0.0,0,0.0,0.0,0.0,0.0,0.07210925887209883,0.0,0.1682549373682306,0.0050150451354062184,,0.0003178639542275906,0.019071837253655435,0.4807283924806589
2020-06-13,0.0,0.0,0.0,0,0,False,0.0,0.0,0.0,0.0,0.0,0.0,0.0,100.0,100.0,Inactive,0.0,0,0.0,0.0,0.0,0.0,0.07210925887209883,0.0,0.1682549373682306,0.0050150451354062184,,0.0003178639542275906,0.019071837253655435,0.4807283924806589
2020-06-14,0.0,0.0,0.0,0,0,False,0.0,0.0,0.0,0.0,0.0,0.0,0.0,100.0,100.0,Inactive,0.0,0,0.0,0.0,0.0,0.0,0.07210925887209883,0.0,0.1682549373682306,0.0050150451354062184,,0.0003178639542275906,0.019071837253655435,0.4807283924806589
2020-06-15,0.0,0.0,0.0,0,0,False,0.0,0.0,0.0,0.0,0.0,0.0,0.0,100.0,100.0,Inactive,0.0,0,0.0,0.0,0.0,0.0,0.07210925887209883,0.0,0.1682549373682306,0.0050150451354062184,,0.0003178639542275906,0.019071837253655435,0.4807283924806589
2020-06-16,0.0,0.0,0.0,0,0,False,0.0,0.0,0.0,0.0,0.0,0.0,0.0,100.0,100.0,Inactive,0.0,0,0.0,0.0,0.0,0.0,0.07210925887209883,0.0,0.1682549373682306,0.0050150451354062184,,0.0003178639542275906,0.019071837253655435,0.4807283924806589
2020-06-17,0.0,0.0,0.0,0,0,False,0.0,0.0,0.0,0.0,0.0,0.0,0.0,100.0,100.0,Inactive,0.0,0,0.0,0.0,0.0,0.0,0.07210925887209883,0.0,0.1682549373682306,0.0050150451354062184,,0.0003178639542275906,0.019071837253655435,0.4807283924806589
2020-06-18,0.0,0.0,0.0,0,0,False,0.0,0.0,0.0,0.0,0.0,0.0,0.0,100.0,100.0,Inactive,0.0,0,0.0,0.0,0.0,0.0,0.07210925887209883,0.0,0.1682549373682306,0.0050150451354062184,,0.0003178639542275906,0.019071837253655435,0.4807283924806589
2020-06-19,0.0,0.0,0.0,0,0,False,0.0,0.0,0.0,0.0,0.0,0.0,0.0,100.0,100.0,Inactive,0.0,0,0.0,0.0,0.0,0.0,0.07210925887209883,0.0,0.1682549373682306,0.0050150451354062184,,0.0003178639542275906,0.019071837253655435,0.4807283924806589
2020-06-20,0.0,0.0,0.0,0,0,False,0.0,0.0,0.0,0.0,0.0,0.0,0.0,100.0,100.0,Inactive,0.0,0,0.0,0.0,0.0,0.0,0.07210925887209883,0.0,0.1682549373682306,0.0050150451354062184,,0.0003178639542275906,0.019071837253655435,0.4807283924806589
2020-06-21,0.0,0.0,0.0,0,0,False,0.0,0.0,0.0,0.0,0.0,0.0,0.0,100.0,100.0,Inactive,0.0,0,0.0,0.0,0.0,0.0,0.07210925887209883,0.0,0.1682549373682306,0.0050150451354062184,,0.0003178639542275906,0.019071837253655435,0.4807283924806589
2020-06-22,0.0,0.0,0.0,0,0,False,0.0,0.0,0.0,0.0,0.0,0.0,0.0,100.0,100.0,Inactive,0.0,0,0.0,0.0,0.0,0.0,0.07210925887209883,0.0,0.1682549373682306,0.0050150451354062184,,0.0003178639542275906,0.019071837253655435,0.4807283924806589
2020-06-23,0.0,0.0,0.0,0,0,False,0.0,0.0,0.0,0.0,0.0,0.0,0.0,100.0,100.0,Inactive,0.0,0,0.0,0.0,0.0,0.0,0.07210925887209883,0.0,0.1682549373682306,0.0050150451354062184,,0.0003178639542275906,0.019071837253655435,0.4807283924806589
2020-06-24,0.0,0.0,0.0,0,0,False,0.0,0.0,0.0,0.0,0.0,0.0,0.0,100.0,100.0,Inactive,0.0,0,0.0,0.0,0.0,0.0,0.07210925887209883,0.0,0.1682549373682306,0.0050150451354062184,,0.0003178639542275906,0.019071837253655435,0.4807283924806589
2020-06-25,0.0,0.0,0.0,0,0,False,0.0,0.0,0.0,0.0,0.0,0.0,0.0,100.0,100.0,Inactive,0.0,0,0.0,0.0,0.0,0.0,0.07210925887209883,0.0,0.1682549373682306,0.0050150451354062184,,0.0003178639542275906,0.019071837253655435,0.4807283924806589
2020-06-26,0.0,0.0,0.0,0,0,False,0.0,0.0,0.0,0.0,0.0,0.0,0.0,100.0,100.0,Inactive,0.0,0,0.0,0.0,0.0,0.0,0.07210925887209883,0.0,0.1682549373682306,0.0050150451354062184,,0.0003178639542275906,0.019071837253655435,0.4807283924806589
2020-06-27,0.0,0.0,0.0,0,0,False,0.0,0.0,0.0,0.0,0.0,0.0,0.0,100.0,100.0,Inactive,0.0,0,0.0,0.0,0.0,0.0,0.07210925887209883,0.0,0.1682549373682306,0.0050150451354062184,,0.0003178639542275906,0.019071837253655435,0.4807283924806589
2020-06-28,0.0,0.0,0.0,0,0,False,0.0,0.0,0.0,0.0,0.0,0.0,0.0,100.0,100.0,Inactive,0.0,0,0.0,0.0,0.0,0.0,0.07210925887209883,0.0,0.1682549373682306,0.0050150451354062184,,0.0003178639542275906,0.019071837253655435,0.4807283924806589
2020-06-29,0.0,0.0,0.0,0,0,False,0.0,0.0,0.0,0.0,0.0,0.0,0.0,100.0,100.0,Inactive,0.0,0,0.0,0.0,0.0,0.0,0.07210925887209883,0.0,0.1682549373682306,0.0050150451354062184,,0.0003178639542275906,0.019071837253655435,0.4807283924806589
2020-06-30,0.0,0.0,0.0,0,0,False,0.0,0.0,0.0,0.0,0.0,0.0,0.0,100.0,100.0,Inactive,0.0,0,0.0,0.0,0.0,0.0,0.07210925887209883,0.0,0.1682549373682306,0.0050150451354062184,,0.0003178639542275906,0.019071837253655435,0.4807283924806589
2020-07-01,0.0,0.0,0.0,0,0,False,0.0,0.0,0.0,0.0,0.0,0.0,0.0,100.0,100.0,Inactive,0.0,0,0.0,0.0,0.0,0.0,0.07210925887209883,0.0,0.1682549373682306,0.0050150451354062184,,0.0003178639542275906,0.019071837253655435,0.4807283924806589
2020-07-02,0.0,0.0,0.0,0,0,False,0.0,0.0,0.0,0.0,0.0,0.0,0.0,100.0,100.0,Inactive,0.0,0,0.0,0.0,0.0,0.0,0.07210925887209883,0.0,0.1682549373682306,0.0050150451354062184,,0.0003178639542275906,0.019071837253655435,0.4807283924806589
2020-07-03,0.0,0.0,0.0,0,0,False,0.0,0.0,0.0,0.0,0.0,0.0,0.0,100.0,100.0,Inactive,0.0,0,0.0,0.0,0.0,0.0,0.07210925887209883,0.0,0.1682549373682306,0.0050150451354062184,,0.0003178639542275906,0.019071837253655435,0.4807283924806589
2020-07-04,0.0,0.0,0.0,0,0,False,0.0,0.0,0.0,0.0,0.0,0.0,0.0,100.0,100.0,Inactive,0.0,0,0.0,0.0,0.0,0.0,0.07210925887209883,0.0,0.1682549373682306,0.0050150451354062184,,0.0003178639542275906,0.019071837253655435,0.4807283924806589
2020-07-05,0.0,0.0,0.0,0,0,False,0.0,0.0,0.0,0.0,0.0,0.0,0.0,100.0,100.0,Inactive,0.0,0,0.0,0.0,0.0,0.0,0.07210925887209883,0.0,0.1682549373682306,0.0050150451354062184,,0.0003178639542275906,0.019071837253655435,0.4807283924806589
2020-07-06,0.0,0.0,0.0,0,0,False,0.0,0.0,0.0,0.0,0.0,0.0,0.0,100.0,100.0,Inactive,0.0,0,0.0,0.0,0.0,0.0,0.07210925887209883,0.0,0.1682549373682306,0.0050150451354062184,,0.0003178639542275906,0.019071837253655435,0.4807283924806589
2020-07-07,0.0,0.0,0.0,0,0,False,0.0,0.0,0.0,0.0,0.0,0.0,0.0,100.0,100.0,Inactive,0.0,0,0.0,0.0,0.0,0.0,0.07210925887209883,0.0,0.1682549373682306,0.0050150451354062184,,0.0003178639542275906,0.019071837253655435,0.4807283924806589
2020-07-08,0.0,0.0,0.0,0,0,False,0.0,0.0,0.0,0.0,0.0,0.0,0.0,100.0,100.0,Inactive,0.0,0,0.0,0.0,0.0,0.0,0.07210925887209883,0.0,0.1682549373682306,0.0050150451354062184,,0.0003178639542275906,0.019071837253655435,0.4807283924806589
2020-07-09,0.0,0.0,0.0,0,0,False,0.0,0.0,0.0,0.0,0.0,0.0,0.0,100.0,100.0,Inactive,0.0,0,0.0,0.0,0.0,0.0,0.07210925887209883,0.0,0.1682549373682306,0.0050150451354062184,,0.0003178639542275906,0.019071837253655435,0.4807283924806589
2020-07-10,0.0,0.0,0.0,0,0,False,0.0,0.0,0.0,0.0,0.0,0.0,0.0,100.0,100.0,Inactive,0.0,0,0.0,0.0,0.0,0.0,0.07210925887209883,0.0,0.1682549373682306,0.0050150451354062184,,0.0003178639542275906,0.019071837253655435,0.4807283924806589
2020-07-11,0.0,0.0,0.0,0,0,False,0.0,0.0,0.0,0.0,0.0,0.0,0.0,100.0,100.0,Inactive,0.0,0,0.0,0.0,0.0,0.0,0.07210925887209883,0.0,0.1682549373682306,0.0050150451354062184,,0.0003178639542275906,0.019071837253655435,0.4807283924806589
2020-07-12,0.0,0.0,0.0,0,0,False,0.0,0.0,0.0,0.0,0.0,0.0,0.0,100.0,100.0,Inactive,0.0,0,0.0,0.0,0.0,0.0,0.07210925887209883,0.0,0.1682549373682306,0.0050150451354062184,,0.0003178639542275906,0.019071837253655435,0.4807283924806589
2020-07-13,0.0,0.0,0.0,0,0,False,0.0,0.0,0.0,0.0,0.0,0.0,0.0,100.0,100.0,Inactive,0.0,0,0.0,0.0,0.0,0.0,0.07210925887209883,0.0,0.1682549373682306,0.0050150451354062184,,0.0003178639542275906,0.019071837253655435,0.4807283924806589
2020-07-14,0.0,0.0,0.0,0,0,False,0.0,0.0,0.0,0.0,0.0,0.0,0.0,100.0,100.0,Inactive,0.0,0,0.0,0.0,0.0,0.0,0.07210925887209883,0.0,0.1682549373682306,0.0050150451354062184,,0.0003178639542275906,0.019071837253655435,0.4807283924806589
2020-07-15,0.0,0.0,0.0,0,0,False,0.0,0.0,0.0,0.0,0.0,0.0,0.0,100.0,100.0,Inactive,0.0,0,0.0,0.0,0.0,0.0,0.07210925887209883,0.0,0.1682549373682306,0.0050150451354062184,,0.0003178639542275906,0.019071837253655435,0.4807283924806589
2020-07-16,0.0,0.0,0.0,0,0,False,0.0,0.0,0.0,0.0,0.0,0.0,0.0,100.0,100.0,Inactive,0.0,0,0.0,0.0,0.0,0.0,0.07210925887209883,0.0,0.1682549373682306,0.0050150451354062184,,0.0003178639542275906,0.019071837253655435,0.4807283924806589
2020-07-17,0.0,0.0,0.0,0,0,False,0.0,0.0,0.0,0.0,0.0,0.0,0.0,100.0,100.0,Inactive,0.0,0,0.0,0.0,0.0,0.0,0.07210925887209883,0.0,0.1682549373682306,0.0050150451354062184,,0.0003178639542275906,0.019071837253655435,0.4807283924806589
2020-07-18,0.0,0.0,0.0,0,0,False,0.0,0.0,0.0,0.0,0.0,0.0,0.0,100.0,100.0,Inactive,0.0,0,0.0,0.0,0.0,0.0,0.07210925887209883,0.0,0.1682549373682306,0.0050150451354062184,,0.0003178639542275906,0.019071837253655435,0.4807283924806589
2020-07-19,0.0,0.0,0.0,0,0,False,0.0,0.0,0.0,0.0,0.0,0.0,0.0,100.0,100.0,Inactive,0.0,0,0.0,0.0,0.0,0.0,0.07210925887209883,0.0,0.1682549373682306,0.0050150451354062184,,0.0003178639542275906,0.019071837253655435,0.4807283924806589
2020-07-20,0.0,0.0,0.0,0,0,False,0.0,0.0,0.0,0.0,0.0,0.0,0.0,100.0,100.0,Inactive,0.0,0,0.0,0.0,0.0,0.0,0.07210925887209883,0.0,0.1682549373682306,0.0050150451354062184,,0.0003178639542275906,0.019071837253655435,0.4807283924806589
2020-07-21,0.0,0.0,0.0,0,0,False,0.0,0.0,0.0,0.0,0.0,0.0,0.0,100.0,100.0,Inactive,0.0,0,0.0,0.0,0.0,0.0,0.07210925887209883,0.0,0.1682549373682306,0.0050150451354062184,,0.0003178639542275906,0.019071837253655435,0.4807283924806589
2020-07-22,0.0,0.0,0.0,0,0,False,0.0,0.0,0.0,0.0,0.0,0.0,0.0,100.0,100.0,Inactive,0.0,0,0.0,0.0,0.0,0.0,0.07210925887209883,0.0,0.1682549373682306,0.0050150451354062184,,0.0003178639542275906,0.019071837253655435,0.4807283924806589
2020-07-23,0.0,0.0,0.0,0,0,False,0.0,0.0,0.0,0.0,0.0,0.0,0.0,100.0,100.0,Inactive,0.0,0,0.0,0.0,0.0,0.0,0.07210925887209883,0.0,0.1682549373682306,0.0050150451354062184,,0.0003178639542275906,0.019071837253655435,0.4807283924806589
2020-07-24,0.0,0.0,0.0,0,0,False,0.0,0.0,0.0,0.0,0.0,0.0,0.0,100.0,100.0,Inactive,0.0,0,0.0,0.0,0.0,0.0,0.07210925887209883,0.0,0.1682549373682306,0.0050150451354062184,,0.0003178639542275906,0.019071837253655435,0.4807283924806589
2020-07-25,0.0,0.0,0.0,0,0,False,0.0,0.0,0.0,0.0,0.0,0.0,0.0,100.0,100.0,Inactive,0.0,0,0.0,0.0,0.0,0.0,0.07210925887209883,0.0,0.1682549373682306,0.0050150451354062184,,0.0003178639542275906,0.019071837253655435,0.4807283924806589
2020-07-26,0.0,0.0,0.0,0,0,False,0.0,0.0,0.0,0.0,0.0,0.0,0.0,100.0,100.0,Inactive,0.0,0,0.0,0.0,0.0,0.0,0.07210925887209883,0.0,0.1682549373682306,0.0050150451354062184,,0.0003178639542275906,0.019071837253655435,0.4807283924806589
2020-07-27,0.0,0.0,0.0,0,0,False,0.0,0.0,0.0,0.0,0.0,0.0,0.0,100.0,100.0,Inactive,0.0,0,0.0,0.0,0.0,0.0,0.07210925887209883,0.0,0.1682549373682306,0.0050150451354062184,,0.0003178639542275906,0.019071837253655435,0.4807283924806589
2020-07-28,0.0,0.0,0.0,0,0,False,0.0,0.0,0.0,0.0,0.0,0.0,0.0,100.0,100.0,Inactive,0.0,0,0.0,0.0,0.0,0.0,0.07210925887209883,0.0,0.1682549373682306,0.0050150451354062184,,0.0003178639542275906,0.019071837253655435,0.4807283924806589
2020-07-29,0.0,0.0,0.0,0,0,False,0.0,0.0,0.0,0.0,0.0,0.0,0.0,100.0,100.0,Inactive,0.0,0,0.0,0.0,0.0,0.0,0.07210925887209883,0.0,0.1682549373682306,0.0050150451354062184,,0.0003178639542275906,0.019071837253655435,0.4807283924806589
2020-07-30,0.0,0.0,0.0,0,0,False,0.0,0.0,0.0,0.0,0.0,0.0,0.0,100.0,100.0,Inactive,0.0,0,0.0,0.0,0.0,0.0,0.07210925887209883,0.0,0.1682549373682306,0.0050150451354062184,,0.0003178639542275906,0.019071837253655435,0.4807283924806589
2020-07-31,0.0,0.0,0.0,0,0,False,0.0,0.0,0.0,0.0,0.0,0.0,0.0,100.0,100.0,Inactive,0.0,0,0.0,0.0,0.0,0.0,0.07210925887209883,0.0,0.1682549373682306,0.0050150451354062184,,0.0003178639542275906,0.019071837253655435,0.4807283924806589
2020-08-01,0.0,0.0,0.0,0,0,False,0.0,0.0,0.0,0.0,0.0,0.0,0.0,100.0,100.0,Inactive,0.0,0,0.0,0.0,0.0,0.0,0.07210925887209883,0.0,0.1682549373682306,0.0050150451354062184,,0.0003178639542275906,0.019071837253655435,0.4807283924806589
2020-08-02,0.0,0.0,0.0,0,0,False,0.0,0.0,0.0,0.0,0.0,0.0,0.0,100.0,100.0,Inactive,0.0,0,0.0,0.0,0.0,0.0,0.07210925887209883,0.0,0.1682549373682306,0.0050150451354062184,,0.0003178639542275906,0.019071837253655435,0.4807283924806589
2020-08-03,0.0,0.0,0.0,0,0,False,0.0,0.0,0.0,0.0,0.0,0.0,0.0,100.0,100.0,Inactive,0.0,0,0.0,0.0,0.0,0.0,0.07210925887209883,0.0,0.1682549373682306,0.0050150451354062184,,0.0003178639542275906,0.019071837253655435,0.4807283924806589
2020-08-04,0.0,0.0,0.0,0,0,False,0.0,0.0,0.0,0.0,0.0,0.0,0.0,100.0,100.0,Inactive,0.0,0,0.0,0.0,0.0,0.0,0.07210925887209883,0.0,0.1682549373682306,0.0050150451354062184,,0.0003178639542275906,0.019071837253655435,0.4807283924806589
2020-08-05,0.0,0.0,0.0,0,0,False,0.0,0.0,0.0,0.0,0.0,0.0,0.0,100.0,100.0,Inactive,0.0,0,0.0,0.0,0.0,0.0,0.07210925887209883,0.0,0.1682549373682306,0.0050150451354062184,,0.0003178639542275906,0.019071837253655435,0.4807283924806589
2020-08-06,0.0,0.0,0.0,0,0,False,0.0,0.0,0.0,0.0,0.0,0.0,0.0,100.0,100.0,Inactive,0.0,0,0.0,0.0,0.0,0.0,0.07210925887209883,0.0,0.1682549373682306,0.0050150451354062184,,0.0003178639542275906,0.019071837253655435,0.4807283924806589
2020-08-07,0.0,0.0,0.0,0,0,False,0.0,0.0,0.0,0.0,0.0,0.0,0.0,100.0,100.0,Inactive,0.0,0,0.0,0.0,0.0,0.0,0.07210925887209883,0.0,0.1682549373682306,0.0050150451354062184,,0.0003178639542275906,0.019071837253655435,0.4807283924806589
2020-08-08,0.0,0.0,0.0,0,0,False,0.0,0.0,0.0,0.0,0.0,0.0,0.0,100.0,100.0,Inactive,0.0,0,0.0,0.0,0.0,0.0,0.07210925887209883,0.0,0.1682549373682306,0.0050150451354062184,,0.0003178639542275906,0.019071837253655435,0.4807283924806589
2020-08-09,0.0,0.0,0.0,0,0,False,0.0,0.0,0.0,0.0,0.0,0.0,0.0,100.0,100.0,Inactive,0.0,0,0.0,0.0,0.0,0.0,0.07210925887209883,0.0,0.1682549373682306,0.0050150451354062184,,0.0003178639542275906,0.019071837253655435,0.4807283924806589
2020-08-10,0.0,0.0,0.0,0,0,False,0.0,0.0,0.0,0.0,0.0,0.0,0.0,100.0,100.0,Inactive,0.0,0,0.0,0.0,0.0,0.0,0.07210925887209883,0.0,0.1682549373682306,0.0050150451354062184,,0.0003178639542275906,0.019071837253655435,0.4807283924806589
2020-08-11,0.0,0.0,0.0,0,0,False,0.0,0.0,0.0,0.0,0.0,0.0,0.0,100.0,100.0,Inactive,0.0,0,0.0,0.0,0.0,0.0,0.07210925887209883,0.0,0.1682549373682306,0.0050150451354062184,,0.0003178639542275906,0.019071837253655435,0.4807283924806589
2020-08-12,0.0,0.0,0.0,0,0,False,0.0,0.0,0.0,0.0,0.0,0.0,0.0,100.0,100.0,Inactive,0.0,0,0.0,0.0,0.0,0.0,0.07210925887209883,0.0,0.1682549373682306,0.0050150451354062184,,0.0003178639542275906,0.019071837253655435,0.4807283924806589
2020-08-13,0.0,0.0,0.0,0,0,False,0.0,0.0,0.0,0.0,0.0,0.0,0.0,100.0,100.0,Inactive,0.0,0,0.0,0.0,0.0,0.0,0.07210925887209883,0.0,0.1682549373682306,0.0050150451354062184,,0.0003178639542275906,0.019071837253655435,0.4807283924806589
2020-08-14,0.0,0.0,0.0,0,0,False,0.0,0.0,0.0,0.0,0.0,0.0,0.0,100.0,100.0,Inactive,0.0,0,0.0,0.0,0.0,0.0,0.07210925887209883,0.0,0.1682549373682306,0.0050150451354062184,,0.0003178639542275906,0.019071837253655435,0.4807283924806589
2020-08-15,0.0,0.0,0.0,0,0,False,0.0,0.0,0.0,0.0,0.0,0.0,0.0,100.0,100.0,Inactive,0.0,0,0.0,0.0,0.0,0.0,0.07210925887209883,0.0,0.1682549373682306,0.0050150451354062184,,0.0003178639542275906,0.019071837253655435,0.4807283924806589
2020-08-16,0.0,0.0,0.0,0,0,False,0.0,0.0,0.0,0.0,0.0,0.0,0.0,100.0,100.0,Inactive,0.0,0,0.0,0.0,0.0,0.0,0.07210925887209883,0.0,0.1682549373682306,0.0050150451354062184,,0.0003178639542275906,0.019071837253655435,0.4807283924806589
2020-08-17,0.0,0.0,0.0,0,0,False,0.0,0.0,0.0,0.0,0.0,0.0,0.0,100.0,100.0,Inactive,0.0,0,0.0,0.0,0.0,0.0,0.07210925887209883,0.0,0.1682549373682306,0.0050150451354062184,,0.0003178639542275906,0.019071837253655435,0.4807283924806589
2020-08-18,0.0,0.0,0.0,0,0,False,0.0,0.0,0.0,0.0,0.0,0.0,0.0,100.0,100.0,Inactive,0.0,0,0.0,0.0,0.0,0.0,0.07210925887209883,0.0,0.1682549373682306,0.0050150451354062184,,0.0003178639542275906,0.019071837253655435,0.4807283924806589
2020-08-19,0.0,0.0,0.0,0,0,False,0.0,0.0,0.0,0.0,0.0,0.0,0.0,100.0,100.0,Inactive,0.0,0,0.0,0.0,0.0,0.0,0.07210925887209883,0.0,0.1682549373682306,0.0050150451354062184,,0.0003178639542275906,0.019071837253655435,0.4807283924806589
2020-08-20,0.0,0.0,0.0,0,0,False,0.0,0.0,0.0,0.0,0.0,0.0,0.0,100.0,100.0,Inactive,0.0,0,0.0,0.0,0.0,0.0,0.07210925887209883,0.0,0.1682549373682306,0.0050150451354062184,,0.0003178639542275906,0.019071837253655435,0.4807283924806589
2020-08-21,0.0,0.0,0.0,0,0,False,0.0,0.0,0.0,0.0,0.0,0.0,0.0,100.0,100.0,Inactive,0.0,0,0.0,0.0,0.0,0.0,0.07210925887209883,0.0,0.1682549373682306,0.0050150451354062184,,0.0003178639542275906,0.019071837253655435,0.4807283924806589
2020-08-22,0.0,0.0,0.0,0,0,False,0.0,0.0,0.0,0.0,0.0,0.0,0.0,100.0,100.0,Inactive,0.0,0,0.0,0.0,0.0,0.0,0.07210925887209883,0.0,0.1682549373682306,0.0050150451354062184,,0.0003178639542275906,0.019071837253655435,0.4807283924806589
2020-08-23,0.0,0.0,0.0,0,0,False,0.0,0.0,0.0,0.0,0.0,0.0,0.0,100.0,100.0,Inactive,0.0,0,0.0,0.0,0.0,0.0,0.07210925887209883,0.0,0.1682549373682306,0.0050150451354062184,,0.0003178639542275906,0.019071837253655435,0.4807283924806589
2020-08-24,0.0,0.0,0.0,0,0,False,0.0,0.0,0.0,0.0,0.0,0.0,0.0,100.0,100.0,Inactive,0.0,0,0.0,0.0,0.0,0.0,0.07210925887209883,0.0,0.1682549373682306,0.0050150451354062184,,0.0003178639542275906,0.019071837253655435,0.4807283924806589
2020-08-25,0.0,0.0,0.0,0,0,False,0.0,0.0,0.0,0.0,0.0,0.0,0.0,100.0,100.0,Inactive,0.0,0,0.0,0.0,0.0,0.0,0.07210925887209883,0.0,0.1682549373682306,0.0050150451354062184,,0.0003178639542275906,0.019071837253655435,0.4807283924806589
2020-08-26,0.0,0.0,0.0,0,0,False,0.0,0.0,0.0,0.0,0.0,0.0,0.0,100.0,100.0,Inactive,0.0,0,0.0,0.0,0.0,0.0,0.07210925887209883,0.0,0.1682549373682306,0.0050150451354062184,,0.0003178639542275906,0.019071837253655435,0.4807283924806589
2020-08-27,0.0,0.0,0.0,0,0,False,0.0,0.0,0.0,0.0,0.0,0.0,0.0,100.0,100.0,Inactive,0.0,0,0.0,0.0,0.0,0.0,0.07210925887209883,0.0,0.1682549373682306,0.0050150451354062184,,0.0003178639542275906,0.019071837253655435,0.4807283924806589
2020-08-28,0.0,0.0,0.0,0,0,False,0.0,0.0,0.0,0.0,0.0,0.0,0.0,100.0,100.0,Inactive,0.0,0,0.0,0.0,0.0,0.0,0.07210925887209883,0.0,0.1682549373682306,0.0050150451354062184,,0.0003178639542275906,0.019071837253655435,0.4807283924806589
2020-08-29,0.0,0.0,0.0,0,0,False,0.0,0.0,0.0,0.0,0.0,0.0,0.0,100.0,100.0,Inactive,0.0,0,0.0,0.0,0.0,0.0,0.07210925887209883,0.0,0.1682549373682306,0.0050150451354062184,,0.0003178639542275906,0.019071837253655435,0.4807283924806589
2020-08-30,0.0,0.0,0.0,0,0,False,0.0,0.0,0.0,0.0,0.0,0.0,0.0,100.0,100.0,Inactive,0.0,0,0.0,0.0,0.0,0.0,0.07210925887209883,0.0,0.1682549373682306,0.0050150451354062184,,0.0003178639542275906,0.019071837253655435,0.4807283924806589
2020-08-31,0.0,0.0,0.0,0,0,False,0.0,0.0,0.0,0.0,0.0,0.0,0.0,100.0,100.0,Inactive,0.0,0,0.0,0.0,0.0,0.0,0.07210925887209883,0.0,0.1682549373682306,0.0050150451354062184,,0.0003178639542275906,0.019071837253655435,0.4807283924806589
2020-09-01,0.0,0.0,0.0,0,0,False,0.0,0.0,0.0,0.0,0.0,0.0,0.0,100.0,100.0,Inactive,0.0,0,0.0,0.0,0.0,0.0,0.07210925887209883,0.0,0.1682549373682306,0.0050150451354062184,,0.0003178639542275906,0.019071837253655435,0.4807283924806589
2020-09-02,0.0,0.0,0.0,0,0,False,0.0,0.0,0.0,0.0,0.0,0.0,0.0,100.0,100.0,Inactive,0.0,0,0.0,0.0,0.0,0.0,0.07210925887209883,0.0,0.1682549373682306,0.0050150451354062184,,0.0003178639542275906,0.019071837253655435,0.4807283924806589
2020-09-03,0.0,0.0,0.0,0,0,False,0.0,0.0,0.0,0.0,0.0,0.0,0.0,100.0,100.0,Inactive,0.0,0,0.0,0.0,0.0,0.0,0.07210925887209883,0.0,0.1682549373682306,0.0050150451354062184,,0.0003178639542275906,0.019071837253655435,0.4807283924806589
2020-09-04,0.0,0.0,0.0,0,0,False,0.0,0.0,0.0,0.0,0.0,0.0,0.0,100.0,100.0,Inactive,0.0,0,0.0,0.0,0.0,0.0,0.07210925887209883,0.0,0.1682549373682306,0.0050150451354062184,,0.0003178639542275906,0.019071837253655435,0.4807283924806589
2020-09-05,0.0,0.0,0.0,0,0,False,0.0,0.0,0.0,0.0,0.0,0.0,0.0,100.0,100.0,Inactive,0.0,0,0.0,0.0,0.0,0.0,0.07210925887209883,0.0,0.1682549373682306,0.0050150451354062184,,0.0003178639542275906,0.019071837253655435,0.4807283924806589
2020-09-06,0.0,0.0,0.0,0,0,False,0.0,0.0,0.0,0.0,0.0,0.0,0.0,100.0,100.0,Inactive,0.0,0,0.0,0.0,0.0,0.0,0.07210925887209883,0.0,0.1682549373682306,0.0050150451354062184,,0.0003178639542275906,0.019071837253655435,0.4807283924806589
2020-09-07,0.0,0.0,0.0,0,0,False,0.0,0.0,0.0,0.0,0.0,0.0,0.0,100.0,100.0,Inactive,0.0,0,0.0,0.0,0.0,0.0,0.07210925887209883,0.0,0.1682549373682306,0.0050150451354062184,,0.0003178639542275906,0.019071837253655435,0.4807283924806589
2020-09-08,0.0,0.0,0.0,0,0,False,0.0,0.0,0.0,0.0,0.0,0.0,0.0,100.0,100.0,Inactive,0.0,0,0.0,0.0,0.0,0.0,0.07210925887209883,0.0,0.1682549373682306,0.0050150451354062184,,0.0003178639542275906,0.019071837253655435,0.4807283924806589
2020-09-09,0.0,0.0,0.0,0,0,False,0.0,0.0,0.0,0.0,0.0,0.0,0.0,100.0,100.0,Inactive,0.0,0,0.0,0.0,0.0,0.0,0.07210925887209883,0.0,0.1682549373682306,0.0050150451354062184,,0.0003178639542275906,0.019071837253655435,0.4807283924806589
2020-09-10,0.0,0.0,0.0,0,0,False,0.0,0.0,0.0,0.0,0.0,0.0,0.0,100.0,100.0,Inactive,0.0,0,0.0,0.0,0.0,0.0,0.07210925887209883,0.0,0.1682549373682306,0.0050150451354062184,,0.0003178639542275906,0.019071837253655435,0.4807283924806589
2020-09-11,0.0,0.0,0.0,0,0,False,0.0,0.0,0.0,0.0,0.0,0.0,0.0,100.0,100.0,Inactive,0.0,0,0.0,0.0,0.0,0.0,0.07210925887209883,0.0,0.1682549373682306,0.0050150451354062184,,0.0003178639542275906,0.019071837253655435,0.4807283924806589
2020-09-12,0.0,0.0,0.0,0,0,False,0.0,0.0,0.0,0.0,0.0,0.0,0.0,100.0,100.0,Inactive,0.0,0,0.0,0.0,0.0,0.0,0.07210925887209883,0.0,0.1682549373682306,0.0050150451354062184,,0.0003178639542275906,0.019071837253655435,0.4807283924806589
2020-09-13,0.0,0.0,0.0,0,0,False,0.0,0.0,0.0,0.0,0.0,0.0,0.0,100.0,100.0,Inactive,0.0,0,0.0,0.0,0.0,0.0,0.07210925887209883,0.0,0.1682549373682306,0.0050150451354062184,,0.0003178639542275906,0.019071837253655435,0.4807283924806589
2020-09-14,0.0,0.0,0.0,0,0,False,0.0,0.0,0.0,0.0,0.0,0.0,0.0,100.0,100.0,Inactive,0.0,0,0.0,0.0,0.0,0.0,0.07210925887209883,0.0,0.1682549373682306,0.0050150451354062184,,0.0003178639542275906,0.019071837253655435,0.4807283924806589
2020-09-15,0.0,0.0,0.0,0,0,False,0.0,0.0,0.0,0.0,0.0,0.0,0.0,100.0,100.0,Inactive,0.0,0,0.0,0.0,0.0,0.0,0.07210925887209883,0.0,0.1682549373682306,0.0050150451354062184,,0.0003178639542275906,0.019071837253655435,0.4807283924806589
2020-09-16,0.0,0.0,0.0,0,0,False,0.0,0.0,0.0,0.0,0.0,0.0,0.0,100.0,100.0,Inactive,0.0,0,0.0,0.0,0.0,0.0,0.07210925887209883,0.0,0.1682549373682306,0.0050150451354062184,,0.0003178639542275906,0.019071837253655435,0.4807283924806589
2020-09-17,0.0,0.0,0.0,0,0,False,0.0,0.0,0.0,0.0,0.0,0.0,0.0,100.0,100.0,Inactive,0.0,0,0.0,0.0,0.0,0.0,0.07210925887209883,0.0,0.1682549373682306,0.0050150451354062184,,0.0003178639542275906,0.019071837253655435,0.4807283924806589
2020-09-18,0.0,0.0,0.0,0,0,False,0.0,0.0,0.0,0.0,0.0,0.0,0.0,100.0,100.0,Inactive,0.0,0,0.0,0.0,0.0,0.0,0.07210925887209883,0.0,0.1682549373682306,0.0050150451354062184,,0.0003178639542275906,0.019071837253655435,0.4807283924806589
2020-09-19,0.0,0.0,0.0,0,0,False,0.0,0.0,0.0,0.0,0.0,0.0,0.0,100.0,100.0,Inactive,0.0,0,0.0,0.0,0.0,0.0,0.07210925887209883,0.0,0.1682549373682306,0.0050150451354062184,,0.0003178639542275906,0.019071837253655435,0.4807283924806589
2020-09-20,0.0,0.0,0.0,0,0,False,0.0,0.0,0.0,0.0,0.0,0.0,0.0,100.0,100.0,Inactive,0.0,0,0.0,0.0,0.0,0.0,0.07210925887209883,0.0,0.1682549373682306,0.0050150451354062184,,0.0003178639542275906,0.019071837253655435,0.4807283924806589
2020-09-21,0.0,0.0,0.0,0,0,False,0.0,0.0,0.0,0.0,0.0,0.0,0.0,100.0,100.0,Inactive,0.0,0,0.0,0.0,0.0,0.0,0.07210925887209883,0.0,0.1682549373682306,0.0050150451354062184,,0.0003178639542275906,0.019071837253655435,0.4807283924806589
2020-09-22,0.0,0.0,0.0,0,0,False,0.0,0.0,0.0,0.0,0.0,0.0,0.0,100.0,100.0,Inactive,0.0,0,0.0,0.0,0.0,0.0,0.07210925887209883,0.0,0.1682549373682306,0.0050150451354062184,,0.0003178639542275906,0.019071837253655435,0.4807283924806589
2020-09-23,0.0,0.0,0.0,0,0,False,0.0,0.0,0.0,0.0,0.0,0.0,0.0,100.0,100.0,Inactive,0.0,0,0.0,0.0,0.0,0.0,0.07210925887209883,0.0,0.1682549373682306,0.0050150451354062184,,0.0003178639542275906,0.019071837253655435,0.4807283924806589
2020-09-24,0.0,0.0,0.0,0,0,False,0.0,0.0,0.0,0.0,0.0,0.0,0.0,100.0,100.0,Inactive,0.0,0,0.0,0.0,0.0,0.0,0.07210925887209883,0.0,0.1682549373682306,0.0050150451354062184,,0.0003178639542275906,0.019071837253655435,0.4807283924806589
2020-09-25,0.0,0.0,0.0,0,0,False,0.0,0.0,0.0,0.0,0.0,0.0,0.0,100.0,100.0,Inactive,0.0,0,0.0,0.0,0.0,0.0,0.07210925887209883,0.0,0.1682549373682306,0.0050150451354062184,,0.0003178639542275906,0.019071837253655435,0.4807283924806589
2020-09-26,0.0,0.0,0.0,0,0,False,0.0,0.0,0.0,0.0,0.0,0.0,0.0,100.0,100.0,Inactive,0.0,0,0.0,0.0,0.0,0.0,0.07210925887209883,0.0,0.1682549373682306,0.0050150451354062184,,0.0003178639542275906,0.019071837253655435,0.4807283924806589
2020-09-27,0.0,0.0,0.0,0,0,False,0.0,0.0,0.0,0.0,0.0,0.0,0.0,100.0,100.0,Inactive,0.0,0,0.0,0.0,0.0,0.0,0.07210925887209883,0.0,0.1682549373682306,0.0050150451354062184,,0.0003178639542275906,0.019071837253655435,0.4807283924806589
2020-09-28,0.0,0.0,0.0,0,0,False,0.0,0.0,0.0,0.0,0.0,0.0,0.0,100.0,100.0,Inactive,0.0,0,0.0,0.0,0.0,0.0,0.07210925887209883,0.0,0.1682549373682306,0.0050150451354062184,,0.0003178639542275906,0.019071837253655435,0.4807283924806589
2020-09-29,0.0,0.0,0.0,0,0,False,0.0,0.0,0.0,0.0,0.0,0.0,0.0,100.0,100.0,Inactive,0.0,0,0.0,0.0,0.0,0.0,0.07210925887209883,0.0,0.1682549373682306,0.0050150451354062184,,0.0003178639542275906,0.019071837253655435,0.4807283924806589
2020-09-30,0.0,0.0,0.0,0,0,False,0.0,0.0,0.0,0.0,0.0,0.0,0.0,100.0,100.0,Inactive,0.0,0,0.0,0.0,0.0,0.0,0.07210925887209883,0.0,0.1682549373682306,0.0050150451354062184,,0.0003178639542275906,0.019071837253655435,0.4807283924806589
2020-10-01,0.0,0.0,0.0,0,0,False,0.0,0.0,0.0,0.0,0.0,0.0,0.0,100.0,100.0,Inactive,0.0,0,0.0,0.0,0.0,0.0,0.07210925887209883,0.0,0.1682549373682306,0.0050150451354062184,,0.0003178639542275906,0.019071837253655435,0.4807283924806589
2020-10-02,0.0,0.0,0.0,0,0,False,0.0,0.0,0.0,0.0,0.0,0.0,0.0,100.0,100.0,Inactive,0.0,0,0.0,0.0,0.0,0.0,0.07210925887209883,0.0,0.1682549373682306,0.0050150451354062184,,0.0003178639542275906,0.019071837253655435,0.4807283924806589
2020-10-03,0.0,0.0,0.0,0,0,False,0.0,0.0,0.0,0.0,0.0,0.0,0.0,100.0,100.0,Inactive,0.0,0,0.0,0.0,0.0,0.0,0.07210925887209883,0.0,0.1682549373682306,0.0050150451354062184,,0.0003178639542275906,0.019071837253655435,0.4807283924806589
2020-10-04,0.0,0.0,0.0,0,0,False,0.0,0.0,0.0,0.0,0.0,0.0,0.0,100.0,100.0,Inactive,0.0,0,0.0,0.0,0.0,0.0,0.07210925887209883,0.0,0.1682549373682306,0.0050150451354062184,,0.0003178639542275906,0.019071837253655435,0.4807283924806589
2020-10-05,0.0,0.0,0.0,0,0,False,0.0,0.0,0.0,0.0,0.0,0.0,0.0,100.0,100.0,Inactive,0.0,0,0.0,0.0,0.0,0.0,0.07210925887209883,0.0,0.1682549373682306,0.0050150451354062184,,0.0003178639542275906,0.019071837253655435,0.4807283924806589
2020-10-06,0.0,0.0,0.0,0,0,False,0.0,0.0,0.0,0.0,0.0,0.0,0.0,100.0,100.0,Inactive,0.0,0,0.0,0.0,0.0,0.0,0.07210925887209883,0.0,0.1682549373682306,0.0050150451354062184,,0.0003178639542275906,0.019071837253655435,0.4807283924806589
2020-10-07,0.0,0.0,0.0,0,0,False,0.0,0.0,0.0,0.0,0.0,0.0,0.0,100.0,100.0,Inactive,0.0,0,0.0,0.0,0.0,0.0,0.07210925887209883,0.0,0.1682549373682306,0.0050150451354062184,,0.0003178639542275906,0.019071837253655435,0.4807283924806589
2020-10-08,0.0,0.0,0.0,0,0,False,0.0,0.0,0.0,0.0,0.0,0.0,0.0,100.0,100.0,Inactive,0.0,0,0.0,0.0,0.0,0.0,0.07210925887209883,0.0,0.1682549373682306,0.0050150451354062184,,0.0003178639542275906,0.019071837253655435,0.4807283924806589
2020-10-09,0.0,0.0,0.0,0,0,False,0.0,0.0,0.0,0.0,0.0,0.0,0.0,100.0,100.0,Inactive,0.0,0,0.0,0.0,0.0,0.0,0.07210925887209883,0.0,0.1682549373682306,0.0050150451354062184,,0.0003178639542275906,0.019071837253655435,0.4807283924806589
2020-10-10,0.0,0.0,0.0,0,0,False,0.0,0.0,0.0,0.0,0.0,0.0,0.0,100.0,100.0,Inactive,0.0,0,0.0,0.0,0.0,0.0,0.07210925887209883,0.0,0.1682549373682306,0.0050150451354062184,,0.0003178639542275906,0.019071837253655435,0.4807283924806589
2020-10-11,0.0,0.0,0.0,0,0,False,0.0,0.0,0.0,0.0,0.0,0.0,0.0,100.0,100.0,Inactive,0.0,0,0.0,0.0,0.0,0.0,0.07210925887209883,0.0,0.1682549373682306,0.0050150451354062184,,0.0003178639542275906,0.019071837253655435,0.4807283924806589
2020-10-12,0.0,0.0,0.0,0,0,False,0.0,0.0,0.0,0.0,0.0,0.0,0.0,100.0,100.0,Inactive,0.0,0,0.0,0.0,0.0,0.0,0.07210925887209883,0.0,0.1682549373682306,0.0050150451354062184,,0.0003178639542275906,0.019071837253655435,0.4807283924806589
2020-10-13,0.0,0.0,0.0,0,0,False,0.0,0.0,0.0,0.0,0.0,0.0,0.0,100.0,100.0,Inactive,0.0,0,0.0,0.0,0.0,0.0,0.07210925887209883,0.0,0.1682549373682306,0.0050150451354062184,,0.0003178639542275906,0.019071837253655435,0.4807283924806589
2020-10-14,0.0,0.0,0.0,0,0,False,0.0,0.0,0.0,0.0,0.0,0.0,0.0,100.0,100.0,Inactive,0.0,0,0.0,0.0,0.0,0.0,0.07210925887209883,0.0,0.1682549373682306,0.0050150451354062184,,0.0003178639542275906,0.019071837253655435,0.4807283924806589
2020-10-15,0.0,0.0,0.0,0,0,False,0.0,0.0,0.0,0.0,0.0,0.0,0.0,100.0,100.0,Inactive,0.0,0,0.0,0.0,0.0,0.0,0.07210925887209883,0.0,0.1682549373682306,0.0050150451354062184,,0.0003178639542275906,0.019071837253655435,0.4807283924806589
2020-10-16,0.0,0.0,0.0,0,0,False,0.0,0.0,0.0,0.0,0.0,0.0,0.0,100.0,100.0,Inactive,0.0,0,0.0,0.0,0.0,0.0,0.07210925887209883,0.0,0.1682549373682306,0.0050150451354062184,,0.0003178639542275906,0.019071837253655435,0.4807283924806589
2020-10-17,0.0,0.0,0.0,0,0,False,0.0,0.0,0.0,0.0,0.0,0.0,0.0,100.0,100.0,Inactive,0.0,0,0.0,0.0,0.0,0.0,0.07210925887209883,0.0,0.1682549373682306,0.0050150451354062184,,0.0003178639542275906,0.019071837253655435,0.4807283924806589
2020-10-18,0.0,0.0,0.0,0,0,False,0.0,0.0,0.0,0.0,0.0,0.0,0.0,100.0,100.0,Inactive,0.0,0,0.0,0.0,0.0,0.0,0.07210925887209883,0.0,0.1682549373682306,0.0050150451354062184,,0.0003178639542275906,0.019071837253655435,0.4807283924806589
2020-10-19,0.0,0.0,0.0,0,0,False,0.0,0.0,0.0,0.0,0.0,0.0,0.0,100.0,100.0,Inactive,0.0,0,0.0,0.0,0.0,0.0,0.07210925887209883,0.0,0.1682549373682306,0.0050150451354062184,,0.0003178639542275906,0.019071837253655435,0.4807283924806589
2020-10-20,0.0,0.0,0.0,0,0,False,0.0,0.0,0.0,0.0,0.0,0.0,0.0,100.0,100.0,Inactive,0.0,0,0.0,0.0,0.0,0.0,0.07210925887209883,0.0,0.1682549373682306,0.0050150451354062184,,0.0003178639542275906,0.019071837253655435,0.4807283924806589
2020-10-21,0.0,0.0,0.0,0,0,False,0.0,0.0,0.0,0.0,0.0,0.0,0.0,100.0,100.0,Inactive,0.0,0,0.0,0.0,0.0,0.0,0.07210925887209883,0.0,0.1682549373682306,0.0050150451354062184,,0.0003178639542275906,0.019071837253655435,0.4807283924806589
2020-10-22,0.0,0.0,0.0,0,0,False,0.0,0.0,0.0,0.0,0.0,0.0,0.0,100.0,100.0,Inactive,0.0,0,0.0,0.0,0.0,0.0,0.07210925887209883,0.0,0.1682549373682306,0.0050150451354062184,,0.0003178639542275906,0.019071837253655435,0.4807283924806589
2020-10-23,0.0,0.0,0.0,0,0,False,0.0,0.0,0.0,0.0,0.0,0.0,0.0,100.0,100.0,Inactive,0.0,0,0.0,0.0,0.0,0.0,0.07210925887209883,0.0,0.1682549373682306,0.0050150451354062184,,0.0003178639542275906,0.019071837253655435,0.4807283924806589
2020-10-24,0.0,0.0,0.0,0,0,False,0.0,0.0,0.0,0.0,0.0,0.0,0.0,100.0,100.0,Inactive,0.0,0,0.0,0.0,0.0,0.0,0.07210925887209883,0.0,0.1682549373682306,0.0050150451354062184,,0.0003178639542275906,0.019071837253655435,0.4807283924806589
2020-10-25,0.0,0.0,0.0,0,0,False,0.0,0.0,0.0,0.0,0.0,0.0,0.0,100.0,100.0,Inactive,0.0,0,0.0,0.0,0.0,0.0,0.07210925887209883,0.0,0.1682549373682306,0.0050150451354062184,,0.0003178639542275906,0.019071837253655435,0.4807283924806589
2020-10-26,0.0,0.0,0.0,0,0,False,0.0,0.0,0.0,0.0,0.0,0.0,0.0,100.0,100.0,Inactive,0.0,0,0.0,0.0,0.0,0.0,0.07210925887209883,0.0,0.1682549373682306,0.0050150451354062184,,0.0003178639542275906,0.019071837253655435,0.4807283924806589
2020-10-27,0.0,0.0,0.0,0,0,False,0.0,0.0,0.0,0.0,0.0,0.0,0.0,100.0,100.0,Inactive,0.0,0,0.0,0.0,0.0,0.0,0.07210925887209883,0.0,0.1682549373682306,0.0050150451354062184,,0.0003178639542275906,0.019071837253655435,0.4807283924806589
2020-10-28,0.0,0.0,0.0,0,0,False,0.0,0.0,0.0,0.0,0.0,0.0,0.0,100.0,100.0,Inactive,0.0,0,0.0,0.0,0.0,0.0,0.07210925887209883,0.0,0.1682549373682306,0.0050150451354062184,,0.0003178639542275906,0.019071837253655435,0.4807283924806589
2020-10-29,0.0,0.0,0.0,0,0,False,0.0,0.0,0.0,0.0,0.0,0.0,0.0,100.0,100.0,Inactive,0.0,0,0.0,0.0,0.0,0.0,0.07210925887209883,0.0,0.1682549373682306,0.0050150451354062184,,0.0003178639542275906,0.019071837253655435,0.4807283924806589
2020-10-30,0.0,0.0,0.0,0,0,False,0.0,0.0,0.0,0.0,0.0,0.0,0.0,100.0,100.0,Inactive,0.0,0,0.0,0.0,0.0,0.0,0.07210925887209883,0.0,0.1682549373682306,0.0050150451354062184,,0.0003178639542275906,0.019071837253655435,0.4807283924806589
2020-10-31,0.0,0.0,0.0,0,0,False,0.0,0.0,0.0,0.0,0.0,0.0,0.0,100.0,100.0,Inactive,0.0,0,0.0,0.0,0.0,0.0,0.07210925887209883,0.0,0.1682549373682306,0.0050150451354062184,,0.0003178639542275906,0.019071837253655435,0.4807283924806589
2020-11-01,0.0,0.0,0.0,0,0,False,0.0,0.0,0.0,0.0,0.0,0.0,0.0,100.0,100.0,Inactive,0.0,0,0.0,0.0,0.0,0.0,0.07210925887209883,0.0,0.1682549373682306,0.0050150451354062184,,0.0003178639542275906,0.019071837253655435,0.4807283924806589
2020-11-02,0.0,0.0,0.0,0,0,False,0.0,0.0,0.0,0.0,0.0,0.0,0.0,100.0,100.0,Inactive,0.0,0,0.0,0.0,0.0,0.0,0.07210925887209883,0.0,0.1682549373682306,0.0050150451354062184,,0.0003178639542275906,0.019071837253655435,0.4807283924806589
2020-11-03,0.0,0.0,0.0,0,0,False,0.0,0.0,0.0,0.0,0.0,0.0,0.0,100.0,100.0,Inactive,0.0,0,0.0,0.0,0.0,0.0,0.07210925887209883,0.0,0.1682549373682306,0.0050150451354062184,,0.0003178639542275906,0.019071837253655435,0.4807283924806589
2020-11-04,0.0,0.0,0.0,0,0,False,0.0,0.0,0.0,0.0,0.0,0.0,0.0,100.0,100.0,Inactive,0.0,0,0.0,0.0,0.0,0.0,0.07210925887209883,0.0,0.1682549373682306,0.0050150451354062184,,0.0003178639542275906,0.019071837253655435,0.4807283924806589
2020-11-05,0.0,0.0,0.0,0,0,False,0.0,0.0,0.0,0.0,0.0,0.0,0.0,100.0,100.0,Inactive,0.0,0,0.0,0.0,0.0,0.0,0.07210925887209883,0.0,0.1682549373682306,0.0050150451354062184,,0.0003178639542275906,0.019071837253655435,0.4807283924806589
2020-11-06,0.0,0.0,0.0,0,0,False,0.0,0.0,0.0,0.0,0.0,0.0,0.0,100.0,100.0,Inactive,0.0,0,0.0,0.0,0.0,0.0,0.07210925887209883,0.0,0.1682549373682306,0.0050150451354062184,,0.0003178639542275906,0.019071837253655435,0.4807283924806589
2020-11-07,0.0,0.0,0.0,0,0,False,0.0,0.0,0.0,0.0,0.0,0.0,0.0,100.0,100.0,Inactive,0.0,0,0.0,0.0,0.0,0.0,0.07210925887209883,0.0,0.1682549373682306,0.0050150451354062184,,0.0003178639542275906,0.019071837253655435,0.4807283924806589
2020-11-08,0.0,0.0,0.0,0,0,False,0.0,0.0,0.0,0.0,0.0,0.0,0.0,100.0,100.0,Inactive,0.0,0,0.0,0.0,0.0,0.0,0.07210925887209883,0.0,0.1682549373682306,0.0050150451354062184,,0.0003178639542275906,0.019071837253655435,0.4807283924806589
2020-11-09,0.0,0.0,0.0,0,0,False,0.0,0.0,0.0,0.0,0.0,0.0,0.0,100.0,100.0,Inactive,0.0,0,0.0,0.0,0.0,0.0,0.07210925887209883,0.0,0.1682549373682306,0.0050150451354062184,,0.0003178639542275906,0.019071837253655435,0.4807283924806589
2020-11-10,0.0,0.0,0.0,0,0,False,0.0,0.0,0.0,0.0,0.0,0.0,0.0,100.0,100.0,Inactive,0.0,0,0.0,0.0,0.0,0.0,0.07210925887209883,0.0,0.1682549373682306,0.0050150451354062184,,0.0003178639542275906,0.019071837253655435,0.4807283924806589
2020-11-11,0.0,0.0,0.0,0,0,False,0.0,0.0,0.0,0.0,0.0,0.0,0.0,100.0,100.0,Inactive,0.0,0,0.0,0.0,0.0,0.0,0.07210925887209883,0.0,0.1682549373682306,0.0050150451354062184,,0.0003178639542275906,0.019071837253655435,0.4807283924806589
2020-11-12,0.0,0.0,0.0,0,0,False,0.0,0.0,0.0,0.0,0.0,0.0,0.0,100.0,100.0,Inactive,0.0,0,0.0,0.0,0.0,0.0,0.07210925887209883,0.0,0.1682549373682306,0.0050150451354062184,,0.0003178639542275906,0.019071837253655435,0.4807283924806589
2020-11-13,0.0,0.0,0.0,0,0,False,0.0,0.0,0.0,0.0,0.0,0.0,0.0,100.0,100.0,Inactive,0.0,0,0.0,0.0,0.0,0.0,0.07210925887209883,0.0,0.1682549373682306,0.0050150451354062184,,0.0003178639542275906,0.019071837253655435,0.4807283924806589
2020-11-14,0.0,0.0,0.0,0,0,False,0.0,0.0,0.0,0.0,0.0,0.0,0.0,100.0,100.0,Inactive,0.0,0,0.0,0.0,0.0,0.0,0.07210925887209883,0.0,0.1682549373682306,0.0050150451354062184,,0.0003178639542275906,0.019071837253655435,0.4807283924806589
2020-11-15,0.0,0.0,0.0,0,0,False,0.0,0.0,0.0,0.0,0.0,0.0,0.0,100.0,100.0,Inactive,0.0,0,0.0,0.0,0.0,0.0,0.07210925887209883,0.0,0.1682549373682306,0.0050150451354062184,,0.0003178639542275906,0.019071837253655435,0.4807283924806589
2020-11-16,0.0,0.0,0.0,0,0,False,0.0,0.0,0.0,0.0,0.0,0.0,0.0,100.0,100.0,Inactive,0.0,0,0.0,0.0,0.0,0.0,0.07210925887209883,0.0,0.1682549373682306,0.0050150451354062184,,0.0003178639542275906,0.019071837253655435,0.4807283924806589
2020-11-17,0.0,0.0,0.0,0,0,False,0.0,0.0,0.0,0.0,0.0,0.0,0.0,100.0,100.0,Inactive,0.0,0,0.0,0.0,0.0,0.0,0.07210925887209883,0.0,0.1682549373682306,0.0050150451354062184,,0.0003178639542275906,0.019071837253655435,0.4807283924806589
2020-11-18,0.0,0.0,0.0,0,0,False,0.0,0.0,0.0,0.0,0.0,0.0,0.0,100.0,100.0,Inactive,0.0,0,0.0,0.0,0.0,0.0,0.07210925887209883,0.0,0.1682549373682306,0.0050150451354062184,,0.0003178639542275906,0.019071837253655435,0.4807283924806589
2020-11-19,0.0,0.0,0.0,0,0,False,0.0,0.0,0.0,0.0,0.0,0.0,0.0,100.0,100.0,Inactive,0.0,0,0.0,0.0,0.0,0.0,0.07210925887209883,0.0,0.1682549373682306,0.0050150451354062184,,0.0003178639542275906,0.019071837253655435,0.4807283924806589
2020-11-20,0.0,0.0,0.0,0,0,False,0.0,0.0,0.0,0.0,0.0,0.0,0.0,100.0,100.0,Inactive,0.0,0,0.0,0.0,0.0,0.0,0.07210925887209883,0.0,0.1682549373682306,0.0050150451354062184,,0.0003178639542275906,0.019071837253655435,0.4807283924806589
2020-11-21,0.0,0.0,0.0,0,0,False,0.0,0.0,0.0,0.0,0.0,0.0,0.0,100.0,100.0,Inactive,0.0,0,0.0,0.0,0.0,0.0,0.07210925887209883,0.0,0.1682549373682306,0.0050150451354062184,,0.0003178639542275906,0.019071837253655435,0.4807283924806589
2020-11-22,0.0,0.0,0.0,0,0,False,0.0,0.0,0.0,0.0,0.0,0.0,0.0,100.0,100.0,Inactive,0.0,0,0.0,0.0,0.0,0.0,0.07210925887209883,0.0,0.1682549373682306,0.0050150451354062184,,0.0003178639542275906,0.019071837253655435,0.4807283924806589
2020-11-23,0.0,0.0,0.0,0,0,False,0.0,0.0,0.0,0.0,0.0,0.0,0.0,100.0,100.0,Inactive,0.0,0,0.0,0.0,0.0,0.0,0.07210925887209883,0.0,0.1682549373682306,0.0050150451354062184,,0.0003178639542275906,0.019071837253655435,0.4807283924806589
2020-11-24,0.0,0.0,0.0,0,0,False,0.0,0.0,0.0,0.0,0.0,0.0,0.0,100.0,100.0,Inactive,0.0,0,0.0,0.0,0.0,0.0,0.07210925887209883,0.0,0.1682549373682306,0.0050150451354062184,,0.0003178639542275906,0.019071837253655435,0.4807283924806589
2020-11-25,0.0,0.0,0.0,0,0,False,0.0,0.0,0.0,0.0,0.0,0.0,0.0,100.0,100.0,Inactive,0.0,0,0.0,0.0,0.0,0.0,0.07210925887209883,0.0,0.1682549373682306,0.0050150451354062184,,0.0003178639542275906,0.019071837253655435,0.4807283924806589
2020-11-26,0.0,0.0,0.0,0,0,False,0.0,0.0,0.0,0.0,0.0,0.0,0.0,100.0,100.0,Inactive,0.0,0,0.0,0.0,0.0,0.0,0.07210925887209883,0.0,0.1682549373682306,0.0050150451354062184,,0.0003178639542275906,0.019071837253655435,0.4807283924806589
2020-11-27,0.0,0.0,0.0,0,0,False,0.0,0.0,0.0,0.0,0.0,0.0,0.0,100.0,100.0,Inactive,0.0,0,0.0,0.0,0.0,0.0,0.07210925887209883,0.0,0.1682549373682306,0.0050150451354062184,,0.0003178639542275906,0.019071837253655435,0.4807283924806589
2020-11-28,0.0,0.0,0.0,0,0,False,0.0,0.0,0.0,0.0,0.0,0.0,0.0,100.0,100.0,Inactive,0.0,0,0.0,0.0,0.0,0.0,0.07210925887209883,0.0,0.1682549373682306,0.0050150451354062184,,0.0003178639542275906,0.019071837253655435,0.4807283924806589
2020-11-29,0.0,0.0,0.0,0,0,False,0.0,0.0,0.0,0.0,0.0,0.0,0.0,100.0,100.0,Inactive,0.0,0,0.0,0.0,0.0,0.0,0.07210925887209883,0.0,0.1682549373682306,0.0050150451354062184,,0.0003178639542275906,0.019071837253655435,0.4807283924806589
2020-11-30,0.0,0.0,0.0,0,0,False,0.0,0.0,0.0,0.0,0.0,0.0,0.0,100.0,100.0,Inactive,0.0,0,0.0,0.0,0.0,0.0,0.07210925887209883,0.0,0.1682549373682306,0.0050150451354062184,,0.0003178639542275906,0.019071837253655435,0.4807283924806589
2020-12-01,0.0,0.0,0.0,0,0,False,0.0,0.0,0.0,0.0,0.0,0.0,0.0,100.0,100.0,Inactive,0.0,0,0.0,0.0,0.0,0.0,0.07210925887209883,0.0,0.1682549373682306,0.0050150451354062184,,0.0003178639542275906,0.019071837253655435,0.4807283924806589
2020-12-02,0.0,0.0,0.0,0,0,False,0.0,0.0,0.0,0.0,0.0,0.0,0.0,100.0,100.0,Inactive,0.0,0,0.0,0.0,0.0,0.0,0.07210925887209883,0.0,0.1682549373682306,0.0050150451354062184,,0.0003178639542275906,0.019071837253655435,0.4807283924806589
2020-12-03,0.0,0.0,0.0,0,0,False,0.0,0.0,0.0,0.0,0.0,0.0,0.0,100.0,100.0,Inactive,0.0,0,0.0,0.0,0.0,0.0,0.07210925887209883,0.0,0.1682549373682306,0.0050150451354062184,,0.0003178639542275906,0.019071837253655435,0.4807283924806589
2020-12-04,0.0,0.0,0.0,0,0,False,0.0,0.0,0.0,0.0,0.0,0.0,0.0,100.0,100.0,Inactive,0.0,0,0.0,0.0,0.0,0.0,0.07210925887209883,0.0,0.1682549373682306,0.0050150451354062184,,0.0003178639542275906,0.019071837253655435,0.4807283924806589
2020-12-05,0.0,0.0,0.0,0,0,False,0.0,0.0,0.0,0.0,0.0,0.0,0.0,100.0,100.0,Inactive,0.0,0,0.0,0.0,0.0,0.0,0.07210925887209883,0.0,0.1682549373682306,0.0050150451354062184,,0.0003178639542275906,0.019071837253655435,0.4807283924806589
2020-12-06,0.0,0.0,0.0,0,0,False,0.0,0.0,0.0,0.0,0.0,0.0,0.0,100.0,100.0,Inactive,0.0,0,0.0,0.0,0.0,0.0,0.07210925887209883,0.0,0.1682549373682306,0.0050150451354062184,,0.0003178639542275906,0.019071837253655435,0.4807283924806589
2020-12-07,0.0,0.0,0.0,0,0,False,0.0,0.0,0.0,0.0,0.0,0.0,0.0,100.0,100.0,Inactive,0.0,0,0.0,0.0,0.0,0.0,0.07210925887209883,0.0,0.1682549373682306,0.0050150451354062184,,0.0003178639542275906,0.019071837253655435,0.4807283924806589
2020-12-08,0.0,0.0,0.0,0,0,False,0.0,0.0,0.0,0.0,0.0,0.0,0.0,100.0,100.0,Inactive,0.0,0,0.0,0.0,0.0,0.0,0.07210925887209883,0.0,0.1682549373682306,0.0050150451354062184,,0.0003178639542275906,0.019071837253655435,0.4807283924806589
2020-12-09,0.0,0.0,0.0,0,0,False,0.0,0.0,0.0,0.0,0.0,0.0,0.0,100.0,100.0,Inactive,0.0,0,0.0,0.0,0.0,0.0,0.07210925887209883,0.0,0.1682549373682306,0.0050150451354062184,,0.0003178639542275906,0.019071837253655435,0.4807283924806589
2020-12-10,0.0,0.0,0.0,0,0,False,0.0,0.0,0.0,0.0,0.0,0.0,0.0,100.0,100.0,Inactive,0.0,0,0.0,0.0,0.0,0.0,0.07210925887209883,0.0,0.1682549373682306,0.0050150451354062184,,0.0003178639542275906,0.019071837253655435,0.4807283924806589
2020-12-11,0.0,0.0,0.0,0,0,False,0.0,0.0,0.0,0.0,0.0,0.0,0.0,100.0,100.0,Inactive,0.0,0,0.0,0.0,0.0,0.0,0.07210925887209883,0.0,0.1682549373682306,0.0050150451354062184,,0.0003178639542275906,0.019071837253655435,0.4807283924806589
2020-12-12,0.0,0.0,0.0,0,0,False,0.0,0.0,0.0,0.0,0.0,0.0,0.0,100.0,100.0,Inactive,0.0,0,0.0,0.0,0.0,0.0,0.07210925887209883,0.0,0.1682549373682306,0.0050150451354062184,,0.0003178639542275906,0.019071837253655435,0.4807283924806589
2020-12-13,0.0,0.0,0.0,0,0,False,0.0,0.0,0.0,0.0,0.0,0.0,0.0,100.0,100.0,Inactive,0.0,0,0.0,0.0,0.0,0.0,0.07210925887209883,0.0,0.1682549373682306,0.0050150451354062184,,0.0003178639542275906,0.019071837253655435,0.4807283924806589
2020-12-14,0.0,0.0,0.0,0,0,False,0.0,0.0,0.0,0.0,0.0,0.0,0.0,100.0,100.0,Inactive,0.0,0,0.0,0.0,0.0,0.0,0.07210925887209883,0.0,0.1682549373682306,0.0050150451354062184,,0.0003178639542275906,0.019071837253655435,0.4807283924806589
2020-12-15,0.0,0.0,0.0,0,0,False,0.0,0.0,0.0,0.0,0.0,0.0,0.0,100.0,100.0,Inactive,0.0,0,0.0,0.0,0.0,0.0,0.07210925887209883,0.0,0.1682549373682306,0.0050150451354062184,,0.0003178639542275906,0.019071837253655435,0.4807283924806589
2020-12-16,0.0,0.0,0.0,0,0,False,0.0,0.0,0.0,0.0,0.0,0.0,0.0,100.0,100.0,Inactive,0.0,0,0.0,0.0,0.0,0.0,0.07210925887209883,0.0,0.1682549373682306,0.0050150451354062184,,0.0003178639542275906,0.019071837253655435,0.4807283924806589
2020-12-17,0.0,0.0,0.0,0,0,False,0.0,0.0,0.0,0.0,0.0,0.0,0.0,100.0,100.0,Inactive,0.0,0,0.0,0.0,0.0,0.0,0.07210925887209883,0.0,0.1682549373682306,0.0050150451354062184,,0.0003178639542275906,0.019071837253655435,0.4807283924806589
2020-12-18,0.0,0.0,0.0,0,0,False,0.0,0.0,0.0,0.0,0.0,0.0,0.0,100.0,100.0,Inactive,0.0,0,0.0,0.0,0.0,0.0,0.07210925887209883,0.0,0.1682549373682306,0.0050150451354062184,,0.0003178639542275906,0.019071837253655435,0.4807283924806589
2020-12-19,0.0,0.0,0.0,0,0,False,0.0,0.0,0.0,0.0,0.0,0.0,0.0,100.0,100.0,Inactive,0.0,0,0.0,0.0,0.0,0.0,0.07210925887209883,0.0,0.1682549373682306,0.0050150451354062184,,0.0003178639542275906,0.019071837253655435,0.4807283924806589
2020-12-20,0.0,0.0,0.0,0,0,False,0.0,0.0,0.0,0.0,0.0,0.0,0.0,100.0,100.0,Inactive,0.0,0,0.0,0.0,0.0,0.0,0.07210925887209883,0.0,0.1682549373682306,0.0050150451354062184,,0.0003178639542275906,0.019071837253655435,0.4807283924806589
2020-12-21,0.0,0.0,0.0,0,0,False,0.0,0.0,0.0,0.0,0.0,0.0,0.0,100.0,100.0,Inactive,0.0,0,0.0,0.0,0.0,0.0,0.07210925887209883,0.0,0.1682549373682306,0.0050150451354062184,,0.0003178639542275906,0.019071837253655435,0.4807283924806589
2020-12-22,0.0,0.0,0.0,0,0,False,0.0,0.0,0.0,0.0,0.0,0.0,0.0,100.0,100.0,Inactive,0.0,0,0.0,0.0,0.0,0.0,0.07210925887209883,0.0,0.1682549373682306,0.0050150451354062184,,0.0003178639542275906,0.019071837253655435,0.4807283924806589
2020-12-23,0.0,0.0,0.0,0,0,False,0.0,0.0,0.0,0.0,0.0,0.0,0.0,100.0,100.0,Inactive,0.0,0,0.0,0.0,0.0,0.0,0.07210925887209883,0.0,0.1682549373682306,0.0050150451354062184,,0.0003178639542275906,0.019071837253655435,0.4807283924806589
2020-12-24,0.0,0.0,0.0,0,0,False,0.0,0.0,0.0,0.0,0.0,0.0,0.0,100.0,100.0,Inactive,0.0,0,0.0,0.0,0.0,0.0,0.07210925887209883,0.0,0.1682549373682306,0.0050150451354062184,,0.0003178639542275906,0.019071837253655435,0.4807283924806589
2020-12-25,0.0,0.0,0.0,0,0,False,0.0,0.0,0.0,0.0,0.0,0.0,0.0,100.0,100.0,Inactive,0.0,0,0.0,0.0,0.0,0.0,0.07210925887209883,0.0,0.1682549373682306,0.0050150451354062184,,0.0003178639542275906,0.019071837253655435,0.4807283924806589
2020-12-26,0.0,0.0,0.0,0,0,False,0.0,0.0,0.0,0.0,0.0,0.0,0.0,100.0,100.0,Inactive,0.0,0,0.0,0.0,0.0,0.0,0.07210925887209883,0.0,0.1682549373682306,0.0050150451354062184,,0.0003178639542275906,0.019071837253655435,0.4807283924806589
2020-12-27,0.0,0.0,0.0,0,0,False,0.0,0.0,0.0,0.0,0.0,0.0,0.0,100.0,100.0,Inactive,0.0,0,0.0,0.0,0.0,0.0,0.07210925887209883,0.0,0.1682549373682306,0.0050150451354062184,,0.0003178639542275906,0.019071837253655435,0.4807283924806589
2020-12-28,0.0,0.0,0.0,0,0,False,0.0,0.0,0.0,0.0,0.0,0.0,0.0,100.0,100.0,Inactive,0.0,0,0.0,0.0,0.0,0.0,0.07210925887209883,0.0,0.1682549373682306,0.0050150451354062184,,0.0003178639542275906,0.019071837253655435,0.4807283924806589
2020-12-29,0.0,0.0,0.0,0,0,False,0.0,0.0,0.0,0.0,0.0,0.0,0.0,100.0,100.0,Inactive,0.0,0,0.0,0.0,0.0,0.0,0.07210925887209883,0.0,0.1682549373682306,0.0050150451354062184,,0.0003178639542275906,0.019071837253655435,0.4807283924806589
2020-12-30,0.0,0.0,0.0,0,0,False,0.0,0.0,0.0,0.0,0.0,0.0,0.0,100.0,100.0,Inactive,0.0,0,0.0,0.0,0.0,0.0,0.07210925887209883,0.0,0.1682549373682306,0.0050150451354062184,,0.0003178639542275906,0.019071837253655435,0.4807283924806589
2020-12-31,0.0,0.0,0.0,0,0,False,0.0,0.0,0.0,0.0,0.0,0.0,0.0,100.0,100.0,Inactive,0.0,0,0.0,0.0,0.0,0.0,0.07210925887209883,0.0,0.1682549373682306,0.0050150451354062184,,0.0003178639542275906,0.019071837253655435,0.4807283924806589
2021-01-01,0.0,0.0,0.0,0,0,False,0.0,0.0,0.0,0.0,0.0,0.0,0.0,100.0,100.0,Inactive,0.0,0,0.0,0.0,0.0,0.0,0.07210925887209883,0.0,0.1682549373682306,0.0050150451354062184,,0.0003178639542275906,0.019071837253655435,0.4807283924806589
2021-01-02,0.0,0.0,0.0,0,0,False,0.0,0.0,0.0,0.0,0.0,0.0,0.0,100.0,100.0,Inactive,0.0,0,0.0,0.0,0.0,0.0,0.07210925887209883,0.0,0.1682549373682306,0.0050150451354062184,,0.0003178639542275906,0.019071837253655435,0.4807283924806589
2021-01-03,0.0,0.0,0.0,0,0,False,0.0,0.0,0.0,0.0,0.0,0.0,0.0,100.0,100.0,Inactive,0.0,0,0.0,0.0,0.0,0.0,0.07210925887209883,0.0,0.1682549373682306,0.0050150451354062184,,0.0003178639542275906,0.019071837253655435,0.4807283924806589
2021-01-04,0.0,0.0,0.0,0,0,False,0.0,0.0,0.0,0.0,0.0,0.0,0.0,100.0,100.0,Inactive,0.0,0,0.0,0.0,0.0,0.0,0.07210925887209883,0.0,0.1682549373682306,0.0050150451354062184,,0.0003178639542275906,0.019071837253655435,0.4807283924806589
2021-01-05,0.0,0.0,0.0,0,0,False,0.0,0.0,0.0,0.0,0.0,0.0,0.0,100.0,100.0,Inactive,0.0,0,0.0,0.0,0.0,0.0,0.07210925887209883,0.0,0.1682549373682306,0.0050150451354062184,,0.0003178639542275906,0.019071837253655435,0.4807283924806589
2021-01-06,0.0,0.0,0.0,0,0,False,0.0,0.0,0.0,0.0,0.0,0.0,0.0,100.0,100.0,Inactive,0.0,0,0.0,0.0,0.0,0.0,0.07210925887209883,0.0,0.1682549373682306,0.0050150451354062184,,0.0003178639542275906,0.019071837253655435,0.4807283924806589
2021-01-07,0.0,0.0,0.0,0,0,False,0.0,0.0,0.0,0.0,0.0,0.0,0.0,100.0,100.0,Inactive,0.0,0,0.0,0.0,0.0,0.0,0.07210925887209883,0.0,0.1682549373682306,0.0050150451354062184,,0.0003178639542275906,0.019071837253655435,0.4807283924806589
2021-01-08,0.0,0.0,0.0,0,0,False,0.0,0.0,0.0,0.0,0.0,0.0,0.0,100.0,100.0,Inactive,0.0,0,0.0,0.0,0.0,0.0,0.07210925887209883,0.0,0.1682549373682306,0.0050150451354062184,,0.0003178639542275906,0.019071837253655435,0.4807283924806589
2021-01-09,0.0,0.0,0.0,0,0,False,0.0,0.0,0.0,0.0,0.0,0.0,0.0,100.0,100.0,Inactive,0.0,0,0.0,0.0,0.0,0.0,0.07210925887209883,0.0,0.1682549373682306,0.0050150451354062184,,0.0003178639542275906,0.019071837253655435,0.4807283924806589
2021-01-10,0.0,0.0,0.0,0,0,False,0.0,0.0,0.0,0.0,0.0,0.0,0.0,100.0,100.0,Inactive,0.0,0,0.0,0.0,0.0,0.0,0.07210925887209883,0.0,0.1682549373682306,0.0050150451354062184,,0.0003178639542275906,0.019071837253655435,0.4807283924806589
2021-01-11,0.0,0.0,0.0,0,0,False,0.0,0.0,0.0,0.0,0.0,0.0,0.0,100.0,100.0,Inactive,0.0,0,0.0,0.0,0.0,0.0,0.07210925887209883,0.0,0.1682549373682306,0.0050150451354062184,,0.0003178639542275906,0.019071837253655435,0.4807283924806589
2021-01-12,0.0,0.0,0.0,0,0,False,0.0,0.0,0.0,0.0,0.0,0.0,0.0,100.0,100.0,Inactive,0.0,0,0.0,0.0,0.0,0.0,0.07210925887209883,0.0,0.1682549373682306,0.0050150451354062184,,0.0003178639542275906,0.019071837253655435,0.4807283924806589
2021-01-13,0.0,0.0,0.0,0,0,False,0.0,0.0,0.0,0.0,0.0,0.0,0.0,100.0,100.0,Inactive,0.0,0,0.0,0.0,0.0,0.0,0.07210925887209883,0.0,0.1682549373682306,0.0050150451354062184,,0.0003178639542275906,0.019071837253655435,0.4807283924806589
2021-01-14,0.0,0.0,0.0,0,0,False,0.0,0.0,0.0,0.0,0.0,0.0,0.0,100.0,100.0,Inactive,0.0,0,0.0,0.0,0.0,0.0,0.07210925887209883,0.0,0.1682549373682306,0.0050150451354062184,,0.0003178639542275906,0.019071837253655435,0.4807283924806589
2021-01-15,0.0,0.0,0.0,0,0,False,0.0,0.0,0.0,0.0,0.0,0.0,0.0,100.0,100.0,Inactive,0.0,0,0.0,0.0,0.0,0.0,0.07210925887209883,0.0,0.1682549373682306,0.0050150451354062184,,0.0003178639542275906,0.019071837253655435,0.4807283924806589
2021-01-16,0.0,0.0,0.0,0,0,False,0.0,0.0,0.0,0.0,0.0,0.0,0.0,100.0,100.0,Inactive,0.0,0,0.0,0.0,0.0,0.0,0.07210925887209883,0.0,0.1682549373682306,0.0050150451354062184,,0.0003178639542275906,0.019071837253655435,0.4807283924806589
2021-01-17,0.0,0.0,0.0,0,0,False,0.0,0.0,0.0,0.0,0.0,0.0,0.0,100.0,100.0,Inactive,0.0,0,0.0,0.0,0.0,0.0,0.07210925887209883,0.0,0.1682549373682306,0.0050150451354062184,,0.0003178639542275906,0.019071837253655435,0.4807283924806589
2021-01-18,0.0,0.0,0.0,0,0,False,0.0,0.0,0.0,0.0,0.0,0.0,0.0,100.0,100.0,Inactive,0.0,0,0.0,0.0,0.0,0.0,0.07210925887209883,0.0,0.1682549373682306,0.0050150451354062184,,0.0003178639542275906,0.019071837253655435,0.4807283924806589
2021-01-19,0.0,0.0,0.0,0,0,False,0.0,0.0,0.0,0.0,0.0,0.0,0.0,100.0,100.0,Inactive,0.0,0,0.0,0.0,0.0,0.0,0.07210925887209883,0.0,0.1682549373682306,0.0050150451354062184,,0.0003178639542275906,0.019071837253655435,0.4807283924806589
2021-01-20,0.0,0.0,0.0,0,0,False,0.0,0.0,0.0,0.0,0.0,0.0,0.0,100.0,100.0,Inactive,0.0,0,0.0,0.0,0.0,0.0,0.07210925887209883,0.0,0.1682549373682306,0.0050150451354062184,,0.0003178639542275906,0.019071837253655435,0.4807283924806589
2021-01-21,0.0,0.0,0.0,0,0,False,0.0,0.0,0.0,0.0,0.0,0.0,0.0,100.0,100.0,Inactive,0.0,0,0.0,0.0,0.0,0.0,0.07210925887209883,0.0,0.1682549373682306,0.0050150451354062184,,0.0003178639542275906,0.019071837253655435,0.4807283924806589
2021-01-22,0.0,0.0,0.0,0,0,False,0.0,0.0,0.0,0.0,0.0,0.0,0.0,100.0,100.0,Inactive,0.0,0,0.0,0.0,0.0,0.0,0.07210925887209883,0.0,0.1682549373682306,0.0050150451354062184,,0.0003178639542275906,0.019071837253655435,0.4807283924806589
2021-01-23,0.0,0.0,0.0,0,0,False,0.0,0.0,0.0,0.0,0.0,0.0,0.0,100.0,100.0,Inactive,0.0,0,0.0,0.0,0.0,0.0,0.07210925887209883,0.0,0.1682549373682306,0.0050150451354062184,,0.0003178639542275906,0.019071837253655435,0.4807283924806589
2021-01-24,0.0,0.0,0.0,0,0,False,0.0,0.0,0.0,0.0,0.0,0.0,0.0,100.0,100.0,Inactive,0.0,0,0.0,0.0,0.0,0.0,0.07210925887209883,0.0,0.1682549373682306,0.0050150451354062184,,0.0003178639542275906,0.019071837253655435,0.4807283924806589
2021-01-25,0.0,0.0,0.0,0,0,False,0.0,0.0,0.0,0.0,0.0,0.0,0.0,100.0,100.0,Inactive,0.0,0,0.0,0.0,0.0,0.0,0.07210925887209883,0.0,0.1682549373682306,0.0050150451354062184,,0.0003178639542275906,0.019071837253655435,0.4807283924806589
2021-01-26,0.0,0.0,0.0,0,0,False,0.0,0.0,0.0,0.0,0.0,0.0,0.0,100.0,100.0,Inactive,0.0,0,0.0,0.0,0.0,0.0,0.07210925887209883,0.0,0.1682549373682306,0.0050150451354062184,,0.0003178639542275906,0.019071837253655435,0.4807283924806589
2021-01-27,0.0,0.0,0.0,0,0,False,0.0,0.0,0.0,0.0,0.0,0.0,0.0,100.0,100.0,Inactive,0.0,0,0.0,0.0,0.0,0.0,0.07210925887209883,0.0,0.1682549373682306,0.0050150451354062184,,0.0003178639542275906,0.019071837253655435,0.4807283924806589
2021-01-28,0.0,0.0,0.0,0,0,False,0.0,0.0,0.0,0.0,0.0,0.0,0.0,100.0,100.0,Inactive,0.0,0,0.0,0.0,0.0,0.0,0.07210925887209883,0.0,0.1682549373682306,0.0050150451354062184,,0.0003178639542275906,0.019071837253655435,0.4807283924806589
2021-01-29,0.0,0.0,0.0,0,0,False,0.0,0.0,0.0,0.0,0.0,0.0,0.0,100.0,100.0,Inactive,0.0,0,0.0,0.0,0.0,0.0,0.07210925887209883,0.0,0.1682549373682306,0.0050150451354062184,,0.0003178639542275906,0.019071837253655435,0.4807283924806589
2021-01-30,0.0,0.0,0.0,0,0,False,0.0,0.0,0.0,0.0,0.0,0.0,0.0,100.0,100.0,Inactive,0.0,0,0.0,0.0,0.0,0.0,0.07210925887209883,0.0,0.1682549373682306,0.0050150451354062184,,0.0003178639542275906,0.019071837253655435,0.4807283924806589
2021-01-31,0.0,0.0,0.0,0,0,False,0.0,0.0,0.0,0.0,0.0,0.0,0.0,100.0,100.0,Inactive,0.0,0,0.0,0.0,0.0,0.0,0.07210925887209883,0.0,0.1682549373682306,0.0050150451354062184,,0.0003178639542275906,0.019071837253655435,0.4807283924806589
2021-02-01,0.0,0.0,0.0,0,0,False,0.0,0.0,0.0,0.0,0.0,0.0,0.0,100.0,100.0,Inactive,0.0,0,0.0,0.0,0.0,0.0,0.07210925887209883,0.0,0.1682549373682306,0.0050150451354062184,,0.0003178639542275906,0.019071837253655435,0.4807283924806589
2021-02-02,0.0,0.0,0.0,0,0,False,0.0,0.0,0.0,0.0,0.0,0.0,0.0,100.0,100.0,Inactive,0.0,0,0.0,0.0,0.0,0.0,0.07210925887209883,0.0,0.1682549373682306,0.0050150451354062184,,0.0003178639542275906,0.019071837253655435,0.4807283924806589
2021-02-03,0.0,0.0,0.0,0,0,False,0.0,0.0,0.0,0.0,0.0,0.0,0.0,100.0,100.0,Inactive,0.0,0,0.0,0.0,0.0,0.0,0.07210925887209883,0.0,0.1682549373682306,0.0050150451354062184,,0.0003178639542275906,0.019071837253655435,0.4807283924806589
2021-02-04,0.0,0.0,0.0,0,0,False,0.0,0.0,0.0,0.0,0.0,0.0,0.0,100.0,100.0,Inactive,0.0,0,0.0,0.0,0.0,0.0,0.07210925887209883,0.0,0.1682549373682306,0.0050150451354062184,,0.0003178639542275906,0.019071837253655435,0.4807283924806589
2021-02-05,0.0,0.0,0.0,0,0,False,0.0,0.0,0.0,0.0,0.0,0.0,0.0,100.0,100.0,Inactive,0.0,0,0.0,0.0,0.0,0.0,0.07210925887209883,0.0,0.1682549373682306,0.0050150451354062184,,0.0003178639542275906,0.019071837253655435,0.4807283924806589
2021-02-06,0.0,0.0,0.0,0,0,False,0.0,0.0,0.0,0.0,0.0,0.0,0.0,100.0,100.0,Inactive,0.0,0,0.0,0.0,0.0,0.0,0.07210925887209883,0.0,0.1682549373682306,0.0050150451354062184,,0.0003178639542275906,0.019071837253655435,0.4807283924806589
2021-02-07,0.0,0.0,0.0,0,0,False,0.0,0.0,0.0,0.0,0.0,0.0,0.0,100.0,100.0,Inactive,0.0,0,0.0,0.0,0.0,0.0,0.07210925887209883,0.0,0.1682549373682306,0.0050150451354062184,,0.0003178639542275906,0.019071837253655435,0.4807283924806589
2021-02-08,0.0,0.0,0.0,0,0,False,0.0,0.0,0.0,0.0,0.0,0.0,0.0,100.0,100.0,Inactive,0.0,0,0.0,0.0,0.0,0.0,0.07210925887209883,0.0,0.1682549373682306,0.0050150451354062184,,0.0003178639542275906,0.019071837253655435,0.4807283924806589
2021-02-09,0.0,0.0,0.0,4,8,True,0.0,0.0,0.0,0.0,0.0,0.0,0.0,100.0,100.0,Normal,0.0,0,0.0,0.0,0.0,0.0,0.07210925887209883,0.0,0.1682549373682306,0.0050150451354062184,,0.0003178639542275906,0.019071837253655435,0.4807283924806589
2021-02-10,0.0,0.0,0.0,5,10,True,0.0,0.0,0.0,0.0,0.0,0.0,0.0,100.0,100.0,Normal,0.0,0,0.0,0.0,0.0,0.0,0.07210925887209883,0.0,0.1682549373682306,0.0050150451354062184,,0.0003178639542275906,0.019071837253655435,0.4807283924806589
2021-02-11,0.0,0.0,0.0,9,16,True,0.0,0.0,0.0,0.0,0.0,0.0,0.0,100.0,100.0,Normal,0.0,0,0.0,0.0,0.0,0.0,0.07210925887209883,0.0,0.1682549373682306,0.0050150451354062184,,0.0003178639542275906,0.019071837253655435,0.4807283924806589
2021-02-12,0.0,0.0,0.0,12,22,True,0.0,0.0,0.0,0.0,0.0,0.0,0.0,100.0,100.0,Normal,0.0,0,0.0,0.0,0.0,0.0,0.07210925887209883,0.0,0.1682549373682306,0.0050150451354062184,,0.0003178639542275906,0.019071837253655435,0.4807283924806589
2021-02-13,0.0,0.0,0.0,9,18,True,0.0,0.0,0.0,0.0,0.0,0.0,0.0,100.0,100.0,Normal,0.0,0,0.0,0.0,0.0,0.0,0.07210925887209883,0.0,0.1682549373682306,0.0050150451354062184,,0.0003178639542275906,0.019071837253655435,0.4807283924806589
2021-02-14,0.0,0.0,0.0,11,22,True,0.0,0.0,0.0,0.0,0.0,0.0,0.0,100.0,100.0,Normal,0.0,0,0.0,0.0,0.0,0.0,0.07210925887209883,0.0,0.1682549373682306,0.0050150451354062184,,0.0003178639542275906,0.019071837253655435,0.4807283924806589
2021-02-15,0.0,0.0,0.0,6,10,True,0.0,0.0,0.0,0.0,0.0,0.0,0.0,100.0,100.0,Normal,0.0,0,0.0,0.0,0.0,0.0,0.07210925887209883,0.0,0.1682549373682306,0.0050150451354062184,,0.0003178639542275906,0.019071837253655435,0.4807283924806589
2021-02-16,0.0,0.0,0.0,9,8,True,0.0,0.0,0.0,0.0,0.0,0.0,0.0,100.0,100.0,Normal,0.0,0,0.0,0.0,0.0,0.0,0.07210925887209883,0.0,0.1682549373682306,0.0050150451354062184,,0.0003178639542275906,0.019071837253655435,0.4807283924806589
2021-02-17,0.0,0.0,0.0,10,10,True,0.0,0.0,0.0,0.0,0.0,0.0,0.0,100.0,100.0,Normal,0.0,0,0.0,0.0,0.0,0.0,0.07210925887209883,0.0,0.1682549373682306,0.0050150451354062184,,0.0003178639542275906,0.019071837253655435,0.4807283924806589
2021-02-18,0.0,0.0,0.0,5,8,True,0.0,0.0,0.0,0.0,0.0,0.0,0.0,100.0,100.0,Normal,0.0,0,0.0,0.0,0.0,0.0,0.07210925887209883,0.0,0.1682549373682306,0.0050150451354062184,,0.0003178639542275906,0.019071837253655435,0.4807283924806589
2021-02-19,0.0,0.0,0.0,3,4,True,0.0,0.0,0.0,0.0,0.0,0.0,0.0,100.0,100.0,Normal,0.0,0,0.0,0.0,0.0,0.0,0.07210925887209883,0.0,0.1682549373682306,0.0050150451354062184,,0.0003178639542275906,0.019071837253655435,0.4807283924806589
2021-02-20,0.0,0.0,0.0,3,4,True,0.0,0.0,0.0,0.0,0.0,0.0,0.0,100.0,100.0,Normal,0.0,0,0.0,0.0,0.0,0.0,0.07210925887209883,0.0,0.1682549373682306,0.0050150451354062184,,0.0003178639542275906,0.019071837253655435,0.4807283924806589
2021-02-21,0.0,0.0,0.0,2,4,True,0.0,0.0,0.0,0.0,0.0,0.0,0.0,100.0,100.0,Normal,0.0,0,0.0,0.0,0.0,0.0,0.07210925887209883,0.0,0.1682549373682306,0.0050150451354062184,,0.0003178639542275906,0.019071837253655435,0.4807283924806589
2021-02-22,0.0,0.0,0.0,2,4,True,0.0,0.0,0.0,0.0,0.0,0.0,0.0,100.0,100.0,Normal,0.0,0,0.0,0.0,0.0,0.0,0.07210925887209883,0.0,0.1682549373682306,0.0050150451354062184,,0.0003178639542275906,0.019071837253655435,0.4807283924806589
2021-02-23,0.0,0.0,0.0,2,4,True,0.0,0.0,0.0,0.0,0.0,0.0,0.0,100.0,100.0,Normal,0.0,0,0.0,0.0,0.0,0.0,0.07210925887209883,0.0,0.1682549373682306,0.0050150451354062184,,0.0003178639542275906,0.019071837253655435,0.4807283924806589
2021-02-24,0.0,0.0,0.0,2,4,True,0.0,0.0,0.0,0.0,0.0,0.0,0.0,100.0,100.0,Normal,0.0,0,0.0,0.0,0.0,0.0,0.07210925887209883,0.0,0.1682549373682306,0.0050150451354062184,,0.0003178639542275906,0.019071837253655435,0.4807283924806589
2021-02-25,0.0,0.0,0.0,2,4,True,0.0,0.0,0.0,0.0,0.0,0.0,0.0,100.0,100.0,Normal,0.0,0,0.0,0.0,0.0,0.0,0.07210925887209883,0.0,0.1682549373682306,0.0050150451354062184,,0.0003178639542275906,0.019071837253655435,0.4807283924806589
2021-02-26,0.0,0.0,0.0,3,6,True,0.0,0.0,0.0,0.0,0.0,0.0,0.0,100.0,100.0,Normal,0.0,0,0.0,0.0,0.0,0.0,0.07210925887209883,0.0,0.1682549373682306,0.0050150451354062184,,0.0003178639542275906,0.019071837253655435,0.4807283924806589
2021-02-27,0.0,0.0,0.0,3,6,True,0.0,0.0,0.0,0.0,0.0,0.0,0.0,100.0,100.0,Normal,0.0,0,0.0,0.0,0.0,0.0,0.07210925887209883,0.0,0.1682549373682306,0.0050150451354062184,,0.0003178639542275906,0.019071837253655435,0.4807283924806589
2021-02-28,0.0,0.0,0.0,4,8,True,0.0,0.0,0.0,0.0,0.0,0.0,0.0,100.0,100.0,Normal,0.0,0,0.0,0.0,0.0,0.0,0.07210925887209883,0.0,0.1682549373682306,0.0050150451354062184,,0.0003178639542275906,0.019071837253655435,0.4807283924806589
2021-03-01,0.0,0.0,0.0,4,8,True,0.0,0.0,0.0,0.0,0.0,0.0,0.0,100.0,100.0,Normal,0.0,0,0.0,0.0,0.0,0.0,0.07210925887209883,0.0,0.1682549373682306,0.0050150451354062184,,0.0003178639542275906,0.019071837253655435,0.4807283924806589
2021-03-02,0.0,0.0,0.0,4,8,True,0.0,0.0,0.0,0.0,0.0,0.0,0.0,100.0,100.0,Normal,0.0,0,0.0,0.0,0.0,0.0,0.07210925887209883,0.0,0.1682549373682306,0.0050150451354062184,,0.0003178639542275906,0.019071837253655435,0.4807283924806589
2021-03-03,0.0,0.0,0.0,4,8,True,0.0,0.0,0.0,0.0,0.0,0.0,0.0,100.0,100.0,Normal,0.0,0,0.0,0.0,0.0,0.0,0.07210925887209883,0.0,0.1682549373682306,0.0050150451354062184,,0.0003178639542275906,0.019071837253655435,0.4807283924806589
2021-03-04,0.0,0.0,0.0,4,8,True,0.0,0.0,0.0,0.0,0.0,0.0,0.0,100.0,100.0,Normal,0.0,0,0.0,0.0,0.0,0.0,0.07210925887209883,0.0,0.1682549373682306,0.0050150451354062184,,0.0003178639542275906,0.019071837253655435,0.4807283924806589
2021-03-05,0.0,0.0,0.0,4,8,True,0.0,0.0,0.0,0.0,0.0,0.0,0.0,100.0,100.0,Normal,0.0,0,0.0,0.0,0.0,0.0,0.07210925887209883,0.0,0.1682549373682306,0.0050150451354062184,,0.0003178639542275906,0.019071837253655435,0.4807283924806589
2021-03-06,0.0,0.0,0.0,3,6,True,0.0,0.0,0.0,0.0,0.0,0.0,0.0,100.0,100.0,Normal,0.0,0,0.0,0.0,0.0,0.0,0.07210925887209883,0.0,0.1682549373682306,0.0050150451354062184,,0.0003178639542275906,0.019071837253655435,0.4807283924806589
2021-03-07,0.0,0.0,0.0,2,4,True,0.0,0.0,0.0,0.0,0.0,0.0,0.0,100.0,100.0,Normal,0.0,0,0.0,0.0,0.0,0.0,0.07210925887209883,0.0,0.1682549373682306,0.0050150451354062184,,0.0003178639542275906,0.019071837253655435,0.4807283924806589
2021-03-08,0.0,0.0,0.0,2,4,True,0.0,0.0,0.0,0.0,0.0,0.0,0.0,100.0,100.0,Normal,0.0,0,0.0,0.0,0.0,0.0,0.07210925887209883,0.0,0.1682549373682306,0.0050150451354062184,,0.0003178639542275906,0.019071837253655435,0.4807283924806589
2021-03-09,0.0,0.0,0.0,2,4,True,0.0,0.0,0.0,0.0,0.0,0.0,0.0,100.0,100.0,Normal,0.0,0,0.0,0.0,0.0,0.0,0.07210925887209883,0.0,0.1682549373682306,0.0050150451354062184,,0.0003178639542275906,0.019071837253655435,0.4807283924806589
2021-03-10,0.0,0.0,0.0,2,4,True,0.0,0.0,0.0,0.0,0.0,0.0,0.0,100.0,100.0,Normal,0.0,0,0.0,0.0,0.0,0.0,0.07210925887209883,0.0,0.1682549373682306,0.0050150451354062184,,0.0003178639542275906,0.019071837253655435,0.4807283924806589
2021-03-11,0.0,0.0,0.0,2,4,True,0.0,0.0,0.0,0.0,0.0,0.0,0.0,100.0,100.0,Normal,0.0,0,0.0,0.0,0.0,0.0,0.07210925887209883,0.0,0.1682549373682306,0.0050150451354062184,,0.0003178639542275906,0.019071837253655435,0.4807283924806589
2021-03-12,0.0,0.0,0.0,2,4,True,0.0,0.0,0.0,0.0,0.0,0.0,0.0,100.0,100.0,Normal,0.0,0,0.0,0.0,0.0,0.0,0.07210925887209883,0.0,0.1682549373682306,0.0050150451354062184,,0.0003178639542275906,0.019071837253655435,0.4807283924806589
2021-03-13,0.0,0.0,0.0,2,4,True,0.0,0.0,0.0,0.0,0.0,0.0,0.0,100.0,100.0,Normal,0.0,0,0.0,0.0,0.0,0.0,0.07210925887209883,0.0,0.1682549373682306,0.0050150451354062184,,0.0003178639542275906,0.019071837253655435,0.4807283924806589
2021-03-14,0.0,0.0,0.0,2,4,True,0.0,0.0,0.0,0.0,0.0,0.0,0.0,100.0,100.0,Normal,0.0,0,0.0,0.0,0.0,0.0,0.07210925887209883,0.0,0.1682549373682306,0.0050150451354062184,,0.0003178639542275906,0.019071837253655435,0.4807283924806589
2021-03-15,0.0,0.0,0.0,3,6,True,0.0,0.0,0.0,0.0,0.0,0.0,0.0,100.0,100.0,Normal,0.0,0,0.0,0.0,0.0,0.0,0.07210925887209883,0.0,0.1682549373682306,0.0050150451354062184,,0.0003178639542275906,0.019071837253655435,0.4807283924806589
2021-03-16,0.0,0.0,0.0,3,6,True,0.0,0.0,0.0,0.0,0.0,0.0,0.0,100.0,100.0,Normal,0.0,0,0.0,0.0,0.0,0.0,0.07210925887209883,0.0,0.1682549373682306,0.0050150451354062184,,0.0003178639542275906,0.019071837253655435,0.4807283924806589
2021-03-17,0.0,0.0,0.0,4,8,True,0.0,0.0,0.0,0.0,0.0,0.0,0.0,100.0,100.0,Normal,0.0,0,0.0,0.0,0.0,0.0,0.07210925887209883,0.0,0.1682549373682306,0.0050150451354062184,,0.0003178639542275906,0.019071837253655435,0.4807283924806589
2021-03-18,0.0,0.0,0.0,4,8,True,0.0,0.0,0.0,0.0,0.0,0.0,0.0,100.0,100.0,Normal,0.0,0,0.0,0.0,0.0,0.0,0.07210925887209883,0.0,0.1682549373682306,0.0050150451354062184,,0.0003178639542275906,0.019071837253655435,0.4807283924806589
2021-03-19,0.0,0.0,0.0,4,8,True,0.0,0.0,0.0,0.0,0.0,0.0,0.0,100.0,100.0,Normal,0.0,0,0.0,0.0,0.0,0.0,0.07210925887209883,0.0,0.1682549373682306,0.0050150451354062184,,0.0003178639542275906,0.019071837253655435,0.4807283924806589
2021-03-20,0.0,0.0,0.0,4,8,True,0.0,0.0,0.0,0.0,0.0,0.0,0.0,100.0,100.0,Normal,0.0,0,0.0,0.0,0.0,0.0,0.07210925887209883,0.0,0.1682549373682306,0.0050150451354062184,,0.0003178639542275906,0.019071837253655435,0.4807283924806589
2021-03-21,0.0,0.0,0.0,4,8,True,0.0,0.0,0.0,0.0,0.0,0.0,0.0,100.0,100.0,Normal,0.0,0,0.0,0.0,0.0,0.0,0.07210925887209883,0.0,0.1682549373682306,0.0050150451354062184,,0.0003178639542275906,0.019071837253655435,0.4807283924806589
2021-03-22,0.0,0.0,0.0,3,6,True,0.0,0.0,0.0,0.0,0.0,0.0,0.0,100.0,100.0,Normal,0.0,0,0.0,0.0,0.0,0.0,0.07210925887209883,0.0,0.1682549373682306,0.0050150451354062184,,0.0003178639542275906,0.019071837253655435,0.4807283924806589
2021-03-23,0.0,0.0,0.0,6,6,True,0.0,0.0,0.0,0.0,0.0,0.0,0.0,100.0,100.0,Normal,0.0,0,0.0,0.0,0.0,0.0,0.07210925887209883,0.0,0.1682549373682306,0.0050150451354062184,,0.0003178639542275906,0.019071837253655435,0.4807283924806589
2021-03-24,0.0,0.0,0.0,2,4,True,0.0,0.0,0.0,0.0,0.0,0.0,0.0,100.0,100.0,Normal,0.0,0,0.0,0.0,0.0,0.0,0.07210925887209883,0.0,0.1682549373682306,0.0050150451354062184,,0.0003178639542275906,0.019071837253655435,0.4807283924806589
2021-03-25,0.0,0.0,0.0,2,4,True,0.0,0.0,0.0,0.0,0.0,0.0,0.0,100.0,100.0,Normal,0.0,0,0.0,0.0,0.0,0.0,0.07210925887209883,0.0,0.1682549373682306,0.0050150451354062184,,0.0003178639542275906,0.019071837253655435,0.4807283924806589
2021-03-26,0.0,0.0,0.0,3,6,True,0.0,0.0,0.0,0.0,0.0,0.0,0.0,100.0,100.0,Normal,0.0,0,0.0,0.0,0.0,0.0,0.07210925887209883,0.0,0.1682549373682306,0.0050150451354062184,,0.0003178639542275906,0.019071837253655435,0.4807283924806589
2021-03-27,0.0,0.0,0.0,2,4,True,0.0,0.0,0.0,0.0,0.0,0.0,0.0,100.0,100.0,Normal,0.0,0,0.0,0.0,0.0,0.0,0.07210925887209883,0.0,0.1682549373682306,0.0050150451354062184,,0.0003178639542275906,0.019071837253655435,0.4807283924806589
2021-03-28,0.0,0.0,0.0,2,4,True,0.0,0.0,0.0,0.0,0.0,0.0,0.0,100.0,100.0,Normal,0.0,0,0.0,0.0,0.0,0.0,0.07210925887209883,0.0,0.1682549373682306,0.0050150451354062184,,0.0003178639542275906,0.019071837253655435,0.4807283924806589
2021-03-29,0.0,0.0,0.0,2,4,True,0.0,0.0,0.0,0.0,0.0,0.0,0.0,100.0,100.0,Normal,0.0,0,0.0,0.0,0.0,0.0,0.07210925887209883,0.0,0.1682549373682306,0.0050150451354062184,,0.0003178639542275906,0.019071837253655435,0.4807283924806589
2021-03-30,0.0,0.0,0.0,2,4,True,0.0,0.0,0.0,0.0,0.0,0.0,0.0,100.0,100.0,Normal,0.0,0,0.0,0.0,0.0,0.0,0.07210925887209883,0.0,0.1682549373682306,0.0050150451354062184,,0.0003178639542275906,0.019071837253655435,0.4807283924806589
2021-03-31,0.0,0.0,0.0,2,4,True,0.0,0.0,0.0,0.0,0.0,0.0,0.0,100.0,100.0,Normal,0.0,0,0.0,0.0,0.0,0.0,0.07210925887209883,0.0,0.1682549373682306,0.0050150451354062184,,0.0003178639542275906,0.019071837253655435,0.4807283924806589
2021-04-01,0.0,0.0,0.0,3,6,True,0.0,0.0,0.0,0.0,0.0,0.0,0.0,100.0,100.0,Normal,0.0,0,0.0,0.0,0.0,0.0,0.07210925887209883,0.0,0.1682549373682306,0.0050150451354062184,,0.0003178639542275906,0.019071837253655435,0.4807283924806589
2021-04-02,0.0,0.0,0.0,4,8,True,0.0,0.0,0.0,0.0,0.0,0.0,0.0,100.0,100.0,Normal,0.0,0,0.0,0.0,0.0,0.0,0.07210925887209883,0.0,0.1682549373682306,0.0050150451354062184,,0.0003178639542275906,0.019071837253655435,0.4807283924806589
2021-04-03,0.0,0.0,0.0,4,8,True,0.0,0.0,0.0,0.0,0.0,0.0,0.0,100.0,100.0,Normal,0.0,0,0.0,0.0,0.0,0.0,0.07210925887209883,0.0,0.1682549373682306,0.0050150451354062184,,0.0003178639542275906,0.019071837253655435,0.4807283924806589
2021-04-04,0.0,0.0,0.0,4,8,True,0.0,0.0,0.0,0.0,0.0,0.0,0.0,100.0,100.0,Normal,0.0,0,0.0,0.0,0.0,0.0,0.07210925887209883,0.0,0.1682549373682306,0.0050150451354062184,,0.0003178639542275906,0.019071837253655435,0.4807283924806589
2021-04-05,0.0,0.0,0.0,4,8,True,0.0,0.0,0.0,0.0,0.0,0.0,0.0,100.0,100.0,Normal,0.0,0,0.0,0.0,0.0,0.0,0.07210925887209883,0.0,0.1682549373682306,0.0050150451354062184,,0.0003178639542275906,0.019071837253655435,0.4807283924806589
2021-04-06,0.0,0.0,0.0,4,8,True,0.0,0.0,0.0,0.0,0.0,0.0,0.0,100.0,100.0,Normal,0.0,0,0.0,0.0,0.0,0.0,0.07210925887209883,0.0,0.1682549373682306,0.0050150451354062184,,0.0003178639542275906,0.019071837253655435,0.4807283924806589
2021-04-07,0.0,0.0,0.0,4,8,True,0.0,0.0,0.0,0.0,0.0,0.0,0.0,100.0,100.0,Normal,0.0,0,0.0,0.0,0.0,0.0,0.07210925887209883,0.0,0.1682549373682306,0.0050150451354062184,,0.0003178639542275906,0.019071837253655435,0.4807283924806589
2021-04-08,0.0,0.0,0.0,3,6,True,0.0,0.0,0.0,0.0,0.0,0.0,0.0,100.0,100.0,Normal,0.0,0,0.0,0.0,0.0,0.0,0.07210925887209883,0.0,0.1682549373682306,0.0050150451354062184,,0.0003178639542275906,0.019071837253655435,0.4807283924806589
2021-04-09,0.0,0.0,0.0,2,4,True,0.0,0.0,0.0,0.0,0.0,0.0,0.0,100.0,100.0,Normal,0.0,0,0.0,0.0,0.0,0.0,0.07210925887209883,0.0,0.1682549373682306,0.0050150451354062184,,0.0003178639542275906,0.019071837253655435,0.4807283924806589
2021-04-10,0.0,0.0,0.0,2,4,True,0.0,0.0,0.0,0.0,0.0,0.0,0.0,100.0,100.0,Normal,0.0,0,0.0,0.0,0.0,0.0,0.07210925887209883,0.0,0.1682549373682306,0.0050150451354062184,,0.0003178639542275906,0.019071837253655435,0.4807283924806589
2021-04-11,0.0,0.0,0.0,2,4,True,0.0,0.0,0.0,0.0,0.0,0.0,0.0,100.0,100.0,Normal,0.0,0,0.0,0.0,0.0,0.0,0.07210925887209883,0.0,0.1682549373682306,0.0050150451354062184,,0.0003178639542275906,0.019071837253655435,0.4807283924806589
2021-04-12,0.0,0.0,0.0,2,4,True,0.0,0.0,0.0,0.0,0.0,0.0,0.0,100.0,100.0,Normal,0.0,0,0.0,0.0,0.0,0.0,0.07210925887209883,0.0,0.1682549373682306,0.0050150451354062184,,0.0003178639542275906,0.019071837253655435,0.4807283924806589
2021-04-13,0.0,0.0,0.0,2,4,True,0.0,0.0,0.0,0.0,0.0,0.0,0.0,100.0,100.0,Normal,0.0,0,0.0,0.0,0.0,0.0,0.07210925887209883,0.0,0.1682549373682306,0.0050150451354062184,,0.0003178639542275906,0.019071837253655435,0.4807283924806589
2021-04-14,0.0,0.0,0.0,2,4,True,0.0,0.0,0.0,0.0,0.0,0.0,0.0,100.0,100.0,Normal,0.0,0,0.0,0.0,0.0,0.0,0.07210925887209883,0.0,0.1682549373682306,0.0050150451354062184,,0.0003178639542275906,0.019071837253655435,0.4807283924806589
2021-04-15,0.0,0.0,0.0,2,4,True,0.0,0.0,0.0,0.0,0.0,0.0,0.0,100.0,100.0,Normal,0.0,0,0.0,0.0,0.0,0.0,0.07210925887209883,0.0,0.1682549373682306,0.0050150451354062184,,0.0003178639542275906,0.019071837253655435,0.4807283924806589
2021-04-16,0.0,0.0,0.0,2,4,True,0.0,0.0,0.0,0.0,0.0,0.0,0.0,100.0,100.0,Normal,0.0,0,0.0,0.0,0.0,0.0,0.07210925887209883,0.0,0.1682549373682306,0.0050150451354062184,,0.0003178639542275906,0.019071837253655435,0.4807283924806589
2021-04-17,0.0,0.0,0.0,2,4,True,0.0,0.0,0.0,0.0,0.0,0.0,0.0,100.0,100.0,Normal,0.0,0,0.0,0.0,0.0,0.0,0.07210925887209883,0.0,0.1682549373682306,0.0050150451354062184,,0.0003178639542275906,0.019071837253655435,0.4807283924806589
2021-04-18,0.0,0.0,0.0,3,6,True,0.0,0.0,0.0,0.0,0.0,0.0,0.0,100.0,100.0,Normal,0.0,0,0.0,0.0,0.0,0.0,0.07210925887209883,0.0,0.1682549373682306,0.0050150451354062184,,0.0003178639542275906,0.019071837253655435,0.4807283924806589
2021-04-19,0.0,0.0,0.0,4,8,True,0.0,0.0,0.0,0.0,0.0,0.0,0.0,100.0,100.0,Normal,0.0,0,0.0,0.0,0.0,0.0,0.07210925887209883,0.0,0.1682549373682306,0.0050150451354062184,,0.0003178639542275906,0.019071837253655435,0.4807283924806589
2021-04-20,0.0,0.0,0.0,4,8,True,0.0,0.0,0.0,0.0,0.0,0.0,0.0,100.0,100.0,Normal,0.0,0,0.0,0.0,0.0,0.0,0.07210925887209883,0.0,0.1682549373682306,0.0050150451354062184,,0.0003178639542275906,0.019071837253655435,0.4807283924806589
2021-04-21,0.0,0.0,0.0,5,10,True,0.0,0.0,0.0,0.0,0.0,0.0,0.0,100.0,100.0,Normal,0.0,0,0.0,0.0,0.0,0.0,0.07210925887209883,0.0,0.1682549373682306,0.0050150451354062184,,0.0003178639542275906,0.019071837253655435,0.4807283924806589
2021-04-22,0.0,0.0,0.0,4,8,True,0.0,0.0,0.0,0.0,0.0,0.0,0.0,100.0,100.0,Normal,0.0,0,0.0,0.0,0.0,0.0,0.07210925887209883,0.0,0.1682549373682306,0.0050150451354062184,,0.0003178639542275906,0.019071837253655435,0.4807283924806589
2021-04-23,0.0,0.0,0.0,4,8,True,0.0,0.0,0.0,0.0,0.0,0.0,0.0,100.0,100.0,Normal,0.0,0,0.0,0.0,0.0,0.0,0.07210925887209883,0.0,0.1682549373682306,0.0050150451354062184,,0.0003178639542275906,0.019071837253655435,0.4807283924806589
2021-04-24,0.0,0.0,0.0,3,6,True,0.0,0.0,0.0,0.0,0.0,0.0,0.0,100.0,100.0,Normal,0.0,0,0.0,0.0,0.0,0.0,0.07210925887209883,0.0,0.1682549373682306,0.0050150451354062184,,0.0003178639542275906,0.019071837253655435,0.4807283924806589
2021-04-25,0.0,0.0,0.0,1,2,True,0.0,0.0,0.0,0.0,0.0,0.0,0.0,100.0,100.0,Normal,0.0,0,0.0,0.0,0.0,0.0,0.07210925887209883,0.0,0.1682549373682306,0.0050150451354062184,,0.0003178639542275906,0.019071837253655435,0.4807283924806589
2021-04-26,0.0,0.0,0.0,3,4,True,0.0,0.0,0.0,0.0,0.0,0.0,0.0,100.0,100.0,Normal,0.0,0,0.0,0.0,0.0,0.0,0.07210925887209883,0.0,0.1682549373682306,0.0050150451354062184,,0.0003178639542275906,0.019071837253655435,0.4807283924806589
2021-04-27,0.0,0.0,0.0,2,4,True,0.0,0.0,0.0,0.0,0.0,0.0,0.0,100.0,100.0,Normal,0.0,0,0.0,0.0,0.0,0.0,0.07210925887209883,0.0,0.1682549373682306,0.0050150451354062184,,0.0003178639542275906,0.019071837253655435,0.4807283924806589
2021-04-28,0.0,0.0,0.0,2,4,True,0.0,0.0,0.0,0.0,0.0,0.0,0.0,100.0,100.0,Normal,0.0,0,0.0,0.0,0.0,0.0,0.07210925887209883,0.0,0.1682549373682306,0.0050150451354062184,,0.0003178639542275906,0.019071837253655435,0.4807283924806589
2021-04-29,0.0,0.0,0.0,2,4,True,0.0,0.0,0.0,0.0,0.0,0.0,0.0,100.0,100.0,Normal,0.0,0,0.0,0.0,0.0,0.0,0.07210925887209883,0.0,0.1682549373682306,0.0050150451354062184,,0.0003178639542275906,0.019071837253655435,0.4807283924806589
2021-04-30,0.0,0.0,0.0,2,4,True,0.0,0.0,0.0,0.0,0.0,0.0,0.0,100.0,100.0,Normal,0.0,0,0.0,0.0,0.0,0.0,0.07210925887209883,0.0,0.1682549373682306,0.0050150451354062184,,0.0003178639542275906,0.019071837253655435,0.4807283924806589
2021-05-01,0.0,0.0,0.0,2,4,True,0.0,0.0,0.0,0.0,0.0,0.0,0.0,100.0,100.0,Normal,0.0,0,0.0,0.0,0.0,0.0,0.07210925887209883,0.0,0.1682549373682306,0.0050150451354062184,,0.0003178639542275906,0.019071837253655435,0.4807283924806589
2021-05-02,0.0,0.0,0.0,2,4,True,0.0,0.0,0.0,0.0,0.0,0.0,0.0,100.0,100.0,Normal,0.0,0,0.0,0.0,0.0,0.0,0.07210925887209883,0.0,0.1682549373682306,0.0050150451354062184,,0.0003178639542275906,0.019071837253655435,0.4807283924806589
2021-05-03,0.0,0.0,0.0,2,4,True,0.0,0.0,0.0,0.0,0.0,0.0,0.0,100.0,100.0,Normal,0.0,0,0.0,0.0,0.0,0.0,0.07210925887209883,0.0,0.1682549373682306,0.0050150451354062184,,0.0003178639542275906,0.019071837253655435,0.4807283924806589
2021-05-04,0.0,0.0,0.0,3,6,True,0.0,0.0,0.0,0.0,0.0,0.0,0.0,100.0,100.0,Normal,0.0,0,0.0,0.0,0.0,0.0,0.07210925887209883,0.0,0.1682549373682306,0.0050150451354062184,,0.0003178639542275906,0.019071837253655435,0.4807283924806589
2021-05-05,0.0,0.0,0.0,4,8,True,0.0,0.0,0.0,0.0,0.0,0.0,0.0,100.0,100.0,Normal,0.0,0,0.0,0.0,0.0,0.0,0.07210925887209883,0.0,0.1682549373682306,0.0050150451354062184,,0.0003178639542275906,0.019071837253655435,0.4807283924806589
2021-05-06,0.0,0.0,0.0,4,8,True,0.0,0.0,0.0,0.0,0.0,0.0,0.0,100.0,100.0,Normal,0.0,0,0.0,0.0,0.0,0.0,0.07210925887209883,0.0,0.1682549373682306,0.0050150451354062184,,0.0003178639542275906,0.019071837253655435,0.4807283924806589
2021-05-07,0.0,0.0,0.0,4,8,True,0.0,0.0,0.0,0.0,0.0,0.0,0.0,100.0,100.0,Normal,0.0,0,0.0,0.0,0.0,0.0,0.07210925887209883,0.0,0.1682549373682306,0.0050150451354062184,,0.0003178639542275906,0.019071837253655435,0.4807283924806589
2021-05-08,0.0,0.0,0.0,4,8,True,0.0,0.0,0.0,0.0,0.0,0.0,0.0,100.0,100.0,Normal,0.0,0,0.0,0.0,0.0,0.0,0.07210925887209883,0.0,0.1682549373682306,0.0050150451354062184,,0.0003178639542275906,0.019071837253655435,0.4807283924806589
2021-05-09,0.0,0.0,0.0,4,8,True,0.0,0.0,0.0,0.0,0.0,0.0,0.0,100.0,100.0,Normal,0.0,0,0.0,0.0,0.0,0.0,0.07210925887209883,0.0,0.1682549373682306,0.0050150451354062184,,0.0003178639542275906,0.019071837253655435,0.4807283924806589
2021-05-10,0.0,0.0,0.0,4,8,True,0.0,0.0,0.0,0.0,0.0,0.0,0.0,100.0,100.0,Normal,0.0,0,0.0,0.0,0.0,0.0,0.07210925887209883,0.0,0.1682549373682306,0.0050150451354062184,,0.0003178639542275906,0.019071837253655435,0.4807283924806589
2021-05-11,0.0,0.0,0.0,3,6,True,0.0,0.0,0.0,0.0,0.0,0.0,0.0,100.0,100.0,Normal,0.0,0,0.0,0.0,0.0,0.0,0.07210925887209883,0.0,0.1682549373682306,0.0050150451354062184,,0.0003178639542275906,0.019071837253655435,0.4807283924806589
2021-05-12,0.0,0.0,0.0,6,12,True,0.0,0.0,0.0,0.0,0.0,0.0,0.0,100.0,100.0,Normal,0.0,0,0.0,0.0,0.0,0.0,0.07210925887209883,0.0,0.1682549373682306,0.0050150451354062184,,0.0003178639542275906,0.019071837253655435,0.4807283924806589
2021-05-13,0.0,0.0,0.0,6,14,True,0.0,0.0,0.0,0.0,0.0,0.0,0.0,100.0,100.0,Normal,0.0,0,0.0,0.0,0.0,0.0,0.07210925887209883,0.0,0.1682549373682306,0.0050150451354062184,,0.0003178639542275906,0.019071837253655435,0.4807283924806589
2021-05-14,0.0,0.0,0.0,10,20,True,0.0,0.0,0.0,0.0,0.0,0.0,0.0,100.0,100.0,Normal,0.0,0,0.0,0.0,0.0,0.0,0.07210925887209883,0.0,0.1682549373682306,0.0050150451354062184,,0.0003178639542275906,0.019071837253655435,0.4807283924806589
2021-05-15,0.0,0.0,0.0,7,12,True,0.0,0.0,0.0,0.0,0.0,0.0,0.0,100.0,100.0,Normal,0.0,0,0.0,0.0,0.0,0.0,0.07210925887209883,0.0,0.1682549373682306,0.0050150451354062184,,0.0003178639542275906,0.019071837253655435,0.4807283924806589
2021-05-16,0.0,0.0,0.0,9,20,True,0.0,0.0,0.0,0.0,0.0,0.0,0.0,100.0,100.0,Normal,0.0,0,0.0,0.0,0.0,0.0,0.07210925887209883,0.0,0.1682549373682306,0.0050150451354062184,,0.0003178639542275906,0.019071837253655435,0.4807283924806589
2021-05-17,0.0,0.0,0.0,7,14,True,0.0,0.0,0.0,0.0,0.0,0.0,0.0,100.0,100.0,Normal,0.0,0,0.0,0.0,0.0,0.0,0.07210925887209883,0.0,0.1682549373682306,0.0050150451354062184,,0.0003178639542275906,0.019071837253655435,0.4807283924806589
2021-05-18,0.0,0.0,0.0,8,16,True,0.0,0.0,0.0,0.0,0.0,0.0,0.0,100.0,100.0,Normal,0.0,0,0.0,0.0,0.0,0.0,0.07210925887209883,0.0,0.1682549373682306,0.0050150451354062184,,0.0003178639542275906,0.019071837253655435,0.4807283924806589
2021-05-19,0.0,0.0,0.0,9,16,True,0.0,0.0,0.0,0.0,0.0,0.0,0.0,100.0,100.0,Normal,0.0,0,0.0,0.0,0.0,0.0,0.07210925887209883,0.0,0.1682549373682306,0.0050150451354062184,,0.0003178639542275906,0.019071837253655435,0.4807283924806589
2021-05-20,0.0,0.0,0.0,7,14,True,0.0,0.0,0.0,0.0,0.0,0.0,0.0,100.0,100.0,Normal,0.0,0,0.0,0.0,0.0,0.0,0.07210925887209883,0.0,0.1682549373682306,0.0050150451354062184,,0.0003178639542275906,0.019071837253655435,0.4807283924806589
2021-05-21,0.0,0.0,0.0,10,20,True,0.0,0.0,0.0,0.0,0.0,0.0,0.0,100.0,100.0,Normal,0.0,0,0.0,0.0,0.0,0.0,0.07210925887209883,0.0,0.1682549373682306,0.0050150451354062184,,0.0003178639542275906,0.019071837253655435,0.4807283924806589
2021-05-22,0.0,0.0,0.0,1,0,False,0.0,0.0,0.0,0.0,0.0,0.0,0.0,100.0,100.0,Inactive,0.0,0,0.0,0.0,0.0,0.0,0.07210925887209883,0.0,0.1682549373682306,0.0050150451354062184,,0.0003178639542275906,0.019071837253655435,0.4807283924806589
2021-05-23,0.0,0.0,0.0,11,22,True,0.0,0.0,0.0,0.0,0.0,0.0,0.0,100.0,100.0,Normal,0.0,0,0.0,0.0,0.0,0.0,0.07210925887209883,0.0,0.1682549373682306,0.0050150451354062184,,0.0003178639542275906,0.019071837253655435,0.4807283924806589
2021-05-24,0.0,0.0,0.0,8,16,True,0.0,0.0,0.0,0.0,0.0,0.0,0.0,100.0,100.0,Normal,0.0,0,0.0,0.0,0.0,0.0,0.07210925887209883,0.0,0.1682549373682306,0.0050150451354062184,,0.0003178639542275906,0.019071837253655435,0.4807283924806589
2021-05-25,0.0,0.0,0.0,11,20,True,0.0,0.0,0.0,0.0,0.0,0.0,0.0,100.0,100.0,Normal,0.0,0,0.0,0.0,0.0,0.0,0.07210925887209883,0.0,0.1682549373682306,0.0050150451354062184,,0.0003178639542275906,0.019071837253655435,0.4807283924806589
2021-05-26,0.0,0.0,0.0,10,20,True,0.0,0.0,0.0,0.0,0.0,0.0,0.0,100.0,100.0,Normal,0.0,0,0.0,0.0,0.0,0.0,0.07210925887209883,0.0,0.1682549373682306,0.0050150451354062184,,0.0003178639542275906,0.019071837253655435,0.4807283924806589
2021-05-27,0.0,0.0,0.0,9,18,True,0.0,0.0,0.0,0.0,0.0,0.0,0.0,100.0,100.0,Normal,0.0,0,0.0,0.0,0.0,0.0,0.07210925887209883,0.0,0.1682549373682306,0.0050150451354062184,,0.0003178639542275906,0.019071837253655435,0.4807283924806589
2021-05-28,0.0,0.0,0.0,10,20,True,0.0,0.0,0.0,0.0,0.0,0.0,0.0,100.0,100.0,Normal,0.0,0,0.0,0.0,0.0,0.0,0.07210925887209883,0.0,0.1682549373682306,0.0050150451354062184,,0.0003178639542275906,0.019071837253655435,0.4807283924806589
2021-05-29,0.0,0.0,0.0,7,14,True,0.0,0.0,0.0,0.0,0.0,0.0,0.0,100.0,100.0,Normal,0.0,0,0.0,0.0,0.0,0.0,0.07210925887209883,0.0,0.1682549373682306,0.0050150451354062184,,0.0003178639542275906,0.019071837253655435,0.4807283924806589
2021-05-30,0.0,0.0,0.0,10,20,True,0.0,0.0,0.0,0.0,0.0,0.0,0.0,100.0,100.0,Normal,0.0,0,0.0,0.0,0.0,0.0,0.07210925887209883,0.0,0.1682549373682306,0.0050150451354062184,,0.0003178639542275906,0.019071837253655435,0.4807283924806589
2021-05-31,0.0,0.0,0.0,4,6,True,0.0,0.0,0.0,0.0,0.0,0.0,0.0,100.0,100.0,Normal,0.0,0,0.0,0.0,0.0,0.0,0.07210925887209883,0.0,0.1682549373682306,0.0050150451354062184,,0.0003178639542275906,0.019071837253655435,0.4807283924806589
2021-06-01,0.0,0.0,0.0,5,8,True,0.0,0.0,0.0,0.0,0.0,0.0,0.0,100.0,100.0,Normal,0.0,0,0.0,0.0,0.0,0.0,0.07210925887209883,0.0,0.1682549373682306,0.0050150451354062184,,0.0003178639542275906,0.019071837253655435,0.4807283924806589
2021-06-02,0.0,0.0,0.0,7,14,True,0.0,0.0,0.0,0.0,0.0,0.0,0.0,100.0,100.0,Normal,0.0,0,0.0,0.0,0.0,0.0,0.07210925887209883,0.0,0.1682549373682306,0.0050150451354062184,,0.0003178639542275906,0.019071837253655435,0.4807283924806589
2021-06-03,0.0,0.0,0.0,8,15,True,0.0,0.0,0.0,0.0,0.0,0.0,0.0,100.0,100.0,Normal,0.0,0,0.0,0.0,0.0,0.0,0.07210925887209883,0.0,0.1682549373682306,0.0050150451354062184,,0.0003178639542275906,0.019071837253655435,0.4807283924806589
2021-06-04,0.0,0.0,0.0,9,18,True,0.0,0.0,0.0,0.0,0.0,0.0,0.0,100.0,100.0,Normal,0.0,0,0.0,0.0,0.0,0.0,0.07210925887209883,0.0,0.1682549373682306,0.0050150451354062184,,0.0003178639542275906,0.019071837253655435,0.4807283924806589
2021-06-05,0.0,0.0,0.0,7,14,True,0.0,0.0,0.0,0.0,0.0,0.0,0.0,100.0,100.0,Normal,0.0,0,0.0,0.0,0.0,0.0,0.07210925887209883,0.0,0.1682549373682306,0.0050150451354062184,,0.0003178639542275906,0.019071837253655435,0.4807283924806589
2021-06-06,0.0,0.0,0.0,10,20,True,0.0,0.0,0.0,0.0,0.0,0.0,0.0,100.0,100.0,Normal,0.0,0,0.0,0.0,0.0,0.0,0.07210925887209883,0.0,0.1682549373682306,0.0050150451354062184,,0.0003178639542275906,0.019071837253655435,0.4807283924806589
2021-06-07,0.0,0.0,0.0,8,16,True,0.0,0.0,0.0,0.0,0.0,0.0,0.0,100.0,100.0,Normal,0.0,0,0.0,0.0,0.0,0.0,0.07210925887209883,0.0,0.1682549373682306,0.0050150451354062184,,0.0003178639542275906,0.019071837253655435,0.4807283924806589
2021-06-08,0.0,0.0,0.0,11,22,True,0.0,0.0,0.0,0.0,0.0,0.0,0.0,100.0,100.0,Normal,0.0,0,0.0,0.0,0.0,0.0,0.07210925887209883,0.0,0.1682549373682306,0.0050150451354062184,,0.0003178639542275906,0.019071837253655435,0.4807283924806589
2021-06-09,0.0,0.0,0.0,11,22,True,0.0,0.0,0.0,0.0,0.0,0.0,0.0,100.0,100.0,Normal,0.0,0,0.0,0.0,0.0,0.0,0.07210925887209883,0.0,0.1682549373682306,0.0050150451354062184,,0.0003178639542275906,0.019071837253655435,0.4807283924806589
2021-06-10,0.0,0.0,0.0,16,32,True,0.0,0.0,0.0,0.0,0.0,0.0,0.0,100.0,100.0,Normal,0.0,0,0.0,0.0,0.0,0.0,0.07210925887209883,0.0,0.1682549373682306,0.0050150451354062184,,0.0003178639542275906,0.019071837253655435,0.4807283924806589
2021-06-11,2.0,0.0,2.0,14,27,True,0.2857142857142857,0.0,0.0,0.0256410256410256,0.0,0.0,0.0128205128205128,98.71794871794872,99.57264957264958,Normal,0.004273504273504147,0,0.0,0.0,0.0,0.0,0.07574173750457736,0.002564102564102488,0.17033827070156388,0.0050150451354062184,,0.0003178639542275906,0.019071837253655435,0.4807283924806589
2021-06-12,0.0,0.0,0.0,13,26,True,0.2857142857142857,0.0,0.0571428571428571,0.0256410256410256,0.0,0.0705563093622794,0.0269317746929687,97.30682253070312,98.67492374955062,Normal,0.013250762504493863,0,0.0,0.0,0.0,0.0,0.08337240700091862,0.007950457502696318,0.17471468408917137,0.14953271028037382,,0.0003178639542275906,0.019071837253655435,0.4807283924806589
2021-06-13,0.0,0.0,0.0,14,28,True,0.2857142857142857,0.0,0.0483516483516483,0.0256410256410256,0.0,0.0597014925373133,0.0247608113279754,97.52391886720244,97.84956337195143,Normal,0.021504366280485687,0,0.0,0.0,0.0,0.0,0.09038797021051166,0.012902619768291412,0.1787383159299674,0.14953271028037382,,0.0003178639542275906,0.019071837253655435,0.4807283924806589
2021-06-14,0.0,0.0,0.0,10,20,True,0.2857142857142857,0.0,0.0395604395604395,0.0256410256410256,0.0,0.0488466757123472,0.0225898479629822,97.74101520370178,97.52391886720244,Normal,0.024760811327975585,0,0.0,0.0,0.0,0.0,0.09315594850087808,0.01485648679678535,0.1803258328906187,0.14953271028037382,,0.06444444444444444,0.051111111111111114,0.4807283924806589
2021-06-15,0.0,0.0,0.0,13,26,True,0.2857142857142857,0.0,0.0307692307692307,0.0256410256410256,0.0,0.0379918588873812,0.020418884597989,97.9581115402011,97.7410152037018,Normal,0.022589847962981913,0,0.0,0.0,0.0,0.0,0.09131062964063345,0.013553908777789147,0.1792674882501843,0.14953271028037382,,0.0003178639542275906,0.019071837253655435,0.4807283924806589
2021-06-16,0.0,0.0,0.0,9,18,True,0.2857142857142857,0.0,0.0219780219780219,0.0256410256410256,0.0,0.0271370420624151,0.0182479212329958,98.17520787670044,97.95811154020112,Normal,0.020418884597988796,0,0.0,0.0,0.0,0.0,0.0894653107803893,0.012251330758793278,0.17820914360975015,0.14953271028037382,,0.0003178639542275906,0.019071837253655435,0.4807283924806589
2021-06-17,0.0,0.0,0.0,14,28,True,0.2857142857142857,0.0,0.0131868131868131,0.0256410256410256,0.0,0.016282225237449,0.0160769578680026,98.39230421319974,98.1752078767004,Normal,0.01824792123299601,0,0.0,0.0,0.0,0.0,0.08761999192014544,0.010948752739797606,0.17715079896931615,0.14953271028037382,,0.0003178639542275906,0.019071837253655435,0.4807283924806589
2021-06-18,0.0,0.0,0.0,9,18,True,0.0,0.0,0.0043956043956043,0.0,0.0,0.0054274084124829,0.0010854816824965,99.89145183175036,98.81965464055016,Normal,0.011803453594498414,0,0.0,0.0,0.0,0.0,0.08214219442742249,0.007082072156699048,0.17400912099554858,0.14953271028037382,,0.0003178639542275906,0.019071837253655435,0.4807283924806589
2021-06-19,0.0,0.0,0.0,13,26,True,0.0,0.0,-0.0043956043956043,0.0,0.0,0.0054274084124829,0.0010854816824965,99.89145183175036,99.39173595890014,Normal,0.0060826404109985965,0,0.0,0.0,0.0,0.0,0.07727950322144764,0.0036495842465991577,0.17122022456859243,0.0050150451354062184,,0.0003178639542275906,0.019071837253655435,0.4807283924806589
2021-06-20,0.0,0.0,0.0,13,26,True,0.0,0.0,-0.0131868131868131,0.0,0.0,0.016282225237449,0.0032564450474898,99.67435549525102,99.81908638625056,Normal,0.0018091361374943382,0,0.0,0.0,0.0,0.0,0.07364702458896902,0.001085481682496603,0.1691368912352591,0.0050150451354062184,,0.0003178639542275906,0.019071837253655435,0.4807283924806589
2021-06-21,0.0,0.0,0.0,9,18,True,0.0,0.0,-0.0219780219780219,0.0,0.0,0.0271370420624151,0.005427408412483,99.4572591587517,99.67435549525102,Normal,0.0032564450474897866,0,0.0,0.0,0.0,0.0,0.07487723716246515,0.001953867028493872,0.16984245432888187,0.0050150451354062184,,0.0003178639542275906,0.019071837253655435,0.4807283924806589
2021-06-22,0.0,0.0,0.0,13,26,True,0.0,0.0,-0.0307692307692307,0.0,0.0,0.0379918588873812,0.0075983717774762,99.24016282225236,99.4572591587517,Normal,0.005427408412483015,0,0.0,0.0,0.0,0.0,0.0767225560227094,0.0032564450474898087,0.17090079896931606,0.0050150451354062184,,0.0003178639542275906,0.019071837253655435,0.4807283924806589
2021-06-23,0.0,0.0,0.0,9,20,True,0.0,0.0,-0.0395604395604395,0.0,0.0,0.0488466757123472,0.0097693351424694,99.02306648575303,99.2401628222524,Normal,0.007598371777476021,0,0.0,0.0,0.0,0.0,0.07856787488295346,0.004559023066485612,0.17195914360975018,0.0050150451354062184,,0.0003178639542275906,0.019071837253655435,0.4807283924806589
2021-06-24,0.0,0.0,0.0,16,31,True,0.0,0.0,-0.0483516483516483,0.0,0.0,0.0597014925373133,0.0119402985074626,98.80597014925372,99.02306648575306,Normal,0.00976933514246936,0,0.0,0.0,0.0,0.0,0.08041319374319779,0.005861601085481616,0.17301748825018443,0.14953271028037382,,0.0003178639542275906,0.019071837253655435,0.4807283924806589
2021-06-25,0.0,0.0,0.0,10,20,True,0.0,0.0,-0.0571428571428571,0.0,0.0,0.0705563093622794,0.0141112618724558,98.5888738127544,98.80597014925372,Normal,0.01194029850746281,0,0.0,0.0,0.0,0.0,0.08225851260344222,0.007164179104477686,0.17407583289061873,0.14953271028037382,,0.0003178639542275906,0.019071837253655435,0.4807283924806589
2021-06-26,0.0,0.0,0.0,15,30,True,0.0,0.0,0.0,0.0,0.0,0.0,0.0,100.0,99.1316146540027,Normal,0.008683853459972912,0,0.0,0.0,0.0,0.0,0.0794905343130758,0.005210312075983747,0.1724883159299674,0.0050150451354062184,,0.0003178639542275906,0.019071837253655435,0.4807283924806589
2021-06-27,0.0,0.0,0.0,13,26,True,0.0,0.0,0.0,0.0,0.0,0.0,0.0,100.0,99.52962460425148,Normal,0.004703753957485235,0,0.0,0.0,0.0,0.0,0.07610744973596129,0.0028222523744911407,0.17054801742250467,0.0050150451354062184,,0.0003178639542275906,0.019071837253655435,0.4807283924806589
2021-06-28,0.0,0.0,0.0,13,26,True,0.0,0.0,0.0,0.0,0.0,0.0,0.0,100.0,100.0,Normal,0.0,0,0.0,0.0,0.0,0.0,0.07210925887209883,0.0,0.1682549373682306,0.0050150451354062184,,0.0003178639542275906,0.019071837253655435,0.4807283924806589
2021-06-29,0.0,0.0,0.0,15,30,True,0.0,0.0,0.0,0.0,0.0,0.0,0.0,100.0,100.0,Normal,0.0,0,0.0,0.0,0.0,0.0,0.07210925887209883,0.0,0.1682549373682306,0.0050150451354062184,,0.0003178639542275906,0.019071837253655435,0.4807283924806589
2021-06-30,0.0,0.0,0.0,10,20,True,0.0,0.0,0.0,0.0,0.0,0.0,0.0,100.0,100.0,Normal,0.0,0,0.0,0.0,0.0,0.0,0.07210925887209883,0.0,0.1682549373682306,0.0050150451354062184,,0.0003178639542275906,0.019071837253655435,0.4807283924806589
2021-07-01,0.0,0.0,0.0,13,25,True,0.0,0.0,0.0,0.0,0.0,0.0,0.0,100.0,100.0,Normal,0.0,0,0.0,0.0,0.0,0.0,0.07210925887209883,0.0,0.1682549373682306,0.0050150451354062184,,0.0003178639542275906,0.019071837253655435,0.4807283924806589
2021-07-02,0.0,0.0,0.0,8,16,True,0.0,0.0,0.0,0.0,0.0,0.0,0.0,100.0,100.0,Normal,0.0,0,0.0,0.0,0.0,0.0,0.07210925887209883,0.0,0.1682549373682306,0.0050150451354062184,,0.0003178639542275906,0.019071837253655435,0.4807283924806589
2021-07-03,0.0,0.0,0.0,14,28,True,0.0,0.0,0.0,0.0,0.0,0.0,0.0,100.0,100.0,Normal,0.0,0,0.0,0.0,0.0,0.0,0.07210925887209883,0.0,0.1682549373682306,0.0050150451354062184,,0.0003178639542275906,0.019071837253655435,0.4807283924806589
2021-07-04,0.0,0.0,0.0,9,18,True,0.0,0.0,0.0,0.0,0.0,0.0,0.0,100.0,100.0,Normal,0.0,0,0.0,0.0,0.0,0.0,0.07210925887209883,0.0,0.1682549373682306,0.0050150451354062184,,0.0003178639542275906,0.019071837253655435,0.4807283924806589
2021-07-05,0.0,0.0,0.0,13,26,True,0.0,0.0,0.0,0.0,0.0,0.0,0.0,100.0,100.0,Normal,0.0,0,0.0,0.0,0.0,0.0,0.07210925887209883,0.0,0.1682549373682306,0.0050150451354062184,,0.0003178639542275906,0.019071837253655435,0.4807283924806589
2021-07-06,0.0,0.0,0.0,13,26,True,0.0,0.0,0.0,0.0,0.0,0.0,0.0,100.0,100.0,Normal,0.0,0,0.0,0.0,0.0,0.0,0.07210925887209883,0.0,0.1682549373682306,0.0050150451354062184,,0.0003178639542275906,0.019071837253655435,0.4807283924806589
2021-07-07,0.0,0.0,0.0,17,34,True,0.0,0.0,0.0,0.0,0.0,0.0,0.0,100.0,100.0,Normal,0.0,0,0.0,0.0,0.0,0.0,0.07210925887209883,0.0,0.1682549373682306,0.0050150451354062184,,0.0003178639542275906,0.019071837253655435,0.4807283924806589
2021-07-08,0.0,0.0,0.0,19,38,True,0.0,0.0,0.0,0.0,0.0,0.0,0.0,100.0,100.0,Normal,0.0,0,0.0,0.0,0.0,0.0,0.07210925887209883,0.0,0.1682549373682306,0.0050150451354062184,,0.0003178639542275906,0.019071837253655435,0.4807283924806589
2021-07-09,0.0,0.0,0.0,19,34,True,0.0,0.0,0.0,0.0,0.0,0.0,0.0,100.0,100.0,Normal,0.0,0,0.0,0.0,0.0,0.0,0.07210925887209883,0.0,0.1682549373682306,0.0050150451354062184,,0.0003178639542275906,0.019071837253655435,0.4807283924806589
2021-07-10,0.0,0.0,0.0,22,44,True,0.0,0.0,0.0,0.0,0.0,0.0,0.0,100.0,100.0,Normal,0.0,0,0.0,0.0,0.0,0.0,0.07210925887209883,0.0,0.1682549373682306,0.0050150451354062184,,0.0003178639542275906,0.019071837253655435,0.4807283924806589
2021-07-11,0.0,0.0,0.0,15,30,True,0.0,0.0,0.0,0.0,0.0,0.0,0.0,100.0,100.0,Normal,0.0,0,0.0,0.0,0.0,0.0,0.07210925887209883,0.0,0.1682549373682306,0.0050150451354062184,,0.0003178639542275906,0.019071837253655435,0.4807283924806589
2021-07-12,0.0,0.0,0.0,23,46,True,0.0,0.0,0.0,0.0,0.0,0.0,0.0,100.0,100.0,Normal,0.0,0,0.0,0.0,0.0,0.0,0.07210925887209883,0.0,0.1682549373682306,0.0050150451354062184,,0.0003178639542275906,0.019071837253655435,0.4807283924806589
2021-07-13,0.0,0.0,0.0,18,36,True,0.0,0.0,0.0,0.0,0.0,0.0,0.0,100.0,100.0,Normal,0.0,0,0.0,0.0,0.0,0.0,0.07210925887209883,0.0,0.1682549373682306,0.0050150451354062184,,0.0003178639542275906,0.019071837253655435,0.4807283924806589
2021-07-14,0.0,0.0,0.0,19,38,True,0.0,0.0,0.0,0.0,0.0,0.0,0.0,100.0,100.0,Normal,0.0,0,0.0,0.0,0.0,0.0,0.07210925887209883,0.0,0.1682549373682306,0.0050150451354062184,,0.0003178639542275906,0.019071837253655435,0.4807283924806589
2021-07-15,0.0,0.0,0.0,20,39,True,0.0,0.0,0.0,0.0,0.0,0.0,0.0,100.0,100.0,Normal,0.0,0,0.0,0.0,0.0,0.0,0.07210925887209883,0.0,0.1682549373682306,0.0050150451354062184,,0.0003178639542275906,0.019071837253655435,0.4807283924806589
2021-07-16,0.0,0.0,0.0,14,28,True,0.0,0.0,0.0,0.0,0.0,0.0,0.0,100.0,100.0,Normal,0.0,0,0.0,0.0,0.0,0.0,0.07210925887209883,0.0,0.1682549373682306,0.0050150451354062184,,0.0003178639542275906,0.019071837253655435,0.4807283924806589
2021-07-17,0.0,0.0,0.0,21,42,True,0.0,0.0,0.0,0.0,0.0,0.0,0.0,100.0,100.0,Normal,0.0,0,0.0,0.0,0.0,0.0,0.07210925887209883,0.0,0.1682549373682306,0.0050150451354062184,,0.0003178639542275906,0.019071837253655435,0.4807283924806589
2021-07-18,0.0,0.0,0.0,13,26,True,0.0,0.0,0.0,0.0,0.0,0.0,0.0,100.0,100.0,Normal,0.0,0,0.0,0.0,0.0,0.0,0.07210925887209883,0.0,0.1682549373682306,0.0050150451354062184,,0.0003178639542275906,0.019071837253655435,0.4807283924806589
2021-07-19,0.0,0.0,0.0,19,38,True,0.0,0.0,0.0,0.0,0.0,0.0,0.0,100.0,100.0,Normal,0.0,0,0.0,0.0,0.0,0.0,0.07210925887209883,0.0,0.1682549373682306,0.0050150451354062184,,0.0003178639542275906,0.019071837253655435,0.4807283924806589
2021-07-20,0.0,0.0,0.0,14,28,True,0.0,0.0,0.0,0.0,0.0,0.0,0.0,100.0,100.0,Normal,0.0,0,0.0,0.0,0.0,0.0,0.07210925887209883,0.0,0.1682549373682306,0.0050150451354062184,,0.0003178639542275906,0.019071837253655435,0.4807283924806589
2021-07-21,0.0,0.0,0.0,16,32,True,0.0,0.0,0.0,0.0,0.0,0.0,0.0,100.0,100.0,Normal,0.0,0,0.0,0.0,0.0,0.0,0.07210925887209883,0.0,0.1682549373682306,0.0050150451354062184,,0.0003178639542275906,0.019071837253655435,0.4807283924806589
2021-07-22,0.0,0.0,0.0,19,38,True,0.0,0.0,0.0,0.0,0.0,0.0,0.0,100.0,100.0,Normal,0.0,0,0.0,0.0,0.0,0.0,0.07210925887209883,0.0,0.1682549373682306,0.0050150451354062184,,0.0003178639542275906,0.019071837253655435,0.4807283924806589
2021-07-23,0.0,0.0,0.0,13,24,True,0.0,0.0,0.0,0.0,0.0,0.0,0.0,100.0,100.0,Normal,0.0,0,0.0,0.0,0.0,0.0,0.07210925887209883,0.0,0.1682549373682306,0.0050150451354062184,,0.0003178639542275906,0.019071837253655435,0.4807283924806589
2021-07-24,0.0,0.0,0.0,18,36,True,0.0,0.0,0.0,0.0,0.0,0.0,0.0,100.0,100.0,Normal,0.0,0,0.0,0.0,0.0,0.0,0.07210925887209883,0.0,0.1682549373682306,0.0050150451354062184,,0.0003178639542275906,0.019071837253655435,0.4807283924806589
2021-07-25,0.0,0.0,0.0,15,30,True,0.0,0.0,0.0,0.0,0.0,0.0,0.0,100.0,100.0,Normal,0.0,0,0.0,0.0,0.0,0.0,0.07210925887209883,0.0,0.1682549373682306,0.0050150451354062184,,0.0003178639542275906,0.019071837253655435,0.4807283924806589
2021-07-26,0.0,0.0,0.0,18,36,True,0.0,0.0,0.0,0.0,0.0,0.0,0.0,100.0,100.0,Normal,0.0,0,0.0,0.0,0.0,0.0,0.07210925887209883,0.0,0.1682549373682306,0.0050150451354062184,,0.0003178639542275906,0.019071837253655435,0.4807283924806589
2021-07-27,0.0,0.0,0.0,16,32,True,0.0,0.0,0.0,0.0,0.0,0.0,0.0,100.0,100.0,Normal,0.0,0,0.0,0.0,0.0,0.0,0.07210925887209883,0.0,0.1682549373682306,0.0050150451354062184,,0.0003178639542275906,0.019071837253655435,0.4807283924806589
2021-07-28,0.0,0.0,0.0,22,44,True,0.0,0.0,0.0,0.0,0.0,0.0,0.0,100.0,100.0,Normal,0.0,0,0.0,0.0,0.0,0.0,0.07210925887209883,0.0,0.1682549373682306,0.0050150451354062184,,0.0003178639542275906,0.019071837253655435,0.4807283924806589
2021-07-29,0.0,0.0,0.0,18,36,True,0.0,0.0,0.0,0.0,0.0,0.0,0.0,100.0,100.0,Normal,0.0,0,0.0,0.0,0.0,0.0,0.07210925887209883,0.0,0.1682549373682306,0.0050150451354062184,,0.0003178639542275906,0.019071837253655435,0.4807283924806589
2021-07-30,0.0,0.0,0.0,20,40,True,0.0,0.0,0.0,0.0,0.0,0.0,0.0,100.0,100.0,Normal,0.0,0,0.0,0.0,0.0,0.0,0.07210925887209883,0.0,0.1682549373682306,0.0050150451354062184,,0.0003178639542275906,0.019071837253655435,0.4807283924806589
2021-07-31,0.0,0.0,0.0,21,42,True,0.0,0.0,0.0,0.0,0.0,0.0,0.0,100.0,100.0,Normal,0.0,0,0.0,0.0,0.0,0.0,0.07210925887209883,0.0,0.1682549373682306,0.0050150451354062184,,0.0003178639542275906,0.019071837253655435,0.4807283924806589
2021-08-01,0.0,0.0,0.0,19,38,True,0.0,0.0,0.0,0.0,0.0,0.0,0.0,100.0,100.0,Normal,0.0,0,0.0,0.0,0.0,0.0,0.07210925887209883,0.0,0.1682549373682306,0.0050150451354062184,,0.0003178639542275906,0.019071837253655435,0.4807283924806589
2021-08-02,0.0,0.0,0.0,15,30,True,0.0,0.0,0.0,0.0,0.0,0.0,0.0,100.0,100.0,Normal,0.0,0,0.0,0.0,0.0,0.0,0.07210925887209883,0.0,0.1682549373682306,0.0050150451354062184,,0.0003178639542275906,0.019071837253655435,0.4807283924806589
2021-08-03,0.0,0.0,0.0,9,18,True,0.0,0.0,0.0,0.0,0.0,0.0,0.0,100.0,100.0,Normal,0.0,0,0.0,0.0,0.0,0.0,0.07210925887209883,0.0,0.1682549373682306,0.0050150451354062184,,0.0003178639542275906,0.019071837253655435,0.4807283924806589
2021-08-04,0.0,0.0,0.0,14,28,True,0.0,0.0,0.0,0.0,0.0,0.0,0.0,100.0,100.0,Normal,0.0,0,0.0,0.0,0.0,0.0,0.07210925887209883,0.0,0.1682549373682306,0.0050150451354062184,,0.0003178639542275906,0.019071837253655435,0.4807283924806589
2021-08-05,0.0,0.0,0.0,9,18,True,0.0,0.0,0.0,0.0,0.0,0.0,0.0,100.0,100.0,Normal,0.0,0,0.0,0.0,0.0,0.0,0.07210925887209883,0.0,0.1682549373682306,0.0050150451354062184,,0.0003178639542275906,0.019071837253655435,0.4807283924806589
2021-08-06,0.0,0.0,0.0,12,24,True,0.0,0.0,0.0,0.0,0.0,0.0,0.0,100.0,100.0,Normal,0.0,0,0.0,0.0,0.0,0.0,0.07210925887209883,0.0,0.1682549373682306,0.0050150451354062184,,0.0003178639542275906,0.019071837253655435,0.4807283924806589
2021-08-07,0.0,0.0,0.0,13,26,True,0.0,0.0,0.0,0.0,0.0,0.0,0.0,100.0,100.0,Normal,0.0,0,0.0,0.0,0.0,0.0,0.07210925887209883,0.0,0.1682549373682306,0.0050150451354062184,,0.0003178639542275906,0.019071837253655435,0.4807283924806589
2021-08-08,0.0,0.0,0.0,9,18,True,0.0,0.0,0.0,0.0,0.0,0.0,0.0,100.0,100.0,Normal,0.0,0,0.0,0.0,0.0,0.0,0.07210925887209883,0.0,0.1682549373682306,0.0050150451354062184,,0.0003178639542275906,0.019071837253655435,0.4807283924806589
2021-08-09,0.0,0.0,0.0,13,26,True,0.0,0.0,0.0,0.0,0.0,0.0,0.0,100.0,100.0,Normal,0.0,0,0.0,0.0,0.0,0.0,0.07210925887209883,0.0,0.1682549373682306,0.0050150451354062184,,0.0003178639542275906,0.019071837253655435,0.4807283924806589
2021-08-10,0.0,0.0,0.0,9,16,True,0.0,0.0,0.0,0.0,0.0,0.0,0.0,100.0,100.0,Normal,0.0,0,0.0,0.0,0.0,0.0,0.07210925887209883,0.0,0.1682549373682306,0.0050150451354062184,,0.0003178639542275906,0.019071837253655435,0.4807283924806589
2021-08-11,0.0,0.0,0.0,14,28,True,0.0,0.0,0.0,0.0,0.0,0.0,0.0,100.0,100.0,Normal,0.0,0,0.0,0.0,0.0,0.0,0.07210925887209883,0.0,0.1682549373682306,0.0050150451354062184,,0.0003178639542275906,0.019071837253655435,0.4807283924806589
2021-08-12,0.0,0.0,0.0,9,18,True,0.0,0.0,0.0,0.0,0.0,0.0,0.0,100.0,100.0,Normal,0.0,0,0.0,0.0,0.0,0.0,0.07210925887209883,0.0,0.1682549373682306,0.0050150451354062184,,0.0003178639542275906,0.019071837253655435,0.4807283924806589
2021-08-13,0.0,0.0,0.0,16,32,True,0.0,0.0,0.0,0.0,0.0,0.0,0.0,100.0,100.0,Normal,0.0,0,0.0,0.0,0.0,0.0,0.07210925887209883,0.0,0.1682549373682306,0.0050150451354062184,,0.0003178639542275906,0.019071837253655435,0.4807283924806589
2021-08-14,0.0,0.0,0.0,13,26,True,0.0,0.0,0.0,0.0,0.0,0.0,0.0,100.0,100.0,Normal,0.0,0,0.0,0.0,0.0,0.0,0.07210925887209883,0.0,0.1682549373682306,0.0050150451354062184,,0.0003178639542275906,0.019071837253655435,0.4807283924806589
2021-08-15,0.0,0.0,0.0,13,26,True,0.0,0.0,0.0,0.0,0.0,0.0,0.0,100.0,100.0,Normal,0.0,0,0.0,0.0,0.0,0.0,0.07210925887209883,0.0,0.1682549373682306,0.0050150451354062184,,0.0003178639542275906,0.019071837253655435,0.4807283924806589
2021-08-16,0.0,0.0,0.0,15,30,True,0.0,0.0,0.0,0.0,0.0,0.0,0.0,100.0,100.0,Normal,0.0,0,0.0,0.0,0.0,0.0,0.07210925887209883,0.0,0.1682549373682306,0.0050150451354062184,,0.0003178639542275906,0.019071837253655435,0.4807283924806589
2021-08-17,0.0,0.0,0.0,11,22,True,0.0,0.0,0.0,0.0,0.0,0.0,0.0,100.0,100.0,Normal,0.0,0,0.0,0.0,0.0,0.0,0.07210925887209883,0.0,0.1682549373682306,0.0050150451354062184,,0.0003178639542275906,0.019071837253655435,0.4807283924806589
2021-08-18,0.0,0.0,0.0,15,30,True,0.0,0.0,0.0,0.0,0.0,0.0,0.0,100.0,100.0,Normal,0.0,0,0.0,0.0,0.0,0.0,0.07210925887209883,0.0,0.1682549373682306,0.0050150451354062184,,0.0003178639542275906,0.019071837253655435,0.4807283924806589
2021-08-19,0.0,0.0,0.0,10,20,True,0.0,0.0,0.0,0.0,0.0,0.0,0.0,100.0,100.0,Normal,0.0,0,0.0,0.0,0.0,0.0,0.07210925887209883,0.0,0.1682549373682306,0.0050150451354062184,,0.0003178639542275906,0.019071837253655435,0.4807283924806589
2021-08-20,0.0,0.0,0.0,14,28,True,0.0,0.0,0.0,0.0,0.0,0.0,0.0,100.0,100.0,Normal,0.0,0,0.0,0.0,0.0,0.0,0.07210925887209883,0.0,0.1682549373682306,0.0050150451354062184,,0.0003178639542275906,0.019071837253655435,0.4807283924806589
2021-08-21,0.0,0.0,0.0,9,18,True,0.0,0.0,0.0,0.0,0.0,0.0,0.0,100.0,100.0,Normal,0.0,0,0.0,0.0,0.0,0.0,0.07210925887209883,0.0,0.1682549373682306,0.0050150451354062184,,0.0003178639542275906,0.019071837253655435,0.4807283924806589
2021-08-22,0.0,0.0,0.0,12,24,True,0.0,0.0,0.0,0.0,0.0,0.0,0.0,100.0,100.0,Normal,0.0,0,0.0,0.0,0.0,0.0,0.07210925887209883,0.0,0.1682549373682306,0.0050150451354062184,,0.0003178639542275906,0.019071837253655435,0.4807283924806589
2021-08-23,0.0,0.0,0.0,13,26,True,0.0,0.0,0.0,0.0,0.0,0.0,0.0,100.0,100.0,Normal,0.0,0,0.0,0.0,0.0,0.0,0.07210925887209883,0.0,0.1682549373682306,0.0050150451354062184,,0.0003178639542275906,0.019071837253655435,0.4807283924806589
2021-08-24,0.0,0.0,0.0,9,18,True,0.0,0.0,0.0,0.0,0.0,0.0,0.0,100.0,100.0,Normal,0.0,0,0.0,0.0,0.0,0.0,0.07210925887209883,0.0,0.1682549373682306,0.0050150451354062184,,0.0003178639542275906,0.019071837253655435,0.4807283924806589
2021-08-25,0.0,0.0,0.0,13,26,True,0.0,0.0,0.0,0.0,0.0,0.0,0.0,100.0,100.0,Normal,0.0,0,0.0,0.0,0.0,0.0,0.07210925887209883,0.0,0.1682549373682306,0.0050150451354062184,,0.0003178639542275906,0.019071837253655435,0.4807283924806589
2021-08-26,0.0,0.0,0.0,8,16,True,0.0,0.0,0.0,0.0,0.0,0.0,0.0,100.0,100.0,Normal,0.0,0,0.0,0.0,0.0,0.0,0.07210925887209883,0.0,0.1682549373682306,0.0050150451354062184,,0.0003178639542275906,0.019071837253655435,0.4807283924806589
2021-08-27,0.0,0.0,0.0,14,28,True,0.0,0.0,0.0,0.0,0.0,0.0,0.0,100.0,100.0,Normal,0.0,0,0.0,0.0,0.0,0.0,0.07210925887209883,0.0,0.1682549373682306,0.0050150451354062184,,0.0003178639542275906,0.019071837253655435,0.4807283924806589
2021-08-28,0.0,0.0,0.0,9,18,True,0.0,0.0,0.0,0.0,0.0,0.0,0.0,100.0,100.0,Normal,0.0,0,0.0,0.0,0.0,0.0,0.07210925887209883,0.0,0.1682549373682306,0.0050150451354062184,,0.0003178639542275906,0.019071837253655435,0.4807283924806589
2021-08-29,0.0,0.0,0.0,15,30,True,0.0,0.0,0.0,0.0,0.0,0.0,0.0,100.0,100.0,Normal,0.0,0,0.0,0.0,0.0,0.0,0.07210925887209883,0.0,0.1682549373682306,0.0050150451354062184,,0.0003178639542275906,0.019071837253655435,0.4807283924806589
2021-08-30,0.0,0.0,0.0,13,26,True,0.0,0.0,0.0,0.0,0.0,0.0,0.0,100.0,100.0,Normal,0.0,0,0.0,0.0,0.0,0.0,0.07210925887209883,0.0,0.1682549373682306,0.0050150451354062184,,0.0003178639542275906,0.019071837253655435,0.4807283924806589
2021-08-31,0.0,0.0,0.0,13,26,True,0.0,0.0,0.0,0.0,0.0,0.0,0.0,100.0,100.0,Normal,0.0,0,0.0,0.0,0.0,0.0,0.07210925887209883,0.0,0.1682549373682306,0.0050150451354062184,,0.0003178639542275906,0.019071837253655435,0.4807283924806589
2021-09-01,0.0,0.0,0.0,14,26,True,0.0,0.0,0.0,0.0,0.0,0.0,0.0,100.0,100.0,Normal,0.0,0,0.0,0.0,0.0,0.0,0.07210925887209883,0.0,0.1682549373682306,0.0050150451354062184,,0.0003178639542275906,0.019071837253655435,0.4807283924806589
2021-09-02,0.0,0.0,0.0,11,22,True,0.0,0.0,0.0,0.0,0.0,0.0,0.0,100.0,100.0,Normal,0.0,0,0.0,0.0,0.0,0.0,0.07210925887209883,0.0,0.1682549373682306,0.0050150451354062184,,0.0003178639542275906,0.019071837253655435,0.4807283924806589
2021-09-03,0.0,0.0,0.0,16,32,True,0.0,0.0,0.0,0.0,0.0,0.0,0.0,100.0,100.0,Normal,0.0,0,0.0,0.0,0.0,0.0,0.07210925887209883,0.0,0.1682549373682306,0.0050150451354062184,,0.0003178639542275906,0.019071837253655435,0.4807283924806589
2021-09-04,0.0,0.0,0.0,10,20,True,0.0,0.0,0.0,0.0,0.0,0.0,0.0,100.0,100.0,Normal,0.0,0,0.0,0.0,0.0,0.0,0.07210925887209883,0.0,0.1682549373682306,0.0050150451354062184,,0.0003178639542275906,0.019071837253655435,0.4807283924806589
2021-09-05,0.0,0.0,0.0,15,30,True,0.0,0.0,0.0,0.0,0.0,0.0,0.0,100.0,100.0,Normal,0.0,0,0.0,0.0,0.0,0.0,0.07210925887209883,0.0,0.1682549373682306,0.0050150451354062184,,0.0003178639542275906,0.019071837253655435,0.4807283924806589
2021-09-06,0.0,0.0,0.0,9,18,True,0.0,0.0,0.0,0.0,0.0,0.0,0.0,100.0,100.0,Normal,0.0,0,0.0,0.0,0.0,0.0,0.07210925887209883,0.0,0.1682549373682306,0.0050150451354062184,,0.0003178639542275906,0.019071837253655435,0.4807283924806589
2021-09-07,0.0,0.0,0.0,12,24,True,0.0,0.0,0.0,0.0,0.0,0.0,0.0,100.0,100.0,Normal,0.0,0,0.0,0.0,0.0,0.0,0.07210925887209883,0.0,0.1682549373682306,0.0050150451354062184,,0.0003178639542275906,0.019071837253655435,0.4807283924806589
2021-09-08,0.0,0.0,0.0,13,26,True,0.0,0.0,0.0,0.0,0.0,0.0,0.0,100.0,100.0,Normal,0.0,0,0.0,0.0,0.0,0.0,0.07210925887209883,0.0,0.1682549373682306,0.0050150451354062184,,0.0003178639542275906,0.019071837253655435,0.4807283924806589
2021-09-09,0.0,0.0,0.0,9,18,True,0.0,0.0,0.0,0.0,0.0,0.0,0.0,100.0,100.0,Normal,0.0,0,0.0,0.0,0.0,0.0,0.07210925887209883,0.0,0.1682549373682306,0.0050150451354062184,,0.0003178639542275906,0.019071837253655435,0.4807283924806589
2021-09-10,0.0,0.0,0.0,13,26,True,0.0,0.0,0.0,0.0,0.0,0.0,0.0,100.0,100.0,Normal,0.0,0,0.0,0.0,0.0,0.0,0.07210925887209883,0.0,0.1682549373682306,0.0050150451354062184,,0.0003178639542275906,0.019071837253655435,0.4807283924806589
2021-09-11,1.0,0.0,1.0,9,17,True,0.1428571428571428,0.0,0.0,0.0128205128205128,0.0,0.0,0.0064102564102564,99.35897435897436,99.78632478632478,Normal,0.002136752136752129,0,0.0,0.0,0.0,0.0,0.07392549818833814,0.0012820512820512775,0.16929660403489727,0.0050150451354062184,,0.0003178639542275906,0.019071837253655435,0.4807283924806589
2021-09-12,0.0,0.0,0.0,14,28,True,0.1428571428571428,0.0,0.0285714285714285,0.0128205128205128,0.0,0.0352781546811396,0.0134658873464843,98.65341126535156,99.33746187477531,Normal,0.006625381252246876,0,0.0,0.0,0.0,0.0,0.07774083293650867,0.003975228751348125,0.17148481072870095,0.0050150451354062184,,0.0003178639542275906,0.019071837253655435,0.4807283924806589
2021-09-13,0.0,0.0,0.0,8,16,True,0.1428571428571428,0.0,0.0241758241758241,0.0128205128205128,0.0,0.0298507462686566,0.0123804056639877,98.76195943360123,98.92478168597572,Normal,0.010752183140242844,0,0.0,0.0,0.0,0.0,0.08124861454130525,0.006451309884145706,0.17349662664909898,0.14953271028037382,,0.0003178639542275906,0.019071837253655435,0.4807283924806589
2021-09-14,0.0,0.0,0.0,15,30,True,0.1428571428571428,0.0,0.0197802197802197,0.0128205128205128,0.0,0.0244233378561735,0.0112949239814911,98.87050760185087,98.76195943360123,Normal,0.012380405663987681,0,0.0,0.0,0.0,0.0,0.08263260368648837,0.007428243398392608,0.1742903851294246,0.14953271028037382,,0.0003178639542275906,0.019071837253655435,0.4807283924806589
2021-09-15,0.0,0.0,0.0,13,26,True,0.1428571428571428,0.0,0.0153846153846153,0.0128205128205128,0.0,0.0189959294436905,0.0102094422989945,98.97905577010054,98.87050760185087,Normal,0.011294923981491234,0,0.0,0.0,0.0,0.0,0.08170994425636638,0.00677695438889474,0.1737612128092076,0.14953271028037382,,0.0003178639542275906,0.019071837253655435,0.4807283924806589
2021-09-16,0.0,0.0,0.0,13,26,True,0.1428571428571428,0.0,0.0109890109890109,0.0128205128205128,0.0,0.0135685210312074,0.0091239606164979,99.0876039383502,98.97905577010056,Normal,0.010209442298994453,0,0.0,0.0,0.0,0.0,0.08078728482624412,0.006125665379396672,0.1732320404889904,0.14953271028037382,,0.0003178639542275906,0.019071837253655435,0.4807283924806589
2021-09-17,0.0,0.0,0.0,15,30,True,0.1428571428571428,0.0,0.0065934065934065,0.0128205128205128,0.0,0.0081411126187244,0.0080384789340012,99.19615210659988,99.08760393835024,Normal,0.009123960616497562,0,0.0,0.0,0.0,0.0,0.07986462539612176,0.005474376369898537,0.17270286816877317,0.14953271028037382,,0.0003178639542275906,0.019071837253655435,0.4807283924806589
2021-09-18,0.0,0.0,0.0,11,22,True,0.0,0.0,0.0021978021978021,0.0,0.0,0.0027137042062413,0.0005427408412482,99.94572591587516,99.40982732027508,Normal,0.005901726797249207,0,0.0,0.0,0.0,0.0,0.07712572664976065,0.003541036078349524,0.1711320291818896,0.0050150451354062184,,0.0003178639542275906,0.019071837253655435,0.4807283924806589
2021-09-19,0.0,0.0,0.0,16,32,True,0.0,0.0,-0.0021978021978021,0.0,0.0,0.0027137042062413,0.0005427408412482,99.94572591587516,99.69586797945006,Normal,0.0030413202054994093,0,0.0,0.0,0.0,0.0,0.07469438104677333,0.0018247921232996454,0.16973758096841157,0.0050150451354062184,,0.0003178639542275906,0.019071837253655435,0.4807283924806589
2021-09-20,0.0,0.0,0.0,11,22,True,0.0,0.0,-0.0065934065934065,0.0,0.0,0.0081411126187244,0.0016282225237448,99.83717774762552,99.90954319312527,Normal,0.0009045680687472801,0,0.0,0.0,0.0,0.0,0.07287814173053402,0.0005427408412483681,0.1686959143017449,0.0050150451354062184,,0.0003178639542275906,0.019071837253655435,0.4807283924806589
2021-09-21,0.0,0.0,0.0,15,30,True,0.0,0.0,-0.0109890109890109,0.0,0.0,0.0135685210312074,0.0027137042062414,99.72862957937583,99.8371777476255,Normal,0.0016282225237449488,0,0.0,0.0,0.0,0.0,0.07349324801728203,0.0009769335142469692,0.16904869584855628,0.0050150451354062184,,0.0003178639542275906,0.019071837253655435,0.4807283924806589
2021-09-22,0.0,0.0,0.0,10,20,True,0.0,0.0,-0.0153846153846153,0.0,0.0,0.0189959294436905,0.0037991858887381,99.6200814111262,99.72862957937586,Normal,0.0027137042062413963,0,0.0,0.0,0.0,0.0,0.07441590744740402,0.0016282225237448378,0.1695778681687733,0.0050150451354062184,,0.0003178639542275906,0.019071837253655435,0.4807283924806589
2021-09-23,0.0,0.0,0.0,12,24,True,0.0,0.0,-0.0197802197802197,0.0,0.0,0.0244233378561735,0.0048846675712347,99.51153324287652,99.6200814111262,Normal,0.003799185888738066,0,0.0,0.0,0.0,0.0,0.07533856687752619,0.0022795115332428393,0.17010704048899042,0.0050150451354062184,,0.0003178639542275906,0.019071837253655435,0.4807283924806589
2021-09-24,0.0,0.0,0.0,13,26,True,0.0,0.0,-0.0241758241758241,0.0,0.0,0.0298507462686566,0.0059701492537313,99.40298507462688,99.51153324287652,Normal,0.004884667571234735,0,0.0,0.0,0.0,0.0,0.07626122630764835,0.0029308005427408413,0.17063621280920754,0.0050150451354062184,,0.0003178639542275906,0.019071837253655435,0.4807283924806589
2021-09-25,0.0,0.0,0.0,9,18,True,0.0,0.0,-0.0285714285714285,0.0,0.0,0.0352781546811396,0.0070556309362279,99.2944369063772,99.40298507462688,Normal,0.005970149253731183,0,0.0,0.0,0.0,0.0,0.07718388573777034,0.0035820895522387097,0.17116538512942456,0.0050150451354062184,,0.0003178639542275906,0.019071837253655435,0.4807283924806589
2021-09-26,0.0,0.0,0.0,13,26,True,0.0,0.0,0.0,0.0,0.0,0.0,0.0,100.0,99.56580732700137,Normal,0.004341926729986345,0,0.0,0.0,0.0,0.0,0.07579989659258722,0.002605156037991807,0.17037162664909894,0.0050150451354062184,,0.0003178639542275906,0.019071837253655435,0.4807283924806589
2021-09-27,0.0,0.0,0.0,8,16,True,0.0,0.0,0.0,0.0,0.0,0.0,0.0,100.0,99.76481230212572,Normal,0.0023518769787428395,0,0.0,0.0,0.0,0.0,0.07410835430403025,0.0014111261872457037,0.16940147739536773,0.0050150451354062184,,0.0003178639542275906,0.019071837253655435,0.4807283924806589
2021-09-28,0.0,0.0,0.0,14,28,True,0.0,0.0,0.0,0.0,0.0,0.0,0.0,100.0,100.0,Normal,0.0,0,0.0,0.0,0.0,0.0,0.07210925887209883,0.0,0.1682549373682306,0.0050150451354062184,,0.0003178639542275906,0.019071837253655435,0.4807283924806589
2021-09-29,0.0,0.0,0.0,8,16,True,0.0,0.0,0.0,0.0,0.0,0.0,0.0,100.0,100.0,Normal,0.0,0,0.0,0.0,0.0,0.0,0.07210925887209883,0.0,0.1682549373682306,0.0050150451354062184,,0.0003178639542275906,0.019071837253655435,0.4807283924806589
2021-09-30,0.0,0.0,0.0,15,30,True,0.0,0.0,0.0,0.0,0.0,0.0,0.0,100.0,100.0,Normal,0.0,0,0.0,0.0,0.0,0.0,0.07210925887209883,0.0,0.1682549373682306,0.0050150451354062184,,0.0003178639542275906,0.019071837253655435,0.4807283924806589
2021-10-01,0.0,0.0,0.0,12,24,True,0.0,0.0,0.0,0.0,0.0,0.0,0.0,100.0,100.0,Normal,0.0,0,0.0,0.0,0.0,0.0,0.07210925887209883,0.0,0.1682549373682306,0.0050150451354062184,,0.0003178639542275906,0.019071837253655435,0.4807283924806589
2021-10-02,0.0,0.0,0.0,13,26,True,0.0,0.0,0.0,0.0,0.0,0.0,0.0,100.0,100.0,Normal,0.0,0,0.0,0.0,0.0,0.0,0.07210925887209883,0.0,0.1682549373682306,0.0050150451354062184,,0.0003178639542275906,0.019071837253655435,0.4807283924806589
2021-10-03,0.0,0.0,0.0,15,30,True,0.0,0.0,0.0,0.0,0.0,0.0,0.0,100.0,100.0,Normal,0.0,0,0.0,0.0,0.0,0.0,0.07210925887209883,0.0,0.1682549373682306,0.0050150451354062184,,0.0003178639542275906,0.019071837253655435,0.4807283924806589
2021-10-04,0.0,0.0,0.0,2,4,True,0.0,0.0,0.0,0.0,0.0,0.0,0.0,100.0,100.0,Normal,0.0,0,0.0,0.0,0.0,0.0,0.07210925887209883,0.0,0.1682549373682306,0.0050150451354062184,,0.0003178639542275906,0.019071837253655435,0.4807283924806589
2021-10-05,0.0,0.0,0.0,0,0,False,0.0,0.0,0.0,0.0,0.0,0.0,0.0,100.0,100.0,Inactive,0.0,0,0.0,0.0,0.0,0.0,0.07210925887209883,0.0,0.1682549373682306,0.0050150451354062184,,0.0003178639542275906,0.019071837253655435,0.4807283924806589
2021-10-06,0.0,0.0,0.0,0,0,False,0.0,0.0,0.0,0.0,0.0,0.0,0.0,100.0,100.0,Inactive,0.0,0,0.0,0.0,0.0,0.0,0.07210925887209883,0.0,0.1682549373682306,0.0050150451354062184,,0.0003178639542275906,0.019071837253655435,0.4807283924806589
2021-10-07,0.0,0.0,0.0,0,0,False,0.0,0.0,0.0,0.0,0.0,0.0,0.0,100.0,100.0,Inactive,0.0,0,0.0,0.0,0.0,0.0,0.07210925887209883,0.0,0.1682549373682306,0.0050150451354062184,,0.0003178639542275906,0.019071837253655435,0.4807283924806589
2021-10-08,0.0,0.0,0.0,0,0,False,0.0,0.0,0.0,0.0,0.0,0.0,0.0,100.0,100.0,Inactive,0.0,0,0.0,0.0,0.0,0.0,0.07210925887209883,0.0,0.1682549373682306,0.0050150451354062184,,0.0003178639542275906,0.019071837253655435,0.4807283924806589
2021-10-09,0.0,0.0,0.0,0,0,False,0.0,0.0,0.0,0.0,0.0,0.0,0.0,100.0,100.0,Inactive,0.0,0,0.0,0.0,0.0,0.0,0.07210925887209883,0.0,0.1682549373682306,0.0050150451354062184,,0.0003178639542275906,0.019071837253655435,0.4807283924806589
2021-10-10,0.0,0.0,0.0,0,0,False,0.0,0.0,0.0,0.0,0.0,0.0,0.0,100.0,100.0,Inactive,0.0,0,0.0,0.0,0.0,0.0,0.07210925887209883,0.0,0.1682549373682306,0.0050150451354062184,,0.0003178639542275906,0.019071837253655435,0.4807283924806589
2021-10-11,0.0,0.0,0.0,0,0,False,0.0,0.0,0.0,0.0,0.0,0.0,0.0,100.0,100.0,Inactive,0.0,0,0.0,0.0,0.0,0.0,0.07210925887209883,0.0,0.1682549373682306,0.0050150451354062184,,0.0003178639542275906,0.019071837253655435,0.4807283924806589
2021-10-12,0.0,0.0,0.0,0,0,False,0.0,0.0,0.0,0.0,0.0,0.0,0.0,100.0,100.0,Inactive,0.0,0,0.0,0.0,0.0,0.0,0.07210925887209883,0.0,0.1682549373682306,0.0050150451354062184,,0.0003178639542275906,0.019071837253655435,0.4807283924806589
2021-10-13,0.0,0.0,0.0,0,0,False,0.0,0.0,0.0,0.0,0.0,0.0,0.0,100.0,100.0,Inactive,0.0,0,0.0,0.0,0.0,0.0,0.07210925887209883,0.0,0.1682549373682306,0.0050150451354062184,,0.0003178639542275906,0.019071837253655435,0.4807283924806589
2021-10-14,0.0,0.0,0.0,0,0,False,0.0,0.0,0.0,0.0,0.0,0.0,0.0,100.0,100.0,Inactive,0.0,0,0.0,0.0,0.0,0.0,0.07210925887209883,0.0,0.1682549373682306,0.0050150451354062184,,0.0003178639542275906,0.019071837253655435,0.4807283924806589
2021-10-15,0.0,0.0,0.0,0,0,False,0.0,0.0,0.0,0.0,0.0,0.0,0.0,100.0,100.0,Inactive,0.0,0,0.0,0.0,0.0,0.0,0.07210925887209883,0.0,0.1682549373682306,0.0050150451354062184,,0.0003178639542275906,0.019071837253655435,0.4807283924806589
2021-10-16,0.0,0.0,0.0,0,0,False,0.0,0.0,0.0,0.0,0.0,0.0,0.0,100.0,100.0,Inactive,0.0,0,0.0,0.0,0.0,0.0,0.07210925887209883,0.0,0.1682549373682306,0.0050150451354062184,,0.0003178639542275906,0.019071837253655435,0.4807283924806589
2021-10-17,0.0,0.0,0.0,0,0,False,0.0,0.0,0.0,0.0,0.0,0.0,0.0,100.0,100.0,Inactive,0.0,0,0.0,0.0,0.0,0.0,0.07210925887209883,0.0,0.1682549373682306,0.0050150451354062184,,0.0003178639542275906,0.019071837253655435,0.4807283924806589
2021-10-18,0.0,0.0,0.0,0,0,False,0.0,0.0,0.0,0.0,0.0,0.0,0.0,100.0,100.0,Inactive,0.0,0,0.0,0.0,0.0,0.0,0.07210925887209883,0.0,0.1682549373682306,0.0050150451354062184,,0.0003178639542275906,0.019071837253655435,0.4807283924806589
2021-10-19,0.0,0.0,0.0,0,0,False,0.0,0.0,0.0,0.0,0.0,0.0,0.0,100.0,100.0,Inactive,0.0,0,0.0,0.0,0.0,0.0,0.07210925887209883,0.0,0.1682549373682306,0.0050150451354062184,,0.0003178639542275906,0.019071837253655435,0.4807283924806589
2021-10-20,0.0,0.0,0.0,0,0,False,0.0,0.0,0.0,0.0,0.0,0.0,0.0,100.0,100.0,Inactive,0.0,0,0.0,0.0,0.0,0.0,0.07210925887209883,0.0,0.1682549373682306,0.0050150451354062184,,0.0003178639542275906,0.019071837253655435,0.4807283924806589
2021-10-21,0.0,0.0,0.0,0,0,False,0.0,0.0,0.0,0.0,0.0,0.0,0.0,100.0,100.0,Inactive,0.0,0,0.0,0.0,0.0,0.0,0.07210925887209883,0.0,0.1682549373682306,0.0050150451354062184,,0.0003178639542275906,0.019071837253655435,0.4807283924806589
2021-10-22,0.0,0.0,0.0,0,0,False,0.0,0.0,0.0,0.0,0.0,0.0,0.0,100.0,100.0,Inactive,0.0,0,0.0,0.0,0.0,0.0,0.07210925887209883,0.0,0.1682549373682306,0.0050150451354062184,,0.0003178639542275906,0.019071837253655435,0.4807283924806589
2021-10-23,0.0,0.0,0.0,0,0,False,0.0,0.0,0.0,0.0,0.0,0.0,0.0,100.0,100.0,Inactive,0.0,0,0.0,0.0,0.0,0.0,0.07210925887209883,0.0,0.1682549373682306,0.0050150451354062184,,0.0003178639542275906,0.019071837253655435,0.4807283924806589
2021-10-24,0.0,0.0,0.0,0,0,False,0.0,0.0,0.0,0.0,0.0,0.0,0.0,100.0,100.0,Inactive,0.0,0,0.0,0.0,0.0,0.0,0.07210925887209883,0.0,0.1682549373682306,0.0050150451354062184,,0.0003178639542275906,0.019071837253655435,0.4807283924806589
2021-10-25,0.0,0.0,0.0,0,0,False,0.0,0.0,0.0,0.0,0.0,0.0,0.0,100.0,100.0,Inactive,0.0,0,0.0,0.0,0.0,0.0,0.07210925887209883,0.0,0.1682549373682306,0.0050150451354062184,,0.0003178639542275906,0.019071837253655435,0.4807283924806589
2021-10-26,0.0,0.0,0.0,0,0,False,0.0,0.0,0.0,0.0,0.0,0.0,0.0,100.0,100.0,Inactive,0.0,0,0.0,0.0,0.0,0.0,0.07210925887209883,0.0,0.1682549373682306,0.0050150451354062184,,0.0003178639542275906,0.019071837253655435,0.4807283924806589
2021-10-27,0.0,0.0,0.0,0,0,False,0.0,0.0,0.0,0.0,0.0,0.0,0.0,100.0,100.0,Inactive,0.0,0,0.0,0.0,0.0,0.0,0.07210925887209883,0.0,0.1682549373682306,0.0050150451354062184,,0.0003178639542275906,0.019071837253655435,0.4807283924806589
2021-10-28,0.0,0.0,0.0,19,36,True,0.0,0.0,0.0,0.0,0.0,0.0,0.0,100.0,100.0,Normal,0.0,0,0.0,0.0,0.0,0.0,0.07210925887209883,0.0,0.1682549373682306,0.0050150451354062184,,0.0003178639542275906,0.019071837253655435,0.4807283924806589
2021-10-29,0.0,0.0,0.0,14,28,True,0.0,0.0,0.0,0.0,0.0,0.0,0.0,100.0,100.0,Normal,0.0,0,0.0,0.0,0.0,0.0,0.07210925887209883,0.0,0.1682549373682306,0.0050150451354062184,,0.0003178639542275906,0.019071837253655435,0.4807283924806589
2021-10-30,0.0,0.0,0.0,22,44,True,0.0,0.0,0.0,0.0,0.0,0.0,0.0,100.0,100.0,Normal,0.0,0,0.0,0.0,0.0,0.0,0.07210925887209883,0.0,0.1682549373682306,0.0050150451354062184,,0.0003178639542275906,0.019071837253655435,0.4807283924806589
2021-10-31,0.0,0.0,0.0,13,26,True,0.0,0.0,0.0,0.0,0.0,0.0,0.0,100.0,100.0,Normal,0.0,0,0.0,0.0,0.0,0.0,0.07210925887209883,0.0,0.1682549373682306,0.0050150451354062184,,0.0003178639542275906,0.019071837253655435,0.4807283924806589
2021-11-01,0.0,0.0,0.0,21,42,True,0.0,0.0,0.0,0.0,0.0,0.0,0.0,100.0,100.0,Normal,0.0,0,0.0,0.0,0.0,0.0,0.07210925887209883,0.0,0.1682549373682306,0.0050150451354062184,,0.0003178639542275906,0.019071837253655435,0.4807283924806589
2021-11-02,0.0,0.0,0.0,18,36,True,0.0,0.0,0.0,0.0,0.0,0.0,0.0,100.0,100.0,Normal,0.0,0,0.0,0.0,0.0,0.0,0.07210925887209883,0.0,0.1682549373682306,0.0050150451354062184,,0.0003178639542275906,0.019071837253655435,0.4807283924806589
2021-11-03,0.0,0.0,0.0,15,30,True,0.0,0.0,0.0,0.0,0.0,0.0,0.0,100.0,100.0,Normal,0.0,0,0.0,0.0,0.0,0.0,0.07210925887209883,0.0,0.1682549373682306,0.0050150451354062184,,0.0003178639542275906,0.019071837253655435,0.4807283924806589
2021-11-04,0.0,0.0,0.0,21,42,True,0.0,0.0,0.0,0.0,0.0,0.0,0.0,100.0,100.0,Normal,0.0,0,0.0,0.0,0.0,0.0,0.07210925887209883,0.0,0.1682549373682306,0.0050150451354062184,,0.0003178639542275906,0.019071837253655435,0.4807283924806589
2021-11-05,0.0,0.0,0.0,14,28,True,0.0,0.0,0.0,0.0,0.0,0.0,0.0,100.0,100.0,Normal,0.0,0,0.0,0.0,0.0,0.0,0.07210925887209883,0.0,0.1682549373682306,0.0050150451354062184,,0.0003178639542275906,0.019071837253655435,0.4807283924806589
2021-11-06,0.0,0.0,0.0,22,44,True,0.0,0.0,0.0,0.0,0.0,0.0,0.0,100.0,100.0,Normal,0.0,0,0.0,0.0,0.0,0.0,0.07210925887209883,0.0,0.1682549373682306,0.0050150451354062184,,0.0003178639542275906,0.019071837253655435,0.4807283924806589
2021-11-07,0.0,0.0,0.0,17,34,True,0.0,0.0,0.0,0.0,0.0,0.0,0.0,100.0,100.0,Normal,0.0,0,0.0,0.0,0.0,0.0,0.07210925887209883,0.0,0.1682549373682306,0.0050150451354062184,,0.0003178639542275906,0.019071837253655435,0.4807283924806589
2021-11-08,0.0,0.0,0.0,20,40,True,0.0,0.0,0.0,0.0,0.0,0.0,0.0,100.0,100.0,Normal,0.0,0,0.0,0.0,0.0,0.0,0.07210925887209883,0.0,0.1682549373682306,0.0050150451354062184,,0.0003178639542275906,0.019071837253655435,0.4807283924806589
2021-11-09,0.0,0.0,0.0,7,14,True,0.0,0.0,0.0,0.0,0.0,0.0,0.0,100.0,100.0,Normal,0.0,0,0.0,0.0,0.0,0.0,0.07210925887209883,0.0,0.1682549373682306,0.0050150451354062184,,0.0003178639542275906,0.019071837253655435,0.4807283924806589
2021-11-10,0.0,0.0,0.0,10,20,True,0.0,0.0,0.0,0.0,0.0,0.0,0.0,100.0,100.0,Normal,0.0,0,0.0,0.0,0.0,0.0,0.07210925887209883,0.0,0.1682549373682306,0.0050150451354062184,,0.0003178639542275906,0.019071837253655435,0.4807283924806589
2021-11-11,0.0,0.0,0.0,8,16,True,0.0,0.0,0.0,0.0,0.0,0.0,0.0,100.0,100.0,Normal,0.0,0,0.0,0.0,0.0,0.0,0.07210925887209883,0.0,0.1682549373682306,0.0050150451354062184,,0.0003178639542275906,0.019071837253655435,0.4807283924806589
2021-11-12,0.0,0.0,0.0,7,14,True,0.0,0.0,0.0,0.0,0.0,0.0,0.0,100.0,100.0,Normal,0.0,0,0.0,0.0,0.0,0.0,0.07210925887209883,0.0,0.1682549373682306,0.0050150451354062184,,0.0003178639542275906,0.019071837253655435,0.4807283924806589
2021-11-13,0.0,0.0,0.0,9,18,True,0.0,0.0,0.0,0.0,0.0,0.0,0.0,100.0,100.0,Normal,0.0,0,0.0,0.0,0.0,0.0,0.07210925887209883,0.0,0.1682549373682306,0.0050150451354062184,,0.0003178639542275906,0.019071837253655435,0.4807283924806589
2021-11-14,0.0,0.0,0.0,22,20,True,0.0,0.0,0.0,0.0,0.0,0.0,0.0,100.0,100.0,Normal,0.0,0,0.0,0.0,0.0,0.0,0.07210925887209883,0.0,0.1682549373682306,0.0050150451354062184,,0.0003178639542275906,0.019071837253655435,0.4807283924806589
2021-11-15,0.0,0.0,0.0,10,20,True,0.0,0.0,0.0,0.0,0.0,0.0,0.0,100.0,100.0,Normal,0.0,0,0.0,0.0,0.0,0.0,0.07210925887209883,0.0,0.1682549373682306,0.0050150451354062184,,0.0003178639542275906,0.019071837253655435,0.4807283924806589
2021-11-16,0.0,0.0,0.0,6,12,True,0.0,0.0,0.0,0.0,0.0,0.0,0.0,100.0,100.0,Normal,0.0,0,0.0,0.0,0.0,0.0,0.07210925887209883,0.0,0.1682549373682306,0.0050150451354062184,,0.0003178639542275906,0.019071837253655435,0.4807283924806589
2021-11-17,0.0,0.0,0.0,9,18,True,0.0,0.0,0.0,0.0,0.0,0.0,0.0,100.0,100.0,Normal,0.0,0,0.0,0.0,0.0,0.0,0.07210925887209883,0.0,0.1682549373682306,0.0050150451354062184,,0.0003178639542275906,0.019071837253655435,0.4807283924806589
2021-11-18,0.0,0.0,0.0,8,16,True,0.0,0.0,0.0,0.0,0.0,0.0,0.0,100.0,100.0,Normal,0.0,0,0.0,0.0,0.0,0.0,0.07210925887209883,0.0,0.1682549373682306,0.0050150451354062184,,0.0003178639542275906,0.019071837253655435,0.4807283924806589
2021-11-19,0.0,0.0,0.0,9,18,True,0.0,0.0,0.0,0.0,0.0,0.0,0.0,100.0,100.0,Normal,0.0,0,0.0,0.0,0.0,0.0,0.07210925887209883,0.0,0.1682549373682306,0.0050150451354062184,,0.0003178639542275906,0.019071837253655435,0.4807283924806589
2021-11-20,0.0,0.0,0.0,10,20,True,0.0,0.0,0.0,0.0,0.0,0.0,0.0,100.0,100.0,Normal,0.0,0,0.0,0.0,0.0,0.0,0.07210925887209883,0.0,0.1682549373682306,0.0050150451354062184,,0.0003178639542275906,0.019071837253655435,0.4807283924806589
2021-11-21,0.0,0.0,0.0,8,16,True,0.0,0.0,0.0,0.0,0.0,0.0,0.0,100.0,100.0,Normal,0.0,0,0.0,0.0,0.0,0.0,0.07210925887209883,0.0,0.1682549373682306,0.0050150451354062184,,0.0003178639542275906,0.019071837253655435,0.4807283924806589
2021-11-22,0.0,0.0,0.0,11,22,True,0.0,0.0,0.0,0.0,0.0,0.0,0.0,100.0,100.0,Normal,0.0,0,0.0,0.0,0.0,0.0,0.07210925887209883,0.0,0.1682549373682306,0.0050150451354062184,,0.0003178639542275906,0.019071837253655435,0.4807283924806589
2021-11-23,0.0,0.0,0.0,9,18,True,0.0,0.0,0.0,0.0,0.0,0.0,0.0,100.0,100.0,Normal,0.0,0,0.0,0.0,0.0,0.0,0.07210925887209883,0.0,0.1682549373682306,0.0050150451354062184,,0.0003178639542275906,0.019071837253655435,0.4807283924806589
2021-11-24,0.0,0.0,0.0,11,20,True,0.0,0.0,0.0,0.0,0.0,0.0,0.0,100.0,100.0,Normal,0.0,0,0.0,0.0,0.0,0.0,0.07210925887209883,0.0,0.1682549373682306,0.0050150451354062184,,0.0003178639542275906,0.019071837253655435,0.4807283924806589
2021-11-25,0.0,0.0,0.0,6,12,True,0.0,0.0,0.0,0.0,0.0,0.0,0.0,100.0,100.0,Normal,0.0,0,0.0,0.0,0.0,0.0,0.07210925887209883,0.0,0.1682549373682306,0.0050150451354062184,,0.0003178639542275906,0.019071837253655435,0.4807283924806589
2021-11-26,0.0,0.0,0.0,7,14,True,0.0,0.0,0.0,0.0,0.0,0.0,0.0,100.0,100.0,Normal,0.0,0,0.0,0.0,0.0,0.0,0.07210925887209883,0.0,0.1682549373682306,0.0050150451354062184,,0.0003178639542275906,0.019071837253655435,0.4807283924806589
2021-11-27,0.0,0.0,0.0,7,14,True,0.0,0.0,0.0,0.0,0.0,0.0,0.0,100.0,100.0,Normal,0.0,0,0.0,0.0,0.0,0.0,0.07210925887209883,0.0,0.1682549373682306,0.0050150451354062184,,0.0003178639542275906,0.019071837253655435,0.4807283924806589
2021-11-28,0.0,0.0,0.0,4,8,True,0.0,0.0,0.0,0.0,0.0,0.0,0.0,100.0,100.0,Normal,0.0,0,0.0,0.0,0.0,0.0,0.07210925887209883,0.0,0.1682549373682306,0.0050150451354062184,,0.0003178639542275906,0.019071837253655435,0.4807283924806589
2021-11-29,0.0,0.0,0.0,6,12,True,0.0,0.0,0.0,0.0,0.0,0.0,0.0,100.0,100.0,Normal,0.0,0,0.0,0.0,0.0,0.0,0.07210925887209883,0.0,0.1682549373682306,0.0050150451354062184,,0.0003178639542275906,0.019071837253655435,0.4807283924806589
2021-11-30,0.0,0.0,0.0,3,6,True,0.0,0.0,0.0,0.0,0.0,0.0,0.0,100.0,100.0,Normal,0.0,0,0.0,0.0,0.0,0.0,0.07210925887209883,0.0,0.1682549373682306,0.0050150451354062184,,0.0003178639542275906,0.019071837253655435,0.4807283924806589
2021-12-01,0.0,0.0,0.0,6,12,True,0.0,0.0,0.0,0.0,0.0,0.0,0.0,100.0,100.0,Normal,0.0,0,0.0,0.0,0.0,0.0,0.07210925887209883,0.0,0.1682549373682306,0.0050150451354062184,,0.0003178639542275906,0.019071837253655435,0.4807283924806589
2021-12-02,0.0,0.0,0.0,4,8,True,0.0,0.0,0.0,0.0,0.0,0.0,0.0,100.0,100.0,Normal,0.0,0,0.0,0.0,0.0,0.0,0.07210925887209883,0.0,0.1682549373682306,0.0050150451354062184,,0.0003178639542275906,0.019071837253655435,0.4807283924806589
2021-12-03,0.0,0.0,0.0,6,12,True,0.0,0.0,0.0,0.0,0.0,0.0,0.0,100.0,100.0,Normal,0.0,0,0.0,0.0,0.0,0.0,0.07210925887209883,0.0,0.1682549373682306,0.0050150451354062184,,0.0003178639542275906,0.019071837253655435,0.4807283924806589
2021-12-04,0.0,0.0,0.0,5,10,True,0.0,0.0,0.0,0.0,0.0,0.0,0.0,100.0,100.0,Normal,0.0,0,0.0,0.0,0.0,0.0,0.07210925887209883,0.0,0.1682549373682306,0.0050150451354062184,,0.0003178639542275906,0.019071837253655435,0.4807283924806589
2021-12-05,0.0,0.0,0.0,5,10,True,0.0,0.0,0.0,0.0,0.0,0.0,0.0,100.0,100.0,Normal,0.0,0,0.0,0.0,0.0,0.0,0.07210925887209883,0.0,0.1682549373682306,0.0050150451354062184,,0.0003178639542275906,0.019071837253655435,0.4807283924806589
2021-12-06,0.0,0.0,0.0,11,16,True,0.0,0.0,0.0,0.0,0.0,0.0,0.0,100.0,100.0,Normal,0.0,0,0.0,0.0,0.0,0.0,0.07210925887209883,0.0,0.1682549373682306,0.0050150451354062184,,0.0003178639542275906,0.019071837253655435,0.4807283924806589
2021-12-07,0.0,0.0,0.0,24,32,True,0.0,0.0,0.0,0.0,0.0,0.0,0.0,100.0,100.0,Normal,0.0,0,0.0,0.0,0.0,0.0,0.07210925887209883,0.0,0.1682549373682306,0.0050150451354062184,,0.0003178639542275906,0.019071837253655435,0.4807283924806589
2021-12-08,2.0,0.0,1.0,21,26,True,0.2857142857142857,0.0,0.0,0.0256410256410256,0.0,0.0,0.0128205128205128,98.71794871794872,99.57264957264958,Normal,0.004273504273504147,0,0.0,0.0,0.0,0.0,0.07574173750457736,0.002564102564102488,0.17033827070156388,0.0050150451354062184,,0.0003178639542275906,0.019071837253655435,0.4807283924806589
2021-12-09,0.0,0.0,0.0,16,21,True,0.2857142857142857,0.0,0.0571428571428571,0.0256410256410256,0.0,0.0705563093622794,0.0269317746929687,97.30682253070312,98.67492374955062,Normal,0.013250762504493863,0,0.0,0.0,0.0,0.0,0.08337240700091862,0.007950457502696318,0.17471468408917137,0.14953271028037382,,0.0003178639542275906,0.019071837253655435,0.4807283924806589
2021-12-10,0.0,0.0,0.0,21,36,True,0.2857142857142857,0.0,0.0483516483516483,0.0256410256410256,0.0,0.0597014925373133,0.0247608113279754,97.52391886720244,97.84956337195143,Normal,0.021504366280485687,0,0.0,0.0,0.0,0.0,0.09038797021051166,0.012902619768291412,0.1787383159299674,0.14953271028037382,,0.0003178639542275906,0.019071837253655435,0.4807283924806589
2021-12-11,0.0,0.0,0.0,9,18,True,0.2857142857142857,0.0,0.0395604395604395,0.0256410256410256,0.0,0.0488466757123472,0.0225898479629822,97.74101520370178,97.52391886720244,Normal,0.024760811327975585,0,0.0,0.0,0.0,0.0,0.09315594850087808,0.01485648679678535,0.1803258328906187,0.14953271028037382,,0.06444444444444444,0.051111111111111114,0.4807283924806589
2021-12-12,0.0,0.0,0.0,12,24,True,0.2857142857142857,0.0,0.0307692307692307,0.0256410256410256,0.0,0.0379918588873812,0.020418884597989,97.9581115402011,97.74101520370176,Normal,0.022589847962982357,0,0.0,0.0,0.0,0.0,0.09131062964063383,0.013553908777789414,0.17926748825018451,0.14953271028037382,,0.0003178639542275906,0.019071837253655435,0.4807283924806589
2021-12-13,0.0,0.0,0.0,12,24,True,0.2857142857142857,0.0,0.0219780219780219,0.0256410256410256,0.0,0.0271370420624151,0.0182479212329958,98.17520787670044,97.9581115402011,Normal,0.020418884597989018,0,0.0,0.0,0.0,0.0,0.0894653107803895,0.01225133075879341,0.17820914360975026,0.14953271028037382,,0.0003178639542275906,0.019071837253655435,0.4807283924806589
2021-12-14,0.0,0.0,0.0,9,16,True,0.2857142857142857,0.0,0.0131868131868131,0.0256410256410256,0.0,0.016282225237449,0.0160769578680026,98.39230421319974,98.17520787670044,Normal,0.018247921232995568,0,0.0,0.0,0.0,0.0,0.08761999192014507,0.01094875273979734,0.17715079896931596,0.14953271028037382,,0.0003178639542275906,0.019071837253655435,0.4807283924806589
2021-12-15,0.0,0.0,0.0,12,22,True,0.0,0.0,0.0043956043956043,0.0,0.0,0.0054274084124829,0.0010854816824965,99.89145183175036,98.81965464055016,Normal,0.011803453594498414,0,0.0,0.0,0.0,0.0,0.08214219442742249,0.007082072156699048,0.17400912099554858,0.14953271028037382,,0.0003178639542275906,0.019071837253655435,0.4807283924806589
2021-12-16,0.0,0.0,0.0,9,18,True,0.0,0.0,-0.0043956043956043,0.0,0.0,0.0054274084124829,0.0010854816824965,99.89145183175036,99.39173595890014,Normal,0.0060826404109985965,0,0.0,0.0,0.0,0.0,0.07727950322144764,0.0036495842465991577,0.17122022456859243,0.0050150451354062184,,0.0003178639542275906,0.019071837253655435,0.4807283924806589
2021-12-17,0.0,0.0,0.0,14,28,True,0.0,0.0,-0.0131868131868131,0.0,0.0,0.016282225237449,0.0032564450474898,99.67435549525102,99.81908638625056,Normal,0.0018091361374943382,0,0.0,0.0,0.0,0.0,0.07364702458896902,0.001085481682496603,0.1691368912352591,0.0050150451354062184,,0.0003178639542275906,0.019071837253655435,0.4807283924806589
2021-12-18,0.0,0.0,0.0,8,16,True,0.0,0.0,-0.0219780219780219,0.0,0.0,0.0271370420624151,0.005427408412483,99.4572591587517,99.67435549525102,Normal,0.0032564450474897866,0,0.0,0.0,0.0,0.0,0.07487723716246515,0.001953867028493872,0.16984245432888187,0.0050150451354062184,,0.0003178639542275906,0.019071837253655435,0.4807283924806589
2021-12-19,0.0,0.0,0.0,14,28,True,0.0,0.0,-0.0307692307692307,0.0,0.0,0.0379918588873812,0.0075983717774762,99.24016282225236,99.4572591587517,Normal,0.005427408412483015,0,0.0,0.0,0.0,0.0,0.0767225560227094,0.0032564450474898087,0.17090079896931606,0.0050150451354062184,,0.0003178639542275906,0.019071837253655435,0.4807283924806589
2021-12-20,0.0,0.0,0.0,11,22,True,0.0,0.0,-0.0395604395604395,0.0,0.0,0.0488466757123472,0.0097693351424694,99.02306648575303,99.24016282225236,Normal,0.007598371777476465,0,0.0,0.0,0.0,0.0,0.07856787488295383,0.004559023066485879,0.17195914360975037,0.0050150451354062184,,0.0003178639542275906,0.019071837253655435,0.4807283924806589
2021-12-21,0.0,0.0,0.0,11,22,True,0.0,0.0,-0.0483516483516483,0.0,0.0,0.0597014925373133,0.0119402985074626,98.80597014925372,99.02306648575306,Normal,0.00976933514246936,0,0.0,0.0,0.0,0.0,0.08041319374319779,0.005861601085481616,0.17301748825018443,0.14953271028037382,,0.0003178639542275906,0.019071837253655435,0.4807283924806589
2021-12-22,0.0,0.0,0.0,12,24,True,0.0,0.0,-0.0571428571428571,0.0,0.0,0.0705563093622794,0.0141112618724558,98.5888738127544,98.80597014925372,Normal,0.01194029850746281,0,0.0,0.0,0.0,0.0,0.08225851260344222,0.007164179104477686,0.17407583289061873,0.14953271028037382,,0.0003178639542275906,0.019071837253655435,0.4807283924806589
2021-12-23,0.0,0.0,0.0,10,18,True,0.0,0.0,0.0,0.0,0.0,0.0,0.0,100.0,99.13161465400272,Normal,0.008683853459972801,0,0.0,0.0,0.0,0.0,0.07949053431307572,0.00521031207598368,0.17248831592996736,0.0050150451354062184,,0.0003178639542275906,0.019071837253655435,0.4807283924806589
2021-12-24,0.0,0.0,0.0,12,24,True,0.0,0.0,0.0,0.0,0.0,0.0,0.0,100.0,99.52962460425148,Normal,0.004703753957485235,0,0.0,0.0,0.0,0.0,0.07610744973596129,0.0028222523744911407,0.17054801742250467,0.0050150451354062184,,0.0003178639542275906,0.019071837253655435,0.4807283924806589
2021-12-25,0.0,0.0,0.0,11,22,True,0.0,0.0,0.0,0.0,0.0,0.0,0.0,100.0,100.0,Normal,0.0,0,0.0,0.0,0.0,0.0,0.07210925887209883,0.0,0.1682549373682306,0.0050150451354062184,,0.0003178639542275906,0.019071837253655435,0.4807283924806589
2021-12-26,0.0,0.0,0.0,13,24,True,0.0,0.0,0.0,0.0,0.0,0.0,0.0,100.0,100.0,Normal,0.0,0,0.0,0.0,0.0,0.0,0.07210925887209883,0.0,0.1682549373682306,0.0050150451354062184,,0.0003178639542275906,0.019071837253655435,0.4807283924806589
2021-12-27,0.0,0.0,0.0,11,22,True,0.0,0.0,0.0,0.0,0.0,0.0,0.0,100.0,100.0,Normal,0.0,0,0.0,0.0,0.0,0.0,0.07210925887209883,0.0,0.1682549373682306,0.0050150451354062184,,0.0003178639542275906,0.019071837253655435,0.4807283924806589
2021-12-28,0.0,0.0,0.0,14,22,True,0.0,0.0,0.0,0.0,0.0,0.0,0.0,100.0,100.0,Normal,0.0,0,0.0,0.0,0.0,0.0,0.07210925887209883,0.0,0.1682549373682306,0.0050150451354062184,,0.0003178639542275906,0.019071837253655435,0.4807283924806589
2021-12-29,0.0,0.0,0.0,12,22,True,0.0,0.0,0.0,0.0,0.0,0.0,0.0,100.0,100.0,Normal,0.0,0,0.0,0.0,0.0,0.0,0.07210925887209883,0.0,0.1682549373682306,0.0050150451354062184,,0.0003178639542275906,0.019071837253655435,0.4807283924806589
2021-12-30,0.0,0.0,0.0,12,22,True,0.0,0.0,0.0,0.0,0.0,0.0,0.0,100.0,100.0,Normal,0.0,0,0.0,0.0,0.0,0.0,0.07210925887209883,0.0,0.1682549373682306,0.0050150451354062184,,0.0003178639542275906,0.019071837253655435,0.4807283924806589
2021-12-31,0.0,0.0,0.0,12,24,True,0.0,0.0,0.0,0.0,0.0,0.0,0.0,100.0,100.0,Normal,0.0,0,0.0,0.0,0.0,0.0,0.07210925887209883,0.0,0.1682549373682306,0.0050150451354062184,,0.0003178639542275906,0.019071837253655435,0.4807283924806589
2022-01-01,0.0,0.0,0.0,8,14,True,0.0,0.0,0.0,0.0,0.0,0.0,0.0,100.0,100.0,Normal,0.0,0,0.0,0.0,0.0,0.0,0.07210925887209883,0.0,0.1682549373682306,0.0050150451354062184,,0.0003178639542275906,0.019071837253655435,0.4807283924806589
2022-01-02,0.0,0.0,0.0,12,22,True,0.0,0.0,0.0,0.0,0.0,0.0,0.0,100.0,100.0,Normal,0.0,0,0.0,0.0,0.0,0.0,0.07210925887209883,0.0,0.1682549373682306,0.0050150451354062184,,0.0003178639542275906,0.019071837253655435,0.4807283924806589
2022-01-03,0.0,0.0,0.0,8,16,True,0.0,0.0,0.0,0.0,0.0,0.0,0.0,100.0,100.0,Normal,0.0,0,0.0,0.0,0.0,0.0,0.07210925887209883,0.0,0.1682549373682306,0.0050150451354062184,,0.0003178639542275906,0.019071837253655435,0.4807283924806589
2022-01-04,0.0,0.0,0.0,12,24,True,0.0,0.0,0.0,0.0,0.0,0.0,0.0,100.0,100.0,Normal,0.0,0,0.0,0.0,0.0,0.0,0.07210925887209883,0.0,0.1682549373682306,0.0050150451354062184,,0.0003178639542275906,0.019071837253655435,0.4807283924806589
2022-01-05,0.0,0.0,0.0,10,20,True,0.0,0.0,0.0,0.0,0.0,0.0,0.0,100.0,100.0,Normal,0.0,0,0.0,0.0,0.0,0.0,0.07210925887209883,0.0,0.1682549373682306,0.0050150451354062184,,0.0003178639542275906,0.019071837253655435,0.4807283924806589
2022-01-06,0.0,0.0,0.0,11,20,True,0.0,0.0,0.0,0.0,0.0,0.0,0.0,100.0,100.0,Normal,0.0,0,0.0,0.0,0.0,0.0,0.07210925887209883,0.0,0.1682549373682306,0.0050150451354062184,,0.0003178639542275906,0.019071837253655435,0.4807283924806589
2022-01-07,0.0,0.0,0.0,12,24,True,0.0,0.0,0.0,0.0,0.0,0.0,0.0,100.0,100.0,Normal,0.0,0,0.0,0.0,0.0,0.0,0.07210925887209883,0.0,0.1682549373682306,0.0050150451354062184,,0.0003178639542275906,0.019071837253655435,0.4807283924806589
2022-01-08,0.0,0.0,0.0,12,24,True,0.0,0.0,0.0,0.0,0.0,0.0,0.0,100.0,100.0,Normal,0.0,0,0.0,0.0,0.0,0.0,0.07210925887209883,0.0,0.1682549373682306,0.0050150451354062184,,0.0003178639542275906,0.019071837253655435,0.4807283924806589
2022-01-09,0.0,0.0,0.0,15,30,True,0.0,0.0,0.0,0.0,0.0,0.0,0.0,100.0,100.0,Normal,0.0,0,0.0,0.0,0.0,0.0,0.07210925887209883,0.0,0.1682549373682306,0.0050150451354062184,,0.0003178639542275906,0.019071837253655435,0.4807283924806589
2022-01-10,0.0,0.0,0.0,29,54,True,0.0,0.0,0.0,0.0,0.0,0.0,0.0,100.0,100.0,Normal,0.0,0,0.0,0.0,0.0,0.0,0.07210925887209883,0.0,0.1682549373682306,0.0050150451354062184,,0.0003178639542275906,0.019071837253655435,0.4807283924806589
2022-01-11,0.0,0.0,0.0,15,30,True,0.0,0.0,0.0,0.0,0.0,0.0,0.0,100.0,100.0,Normal,0.0,0,0.0,0.0,0.0,0.0,0.07210925887209883,0.0,0.1682549373682306,0.0050150451354062184,,0.0003178639542275906,0.019071837253655435,0.4807283924806589
2022-01-12,0.0,0.0,0.0,13,20,True,0.0,0.0,0.0,0.0,0.0,0.0,0.0,100.0,100.0,Normal,0.0,0,0.0,0.0,0.0,0.0,0.07210925887209883,0.0,0.1682549373682306,0.0050150451354062184,,0.0003178639542275906,0.019071837253655435,0.4807283924806589
2022-01-13,0.0,0.0,0.0,13,22,True,0.0,0.0,0.0,0.0,0.0,0.0,0.0,100.0,100.0,Normal,0.0,0,0.0,0.0,0.0,0.0,0.07210925887209883,0.0,0.1682549373682306,0.0050150451354062184,,0.0003178639542275906,0.019071837253655435,0.4807283924806589
2022-01-14,0.0,0.0,0.0,15,28,True,0.0,0.0,0.0,0.0,0.0,0.0,0.0,100.0,100.0,Normal,0.0,0,0.0,0.0,0.0,0.0,0.07210925887209883,0.0,0.1682549373682306,0.0050150451354062184,,0.0003178639542275906,0.019071837253655435,0.4807283924806589
2022-01-15,0.0,0.0,0.0,10,20,True,0.0,0.0,0.0,0.0,0.0,0.0,0.0,100.0,100.0,Normal,0.0,0,0.0,0.0,0.0,0.0,0.07210925887209883,0.0,0.1682549373682306,0.0050150451354062184,,0.0003178639542275906,0.019071837253655435,0.4807283924806589
2022-01-16,0.0,0.0,0.0,11,22,True,0.0,0.0,0.0,0.0,0.0,0.0,0.0,100.0,100.0,Normal,0.0,0,0.0,0.0,0.0,0.0,0.07210925887209883,0.0,0.1682549373682306,0.0050150451354062184,,0.0003178639542275906,0.019071837253655435,0.4807283924806589
2022-01-17,0.0,0.0,0.0,10,20,True,0.0,0.0,0.0,0.0,0.0,0.0,0.0,100.0,100.0,Normal,0.0,0,0.0,0.0,0.0,0.0,0.07210925887209883,0.0,0.1682549373682306,0.0050150451354062184,,0.0003178639542275906,0.019071837253655435,0.4807283924806589
2022-01-18,0.0,0.0,0.0,13,26,True,0.0,0.0,0.0,0.0,0.0,0.0,0.0,100.0,100.0,Normal,0.0,0,0.0,0.0,0.0,0.0,0.07210925887209883,0.0,0.1682549373682306,0.0050150451354062184,,0.0003178639542275906,0.019071837253655435,0.4807283924806589
2022-01-19,0.0,0.0,0.0,10,20,True,0.0,0.0,0.0,0.0,0.0,0.0,0.0,100.0,100.0,Normal,0.0,0,0.0,0.0,0.0,0.0,0.07210925887209883,0.0,0.1682549373682306,0.0050150451354062184,,0.0003178639542275906,0.019071837253655435,0.4807283924806589
2022-01-20,0.0,0.0,0.0,14,28,True,0.0,0.0,0.0,0.0,0.0,0.0,0.0,100.0,100.0,Normal,0.0,0,0.0,0.0,0.0,0.0,0.07210925887209883,0.0,0.1682549373682306,0.0050150451354062184,,0.0003178639542275906,0.019071837253655435,0.4807283924806589
2022-01-21,0.0,0.0,0.0,11,22,True,0.0,0.0,0.0,0.0,0.0,0.0,0.0,100.0,100.0,Normal,0.0,0,0.0,0.0,0.0,0.0,0.07210925887209883,0.0,0.1682549373682306,0.0050150451354062184,,0.0003178639542275906,0.019071837253655435,0.4807283924806589
2022-01-22,0.0,0.0,0.0,11,22,True,0.0,0.0,0.0,0.0,0.0,0.0,0.0,100.0,100.0,Normal,0.0,0,0.0,0.0,0.0,0.0,0.07210925887209883,0.0,0.1682549373682306,0.0050150451354062184,,0.0003178639542275906,0.019071837253655435,0.4807283924806589
2022-01-23,0.0,0.0,0.0,12,24,True,0.0,0.0,0.0,0.0,0.0,0.0,0.0,100.0,100.0,Normal,0.0,0,0.0,0.0,0.0,0.0,0.07210925887209883,0.0,0.1682549373682306,0.0050150451354062184,,0.0003178639542275906,0.019071837253655435,0.4807283924806589
2022-01-24,0.0,0.0,0.0,11,22,True,0.0,0.0,0.0,0.0,0.0,0.0,0.0,100.0,100.0,Normal,0.0,0,0.0,0.0,0.0,0.0,0.07210925887209883,0.0,0.1682549373682306,0.0050150451354062184,,0.0003178639542275906,0.019071837253655435,0.4807283924806589
2022-01-25,0.0,0.0,0.0,13,26,True,0.0,0.0,0.0,0.0,0.0,0.0,0.0,100.0,100.0,Normal,0.0,0,0.0,0.0,0.0,0.0,0.07210925887209883,0.0,0.1682549373682306,0.0050150451354062184,,0.0003178639542275906,0.019071837253655435,0.4807283924806589
2022-01-26,0.0,0.0,0.0,11,22,True,0.0,0.0,0.0,0.0,0.0,0.0,0.0,100.0,100.0,Normal,0.0,0,0.0,0.0,0.0,0.0,0.07210925887209883,0.0,0.1682549373682306,0.0050150451354062184,,0.0003178639542275906,0.019071837253655435,0.4807283924806589
2022-01-27,0.0,0.0,0.0,14,26,True,0.0,0.0,0.0,0.0,0.0,0.0,0.0,100.0,100.0,Normal,0.0,0,0.0,0.0,0.0,0.0,0.07210925887209883,0.0,0.1682549373682306,0.0050150451354062184,,0.0003178639542275906,0.019071837253655435,0.4807283924806589
2022-01-28,0.0,0.0,0.0,11,22,True,0.0,0.0,0.0,0.0,0.0,0.0,0.0,100.0,100.0,Normal,0.0,0,0.0,0.0,0.0,0.0,0.07210925887209883,0.0,0.1682549373682306,0.0050150451354062184,,0.0003178639542275906,0.019071837253655435,0.4807283924806589
2022-01-29,0.0,0.0,0.0,13,26,True,0.0,0.0,0.0,0.0,0.0,0.0,0.0,100.0,100.0,Normal,0.0,0,0.0,0.0,0.0,0.0,0.07210925887209883,0.0,0.1682549373682306,0.0050150451354062184,,0.0003178639542275906,0.019071837253655435,0.4807283924806589
2022-01-30,0.0,0.0,0.0,14,28,True,0.0,0.0,0.0,0.0,0.0,0.0,0.0,100.0,100.0,Normal,0.0,0,0.0,0.0,0.0,0.0,0.07210925887209883,0.0,0.1682549373682306,0.0050150451354062184,,0.0003178639542275906,0.019071837253655435,0.4807283924806589
2022-01-31,0.0,0.0,0.0,12,24,True,0.0,0.0,0.0,0.0,0.0,0.0,0.0,100.0,100.0,Normal,0.0,0,0.0,0.0,0.0,0.0,0.07210925887209883,0.0,0.1682549373682306,0.0050150451354062184,,0.0003178639542275906,0.019071837253655435,0.4807283924806589
2022-02-01,0.0,0.0,0.0,13,24,True,0.0,0.0,0.0,0.0,0.0,0.0,0.0,100.0,100.0,Normal,0.0,0,0.0,0.0,0.0,0.0,0.07210925887209883,0.0,0.1682549373682306,0.0050150451354062184,,0.0003178639542275906,0.019071837253655435,0.4807283924806589
2022-02-02,0.0,0.0,0.0,9,18,True,0.0,0.0,0.0,0.0,0.0,0.0,0.0,100.0,100.0,Normal,0.0,0,0.0,0.0,0.0,0.0,0.07210925887209883,0.0,0.1682549373682306,0.0050150451354062184,,0.0003178639542275906,0.019071837253655435,0.4807283924806589
2022-02-03,0.0,0.0,0.0,13,26,True,0.0,0.0,0.0,0.0,0.0,0.0,0.0,100.0,100.0,Normal,0.0,0,0.0,0.0,0.0,0.0,0.07210925887209883,0.0,0.1682549373682306,0.0050150451354062184,,0.0003178639542275906,0.019071837253655435,0.4807283924806589
2022-02-04,0.0,0.0,0.0,14,14,True,0.0,0.0,0.0,0.0,0.0,0.0,0.0,100.0,100.0,Normal,0.0,0,0.0,0.0,0.0,0.0,0.07210925887209883,0.0,0.1682549373682306,0.0050150451354062184,,0.0003178639542275906,0.019071837253655435,0.4807283924806589
2022-02-05,0.0,0.0,0.0,11,22,True,0.0,0.0,0.0,0.0,0.0,0.0,0.0,100.0,100.0,Normal,0.0,0,0.0,0.0,0.0,0.0,0.07210925887209883,0.0,0.1682549373682306,0.0050150451354062184,,0.0003178639542275906,0.019071837253655435,0.4807283924806589
2022-02-06,0.0,0.0,0.0,10,20,True,0.0,0.0,0.0,0.0,0.0,0.0,0.0,100.0,100.0,Normal,0.0,0,0.0,0.0,0.0,0.0,0.07210925887209883,0.0,0.1682549373682306,0.0050150451354062184,,0.0003178639542275906,0.019071837253655435,0.4807283924806589
2022-02-07,0.0,0.0,0.0,10,20,True,0.0,0.0,0.0,0.0,0.0,0.0,0.0,100.0,100.0,Normal,0.0,0,0.0,0.0,0.0,0.0,0.07210925887209883,0.0,0.1682549373682306,0.0050150451354062184,,0.0003178639542275906,0.019071837253655435,0.4807283924806589
2022-02-08,0.0,0.0,0.0,10,20,True,0.0,0.0,0.0,0.0,0.0,0.0,0.0,100.0,100.0,Normal,0.0,0,0.0,0.0,0.0,0.0,0.07210925887209883,0.0,0.1682549373682306,0.0050150451354062184,,0.0003178639542275906,0.019071837253655435,0.4807283924806589
2022-02-09,0.0,0.0,0.0,10,20,True,0.0,0.0,0.0,0.0,0.0,0.0,0.0,100.0,100.0,Normal,0.0,0,0.0,0.0,0.0,0.0,0.07210925887209883,0.0,0.1682549373682306,0.0050150451354062184,,0.0003178639542275906,0.019071837253655435,0.4807283924806589
2022-02-10,0.0,0.0,0.0,12,24,True,0.0,0.0,0.0,0.0,0.0,0.0,0.0,100.0,100.0,Normal,0.0,0,0.0,0.0,0.0,0.0,0.07210925887209883,0.0,0.1682549373682306,0.0050150451354062184,,0.0003178639542275906,0.019071837253655435,0.4807283924806589
2022-02-11,0.0,0.0,0.0,13,26,True,0.0,0.0,0.0,0.0,0.0,0.0,0.0,100.0,100.0,Normal,0.0,0,0.0,0.0,0.0,0.0,0.07210925887209883,0.0,0.1682549373682306,0.0050150451354062184,,0.0003178639542275906,0.019071837253655435,0.4807283924806589
2022-02-12,0.0,0.0,0.0,16,32,True,0.0,0.0,0.0,0.0,0.0,0.0,0.0,100.0,100.0,Normal,0.0,0,0.0,0.0,0.0,0.0,0.07210925887209883,0.0,0.1682549373682306,0.0050150451354062184,,0.0003178639542275906,0.019071837253655435,0.4807283924806589
2022-02-13,0.0,0.0,0.0,14,28,True,0.0,0.0,0.0,0.0,0.0,0.0,0.0,100.0,100.0,Normal,0.0,0,0.0,0.0,0.0,0.0,0.07210925887209883,0.0,0.1682549373682306,0.0050150451354062184,,0.0003178639542275906,0.019071837253655435,0.4807283924806589
2022-02-14,0.0,0.0,0.0,13,26,True,0.0,0.0,0.0,0.0,0.0,0.0,0.0,100.0,100.0,Normal,0.0,0,0.0,0.0,0.0,0.0,0.07210925887209883,0.0,0.1682549373682306,0.0050150451354062184,,0.0003178639542275906,0.019071837253655435,0.4807283924806589
2022-02-15,0.0,0.0,0.0,14,26,True,0.0,0.0,0.0,0.0,0.0,0.0,0.0,100.0,100.0,Normal,0.0,0,0.0,0.0,0.0,0.0,0.07210925887209883,0.0,0.1682549373682306,0.0050150451354062184,,0.0003178639542275906,0.019071837253655435,0.4807283924806589
2022-02-16,0.0,0.0,0.0,11,21,True,0.0,0.0,0.0,0.0,0.0,0.0,0.0,100.0,100.0,Normal,0.0,0,0.0,0.0,0.0,0.0,0.07210925887209883,0.0,0.1682549373682306,0.0050150451354062184,,0.0003178639542275906,0.019071837253655435,0.4807283924806589
2022-02-17,0.0,0.0,0.0,12,22,True,0.0,0.0,0.0,0.0,0.0,0.0,0.0,100.0,100.0,Normal,0.0,0,0.0,0.0,0.0,0.0,0.07210925887209883,0.0,0.1682549373682306,0.0050150451354062184,,0.0003178639542275906,0.019071837253655435,0.4807283924806589
2022-02-18,0.0,0.0,0.0,10,20,True,0.0,0.0,0.0,0.0,0.0,0.0,0.0,100.0,100.0,Normal,0.0,0,0.0,0.0,0.0,0.0,0.07210925887209883,0.0,0.1682549373682306,0.0050150451354062184,,0.0003178639542275906,0.019071837253655435,0.4807283924806589
2022-02-19,0.0,0.0,0.0,10,20,True,0.0,0.0,0.0,0.0,0.0,0.0,0.0,100.0,100.0,Normal,0.0,0,0.0,0.0,0.0,0.0,0.07210925887209883,0.0,0.1682549373682306,0.0050150451354062184,,0.0003178639542275906,0.019071837253655435,0.4807283924806589
2022-02-20,0.0,0.0,0.0,9,18,True,0.0,0.0,0.0,0.0,0.0,0.0,0.0,100.0,100.0,Normal,0.0,0,0.0,0.0,0.0,0.0,0.07210925887209883,0.0,0.1682549373682306,0.0050150451354062184,,0.0003178639542275906,0.019071837253655435,0.4807283924806589
2022-02-21,0.0,0.0,0.0,13,26,True,0.0,0.0,0.0,0.0,0.0,0.0,0.0,100.0,100.0,Normal,0.0,0,0.0,0.0,0.0,0.0,0.07210925887209883,0.0,0.1682549373682306,0.0050150451354062184,,0.0003178639542275906,0.019071837253655435,0.4807283924806589
2022-02-22,0.0,0.0,0.0,9,18,True,0.0,0.0,0.0,0.0,0.0,0.0,0.0,100.0,100.0,Normal,0.0,0,0.0,0.0,0.0,0.0,0.07210925887209883,0.0,0.1682549373682306,0.0050150451354062184,,0.0003178639542275906,0.019071837253655435,0.4807283924806589
2022-02-23,0.0,0.0,0.0,20,36,True,0.0,0.0,0.0,0.0,0.0,0.0,0.0,100.0,100.0,Normal,0.0,0,0.0,0.0,0.0,0.0,0.07210925887209883,0.0,0.1682549373682306,0.0050150451354062184,,0.0003178639542275906,0.019071837253655435,0.4807283924806589
2022-02-24,0.0,0.0,0.0,16,32,True,0.0,0.0,0.0,0.0,0.0,0.0,0.0,100.0,100.0,Normal,0.0,0,0.0,0.0,0.0,0.0,0.07210925887209883,0.0,0.1682549373682306,0.0050150451354062184,,0.0003178639542275906,0.019071837253655435,0.4807283924806589
2022-02-25,0.0,0.0,0.0,11,20,True,0.0,0.0,0.0,0.0,0.0,0.0,0.0,100.0,100.0,Normal,0.0,0,0.0,0.0,0.0,0.0,0.07210925887209883,0.0,0.1682549373682306,0.0050150451354062184,,0.0003178639542275906,0.019071837253655435,0.4807283924806589
2022-02-26,0.0,0.0,0.0,18,36,True,0.0,0.0,0.0,0.0,0.0,0.0,0.0,100.0,100.0,Normal,0.0,0,0.0,0.0,0.0,0.0,0.07210925887209883,0.0,0.1682549373682306,0.0050150451354062184,,0.0003178639542275906,0.019071837253655435,0.4807283924806589
2022-02-27,0.0,0.0,0.0,13,26,True,0.0,0.0,0.0,0.0,0.0,0.0,0.0,100.0,100.0,Normal,0.0,0,0.0,0.0,0.0,0.0,0.07210925887209883,0.0,0.1682549373682306,0.0050150451354062184,,0.0003178639542275906,0.019071837253655435,0.4807283924806589
2022-02-28,0.0,0.0,0.0,15,24,True,0.0,0.0,0.0,0.0,0.0,0.0,0.0,100.0,100.0,Normal,0.0,0,0.0,0.0,0.0,0.0,0.07210925887209883,0.0,0.1682549373682306,0.0050150451354062184,,0.0003178639542275906,0.019071837253655435,0.4807283924806589
2022-03-01,0.0,0.0,0.0,14,28,True,0.0,0.0,0.0,0.0,0.0,0.0,0.0,100.0,100.0,Normal,0.0,0,0.0,0.0,0.0,0.0,0.07210925887209883,0.0,0.1682549373682306,0.0050150451354062184,,0.0003178639542275906,0.019071837253655435,0.4807283924806589
2022-03-02,1.0,0.0,1.0,16,31,True,0.1428571428571428,0.0,0.0,0.0128205128205128,0.0,0.0,0.0064102564102564,99.35897435897436,99.78632478632478,Normal,0.002136752136752129,0,0.0,0.0,0.0,0.0,0.07392549818833814,0.0012820512820512775,0.16929660403489727,0.0050150451354062184,,0.0003178639542275906,0.019071837253655435,0.4807283924806589
2022-03-03,0.0,0.0,0.0,8,14,True,0.1428571428571428,0.0,0.0285714285714285,0.0128205128205128,0.0,0.0352781546811396,0.0134658873464843,98.65341126535156,99.33746187477531,Normal,0.006625381252246876,0,0.0,0.0,0.0,0.0,0.07774083293650867,0.003975228751348125,0.17148481072870095,0.0050150451354062184,,0.0003178639542275906,0.019071837253655435,0.4807283924806589
2022-03-04,1.0,0.0,1.0,8,15,True,0.2857142857142857,0.0,0.0241758241758241,0.0256410256410256,0.0,0.0298507462686566,0.0187906620742441,98.12093379257558,98.7111064723005,Normal,0.012888935276994973,0,0.0,0.0,0.0,0.0,0.08306485385754456,0.0077333611661969835,0.17453829331576565,0.14953271028037382,,0.0003178639542275906,0.019071837253655435,0.4807283924806589
2022-03-05,0.0,0.0,0.0,7,14,True,0.2857142857142857,0.0,0.0483516483516483,0.0256410256410256,0.0,0.0597014925373133,0.0247608113279754,97.52391886720244,98.09942130837652,Normal,0.01900578691623478,0,0.0,0.0,0.0,0.0,0.0882641777508984,0.011403472149740867,0.17752025848989506,0.14953271028037382,,0.0003178639542275906,0.019071837253655435,0.4807283924806589
2022-03-06,0.0,0.0,0.0,7,13,True,0.2857142857142857,0.0,0.0395604395604395,0.0256410256410256,0.0,0.0488466757123472,0.0225898479629822,97.74101520370178,97.7952892878266,Normal,0.022047107121733966,0,0.0,0.0,0.0,0.0,0.0908492999255727,0.01322826427304038,0.1790029020900759,0.14953271028037382,,0.0003178639542275906,0.019071837253655435,0.4807283924806589
2022-03-07,0.0,0.0,0.0,17,30,True,0.2857142857142857,0.0,0.0307692307692307,0.0256410256410256,0.0,0.0379918588873812,0.020418884597989,97.9581115402011,97.7410152037018,Normal,0.022589847962981913,0,0.0,0.0,0.0,0.0,0.09131062964063345,0.013553908777789147,0.1792674882501843,0.14953271028037382,,0.0003178639542275906,0.019071837253655435,0.4807283924806589
2022-03-08,0.0,0.0,0.0,11,22,True,0.2857142857142857,0.0,0.0219780219780219,0.0256410256410256,0.0,0.0271370420624151,0.0182479212329958,98.17520787670044,97.95811154020112,Normal,0.020418884597988796,0,0.0,0.0,0.0,0.0,0.0894653107803893,0.012251330758793278,0.17820914360975015,0.14953271028037382,,0.0003178639542275906,0.019071837253655435,0.4807283924806589
2022-03-09,0.0,0.0,0.0,16,32,True,0.1428571428571428,0.0,0.0131868131868131,0.0128205128205128,0.0,0.016282225237449,0.0096667014577462,99.0333298542254,98.38888309037564,Normal,0.01611116909624355,0,0.0,0.0,0.0,0.0,0.08580375260390585,0.009666701457746129,0.17610913230264932,0.14953271028037382,,0.0003178639542275906,0.019071837253655435,0.4807283924806589
2022-03-10,0.0,0.0,0.0,12,26,True,0.1428571428571428,0.0,0.0043956043956043,0.0128205128205128,0.0,0.0054274084124829,0.0074957380927529,99.25042619072472,98.81965464055018,Normal,0.011803453594498192,0,0.0,0.0,0.0,0.0,0.0821421944274223,0.007082072156698915,0.17400912099554847,0.14953271028037382,,0.0003178639542275906,0.019071837253655435,0.4807283924806589
2022-03-11,0.0,0.0,0.0,12,22,True,0.0,0.0,-0.0043956043956043,0.0,0.0,0.0054274084124829,0.0010854816824965,99.89145183175036,99.39173595890014,Normal,0.0060826404109985965,0,0.0,0.0,0.0,0.0,0.07727950322144764,0.0036495842465991577,0.17122022456859243,0.0050150451354062184,,0.0003178639542275906,0.019071837253655435,0.4807283924806589
2022-03-12,0.0,0.0,0.0,14,28,True,0.0,0.0,-0.0131868131868131,0.0,0.0,0.016282225237449,0.0032564450474898,99.67435549525102,99.60541117257536,Normal,0.003945888274246467,0,0.0,0.0,0.0,0.0,0.07546326390520833,0.0023675329645478803,0.17017855790192576,0.0050150451354062184,,0.0003178639542275906,0.019071837253655435,0.4807283924806589
2022-03-13,0.0,0.0,0.0,11,22,True,0.0,0.0,-0.0219780219780219,0.0,0.0,0.0271370420624151,0.005427408412483,99.4572591587517,99.674355495251,Normal,0.0032564450474898976,0,0.0,0.0,0.0,0.0,0.07487723716246525,0.0019538670284939383,0.16984245432888193,0.0050150451354062184,,0.0003178639542275906,0.019071837253655435,0.4807283924806589
2022-03-14,0.0,0.0,0.0,14,26,True,0.0,0.0,-0.0307692307692307,0.0,0.0,0.0379918588873812,0.0075983717774762,99.24016282225236,99.4572591587517,Normal,0.005427408412483015,0,0.0,0.0,0.0,0.0,0.0767225560227094,0.0032564450474898087,0.17090079896931606,0.0050150451354062184,,0.0003178639542275906,0.019071837253655435,0.4807283924806589
2022-03-15,0.0,0.0,0.0,16,30,True,0.0,0.0,-0.0395604395604395,0.0,0.0,0.0488466757123472,0.0097693351424694,99.02306648575303,99.24016282225236,Normal,0.007598371777476465,0,0.0,0.0,0.0,0.0,0.07856787488295383,0.004559023066485879,0.17195914360975037,0.0050150451354062184,,0.0003178639542275906,0.019071837253655435,0.4807283924806589
2022-03-16,0.0,0.0,0.0,19,38,True,0.0,0.0,-0.0483516483516483,0.0,0.0,0.0597014925373133,0.0119402985074626,98.80597014925372,99.02306648575306,Normal,0.00976933514246936,0,0.0,0.0,0.0,0.0,0.08041319374319779,0.005861601085481616,0.17301748825018443,0.14953271028037382,,0.0003178639542275906,0.019071837253655435,0.4807283924806589
2022-03-17,0.0,0.0,0.0,16,32,True,0.0,0.0,-0.0241758241758241,0.0,0.0,0.0298507462686566,0.0059701492537313,99.40298507462688,99.07734056987788,Normal,0.009226594301221192,0,0.0,0.0,0.0,0.0,0.07995186402813685,0.005535956580732714,0.17275290209007593,0.14953271028037382,,0.0003178639542275906,0.019071837253655435,0.4807283924806589
2022-03-18,0.0,0.0,0.0,17,34,True,0.0,0.0,-0.0285714285714285,0.0,0.0,0.0352781546811396,0.0070556309362279,99.2944369063772,99.1677973767526,Normal,0.008322026232474022,0,0.0,0.0,0.0,0.0,0.07918298116970175,0.0049932157394844134,0.17231192515656168,0.0050150451354062184,,0.0003178639542275906,0.019071837253655435,0.4807283924806589
2022-03-19,0.0,0.0,0.0,18,36,True,0.0,0.0,0.0,0.0,0.0,0.0,0.0,100.0,99.56580732700137,Normal,0.004341926729986345,0,0.0,0.0,0.0,0.0,0.07579989659258722,0.002605156037991807,0.17037162664909894,0.0050150451354062184,,0.0003178639542275906,0.019071837253655435,0.4807283924806589
2022-03-20,0.0,0.0,0.0,16,32,True,0.0,0.0,0.0,0.0,0.0,0.0,0.0,100.0,99.76481230212572,Normal,0.0023518769787428395,0,0.0,0.0,0.0,0.0,0.07410835430403025,0.0014111261872457037,0.16940147739536773,0.0050150451354062184,,0.0003178639542275906,0.019071837253655435,0.4807283924806589
2022-03-21,0.0,0.0,0.0,18,36,True,0.0,0.0,0.0,0.0,0.0,0.0,0.0,100.0,100.0,Normal,0.0,0,0.0,0.0,0.0,0.0,0.07210925887209883,0.0,0.1682549373682306,0.0050150451354062184,,0.0003178639542275906,0.019071837253655435,0.4807283924806589
2022-03-22,3.0,0.0,2.0,13,23,True,0.4285714285714285,0.0,0.0,0.0384615384615384,0.0,0.0,0.0192307692307692,98.07692307692308,99.35897435897436,Normal,0.0064102564102563875,0,0.0,0.0,0.0,0.0,0.07755797682081676,0.0038461538461538325,0.1713799373682306,0.0050150451354062184,,0.0003178639542275906,0.019071837253655435,0.4807283924806589
2022-03-23,0.0,0.0,0.0,14,28,True,0.4285714285714285,0.0,0.0857142857142857,0.0384615384615384,0.0,0.1058344640434192,0.040397662039453,95.9602337960547,98.01238562432592,Normal,0.01987614375674085,0,0.0,0.0,0.0,0.0,0.08900398106532856,0.011925686254044509,0.17794455744964177,0.14953271028037382,,0.0003178639542275906,0.019071837253655435,0.4807283924806589
2022-03-24,0.0,0.0,0.0,10,18,True,0.4285714285714285,0.0,0.0725274725274725,0.0384615384615384,0.0,0.0895522388059701,0.0371412169919632,96.28587830080367,96.77434505792714,Normal,0.03225654942072864,0,0.0,0.0,0.0,0.0,0.09952732587971817,0.019353929652437183,0.18398000521083582,0.14953271028037382,,0.06444444444444444,0.051111111111111114,0.4807283924806589
2022-03-25,0.0,0.0,0.0,16,32,True,0.4285714285714285,0.0,0.0593406593406593,0.0384615384615384,0.0,0.0732700135685209,0.0338847719444734,96.61152280555264,96.28587830080367,Normal,0.037141216991963266,0,0.0,0.0,0.0,0.0,0.10367929331526761,0.02228473019517796,0.1863612806518127,0.14953271028037382,,0.06444444444444444,0.051111111111111114,0.4807283924806589
2022-03-26,1.0,0.0,1.0,13,25,True,0.5714285714285714,0.0,0.0461538461538461,0.0512820512820512,0.0,0.0569877883310718,0.03703858330724,96.296141669276,96.39784759187744,Normal,0.03602152408122561,0,0.0,0.0,0.0,0.0,0.1027275543411406,0.021612914448735365,0.1858154303578281,0.14953271028037382,,0.06444444444444444,0.051111111111111114,0.4807283924806589
2022-03-27,0.0,0.0,0.0,13,26,True,0.5714285714285714,0.0,0.0615384615384615,0.0512820512820512,0.0,0.0759837177747625,0.0408377691959781,95.9162230804022,96.27462918507696,Normal,0.03725370814923035,0,0.0,0.0,0.0,0.0,0.10377491079894463,0.022352224889538207,0.1864161200909804,0.14953271028037382,,0.06444444444444444,0.051111111111111114,0.4807283924806589
2022-03-28,0.0,0.0,0.0,15,30,True,0.5714285714285714,0.0,0.0439560439560439,0.0512820512820512,0.0,0.0542740841248303,0.0364958424659917,96.35041575340082,96.18759350102634,Normal,0.03812406498973653,0,0.0,0.0,0.0,0.0,0.10451471411337487,0.022874438993841915,0.18684041905072715,0.14953271028037382,,0.06444444444444444,0.051111111111111114,0.4807283924806589
2022-03-29,0.0,0.0,0.0,11,22,True,0.1428571428571428,0.0,0.0263736263736263,0.0128205128205128,0.0,0.0325644504748981,0.012923146505236,98.7076853494764,96.99144139442647,Normal,0.030085586055735303,0,0.0,0.0,0.0,0.0,0.09768200701947384,0.01805135163344118,0.18292166057040157,0.14953271028037382,,0.06444444444444444,0.051111111111111114,0.4807283924806589
2022-03-30,0.0,0.0,0.0,16,32,True,0.1428571428571428,0.0,0.0087912087912087,0.0128205128205128,0.0,0.0108548168249659,0.0085812197752496,99.14187802247504,98.06665970845074,Normal,0.01933340291549257,0,0.0,0.0,0.0,0.0,0.08854265135026751,0.011600041749295542,0.17767997128953322,0.14953271028037382,,0.0003178639542275906,0.019071837253655435,0.4807283924806589
2022-03-31,0.0,0.0,0.0,27,42,True,0.1428571428571428,0.0,-0.0087912087912087,0.0128205128205128,0.0,0.0108548168249659,0.0085812197752496,99.14187802247504,98.9971471314755,Normal,0.010028528685244953,0,0.0,0.0,0.0,0.0,0.08063350825455705,0.006017117211146971,0.17314384510228753,0.14953271028037382,,0.0003178639542275906,0.019071837253655435,0.4807283924806589
2022-04-01,0.0,0.0,0.0,20,38,True,0.1428571428571428,0.0,-0.0263736263736263,0.0128205128205128,0.0,0.0325644504748981,0.012923146505236,98.7076853494764,98.9971471314755,Normal,0.010028528685244953,0,0.0,0.0,0.0,0.0,0.08063350825455705,0.006017117211146971,0.17314384510228753,0.14953271028037382,,0.0003178639542275906,0.019071837253655435,0.4807283924806589
2022-04-02,0.0,0.0,0.0,14,28,True,0.0,0.0,-0.0439560439560439,0.0,0.0,0.0542740841248303,0.010854816824966,98.9145183175034,98.9213605631516,Normal,0.010786394368484054,0,0.0,0.0,0.0,0.0,0.08127769408531028,0.006471836621090432,0.17351330462286657,0.14953271028037382,,0.0003178639542275906,0.019071837253655435,0.4807283924806589
2022-04-03,0.0,0.0,0.0,17,32,True,0.0,0.0,-0.0615384615384615,0.0,0.0,0.0759837177747625,0.0151967435549525,98.48032564450476,98.70084310382818,Normal,0.01299156896171827,0,0.0,0.0,0.0,0.0,0.08315209248955936,0.007794941377030962,0.17458832723706827,0.14953271028037382,,0.0003178639542275906,0.019071837253655435,0.4807283924806589
2022-04-04,0.0,0.0,0.0,16,32,True,0.0,0.0,-0.0791208791208791,0.0,0.0,0.0976933514246947,0.0195386702849389,98.04613297150613,98.48032564450476,Normal,0.015196743554952374,0,0.0,0.0,0.0,0.0,0.08502649089380836,0.009118046132971425,0.17566334985126988,0.14953271028037382,,0.0003178639542275906,0.019071837253655435,0.4807283924806589
2022-04-05,2.0,0.0,1.0,22,36,True,0.2857142857142857,0.0,-0.0967032967032967,0.0256410256410256,0.0,0.1194029850746268,0.0367011098354382,96.32988901645618,97.61878254415568,Normal,0.0238121745584432,0,0.0,0.0,0.0,0.0,0.09234960724677554,0.014287304735065919,0.17986337246547165,0.14953271028037382,,0.06444444444444444,0.051111111111111114,0.4807283924806589
2022-04-06,2.0,0.0,1.0,21,38,True,0.5714285714285714,0.0,0.0417582417582417,0.0512820512820512,0.0,0.0515603799185888,0.0359531016247434,96.40468983752568,96.92690394182932,Normal,0.030730960581706768,0,0.0,0.0,0.0,0.0,0.09823057536654958,0.01843857634902406,0.18323628065181266,0.14953271028037382,,0.06444444444444444,0.051111111111111114,0.4807283924806589
2022-04-07,0.0,0.0,0.0,14,28,True,0.5714285714285714,0.0,0.0857142857142857,0.0512820512820512,0.0,0.1058344640434192,0.0468079184497094,95.31920815502906,96.01792900300364,Normal,0.039820709969963564,0,0.0,0.0,0.0,0.0,0.10595686234656787,0.023892425981978136,0.18766753347858783,0.14953271028037382,,0.06444444444444444,0.051111111111111114,0.4807283924806589
2022-04-08,1.0,0.0,1.0,17,33,True,0.7142857142857143,0.0,0.0637362637362637,0.0641025641025641,0.0,0.078697421981004,0.0477907664474828,95.22092335525171,95.64827378260212,Normal,0.04351726217397878,0,0.0,0.0,0.0,0.0,0.1090989317199808,0.026110357304387266,0.18946960267804525,0.14953271028037382,,0.06444444444444444,0.051111111111111114,0.4807283924806589
2022-04-09,0.0,0.0,0.0,12,24,True,0.7142857142857143,0.0,0.0703296703296703,0.0641025641025641,0.0,0.0868385345997286,0.0494189889712277,95.05810110287725,95.19941087105263,Normal,0.048005891289473634,0,0.0,0.0,0.0,0.0,0.11291426646815142,0.028803534773684178,0.191657809371849,0.14953271028037382,,0.06444444444444444,0.051111111111111114,0.4807283924806589
2022-04-10,0.0,0.0,0.0,18,36,True,0.7142857142857143,0.0,0.0769230769230769,0.0641025641025641,0.0,0.0949796472184531,0.0510472114949726,94.89527885050272,95.05810110287725,Normal,0.04941898897122754,0,0.0,0.0,0.0,0.0,0.11411539949764224,0.02965139338273652,0.19234669449170402,0.14953271028037382,,0.06444444444444444,0.051111111111111114,0.4807283924806589
2022-04-11,0.0,0.0,0.0,12,22,True,0.7142857142857143,0.0,0.0549450549450549,0.0641025641025641,0.0,0.0678426051560379,0.0456198030824896,95.43801969175104,95.130466548377,Normal,0.04869533451622998,0,0.0,0.0,0.0,0.0,0.11350029321089432,0.02921720070973799,0.1919939129448927,0.14953271028037382,,0.06444444444444444,0.051111111111111114,0.4807283924806589
2022-04-12,0.0,0.0,0.0,5,10,True,0.4285714285714285,0.0,0.0329670329670329,0.0384615384615384,0.0,0.0407055630936227,0.0273718818494937,97.26281181505064,95.86537011910146,Normal,0.04134629880898544,0,0.0,0.0,0.0,0.0,0.10725361285973645,0.02480777928539126,0.188411258037611,0.14953271028037382,,0.06444444444444444,0.051111111111111114,0.4807283924806589
2022-04-13,0.0,0.0,0.0,4,8,True,0.1428571428571428,0.0,0.0109890109890109,0.0128205128205128,0.0,0.0135685210312074,0.0091239606164979,99.0876039383502,97.26281181505064,Normal,0.027371881849493573,0,0.0,0.0,0.0,0.0,0.09537535844416836,0.016423129109696143,0.18159872976985872,0.14953271028037382,,0.06444444444444444,0.051111111111111114,0.4807283924806589
2022-04-14,0.0,0.0,0.0,4,8,True,0.1428571428571428,0.0,-0.0109890109890109,0.0128205128205128,0.0,0.0135685210312074,0.0091239606164979,99.0876039383502,98.47933989725034,Normal,0.015206601027496602,0,0.0,0.0,0.0,0.0,0.08503486974547095,0.00912396061649796,0.1756681553691352,0.14953271028037382,,0.0003178639542275906,0.019071837253655435,0.4807283924806589
2022-04-15,0.0,0.0,0.0,4,8,True,0.0,0.0,-0.0329670329670329,0.0,0.0,0.0407055630936227,0.0081411126187245,99.18588873812756,99.120365538276,Normal,0.008796344617239993,0,0.0,0.0,0.0,0.0,0.07958615179675282,0.0052778067703439955,0.17254315536913511,0.0050150451354062184,,0.0003178639542275906,0.019071837253655435,0.4807283924806589
2022-04-16,0.0,0.0,0.0,4,8,True,0.0,0.0,-0.0549450549450549,0.0,0.0,0.0678426051560379,0.0135685210312075,98.64314789687924,98.97221352445231,Normal,0.010277864755476873,0,0.0,0.0,0.0,0.0,0.08084544391425418,0.006166718853286124,0.17326539643652558,0.14953271028037382,,0.0003178639542275906,0.019071837253655435,0.4807283924806589
2022-04-17,0.0,0.0,0.0,5,10,True,0.0,0.0,-0.0769230769230769,0.0,0.0,0.0949796472184531,0.0189959294436906,98.10040705563094,98.64314789687926,Normal,0.013568521031207426,0,0.0,0.0,0.0,0.0,0.08364250174862514,0.008141112618724454,0.17486959137094424,0.14953271028037382,,0.0003178639542275906,0.019071837253655435,0.4807283924806589
2022-04-18,0.0,0.0,0.0,7,14,True,0.0,0.0,-0.0989010989010989,0.0,0.0,0.1221166892808684,0.0244233378561736,97.55766621438264,98.10040705563092,Normal,0.018995929443690773,0,0.0,0.0,0.0,0.0,0.08825579889923599,0.011397557666214463,0.17751545297202986,0.14953271028037382,,0.0003178639542275906,0.019071837253655435,0.4807283924806589
2022-04-19,0.0,0.0,0.0,7,14,True,0.0,0.0,-0.1208791208791209,0.0,0.0,0.1492537313432836,0.0298507462686567,97.01492537313432,97.55766621438264,Normal,0.024423337856173677,0,0.0,0.0,0.0,0.0,0.09286909604984646,0.014654002713704206,0.18016131457311527,0.14953271028037382,,0.06444444444444444,0.051111111111111114,0.4807283924806589
2022-04-20,0.0,0.0,0.0,8,16,True,0.0,0.0,-0.0769230769230769,0.0,0.0,0.0949796472184531,0.0189959294436906,98.10040705563094,97.55766621438262,Normal,0.024423337856173788,0,0.0,0.0,0.0,0.0,0.09286909604984656,0.014654002713704272,0.18016131457311532,0.14953271028037382,,0.06444444444444444,0.051111111111111114,0.4807283924806589
2022-04-21,0.0,0.0,0.0,8,16,True,0.0,0.0,-0.0241758241758241,0.0,0.0,0.0298507462686566,0.0059701492537313,99.40298507462688,98.17277250113072,Normal,0.01827227498869277,0,0.0,0.0,0.0,0.0,0.08764069261248769,0.010963364993215662,0.17716267142521833,0.14953271028037382,,0.0003178639542275906,0.019071837253655435,0.4807283924806589
2022-04-22,0.0,0.0,0.0,8,16,True,0.0,0.0,-0.0285714285714285,0.0,0.0,0.0352781546811396,0.0070556309362279,99.2944369063772,98.93260967887834,Normal,0.01067390321121664,0,0.0,0.0,0.0,0.0,0.08118207660163297,0.006404341926729984,0.17345846518369873,0.14953271028037382,,0.0003178639542275906,0.019071837253655435,0.4807283924806589
2022-04-23,0.0,0.0,0.0,7,14,True,0.0,0.0,0.0,0.0,0.0,0.0,0.0,100.0,99.56580732700137,Normal,0.004341926729986345,0,0.0,0.0,0.0,0.0,0.07579989659258722,0.002605156037991807,0.17037162664909894,0.0050150451354062184,,0.0003178639542275906,0.019071837253655435,0.4807283924806589
2022-04-24,0.0,0.0,0.0,6,12,True,0.0,0.0,0.0,0.0,0.0,0.0,0.0,100.0,99.76481230212572,Normal,0.0023518769787428395,0,0.0,0.0,0.0,0.0,0.07410835430403025,0.0014111261872457037,0.16940147739536773,0.0050150451354062184,,0.0003178639542275906,0.019071837253655435,0.4807283924806589
2022-04-25,0.0,0.0,0.0,4,8,True,0.0,0.0,0.0,0.0,0.0,0.0,0.0,100.0,100.0,Normal,0.0,0,0.0,0.0,0.0,0.0,0.07210925887209883,0.0,0.1682549373682306,0.0050150451354062184,,0.0003178639542275906,0.019071837253655435,0.4807283924806589
2022-04-26,0.0,0.0,0.0,4,8,True,0.0,0.0,0.0,0.0,0.0,0.0,0.0,100.0,100.0,Normal,0.0,0,0.0,0.0,0.0,0.0,0.07210925887209883,0.0,0.1682549373682306,0.0050150451354062184,,0.0003178639542275906,0.019071837253655435,0.4807283924806589
2022-04-27,0.0,0.0,0.0,4,8,True,0.0,0.0,0.0,0.0,0.0,0.0,0.0,100.0,100.0,Normal,0.0,0,0.0,0.0,0.0,0.0,0.07210925887209883,0.0,0.1682549373682306,0.0050150451354062184,,0.0003178639542275906,0.019071837253655435,0.4807283924806589
2022-04-28,1.0,13.168,1.0,6,8,True,0.1428571428571428,1.881142857142857,0.0,0.0128205128205128,0.0116193908290816,0.0,0.0098960736589809,99.0103926341019,99.67013087803396,Normal,0.0032986912196604212,0,0.0,0.0,0.0,0.0,0.0749131464088102,0.0019792147317962525,0.16986304933781507,0.0050150451354062184,,0.0003178639542275906,0.019071837253655435,0.4807283924806589
2022-04-29,0.0,0.0,0.0,5,10,True,0.1428571428571428,1.881142857142857,0.0285714285714285,0.0128205128205128,0.0116193908290816,0.0352781546811396,0.0169517045952088,98.3048295404791,99.10507405819368,Normal,0.008949259418063238,0,0.0,0.0,0.0,0.0,0.07971612937745258,0.005369555650837942,0.17261770133453644,0.14953271028037382,,0.0003178639542275906,0.019071837253655435,0.4807283924806589
2022-04-30,0.0,0.0,0.0,5,10,True,0.1428571428571428,1.881142857142857,0.0241758241758241,0.0128205128205128,0.0116193908290816,0.0298507462686566,0.0158662229127122,98.41337770872876,98.57619996110328,Normal,0.014238000388967165,0,0.0,0.0,0.0,0.0,0.08421155920272093,0.0085428002333803,0.1751959625578521,0.14953271028037382,,0.0003178639542275906,0.019071837253655435,0.4807283924806589
2022-05-01,1.0,0.0,1.0,7,13,True,0.2857142857142857,1.881142857142857,0.0197802197802197,0.0256410256410256,0.0116193908290816,0.0244233378561735,0.021190997640472,97.8809002359528,98.19970249505356,Normal,0.018002975049464465,0,0.0,0.0,0.0,0.0,0.08741178766414363,0.01080178502967868,0.17703138770484453,0.14953271028037382,,0.0003178639542275906,0.019071837253655435,0.4807283924806589
2022-05-02,0.0,0.0,0.0,6,12,True,0.2857142857142857,1.881142857142857,0.0439560439560439,0.0256410256410256,0.0116193908290816,0.0542740841248303,0.0271611468942033,97.28388531057966,97.85938775175374,Normal,0.021406122482462542,0,0.0,0.0,0.0,0.0,0.090304462982192,0.012843673489477524,0.17869042207843108,0.14953271028037382,,0.0003178639542275906,0.019071837253655435,0.4807283924806589
2022-05-03,0.0,0.0,0.0,7,14,True,0.2857142857142857,1.881142857142857,0.0351648351648351,0.0256410256410256,0.0116193908290816,0.0434192672998642,0.0249901835292101,97.500981647079,97.5552557312038,Normal,0.02444744268796195,0,0.0,0.0,0.0,0.0,0.09288958515686649,0.01466846561277717,0.18017306567861205,0.14953271028037382,,0.06444444444444444,0.051111111111111114,0.4807283924806589
2022-05-04,0.0,0.0,0.0,6,12,True,0.2857142857142857,1.881142857142857,0.0263736263736263,0.0256410256410256,0.0116193908290816,0.0325644504748981,0.0228192201642169,97.7180779835783,97.50098164707896,Normal,0.024990183529210452,0,0.0,0.0,0.0,0.0,0.09335091487192772,0.014994110117526271,0.1804376518387207,0.14953271028037382,,0.06444444444444444,0.051111111111111114,0.4807283924806589
2022-05-05,0.0,0.0,0.0,9,16,True,0.1428571428571428,0.0,0.0175824175824175,0.0128205128205128,0.0,0.021709633649932,0.0107521831402428,98.92478168597572,98.04794710554434,Normal,0.01952052894455658,0,0.0,0.0,0.0,0.0,0.08870170847497193,0.011712317366733949,0.17777119522870194,0.14953271028037382,,0.0003178639542275906,0.019071837253655435,0.4807283924806589
2022-05-06,0.0,0.0,0.0,6,12,True,0.1428571428571428,0.0,0.0087912087912087,0.0128205128205128,0.0,0.0108548168249659,0.0085812197752496,99.14187802247504,98.59491256400968,Normal,0.014050874359903265,0,0.0,0.0,0.0,0.0,0.08405250207801661,0.008430524615941959,0.17510473861868345,0.14953271028037382,,0.0003178639542275906,0.019071837253655435,0.4807283924806589
2022-05-07,1.0,0.0,1.0,7,13,True,0.2857142857142857,0.0,8.540177112501207e-19,0.0256410256410256,0.0,1.054485912127015e-18,0.0128205128205128,98.71794871794872,98.92820280879982,Normal,0.010717971912001745,0,0.0,0.0,0.0,0.0,0.08121953499730032,0.006430783147201046,0.17347994867533145,0.14953271028037382,,0.0003178639542275906,0.019071837253655435,0.4807283924806589
2022-05-08,0.0,0.0,0.0,6,12,True,0.1428571428571428,0.0,0.0197802197802197,0.0128205128205128,0.0,0.0244233378561735,0.0112949239814911,98.87050760185087,98.91011144742488,Normal,0.010898885525751134,0,0.0,0.0,0.0,0.0,0.08137331156898729,0.00653933131545068,0.17356814406203427,0.14953271028037382,,0.0003178639542275906,0.019071837253655435,0.4807283924806589
2022-05-09,0.0,0.0,0.0,6,12,True,0.1428571428571428,0.0,0.0065934065934065,0.0128205128205128,0.0,0.0081411126187244,0.0080384789340012,99.19615210659988,98.92820280879982,Normal,0.010717971912001745,0,0.0,0.0,0.0,0.0,0.08121953499730032,0.006430783147201046,0.17347994867533145,0.14953271028037382,,0.0003178639542275906,0.019071837253655435,0.4807283924806589
2022-05-10,0.0,0.0,0.0,6,12,True,0.1428571428571428,0.0,-0.0065934065934065,0.0128205128205128,0.0,0.0081411126187244,0.0080384789340012,99.19615210659988,99.0876039383502,Normal,0.009123960616498006,0,0.0,0.0,0.0,0.0,0.07986462539612214,0.005474376369898803,0.1727028681687734,0.14953271028037382,,0.0003178639542275906,0.019071837253655435,0.4807283924806589
2022-05-11,0.0,0.0,0.0,6,12,True,0.1428571428571428,0.0,-0.0197802197802197,0.0128205128205128,0.0,0.0244233378561735,0.0112949239814911,98.87050760185087,99.08760393835024,Normal,0.009123960616497562,0,0.0,0.0,0.0,0.0,0.07986462539612176,0.005474376369898537,0.17270286816877317,0.14953271028037382,,0.0003178639542275906,0.019071837253655435,0.4807283924806589
2022-05-12,0.0,0.0,0.0,5,10,True,0.1428571428571428,0.0,-0.0329670329670329,0.0128205128205128,0.0,0.0407055630936227,0.0145513690289809,98.54486309710192,98.87050760185087,Normal,0.011294923981491234,0,0.0,0.0,0.0,0.0,0.08170994425636638,0.00677695438889474,0.1737612128092076,0.14953271028037382,,0.0003178639542275906,0.019071837253655435,0.4807283924806589
2022-05-13,0.0,0.0,0.0,6,12,True,0.1428571428571428,0.0,-0.0131868131868131,0.0128205128205128,0.0,0.016282225237449,0.0096667014577462,99.0333298542254,98.81623351772606,Normal,0.011837664822739402,0,0.0,0.0,0.0,0.0,0.08217127397142733,0.007102598893643641,0.17402579896931605,0.14953271028037382,,0.0003178639542275906,0.019071837253655435,0.4807283924806589
2022-05-14,0.0,0.0,0.0,6,12,True,0.0,0.0,-0.0219780219780219,0.0,0.0,0.0271370420624151,0.005427408412483,99.4572591587517,99.01181737002634,Normal,0.009881826299736662,0,0.0,0.0,0.0,0.0,0.08050881122687499,0.005929095779841997,0.17307232768935224,0.14953271028037382,,0.0003178639542275906,0.019071837253655435,0.4807283924806589
2022-05-15,0.0,0.0,0.0,6,12,True,0.0,0.0,-0.0307692307692307,0.0,0.0,0.0379918588873812,0.0075983717774762,99.24016282225236,99.24358394507648,Normal,0.007564160549235144,0,0.0,0.0,0.0,0.0,0.07853879533894871,0.004538496329541086,0.17194246563598273,0.0050150451354062184,,0.0003178639542275906,0.019071837253655435,0.4807283924806589
2022-05-16,0.0,0.0,0.0,5,10,True,0.0,0.0,-0.0065934065934065,0.0,0.0,0.0081411126187244,0.0016282225237448,99.83717774762552,99.51153324287652,Normal,0.004884667571234735,0,0.0,0.0,0.0,0.0,0.07626122630764835,0.0029308005427408413,0.17063621280920754,0.0050150451354062184,,0.0003178639542275906,0.019071837253655435,0.4807283924806589
2022-05-17,1.0,0.0,1.0,4,7,True,0.1428571428571428,0.0,-0.0109890109890109,0.0128205128205128,0.0,0.0135685210312074,0.0091239606164979,99.0876039383502,99.38831483607603,Normal,0.0061168516392396954,0,0.0,0.0,0.0,0.0,0.07730858276545258,0.003670110983543817,0.17123690254235996,0.0050150451354062184,,0.0003178639542275906,0.019071837253655435,0.4807283924806589
2022-05-18,0.0,0.0,0.0,5,8,True,0.1428571428571428,0.0,0.0131868131868131,0.0128205128205128,0.0,0.016282225237449,0.0096667014577462,99.0333298542254,99.31937051340036,Normal,0.006806294865996376,0,0.0,0.0,0.0,0.0,0.07789460950819575,0.004083776919597826,0.17157300611540383,0.0050150451354062184,,0.0003178639542275906,0.019071837253655435,0.4807283924806589
2022-05-19,0.0,0.0,0.0,4,8,True,0.1428571428571428,0.0,0.0043956043956043,0.0128205128205128,0.0,0.0054274084124829,0.0074957380927529,99.25042619072472,99.1237866611001,Normal,0.008762133388999005,0,0.0,0.0,0.0,0.0,0.07955707225274798,0.005257280033399403,0.1725264773953676,0.0050150451354062184,,0.0003178639542275906,0.019071837253655435,0.4807283924806589
2022-05-20,0.0,0.0,0.0,6,10,True,0.1428571428571428,0.0,-0.0043956043956043,0.0128205128205128,0.0,0.0054274084124829,0.0074957380927529,99.25042619072472,99.17806074522493,Normal,0.008219392547750726,0,0.0,0.0,0.0,0.0,0.07909574253768695,0.004931635528650435,0.1722618912352591,0.0050150451354062184,,0.0003178639542275906,0.019071837253655435,0.4807283924806589
2022-05-21,0.0,0.0,0.0,5,10,True,0.1428571428571428,0.0,-0.0131868131868131,0.0128205128205128,0.0,0.016282225237449,0.0096667014577462,99.0333298542254,99.17806074522493,Normal,0.008219392547750726,0,0.0,0.0,0.0,0.0,0.07909574253768695,0.004931635528650435,0.1722618912352591,0.0050150451354062184,,0.0003178639542275906,0.019071837253655435,0.4807283924806589
2022-05-22,0.0,0.0,0.0,7,14,True,0.1428571428571428,0.0,0.0109890109890109,0.0128205128205128,0.0,0.0135685210312074,0.0091239606164979,99.0876039383502,99.1237866611001,Normal,0.008762133388999005,0,0.0,0.0,0.0,0.0,0.07955707225274798,0.005257280033399403,0.1725264773953676,0.0050150451354062184,,0.0003178639542275906,0.019071837253655435,0.4807283924806589
2022-05-23,0.0,0.0,0.0,7,14,True,0.1428571428571428,0.0,0.0065934065934065,0.0128205128205128,0.0,0.0081411126187244,0.0080384789340012,99.19615210659988,99.10569529972516,Normal,0.008943047002748394,0,0.0,0.0,0.0,0.0,0.07971084882443497,0.0053658282016490364,0.17261467278207046,0.0050150451354062184,,0.0003178639542275906,0.019071837253655435,0.4807283924806589
2022-05-24,0.0,0.0,0.0,8,16,True,0.0,0.0,0.0021978021978021,0.0,0.0,0.0027137042062413,0.0005427408412482,99.94572591587516,99.4098273202751,Normal,0.005901726797248985,0,0.0,0.0,0.0,0.0,0.07712572664976047,0.003541036078349391,0.1711320291818895,0.0050150451354062184,,0.0003178639542275906,0.019071837253655435,0.4807283924806589
2022-05-25,0.0,0.0,0.0,16,22,True,0.0,0.0,-0.0021978021978021,0.0,0.0,0.0027137042062413,0.0005427408412482,99.94572591587516,99.69586797945006,Normal,0.0030413202054994093,0,0.0,0.0,0.0,0.0,0.07469438104677333,0.0018247921232996454,0.16973758096841157,0.0050150451354062184,,0.0003178639542275906,0.019071837253655435,0.4807283924806589
2022-05-26,0.0,0.0,0.0,11,22,True,0.0,0.0,-0.0065934065934065,0.0,0.0,0.0081411126187244,0.0016282225237448,99.83717774762552,99.90954319312527,Normal,0.0009045680687472801,0,0.0,0.0,0.0,0.0,0.07287814173053402,0.0005427408412483681,0.1686959143017449,0.0050150451354062184,,0.0003178639542275906,0.019071837253655435,0.4807283924806589
2022-05-27,1.0,0.0,1.0,10,19,True,0.1428571428571428,0.0,-0.0109890109890109,0.0128205128205128,0.0,0.0135685210312074,0.0091239606164979,99.0876039383502,99.62350253395032,Normal,0.003764974660496856,0,0.0,0.0,0.0,0.0,0.07530948733352116,0.0022589847962981133,0.17009036251522283,0.0050150451354062184,,0.0003178639542275906,0.019071837253655435,0.4807283924806589
2022-05-28,0.0,0.0,0.0,9,18,True,0.1428571428571428,0.0,0.0131868131868131,0.0128205128205128,0.0,0.016282225237449,0.0096667014577462,99.0333298542254,99.31937051340036,Normal,0.006806294865996376,0,0.0,0.0,0.0,0.0,0.07789460950819575,0.004083776919597826,0.17157300611540383,0.0050150451354062184,,0.0003178639542275906,0.019071837253655435,0.4807283924806589
2022-05-29,0.0,0.0,0.0,8,16,True,0.1428571428571428,0.0,0.0043956043956043,0.0128205128205128,0.0,0.0054274084124829,0.0074957380927529,99.25042619072472,99.1237866611001,Normal,0.008762133388999005,0,0.0,0.0,0.0,0.0,0.07955707225274798,0.005257280033399403,0.1725264773953676,0.0050150451354062184,,0.0003178639542275906,0.019071837253655435,0.4807283924806589
2022-05-30,0.0,0.0,0.0,5,10,True,0.1428571428571428,0.0,-0.0043956043956043,0.0128205128205128,0.0,0.0054274084124829,0.0074957380927529,99.25042619072472,99.17806074522493,Normal,0.008219392547750726,0,0.0,0.0,0.0,0.0,0.07909574253768695,0.004931635528650435,0.1722618912352591,0.0050150451354062184,,0.0003178639542275906,0.019071837253655435,0.4807283924806589
2022-05-31,0.0,0.0,0.0,8,16,True,0.1428571428571428,0.0,-0.0131868131868131,0.0128205128205128,0.0,0.016282225237449,0.0096667014577462,99.0333298542254,99.17806074522495,Normal,0.008219392547750504,0,0.0,0.0,0.0,0.0,0.07909574253768677,0.004931635528650302,0.17226189123525898,0.0050150451354062184,,0.0003178639542275906,0.019071837253655435,0.4807283924806589
2022-06-01,0.0,0.0,0.0,6,10,True,0.1428571428571428,0.0,0.0109890109890109,0.0128205128205128,0.0,0.0135685210312074,0.0091239606164979,99.0876039383502,99.1237866611001,Normal,0.008762133388999005,0,0.0,0.0,0.0,0.0,0.07955707225274798,0.005257280033399403,0.1725264773953676,0.0050150451354062184,,0.0003178639542275906,0.019071837253655435,0.4807283924806589
2022-06-02,0.0,0.0,0.0,8,16,True,0.1428571428571428,0.0,0.0065934065934065,0.0128205128205128,0.0,0.0081411126187244,0.0080384789340012,99.19615210659988,99.10569529972516,Normal,0.008943047002748394,0,0.0,0.0,0.0,0.0,0.07971084882443497,0.0053658282016490364,0.17261467278207046,0.0050150451354062184,,0.0003178639542275906,0.019071837253655435,0.4807283924806589
2022-06-03,0.0,0.0,0.0,9,16,True,0.0,0.0,0.0021978021978021,0.0,0.0,0.0027137042062413,0.0005427408412482,99.94572591587516,99.40982732027508,Normal,0.005901726797249207,0,0.0,0.0,0.0,0.0,0.07712572664976065,0.003541036078349524,0.1711320291818896,0.0050150451354062184,,0.0003178639542275906,0.019071837253655435,0.4807283924806589
2022-06-04,0.0,0.0,0.0,9,18,True,0.0,0.0,-0.0021978021978021,0.0,0.0,0.0027137042062413,0.0005427408412482,99.94572591587516,99.69586797945006,Normal,0.0030413202054994093,0,0.0,0.0,0.0,0.0,0.07469438104677333,0.0018247921232996454,0.16973758096841157,0.0050150451354062184,,0.0003178639542275906,0.019071837253655435,0.4807283924806589
2022-06-05,0.0,0.0,0.0,9,14,True,0.0,0.0,-0.0065934065934065,0.0,0.0,0.0081411126187244,0.0016282225237448,99.83717774762552,99.90954319312527,Normal,0.0009045680687472801,0,0.0,0.0,0.0,0.0,0.07287814173053402,0.0005427408412483681,0.1686959143017449,0.0050150451354062184,,0.0003178639542275906,0.019071837253655435,0.4807283924806589
2022-06-06,0.0,0.0,0.0,8,16,True,0.0,0.0,-0.0109890109890109,0.0,0.0,0.0135685210312074,0.0027137042062414,99.72862957937583,99.8371777476255,Normal,0.0016282225237449488,0,0.0,0.0,0.0,0.0,0.07349324801728203,0.0009769335142469692,0.16904869584855628,0.0050150451354062184,,0.0003178639542275906,0.019071837253655435,0.4807283924806589
2022-06-07,0.0,0.0,0.0,11,22,True,0.0,0.0,-0.0153846153846153,0.0,0.0,0.0189959294436905,0.0037991858887381,99.6200814111262,99.72862957937586,Normal,0.0027137042062413963,0,0.0,0.0,0.0,0.0,0.07441590744740402,0.0016282225237448378,0.1695778681687733,0.0050150451354062184,,0.0003178639542275906,0.019071837253655435,0.4807283924806589
2022-06-08,0.0,0.0,0.0,9,16,True,0.0,0.0,-0.0197802197802197,0.0,0.0,0.0244233378561735,0.0048846675712347,99.51153324287652,99.6200814111262,Normal,0.003799185888738066,0,0.0,0.0,0.0,0.0,0.07533856687752619,0.0022795115332428393,0.17010704048899042,0.0050150451354062184,,0.0003178639542275906,0.019071837253655435,0.4807283924806589
2022-06-09,0.0,0.0,0.0,11,22,True,0.0,0.0,-0.0241758241758241,0.0,0.0,0.0298507462686566,0.0059701492537313,99.40298507462688,99.51153324287652,Normal,0.004884667571234735,0,0.0,0.0,0.0,0.0,0.07626122630764835,0.0029308005427408413,0.17063621280920754,0.0050150451354062184,,0.0003178639542275906,0.019071837253655435,0.4807283924806589
2022-06-10,0.0,0.0,0.0,10,16,True,0.0,0.0,-0.0285714285714285,0.0,0.0,0.0352781546811396,0.0070556309362279,99.2944369063772,99.40298507462688,Normal,0.005970149253731183,0,0.0,0.0,0.0,0.0,0.07718388573777034,0.0035820895522387097,0.17116538512942456,0.0050150451354062184,,0.0003178639542275906,0.019071837253655435,0.4807283924806589
2022-06-11,0.0,0.0,0.0,9,18,True,0.0,0.0,0.0,0.0,0.0,0.0,0.0,100.0,99.56580732700137,Normal,0.004341926729986345,0,0.0,0.0,0.0,0.0,0.07579989659258722,0.002605156037991807,0.17037162664909894,0.0050150451354062184,,0.0003178639542275906,0.019071837253655435,0.4807283924806589
2022-06-12,0.0,0.0,0.0,10,18,True,0.0,0.0,0.0,0.0,0.0,0.0,0.0,100.0,99.76481230212572,Normal,0.0023518769787428395,0,0.0,0.0,0.0,0.0,0.07410835430403025,0.0014111261872457037,0.16940147739536773,0.0050150451354062184,,0.0003178639542275906,0.019071837253655435,0.4807283924806589
2022-06-13,0.0,0.0,0.0,8,16,True,0.0,0.0,0.0,0.0,0.0,0.0,0.0,100.0,100.0,Normal,0.0,0,0.0,0.0,0.0,0.0,0.07210925887209883,0.0,0.1682549373682306,0.0050150451354062184,,0.0003178639542275906,0.019071837253655435,0.4807283924806589
2022-06-14,0.0,0.0,0.0,10,18,True,0.0,0.0,0.0,0.0,0.0,0.0,0.0,100.0,100.0,Normal,0.0,0,0.0,0.0,0.0,0.0,0.07210925887209883,0.0,0.1682549373682306,0.0050150451354062184,,0.0003178639542275906,0.019071837253655435,0.4807283924806589
2022-06-15,0.0,0.0,0.0,7,14,True,0.0,0.0,0.0,0.0,0.0,0.0,0.0,100.0,100.0,Normal,0.0,0,0.0,0.0,0.0,0.0,0.07210925887209883,0.0,0.1682549373682306,0.0050150451354062184,,0.0003178639542275906,0.019071837253655435,0.4807283924806589
2022-06-16,0.0,0.0,0.0,11,20,True,0.0,0.0,0.0,0.0,0.0,0.0,0.0,100.0,100.0,Normal,0.0,0,0.0,0.0,0.0,0.0,0.07210925887209883,0.0,0.1682549373682306,0.0050150451354062184,,0.0003178639542275906,0.019071837253655435,0.4807283924806589
2022-06-17,0.0,0.0,0.0,7,14,True,0.0,0.0,0.0,0.0,0.0,0.0,0.0,100.0,100.0,Normal,0.0,0,0.0,0.0,0.0,0.0,0.07210925887209883,0.0,0.1682549373682306,0.0050150451354062184,,0.0003178639542275906,0.019071837253655435,0.4807283924806589
2022-06-18,0.0,0.0,0.0,10,20,True,0.0,0.0,0.0,0.0,0.0,0.0,0.0,100.0,100.0,Normal,0.0,0,0.0,0.0,0.0,0.0,0.07210925887209883,0.0,0.1682549373682306,0.0050150451354062184,,0.0003178639542275906,0.019071837253655435,0.4807283924806589
2022-06-19,0.0,0.0,0.0,8,16,True,0.0,0.0,0.0,0.0,0.0,0.0,0.0,100.0,100.0,Normal,0.0,0,0.0,0.0,0.0,0.0,0.07210925887209883,0.0,0.1682549373682306,0.0050150451354062184,,0.0003178639542275906,0.019071837253655435,0.4807283924806589
2022-06-20,0.0,0.0,0.0,6,10,True,0.0,0.0,0.0,0.0,0.0,0.0,0.0,100.0,100.0,Normal,0.0,0,0.0,0.0,0.0,0.0,0.07210925887209883,0.0,0.1682549373682306,0.0050150451354062184,,0.0003178639542275906,0.019071837253655435,0.4807283924806589
2022-06-21,0.0,0.0,0.0,4,8,True,0.0,0.0,0.0,0.0,0.0,0.0,0.0,100.0,100.0,Normal,0.0,0,0.0,0.0,0.0,0.0,0.07210925887209883,0.0,0.1682549373682306,0.0050150451354062184,,0.0003178639542275906,0.019071837253655435,0.4807283924806589
2022-06-22,0.0,0.0,0.0,4,8,True,0.0,0.0,0.0,0.0,0.0,0.0,0.0,100.0,100.0,Normal,0.0,0,0.0,0.0,0.0,0.0,0.07210925887209883,0.0,0.1682549373682306,0.0050150451354062184,,0.0003178639542275906,0.019071837253655435,0.4807283924806589
2022-06-23,1.0,0.0,1.0,6,11,True,0.1428571428571428,0.0,0.0,0.0128205128205128,0.0,0.0,0.0064102564102564,99.35897435897436,99.78632478632478,Normal,0.002136752136752129,0,0.0,0.0,0.0,0.0,0.07392549818833814,0.0012820512820512775,0.16929660403489727,0.0050150451354062184,,0.0003178639542275906,0.019071837253655435,0.4807283924806589
2022-06-24,0.0,0.0,0.0,6,12,True,0.1428571428571428,0.0,0.0285714285714285,0.0128205128205128,0.0,0.0352781546811396,0.0134658873464843,98.65341126535156,99.33746187477531,Normal,0.006625381252246876,0,0.0,0.0,0.0,0.0,0.07774083293650867,0.003975228751348125,0.17148481072870095,0.0050150451354062184,,0.0003178639542275906,0.019071837253655435,0.4807283924806589
2022-06-25,0.0,0.0,0.0,6,12,True,0.1428571428571428,0.0,0.0241758241758241,0.0128205128205128,0.0,0.0298507462686566,0.0123804056639877,98.76195943360123,98.9247816859757,Normal,0.010752183140242955,0,0.0,0.0,0.0,0.0,0.08124861454130534,0.006451309884145773,0.17349662664909904,0.14953271028037382,,0.0003178639542275906,0.019071837253655435,0.4807283924806589
2022-06-26,0.0,0.0,0.0,7,14,True,0.1428571428571428,0.0,0.0197802197802197,0.0128205128205128,0.0,0.0244233378561735,0.0112949239814911,98.87050760185087,98.76195943360123,Normal,0.012380405663987681,0,0.0,0.0,0.0,0.0,0.08263260368648837,0.007428243398392608,0.1742903851294246,0.14953271028037382,,0.0003178639542275906,0.019071837253655435,0.4807283924806589
2022-06-27,0.0,0.0,0.0,7,14,True,0.1428571428571428,0.0,0.0153846153846153,0.0128205128205128,0.0,0.0189959294436905,0.0102094422989945,98.97905577010054,98.87050760185087,Normal,0.011294923981491234,0,0.0,0.0,0.0,0.0,0.08170994425636638,0.00677695438889474,0.1737612128092076,0.14953271028037382,,0.0003178639542275906,0.019071837253655435,0.4807283924806589
2022-06-28,0.0,0.0,0.0,8,16,True,0.1428571428571428,0.0,0.0109890109890109,0.0128205128205128,0.0,0.0135685210312074,0.0091239606164979,99.0876039383502,98.97905577010056,Normal,0.010209442298994453,0,0.0,0.0,0.0,0.0,0.08078728482624412,0.006125665379396672,0.1732320404889904,0.14953271028037382,,0.0003178639542275906,0.019071837253655435,0.4807283924806589
2022-06-29,0.0,0.0,0.0,8,16,True,0.1428571428571428,0.0,0.0065934065934065,0.0128205128205128,0.0,0.0081411126187244,0.0080384789340012,99.19615210659988,99.08760393835024,Normal,0.009123960616497562,0,0.0,0.0,0.0,0.0,0.07986462539612176,0.005474376369898537,0.17270286816877317,0.14953271028037382,,0.0003178639542275906,0.019071837253655435,0.4807283924806589
2022-06-30,0.0,0.0,0.0,7,14,True,0.0,0.0,0.0021978021978021,0.0,0.0,0.0027137042062413,0.0005427408412482,99.94572591587516,99.40982732027508,Normal,0.005901726797249207,0,0.0,0.0,0.0,0.0,0.07712572664976065,0.003541036078349524,0.1711320291818896,0.0050150451354062184,,0.0003178639542275906,0.019071837253655435,0.4807283924806589
2022-07-01,0.0,0.0,0.0,5,10,True,0.0,0.0,-0.0021978021978021,0.0,0.0,0.0027137042062413,0.0005427408412482,99.94572591587516,99.69586797945006,Normal,0.0030413202054994093,0,0.0,0.0,0.0,0.0,0.07469438104677333,0.0018247921232996454,0.16973758096841157,0.0050150451354062184,,0.0003178639542275906,0.019071837253655435,0.4807283924806589
2022-07-02,0.0,0.0,0.0,5,10,True,0.0,0.0,-0.0065934065934065,0.0,0.0,0.0081411126187244,0.0016282225237448,99.83717774762552,99.90954319312527,Normal,0.0009045680687472801,0,0.0,0.0,0.0,0.0,0.07287814173053402,0.0005427408412483681,0.1686959143017449,0.0050150451354062184,,0.0003178639542275906,0.019071837253655435,0.4807283924806589
2022-07-03,0.0,0.0,0.0,4,8,True,0.0,0.0,-0.0109890109890109,0.0,0.0,0.0135685210312074,0.0027137042062414,99.72862957937583,99.8371777476255,Normal,0.0016282225237449488,0,0.0,0.0,0.0,0.0,0.07349324801728203,0.0009769335142469692,0.16904869584855628,0.0050150451354062184,,0.0003178639542275906,0.019071837253655435,0.4807283924806589
2022-07-04,0.0,0.0,0.0,4,8,True,0.0,0.0,-0.0153846153846153,0.0,0.0,0.0189959294436905,0.0037991858887381,99.6200814111262,99.72862957937586,Normal,0.0027137042062413963,0,0.0,0.0,0.0,0.0,0.07441590744740402,0.0016282225237448378,0.1695778681687733,0.0050150451354062184,,0.0003178639542275906,0.019071837253655435,0.4807283924806589
2022-07-05,0.0,0.0,0.0,4,8,True,0.0,0.0,-0.0197802197802197,0.0,0.0,0.0244233378561735,0.0048846675712347,99.51153324287652,99.6200814111262,Normal,0.003799185888738066,0,0.0,0.0,0.0,0.0,0.07533856687752619,0.0022795115332428393,0.17010704048899042,0.0050150451354062184,,0.0003178639542275906,0.019071837253655435,0.4807283924806589
2022-07-06,0.0,0.0,0.0,4,8,True,0.0,0.0,-0.0241758241758241,0.0,0.0,0.0298507462686566,0.0059701492537313,99.40298507462688,99.51153324287652,Normal,0.004884667571234735,0,0.0,0.0,0.0,0.0,0.07626122630764835,0.0029308005427408413,0.17063621280920754,0.0050150451354062184,,0.0003178639542275906,0.019071837253655435,0.4807283924806589
2022-07-07,0.0,0.0,0.0,5,10,True,0.0,0.0,-0.0285714285714285,0.0,0.0,0.0352781546811396,0.0070556309362279,99.2944369063772,99.40298507462688,Normal,0.005970149253731183,0,0.0,0.0,0.0,0.0,0.07718388573777034,0.0035820895522387097,0.17116538512942456,0.0050150451354062184,,0.0003178639542275906,0.019071837253655435,0.4807283924806589
2022-07-08,0.0,0.0,0.0,4,8,True,0.0,0.0,0.0,0.0,0.0,0.0,0.0,100.0,99.56580732700137,Normal,0.004341926729986345,0,0.0,0.0,0.0,0.0,0.07579989659258722,0.002605156037991807,0.17037162664909894,0.0050150451354062184,,0.0003178639542275906,0.019071837253655435,0.4807283924806589
2022-07-09,0.0,0.0,0.0,7,14,True,0.0,0.0,0.0,0.0,0.0,0.0,0.0,100.0,99.76481230212572,Normal,0.0023518769787428395,0,0.0,0.0,0.0,0.0,0.07410835430403025,0.0014111261872457037,0.16940147739536773,0.0050150451354062184,,0.0003178639542275906,0.019071837253655435,0.4807283924806589
2022-07-10,0.0,0.0,0.0,7,14,True,0.0,0.0,0.0,0.0,0.0,0.0,0.0,100.0,100.0,Normal,0.0,0,0.0,0.0,0.0,0.0,0.07210925887209883,0.0,0.1682549373682306,0.0050150451354062184,,0.0003178639542275906,0.019071837253655435,0.4807283924806589
2022-07-11,0.0,0.0,0.0,8,16,True,0.0,0.0,0.0,0.0,0.0,0.0,0.0,100.0,100.0,Normal,0.0,0,0.0,0.0,0.0,0.0,0.07210925887209883,0.0,0.1682549373682306,0.0050150451354062184,,0.0003178639542275906,0.019071837253655435,0.4807283924806589
2022-07-12,0.0,0.0,0.0,8,16,True,0.0,0.0,0.0,0.0,0.0,0.0,0.0,100.0,100.0,Normal,0.0,0,0.0,0.0,0.0,0.0,0.07210925887209883,0.0,0.1682549373682306,0.0050150451354062184,,0.0003178639542275906,0.019071837253655435,0.4807283924806589
2022-07-13,1.0,0.0,1.0,8,15,True,0.1428571428571428,0.0,0.0,0.0128205128205128,0.0,0.0,0.0064102564102564,99.35897435897436,99.78632478632478,Normal,0.002136752136752129,0,0.0,0.0,0.0,0.0,0.07392549818833814,0.0012820512820512775,0.16929660403489727,0.0050150451354062184,,0.0003178639542275906,0.019071837253655435,0.4807283924806589
2022-07-14,0.0,0.0,0.0,6,12,True,0.1428571428571428,0.0,0.0285714285714285,0.0128205128205128,0.0,0.0352781546811396,0.0134658873464843,98.65341126535156,99.33746187477531,Normal,0.006625381252246876,0,0.0,0.0,0.0,0.0,0.07774083293650867,0.003975228751348125,0.17148481072870095,0.0050150451354062184,,0.0003178639542275906,0.019071837253655435,0.4807283924806589
2022-07-15,0.0,0.0,0.0,6,12,True,0.1428571428571428,0.0,0.0241758241758241,0.0128205128205128,0.0,0.0298507462686566,0.0123804056639877,98.76195943360123,98.9247816859757,Normal,0.010752183140242955,0,0.0,0.0,0.0,0.0,0.08124861454130534,0.006451309884145773,0.17349662664909904,0.14953271028037382,,0.0003178639542275906,0.019071837253655435,0.4807283924806589
2022-07-16,0.0,0.0,0.0,5,10,True,0.1428571428571428,0.0,0.0197802197802197,0.0128205128205128,0.0,0.0244233378561735,0.0112949239814911,98.87050760185087,98.76195943360123,Normal,0.012380405663987681,0,0.0,0.0,0.0,0.0,0.08263260368648837,0.007428243398392608,0.1742903851294246,0.14953271028037382,,0.0003178639542275906,0.019071837253655435,0.4807283924806589
2022-07-17,0.0,0.0,0.0,5,10,True,0.1428571428571428,0.0,0.0153846153846153,0.0128205128205128,0.0,0.0189959294436905,0.0102094422989945,98.97905577010054,98.87050760185087,Normal,0.011294923981491234,0,0.0,0.0,0.0,0.0,0.08170994425636638,0.00677695438889474,0.1737612128092076,0.14953271028037382,,0.0003178639542275906,0.019071837253655435,0.4807283924806589
2022-07-18,0.0,0.0,0.0,4,8,True,0.1428571428571428,0.0,0.0109890109890109,0.0128205128205128,0.0,0.0135685210312074,0.0091239606164979,99.0876039383502,98.97905577010056,Normal,0.010209442298994453,0,0.0,0.0,0.0,0.0,0.08078728482624412,0.006125665379396672,0.1732320404889904,0.14953271028037382,,0.0003178639542275906,0.019071837253655435,0.4807283924806589
2022-07-19,0.0,0.0,0.0,5,10,True,0.1428571428571428,0.0,0.0065934065934065,0.0128205128205128,0.0,0.0081411126187244,0.0080384789340012,99.19615210659988,99.08760393835024,Normal,0.009123960616497562,0,0.0,0.0,0.0,0.0,0.07986462539612176,0.005474376369898537,0.17270286816877317,0.14953271028037382,,0.0003178639542275906,0.019071837253655435,0.4807283924806589
2022-07-20,0.0,0.0,0.0,5,10,True,0.0,0.0,0.0021978021978021,0.0,0.0,0.0027137042062413,0.0005427408412482,99.94572591587516,99.40982732027508,Normal,0.005901726797249207,0,0.0,0.0,0.0,0.0,0.07712572664976065,0.003541036078349524,0.1711320291818896,0.0050150451354062184,,0.0003178639542275906,0.019071837253655435,0.4807283924806589
2022-07-21,0.0,0.0,0.0,6,12,True,0.0,0.0,-0.0021978021978021,0.0,0.0,0.0027137042062413,0.0005427408412482,99.94572591587516,99.69586797945006,Normal,0.0030413202054994093,0,0.0,0.0,0.0,0.0,0.07469438104677333,0.0018247921232996454,0.16973758096841157,0.0050150451354062184,,0.0003178639542275906,0.019071837253655435,0.4807283924806589
2022-07-22,0.0,0.0,0.0,6,12,True,0.0,0.0,-0.0065934065934065,0.0,0.0,0.0081411126187244,0.0016282225237448,99.83717774762552,99.90954319312527,Normal,0.0009045680687472801,0,0.0,0.0,0.0,0.0,0.07287814173053402,0.0005427408412483681,0.1686959143017449,0.0050150451354062184,,0.0003178639542275906,0.019071837253655435,0.4807283924806589
2022-07-23,1.0,0.0,1.0,7,13,True,0.1428571428571428,0.0,-0.0109890109890109,0.0128205128205128,0.0,0.0135685210312074,0.0091239606164979,99.0876039383502,99.62350253395029,Normal,0.003764974660497078,0,0.0,0.0,0.0,0.0,0.07530948733352134,0.002258984796298247,0.17009036251522294,0.0050150451354062184,,0.0003178639542275906,0.019071837253655435,0.4807283924806589
2022-07-24,0.0,0.0,0.0,5,10,True,0.1428571428571428,0.0,0.0131868131868131,0.0128205128205128,0.0,0.016282225237449,0.0096667014577462,99.0333298542254,99.31937051340036,Normal,0.006806294865996376,0,0.0,0.0,0.0,0.0,0.07789460950819575,0.004083776919597826,0.17157300611540383,0.0050150451354062184,,0.0003178639542275906,0.019071837253655435,0.4807283924806589
2022-07-25,0.0,0.0,0.0,3,6,True,0.1428571428571428,0.0,0.0043956043956043,0.0128205128205128,0.0,0.0054274084124829,0.0074957380927529,99.25042619072472,99.1237866611001,Normal,0.008762133388999005,0,0.0,0.0,0.0,0.0,0.07955707225274798,0.005257280033399403,0.1725264773953676,0.0050150451354062184,,0.0003178639542275906,0.019071837253655435,0.4807283924806589
2022-07-26,0.0,0.0,0.0,5,10,True,0.1428571428571428,0.0,-0.0043956043956043,0.0128205128205128,0.0,0.0054274084124829,0.0074957380927529,99.25042619072472,99.17806074522493,Normal,0.008219392547750726,0,0.0,0.0,0.0,0.0,0.07909574253768695,0.004931635528650435,0.1722618912352591,0.0050150451354062184,,0.0003178639542275906,0.019071837253655435,0.4807283924806589
2022-07-27,0.0,0.0,0.0,6,12,True,0.1428571428571428,0.0,-0.0131868131868131,0.0128205128205128,0.0,0.016282225237449,0.0096667014577462,99.0333298542254,99.17806074522493,Normal,0.008219392547750726,0,0.0,0.0,0.0,0.0,0.07909574253768695,0.004931635528650435,0.1722618912352591,0.0050150451354062184,,0.0003178639542275906,0.019071837253655435,0.4807283924806589
2022-07-28,0.0,0.0,0.0,6,12,True,0.1428571428571428,0.0,0.0109890109890109,0.0128205128205128,0.0,0.0135685210312074,0.0091239606164979,99.0876039383502,99.1237866611001,Normal,0.008762133388999005,0,0.0,0.0,0.0,0.0,0.07955707225274798,0.005257280033399403,0.1725264773953676,0.0050150451354062184,,0.0003178639542275906,0.019071837253655435,0.4807283924806589
2022-07-29,0.0,0.0,0.0,6,12,True,0.1428571428571428,0.0,0.0065934065934065,0.0128205128205128,0.0,0.0081411126187244,0.0080384789340012,99.19615210659988,99.10569529972516,Normal,0.008943047002748394,0,0.0,0.0,0.0,0.0,0.07971084882443497,0.0053658282016490364,0.17261467278207046,0.0050150451354062184,,0.0003178639542275906,0.019071837253655435,0.4807283924806589
2022-07-30,0.0,0.0,0.0,6,12,True,0.0,0.0,0.0021978021978021,0.0,0.0,0.0027137042062413,0.0005427408412482,99.94572591587516,99.4098273202751,Normal,0.005901726797248985,0,0.0,0.0,0.0,0.0,0.07712572664976047,0.003541036078349391,0.1711320291818895,0.0050150451354062184,,0.0003178639542275906,0.019071837253655435,0.4807283924806589
2022-07-31,0.0,0.0,0.0,7,14,True,0.0,0.0,-0.0021978021978021,0.0,0.0,0.0027137042062413,0.0005427408412482,99.94572591587516,99.69586797945006,Normal,0.0030413202054994093,0,0.0,0.0,0.0,0.0,0.07469438104677333,0.0018247921232996454,0.16973758096841157,0.0050150451354062184,,0.0003178639542275906,0.019071837253655435,0.4807283924806589
2022-08-01,0.0,0.0,0.0,7,14,True,0.0,0.0,-0.0065934065934065,0.0,0.0,0.0081411126187244,0.0016282225237448,99.83717774762552,99.90954319312527,Normal,0.0009045680687472801,0,0.0,0.0,0.0,0.0,0.07287814173053402,0.0005427408412483681,0.1686959143017449,0.0050150451354062184,,0.0003178639542275906,0.019071837253655435,0.4807283924806589
2022-08-02,0.0,0.0,0.0,7,14,True,0.0,0.0,-0.0109890109890109,0.0,0.0,0.0135685210312074,0.0027137042062414,99.72862957937583,99.83717774762552,Normal,0.0016282225237448378,0,0.0,0.0,0.0,0.0,0.07349324801728195,0.0009769335142469026,0.16904869584855622,0.0050150451354062184,,0.0003178639542275906,0.019071837253655435,0.4807283924806589
2022-08-03,0.0,0.0,0.0,6,12,True,0.0,0.0,-0.0153846153846153,0.0,0.0,0.0189959294436905,0.0037991858887381,99.6200814111262,99.72862957937586,Normal,0.0027137042062413963,0,0.0,0.0,0.0,0.0,0.07441590744740402,0.0016282225237448378,0.1695778681687733,0.0050150451354062184,,0.0003178639542275906,0.019071837253655435,0.4807283924806589
2022-08-04,0.0,0.0,0.0,6,12,True,0.0,0.0,-0.0197802197802197,0.0,0.0,0.0244233378561735,0.0048846675712347,99.51153324287652,99.6200814111262,Normal,0.003799185888738066,0,0.0,0.0,0.0,0.0,0.07533856687752619,0.0022795115332428393,0.17010704048899042,0.0050150451354062184,,0.0003178639542275906,0.019071837253655435,0.4807283924806589
2022-08-05,1.0,0.0,1.0,6,11,True,0.1428571428571428,0.0,-0.0241758241758241,0.0128205128205128,0.0,0.0298507462686566,0.0123804056639877,98.76195943360123,99.29785802920132,Normal,0.0070214197079867535,0,0.0,0.0,0.0,0.0,0.07807746562388758,0.004212851824792052,0.17167787947587415,0.0050150451354062184,,0.0003178639542275906,0.019071837253655435,0.4807283924806589
2022-08-06,0.0,0.0,0.0,5,10,True,0.1428571428571428,0.0,-9.76020241428709e-19,0.0128205128205128,0.0,1.2051267567165881e-18,0.0064102564102564,99.35897435897436,99.2108223451507,Normal,0.007891776548492935,0,0.0,0.0,0.0,0.0,0.07881726893831782,0.0047350659290957605,0.17210217843562092,0.0050150451354062184,,0.0003178639542275906,0.019071837253655435,0.4807283924806589
2022-08-07,2.0,0.0,2.0,6,10,True,0.4285714285714285,0.0,0.0241758241758241,0.0384615384615384,0.0,0.0298507462686566,0.0252009184845005,97.47990815154996,98.5336139813752,Normal,0.01466386018624799,0,0.0,0.0,0.0,0.0,0.08457354003040962,0.008798316111748793,0.1754035692090265,0.14953271028037382,,0.0003178639542275906,0.019071837253655435,0.4807283924806589
2022-08-08,1.0,0.0,1.0,5,9,True,0.5714285714285714,0.0,0.0769230769230769,0.0512820512820512,0.0,0.0949796472184531,0.0446369550847162,95.53630449152836,97.4583956673509,Normal,0.025416043326491056,0,0.0,0.0,0.0,0.0,0.09371289569961623,0.015249625995894633,0.180645258489895,0.14953271028037382,,0.06444444444444444,0.051111111111111114,0.4807283924806589
2022-08-09,1.0,0.0,1.0,5,9,True,0.7142857142857143,0.0,0.0923076923076923,0.0641025641025641,0.0,0.1139755766621438,0.0548463973837108,94.51536026162891,95.8438576349024,Normal,0.041561423650975926,0,0.0,0.0,0.0,0.0,0.10743646897542837,0.024936854190585556,0.18851613139808138,0.14953271028037382,,0.06444444444444444,0.051111111111111114,0.4807283924806589
2022-08-10,2.0,0.0,1.0,6,10,True,1.0,0.0,0.1032967032967032,0.0897435897435897,0.0,0.1275440976933513,0.0703806144104651,92.96193855895348,94.3378677707036,Normal,0.056621322292964016,0,0.0,0.0,0.0,0.0,0.12023738282111825,0.03397279337577841,0.19585783198605056,0.14953271028037382,,0.06444444444444444,0.051111111111111114,0.4807283924806589
2022-08-11,0.0,0.0,0.0,6,12,True,1.0,0.0,0.1384615384615384,0.0897435897435897,0.0,0.1709633649932157,0.079064467870438,92.0935532129562,93.19028401117951,Normal,0.06809715988820486,0,0.0,0.0,0.0,0.0,0.12999184477707296,0.040858295932922915,0.20145230281373047,0.14953271028037382,,0.06444444444444444,0.051111111111111114,0.4807283924806589
2022-08-12,0.0,0.0,0.0,6,12,True,0.8571428571428571,0.0,0.1076923076923077,0.0769230769230769,0.0,0.1329715061058345,0.0650558396827053,93.49441603172949,92.84996926787971,Normal,0.07150030732120283,0,0.0,0.0,0.0,0.0,0.13288452009512125,0.042900184392721696,0.203111337187317,0.14953271028037382,,0.06444444444444444,0.051111111111111114,0.4807283924806589
2022-08-13,1.0,0.0,1.0,9,17,True,1.0,0.0,0.0769230769230769,0.0897435897435897,0.0,0.0949796472184531,0.0638677243154855,93.61322756845144,93.06706560437904,Normal,0.0693293439562096,0,0.0,0.0,0.0,0.0,0.131039201234877,0.04159760637372576,0.2020529925468828,0.14953271028037382,,0.06444444444444444,0.051111111111111114,0.4807283924806589
2022-08-14,0.0,0.0,0.0,8,16,True,0.7142857142857143,0.0,0.0747252747252747,0.0641025641025641,0.0,0.0922659430122116,0.0505044706537243,94.94955293462756,94.01906551160285,Normal,0.059809344883971494,0,0.0,0.0,0.0,0.0,0.1229472020234746,0.035885606930382896,0.1974119929991667,0.14953271028037382,,0.06444444444444444,0.051111111111111114,0.4807283924806589
2022-08-15,0.0,0.0,0.0,8,16,True,0.5714285714285714,0.0,0.0395604395604395,0.0512820512820512,0.0,0.0488466757123472,0.0354103607834951,96.4589639216505,95.0072481415765,Normal,0.04992751858423505,0,0.0,0.0,0.0,0.0,0.11454764966869863,0.02995651115054103,0.1925946026780452,0.14953271028037382,,0.06444444444444444,0.051111111111111114,0.4807283924806589
2022-08-16,0.0,0.0,0.0,7,14,True,0.4285714285714285,0.0,0.0043956043956044,0.0384615384615384,0.0,0.005427408412483,0.0203162509132658,97.9683749086734,96.45896392165048,Normal,0.03541036078349524,0,0.0,0.0,0.0,0.0,0.10220806553806978,0.021246216470097144,0.18551748825018455,0.14953271028037382,,0.06444444444444444,0.051111111111111114,0.4807283924806589
2022-08-17,0.0,0.0,0.0,7,14,True,0.1428571428571428,0.0,-0.0307692307692307,0.0128205128205128,0.0,0.0379918588873812,0.0140086281877326,98.59913718122674,97.6754920038502,Normal,0.02324507996149805,0,0.0,0.0,0.0,0.0,0.09186757683937218,0.01394704797689883,0.1795869138494609,0.14953271028037382,,0.0003178639542275906,0.019071837253655435,0.4807283924806589
2022-08-18,3.0,0.0,2.0,12,19,True,0.5714285714285714,0.0,-0.0659340659340659,0.0512820512820512,0.0,0.0814111261872455,0.0419232508784747,95.80767491215254,97.4583956673509,Normal,0.025416043326491056,0,0.0,0.0,0.0,0.0,0.09371289569961623,0.015249625995894633,0.180645258489895,0.14953271028037382,,0.06444444444444444,0.051111111111111114,0.4807283924806589
2022-08-19,0.0,0.0,0.0,8,16,True,0.5714285714285714,0.0,-0.0153846153846153,0.0512820512820512,0.0,0.0189959294436905,0.0294402115297637,97.05597884702362,97.15426364680096,Normal,0.028457363531990465,0,0.0,0.0,0.0,0.0,0.09629801787429072,0.017074418119194277,0.18212790209007595,0.14953271028037382,,0.06444444444444444,0.051111111111111114,0.4807283924806589
2022-08-20,0.0,0.0,0.0,11,17,True,0.4285714285714285,0.0,-0.0307692307692307,0.0384615384615384,0.0,0.0379918588873812,0.0268291410082454,97.31708589917544,96.72691321945054,Normal,0.03273086780549461,0,0.0,0.0,0.0,0.0,0.09993049650676925,0.019638520683296766,0.18421123542340923,0.14953271028037382,,0.06444444444444444,0.051111111111111114,0.4807283924806589
2022-08-21,0.0,0.0,0.0,7,14,True,0.4285714285714285,0.0,-0.0747252747252747,0.0384615384615384,0.0,0.0922659430122116,0.0376839578332115,96.23160421667885,96.86822298762596,Normal,0.031317770123740485,0,0.0,0.0,0.0,0.0,0.09872936347727825,0.01879066207424429,0.1835223503035541,0.14953271028037382,,0.06444444444444444,0.051111111111111114,0.4807283924806589
2022-08-22,0.0,0.0,0.0,7,14,True,0.4285714285714285,0.0,-0.0527472527472527,0.0384615384615384,0.0,0.0651289009497964,0.0322565494207285,96.77434505792716,96.77434505792716,Normal,0.03225654942072831,0,0.0,0.0,0.0,0.0,0.0995273258797179,0.019353929652436985,0.18398000521083566,0.14953271028037382,,0.06444444444444444,0.051111111111111114,0.4807283924806589
2022-08-23,0.0,0.0,0.0,7,14,True,0.4285714285714285,0.0,-0.0549450549450549,0.0384615384615384,0.0,0.0678426051560379,0.0327992902619768,96.72007097380232,96.57534008280275,Normal,0.03424659917197248,0,0.0,0.0,0.0,0.0,0.10121886816827544,0.02054795950318349,0.1849501544645672,0.14953271028037382,,0.06444444444444444,0.051111111111111114,0.4807283924806589
2022-08-24,0.0,0.0,0.0,9,18,True,0.4285714285714285,0.0,-0.0527472527472527,0.0384615384615384,0.0,0.0651289009497964,0.0322565494207285,96.77434505792716,96.7562536965522,Normal,0.03243746303447792,0,0.0,0.0,0.0,0.0,0.09968110245140506,0.01946247782068675,0.1840682005975386,0.14953271028037382,,0.06444444444444444,0.051111111111111114,0.4807283924806589
2022-08-25,0.0,0.0,0.0,6,11,True,0.0,0.0,-0.0131868131868131,0.0,0.0,0.016282225237449,0.0032564450474898,99.67435549525102,97.72292384232684,Normal,0.022770761576731635,0,0.0,0.0,0.0,0.0,0.09146440621232071,0.013662456946038981,0.17935568363688728,0.14953271028037382,,0.0003178639542275906,0.019071837253655435,0.4807283924806589
2022-08-26,0.0,0.0,0.0,10,20,True,0.0,0.0,-0.0307692307692307,0.0,0.0,0.0379918588873812,0.0075983717774762,99.24016282225236,98.56295445847684,Normal,0.014370455415231631,0,0.0,0.0,0.0,0.0,0.08432414597504571,0.008622273249138978,0.17526053438315603,0.14953271028037382,,0.0003178639542275906,0.019071837253655435,0.4807283924806589
2022-08-27,0.0,0.0,0.0,8,16,True,0.0,0.0,-0.0483516483516483,0.0,0.0,0.0597014925373133,0.0119402985074626,98.80597014925372,99.24016282225236,Normal,0.007598371777476465,0,0.0,0.0,0.0,0.0,0.07856787488295383,0.004559023066485879,0.17195914360975037,0.0050150451354062184,,0.0003178639542275906,0.019071837253655435,0.4807283924806589
2022-08-28,0.0,0.0,0.0,8,16,True,0.0,0.0,-0.0329670329670329,0.0,0.0,0.0407055630936227,0.0081411126187245,99.18588873812756,99.07734056987788,Normal,0.009226594301221192,0,0.0,0.0,0.0,0.0,0.07995186402813685,0.005535956580732714,0.17275290209007593,0.14953271028037382,,0.0003178639542275906,0.019071837253655435,0.4807283924806589
2022-08-29,1.0,0.0,1.0,12,23,True,0.1428571428571428,0.0,-0.0461538461538461,0.0128205128205128,0.0,0.0569877883310718,0.0178078140764707,98.21921859235292,98.73702582657806,Normal,0.01262974173421938,0,0.0,0.0,0.0,0.0,0.08284453934618531,0.007577845040531627,0.17441193646366254,0.14953271028037382,,0.0003178639542275906,0.019071837253655435,0.4807283924806589
2022-08-30,0.0,0.0,0.0,10,18,True,0.1428571428571428,0.0,-0.0307692307692307,0.0128205128205128,0.0,0.0379918588873812,0.0140086281877326,98.59913718122674,98.6680815039024,Normal,0.01331918496097595,0,0.0,0.0,0.0,0.0,0.08343056608892839,0.00799151097658557,0.17474804003670638,0.14953271028037382,,0.0003178639542275906,0.019071837253655435,0.4807283924806589
2022-08-31,0.0,0.0,0.0,10,20,True,0.1428571428571428,0.0,-0.0483516483516483,0.0128205128205128,0.0,0.0597014925373133,0.018350554917719,98.16494450822807,98.32776676060256,Normal,0.01672233239397447,0,0.0,0.0,0.0,0.0,0.08632324140697713,0.010033399436384682,0.17640707441029316,0.14953271028037382,,0.0003178639542275906,0.019071837253655435,0.4807283924806589
2022-09-01,0.0,0.0,0.0,8,16,True,0.1428571428571428,0.0,-0.0659340659340659,0.0128205128205128,0.0,0.0814111261872455,0.0226924816477055,97.73075183522944,98.16494450822807,Normal,0.018350554917719197,0,0.0,0.0,0.0,0.0,0.08770723055216015,0.011010332950631517,0.17720083289061872,0.14953271028037382,,0.0003178639542275906,0.019071837253655435,0.4807283924806589
2022-09-02,0.0,0.0,0.0,10,20,True,0.1428571428571428,0.0,0.0153846153846153,0.0128205128205128,0.0,0.0189959294436905,0.0102094422989945,98.97905577010054,98.2915840378527,Normal,0.017084159621473027,0,0.0,0.0,0.0,0.0,0.0866307945503509,0.010250495772883816,0.17658346518369872,0.14953271028037382,,0.0003178639542275906,0.019071837253655435,0.4807283924806589
2022-09-03,0.0,0.0,0.0,8,16,True,0.1428571428571428,0.0,0.0109890109890109,0.0128205128205128,0.0,0.0135685210312074,0.0091239606164979,99.0876039383502,98.59913718122674,Normal,0.01400862818773263,0,0.0,0.0,0.0,0.0,0.08401659283167157,0.008405176912639577,0.17508414360975028,0.14953271028037382,,0.0003178639542275906,0.019071837253655435,0.4807283924806589
2022-09-04,0.0,0.0,0.0,10,20,True,0.1428571428571428,0.0,0.0065934065934065,0.0128205128205128,0.0,0.0081411126187244,0.0080384789340012,99.19615210659988,99.0876039383502,Normal,0.009123960616498006,0,0.0,0.0,0.0,0.0,0.07986462539612214,0.005474376369898803,0.1727028681687734,0.14953271028037382,,0.0003178639542275906,0.019071837253655435,0.4807283924806589
2022-09-05,0.0,0.0,0.0,12,22,True,0.0,0.0,0.0021978021978021,0.0,0.0,0.0027137042062413,0.0005427408412482,99.94572591587516,99.40982732027508,Normal,0.005901726797249207,0,0.0,0.0,0.0,0.0,0.07712572664976065,0.003541036078349524,0.1711320291818896,0.0050150451354062184,,0.0003178639542275906,0.019071837253655435,0.4807283924806589
2022-09-06,0.0,0.0,0.0,8,16,True,0.0,0.0,-0.0021978021978021,0.0,0.0,0.0027137042062413,0.0005427408412482,99.94572591587516,99.69586797945006,Normal,0.0030413202054994093,0,0.0,0.0,0.0,0.0,0.07469438104677333,0.0018247921232996454,0.16973758096841157,0.0050150451354062184,,0.0003178639542275906,0.019071837253655435,0.4807283924806589
2022-09-07,0.0,0.0,0.0,10,20,True,0.0,0.0,-0.0065934065934065,0.0,0.0,0.0081411126187244,0.0016282225237448,99.83717774762552,99.90954319312527,Normal,0.0009045680687472801,0,0.0,0.0,0.0,0.0,0.07287814173053402,0.0005427408412483681,0.1686959143017449,0.0050150451354062184,,0.0003178639542275906,0.019071837253655435,0.4807283924806589
2022-09-08,0.0,0.0,0.0,8,16,True,0.0,0.0,-0.0109890109890109,0.0,0.0,0.0135685210312074,0.0027137042062414,99.72862957937583,99.8371777476255,Normal,0.0016282225237449488,0,0.0,0.0,0.0,0.0,0.07349324801728203,0.0009769335142469692,0.16904869584855628,0.0050150451354062184,,0.0003178639542275906,0.019071837253655435,0.4807283924806589
2022-09-09,0.0,0.0,0.0,9,18,True,0.0,0.0,-0.0153846153846153,0.0,0.0,0.0189959294436905,0.0037991858887381,99.6200814111262,99.72862957937586,Normal,0.0027137042062413963,0,0.0,0.0,0.0,0.0,0.07441590744740402,0.0016282225237448378,0.1695778681687733,0.0050150451354062184,,0.0003178639542275906,0.019071837253655435,0.4807283924806589
2022-09-10,0.0,0.0,0.0,7,14,True,0.0,0.0,-0.0197802197802197,0.0,0.0,0.0244233378561735,0.0048846675712347,99.51153324287652,99.6200814111262,Normal,0.003799185888738066,0,0.0,0.0,0.0,0.0,0.07533856687752619,0.0022795115332428393,0.17010704048899042,0.0050150451354062184,,0.0003178639542275906,0.019071837253655435,0.4807283924806589
2022-09-11,0.0,0.0,0.0,7,14,True,0.0,0.0,-0.0241758241758241,0.0,0.0,0.0298507462686566,0.0059701492537313,99.40298507462688,99.51153324287652,Normal,0.004884667571234735,0,0.0,0.0,0.0,0.0,0.07626122630764835,0.0029308005427408413,0.17063621280920754,0.0050150451354062184,,0.0003178639542275906,0.019071837253655435,0.4807283924806589
2022-09-12,0.0,0.0,0.0,7,14,True,0.0,0.0,-0.0285714285714285,0.0,0.0,0.0352781546811396,0.0070556309362279,99.2944369063772,99.40298507462688,Normal,0.005970149253731183,0,0.0,0.0,0.0,0.0,0.07718388573777034,0.0035820895522387097,0.17116538512942456,0.0050150451354062184,,0.0003178639542275906,0.019071837253655435,0.4807283924806589
2022-09-13,1.0,0.0,1.0,6,11,True,0.1428571428571428,0.0,0.0,0.0128205128205128,0.0,0.0,0.0064102564102564,99.35897435897436,99.35213211332616,Normal,0.006478678866738363,0,0.0,0.0,0.0,0.0,0.07761613590882645,0.003887207320043018,0.17141329331576555,0.0050150451354062184,,0.0003178639542275906,0.019071837253655435,0.4807283924806589
2022-09-14,1.0,0.0,1.0,12,17,True,0.2857142857142857,0.0,0.0285714285714285,0.0256410256410256,0.0,0.0352781546811396,0.0198761437567407,98.01238562432592,98.88859896322585,Normal,0.011114010367741511,0,0.0,0.0,0.0,0.0,0.08155616768467912,0.006668406220644907,0.1736730174225046,0.14953271028037382,,0.0003178639542275906,0.019071837253655435,0.4807283924806589
2022-09-15,0.0,0.0,0.0,8,16,True,0.2857142857142857,0.0,0.0527472527472527,0.0256410256410256,0.0,0.0651289009497964,0.0258462930104721,97.41537069895278,98.26224356075102,Normal,0.01737756439248983,0,0.0,0.0,0.0,0.0,0.08688018860571518,0.010426538635493898,0.1767265000095694,0.14953271028037382,,0.0003178639542275906,0.019071837253655435,0.4807283924806589
2022-09-16,0.0,0.0,0.0,11,22,True,0.2857142857142857,0.0,0.0439560439560439,0.0256410256410256,0.0,0.0542740841248303,0.0236753296454788,97.63246703545212,97.68674111957694,Normal,0.023132588804230636,0,0.0,0.0,0.0,0.0,0.09177195935569488,0.013879553282538381,0.17953207441029304,0.14953271028037382,,0.0003178639542275906,0.019071837253655435,0.4807283924806589
2022-09-17,0.0,0.0,0.0,9,18,True,0.2857142857142857,0.0,0.0351648351648351,0.0256410256410256,0.0,0.0434192672998642,0.0215043662804856,97.84956337195143,97.63246703545212,Normal,0.023675329645478804,0,0.0,0.0,0.0,0.0,0.09223328907075581,0.014205197787287282,0.17979666057040153,0.14953271028037382,,0.06444444444444444,0.051111111111111114,0.4807283924806589
2022-09-18,0.0,0.0,0.0,12,24,True,0.2857142857142857,0.0,0.0263736263736263,0.0256410256410256,0.0,0.0325644504748981,0.0193334029154924,98.06665970845076,97.84956337195143,Normal,0.021504366280485687,0,0.0,0.0,0.0,0.0,0.09038797021051166,0.012902619768291412,0.1787383159299674,0.14953271028037382,,0.0003178639542275906,0.019071837253655435,0.4807283924806589
2022-09-19,1.0,0.0,1.0,13,23,True,0.4285714285714285,0.0,0.0175824175824175,0.0384615384615384,0.0,0.021709633649932,0.0235726959607556,97.64273040392445,97.85298449477553,Normal,0.0214701550522447,0,0.0,0.0,0.0,0.0,0.09035889066650682,0.01288209303134682,0.17872163795619989,0.14953271028037382,,0.0003178639542275906,0.019071837253655435,0.4807283924806589
2022-09-20,0.0,0.0,0.0,10,20,True,0.2857142857142857,0.0,0.0373626373626373,0.0256410256410256,0.0,0.0461329715061057,0.0220471071217339,97.7952892878266,97.8348931334006,Normal,0.021651068665993978,0,0.0,0.0,0.0,0.0,0.0905126672381937,0.012990641199596387,0.17880983334290268,0.14953271028037382,,0.0003178639542275906,0.019071837253655435,0.4807283924806589
2022-09-21,0.0,0.0,0.0,10,20,True,0.1428571428571428,0.0,0.0241758241758241,0.0128205128205128,0.0,0.0298507462686566,0.0123804056639877,98.76195943360123,98.06665970845076,Normal,0.01933340291549246,0,0.0,0.0,0.0,0.0,0.08854265135026743,0.011600041749295475,0.17767997128953317,0.14953271028037382,,0.0003178639542275906,0.019071837253655435,0.4807283924806589
2022-09-22,0.0,0.0,0.0,7,14,True,0.1428571428571428,0.0,0.0109890109890109,0.0128205128205128,0.0,0.0135685210312074,0.0091239606164979,99.0876039383502,98.54828421992602,Normal,0.01451715780073981,0,0.0,0.0,0.0,0.0,0.08444884300272767,0.008710294680443886,0.17533205179609127,0.14953271028037382,,0.0003178639542275906,0.019071837253655435,0.4807283924806589
2022-09-23,0.0,0.0,0.0,7,14,True,0.1428571428571428,0.0,-0.0021978021978021,0.0128205128205128,0.0,0.0027137042062413,0.0069529972515046,99.30470027484954,99.05142121560031,Normal,0.009485787843996896,0,0.0,0.0,0.0,0.0,0.0801721785394962,0.005691472706398137,0.1728792589421791,0.14953271028037382,,0.0003178639542275906,0.019071837253655435,0.4807283924806589
2022-09-24,0.0,0.0,0.0,6,12,True,0.1428571428571428,0.0,-0.0153846153846153,0.0128205128205128,0.0,0.0189959294436905,0.0102094422989945,98.97905577010054,99.1237866611001,Normal,0.008762133388999005,0,0.0,0.0,0.0,0.0,0.07955707225274798,0.005257280033399403,0.1725264773953676,0.0050150451354062184,,0.0003178639542275906,0.019071837253655435,0.4807283924806589
2022-09-25,0.0,0.0,0.0,8,16,True,0.1428571428571428,0.0,-0.0285714285714285,0.0128205128205128,0.0,0.0352781546811396,0.0134658873464843,98.65341126535156,98.97905577010056,Normal,0.010209442298994453,0,0.0,0.0,0.0,0.0,0.08078728482624412,0.006125665379396672,0.1732320404889904,0.14953271028037382,,0.0003178639542275906,0.019071837253655435,0.4807283924806589
2022-09-26,0.0,0.0,0.0,6,12,True,0.0,0.0,-0.0417582417582417,0.0,0.0,0.0515603799185888,0.0103120759837177,98.96879240162822,98.86708647902678,Normal,0.011329135209732222,0,0.0,0.0,0.0,0.0,0.08173902380037122,0.006797481125839333,0.17377789078297506,0.14953271028037382,,0.0003178639542275906,0.019071837253655435,0.4807283924806589
2022-09-27,0.0,0.0,0.0,9,18,True,0.0,0.0,-0.0549450549450549,0.0,0.0,0.0678426051560379,0.0135685210312075,98.64314789687924,98.75511718795302,Normal,0.012448828120469768,0,0.0,0.0,0.0,0.0,0.08269076277449813,0.007469296872281861,0.1743237410769596,0.14953271028037382,,0.0003178639542275906,0.019071837253655435,0.4807283924806589
2022-09-28,0.0,0.0,0.0,9,18,True,0.0,0.0,-0.0351648351648351,0.0,0.0,0.0434192672998642,0.0086838534599728,99.13161465400272,98.9145183175034,Normal,0.01085481682496603,0,0.0,0.0,0.0,0.0,0.08133585317331996,0.006512890094979617,0.17354666057040155,0.14953271028037382,,0.0003178639542275906,0.019071837253655435,0.4807283924806589
2022-09-29,0.0,0.0,0.0,8,16,True,0.0,0.0,-0.0109890109890109,0.0,0.0,0.0135685210312074,0.0027137042062414,99.72862957937583,99.1677973767526,Normal,0.008322026232474022,0,0.0,0.0,0.0,0.0,0.07918298116970175,0.0049932157394844134,0.17231192515656168,0.0050150451354062184,,0.0003178639542275906,0.019071837253655435,0.4807283924806589
2022-09-30,0.0,0.0,0.0,11,22,True,0.0,0.0,-0.0153846153846153,0.0,0.0,0.0189959294436905,0.0037991858887381,99.6200814111262,99.4934418815016,Normal,0.005065581184984014,0,0.0,0.0,0.0,0.0,0.07641500287933524,0.0030393487109904084,0.1707244081959103,0.0050150451354062184,,0.0003178639542275906,0.019071837253655435,0.4807283924806589
2022-10-01,0.0,0.0,0.0,10,20,True,0.0,0.0,-0.0197802197802197,0.0,0.0,0.0244233378561735,0.0048846675712347,99.51153324287652,99.6200814111262,Normal,0.003799185888738066,0,0.0,0.0,0.0,0.0,0.07533856687752619,0.0022795115332428393,0.17010704048899042,0.0050150451354062184,,0.0003178639542275906,0.019071837253655435,0.4807283924806589
2022-10-02,0.0,0.0,0.0,12,24,True,0.0,0.0,-0.0241758241758241,0.0,0.0,0.0298507462686566,0.0059701492537313,99.40298507462688,99.51153324287652,Normal,0.004884667571234735,0,0.0,0.0,0.0,0.0,0.07626122630764835,0.0029308005427408413,0.17063621280920754,0.0050150451354062184,,0.0003178639542275906,0.019071837253655435,0.4807283924806589
2022-10-03,0.0,0.0,0.0,9,18,True,0.0,0.0,-0.0285714285714285,0.0,0.0,0.0352781546811396,0.0070556309362279,99.2944369063772,99.40298507462688,Normal,0.005970149253731183,0,0.0,0.0,0.0,0.0,0.07718388573777034,0.0035820895522387097,0.17116538512942456,0.0050150451354062184,,0.0003178639542275906,0.019071837253655435,0.4807283924806589
2022-10-04,0.0,0.0,0.0,9,18,True,0.0,0.0,0.0,0.0,0.0,0.0,0.0,100.0,99.56580732700137,Normal,0.004341926729986345,0,0.0,0.0,0.0,0.0,0.07579989659258722,0.002605156037991807,0.17037162664909894,0.0050150451354062184,,0.0003178639542275906,0.019071837253655435,0.4807283924806589
2022-10-05,0.0,0.0,0.0,9,18,True,0.0,0.0,0.0,0.0,0.0,0.0,0.0,100.0,99.76481230212572,Normal,0.0023518769787428395,0,0.0,0.0,0.0,0.0,0.07410835430403025,0.0014111261872457037,0.16940147739536773,0.0050150451354062184,,0.0003178639542275906,0.019071837253655435,0.4807283924806589
2022-10-06,0.0,0.0,0.0,9,18,True,0.0,0.0,0.0,0.0,0.0,0.0,0.0,100.0,100.0,Normal,0.0,0,0.0,0.0,0.0,0.0,0.07210925887209883,0.0,0.1682549373682306,0.0050150451354062184,,0.0003178639542275906,0.019071837253655435,0.4807283924806589
2022-10-07,0.0,0.0,0.0,8,16,True,0.0,0.0,0.0,0.0,0.0,0.0,0.0,100.0,100.0,Normal,0.0,0,0.0,0.0,0.0,0.0,0.07210925887209883,0.0,0.1682549373682306,0.0050150451354062184,,0.0003178639542275906,0.019071837253655435,0.4807283924806589
2022-10-08,0.0,0.0,0.0,7,14,True,0.0,0.0,0.0,0.0,0.0,0.0,0.0,100.0,100.0,Normal,0.0,0,0.0,0.0,0.0,0.0,0.07210925887209883,0.0,0.1682549373682306,0.0050150451354062184,,0.0003178639542275906,0.019071837253655435,0.4807283924806589
2022-10-09,0.0,0.0,0.0,9,18,True,0.0,0.0,0.0,0.0,0.0,0.0,0.0,100.0,100.0,Normal,0.0,0,0.0,0.0,0.0,0.0,0.07210925887209883,0.0,0.1682549373682306,0.0050150451354062184,,0.0003178639542275906,0.019071837253655435,0.4807283924806589
2022-10-10,0.0,0.0,0.0,7,14,True,0.0,0.0,0.0,0.0,0.0,0.0,0.0,100.0,100.0,Normal,0.0,0,0.0,0.0,0.0,0.0,0.07210925887209883,0.0,0.1682549373682306,0.0050150451354062184,,0.0003178639542275906,0.019071837253655435,0.4807283924806589
2022-10-11,0.0,0.0,0.0,10,20,True,0.0,0.0,0.0,0.0,0.0,0.0,0.0,100.0,100.0,Normal,0.0,0,0.0,0.0,0.0,0.0,0.07210925887209883,0.0,0.1682549373682306,0.0050150451354062184,,0.0003178639542275906,0.019071837253655435,0.4807283924806589
2022-10-12,0.0,0.0,0.0,9,18,True,0.0,0.0,0.0,0.0,0.0,0.0,0.0,100.0,100.0,Normal,0.0,0,0.0,0.0,0.0,0.0,0.07210925887209883,0.0,0.1682549373682306,0.0050150451354062184,,0.0003178639542275906,0.019071837253655435,0.4807283924806589
2022-10-13,0.0,0.0,0.0,8,16,True,0.0,0.0,0.0,0.0,0.0,0.0,0.0,100.0,100.0,Normal,0.0,0,0.0,0.0,0.0,0.0,0.07210925887209883,0.0,0.1682549373682306,0.0050150451354062184,,0.0003178639542275906,0.019071837253655435,0.4807283924806589
2022-10-14,0.0,0.0,0.0,9,18,True,0.0,0.0,0.0,0.0,0.0,0.0,0.0,100.0,100.0,Normal,0.0,0,0.0,0.0,0.0,0.0,0.07210925887209883,0.0,0.1682549373682306,0.0050150451354062184,,0.0003178639542275906,0.019071837253655435,0.4807283924806589
2022-10-15,0.0,0.0,0.0,7,14,True,0.0,0.0,0.0,0.0,0.0,0.0,0.0,100.0,100.0,Normal,0.0,0,0.0,0.0,0.0,0.0,0.07210925887209883,0.0,0.1682549373682306,0.0050150451354062184,,0.0003178639542275906,0.019071837253655435,0.4807283924806589
2022-10-16,0.0,0.0,0.0,7,14,True,0.0,0.0,0.0,0.0,0.0,0.0,0.0,100.0,100.0,Normal,0.0,0,0.0,0.0,0.0,0.0,0.07210925887209883,0.0,0.1682549373682306,0.0050150451354062184,,0.0003178639542275906,0.019071837253655435,0.4807283924806589
2022-10-17,0.0,0.0,0.0,7,14,True,0.0,0.0,0.0,0.0,0.0,0.0,0.0,100.0,100.0,Normal,0.0,0,0.0,0.0,0.0,0.0,0.07210925887209883,0.0,0.1682549373682306,0.0050150451354062184,,0.0003178639542275906,0.019071837253655435,0.4807283924806589
2022-10-18,0.0,0.0,0.0,10,20,True,0.0,0.0,0.0,0.0,0.0,0.0,0.0,100.0,100.0,Normal,0.0,0,0.0,0.0,0.0,0.0,0.07210925887209883,0.0,0.1682549373682306,0.0050150451354062184,,0.0003178639542275906,0.019071837253655435,0.4807283924806589
2022-10-19,0.0,0.0,0.0,8,16,True,0.0,0.0,0.0,0.0,0.0,0.0,0.0,100.0,100.0,Normal,0.0,0,0.0,0.0,0.0,0.0,0.07210925887209883,0.0,0.1682549373682306,0.0050150451354062184,,0.0003178639542275906,0.019071837253655435,0.4807283924806589
2022-10-20,0.0,0.0,0.0,10,20,True,0.0,0.0,0.0,0.0,0.0,0.0,0.0,100.0,100.0,Normal,0.0,0,0.0,0.0,0.0,0.0,0.07210925887209883,0.0,0.1682549373682306,0.0050150451354062184,,0.0003178639542275906,0.019071837253655435,0.4807283924806589
2022-10-21,0.0,0.0,0.0,11,22,True,0.0,0.0,0.0,0.0,0.0,0.0,0.0,100.0,100.0,Normal,0.0,0,0.0,0.0,0.0,0.0,0.07210925887209883,0.0,0.1682549373682306,0.0050150451354062184,,0.0003178639542275906,0.019071837253655435,0.4807283924806589
2022-10-22,0.0,0.0,0.0,9,18,True,0.0,0.0,0.0,0.0,0.0,0.0,0.0,100.0,100.0,Normal,0.0,0,0.0,0.0,0.0,0.0,0.07210925887209883,0.0,0.1682549373682306,0.0050150451354062184,,0.0003178639542275906,0.019071837253655435,0.4807283924806589
2022-10-23,0.0,0.0,0.0,12,24,True,0.0,0.0,0.0,0.0,0.0,0.0,0.0,100.0,100.0,Normal,0.0,0,0.0,0.0,0.0,0.0,0.07210925887209883,0.0,0.1682549373682306,0.0050150451354062184,,0.0003178639542275906,0.019071837253655435,0.4807283924806589
2022-10-24,0.0,0.0,0.0,9,18,True,0.0,0.0,0.0,0.0,0.0,0.0,0.0,100.0,100.0,Normal,0.0,0,0.0,0.0,0.0,0.0,0.07210925887209883,0.0,0.1682549373682306,0.0050150451354062184,,0.0003178639542275906,0.019071837253655435,0.4807283924806589
2022-10-25,0.0,0.0,0.0,11,22,True,0.0,0.0,0.0,0.0,0.0,0.0,0.0,100.0,100.0,Normal,0.0,0,0.0,0.0,0.0,0.0,0.07210925887209883,0.0,0.1682549373682306,0.0050150451354062184,,0.0003178639542275906,0.019071837253655435,0.4807283924806589
2022-10-26,0.0,0.0,0.0,10,18,True,0.0,0.0,0.0,0.0,0.0,0.0,0.0,100.0,100.0,Normal,0.0,0,0.0,0.0,0.0,0.0,0.07210925887209883,0.0,0.1682549373682306,0.0050150451354062184,,0.0003178639542275906,0.019071837253655435,0.4807283924806589
2022-10-27,0.0,0.0,0.0,11,22,True,0.0,0.0,0.0,0.0,0.0,0.0,0.0,100.0,100.0,Normal,0.0,0,0.0,0.0,0.0,0.0,0.07210925887209883,0.0,0.1682549373682306,0.0050150451354062184,,0.0003178639542275906,0.019071837253655435,0.4807283924806589
2022-10-28,0.0,0.0,0.0,10,20,True,0.0,0.0,0.0,0.0,0.0,0.0,0.0,100.0,100.0,Normal,0.0,0,0.0,0.0,0.0,0.0,0.07210925887209883,0.0,0.1682549373682306,0.0050150451354062184,,0.0003178639542275906,0.019071837253655435,0.4807283924806589
2022-10-29,0.0,0.0,0.0,10,20,True,0.0,0.0,0.0,0.0,0.0,0.0,0.0,100.0,100.0,Normal,0.0,0,0.0,0.0,0.0,0.0,0.07210925887209883,0.0,0.1682549373682306,0.0050150451354062184,,0.0003178639542275906,0.019071837253655435,0.4807283924806589
2022-10-30,0.0,0.0,0.0,11,22,True,0.0,0.0,0.0,0.0,0.0,0.0,0.0,100.0,100.0,Normal,0.0,0,0.0,0.0,0.0,0.0,0.07210925887209883,0.0,0.1682549373682306,0.0050150451354062184,,0.0003178639542275906,0.019071837253655435,0.4807283924806589
2022-10-31,0.0,0.0,0.0,10,20,True,0.0,0.0,0.0,0.0,0.0,0.0,0.0,100.0,100.0,Normal,0.0,0,0.0,0.0,0.0,0.0,0.07210925887209883,0.0,0.1682549373682306,0.0050150451354062184,,0.0003178639542275906,0.019071837253655435,0.4807283924806589
2022-11-01,0.0,0.0,0.0,9,18,True,0.0,0.0,0.0,0.0,0.0,0.0,0.0,100.0,100.0,Normal,0.0,0,0.0,0.0,0.0,0.0,0.07210925887209883,0.0,0.1682549373682306,0.0050150451354062184,,0.0003178639542275906,0.019071837253655435,0.4807283924806589
2022-11-02,0.0,0.0,0.0,8,16,True,0.0,0.0,0.0,0.0,0.0,0.0,0.0,100.0,100.0,Normal,0.0,0,0.0,0.0,0.0,0.0,0.07210925887209883,0.0,0.1682549373682306,0.0050150451354062184,,0.0003178639542275906,0.019071837253655435,0.4807283924806589
2022-11-03,0.0,0.0,0.0,9,18,True,0.0,0.0,0.0,0.0,0.0,0.0,0.0,100.0,100.0,Normal,0.0,0,0.0,0.0,0.0,0.0,0.07210925887209883,0.0,0.1682549373682306,0.0050150451354062184,,0.0003178639542275906,0.019071837253655435,0.4807283924806589
2022-11-04,0.0,0.0,0.0,12,24,True,0.0,0.0,0.0,0.0,0.0,0.0,0.0,100.0,100.0,Normal,0.0,0,0.0,0.0,0.0,0.0,0.07210925887209883,0.0,0.1682549373682306,0.0050150451354062184,,0.0003178639542275906,0.019071837253655435,0.4807283924806589
2022-11-05,0.0,0.0,0.0,12,24,True,0.0,0.0,0.0,0.0,0.0,0.0,0.0,100.0,100.0,Normal,0.0,0,0.0,0.0,0.0,0.0,0.07210925887209883,0.0,0.1682549373682306,0.0050150451354062184,,0.0003178639542275906,0.019071837253655435,0.4807283924806589
2022-11-06,0.0,0.0,0.0,11,22,True,0.0,0.0,0.0,0.0,0.0,0.0,0.0,100.0,100.0,Normal,0.0,0,0.0,0.0,0.0,0.0,0.07210925887209883,0.0,0.1682549373682306,0.0050150451354062184,,0.0003178639542275906,0.019071837253655435,0.4807283924806589
2022-11-07,0.0,0.0,0.0,12,18,True,0.0,0.0,0.0,0.0,0.0,0.0,0.0,100.0,100.0,Normal,0.0,0,0.0,0.0,0.0,0.0,0.07210925887209883,0.0,0.1682549373682306,0.0050150451354062184,,0.0003178639542275906,0.019071837253655435,0.4807283924806589
2022-11-08,0.0,0.0,0.0,11,21,True,0.0,0.0,0.0,0.0,0.0,0.0,0.0,100.0,100.0,Normal,0.0,0,0.0,0.0,0.0,0.0,0.07210925887209883,0.0,0.1682549373682306,0.0050150451354062184,,0.0003178639542275906,0.019071837253655435,0.4807283924806589
2022-11-09,0.0,0.0,0.0,7,14,True,0.0,0.0,0.0,0.0,0.0,0.0,0.0,100.0,100.0,Normal,0.0,0,0.0,0.0,0.0,0.0,0.07210925887209883,0.0,0.1682549373682306,0.0050150451354062184,,0.0003178639542275906,0.019071837253655435,0.4807283924806589
2022-11-10,0.0,0.0,0.0,8,16,True,0.0,0.0,0.0,0.0,0.0,0.0,0.0,100.0,100.0,Normal,0.0,0,0.0,0.0,0.0,0.0,0.07210925887209883,0.0,0.1682549373682306,0.0050150451354062184,,0.0003178639542275906,0.019071837253655435,0.4807283924806589
2022-11-11,0.0,0.0,0.0,7,14,True,0.0,0.0,0.0,0.0,0.0,0.0,0.0,100.0,100.0,Normal,0.0,0,0.0,0.0,0.0,0.0,0.07210925887209883,0.0,0.1682549373682306,0.0050150451354062184,,0.0003178639542275906,0.019071837253655435,0.4807283924806589
2022-11-12,0.0,0.0,0.0,7,14,True,0.0,0.0,0.0,0.0,0.0,0.0,0.0,100.0,100.0,Normal,0.0,0,0.0,0.0,0.0,0.0,0.07210925887209883,0.0,0.1682549373682306,0.0050150451354062184,,0.0003178639542275906,0.019071837253655435,0.4807283924806589
2022-11-13,0.0,0.0,0.0,8,16,True,0.0,0.0,0.0,0.0,0.0,0.0,0.0,100.0,100.0,Normal,0.0,0,0.0,0.0,0.0,0.0,0.07210925887209883,0.0,0.1682549373682306,0.0050150451354062184,,0.0003178639542275906,0.019071837253655435,0.4807283924806589
2022-11-14,0.0,0.0,0.0,9,16,True,0.0,0.0,0.0,0.0,0.0,0.0,0.0,100.0,100.0,Normal,0.0,0,0.0,0.0,0.0,0.0,0.07210925887209883,0.0,0.1682549373682306,0.0050150451354062184,,0.0003178639542275906,0.019071837253655435,0.4807283924806589
2022-11-15,0.0,0.0,0.0,12,18,True,0.0,0.0,0.0,0.0,0.0,0.0,0.0,100.0,100.0,Normal,0.0,0,0.0,0.0,0.0,0.0,0.07210925887209883,0.0,0.1682549373682306,0.0050150451354062184,,0.0003178639542275906,0.019071837253655435,0.4807283924806589
2022-11-16,0.0,0.0,0.0,7,14,True,0.0,0.0,0.0,0.0,0.0,0.0,0.0,100.0,100.0,Normal,0.0,0,0.0,0.0,0.0,0.0,0.07210925887209883,0.0,0.1682549373682306,0.0050150451354062184,,0.0003178639542275906,0.019071837253655435,0.4807283924806589
2022-11-17,0.0,0.0,0.0,10,20,True,0.0,0.0,0.0,0.0,0.0,0.0,0.0,100.0,100.0,Normal,0.0,0,0.0,0.0,0.0,0.0,0.07210925887209883,0.0,0.1682549373682306,0.0050150451354062184,,0.0003178639542275906,0.019071837253655435,0.4807283924806589
2022-11-18,0.0,0.0,0.0,8,16,True,0.0,0.0,0.0,0.0,0.0,0.0,0.0,100.0,100.0,Normal,0.0,0,0.0,0.0,0.0,0.0,0.07210925887209883,0.0,0.1682549373682306,0.0050150451354062184,,0.0003178639542275906,0.019071837253655435,0.4807283924806589
2022-11-19,0.0,0.0,0.0,10,20,True,0.0,0.0,0.0,0.0,0.0,0.0,0.0,100.0,100.0,Normal,0.0,0,0.0,0.0,0.0,0.0,0.07210925887209883,0.0,0.1682549373682306,0.0050150451354062184,,0.0003178639542275906,0.019071837253655435,0.4807283924806589
2022-11-20,0.0,0.0,0.0,11,22,True,0.0,0.0,0.0,0.0,0.0,0.0,0.0,100.0,100.0,Normal,0.0,0,0.0,0.0,0.0,0.0,0.07210925887209883,0.0,0.1682549373682306,0.0050150451354062184,,0.0003178639542275906,0.019071837253655435,0.4807283924806589
2022-11-21,0.0,0.0,0.0,8,16,True,0.0,0.0,0.0,0.0,0.0,0.0,0.0,100.0,100.0,Normal,0.0,0,0.0,0.0,0.0,0.0,0.07210925887209883,0.0,0.1682549373682306,0.0050150451354062184,,0.0003178639542275906,0.019071837253655435,0.4807283924806589
2022-11-22,0.0,0.0,0.0,9,18,True,0.0,0.0,0.0,0.0,0.0,0.0,0.0,100.0,100.0,Normal,0.0,0,0.0,0.0,0.0,0.0,0.07210925887209883,0.0,0.1682549373682306,0.0050150451354062184,,0.0003178639542275906,0.019071837253655435,0.4807283924806589
2022-11-23,5.0,24.862,2.0,26,32,True,0.7142857142857143,3.5517142857142856,0.0,0.0641025641025641,0.0219381299204608,0.0,0.0386327210274203,96.13672789725796,98.71224263241932,Normal,0.012877573675806775,0,0.0,0.0,0.0,0.0,0.08305519649653459,0.007726544205484065,0.1745327545351864,0.14953271028037382,,0.0003178639542275906,0.019071837253655435,0.4807283924806589
2022-11-24,8.0,120.1,4.0,39,56,True,1.8571428571428568,20.70885714285714,0.1428571428571428,0.1666666666666666,0.127913892266505,0.1763907734056987,0.1569856556944245,84.30143443055755,93.47938744260516,Normal,0.06520612557394845,0,0.0,0.0,0.0,0.0,0.12753446560995502,0.039123675344369065,0.20004292358553047,0.14953271028037382,,0.06444444444444444,0.051111111111111114,0.4807283924806589
2022-11-25,11.0,402.81,3.0,32,10,True,3.4285714285714284,78.25314285714285,0.3494505494505494,0.3076923076923077,0.4833518342366138,0.4314789687924016,0.3851474978756183,61.48525021243816,80.64113751341789,Normal,0.19358862486582107,0,0.0,0.0,0.0,0.0,0.23665959000804676,0.11615317491949263,0.2626293919903184,0.14953271028037382,,0.06444444444444444,0.051111111111111114,0.4807283924806589
2022-11-26,1.0,55.494,1.0,4,0,False,3.571428571428572,86.18085714285714,0.6065934065934065,0.3205128205128206,0.5323195191294646,0.7489823609226595,0.4697487381797816,53.02512618202184,66.27060360833919,Inactive,0.33729396391660815,0,0.0,0.0,0.0,0.0,0.35880912820121574,0.20237637834996489,0.33268574477757706,0.14953271028037382,,0.06444444444444444,0.051111111111111114,0.4807283924806589
2022-11-27,0.0,0.0,0.0,0,0,False,3.571428571428572,86.18085714285714,0.5296703296703296,0.3205128205128206,0.5323195191294646,0.6540027137042062,0.4507528087360909,54.92471912639091,56.47836517361697,Inactive,0.43521634826383027,0,0.0,0.0,0.0,0.0,0.44204315489635454,0.2611298089582981,0.3804229071468479,0.14953271028037382,,0.06444444444444444,0.051111111111111114,0.4807283924806589
2022-11-28,1.0,152.856,1.0,7,0,False,3.7142857142857135,108.01742857142855,0.4197802197802198,0.3333333333333332,0.6671990456004632,0.5183175033921303,0.4704898810252316,52.95101189747684,53.63361906862986,Inactive,0.4636638093137013,0,0.0,0.0,0.0,0.0,0.466223496788745,0.2781982855882208,0.39429104440866003,0.14953271028037382,,0.06444444444444444,0.051111111111111114,0.4807283924806589
2022-11-29,0.0,0.0,0.0,0,0,False,3.7142857142857135,108.01742857142855,0.3384615384615385,0.3333333333333332,0.6671990456004632,0.4179104477611941,0.4504084698990444,54.95915301009555,54.278294677987766,Inactive,0.4572170532201223,0,0.0,0.0,0.0,0.0,0.46074375410920276,0.27433023193207334,0.3911482508130402,0.14953271028037382,,0.06444444444444444,0.051111111111111114,0.4807283924806589
2022-11-30,0.0,0.0,0.0,0,0,False,3.0,104.46571428571428,0.2241758241758242,0.2692307692307692,0.6452609156800023,0.2767978290366351,0.3835532251267123,61.64467748732877,56.51828079830039,Inactive,0.4348171920169961,0,0.0,0.0,0.0,0.0,0.4417038720865455,0.2608903152101976,0.38022831847651617,0.14953271028037382,,0.06444444444444444,0.051111111111111114,0.4807283924806589
2022-12-01,0.0,0.0,0.0,9,16,True,1.8571428571428568,87.30857142857143,0.1098901098901099,0.1666666666666666,0.5392851533339581,0.135685210312076,0.2722559213959359,72.77440786040641,63.12607945261024,Watch,0.3687392054738976,0,0.0,0.0,0.0,0.0,0.3855375835249118,0.22124352328433855,0.3480153000367557,0.14953271028037382,,0.06444444444444444,0.051111111111111114,0.4807283924806589
2022-12-02,0.0,0.0,0.0,10,20,True,0.2857142857142857,29.764285714285712,-0.0043956043956043,0.0256410256410256,0.1838472113638493,0.0054274084124829,0.0690601579121642,93.09398420878358,75.83768985217291,Watch,0.24162310147827082,0,0.0,0.0,0.0,0.0,0.277488895128629,0.14497386088696249,0.28604619933888764,0.14953271028037382,,0.06444444444444444,0.051111111111111114,0.4807283924806589
2022-12-03,0.0,0.0,0.0,11,22,True,0.1428571428571428,21.83657142857143,-0.1186813186813186,0.0128205128205128,0.1348795264709986,0.1465400271370419,0.0761821197789643,92.38178802210356,86.08339336376451,Normal,0.13916606636235485,0,0.0,0.0,0.0,0.0,0.19040041528010043,0.0834996398174129,0.2360983947198786,0.14953271028037382,,0.06444444444444444,0.051111111111111114,0.4807283924806589
2022-12-04,0.0,0.0,0.0,10,20,True,0.1428571428571428,21.83657142857143,-0.2329670329670329,0.0128205128205128,0.1348795264709986,0.287652645861601,0.1044046435238761,89.55953564761239,91.67843595949984,Normal,0.08321564040500162,0,0.0,0.0,0.0,0.0,0.1428425532163502,0.049929384243000974,0.2088225620656689,0.14953271028037382,,0.06444444444444444,0.051111111111111114,0.4807283924806589
2022-12-05,0.0,0.0,0.0,10,20,True,0.0,0.0,-0.3472527472527472,0.0,0.0,0.4287652645861601,0.085753052917232,91.4246947082768,91.1220061259976,Normal,0.08877993874002399,0,0.0,0.0,0.0,0.0,0.1475722068011192,0.053267963244014394,0.2115351575039923,0.14953271028037382,,0.06444444444444444,0.051111111111111114,0.4807283924806589
2022-12-06,0.0,0.0,0.0,12,24,True,0.0,0.0,-0.4615384615384614,0.0,0.0,0.569877883310719,0.1139755766621438,88.60244233378563,89.86222422989162,Normal,0.10137775770108381,0,0.0,0.0,0.0,0.0,0.15828035291802006,0.06082665462065029,0.21767659424750896,0.14953271028037382,,0.06444444444444444,0.051111111111111114,0.4807283924806589
2022-12-07,0.0,0.0,0.0,10,20,True,0.0,0.0,-0.5758241758241758,0.0,0.0,0.7109905020352781,0.1421981004070556,85.78018995929443,88.60244233378562,Normal,0.11397557666214386,0,0.0,0.0,0.0,0.0,0.1689884990349211,0.06838534599728631,0.22381803099102573,0.14953271028037382,,0.06444444444444444,0.051111111111111114,0.4807283924806589
2022-12-08,0.0,0.0,0.0,11,22,True,0.0,0.0,-0.5252747252747252,0.0,0.0,0.6485753052917231,0.1297150610583446,87.02849389416554,87.1370420624152,Normal,0.12862957937584796,0,0.0,0.0,0.0,0.0,0.18144440134156958,0.07717774762550877,0.2309618573139565,0.14953271028037382,,0.06444444444444444,0.051111111111111114,0.4807283924806589
2022-12-09,0.0,0.0,0.0,8,18,True,0.0,0.0,-0.3538461538461538,0.0,0.0,0.4369063772048847,0.0873812754409769,91.2618724559023,88.02351876978742,Normal,0.11976481230212588,0,0.0,0.0,0.0,0.0,0.17390934932890584,0.07185888738127552,0.22664028336551698,0.14953271028037382,,0.06444444444444444,0.051111111111111114,0.4807283924806589
2022-12-10,0.0,0.0,0.0,12,24,True,0.0,0.0,-0.0483516483516483,0.0,0.0,0.0597014925373133,0.0119402985074626,98.80597014925372,92.36544549977386,Normal,0.07634554500226143,0,0.0,0.0,0.0,0.0,0.13700297212402104,0.045807327001356854,0.20547339055683306,0.14953271028037382,,0.06444444444444444,0.051111111111111114,0.4807283924806589
2022-12-11,0.0,0.0,0.0,11,22,True,0.0,0.0,-0.0241758241758241,0.0,0.0,0.0298507462686566,0.0059701492537313,99.40298507462688,96.49027589326096,Normal,0.03509724106739043,0,0.0,0.0,0.0,0.0,0.1019419137793807,0.021058344640434257,0.18536484238858345,0.14953271028037382,,0.06444444444444444,0.051111111111111114,0.4807283924806589
2022-12-12,0.0,0.0,0.0,10,20,True,0.0,0.0,-0.0285714285714285,0.0,0.0,0.0352781546811396,0.0070556309362279,99.2944369063772,99.1677973767526,Normal,0.008322026232474022,0,0.0,0.0,0.0,0.0,0.07918298116970175,0.0049932157394844134,0.17231192515656168,0.0050150451354062184,,0.0003178639542275906,0.019071837253655435,0.4807283924806589
2022-12-13,0.0,0.0,0.0,10,20,True,0.0,0.0,0.0,0.0,0.0,0.0,0.0,100.0,99.56580732700137,Normal,0.004341926729986345,0,0.0,0.0,0.0,0.0,0.07579989659258722,0.002605156037991807,0.17037162664909894,0.0050150451354062184,,0.0003178639542275906,0.019071837253655435,0.4807283924806589
2022-12-14,0.0,0.0,0.0,7,14,True,0.0,0.0,0.0,0.0,0.0,0.0,0.0,100.0,99.76481230212572,Normal,0.0023518769787428395,0,0.0,0.0,0.0,0.0,0.07410835430403025,0.0014111261872457037,0.16940147739536773,0.0050150451354062184,,0.0003178639542275906,0.019071837253655435,0.4807283924806589
2022-12-15,0.0,0.0,0.0,8,16,True,0.0,0.0,0.0,0.0,0.0,0.0,0.0,100.0,100.0,Normal,0.0,0,0.0,0.0,0.0,0.0,0.07210925887209883,0.0,0.1682549373682306,0.0050150451354062184,,0.0003178639542275906,0.019071837253655435,0.4807283924806589
2022-12-16,0.0,0.0,0.0,6,12,True,0.0,0.0,0.0,0.0,0.0,0.0,0.0,100.0,100.0,Normal,0.0,0,0.0,0.0,0.0,0.0,0.07210925887209883,0.0,0.1682549373682306,0.0050150451354062184,,0.0003178639542275906,0.019071837253655435,0.4807283924806589
2022-12-17,0.0,0.0,0.0,8,16,True,0.0,0.0,0.0,0.0,0.0,0.0,0.0,100.0,100.0,Normal,0.0,0,0.0,0.0,0.0,0.0,0.07210925887209883,0.0,0.1682549373682306,0.0050150451354062184,,0.0003178639542275906,0.019071837253655435,0.4807283924806589
2022-12-18,0.0,0.0,0.0,6,12,True,0.0,0.0,0.0,0.0,0.0,0.0,0.0,100.0,100.0,Normal,0.0,0,0.0,0.0,0.0,0.0,0.07210925887209883,0.0,0.1682549373682306,0.0050150451354062184,,0.0003178639542275906,0.019071837253655435,0.4807283924806589
2022-12-19,0.0,0.0,0.0,8,16,True,0.0,0.0,0.0,0.0,0.0,0.0,0.0,100.0,100.0,Normal,0.0,0,0.0,0.0,0.0,0.0,0.07210925887209883,0.0,0.1682549373682306,0.0050150451354062184,,0.0003178639542275906,0.019071837253655435,0.4807283924806589
2022-12-20,0.0,0.0,0.0,9,18,True,0.0,0.0,0.0,0.0,0.0,0.0,0.0,100.0,100.0,Normal,0.0,0,0.0,0.0,0.0,0.0,0.07210925887209883,0.0,0.1682549373682306,0.0050150451354062184,,0.0003178639542275906,0.019071837253655435,0.4807283924806589
2022-12-21,0.0,0.0,0.0,7,14,True,0.0,0.0,0.0,0.0,0.0,0.0,0.0,100.0,100.0,Normal,0.0,0,0.0,0.0,0.0,0.0,0.07210925887209883,0.0,0.1682549373682306,0.0050150451354062184,,0.0003178639542275906,0.019071837253655435,0.4807283924806589
2022-12-22,0.0,0.0,0.0,11,22,True,0.0,0.0,0.0,0.0,0.0,0.0,0.0,100.0,100.0,Normal,0.0,0,0.0,0.0,0.0,0.0,0.07210925887209883,0.0,0.1682549373682306,0.0050150451354062184,,0.0003178639542275906,0.019071837253655435,0.4807283924806589
2022-12-23,0.0,0.0,0.0,9,18,True,0.0,0.0,0.0,0.0,0.0,0.0,0.0,100.0,100.0,Normal,0.0,0,0.0,0.0,0.0,0.0,0.07210925887209883,0.0,0.1682549373682306,0.0050150451354062184,,0.0003178639542275906,0.019071837253655435,0.4807283924806589
2022-12-24,0.0,0.0,0.0,12,24,True,0.0,0.0,0.0,0.0,0.0,0.0,0.0,100.0,100.0,Normal,0.0,0,0.0,0.0,0.0,0.0,0.07210925887209883,0.0,0.1682549373682306,0.0050150451354062184,,0.0003178639542275906,0.019071837253655435,0.4807283924806589
2022-12-25,0.0,0.0,0.0,10,20,True,0.0,0.0,0.0,0.0,0.0,0.0,0.0,100.0,100.0,Normal,0.0,0,0.0,0.0,0.0,0.0,0.07210925887209883,0.0,0.1682549373682306,0.0050150451354062184,,0.0003178639542275906,0.019071837253655435,0.4807283924806589
2022-12-26,0.0,0.0,0.0,10,20,True,0.0,0.0,0.0,0.0,0.0,0.0,0.0,100.0,100.0,Normal,0.0,0,0.0,0.0,0.0,0.0,0.07210925887209883,0.0,0.1682549373682306,0.0050150451354062184,,0.0003178639542275906,0.019071837253655435,0.4807283924806589
2022-12-27,0.0,0.0,0.0,10,20,True,0.0,0.0,0.0,0.0,0.0,0.0,0.0,100.0,100.0,Normal,0.0,0,0.0,0.0,0.0,0.0,0.07210925887209883,0.0,0.1682549373682306,0.0050150451354062184,,0.0003178639542275906,0.019071837253655435,0.4807283924806589
2022-12-28,0.0,0.0,0.0,9,18,True,0.0,0.0,0.0,0.0,0.0,0.0,0.0,100.0,100.0,Normal,0.0,0,0.0,0.0,0.0,0.0,0.07210925887209883,0.0,0.1682549373682306,0.0050150451354062184,,0.0003178639542275906,0.019071837253655435,0.4807283924806589
2022-12-29,0.0,0.0,0.0,9,18,True,0.0,0.0,0.0,0.0,0.0,0.0,0.0,100.0,100.0,Normal,0.0,0,0.0,0.0,0.0,0.0,0.07210925887209883,0.0,0.1682549373682306,0.0050150451354062184,,0.0003178639542275906,0.019071837253655435,0.4807283924806589
2022-12-30,0.0,0.0,0.0,7,14,True,0.0,0.0,0.0,0.0,0.0,0.0,0.0,100.0,100.0,Normal,0.0,0,0.0,0.0,0.0,0.0,0.07210925887209883,0.0,0.1682549373682306,0.0050150451354062184,,0.0003178639542275906,0.019071837253655435,0.4807283924806589
2022-12-31,0.0,0.0,0.0,8,16,True,0.0,0.0,0.0,0.0,0.0,0.0,0.0,100.0,100.0,Normal,0.0,0,0.0,0.0,0.0,0.0,0.07210925887209883,0.0,0.1682549373682306,0.0050150451354062184,,0.0003178639542275906,0.019071837253655435,0.4807283924806589
2023-01-01,0.0,0.0,0.0,7,14,True,0.0,0.0,0.0,0.0,0.0,0.0,0.0,100.0,100.0,Normal,0.0,0,0.0,0.0,0.0,0.0,0.07210925887209883,0.0,0.1682549373682306,0.0050150451354062184,,0.0003178639542275906,0.019071837253655435,0.4807283924806589
2023-01-02,0.0,0.0,0.0,9,18,True,0.0,0.0,0.0,0.0,0.0,0.0,0.0,100.0,100.0,Normal,0.0,0,0.0,0.0,0.0,0.0,0.07210925887209883,0.0,0.1682549373682306,0.0050150451354062184,,0.0003178639542275906,0.019071837253655435,0.4807283924806589
2023-01-03,0.0,0.0,0.0,9,18,True,0.0,0.0,0.0,0.0,0.0,0.0,0.0,100.0,100.0,Normal,0.0,0,0.0,0.0,0.0,0.0,0.07210925887209883,0.0,0.1682549373682306,0.0050150451354062184,,0.0003178639542275906,0.019071837253655435,0.4807283924806589
2023-01-04,0.0,0.0,0.0,9,18,True,0.0,0.0,0.0,0.0,0.0,0.0,0.0,100.0,100.0,Normal,0.0,0,0.0,0.0,0.0,0.0,0.07210925887209883,0.0,0.1682549373682306,0.0050150451354062184,,0.0003178639542275906,0.019071837253655435,0.4807283924806589
2023-01-05,4.0,492.2240000000001,3.0,43,50,True,0.5714285714285714,70.31771428571429,0.0,0.0512820512820512,0.4343364999585284,0.0,0.1559419756285841,84.40580243714159,94.80193414571386,Normal,0.05198065854286138,0,0.0,0.0,0.0,0.0,0.116292818633531,0.031188395125716827,0.19359550840787554,0.14953271028037382,,0.06444444444444444,0.051111111111111114,0.4807283924806589
2023-01-06,3.0,635.363,3.0,44,52,True,1.0,161.08385714285714,0.1142857142857142,0.0897435897435897,0.9949782842338796,0.1411126187245589,0.3715878038868705,62.84121961131295,82.41567401615151,Normal,0.17584325983848492,0,0.0,0.0,0.0,0.0,0.221576029734811,0.10550595590309095,0.253978526539492,0.14953271028037382,,0.06444444444444444,0.051111111111111114,0.4807283924806589
2023-01-07,0.0,0.0,0.0,9,18,True,1.0,161.08385714285714,0.1824175824175824,0.0897435897435897,0.9949782842338796,0.2252374491180461,0.388412769965568,61.15872300344321,69.46858168396592,Watch,0.30531418316034076,0,0.0,0.0,0.0,0.0,0.3316263145583885,0.18318850989620444,0.3170956016588967,0.14953271028037382,,0.06444444444444444,0.051111111111111114,0.4807283924806589
2023-01-08,0.0,0.0,0.0,8,16,True,1.0,161.08385714285714,0.1516483516483516,0.0897435897435897,0.9949782842338796,0.1872455902306648,0.3808143981880917,61.91856018119082,61.97283426531566,Watch,0.38027165734684343,0,0.0,0.0,0.0,0.0,0.39534016761691576,0.22816299440810606,0.3536373703248168,0.14953271028037382,,0.06444444444444444,0.051111111111111114,0.4807283924806589
2023-01-09,0.0,0.0,0.0,10,20,True,1.0,161.08385714285714,0.1208791208791208,0.0897435897435897,0.9949782842338796,0.1492537313432834,0.3732160264106154,62.67839735893845,61.91856018119083,Watch,0.3808143981880917,0,0.0,0.0,0.0,0.0,0.3958014973319768,0.228488638912855,0.3539019564849253,0.14953271028037382,,0.06444444444444444,0.051111111111111114,0.4807283924806589
2023-01-10,0.0,0.0,0.0,9,18,True,1.0,161.08385714285714,0.0901098901098901,0.0897435897435897,0.9949782842338796,0.1112618724559023,0.3656176546331392,63.43823453668608,62.67839735893845,Watch,0.3732160264106156,0,0.0,0.0,0.0,0.0,0.3893428813211221,0.22392961584636933,0.3501977502434057,0.14953271028037382,,0.06444444444444444,0.051111111111111114,0.4807283924806589
2023-01-11,0.0,0.0,0.0,9,18,True,1.0,161.08385714285714,0.0593406593406593,0.0897435897435897,0.9949782842338796,0.0732700135685209,0.358019282855663,64.1980717144337,63.43823453668608,Watch,0.3656176546331392,0,0.0,0.0,0.0,0.0,0.3828842653102672,0.21937059277988352,0.34649354400188603,0.14953271028037382,,0.06444444444444444,0.051111111111111114,0.4807283924806589
2023-01-12,0.0,0.0,0.0,10,20,True,0.4285714285714285,90.76614285714288,0.0285714285714285,0.0384615384615384,0.5606417842753514,0.0352781546811396,0.1944789354496025,80.55210645503973,69.39613756871984,Watch,0.3060386243128016,0,0.0,0.0,0.0,0.0,0.3322420895379802,0.18362317458768096,0.3174487667207214,0.14953271028037382,,0.06444444444444444,0.051111111111111114,0.4807283924806589
2023-01-13,0.0,0.0,0.0,8,16,True,0.0,0.0,-0.0021978021978021,0.0,0.0,0.0027137042062413,0.0005427408412482,99.94572591587516,81.56530136178287,Normal,0.18434698638217129,0,0.0,0.0,0.0,0.0,0.2288041972969444,0.11060819182930277,0.2581240932295391,0.14953271028037382,,0.06444444444444444,0.051111111111111114,0.4807283924806589
2023-01-14,0.0,0.0,0.0,11,22,True,0.0,0.0,-0.0329670329670329,0.0,0.0,0.0407055630936227,0.0081411126187245,99.18588873812756,93.22790703634747,Normal,0.0677209296365252,0,0.0,0.0,0.0,0.0,0.12967204906314525,0.04063255778191512,0.20126889056603664,0.14953271028037382,,0.06444444444444444,0.051111111111111114,0.4807283924806589
2023-01-15,0.0,0.0,0.0,7,14,True,0.0,0.0,-0.0637362637362637,0.0,0.0,0.078697421981004,0.0157394843962008,98.42605156037992,99.18588873812752,Normal,0.008141112618724855,0,0.0,0.0,0.0,0.0,0.07902920459801496,0.004884667571234913,0.17222372976985897,0.0050150451354062184,,0.0003178639542275906,0.019071837253655435,0.4807283924806589
2023-01-16,0.0,0.0,0.0,11,22,True,0.0,0.0,-0.0945054945054945,0.0,0.0,0.1166892808683853,0.023337856173677,97.66621438263228,98.42605156037992,Normal,0.015739484396200876,0,0.0,0.0,0.0,0.0,0.08548782060886957,0.009443690637720525,0.17592793601137854,0.14953271028037382,,0.0003178639542275906,0.019071837253655435,0.4807283924806589
2023-01-17,0.0,0.0,0.0,8,16,True,0.0,0.0,-0.1252747252747252,0.0,0.0,0.1546811397557665,0.0309362279511533,96.90637720488466,97.66621438263228,Normal,0.02333785617367723,0,0.0,0.0,0.0,0.0,0.09194643661972447,0.014002713704206337,0.17963214225289825,0.14953271028037382,,0.0003178639542275906,0.019071837253655435,0.4807283924806589
2023-01-18,0.0,0.0,0.0,10,20,True,0.0,0.0,-0.156043956043956,0.0,0.0,0.1926729986431478,0.0385345997286295,96.14654002713704,96.90637720488466,Normal,0.03093622795115336,0,0.0,0.0,0.0,0.0,0.09840505263057919,0.018561736770692016,0.18333634849441788,0.14953271028037382,,0.06444444444444444,0.051111111111111114,0.4807283924806589
2023-01-19,0.0,0.0,0.0,9,18,True,0.0,0.0,-0.1868131868131868,0.0,0.0,0.2306648575305291,0.0461329715061058,95.38670284938942,96.14654002713704,Normal,0.038534599728629604,0,0.0,0.0,0.0,0.0,0.104863668641434,0.023120759837177762,0.18704055473593753,0.14953271028037382,,0.06444444444444444,0.051111111111111114,0.4807283924806589
2023-01-20,0.0,0.0,0.0,7,14,True,0.0,0.0,-0.0857142857142857,0.0,0.0,0.1058344640434192,0.0211668928086838,97.8833107191316,96.472184531886,Normal,0.03527815468114004,0,0.0,0.0,0.0,0.0,0.10209569035106786,0.021166892808684022,0.18545303777528638,0.14953271028037382,,0.06444444444444444,0.051111111111111114,0.4807283924806589
2023-01-21,0.0,0.0,0.0,8,15,True,0.0,0.0,0.0,0.0,0.0,0.0,0.0,100.0,97.75667118950702,Normal,0.02243328810492984,0,0.0,0.0,0.0,0.0,0.09117755376128919,0.013459972862957902,0.1791911653193839,0.14953271028037382,,0.0003178639542275906,0.019071837253655435,0.4807283924806589
2023-01-22,0.0,0.0,0.0,5,12,True,0.0,0.0,0.0,0.0,0.0,0.0,0.0,100.0,99.2944369063772,Normal,0.0070556309362279634,0,0.0,0.0,0.0,0.0,0.0781065451678926,0.004233378561736778,0.17169455744964174,0.0050150451354062184,,0.0003178639542275906,0.019071837253655435,0.4807283924806589
2023-01-23,0.0,0.0,0.0,8,16,True,0.0,0.0,0.0,0.0,0.0,0.0,0.0,100.0,100.0,Normal,0.0,0,0.0,0.0,0.0,0.0,0.07210925887209883,0.0,0.1682549373682306,0.0050150451354062184,,0.0003178639542275906,0.019071837253655435,0.4807283924806589
2023-01-24,3.0,1555.0,3.0,84,59,True,0.4285714285714285,222.1428571428572,0.0,0.0384615384615384,1.0,0.0,0.3192307692307692,68.07692307692308,89.35897435897436,Normal,0.10641025641025637,0,0.0,0.0,0.0,0.0,0.16255797682081674,0.06384615384615382,0.22012993736823058,0.14953271028037382,,0.06444444444444444,0.051111111111111114,0.4807283924806589
2023-01-25,0.0,0.0,0.0,9,18,True,0.4285714285714285,222.1428571428572,0.0857142857142857,0.0384615384615384,1.0,0.1058344640434192,0.340397662039453,65.9602337960547,78.01238562432593,Watch,0.2198761437567407,0,0.0,0.0,0.0,0.0,0.2590039810653284,0.1319256862540444,0.2754445574496417,0.14953271028037382,,0.06444444444444444,0.051111111111111114,0.4807283924806589
2023-01-26,0.0,0.0,0.0,11,22,True,0.4285714285714285,222.1428571428572,0.0725274725274725,0.0384615384615384,1.0,0.0895522388059701,0.3371412169919632,66.28587830080367,66.77434505792715,Watch,0.33225654942072846,0,0.0,0.0,0.0,0.0,0.354527325879718,0.19935392965243706,0.33023000521083573,0.14953271028037382,,0.06444444444444444,0.051111111111111114,0.4807283924806589
2023-01-27,0.0,0.0,0.0,9,18,True,0.4285714285714285,222.1428571428572,0.0593406593406593,0.0384615384615384,1.0,0.0732700135685209,0.3338847719444734,66.61152280555265,66.28587830080367,Watch,0.3371412169919633,0,0.0,0.0,0.0,0.0,0.35867929331526766,0.20228473019517798,0.33261128065181267,0.14953271028037382,,0.06444444444444444,0.051111111111111114,0.4807283924806589
2023-01-28,0.0,0.0,0.0,12,24,True,0.4285714285714285,222.1428571428572,0.0461538461538461,0.0384615384615384,1.0,0.0569877883310718,0.3306283268969835,66.93716731030163,66.61152280555264,Watch,0.33388477194447364,0,0.0,0.0,0.0,0.0,0.3559113150249014,0.20033086316668416,0.3310237636911615,0.14953271028037382,,0.06444444444444444,0.051111111111111114,0.4807283924806589
2023-01-29,0.0,0.0,0.0,10,20,True,0.4285714285714285,222.1428571428572,0.0329670329670329,0.0384615384615384,1.0,0.0407055630936227,0.3273718818494937,67.26281181505063,66.93716731030163,Watch,0.3306283268969836,0,0.0,0.0,0.0,0.0,0.3531433367345349,0.19837699613819018,0.32943624673051014,0.14953271028037382,,0.06444444444444444,0.051111111111111114,0.4807283924806589
2023-01-30,0.0,0.0,0.0,12,24,True,0.4285714285714285,222.1428571428572,0.0197802197802197,0.0384615384615384,1.0,0.0244233378561735,0.3241154368020039,67.5884563197996,67.26281181505063,Watch,0.32737188184949373,0,0.0,0.0,0.0,0.0,0.3503753584441685,0.19642312910969623,0.3278487297698588,0.14953271028037382,,0.06444444444444444,0.051111111111111114,0.4807283924806589
2023-01-31,0.0,0.0,0.0,9,18,True,0.0,0.0,0.0065934065934065,0.0,0.0,0.0081411126187244,0.0016282225237448,99.83717774762552,78.22948196082524,Watch,0.21770518039174758,0,0.0,0.0,0.0,0.0,0.25715866220508427,0.13062310823504855,0.27438621280920755,0.14953271028037382,,0.06444444444444444,0.051111111111111114,0.4807283924806589
2023-02-01,0.0,0.0,0.0,10,20,True,0.0,0.0,-0.0065934065934065,0.0,0.0,0.0081411126187244,0.0016282225237448,99.83717774762552,89.08760393835023,Normal,0.10912396061649776,0,0.0,0.0,0.0,0.0,0.16486462539612193,0.06547437636989865,0.22145286816877327,0.14953271028037382,,0.06444444444444444,0.051111111111111114,0.4807283924806589
2023-02-02,0.0,0.0,0.0,7,14,True,0.0,0.0,-0.0197802197802197,0.0,0.0,0.0244233378561735,0.0048846675712347,99.51153324287652,99.72862957937586,Normal,0.0027137042062413963,0,0.0,0.0,0.0,0.0,0.07441590744740402,0.0016282225237448378,0.1695778681687733,0.0050150451354062184,,0.0003178639542275906,0.019071837253655435,0.4807283924806589
2023-02-03,0.0,0.0,0.0,16,20,True,0.0,0.0,-0.0329670329670329,0.0,0.0,0.0407055630936227,0.0081411126187245,99.18588873812756,99.51153324287652,Normal,0.004884667571234735,0,0.0,0.0,0.0,0.0,0.07626122630764835,0.0029308005427408413,0.17063621280920754,0.0050150451354062184,,0.0003178639542275906,0.019071837253655435,0.4807283924806589
2023-02-04,0.0,0.0,0.0,10,20,True,0.0,0.0,-0.0461538461538461,0.0,0.0,0.0569877883310718,0.0113975576662143,98.86024423337857,99.18588873812752,Normal,0.008141112618724855,0,0.0,0.0,0.0,0.0,0.07902920459801496,0.004884667571234913,0.17222372976985897,0.0050150451354062184,,0.0003178639542275906,0.019071837253655435,0.4807283924806589
2023-02-05,0.0,0.0,0.0,8,16,True,0.0,0.0,-0.0593406593406593,0.0,0.0,0.0732700135685209,0.0146540027137042,98.53459972862956,98.86024423337857,Normal,0.011397557666214309,0,0.0,0.0,0.0,0.0,0.08179718288838099,0.006838534599728585,0.17381124673051007,0.14953271028037382,,0.0003178639542275906,0.019071837253655435,0.4807283924806589
2023-02-06,0.0,0.0,0.0,12,24,True,0.0,0.0,-0.0725274725274725,0.0,0.0,0.0895522388059701,0.017910447761194,98.2089552238806,98.53459972862956,Normal,0.014654002713704428,0,0.0,0.0,0.0,0.0,0.0845651611787476,0.008792401628222656,0.1753987636911615,0.14953271028037382,,0.0003178639542275906,0.019071837253655435,0.4807283924806589
2023-02-07,0.0,0.0,0.0,9,18,True,0.0,0.0,-0.0857142857142857,0.0,0.0,0.1058344640434192,0.0211668928086838,97.8833107191316,98.2089552238806,Normal,0.017910447761194104,0,0.0,0.0,0.0,0.0,0.08733313946911382,0.010746268656716462,0.17698628065181274,0.14953271028037382,,0.0003178639542275906,0.019071837253655435,0.4807283924806589
2023-02-08,0.0,0.0,0.0,12,24,True,0.0,0.0,0.0,0.0,0.0,0.0,0.0,100.0,98.69742198100408,Normal,0.013025780189959146,0,0.0,0.0,0.0,0.0,0.08318117203356411,0.007815468113975488,0.1746050052108357,0.14953271028037382,,0.0003178639542275906,0.019071837253655435,0.4807283924806589
2023-02-09,0.0,0.0,0.0,11,20,True,0.0,0.0,0.0,0.0,0.0,0.0,0.0,100.0,99.2944369063772,Normal,0.0070556309362279634,0,0.0,0.0,0.0,0.0,0.0781065451678926,0.004233378561736778,0.17169455744964174,0.0050150451354062184,,0.0003178639542275906,0.019071837253655435,0.4807283924806589
2023-02-10,0.0,0.0,0.0,7,14,True,0.0,0.0,0.0,0.0,0.0,0.0,0.0,100.0,100.0,Normal,0.0,0,0.0,0.0,0.0,0.0,0.07210925887209883,0.0,0.1682549373682306,0.0050150451354062184,,0.0003178639542275906,0.019071837253655435,0.4807283924806589
2023-02-11,0.0,0.0,0.0,7,14,True,0.0,0.0,0.0,0.0,0.0,0.0,0.0,100.0,100.0,Normal,0.0,0,0.0,0.0,0.0,0.0,0.07210925887209883,0.0,0.1682549373682306,0.0050150451354062184,,0.0003178639542275906,0.019071837253655435,0.4807283924806589
2023-02-12,0.0,0.0,0.0,8,16,True,0.0,0.0,0.0,0.0,0.0,0.0,0.0,100.0,100.0,Normal,0.0,0,0.0,0.0,0.0,0.0,0.07210925887209883,0.0,0.1682549373682306,0.0050150451354062184,,0.0003178639542275906,0.019071837253655435,0.4807283924806589
2023-02-13,0.0,0.0,0.0,7,14,True,0.0,0.0,0.0,0.0,0.0,0.0,0.0,100.0,100.0,Normal,0.0,0,0.0,0.0,0.0,0.0,0.07210925887209883,0.0,0.1682549373682306,0.0050150451354062184,,0.0003178639542275906,0.019071837253655435,0.4807283924806589
2023-02-14,0.0,0.0,0.0,7,14,True,0.0,0.0,0.0,0.0,0.0,0.0,0.0,100.0,100.0,Normal,0.0,0,0.0,0.0,0.0,0.0,0.07210925887209883,0.0,0.1682549373682306,0.0050150451354062184,,0.0003178639542275906,0.019071837253655435,0.4807283924806589
2023-02-15,0.0,0.0,0.0,6,12,True,0.0,0.0,0.0,0.0,0.0,0.0,0.0,100.0,100.0,Normal,0.0,0,0.0,0.0,0.0,0.0,0.07210925887209883,0.0,0.1682549373682306,0.0050150451354062184,,0.0003178639542275906,0.019071837253655435,0.4807283924806589
2023-02-16,0.0,0.0,0.0,6,12,True,0.0,0.0,0.0,0.0,0.0,0.0,0.0,100.0,100.0,Normal,0.0,0,0.0,0.0,0.0,0.0,0.07210925887209883,0.0,0.1682549373682306,0.0050150451354062184,,0.0003178639542275906,0.019071837253655435,0.4807283924806589
2023-02-17,0.0,0.0,0.0,5,10,True,0.0,0.0,0.0,0.0,0.0,0.0,0.0,100.0,100.0,Normal,0.0,0,0.0,0.0,0.0,0.0,0.07210925887209883,0.0,0.1682549373682306,0.0050150451354062184,,0.0003178639542275906,0.019071837253655435,0.4807283924806589
2023-02-18,0.0,0.0,0.0,5,10,True,0.0,0.0,0.0,0.0,0.0,0.0,0.0,100.0,100.0,Normal,0.0,0,0.0,0.0,0.0,0.0,0.07210925887209883,0.0,0.1682549373682306,0.0050150451354062184,,0.0003178639542275906,0.019071837253655435,0.4807283924806589
2023-02-19,0.0,0.0,0.0,4,8,True,0.0,0.0,0.0,0.0,0.0,0.0,0.0,100.0,100.0,Normal,0.0,0,0.0,0.0,0.0,0.0,0.07210925887209883,0.0,0.1682549373682306,0.0050150451354062184,,0.0003178639542275906,0.019071837253655435,0.4807283924806589
2023-02-20,0.0,0.0,0.0,5,10,True,0.0,0.0,0.0,0.0,0.0,0.0,0.0,100.0,100.0,Normal,0.0,0,0.0,0.0,0.0,0.0,0.07210925887209883,0.0,0.1682549373682306,0.0050150451354062184,,0.0003178639542275906,0.019071837253655435,0.4807283924806589
2023-02-21,0.0,0.0,0.0,5,10,True,0.0,0.0,0.0,0.0,0.0,0.0,0.0,100.0,100.0,Normal,0.0,0,0.0,0.0,0.0,0.0,0.07210925887209883,0.0,0.1682549373682306,0.0050150451354062184,,0.0003178639542275906,0.019071837253655435,0.4807283924806589
2023-02-22,0.0,0.0,0.0,6,12,True,0.0,0.0,0.0,0.0,0.0,0.0,0.0,100.0,100.0,Normal,0.0,0,0.0,0.0,0.0,0.0,0.07210925887209883,0.0,0.1682549373682306,0.0050150451354062184,,0.0003178639542275906,0.019071837253655435,0.4807283924806589
2023-02-23,0.0,0.0,0.0,6,12,True,0.0,0.0,0.0,0.0,0.0,0.0,0.0,100.0,100.0,Normal,0.0,0,0.0,0.0,0.0,0.0,0.07210925887209883,0.0,0.1682549373682306,0.0050150451354062184,,0.0003178639542275906,0.019071837253655435,0.4807283924806589
2023-02-24,0.0,0.0,0.0,6,12,True,0.0,0.0,0.0,0.0,0.0,0.0,0.0,100.0,100.0,Normal,0.0,0,0.0,0.0,0.0,0.0,0.07210925887209883,0.0,0.1682549373682306,0.0050150451354062184,,0.0003178639542275906,0.019071837253655435,0.4807283924806589
2023-02-25,0.0,0.0,0.0,5,10,True,0.0,0.0,0.0,0.0,0.0,0.0,0.0,100.0,100.0,Normal,0.0,0,0.0,0.0,0.0,0.0,0.07210925887209883,0.0,0.1682549373682306,0.0050150451354062184,,0.0003178639542275906,0.019071837253655435,0.4807283924806589
2023-02-26,0.0,0.0,0.0,5,10,True,0.0,0.0,0.0,0.0,0.0,0.0,0.0,100.0,100.0,Normal,0.0,0,0.0,0.0,0.0,0.0,0.07210925887209883,0.0,0.1682549373682306,0.0050150451354062184,,0.0003178639542275906,0.019071837253655435,0.4807283924806589
2023-02-27,0.0,0.0,0.0,5,10,True,0.0,0.0,0.0,0.0,0.0,0.0,0.0,100.0,100.0,Normal,0.0,0,0.0,0.0,0.0,0.0,0.07210925887209883,0.0,0.1682549373682306,0.0050150451354062184,,0.0003178639542275906,0.019071837253655435,0.4807283924806589
2023-02-28,0.0,0.0,0.0,17,14,True,0.0,0.0,0.0,0.0,0.0,0.0,0.0,100.0,100.0,Normal,0.0,0,0.0,0.0,0.0,0.0,0.07210925887209883,0.0,0.1682549373682306,0.0050150451354062184,,0.0003178639542275906,0.019071837253655435,0.4807283924806589
2023-03-01,2.0,0.0,2.0,17,12,True,0.2857142857142857,0.0,0.0,0.0256410256410256,0.0,0.0,0.0128205128205128,98.71794871794872,99.57264957264958,Normal,0.004273504273504147,0,0.0,0.0,0.0,0.0,0.07574173750457736,0.002564102564102488,0.17033827070156388,0.0050150451354062184,,0.0003178639542275906,0.019071837253655435,0.4807283924806589
2023-03-02,0.0,0.0,0.0,15,18,True,0.2857142857142857,0.0,0.0571428571428571,0.0256410256410256,0.0,0.0705563093622794,0.0269317746929687,97.30682253070312,98.67492374955062,Normal,0.013250762504493863,0,1.0,0.0,0.0,0.0,0.08337240700091862,0.007950457502696318,0.17471468408917137,0.14953271028037382,,0.0003178639542275906,0.019071837253655435,0.4807283924806589
2023-03-03,0.0,0.0,0.0,12,22,True,0.2857142857142857,0.0,0.0483516483516483,0.0256410256410256,0.0,0.0597014925373133,0.0247608113279754,97.52391886720244,97.84956337195143,Normal,0.021504366280485687,0,1.0,0.0,0.0,0.0,0.09038797021051166,0.012902619768291412,0.1787383159299674,0.14953271028037382,,0.0003178639542275906,0.019071837253655435,0.4807283924806589
2023-03-04,0.0,0.0,0.0,15,30,True,0.2857142857142857,0.0,0.0395604395604395,0.0256410256410256,0.0,0.0488466757123472,0.0225898479629822,97.74101520370178,97.52391886720244,Normal,0.024760811327975585,0,1.0,0.0,0.0,0.0,0.09315594850087808,0.01485648679678535,0.1803258328906187,0.14953271028037382,,0.06444444444444444,0.051111111111111114,0.4807283924806589
2023-03-05,0.0,0.0,0.0,12,24,True,0.2857142857142857,0.0,0.0307692307692307,0.0256410256410256,0.0,0.0379918588873812,0.020418884597989,97.9581115402011,97.7410152037018,Normal,0.022589847962981913,0,1.0,0.0,0.0,0.0,0.09131062964063345,0.013553908777789147,0.1792674882501843,0.14953271028037382,,0.0003178639542275906,0.019071837253655435,0.4807283924806589
2023-03-06,25.0,54619.052,3.0,4340,471,True,3.857142857142857,7802.7217142857135,0.0219780219780219,0.3461538461538462,1.0,0.0271370420624151,0.4785043314894061,52.14956685105939,82.61623119832076,Normal,0.17383768801679234,0,1.0,0.0,1.0,0.0,0.21987129368637232,0.1043026128100754,0.25300081027641685,0.14953271028037382,,0.06444444444444444,0.051111111111111114,0.4807283924806589
2023-03-07,0.0,0.0,0.0,10,20,True,3.857142857142857,7802.7217142857135,0.7274725274725274,0.3461538461538462,1.0,0.898236092265943,0.6527241415301117,34.72758584698883,61.61175474608311,Watch,0.383882452539169,0,1.0,0.0,1.0,0.0,0.3984093435303925,0.23032947152350136,0.35539763298107546,0.14953271028037382,,0.06444444444444444,0.051111111111111114,0.4807283924806589
2023-03-08,4.0,5081.348,3.0,374,62,True,4.142857142857143,8528.628571428571,0.6087912087912088,0.3717948717948718,1.0,0.7516960651289011,0.6362366489232162,36.37633510767838,41.0844959352422,Warning,0.589155040647578,0,1.0,0.0,1.0,0.0,0.57289104342254,0.35349302438854674,0.45546801968392486,0.14953271028037382,,0.06444444444444444,0.051111111111111114,0.4807283924806589
2023-03-09,0.0,0.0,0.0,11,22,True,4.142857142857143,8528.628571428571,0.6043956043956042,0.3717948717948718,1.0,0.7462686567164178,0.6351511672407195,36.48488327592805,35.86293474353175,Critical,0.6413706525646825,1,1.0,0.0,1.0,0.0,0.617274313552079,0.41339382011023806,0.4925302733506562,,0.6521739130434783,0.06444444444444444,0.051111111111111114,0.4807283924806589
2023-03-10,0.0,0.0,0.0,12,24,True,4.142857142857143,8528.628571428571,0.4681318681318681,0.3717948717948718,1.0,0.5780189959294437,0.6015012350833246,39.84987649166754,37.570364958424655,Critical,0.6242963504157535,2,1.0,0.0,1.0,0.0,0.6027611567254892,0.43172066739230924,0.49581369391019614,,0.6521739130434783,0.06444444444444444,0.051111111111111114,0.4807283924806589
2023-03-11,0.0,0.0,0.0,12,24,True,4.142857142857143,8528.628571428571,0.3318681318681318,0.3717948717948718,1.0,0.4097693351424694,0.5678513029259298,43.21486970740702,39.84987649166754,Critical,0.6015012350833246,3,0.0,0.0,1.0,0.0,0.5833853086929248,0.44661502676428044,0.49630821804277997,,0.6521739130434783,0.06444444444444444,0.051111111111111114,0.4807283924806589
2023-03-12,0.0,0.0,0.0,9,18,True,4.142857142857143,8528.628571428571,0.1956043956043955,0.3717948717948718,1.0,0.2415196743554951,0.534201370768535,46.5798629231465,43.21486970740702,Warning,0.5678513029259298,0,0.0,0.0,1.0,0.0,0.5547828663591391,0.34071078175555786,0.4450824475446214,0.14953271028037382,,0.06444444444444444,0.051111111111111114,0.4807283924806589
2023-03-13,0.0,0.0,0.0,10,20,True,0.5714285714285714,725.9068571428571,0.0593406593406593,0.0512820512820512,1.0,0.0732700135685209,0.3402950283547298,65.970497164527,51.92174326502684,Warning,0.48078256734973157,0,0.0,0.0,1.0,0.0,0.4807744411193707,0.2884695404098389,0.4026364389512247,0.14953271028037382,,0.06444444444444444,0.051111111111111114,0.4807283924806589
2023-03-14,0.0,0.0,0.0,10,20,True,0.5714285714285714,725.9068571428571,-0.0769230769230769,0.0512820512820512,1.0,0.0949796472184531,0.3446369550847162,65.53630449152837,59.36222152640062,Warning,0.40637778473599384,0,0.0,0.0,1.0,0.0,0.4175303758976936,0.2438266708415963,0.36636410742702763,0.14953271028037382,,0.06444444444444444,0.051111111111111114,0.4807283924806589
2023-03-15,0.0,0.0,0.0,11,22,True,0.0,0.0,-0.2131868131868131,0.0,0.0,0.2632293080054273,0.0526458616010854,94.73541383989146,75.41407183198227,Watch,0.24585928168017734,0,0.0,0.0,1.0,0.0,0.2810896483002496,0.1475155690081064,0.2881113371873171,0.14953271028037382,,0.06444444444444444,0.051111111111111114,0.4807283924806589
2023-03-16,0.0,0.0,0.0,11,22,True,0.0,0.0,-0.2835164835164835,0.0,0.0,0.350067842605156,0.0700135685210312,92.99864314789689,84.4234538264389,Normal,0.155765461735611,0,0.0,0.0,1.0,0.0,0.20450990134736818,0.0934592770413666,0.24419059996434098,0.14953271028037382,,0.06444444444444444,0.051111111111111114,0.4807283924806589
2023-03-17,0.0,0.0,0.0,14,28,True,0.0,0.0,-0.4109890109890109,0.0,0.0,0.5074626865671642,0.1014925373134328,89.8507462686567,92.52826775214837,Normal,0.07471732247851637,0,0.0,0.0,1.0,0.0,0.13561898297883773,0.04483039348710982,0.20467963207650733,0.14953271028037382,,0.06444444444444444,0.051111111111111114,0.4807283924806589
2023-03-18,0.0,0.0,0.0,14,28,True,0.0,0.0,-0.5384615384615384,0.0,0.0,0.6648575305291724,0.1329715061058345,86.70284938941654,89.85074626865672,Normal,0.10149253731343277,0,0.0,0.0,1.0,0.0,0.1583779155885167,0.06089552238805966,0.2177325493085291,0.14953271028037382,,0.06444444444444444,0.051111111111111114,0.4807283924806589
2023-03-19,0.0,0.0,0.0,16,22,True,0.0,0.0,-0.6659340659340659,0.0,0.0,0.8222523744911805,0.1644504748982361,83.55495251017639,86.70284938941654,Normal,0.13297150610583452,0,0.0,0.0,1.0,0.0,0.1851350390620582,0.07978290366350071,0.23307854659482494,0.14953271028037382,,0.06444444444444444,0.051111111111111114,0.4807283924806589
2023-03-20,0.0,0.0,0.0,15,30,True,0.0,0.0,-0.7934065934065934,0.0,0.0,0.9796472184531888,0.1959294436906377,80.40705563093621,83.55495251017638,Normal,0.16445047489823628,0,0.0,0.0,1.0,0.0,0.21189216253559967,0.09867028493894177,0.24842454388112079,0.14953271028037382,,0.06444444444444444,0.051111111111111114,0.4807283924806589
2023-03-21,0.0,0.0,0.0,14,28,True,0.0,0.0,-0.0967032967032967,0.0,0.0,0.1194029850746268,0.0238805970149253,97.61194029850746,87.19131614654003,Normal,0.12808683853459968,0,0.0,0.0,1.0,0.0,0.18098307162650856,0.07685210312075981,0.23069727115384794,0.14953271028037382,,0.06444444444444444,0.051111111111111114,0.4807283924806589
2023-03-22,7.0,283.81600000000003,2.0,33,33,True,1.0,40.545142857142864,-0.1142857142857142,0.0897435897435897,0.2504381096253529,0.1411126187245589,0.1482257515043125,85.17742484956874,87.73214025967081,Normal,0.1226785974032919,0,0.0,0.0,1.0,0.0,0.17638606666489695,0.07360715844197514,0.2280607536023354,0.14953271028037382,,0.06444444444444444,0.051111111111111114,0.4807283924806589
2023-03-23,0.0,0.0,0.0,11,22,True,1.0,40.545142857142864,0.2,0.0897435897435897,0.2504381096253529,0.2469470827679783,0.1693926443129964,83.06073556870037,88.61670023892553,Normal,0.11383299761074472,0,0.0,0.0,1.0,0.0,0.16886730684123186,0.06829979856644683,0.22374852370346865,0.14953271028037382,,0.06444444444444444,0.051111111111111114,0.4807283924806589
2023-03-24,0.0,0.0,0.0,48,24,True,1.0,40.545142857142864,0.1692307692307692,0.0897435897435897,0.2504381096253529,0.208955223880597,0.1617942725355201,83.82057274644798,84.01957772157236,Normal,0.15980422278427642,0,0.0,0.0,1.0,0.0,0.20794284823873377,0.09588253367056584,0.24615949597556536,0.14953271028037382,,0.06444444444444444,0.051111111111111114,0.4807283924806589
2023-03-25,0.0,0.0,0.0,11,22,True,1.0,40.545142857142864,0.1384615384615384,0.0897435897435897,0.2504381096253529,0.1709633649932157,0.1541959007580439,84.5804099241956,83.82057274644798,Normal,0.16179427253552026,0,0.0,0.0,1.0,0.0,0.20963439052729105,0.09707656352131215,0.24712964522929673,0.14953271028037382,,0.06444444444444444,0.051111111111111114,0.4807283924806589
2023-03-26,0.0,0.0,0.0,10,20,True,1.0,40.545142857142864,0.1076923076923077,0.0897435897435897,0.2504381096253529,0.1329715061058345,0.1465975289805676,85.34024710194323,84.58040992419562,Normal,0.1541959007580438,0,0.0,0.0,1.0,0.0,0.20317577451643604,0.09251754045482627,0.24342543898777697,0.14953271028037382,,0.06444444444444444,0.051111111111111114,0.4807283924806589
2023-03-27,0.0,0.0,0.0,10,20,True,1.0,40.545142857142864,0.0769230769230769,0.0897435897435897,0.2504381096253529,0.0949796472184531,0.1389991572030914,86.10008427969086,85.34024710194323,Normal,0.14659752898056766,0,0.0,0.0,1.0,0.0,0.19671715850558136,0.0879585173883406,0.23972123274625734,0.14953271028037382,,0.06444444444444444,0.051111111111111114,0.4807283924806589
2023-03-28,0.0,0.0,0.0,10,20,True,1.0,40.545142857142864,0.0461538461538461,0.0897435897435897,0.2504381096253529,0.0569877883310718,0.1314007854256151,86.85992145743849,86.10008427969086,Normal,0.13899915720309142,0,0.0,0.0,1.0,0.0,0.19025854249472654,0.08339949432185485,0.23601702650473766,0.14953271028037382,,0.06444444444444444,0.051111111111111114,0.4807283924806589
2023-03-29,0.0,0.0,0.0,11,22,True,0.0,0.0,0.0153846153846153,0.0,0.0,0.0189959294436905,0.0037991858887381,99.6200814111262,90.86002904941851,Normal,0.09139970950581489,0,1.0,0.0,1.0,0.0,0.14979901195204148,0.05483982570348893,0.21281229575231536,0.14953271028037382,,0.06444444444444444,0.051111111111111114,0.4807283924806589
2023-03-30,1.0,0.0,1.0,11,21,True,0.1428571428571428,0.0,-0.0153846153846153,0.0128205128205128,0.0,0.0189959294436905,0.0102094422989945,98.97905577010054,95.15301954622174,Normal,0.0484698045377826,0,1.0,0.0,1.0,0.0,0.11330859272921404,0.02908188272266956,0.19188396708039962,0.14953271028037382,,0.06444444444444444,0.051111111111111114,0.4807283924806589
2023-03-31,0.0,0.0,0.0,12,24,True,0.1428571428571428,0.0,-0.0175824175824175,0.0128205128205128,0.0,0.021709633649932,0.0107521831402428,98.92478168597572,99.17463962240082,Normal,0.008253603775991825,0,1.0,0.0,1.0,0.0,0.07912482208169189,0.004952162265595095,0.17227856920902662,0.0050150451354062184,,0.0003178639542275906,0.019071837253655435,0.4807283924806589
2023-04-01,15.0,15217.988,3.0,1117,163,True,2.2857142857142856,2173.998285714286,-0.0527472527472527,0.2051282051282051,1.0,0.0651289009497964,0.4155898827540618,58.44101172459381,85.44828306022335,Normal,0.1455171693977665,0,1.0,0.0,1.0,0.0,0.19579885286020035,0.0873103016386599,0.23919455744964177,0.14953271028037382,,0.06444444444444444,0.051111111111111114,0.4807283924806589
2023-04-02,0.0,0.0,0.0,13,26,True,2.2857142857142856,2173.998285714286,0.3406593406593406,0.2051282051282051,1.0,0.4206241519674355,0.4866889329575897,51.33110670424104,69.56563337160351,Watch,0.3043436662839649,0,1.0,0.0,1.0,0.0,0.33080137521346903,0.18260619977037895,0.3166224746816635,0.14953271028037382,,0.06444444444444444,0.051111111111111114,0.4807283924806589
2023-04-03,5.0,1405.24,3.0,102,28,True,3.0,2374.7468571428576,0.2395604395604395,0.2692307692307692,1.0,0.2957937584803256,0.4937741363114497,50.62258636885503,53.46490159922996,Warning,0.46535098400770036,0,1.0,0.0,1.0,0.0,0.46765759527864414,0.2792105904046202,0.39511354207198457,0.14953271028037382,,0.06444444444444444,0.051111111111111114,0.4807283924806589
2023-04-04,47.0,22409.963,3.0,1624,213,True,9.714285714285714,5576.170142857144,0.2813186813186813,0.8717948717948718,1.0,0.3473541383989145,0.8053682635772188,19.46317364227812,40.472288905124735,Warning,0.5952771109487527,0,1.0,0.0,1.0,0.0,0.5780948031785386,0.3571662665692516,0.45845252895574756,0.14953271028037382,,0.06444444444444444,0.051111111111111114,0.4807283924806589
2023-04-05,20.0,14468.095,3.0,1092,68,True,12.571428571428571,7643.040857142858,1.501098901098901,1.0,1.0,1.0,1.0,0.0,23.36192000371105,Critical,0.7663807999628895,1,1.0,0.0,0.0,0.0,0.7235329388405549,0.48839990854916226,0.5534727202072822,,0.6521739130434783,0.06444444444444444,0.051111111111111114,0.4807283924806589
2023-04-06,0.0,0.0,0.0,0,0,False,12.428571428571429,7643.040857142858,1.973626373626374,1.0,1.0,1.0,1.0,0.0,6.4877245474260405,Inactive,0.9351227545257396,0,1.0,0.0,0.0,0.0,0.8669636002189774,0.5610736527154437,0.6241272801995287,0.14953271028037382,,0.06444444444444444,0.051111111111111114,0.4807283924806589
2023-04-07,0.0,0.0,0.0,0,0,False,12.428571428571429,7643.040857142858,1.586813186813187,1.0,1.0,1.0,1.0,0.0,0.0,Inactive,1.0,0,1.0,0.0,0.0,0.0,0.9221092588720988,0.6,0.6557549373682307,0.14953271028037382,,0.06444444444444444,0.051111111111111114,0.4807283924806589
2023-04-08,0.0,0.0,0.0,0,0,False,10.285714285714286,5469.042571428573,1.2000000000000002,0.9230769230769232,1.0,1.0,0.9615384615384616,3.846153846153833,1.2820512820512775,Inactive,0.9871794871794872,0,1.0,0.0,0.0,0.0,0.911211822974663,0.5923076923076923,0.6495049373682307,0.14953271028037382,,0.06444444444444444,0.051111111111111114,0.4807283924806589
2023-04-09,0.0,0.0,0.0,0,0,False,10.285714285714286,5469.042571428573,0.8131868131868132,0.9230769230769232,1.0,1.0,0.9615384615384616,3.846153846153833,2.564102564102555,Inactive,0.9743589743589745,0,1.0,0.0,0.0,0.0,0.9003143870772271,0.5846153846153846,0.6432549373682306,0.14953271028037382,,0.06444444444444444,0.051111111111111114,0.4807283924806589
2023-04-10,0.0,0.0,0.0,0,0,False,9.571428571428571,5268.294000000001,0.4263736263736265,0.858974358974359,1.0,0.5264586160108551,0.8347789026893506,16.522109731064937,8.071472474457535,Inactive,0.9192852752554247,0,1.0,0.0,0.0,0.0,0.8535017428392098,0.5515711651532548,0.6164065090552502,0.14953271028037382,,0.06444444444444444,0.051111111111111114,0.4807283924806589
2023-04-11,13.0,8901.619,3.0,663,98,True,4.714285714285714,3338.5305714285714,0.0395604395604395,0.4230769230769231,1.0,0.0488466757123472,0.521307796680931,47.8692203319069,22.74582796970856,Critical,0.7725417203029143,1,0.0,0.0,0.0,0.0,0.728769721129576,0.49209646075317715,0.5564761688730442,,0.6521739130434783,0.06444444444444444,0.051111111111111114,0.4807283924806589
2023-04-12,0.0,0.0,0.0,0,0,False,1.8571428571428568,1271.6598571428572,0.0241758241758241,0.1666666666666666,1.0,0.0298507462686566,0.3893034825870646,61.06965174129353,41.820327268088455,Inactive,0.5817967273191155,0,0.0,0.0,0.0,0.0,0.566636477093347,0.3490780363914693,0.4518808419362994,0.14953271028037382,,0.06444444444444444,0.051111111111111114,0.4807283924806589
2023-04-13,0.0,0.0,0.0,0,0,False,1.8571428571428568,1271.6598571428572,-0.4197802197802197,0.1666666666666666,1.0,0.5183175033921302,0.4869968340117593,51.30031659882406,53.41306289067483,Inactive,0.46586937109325166,0,0.0,0.0,0.0,0.0,0.4680982243013628,0.279521622655951,0.3953662557761908,0.14953271028037382,,0.06444444444444444,0.051111111111111114,0.4807283924806589
2023-04-14,0.0,0.0,0.0,0,0,False,1.8571428571428568,1271.6598571428572,-0.8307692307692308,0.1666666666666666,1.0,1.0,0.5833333333333333,41.66666666666667,51.34554500226142,Inactive,0.48654454997738583,0,0.0,0.0,0.0,0.0,0.4856721263528768,0.2919267299864315,0.4054454054822062,0.14953271028037382,,0.06444444444444444,0.051111111111111114,0.4807283924806589
2023-04-15,0.0,0.0,0.0,0,0,False,1.8571428571428568,1271.6598571428572,-1.2703296703296705,0.1666666666666666,1.0,1.0,0.5833333333333333,41.66666666666667,44.877883310719135,Inactive,0.5512211668928086,0,0.0,0.0,0.0,0.0,0.5406472507309862,0.3307327001356852,0.43697525622847483,0.14953271028037382,,0.06444444444444444,0.051111111111111114,0.4807283924806589
2023-04-16,0.0,0.0,0.0,0,0,False,1.8571428571428568,1271.6598571428572,-1.2153846153846153,0.1666666666666666,1.0,1.0,0.5833333333333333,41.66666666666667,41.66666666666667,Inactive,0.5833333333333333,0,0.0,0.0,0.0,0.0,0.5679425922054321,0.3499999999999999,0.4526299373682306,0.14953271028037382,,0.06444444444444444,0.051111111111111114,0.4807283924806589
2023-04-17,0.0,0.0,0.0,0,0,False,1.8571428571428568,1271.6598571428572,-1.5890109890109891,0.1666666666666666,1.0,1.0,0.5833333333333333,41.66666666666667,41.66666666666667,Inactive,0.5833333333333333,0,0.0,0.0,0.0,0.0,0.5679425922054321,0.3499999999999999,0.4526299373682306,0.14953271028037382,,0.06444444444444444,0.051111111111111114,0.4807283924806589
2023-04-18,0.0,0.0,0.0,0,0,False,0.0,0.0,-1.7978021978021976,0.0,0.0,1.0,0.2,80.0,54.44444444444445,Inactive,0.4555555555555555,0,0.0,0.0,0.0,0.0,0.459331481094321,0.27333333333333326,0.3903382707015639,0.14953271028037382,,0.06444444444444444,0.051111111111111114,0.4807283924806589
2023-04-19,0.0,0.0,0.0,0,0,False,0.0,0.0,-0.6,0.0,0.0,0.7408412483039349,0.1481682496607869,85.1831750339213,68.94994723352931,Inactive,0.3105005276647068,0,0.0,0.0,0.0,0.0,0.3360347073870996,0.1863003165988241,0.31962394460477517,0.14953271028037382,,0.06444444444444444,0.051111111111111114,0.4807283924806589
2023-04-20,1.0,0.0,1.0,1,0,False,0.1428571428571428,0.0,-0.0857142857142857,0.0128205128205128,0.0,0.1058344640434192,0.0275771492189402,97.24228507810597,87.47515337067576,Inactive,0.1252484662932425,0,0.0,0.0,0.0,0.0,0.17857045522135495,0.0751490797759455,0.22931356468618633,0.14953271028037382,,0.06444444444444444,0.051111111111111114,0.4807283924806589
2023-04-21,0.0,0.0,0.0,0,0,False,0.1428571428571428,0.0,-0.1142857142857142,0.0128205128205128,0.0,0.1411126187245589,0.0346327801551681,96.53672198448318,92.98739403217014,Inactive,0.07012605967829855,0,0.0,0.0,0.0,0.0,0.1317164095986526,0.04207563580697913,0.20244139146140117,0.14953271028037382,,0.06444444444444444,0.051111111111111114,0.4807283924806589
2023-04-22,0.0,0.0,0.0,0,0,False,0.1428571428571428,0.0,-0.1758241758241758,0.0128205128205128,0.0,0.2170963364993215,0.0498295237101207,95.01704762898792,96.26535156385904,Inactive,0.03734648436140953,0,0.0,0.0,0.0,0.0,0.10385377057929693,0.022407890616845717,0.18646134849441776,0.14953271028037382,,0.06444444444444444,0.051111111111111114,0.4807283924806589
2023-04-23,0.0,0.0,0.0,0,0,False,0.1428571428571428,0.0,-0.2373626373626373,0.0128205128205128,0.0,0.293080054274084,0.0650262672650732,93.49737327349268,95.01704762898792,Inactive,0.04982952371012073,0,0.0,0.0,0.0,0.0,0.11446435402570146,0.029897714226072434,0.19254683017691446,0.14953271028037382,,0.06444444444444444,0.051111111111111114,0.4807283924806589
2023-04-24,0.0,0.0,0.0,0,0,False,0.1428571428571428,0.0,-0.2989010989010989,0.0128205128205128,0.0,0.3690637720488467,0.0802230108200257,91.97769891799744,93.49737327349268,Inactive,0.06502626726507321,0,0.0,0.0,0.0,0.0,0.12738158604741107,0.03901576035904392,0.1999552426599538,0.14953271028037382,,0.06444444444444444,0.051111111111111114,0.4807283924806589
2023-04-25,2.0,288.41700000000003,1.0,0,0,False,0.4285714285714285,41.20242857142858,-0.3604395604395604,0.0384615384615384,0.2544980137265532,0.4450474898236092,0.184589671313457,81.5410328686543,89.00536835338147,Inactive,0.10994631646618525,0,0.0,0.0,0.0,0.0,0.1655636278683563,0.06596778987971115,0.22185376664549591,0.14953271028037382,,0.06444444444444444,0.051111111111111114,0.4807283924806589
2023-04-26,0.0,0.0,0.0,0,0,False,0.4285714285714285,41.20242857142858,0.0637362637362637,0.0384615384615384,0.2544980137265532,0.078697421981004,0.1113196577449359,88.86803422550639,87.46225533738605,Inactive,0.12537744662613948,0,0.0,0.0,0.0,0.0,0.17868008850431738,0.07522646797568368,0.22937644259847362,0.14953271028037382,,0.06444444444444444,0.051111111111111114,0.4807283924806589
2023-04-27,2.0,0.0,1.0,1,0,False,0.5714285714285714,41.20242857142858,0.0505494505494505,0.0512820512820512,0.2544980137265532,0.0624151967435549,0.1144734691077025,88.55265308922975,86.3205733944635,Inactive,0.13679426605536504,0,0.0,0.0,0.0,0.0,0.1883843850191591,0.08207655963321903,0.23494214207022107,0.14953271028037382,,0.06444444444444444,0.051111111111111114,0.4807283924806589
2023-04-28,0.0,0.0,0.0,0,0,False,0.5714285714285714,41.20242857142858,0.0945054945054945,0.0512820512820512,0.2544980137265532,0.1166892808683853,0.1253282859326686,87.46717140673313,88.2959529071564,Inactive,0.11704047092843595,0,0.0,0.0,0.0,0.0,0.1715936591612694,0.07022428255706156,0.22531216694584313,0.14953271028037382,,0.06444444444444444,0.051111111111111114,0.4807283924806589
2023-04-29,0.0,0.0,0.0,0,0,False,0.5714285714285714,41.20242857142858,0.0725274725274725,0.0512820512820512,0.2544980137265532,0.0895522388059701,0.1199008775201856,88.00991224798143,88.00991224798143,Inactive,0.11990087752018563,0,0.0,0.0,0.0,0.0,0.1740250047642566,0.07194052651211137,0.2267066151593211,0.14953271028037382,,0.06444444444444444,0.051111111111111114,0.4807283924806589
2023-04-30,0.0,0.0,0.0,0,0,False,0.5714285714285714,41.20242857142858,0.0505494505494505,0.0512820512820512,0.2544980137265532,0.0624151967435549,0.1144734691077025,88.55265308922975,88.00991224798143,Inactive,0.11990087752018563,0,0.0,0.0,0.0,0.0,0.1740250047642566,0.07194052651211137,0.2267066151593211,0.14953271028037382,,0.06444444444444444,0.051111111111111114,0.4807283924806589
2023-05-01,0.0,0.0,0.0,0,0,False,0.5714285714285714,41.20242857142858,0.0285714285714285,0.0512820512820512,0.2544980137265532,0.0352781546811396,0.1090460606952195,89.09539393047805,88.55265308922975,Inactive,0.11447346910770251,0,0.0,0.0,0.0,0.0,0.16941170761364596,0.0686840814646215,0.22406075355823557,0.14953271028037382,,0.06444444444444444,0.051111111111111114,0.4807283924806589
2023-05-02,0.0,0.0,0.0,0,0,False,0.2857142857142857,0.0,0.0065934065934065,0.0256410256410256,0.0,0.0081411126187244,0.0144487353442577,98.55512646557423,92.067724495094,Inactive,0.07932275504906006,0,0.0,0.0,0.0,0.0,0.13953360066379988,0.04759365302943603,0.20692478045464738,0.14953271028037382,,0.06444444444444444,0.051111111111111114,0.4807283924806589
2023-05-03,0.0,0.0,0.0,0,0,False,0.2857142857142857,0.0,-0.0153846153846153,0.0256410256410256,0.0,0.0189959294436905,0.0166196987092509,98.33803012907492,95.32951684170904,Inactive,0.04670483158290961,0,0.0,0.0,0.0,0.0,0.111808365717572,0.028022898949745766,0.19102354276489905,0.14953271028037382,,0.06444444444444444,0.051111111111111114,0.4807283924806589
2023-05-04,0.0,0.0,0.0,0,0,False,0.0,0.0,-0.0373626373626373,0.0,0.0,0.0461329715061057,0.0092265943012211,99.07734056987788,98.65683238817566,Inactive,0.013431676118243363,0,0.0,0.0,0.0,0.0,0.08352618357260569,0.008059005670946017,0.17480287947587425,0.14953271028037382,,0.0003178639542275906,0.019071837253655435,0.4807283924806589
2023-05-05,0.0,0.0,0.0,0,0,False,0.0,0.0,-0.0263736263736263,0.0,0.0,0.0325644504748981,0.0065128900949796,99.34871099050204,98.9213605631516,Inactive,0.010786394368484054,0,0.0,0.0,0.0,0.0,0.08127769408531028,0.006471836621090432,0.17351330462286657,0.14953271028037382,,0.0003178639542275906,0.019071837253655435,0.4807283924806589
2023-05-06,0.0,0.0,0.0,0,0,False,0.0,0.0,-0.0439560439560439,0.0,0.0,0.0542740841248303,0.010854816824966,98.9145183175034,99.11352329262776,Inactive,0.008864767073722413,0,0.0,0.0,0.0,0.0,0.07964431088476288,0.005318860244233448,0.1725765113166703,0.0050150451354062184,,0.0003178639542275906,0.019071837253655435,0.4807283924806589
2023-05-07,0.0,0.0,0.0,0,0,False,0.0,0.0,-0.0615384615384615,0.0,0.0,0.0759837177747625,0.0151967435549525,98.48032564450476,98.9145183175034,Inactive,0.01085481682496603,0,0.0,0.0,0.0,0.0,0.08133585317331996,0.006512890094979617,0.17354666057040155,0.14953271028037382,,0.0003178639542275906,0.019071837253655435,0.4807283924806589
2023-05-08,0.0,0.0,0.0,0,0,False,0.0,0.0,-0.0791208791208791,0.0,0.0,0.0976933514246947,0.0195386702849389,98.04613297150613,98.48032564450476,Inactive,0.015196743554952374,0,0.0,0.0,0.0,0.0,0.08502649089380836,0.009118046132971425,0.17566334985126988,0.14953271028037382,,0.0003178639542275906,0.019071837253655435,0.4807283924806589
2023-05-09,0.0,0.0,0.0,0,0,False,0.0,0.0,-0.0967032967032967,0.0,0.0,0.1194029850746268,0.0238805970149253,97.61194029850746,98.04613297150613,Inactive,0.01953867028493872,0,0.0,0.0,0.0,0.0,0.08871712861429674,0.011723202170963232,0.17778003913213825,0.14953271028037382,,0.0003178639542275906,0.019071837253655435,0.4807283924806589
2023-05-10,0.0,0.0,0.0,0,0,False,0.0,0.0,-0.0483516483516483,0.0,0.0,0.0597014925373133,0.0119402985074626,98.80597014925372,98.15468113975577,Inactive,0.018453188602442383,0,0.0,0.0,0.0,0.0,0.08779446918417486,0.011071913161465429,0.17725086681192126,0.14953271028037382,,0.0003178639542275906,0.019071837253655435,0.4807283924806589
2023-05-11,0.0,0.0,0.0,0,0,False,0.0,0.0,-0.0571428571428571,0.0,0.0,0.0705563093622794,0.0141112618724558,98.5888738127544,98.3355947535052,Inactive,0.016644052464947934,0,0.0,0.0,0.0,0.0,0.08625670346730457,0.00998643147896876,0.17636891294489274,0.14953271028037382,,0.0003178639542275906,0.019071837253655435,0.4807283924806589
2023-05-12,0.0,0.0,0.0,0,0,False,0.0,0.0,0.0,0.0,0.0,0.0,0.0,100.0,99.1316146540027,Inactive,0.008683853459972912,0,0.0,0.0,0.0,0.0,0.0794905343130758,0.005210312075983747,0.1724883159299674,0.0050150451354062184,,0.0003178639542275906,0.019071837253655435,0.4807283924806589
2023-05-13,0.0,0.0,0.0,0,0,False,0.0,0.0,0.0,0.0,0.0,0.0,0.0,100.0,99.52962460425148,Inactive,0.004703753957485235,0,0.0,0.0,0.0,0.0,0.07610744973596129,0.0028222523744911407,0.17054801742250467,0.0050150451354062184,,0.0003178639542275906,0.019071837253655435,0.4807283924806589
2023-05-14,0.0,0.0,0.0,0,0,False,0.0,0.0,0.0,0.0,0.0,0.0,0.0,100.0,100.0,Inactive,0.0,0,0.0,0.0,0.0,0.0,0.07210925887209883,0.0,0.1682549373682306,0.0050150451354062184,,0.0003178639542275906,0.019071837253655435,0.4807283924806589
2023-05-15,0.0,0.0,0.0,0,0,False,0.0,0.0,0.0,0.0,0.0,0.0,0.0,100.0,100.0,Inactive,0.0,0,0.0,0.0,0.0,0.0,0.07210925887209883,0.0,0.1682549373682306,0.0050150451354062184,,0.0003178639542275906,0.019071837253655435,0.4807283924806589
2023-05-16,0.0,0.0,0.0,0,0,False,0.0,0.0,0.0,0.0,0.0,0.0,0.0,100.0,100.0,Inactive,0.0,0,0.0,0.0,0.0,0.0,0.07210925887209883,0.0,0.1682549373682306,0.0050150451354062184,,0.0003178639542275906,0.019071837253655435,0.4807283924806589
2023-05-17,0.0,0.0,0.0,0,0,False,0.0,0.0,0.0,0.0,0.0,0.0,0.0,100.0,100.0,Inactive,0.0,0,0.0,0.0,0.0,0.0,0.07210925887209883,0.0,0.1682549373682306,0.0050150451354062184,,0.0003178639542275906,0.019071837253655435,0.4807283924806589
2023-05-18,0.0,0.0,0.0,0,0,False,0.0,0.0,0.0,0.0,0.0,0.0,0.0,100.0,100.0,Inactive,0.0,0,0.0,0.0,0.0,0.0,0.07210925887209883,0.0,0.1682549373682306,0.0050150451354062184,,0.0003178639542275906,0.019071837253655435,0.4807283924806589
2023-05-19,0.0,0.0,0.0,0,0,False,0.0,0.0,0.0,0.0,0.0,0.0,0.0,100.0,100.0,Inactive,0.0,0,1.0,0.0,0.0,0.0,0.07210925887209883,0.0,0.1682549373682306,0.0050150451354062184,,0.0003178639542275906,0.019071837253655435,0.4807283924806589
2023-05-20,0.0,0.0,0.0,0,0,False,0.0,0.0,0.0,0.0,0.0,0.0,0.0,100.0,100.0,Inactive,0.0,0,1.0,0.0,0.0,0.0,0.07210925887209883,0.0,0.1682549373682306,0.0050150451354062184,,0.0003178639542275906,0.019071837253655435,0.4807283924806589
2023-05-21,0.0,0.0,0.0,0,0,False,0.0,0.0,0.0,0.0,0.0,0.0,0.0,100.0,100.0,Inactive,0.0,0,1.0,0.0,0.0,0.0,0.07210925887209883,0.0,0.1682549373682306,0.0050150451354062184,,0.0003178639542275906,0.019071837253655435,0.4807283924806589
2023-05-22,0.0,0.0,0.0,0,0,False,0.0,0.0,0.0,0.0,0.0,0.0,0.0,100.0,100.0,Inactive,0.0,0,1.0,0.0,0.0,0.0,0.07210925887209883,0.0,0.1682549373682306,0.0050150451354062184,,0.0003178639542275906,0.019071837253655435,0.4807283924806589
2023-05-23,0.0,0.0,0.0,0,0,False,0.0,0.0,0.0,0.0,0.0,0.0,0.0,100.0,100.0,Inactive,0.0,0,1.0,0.0,0.0,0.0,0.07210925887209883,0.0,0.1682549373682306,0.0050150451354062184,,0.0003178639542275906,0.019071837253655435,0.4807283924806589
2023-05-24,31.0,10861.677,4.0,850,73,True,4.428571428571429,1551.6681428571428,0.0,0.3974358974358974,1.0,0.0,0.4987179487179487,50.12820512820512,83.37606837606837,Normal,0.1662393162393162,0,1.0,0.0,0.0,0.0,0.21341267767551758,0.09974358974358973,0.24929660403489726,0.14953271028037382,,0.06444444444444444,0.051111111111111114,0.4807283924806589
2023-05-25,2.0,102.547,1.0,11,0,True,4.714285714285714,1566.3177142857144,0.8857142857142857,0.4230769230769231,1.0,1.0,0.7115384615384615,28.84615384615385,59.65811965811967,Warning,0.4034188034188033,0,1.0,0.0,0.0,0.0,0.41501524177808163,0.24205128205128199,0.36492160403489726,0.14953271028037382,,0.06444444444444444,0.051111111111111114,0.4807283924806589
2023-05-26,1.0,204.548,1.0,19,0,True,4.857142857142857,1595.538857142857,0.8065934065934064,0.4358974358974359,1.0,0.9959294436906376,0.7171346066868454,28.286539331315463,35.75363276855815,Critical,0.6424636723144186,1,1.0,0.0,0.0,0.0,0.6182033803393546,0.4140496319600797,0.49306312047865253,,0.6521739130434783,0.06444444444444444,0.051111111111111114,0.4807283924806589
2023-05-27,0.0,0.0,0.0,0,0,False,4.857142857142857,1595.538857142857,0.6901098901098901,0.4358974358974359,1.0,0.8521031207598373,0.6883693421006853,31.163065789931466,29.43191965580026,Inactive,0.7056808034419975,0,1.0,0.0,0.0,0.0,0.6719379417977966,0.4234084820651985,0.5122743290462044,0.14953271028037382,,0.06444444444444444,0.051111111111111114,0.4807283924806589
2023-05-28,0.0,0.0,0.0,0,0,False,4.857142857142857,1595.538857142857,0.5406593406593407,0.4358974358974359,1.0,0.667571234735414,0.6514629648958007,34.85370351041993,31.43443621055562,Inactive,0.6856556378944438,0,1.0,0.0,0.0,0.0,0.6549165510823761,0.4113933827366663,0.502512060841772,0.14953271028037382,,0.06444444444444444,0.051111111111111114,0.4807283924806589
2023-05-29,0.0,0.0,0.0,0,0,False,4.857142857142857,1595.538857142857,0.3912087912087912,0.4358974358974359,1.0,0.4830393487109906,0.614556587690916,38.5443412309084,34.85370351041993,Inactive,0.6514629648958007,0,1.0,0.0,0.0,0.0,0.6258527790335294,0.3908777789374804,0.48584313275493346,0.14953271028037382,,0.06444444444444444,0.051111111111111114,0.4807283924806589
2023-05-30,37.0,21129.233,6.0,1771,10,True,10.142857142857142,4614.000714285714,0.2417582417582417,0.9102564102564102,1.0,0.2985074626865671,0.8148296976655185,18.51703023344815,30.63835832492549,Critical,0.693616416750745,1,1.0,0.0,0.0,0.0,0.6616832131102321,0.44474127862187557,0.5180000833913617,,0.6521739130434783,0.06444444444444444,0.051111111111111114,0.4807283924806589
2023-05-31,37.0,4044.661,5.0,250,24,True,11.0,3640.1412857142855,1.1494505494505494,0.9871794871794872,1.0,1.0,0.9935897435897436,0.6410256410256387,19.234132368460727,Critical,0.8076586763153928,2,0.0,0.0,0.0,0.0,0.7586191337401827,0.5417380629320928,0.5852028277862702,,0.6521739130434783,0.06444444444444444,0.051111111111111114,0.4807283924806589
2023-06-01,4.0,76.495,2.0,1,0,False,11.285714285714286,3636.419571428571,1.8945054945054944,1.0,1.0,1.0,1.0,0.0,6.3860186248245965,Inactive,0.936139813751754,0,0.0,0.0,0.0,0.0,0.8678281005610897,0.5616838882510524,0.6246230965722108,0.14953271028037382,,0.06444444444444444,0.051111111111111114,0.4807283924806589
2023-06-02,0.0,0.0,0.0,0,0,False,11.142857142857142,3607.198428571428,1.534065934065934,1.0,1.0,1.0,1.0,0.0,0.2136752136752129,Inactive,0.9978632478632479,0,0.0,0.0,0.0,0.0,0.9202930195558595,0.5987179487179487,0.6547132707015639,0.14953271028037382,,0.06444444444444444,0.051111111111111114,0.4807283924806589
2023-06-03,0.0,0.0,0.0,0,0,False,11.142857142857142,3607.198428571428,1.0417582417582416,1.0,1.0,1.0,1.0,0.0,0.0,Inactive,1.0,0,0.0,0.0,0.0,0.0,0.9221092588720988,0.6,0.6557549373682307,0.14953271028037382,,0.06444444444444444,0.051111111111111114,0.4807283924806589
2023-06-04,0.0,0.0,0.0,0,0,False,11.142857142857142,3607.198428571428,0.5494505494505495,1.0,1.0,0.67842605156038,0.935685210312076,6.431478968792392,2.143826322930797,Inactive,0.978561736770692,0,0.0,0.0,0.0,0.0,0.9038867351271871,0.5871370420624152,0.6453037840439431,0.14953271028037382,,0.06444444444444444,0.051111111111111114,0.4807283924806589
2023-06-05,5.0,144.78,3.0,3,0,False,11.857142857142858,3627.881285714285,0.0571428571428571,1.0,1.0,0.0705563093622794,0.814111261872456,18.588873812754404,8.340117593848932,Inactive,0.9165988240615107,0,0.0,0.0,0.0,0.0,0.8512182593243829,0.5499592944369064,0.6150968640982171,0.14953271028037382,,0.06444444444444444,0.051111111111111114,0.4807283924806589
2023-06-06,0.0,0.0,0.0,0,0,False,6.571428571428571,609.419428571428,-0.2923076923076923,0.5897435897435898,1.0,0.3609226594301222,0.6670563267578193,33.294367324218065,19.438240035254957,Inactive,0.8056175996474504,0,0.0,0.0,0.0,0.0,0.7568842185724317,0.4833705597884702,0.5609935171963627,0.14953271028037382,,0.06444444444444444,0.051111111111111114,0.4807283924806589
2023-06-07,0.0,0.0,0.0,0,0,False,1.2857142857142858,31.610714285713765,-0.8065934065934065,0.1153846153846154,0.1952521799593717,0.9959294436906376,0.3154538504182468,68.45461495817531,40.11261869838259,Inactive,0.5988738130161742,0,0.0,0.0,0.0,0.0,0.5811519999358469,0.3593242878097045,0.46020592121361553,0.14953271028037382,,0.06444444444444444,0.051111111111111114,0.4807283924806589
2023-06-08,0.0,0.0,0.0,0,0,False,0.7142857142857143,20.682857142856623,-0.2989010989010989,0.0641025641025641,0.1277532961903405,0.3690637720488467,0.1441900253181535,85.58099746818463,62.443326583526,Inactive,0.37556673416473996,0,0.0,0.0,0.0,0.0,0.3913409829121278,0.22534004049884396,0.3513437202735413,0.14953271028037382,,0.06444444444444444,0.051111111111111114,0.4807283924806589
2023-06-09,8.0,574.956,3.0,10,0,False,1.8571428571428568,102.81942857142803,-0.610989010989011,0.1666666666666666,0.6350921839125069,0.7544097693351426,0.4247429423741139,57.52570576258861,70.52043939631618,Inactive,0.2947956060368382,0,0.0,0.0,0.0,0.0,0.3226855240034113,0.1768773636221029,0.31196779531118923,0.14953271028037382,,0.06444444444444444,0.051111111111111114,0.4807283924806589
2023-06-10,0.0,0.0,0.0,0,0,False,1.8571428571428568,102.81942857142803,-0.7186813186813186,0.1666666666666666,0.6350921839125069,0.8873812754409769,0.4513372435952808,54.86627564047192,65.99099295708173,Inactive,0.3400900704291827,0,0.0,0.0,0.0,0.0,0.36118581873690414,0.20405404225750962,0.33404884670245716,0.14953271028037382,,0.06444444444444444,0.051111111111111114,0.4807283924806589
2023-06-11,0.0,0.0,0.0,0,0,False,1.8571428571428568,102.81942857142803,-1.1186813186813185,0.1666666666666666,0.6350921839125069,1.0,0.4738609885070854,52.61390114929145,55.001960850784,Inactive,0.44998039149215996,0,0.0,0.0,0.0,0.0,0.4545925916404348,0.26998823489529594,0.38762037822065853,0.14953271028037382,,0.06444444444444444,0.051111111111111114,0.4807283924806589
2023-06-12,0.0,0.0,0.0,0,0,False,1.1428571428571428,82.13657142857092,-1.5186813186813186,0.1025641025641025,0.5073388877221633,1.0,0.4034837175987003,59.65162824012997,55.71060167663111,Inactive,0.4428939832336889,0,0.0,0.0,0.0,0.0,0.4485691446207344,0.2657363899402133,0.38416575419465393,0.14953271028037382,,0.06444444444444444,0.051111111111111114,0.4807283924806589
2023-06-13,0.0,0.0,0.0,0,0,False,1.1428571428571428,82.13657142857092,-1.9186813186813183,0.1025641025641025,0.5073388877221633,1.0,0.4034837175987003,59.65162824012997,57.30571920985046,Inactive,0.4269428079014954,0,0.0,0.0,0.0,0.0,0.43501064558836994,0.25616568474089724,0.37638955622020964,0.14953271028037382,,0.06444444444444444,0.051111111111111114,0.4807283924806589
2023-06-14,0.0,0.0,0.0,0,0,False,1.1428571428571428,82.13657142857092,-1.098901098901099,0.1025641025641025,0.5073388877221633,1.0,0.4034837175987003,59.65162824012997,59.65162824012997,Inactive,0.4034837175987003,0,0.0,0.0,0.0,0.0,0.41507041883099405,0.24209023055922016,0.364953249697597,0.14953271028037382,,0.06444444444444444,0.051111111111111114,0.4807283924806589
2023-06-15,0.0,0.0,0.0,0,0,False,1.1428571428571428,82.13657142857092,-0.1164835164835164,0.1025641025641025,0.5073388877221633,0.1438263229308004,0.2322489821848603,76.77510178151397,65.35945275392463,Inactive,0.3464054724607537,0,0.0,0.0,0.0,0.0,0.3665539104637395,0.20784328347645223,0.337127605192848,0.14953271028037382,,0.06444444444444444,0.051111111111111114,0.4807283924806589
2023-06-16,0.0,0.0,0.0,0,0,False,0.0,0.0,-0.0593406593406593,0.0,0.0,0.0732700135685209,0.0146540027137042,98.53459972862956,78.32044325009117,Inactive,0.21679556749908824,0,0.0,0.0,0.0,0.0,0.2563854912463238,0.13007734049945294,0.2739427765240361,0.14953271028037382,,0.06444444444444444,0.051111111111111114,0.4807283924806589
2023-06-17,0.0,0.0,0.0,1,0,False,0.0,0.0,-0.1164835164835164,0.0,0.0,0.1438263229308004,0.02876526458616,97.123473541384,90.8110583505092,Inactive,0.091889416494908,0,0.0,0.0,0.0,0.0,0.15021526289277065,0.0551336498969448,0.21305102790949826,0.14953271028037382,,0.06444444444444444,0.051111111111111114,0.4807283924806589
2023-06-18,0.0,0.0,0.0,0,0,False,0.0,0.0,-0.1736263736263736,0.0,0.0,0.21438263229308,0.042876526458616,95.7123473541384,97.123473541384,Inactive,0.028765264586160022,0,0.0,0.0,0.0,0.0,0.09655973377033485,0.01725915875169601,0.18227800385398363,0.14953271028037382,,0.06444444444444444,0.051111111111111114,0.4807283924806589
2023-06-19,0.0,0.0,0.0,0,0,False,0.0,0.0,-0.2307692307692307,0.0,0.0,0.2849389416553595,0.0569877883310719,94.30122116689282,95.7123473541384,Inactive,0.04287652645861595,0,0.0,0.0,0.0,0.0,0.1085543063619224,0.025725915875169567,0.1891572440168059,0.14953271028037382,,0.06444444444444444,0.051111111111111114,0.4807283924806589
2023-06-20,0.0,0.0,0.0,0,0,False,0.0,0.0,-0.123076923076923,0.0,0.0,0.151967435549525,0.030393487109905,96.9606512890095,95.65807327001356,Inactive,0.04341926729986445,0,0.0,0.0,0.0,0.0,0.10901563607698361,0.02605156037991867,0.18942183017691452,0.14953271028037382,,0.06444444444444444,0.051111111111111114,0.4807283924806589
2023-06-21,0.0,0.0,0.0,0,0,False,0.0,0.0,-0.1582417582417582,0.0,0.0,0.1953867028493894,0.0390773405698778,96.0922659430122,95.78471279963816,Inactive,0.04215287200361839,0,0.0,0.0,0.0,0.0,0.10793920007517446,0.025291723202171035,0.18880446246999458,0.14953271028037382,,0.06444444444444444,0.051111111111111114,0.4807283924806589
2023-06-22,0.0,0.0,0.0,0,0,False,0.0,0.0,-0.1934065934065934,0.0,0.0,0.2388059701492537,0.0477611940298507,95.22388059701493,96.0922659430122,Inactive,0.039077340569878105,0,0.0,0.0,0.0,0.0,0.10532499835649523,0.023446404341926862,0.1873051408960462,0.14953271028037382,,0.06444444444444444,0.051111111111111114,0.4807283924806589
2023-06-23,0.0,0.0,0.0,0,0,False,0.0,0.0,-0.2285714285714285,0.0,0.0,0.282225237449118,0.0564450474898236,94.35549525101764,95.22388059701493,Inactive,0.047761194029850795,0,0.0,0.0,0.0,0.0,0.112706273797472,0.028656716417910476,0.19153851945778286,0.14953271028037382,,0.06444444444444444,0.051111111111111114,0.4807283924806589
2023-06-24,0.0,0.0,0.0,0,0,False,0.0,0.0,0.0,0.0,0.0,0.0,0.0,100.0,96.52645861601086,Inactive,0.03473541383989143,0,0.0,0.0,0.0,0.0,0.10163436063600655,0.020841248303934856,0.18518845161517766,0.14953271028037382,,0.06444444444444444,0.051111111111111114,0.4807283924806589
2023-06-25,0.0,0.0,0.0,0,0,False,0.0,0.0,0.0,0.0,0.0,0.0,0.0,100.0,98.11849841700588,Inactive,0.018815015829941162,0,0.0,0.0,0.0,0.0,0.08810202232754882,0.011289009497964696,0.17742725758532693,0.14953271028037382,,0.0003178639542275906,0.019071837253655435,0.4807283924806589
2023-06-26,0.0,0.0,0.0,0,0,False,0.0,0.0,0.0,0.0,0.0,0.0,0.0,100.0,100.0,Inactive,0.0,0,0.0,0.0,0.0,0.0,0.07210925887209883,0.0,0.1682549373682306,0.0050150451354062184,,0.0003178639542275906,0.019071837253655435,0.4807283924806589
2023-06-27,0.0,0.0,0.0,0,0,False,0.0,0.0,0.0,0.0,0.0,0.0,0.0,100.0,100.0,Inactive,0.0,0,0.0,0.0,0.0,0.0,0.07210925887209883,0.0,0.1682549373682306,0.0050150451354062184,,0.0003178639542275906,0.019071837253655435,0.4807283924806589
2023-06-28,0.0,0.0,0.0,0,0,False,0.0,0.0,0.0,0.0,0.0,0.0,0.0,100.0,100.0,Inactive,0.0,0,0.0,0.0,0.0,0.0,0.07210925887209883,0.0,0.1682549373682306,0.0050150451354062184,,0.0003178639542275906,0.019071837253655435,0.4807283924806589
2023-06-29,0.0,0.0,0.0,0,0,False,0.0,0.0,0.0,0.0,0.0,0.0,0.0,100.0,100.0,Inactive,0.0,0,0.0,0.0,0.0,0.0,0.07210925887209883,0.0,0.1682549373682306,0.0050150451354062184,,0.0003178639542275906,0.019071837253655435,0.4807283924806589
2023-06-30,2.0,0.0,1.0,1,0,False,0.2857142857142857,0.0,0.0,0.0256410256410256,0.0,0.0,0.0128205128205128,98.71794871794872,99.57264957264958,Inactive,0.004273504273504147,0,0.0,0.0,0.0,0.0,0.07574173750457736,0.002564102564102488,0.17033827070156388,0.0050150451354062184,,0.0003178639542275906,0.019071837253655435,0.4807283924806589
2023-07-01,0.0,0.0,0.0,0,0,False,0.2857142857142857,0.0,0.0571428571428571,0.0256410256410256,0.0,0.0705563093622794,0.0269317746929687,97.30682253070312,98.67492374955062,Inactive,0.013250762504493863,0,0.0,0.0,0.0,0.0,0.08337240700091862,0.007950457502696318,0.17471468408917137,0.14953271028037382,,0.0003178639542275906,0.019071837253655435,0.4807283924806589
2023-07-02,0.0,0.0,0.0,0,0,False,0.2857142857142857,0.0,0.0483516483516483,0.0256410256410256,0.0,0.0597014925373133,0.0247608113279754,97.52391886720244,97.84956337195143,Inactive,0.021504366280485687,0,0.0,0.0,0.0,0.0,0.09038797021051166,0.012902619768291412,0.1787383159299674,0.14953271028037382,,0.0003178639542275906,0.019071837253655435,0.4807283924806589
2023-07-03,0.0,0.0,0.0,0,0,False,0.2857142857142857,0.0,0.0395604395604395,0.0256410256410256,0.0,0.0488466757123472,0.0225898479629822,97.74101520370178,97.52391886720244,Inactive,0.024760811327975585,0,0.0,0.0,0.0,0.0,0.09315594850087808,0.01485648679678535,0.1803258328906187,0.14953271028037382,,0.06444444444444444,0.051111111111111114,0.4807283924806589
2023-07-04,0.0,0.0,0.0,0,0,False,0.2857142857142857,0.0,0.0307692307692307,0.0256410256410256,0.0,0.0379918588873812,0.020418884597989,97.9581115402011,97.7410152037018,Inactive,0.022589847962981913,0,0.0,0.0,0.0,0.0,0.09131062964063345,0.013553908777789147,0.1792674882501843,0.14953271028037382,,0.0003178639542275906,0.019071837253655435,0.4807283924806589
2023-07-05,0.0,0.0,0.0,0,0,False,0.2857142857142857,0.0,0.0219780219780219,0.0256410256410256,0.0,0.0271370420624151,0.0182479212329958,98.17520787670044,97.95811154020112,Inactive,0.020418884597988796,0,0.0,0.0,0.0,0.0,0.0894653107803893,0.012251330758793278,0.17820914360975015,0.14953271028037382,,0.0003178639542275906,0.019071837253655435,0.4807283924806589
2023-07-06,0.0,0.0,0.0,0,0,False,0.2857142857142857,0.0,0.0131868131868131,0.0256410256410256,0.0,0.016282225237449,0.0160769578680026,98.39230421319974,98.1752078767004,Inactive,0.01824792123299601,0,0.0,0.0,0.0,0.0,0.08761999192014544,0.010948752739797606,0.17715079896931615,0.14953271028037382,,0.0003178639542275906,0.019071837253655435,0.4807283924806589
2023-07-07,0.0,0.0,0.0,0,0,False,0.0,0.0,0.0043956043956043,0.0,0.0,0.0054274084124829,0.0010854816824965,99.89145183175036,98.81965464055016,Inactive,0.011803453594498414,0,0.0,0.0,0.0,0.0,0.08214219442742249,0.007082072156699048,0.17400912099554858,0.14953271028037382,,0.0003178639542275906,0.019071837253655435,0.4807283924806589
2023-07-08,0.0,0.0,0.0,0,0,False,0.0,0.0,-0.0043956043956043,0.0,0.0,0.0054274084124829,0.0010854816824965,99.89145183175036,99.39173595890014,Inactive,0.0060826404109985965,0,0.0,0.0,0.0,0.0,0.07727950322144764,0.0036495842465991577,0.17122022456859243,0.0050150451354062184,,0.0003178639542275906,0.019071837253655435,0.4807283924806589
2023-07-09,0.0,0.0,0.0,0,0,False,0.0,0.0,-0.0131868131868131,0.0,0.0,0.016282225237449,0.0032564450474898,99.67435549525102,99.81908638625056,Inactive,0.0018091361374943382,0,0.0,0.0,0.0,0.0,0.07364702458896902,0.001085481682496603,0.1691368912352591,0.0050150451354062184,,0.0003178639542275906,0.019071837253655435,0.4807283924806589
2023-07-10,0.0,0.0,0.0,0,0,False,0.0,0.0,-0.0219780219780219,0.0,0.0,0.0271370420624151,0.005427408412483,99.4572591587517,99.67435549525102,Inactive,0.0032564450474897866,0,0.0,0.0,0.0,0.0,0.07487723716246515,0.001953867028493872,0.16984245432888187,0.0050150451354062184,,0.0003178639542275906,0.019071837253655435,0.4807283924806589
2023-07-11,0.0,0.0,0.0,0,0,False,0.0,0.0,-0.0307692307692307,0.0,0.0,0.0379918588873812,0.0075983717774762,99.24016282225236,99.4572591587517,Inactive,0.005427408412483015,0,0.0,0.0,0.0,0.0,0.0767225560227094,0.0032564450474898087,0.17090079896931606,0.0050150451354062184,,0.0003178639542275906,0.019071837253655435,0.4807283924806589
2023-07-12,2.0,0.0,1.0,1,0,False,0.2857142857142857,0.0,-0.0395604395604395,0.0256410256410256,0.0,0.0488466757123472,0.0225898479629822,97.74101520370178,98.81281239490195,Inactive,0.011871876050980501,0,0.0,0.0,0.0,0.0,0.08220035351543226,0.0071231256305883004,0.1740424769430836,0.14953271028037382,,0.0003178639542275906,0.019071837253655435,0.4807283924806589
2023-07-13,0.0,0.0,0.0,44,20,True,0.2857142857142857,0.0,0.0087912087912087,0.0256410256410256,0.0,0.0108548168249659,0.014991476185506,98.5008523814494,98.4940101358012,Normal,0.015059898641987979,0,0.0,0.0,0.0,0.0,0.08491017271778861,0.009035939185192786,0.17559663795619976,0.14953271028037382,,0.0003178639542275906,0.019071837253655435,0.4807283924806589
2023-07-14,0.0,0.0,0.0,49,18,True,0.2857142857142857,0.0,-0.0087912087912087,0.0256410256410256,0.0,0.0108548168249659,0.014991476185506,98.5008523814494,98.2475733222002,Normal,0.01752426677799801,0,0.0,0.0,0.0,0.0,0.08700488563339714,0.010514560066798805,0.17679801742250464,0.14953271028037382,,0.0003178639542275906,0.019071837253655435,0.4807283924806589
2023-07-15,0.0,0.0,0.0,66,22,True,0.2857142857142857,0.0,0.0395604395604395,0.0256410256410256,0.0,0.0488466757123472,0.0225898479629822,97.74101520370178,98.2475733222002,Normal,0.01752426677799801,0,0.0,0.0,0.0,0.0,0.08700488563339714,0.010514560066798805,0.17679801742250464,0.14953271028037382,,0.0003178639542275906,0.019071837253655435,0.4807283924806589
2023-07-16,0.0,0.0,0.0,60,20,True,0.2857142857142857,0.0,0.0307692307692307,0.0256410256410256,0.0,0.0379918588873812,0.020418884597989,97.9581115402011,98.06665970845076,Normal,0.01933340291549246,0,0.0,0.0,0.0,0.0,0.08854265135026743,0.011600041749295475,0.17767997128953317,0.14953271028037382,,0.0003178639542275906,0.019071837253655435,0.4807283924806589
2023-07-17,0.0,0.0,0.0,67,24,True,0.2857142857142857,0.0,0.0219780219780219,0.0256410256410256,0.0,0.0271370420624151,0.0182479212329958,98.17520787670044,97.9581115402011,Normal,0.020418884597989018,0,0.0,0.0,0.0,0.0,0.0894653107803895,0.01225133075879341,0.17820914360975026,0.14953271028037382,,0.0003178639542275906,0.019071837253655435,0.4807283924806589
2023-07-18,0.0,0.0,0.0,73,24,True,0.2857142857142857,0.0,0.0131868131868131,0.0256410256410256,0.0,0.016282225237449,0.0160769578680026,98.39230421319974,98.17520787670044,Normal,0.018247921232995568,0,0.0,0.0,0.0,0.0,0.08761999192014507,0.01094875273979734,0.17715079896931596,0.14953271028037382,,0.0003178639542275906,0.019071837253655435,0.4807283924806589
2023-07-19,0.0,0.0,0.0,62,25,True,0.0,0.0,0.0043956043956043,0.0,0.0,0.0054274084124829,0.0010854816824965,99.89145183175036,98.81965464055016,Normal,0.011803453594498414,0,0.0,0.0,0.0,0.0,0.08214219442742249,0.007082072156699048,0.17400912099554858,0.14953271028037382,,0.0003178639542275906,0.019071837253655435,0.4807283924806589
2023-07-20,0.0,0.0,0.0,72,24,True,0.0,0.0,-0.0043956043956043,0.0,0.0,0.0054274084124829,0.0010854816824965,99.89145183175036,99.39173595890014,Normal,0.0060826404109985965,0,0.0,0.0,0.0,0.0,0.07727950322144764,0.0036495842465991577,0.17122022456859243,0.0050150451354062184,,0.0003178639542275906,0.019071837253655435,0.4807283924806589
2023-07-21,0.0,0.0,0.0,60,20,True,0.0,0.0,-0.0131868131868131,0.0,0.0,0.016282225237449,0.0032564450474898,99.67435549525102,99.81908638625056,Normal,0.0018091361374943382,0,0.0,0.0,0.0,0.0,0.07364702458896902,0.001085481682496603,0.1691368912352591,0.0050150451354062184,,0.0003178639542275906,0.019071837253655435,0.4807283924806589
2023-07-22,2.0,0.0,1.0,68,30,True,0.2857142857142857,0.0,-0.0219780219780219,0.0256410256410256,0.0,0.0271370420624151,0.0182479212329958,98.17520787670044,99.2470050679006,Normal,0.007529949320993934,0,0.0,0.0,0.0,0.0,0.07850971579494367,0.00451796959259636,0.17192578766221514,0.0050150451354062184,,0.0003178639542275906,0.019071837253655435,0.4807283924806589
2023-07-23,0.0,0.0,0.0,66,23,True,0.2857142857142857,0.0,0.0263736263736263,0.0256410256410256,0.0,0.0325644504748981,0.0193334029154924,98.06665970845076,98.63874102680072,Normal,0.013612589731992863,0,0.0,0.0,0.0,0.0,0.08367996014429277,0.008167553839195717,0.17489107486257713,0.14953271028037382,,0.0003178639542275906,0.019071837253655435,0.4807283924806589
2023-07-24,0.0,0.0,0.0,80,30,True,0.2857142857142857,0.0,0.0087912087912087,0.0256410256410256,0.0,0.0108548168249659,0.014991476185506,98.5008523814494,98.2475733222002,Normal,0.01752426677799801,0,0.0,0.0,0.0,0.0,0.08700488563339714,0.010514560066798805,0.17679801742250464,0.14953271028037382,,0.0003178639542275906,0.019071837253655435,0.4807283924806589
2023-07-25,0.0,0.0,0.0,73,26,True,0.2857142857142857,0.0,-0.0087912087912087,0.0256410256410256,0.0,0.0108548168249659,0.014991476185506,98.5008523814494,98.35612149044988,Normal,0.01643878509550123,0,0.0,0.0,0.0,0.0,0.08608222620327488,0.009863271057300737,0.17626884510228746,0.14953271028037382,,0.0003178639542275906,0.019071837253655435,0.4807283924806589
2023-07-26,2.0,0.0,1.0,61,20,True,0.5714285714285714,0.0,-0.0263736263736263,0.0512820512820512,0.0,0.0325644504748981,0.0321539157360052,96.78460842639949,97.92877106309945,Normal,0.020712289369005488,0,0.0,0.0,0.0,0.0,0.0897147048357535,0.012427373621403292,0.1783521784356208,0.14953271028037382,,0.0003178639542275906,0.019071837253655435,0.4807283924806589
2023-07-27,19.0,730.955,4.0,85,36,True,3.2857142857142856,104.42214285714236,0.0791208791208791,0.2948717948717949,0.6449917848930256,0.0976933514246947,0.360472103188744,63.9527896811256,86.41275016299149,Normal,0.1358724983700852,0,0.0,0.0,0.0,0.0,0.18760088248667123,0.08152349902205111,0.23449278032364712,0.14953271028037382,,0.06444444444444444,0.051111111111111114,0.4807283924806589
2023-07-28,0.0,0.0,0.0,66,22,True,3.2857142857142856,104.42214285714236,0.6043956043956044,0.2948717948717949,0.6449917848930256,0.746268656716418,0.4901871642470886,50.98128357529114,70.57289389427207,Watch,0.2942710610572793,0,0.0,0.0,0.0,0.0,0.32223966077078625,0.17656263663436758,0.31171207963365427,0.14953271028037382,,0.06444444444444444,0.051111111111111114,0.4807283924806589
2023-07-29,0.0,0.0,0.0,78,26,True,3.0,104.42214285714236,0.5032967032967033,0.2692307692307692,0.6449917848930256,0.6214382632293081,0.4524005727291539,54.759942727084606,56.56467199450045,Warning,0.4343532800549955,0,0.0,0.0,0.0,0.0,0.44130954691884505,0.2606119680329973,0.38000216139504095,0.14953271028037382,,0.06444444444444444,0.051111111111111114,0.4807283924806589
2023-07-30,0.0,0.0,0.0,55,20,True,3.0,104.42214285714236,0.4021978021978021,0.2692307692307692,0.6449917848930256,0.496607869742198,0.4274344940317319,57.25655059682681,54.33259229973419,Warning,0.45667407700265816,0,0.0,0.0,0.0,0.0,0.4602822243243583,0.27400444620159486,0.39088354990702645,0.14953271028037382,,0.06444444444444444,0.051111111111111114,0.4807283924806589
2023-07-31,0.0,0.0,0.0,60,20,True,3.0,104.42214285714236,0.3010989010989011,0.2692307692307692,0.6449917848930256,0.3717774762550882,0.4024684153343099,59.75315846656901,57.256550596826806,Warning,0.42743449403173195,0,0.0,0.0,0.0,0.0,0.435428578799071,0.2564606964190392,0.37662925320869994,0.14953271028037382,,0.06444444444444444,0.051111111111111114,0.4807283924806589
2023-08-01,0.0,0.0,0.0,71,26,True,3.0,104.42214285714236,0.1999999999999999,0.2692307692307692,0.6449917848930256,0.2469470827679782,0.3775023366368879,62.24976633631121,59.75315846656901,Warning,0.4024684153343099,0,0.0,0.0,0.0,0.0,0.41420741190626226,0.2414810492005859,0.36445828984370665,0.14953271028037382,,0.06444444444444444,0.051111111111111114,0.4807283924806589
2023-08-02,0.0,0.0,0.0,66,24,True,2.7142857142857144,104.42214285714236,0.0989010989010989,0.2435897435897436,0.6449917848930256,0.1221166892808684,0.3397157451189531,66.02842548810469,62.67711676366164,Watch,0.37322883236338367,0,0.0,0.0,0.0,0.0,0.38935376638097496,0.2239372994180302,0.35020399314538014,0.14953271028037382,,0.06444444444444444,0.051111111111111114,0.4807283924806589
2023-08-03,0.0,0.0,0.0,76,30,True,0.0,0.0,-0.0021978021978021,0.0,0.0,0.0027137042062413,0.0005427408412482,99.94572591587516,76.0746392467637,Watch,0.23925360753236302,0,0.0,0.0,0.0,0.0,0.27547482527460737,0.1435521645194178,0.28489107104025757,0.14953271028037382,,0.06444444444444444,0.051111111111111114,0.4807283924806589
2023-08-04,0.0,0.0,0.0,67,24,True,0.0,0.0,-0.1032967032967032,0.0,0.0,0.1275440976933513,0.0255088195386702,97.44911804613298,87.80775648337095,Normal,0.12192243516629053,0,0.0,0.0,0.0,0.0,0.17574332876344578,0.07315346109977432,0.22769212451179724,0.14953271028037382,,0.06444444444444444,0.051111111111111114,0.4807283924806589
2023-08-05,0.0,0.0,0.0,68,26,True,0.0,0.0,-0.2043956043956044,0.0,0.0,0.2523744911804613,0.0504748982360922,94.95251017639076,97.44911804613298,Normal,0.025508819538670235,0,0.0,0.0,0.0,0.0,0.09379175547996853,0.015305291723202141,0.18069048689333234,0.14953271028037382,,0.06444444444444444,0.051111111111111114,0.4807283924806589
2023-08-06,0.0,0.0,0.0,55,20,True,0.0,0.0,-0.2395604395604395,0.0,0.0,0.2957937584803256,0.0591587516960651,94.08412483039348,95.49525101763908,Normal,0.04504748982360918,0,0.0,0.0,0.0,0.0,0.11039962522216663,0.027028493894165506,0.1902155886572401,0.14953271028037382,,0.06444444444444444,0.051111111111111114,0.4807283924806589
2023-08-07,0.0,0.0,0.0,68,26,True,0.0,0.0,-0.3318681318681318,0.0,0.0,0.4097693351424694,0.0819538670284938,91.8046132971506,93.61374943464496,Normal,0.06386250565355045,0,0.0,0.0,0.0,0.0,0.1263923886776167,0.03831750339213027,0.19938790887433644,0.14953271028037382,,0.06444444444444444,0.051111111111111114,0.4807283924806589
2023-08-08,0.0,0.0,0.0,80,28,True,0.0,0.0,-0.4241758241758241,0.0,0.0,0.5237449118046132,0.1047489823609226,89.52510176390773,91.80461329715062,Normal,0.08195386702849372,0,0.0,0.0,0.0,0.0,0.1417700458463185,0.04917232021709623,0.20820744754462128,0.14953271028037382,,0.06444444444444444,0.051111111111111114,0.4807283924806589
2023-08-09,2.0,0.0,1.0,64,24,True,0.2857142857142857,0.0,-0.5164835164835164,0.0256410256410256,0.0,0.6377204884667571,0.1403646105138642,85.96353894861358,89.09775133655732,Normal,0.10902248663442682,0,0.0,0.0,0.0,0.0,0.16477837251136163,0.06541349198065609,0.22140339960251368,0.14953271028037382,,0.06444444444444444,0.051111111111111114,0.4807283924806589
2023-08-10,0.0,0.0,0.0,42,12,True,0.2857142857142857,0.0,-0.4857142857142857,0.0256410256410256,0.0,0.5997286295793759,0.132766238736388,86.7233761263612,87.40400561296083,Normal,0.12595994387039167,0,0.0,0.0,0.0,0.0,0.17917521116193175,0.075575966322235,0.22966041000504656,0.14953271028037382,,0.06444444444444444,0.051111111111111114,0.4807283924806589
2023-08-11,0.0,0.0,0.0,55,18,True,0.2857142857142857,0.0,0.0483516483516483,0.0256410256410256,0.0,0.0597014925373133,0.0247608113279754,97.52391886720244,90.07027798072575,Normal,0.09929722019274256,0,0.0,0.0,0.0,0.0,0.15651189603593002,0.05957833211564553,0.2166623322121926,0.14953271028037382,,0.06444444444444444,0.051111111111111114,0.4807283924806589
2023-08-12,0.0,0.0,0.0,0,0,False,0.2857142857142857,0.0,0.0395604395604395,0.0256410256410256,0.0,0.0488466757123472,0.0225898479629822,97.74101520370178,93.99610339908848,Inactive,0.06003896600911518,0,0.0,0.0,0.0,0.0,0.12314237997984673,0.03602337960546911,0.19752393329767426,0.14953271028037382,,0.06444444444444444,0.051111111111111114,0.4807283924806589
2023-08-13,0.0,0.0,0.0,0,0,False,0.2857142857142857,0.0,0.0307692307692307,0.0256410256410256,0.0,0.0379918588873812,0.020418884597989,97.9581115402011,97.7410152037018,Inactive,0.022589847962981913,0,0.0,0.0,0.0,0.0,0.09131062964063345,0.013553908777789147,0.1792674882501843,0.14953271028037382,,0.0003178639542275906,0.019071837253655435,0.4807283924806589
2023-08-14,0.0,0.0,0.0,0,0,False,0.2857142857142857,0.0,0.0219780219780219,0.0256410256410256,0.0,0.0271370420624151,0.0182479212329958,98.17520787670044,97.95811154020112,Inactive,0.020418884597988796,0,0.0,0.0,0.0,0.0,0.0894653107803893,0.012251330758793278,0.17820914360975015,0.14953271028037382,,0.0003178639542275906,0.019071837253655435,0.4807283924806589
2023-08-15,0.0,0.0,0.0,0,0,False,0.2857142857142857,0.0,0.0131868131868131,0.0256410256410256,0.0,0.016282225237449,0.0160769578680026,98.39230421319974,98.17520787670044,Inactive,0.018247921232995568,0,0.0,0.0,0.0,0.0,0.08761999192014507,0.01094875273979734,0.17715079896931596,0.14953271028037382,,0.0003178639542275906,0.019071837253655435,0.4807283924806589
2023-08-16,0.0,0.0,0.0,0,0,False,0.0,0.0,0.0043956043956043,0.0,0.0,0.0054274084124829,0.0010854816824965,99.89145183175036,98.81965464055018,Inactive,0.011803453594498192,0,0.0,0.0,0.0,0.0,0.0821421944274223,0.007082072156698915,0.17400912099554847,0.14953271028037382,,0.0003178639542275906,0.019071837253655435,0.4807283924806589
2023-08-17,0.0,0.0,0.0,0,0,False,0.0,0.0,-0.0043956043956043,0.0,0.0,0.0054274084124829,0.0010854816824965,99.89145183175036,99.39173595890014,Inactive,0.0060826404109985965,0,0.0,0.0,0.0,0.0,0.07727950322144764,0.0036495842465991577,0.17122022456859243,0.0050150451354062184,,0.0003178639542275906,0.019071837253655435,0.4807283924806589
2023-08-18,0.0,0.0,0.0,0,0,False,0.0,0.0,-0.0131868131868131,0.0,0.0,0.016282225237449,0.0032564450474898,99.67435549525102,99.8190863862506,Inactive,0.0018091361374940051,0,0.0,0.0,0.0,0.0,0.07364702458896874,0.001085481682496403,0.16913689123525893,0.0050150451354062184,,0.0003178639542275906,0.019071837253655435,0.4807283924806589
2023-08-19,0.0,0.0,0.0,0,0,False,0.0,0.0,-0.0219780219780219,0.0,0.0,0.0271370420624151,0.005427408412483,99.4572591587517,99.67435549525102,Inactive,0.0032564450474897866,0,0.0,0.0,0.0,0.0,0.07487723716246515,0.001953867028493872,0.16984245432888187,0.0050150451354062184,,0.0003178639542275906,0.019071837253655435,0.4807283924806589
2023-08-20,0.0,0.0,0.0,68,24,True,0.0,0.0,-0.0307692307692307,0.0,0.0,0.0379918588873812,0.0075983717774762,99.24016282225236,99.4572591587517,Normal,0.005427408412483015,0,0.0,0.0,0.0,0.0,0.0767225560227094,0.0032564450474898087,0.17090079896931606,0.0050150451354062184,,0.0003178639542275906,0.019071837253655435,0.4807283924806589
2023-08-21,0.0,0.0,0.0,60,20,True,0.0,0.0,-0.0395604395604395,0.0,0.0,0.0488466757123472,0.0097693351424694,99.02306648575303,99.2401628222524,Normal,0.007598371777476021,0,0.0,0.0,0.0,0.0,0.07856787488295346,0.004559023066485612,0.17195914360975018,0.0050150451354062184,,0.0003178639542275906,0.019071837253655435,0.4807283924806589
2023-08-22,0.0,0.0,0.0,52,24,True,0.0,0.0,-0.0483516483516483,0.0,0.0,0.0597014925373133,0.0119402985074626,98.80597014925372,99.02306648575306,Normal,0.00976933514246936,0,0.0,0.0,0.0,0.0,0.08041319374319779,0.005861601085481616,0.17301748825018443,0.14953271028037382,,0.0003178639542275906,0.019071837253655435,0.4807283924806589
2023-08-23,0.0,0.0,0.0,69,24,True,0.0,0.0,-0.0571428571428571,0.0,0.0,0.0705563093622794,0.0141112618724558,98.5888738127544,98.80597014925372,Normal,0.01194029850746281,0,0.0,0.0,0.0,0.0,0.08225851260344222,0.007164179104477686,0.17407583289061873,0.14953271028037382,,0.0003178639542275906,0.019071837253655435,0.4807283924806589
2023-08-24,0.0,0.0,0.0,78,26,True,0.0,0.0,0.0,0.0,0.0,0.0,0.0,100.0,99.13161465400272,Normal,0.008683853459972801,0,0.0,0.0,0.0,0.0,0.07949053431307572,0.00521031207598368,0.17248831592996736,0.0050150451354062184,,0.0003178639542275906,0.019071837253655435,0.4807283924806589
2023-08-25,4.0,0.0,1.0,63,22,True,0.5714285714285714,0.0,0.0,0.0512820512820512,0.0,0.0,0.0256410256410256,97.43589743589745,98.67492374955062,Normal,0.013250762504493863,0,0.0,0.0,0.0,0.0,0.08337240700091862,0.007950457502696318,0.17471468408917137,0.14953271028037382,,0.0003178639542275906,0.019071837253655435,0.4807283924806589
2023-08-26,0.0,0.0,0.0,66,22,True,0.5714285714285714,0.0,0.1142857142857142,0.0512820512820512,0.0,0.1411126187245589,0.0538635493859374,94.61364506140626,97.34984749910124,Normal,0.026501525008987503,0,0.0,0.0,0.0,0.0,0.0946355551297382,0.0159009150053925,0.181174430810112,0.14953271028037382,,0.06444444444444444,0.051111111111111114,0.4807283924806589
2023-08-27,0.0,0.0,0.0,55,20,True,0.5714285714285714,0.0,0.0967032967032967,0.0512820512820512,0.0,0.1194029850746268,0.049521622655951,95.0478377344049,95.69912674390288,Normal,0.04300873256097115,0,0.0,0.0,0.0,0.0,0.10866668154892431,0.025805239536582692,0.18922169449170403,0.14953271028037382,,0.06444444444444444,0.051111111111111114,0.4807283924806589
2023-08-28,0.0,0.0,0.0,60,20,True,0.5714285714285714,0.0,0.0791208791208791,0.0512820512820512,0.0,0.0976933514246947,0.0451796959259645,95.48203040740354,95.0478377344049,Normal,0.04952162265595106,0,0.0,0.0,0.0,0.0,0.11420263812965722,0.029712973593570634,0.19239672841300676,0.14953271028037382,,0.06444444444444444,0.051111111111111114,0.4807283924806589
2023-08-29,0.0,0.0,0.0,84,28,True,0.5714285714285714,0.0,0.0615384615384615,0.0512820512820512,0.0,0.0759837177747625,0.0408377691959781,95.9162230804022,95.48203040740354,Normal,0.0451796959259646,0,0.0,0.0,0.0,0.0,0.11051200040916875,0.02710781755557876,0.19028003913213834,0.14953271028037382,,0.06444444444444444,0.051111111111111114,0.4807283924806589
2023-08-30,0.0,0.0,0.0,62,24,True,0.5714285714285714,0.0,0.0439560439560439,0.0512820512820512,0.0,0.0542740841248303,0.0364958424659917,96.35041575340082,95.9162230804022,Normal,0.040837769195977924,0,0.0,0.0,0.0,0.0,0.10682136268868006,0.024502661517586753,0.18816334985126984,0.14953271028037382,,0.06444444444444444,0.051111111111111114,0.4807283924806589
2023-08-31,0.0,0.0,0.0,78,26,True,0.5714285714285714,0.0,0.0263736263736263,0.0512820512820512,0.0,0.0325644504748981,0.0321539157360052,96.78460842639949,96.35041575340084,Normal,0.03649584246599158,0,0.0,0.0,0.0,0.0,0.10313072496819167,0.021897505479594948,0.1860466605704015,0.14953271028037382,,0.06444444444444444,0.051111111111111114,0.4807283924806589
2023-09-01,0.0,0.0,0.0,60,20,True,0.0,0.0,0.0087912087912087,0.0,0.0,0.0108548168249659,0.0021709633649931,99.78290366350068,97.63930928110032,Normal,0.023606907188996717,0,0.0,0.0,0.0,0.0,0.09217512998274605,0.01416414431339803,0.1797633046228665,0.14953271028037382,,0.0003178639542275906,0.019071837253655435,0.4807283924806589
2023-09-02,0.0,0.0,0.0,71,28,True,0.0,0.0,-0.0087912087912087,0.0,0.0,0.0108548168249659,0.0021709633649931,99.78290366350068,98.78347191780028,Normal,0.012165280821997193,0,0.0,0.0,0.0,0.0,0.08244974757079644,0.0072991684931983155,0.17418551176895425,0.14953271028037382,,0.0003178639542275906,0.019071837253655435,0.4807283924806589
2023-09-03,0.0,0.0,0.0,73,26,True,0.0,0.0,-0.0263736263736263,0.0,0.0,0.0325644504748981,0.0065128900949796,99.34871099050204,99.63817277250114,Normal,0.0036182722749886764,0,0.0,0.0,0.0,0.0,0.0751847903058392,0.002170963364993206,0.1700188451022876,0.0050150451354062184,,0.0003178639542275906,0.019071837253655435,0.4807283924806589
2023-09-04,0.0,0.0,0.0,67,24,True,0.0,0.0,-0.0439560439560439,0.0,0.0,0.0542740841248303,0.010854816824966,98.9145183175034,99.34871099050204,Normal,0.006512890094979573,0,0.0,0.0,0.0,0.0,0.07764521545283147,0.003907734056987744,0.17142997128953313,0.0050150451354062184,,0.0003178639542275906,0.019071837253655435,0.4807283924806589
2023-09-05,0.0,0.0,0.0,70,24,True,0.0,0.0,-0.0615384615384615,0.0,0.0,0.0759837177747625,0.0151967435549525,98.48032564450476,98.9145183175034,Normal,0.01085481682496603,0,0.0,0.0,0.0,0.0,0.08133585317331996,0.006512890094979617,0.17354666057040155,0.14953271028037382,,0.0003178639542275906,0.019071837253655435,0.4807283924806589
2023-09-06,0.0,0.0,0.0,55,20,True,0.0,0.0,-0.0791208791208791,0.0,0.0,0.0976933514246947,0.0195386702849389,98.04613297150613,98.48032564450476,Normal,0.015196743554952374,0,0.0,0.0,0.0,0.0,0.08502649089380836,0.009118046132971425,0.17566334985126988,0.14953271028037382,,0.0003178639542275906,0.019071837253655435,0.4807283924806589
2023-09-07,0.0,0.0,0.0,61,22,True,0.0,0.0,-0.0967032967032967,0.0,0.0,0.1194029850746268,0.0238805970149253,97.61194029850746,98.04613297150613,Normal,0.01953867028493872,0,0.0,0.0,0.0,0.0,0.08871712861429674,0.011723202170963232,0.17778003913213825,0.14953271028037382,,0.0003178639542275906,0.019071837253655435,0.4807283924806589
2023-09-08,0.0,0.0,0.0,66,22,True,0.0,0.0,-0.1142857142857142,0.0,0.0,0.1411126187245589,0.0282225237449117,97.17774762550884,97.61194029850746,Normal,0.023880597014925398,0,0.0,0.0,0.0,0.0,0.09240776633478542,0.014328358208955238,0.17989672841300675,0.14953271028037382,,0.06444444444444444,0.051111111111111114,0.4807283924806589
2023-09-09,0.0,0.0,0.0,62,24,True,0.0,0.0,0.0,0.0,0.0,0.0,0.0,100.0,98.26322930800544,Normal,0.017367706919945602,0,0.0,0.0,0.0,0.0,0.08687180975405259,0.01042062415196736,0.17672169449170408,0.14953271028037382,,0.0003178639542275906,0.019071837253655435,0.4807283924806589
2023-09-10,0.0,0.0,0.0,78,26,True,0.0,0.0,0.0,0.0,0.0,0.0,0.0,100.0,99.05924920850292,Normal,0.009407507914970803,0,0.0,0.0,0.0,0.0,0.08010564059982402,0.005644504748982482,0.17284109747677887,0.14953271028037382,,0.0003178639542275906,0.019071837253655435,0.4807283924806589
2023-09-11,0.0,0.0,0.0,61,20,True,0.0,0.0,0.0,0.0,0.0,0.0,0.0,100.0,100.0,Normal,0.0,0,0.0,0.0,0.0,0.0,0.07210925887209883,0.0,0.1682549373682306,0.0050150451354062184,,0.0003178639542275906,0.019071837253655435,0.4807283924806589
2023-09-12,0.0,0.0,0.0,66,22,True,0.0,0.0,0.0,0.0,0.0,0.0,0.0,100.0,100.0,Normal,0.0,0,0.0,0.0,0.0,0.0,0.07210925887209883,0.0,0.1682549373682306,0.0050150451354062184,,0.0003178639542275906,0.019071837253655435,0.4807283924806589
2023-09-13,0.0,0.0,0.0,66,22,True,0.0,0.0,0.0,0.0,0.0,0.0,0.0,100.0,100.0,Normal,0.0,0,0.0,0.0,0.0,0.0,0.07210925887209883,0.0,0.1682549373682306,0.0050150451354062184,,0.0003178639542275906,0.019071837253655435,0.4807283924806589
2023-09-14,0.0,0.0,0.0,73,26,True,0.0,0.0,0.0,0.0,0.0,0.0,0.0,100.0,100.0,Normal,0.0,0,0.0,0.0,0.0,0.0,0.07210925887209883,0.0,0.1682549373682306,0.0050150451354062184,,0.0003178639542275906,0.019071837253655435,0.4807283924806589
2023-09-15,0.0,0.0,0.0,66,24,True,0.0,0.0,0.0,0.0,0.0,0.0,0.0,100.0,100.0,Normal,0.0,0,0.0,0.0,0.0,0.0,0.07210925887209883,0.0,0.1682549373682306,0.0050150451354062184,,0.0003178639542275906,0.019071837253655435,0.4807283924806589
2023-09-16,0.0,0.0,0.0,74,26,True,0.0,0.0,0.0,0.0,0.0,0.0,0.0,100.0,100.0,Normal,0.0,0,0.0,0.0,0.0,0.0,0.07210925887209883,0.0,0.1682549373682306,0.0050150451354062184,,0.0003178639542275906,0.019071837253655435,0.4807283924806589
2023-09-17,0.0,0.0,0.0,67,24,True,0.0,0.0,0.0,0.0,0.0,0.0,0.0,100.0,100.0,Normal,0.0,0,0.0,0.0,0.0,0.0,0.07210925887209883,0.0,0.1682549373682306,0.0050150451354062184,,0.0003178639542275906,0.019071837253655435,0.4807283924806589
2023-09-18,0.0,0.0,0.0,61,24,True,0.0,0.0,0.0,0.0,0.0,0.0,0.0,100.0,100.0,Normal,0.0,0,0.0,0.0,0.0,0.0,0.07210925887209883,0.0,0.1682549373682306,0.0050150451354062184,,0.0003178639542275906,0.019071837253655435,0.4807283924806589
2023-09-19,0.0,0.0,0.0,63,28,True,0.0,0.0,0.0,0.0,0.0,0.0,0.0,100.0,100.0,Normal,0.0,0,0.0,0.0,0.0,0.0,0.07210925887209883,0.0,0.1682549373682306,0.0050150451354062184,,0.0003178639542275906,0.019071837253655435,0.4807283924806589
2023-09-20,0.0,0.0,0.0,67,24,True,0.0,0.0,0.0,0.0,0.0,0.0,0.0,100.0,100.0,Normal,0.0,0,0.0,0.0,0.0,0.0,0.07210925887209883,0.0,0.1682549373682306,0.0050150451354062184,,0.0003178639542275906,0.019071837253655435,0.4807283924806589
2023-09-21,0.0,0.0,0.0,78,26,True,0.0,0.0,0.0,0.0,0.0,0.0,0.0,100.0,100.0,Normal,0.0,0,0.0,0.0,0.0,0.0,0.07210925887209883,0.0,0.1682549373682306,0.0050150451354062184,,0.0003178639542275906,0.019071837253655435,0.4807283924806589
2023-09-22,0.0,0.0,0.0,46,18,True,0.0,0.0,0.0,0.0,0.0,0.0,0.0,100.0,100.0,Normal,0.0,0,0.0,0.0,0.0,0.0,0.07210925887209883,0.0,0.1682549373682306,0.0050150451354062184,,0.0003178639542275906,0.019071837253655435,0.4807283924806589
2023-09-23,0.0,0.0,0.0,60,20,True,0.0,0.0,0.0,0.0,0.0,0.0,0.0,100.0,100.0,Normal,0.0,0,0.0,0.0,0.0,0.0,0.07210925887209883,0.0,0.1682549373682306,0.0050150451354062184,,0.0003178639542275906,0.019071837253655435,0.4807283924806589
2023-09-24,0.0,0.0,0.0,78,26,True,0.0,0.0,0.0,0.0,0.0,0.0,0.0,100.0,100.0,Normal,0.0,0,0.0,0.0,0.0,0.0,0.07210925887209883,0.0,0.1682549373682306,0.0050150451354062184,,0.0003178639542275906,0.019071837253655435,0.4807283924806589
2023-09-25,0.0,0.0,0.0,60,22,True,0.0,0.0,0.0,0.0,0.0,0.0,0.0,100.0,100.0,Normal,0.0,0,0.0,0.0,0.0,0.0,0.07210925887209883,0.0,0.1682549373682306,0.0050150451354062184,,0.0003178639542275906,0.019071837253655435,0.4807283924806589
2023-09-26,0.0,0.0,0.0,79,28,True,0.0,0.0,0.0,0.0,0.0,0.0,0.0,100.0,100.0,Normal,0.0,0,0.0,0.0,0.0,0.0,0.07210925887209883,0.0,0.1682549373682306,0.0050150451354062184,,0.0003178639542275906,0.019071837253655435,0.4807283924806589
2023-09-27,0.0,0.0,0.0,36,12,True,0.0,0.0,0.0,0.0,0.0,0.0,0.0,100.0,100.0,Normal,0.0,0,0.0,0.0,0.0,0.0,0.07210925887209883,0.0,0.1682549373682306,0.0050150451354062184,,0.0003178639542275906,0.019071837253655435,0.4807283924806589
2023-09-28,0.0,0.0,0.0,63,20,True,0.0,0.0,0.0,0.0,0.0,0.0,0.0,100.0,100.0,Normal,0.0,0,0.0,0.0,0.0,0.0,0.07210925887209883,0.0,0.1682549373682306,0.0050150451354062184,,0.0003178639542275906,0.019071837253655435,0.4807283924806589
2023-09-29,0.0,0.0,0.0,66,22,True,0.0,0.0,0.0,0.0,0.0,0.0,0.0,100.0,100.0,Normal,0.0,0,0.0,0.0,0.0,0.0,0.07210925887209883,0.0,0.1682549373682306,0.0050150451354062184,,0.0003178639542275906,0.019071837253655435,0.4807283924806589
2023-09-30,0.0,0.0,0.0,62,24,True,0.0,0.0,0.0,0.0,0.0,0.0,0.0,100.0,100.0,Normal,0.0,0,0.0,0.0,0.0,0.0,0.07210925887209883,0.0,0.1682549373682306,0.0050150451354062184,,0.0003178639542275906,0.019071837253655435,0.4807283924806589
2023-10-01,0.0,0.0,0.0,90,30,True,0.0,0.0,0.0,0.0,0.0,0.0,0.0,100.0,100.0,Normal,0.0,0,0.0,0.0,0.0,0.0,0.07210925887209883,0.0,0.1682549373682306,0.0050150451354062184,,0.0003178639542275906,0.019071837253655435,0.4807283924806589
2023-10-02,0.0,0.0,0.0,61,22,True,0.0,0.0,0.0,0.0,0.0,0.0,0.0,100.0,100.0,Normal,0.0,0,0.0,0.0,0.0,0.0,0.07210925887209883,0.0,0.1682549373682306,0.0050150451354062184,,0.0003178639542275906,0.019071837253655435,0.4807283924806589
2023-10-03,0.0,0.0,0.0,59,22,True,0.0,0.0,0.0,0.0,0.0,0.0,0.0,100.0,100.0,Normal,0.0,0,0.0,0.0,0.0,0.0,0.07210925887209883,0.0,0.1682549373682306,0.0050150451354062184,,0.0003178639542275906,0.019071837253655435,0.4807283924806589
2023-10-04,2.0,0.0,1.0,68,24,True,0.2857142857142857,0.0,0.0,0.0256410256410256,0.0,0.0,0.0128205128205128,98.71794871794872,99.57264957264958,Normal,0.004273504273504147,0,0.0,0.0,0.0,0.0,0.07574173750457736,0.002564102564102488,0.17033827070156388,0.0050150451354062184,,0.0003178639542275906,0.019071837253655435,0.4807283924806589
2023-10-05,0.0,0.0,0.0,72,32,True,0.2857142857142857,0.0,0.0571428571428571,0.0256410256410256,0.0,0.0705563093622794,0.0269317746929687,97.30682253070312,98.67492374955062,Normal,0.013250762504493863,0,0.0,0.0,0.0,0.0,0.08337240700091862,0.007950457502696318,0.17471468408917137,0.14953271028037382,,0.0003178639542275906,0.019071837253655435,0.4807283924806589
2023-10-06,0.0,0.0,0.0,66,24,True,0.2857142857142857,0.0,0.0483516483516483,0.0256410256410256,0.0,0.0597014925373133,0.0247608113279754,97.52391886720244,97.84956337195143,Normal,0.021504366280485687,0,0.0,0.0,0.0,0.0,0.09038797021051166,0.012902619768291412,0.1787383159299674,0.14953271028037382,,0.0003178639542275906,0.019071837253655435,0.4807283924806589
2023-10-07,0.0,0.0,0.0,60,22,True,0.2857142857142857,0.0,0.0395604395604395,0.0256410256410256,0.0,0.0488466757123472,0.0225898479629822,97.74101520370178,97.52391886720244,Normal,0.024760811327975585,0,0.0,0.0,0.0,0.0,0.09315594850087808,0.01485648679678535,0.1803258328906187,0.14953271028037382,,0.06444444444444444,0.051111111111111114,0.4807283924806589
2023-10-08,0.0,0.0,0.0,61,22,True,0.2857142857142857,0.0,0.0307692307692307,0.0256410256410256,0.0,0.0379918588873812,0.020418884597989,97.9581115402011,97.7410152037018,Normal,0.022589847962981913,0,0.0,0.0,0.0,0.0,0.09131062964063345,0.013553908777789147,0.1792674882501843,0.14953271028037382,,0.0003178639542275906,0.019071837253655435,0.4807283924806589
2023-10-09,0.0,0.0,0.0,54,18,True,0.2857142857142857,0.0,0.0219780219780219,0.0256410256410256,0.0,0.0271370420624151,0.0182479212329958,98.17520787670044,97.95811154020112,Normal,0.020418884597988796,0,0.0,0.0,0.0,0.0,0.0894653107803893,0.012251330758793278,0.17820914360975015,0.14953271028037382,,0.0003178639542275906,0.019071837253655435,0.4807283924806589
2023-10-10,0.0,0.0,0.0,68,26,True,0.2857142857142857,0.0,0.0131868131868131,0.0256410256410256,0.0,0.016282225237449,0.0160769578680026,98.39230421319974,98.17520787670044,Normal,0.018247921232995568,0,0.0,0.0,0.0,0.0,0.08761999192014507,0.01094875273979734,0.17715079896931596,0.14953271028037382,,0.0003178639542275906,0.019071837253655435,0.4807283924806589
2023-10-11,0.0,0.0,0.0,72,24,True,0.0,0.0,0.0043956043956043,0.0,0.0,0.0054274084124829,0.0010854816824965,99.89145183175036,98.81965464055016,Normal,0.011803453594498414,0,0.0,0.0,0.0,0.0,0.08214219442742249,0.007082072156699048,0.17400912099554858,0.14953271028037382,,0.0003178639542275906,0.019071837253655435,0.4807283924806589
2023-10-12,0.0,0.0,0.0,75,28,True,0.0,0.0,-0.0043956043956043,0.0,0.0,0.0054274084124829,0.0010854816824965,99.89145183175036,99.39173595890014,Normal,0.0060826404109985965,0,0.0,0.0,0.0,0.0,0.07727950322144764,0.0036495842465991577,0.17122022456859243,0.0050150451354062184,,0.0003178639542275906,0.019071837253655435,0.4807283924806589
2023-10-13,0.0,0.0,0.0,60,22,True,0.0,0.0,-0.0131868131868131,0.0,0.0,0.016282225237449,0.0032564450474898,99.67435549525102,99.81908638625056,Normal,0.0018091361374943382,0,0.0,0.0,0.0,0.0,0.07364702458896902,0.001085481682496603,0.1691368912352591,0.0050150451354062184,,0.0003178639542275906,0.019071837253655435,0.4807283924806589
2023-10-14,0.0,0.0,0.0,60,20,True,0.0,0.0,-0.0219780219780219,0.0,0.0,0.0271370420624151,0.005427408412483,99.4572591587517,99.67435549525102,Normal,0.0032564450474897866,0,0.0,0.0,0.0,0.0,0.07487723716246515,0.001953867028493872,0.16984245432888187,0.0050150451354062184,,0.0003178639542275906,0.019071837253655435,0.4807283924806589
2023-10-15,0.0,0.0,0.0,72,26,True,0.0,0.0,-0.0307692307692307,0.0,0.0,0.0379918588873812,0.0075983717774762,99.24016282225236,99.4572591587517,Normal,0.005427408412483015,0,0.0,0.0,0.0,0.0,0.0767225560227094,0.0032564450474898087,0.17090079896931606,0.0050150451354062184,,0.0003178639542275906,0.019071837253655435,0.4807283924806589
2023-10-16,0.0,0.0,0.0,66,24,True,0.0,0.0,-0.0395604395604395,0.0,0.0,0.0488466757123472,0.0097693351424694,99.02306648575303,99.2401628222524,Normal,0.007598371777476021,0,0.0,0.0,0.0,0.0,0.07856787488295346,0.004559023066485612,0.17195914360975018,0.0050150451354062184,,0.0003178639542275906,0.019071837253655435,0.4807283924806589
2023-10-17,5.0,281.634,3.0,103,28,True,0.7142857142857143,40.23342857142806,-0.0483516483516483,0.0641025641025641,0.248512721503459,0.0597014925373133,0.1185453970097824,88.14546029902175,95.4695632023424,Normal,0.045304367976576,0,0.0,0.0,0.0,0.0,0.11061797165218842,0.027182620785945598,0.19034081675681142,0.14953271028037382,,0.06444444444444444,0.051111111111111114,0.4807283924806589
2023-10-18,0.0,0.0,0.0,61,22,True,0.7142857142857143,40.23342857142806,0.0857142857142857,0.0641025641025641,0.248512721503459,0.1058344640434192,0.1277719913110036,87.22280086889964,91.46377588455816,Normal,0.08536224115441837,0,0.0,0.0,0.0,0.0,0.14466716385335443,0.051217344692651025,0.20986902993100956,0.14953271028037382,,0.06444444444444444,0.051111111111111114,0.4807283924806589
2023-10-19,0.0,0.0,0.0,64,20,True,0.7142857142857143,40.23342857142806,0.1208791208791208,0.0641025641025641,0.248512721503459,0.1492537313432834,0.1364558447709764,86.35441552290234,87.24089223027458,Normal,0.1275910776972542,0,0.0,0.0,0.0,0.0,0.18056167491476488,0.07655464661835251,0.23045558774564204,0.14953271028037382,,0.06444444444444444,0.051111111111111114,0.4807283924806589
2023-10-20,0.0,0.0,0.0,63,25,True,0.7142857142857143,40.23342857142806,0.0989010989010988,0.0641025641025641,0.248512721503459,0.1221166892808682,0.1310284363584934,86.89715636415065,86.82479091865089,Normal,0.13175209081349104,0,0.0,0.0,0.0,0.0,0.18409853606356621,0.07905125448809462,0.2324840816398075,0.14953271028037382,,0.06444444444444444,0.051111111111111114,0.4807283924806589
2023-10-21,0.0,0.0,0.0,66,22,True,0.7142857142857143,40.23342857142806,0.0769230769230769,0.0641025641025641,0.248512721503459,0.0949796472184531,0.1256010279460104,87.43989720539895,86.89715636415065,Normal,0.13102843635849348,0,0.0,0.0,0.0,0.0,0.1834834297768183,0.07861706181509609,0.23213130009299618,0.14953271028037382,,0.06444444444444444,0.051111111111111114,0.4807283924806589
2023-10-22,0.0,0.0,0.0,78,26,True,0.7142857142857143,40.23342857142806,0.0549450549450549,0.0641025641025641,0.248512721503459,0.0678426051560379,0.1201736195335273,87.98263804664727,87.43989720539896,Normal,0.12560102794601036,0,0.0,0.0,0.0,0.0,0.17887013262620763,0.0753606167676062,0.22948543849191066,0.14953271028037382,,0.06444444444444444,0.051111111111111114,0.4807283924806589
2023-10-23,0.0,0.0,0.0,56,22,True,0.7142857142857143,40.23342857142806,0.0329670329670329,0.0641025641025641,0.248512721503459,0.0407055630936227,0.1147462111210443,88.52537888789557,87.98263804664727,Normal,0.12017361953352734,0,0.0,0.0,0.0,0.0,0.17425683547559706,0.0721041717201164,0.22683957689082518,0.14953271028037382,,0.06444444444444444,0.051111111111111114,0.4807283924806589
2023-10-24,0.0,0.0,0.0,66,22,True,0.0,0.0,0.0109890109890109,0.0,0.0,0.0135685210312074,0.0027137042062414,99.72862957937583,92.07888217130623,Normal,0.07921117828693769,0,0.0,0.0,0.0,0.0,0.13943876041599587,0.04752670697216261,0.20687038678311273,0.14953271028037382,,0.06444444444444444,0.051111111111111114,0.4807283924806589
2023-10-25,0.0,0.0,0.0,50,18,True,0.0,0.0,-0.0109890109890109,0.0,0.0,0.0135685210312074,0.0027137042062414,99.72862957937583,95.99421268221576,Normal,0.040057873177842374,0,0.0,0.0,0.0,0.0,0.10615845107326485,0.024034723906705423,0.18778315054242878,0.14953271028037382,,0.06444444444444444,0.051111111111111114,0.4807283924806589
2023-10-26,0.0,0.0,0.0,63,26,True,0.0,0.0,-0.0329670329670329,0.0,0.0,0.0407055630936227,0.0081411126187245,99.18588873812756,99.54771596562642,Normal,0.0045228403437357345,0,0.0,0.0,0.0,0.0,0.0759536731642742,0.0027137042062414405,0.1704598220358018,0.0050150451354062184,,0.0003178639542275906,0.019071837253655435,0.4807283924806589
2023-10-27,0.0,0.0,0.0,79,28,True,0.0,0.0,-0.0549450549450549,0.0,0.0,0.0678426051560379,0.0135685210312075,98.64314789687924,99.18588873812752,Normal,0.008141112618724855,0,0.0,0.0,0.0,0.0,0.07902920459801496,0.004884667571234913,0.17222372976985897,0.0050150451354062184,,0.0003178639542275906,0.019071837253655435,0.4807283924806589
2023-10-28,0.0,0.0,0.0,67,24,True,0.0,0.0,-0.0769230769230769,0.0,0.0,0.0949796472184531,0.0189959294436906,98.10040705563094,98.64314789687926,Normal,0.013568521031207426,0,0.0,0.0,0.0,0.0,0.08364250174862514,0.008141112618724454,0.17486959137094424,0.14953271028037382,,0.0003178639542275906,0.019071837253655435,0.4807283924806589
2023-10-29,0.0,0.0,0.0,72,24,True,0.0,0.0,-0.0989010989010989,0.0,0.0,0.1221166892808684,0.0244233378561736,97.55766621438264,98.10040705563092,Normal,0.018995929443690773,0,0.0,0.0,0.0,0.0,0.08825579889923599,0.011397557666214463,0.17751545297202986,0.14953271028037382,,0.0003178639542275906,0.019071837253655435,0.4807283924806589
2023-10-30,0.0,0.0,0.0,66,22,True,0.0,0.0,-0.1208791208791209,0.0,0.0,0.1492537313432836,0.0298507462686567,97.01492537313432,97.55766621438264,Normal,0.024423337856173677,0,0.0,0.0,0.0,0.0,0.09286909604984646,0.014654002713704206,0.18016131457311527,0.14953271028037382,,0.06444444444444444,0.051111111111111114,0.4807283924806589
2023-10-31,0.0,0.0,0.0,67,24,True,0.0,0.0,-0.1428571428571428,0.0,0.0,0.1763907734056987,0.0352781546811397,96.47218453188604,97.01492537313432,Normal,0.029850746268656803,0,0.0,0.0,0.0,0.0,0.09748239320045711,0.01791044776119408,0.1828071761742008,0.14953271028037382,,0.06444444444444444,0.051111111111111114,0.4807283924806589
2023-11-01,0.0,0.0,0.0,78,26,True,0.0,0.0,0.0,0.0,0.0,0.0,0.0,100.0,97.8290366350068,Normal,0.021709633649931948,0,0.0,0.0,0.0,0.0,0.09056244747454098,0.013025780189959169,0.17883838377257244,0.14953271028037382,,0.0003178639542275906,0.019071837253655435,0.4807283924806589
2023-11-02,0.0,0.0,0.0,66,22,True,0.0,0.0,0.0,0.0,0.0,0.0,0.0,100.0,98.82406151062868,Normal,0.011759384893713198,0,0.0,0.0,0.0,0.0,0.08210473603175505,0.007055630936227918,0.1739876375039158,0.14953271028037382,,0.0003178639542275906,0.019071837253655435,0.4807283924806589
2023-11-03,0.0,0.0,0.0,73,28,True,0.0,0.0,0.0,0.0,0.0,0.0,0.0,100.0,100.0,Normal,0.0,0,0.0,0.0,0.0,0.0,0.07210925887209883,0.0,0.1682549373682306,0.0050150451354062184,,0.0003178639542275906,0.019071837253655435,0.4807283924806589
2023-11-04,0.0,0.0,0.0,55,20,True,0.0,0.0,0.0,0.0,0.0,0.0,0.0,100.0,100.0,Normal,0.0,0,0.0,0.0,0.0,0.0,0.07210925887209883,0.0,0.1682549373682306,0.0050150451354062184,,0.0003178639542275906,0.019071837253655435,0.4807283924806589
2023-11-05,0.0,0.0,0.0,63,26,True,0.0,0.0,0.0,0.0,0.0,0.0,0.0,100.0,100.0,Normal,0.0,0,0.0,0.0,0.0,0.0,0.07210925887209883,0.0,0.1682549373682306,0.0050150451354062184,,0.0003178639542275906,0.019071837253655435,0.4807283924806589
2023-11-06,0.0,0.0,0.0,66,22,True,0.0,0.0,0.0,0.0,0.0,0.0,0.0,100.0,100.0,Normal,0.0,0,0.0,0.0,0.0,0.0,0.07210925887209883,0.0,0.1682549373682306,0.0050150451354062184,,0.0003178639542275906,0.019071837253655435,0.4807283924806589
2023-11-07,0.0,0.0,0.0,68,26,True,0.0,0.0,0.0,0.0,0.0,0.0,0.0,100.0,100.0,Normal,0.0,0,0.0,0.0,0.0,0.0,0.07210925887209883,0.0,0.1682549373682306,0.0050150451354062184,,0.0003178639542275906,0.019071837253655435,0.4807283924806589
2023-11-08,0.0,0.0,0.0,69,26,True,0.0,0.0,0.0,0.0,0.0,0.0,0.0,100.0,100.0,Normal,0.0,0,0.0,0.0,0.0,0.0,0.07210925887209883,0.0,0.1682549373682306,0.0050150451354062184,,0.0003178639542275906,0.019071837253655435,0.4807283924806589
2023-11-09,0.0,0.0,0.0,55,22,True,0.0,0.0,0.0,0.0,0.0,0.0,0.0,100.0,100.0,Normal,0.0,0,0.0,0.0,0.0,0.0,0.07210925887209883,0.0,0.1682549373682306,0.0050150451354062184,,0.0003178639542275906,0.019071837253655435,0.4807283924806589
2023-11-10,0.0,0.0,0.0,62,24,True,0.0,0.0,0.0,0.0,0.0,0.0,0.0,100.0,100.0,Normal,0.0,0,0.0,0.0,0.0,0.0,0.07210925887209883,0.0,0.1682549373682306,0.0050150451354062184,,0.0003178639542275906,0.019071837253655435,0.4807283924806589
2023-11-11,0.0,0.0,0.0,73,26,True,0.0,0.0,0.0,0.0,0.0,0.0,0.0,100.0,100.0,Normal,0.0,0,0.0,0.0,0.0,0.0,0.07210925887209883,0.0,0.1682549373682306,0.0050150451354062184,,0.0003178639542275906,0.019071837253655435,0.4807283924806589
2023-11-12,0.0,0.0,0.0,74,28,True,0.0,0.0,0.0,0.0,0.0,0.0,0.0,100.0,100.0,Normal,0.0,0,0.0,0.0,0.0,0.0,0.07210925887209883,0.0,0.1682549373682306,0.0050150451354062184,,0.0003178639542275906,0.019071837253655435,0.4807283924806589
2023-11-13,0.0,0.0,0.0,67,24,True,0.0,0.0,0.0,0.0,0.0,0.0,0.0,100.0,100.0,Normal,0.0,0,0.0,0.0,0.0,0.0,0.07210925887209883,0.0,0.1682549373682306,0.0050150451354062184,,0.0003178639542275906,0.019071837253655435,0.4807283924806589
2023-11-14,0.0,0.0,0.0,166,24,True,0.0,0.0,0.0,0.0,0.0,0.0,0.0,100.0,100.0,Normal,0.0,0,0.0,0.0,0.0,0.0,0.07210925887209883,0.0,0.1682549373682306,0.0050150451354062184,,0.0003178639542275906,0.019071837253655435,0.4807283924806589
2023-11-15,0.0,0.0,0.0,100,24,True,0.0,0.0,0.0,0.0,0.0,0.0,0.0,100.0,100.0,Normal,0.0,0,0.0,0.0,0.0,0.0,0.07210925887209883,0.0,0.1682549373682306,0.0050150451354062184,,0.0003178639542275906,0.019071837253655435,0.4807283924806589
2023-11-16,0.0,0.0,0.0,71,22,True,0.0,0.0,0.0,0.0,0.0,0.0,0.0,100.0,100.0,Normal,0.0,0,0.0,0.0,0.0,0.0,0.07210925887209883,0.0,0.1682549373682306,0.0050150451354062184,,0.0003178639542275906,0.019071837253655435,0.4807283924806589
2023-11-17,0.0,0.0,0.0,60,20,True,0.0,0.0,0.0,0.0,0.0,0.0,0.0,100.0,100.0,Normal,0.0,0,0.0,0.0,0.0,0.0,0.07210925887209883,0.0,0.1682549373682306,0.0050150451354062184,,0.0003178639542275906,0.019071837253655435,0.4807283924806589
2023-11-18,0.0,0.0,0.0,49,18,True,0.0,0.0,0.0,0.0,0.0,0.0,0.0,100.0,100.0,Normal,0.0,0,0.0,0.0,0.0,0.0,0.07210925887209883,0.0,0.1682549373682306,0.0050150451354062184,,0.0003178639542275906,0.019071837253655435,0.4807283924806589
2023-11-19,0.0,0.0,0.0,84,28,True,0.0,0.0,0.0,0.0,0.0,0.0,0.0,100.0,100.0,Normal,0.0,0,0.0,0.0,0.0,0.0,0.07210925887209883,0.0,0.1682549373682306,0.0050150451354062184,,0.0003178639542275906,0.019071837253655435,0.4807283924806589
2023-11-20,0.0,0.0,0.0,48,16,True,0.0,0.0,0.0,0.0,0.0,0.0,0.0,100.0,100.0,Normal,0.0,0,0.0,0.0,0.0,0.0,0.07210925887209883,0.0,0.1682549373682306,0.0050150451354062184,,0.0003178639542275906,0.019071837253655435,0.4807283924806589
2023-11-21,0.0,0.0,0.0,103,22,True,0.0,0.0,0.0,0.0,0.0,0.0,0.0,100.0,100.0,Normal,0.0,0,0.0,0.0,0.0,0.0,0.07210925887209883,0.0,0.1682549373682306,0.0050150451354062184,,0.0003178639542275906,0.019071837253655435,0.4807283924806589
2023-11-22,0.0,0.0,0.0,78,26,True,0.0,0.0,0.0,0.0,0.0,0.0,0.0,100.0,100.0,Normal,0.0,0,0.0,0.0,0.0,0.0,0.07210925887209883,0.0,0.1682549373682306,0.0050150451354062184,,0.0003178639542275906,0.019071837253655435,0.4807283924806589
2023-11-23,0.0,0.0,0.0,81,20,True,0.0,0.0,0.0,0.0,0.0,0.0,0.0,100.0,100.0,Normal,0.0,0,0.0,0.0,0.0,0.0,0.07210925887209883,0.0,0.1682549373682306,0.0050150451354062184,,0.0003178639542275906,0.019071837253655435,0.4807283924806589
2023-11-24,0.0,0.0,0.0,78,26,True,0.0,0.0,0.0,0.0,0.0,0.0,0.0,100.0,100.0,Normal,0.0,0,0.0,0.0,0.0,0.0,0.07210925887209883,0.0,0.1682549373682306,0.0050150451354062184,,0.0003178639542275906,0.019071837253655435,0.4807283924806589
2023-11-25,0.0,0.0,0.0,50,18,True,0.0,0.0,0.0,0.0,0.0,0.0,0.0,100.0,100.0,Normal,0.0,0,0.0,0.0,0.0,0.0,0.07210925887209883,0.0,0.1682549373682306,0.0050150451354062184,,0.0003178639542275906,0.019071837253655435,0.4807283924806589
2023-11-26,0.0,0.0,0.0,67,24,True,0.0,0.0,0.0,0.0,0.0,0.0,0.0,100.0,100.0,Normal,0.0,0,0.0,0.0,0.0,0.0,0.07210925887209883,0.0,0.1682549373682306,0.0050150451354062184,,0.0003178639542275906,0.019071837253655435,0.4807283924806589
2023-11-27,0.0,0.0,0.0,78,26,True,0.0,0.0,0.0,0.0,0.0,0.0,0.0,100.0,100.0,Normal,0.0,0,0.0,0.0,0.0,0.0,0.07210925887209883,0.0,0.1682549373682306,0.0050150451354062184,,0.0003178639542275906,0.019071837253655435,0.4807283924806589
2023-11-28,0.0,0.0,0.0,68,24,True,0.0,0.0,0.0,0.0,0.0,0.0,0.0,100.0,100.0,Normal,0.0,0,0.0,0.0,0.0,0.0,0.07210925887209883,0.0,0.1682549373682306,0.0050150451354062184,,0.0003178639542275906,0.019071837253655435,0.4807283924806589
2023-11-29,0.0,0.0,0.0,90,30,True,0.0,0.0,0.0,0.0,0.0,0.0,0.0,100.0,100.0,Normal,0.0,0,0.0,0.0,0.0,0.0,0.07210925887209883,0.0,0.1682549373682306,0.0050150451354062184,,0.0003178639542275906,0.019071837253655435,0.4807283924806589
2023-11-30,0.0,0.0,0.0,61,22,True,0.0,0.0,0.0,0.0,0.0,0.0,0.0,100.0,100.0,Normal,0.0,0,0.0,0.0,0.0,0.0,0.07210925887209883,0.0,0.1682549373682306,0.0050150451354062184,,0.0003178639542275906,0.019071837253655435,0.4807283924806589
2023-12-01,0.0,0.0,0.0,69,26,True,0.0,0.0,0.0,0.0,0.0,0.0,0.0,100.0,100.0,Normal,0.0,0,0.0,0.0,0.0,0.0,0.07210925887209883,0.0,0.1682549373682306,0.0050150451354062184,,0.0003178639542275906,0.019071837253655435,0.4807283924806589
2023-12-02,0.0,0.0,0.0,61,20,True,0.0,0.0,0.0,0.0,0.0,0.0,0.0,100.0,100.0,Normal,0.0,0,0.0,0.0,0.0,0.0,0.07210925887209883,0.0,0.1682549373682306,0.0050150451354062184,,0.0003178639542275906,0.019071837253655435,0.4807283924806589
2023-12-03,0.0,0.0,0.0,70,28,True,0.0,0.0,0.0,0.0,0.0,0.0,0.0,100.0,100.0,Normal,0.0,0,0.0,0.0,0.0,0.0,0.07210925887209883,0.0,0.1682549373682306,0.0050150451354062184,,0.0003178639542275906,0.019071837253655435,0.4807283924806589
2023-12-04,0.0,0.0,0.0,78,28,True,0.0,0.0,0.0,0.0,0.0,0.0,0.0,100.0,100.0,Normal,0.0,0,0.0,0.0,0.0,0.0,0.07210925887209883,0.0,0.1682549373682306,0.0050150451354062184,,0.0003178639542275906,0.019071837253655435,0.4807283924806589
2023-12-05,0.0,0.0,0.0,60,20,True,0.0,0.0,0.0,0.0,0.0,0.0,0.0,100.0,100.0,Normal,0.0,0,0.0,0.0,0.0,0.0,0.07210925887209883,0.0,0.1682549373682306,0.0050150451354062184,,0.0003178639542275906,0.019071837253655435,0.4807283924806589
2023-12-06,0.0,0.0,0.0,61,22,True,0.0,0.0,0.0,0.0,0.0,0.0,0.0,100.0,100.0,Normal,0.0,0,0.0,0.0,0.0,0.0,0.07210925887209883,0.0,0.1682549373682306,0.0050150451354062184,,0.0003178639542275906,0.019071837253655435,0.4807283924806589
2023-12-07,0.0,0.0,0.0,60,20,True,0.0,0.0,0.0,0.0,0.0,0.0,0.0,100.0,100.0,Normal,0.0,0,0.0,0.0,0.0,0.0,0.07210925887209883,0.0,0.1682549373682306,0.0050150451354062184,,0.0003178639542275906,0.019071837253655435,0.4807283924806589
2023-12-08,0.0,0.0,0.0,67,24,True,0.0,0.0,0.0,0.0,0.0,0.0,0.0,100.0,100.0,Normal,0.0,0,0.0,0.0,0.0,0.0,0.07210925887209883,0.0,0.1682549373682306,0.0050150451354062184,,0.0003178639542275906,0.019071837253655435,0.4807283924806589
2023-12-09,0.0,0.0,0.0,66,22,True,0.0,0.0,0.0,0.0,0.0,0.0,0.0,100.0,100.0,Normal,0.0,0,0.0,0.0,0.0,0.0,0.07210925887209883,0.0,0.1682549373682306,0.0050150451354062184,,0.0003178639542275906,0.019071837253655435,0.4807283924806589
2023-12-10,0.0,0.0,0.0,73,26,True,0.0,0.0,0.0,0.0,0.0,0.0,0.0,100.0,100.0,Normal,0.0,0,0.0,0.0,0.0,0.0,0.07210925887209883,0.0,0.1682549373682306,0.0050150451354062184,,0.0003178639542275906,0.019071837253655435,0.4807283924806589
2023-12-11,0.0,0.0,0.0,67,24,True,0.0,0.0,0.0,0.0,0.0,0.0,0.0,100.0,100.0,Normal,0.0,0,0.0,0.0,0.0,0.0,0.07210925887209883,0.0,0.1682549373682306,0.0050150451354062184,,0.0003178639542275906,0.019071837253655435,0.4807283924806589
2023-12-12,0.0,0.0,0.0,60,20,True,0.0,0.0,0.0,0.0,0.0,0.0,0.0,100.0,100.0,Normal,0.0,0,0.0,0.0,0.0,0.0,0.07210925887209883,0.0,0.1682549373682306,0.0050150451354062184,,0.0003178639542275906,0.019071837253655435,0.4807283924806589
2023-12-13,0.0,0.0,0.0,71,30,True,0.0,0.0,0.0,0.0,0.0,0.0,0.0,100.0,100.0,Normal,0.0,0,0.0,0.0,0.0,0.0,0.07210925887209883,0.0,0.1682549373682306,0.0050150451354062184,,0.0003178639542275906,0.019071837253655435,0.4807283924806589
2023-12-14,0.0,0.0,0.0,78,26,True,0.0,0.0,0.0,0.0,0.0,0.0,0.0,100.0,100.0,Normal,0.0,0,0.0,0.0,0.0,0.0,0.07210925887209883,0.0,0.1682549373682306,0.0050150451354062184,,0.0003178639542275906,0.019071837253655435,0.4807283924806589
2023-12-15,0.0,0.0,0.0,84,28,True,0.0,0.0,0.0,0.0,0.0,0.0,0.0,100.0,100.0,Normal,0.0,0,0.0,0.0,0.0,0.0,0.07210925887209883,0.0,0.1682549373682306,0.0050150451354062184,,0.0003178639542275906,0.019071837253655435,0.4807283924806589
2023-12-16,0.0,0.0,0.0,67,24,True,0.0,0.0,0.0,0.0,0.0,0.0,0.0,100.0,100.0,Normal,0.0,0,0.0,0.0,0.0,0.0,0.07210925887209883,0.0,0.1682549373682306,0.0050150451354062184,,0.0003178639542275906,0.019071837253655435,0.4807283924806589
2023-12-17,0.0,0.0,0.0,60,20,True,0.0,0.0,0.0,0.0,0.0,0.0,0.0,100.0,100.0,Normal,0.0,0,0.0,0.0,0.0,0.0,0.07210925887209883,0.0,0.1682549373682306,0.0050150451354062184,,0.0003178639542275906,0.019071837253655435,0.4807283924806589
2023-12-18,0.0,0.0,0.0,73,26,True,0.0,0.0,0.0,0.0,0.0,0.0,0.0,100.0,100.0,Normal,0.0,0,0.0,0.0,0.0,0.0,0.07210925887209883,0.0,0.1682549373682306,0.0050150451354062184,,0.0003178639542275906,0.019071837253655435,0.4807283924806589
2023-12-19,0.0,0.0,0.0,68,24,True,0.0,0.0,0.0,0.0,0.0,0.0,0.0,100.0,100.0,Normal,0.0,0,0.0,0.0,0.0,0.0,0.07210925887209883,0.0,0.1682549373682306,0.0050150451354062184,,0.0003178639542275906,0.019071837253655435,0.4807283924806589
2023-12-20,0.0,0.0,0.0,79,28,True,0.0,0.0,0.0,0.0,0.0,0.0,0.0,100.0,100.0,Normal,0.0,0,0.0,0.0,0.0,0.0,0.07210925887209883,0.0,0.1682549373682306,0.0050150451354062184,,0.0003178639542275906,0.019071837253655435,0.4807283924806589
2023-12-21,0.0,0.0,0.0,49,18,True,0.0,0.0,0.0,0.0,0.0,0.0,0.0,100.0,100.0,Normal,0.0,0,0.0,0.0,0.0,0.0,0.07210925887209883,0.0,0.1682549373682306,0.0050150451354062184,,0.0003178639542275906,0.019071837253655435,0.4807283924806589
2023-12-22,0.0,0.0,0.0,66,22,True,0.0,0.0,0.0,0.0,0.0,0.0,0.0,100.0,100.0,Normal,0.0,0,0.0,0.0,0.0,0.0,0.07210925887209883,0.0,0.1682549373682306,0.0050150451354062184,,0.0003178639542275906,0.019071837253655435,0.4807283924806589
2023-12-23,0.0,0.0,0.0,56,20,True,0.0,0.0,0.0,0.0,0.0,0.0,0.0,100.0,100.0,Normal,0.0,0,0.0,0.0,0.0,0.0,0.07210925887209883,0.0,0.1682549373682306,0.0050150451354062184,,0.0003178639542275906,0.019071837253655435,0.4807283924806589
2023-12-24,0.0,0.0,0.0,55,20,True,0.0,0.0,0.0,0.0,0.0,0.0,0.0,100.0,100.0,Normal,0.0,0,0.0,0.0,0.0,0.0,0.07210925887209883,0.0,0.1682549373682306,0.0050150451354062184,,0.0003178639542275906,0.019071837253655435,0.4807283924806589
2023-12-25,0.0,0.0,0.0,79,28,True,0.0,0.0,0.0,0.0,0.0,0.0,0.0,100.0,100.0,Normal,0.0,0,0.0,0.0,0.0,0.0,0.07210925887209883,0.0,0.1682549373682306,0.0050150451354062184,,0.0003178639542275906,0.019071837253655435,0.4807283924806589
2023-12-26,0.0,0.0,0.0,67,24,True,0.0,0.0,0.0,0.0,0.0,0.0,0.0,100.0,100.0,Normal,0.0,0,0.0,0.0,0.0,0.0,0.07210925887209883,0.0,0.1682549373682306,0.0050150451354062184,,0.0003178639542275906,0.019071837253655435,0.4807283924806589
2023-12-27,0.0,0.0,0.0,67,24,True,0.0,0.0,0.0,0.0,0.0,0.0,0.0,100.0,100.0,Normal,0.0,0,0.0,0.0,0.0,0.0,0.07210925887209883,0.0,0.1682549373682306,0.0050150451354062184,,0.0003178639542275906,0.019071837253655435,0.4807283924806589
2023-12-28,0.0,0.0,0.0,61,22,True,0.0,0.0,0.0,0.0,0.0,0.0,0.0,100.0,100.0,Normal,0.0,0,0.0,0.0,0.0,0.0,0.07210925887209883,0.0,0.1682549373682306,0.0050150451354062184,,0.0003178639542275906,0.019071837253655435,0.4807283924806589
2023-12-29,0.0,0.0,0.0,62,24,True,0.0,0.0,0.0,0.0,0.0,0.0,0.0,100.0,100.0,Normal,0.0,0,0.0,0.0,0.0,0.0,0.07210925887209883,0.0,0.1682549373682306,0.0050150451354062184,,0.0003178639542275906,0.019071837253655435,0.4807283924806589
2023-12-30,0.0,0.0,0.0,96,32,True,0.0,0.0,0.0,0.0,0.0,0.0,0.0,100.0,100.0,Normal,0.0,0,0.0,0.0,0.0,0.0,0.07210925887209883,0.0,0.1682549373682306,0.0050150451354062184,,0.0003178639542275906,0.019071837253655435,0.4807283924806589
2023-12-31,0.0,0.0,0.0,61,22,True,0.0,0.0,0.0,0.0,0.0,0.0,0.0,100.0,100.0,Normal,0.0,0,0.0,0.0,0.0,0.0,0.07210925887209883,0.0,0.1682549373682306,0.0050150451354062184,,0.0003178639542275906,0.019071837253655435,0.4807283924806589
2024-01-01,0.0,0.0,0.0,77,26,True,0.0,0.0,0.0,0.0,0.0,0.0,0.0,100.0,100.0,Normal,0.0,0,0.0,0.0,0.0,0.0,0.07210925887209883,0.0,0.1682549373682306,0.0050150451354062184,,0.0003178639542275906,0.019071837253655435,0.4807283924806589
2024-01-02,0.0,0.0,0.0,61,22,True,0.0,0.0,0.0,0.0,0.0,0.0,0.0,100.0,100.0,Normal,0.0,0,0.0,0.0,0.0,0.0,0.07210925887209883,0.0,0.1682549373682306,0.0050150451354062184,,0.0003178639542275906,0.019071837253655435,0.4807283924806589
2024-01-03,0.0,0.0,0.0,67,28,True,0.0,0.0,0.0,0.0,0.0,0.0,0.0,100.0,100.0,Normal,0.0,0,0.0,0.0,0.0,0.0,0.07210925887209883,0.0,0.1682549373682306,0.0050150451354062184,,0.0003178639542275906,0.019071837253655435,0.4807283924806589
2024-01-04,0.0,0.0,0.0,66,24,True,0.0,0.0,0.0,0.0,0.0,0.0,0.0,100.0,100.0,Normal,0.0,0,0.0,0.0,0.0,0.0,0.07210925887209883,0.0,0.1682549373682306,0.0050150451354062184,,0.0003178639542275906,0.019071837253655435,0.4807283924806589
2024-01-05,0.0,0.0,0.0,65,20,True,0.0,0.0,0.0,0.0,0.0,0.0,0.0,100.0,100.0,Normal,0.0,0,0.0,0.0,0.0,0.0,0.07210925887209883,0.0,0.1682549373682306,0.0050150451354062184,,0.0003178639542275906,0.019071837253655435,0.4807283924806589
2024-01-06,0.0,0.0,0.0,72,24,True,0.0,0.0,0.0,0.0,0.0,0.0,0.0,100.0,100.0,Normal,0.0,0,0.0,0.0,0.0,0.0,0.07210925887209883,0.0,0.1682549373682306,0.0050150451354062184,,0.0003178639542275906,0.019071837253655435,0.4807283924806589
2024-01-07,0.0,0.0,0.0,54,18,True,0.0,0.0,0.0,0.0,0.0,0.0,0.0,100.0,100.0,Normal,0.0,0,0.0,0.0,0.0,0.0,0.07210925887209883,0.0,0.1682549373682306,0.0050150451354062184,,0.0003178639542275906,0.019071837253655435,0.4807283924806589
2024-01-08,0.0,0.0,0.0,60,20,True,0.0,0.0,0.0,0.0,0.0,0.0,0.0,100.0,100.0,Normal,0.0,0,0.0,0.0,0.0,0.0,0.07210925887209883,0.0,0.1682549373682306,0.0050150451354062184,,0.0003178639542275906,0.019071837253655435,0.4807283924806589
2024-01-09,0.0,0.0,0.0,72,22,True,0.0,0.0,0.0,0.0,0.0,0.0,0.0,100.0,100.0,Normal,0.0,0,0.0,0.0,0.0,0.0,0.07210925887209883,0.0,0.1682549373682306,0.0050150451354062184,,0.0003178639542275906,0.019071837253655435,0.4807283924806589
2024-01-10,0.0,0.0,0.0,69,28,True,0.0,0.0,0.0,0.0,0.0,0.0,0.0,100.0,100.0,Normal,0.0,0,0.0,0.0,0.0,0.0,0.07210925887209883,0.0,0.1682549373682306,0.0050150451354062184,,0.0003178639542275906,0.019071837253655435,0.4807283924806589
2024-01-11,0.0,0.0,0.0,23,6,True,0.0,0.0,0.0,0.0,0.0,0.0,0.0,100.0,100.0,Normal,0.0,0,0.0,0.0,0.0,0.0,0.07210925887209883,0.0,0.1682549373682306,0.0050150451354062184,,0.0003178639542275906,0.019071837253655435,0.4807283924806589
2024-01-12,0.0,0.0,0.0,0,0,False,0.0,0.0,0.0,0.0,0.0,0.0,0.0,100.0,100.0,Inactive,0.0,0,0.0,0.0,0.0,0.0,0.07210925887209883,0.0,0.1682549373682306,0.0050150451354062184,,0.0003178639542275906,0.019071837253655435,0.4807283924806589
2024-01-13,0.0,0.0,0.0,0,0,False,0.0,0.0,0.0,0.0,0.0,0.0,0.0,100.0,100.0,Inactive,0.0,0,0.0,0.0,0.0,0.0,0.07210925887209883,0.0,0.1682549373682306,0.0050150451354062184,,0.0003178639542275906,0.019071837253655435,0.4807283924806589
2024-01-14,0.0,0.0,0.0,0,0,False,0.0,0.0,0.0,0.0,0.0,0.0,0.0,100.0,100.0,Inactive,0.0,0,0.0,0.0,0.0,0.0,0.07210925887209883,0.0,0.1682549373682306,0.0050150451354062184,,0.0003178639542275906,0.019071837253655435,0.4807283924806589
2024-01-15,0.0,0.0,0.0,86,30,True,0.0,0.0,0.0,0.0,0.0,0.0,0.0,100.0,100.0,Normal,0.0,0,0.0,0.0,0.0,0.0,0.07210925887209883,0.0,0.1682549373682306,0.0050150451354062184,,0.0003178639542275906,0.019071837253655435,0.4807283924806589
2024-01-16,0.0,0.0,0.0,66,22,True,0.0,0.0,0.0,0.0,0.0,0.0,0.0,100.0,100.0,Normal,0.0,0,0.0,0.0,0.0,0.0,0.07210925887209883,0.0,0.1682549373682306,0.0050150451354062184,,0.0003178639542275906,0.019071837253655435,0.4807283924806589
2024-01-17,0.0,0.0,0.0,72,23,True,0.0,0.0,0.0,0.0,0.0,0.0,0.0,100.0,100.0,Normal,0.0,0,0.0,0.0,0.0,0.0,0.07210925887209883,0.0,0.1682549373682306,0.0050150451354062184,,0.0003178639542275906,0.019071837253655435,0.4807283924806589
2024-01-18,0.0,0.0,0.0,61,24,True,0.0,0.0,0.0,0.0,0.0,0.0,0.0,100.0,100.0,Normal,0.0,0,0.0,0.0,0.0,0.0,0.07210925887209883,0.0,0.1682549373682306,0.0050150451354062184,,0.0003178639542275906,0.019071837253655435,0.4807283924806589
2024-01-19,0.0,0.0,0.0,67,24,True,0.0,0.0,0.0,0.0,0.0,0.0,0.0,100.0,100.0,Normal,0.0,0,0.0,0.0,0.0,0.0,0.07210925887209883,0.0,0.1682549373682306,0.0050150451354062184,,0.0003178639542275906,0.019071837253655435,0.4807283924806589
2024-01-20,0.0,0.0,0.0,72,24,True,0.0,0.0,0.0,0.0,0.0,0.0,0.0,100.0,100.0,Normal,0.0,0,0.0,0.0,0.0,0.0,0.07210925887209883,0.0,0.1682549373682306,0.0050150451354062184,,0.0003178639542275906,0.019071837253655435,0.4807283924806589
2024-01-21,0.0,0.0,0.0,61,22,True,0.0,0.0,0.0,0.0,0.0,0.0,0.0,100.0,100.0,Normal,0.0,0,0.0,0.0,0.0,0.0,0.07210925887209883,0.0,0.1682549373682306,0.0050150451354062184,,0.0003178639542275906,0.019071837253655435,0.4807283924806589
2024-01-22,0.0,0.0,0.0,67,24,True,0.0,0.0,0.0,0.0,0.0,0.0,0.0,100.0,100.0,Normal,0.0,0,0.0,0.0,0.0,0.0,0.07210925887209883,0.0,0.1682549373682306,0.0050150451354062184,,0.0003178639542275906,0.019071837253655435,0.4807283924806589
2024-01-23,0.0,0.0,0.0,56,20,True,0.0,0.0,0.0,0.0,0.0,0.0,0.0,100.0,100.0,Normal,0.0,0,0.0,0.0,0.0,0.0,0.07210925887209883,0.0,0.1682549373682306,0.0050150451354062184,,0.0003178639542275906,0.019071837253655435,0.4807283924806589
2024-01-24,0.0,0.0,0.0,60,20,True,0.0,0.0,0.0,0.0,0.0,0.0,0.0,100.0,100.0,Normal,0.0,0,0.0,0.0,0.0,0.0,0.07210925887209883,0.0,0.1682549373682306,0.0050150451354062184,,0.0003178639542275906,0.019071837253655435,0.4807283924806589
2024-01-25,0.0,0.0,0.0,83,28,True,0.0,0.0,0.0,0.0,0.0,0.0,0.0,100.0,100.0,Normal,0.0,0,0.0,0.0,0.0,0.0,0.07210925887209883,0.0,0.1682549373682306,0.0050150451354062184,,0.0003178639542275906,0.019071837253655435,0.4807283924806589
2024-01-26,0.0,0.0,0.0,61,24,True,0.0,0.0,0.0,0.0,0.0,0.0,0.0,100.0,100.0,Normal,0.0,0,0.0,0.0,0.0,0.0,0.07210925887209883,0.0,0.1682549373682306,0.0050150451354062184,,0.0003178639542275906,0.019071837253655435,0.4807283924806589
2024-01-27,0.0,0.0,0.0,84,28,True,0.0,0.0,0.0,0.0,0.0,0.0,0.0,100.0,100.0,Normal,0.0,0,0.0,0.0,0.0,0.0,0.07210925887209883,0.0,0.1682549373682306,0.0050150451354062184,,0.0003178639542275906,0.019071837253655435,0.4807283924806589
2024-01-28,0.0,0.0,0.0,61,22,True,0.0,0.0,0.0,0.0,0.0,0.0,0.0,100.0,100.0,Normal,0.0,0,0.0,0.0,0.0,0.0,0.07210925887209883,0.0,0.1682549373682306,0.0050150451354062184,,0.0003178639542275906,0.019071837253655435,0.4807283924806589
2024-01-29,0.0,0.0,0.0,60,20,True,0.0,0.0,0.0,0.0,0.0,0.0,0.0,100.0,100.0,Normal,0.0,0,0.0,0.0,0.0,0.0,0.07210925887209883,0.0,0.1682549373682306,0.0050150451354062184,,0.0003178639542275906,0.019071837253655435,0.4807283924806589
2024-01-30,0.0,0.0,0.0,85,30,True,0.0,0.0,0.0,0.0,0.0,0.0,0.0,100.0,100.0,Normal,0.0,0,0.0,0.0,0.0,0.0,0.07210925887209883,0.0,0.1682549373682306,0.0050150451354062184,,0.0003178639542275906,0.019071837253655435,0.4807283924806589
2024-01-31,0.0,0.0,0.0,67,24,True,0.0,0.0,0.0,0.0,0.0,0.0,0.0,100.0,100.0,Normal,0.0,0,0.0,0.0,0.0,0.0,0.07210925887209883,0.0,0.1682549373682306,0.0050150451354062184,,0.0003178639542275906,0.019071837253655435,0.4807283924806589
2024-02-01,0.0,0.0,0.0,80,28,True,0.0,0.0,0.0,0.0,0.0,0.0,0.0,100.0,100.0,Normal,0.0,0,0.0,0.0,0.0,0.0,0.07210925887209883,0.0,0.1682549373682306,0.0050150451354062184,,0.0003178639542275906,0.019071837253655435,0.4807283924806589
2024-02-02,0.0,0.0,0.0,61,22,True,0.0,0.0,0.0,0.0,0.0,0.0,0.0,100.0,100.0,Normal,0.0,0,0.0,0.0,0.0,0.0,0.07210925887209883,0.0,0.1682549373682306,0.0050150451354062184,,0.0003178639542275906,0.019071837253655435,0.4807283924806589
2024-02-03,0.0,0.0,0.0,69,26,True,0.0,0.0,0.0,0.0,0.0,0.0,0.0,100.0,100.0,Normal,0.0,0,0.0,0.0,0.0,0.0,0.07210925887209883,0.0,0.1682549373682306,0.0050150451354062184,,0.0003178639542275906,0.019071837253655435,0.4807283924806589
2024-02-04,0.0,0.0,0.0,66,22,True,0.0,0.0,0.0,0.0,0.0,0.0,0.0,100.0,100.0,Normal,0.0,0,0.0,0.0,0.0,0.0,0.07210925887209883,0.0,0.1682549373682306,0.0050150451354062184,,0.0003178639542275906,0.019071837253655435,0.4807283924806589
2024-02-05,0.0,0.0,0.0,56,20,True,0.0,0.0,0.0,0.0,0.0,0.0,0.0,100.0,100.0,Normal,0.0,0,0.0,0.0,0.0,0.0,0.07210925887209883,0.0,0.1682549373682306,0.0050150451354062184,,0.0003178639542275906,0.019071837253655435,0.4807283924806589
2024-02-06,0.0,0.0,0.0,78,26,True,0.0,0.0,0.0,0.0,0.0,0.0,0.0,100.0,100.0,Normal,0.0,0,0.0,0.0,0.0,0.0,0.07210925887209883,0.0,0.1682549373682306,0.0050150451354062184,,0.0003178639542275906,0.019071837253655435,0.4807283924806589
2024-02-07,0.0,0.0,0.0,49,18,True,0.0,0.0,0.0,0.0,0.0,0.0,0.0,100.0,100.0,Normal,0.0,0,0.0,0.0,0.0,0.0,0.07210925887209883,0.0,0.1682549373682306,0.0050150451354062184,,0.0003178639542275906,0.019071837253655435,0.4807283924806589
2024-02-08,0.0,0.0,0.0,62,24,True,0.0,0.0,0.0,0.0,0.0,0.0,0.0,100.0,100.0,Normal,0.0,0,0.0,0.0,0.0,0.0,0.07210925887209883,0.0,0.1682549373682306,0.0050150451354062184,,0.0003178639542275906,0.019071837253655435,0.4807283924806589
2024-02-09,0.0,0.0,0.0,60,20,True,0.0,0.0,0.0,0.0,0.0,0.0,0.0,100.0,100.0,Normal,0.0,0,0.0,0.0,0.0,0.0,0.07210925887209883,0.0,0.1682549373682306,0.0050150451354062184,,0.0003178639542275906,0.019071837253655435,0.4807283924806589
2024-02-10,0.0,0.0,0.0,71,30,True,0.0,0.0,0.0,0.0,0.0,0.0,0.0,100.0,100.0,Normal,0.0,0,0.0,0.0,0.0,0.0,0.07210925887209883,0.0,0.1682549373682306,0.0050150451354062184,,0.0003178639542275906,0.019071837253655435,0.4807283924806589
2024-02-11,0.0,0.0,0.0,73,28,True,0.0,0.0,0.0,0.0,0.0,0.0,0.0,100.0,100.0,Normal,0.0,0,0.0,0.0,0.0,0.0,0.07210925887209883,0.0,0.1682549373682306,0.0050150451354062184,,0.0003178639542275906,0.019071837253655435,0.4807283924806589
2024-02-12,0.0,0.0,0.0,74,28,True,0.0,0.0,0.0,0.0,0.0,0.0,0.0,100.0,100.0,Normal,0.0,0,0.0,0.0,0.0,0.0,0.07210925887209883,0.0,0.1682549373682306,0.0050150451354062184,,0.0003178639542275906,0.019071837253655435,0.4807283924806589
2024-02-13,0.0,0.0,0.0,67,24,True,0.0,0.0,0.0,0.0,0.0,0.0,0.0,100.0,100.0,Normal,0.0,0,0.0,0.0,0.0,0.0,0.07210925887209883,0.0,0.1682549373682306,0.0050150451354062184,,0.0003178639542275906,0.019071837253655435,0.4807283924806589
2024-02-14,0.0,0.0,0.0,60,20,True,0.0,0.0,0.0,0.0,0.0,0.0,0.0,100.0,100.0,Normal,0.0,0,0.0,0.0,0.0,0.0,0.07210925887209883,0.0,0.1682549373682306,0.0050150451354062184,,0.0003178639542275906,0.019071837253655435,0.4807283924806589
2024-02-15,0.0,0.0,0.0,75,30,True,0.0,0.0,0.0,0.0,0.0,0.0,0.0,100.0,100.0,Normal,0.0,0,0.0,0.0,0.0,0.0,0.07210925887209883,0.0,0.1682549373682306,0.0050150451354062184,,0.0003178639542275906,0.019071837253655435,0.4807283924806589
2024-02-16,0.0,0.0,0.0,73,24,True,0.0,0.0,0.0,0.0,0.0,0.0,0.0,100.0,100.0,Normal,0.0,0,0.0,0.0,0.0,0.0,0.07210925887209883,0.0,0.1682549373682306,0.0050150451354062184,,0.0003178639542275906,0.019071837253655435,0.4807283924806589
2024-02-17,0.0,0.0,0.0,79,28,True,0.0,0.0,0.0,0.0,0.0,0.0,0.0,100.0,100.0,Normal,0.0,0,0.0,0.0,0.0,0.0,0.07210925887209883,0.0,0.1682549373682306,0.0050150451354062184,,0.0003178639542275906,0.019071837253655435,0.4807283924806589
2024-02-18,0.0,0.0,0.0,60,24,True,0.0,0.0,0.0,0.0,0.0,0.0,0.0,100.0,100.0,Normal,0.0,0,0.0,0.0,0.0,0.0,0.07210925887209883,0.0,0.1682549373682306,0.0050150451354062184,,0.0003178639542275906,0.019071837253655435,0.4807283924806589
2024-02-19,0.0,0.0,0.0,60,20,True,0.0,0.0,0.0,0.0,0.0,0.0,0.0,100.0,100.0,Normal,0.0,0,0.0,0.0,0.0,0.0,0.07210925887209883,0.0,0.1682549373682306,0.0050150451354062184,,0.0003178639542275906,0.019071837253655435,0.4807283924806589
2024-02-20,0.0,0.0,0.0,67,24,True,0.0,0.0,0.0,0.0,0.0,0.0,0.0,100.0,100.0,Normal,0.0,0,0.0,0.0,0.0,0.0,0.07210925887209883,0.0,0.1682549373682306,0.0050150451354062184,,0.0003178639542275906,0.019071837253655435,0.4807283924806589
2024-02-21,0.0,0.0,0.0,66,22,True,0.0,0.0,0.0,0.0,0.0,0.0,0.0,100.0,100.0,Normal,0.0,0,0.0,0.0,0.0,0.0,0.07210925887209883,0.0,0.1682549373682306,0.0050150451354062184,,0.0003178639542275906,0.019071837253655435,0.4807283924806589
2024-02-22,0.0,0.0,0.0,72,24,True,0.0,0.0,0.0,0.0,0.0,0.0,0.0,100.0,100.0,Normal,0.0,0,0.0,0.0,0.0,0.0,0.07210925887209883,0.0,0.1682549373682306,0.0050150451354062184,,0.0003178639542275906,0.019071837253655435,0.4807283924806589
2024-02-23,0.0,0.0,0.0,62,24,True,0.0,0.0,0.0,0.0,0.0,0.0,0.0,100.0,100.0,Normal,0.0,0,0.0,0.0,0.0,0.0,0.07210925887209883,0.0,0.1682549373682306,0.0050150451354062184,,0.0003178639542275906,0.019071837253655435,0.4807283924806589
2024-02-24,0.0,0.0,0.0,54,18,True,0.0,0.0,0.0,0.0,0.0,0.0,0.0,100.0,100.0,Normal,0.0,0,0.0,0.0,0.0,0.0,0.07210925887209883,0.0,0.1682549373682306,0.0050150451354062184,,0.0003178639542275906,0.019071837253655435,0.4807283924806589
2024-02-25,0.0,0.0,0.0,67,24,True,0.0,0.0,0.0,0.0,0.0,0.0,0.0,100.0,100.0,Normal,0.0,0,0.0,0.0,0.0,0.0,0.07210925887209883,0.0,0.1682549373682306,0.0050150451354062184,,0.0003178639542275906,0.019071837253655435,0.4807283924806589
2024-02-26,0.0,0.0,0.0,78,26,True,0.0,0.0,0.0,0.0,0.0,0.0,0.0,100.0,100.0,Normal,0.0,0,0.0,0.0,0.0,0.0,0.07210925887209883,0.0,0.1682549373682306,0.0050150451354062184,,0.0003178639542275906,0.019071837253655435,0.4807283924806589
2024-02-27,0.0,0.0,0.0,80,28,True,0.0,0.0,0.0,0.0,0.0,0.0,0.0,100.0,100.0,Normal,0.0,0,0.0,0.0,0.0,0.0,0.07210925887209883,0.0,0.1682549373682306,0.0050150451354062184,,0.0003178639542275906,0.019071837253655435,0.4807283924806589
2024-02-28,0.0,0.0,0.0,67,24,True,0.0,0.0,0.0,0.0,0.0,0.0,0.0,100.0,100.0,Normal,0.0,0,0.0,0.0,0.0,0.0,0.07210925887209883,0.0,0.1682549373682306,0.0050150451354062184,,0.0003178639542275906,0.019071837253655435,0.4807283924806589
2024-02-29,0.0,0.0,0.0,126,22,True,0.0,0.0,0.0,0.0,0.0,0.0,0.0,100.0,100.0,Normal,0.0,0,0.0,0.0,0.0,0.0,0.07210925887209883,0.0,0.1682549373682306,0.0050150451354062184,,0.0003178639542275906,0.019071837253655435,0.4807283924806589
2024-03-01,0.0,0.0,0.0,67,24,True,0.0,0.0,0.0,0.0,0.0,0.0,0.0,100.0,100.0,Normal,0.0,0,0.0,0.0,0.0,0.0,0.07210925887209883,0.0,0.1682549373682306,0.0050150451354062184,,0.0003178639542275906,0.019071837253655435,0.4807283924806589
2024-03-02,0.0,0.0,0.0,70,26,True,0.0,0.0,0.0,0.0,0.0,0.0,0.0,100.0,100.0,Normal,0.0,0,0.0,0.0,0.0,0.0,0.07210925887209883,0.0,0.1682549373682306,0.0050150451354062184,,0.0003178639542275906,0.019071837253655435,0.4807283924806589
2024-03-03,0.0,0.0,0.0,72,28,True,0.0,0.0,0.0,0.0,0.0,0.0,0.0,100.0,100.0,Normal,0.0,0,0.0,0.0,0.0,0.0,0.07210925887209883,0.0,0.1682549373682306,0.0050150451354062184,,0.0003178639542275906,0.019071837253655435,0.4807283924806589
2024-03-04,0.0,0.0,0.0,62,23,True,0.0,0.0,0.0,0.0,0.0,0.0,0.0,100.0,100.0,Normal,0.0,0,0.0,0.0,0.0,0.0,0.07210925887209883,0.0,0.1682549373682306,0.0050150451354062184,,0.0003178639542275906,0.019071837253655435,0.4807283924806589
2024-03-05,0.0,0.0,0.0,49,16,True,0.0,0.0,0.0,0.0,0.0,0.0,0.0,100.0,100.0,Normal,0.0,0,0.0,0.0,0.0,0.0,0.07210925887209883,0.0,0.1682549373682306,0.0050150451354062184,,0.0003178639542275906,0.019071837253655435,0.4807283924806589
2024-03-06,0.0,0.0,0.0,0,0,False,0.0,0.0,0.0,0.0,0.0,0.0,0.0,100.0,100.0,Inactive,0.0,0,0.0,0.0,0.0,0.0,0.07210925887209883,0.0,0.1682549373682306,0.0050150451354062184,,0.0003178639542275906,0.019071837253655435,0.4807283924806589
2024-03-07,0.0,0.0,0.0,0,0,False,0.0,0.0,0.0,0.0,0.0,0.0,0.0,100.0,100.0,Inactive,0.0,0,0.0,0.0,0.0,0.0,0.07210925887209883,0.0,0.1682549373682306,0.0050150451354062184,,0.0003178639542275906,0.019071837253655435,0.4807283924806589
2024-03-08,0.0,0.0,0.0,0,0,False,0.0,0.0,0.0,0.0,0.0,0.0,0.0,100.0,100.0,Inactive,0.0,0,0.0,0.0,0.0,0.0,0.07210925887209883,0.0,0.1682549373682306,0.0050150451354062184,,0.0003178639542275906,0.019071837253655435,0.4807283924806589
2024-03-09,0.0,0.0,0.0,0,0,False,0.0,0.0,0.0,0.0,0.0,0.0,0.0,100.0,100.0,Inactive,0.0,0,0.0,0.0,0.0,0.0,0.07210925887209883,0.0,0.1682549373682306,0.0050150451354062184,,0.0003178639542275906,0.019071837253655435,0.4807283924806589
2024-03-10,0.0,0.0,0.0,0,0,False,0.0,0.0,0.0,0.0,0.0,0.0,0.0,100.0,100.0,Inactive,0.0,0,0.0,0.0,0.0,0.0,0.07210925887209883,0.0,0.1682549373682306,0.0050150451354062184,,0.0003178639542275906,0.019071837253655435,0.4807283924806589
2024-03-11,0.0,0.0,0.0,0,0,False,0.0,0.0,0.0,0.0,0.0,0.0,0.0,100.0,100.0,Inactive,0.0,0,0.0,0.0,0.0,0.0,0.07210925887209883,0.0,0.1682549373682306,0.0050150451354062184,,0.0003178639542275906,0.019071837253655435,0.4807283924806589
2024-03-12,0.0,0.0,0.0,0,0,False,0.0,0.0,0.0,0.0,0.0,0.0,0.0,100.0,100.0,Inactive,0.0,0,0.0,0.0,0.0,0.0,0.07210925887209883,0.0,0.1682549373682306,0.0050150451354062184,,0.0003178639542275906,0.019071837253655435,0.4807283924806589
2024-03-13,0.0,0.0,0.0,0,0,False,0.0,0.0,0.0,0.0,0.0,0.0,0.0,100.0,100.0,Inactive,0.0,0,0.0,0.0,0.0,0.0,0.07210925887209883,0.0,0.1682549373682306,0.0050150451354062184,,0.0003178639542275906,0.019071837253655435,0.4807283924806589
2024-03-14,0.0,0.0,0.0,0,0,False,0.0,0.0,0.0,0.0,0.0,0.0,0.0,100.0,100.0,Inactive,0.0,0,0.0,0.0,0.0,0.0,0.07210925887209883,0.0,0.1682549373682306,0.0050150451354062184,,0.0003178639542275906,0.019071837253655435,0.4807283924806589
2024-03-15,0.0,0.0,0.0,0,0,False,0.0,0.0,0.0,0.0,0.0,0.0,0.0,100.0,100.0,Inactive,0.0,0,0.0,0.0,0.0,0.0,0.07210925887209883,0.0,0.1682549373682306,0.0050150451354062184,,0.0003178639542275906,0.019071837253655435,0.4807283924806589
2024-03-16,0.0,0.0,0.0,0,0,False,0.0,0.0,0.0,0.0,0.0,0.0,0.0,100.0,100.0,Inactive,0.0,0,0.0,0.0,0.0,0.0,0.07210925887209883,0.0,0.1682549373682306,0.0050150451354062184,,0.0003178639542275906,0.019071837253655435,0.4807283924806589
2024-03-17,0.0,0.0,0.0,0,0,False,0.0,0.0,0.0,0.0,0.0,0.0,0.0,100.0,100.0,Inactive,0.0,0,0.0,0.0,0.0,0.0,0.07210925887209883,0.0,0.1682549373682306,0.0050150451354062184,,0.0003178639542275906,0.019071837253655435,0.4807283924806589
2024-03-18,0.0,0.0,0.0,0,0,False,0.0,0.0,0.0,0.0,0.0,0.0,0.0,100.0,100.0,Inactive,0.0,0,0.0,0.0,0.0,0.0,0.07210925887209883,0.0,0.1682549373682306,0.0050150451354062184,,0.0003178639542275906,0.019071837253655435,0.4807283924806589
2024-03-19,0.0,0.0,0.0,69,16,True,0.0,0.0,0.0,0.0,0.0,0.0,0.0,100.0,100.0,Normal,0.0,0,0.0,0.0,0.0,0.0,0.07210925887209883,0.0,0.1682549373682306,0.0050150451354062184,,0.0003178639542275906,0.019071837253655435,0.4807283924806589
2024-03-20,0.0,0.0,0.0,67,26,True,0.0,0.0,0.0,0.0,0.0,0.0,0.0,100.0,100.0,Normal,0.0,0,0.0,0.0,0.0,0.0,0.07210925887209883,0.0,0.1682549373682306,0.0050150451354062184,,0.0003178639542275906,0.019071837253655435,0.4807283924806589
2024-03-21,0.0,0.0,0.0,6,2,True,0.0,0.0,0.0,0.0,0.0,0.0,0.0,100.0,100.0,Normal,0.0,0,0.0,0.0,0.0,0.0,0.07210925887209883,0.0,0.1682549373682306,0.0050150451354062184,,0.0003178639542275906,0.019071837253655435,0.4807283924806589
2024-03-22,0.0,0.0,0.0,0,0,False,0.0,0.0,0.0,0.0,0.0,0.0,0.0,100.0,100.0,Inactive,0.0,0,0.0,0.0,0.0,0.0,0.07210925887209883,0.0,0.1682549373682306,0.0050150451354062184,,0.0003178639542275906,0.019071837253655435,0.4807283924806589
2024-03-23,0.0,0.0,0.0,0,0,False,0.0,0.0,0.0,0.0,0.0,0.0,0.0,100.0,100.0,Inactive,0.0,0,0.0,0.0,0.0,0.0,0.07210925887209883,0.0,0.1682549373682306,0.0050150451354062184,,0.0003178639542275906,0.019071837253655435,0.4807283924806589
2024-03-24,0.0,0.0,0.0,0,0,False,0.0,0.0,0.0,0.0,0.0,0.0,0.0,100.0,100.0,Inactive,0.0,0,0.0,0.0,0.0,0.0,0.07210925887209883,0.0,0.1682549373682306,0.0050150451354062184,,0.0003178639542275906,0.019071837253655435,0.4807283924806589
2024-03-25,0.0,0.0,0.0,0,0,False,0.0,0.0,0.0,0.0,0.0,0.0,0.0,100.0,100.0,Inactive,0.0,0,0.0,0.0,0.0,0.0,0.07210925887209883,0.0,0.1682549373682306,0.0050150451354062184,,0.0003178639542275906,0.019071837253655435,0.4807283924806589
2024-03-26,0.0,0.0,0.0,0,0,False,0.0,0.0,0.0,0.0,0.0,0.0,0.0,100.0,100.0,Inactive,0.0,0,0.0,0.0,0.0,0.0,0.07210925887209883,0.0,0.1682549373682306,0.0050150451354062184,,0.0003178639542275906,0.019071837253655435,0.4807283924806589
2024-03-27,0.0,0.0,0.0,0,0,False,0.0,0.0,0.0,0.0,0.0,0.0,0.0,100.0,100.0,Inactive,0.0,0,0.0,0.0,0.0,0.0,0.07210925887209883,0.0,0.1682549373682306,0.0050150451354062184,,0.0003178639542275906,0.019071837253655435,0.4807283924806589
2024-03-28,0.0,0.0,0.0,0,0,False,0.0,0.0,0.0,0.0,0.0,0.0,0.0,100.0,100.0,Inactive,0.0,0,0.0,0.0,0.0,0.0,0.07210925887209883,0.0,0.1682549373682306,0.0050150451354062184,,0.0003178639542275906,0.019071837253655435,0.4807283924806589
2024-03-29,0.0,0.0,0.0,0,0,False,0.0,0.0,0.0,0.0,0.0,0.0,0.0,100.0,100.0,Inactive,0.0,0,0.0,0.0,0.0,0.0,0.07210925887209883,0.0,0.1682549373682306,0.0050150451354062184,,0.0003178639542275906,0.019071837253655435,0.4807283924806589
2024-03-30,0.0,0.0,0.0,0,0,False,0.0,0.0,0.0,0.0,0.0,0.0,0.0,100.0,100.0,Inactive,0.0,0,0.0,0.0,0.0,0.0,0.07210925887209883,0.0,0.1682549373682306,0.0050150451354062184,,0.0003178639542275906,0.019071837253655435,0.4807283924806589
2024-03-31,0.0,0.0,0.0,0,0,False,0.0,0.0,0.0,0.0,0.0,0.0,0.0,100.0,100.0,Inactive,0.0,0,0.0,0.0,0.0,0.0,0.07210925887209883,0.0,0.1682549373682306,0.0050150451354062184,,0.0003178639542275906,0.019071837253655435,0.4807283924806589
2024-04-01,0.0,0.0,0.0,0,0,False,0.0,0.0,0.0,0.0,0.0,0.0,0.0,100.0,100.0,Inactive,0.0,0,0.0,0.0,0.0,0.0,0.07210925887209883,0.0,0.1682549373682306,0.0050150451354062184,,0.0003178639542275906,0.019071837253655435,0.4807283924806589
2024-04-02,0.0,0.0,0.0,0,0,False,0.0,0.0,0.0,0.0,0.0,0.0,0.0,100.0,100.0,Inactive,0.0,0,0.0,0.0,0.0,0.0,0.07210925887209883,0.0,0.1682549373682306,0.0050150451354062184,,0.0003178639542275906,0.019071837253655435,0.4807283924806589
2024-04-03,0.0,0.0,0.0,0,0,False,0.0,0.0,0.0,0.0,0.0,0.0,0.0,100.0,100.0,Inactive,0.0,0,0.0,0.0,0.0,0.0,0.07210925887209883,0.0,0.1682549373682306,0.0050150451354062184,,0.0003178639542275906,0.019071837253655435,0.4807283924806589
2024-04-04,0.0,0.0,0.0,0,0,False,0.0,0.0,0.0,0.0,0.0,0.0,0.0,100.0,100.0,Inactive,0.0,0,0.0,0.0,0.0,0.0,0.07210925887209883,0.0,0.1682549373682306,0.0050150451354062184,,0.0003178639542275906,0.019071837253655435,0.4807283924806589
2024-04-05,0.0,0.0,0.0,0,0,False,0.0,0.0,0.0,0.0,0.0,0.0,0.0,100.0,100.0,Inactive,0.0,0,0.0,0.0,0.0,0.0,0.07210925887209883,0.0,0.1682549373682306,0.0050150451354062184,,0.0003178639542275906,0.019071837253655435,0.4807283924806589
2024-04-06,0.0,0.0,0.0,0,0,False,0.0,0.0,0.0,0.0,0.0,0.0,0.0,100.0,100.0,Inactive,0.0,0,0.0,0.0,0.0,0.0,0.07210925887209883,0.0,0.1682549373682306,0.0050150451354062184,,0.0003178639542275906,0.019071837253655435,0.4807283924806589
2024-04-07,0.0,0.0,0.0,0,0,False,0.0,0.0,0.0,0.0,0.0,0.0,0.0,100.0,100.0,Inactive,0.0,0,0.0,0.0,0.0,0.0,0.07210925887209883,0.0,0.1682549373682306,0.0050150451354062184,,0.0003178639542275906,0.019071837253655435,0.4807283924806589
2024-04-08,0.0,0.0,0.0,0,0,False,0.0,0.0,0.0,0.0,0.0,0.0,0.0,100.0,100.0,Inactive,0.0,0,0.0,0.0,0.0,0.0,0.07210925887209883,0.0,0.1682549373682306,0.0050150451354062184,,0.0003178639542275906,0.019071837253655435,0.4807283924806589
2024-04-09,0.0,0.0,0.0,0,0,False,0.0,0.0,0.0,0.0,0.0,0.0,0.0,100.0,100.0,Inactive,0.0,0,0.0,0.0,0.0,0.0,0.07210925887209883,0.0,0.1682549373682306,0.0050150451354062184,,0.0003178639542275906,0.019071837253655435,0.4807283924806589
2024-04-10,0.0,0.0,0.0,0,0,False,0.0,0.0,0.0,0.0,0.0,0.0,0.0,100.0,100.0,Inactive,0.0,0,0.0,0.0,0.0,0.0,0.07210925887209883,0.0,0.1682549373682306,0.0050150451354062184,,0.0003178639542275906,0.019071837253655435,0.4807283924806589
2024-04-11,0.0,0.0,0.0,0,0,False,0.0,0.0,0.0,0.0,0.0,0.0,0.0,100.0,100.0,Inactive,0.0,0,0.0,0.0,0.0,0.0,0.07210925887209883,0.0,0.1682549373682306,0.0050150451354062184,,0.0003178639542275906,0.019071837253655435,0.4807283924806589
2024-04-12,0.0,0.0,0.0,0,0,False,0.0,0.0,0.0,0.0,0.0,0.0,0.0,100.0,100.0,Inactive,0.0,0,0.0,0.0,0.0,0.0,0.07210925887209883,0.0,0.1682549373682306,0.0050150451354062184,,0.0003178639542275906,0.019071837253655435,0.4807283924806589
2024-04-13,0.0,0.0,0.0,0,0,False,0.0,0.0,0.0,0.0,0.0,0.0,0.0,100.0,100.0,Inactive,0.0,0,0.0,0.0,0.0,0.0,0.07210925887209883,0.0,0.1682549373682306,0.0050150451354062184,,0.0003178639542275906,0.019071837253655435,0.4807283924806589
2024-04-14,0.0,0.0,0.0,0,0,False,0.0,0.0,0.0,0.0,0.0,0.0,0.0,100.0,100.0,Inactive,0.0,0,0.0,0.0,0.0,0.0,0.07210925887209883,0.0,0.1682549373682306,0.0050150451354062184,,0.0003178639542275906,0.019071837253655435,0.4807283924806589
2024-04-15,0.0,0.0,0.0,0,0,False,0.0,0.0,0.0,0.0,0.0,0.0,0.0,100.0,100.0,Inactive,0.0,0,0.0,0.0,0.0,0.0,0.07210925887209883,0.0,0.1682549373682306,0.0050150451354062184,,0.0003178639542275906,0.019071837253655435,0.4807283924806589
2024-04-16,0.0,0.0,0.0,0,0,False,0.0,0.0,0.0,0.0,0.0,0.0,0.0,100.0,100.0,Inactive,0.0,0,0.0,0.0,0.0,0.0,0.07210925887209883,0.0,0.1682549373682306,0.0050150451354062184,,0.0003178639542275906,0.019071837253655435,0.4807283924806589
2024-04-17,0.0,0.0,0.0,0,0,False,0.0,0.0,0.0,0.0,0.0,0.0,0.0,100.0,100.0,Inactive,0.0,0,0.0,0.0,0.0,0.0,0.07210925887209883,0.0,0.1682549373682306,0.0050150451354062184,,0.0003178639542275906,0.019071837253655435,0.4807283924806589
2024-04-18,0.0,0.0,0.0,0,0,False,0.0,0.0,0.0,0.0,0.0,0.0,0.0,100.0,100.0,Inactive,0.0,0,0.0,0.0,0.0,0.0,0.07210925887209883,0.0,0.1682549373682306,0.0050150451354062184,,0.0003178639542275906,0.019071837253655435,0.4807283924806589
2024-04-19,0.0,0.0,0.0,0,0,False,0.0,0.0,0.0,0.0,0.0,0.0,0.0,100.0,100.0,Inactive,0.0,0,0.0,0.0,0.0,0.0,0.07210925887209883,0.0,0.1682549373682306,0.0050150451354062184,,0.0003178639542275906,0.019071837253655435,0.4807283924806589
2024-04-20,0.0,0.0,0.0,0,0,False,0.0,0.0,0.0,0.0,0.0,0.0,0.0,100.0,100.0,Inactive,0.0,0,0.0,0.0,0.0,0.0,0.07210925887209883,0.0,0.1682549373682306,0.0050150451354062184,,0.0003178639542275906,0.019071837253655435,0.4807283924806589
2024-04-21,0.0,0.0,0.0,0,0,False,0.0,0.0,0.0,0.0,0.0,0.0,0.0,100.0,100.0,Inactive,0.0,0,0.0,0.0,0.0,0.0,0.07210925887209883,0.0,0.1682549373682306,0.0050150451354062184,,0.0003178639542275906,0.019071837253655435,0.4807283924806589
2024-04-22,0.0,0.0,0.0,0,0,False,0.0,0.0,0.0,0.0,0.0,0.0,0.0,100.0,100.0,Inactive,0.0,0,0.0,0.0,0.0,0.0,0.07210925887209883,0.0,0.1682549373682306,0.0050150451354062184,,0.0003178639542275906,0.019071837253655435,0.4807283924806589
2024-04-23,0.0,0.0,0.0,0,0,False,0.0,0.0,0.0,0.0,0.0,0.0,0.0,100.0,100.0,Inactive,0.0,0,0.0,0.0,0.0,0.0,0.07210925887209883,0.0,0.1682549373682306,0.0050150451354062184,,0.0003178639542275906,0.019071837253655435,0.4807283924806589
2024-04-24,0.0,0.0,0.0,0,0,False,0.0,0.0,0.0,0.0,0.0,0.0,0.0,100.0,100.0,Inactive,0.0,0,0.0,0.0,0.0,0.0,0.07210925887209883,0.0,0.1682549373682306,0.0050150451354062184,,0.0003178639542275906,0.019071837253655435,0.4807283924806589
2024-04-25,0.0,0.0,0.0,0,0,False,0.0,0.0,0.0,0.0,0.0,0.0,0.0,100.0,100.0,Inactive,0.0,0,0.0,0.0,0.0,0.0,0.07210925887209883,0.0,0.1682549373682306,0.0050150451354062184,,0.0003178639542275906,0.019071837253655435,0.4807283924806589
2024-04-26,0.0,0.0,0.0,0,0,False,0.0,0.0,0.0,0.0,0.0,0.0,0.0,100.0,100.0,Inactive,0.0,0,0.0,0.0,0.0,0.0,0.07210925887209883,0.0,0.1682549373682306,0.0050150451354062184,,0.0003178639542275906,0.019071837253655435,0.4807283924806589
2024-04-27,0.0,0.0,0.0,0,0,False,0.0,0.0,0.0,0.0,0.0,0.0,0.0,100.0,100.0,Inactive,0.0,0,0.0,0.0,0.0,0.0,0.07210925887209883,0.0,0.1682549373682306,0.0050150451354062184,,0.0003178639542275906,0.019071837253655435,0.4807283924806589
2024-04-28,0.0,0.0,0.0,0,0,False,0.0,0.0,0.0,0.0,0.0,0.0,0.0,100.0,100.0,Inactive,0.0,0,0.0,0.0,0.0,0.0,0.07210925887209883,0.0,0.1682549373682306,0.0050150451354062184,,0.0003178639542275906,0.019071837253655435,0.4807283924806589
2024-04-29,0.0,0.0,0.0,0,0,False,0.0,0.0,0.0,0.0,0.0,0.0,0.0,100.0,100.0,Inactive,0.0,0,0.0,0.0,0.0,0.0,0.07210925887209883,0.0,0.1682549373682306,0.0050150451354062184,,0.0003178639542275906,0.019071837253655435,0.4807283924806589
2024-04-30,0.0,0.0,0.0,0,0,False,0.0,0.0,0.0,0.0,0.0,0.0,0.0,100.0,100.0,Inactive,0.0,0,0.0,0.0,0.0,0.0,0.07210925887209883,0.0,0.1682549373682306,0.0050150451354062184,,0.0003178639542275906,0.019071837253655435,0.4807283924806589
2024-05-01,0.0,0.0,0.0,0,0,False,0.0,0.0,0.0,0.0,0.0,0.0,0.0,100.0,100.0,Inactive,0.0,0,0.0,0.0,0.0,0.0,0.07210925887209883,0.0,0.1682549373682306,0.0050150451354062184,,0.0003178639542275906,0.019071837253655435,0.4807283924806589
2024-05-02,0.0,0.0,0.0,0,0,False,0.0,0.0,0.0,0.0,0.0,0.0,0.0,100.0,100.0,Inactive,0.0,0,0.0,0.0,0.0,0.0,0.07210925887209883,0.0,0.1682549373682306,0.0050150451354062184,,0.0003178639542275906,0.019071837253655435,0.4807283924806589
2024-05-03,0.0,0.0,0.0,0,0,False,0.0,0.0,0.0,0.0,0.0,0.0,0.0,100.0,100.0,Inactive,0.0,0,0.0,0.0,0.0,0.0,0.07210925887209883,0.0,0.1682549373682306,0.0050150451354062184,,0.0003178639542275906,0.019071837253655435,0.4807283924806589
2024-05-04,0.0,0.0,0.0,0,0,False,0.0,0.0,0.0,0.0,0.0,0.0,0.0,100.0,100.0,Inactive,0.0,0,0.0,0.0,0.0,0.0,0.07210925887209883,0.0,0.1682549373682306,0.0050150451354062184,,0.0003178639542275906,0.019071837253655435,0.4807283924806589
2024-05-05,0.0,0.0,0.0,0,0,False,0.0,0.0,0.0,0.0,0.0,0.0,0.0,100.0,100.0,Inactive,0.0,0,0.0,0.0,0.0,0.0,0.07210925887209883,0.0,0.1682549373682306,0.0050150451354062184,,0.0003178639542275906,0.019071837253655435,0.4807283924806589
2024-05-06,0.0,0.0,0.0,0,0,False,0.0,0.0,0.0,0.0,0.0,0.0,0.0,100.0,100.0,Inactive,0.0,0,0.0,0.0,0.0,0.0,0.07210925887209883,0.0,0.1682549373682306,0.0050150451354062184,,0.0003178639542275906,0.019071837253655435,0.4807283924806589
2024-05-07,0.0,0.0,0.0,0,0,False,0.0,0.0,0.0,0.0,0.0,0.0,0.0,100.0,100.0,Inactive,0.0,0,0.0,0.0,0.0,0.0,0.07210925887209883,0.0,0.1682549373682306,0.0050150451354062184,,0.0003178639542275906,0.019071837253655435,0.4807283924806589
2024-05-08,0.0,0.0,0.0,0,0,False,0.0,0.0,0.0,0.0,0.0,0.0,0.0,100.0,100.0,Inactive,0.0,0,0.0,0.0,0.0,0.0,0.07210925887209883,0.0,0.1682549373682306,0.0050150451354062184,,0.0003178639542275906,0.019071837253655435,0.4807283924806589
2024-05-09,0.0,0.0,0.0,0,0,False,0.0,0.0,0.0,0.0,0.0,0.0,0.0,100.0,100.0,Inactive,0.0,0,0.0,0.0,0.0,0.0,0.07210925887209883,0.0,0.1682549373682306,0.0050150451354062184,,0.0003178639542275906,0.019071837253655435,0.4807283924806589
2024-05-10,0.0,0.0,0.0,0,0,False,0.0,0.0,0.0,0.0,0.0,0.0,0.0,100.0,100.0,Inactive,0.0,0,0.0,0.0,0.0,0.0,0.07210925887209883,0.0,0.1682549373682306,0.0050150451354062184,,0.0003178639542275906,0.019071837253655435,0.4807283924806589
2024-05-11,0.0,0.0,0.0,0,0,False,0.0,0.0,0.0,0.0,0.0,0.0,0.0,100.0,100.0,Inactive,0.0,0,0.0,0.0,0.0,0.0,0.07210925887209883,0.0,0.1682549373682306,0.0050150451354062184,,0.0003178639542275906,0.019071837253655435,0.4807283924806589
2024-05-12,0.0,0.0,0.0,0,0,False,0.0,0.0,0.0,0.0,0.0,0.0,0.0,100.0,100.0,Inactive,0.0,0,0.0,0.0,0.0,0.0,0.07210925887209883,0.0,0.1682549373682306,0.0050150451354062184,,0.0003178639542275906,0.019071837253655435,0.4807283924806589
2024-05-13,0.0,0.0,0.0,0,0,False,0.0,0.0,0.0,0.0,0.0,0.0,0.0,100.0,100.0,Inactive,0.0,0,0.0,0.0,0.0,0.0,0.07210925887209883,0.0,0.1682549373682306,0.0050150451354062184,,0.0003178639542275906,0.019071837253655435,0.4807283924806589
2024-05-14,0.0,0.0,0.0,0,0,False,0.0,0.0,0.0,0.0,0.0,0.0,0.0,100.0,100.0,Inactive,0.0,0,0.0,0.0,0.0,0.0,0.07210925887209883,0.0,0.1682549373682306,0.0050150451354062184,,0.0003178639542275906,0.019071837253655435,0.4807283924806589
2024-05-15,0.0,0.0,0.0,0,0,False,0.0,0.0,0.0,0.0,0.0,0.0,0.0,100.0,100.0,Inactive,0.0,0,0.0,0.0,0.0,0.0,0.07210925887209883,0.0,0.1682549373682306,0.0050150451354062184,,0.0003178639542275906,0.019071837253655435,0.4807283924806589
2024-05-16,0.0,0.0,0.0,0,0,False,0.0,0.0,0.0,0.0,0.0,0.0,0.0,100.0,100.0,Inactive,0.0,0,0.0,0.0,0.0,0.0,0.07210925887209883,0.0,0.1682549373682306,0.0050150451354062184,,0.0003178639542275906,0.019071837253655435,0.4807283924806589
2024-05-17,0.0,0.0,0.0,0,0,False,0.0,0.0,0.0,0.0,0.0,0.0,0.0,100.0,100.0,Inactive,0.0,0,0.0,0.0,0.0,0.0,0.07210925887209883,0.0,0.1682549373682306,0.0050150451354062184,,0.0003178639542275906,0.019071837253655435,0.4807283924806589
2024-05-18,0.0,0.0,0.0,0,0,False,0.0,0.0,0.0,0.0,0.0,0.0,0.0,100.0,100.0,Inactive,0.0,0,0.0,0.0,0.0,0.0,0.07210925887209883,0.0,0.1682549373682306,0.0050150451354062184,,0.0003178639542275906,0.019071837253655435,0.4807283924806589
2024-05-19,0.0,0.0,0.0,0,0,False,0.0,0.0,0.0,0.0,0.0,0.0,0.0,100.0,100.0,Inactive,0.0,0,0.0,0.0,0.0,0.0,0.07210925887209883,0.0,0.1682549373682306,0.0050150451354062184,,0.0003178639542275906,0.019071837253655435,0.4807283924806589
2024-05-20,0.0,0.0,0.0,0,0,False,0.0,0.0,0.0,0.0,0.0,0.0,0.0,100.0,100.0,Inactive,0.0,0,0.0,0.0,0.0,0.0,0.07210925887209883,0.0,0.1682549373682306,0.0050150451354062184,,0.0003178639542275906,0.019071837253655435,0.4807283924806589
2024-05-21,0.0,0.0,0.0,0,0,False,0.0,0.0,0.0,0.0,0.0,0.0,0.0,100.0,100.0,Inactive,0.0,0,0.0,0.0,0.0,0.0,0.07210925887209883,0.0,0.1682549373682306,0.0050150451354062184,,0.0003178639542275906,0.019071837253655435,0.4807283924806589
2024-05-22,0.0,0.0,0.0,0,0,False,0.0,0.0,0.0,0.0,0.0,0.0,0.0,100.0,100.0,Inactive,0.0,0,0.0,0.0,0.0,0.0,0.07210925887209883,0.0,0.1682549373682306,0.0050150451354062184,,0.0003178639542275906,0.019071837253655435,0.4807283924806589
2024-05-23,0.0,0.0,0.0,0,0,False,0.0,0.0,0.0,0.0,0.0,0.0,0.0,100.0,100.0,Inactive,0.0,0,0.0,0.0,0.0,0.0,0.07210925887209883,0.0,0.1682549373682306,0.0050150451354062184,,0.0003178639542275906,0.019071837253655435,0.4807283924806589
2024-05-24,0.0,0.0,0.0,0,0,False,0.0,0.0,0.0,0.0,0.0,0.0,0.0,100.0,100.0,Inactive,0.0,0,0.0,0.0,0.0,0.0,0.07210925887209883,0.0,0.1682549373682306,0.0050150451354062184,,0.0003178639542275906,0.019071837253655435,0.4807283924806589
2024-05-25,0.0,0.0,0.0,0,0,False,0.0,0.0,0.0,0.0,0.0,0.0,0.0,100.0,100.0,Inactive,0.0,0,0.0,0.0,0.0,0.0,0.07210925887209883,0.0,0.1682549373682306,0.0050150451354062184,,0.0003178639542275906,0.019071837253655435,0.4807283924806589
2024-05-26,0.0,0.0,0.0,0,0,False,0.0,0.0,0.0,0.0,0.0,0.0,0.0,100.0,100.0,Inactive,0.0,0,0.0,0.0,0.0,0.0,0.07210925887209883,0.0,0.1682549373682306,0.0050150451354062184,,0.0003178639542275906,0.019071837253655435,0.4807283924806589
2024-05-27,0.0,0.0,0.0,0,0,False,0.0,0.0,0.0,0.0,0.0,0.0,0.0,100.0,100.0,Inactive,0.0,0,0.0,0.0,0.0,0.0,0.07210925887209883,0.0,0.1682549373682306,0.0050150451354062184,,0.0003178639542275906,0.019071837253655435,0.4807283924806589
2024-05-28,0.0,0.0,0.0,0,0,False,0.0,0.0,0.0,0.0,0.0,0.0,0.0,100.0,100.0,Inactive,0.0,0,0.0,0.0,0.0,0.0,0.07210925887209883,0.0,0.1682549373682306,0.0050150451354062184,,0.0003178639542275906,0.019071837253655435,0.4807283924806589
2024-05-29,0.0,0.0,0.0,0,0,False,0.0,0.0,0.0,0.0,0.0,0.0,0.0,100.0,100.0,Inactive,0.0,0,0.0,0.0,0.0,0.0,0.07210925887209883,0.0,0.1682549373682306,0.0050150451354062184,,0.0003178639542275906,0.019071837253655435,0.4807283924806589
2024-05-30,0.0,0.0,0.0,0,0,False,0.0,0.0,0.0,0.0,0.0,0.0,0.0,100.0,100.0,Inactive,0.0,0,0.0,0.0,0.0,0.0,0.07210925887209883,0.0,0.1682549373682306,0.0050150451354062184,,0.0003178639542275906,0.019071837253655435,0.4807283924806589
2024-05-31,0.0,0.0,0.0,0,0,False,0.0,0.0,0.0,0.0,0.0,0.0,0.0,100.0,100.0,Inactive,0.0,0,0.0,0.0,0.0,0.0,0.07210925887209883,0.0,0.1682549373682306,0.0050150451354062184,,0.0003178639542275906,0.019071837253655435,0.4807283924806589
2024-06-01,0.0,0.0,0.0,0,0,False,0.0,0.0,0.0,0.0,0.0,0.0,0.0,100.0,100.0,Inactive,0.0,0,0.0,0.0,0.0,0.0,0.07210925887209883,0.0,0.1682549373682306,0.0050150451354062184,,0.0003178639542275906,0.019071837253655435,0.4807283924806589
2024-06-02,0.0,0.0,0.0,0,0,False,0.0,0.0,0.0,0.0,0.0,0.0,0.0,100.0,100.0,Inactive,0.0,0,0.0,0.0,0.0,0.0,0.07210925887209883,0.0,0.1682549373682306,0.0050150451354062184,,0.0003178639542275906,0.019071837253655435,0.4807283924806589
2024-06-03,0.0,0.0,0.0,0,0,False,0.0,0.0,0.0,0.0,0.0,0.0,0.0,100.0,100.0,Inactive,0.0,0,0.0,0.0,0.0,0.0,0.07210925887209883,0.0,0.1682549373682306,0.0050150451354062184,,0.0003178639542275906,0.019071837253655435,0.4807283924806589
2024-06-04,0.0,0.0,0.0,0,0,False,0.0,0.0,0.0,0.0,0.0,0.0,0.0,100.0,100.0,Inactive,0.0,0,0.0,0.0,0.0,0.0,0.07210925887209883,0.0,0.1682549373682306,0.0050150451354062184,,0.0003178639542275906,0.019071837253655435,0.4807283924806589
2024-06-05,0.0,0.0,0.0,0,0,False,0.0,0.0,0.0,0.0,0.0,0.0,0.0,100.0,100.0,Inactive,0.0,0,0.0,0.0,0.0,0.0,0.07210925887209883,0.0,0.1682549373682306,0.0050150451354062184,,0.0003178639542275906,0.019071837253655435,0.4807283924806589
2024-06-06,0.0,0.0,0.0,0,0,False,0.0,0.0,0.0,0.0,0.0,0.0,0.0,100.0,100.0,Inactive,0.0,0,0.0,0.0,0.0,0.0,0.07210925887209883,0.0,0.1682549373682306,0.0050150451354062184,,0.0003178639542275906,0.019071837253655435,0.4807283924806589
2024-06-07,0.0,0.0,0.0,0,0,False,0.0,0.0,0.0,0.0,0.0,0.0,0.0,100.0,100.0,Inactive,0.0,0,0.0,0.0,0.0,0.0,0.07210925887209883,0.0,0.1682549373682306,0.0050150451354062184,,0.0003178639542275906,0.019071837253655435,0.4807283924806589
2024-06-08,0.0,0.0,0.0,0,0,False,0.0,0.0,0.0,0.0,0.0,0.0,0.0,100.0,100.0,Inactive,0.0,0,0.0,0.0,0.0,0.0,0.07210925887209883,0.0,0.1682549373682306,0.0050150451354062184,,0.0003178639542275906,0.019071837253655435,0.4807283924806589
2024-06-09,0.0,0.0,0.0,0,0,False,0.0,0.0,0.0,0.0,0.0,0.0,0.0,100.0,100.0,Inactive,0.0,0,0.0,0.0,0.0,0.0,0.07210925887209883,0.0,0.1682549373682306,0.0050150451354062184,,0.0003178639542275906,0.019071837253655435,0.4807283924806589
2024-06-10,0.0,0.0,0.0,0,0,False,0.0,0.0,0.0,0.0,0.0,0.0,0.0,100.0,100.0,Inactive,0.0,0,0.0,0.0,0.0,0.0,0.07210925887209883,0.0,0.1682549373682306,0.0050150451354062184,,0.0003178639542275906,0.019071837253655435,0.4807283924806589
2024-06-11,0.0,0.0,0.0,0,0,False,0.0,0.0,0.0,0.0,0.0,0.0,0.0,100.0,100.0,Inactive,0.0,0,0.0,0.0,0.0,0.0,0.07210925887209883,0.0,0.1682549373682306,0.0050150451354062184,,0.0003178639542275906,0.019071837253655435,0.4807283924806589
2024-06-12,0.0,0.0,0.0,0,0,False,0.0,0.0,0.0,0.0,0.0,0.0,0.0,100.0,100.0,Inactive,0.0,0,0.0,0.0,0.0,0.0,0.07210925887209883,0.0,0.1682549373682306,0.0050150451354062184,,0.0003178639542275906,0.019071837253655435,0.4807283924806589
2024-06-13,0.0,0.0,0.0,0,0,False,0.0,0.0,0.0,0.0,0.0,0.0,0.0,100.0,100.0,Inactive,0.0,0,0.0,0.0,0.0,0.0,0.07210925887209883,0.0,0.1682549373682306,0.0050150451354062184,,0.0003178639542275906,0.019071837253655435,0.4807283924806589
2024-06-14,0.0,0.0,0.0,0,0,False,0.0,0.0,0.0,0.0,0.0,0.0,0.0,100.0,100.0,Inactive,0.0,0,0.0,0.0,0.0,0.0,0.07210925887209883,0.0,0.1682549373682306,0.0050150451354062184,,0.0003178639542275906,0.019071837253655435,0.4807283924806589
2024-06-15,0.0,0.0,0.0,0,0,False,0.0,0.0,0.0,0.0,0.0,0.0,0.0,100.0,100.0,Inactive,0.0,0,0.0,0.0,0.0,0.0,0.07210925887209883,0.0,0.1682549373682306,0.0050150451354062184,,0.0003178639542275906,0.019071837253655435,0.4807283924806589
2024-06-16,0.0,0.0,0.0,0,0,False,0.0,0.0,0.0,0.0,0.0,0.0,0.0,100.0,100.0,Inactive,0.0,0,0.0,0.0,0.0,0.0,0.07210925887209883,0.0,0.1682549373682306,0.0050150451354062184,,0.0003178639542275906,0.019071837253655435,0.4807283924806589
2024-06-17,0.0,0.0,0.0,0,0,False,0.0,0.0,0.0,0.0,0.0,0.0,0.0,100.0,100.0,Inactive,0.0,0,0.0,0.0,0.0,0.0,0.07210925887209883,0.0,0.1682549373682306,0.0050150451354062184,,0.0003178639542275906,0.019071837253655435,0.4807283924806589
2024-06-18,0.0,0.0,0.0,0,0,False,0.0,0.0,0.0,0.0,0.0,0.0,0.0,100.0,100.0,Inactive,0.0,0,0.0,0.0,0.0,0.0,0.07210925887209883,0.0,0.1682549373682306,0.0050150451354062184,,0.0003178639542275906,0.019071837253655435,0.4807283924806589
2024-06-19,0.0,0.0,0.0,0,0,False,0.0,0.0,0.0,0.0,0.0,0.0,0.0,100.0,100.0,Inactive,0.0,0,0.0,0.0,0.0,0.0,0.07210925887209883,0.0,0.1682549373682306,0.0050150451354062184,,0.0003178639542275906,0.019071837253655435,0.4807283924806589
2024-06-20,0.0,0.0,0.0,0,0,False,0.0,0.0,0.0,0.0,0.0,0.0,0.0,100.0,100.0,Inactive,0.0,0,0.0,0.0,0.0,0.0,0.07210925887209883,0.0,0.1682549373682306,0.0050150451354062184,,0.0003178639542275906,0.019071837253655435,0.4807283924806589
2024-06-21,0.0,0.0,0.0,0,0,False,0.0,0.0,0.0,0.0,0.0,0.0,0.0,100.0,100.0,Inactive,0.0,0,0.0,0.0,0.0,0.0,0.07210925887209883,0.0,0.1682549373682306,0.0050150451354062184,,0.0003178639542275906,0.019071837253655435,0.4807283924806589
2024-06-22,0.0,0.0,0.0,0,0,False,0.0,0.0,0.0,0.0,0.0,0.0,0.0,100.0,100.0,Inactive,0.0,0,0.0,0.0,0.0,0.0,0.07210925887209883,0.0,0.1682549373682306,0.0050150451354062184,,0.0003178639542275906,0.019071837253655435,0.4807283924806589
2024-06-23,0.0,0.0,0.0,0,0,False,0.0,0.0,0.0,0.0,0.0,0.0,0.0,100.0,100.0,Inactive,0.0,0,0.0,0.0,0.0,0.0,0.07210925887209883,0.0,0.1682549373682306,0.0050150451354062184,,0.0003178639542275906,0.019071837253655435,0.4807283924806589
2024-06-24,0.0,0.0,0.0,0,0,False,0.0,0.0,0.0,0.0,0.0,0.0,0.0,100.0,100.0,Inactive,0.0,0,0.0,0.0,0.0,0.0,0.07210925887209883,0.0,0.1682549373682306,0.0050150451354062184,,0.0003178639542275906,0.019071837253655435,0.4807283924806589
2024-06-25,0.0,0.0,0.0,0,0,False,0.0,0.0,0.0,0.0,0.0,0.0,0.0,100.0,100.0,Inactive,0.0,0,0.0,0.0,0.0,0.0,0.07210925887209883,0.0,0.1682549373682306,0.0050150451354062184,,0.0003178639542275906,0.019071837253655435,0.4807283924806589
2024-06-26,0.0,0.0,0.0,0,0,False,0.0,0.0,0.0,0.0,0.0,0.0,0.0,100.0,100.0,Inactive,0.0,0,0.0,0.0,0.0,0.0,0.07210925887209883,0.0,0.1682549373682306,0.0050150451354062184,,0.0003178639542275906,0.019071837253655435,0.4807283924806589
2024-06-27,0.0,0.0,0.0,0,0,False,0.0,0.0,0.0,0.0,0.0,0.0,0.0,100.0,100.0,Inactive,0.0,0,0.0,0.0,0.0,0.0,0.07210925887209883,0.0,0.1682549373682306,0.0050150451354062184,,0.0003178639542275906,0.019071837253655435,0.4807283924806589
2024-06-28,0.0,0.0,0.0,0,0,False,0.0,0.0,0.0,0.0,0.0,0.0,0.0,100.0,100.0,Inactive,0.0,0,0.0,0.0,0.0,0.0,0.07210925887209883,0.0,0.1682549373682306,0.0050150451354062184,,0.0003178639542275906,0.019071837253655435,0.4807283924806589
2024-06-29,0.0,0.0,0.0,0,0,False,0.0,0.0,0.0,0.0,0.0,0.0,0.0,100.0,100.0,Inactive,0.0,0,0.0,0.0,0.0,0.0,0.07210925887209883,0.0,0.1682549373682306,0.0050150451354062184,,0.0003178639542275906,0.019071837253655435,0.4807283924806589
2024-06-30,0.0,0.0,0.0,0,0,False,0.0,0.0,0.0,0.0,0.0,0.0,0.0,100.0,100.0,Inactive,0.0,0,0.0,0.0,0.0,0.0,0.07210925887209883,0.0,0.1682549373682306,0.0050150451354062184,,0.0003178639542275906,0.019071837253655435,0.4807283924806589
2024-07-01,0.0,0.0,0.0,0,0,False,0.0,0.0,0.0,0.0,0.0,0.0,0.0,100.0,100.0,Inactive,0.0,0,0.0,0.0,0.0,0.0,0.07210925887209883,0.0,0.1682549373682306,0.0050150451354062184,,0.0003178639542275906,0.019071837253655435,0.4807283924806589
2024-07-02,0.0,0.0,0.0,0,0,False,0.0,0.0,0.0,0.0,0.0,0.0,0.0,100.0,100.0,Inactive,0.0,0,0.0,0.0,0.0,0.0,0.07210925887209883,0.0,0.1682549373682306,0.0050150451354062184,,0.0003178639542275906,0.019071837253655435,0.4807283924806589
2024-07-03,0.0,0.0,0.0,0,0,False,0.0,0.0,0.0,0.0,0.0,0.0,0.0,100.0,100.0,Inactive,0.0,0,0.0,0.0,0.0,0.0,0.07210925887209883,0.0,0.1682549373682306,0.0050150451354062184,,0.0003178639542275906,0.019071837253655435,0.4807283924806589
2024-07-04,0.0,0.0,0.0,0,0,False,0.0,0.0,0.0,0.0,0.0,0.0,0.0,100.0,100.0,Inactive,0.0,0,0.0,0.0,0.0,0.0,0.07210925887209883,0.0,0.1682549373682306,0.0050150451354062184,,0.0003178639542275906,0.019071837253655435,0.4807283924806589
2024-07-05,0.0,0.0,0.0,0,0,False,0.0,0.0,0.0,0.0,0.0,0.0,0.0,100.0,100.0,Inactive,0.0,0,0.0,0.0,0.0,0.0,0.07210925887209883,0.0,0.1682549373682306,0.0050150451354062184,,0.0003178639542275906,0.019071837253655435,0.4807283924806589
2024-07-06,0.0,0.0,0.0,0,0,False,0.0,0.0,0.0,0.0,0.0,0.0,0.0,100.0,100.0,Inactive,0.0,0,0.0,0.0,0.0,0.0,0.07210925887209883,0.0,0.1682549373682306,0.0050150451354062184,,0.0003178639542275906,0.019071837253655435,0.4807283924806589
2024-07-07,0.0,0.0,0.0,0,0,False,0.0,0.0,0.0,0.0,0.0,0.0,0.0,100.0,100.0,Inactive,0.0,0,0.0,0.0,0.0,0.0,0.07210925887209883,0.0,0.1682549373682306,0.0050150451354062184,,0.0003178639542275906,0.019071837253655435,0.4807283924806589
2024-07-08,0.0,0.0,0.0,0,0,False,0.0,0.0,0.0,0.0,0.0,0.0,0.0,100.0,100.0,Inactive,0.0,0,0.0,0.0,0.0,0.0,0.07210925887209883,0.0,0.1682549373682306,0.0050150451354062184,,0.0003178639542275906,0.019071837253655435,0.4807283924806589
2024-07-09,0.0,0.0,0.0,0,0,False,0.0,0.0,0.0,0.0,0.0,0.0,0.0,100.0,100.0,Inactive,0.0,0,0.0,0.0,0.0,0.0,0.07210925887209883,0.0,0.1682549373682306,0.0050150451354062184,,0.0003178639542275906,0.019071837253655435,0.4807283924806589
2024-07-10,0.0,0.0,0.0,0,0,False,0.0,0.0,0.0,0.0,0.0,0.0,0.0,100.0,100.0,Inactive,0.0,0,0.0,0.0,0.0,0.0,0.07210925887209883,0.0,0.1682549373682306,0.0050150451354062184,,0.0003178639542275906,0.019071837253655435,0.4807283924806589
2024-07-11,0.0,0.0,0.0,0,0,False,0.0,0.0,0.0,0.0,0.0,0.0,0.0,100.0,100.0,Inactive,0.0,0,0.0,0.0,0.0,0.0,0.07210925887209883,0.0,0.1682549373682306,0.0050150451354062184,,0.0003178639542275906,0.019071837253655435,0.4807283924806589
2024-07-12,0.0,0.0,0.0,0,0,False,0.0,0.0,0.0,0.0,0.0,0.0,0.0,100.0,100.0,Inactive,0.0,0,0.0,0.0,0.0,0.0,0.07210925887209883,0.0,0.1682549373682306,0.0050150451354062184,,0.0003178639542275906,0.019071837253655435,0.4807283924806589
2024-07-13,0.0,0.0,0.0,0,0,False,0.0,0.0,0.0,0.0,0.0,0.0,0.0,100.0,100.0,Inactive,0.0,0,0.0,0.0,0.0,0.0,0.07210925887209883,0.0,0.1682549373682306,0.0050150451354062184,,0.0003178639542275906,0.019071837253655435,0.4807283924806589
2024-07-14,0.0,0.0,0.0,0,0,False,0.0,0.0,0.0,0.0,0.0,0.0,0.0,100.0,100.0,Inactive,0.0,0,0.0,0.0,0.0,0.0,0.07210925887209883,0.0,0.1682549373682306,0.0050150451354062184,,0.0003178639542275906,0.019071837253655435,0.4807283924806589
2024-07-15,0.0,0.0,0.0,0,0,False,0.0,0.0,0.0,0.0,0.0,0.0,0.0,100.0,100.0,Inactive,0.0,0,0.0,0.0,0.0,0.0,0.07210925887209883,0.0,0.1682549373682306,0.0050150451354062184,,0.0003178639542275906,0.019071837253655435,0.4807283924806589
2024-07-16,0.0,0.0,0.0,0,0,False,0.0,0.0,0.0,0.0,0.0,0.0,0.0,100.0,100.0,Inactive,0.0,0,0.0,0.0,0.0,0.0,0.07210925887209883,0.0,0.1682549373682306,0.0050150451354062184,,0.0003178639542275906,0.019071837253655435,0.4807283924806589
2024-07-17,0.0,0.0,0.0,0,0,False,0.0,0.0,0.0,0.0,0.0,0.0,0.0,100.0,100.0,Inactive,0.0,0,0.0,0.0,0.0,0.0,0.07210925887209883,0.0,0.1682549373682306,0.0050150451354062184,,0.0003178639542275906,0.019071837253655435,0.4807283924806589
2024-07-18,0.0,0.0,0.0,0,0,False,0.0,0.0,0.0,0.0,0.0,0.0,0.0,100.0,100.0,Inactive,0.0,0,0.0,0.0,0.0,0.0,0.07210925887209883,0.0,0.1682549373682306,0.0050150451354062184,,0.0003178639542275906,0.019071837253655435,0.4807283924806589
2024-07-19,0.0,0.0,0.0,0,0,False,0.0,0.0,0.0,0.0,0.0,0.0,0.0,100.0,100.0,Inactive,0.0,0,0.0,0.0,0.0,0.0,0.07210925887209883,0.0,0.1682549373682306,0.0050150451354062184,,0.0003178639542275906,0.019071837253655435,0.4807283924806589
2024-07-20,0.0,0.0,0.0,0,0,False,0.0,0.0,0.0,0.0,0.0,0.0,0.0,100.0,100.0,Inactive,0.0,0,0.0,0.0,0.0,0.0,0.07210925887209883,0.0,0.1682549373682306,0.0050150451354062184,,0.0003178639542275906,0.019071837253655435,0.4807283924806589
2024-07-21,0.0,0.0,0.0,0,0,False,0.0,0.0,0.0,0.0,0.0,0.0,0.0,100.0,100.0,Inactive,0.0,0,0.0,0.0,0.0,0.0,0.07210925887209883,0.0,0.1682549373682306,0.0050150451354062184,,0.0003178639542275906,0.019071837253655435,0.4807283924806589
2024-07-22,0.0,0.0,0.0,0,0,False,0.0,0.0,0.0,0.0,0.0,0.0,0.0,100.0,100.0,Inactive,0.0,0,0.0,0.0,0.0,0.0,0.07210925887209883,0.0,0.1682549373682306,0.0050150451354062184,,0.0003178639542275906,0.019071837253655435,0.4807283924806589
2024-07-23,0.0,0.0,0.0,0,0,False,0.0,0.0,0.0,0.0,0.0,0.0,0.0,100.0,100.0,Inactive,0.0,0,0.0,0.0,0.0,0.0,0.07210925887209883,0.0,0.1682549373682306,0.0050150451354062184,,0.0003178639542275906,0.019071837253655435,0.4807283924806589
2024-07-24,0.0,0.0,0.0,0,0,False,0.0,0.0,0.0,0.0,0.0,0.0,0.0,100.0,100.0,Inactive,0.0,0,0.0,0.0,0.0,0.0,0.07210925887209883,0.0,0.1682549373682306,0.0050150451354062184,,0.0003178639542275906,0.019071837253655435,0.4807283924806589
2024-07-25,0.0,0.0,0.0,0,0,False,0.0,0.0,0.0,0.0,0.0,0.0,0.0,100.0,100.0,Inactive,0.0,0,0.0,0.0,0.0,0.0,0.07210925887209883,0.0,0.1682549373682306,0.0050150451354062184,,0.0003178639542275906,0.019071837253655435,0.4807283924806589
2024-07-26,0.0,0.0,0.0,0,0,False,0.0,0.0,0.0,0.0,0.0,0.0,0.0,100.0,100.0,Inactive,0.0,0,0.0,0.0,0.0,0.0,0.07210925887209883,0.0,0.1682549373682306,0.0050150451354062184,,0.0003178639542275906,0.019071837253655435,0.4807283924806589
2024-07-27,0.0,0.0,0.0,0,0,False,0.0,0.0,0.0,0.0,0.0,0.0,0.0,100.0,100.0,Inactive,0.0,0,0.0,0.0,0.0,0.0,0.07210925887209883,0.0,0.1682549373682306,0.0050150451354062184,,0.0003178639542275906,0.019071837253655435,0.4807283924806589
2024-07-28,0.0,0.0,0.0,0,0,False,0.0,0.0,0.0,0.0,0.0,0.0,0.0,100.0,100.0,Inactive,0.0,0,0.0,0.0,0.0,0.0,0.07210925887209883,0.0,0.1682549373682306,0.0050150451354062184,,0.0003178639542275906,0.019071837253655435,0.4807283924806589
2024-07-29,0.0,0.0,0.0,0,0,False,0.0,0.0,0.0,0.0,0.0,0.0,0.0,100.0,100.0,Inactive,0.0,0,0.0,0.0,0.0,0.0,0.07210925887209883,0.0,0.1682549373682306,0.0050150451354062184,,0.0003178639542275906,0.019071837253655435,0.4807283924806589
2024-07-30,0.0,0.0,0.0,0,0,False,0.0,0.0,0.0,0.0,0.0,0.0,0.0,100.0,100.0,Inactive,0.0,0,0.0,0.0,0.0,0.0,0.07210925887209883,0.0,0.1682549373682306,0.0050150451354062184,,0.0003178639542275906,0.019071837253655435,0.4807283924806589
2024-07-31,0.0,0.0,0.0,0,0,False,0.0,0.0,0.0,0.0,0.0,0.0,0.0,100.0,100.0,Inactive,0.0,0,0.0,0.0,0.0,0.0,0.07210925887209883,0.0,0.1682549373682306,0.0050150451354062184,,0.0003178639542275906,0.019071837253655435,0.4807283924806589
2024-08-01,0.0,0.0,0.0,0,0,False,0.0,0.0,0.0,0.0,0.0,0.0,0.0,100.0,100.0,Inactive,0.0,0,0.0,0.0,0.0,0.0,0.07210925887209883,0.0,0.1682549373682306,0.0050150451354062184,,0.0003178639542275906,0.019071837253655435,0.4807283924806589
2024-08-02,0.0,0.0,0.0,0,0,False,0.0,0.0,0.0,0.0,0.0,0.0,0.0,100.0,100.0,Inactive,0.0,0,0.0,0.0,0.0,0.0,0.07210925887209883,0.0,0.1682549373682306,0.0050150451354062184,,0.0003178639542275906,0.019071837253655435,0.4807283924806589
2024-08-03,0.0,0.0,0.0,0,0,False,0.0,0.0,0.0,0.0,0.0,0.0,0.0,100.0,100.0,Inactive,0.0,0,0.0,0.0,0.0,0.0,0.07210925887209883,0.0,0.1682549373682306,0.0050150451354062184,,0.0003178639542275906,0.019071837253655435,0.4807283924806589
2024-08-04,0.0,0.0,0.0,0,0,False,0.0,0.0,0.0,0.0,0.0,0.0,0.0,100.0,100.0,Inactive,0.0,0,0.0,0.0,0.0,0.0,0.07210925887209883,0.0,0.1682549373682306,0.0050150451354062184,,0.0003178639542275906,0.019071837253655435,0.4807283924806589
2024-08-05,0.0,0.0,0.0,0,0,False,0.0,0.0,0.0,0.0,0.0,0.0,0.0,100.0,100.0,Inactive,0.0,0,0.0,0.0,0.0,0.0,0.07210925887209883,0.0,0.1682549373682306,0.0050150451354062184,,0.0003178639542275906,0.019071837253655435,0.4807283924806589
2024-08-06,0.0,0.0,0.0,0,0,False,0.0,0.0,0.0,0.0,0.0,0.0,0.0,100.0,100.0,Inactive,0.0,0,0.0,0.0,0.0,0.0,0.07210925887209883,0.0,0.1682549373682306,0.0050150451354062184,,0.0003178639542275906,0.019071837253655435,0.4807283924806589
2024-08-07,0.0,0.0,0.0,0,0,False,0.0,0.0,0.0,0.0,0.0,0.0,0.0,100.0,100.0,Inactive,0.0,0,0.0,0.0,0.0,0.0,0.07210925887209883,0.0,0.1682549373682306,0.0050150451354062184,,0.0003178639542275906,0.019071837253655435,0.4807283924806589
2024-08-08,0.0,0.0,0.0,0,0,False,0.0,0.0,0.0,0.0,0.0,0.0,0.0,100.0,100.0,Inactive,0.0,0,0.0,0.0,0.0,0.0,0.07210925887209883,0.0,0.1682549373682306,0.0050150451354062184,,0.0003178639542275906,0.019071837253655435,0.4807283924806589
2024-08-09,0.0,0.0,0.0,0,0,False,0.0,0.0,0.0,0.0,0.0,0.0,0.0,100.0,100.0,Inactive,0.0,0,0.0,0.0,0.0,0.0,0.07210925887209883,0.0,0.1682549373682306,0.0050150451354062184,,0.0003178639542275906,0.019071837253655435,0.4807283924806589
2024-08-10,0.0,0.0,0.0,0,0,False,0.0,0.0,0.0,0.0,0.0,0.0,0.0,100.0,100.0,Inactive,0.0,0,0.0,0.0,0.0,0.0,0.07210925887209883,0.0,0.1682549373682306,0.0050150451354062184,,0.0003178639542275906,0.019071837253655435,0.4807283924806589
2024-08-11,0.0,0.0,0.0,0,0,False,0.0,0.0,0.0,0.0,0.0,0.0,0.0,100.0,100.0,Inactive,0.0,0,0.0,0.0,0.0,0.0,0.07210925887209883,0.0,0.1682549373682306,0.0050150451354062184,,0.0003178639542275906,0.019071837253655435,0.4807283924806589
2024-08-12,0.0,0.0,0.0,0,0,False,0.0,0.0,0.0,0.0,0.0,0.0,0.0,100.0,100.0,Inactive,0.0,0,0.0,0.0,0.0,0.0,0.07210925887209883,0.0,0.1682549373682306,0.0050150451354062184,,0.0003178639542275906,0.019071837253655435,0.4807283924806589
2024-08-13,0.0,0.0,0.0,0,0,False,0.0,0.0,0.0,0.0,0.0,0.0,0.0,100.0,100.0,Inactive,0.0,0,0.0,0.0,0.0,0.0,0.07210925887209883,0.0,0.1682549373682306,0.0050150451354062184,,0.0003178639542275906,0.019071837253655435,0.4807283924806589
2024-08-14,0.0,0.0,0.0,0,0,False,0.0,0.0,0.0,0.0,0.0,0.0,0.0,100.0,100.0,Inactive,0.0,0,0.0,0.0,0.0,0.0,0.07210925887209883,0.0,0.1682549373682306,0.0050150451354062184,,0.0003178639542275906,0.019071837253655435,0.4807283924806589
2024-08-15,0.0,0.0,0.0,0,0,False,0.0,0.0,0.0,0.0,0.0,0.0,0.0,100.0,100.0,Inactive,0.0,0,0.0,0.0,0.0,0.0,0.07210925887209883,0.0,0.1682549373682306,0.0050150451354062184,,0.0003178639542275906,0.019071837253655435,0.4807283924806589
2024-08-16,0.0,0.0,0.0,0,0,False,0.0,0.0,0.0,0.0,0.0,0.0,0.0,100.0,100.0,Inactive,0.0,0,0.0,0.0,0.0,0.0,0.07210925887209883,0.0,0.1682549373682306,0.0050150451354062184,,0.0003178639542275906,0.019071837253655435,0.4807283924806589
2024-08-17,0.0,0.0,0.0,0,0,False,0.0,0.0,0.0,0.0,0.0,0.0,0.0,100.0,100.0,Inactive,0.0,0,0.0,0.0,0.0,0.0,0.07210925887209883,0.0,0.1682549373682306,0.0050150451354062184,,0.0003178639542275906,0.019071837253655435,0.4807283924806589
2024-08-18,0.0,0.0,0.0,0,0,False,0.0,0.0,0.0,0.0,0.0,0.0,0.0,100.0,100.0,Inactive,0.0,0,0.0,0.0,0.0,1.0,0.07210925887209883,0.0,0.1682549373682306,0.0050150451354062184,,0.0003178639542275906,0.019071837253655435,0.4807283924806589
2024-08-19,0.0,0.0,0.0,0,0,False,0.0,0.0,0.0,0.0,0.0,0.0,0.0,100.0,100.0,Inactive,0.0,0,0.0,0.0,0.0,1.0,0.07210925887209883,0.0,0.1682549373682306,0.0050150451354062184,,0.0003178639542275906,0.019071837253655435,0.4807283924806589
2024-08-20,0.0,0.0,0.0,0,0,False,0.0,0.0,0.0,0.0,0.0,0.0,0.0,100.0,100.0,Inactive,0.0,0,0.0,0.0,0.0,1.0,0.07210925887209883,0.0,0.1682549373682306,0.0050150451354062184,,0.0003178639542275906,0.019071837253655435,0.4807283924806589
2024-08-21,0.0,0.0,0.0,0,0,False,0.0,0.0,0.0,0.0,0.0,0.0,0.0,100.0,100.0,Inactive,0.0,0,0.0,0.0,0.0,1.0,0.07210925887209883,0.0,0.1682549373682306,0.0050150451354062184,,0.0003178639542275906,0.019071837253655435,0.4807283924806589
2024-08-22,0.0,0.0,0.0,0,0,False,0.0,0.0,0.0,0.0,0.0,0.0,0.0,100.0,100.0,Inactive,0.0,0,0.0,0.0,0.0,1.0,0.07210925887209883,0.0,0.1682549373682306,0.0050150451354062184,,0.0003178639542275906,0.019071837253655435,0.4807283924806589
2024-08-23,0.0,0.0,0.0,0,0,False,0.0,0.0,0.0,0.0,0.0,0.0,0.0,100.0,100.0,Inactive,0.0,0,0.0,0.0,0.0,1.0,0.07210925887209883,0.0,0.1682549373682306,0.0050150451354062184,,0.0003178639542275906,0.019071837253655435,0.4807283924806589
2024-08-24,0.0,0.0,0.0,0,0,False,0.0,0.0,0.0,0.0,0.0,0.0,0.0,100.0,100.0,Inactive,0.0,0,0.0,0.0,0.0,1.0,0.07210925887209883,0.0,0.1682549373682306,0.0050150451354062184,,0.0003178639542275906,0.019071837253655435,0.4807283924806589
2024-08-25,0.0,0.0,0.0,0,0,False,0.0,0.0,0.0,0.0,0.0,0.0,0.0,100.0,100.0,Inactive,0.0,0,0.0,0.0,0.0,1.0,0.07210925887209883,0.0,0.1682549373682306,0.0050150451354062184,,0.0003178639542275906,0.019071837253655435,0.4807283924806589
2024-08-26,0.0,0.0,0.0,0,0,False,0.0,0.0,0.0,0.0,0.0,0.0,0.0,100.0,100.0,Inactive,0.0,0,0.0,0.0,0.0,1.0,0.07210925887209883,0.0,0.1682549373682306,0.0050150451354062184,,0.0003178639542275906,0.019071837253655435,0.4807283924806589
2024-08-27,0.0,0.0,0.0,0,0,False,0.0,0.0,0.0,0.0,0.0,0.0,0.0,100.0,100.0,Inactive,0.0,0,0.0,0.0,0.0,1.0,0.07210925887209883,0.0,0.1682549373682306,0.0050150451354062184,,0.0003178639542275906,0.019071837253655435,0.4807283924806589
2024-08-28,0.0,0.0,0.0,0,0,False,0.0,0.0,0.0,0.0,0.0,0.0,0.0,100.0,100.0,Inactive,0.0,0,0.0,0.0,0.0,1.0,0.07210925887209883,0.0,0.1682549373682306,0.0050150451354062184,,0.0003178639542275906,0.019071837253655435,0.4807283924806589
2024-08-29,0.0,0.0,0.0,0,0,False,0.0,0.0,0.0,0.0,0.0,0.0,0.0,100.0,100.0,Inactive,0.0,0,0.0,0.0,0.0,1.0,0.07210925887209883,0.0,0.1682549373682306,0.0050150451354062184,,0.0003178639542275906,0.019071837253655435,0.4807283924806589
2024-08-30,0.0,0.0,0.0,0,0,False,0.0,0.0,0.0,0.0,0.0,0.0,0.0,100.0,100.0,Inactive,0.0,0,0.0,0.0,0.0,1.0,0.07210925887209883,0.0,0.1682549373682306,0.0050150451354062184,,0.0003178639542275906,0.019071837253655435,0.4807283924806589
2024-08-31,0.0,0.0,0.0,0,0,False,0.0,0.0,0.0,0.0,0.0,0.0,0.0,100.0,100.0,Inactive,0.0,0,0.0,0.0,0.0,1.0,0.07210925887209883,0.0,0.1682549373682306,0.0050150451354062184,,0.0003178639542275906,0.019071837253655435,0.4807283924806589
2024-09-01,0.0,0.0,0.0,0,0,False,0.0,0.0,0.0,0.0,0.0,0.0,0.0,100.0,100.0,Inactive,0.0,0,0.0,0.0,0.0,1.0,0.07210925887209883,0.0,0.1682549373682306,0.0050150451354062184,,0.0003178639542275906,0.019071837253655435,0.4807283924806589
2024-09-02,0.0,0.0,0.0,0,0,False,0.0,0.0,0.0,0.0,0.0,0.0,0.0,100.0,100.0,Inactive,0.0,0,0.0,0.0,0.0,1.0,0.07210925887209883,0.0,0.1682549373682306,0.0050150451354062184,,0.0003178639542275906,0.019071837253655435,0.4807283924806589
2024-09-03,0.0,0.0,0.0,0,0,False,0.0,0.0,0.0,0.0,0.0,0.0,0.0,100.0,100.0,Inactive,0.0,0,0.0,0.0,0.0,1.0,0.07210925887209883,0.0,0.1682549373682306,0.0050150451354062184,,0.0003178639542275906,0.019071837253655435,0.4807283924806589
2024-09-04,0.0,0.0,0.0,0,0,False,0.0,0.0,0.0,0.0,0.0,0.0,0.0,100.0,100.0,Inactive,0.0,0,0.0,0.0,0.0,1.0,0.07210925887209883,0.0,0.1682549373682306,0.0050150451354062184,,0.0003178639542275906,0.019071837253655435,0.4807283924806589
2024-09-05,0.0,0.0,0.0,0,0,False,0.0,0.0,0.0,0.0,0.0,0.0,0.0,100.0,100.0,Inactive,0.0,0,0.0,0.0,0.0,1.0,0.07210925887209883,0.0,0.1682549373682306,0.0050150451354062184,,0.0003178639542275906,0.019071837253655435,0.4807283924806589
2024-09-06,0.0,0.0,0.0,0,0,False,0.0,0.0,0.0,0.0,0.0,0.0,0.0,100.0,100.0,Inactive,0.0,0,0.0,0.0,0.0,1.0,0.07210925887209883,0.0,0.1682549373682306,0.0050150451354062184,,0.0003178639542275906,0.019071837253655435,0.4807283924806589
2024-09-07,0.0,0.0,0.0,0,0,False,0.0,0.0,0.0,0.0,0.0,0.0,0.0,100.0,100.0,Inactive,0.0,0,0.0,0.0,0.0,1.0,0.07210925887209883,0.0,0.1682549373682306,0.0050150451354062184,,0.0003178639542275906,0.019071837253655435,0.4807283924806589
2024-09-08,0.0,0.0,0.0,0,0,False,0.0,0.0,0.0,0.0,0.0,0.0,0.0,100.0,100.0,Inactive,0.0,0,0.0,0.0,0.0,1.0,0.07210925887209883,0.0,0.1682549373682306,0.0050150451354062184,,0.0003178639542275906,0.019071837253655435,0.4807283924806589
2024-09-09,0.0,0.0,0.0,0,0,False,0.0,0.0,0.0,0.0,0.0,0.0,0.0,100.0,100.0,Inactive,0.0,0,0.0,0.0,0.0,1.0,0.07210925887209883,0.0,0.1682549373682306,0.0050150451354062184,,0.0003178639542275906,0.019071837253655435,0.4807283924806589
2024-09-10,0.0,0.0,0.0,0,0,False,0.0,0.0,0.0,0.0,0.0,0.0,0.0,100.0,100.0,Inactive,0.0,0,0.0,0.0,0.0,1.0,0.07210925887209883,0.0,0.1682549373682306,0.0050150451354062184,,0.0003178639542275906,0.019071837253655435,0.4807283924806589
2024-09-11,0.0,0.0,0.0,0,0,False,0.0,0.0,0.0,0.0,0.0,0.0,0.0,100.0,100.0,Inactive,0.0,0,0.0,0.0,0.0,1.0,0.07210925887209883,0.0,0.1682549373682306,0.0050150451354062184,,0.0003178639542275906,0.019071837253655435,0.4807283924806589
2024-09-12,0.0,0.0,0.0,0,0,False,0.0,0.0,0.0,0.0,0.0,0.0,0.0,100.0,100.0,Inactive,0.0,0,0.0,0.0,0.0,1.0,0.07210925887209883,0.0,0.1682549373682306,0.0050150451354062184,,0.0003178639542275906,0.019071837253655435,0.4807283924806589
2024-09-13,0.0,0.0,0.0,0,0,False,0.0,0.0,0.0,0.0,0.0,0.0,0.0,100.0,100.0,Inactive,0.0,0,0.0,0.0,0.0,1.0,0.07210925887209883,0.0,0.1682549373682306,0.0050150451354062184,,0.0003178639542275906,0.019071837253655435,0.4807283924806589
2024-09-14,0.0,0.0,0.0,0,0,False,0.0,0.0,0.0,0.0,0.0,0.0,0.0,100.0,100.0,Inactive,0.0,0,0.0,0.0,0.0,1.0,0.07210925887209883,0.0,0.1682549373682306,0.0050150451354062184,,0.0003178639542275906,0.019071837253655435,0.4807283924806589
2024-09-15,0.0,0.0,0.0,0,0,False,0.0,0.0,0.0,0.0,0.0,0.0,0.0,100.0,100.0,Inactive,0.0,0,0.0,0.0,0.0,1.0,0.07210925887209883,0.0,0.1682549373682306,0.0050150451354062184,,0.0003178639542275906,0.019071837253655435,0.4807283924806589
2024-09-16,0.0,0.0,0.0,0,0,False,0.0,0.0,0.0,0.0,0.0,0.0,0.0,100.0,100.0,Inactive,0.0,0,0.0,0.0,0.0,1.0,0.07210925887209883,0.0,0.1682549373682306,0.0050150451354062184,,0.0003178639542275906,0.019071837253655435,0.4807283924806589
2024-09-17,0.0,0.0,0.0,0,0,False,0.0,0.0,0.0,0.0,0.0,0.0,0.0,100.0,100.0,Inactive,0.0,0,0.0,0.0,0.0,1.0,0.07210925887209883,0.0,0.1682549373682306,0.0050150451354062184,,0.0003178639542275906,0.019071837253655435,0.4807283924806589
2024-09-18,0.0,0.0,0.0,0,0,False,0.0,0.0,0.0,0.0,0.0,0.0,0.0,100.0,100.0,Inactive,0.0,0,0.0,0.0,0.0,1.0,0.07210925887209883,0.0,0.1682549373682306,0.0050150451354062184,,0.0003178639542275906,0.019071837253655435,0.4807283924806589
2024-09-19,0.0,0.0,0.0,0,0,False,0.0,0.0,0.0,0.0,0.0,0.0,0.0,100.0,100.0,Inactive,0.0,0,0.0,0.0,0.0,1.0,0.07210925887209883,0.0,0.1682549373682306,0.0050150451354062184,,0.0003178639542275906,0.019071837253655435,0.4807283924806589
2024-09-20,0.0,0.0,0.0,0,0,False,0.0,0.0,0.0,0.0,0.0,0.0,0.0,100.0,100.0,Inactive,0.0,0,0.0,0.0,0.0,1.0,0.07210925887209883,0.0,0.1682549373682306,0.0050150451354062184,,0.0003178639542275906,0.019071837253655435,0.4807283924806589
2024-09-21,0.0,0.0,0.0,0,0,False,0.0,0.0,0.0,0.0,0.0,0.0,0.0,100.0,100.0,Inactive,0.0,0,0.0,0.0,0.0,1.0,0.07210925887209883,0.0,0.1682549373682306,0.0050150451354062184,,0.0003178639542275906,0.019071837253655435,0.4807283924806589
2024-09-22,0.0,0.0,0.0,0,0,False,0.0,0.0,0.0,0.0,0.0,0.0,0.0,100.0,100.0,Inactive,0.0,0,0.0,0.0,0.0,1.0,0.07210925887209883,0.0,0.1682549373682306,0.0050150451354062184,,0.0003178639542275906,0.019071837253655435,0.4807283924806589
2024-09-23,0.0,0.0,0.0,0,0,False,0.0,0.0,0.0,0.0,0.0,0.0,0.0,100.0,100.0,Inactive,0.0,0,0.0,0.0,0.0,1.0,0.07210925887209883,0.0,0.1682549373682306,0.0050150451354062184,,0.0003178639542275906,0.019071837253655435,0.4807283924806589
2024-09-24,0.0,0.0,0.0,0,0,False,0.0,0.0,0.0,0.0,0.0,0.0,0.0,100.0,100.0,Inactive,0.0,0,0.0,0.0,0.0,1.0,0.07210925887209883,0.0,0.1682549373682306,0.0050150451354062184,,0.0003178639542275906,0.019071837253655435,0.4807283924806589
2024-09-25,0.0,0.0,0.0,0,0,False,0.0,0.0,0.0,0.0,0.0,0.0,0.0,100.0,100.0,Inactive,0.0,0,0.0,0.0,0.0,1.0,0.07210925887209883,0.0,0.1682549373682306,0.0050150451354062184,,0.0003178639542275906,0.019071837253655435,0.4807283924806589
2024-09-26,0.0,0.0,0.0,0,0,False,0.0,0.0,0.0,0.0,0.0,0.0,0.0,100.0,100.0,Inactive,0.0,0,0.0,0.0,0.0,1.0,0.07210925887209883,0.0,0.1682549373682306,0.0050150451354062184,,0.0003178639542275906,0.019071837253655435,0.4807283924806589
2024-09-27,0.0,0.0,0.0,0,0,False,0.0,0.0,0.0,0.0,0.0,0.0,0.0,100.0,100.0,Inactive,0.0,0,0.0,0.0,0.0,1.0,0.07210925887209883,0.0,0.1682549373682306,0.0050150451354062184,,0.0003178639542275906,0.019071837253655435,0.4807283924806589
2024-09-28,0.0,0.0,0.0,0,0,False,0.0,0.0,0.0,0.0,0.0,0.0,0.0,100.0,100.0,Inactive,0.0,0,0.0,0.0,0.0,1.0,0.07210925887209883,0.0,0.1682549373682306,0.0050150451354062184,,0.0003178639542275906,0.019071837253655435,0.4807283924806589
2024-09-29,0.0,0.0,0.0,0,0,False,0.0,0.0,0.0,0.0,0.0,0.0,0.0,100.0,100.0,Inactive,0.0,0,0.0,0.0,0.0,1.0,0.07210925887209883,0.0,0.1682549373682306,0.0050150451354062184,,0.0003178639542275906,0.019071837253655435,0.4807283924806589
2024-09-30,0.0,0.0,0.0,0,0,False,0.0,0.0,0.0,0.0,0.0,0.0,0.0,100.0,100.0,Inactive,0.0,0,0.0,0.0,0.0,1.0,0.07210925887209883,0.0,0.1682549373682306,0.0050150451354062184,,0.0003178639542275906,0.019071837253655435,0.4807283924806589
2024-10-01,0.0,0.0,0.0,0,0,False,0.0,0.0,0.0,0.0,0.0,0.0,0.0,100.0,100.0,Inactive,0.0,0,0.0,0.0,0.0,1.0,0.07210925887209883,0.0,0.1682549373682306,0.0050150451354062184,,0.0003178639542275906,0.019071837253655435,0.4807283924806589
2024-10-02,0.0,0.0,0.0,0,0,False,0.0,0.0,0.0,0.0,0.0,0.0,0.0,100.0,100.0,Inactive,0.0,0,0.0,0.0,0.0,1.0,0.07210925887209883,0.0,0.1682549373682306,0.0050150451354062184,,0.0003178639542275906,0.019071837253655435,0.4807283924806589
2024-10-03,0.0,0.0,0.0,0,0,False,0.0,0.0,0.0,0.0,0.0,0.0,0.0,100.0,100.0,Inactive,0.0,0,0.0,0.0,0.0,1.0,0.07210925887209883,0.0,0.1682549373682306,0.0050150451354062184,,0.0003178639542275906,0.019071837253655435,0.4807283924806589
2024-10-04,0.0,0.0,0.0,0,0,False,0.0,0.0,0.0,0.0,0.0,0.0,0.0,100.0,100.0,Inactive,0.0,0,0.0,0.0,0.0,1.0,0.07210925887209883,0.0,0.1682549373682306,0.0050150451354062184,,0.0003178639542275906,0.019071837253655435,0.4807283924806589
2024-10-05,0.0,0.0,0.0,0,0,False,0.0,0.0,0.0,0.0,0.0,0.0,0.0,100.0,100.0,Inactive,0.0,0,0.0,0.0,0.0,1.0,0.07210925887209883,0.0,0.1682549373682306,0.0050150451354062184,,0.0003178639542275906,0.019071837253655435,0.4807283924806589
2024-10-06,0.0,0.0,0.0,0,0,False,0.0,0.0,0.0,0.0,0.0,0.0,0.0,100.0,100.0,Inactive,0.0,0,0.0,0.0,0.0,1.0,0.07210925887209883,0.0,0.1682549373682306,0.0050150451354062184,,0.0003178639542275906,0.019071837253655435,0.4807283924806589
2024-10-07,0.0,0.0,0.0,0,0,False,0.0,0.0,0.0,0.0,0.0,0.0,0.0,100.0,100.0,Inactive,0.0,0,0.0,0.0,0.0,1.0,0.07210925887209883,0.0,0.1682549373682306,0.0050150451354062184,,0.0003178639542275906,0.019071837253655435,0.4807283924806589
2024-10-08,0.0,0.0,0.0,0,0,False,0.0,0.0,0.0,0.0,0.0,0.0,0.0,100.0,100.0,Inactive,0.0,0,0.0,0.0,0.0,1.0,0.07210925887209883,0.0,0.1682549373682306,0.0050150451354062184,,0.0003178639542275906,0.019071837253655435,0.4807283924806589
2024-10-09,0.0,0.0,0.0,0,0,False,0.0,0.0,0.0,0.0,0.0,0.0,0.0,100.0,100.0,Inactive,0.0,0,0.0,0.0,0.0,1.0,0.07210925887209883,0.0,0.1682549373682306,0.0050150451354062184,,0.0003178639542275906,0.019071837253655435,0.4807283924806589
2024-10-10,0.0,0.0,0.0,0,0,False,0.0,0.0,0.0,0.0,0.0,0.0,0.0,100.0,100.0,Inactive,0.0,0,0.0,0.0,0.0,1.0,0.07210925887209883,0.0,0.1682549373682306,0.0050150451354062184,,0.0003178639542275906,0.019071837253655435,0.4807283924806589
2024-10-11,0.0,0.0,0.0,0,0,False,0.0,0.0,0.0,0.0,0.0,0.0,0.0,100.0,100.0,Inactive,0.0,0,0.0,0.0,0.0,1.0,0.07210925887209883,0.0,0.1682549373682306,0.0050150451354062184,,0.0003178639542275906,0.019071837253655435,0.4807283924806589
2024-10-12,0.0,0.0,0.0,0,0,False,0.0,0.0,0.0,0.0,0.0,0.0,0.0,100.0,100.0,Inactive,0.0,0,0.0,0.0,0.0,1.0,0.07210925887209883,0.0,0.1682549373682306,0.0050150451354062184,,0.0003178639542275906,0.019071837253655435,0.4807283924806589
2024-10-13,0.0,0.0,0.0,0,0,False,0.0,0.0,0.0,0.0,0.0,0.0,0.0,100.0,100.0,Inactive,0.0,0,0.0,0.0,0.0,1.0,0.07210925887209883,0.0,0.1682549373682306,0.0050150451354062184,,0.0003178639542275906,0.019071837253655435,0.4807283924806589
2024-10-14,0.0,0.0,0.0,0,0,False,0.0,0.0,0.0,0.0,0.0,0.0,0.0,100.0,100.0,Inactive,0.0,0,0.0,0.0,0.0,1.0,0.07210925887209883,0.0,0.1682549373682306,0.0050150451354062184,,0.0003178639542275906,0.019071837253655435,0.4807283924806589
2024-10-15,0.0,0.0,0.0,0,0,False,0.0,0.0,0.0,0.0,0.0,0.0,0.0,100.0,100.0,Inactive,0.0,0,0.0,0.0,0.0,1.0,0.07210925887209883,0.0,0.1682549373682306,0.0050150451354062184,,0.0003178639542275906,0.019071837253655435,0.4807283924806589
2024-10-16,0.0,0.0,0.0,0,0,False,0.0,0.0,0.0,0.0,0.0,0.0,0.0,100.0,100.0,Inactive,0.0,0,0.0,0.0,0.0,1.0,0.07210925887209883,0.0,0.1682549373682306,0.0050150451354062184,,0.0003178639542275906,0.019071837253655435,0.4807283924806589
2024-10-17,0.0,0.0,0.0,0,0,False,0.0,0.0,0.0,0.0,0.0,0.0,0.0,100.0,100.0,Inactive,0.0,0,0.0,0.0,0.0,0.0,0.07210925887209883,0.0,0.1682549373682306,0.0050150451354062184,,0.0003178639542275906,0.019071837253655435,0.4807283924806589
2024-10-18,0.0,0.0,0.0,0,0,False,0.0,0.0,0.0,0.0,0.0,0.0,0.0,100.0,100.0,Inactive,0.0,0,0.0,0.0,0.0,0.0,0.07210925887209883,0.0,0.1682549373682306,0.0050150451354062184,,0.0003178639542275906,0.019071837253655435,0.4807283924806589
2024-10-19,0.0,0.0,0.0,0,0,False,0.0,0.0,0.0,0.0,0.0,0.0,0.0,100.0,100.0,Inactive,0.0,0,0.0,0.0,0.0,0.0,0.07210925887209883,0.0,0.1682549373682306,0.0050150451354062184,,0.0003178639542275906,0.019071837253655435,0.4807283924806589
2024-10-20,0.0,0.0,0.0,0,0,False,0.0,0.0,0.0,0.0,0.0,0.0,0.0,100.0,100.0,Inactive,0.0,0,0.0,0.0,0.0,0.0,0.07210925887209883,0.0,0.1682549373682306,0.0050150451354062184,,0.0003178639542275906,0.019071837253655435,0.4807283924806589
2024-10-21,0.0,0.0,0.0,0,0,False,0.0,0.0,0.0,0.0,0.0,0.0,0.0,100.0,100.0,Inactive,0.0,0,0.0,0.0,0.0,0.0,0.07210925887209883,0.0,0.1682549373682306,0.0050150451354062184,,0.0003178639542275906,0.019071837253655435,0.4807283924806589
2024-10-22,0.0,0.0,0.0,0,0,False,0.0,0.0,0.0,0.0,0.0,0.0,0.0,100.0,100.0,Inactive,0.0,0,0.0,0.0,0.0,0.0,0.07210925887209883,0.0,0.1682549373682306,0.0050150451354062184,,0.0003178639542275906,0.019071837253655435,0.4807283924806589
2024-10-23,0.0,0.0,0.0,0,0,False,0.0,0.0,0.0,0.0,0.0,0.0,0.0,100.0,100.0,Inactive,0.0,0,0.0,0.0,0.0,0.0,0.07210925887209883,0.0,0.1682549373682306,0.0050150451354062184,,0.0003178639542275906,0.019071837253655435,0.4807283924806589
2024-10-24,0.0,0.0,0.0,0,0,False,0.0,0.0,0.0,0.0,0.0,0.0,0.0,100.0,100.0,Inactive,0.0,0,0.0,0.0,0.0,0.0,0.07210925887209883,0.0,0.1682549373682306,0.0050150451354062184,,0.0003178639542275906,0.019071837253655435,0.4807283924806589
2024-10-25,0.0,0.0,0.0,0,0,False,0.0,0.0,0.0,0.0,0.0,0.0,0.0,100.0,100.0,Inactive,0.0,0,0.0,0.0,0.0,0.0,0.07210925887209883,0.0,0.1682549373682306,0.0050150451354062184,,0.0003178639542275906,0.019071837253655435,0.4807283924806589
2024-10-26,0.0,0.0,0.0,0,0,False,0.0,0.0,0.0,0.0,0.0,0.0,0.0,100.0,100.0,Inactive,0.0,0,0.0,0.0,0.0,0.0,0.07210925887209883,0.0,0.1682549373682306,0.0050150451354062184,,0.0003178639542275906,0.019071837253655435,0.4807283924806589
2024-10-27,0.0,0.0,0.0,0,0,False,0.0,0.0,0.0,0.0,0.0,0.0,0.0,100.0,100.0,Inactive,0.0,0,0.0,0.0,0.0,0.0,0.07210925887209883,0.0,0.1682549373682306,0.0050150451354062184,,0.0003178639542275906,0.019071837253655435,0.4807283924806589
2024-10-28,0.0,0.0,0.0,0,0,False,0.0,0.0,0.0,0.0,0.0,0.0,0.0,100.0,100.0,Inactive,0.0,0,0.0,0.0,0.0,0.0,0.07210925887209883,0.0,0.1682549373682306,0.0050150451354062184,,0.0003178639542275906,0.019071837253655435,0.4807283924806589
2024-10-29,0.0,0.0,0.0,0,0,False,0.0,0.0,0.0,0.0,0.0,0.0,0.0,100.0,100.0,Inactive,0.0,0,0.0,0.0,0.0,0.0,0.07210925887209883,0.0,0.1682549373682306,0.0050150451354062184,,0.0003178639542275906,0.019071837253655435,0.4807283924806589
2024-10-30,0.0,0.0,0.0,0,0,False,0.0,0.0,0.0,0.0,0.0,0.0,0.0,100.0,100.0,Inactive,0.0,0,0.0,0.0,0.0,0.0,0.07210925887209883,0.0,0.1682549373682306,0.0050150451354062184,,0.0003178639542275906,0.019071837253655435,0.4807283924806589
2024-10-31,0.0,0.0,0.0,0,0,False,0.0,0.0,0.0,0.0,0.0,0.0,0.0,100.0,100.0,Inactive,0.0,0,0.0,0.0,0.0,0.0,0.07210925887209883,0.0,0.1682549373682306,0.0050150451354062184,,0.0003178639542275906,0.019071837253655435,0.4807283924806589
2024-11-01,0.0,0.0,0.0,0,0,False,0.0,0.0,0.0,0.0,0.0,0.0,0.0,100.0,100.0,Inactive,0.0,0,0.0,0.0,0.0,0.0,0.07210925887209883,0.0,0.1682549373682306,0.0050150451354062184,,0.0003178639542275906,0.019071837253655435,0.4807283924806589
2024-11-02,0.0,0.0,0.0,0,0,False,0.0,0.0,0.0,0.0,0.0,0.0,0.0,100.0,100.0,Inactive,0.0,0,0.0,0.0,0.0,0.0,0.07210925887209883,0.0,0.1682549373682306,0.0050150451354062184,,0.0003178639542275906,0.019071837253655435,0.4807283924806589
2024-11-03,0.0,0.0,0.0,0,0,False,0.0,0.0,0.0,0.0,0.0,0.0,0.0,100.0,100.0,Inactive,0.0,0,0.0,0.0,0.0,0.0,0.07210925887209883,0.0,0.1682549373682306,0.0050150451354062184,,0.0003178639542275906,0.019071837253655435,0.4807283924806589
2024-11-04,0.0,0.0,0.0,0,0,False,0.0,0.0,0.0,0.0,0.0,0.0,0.0,100.0,100.0,Inactive,0.0,0,0.0,0.0,0.0,0.0,0.07210925887209883,0.0,0.1682549373682306,0.0050150451354062184,,0.0003178639542275906,0.019071837253655435,0.4807283924806589
2024-11-05,0.0,0.0,0.0,0,0,False,0.0,0.0,0.0,0.0,0.0,0.0,0.0,100.0,100.0,Inactive,0.0,0,0.0,0.0,0.0,0.0,0.07210925887209883,0.0,0.1682549373682306,0.0050150451354062184,,0.0003178639542275906,0.019071837253655435,0.4807283924806589
2024-11-06,0.0,0.0,0.0,0,0,False,0.0,0.0,0.0,0.0,0.0,0.0,0.0,100.0,100.0,Inactive,0.0,0,0.0,0.0,0.0,0.0,0.07210925887209883,0.0,0.1682549373682306,0.0050150451354062184,,0.0003178639542275906,0.019071837253655435,0.4807283924806589
2024-11-07,0.0,0.0,0.0,0,0,False,0.0,0.0,0.0,0.0,0.0,0.0,0.0,100.0,100.0,Inactive,0.0,0,0.0,0.0,0.0,0.0,0.07210925887209883,0.0,0.1682549373682306,0.0050150451354062184,,0.0003178639542275906,0.019071837253655435,0.4807283924806589
2024-11-08,0.0,0.0,0.0,0,0,False,0.0,0.0,0.0,0.0,0.0,0.0,0.0,100.0,100.0,Inactive,0.0,0,0.0,0.0,0.0,0.0,0.07210925887209883,0.0,0.1682549373682306,0.0050150451354062184,,0.0003178639542275906,0.019071837253655435,0.4807283924806589
2024-11-09,0.0,0.0,0.0,0,0,False,0.0,0.0,0.0,0.0,0.0,0.0,0.0,100.0,100.0,Inactive,0.0,0,0.0,0.0,0.0,0.0,0.07210925887209883,0.0,0.1682549373682306,0.0050150451354062184,,0.0003178639542275906,0.019071837253655435,0.4807283924806589
2024-11-10,0.0,0.0,0.0,0,0,False,0.0,0.0,0.0,0.0,0.0,0.0,0.0,100.0,100.0,Inactive,0.0,0,0.0,0.0,0.0,0.0,0.07210925887209883,0.0,0.1682549373682306,0.0050150451354062184,,0.0003178639542275906,0.019071837253655435,0.4807283924806589
2024-11-11,0.0,0.0,0.0,0,0,False,0.0,0.0,0.0,0.0,0.0,0.0,0.0,100.0,100.0,Inactive,0.0,0,0.0,0.0,0.0,0.0,0.07210925887209883,0.0,0.1682549373682306,0.0050150451354062184,,0.0003178639542275906,0.019071837253655435,0.4807283924806589
2024-11-12,0.0,0.0,0.0,0,0,False,0.0,0.0,0.0,0.0,0.0,0.0,0.0,100.0,100.0,Inactive,0.0,0,0.0,0.0,0.0,0.0,0.07210925887209883,0.0,0.1682549373682306,0.0050150451354062184,,0.0003178639542275906,0.019071837253655435,0.4807283924806589
2024-11-13,0.0,0.0,0.0,0,0,False,0.0,0.0,0.0,0.0,0.0,0.0,0.0,100.0,100.0,Inactive,0.0,0,0.0,0.0,0.0,0.0,0.07210925887209883,0.0,0.1682549373682306,0.0050150451354062184,,0.0003178639542275906,0.019071837253655435,0.4807283924806589
2024-11-14,0.0,0.0,0.0,0,0,False,0.0,0.0,0.0,0.0,0.0,0.0,0.0,100.0,100.0,Inactive,0.0,0,0.0,0.0,0.0,0.0,0.07210925887209883,0.0,0.1682549373682306,0.0050150451354062184,,0.0003178639542275906,0.019071837253655435,0.4807283924806589
2024-11-15,0.0,0.0,0.0,0,0,False,0.0,0.0,0.0,0.0,0.0,0.0,0.0,100.0,100.0,Inactive,0.0,0,0.0,0.0,0.0,0.0,0.07210925887209883,0.0,0.1682549373682306,0.0050150451354062184,,0.0003178639542275906,0.019071837253655435,0.4807283924806589
2024-11-16,0.0,0.0,0.0,0,0,False,0.0,0.0,0.0,0.0,0.0,0.0,0.0,100.0,100.0,Inactive,0.0,0,0.0,0.0,0.0,0.0,0.07210925887209883,0.0,0.1682549373682306,0.0050150451354062184,,0.0003178639542275906,0.019071837253655435,0.4807283924806589
2024-11-17,0.0,0.0,0.0,0,0,False,0.0,0.0,0.0,0.0,0.0,0.0,0.0,100.0,100.0,Inactive,0.0,0,0.0,0.0,0.0,0.0,0.07210925887209883,0.0,0.1682549373682306,0.0050150451354062184,,0.0003178639542275906,0.019071837253655435,0.4807283924806589
2024-11-18,0.0,0.0,0.0,0,0,False,0.0,0.0,0.0,0.0,0.0,0.0,0.0,100.0,100.0,Inactive,0.0,0,0.0,0.0,0.0,0.0,0.07210925887209883,0.0,0.1682549373682306,0.0050150451354062184,,0.0003178639542275906,0.019071837253655435,0.4807283924806589
2024-11-19,0.0,0.0,0.0,0,0,False,0.0,0.0,0.0,0.0,0.0,0.0,0.0,100.0,100.0,Inactive,0.0,0,0.0,0.0,0.0,0.0,0.07210925887209883,0.0,0.1682549373682306,0.0050150451354062184,,0.0003178639542275906,0.019071837253655435,0.4807283924806589
2024-11-20,0.0,0.0,0.0,0,0,False,0.0,0.0,0.0,0.0,0.0,0.0,0.0,100.0,100.0,Inactive,0.0,0,0.0,0.0,0.0,0.0,0.07210925887209883,0.0,0.1682549373682306,0.0050150451354062184,,0.0003178639542275906,0.019071837253655435,0.4807283924806589
2024-11-21,0.0,0.0,0.0,0,0,False,0.0,0.0,0.0,0.0,0.0,0.0,0.0,100.0,100.0,Inactive,0.0,0,0.0,0.0,0.0,0.0,0.07210925887209883,0.0,0.1682549373682306,0.0050150451354062184,,0.0003178639542275906,0.019071837253655435,0.4807283924806589
2024-11-22,0.0,0.0,0.0,0,0,False,0.0,0.0,0.0,0.0,0.0,0.0,0.0,100.0,100.0,Inactive,0.0,0,0.0,0.0,0.0,0.0,0.07210925887209883,0.0,0.1682549373682306,0.0050150451354062184,,0.0003178639542275906,0.019071837253655435,0.4807283924806589
2024-11-23,0.0,0.0,0.0,0,0,False,0.0,0.0,0.0,0.0,0.0,0.0,0.0,100.0,100.0,Inactive,0.0,0,0.0,0.0,0.0,0.0,0.07210925887209883,0.0,0.1682549373682306,0.0050150451354062184,,0.0003178639542275906,0.019071837253655435,0.4807283924806589
2024-11-24,0.0,0.0,0.0,0,0,False,0.0,0.0,0.0,0.0,0.0,0.0,0.0,100.0,100.0,Inactive,0.0,0,0.0,0.0,0.0,0.0,0.07210925887209883,0.0,0.1682549373682306,0.0050150451354062184,,0.0003178639542275906,0.019071837253655435,0.4807283924806589
2024-11-25,0.0,0.0,0.0,0,0,False,0.0,0.0,0.0,0.0,0.0,0.0,0.0,100.0,100.0,Inactive,0.0,0,0.0,0.0,0.0,0.0,0.07210925887209883,0.0,0.1682549373682306,0.0050150451354062184,,0.0003178639542275906,0.019071837253655435,0.4807283924806589
2024-11-26,0.0,0.0,0.0,0,0,False,0.0,0.0,0.0,0.0,0.0,0.0,0.0,100.0,100.0,Inactive,0.0,0,0.0,0.0,0.0,0.0,0.07210925887209883,0.0,0.1682549373682306,0.0050150451354062184,,0.0003178639542275906,0.019071837253655435,0.4807283924806589
2024-11-27,0.0,0.0,0.0,0,0,False,0.0,0.0,0.0,0.0,0.0,0.0,0.0,100.0,100.0,Inactive,0.0,0,0.0,0.0,0.0,0.0,0.07210925887209883,0.0,0.1682549373682306,0.0050150451354062184,,0.0003178639542275906,0.019071837253655435,0.4807283924806589
2024-11-28,0.0,0.0,0.0,0,0,False,0.0,0.0,0.0,0.0,0.0,0.0,0.0,100.0,100.0,Inactive,0.0,0,0.0,0.0,0.0,0.0,0.07210925887209883,0.0,0.1682549373682306,0.0050150451354062184,,0.0003178639542275906,0.019071837253655435,0.4807283924806589
2024-11-29,0.0,0.0,0.0,0,0,False,0.0,0.0,0.0,0.0,0.0,0.0,0.0,100.0,100.0,Inactive,0.0,0,0.0,0.0,0.0,0.0,0.07210925887209883,0.0,0.1682549373682306,0.0050150451354062184,,0.0003178639542275906,0.019071837253655435,0.4807283924806589
2024-11-30,0.0,0.0,0.0,0,0,False,0.0,0.0,0.0,0.0,0.0,0.0,0.0,100.0,100.0,Inactive,0.0,0,0.0,0.0,0.0,0.0,0.07210925887209883,0.0,0.1682549373682306,0.0050150451354062184,,0.0003178639542275906,0.019071837253655435,0.4807283924806589
2024-12-01,0.0,0.0,0.0,0,0,False,0.0,0.0,0.0,0.0,0.0,0.0,0.0,100.0,100.0,Inactive,0.0,0,0.0,0.0,0.0,0.0,0.07210925887209883,0.0,0.1682549373682306,0.0050150451354062184,,0.0003178639542275906,0.019071837253655435,0.4807283924806589
2024-12-02,0.0,0.0,0.0,0,0,False,0.0,0.0,0.0,0.0,0.0,0.0,0.0,100.0,100.0,Inactive,0.0,0,0.0,0.0,0.0,0.0,0.07210925887209883,0.0,0.1682549373682306,0.0050150451354062184,,0.0003178639542275906,0.019071837253655435,0.4807283924806589
2024-12-03,0.0,0.0,0.0,0,0,False,0.0,0.0,0.0,0.0,0.0,0.0,0.0,100.0,100.0,Inactive,0.0,0,0.0,0.0,0.0,0.0,0.07210925887209883,0.0,0.1682549373682306,0.0050150451354062184,,0.0003178639542275906,0.019071837253655435,0.4807283924806589
2024-12-04,0.0,0.0,0.0,0,0,False,0.0,0.0,0.0,0.0,0.0,0.0,0.0,100.0,100.0,Inactive,0.0,0,0.0,0.0,0.0,0.0,0.07210925887209883,0.0,0.1682549373682306,0.0050150451354062184,,0.0003178639542275906,0.019071837253655435,0.4807283924806589
2024-12-05,0.0,0.0,0.0,0,0,False,0.0,0.0,0.0,0.0,0.0,0.0,0.0,100.0,100.0,Inactive,0.0,0,0.0,0.0,0.0,0.0,0.07210925887209883,0.0,0.1682549373682306,0.0050150451354062184,,0.0003178639542275906,0.019071837253655435,0.4807283924806589
2024-12-06,0.0,0.0,0.0,0,0,False,0.0,0.0,0.0,0.0,0.0,0.0,0.0,100.0,100.0,Inactive,0.0,0,0.0,0.0,0.0,0.0,0.07210925887209883,0.0,0.1682549373682306,0.0050150451354062184,,0.0003178639542275906,0.019071837253655435,0.4807283924806589
2024-12-07,0.0,0.0,0.0,0,0,False,0.0,0.0,0.0,0.0,0.0,0.0,0.0,100.0,100.0,Inactive,0.0,0,0.0,0.0,0.0,0.0,0.07210925887209883,0.0,0.1682549373682306,0.0050150451354062184,,0.0003178639542275906,0.019071837253655435,0.4807283924806589
2024-12-08,0.0,0.0,0.0,0,0,False,0.0,0.0,0.0,0.0,0.0,0.0,0.0,100.0,100.0,Inactive,0.0,0,0.0,0.0,0.0,0.0,0.07210925887209883,0.0,0.1682549373682306,0.0050150451354062184,,0.0003178639542275906,0.019071837253655435,0.4807283924806589
2024-12-09,0.0,0.0,0.0,0,0,False,0.0,0.0,0.0,0.0,0.0,0.0,0.0,100.0,100.0,Inactive,0.0,0,0.0,0.0,0.0,0.0,0.07210925887209883,0.0,0.1682549373682306,0.0050150451354062184,,0.0003178639542275906,0.019071837253655435,0.4807283924806589
2024-12-10,0.0,0.0,0.0,0,0,False,0.0,0.0,0.0,0.0,0.0,0.0,0.0,100.0,100.0,Inactive,0.0,0,0.0,0.0,0.0,0.0,0.07210925887209883,0.0,0.1682549373682306,0.0050150451354062184,,0.0003178639542275906,0.019071837253655435,0.4807283924806589
2024-12-11,0.0,0.0,0.0,0,0,False,0.0,0.0,0.0,0.0,0.0,0.0,0.0,100.0,100.0,Inactive,0.0,0,0.0,0.0,0.0,0.0,0.07210925887209883,0.0,0.1682549373682306,0.0050150451354062184,,0.0003178639542275906,0.019071837253655435,0.4807283924806589
2024-12-12,0.0,0.0,0.0,0,0,False,0.0,0.0,0.0,0.0,0.0,0.0,0.0,100.0,100.0,Inactive,0.0,0,0.0,0.0,0.0,0.0,0.07210925887209883,0.0,0.1682549373682306,0.0050150451354062184,,0.0003178639542275906,0.019071837253655435,0.4807283924806589
2024-12-13,0.0,0.0,0.0,0,0,False,0.0,0.0,0.0,0.0,0.0,0.0,0.0,100.0,100.0,Inactive,0.0,0,0.0,0.0,0.0,0.0,0.07210925887209883,0.0,0.1682549373682306,0.0050150451354062184,,0.0003178639542275906,0.019071837253655435,0.4807283924806589
2024-12-14,0.0,0.0,0.0,0,0,False,0.0,0.0,0.0,0.0,0.0,0.0,0.0,100.0,100.0,Inactive,0.0,0,0.0,0.0,0.0,0.0,0.07210925887209883,0.0,0.1682549373682306,0.0050150451354062184,,0.0003178639542275906,0.019071837253655435,0.4807283924806589
2024-12-15,0.0,0.0,0.0,0,0,False,0.0,0.0,0.0,0.0,0.0,0.0,0.0,100.0,100.0,Inactive,0.0,0,0.0,0.0,0.0,0.0,0.07210925887209883,0.0,0.1682549373682306,0.0050150451354062184,,0.0003178639542275906,0.019071837253655435,0.4807283924806589
2024-12-16,0.0,0.0,0.0,0,0,False,0.0,0.0,0.0,0.0,0.0,0.0,0.0,100.0,100.0,Inactive,0.0,0,0.0,0.0,0.0,0.0,0.07210925887209883,0.0,0.1682549373682306,0.0050150451354062184,,0.0003178639542275906,0.019071837253655435,0.4807283924806589
2024-12-17,0.0,0.0,0.0,0,0,False,0.0,0.0,0.0,0.0,0.0,0.0,0.0,100.0,100.0,Inactive,0.0,0,0.0,0.0,0.0,0.0,0.07210925887209883,0.0,0.1682549373682306,0.0050150451354062184,,0.0003178639542275906,0.019071837253655435,0.4807283924806589
2024-12-18,0.0,0.0,0.0,0,0,False,0.0,0.0,0.0,0.0,0.0,0.0,0.0,100.0,100.0,Inactive,0.0,0,0.0,0.0,0.0,0.0,0.07210925887209883,0.0,0.1682549373682306,0.0050150451354062184,,0.0003178639542275906,0.019071837253655435,0.4807283924806589
2024-12-19,0.0,0.0,0.0,0,0,False,0.0,0.0,0.0,0.0,0.0,0.0,0.0,100.0,100.0,Inactive,0.0,0,0.0,0.0,0.0,0.0,0.07210925887209883,0.0,0.1682549373682306,0.0050150451354062184,,0.0003178639542275906,0.019071837253655435,0.4807283924806589
2024-12-20,0.0,0.0,0.0,0,0,False,0.0,0.0,0.0,0.0,0.0,0.0,0.0,100.0,100.0,Inactive,0.0,0,0.0,0.0,0.0,0.0,0.07210925887209883,0.0,0.1682549373682306,0.0050150451354062184,,0.0003178639542275906,0.019071837253655435,0.4807283924806589
2024-12-21,0.0,0.0,0.0,0,0,False,0.0,0.0,0.0,0.0,0.0,0.0,0.0,100.0,100.0,Inactive,0.0,0,0.0,0.0,0.0,0.0,0.07210925887209883,0.0,0.1682549373682306,0.0050150451354062184,,0.0003178639542275906,0.019071837253655435,0.4807283924806589
2024-12-22,0.0,0.0,0.0,0,0,False,0.0,0.0,0.0,0.0,0.0,0.0,0.0,100.0,100.0,Inactive,0.0,0,0.0,0.0,0.0,0.0,0.07210925887209883,0.0,0.1682549373682306,0.0050150451354062184,,0.0003178639542275906,0.019071837253655435,0.4807283924806589
2024-12-23,0.0,0.0,0.0,0,0,False,0.0,0.0,0.0,0.0,0.0,0.0,0.0,100.0,100.0,Inactive,0.0,0,0.0,0.0,0.0,0.0,0.07210925887209883,0.0,0.1682549373682306,0.0050150451354062184,,0.0003178639542275906,0.019071837253655435,0.4807283924806589
2024-12-24,0.0,0.0,0.0,0,0,False,0.0,0.0,0.0,0.0,0.0,0.0,0.0,100.0,100.0,Inactive,0.0,0,0.0,0.0,0.0,0.0,0.07210925887209883,0.0,0.1682549373682306,0.0050150451354062184,,0.0003178639542275906,0.019071837253655435,0.4807283924806589
2024-12-25,0.0,0.0,0.0,0,0,False,0.0,0.0,0.0,0.0,0.0,0.0,0.0,100.0,100.0,Inactive,0.0,0,0.0,0.0,0.0,0.0,0.07210925887209883,0.0,0.1682549373682306,0.0050150451354062184,,0.0003178639542275906,0.019071837253655435,0.4807283924806589
2024-12-26,0.0,0.0,0.0,0,0,False,0.0,0.0,0.0,0.0,0.0,0.0,0.0,100.0,100.0,Inactive,0.0,0,0.0,0.0,0.0,0.0,0.07210925887209883,0.0,0.1682549373682306,0.0050150451354062184,,0.0003178639542275906,0.019071837253655435,0.4807283924806589
2024-12-27,0.0,0.0,0.0,0,0,False,0.0,0.0,0.0,0.0,0.0,0.0,0.0,100.0,100.0,Inactive,0.0,0,0.0,0.0,0.0,0.0,0.07210925887209883,0.0,0.1682549373682306,0.0050150451354062184,,0.0003178639542275906,0.019071837253655435,0.4807283924806589
2024-12-28,0.0,0.0,0.0,0,0,False,0.0,0.0,0.0,0.0,0.0,0.0,0.0,100.0,100.0,Inactive,0.0,0,0.0,0.0,0.0,0.0,0.07210925887209883,0.0,0.1682549373682306,0.0050150451354062184,,0.0003178639542275906,0.019071837253655435,0.4807283924806589
2024-12-29,0.0,0.0,0.0,0,0,False,0.0,0.0,0.0,0.0,0.0,0.0,0.0,100.0,100.0,Inactive,0.0,0,0.0,0.0,0.0,0.0,0.07210925887209883,0.0,0.1682549373682306,0.0050150451354062184,,0.0003178639542275906,0.019071837253655435,0.4807283924806589
2024-12-30,0.0,0.0,0.0,0,0,False,0.0,0.0,0.0,0.0,0.0,0.0,0.0,100.0,100.0,Inactive,0.0,0,0.0,0.0,0.0,0.0,0.07210925887209883,0.0,0.1682549373682306,0.0050150451354062184,,0.0003178639542275906,0.019071837253655435,0.4807283924806589
2024-12-31,0.0,0.0,0.0,0,0,False,0.0,0.0,0.0,0.0,0.0,0.0,0.0,100.0,100.0,Inactive,0.0,0,0.0,0.0,0.0,0.0,0.07210925887209883,0.0,0.1682549373682306,0.0050150451354062184,,0.0003178639542275906,0.019071837253655435,0.4807283924806589
2025-01-01,0.0,0.0,0.0,0,0,False,0.0,0.0,0.0,0.0,0.0,0.0,0.0,100.0,100.0,Inactive,0.0,0,0.0,0.0,0.0,0.0,0.07210925887209883,0.0,0.1682549373682306,0.0050150451354062184,,0.0003178639542275906,0.019071837253655435,0.4807283924806589
2025-01-02,0.0,0.0,0.0,0,0,False,0.0,0.0,0.0,0.0,0.0,0.0,0.0,100.0,100.0,Inactive,0.0,0,0.0,0.0,0.0,0.0,0.07210925887209883,0.0,0.1682549373682306,0.0050150451354062184,,0.0003178639542275906,0.019071837253655435,0.4807283924806589
2025-01-03,0.0,0.0,0.0,0,0,False,0.0,0.0,0.0,0.0,0.0,0.0,0.0,100.0,100.0,Inactive,0.0,0,0.0,0.0,0.0,0.0,0.07210925887209883,0.0,0.1682549373682306,0.0050150451354062184,,0.0003178639542275906,0.019071837253655435,0.4807283924806589
2025-01-04,0.0,0.0,0.0,0,0,False,0.0,0.0,0.0,0.0,0.0,0.0,0.0,100.0,100.0,Inactive,0.0,0,0.0,0.0,0.0,0.0,0.07210925887209883,0.0,0.1682549373682306,0.0050150451354062184,,0.0003178639542275906,0.019071837253655435,0.4807283924806589
2025-01-05,0.0,0.0,0.0,0,0,False,0.0,0.0,0.0,0.0,0.0,0.0,0.0,100.0,100.0,Inactive,0.0,0,0.0,0.0,0.0,0.0,0.07210925887209883,0.0,0.1682549373682306,0.0050150451354062184,,0.0003178639542275906,0.019071837253655435,0.4807283924806589
2025-01-06,0.0,0.0,0.0,0,0,False,0.0,0.0,0.0,0.0,0.0,0.0,0.0,100.0,100.0,Inactive,0.0,0,0.0,0.0,0.0,0.0,0.07210925887209883,0.0,0.1682549373682306,0.0050150451354062184,,0.0003178639542275906,0.019071837253655435,0.4807283924806589
2025-01-07,0.0,0.0,0.0,0,0,False,0.0,0.0,0.0,0.0,0.0,0.0,0.0,100.0,100.0,Inactive,0.0,0,0.0,0.0,0.0,0.0,0.07210925887209883,0.0,0.1682549373682306,0.0050150451354062184,,0.0003178639542275906,0.019071837253655435,0.4807283924806589
2025-01-08,0.0,0.0,0.0,0,0,False,0.0,0.0,0.0,0.0,0.0,0.0,0.0,100.0,100.0,Inactive,0.0,0,0.0,0.0,0.0,0.0,0.07210925887209883,0.0,0.1682549373682306,0.0050150451354062184,,0.0003178639542275906,0.019071837253655435,0.4807283924806589
2025-01-09,0.0,0.0,0.0,0,0,False,0.0,0.0,0.0,0.0,0.0,0.0,0.0,100.0,100.0,Inactive,0.0,0,0.0,0.0,0.0,0.0,0.07210925887209883,0.0,0.1682549373682306,0.0050150451354062184,,0.0003178639542275906,0.019071837253655435,0.4807283924806589
2025-01-10,0.0,0.0,0.0,0,0,False,0.0,0.0,0.0,0.0,0.0,0.0,0.0,100.0,100.0,Inactive,0.0,0,0.0,0.0,0.0,0.0,0.07210925887209883,0.0,0.1682549373682306,0.0050150451354062184,,0.0003178639542275906,0.019071837253655435,0.4807283924806589
2025-01-11,0.0,0.0,0.0,0,0,False,0.0,0.0,0.0,0.0,0.0,0.0,0.0,100.0,100.0,Inactive,0.0,0,0.0,0.0,0.0,0.0,0.07210925887209883,0.0,0.1682549373682306,0.0050150451354062184,,0.0003178639542275906,0.019071837253655435,0.4807283924806589
2025-01-12,0.0,0.0,0.0,0,0,False,0.0,0.0,0.0,0.0,0.0,0.0,0.0,100.0,100.0,Inactive,0.0,0,0.0,0.0,0.0,0.0,0.07210925887209883,0.0,0.1682549373682306,0.0050150451354062184,,0.0003178639542275906,0.019071837253655435,0.4807283924806589
2025-01-13,0.0,0.0,0.0,0,0,False,0.0,0.0,0.0,0.0,0.0,0.0,0.0,100.0,100.0,Inactive,0.0,0,0.0,0.0,0.0,0.0,0.07210925887209883,0.0,0.1682549373682306,0.0050150451354062184,,0.0003178639542275906,0.019071837253655435,0.4807283924806589
2025-01-14,0.0,0.0,0.0,0,0,False,0.0,0.0,0.0,0.0,0.0,0.0,0.0,100.0,100.0,Inactive,0.0,0,0.0,0.0,0.0,0.0,0.07210925887209883,0.0,0.1682549373682306,0.0050150451354062184,,0.0003178639542275906,0.019071837253655435,0.4807283924806589
2025-01-15,0.0,0.0,0.0,0,0,False,0.0,0.0,0.0,0.0,0.0,0.0,0.0,100.0,100.0,Inactive,0.0,0,0.0,0.0,0.0,0.0,0.07210925887209883,0.0,0.1682549373682306,0.0050150451354062184,,0.0003178639542275906,0.019071837253655435,0.4807283924806589
2025-01-16,0.0,0.0,0.0,0,0,False,0.0,0.0,0.0,0.0,0.0,0.0,0.0,100.0,100.0,Inactive,0.0,0,0.0,0.0,0.0,0.0,0.07210925887209883,0.0,0.1682549373682306,0.0050150451354062184,,0.0003178639542275906,0.019071837253655435,0.4807283924806589
2025-01-17,0.0,0.0,0.0,0,0,False,0.0,0.0,0.0,0.0,0.0,0.0,0.0,100.0,100.0,Inactive,0.0,0,0.0,0.0,0.0,0.0,0.07210925887209883,0.0,0.1682549373682306,0.0050150451354062184,,0.0003178639542275906,0.019071837253655435,0.4807283924806589
2025-01-18,0.0,0.0,0.0,0,0,False,0.0,0.0,0.0,0.0,0.0,0.0,0.0,100.0,100.0,Inactive,0.0,0,0.0,0.0,0.0,0.0,0.07210925887209883,0.0,0.1682549373682306,0.0050150451354062184,,0.0003178639542275906,0.019071837253655435,0.4807283924806589
2025-01-19,0.0,0.0,0.0,0,0,False,0.0,0.0,0.0,0.0,0.0,0.0,0.0,100.0,100.0,Inactive,0.0,0,0.0,0.0,0.0,0.0,0.07210925887209883,0.0,0.1682549373682306,0.0050150451354062184,,0.0003178639542275906,0.019071837253655435,0.4807283924806589
2025-01-20,0.0,0.0,0.0,0,0,False,0.0,0.0,0.0,0.0,0.0,0.0,0.0,100.0,100.0,Inactive,0.0,0,0.0,0.0,0.0,0.0,0.07210925887209883,0.0,0.1682549373682306,0.0050150451354062184,,0.0003178639542275906,0.019071837253655435,0.4807283924806589
2025-01-21,0.0,0.0,0.0,0,0,False,0.0,0.0,0.0,0.0,0.0,0.0,0.0,100.0,100.0,Inactive,0.0,0,0.0,0.0,0.0,0.0,0.07210925887209883,0.0,0.1682549373682306,0.0050150451354062184,,0.0003178639542275906,0.019071837253655435,0.4807283924806589
2025-01-22,0.0,0.0,0.0,0,0,False,0.0,0.0,0.0,0.0,0.0,0.0,0.0,100.0,100.0,Inactive,0.0,0,0.0,0.0,0.0,0.0,0.07210925887209883,0.0,0.1682549373682306,0.0050150451354062184,,0.0003178639542275906,0.019071837253655435,0.4807283924806589
2025-01-23,0.0,0.0,0.0,0,0,False,0.0,0.0,0.0,0.0,0.0,0.0,0.0,100.0,100.0,Inactive,0.0,0,0.0,0.0,0.0,0.0,0.07210925887209883,0.0,0.1682549373682306,0.0050150451354062184,,0.0003178639542275906,0.019071837253655435,0.4807283924806589
2025-01-24,0.0,0.0,0.0,0,0,False,0.0,0.0,0.0,0.0,0.0,0.0,0.0,100.0,100.0,Inactive,0.0,0,0.0,0.0,0.0,0.0,0.07210925887209883,0.0,0.1682549373682306,0.0050150451354062184,,0.0003178639542275906,0.019071837253655435,0.4807283924806589
2025-01-25,0.0,0.0,0.0,0,0,False,0.0,0.0,0.0,0.0,0.0,0.0,0.0,100.0,100.0,Inactive,0.0,0,0.0,0.0,0.0,0.0,0.07210925887209883,0.0,0.1682549373682306,0.0050150451354062184,,0.0003178639542275906,0.019071837253655435,0.4807283924806589
2025-01-26,0.0,0.0,0.0,0,0,False,0.0,0.0,0.0,0.0,0.0,0.0,0.0,100.0,100.0,Inactive,0.0,0,0.0,0.0,0.0,0.0,0.07210925887209883,0.0,0.1682549373682306,0.0050150451354062184,,0.0003178639542275906,0.019071837253655435,0.4807283924806589
2025-01-27,0.0,0.0,0.0,0,0,False,0.0,0.0,0.0,0.0,0.0,0.0,0.0,100.0,100.0,Inactive,0.0,0,0.0,0.0,0.0,0.0,0.07210925887209883,0.0,0.1682549373682306,0.0050150451354062184,,0.0003178639542275906,0.019071837253655435,0.4807283924806589
2025-01-28,0.0,0.0,0.0,0,0,False,0.0,0.0,0.0,0.0,0.0,0.0,0.0,100.0,100.0,Inactive,0.0,0,0.0,0.0,0.0,0.0,0.07210925887209883,0.0,0.1682549373682306,0.0050150451354062184,,0.0003178639542275906,0.019071837253655435,0.4807283924806589
2025-01-29,0.0,0.0,0.0,0,0,False,0.0,0.0,0.0,0.0,0.0,0.0,0.0,100.0,100.0,Inactive,0.0,0,0.0,0.0,0.0,0.0,0.07210925887209883,0.0,0.1682549373682306,0.0050150451354062184,,0.0003178639542275906,0.019071837253655435,0.4807283924806589
2025-01-30,0.0,0.0,0.0,0,0,False,0.0,0.0,0.0,0.0,0.0,0.0,0.0,100.0,100.0,Inactive,0.0,0,0.0,0.0,0.0,0.0,0.07210925887209883,0.0,0.1682549373682306,0.0050150451354062184,,0.0003178639542275906,0.019071837253655435,0.4807283924806589
2025-01-31,0.0,0.0,0.0,0,0,False,0.0,0.0,0.0,0.0,0.0,0.0,0.0,100.0,100.0,Inactive,0.0,0,0.0,0.0,0.0,0.0,0.07210925887209883,0.0,0.1682549373682306,0.0050150451354062184,,0.0003178639542275906,0.019071837253655435,0.4807283924806589
2025-02-01,0.0,0.0,0.0,0,0,False,0.0,0.0,0.0,0.0,0.0,0.0,0.0,100.0,100.0,Inactive,0.0,0,0.0,0.0,0.0,0.0,0.07210925887209883,0.0,0.1682549373682306,0.0050150451354062184,,0.0003178639542275906,0.019071837253655435,0.4807283924806589
2025-02-02,0.0,0.0,0.0,0,0,False,0.0,0.0,0.0,0.0,0.0,0.0,0.0,100.0,100.0,Inactive,0.0,0,0.0,0.0,0.0,0.0,0.07210925887209883,0.0,0.1682549373682306,0.0050150451354062184,,0.0003178639542275906,0.019071837253655435,0.4807283924806589
2025-02-03,0.0,0.0,0.0,0,0,False,0.0,0.0,0.0,0.0,0.0,0.0,0.0,100.0,100.0,Inactive,0.0,0,0.0,0.0,0.0,0.0,0.07210925887209883,0.0,0.1682549373682306,0.0050150451354062184,,0.0003178639542275906,0.019071837253655435,0.4807283924806589
2025-02-04,0.0,0.0,0.0,0,0,False,0.0,0.0,0.0,0.0,0.0,0.0,0.0,100.0,100.0,Inactive,0.0,0,0.0,0.0,0.0,0.0,0.07210925887209883,0.0,0.1682549373682306,0.0050150451354062184,,0.0003178639542275906,0.019071837253655435,0.4807283924806589
2025-02-05,0.0,0.0,0.0,0,0,False,0.0,0.0,0.0,0.0,0.0,0.0,0.0,100.0,100.0,Inactive,0.0,0,0.0,0.0,0.0,0.0,0.07210925887209883,0.0,0.1682549373682306,0.0050150451354062184,,0.0003178639542275906,0.019071837253655435,0.4807283924806589
2025-02-06,0.0,0.0,0.0,0,0,False,0.0,0.0,0.0,0.0,0.0,0.0,0.0,100.0,100.0,Inactive,0.0,0,0.0,0.0,0.0,0.0,0.07210925887209883,0.0,0.1682549373682306,0.0050150451354062184,,0.0003178639542275906,0.019071837253655435,0.4807283924806589
2025-02-07,0.0,0.0,0.0,0,0,False,0.0,0.0,0.0,0.0,0.0,0.0,0.0,100.0,100.0,Inactive,0.0,0,0.0,0.0,0.0,0.0,0.07210925887209883,0.0,0.1682549373682306,0.0050150451354062184,,0.0003178639542275906,0.019071837253655435,0.4807283924806589
2025-02-08,0.0,0.0,0.0,0,0,False,0.0,0.0,0.0,0.0,0.0,0.0,0.0,100.0,100.0,Inactive,0.0,0,0.0,0.0,0.0,0.0,0.07210925887209883,0.0,0.1682549373682306,0.0050150451354062184,,0.0003178639542275906,0.019071837253655435,0.4807283924806589
2025-02-09,0.0,0.0,0.0,0,0,False,0.0,0.0,0.0,0.0,0.0,0.0,0.0,100.0,100.0,Inactive,0.0,0,0.0,0.0,0.0,0.0,0.07210925887209883,0.0,0.1682549373682306,0.0050150451354062184,,0.0003178639542275906,0.019071837253655435,0.4807283924806589
2025-02-10,0.0,0.0,0.0,0,0,False,0.0,0.0,0.0,0.0,0.0,0.0,0.0,100.0,100.0,Inactive,0.0,0,0.0,0.0,0.0,0.0,0.07210925887209883,0.0,0.1682549373682306,0.0050150451354062184,,0.0003178639542275906,0.019071837253655435,0.4807283924806589
2025-02-11,0.0,0.0,0.0,0,0,False,0.0,0.0,0.0,0.0,0.0,0.0,0.0,100.0,100.0,Inactive,0.0,0,0.0,0.0,0.0,0.0,0.07210925887209883,0.0,0.1682549373682306,0.0050150451354062184,,0.0003178639542275906,0.019071837253655435,0.4807283924806589
2025-02-12,0.0,0.0,0.0,0,0,False,0.0,0.0,0.0,0.0,0.0,0.0,0.0,100.0,100.0,Inactive,0.0,0,0.0,0.0,0.0,0.0,0.07210925887209883,0.0,0.1682549373682306,0.0050150451354062184,,0.0003178639542275906,0.019071837253655435,0.4807283924806589
2025-02-13,0.0,0.0,0.0,0,0,False,0.0,0.0,0.0,0.0,0.0,0.0,0.0,100.0,100.0,Inactive,0.0,0,0.0,0.0,0.0,0.0,0.07210925887209883,0.0,0.1682549373682306,0.0050150451354062184,,0.0003178639542275906,0.019071837253655435,0.4807283924806589
2025-02-14,0.0,0.0,0.0,0,0,False,0.0,0.0,0.0,0.0,0.0,0.0,0.0,100.0,100.0,Inactive,0.0,0,0.0,0.0,0.0,0.0,0.07210925887209883,0.0,0.1682549373682306,0.0050150451354062184,,0.0003178639542275906,0.019071837253655435,0.4807283924806589
2025-02-15,0.0,0.0,0.0,0,0,False,0.0,0.0,0.0,0.0,0.0,0.0,0.0,100.0,100.0,Inactive,0.0,0,0.0,0.0,0.0,0.0,0.07210925887209883,0.0,0.1682549373682306,0.0050150451354062184,,0.0003178639542275906,0.019071837253655435,0.4807283924806589
2025-02-16,0.0,0.0,0.0,0,0,False,0.0,0.0,0.0,0.0,0.0,0.0,0.0,100.0,100.0,Inactive,0.0,0,0.0,0.0,0.0,0.0,0.07210925887209883,0.0,0.1682549373682306,0.0050150451354062184,,0.0003178639542275906,0.019071837253655435,0.4807283924806589
2025-02-17,0.0,0.0,0.0,0,0,False,0.0,0.0,0.0,0.0,0.0,0.0,0.0,100.0,100.0,Inactive,0.0,0,0.0,0.0,0.0,0.0,0.07210925887209883,0.0,0.1682549373682306,0.0050150451354062184,,0.0003178639542275906,0.019071837253655435,0.4807283924806589
2025-02-18,0.0,0.0,0.0,0,0,False,0.0,0.0,0.0,0.0,0.0,0.0,0.0,100.0,100.0,Inactive,0.0,0,0.0,0.0,0.0,0.0,0.07210925887209883,0.0,0.1682549373682306,0.0050150451354062184,,0.0003178639542275906,0.019071837253655435,0.4807283924806589
2025-02-19,0.0,0.0,0.0,0,0,False,0.0,0.0,0.0,0.0,0.0,0.0,0.0,100.0,100.0,Inactive,0.0,0,0.0,0.0,0.0,0.0,0.07210925887209883,0.0,0.1682549373682306,0.0050150451354062184,,0.0003178639542275906,0.019071837253655435,0.4807283924806589
2025-02-20,0.0,0.0,0.0,0,0,False,0.0,0.0,0.0,0.0,0.0,0.0,0.0,100.0,100.0,Inactive,0.0,0,0.0,0.0,0.0,0.0,0.07210925887209883,0.0,0.1682549373682306,0.0050150451354062184,,0.0003178639542275906,0.019071837253655435,0.4807283924806589
2025-02-21,0.0,0.0,0.0,0,0,False,0.0,0.0,0.0,0.0,0.0,0.0,0.0,100.0,100.0,Inactive,0.0,0,0.0,0.0,0.0,0.0,0.07210925887209883,0.0,0.1682549373682306,0.0050150451354062184,,0.0003178639542275906,0.019071837253655435,0.4807283924806589
2025-02-22,0.0,0.0,0.0,0,0,False,0.0,0.0,0.0,0.0,0.0,0.0,0.0,100.0,100.0,Inactive,0.0,0,0.0,0.0,0.0,0.0,0.07210925887209883,0.0,0.1682549373682306,0.0050150451354062184,,0.0003178639542275906,0.019071837253655435,0.4807283924806589
2025-02-23,0.0,0.0,0.0,0,0,False,0.0,0.0,0.0,0.0,0.0,0.0,0.0,100.0,100.0,Inactive,0.0,0,0.0,0.0,0.0,0.0,0.07210925887209883,0.0,0.1682549373682306,0.0050150451354062184,,0.0003178639542275906,0.019071837253655435,0.4807283924806589
2025-02-24,0.0,0.0,0.0,0,0,False,0.0,0.0,0.0,0.0,0.0,0.0,0.0,100.0,100.0,Inactive,0.0,0,0.0,0.0,0.0,0.0,0.07210925887209883,0.0,0.1682549373682306,0.0050150451354062184,,0.0003178639542275906,0.019071837253655435,0.4807283924806589
2025-02-25,0.0,0.0,0.0,0,0,False,0.0,0.0,0.0,0.0,0.0,0.0,0.0,100.0,100.0,Inactive,0.0,0,0.0,0.0,0.0,0.0,0.07210925887209883,0.0,0.1682549373682306,0.0050150451354062184,,0.0003178639542275906,0.019071837253655435,0.4807283924806589
2025-02-26,13.0,173.26600000000002,4.0,270,58,True,1.8571428571428568,24.7522857142852,0.0,0.1666666666666666,0.1528892292976629,0.0,0.1292001021226322,87.07998978773678,95.6933299292456,Normal,0.043066700707543926,0,0.0,0.0,0.0,0.0,0.10871595447351118,0.025840020424526353,0.18924995396315827,0.14953271028037382,,0.06444444444444444,0.051111111111111114,0.4807283924806589
2025-02-27,11.0,108.565,2.0,231,41,True,3.4285714285714284,40.26157142857091,0.3714285714285714,0.3076923076923077,0.2486865535199633,0.4586160108548168,0.3201753220731062,67.98246779268938,85.02081919347539,Normal,0.14979180806524606,0,0.0,0.0,0.0,0.0,0.199432295727558,0.08987508483914763,0.24127844380003804,0.14953271028037382,,0.06444444444444444,0.051111111111111114,0.4807283924806589
2025-02-28,2.0,0.0,1.0,73,15,True,3.7142857142857135,40.26157142857091,0.6285714285714286,0.3333333333333332,0.2486865535199633,0.7761194029850748,0.3964965133196706,60.350348668032936,71.80426874948637,Watch,0.28195731250513634,0,1.0,0.0,0.0,0.0,0.31177297450146474,0.1691743875030818,0.30570912721448457,0.14953271028037382,,0.06444444444444444,0.051111111111111114,0.4807283924806589
2025-03-01,0.0,0.0,0.0,0,0,False,3.7142857142857135,40.26157142857091,0.5802197802197803,0.3333333333333332,0.2486865535199633,0.7164179104477614,0.3845562148122079,61.54437851877921,63.29239832650052,Inactive,0.3670760167349948,0,1.0,0.0,0.0,0.0,0.3841238730968444,0.22024561004099688,0.3472044955265406,0.14953271028037382,,0.06444444444444444,0.051111111111111114,0.4807283924806589
2025-03-02,0.0,0.0,0.0,0,0,False,3.7142857142857135,40.26157142857091,0.4659340659340659,0.3333333333333332,0.2486865535199633,0.5753052917232022,0.356333691067296,64.3666308932704,62.08711936002752,Inactive,0.3791288063997248,0,1.0,0.0,0.0,0.0,0.3943687443118649,0.22747728383983487,0.35308023048809645,0.14953271028037382,,0.06444444444444444,0.051111111111111114,0.4807283924806589
2025-03-03,4.0,12.063,2.0,109,27,True,4.285714285714286,41.98485714285663,0.3516483516483517,0.3846153846153846,0.2593308967437797,0.4341926729986432,0.3569454959305549,64.30545040694452,63.40548660633138,Watch,0.36594513393668615,0,1.0,1.0,0.0,0.0,0.38316262271828205,0.2195670803620117,0.3466531901623651,0.14953271028037382,,0.06444444444444444,0.051111111111111114,0.4807283924806589
2025-03-04,17.0,77.588,2.0,114,31,True,6.714285714285714,53.06885714285663,0.3516483516483516,0.6025641025641026,0.3277942393658019,0.4341926729986431,0.4864588576915205,51.35411423084795,60.00873184368763,Watch,0.39991268156312376,0,1.0,1.0,0.0,0.0,0.41203503820075404,0.23994760893787426,0.36321236963025344,0.14953271028037382,,0.06444444444444444,0.051111111111111114,0.4807283924806589
2025-03-05,12.0,88.291,3.0,169,47,True,6.571428571428571,40.92957142857091,0.7054945054945054,0.5897435897435898,0.2528126373228784,0.8710990502035278,0.5449353961093639,45.506460389063605,53.72200834228536,Warning,0.46277991657714634,0,1.0,1.0,0.0,0.0,0.46547218796267326,0.2776679499462878,0.39386014669958946,0.14953271028037382,,0.06444444444444444,0.051111111111111114,0.4807283924806589
2025-03-06,20.0,54.013,2.0,252,74,True,7.857142857142857,33.13642857142805,0.8417582417582417,0.7051282051282052,0.2046761694835661,1.0,0.6139669534091725,38.60330465908275,45.15462642633144,Warning,0.5484537357366857,0,1.0,1.0,0.0,0.0,0.5382949342482816,0.32907224144201136,0.43562613353986485,0.14953271028037382,,0.06444444444444444,0.051111111111111114,0.4807283924806589
2025-03-07,9.0,35.116,2.0,158,36,True,8.857142857142858,38.15299999999947,1.1538461538461535,0.7948717948717949,0.2356623882224811,1.0,0.6681346139026418,33.18653860973582,39.09876788596073,Critical,0.6090123211403926,1,1.0,1.0,0.0,0.0,0.5897697318414326,0.39397882125566414,0.47675558678131486,,0.6521739130434783,0.06444444444444444,0.051111111111111114,0.4807283924806589
2025-03-08,25.0,161.203,2.0,259,59,True,12.428571428571429,61.18199999999948,1.063736263736264,1.0,0.377907274296331,1.0,0.8133721822888993,18.66278177111007,30.150875013309555,Critical,0.6984912498669045,2,1.0,1.0,0.0,0.0,0.6658268212589676,0.47623760706299983,0.5319837073926322,,0.6521739130434783,0.06444444444444444,0.051111111111111114,0.4807283924806589
2025-03-09,0.0,0.0,0.0,175,46,True,12.428571428571429,61.18199999999948,1.3912087912087912,1.0,0.377907274296331,1.0,0.8133721822888993,18.66278177111007,23.504034050651992,Critical,0.7649596594934801,3,1.0,1.0,0.0,0.0,0.7223249694415569,0.5446900814103738,0.5759941999427307,,0.6521739130434783,0.06444444444444444,0.051111111111111114,0.4807283924806589
2025-03-10,2.0,0.0,1.0,155,40,True,12.142857142857142,59.45871428571377,0.8945054945054944,1.0,0.3672629310725147,1.0,0.8101788793217544,18.982112067824563,18.76922520334824,Critical,0.8123077479665176,4,1.0,1.0,0.0,0.0,0.7625708446436388,0.6016703630656248,0.6106835359304794,,0.9090909090909091,0.06444444444444444,0.051111111111111114,0.4807283924806589
2025-03-11,14.0,100.355,2.0,209,50,True,11.714285714285714,62.71114285714234,0.4549450549450549,1.0,0.3873524413250742,0.5617367706919946,0.7285530865359212,27.14469134640788,21.596528395114177,Critical,0.7840347160488582,5,1.0,1.0,0.0,0.0,0.7385387675136283,0.6132779724864578,0.6085075757277634,,0.9090909090909091,0.06444444444444444,0.051111111111111114,0.4807283924806589
2025-03-12,20.0,188.114,2.0,129,31,True,12.857142857142858,76.9715714285709,0.3494505494505495,1.0,0.4754358595154918,0.4314789687924017,0.7289265516131278,27.10734483868722,24.411382750973228,Critical,0.7558861724902677,6,1.0,1.0,0.0,0.0,0.7146125054888264,0.6249602749227321,0.6063923036000932,,0.9090909090909091,0.06444444444444444,0.051111111111111114,0.4807283924806589
2025-03-13,3.0,0.0,1.0,1084,8,True,10.428571428571429,69.25542857142806,0.7824175824175824,0.935897435897436,0.4277750031325037,0.9660786974219812,0.7894969583728653,21.050304162713477,25.100780115936196,Critical,0.7489921988406381,7,1.0,1.0,0.0,0.0,0.7087526278866412,0.6493953193043829,0.6146386343030417,,0.9090909090909091,0.06444444444444444,0.051111111111111114,0.4807283924806589
2025-03-14,3.0,0.0,2.0,852,20,True,9.571428571428571,64.23885714285663,0.632967032967033,0.858974358974359,0.3967887843935888,0.7815468113975579,0.7048331770847678,29.51668229152322,25.891443764307976,Critical,0.7410855623569202,8,1.0,1.0,0.0,0.0,0.7020319868754811,0.6732227659855807,0.6223912918743721,,0.88,0.06444444444444444,0.051111111111111114,0.4807283924806589
2025-03-15,0.0,0.0,0.0,24,8,True,6.0,41.20985714285662,0.2219780219780219,0.5384615384615384,0.2545438983197389,0.2740841248303934,0.4004107636927695,59.95892363072304,36.84197002831991,Critical,0.6315802997168009,9,1.0,1.0,0.0,0.0,0.6089525136313796,0.6360910369729377,0.5806146191944568,,0.9090909090909091,0.06444444444444444,0.051111111111111114,0.4807283924806589
2025-03-16,0.0,0.0,0.0,24,8,True,6.0,41.20985714285662,-0.345054945054945,0.5384615384615384,0.2545438983197389,0.4260515603799186,0.4308042508026746,56.91957491973254,48.798393613992936,Warning,0.5120160638600706,0,1.0,1.0,0.0,0.0,0.5073229131531588,0.30720963831604237,0.417862768500015,0.14953271028037382,,0.06444444444444444,0.051111111111111114,0.4807283924806589
2025-03-17,46.0,1543.615,3.0,490,146,True,12.285714285714286,261.7262857142852,-0.912087912087912,1.0,1.0,1.0,1.0,0.0,38.95949951681853,Critical,0.6104050048318147,1,1.0,1.0,0.0,0.0,0.5909535129791413,0.39481443147051737,0.47743452008088316,,0.6521739130434783,0.06444444444444444,0.051111111111111114,0.4807283924806589
2025-03-18,31.0,267.333,2.0,996,97,True,14.714285714285714,285.5802857142852,-0.032967032967033,1.0,1.0,0.0407055630936228,0.8081411126187246,19.185888738127545,25.368487885953368,Critical,0.7463151211404664,2,1.0,1.0,0.0,0.0,0.7064771118414953,0.504931929827137,0.5552978446384936,,0.6521739130434783,0.06444444444444444,0.051111111111111114,0.4807283924806589
2025-03-19,34.0,134.887,3.0,693,63,True,16.714285714285715,277.9764285714281,0.6615384615384614,1.0,1.0,0.8168249660786974,0.9633649932157397,3.663500678426046,7.616463138851199,Critical,0.923835368611488,3,1.0,1.0,0.0,0.0,0.8573693221918636,0.6400155068811785,0.6534461081377596,,0.9090909090909091,0.06444444444444444,0.051111111111111114,0.4807283924806589
2025-03-20,5.0,0.0,1.0,185,52,True,17.0,277.9764285714281,1.2153846153846155,1.0,1.0,1.0,1.0,0.0,7.616463138851199,Critical,0.923835368611488,4,1.0,1.0,0.0,0.0,0.8573693221918636,0.6685869354526071,0.6650532509949024,,0.88,0.06444444444444444,0.051111111111111114,0.4807283924806589
2025-03-21,0.0,0.0,0.0,162,40,True,16.571428571428573,277.9764285714281,1.1076923076923075,1.0,1.0,1.0,1.0,0.0,1.2211668928086843,Critical,0.9877883310719131,5,1.0,1.0,0.0,0.0,0.9117293402832249,0.7355301415002907,0.7078374630515025,,0.88,0.06444444444444444,0.051111111111111114,0.4807283924806589
2025-03-22,10.0,0.0,2.0,177,50,True,18.0,277.9764285714281,0.5604395604395603,1.0,1.0,0.6919945725915875,0.9383989145183176,6.160108548168242,2.0533695160560828,Critical,0.9794663048394392,6,1.0,0.0,0.0,0.0,0.9046556179856221,0.759108354332235,0.7153876181203143,,0.85,0.06444444444444444,0.051111111111111114,0.4807283924806589
2025-03-23,8.0,23.856,2.0,209,64,True,19.142857142857142,281.38442857142803,0.865934065934066,1.0,1.0,1.0,1.0,0.0,2.0533695160560828,Critical,0.9794663048394392,7,1.0,0.0,0.0,0.0,0.9046556179856221,0.7876797829036635,0.7269947609774572,,0.85,0.06444444444444444,0.051111111111111114,0.4807283924806589
2025-03-24,3.0,0.0,2.0,143,37,True,13.0,60.86799999999948,0.3560439560439561,1.0,0.3759677678380745,0.4396200814111263,0.7007143466336476,29.92856533663524,12.029557961601162,Critical,0.8797044203839883,8,1.0,0.0,0.0,0.0,0.8198580161984889,0.7563940808018215,0.6899679851625677,,0.85,0.06444444444444444,0.051111111111111114,0.4807283924806589
2025-03-25,12.0,10.968,2.0,258,64,True,10.285714285714286,24.244428571428053,-0.2659340659340659,0.9230769230769232,0.149752311436379,0.3283582089552238,0.5721357967604201,42.786420323957984,24.23832855353108,Critical,0.7576167144646893,9,0.0,0.0,0.0,0.0,0.7160834661670847,0.7117128858216707,0.6420573713840523,,0.88,0.06444444444444444,0.051111111111111114,0.4807283924806589
2025-03-26,4.0,0.0,2.0,225,60,True,6.0,4.974857142856623,-0.2395604395604395,0.5384615384615384,0.0307285591002352,0.2957937584803256,0.3376080886569049,66.23919113430952,46.318058931634255,Warning,0.5368194106836575,0,0.0,0.0,0.0,0.0,0.5284057579532077,0.32209164641019444,0.42995440007651364,0.14953271028037382,,0.06444444444444444,0.051111111111111114,0.4807283924806589
2025-03-27,2.0,0.0,1.0,201,52,True,5.571428571428571,4.974857142856623,-0.2351648351648351,0.5,0.0307285591002352,0.2903663500678425,0.3172918377436391,68.27081622563608,59.098809227967855,Warning,0.4090119077203215,0,0.0,0.0,0.0,0.0,0.4197693804343721,0.24540714463219288,0.3676482423818873,0.14953271028037382,,0.06444444444444444,0.051111111111111114,0.4807283924806589
2025-03-28,10.0,11.241,2.0,221,49,True,7.0,6.580714285713766,-0.7780219780219781,0.6282051282051282,0.0406475727932567,0.9606512890094984,0.5184270937424408,48.15729062575592,60.88909932856718,Watch,0.39110900671432824,0,0.0,0.0,0.0,0.0,0.40455191457927786,0.23466540402859692,0.3589205781414656,0.14953271028037382,,0.06444444444444444,0.051111111111111114,0.4807283924806589
2025-03-29,5.0,0.0,2.0,166,48,True,6.285714285714286,6.580714285713766,-1.0879120879120878,0.5641025641025641,0.0406475727932567,1.0,0.4942455538892591,50.57544461107408,55.6678504874887,Warning,0.443321495125113,0,0.0,0.0,0.0,0.0,0.4489325297284449,0.2659928970750678,0.38437416624172316,0.14953271028037382,,0.06444444444444444,0.051111111111111114,0.4807283924806589
2025-03-30,8.0,0.0,2.0,162,46,True,6.285714285714286,3.172714285713766,-1.6703296703296706,0.5641025641025641,0.0195971332717977,1.0,0.4879304220328214,51.206957796717866,49.979897677849294,Warning,0.5002010232215071,0,0.0,0.0,0.0,0.0,0.49728012861037985,0.30012061393290423,0.4121029361887153,0.14953271028037382,,0.06444444444444444,0.051111111111111114,0.4807283924806589
2025-03-31,10.0,23.308,2.0,159,41,True,7.285714285714286,6.502428571428051,-2.189010989010989,0.6538461538461539,0.0401640197727269,1.0,0.5389722828548951,46.102771714510496,49.295058040767486,Warning,0.5070494195923252,0,1.0,0.0,0.0,0.0,0.5031012655255752,0.3042296517553951,0.41544152941948914,0.14953271028037382,,0.06444444444444444,0.051111111111111114,0.4807283924806589
2025-04-01,8.0,10.968,2.0,159,47,True,6.714285714285714,6.502428571428051,-1.1692307692307693,0.6025641025641026,0.0401640197727269,1.0,0.5133312572138694,48.66687427861306,48.65886792994714,Warning,0.5134113207005286,0,1.0,0.0,0.0,0.0,0.5085088814675481,0.3080467924203172,0.4185429562097383,0.14953271028037382,,0.06444444444444444,0.051111111111111114,0.4807283924806589
2025-04-02,9.0,146.12900000000002,2.0,2377,90,True,7.428571428571429,27.37799999999948,-0.5428571428571428,0.6666666666666667,0.1691076681979151,0.6702849389416554,0.5181226215810391,48.187737841896094,47.65246127833989,Warning,0.5234753872166011,0,1.0,0.0,0.0,0.0,0.5170633380062097,0.31408523232996066,0.4234491886363237,0.14953271028037382,,0.06444444444444444,0.051111111111111114,0.4807283924806589
2025-04-03,6.0,10.965,2.0,530,64,True,8.0,28.94442857142805,0.3120879120879121,0.717948717948718,0.1787831405886259,0.3853459972862958,0.4896785006082059,51.032149939179405,49.29558735322953,Warning,0.5070441264677047,0,1.0,1.0,0.0,0.0,0.5030967663696478,0.3042264758806228,0.4154389490212366,0.14953271028037382,,0.06444444444444444,0.051111111111111114,0.4807283924806589
2025-04-04,13.0,172.44899999999998,2.0,217,67,True,8.428571428571429,51.97414285714234,0.2351648351648351,0.7564102564102565,0.3210324386425901,0.2903663500678425,0.5325881298114739,46.74118701885261,48.65369159997604,Warning,0.5134630840002397,0,1.0,1.0,0.0,0.0,0.5085528802723025,0.3080778504001438,0.41856819081834745,0.14953271028037382,,0.06444444444444444,0.051111111111111114,0.4807283924806589
2025-04-05,6.0,0.0,2.0,143,38,True,8.571428571428571,51.97414285714234,0.189010989010989,0.7692307692307693,0.3210324386425901,0.2333785617367707,0.5276008285555158,47.23991714444842,48.33775136749349,Warning,0.5166224863250651,0,1.0,1.0,0.0,0.0,0.5112383722484042,0.3099734917950391,0.42010839945169987,0.14953271028037382,,0.06444444444444444,0.051111111111111114,0.4807283924806589
2025-04-06,19.0,133.496,2.0,227,74,True,10.142857142857142,71.04499999999949,0.2153846153846154,0.9102564102564102,0.4388287781109292,0.265943012211669,0.6399654410038177,36.00345589961823,43.32818668763976,Warning,0.5667181331236024,0,1.0,1.0,0.0,0.0,0.5538196720271609,0.3400308798741614,0.4445300272659868,0.14953271028037382,,0.06444444444444444,0.051111111111111114,0.4807283924806589
2025-04-07,28.0,966.732,3.0,386,133,True,12.714285714285714,205.81985714285665,0.5648351648351648,1.0,1.0,0.6974219810040706,0.939484396200814,6.051560379918586,29.76497780799508,Critical,0.7023502219200493,1,1.0,1.0,0.0,0.0,0.6691069475041407,0.4499815617234581,0.5222578134113975,,0.6521739130434783,0.06444444444444444,0.051111111111111114,0.4807283924806589
2025-04-08,25.0,145.577,2.0,348,94,True,15.142857142857142,225.0497142857137,0.9582417582417584,1.0,1.0,1.0,1.0,0.0,14.01833875984561,Critical,0.8598166124015438,2,1.0,1.0,0.0,0.0,0.802953379413411,0.5730328245837835,0.6106298216282688,,0.9090909090909091,0.06444444444444444,0.051111111111111114,0.4807283924806589
2025-04-09,35.0,169.69299999999998,2.0,274,73,True,18.857142857142858,228.41599999999949,1.4527472527472525,1.0,1.0,1.0,1.0,0.0,2.0171867933062,Critical,0.979828132066938,3,1.0,1.0,0.0,0.0,0.9049631711289962,0.6736111649544485,0.6807425803222914,,0.88,0.06444444444444444,0.051111111111111114,0.4807283924806589
2025-04-10,26.0,131.319,2.0,262,69,True,21.714285714285715,245.60942857142803,1.912087912087912,1.0,1.0,1.0,1.0,0.0,0.0,Critical,1.0,4,1.0,1.0,0.0,0.0,0.9221092588720988,0.7142857142857143,0.702183508796802,,0.88,0.06444444444444444,0.051111111111111114,0.4807283924806589
2025-04-11,15.0,12.072,2.0,252,62,True,22.0,222.69842857142808,1.912087912087912,1.0,1.0,1.0,1.0,0.0,0.0,Critical,1.0,5,1.0,1.0,0.0,0.0,0.9221092588720988,0.7428571428571429,0.713790651653945,,0.88,0.06444444444444444,0.051111111111111114,0.4807283924806589
2025-04-12,28.0,285.397,2.0,291,92,True,25.142857142857142,263.46942857142807,1.756043956043956,1.0,1.0,1.0,1.0,0.0,0.0,Critical,1.0,6,1.0,1.0,0.0,0.0,0.9221092588720988,0.7714285714285714,0.7253977945110878,,0.85,0.06444444444444444,0.051111111111111114,0.4807283924806589
2025-04-13,31.0,233.853,2.0,332,98,True,26.857142857142858,277.80614285714233,1.7846153846153847,1.0,1.0,1.0,1.0,0.0,0.0,Critical,1.0,7,1.0,1.0,0.0,0.0,0.9221092588720988,0.8,0.7370049373682306,,0.85,0.06444444444444444,0.051111111111111114,0.4807283924806589
2025-04-14,40.0,168.34,2.0,378,111,True,28.571428571428573,163.75014285714232,1.8967032967032968,1.0,1.0,1.0,1.0,0.0,0.0,Critical,1.0,8,1.0,1.0,0.0,0.0,0.9221092588720988,0.8285714285714285,0.7486120802253734,,0.85,0.06444444444444444,0.051111111111111114,0.4807283924806589
2025-04-15,42.0,143.401,2.0,330,96,True,31.0,163.4392857142852,2.230769230769231,1.0,1.0,1.0,1.0,0.0,0.0,Critical,1.0,9,1.0,1.0,0.0,0.0,0.9221092588720988,0.8571428571428572,0.7602192230825163,,0.9523809523809523,0.06444444444444444,0.051111111111111114,0.4807283924806589
2025-04-16,44.0,169.686,2.0,347,103,True,32.285714285714285,163.4382857142852,2.424175824175824,1.0,1.0,1.0,1.0,0.0,0.0,Critical,1.0,10,1.0,1.0,0.0,0.0,0.9221092588720988,0.8857142857142857,0.7718263659396593,,0.9523809523809523,0.06444444444444444,0.051111111111111114,0.4807283924806589
2025-04-17,31.0,222.638,2.0,281,85,True,33.0,176.4838571428566,2.558241758241758,1.0,1.0,1.0,1.0,0.0,0.0,Critical,1.0,11,1.0,1.0,0.0,0.0,0.9221092588720988,0.9142857142857143,0.7834335087968021,,0.9523809523809523,0.06444444444444444,0.051111111111111114,0.4807283924806589
2025-04-18,50.0,454.787,3.0,432,138,True,38.0,239.7288571428566,2.068131868131868,1.0,1.0,1.0,1.0,0.0,0.0,Critical,1.0,12,1.0,1.0,0.0,0.0,0.9221092588720988,0.9428571428571428,0.7950406516539449,,0.8636363636363636,0.06444444444444444,0.051111111111111114,0.4807283924806589
2025-04-19,37.0,225.638,3.0,373,113,True,39.285714285714285,231.1918571428566,2.2417582417582413,1.0,1.0,1.0,1.0,0.0,0.0,Critical,1.0,13,1.0,1.0,0.0,0.0,0.9221092588720988,0.9714285714285714,0.8066477945110878,,0.8636363636363636,0.06444444444444444,0.051111111111111114,0.4807283924806589
2025-04-20,41.0,576.321,3.0,380,111,True,40.71428571428572,280.1158571428566,1.6505494505494505,1.0,1.0,1.0,1.0,0.0,0.0,Critical,1.0,14,1.0,1.0,0.0,0.0,0.9221092588720988,1.0,0.8182549373682306,,0.7727272727272727,0.06444444444444444,0.051111111111111114,0.4807283924806589
2025-04-21,28.0,171.341,2.0,301,92,True,39.0,280.5445714285709,1.4659340659340658,1.0,1.0,1.0,1.0,0.0,0.0,Critical,1.0,15,1.0,1.0,0.0,0.0,0.9221092588720988,1.0,0.8182549373682306,,0.7727272727272727,0.06444444444444444,0.051111111111111114,0.4807283924806589
2025-04-22,37.0,203.443,2.0,314,86,True,38.285714285714285,289.12199999999945,1.1098901098901095,1.0,1.0,1.0,1.0,0.0,0.0,Critical,1.0,16,1.0,1.0,0.0,0.0,0.9221092588720988,1.0,0.8182549373682306,,0.7727272727272727,0.06444444444444444,0.051111111111111114,0.4807283924806589
2025-04-23,39.0,366.588,2.0,389,102,True,37.57142857142857,317.2508571428566,0.912087912087912,1.0,1.0,1.0,1.0,0.0,0.0,Critical,1.0,17,1.0,1.0,0.0,0.0,0.9221092588720988,1.0,0.8182549373682306,,0.7727272727272727,0.06444444444444444,0.051111111111111114,0.4807283924806589
2025-04-24,28.0,132.156,2.0,348,106,True,37.142857142857146,304.3248571428566,1.0483516483516482,1.0,1.0,1.0,1.0,0.0,0.0,Critical,1.0,18,1.0,1.0,0.0,0.0,0.9221092588720988,1.0,0.8182549373682306,,0.7727272727272727,0.06444444444444444,0.051111111111111114,0.4807283924806589
2025-04-25,34.0,155.744,2.0,369,119,True,34.857142857142854,261.60442857142806,0.556043956043956,1.0,1.0,0.6865671641791045,0.9373134328358208,6.268656716417908,2.089552238805974,Critical,0.9791044776119403,19,1.0,1.0,0.0,0.0,0.9043480648422481,0.9874626865671642,0.8080683702040515,,0.8636363636363636,0.06444444444444444,0.051111111111111114,0.4807283924806589
2025-04-26,32.0,277.739,2.0,299,85,True,34.142857142857146,269.04742857142804,-0.1362637362637362,1.0,1.0,0.1682496607869741,0.8336499321573949,16.635006784260508,7.634554500226144,Critical,0.9236544549977386,20,1.0,1.0,0.0,0.0,0.8572155456201767,0.9541926729986432,0.7810364841796282,,0.8636363636363636,0.06444444444444444,0.051111111111111114,0.4807283924806589
2025-04-27,38.0,237.977,2.0,302,93,True,33.714285714285715,220.71257142857093,-0.5406593406593406,1.0,1.0,0.6675712347354139,0.9335142469470828,6.648575305291715,9.850746268656716,Critical,0.9014925373134328,21,1.0,1.0,0.0,0.0,0.8383779155885167,0.9408955223880597,0.7702325493085291,,0.8636363636363636,0.06444444444444444,0.051111111111111114,0.4807283924806589
2025-04-28,21.0,173.565,2.0,187,54,True,32.714285714285715,221.0302857142852,-0.6923076923076923,1.0,1.0,0.8548168249660788,0.9709633649932158,2.9036635006784217,8.72908186341022,Critical,0.9127091813658978,22,1.0,1.0,0.0,0.0,0.847912063033112,0.9476255088195387,0.7757006632841058,,0.8636363636363636,0.06444444444444444,0.051111111111111114,0.4807283924806589
2025-04-29,31.0,107.207,2.0,327,90,True,31.857142857142858,207.2822857142852,-1.0637362637362635,1.0,1.0,1.0,1.0,0.0,3.18407960199005,Critical,0.9681592039800995,23,1.0,1.0,0.0,0.0,0.8950445822551834,0.9808955223880597,0.8027325493085291,,0.8636363636363636,0.06444444444444444,0.051111111111111114,0.4807283924806589
2025-04-30,39.0,143.923,3.0,358,112,True,31.857142857142858,175.47299999999947,-1.0,1.0,1.0,1.0,1.0,0.0,0.9678878335594786,Critical,0.9903211216644052,24,1.0,1.0,0.0,0.0,0.9138822122868433,0.9941926729986431,0.8135364841796281,,0.7727272727272727,0.06444444444444444,0.051111111111111114,0.4807283924806589
2025-05-01,32.0,294.739,2.0,343,109,True,32.42857142857143,198.6991428571423,-0.5934065934065934,1.0,1.0,0.7327001356852104,0.946540027137042,5.345997286295789,1.7819990954319345,Critical,0.9821800090456807,25,1.0,1.0,0.0,0.0,0.9069622665609274,0.9893080054274084,0.8095676917779999,,0.7727272727272727,0.06444444444444444,0.051111111111111114,0.4807283924806589
2025-05-02,77.0,1400.811,3.0,568,170,True,38.57142857142857,376.5658571428567,-0.7934065934065933,1.0,1.0,0.9796472184531886,0.9959294436906376,0.4070556309362261,1.9176843057440096,Critical,0.98082315694256,26,1.0,1.0,0.0,0.0,0.9058089422732748,0.988493894165536,0.8089062263777286,,0.7727272727272727,0.06444444444444444,0.051111111111111114,0.4807283924806589
2025-05-03,82.0,1229.199,2.0,635,221,True,45.71428571428572,512.4887142857139,0.9142857142857144,1.0,1.0,1.0,1.0,0.0,1.9176843057440096,Critical,0.98082315694256,27,1.0,1.0,0.0,0.0,0.9058089422732748,0.988493894165536,0.8089062263777286,,0.7727272727272727,0.06444444444444444,0.051111111111111114,0.4807283924806589
2025-05-04,19.0,172.474,4.0,168,49,True,43.0,503.1311428571424,2.2175824175824177,1.0,1.0,1.0,1.0,0.0,0.1356852103120801,Critical,0.9986431478968792,28,1.0,1.0,0.0,0.0,0.9209559345844461,0.9991858887381275,0.8175934719679593,,0.7727272727272727,0.06444444444444444,0.051111111111111114,0.4807283924806589
2025-05-05,2.0,0.0,1.0,76,22,True,40.285714285714285,478.3361428571424,1.6549450549450546,1.0,1.0,1.0,1.0,0.0,0.0,Critical,1.0,29,1.0,1.0,0.0,0.0,0.9221092588720988,1.0,0.8182549373682306,,0.7727272727272727,0.06444444444444444,0.051111111111111114,0.4807283924806589
2025-05-06,0.0,0.0,0.0,53,16,True,35.857142857142854,463.02085714285664,0.2747252747252747,1.0,1.0,0.3392130257801899,0.8678426051560381,13.215739484396194,4.405246494798736,Critical,0.9559475350520127,30,1.0,1.0,0.0,0.0,0.8846646636663096,0.9735685210312076,0.7967793607060868,,0.8636363636363636,0.06444444444444444,0.051111111111111114,0.4807283924806589
2025-05-07,2.0,0.0,1.0,55,16,True,30.571428571428573,442.46042857142805,-0.7516483516483515,1.0,1.0,0.9280868385345996,0.98561736770692,1.438263229308001,4.884667571234736,Critical,0.9511533242876526,31,1.0,1.0,0.0,0.0,0.8805895845166036,0.9706919945725916,0.7944421829584614,,0.8636363636363636,0.06444444444444444,0.051111111111111114,0.4807283924806589
2025-05-08,1.0,0.0,1.0,97,23,True,26.142857142857142,400.3548571428566,-1.4923076923076923,1.0,1.0,1.0,1.0,0.0,4.884667571234736,Critical,0.9511533242876526,32,1.0,1.0,0.0,0.0,0.8805895845166036,0.9706919945725916,0.7944421829584614,,0.8636363636363636,0.06444444444444444,0.051111111111111114,0.4807283924806589
2025-05-09,13.0,28.791,5.0,124,29,True,17.0,204.35199999999955,-2.4615384615384617,1.0,1.0,1.0,1.0,0.0,0.4794210764360051,Critical,0.99520578923564,33,1.0,1.0,0.0,0.0,0.9180341797223928,0.997123473541384,0.8159177596206051,,0.7727272727272727,0.06444444444444444,0.051111111111111114,0.4807283924806589
2025-05-10,0.0,0.0,0.0,60,20,True,5.285714285714286,28.752142857142367,-2.771428571428572,0.4743589743589744,0.1775954355418503,1.0,0.4904581178420423,50.95418821579577,16.98472940526526,Critical,0.8301527059473475,34,1.0,1.0,0.0,0.0,0.7777390589273442,0.8980916235684084,0.7354543815175625,,0.9523809523809523,0.06444444444444444,0.051111111111111114,0.4807283924806589
2025-05-11,0.0,0.0,0.0,54,18,True,2.571428571428572,4.112999999999513,-3.426373626373626,0.2307692307692308,0.025405063894293,1.0,0.3230061345529033,67.69938654470965,39.551191586835145,Critical,0.6044880841316486,35,1.0,1.0,0.0,0.0,0.5859241303840002,0.7626928504789892,0.6254428783824093,,0.85,0.06444444444444444,0.051111111111111114,0.4807283924806589
2025-05-12,0.0,0.0,0.0,48,16,True,2.2857142857142856,4.112999999999513,-3.7428571428571433,0.2051282051282051,0.025405063894293,1.0,0.3101856217323905,68.98143782676095,62.54500419575546,Watch,0.3745499580424454,0,1.0,1.0,0.0,0.0,0.39047672320817745,0.22472997482546722,0.3508480419139227,0.14953271028037382,,0.06444444444444444,0.051111111111111114,0.4807283924806589
2025-05-13,32.0,136.012,3.0,652,63,True,6.857142857142857,23.543285714285226,-4.452747252747253,0.6153846153846154,0.1454215117561595,1.0,0.5513187612191556,44.86812387808444,60.51631608318502,Watch,0.3948368391681498,0,1.0,1.0,0.0,0.0,0.40772057216502616,0.2369021035008899,0.36073789646270366,0.14953271028037382,,0.06444444444444444,0.051111111111111114,0.4807283924806589
2025-05-14,35.0,155.491,2.0,368,103,True,11.571428571428571,45.75628571428523,-3.8263736263736257,1.0,0.2826261517474065,1.0,0.7847878455242219,21.521215447577813,45.12359238414107,Warning,0.5487640761585892,0,1.0,1.0,0.0,0.0,0.5385587236068997,0.32925844569515356,0.43577742449554285,0.14953271028037382,,0.06444444444444444,0.051111111111111114,0.4807283924806589
2025-05-15,36.0,349.326,2.0,414,120,True,16.571428571428573,95.65999999999951,-2.8549450549450546,1.0,0.5908700248306225,1.0,0.8772610074491867,12.273899255081332,26.221079526914533,Critical,0.7377892047308547,1,1.0,1.0,0.0,0.0,0.6992300828933253,0.47124495140994144,0.5395343175316651,,0.6521739130434783,0.06444444444444444,0.051111111111111114,0.4807283924806589
2025-05-16,12.0,126.121,2.0,262,78,True,16.428571428571427,109.56428571428522,-2.0681318681318674,1.0,0.6767536297360386,1.0,0.9030260889208116,9.69739110791885,14.497501936859337,Critical,0.8550249806314066,2,1.0,1.0,0.0,0.0,0.7988804924087944,0.5701578455217011,0.608293901140327,,0.9090909090909091,0.06444444444444444,0.051111111111111114,0.4807283924806589
2025-05-17,17.0,132.973,2.0,252,77,True,18.857142857142858,128.56042857142808,-0.5010989010989004,1.0,0.7940884760844195,0.6187245590230658,0.8619714546299391,13.802854537006093,11.924714966668764,Critical,0.8807528503333124,3,1.0,1.0,0.0,0.0,0.8207491816554143,0.6141659959142731,0.632443380477149,,0.9090909090909091,0.06444444444444444,0.051111111111111114,0.4807283924806589
2025-05-18,34.0,327.069,2.0,351,102,True,23.714285714285715,175.28457142857093,1.659340659340659,1.0,1.0,1.0,1.0,0.0,7.833415214974987,Critical,0.9216658478502502,4,1.0,1.0,0.0,0.0,0.8555252295448115,0.6672852229958645,0.6639956096237989,,0.9090909090909091,0.06444444444444444,0.051111111111111114,0.4807283924806589
2025-05-19,39.0,248.691,2.0,378,110,True,29.285714285714285,210.81185714285667,2.5142857142857142,1.0,1.0,1.0,1.0,0.0,4.600951512335369,Critical,0.9539904848766463,5,1.0,1.0,0.0,0.0,0.8830011710172482,0.7152514337831306,0.6913610130313099,,0.88,0.06444444444444444,0.051111111111111114,0.4807283924806589
2025-05-20,57.0,500.905,2.0,465,137,True,32.857142857142854,262.9394285714281,2.8857142857142857,1.0,1.0,1.0,1.0,0.0,0.0,Critical,1.0,6,1.0,1.0,0.0,0.0,0.9221092588720988,0.7714285714285714,0.7253977945110878,,0.85,0.06444444444444444,0.051111111111111114,0.4807283924806589
2025-05-21,32.0,180.422,2.0,361,107,True,32.42857142857143,266.5009999999995,3.542857142857143,1.0,1.0,1.0,1.0,0.0,0.0,Critical,1.0,7,1.0,1.0,0.0,0.0,0.9221092588720988,0.8,0.7370049373682306,,0.85,0.06444444444444444,0.051111111111111114,0.4807283924806589
2025-05-22,29.0,209.7,2.0,319,110,True,31.428571428571427,246.5544285714281,3.301098901098901,1.0,1.0,1.0,1.0,0.0,0.0,Critical,1.0,8,1.0,1.0,0.0,0.0,0.9221092588720988,0.8285714285714285,0.7486120802253734,,0.85,0.06444444444444444,0.051111111111111114,0.4807283924806589
2025-05-23,0.0,0.0,0.0,49,18,True,29.714285714285715,228.5371428571424,2.8087912087912086,1.0,1.0,1.0,1.0,0.0,0.0,Critical,1.0,9,1.0,1.0,0.0,0.0,0.9221092588720988,0.8571428571428572,0.7602192230825163,,0.9523809523809523,0.06444444444444444,0.051111111111111114,0.4807283924806589
2025-05-24,0.0,0.0,0.0,66,22,True,27.285714285714285,209.5409999999995,1.7604395604395606,1.0,1.0,1.0,1.0,0.0,0.0,Critical,1.0,10,1.0,1.0,0.0,0.0,0.9221092588720988,0.8857142857142857,0.7718263659396593,,0.9523809523809523,0.06444444444444444,0.051111111111111114,0.4807283924806589
2025-05-25,2.0,11.518,2.0,65,24,True,22.714285714285715,164.46228571428523,0.340659340659341,1.0,1.0,0.420624151967436,0.8841248303934872,11.587516960651278,3.862505653550431,Critical,0.9613749434644957,11,1.0,1.0,0.0,0.0,0.8892779608169201,0.8911106803644117,0.7646037937357437,,0.9523809523809523,0.06444444444444444,0.051111111111111114,0.4807283924806589
2025-05-26,66.0,415.672,2.0,433,109,True,26.571428571428573,188.31671428571377,-1.021978021978022,1.0,1.0,1.0,1.0,0.0,3.862505653550431,Critical,0.9613749434644957,12,1.0,1.0,0.0,0.0,0.8892779608169201,0.9196821089358402,0.7762109365928866,,0.9523809523809523,0.06444444444444444,0.051111111111111114,0.4807283924806589
2025-05-27,21.0,160.937,2.0,290,87,True,21.428571428571427,139.74985714285663,-0.5648351648351649,1.0,0.8632030269713157,0.6974219810040708,0.8984453042922089,10.155469570779108,7.247662177143467,Critical,0.9275233782285653,13,1.0,1.0,0.0,0.0,0.8605041303663794,0.9279425983657106,0.7713154413975134,,0.8636363636363636,0.06444444444444444,0.051111111111111114,0.4807283924806589
2025-05-28,38.0,157.382,2.0,330,97,True,22.285714285714285,136.4584285714281,-0.6285714285714284,1.0,0.8428726226045145,0.7761194029850745,0.9080856673783692,9.191433262163072,6.448967610980732,Critical,0.9355103238901927,14,1.0,1.0,0.0,0.0,0.8672930341787627,0.9613061943341157,0.7868162202646996,,0.8636363636363636,0.06444444444444444,0.051111111111111114,0.4807283924806589
2025-05-29,37.0,427.458,2.0,395,120,True,23.428571428571427,167.5667142857138,-0.0593406593406594,1.0,1.0,0.0732700135685211,0.8146540027137043,18.534599728629576,12.627167520523924,Critical,0.8737283247947607,15,1.0,1.0,0.0,0.0,0.8147783349476454,0.9242369948768564,0.7566974957056765,,0.9523809523809523,0.06444444444444444,0.051111111111111114,0.4807283924806589
2025-05-30,57.0,342.162,3.0,402,124,True,31.571428571428573,216.44699999999952,0.5010989010989011,1.0,1.0,0.6187245590230666,0.9237449118046134,7.625508819538663,11.783847270110442,Critical,0.8821615272988956,16,1.0,1.0,0.0,0.0,0.8219465570761602,0.9292969163793374,0.7608086819264422,,0.8636363636363636,0.06444444444444444,0.051111111111111114,0.4807283924806589
2025-05-31,65.0,520.656,2.0,534,173,True,40.85714285714285,290.8264285714281,0.8373626373626373,1.0,1.0,1.0,1.0,0.0,8.720036182722751,Critical,0.9127996381727725,17,1.0,1.0,0.0,0.0,0.8479889513189555,0.9476797829036635,0.7757447609774573,,0.8636363636363636,0.06444444444444444,0.051111111111111114,0.4807283924806589
2025-06-01,67.0,815.082,2.0,500,151,True,50.142857142857146,405.6212857142852,1.3692307692307693,1.0,1.0,1.0,1.0,0.0,2.541836273179559,Critical,0.9745816372682045,18,1.0,1.0,0.0,0.0,0.9005036505500726,0.9847489823609227,0.8058634855364802,,0.8636363636363636,0.06444444444444444,0.051111111111111114,0.4807283924806589
2025-06-02,64.0,319.99,2.0,399,119,True,49.85714285714285,391.9524285714281,2.3076923076923075,1.0,1.0,1.0,1.0,0.0,0.0,Critical,1.0,19,1.0,1.0,0.0,0.0,0.9221092588720988,1.0,0.8182549373682306,,0.7727272727272727,0.06444444444444444,0.051111111111111114,0.4807283924806589
2025-06-03,33.0,121.445,2.0,313,92,True,51.57142857142857,386.3107142857138,3.18021978021978,1.0,1.0,1.0,1.0,0.0,0.0,Critical,1.0,20,1.0,1.0,0.0,0.0,0.9221092588720988,1.0,0.8182549373682306,,0.7727272727272727,0.06444444444444444,0.051111111111111114,0.4807283924806589
2025-06-04,59.0,873.249,4.0,443,125,True,54.57142857142857,488.5774285714281,3.6505494505494505,1.0,1.0,1.0,1.0,0.0,0.0,Critical,1.0,21,1.0,1.0,0.0,0.0,0.9221092588720988,1.0,0.8182549373682306,,0.7727272727272727,0.06444444444444444,0.051111111111111114,0.4807283924806589
2025-06-05,86.0,6545.362,5.0,789,169,True,61.57142857142857,1362.5637142857138,4.1450549450549445,1.0,1.0,1.0,1.0,0.0,0.0,Critical,1.0,22,1.0,1.0,0.0,0.0,0.9221092588720988,1.0,0.8182549373682306,,0.7727272727272727,0.06444444444444444,0.051111111111111114,0.4807283924806589
2025-06-06,0.0,0.0,0.0,0,0,False,53.42857142857143,1313.683428571428,5.193406593406593,1.0,1.0,1.0,1.0,0.0,0.0,Inactive,1.0,0,1.0,1.0,0.0,0.0,0.9221092588720988,0.6,0.6557549373682307,0.14953271028037382,,0.06444444444444444,0.051111111111111114,0.4807283924806589
2025-06-07,0.0,0.0,0.0,30,10,True,44.142857142857146,1239.3039999999996,2.5780219780219777,1.0,1.0,1.0,1.0,0.0,0.0,Critical,1.0,1,1.0,1.0,0.0,0.0,0.9221092588720988,0.6285714285714286,0.6673620802253735,,0.9090909090909091,0.06444444444444444,0.051111111111111114,0.4807283924806589
2025-06-08,0.0,0.0,0.0,54,18,True,34.57142857142857,1122.863714285714,-0.0373626373626373,1.0,1.0,0.0461329715061057,0.8092265943012212,19.07734056987788,6.35911352329263,Critical,0.9364088647670736,2,1.0,1.0,0.0,0.0,0.8680567939241114,0.6189881760031013,0.6479685446564647,,0.9090909090909091,0.06444444444444444,0.051111111111111114,0.4807283924806589
2025-06-09,21.0,288.714,3.0,482,123,True,28.428571428571427,1118.395714285714,-2.586813186813187,1.0,1.0,1.0,1.0,0.0,6.35911352329263,Critical,0.9364088647670736,3,1.0,1.0,0.0,0.0,0.8680567939241114,0.6475596045745299,0.6595756875136076,,0.9090909090909091,0.06444444444444444,0.051111111111111114,0.4807283924806589
2025-06-10,44.0,154.313,2.0,395,120,True,30.0,1123.0911428571424,-2.417582417582417,1.0,1.0,1.0,1.0,0.0,6.35911352329263,Critical,0.9364088647670736,4,1.0,1.0,0.0,0.0,0.8680567939241114,0.6761310331459585,0.6711828303707504,,0.88,0.06444444444444444,0.051111111111111114,0.4807283924806589
2025-06-11,30.0,183.98,2.0,331,101,True,25.857142857142858,1024.6241428571425,-2.876923076923077,1.0,1.0,1.0,1.0,0.0,0.0,Critical,1.0,5,1.0,1.0,0.0,0.0,0.9221092588720988,0.7428571428571429,0.713790651653945,,0.88,0.06444444444444444,0.051111111111111114,0.4807283924806589
2025-06-12,32.0,282.669,2.0,348,96,True,18.142857142857142,129.9537142857139,-3.276923076923076,1.0,0.8026944844954189,1.0,0.9408083453486256,5.919165465137444,1.9730551550458195,Critical,0.9802694484495418,6,1.0,1.0,0.0,0.0,0.9053382900542093,0.7595902404982964,0.7157791506302393,,0.85,0.06444444444444444,0.051111111111111114,0.4807283924806589
2025-06-13,29.0,143.397,2.0,304,88,True,22.285714285714285,150.4389999999996,-3.6175824175824176,1.0,0.9292274269861408,1.0,0.9787682280958424,2.1231771904157704,2.6807808851844093,Critical,0.9731921911481559,7,1.0,1.0,0.0,0.0,0.8993226213480313,0.7839153146888935,0.7239361305529566,,0.85,0.06444444444444444,0.051111111111111114,0.4807283924806589
2025-06-14,32.0,106.933,2.0,314,96,True,26.857142857142858,165.71514285714244,-3.3626373626373622,1.0,1.0,1.0,1.0,0.0,2.6807808851844093,Critical,0.9731921911481559,8,1.0,1.0,0.0,0.0,0.8993226213480313,0.8124867432603221,0.7355432734100995,,0.85,0.06444444444444444,0.051111111111111114,0.4807283924806589
2025-06-15,34.0,283.488,2.0,418,117,True,31.714285714285715,206.21342857142812,-2.635164835164835,1.0,1.0,1.0,1.0,0.0,0.7077257301385949,Critical,0.992922742698614,9,1.0,1.0,0.0,0.0,0.9160935901659207,0.8528965027620257,0.7567690601480908,,0.9523809523809523,0.06444444444444444,0.051111111111111114,0.4807283924806589
2025-06-16,27.0,197.127,2.0,427,107,True,32.57142857142857,193.12957142857107,-1.6395604395604395,1.0,1.0,1.0,1.0,0.0,0.0,Critical,1.0,10,1.0,1.0,0.0,0.0,0.9221092588720988,0.8857142857142857,0.7718263659396593,,0.9523809523809523,0.06444444444444444,0.051111111111111114,0.4807283924806589
2025-06-17,21.0,96.235,2.0,282,73,True,29.285714285714285,184.83271428571388,-0.7978021978021977,1.0,1.0,0.9850746268656716,0.9970149253731344,0.2985074626865591,0.0995024875621911,Critical,0.9990049751243781,11,1.0,1.0,0.0,0.0,0.9212634877278203,0.9136886993603411,0.7829484341699364,,0.9523809523809523,0.06444444444444444,0.051111111111111114,0.4807283924806589
2025-06-18,15.0,109.114,3.0,308,79,True,27.142857142857142,174.13757142857102,-0.9868131868131867,1.0,1.0,1.0,1.0,0.0,0.0995024875621911,Critical,0.9990049751243781,12,1.0,1.0,0.0,0.0,0.9212634877278203,0.9422601279317697,0.7945555770270794,,0.8636363636363636,0.06444444444444444,0.051111111111111114,0.4807283924806589
2025-06-19,25.0,86.924,2.0,317,87,True,26.142857142857142,146.1739999999996,-0.4373626373626373,1.0,0.9028834937235168,0.5400271370420624,0.8788704755254675,12.112952447453251,4.137153303379942,Critical,0.9586284669662006,13,1.0,1.0,0.0,0.0,0.8869434557933694,0.9466056516082918,0.7864791721571106,,0.8636363636363636,0.06444444444444444,0.051111111111111114,0.4807283924806589
2025-06-20,30.0,116.807,2.0,1005,88,True,26.285714285714285,142.3754285714282,1.4813186813186812,1.0,0.8794205834755459,1.0,0.9638261750426638,3.617382495733623,5.2434449810622965,Critical,0.947565550189377,14,1.0,1.0,0.0,0.0,0.8775399765330694,0.9685393301136263,0.7926931430855519,,0.8636363636363636,0.06444444444444444,0.051111111111111114,0.4807283924806589
2025-06-21,35.0,171.919,2.0,351,99,True,26.714285714285715,151.65914285714248,0.975824175824176,1.0,0.936763971417428,1.0,0.9810291914252284,1.8970808574771736,5.87580526688802,Critical,0.9412419473311198,15,1.0,1.0,0.0,0.0,0.8721649141035507,0.9647451683986719,0.7896103866921514,,0.8636363636363636,0.06444444444444444,0.051111111111111114,0.4807283924806589
2025-06-22,38.0,264.62,2.0,327,94,True,27.285714285714285,148.9637142857139,0.4813186813186813,1.0,0.9201149232580176,0.5943012211668929,0.8948947212107838,10.510527878921616,5.3416637440441415,Critical,0.9465833625595585,16,1.0,1.0,0.0,0.0,0.8767051170477236,0.9679500175357352,0.7922143266160154,,0.8636363636363636,0.06444444444444444,0.051111111111111114,0.4807283924806589
2025-06-23,16.0,169.988,2.0,264,80,True,25.714285714285715,145.0867142857139,-0.0813186813186813,1.0,0.896167577593494,0.1004070556309362,0.7889316844042354,21.106831559576456,11.17148009865842,Critical,0.8882851990134157,17,1.0,1.0,0.0,0.0,0.8271516780335022,0.9329711194080494,0.7637939718872708,,0.8636363636363636,0.06444444444444444,0.051111111111111114,0.4807283924806589
2025-06-24,8.0,82.801,2.0,312,37,True,23.857142857142858,143.16757142857105,-0.7472527472527473,1.0,0.8843134694223304,0.9226594301221168,0.9498259268511224,5.017407314887756,12.21158891779528,Critical,0.8778841108220472,18,1.0,1.0,0.0,0.0,0.818310753070839,0.9267304664932283,0.7587234413939786,,0.8636363636363636,0.06444444444444444,0.051111111111111114,0.4807283924806589
2025-06-25,38.0,297.54200000000003,2.0,918,123,True,27.142857142857142,170.08585714285678,-0.8615384615384616,1.0,1.0,1.0,1.0,0.0,8.708079624821409,Critical,0.9129192037517859,19,1.0,1.0,0.0,0.0,0.8480905820611169,0.9477515222510715,0.7758030491972263,,0.8636363636363636,0.06444444444444444,0.051111111111111114,0.4807283924806589
2025-06-26,10.0,36.192,2.0,1453,89,True,25.0,162.83842857142818,-0.4219780219780219,1.0,1.0,0.5210312075983717,0.9042062415196744,9.579375848032557,4.865594387640109,Critical,0.951344056123599,20,1.0,1.0,0.0,0.0,0.880751706577158,0.9708064336741594,0.7945351647284852,,0.8636363636363636,0.06444444444444444,0.051111111111111114,0.4807283924806589
2025-06-27,26.0,108.019,2.0,313,94,True,24.428571428571427,161.58299999999963,-0.7516483516483518,1.0,0.9980613759377664,0.9280868385346,0.98503578048825,1.4964219511750088,3.691932599735861,Critical,0.9630806740026414,21,1.0,1.0,0.0,0.0,0.890727831774344,0.9778484044015848,0.8002567659445183,,0.8636363636363636,0.06444444444444444,0.051111111111111114,0.4807283924806589
2025-06-28,38.0,516.22,2.0,395,120,True,24.857142857142858,210.7688571428568,-0.6263736263736264,1.0,1.0,0.7734056987788333,0.9546811397557668,4.531886024423326,5.202561274543636,Critical,0.9479743872545636,22,1.0,1.0,0.0,0.0,0.8778874880384779,0.9687846323527382,0.7928924511548303,,0.8636363636363636,0.06444444444444444,0.051111111111111114,0.4807283924806589
2025-06-29,35.0,323.52500000000003,2.0,371,107,True,24.428571428571427,219.1838571428568,-0.0461538461538461,1.0,1.0,0.0569877883310718,0.8113975576662145,18.860244233378552,8.296184069658967,Critical,0.9170381593034104,23,1.0,1.0,0.0,0.0,0.8515916942799976,0.9502228955820462,0.7778110400286432,,0.8636363636363636,0.06444444444444444,0.051111111111111114,0.4807283924806589
2025-06-30,21.0,60.057,2.0,328,100,True,25.142857142857142,203.4794285714282,0.4879120879120879,1.0,1.0,0.6024423337856174,0.9204884667571236,7.951153324287641,10.447761194029844,Critical,0.8955223880597015,24,1.0,1.0,0.0,0.0,0.8333032887228451,0.9373134328358209,0.7673221015473352,,0.8636363636363636,0.06444444444444444,0.051111111111111114,0.4807283924806589
2025-07-01,37.0,104.456,3.0,379,118,True,29.285714285714285,206.5729999999996,0.3868131868131868,1.0,1.0,0.4776119402985075,0.8955223880597015,10.447761194029848,12.419719583898685,Critical,0.8758028041610132,25,1.0,1.0,0.0,0.0,0.81654164240896,0.9254816824966079,0.7577088043967246,,0.9523809523809523,0.06444444444444444,0.051111111111111114,0.4807283924806589
2025-07-02,31.0,160.633,2.0,322,94,True,28.285714285714285,187.01457142857103,0.5714285714285714,1.0,1.0,0.7055630936227951,0.9411126187245592,5.888738127544091,8.095884215287198,Critical,0.919041157847128,26,1.0,1.0,0.0,0.0,0.8532942430421576,0.9514246947082768,0.7787875018187055,,0.8636363636363636,0.06444444444444444,0.051111111111111114,0.4807283924806589
2025-07-03,23.0,130.227,4.0,287,41,True,30.142857142857142,200.4481428571425,0.3164835164835164,1.0,1.0,0.3907734056987788,0.8781546811397558,12.18453188602442,9.50701040253279,Critical,0.9049298959746721,27,1.0,1.0,0.0,0.0,0.8412996704505701,0.9429579375848033,0.7719082616558832,,0.8636363636363636,0.06444444444444444,0.051111111111111114,0.4807283924806589
2025-07-04,40.0,537.3720000000001,2.0,2525,158,True,32.142857142857146,261.7842857142854,0.0923076923076923,1.0,1.0,0.1139755766621438,0.8227951153324288,17.72048846675712,11.931252826775216,Critical,0.8806874717322478,28,1.0,1.0,0.0,0.0,0.8206936098445095,0.9284124830393486,0.7600900798377014,,0.8636363636363636,0.06444444444444444,0.051111111111111114,0.4807283924806589
2025-07-05,17.0,353.403,2.0,394,138,True,29.142857142857142,238.524714285714,0.5274725274725275,1.0,1.0,0.6512890094979649,0.9302578018995932,6.974219810040694,12.293080054274084,Critical,0.8770691994572591,29,1.0,1.0,0.0,0.0,0.8176180784107691,0.9262415196743555,0.7583261721036444,,0.8636363636363636,0.06444444444444444,0.051111111111111114,0.4807283924806589
2025-07-06,0.0,0.0,0.0,248,78,True,24.142857142857142,192.3068571428568,0.4263736263736263,1.0,1.0,0.5264586160108548,0.905291723202171,9.4708276797829,11.38851198552691,Critical,0.8861148801447309,30,1.0,1.0,0.0,0.0,0.8253069069951201,0.9316689280868385,0.762735941438787,,0.8636363636363636,0.06444444444444444,0.051111111111111114,0.4807283924806589
2025-07-07,21.0,235.517,2.0,299,95,True,24.142857142857142,217.37257142857104,0.0175824175824176,1.0,1.0,0.0217096336499321,0.8043419267299865,19.56580732700135,12.003618272274986,Critical,0.8799638172772501,31,1.0,1.0,0.0,0.0,0.8200785035577615,0.92797829036635,0.75973729829089,,0.8636363636363636,0.06444444444444444,0.051111111111111114,0.4807283924806589
2025-07-08,16.0,176.829,2.0,309,95,True,21.142857142857142,227.71157142857103,-0.3494505494505493,1.0,1.0,0.4314789687924015,0.8862957937584803,11.370420624151969,13.469018543645412,Critical,0.8653098145635458,32,1.0,1.0,0.0,0.0,0.8076226012511127,0.9191858887381275,0.7525934719679592,,0.9523809523809523,0.06444444444444444,0.051111111111111114,0.4807283924806589
2025-07-09,23.0,154.902,2.0,310,87,True,20.0,226.8928571428568,-1.145054945054945,1.0,1.0,1.0,1.0,0.0,10.312075983717778,Critical,0.8968792401628223,33,1.0,1.0,0.0,0.0,0.8344566130104978,0.9381275440976934,0.7679835669476065,,0.8636363636363636,0.06444444444444444,0.051111111111111114,0.4807283924806589
2025-07-10,18.0,36.726,2.0,1199,113,True,19.285714285714285,213.53557142857105,-0.7868131868131868,1.0,1.0,0.9715061058344642,0.9943012211668928,0.5698778833107099,3.980099502487564,Critical,0.9601990049751243,34,1.0,1.0,0.0,0.0,0.8882784131009546,0.9761194029850746,0.7988519522936037,,0.8636363636363636,0.06444444444444444,0.051111111111111114,0.4807283924806589
2025-07-11,9.0,12.069,3.0,1203,103,True,14.857142857142858,138.49228571428532,-1.4285714285714284,1.0,0.855435294782039,1.0,0.9566305884346116,4.336941156538843,1.6356063466165225,Critical,0.9836439365338348,35,1.0,1.0,0.0,0.0,0.9082066049258584,0.9901863619203009,0.8102813564284751,,0.7727272727272727,0.06444444444444444,0.051111111111111114,0.4807283924806589
2025-07-12,17.0,141.502,2.0,279,80,True,14.857142857142858,108.2207142857139,-1.835164835164835,1.0,0.6684546951409972,1.0,0.9005364085422991,9.946359145770089,4.951059395206552,Critical,0.9504894060479345,36,1.0,1.0,0.0,0.0,0.8800252540128431,0.9702936436287607,0.7941185228165987,,0.8636363636363636,0.06444444444444444,0.051111111111111114,0.4807283924806589
2025-07-13,13.0,163.68699999999998,2.0,269,77,True,16.714285714285715,131.60457142857103,-1.5428571428571427,1.0,0.8128914529356428,1.0,0.9438674358806928,5.613256411930712,6.63218557141322,Critical,0.9336781442858678,37,1.0,0.0,0.0,0.0,0.8657356815150865,0.9602068865715206,0.7859230327075912,,0.8636363636363636,0.06444444444444444,0.051111111111111114,0.4807283924806589
2025-07-14,0.0,0.0,0.0,91,34,True,13.714285714285714,97.95928571428531,-1.3714285714285714,1.0,0.6050721888186296,1.0,0.8815216566455888,11.84783433544112,9.135816631047312,Critical,0.9086418336895269,38,1.0,0.0,0.0,0.0,0.8444548175081967,0.9451851002137162,0.773717831291875,,0.8636363636363636,0.06444444444444444,0.051111111111111114,0.4807283924806589
2025-07-15,0.0,0.0,0.0,55,20,True,11.428571428571429,72.69799999999961,-1.936263736263736,1.0,0.4490389824914967,1.0,0.8347116947474491,16.52883052525509,11.329973757542312,Critical,0.8867002624245769,39,1.0,0.0,0.0,0.0,0.8258044819329892,0.9320201574547461,0.7630213153002119,,0.8636363636363636,0.06444444444444444,0.051111111111111114,0.4807283924806589
2025-07-16,0.0,0.0,0.0,56,18,True,8.142857142857142,50.56914285714247,-1.8813186813186813,0.7307692307692307,0.312354073757717,1.0,0.6590908375119304,34.090916248806955,20.82252703650106,Critical,0.7917747296349894,40,0.0,0.0,0.0,0.0,0.7451177790618398,0.8750648377809936,0.716745118065288,,0.9523809523809523,0.06444444444444444,0.051111111111111114,0.4807283924806589
2025-07-17,0.0,0.0,0.0,0,0,False,5.571428571428571,45.32257142857104,-1.8615384615384616,0.5,0.27994719742199,1.0,0.533984159226597,46.6015840773403,32.40711028380078,Inactive,0.6759288971619921,0,0.0,0.0,0.0,0.0,0.6466488214597921,0.40555733829719526,0.49777027473470176,0.14953271028037382,,0.06444444444444444,0.051111111111111114,0.4807283924806589
2025-07-18,0.0,0.0,0.0,0,0,False,4.285714285714286,43.59842857142818,-1.969230769230769,0.3846153846153846,0.2692975598220365,1.0,0.4730969602543033,52.69030397456967,44.460934766905645,Inactive,0.5553906523309435,0,0.0,0.0,0.0,0.0,0.5441913133534008,0.3332343913985661,0.43900788037956556,0.14953271028037382,,0.06444444444444444,0.051111111111111114,0.4807283924806589
2025-07-19,0.0,0.0,0.0,0,0,False,1.8571428571428568,23.38385714285675,-1.4153846153846157,0.1666666666666666,0.1444367577946431,1.0,0.3266643606717263,67.33356393282736,55.54181732824578,Inactive,0.4445818267175422,0,0.0,0.0,0.0,0.0,0.4500038115820097,0.2667490960305253,0.3849885778930324,0.14953271028037382,,0.06444444444444444,0.051111111111111114,0.4807283924806589
2025-07-20,0.0,0.0,0.0,0,0,False,0.0,0.0,-1.4439560439560435,0.0,0.0,1.0,0.2,80.0,66.67462263579903,Inactive,0.3332537736420097,0,0.0,0.0,0.0,0.0,0.3553749664678071,0.1999522641852058,0.33071615201871035,0.14953271028037382,,0.06444444444444444,0.051111111111111114,0.4807283924806589
2025-07-21,0.0,0.0,0.0,0,0,False,0.0,0.0,-1.9582417582417584,0.0,0.0,1.0,0.2,80.0,75.77785464427579,Inactive,0.24222145355724212,0,0.0,0.0,0.0,0.0,0.2779974943957546,0.14533287213434526,0.2863378959773861,0.14953271028037382,,0.06444444444444444,0.051111111111111114,0.4807283924806589
2025-07-22,0.0,0.0,0.0,0,0,False,0.0,0.0,-1.78021978021978,0.0,0.0,1.0,0.2,80.0,80.0,Inactive,0.19999999999999996,0,0.0,0.0,0.0,0.0,0.24210925887209878,0.11999999999999997,0.2657549373682306,0.14953271028037382,,0.06444444444444444,0.051111111111111114,0.4807283924806589
2025-07-23,0.0,0.0,0.0,0,0,False,0.0,0.0,-1.6747252747252748,0.0,0.0,1.0,0.2,80.0,80.0,Inactive,0.19999999999999996,0,0.0,0.0,0.0,0.0,0.24210925887209878,0.11999999999999997,0.2657549373682306,0.14953271028037382,,0.06444444444444444,0.051111111111111114,0.4807283924806589
2025-07-24,0.0,0.0,0.0,0,0,False,0.0,0.0,-1.2681318681318683,0.0,0.0,1.0,0.2,80.0,80.0,Inactive,0.19999999999999996,0,0.0,0.0,0.0,0.0,0.24210925887209878,0.11999999999999997,0.2657549373682306,0.14953271028037382,,0.06444444444444444,0.051111111111111114,0.4807283924806589
2025-07-25,0.0,0.0,0.0,0,0,False,0.0,0.0,-0.9252747252747252,0.0,0.0,1.0,0.2,80.0,80.0,Inactive,0.19999999999999996,0,0.0,0.0,0.0,0.0,0.24210925887209878,0.11999999999999997,0.2657549373682306,0.14953271028037382,,0.06444444444444444,0.051111111111111114,0.4807283924806589
2025-07-26,0.0,0.0,0.0,0,0,False,0.0,0.0,-0.7999999999999998,0.0,0.0,0.9877883310719132,0.1975576662143826,80.24423337856173,80.08141112618725,Inactive,0.19918588873812748,0,0.0,0.0,0.0,0.0,0.24141726429950716,0.11951153324287649,0.2653580581280678,0.14953271028037382,,0.06444444444444444,0.051111111111111114,0.4807283924806589
2025-07-27,0.0,0.0,0.0,0,0,False,0.0,0.0,-0.3714285714285714,0.0,0.0,0.4586160108548168,0.0917232021709633,90.82767978290366,83.69063772048847,Inactive,0.1630936227951153,0,0.0,0.0,0.0,0.0,0.2107388382479468,0.09785617367706918,0.24776307848084933,0.14953271028037382,,0.06444444444444444,0.051111111111111114,0.4807283924806589
2025-07-28,0.0,0.0,0.0,0,0,False,0.0,0.0,0.0,0.0,0.0,0.0,0.0,100.0,90.35730438715514,Inactive,0.09642695612844865,0,0.0,0.0,0.0,0.0,0.15407217158128017,0.05785617367706919,0.21526307848084933,0.14953271028037382,,0.06444444444444444,0.051111111111111114,0.4807283924806589
2025-07-29,0.0,0.0,0.0,0,0,False,0.0,0.0,0.0,0.0,0.0,0.0,0.0,100.0,96.94255992763458,Inactive,0.03057440072365425,0,0.0,0.0,0.0,0.0,0.09809749948720495,0.01834464043419255,0.18315995772101204,0.14953271028037382,,0.06444444444444444,0.051111111111111114,0.4807283924806589
2025-07-30,0.0,0.0,0.0,0,0,False,0.0,0.0,0.0,0.0,0.0,0.0,0.0,100.0,100.0,Inactive,0.0,0,0.0,0.0,0.0,0.0,0.07210925887209883,0.0,0.1682549373682306,0.0050150451354062184,,0.0003178639542275906,0.019071837253655435,0.4807283924806589
2025-07-31,0.0,0.0,0.0,0,0,False,0.0,0.0,0.0,0.0,0.0,0.0,0.0,100.0,100.0,Inactive,0.0,0,0.0,0.0,0.0,0.0,0.07210925887209883,0.0,0.1682549373682306,0.0050150451354062184,,0.0003178639542275906,0.019071837253655435,0.4807283924806589
2025-08-01,0.0,0.0,0.0,0,0,False,0.0,0.0,0.0,0.0,0.0,0.0,0.0,100.0,100.0,Inactive,0.0,0,0.0,0.0,0.0,0.0,0.07210925887209883,0.0,0.1682549373682306,0.0050150451354062184,,0.0003178639542275906,0.019071837253655435,0.4807283924806589
2025-08-02,0.0,0.0,0.0,0,0,False,0.0,0.0,0.0,0.0,0.0,0.0,0.0,100.0,100.0,Inactive,0.0,0,0.0,0.0,0.0,0.0,0.07210925887209883,0.0,0.1682549373682306,0.0050150451354062184,,0.0003178639542275906,0.019071837253655435,0.4807283924806589
2025-08-03,0.0,0.0,0.0,0,0,False,0.0,0.0,0.0,0.0,0.0,0.0,0.0,100.0,100.0,Inactive,0.0,0,0.0,0.0,0.0,0.0,0.07210925887209883,0.0,0.1682549373682306,0.0050150451354062184,,0.0003178639542275906,0.019071837253655435,0.4807283924806589
2025-08-04,0.0,0.0,0.0,0,0,False,0.0,0.0,0.0,0.0,0.0,0.0,0.0,100.0,100.0,Inactive,0.0,0,0.0,0.0,0.0,0.0,0.07210925887209883,0.0,0.1682549373682306,0.0050150451354062184,,0.0003178639542275906,0.019071837253655435,0.4807283924806589
2025-08-05,0.0,0.0,0.0,0,0,False,0.0,0.0,0.0,0.0,0.0,0.0,0.0,100.0,100.0,Inactive,0.0,0,0.0,0.0,0.0,0.0,0.07210925887209883,0.0,0.1682549373682306,0.0050150451354062184,,0.0003178639542275906,0.019071837253655435,0.4807283924806589
2025-08-06,0.0,0.0,0.0,0,0,False,0.0,0.0,0.0,0.0,0.0,0.0,0.0,100.0,100.0,Inactive,0.0,0,0.0,0.0,0.0,0.0,0.07210925887209883,0.0,0.1682549373682306,0.0050150451354062184,,0.0003178639542275906,0.019071837253655435,0.4807283924806589
2025-08-07,0.0,0.0,0.0,0,0,False,0.0,0.0,0.0,0.0,0.0,0.0,0.0,100.0,100.0,Inactive,0.0,0,0.0,0.0,0.0,0.0,0.07210925887209883,0.0,0.1682549373682306,0.0050150451354062184,,0.0003178639542275906,0.019071837253655435,0.4807283924806589
2025-08-08,0.0,0.0,0.0,0,0,False,0.0,0.0,0.0,0.0,0.0,0.0,0.0,100.0,100.0,Inactive,0.0,0,0.0,0.0,0.0,0.0,0.07210925887209883,0.0,0.1682549373682306,0.0050150451354062184,,0.0003178639542275906,0.019071837253655435,0.4807283924806589
2025-08-09,0.0,0.0,0.0,0,0,False,0.0,0.0,0.0,0.0,0.0,0.0,0.0,100.0,100.0,Inactive,0.0,0,0.0,0.0,0.0,0.0,0.07210925887209883,0.0,0.1682549373682306,0.0050150451354062184,,0.0003178639542275906,0.019071837253655435,0.4807283924806589
2025-08-10,0.0,0.0,0.0,0,0,False,0.0,0.0,0.0,0.0,0.0,0.0,0.0,100.0,100.0,Inactive,0.0,0,0.0,0.0,0.0,0.0,0.07210925887209883,0.0,0.1682549373682306,0.0050150451354062184,,0.0003178639542275906,0.019071837253655435,0.4807283924806589
2025-08-11,0.0,0.0,0.0,0,0,False,0.0,0.0,0.0,0.0,0.0,0.0,0.0,100.0,100.0,Inactive,0.0,0,0.0,0.0,0.0,0.0,0.07210925887209883,0.0,0.1682549373682306,0.0050150451354062184,,0.0003178639542275906,0.019071837253655435,0.4807283924806589
2025-08-12,0.0,0.0,0.0,0,0,False,0.0,0.0,0.0,0.0,0.0,0.0,0.0,100.0,100.0,Inactive,0.0,0,0.0,0.0,0.0,0.0,0.07210925887209883,0.0,0.1682549373682306,0.0050150451354062184,,0.0003178639542275906,0.019071837253655435,0.4807283924806589
2025-08-13,0.0,0.0,0.0,0,0,False,0.0,0.0,0.0,0.0,0.0,0.0,0.0,100.0,100.0,Inactive,0.0,0,0.0,0.0,0.0,0.0,0.07210925887209883,0.0,0.1682549373682306,0.0050150451354062184,,0.0003178639542275906,0.019071837253655435,0.4807283924806589
2025-08-14,0.0,0.0,0.0,0,0,False,0.0,0.0,0.0,0.0,0.0,0.0,0.0,100.0,100.0,Inactive,0.0,0,0.0,0.0,0.0,0.0,0.07210925887209883,0.0,0.1682549373682306,0.0050150451354062184,,0.0003178639542275906,0.019071837253655435,0.4807283924806589
2025-08-15,0.0,0.0,0.0,0,0,False,0.0,0.0,0.0,0.0,0.0,0.0,0.0,100.0,100.0,Inactive,0.0,0,0.0,0.0,0.0,0.0,0.07210925887209883,0.0,0.1682549373682306,0.0050150451354062184,,0.0003178639542275906,0.019071837253655435,0.4807283924806589
2025-08-16,0.0,0.0,0.0,0,0,False,0.0,0.0,0.0,0.0,0.0,0.0,0.0,100.0,100.0,Inactive,0.0,0,0.0,0.0,0.0,0.0,0.07210925887209883,0.0,0.1682549373682306,0.0050150451354062184,,0.0003178639542275906,0.019071837253655435,0.4807283924806589
2025-08-17,0.0,0.0,0.0,0,0,False,0.0,0.0,0.0,0.0,0.0,0.0,0.0,100.0,100.0,Inactive,0.0,0,0.0,0.0,0.0,0.0,0.07210925887209883,0.0,0.1682549373682306,0.0050150451354062184,,0.0003178639542275906,0.019071837253655435,0.4807283924806589
2025-08-18,0.0,0.0,0.0,0,0,False,0.0,0.0,0.0,0.0,0.0,0.0,0.0,100.0,100.0,Inactive,0.0,0,0.0,0.0,0.0,0.0,0.07210925887209883,0.0,0.1682549373682306,0.0050150451354062184,,0.0003178639542275906,0.019071837253655435,0.4807283924806589
2025-08-19,0.0,0.0,0.0,0,0,False,0.0,0.0,0.0,0.0,0.0,0.0,0.0,100.0,100.0,Inactive,0.0,0,0.0,0.0,0.0,0.0,0.07210925887209883,0.0,0.1682549373682306,0.0050150451354062184,,0.0003178639542275906,0.019071837253655435,0.4807283924806589
2025-08-20,0.0,0.0,0.0,0,0,False,0.0,0.0,0.0,0.0,0.0,0.0,0.0,100.0,100.0,Inactive,0.0,0,0.0,0.0,0.0,0.0,0.07210925887209883,0.0,0.1682549373682306,0.0050150451354062184,,0.0003178639542275906,0.019071837253655435,0.4807283924806589
2025-08-21,0.0,0.0,0.0,0,0,False,0.0,0.0,0.0,0.0,0.0,0.0,0.0,100.0,100.0,Inactive,0.0,0,0.0,0.0,0.0,0.0,0.07210925887209883,0.0,0.1682549373682306,0.0050150451354062184,,0.0003178639542275906,0.019071837253655435,0.4807283924806589
2025-08-22,0.0,0.0,0.0,0,0,False,0.0,0.0,0.0,0.0,0.0,0.0,0.0,100.0,100.0,Inactive,0.0,0,0.0,0.0,0.0,0.0,0.07210925887209883,0.0,0.1682549373682306,0.0050150451354062184,,0.0003178639542275906,0.019071837253655435,0.4807283924806589
2025-08-23,0.0,0.0,0.0,0,0,False,0.0,0.0,0.0,0.0,0.0,0.0,0.0,100.0,100.0,Inactive,0.0,0,0.0,0.0,0.0,0.0,0.07210925887209883,0.0,0.1682549373682306,0.0050150451354062184,,0.0003178639542275906,0.019071837253655435,0.4807283924806589
2025-08-24,0.0,0.0,0.0,0,0,False,0.0,0.0,0.0,0.0,0.0,0.0,0.0,100.0,100.0,Inactive,0.0,0,0.0,0.0,0.0,0.0,0.07210925887209883,0.0,0.1682549373682306,0.0050150451354062184,,0.0003178639542275906,0.019071837253655435,0.4807283924806589
2025-08-25,0.0,0.0,0.0,0,0,False,0.0,0.0,0.0,0.0,0.0,0.0,0.0,100.0,100.0,Inactive,0.0,0,0.0,0.0,0.0,0.0,0.07210925887209883,0.0,0.1682549373682306,0.0050150451354062184,,0.0003178639542275906,0.019071837253655435,0.4807283924806589
2025-08-26,0.0,0.0,0.0,0,0,False,0.0,0.0,0.0,0.0,0.0,0.0,0.0,100.0,100.0,Inactive,0.0,0,0.0,0.0,0.0,0.0,0.07210925887209883,0.0,0.1682549373682306,0.0050150451354062184,,0.0003178639542275906,0.019071837253655435,0.4807283924806589
2025-08-27,0.0,0.0,0.0,0,0,False,0.0,0.0,0.0,0.0,0.0,0.0,0.0,100.0,100.0,Inactive,0.0,0,0.0,0.0,0.0,0.0,0.07210925887209883,0.0,0.1682549373682306,0.0050150451354062184,,0.0003178639542275906,0.019071837253655435,0.4807283924806589
2025-08-28,0.0,0.0,0.0,0,0,False,0.0,0.0,0.0,0.0,0.0,0.0,0.0,100.0,100.0,Inactive,0.0,0,0.0,0.0,0.0,0.0,0.07210925887209883,0.0,0.1682549373682306,0.0050150451354062184,,0.0003178639542275906,0.019071837253655435,0.4807283924806589
2025-08-29,0.0,0.0,0.0,0,0,False,0.0,0.0,0.0,0.0,0.0,0.0,0.0,100.0,100.0,Inactive,0.0,0,0.0,0.0,0.0,0.0,0.07210925887209883,0.0,0.1682549373682306,0.0050150451354062184,,0.0003178639542275906,0.019071837253655435,0.4807283924806589
2025-08-30,0.0,0.0,0.0,0,0,False,0.0,0.0,0.0,0.0,0.0,0.0,0.0,100.0,100.0,Inactive,0.0,0,0.0,0.0,0.0,0.0,0.07210925887209883,0.0,0.1682549373682306,0.0050150451354062184,,0.0003178639542275906,0.019071837253655435,0.4807283924806589
2025-08-31,0.0,0.0,0.0,0,0,False,0.0,0.0,0.0,0.0,0.0,0.0,0.0,100.0,100.0,Inactive,0.0,0,0.0,0.0,0.0,0.0,0.07210925887209883,0.0,0.1682549373682306,0.0050150451354062184,,0.0003178639542275906,0.019071837253655435,0.4807283924806589
2025-09-01,0.0,0.0,0.0,0,0,False,0.0,0.0,0.0,0.0,0.0,0.0,0.0,100.0,100.0,Inactive,0.0,0,0.0,0.0,0.0,0.0,0.07210925887209883,0.0,0.1682549373682306,0.0050150451354062184,,0.0003178639542275906,0.019071837253655435,0.4807283924806589
2025-09-02,0.0,0.0,0.0,0,0,False,0.0,0.0,0.0,0.0,0.0,0.0,0.0,100.0,100.0,Inactive,0.0,0,0.0,0.0,0.0,0.0,0.07210925887209883,0.0,0.1682549373682306,0.0050150451354062184,,0.0003178639542275906,0.019071837253655435,0.4807283924806589
2025-09-03,0.0,0.0,0.0,0,0,False,0.0,0.0,0.0,0.0,0.0,0.0,0.0,100.0,100.0,Inactive,0.0,0,0.0,0.0,0.0,0.0,0.07210925887209883,0.0,0.1682549373682306,0.0050150451354062184,,0.0003178639542275906,0.019071837253655435,0.4807283924806589
2025-09-04,0.0,0.0,0.0,0,0,False,0.0,0.0,0.0,0.0,0.0,0.0,0.0,100.0,100.0,Inactive,0.0,0,0.0,0.0,0.0,0.0,0.07210925887209883,0.0,0.1682549373682306,0.0050150451354062184,,0.0003178639542275906,0.019071837253655435,0.4807283924806589
2025-09-05,0.0,0.0,0.0,0,0,False,0.0,0.0,0.0,0.0,0.0,0.0,0.0,100.0,100.0,Inactive,0.0,0,0.0,0.0,0.0,0.0,0.07210925887209883,0.0,0.1682549373682306,0.0050150451354062184,,0.0003178639542275906,0.019071837253655435,0.4807283924806589
2025-09-06,0.0,0.0,0.0,0,0,False,0.0,0.0,0.0,0.0,0.0,0.0,0.0,100.0,100.0,Inactive,0.0,0,1.0,0.0,0.0,0.0,0.07210925887209883,0.0,0.1682549373682306,0.0050150451354062184,,0.0003178639542275906,0.019071837253655435,0.4807283924806589
2025-09-07,0.0,0.0,0.0,0,0,False,0.0,0.0,0.0,0.0,0.0,0.0,0.0,100.0,100.0,Inactive,0.0,0,1.0,0.0,0.0,0.0,0.07210925887209883,0.0,0.1682549373682306,0.0050150451354062184,,0.0003178639542275906,0.019071837253655435,0.4807283924806589
2025-09-08,0.0,0.0,0.0,0,0,False,0.0,0.0,0.0,0.0,0.0,0.0,0.0,100.0,100.0,Inactive,0.0,0,1.0,0.0,0.0,0.0,0.07210925887209883,0.0,0.1682549373682306,0.0050150451354062184,,0.0003178639542275906,0.019071837253655435,0.4807283924806589
2025-09-09,0.0,0.0,0.0,0,0,False,0.0,0.0,0.0,0.0,0.0,0.0,0.0,100.0,100.0,Inactive,0.0,0,1.0,1.0,0.0,0.0,0.07210925887209883,0.0,0.1682549373682306,0.0050150451354062184,,0.0003178639542275906,0.019071837253655435,0.4807283924806589
2025-09-10,0.0,0.0,0.0,0,0,False,0.0,0.0,0.0,0.0,0.0,0.0,0.0,100.0,100.0,Inactive,0.0,0,1.0,1.0,0.0,0.0,0.07210925887209883,0.0,0.1682549373682306,0.0050150451354062184,,0.0003178639542275906,0.019071837253655435,0.4807283924806589
2025-09-11,36.0,294.699,2.0,285,85,True,5.142857142857143,42.09985714285676,0.0,0.4615384615384616,0.2600412255421865,0.0,0.3087815984318867,69.12184015681133,89.70728005227045,Normal,0.10292719947729556,0,1.0,1.0,0.0,0.0,0.15959737842780006,0.061756319686377334,0.21843194711341218,0.14953271028037382,,0.06444444444444444,0.051111111111111114,0.4807283924806589
2025-09-12,19.0,33.977000000000004,2.0,212,69,True,7.857142857142857,46.9537142857139,1.0285714285714285,0.7051282051282052,0.2900223952110586,1.0,0.6395708211274203,36.04291788725797,68.38825268135645,Watch,0.31611747318643557,0,1.0,1.0,0.0,0.0,0.34080911108056905,0.18967048391186134,0.322362205546618,0.14953271028037382,,0.06444444444444444,0.051111111111111114,0.4807283924806589
2025-09-13,31.0,442.445,2.0,259,79,True,12.285714285714286,110.16014285714246,1.413186813186813,1.0,0.6804341035474076,1.0,0.9041302310642224,9.58697689357777,38.25057831254903,Critical,0.6174942168745097,1,1.0,1.0,0.0,0.0,0.596979343215432,0.3990679586961344,0.48089051095169694,,0.6521739130434783,0.06444444444444444,0.051111111111111114,0.4807283924806589
2025-09-14,27.0,94.575,2.0,249,73,True,16.142857142857142,123.67085714285676,2.057142857142857,1.0,0.7638867074098318,1.0,0.9291660122229496,7.083398777705052,17.571097852846936,Critical,0.8242890214715306,2,1.0,1.0,0.0,0.0,0.7727549271228998,0.5517162700257755,0.5933101210498875,,0.9090909090909091,0.06444444444444444,0.051111111111111114,0.4807283924806589
2025-09-15,17.0,45.787,3.0,634,70,True,18.571428571428573,130.21185714285676,2.4505494505494507,1.0,0.8042889741087355,1.0,0.9412866922326206,5.8713307767379375,7.513902149340258,Critical,0.9248609785065974,3,1.0,0.0,0.0,0.0,0.8582410906027066,0.6406308728182442,0.6539460929616254,,0.9090909090909091,0.06444444444444444,0.051111111111111114,0.4807283924806589
2025-09-16,35.0,157.67,2.0,259,73,True,23.571428571428573,152.73614285714248,2.43956043956044,1.0,0.9434163550338044,1.0,0.9830249065101412,1.6975093489858706,4.884079634476291,Critical,0.9511592036552371,4,1.0,0.0,0.0,0.0,0.8805945819790504,0.6849812364788566,0.6783736205787301,,0.88,0.06444444444444444,0.051111111111111114,0.4807283924806589
2025-09-17,2.0,0.0,2.0,1174,16,True,23.857142857142858,152.73614285714248,2.868131868131868,1.0,0.9434163550338044,1.0,0.9830249065101412,1.6975093489858706,3.088783158236564,Critical,0.9691121684176344,5,1.0,0.0,0.0,0.0,0.895854602027088,0.7243244439077235,0.6987328337575417,,0.88,0.06444444444444444,0.051111111111111114,0.4807283924806589
2025-09-18,0.0,0.0,0.0,0,0,False,18.714285714285715,110.63628571428532,2.2,1.0,0.6833751294916155,1.0,0.9050125388474846,9.498746115251544,4.297921604407766,Inactive,0.9570207839559224,0,1.0,0.0,0.0,0.0,0.8855769252346328,0.5742124703735534,0.6348025695467427,0.14953271028037382,,0.06444444444444444,0.051111111111111114,0.4807283924806589
2025-09-19,0.0,0.0,0.0,1543,18,True,16.0,105.78242857142816,1.4659340659340658,1.0,0.6533939598227433,1.0,0.896018187946823,10.398181205317702,7.1981455565183765,Critical,0.9280185444348162,1,1.0,0.0,0.0,0.0,0.8609250216416926,0.5853825552323183,0.6322711206373464,,0.9090909090909091,0.06444444444444444,0.051111111111111114,0.4807283924806589
2025-09-20,0.0,0.0,0.0,0,0,False,11.571428571428571,42.57599999999961,0.7318681318681317,1.0,0.2629822514863943,0.903663500678426,0.7596273755816035,24.037262441839648,14.644729920802968,Inactive,0.8535527007919703,0,1.0,0.0,0.0,0.0,0.7976290545452736,0.5121316204751821,0.5843618790043161,0.14953271028037382,,0.06444444444444444,0.051111111111111114,0.4807283924806589
2025-09-21,0.0,0.0,0.0,0,0,False,7.714285714285714,29.065285714285324,-0.0021978021978022,0.6923076923076924,0.1795296476239702,0.0027137042062415,0.4005554812822856,59.94445187177144,31.45996517297627,Inactive,0.6854003482702373,0,1.0,0.0,0.0,0.0,0.6546995549018005,0.41124020896214236,0.5023876071499713,0.14953271028037382,,0.06444444444444444,0.051111111111111114,0.4807283924806589
2025-09-22,19.0,11.513,2.0,1003,59,True,8.0,24.16899999999961,-0.7362637362637362,0.717948717948718,0.1492864063363073,0.9090909090909092,0.585578462693433,41.44215373065669,41.80795601475594,Warning,0.5819204398524407,0,1.0,0.0,0.0,0.0,0.5667416327466734,0.3491522639114644,0.45194115179629546,0.14953271028037382,,0.06444444444444444,0.051111111111111114,0.4807283924806589
2025-09-23,31.0,121.736,2.0,248,71,True,7.428571428571429,19.03557142857104,-0.9274725274725276,0.6666666666666667,0.117578387650689,1.0,0.5686068496285401,43.139315037145984,48.17530687985805,Warning,0.5182469312014195,0,1.0,0.0,0.0,0.0,0.5126191503933054,0.3109481587208517,0.4209003163289226,0.14953271028037382,,0.06444444444444444,0.051111111111111114,0.4807283924806589
2025-09-24,0.0,0.0,0.0,654,12,True,7.142857142857143,19.03557142857104,-0.8593406593406593,0.6410256410256411,0.117578387650689,1.0,0.5557863368080272,44.42136631919728,43.00094502899999,Warning,0.5699905497100001,0,1.0,0.0,0.0,0.0,0.5566012261255988,0.34199432982600003,0.44612533035185564,0.14953271028037382,,0.06444444444444444,0.051111111111111114,0.4807283924806589
2025-09-25,0.0,0.0,0.0,27,4,True,7.142857142857143,19.03557142857104,-1.813186813186813,0.6410256410256411,0.117578387650689,1.0,0.5557863368080272,44.42136631919728,43.99401589184686,Warning,0.5600598410815314,0,1.0,1.0,0.0,0.0,0.5481601237914004,0.3360359046489188,0.4412841098954772,0.14953271028037382,,0.06444444444444444,0.051111111111111114,0.4807283924806589
2025-09-26,37.0,682.933,3.0,1933,85,True,12.428571428571429,116.59742857142818,-1.58021978021978,1.0,0.7201957507337116,1.0,0.9160587252201136,8.394127477988643,32.41228670546107,Critical,0.6758771329453893,1,1.0,1.0,0.0,0.0,0.6466048218756798,0.4340977083386622,0.5093521825362508,,0.6521739130434783,0.06444444444444444,0.051111111111111114,0.4807283924806589
2025-09-27,0.0,0.0,0.0,0,0,False,12.428571428571429,116.59742857142818,-0.6923076923076922,1.0,0.7201957507337116,0.8548168249660787,0.8870220902133292,11.297790978667075,21.371094925284336,Inactive,0.7862890507471566,0,1.0,1.0,0.0,0.0,0.7404549520071819,0.47177343044829395,0.5515708496074694,0.14953271028037382,,0.06444444444444444,0.051111111111111114,0.4807283924806589
2025-09-28,0.0,0.0,0.0,0,0,False,12.428571428571429,116.59742857142818,-0.545054945054945,1.0,0.7201957507337116,0.6729986431478969,0.8506584538496929,14.934154615030714,11.542024357228817,Inactive,0.8845797564277118,0,1.0,1.0,0.0,0.0,0.8240020518356539,0.530747853856627,0.59948756862674,0.14953271028037382,,0.06444444444444444,0.051111111111111114,0.4807283924806589
2025-09-29,0.0,0.0,0.0,2,0,False,9.714285714285714,114.9527142857139,-0.3934065934065933,0.8717948717948718,0.7100367253224709,0.4857530529172319,0.7460590640776236,25.39409359223764,17.208679728645148,Inactive,0.8279132027135485,0,1.0,1.0,0.0,0.0,0.7758354811786151,0.4967479216281291,0.5718626236910855,0.14953271028037382,,0.06444444444444444,0.051111111111111114,0.4807283924806589
2025-09-30,221.0,4963.513,4.0,1291,277,True,36.85714285714285,806.6351428571425,-0.4527472527472527,1.0,1.0,0.5590230664857531,0.9118046132971508,8.819538670284931,16.3825956258511,Critical,0.8361740437414891,1,1.0,1.0,0.0,0.0,0.7828571960523646,0.530275854816322,0.5874969265493494,,0.6521739130434783,0.06444444444444444,0.051111111111111114,0.4807283924806589
2025-10-01,111.0,4944.408,5.0,2742,192,True,52.71428571428572,1512.9791428571425,6.47032967032967,1.0,1.0,1.0,1.0,0.0,11.404544087507526,Critical,0.8859545591249247,2,1.0,1.0,0.0,0.0,0.8251706341282848,0.5887155926178119,0.6233720706559172,,0.9090909090909091,0.06444444444444444,0.051111111111111114,0.4807283924806589
2025-10-02,103.0,3566.89,5.0,767,203,True,67.42857142857143,2022.5348571428567,8.345054945054946,1.0,1.0,1.0,1.0,0.0,2.939846223428315,Critical,0.9706015377657169,3,1.0,1.0,0.0,0.0,0.8971205659729582,0.6680752083737158,0.6762446156004462,,0.88,0.06444444444444444,0.051111111111111114,0.4807283924806589
2025-10-03,58.0,1834.31,7.0,861,49,True,70.42857142857143,2187.0172857142857,9.446153846153848,1.0,1.0,1.0,1.0,0.0,0.0,Critical,1.0,4,1.0,1.0,0.0,0.0,0.9221092588720988,0.7142857142857143,0.702183508796802,,0.88,0.06444444444444444,0.051111111111111114,0.4807283924806589
2025-10-04,0.0,0.0,0.0,2,0,False,70.42857142857143,2187.0172857142857,8.808791208791208,1.0,1.0,1.0,1.0,0.0,0.0,Inactive,1.0,0,1.0,1.0,0.0,0.0,0.9221092588720988,0.6,0.6557549373682307,0.14953271028037382,,0.06444444444444444,0.051111111111111114,0.4807283924806589
2025-10-05,0.0,0.0,0.0,0,0,False,70.42857142857143,2187.0172857142857,6.25934065934066,1.0,1.0,1.0,1.0,0.0,0.0,Inactive,1.0,0,1.0,1.0,0.0,0.0,0.9221092588720988,0.6,0.6557549373682307,0.14953271028037382,,0.06444444444444444,0.051111111111111114,0.4807283924806589
2025-10-06,72.0,1201.685,2.0,374,46,True,80.71428571428571,2358.686571428571,3.7098901098901096,1.0,1.0,1.0,1.0,0.0,0.0,Critical,1.0,1,1.0,1.0,0.0,0.0,0.9221092588720988,0.6285714285714286,0.6673620802253735,,0.9090909090909091,0.06444444444444444,0.051111111111111114,0.4807283924806589
2025-10-07,6.0,48.801,2.0,20,0,True,50.0,1656.584857142857,3.843956043956045,1.0,1.0,1.0,1.0,0.0,0.0,Critical,1.0,2,1.0,1.0,0.0,0.0,0.9221092588720988,0.6571428571428571,0.6789692230825163,,0.9090909090909091,0.06444444444444444,0.051111111111111114,0.4807283924806589
2025-10-08,10.0,239.622,4.0,208,46,True,35.57142857142857,984.4725714285712,2.2549450549450545,1.0,1.0,1.0,1.0,0.0,0.0,Critical,1.0,3,1.0,1.0,0.0,0.0,0.9221092588720988,0.6857142857142857,0.6905763659396592,,0.88,0.06444444444444444,0.051111111111111114,0.4807283924806589
2025-10-09,11.0,82.787,2.0,212,63,True,22.428571428571427,486.74357142857104,-0.131868131868132,1.0,1.0,0.1628222523744913,0.8325644504748984,16.743554952510166,5.5811849841700605,Critical,0.9441881501582994,4,1.0,1.0,0.0,0.0,0.8746691865066533,0.680798604380694,0.6749752319989729,,0.88,0.06444444444444444,0.051111111111111114,0.4807283924806589
2025-10-10,0.0,0.0,0.0,22,6,True,14.142857142857142,224.6992857142853,-2.534065934065933,1.0,1.0,1.0,1.0,0.0,5.5811849841700605,Critical,0.9441881501582994,5,1.0,1.0,0.0,0.0,0.8746691865066533,0.7093700329521225,0.6865823748561158,,0.88,0.06444444444444444,0.051111111111111114,0.4807283924806589
2025-10-11,0.0,0.0,0.0,0,0,False,14.142857142857142,224.6992857142853,-4.07912087912088,1.0,1.0,1.0,1.0,0.0,5.5811849841700605,Inactive,0.9441881501582994,0,1.0,1.0,0.0,0.0,0.8746691865066533,0.5665128900949796,0.6285466605704015,0.14953271028037382,,0.06444444444444444,0.051111111111111114,0.4807283924806589
2025-10-12,0.0,0.0,0.0,0,0,False,14.142857142857142,224.6992857142853,-6.6813186813186825,1.0,1.0,1.0,1.0,0.0,0.0,Inactive,1.0,0,1.0,1.0,0.0,0.0,0.9221092588720988,0.6,0.6557549373682307,0.14953271028037382,,0.06444444444444444,0.051111111111111114,0.4807283924806589
2025-10-13,0.0,0.0,0.0,0,0,False,3.857142857142857,53.02999999999962,-9.283516483516484,0.3461538461538462,0.3275542276475836,1.0,0.4713431913711982,52.86568086288018,17.621893620960066,Inactive,0.8237810637903993,0,1.0,1.0,0.0,0.0,0.7723231630939382,0.49426863827423956,0.5698482059660503,0.14953271028037382,,0.06444444444444444,0.051111111111111114,0.4807283924806589
2025-10-14,162.0,7266.73,4.0,1138,266,True,26.142857142857142,1084.162714285714,-11.885714285714286,1.0,1.0,1.0,1.0,0.0,17.621893620960066,Critical,0.8237810637903993,1,1.0,1.0,0.0,0.0,0.7723231630939382,0.5228400668456681,0.5814553488231933,,0.6521739130434783,0.06444444444444444,0.051111111111111114,0.4807283924806589
2025-10-15,2.0,0.0,1.0,128,36,True,25.0,1049.9309999999996,-2.573626373626373,1.0,1.0,1.0,1.0,0.0,17.621893620960066,Critical,0.8237810637903993,2,1.0,1.0,0.0,0.0,0.7723231630939382,0.5514114954170967,0.593062491680336,,0.6521739130434783,0.06444444444444444,0.051111111111111114,0.4807283924806589
2025-10-16,34.0,955.922,3.0,272,44,True,28.285714285714285,1174.6645714285712,-1.2000000000000002,1.0,1.0,1.0,1.0,0.0,0.0,Critical,1.0,3,1.0,1.0,0.0,0.0,0.9221092588720988,0.6857142857142857,0.6905763659396592,,0.88,0.06444444444444444,0.051111111111111114,0.4807283924806589
2025-10-17,6.0,47.425,2.0,144,31,True,29.142857142857142,1181.439571428571,1.303296703296703,1.0,1.0,1.0,1.0,0.0,0.0,Critical,1.0,4,1.0,1.0,0.0,0.0,0.9221092588720988,0.7142857142857143,0.702183508796802,,0.88,0.06444444444444444,0.051111111111111114,0.4807283924806589
2025-10-18,8.0,24.127,2.0,149,40,True,30.285714285714285,1184.8862857142851,1.8263736263736263,1.0,1.0,1.0,1.0,0.0,0.0,Critical,1.0,5,1.0,1.0,0.0,0.0,0.9221092588720988,0.7428571428571429,0.713790651653945,,0.88,0.06444444444444444,0.051111111111111114,0.4807283924806589
2025-10-19,31.0,108.018,2.0,237,51,True,34.714285714285715,1200.3174285714283,0.7230769230769228,1.0,1.0,0.8928086838534598,0.978561736770692,2.143826322930797,0.7146087743102706,Critical,0.9928539122568973,6,1.0,1.0,0.0,0.0,0.9160350842904615,0.7671409187827098,0.7219140767363252,,0.85,0.06444444444444444,0.051111111111111114,0.4807283924806589
2025-10-20,237.0,8685.726,4.0,1266,342,True,68.57142857142857,2441.1354285714283,0.2417582417582419,1.0,1.0,0.2985074626865673,0.8597014925373135,14.029850746268648,5.391225689733152,Critical,0.9460877431026685,7,1.0,1.0,0.0,0.0,0.876283840509367,0.7676526458616011,0.7107227121307815,,0.85,0.06444444444444444,0.051111111111111114,0.4807283924806589
2025-10-21,2.0,0.0,1.0,35,7,True,45.71428571428572,1403.0311428571426,7.883516483516484,1.0,1.0,1.0,1.0,0.0,5.391225689733152,Critical,0.9460877431026685,8,1.0,1.0,0.0,0.0,0.876283840509367,0.7962240744330297,0.7223298549879243,,0.85,0.06444444444444444,0.051111111111111114,0.4807283924806589
2025-10-22,225.0,5695.038,5.0,1227,294,True,77.57142857142857,2216.608,5.909890109890109,1.0,1.0,1.0,1.0,0.0,4.676616915422887,Critical,0.9532338308457712,9,1.0,1.0,0.0,0.0,0.8823580150910043,0.8290831556503198,0.7374207156198298,,0.9523809523809523,0.06444444444444444,0.051111111111111114,0.4807283924806589
2025-10-23,49.0,916.549,3.0,184,55,True,79.71428571428571,2210.9832857142856,10.457142857142856,1.0,1.0,1.0,1.0,0.0,0.0,Critical,1.0,10,1.0,1.0,0.0,0.0,0.9221092588720988,0.8857142857142857,0.7718263659396593,,0.9523809523809523,0.06444444444444444,0.051111111111111114,0.4807283924806589
2025-10-24,99.0,3089.986,3.0,641,127,True,93.0,2645.6348571428566,9.063736263736264,1.0,1.0,1.0,1.0,0.0,0.0,Critical,1.0,11,1.0,1.0,0.0,0.0,0.9221092588720988,0.9142857142857143,0.7834335087968021,,0.9523809523809523,0.06444444444444444,0.051111111111111114,0.4807283924806589
2025-10-25,31.0,316.909,3.0,243,59,True,96.28571428571428,2687.4608571428566,8.569230769230769,1.0,1.0,1.0,1.0,0.0,0.0,Critical,1.0,12,1.0,1.0,0.0,0.0,0.9221092588720988,0.9428571428571428,0.7950406516539449,,0.8636363636363636,0.06444444444444444,0.051111111111111114,0.4807283924806589
2025-10-26,109.0,2298.726,2.0,639,119,True,107.42857142857144,3000.4191428571426,5.696703296703297,1.0,1.0,1.0,1.0,0.0,0.0,Critical,1.0,13,1.0,0.0,0.0,0.0,0.9221092588720988,0.9714285714285714,0.8066477945110878,,0.8636363636363636,0.06444444444444444,0.051111111111111114,0.4807283924806589
2025-10-27,120.0,3547.221,4.0,792,139,True,90.71428571428572,2266.347,4.916483516483516,1.0,1.0,1.0,1.0,0.0,0.0,Critical,1.0,14,1.0,0.0,0.0,0.0,0.9221092588720988,1.0,0.8182549373682306,,0.7727272727272727,0.06444444444444444,0.051111111111111114,0.4807283924806589
2025-10-28,19.0,200.943,2.0,200,50,True,93.14285714285714,2295.0531428571426,3.971428571428571,1.0,1.0,1.0,1.0,0.0,0.0,Critical,1.0,15,1.0,0.0,0.0,0.0,0.9221092588720988,1.0,0.8182549373682306,,0.7727272727272727,0.06444444444444444,0.051111111111111114,0.4807283924806589
2025-10-29,11.0,112.668,2.0,53,2,True,62.57142857142857,1497.571714285714,4.953846153846155,1.0,1.0,1.0,1.0,0.0,0.0,Critical,1.0,16,0.0,0.0,0.0,0.0,0.9221092588720988,1.0,0.8182549373682306,,0.7727272727272727,0.06444444444444444,0.051111111111111114,0.4807283924806589
2025-10-30,0.0,0.0,0.0,1,0,False,55.57142857142857,1366.6361428571424,1.0615384615384604,1.0,1.0,1.0,1.0,0.0,0.0,Inactive,1.0,0,0.0,0.0,0.0,0.0,0.9221092588720988,0.6,0.6557549373682307,0.14953271028037382,,0.06444444444444444,0.051111111111111114,0.4807283924806589
2025-10-31,0.0,0.0,0.0,0,0,False,41.42857142857143,925.2095714285712,-2.1296703296703297,1.0,1.0,1.0,1.0,0.0,0.0,Inactive,1.0,0,0.0,0.0,0.0,0.0,0.9221092588720988,0.6,0.6557549373682307,0.14953271028037382,,0.06444444444444444,0.051111111111111114,0.4807283924806589
2025-11-01,0.0,0.0,0.0,0,0,False,37.0,879.936857142857,-6.094505494505493,1.0,1.0,1.0,1.0,0.0,0.0,Inactive,1.0,0,0.0,0.0,0.0,0.0,0.9221092588720988,0.6,0.6557549373682307,0.14953271028037382,,0.06444444444444444,0.051111111111111114,0.4807283924806589
2025-11-02,0.0,0.0,0.0,0,0,False,21.428571428571427,551.5474285714283,-9.967032967032964,1.0,1.0,1.0,1.0,0.0,0.0,Inactive,1.0,0,0.0,0.0,0.0,0.0,0.9221092588720988,0.6,0.6557549373682307,0.14953271028037382,,0.06444444444444444,0.051111111111111114,0.4807283924806589
2025-11-03,0.0,0.0,0.0,0,0,False,4.285714285714286,44.801571428571165,-13.046153846153842,0.3846153846153846,0.2767290991266034,1.0,0.4753264220456734,52.467357795432655,17.48911926514422,Inactive,0.8251088073485577,0,0.0,0.0,0.0,0.0,0.7734517451183729,0.4950652844091346,0.5704954809506525,0.14953271028037382,,0.06444444444444444,0.051111111111111114,0.4807283924806589
2025-11-04,0.0,0.0,0.0,5,0,False,1.5714285714285714,16.09542857142831,-9.197802197802195,0.141025641025641,0.0994177951041125,1.0,0.3003381590440542,69.96618409559457,40.81118063034241,Inactive,0.5918881936965759,0,0.0,0.0,0.0,0.0,0.5752142235141883,0.3551329162179455,0.4568004317953113,0.14953271028037382,,0.06444444444444444,0.051111111111111114,0.4807283924806589
2025-11-05,0.0,0.0,0.0,7,0,False,0.0,0.0,-12.054945054945051,0.0,0.0,1.0,0.2,80.0,67.47784729700908,Inactive,0.32522152702990925,0,0.0,0.0,0.0,0.0,0.3485475568475217,0.19513291621794554,0.3268004317953114,0.14953271028037382,,0.06444444444444444,0.051111111111111114,0.4807283924806589
2025-11-06,0.0,0.0,0.0,8,0,False,0.0,0.0,-7.551648351648352,0.0,0.0,1.0,0.2,80.0,76.65539469853152,Inactive,0.2334460530146848,0,0.0,0.0,0.0,0.0,0.2705384039345809,0.14006763180881088,0.28205988821288946,0.14953271028037382,,0.06444444444444444,0.051111111111111114,0.4807283924806589
2025-11-07,0.0,0.0,0.0,0,0,False,0.0,0.0,-7.861538461538462,0.0,0.0,1.0,0.2,80.0,80.0,Inactive,0.19999999999999996,0,0.0,0.0,0.0,0.0,0.24210925887209878,0.11999999999999997,0.2657549373682306,0.14953271028037382,,0.06444444444444444,0.051111111111111114,0.4807283924806589
2025-11-08,0.0,0.0,0.0,0,0,False,0.0,0.0,-6.307692307692306,0.0,0.0,1.0,0.2,80.0,80.0,Inactive,0.19999999999999996,0,0.0,0.0,0.0,0.0,0.24210925887209878,0.11999999999999997,0.2657549373682306,0.14953271028037382,,0.06444444444444444,0.051111111111111114,0.4807283924806589
2025-11-09,0.0,0.0,0.0,0,0,False,0.0,0.0,-6.56043956043956,0.0,0.0,1.0,0.2,80.0,80.0,Inactive,0.19999999999999996,0,0.0,0.0,0.0,0.0,0.24210925887209878,0.11999999999999997,0.2657549373682306,0.14953271028037382,,0.06444444444444444,0.051111111111111114,0.4807283924806589
2025-11-10,0.0,0.0,0.0,0,0,False,0.0,0.0,-4.105494505494505,0.0,0.0,1.0,0.2,80.0,80.0,Inactive,0.19999999999999996,0,0.0,0.0,0.0,0.0,0.24210925887209878,0.11999999999999997,0.2657549373682306,0.14953271028037382,,0.06444444444444444,0.051111111111111114,0.4807283924806589
2025-11-11,0.0,0.0,0.0,10,0,False,0.0,0.0,-0.8087912087912087,0.0,0.0,0.9986431478968792,0.1997286295793758,80.0271370420624,80.00904568068746,Inactive,0.19990954319312537,0,0.0,0.0,0.0,0.0,0.24203237058625537,0.11994572591587521,0.26571083967487924,0.14953271028037382,,0.06444444444444444,0.051111111111111114,0.4807283924806589
2025-11-12,0.0,0.0,0.0,0,0,False,0.0,0.0,-0.3142857142857143,0.0,0.0,0.3880597014925374,0.0776119402985074,92.23880597014926,84.08864767073722,Inactive,0.15911352329262785,0,0.0,0.0,0.0,0.0,0.20735575367083248,0.09546811397557671,0.2458227799733867,0.14953271028037382,,0.06444444444444444,0.051111111111111114,0.4807283924806589
2025-11-13,0.0,0.0,0.0,0,0,False,0.0,0.0,0.0,0.0,0.0,0.0,0.0,100.0,90.75531433740387,Inactive,0.0924468566259613,0,0.0,0.0,0.0,0.0,0.15068908700416594,0.05546811397557678,0.21332277997338675,0.14953271028037382,,0.06444444444444444,0.051111111111111114,0.4807283924806589
2025-11-14,0.0,0.0,0.0,0,0,False,0.0,0.0,0.0,0.0,0.0,0.0,0.0,100.0,97.41293532338308,Inactive,0.025870646766169236,0,0.0,0.0,0.0,0.0,0.09409930862334268,0.01552238805970154,0.18086687766673812,0.14953271028037382,,0.06444444444444444,0.051111111111111114,0.4807283924806589
2025-11-15,0.0,0.0,0.0,0,0,False,0.0,0.0,0.0,0.0,0.0,0.0,0.0,100.0,100.0,Inactive,0.0,0,1.0,0.0,0.0,0.0,0.07210925887209883,0.0,0.1682549373682306,0.0050150451354062184,,0.0003178639542275906,0.019071837253655435,0.4807283924806589
2025-11-16,0.0,0.0,0.0,0,0,False,0.0,0.0,0.0,0.0,0.0,0.0,0.0,100.0,100.0,Inactive,0.0,0,1.0,0.0,0.0,0.0,0.07210925887209883,0.0,0.1682549373682306,0.0050150451354062184,,0.0003178639542275906,0.019071837253655435,0.4807283924806589
2025-11-17,0.0,0.0,0.0,0,0,False,0.0,0.0,0.0,0.0,0.0,0.0,0.0,100.0,100.0,Inactive,0.0,0,1.0,0.0,0.0,0.0,0.07210925887209883,0.0,0.1682549373682306,0.0050150451354062184,,0.0003178639542275906,0.019071837253655435,0.4807283924806589
2025-11-18,2.0,0.0,1.0,16,4,True,0.2857142857142857,0.0,0.0,0.0256410256410256,0.0,0.0,0.0128205128205128,98.71794871794872,99.57264957264958,Normal,0.004273504273504147,0,1.0,1.0,0.0,0.0,0.07574173750457736,0.002564102564102488,0.17033827070156388,0.0050150451354062184,,0.0003178639542275906,0.019071837253655435,0.4807283924806589
2025-11-19,0.0,0.0,0.0,0,0,False,0.2857142857142857,0.0,0.0571428571428571,0.0256410256410256,0.0,0.0705563093622794,0.0269317746929687,97.30682253070312,98.67492374955062,Inactive,0.013250762504493863,0,1.0,1.0,0.0,0.0,0.08337240700091862,0.007950457502696318,0.17471468408917137,0.14953271028037382,,0.0003178639542275906,0.019071837253655435,0.4807283924806589
2025-11-20,0.0,0.0,0.0,0,0,False,0.2857142857142857,0.0,0.0483516483516483,0.0256410256410256,0.0,0.0597014925373133,0.0247608113279754,97.52391886720244,97.84956337195143,Inactive,0.021504366280485687,0,1.0,1.0,0.0,0.0,0.09038797021051166,0.012902619768291412,0.1787383159299674,0.14953271028037382,,0.0003178639542275906,0.019071837253655435,0.4807283924806589
2025-11-21,140.0,4671.869,4.0,919,143,True,20.285714285714285,667.4098571428568,0.0395604395604395,1.0,1.0,0.0488466757123472,0.8097693351424695,19.02306648575305,71.28460262788622,Watch,0.2871539737211378,0,1.0,1.0,0.0,0.0,0.316190136535066,0.1722923842326827,0.30824249955728533,0.14953271028037382,,0.06444444444444444,0.051111111111111114,0.4807283924806589
2025-11-22,13.0,71.006,2.0,199,52,True,22.142857142857142,677.5535714285712,4.030769230769231,1.0,1.0,1.0,1.0,0.0,38.84899511765183,Critical,0.6115100488234817,1,1.0,1.0,0.0,0.0,0.5918928003720583,0.3954774578655176,0.4779732290268208,,0.6521739130434783,0.06444444444444444,0.051111111111111114,0.4807283924806589
2025-11-23,11.0,183.917,2.0,159,39,True,23.714285714285715,703.8274285714282,3.778021978021978,1.0,1.0,1.0,1.0,0.0,6.3410221619176825,Critical,0.9365897783808231,2,1.0,1.0,0.0,1.0,0.8682105704957985,0.619096724171351,0.6480567400431676,,0.9090909090909091,0.06444444444444444,0.051111111111111114,0.4807283924806589
2025-11-24,5.0,49.902,2.0,113,33,True,24.428571428571427,710.9562857142854,3.410989010989011,1.0,1.0,1.0,1.0,0.0,0.0,Critical,1.0,3,1.0,1.0,0.0,1.0,0.9221092588720988,0.6857142857142857,0.6905763659396592,,0.88,0.06444444444444444,0.051111111111111114,0.4807283924806589
2025-11-25,16.0,55.106,2.0,133,29,True,26.428571428571427,718.8285714285711,2.8241758241758244,1.0,1.0,1.0,1.0,0.0,0.0,Critical,1.0,4,1.0,1.0,0.0,1.0,0.9221092588720988,0.7142857142857143,0.702183508796802,,0.88,0.06444444444444444,0.051111111111111114,0.4807283924806589
2025-11-26,6.0,47.143,2.0,67,17,True,27.285714285714285,725.5632857142854,2.52967032967033,1.0,1.0,1.0,1.0,0.0,0.0,Critical,1.0,5,1.0,1.0,0.0,1.0,0.9221092588720988,0.7428571428571429,0.713790651653945,,0.88,0.06444444444444444,0.051111111111111114,0.4807283924806589
2025-11-27,26.0,188.621,2.0,181,47,True,31.0,752.5091428571425,1.87912087912088,1.0,1.0,1.0,1.0,0.0,0.0,Critical,1.0,6,1.0,1.0,0.0,1.0,0.9221092588720988,0.7714285714285714,0.7253977945110878,,0.85,0.06444444444444444,0.051111111111111114,0.4807283924806589
2025-11-28,10.0,147.494,3.0,65,16,True,12.428571428571429,106.1698571428569,1.7736263736263735,1.0,0.6557870178367532,1.0,0.8967361053510259,10.326389464897412,3.4421298216324705,Critical,0.9655787017836753,7,1.0,1.0,0.0,1.0,0.8928511553882229,0.7793472210702053,0.7202245544877723,,0.85,0.06444444444444444,0.051111111111111114,0.4807283924806589
2025-11-29,0.0,0.0,0.0,0,0,False,10.571428571428571,96.0261428571426,1.0967032967032966,0.9487179487179488,0.593131605837226,1.0,0.8522984561101421,14.770154388985793,8.365514617961068,Inactive,0.9163448538203893,0,1.0,1.0,0.0,1.0,0.8510023846194298,0.5498069122922336,0.6149730536056704,0.14953271028037382,,0.06444444444444444,0.051111111111111114,0.4807283924806589
2025-11-30,0.0,0.0,0.0,0,0,False,9.0,69.75228571428546,0.09010989010989,0.8076923076923077,0.4308439765000286,0.1112618724559021,0.5553517212873429,44.46482787126571,23.18712390838297,Inactive,0.7681287609161703,0,1.0,1.0,0.0,1.0,0.7250187056508436,0.4608772565497022,0.5427177083148637,0.14953271028037382,,0.06444444444444444,0.051111111111111114,0.4807283924806589
2025-12-01,12.0,214.129,2.0,223,39,True,10.0,93.21328571428546,-0.9164835164835166,0.8974358974358975,0.5757572281470211,1.0,0.8214451171620551,17.855488283794486,25.696823514681995,Critical,0.7430317648531801,1,1.0,1.0,0.0,1.0,0.703686258997302,0.4743904874833366,0.5420900655912988,,0.6521739130434783,0.06444444444444444,0.051111111111111114,0.4807283924806589
2025-12-02,10.0,57.848,2.0,211,35,True,9.142857142857142,93.60499999999976,-1.5802197802197802,0.8205128205128205,0.5781767580417161,1.0,0.7837094376689251,21.62905623310749,27.98312412938923,Critical,0.7201687587061076,2,1.0,1.0,0.0,1.0,0.6842527037722903,0.4892441123665217,0.5425514929517438,,0.6521739130434783,0.06444444444444444,0.051111111111111114,0.4807283924806589
2025-12-03,28.0,192.483,2.0,221,59,True,12.285714285714286,114.36785714285688,-2.287912087912088,1.0,0.7064241960048638,1.0,0.9119272588014592,8.807274119854092,16.09727287891869,Critical,0.8390272712108131,3,1.0,1.0,0.0,1.0,0.78528243940129,0.5891306484407736,0.6121021606549306,,0.9090909090909091,0.06444444444444444,0.051111111111111114,0.4807283924806589
2025-12-04,30.0,227.576,3.0,243,68,True,12.857142857142858,119.93285714285688,-2.582417582417583,1.0,0.7407979330755562,1.0,0.9222393799226668,7.776062007733309,12.73746412023163,Critical,0.8726253587976837,4,1.0,1.0,0.0,1.0,0.81384081385013,0.6378609295643245,0.6400883712106729,,0.9090909090909091,0.06444444444444444,0.051111111111111114,0.4807283924806589
2025-12-05,21.0,148.33100000000002,2.0,224,45,True,14.428571428571429,120.05242857142832,-2.942857142857142,1.0,0.741536498546694,1.0,0.922460949564008,7.753905043599185,8.112413723728862,Critical,0.9188758627627114,5,1.0,1.0,0.0,1.0,0.8531537422204035,0.6941826605147697,0.6742426347507667,,0.88,0.06444444444444444,0.051111111111111114,0.4807283924806589
2025-12-06,36.0,474.291,2.0,250,62,True,19.571428571428573,187.80828571428543,0.9230769230769232,1.0,1.0,1.0,1.0,0.0,5.176655683777498,Critical,0.948233443162225,6,1.0,1.0,0.0,1.0,0.8781076855599901,0.7403686373259064,0.7001615980526724,,0.88,0.06444444444444444,0.051111111111111114,0.4807283924806589
2025-12-07,13.0,109.668,2.0,177,35,True,21.428571428571427,203.4751428571426,1.553846153846154,1.0,1.0,1.0,1.0,0.0,2.584635014533062,Critical,0.9741536498546693,7,1.0,1.0,0.0,1.0,0.9001398612485678,0.7844921899128017,0.724404841672382,,0.85,0.06444444444444444,0.051111111111111114,0.4807283924806589
2025-12-08,30.0,264.041,2.0,301,86,True,24.0,210.60542857142832,1.3604395604395605,1.0,1.0,1.0,1.0,0.0,0.0,Critical,1.0,8,1.0,1.0,0.0,1.0,0.9221092588720988,0.8285714285714285,0.7486120802253734,,0.85,0.06444444444444444,0.051111111111111114,0.4807283924806589
2025-12-09,33.0,268.682,3.0,1325,75,True,27.285714285714285,240.72457142857115,1.446153846153846,1.0,1.0,1.0,1.0,0.0,0.0,Critical,1.0,9,1.0,1.0,0.0,1.0,0.9221092588720988,0.8571428571428572,0.7602192230825163,,0.9523809523809523,0.06444444444444444,0.051111111111111114,0.4807283924806589
2025-12-10,63.0,543.373,2.0,353,70,True,32.285714285714285,290.851714285714,1.87032967032967,1.0,1.0,1.0,1.0,0.0,0.0,Critical,1.0,10,1.0,1.0,0.0,1.0,0.9221092588720988,0.8857142857142857,0.7718263659396593,,0.9523809523809523,0.06444444444444444,0.051111111111111114,0.4807283924806589
2025-12-11,51.0,493.994,2.0,1296,86,True,35.285714285714285,328.9114285714283,2.747252747252747,1.0,1.0,1.0,1.0,0.0,0.0,Critical,1.0,11,1.0,1.0,0.0,1.0,0.9221092588720988,0.9142857142857143,0.7834335087968021,,0.9523809523809523,0.06444444444444444,0.051111111111111114,0.4807283924806589
2025-12-12,28.0,85.55499999999999,2.0,168,45,True,36.285714285714285,319.9434285714283,3.69010989010989,1.0,1.0,1.0,1.0,0.0,0.0,Critical,1.0,12,1.0,0.0,0.0,1.0,0.9221092588720988,0.9428571428571428,0.7950406516539449,,0.8636363636363636,0.06444444444444444,0.051111111111111114,0.4807283924806589
2025-12-13,27.0,318.044,2.0,1989,57,True,35.0,297.6224285714283,3.3384615384615386,1.0,1.0,1.0,1.0,0.0,0.0,Critical,1.0,13,1.0,0.0,0.0,1.0,0.9221092588720988,0.9714285714285714,0.8066477945110878,,0.8636363636363636,0.06444444444444444,0.051111111111111114,0.4807283924806589
2025-12-14,16.0,120.354,2.0,156,47,True,35.42857142857143,299.1489999999998,2.5494505494505493,1.0,1.0,1.0,1.0,0.0,0.0,Critical,1.0,14,1.0,0.0,0.0,1.0,0.9221092588720988,1.0,0.8182549373682306,,0.7727272727272727,0.06444444444444444,0.051111111111111114,0.4807283924806589
2025-12-15,0.0,0.0,0.0,21,6,True,31.142857142857142,261.4288571428569,1.3274725274725274,1.0,1.0,1.0,1.0,0.0,0.0,Critical,1.0,15,0.0,0.0,0.0,1.0,0.9221092588720988,1.0,0.8182549373682306,,0.7727272727272727,0.06444444444444444,0.051111111111111114,0.4807283924806589
