date,total_episode_count,total_fault_duration_sec,unique_error_codes,motion_event_count,track_event_count,active_flag,rolling_7d_episode_count,rolling_7d_fault_duration,episode_trend_slope_14d,risk_episodes,risk_duration,risk_trend,combined_risk,health_index_raw,health_index,risk_level
2016-02-11,0.0,0.0,0.0,2,0,False,,,0.0,0.0,0.0,0.0,0.0,100.0,100.0,Inactive
2016-02-12,0.0,0.0,0.0,0,0,False,,,0.0,0.0,0.0,0.0,0.0,100.0,100.0,Inactive
2016-02-13,0.0,0.0,0.0,0,0,False,,,0.0,0.0,0.0,0.0,0.0,100.0,100.0,Inactive
2016-02-14,0.0,0.0,0.0,0,0,False,,,0.0,0.0,0.0,0.0,0.0,100.0,100.0,Inactive
2016-02-15,0.0,0.0,0.0,0,0,False,,,0.0,0.0,0.0,0.0,0.0,100.0,100.0,Inactive
2016-02-16,0.0,0.0,0.0,0,0,False,,,0.0,0.0,0.0,0.0,0.0,100.0,100.0,Inactive
2016-02-17,0.0,0.0,0.0,0,0,False,0.0,0.0,0.0,0.0,0.0,0.0,0.0,100.0,100.0,Inactive
2016-02-18,0.0,0.0,0.0,0,0,False,0.0,0.0,0.0,0.0,0.0,0.0,0.0,100.0,100.0,Inactive
2016-02-19,0.0,0.0,0.0,0,0,False,0.0,0.0,0.0,0.0,0.0,0.0,0.0,100.0,100.0,Inactive
2016-02-20,0.0,0.0,0.0,0,0,False,0.0,0.0,0.0,0.0,0.0,0.0,0.0,100.0,100.0,Inactive
2016-02-21,0.0,0.0,0.0,0,0,False,0.0,0.0,0.0,0.0,0.0,0.0,0.0,100.0,100.0,Inactive
2016-02-22,0.0,0.0,0.0,0,0,False,0.0,0.0,0.0,0.0,0.0,0.0,0.0,100.0,100.0,Inactive
2016-02-23,0.0,0.0,0.0,0,0,False,0.0,0.0,0.0,0.0,0.0,0.0,0.0,100.0,100.0,Inactive
2016-02-24,0.0,0.0,0.0,0,0,False,0.0,0.0,0.0,0.0,0.0,0.0,0.0,100.0,100.0,Inactive
2016-02-25,0.0,0.0,0.0,0,0,False,0.0,0.0,0.0,0.0,0.0,0.0,0.0,100.0,100.0,Inactive
2016-02-26,0.0,0.0,0.0,0,0,False,0.0,0.0,0.0,0.0,0.0,0.0,0.0,100.0,100.0,Inactive
2016-02-27,0.0,0.0,0.0,0,0,False,0.0,0.0,0.0,0.0,0.0,0.0,0.0,100.0,100.0,Inactive
2016-02-28,0.0,0.0,0.0,0,0,False,0.0,0.0,0.0,0.0,0.0,0.0,0.0,100.0,100.0,Inactive
2016-02-29,0.0,0.0,0.0,0,0,False,0.0,0.0,0.0,0.0,0.0,0.0,0.0,100.0,100.0,Inactive
2016-03-01,0.0,0.0,0.0,0,0,False,0.0,0.0,0.0,0.0,0.0,0.0,0.0,100.0,100.0,Inactive
2016-03-02,0.0,0.0,0.0,0,0,False,0.0,0.0,0.0,0.0,0.0,0.0,0.0,100.0,100.0,Inactive
2016-03-03,0.0,0.0,0.0,0,0,False,0.0,0.0,0.0,0.0,0.0,0.0,0.0,100.0,100.0,Inactive
2016-03-04,0.0,0.0,0.0,0,0,False,0.0,0.0,0.0,0.0,0.0,0.0,0.0,100.0,100.0,Inactive
2016-03-05,0.0,0.0,0.0,0,0,False,0.0,0.0,0.0,0.0,0.0,0.0,0.0,100.0,100.0,Inactive
2016-03-06,0.0,0.0,0.0,0,0,False,0.0,0.0,0.0,0.0,0.0,0.0,0.0,100.0,100.0,Inactive
2016-03-07,0.0,0.0,0.0,0,0,False,0.0,0.0,0.0,0.0,0.0,0.0,0.0,100.0,100.0,Inactive
2016-03-08,0.0,0.0,0.0,0,0,False,0.0,0.0,0.0,0.0,0.0,0.0,0.0,100.0,100.0,Inactive
2016-03-09,0.0,0.0,0.0,0,0,False,0.0,0.0,0.0,0.0,0.0,0.0,0.0,100.0,100.0,Inactive
2016-03-10,0.0,0.0,0.0,0,0,False,0.0,0.0,0.0,0.0,0.0,0.0,0.0,100.0,100.0,Inactive
2016-03-11,0.0,0.0,0.0,0,0,False,0.0,0.0,0.0,0.0,0.0,0.0,0.0,100.0,100.0,Inactive
2016-03-12,0.0,0.0,0.0,0,0,False,0.0,0.0,0.0,0.0,0.0,0.0,0.0,100.0,100.0,Inactive
2016-03-13,0.0,0.0,0.0,0,0,False,0.0,0.0,0.0,0.0,0.0,0.0,0.0,100.0,100.0,Inactive
2016-03-14,0.0,0.0,0.0,0,0,False,0.0,0.0,0.0,0.0,0.0,0.0,0.0,100.0,100.0,Inactive
2016-03-15,0.0,0.0,0.0,0,0,False,0.0,0.0,0.0,0.0,0.0,0.0,0.0,100.0,100.0,Inactive
2016-03-16,0.0,0.0,0.0,0,0,False,0.0,0.0,0.0,0.0,0.0,0.0,0.0,100.0,100.0,Inactive
2016-03-17,0.0,0.0,0.0,0,0,False,0.0,0.0,0.0,0.0,0.0,0.0,0.0,100.0,100.0,Inactive
2016-03-18,0.0,0.0,0.0,0,0,False,0.0,0.0,0.0,0.0,0.0,0.0,0.0,100.0,100.0,Inactive
2016-03-19,0.0,0.0,0.0,0,0,False,0.0,0.0,0.0,0.0,0.0,0.0,0.0,100.0,100.0,Inactive
2016-03-20,0.0,0.0,0.0,0,0,False,0.0,0.0,0.0,0.0,0.0,0.0,0.0,100.0,100.0,Inactive
2016-03-21,0.0,0.0,0.0,0,0,False,0.0,0.0,0.0,0.0,0.0,0.0,0.0,100.0,100.0,Inactive
2016-03-22,0.0,0.0,0.0,0,0,False,0.0,0.0,0.0,0.0,0.0,0.0,0.0,100.0,100.0,Inactive
2016-03-23,0.0,0.0,0.0,0,0,False,0.0,0.0,0.0,0.0,0.0,0.0,0.0,100.0,100.0,Inactive
2016-03-24,0.0,0.0,0.0,0,0,False,0.0,0.0,0.0,0.0,0.0,0.0,0.0,100.0,100.0,Inactive
2016-03-25,0.0,0.0,0.0,0,0,False,0.0,0.0,0.0,0.0,0.0,0.0,0.0,100.0,100.0,Inactive
2016-03-26,0.0,0.0,0.0,0,0,False,0.0,0.0,0.0,0.0,0.0,0.0,0.0,100.0,100.0,Inactive
2016-03-27,0.0,0.0,0.0,0,0,False,0.0,0.0,0.0,0.0,0.0,0.0,0.0,100.0,100.0,Inactive
2016-03-28,0.0,0.0,0.0,0,0,False,0.0,0.0,0.0,0.0,0.0,0.0,0.0,100.0,100.0,Inactive
2016-03-29,0.0,0.0,0.0,0,0,False,0.0,0.0,0.0,0.0,0.0,0.0,0.0,100.0,100.0,Inactive
2016-03-30,0.0,0.0,0.0,0,0,False,0.0,0.0,0.0,0.0,0.0,0.0,0.0,100.0,100.0,Inactive
2016-03-31,0.0,0.0,0.0,0,0,False,0.0,0.0,0.0,0.0,0.0,0.0,0.0,100.0,100.0,Inactive
2016-04-01,0.0,0.0,0.0,0,0,False,0.0,0.0,0.0,0.0,0.0,0.0,0.0,100.0,100.0,Inactive
2016-04-02,0.0,0.0,0.0,0,0,False,0.0,0.0,0.0,0.0,0.0,0.0,0.0,100.0,100.0,Inactive
2016-04-03,0.0,0.0,0.0,0,0,False,0.0,0.0,0.0,0.0,0.0,0.0,0.0,100.0,100.0,Inactive
2016-04-04,0.0,0.0,0.0,0,0,False,0.0,0.0,0.0,0.0,0.0,0.0,0.0,100.0,100.0,Inactive
2016-04-05,0.0,0.0,0.0,0,0,False,0.0,0.0,0.0,0.0,0.0,0.0,0.0,100.0,100.0,Inactive
2016-04-06,0.0,0.0,0.0,0,0,False,0.0,0.0,0.0,0.0,0.0,0.0,0.0,100.0,100.0,Inactive
2016-04-07,0.0,0.0,0.0,0,0,False,0.0,0.0,0.0,0.0,0.0,0.0,0.0,100.0,100.0,Inactive
2016-04-08,0.0,0.0,0.0,0,0,False,0.0,0.0,0.0,0.0,0.0,0.0,0.0,100.0,100.0,Inactive
2016-04-09,0.0,0.0,0.0,0,0,False,0.0,0.0,0.0,0.0,0.0,0.0,0.0,100.0,100.0,Inactive
2016-04-10,0.0,0.0,0.0,0,0,False,0.0,0.0,0.0,0.0,0.0,0.0,0.0,100.0,100.0,Inactive
2016-04-11,0.0,0.0,0.0,0,0,False,0.0,0.0,0.0,0.0,0.0,0.0,0.0,100.0,100.0,Inactive
2016-04-12,0.0,0.0,0.0,0,0,False,0.0,0.0,0.0,0.0,0.0,0.0,0.0,100.0,100.0,Inactive
2016-04-13,0.0,0.0,0.0,0,0,False,0.0,0.0,0.0,0.0,0.0,0.0,0.0,100.0,100.0,Inactive
2016-04-14,0.0,0.0,0.0,0,0,False,0.0,0.0,0.0,0.0,0.0,0.0,0.0,100.0,100.0,Inactive
2016-04-15,0.0,0.0,0.0,0,0,False,0.0,0.0,0.0,0.0,0.0,0.0,0.0,100.0,100.0,Inactive
2016-04-16,0.0,0.0,0.0,0,0,False,0.0,0.0,0.0,0.0,0.0,0.0,0.0,100.0,100.0,Inactive
2016-04-17,0.0,0.0,0.0,0,0,False,0.0,0.0,0.0,0.0,0.0,0.0,0.0,100.0,100.0,Inactive
2016-04-18,0.0,0.0,0.0,0,0,False,0.0,0.0,0.0,0.0,0.0,0.0,0.0,100.0,100.0,Inactive
2016-04-19,0.0,0.0,0.0,0,0,False,0.0,0.0,0.0,0.0,0.0,0.0,0.0,100.0,100.0,Inactive
2016-04-20,0.0,0.0,0.0,0,0,False,0.0,0.0,0.0,0.0,0.0,0.0,0.0,100.0,100.0,Inactive
2016-04-21,0.0,0.0,0.0,0,0,False,0.0,0.0,0.0,0.0,0.0,0.0,0.0,100.0,100.0,Inactive
2016-04-22,0.0,0.0,0.0,0,0,False,0.0,0.0,0.0,0.0,0.0,0.0,0.0,100.0,100.0,Inactive
2016-04-23,0.0,0.0,0.0,0,0,False,0.0,0.0,0.0,0.0,0.0,0.0,0.0,100.0,100.0,Inactive
2016-04-24,0.0,0.0,0.0,0,0,False,0.0,0.0,0.0,0.0,0.0,0.0,0.0,100.0,100.0,Inactive
2016-04-25,0.0,0.0,0.0,0,0,False,0.0,0.0,0.0,0.0,0.0,0.0,0.0,100.0,100.0,Inactive
2016-04-26,0.0,0.0,0.0,0,0,False,0.0,0.0,0.0,0.0,0.0,0.0,0.0,100.0,100.0,Inactive
2016-04-27,0.0,0.0,0.0,0,0,False,0.0,0.0,0.0,0.0,0.0,0.0,0.0,100.0,100.0,Inactive
2016-04-28,0.0,0.0,0.0,0,0,False,0.0,0.0,0.0,0.0,0.0,0.0,0.0,100.0,100.0,Inactive
2016-04-29,0.0,0.0,0.0,0,0,False,0.0,0.0,0.0,0.0,0.0,0.0,0.0,100.0,100.0,Inactive
2016-04-30,0.0,0.0,0.0,0,0,False,0.0,0.0,0.0,0.0,0.0,0.0,0.0,100.0,100.0,Inactive
2016-05-01,0.0,0.0,0.0,0,0,False,0.0,0.0,0.0,0.0,0.0,0.0,0.0,100.0,100.0,Inactive
2016-05-02,0.0,0.0,0.0,0,0,False,0.0,0.0,0.0,0.0,0.0,0.0,0.0,100.0,100.0,Inactive
2016-05-03,0.0,0.0,0.0,0,0,False,0.0,0.0,0.0,0.0,0.0,0.0,0.0,100.0,100.0,Inactive
2016-05-04,0.0,0.0,0.0,0,0,False,0.0,0.0,0.0,0.0,0.0,0.0,0.0,100.0,100.0,Inactive
2016-05-05,0.0,0.0,0.0,0,0,False,0.0,0.0,0.0,0.0,0.0,0.0,0.0,100.0,100.0,Inactive
2016-05-06,0.0,0.0,0.0,0,0,False,0.0,0.0,0.0,0.0,0.0,0.0,0.0,100.0,100.0,Inactive
2016-05-07,0.0,0.0,0.0,0,0,False,0.0,0.0,0.0,0.0,0.0,0.0,0.0,100.0,100.0,Inactive
2016-05-08,0.0,0.0,0.0,0,0,False,0.0,0.0,0.0,0.0,0.0,0.0,0.0,100.0,100.0,Inactive
2016-05-09,0.0,0.0,0.0,0,0,False,0.0,0.0,0.0,0.0,0.0,0.0,0.0,100.0,100.0,Inactive
2016-05-10,0.0,0.0,0.0,0,0,False,0.0,0.0,0.0,0.0,0.0,0.0,0.0,100.0,100.0,Inactive
2016-05-11,0.0,0.0,0.0,0,0,False,0.0,0.0,0.0,0.0,0.0,0.0,0.0,100.0,100.0,Inactive
2016-05-12,0.0,0.0,0.0,0,0,False,0.0,0.0,0.0,0.0,0.0,0.0,0.0,100.0,100.0,Inactive
2016-05-13,0.0,0.0,0.0,0,0,False,0.0,0.0,0.0,0.0,0.0,0.0,0.0,100.0,100.0,Inactive
2016-05-14,0.0,0.0,0.0,0,0,False,0.0,0.0,0.0,0.0,0.0,0.0,0.0,100.0,100.0,Inactive
2016-05-15,0.0,0.0,0.0,0,0,False,0.0,0.0,0.0,0.0,0.0,0.0,0.0,100.0,100.0,Inactive
2016-05-16,0.0,0.0,0.0,0,0,False,0.0,0.0,0.0,0.0,0.0,0.0,0.0,100.0,100.0,Inactive
2016-05-17,0.0,0.0,0.0,0,0,False,0.0,0.0,0.0,0.0,0.0,0.0,0.0,100.0,100.0,Inactive
2016-05-18,0.0,0.0,0.0,0,0,False,0.0,0.0,0.0,0.0,0.0,0.0,0.0,100.0,100.0,Inactive
2016-05-19,0.0,0.0,0.0,0,0,False,0.0,0.0,0.0,0.0,0.0,0.0,0.0,100.0,100.0,Inactive
2016-05-20,0.0,0.0,0.0,0,0,False,0.0,0.0,0.0,0.0,0.0,0.0,0.0,100.0,100.0,Inactive
2016-05-21,0.0,0.0,0.0,0,0,False,0.0,0.0,0.0,0.0,0.0,0.0,0.0,100.0,100.0,Inactive
2016-05-22,0.0,0.0,0.0,0,0,False,0.0,0.0,0.0,0.0,0.0,0.0,0.0,100.0,100.0,Inactive
2016-05-23,0.0,0.0,0.0,0,0,False,0.0,0.0,0.0,0.0,0.0,0.0,0.0,100.0,100.0,Inactive
2016-05-24,0.0,0.0,0.0,0,0,False,0.0,0.0,0.0,0.0,0.0,0.0,0.0,100.0,100.0,Inactive
2016-05-25,0.0,0.0,0.0,0,0,False,0.0,0.0,0.0,0.0,0.0,0.0,0.0,100.0,100.0,Inactive
2016-05-26,0.0,0.0,0.0,0,0,False,0.0,0.0,0.0,0.0,0.0,0.0,0.0,100.0,100.0,Inactive
2016-05-27,0.0,0.0,0.0,0,0,False,0.0,0.0,0.0,0.0,0.0,0.0,0.0,100.0,100.0,Inactive
2016-05-28,0.0,0.0,0.0,0,0,False,0.0,0.0,0.0,0.0,0.0,0.0,0.0,100.0,100.0,Inactive
2016-05-29,0.0,0.0,0.0,0,0,False,0.0,0.0,0.0,0.0,0.0,0.0,0.0,100.0,100.0,Inactive
2016-05-30,0.0,0.0,0.0,0,0,False,0.0,0.0,0.0,0.0,0.0,0.0,0.0,100.0,100.0,Inactive
2016-05-31,0.0,0.0,0.0,0,0,False,0.0,0.0,0.0,0.0,0.0,0.0,0.0,100.0,100.0,Inactive
2016-06-01,0.0,0.0,0.0,0,0,False,0.0,0.0,0.0,0.0,0.0,0.0,0.0,100.0,100.0,Inactive
2016-06-02,0.0,0.0,0.0,0,0,False,0.0,0.0,0.0,0.0,0.0,0.0,0.0,100.0,100.0,Inactive
2016-06-03,0.0,0.0,0.0,0,0,False,0.0,0.0,0.0,0.0,0.0,0.0,0.0,100.0,100.0,Inactive
2016-06-04,0.0,0.0,0.0,0,0,False,0.0,0.0,0.0,0.0,0.0,0.0,0.0,100.0,100.0,Inactive
2016-06-05,0.0,0.0,0.0,0,0,False,0.0,0.0,0.0,0.0,0.0,0.0,0.0,100.0,100.0,Inactive
2016-06-06,0.0,0.0,0.0,0,0,False,0.0,0.0,0.0,0.0,0.0,0.0,0.0,100.0,100.0,Inactive
2016-06-07,0.0,0.0,0.0,0,0,False,0.0,0.0,0.0,0.0,0.0,0.0,0.0,100.0,100.0,Inactive
2016-06-08,0.0,0.0,0.0,0,0,False,0.0,0.0,0.0,0.0,0.0,0.0,0.0,100.0,100.0,Inactive
2016-06-09,0.0,0.0,0.0,0,0,False,0.0,0.0,0.0,0.0,0.0,0.0,0.0,100.0,100.0,Inactive
2016-06-10,0.0,0.0,0.0,0,0,False,0.0,0.0,0.0,0.0,0.0,0.0,0.0,100.0,100.0,Inactive
2016-06-11,0.0,0.0,0.0,0,0,False,0.0,0.0,0.0,0.0,0.0,0.0,0.0,100.0,100.0,Inactive
2016-06-12,0.0,0.0,0.0,0,0,False,0.0,0.0,0.0,0.0,0.0,0.0,0.0,100.0,100.0,Inactive
2016-06-13,0.0,0.0,0.0,0,0,False,0.0,0.0,0.0,0.0,0.0,0.0,0.0,100.0,100.0,Inactive
2016-06-14,0.0,0.0,0.0,0,0,False,0.0,0.0,0.0,0.0,0.0,0.0,0.0,100.0,100.0,Inactive
2016-06-15,0.0,0.0,0.0,0,0,False,0.0,0.0,0.0,0.0,0.0,0.0,0.0,100.0,100.0,Inactive
2016-06-16,0.0,0.0,0.0,0,0,False,0.0,0.0,0.0,0.0,0.0,0.0,0.0,100.0,100.0,Inactive
2016-06-17,0.0,0.0,0.0,0,0,False,0.0,0.0,0.0,0.0,0.0,0.0,0.0,100.0,100.0,Inactive
2016-06-18,0.0,0.0,0.0,0,0,False,0.0,0.0,0.0,0.0,0.0,0.0,0.0,100.0,100.0,Inactive
2016-06-19,0.0,0.0,0.0,0,0,False,0.0,0.0,0.0,0.0,0.0,0.0,0.0,100.0,100.0,Inactive
2016-06-20,0.0,0.0,0.0,0,0,False,0.0,0.0,0.0,0.0,0.0,0.0,0.0,100.0,100.0,Inactive
2016-06-21,0.0,0.0,0.0,0,0,False,0.0,0.0,0.0,0.0,0.0,0.0,0.0,100.0,100.0,Inactive
2016-06-22,0.0,0.0,0.0,0,0,False,0.0,0.0,0.0,0.0,0.0,0.0,0.0,100.0,100.0,Inactive
2016-06-23,0.0,0.0,0.0,0,0,False,0.0,0.0,0.0,0.0,0.0,0.0,0.0,100.0,100.0,Inactive
2016-06-24,0.0,0.0,0.0,0,0,False,0.0,0.0,0.0,0.0,0.0,0.0,0.0,100.0,100.0,Inactive
2016-06-25,0.0,0.0,0.0,0,0,False,0.0,0.0,0.0,0.0,0.0,0.0,0.0,100.0,100.0,Inactive
2016-06-26,0.0,0.0,0.0,0,0,False,0.0,0.0,0.0,0.0,0.0,0.0,0.0,100.0,100.0,Inactive
2016-06-27,0.0,0.0,0.0,0,0,False,0.0,0.0,0.0,0.0,0.0,0.0,0.0,100.0,100.0,Inactive
2016-06-28,0.0,0.0,0.0,0,0,False,0.0,0.0,0.0,0.0,0.0,0.0,0.0,100.0,100.0,Inactive
2016-06-29,0.0,0.0,0.0,0,0,False,0.0,0.0,0.0,0.0,0.0,0.0,0.0,100.0,100.0,Inactive
2016-06-30,0.0,0.0,0.0,0,0,False,0.0,0.0,0.0,0.0,0.0,0.0,0.0,100.0,100.0,Inactive
2016-07-01,0.0,0.0,0.0,0,0,False,0.0,0.0,0.0,0.0,0.0,0.0,0.0,100.0,100.0,Inactive
2016-07-02,0.0,0.0,0.0,0,0,False,0.0,0.0,0.0,0.0,0.0,0.0,0.0,100.0,100.0,Inactive
2016-07-03,0.0,0.0,0.0,0,0,False,0.0,0.0,0.0,0.0,0.0,0.0,0.0,100.0,100.0,Inactive
2016-07-04,0.0,0.0,0.0,0,0,False,0.0,0.0,0.0,0.0,0.0,0.0,0.0,100.0,100.0,Inactive
2016-07-05,0.0,0.0,0.0,0,0,False,0.0,0.0,0.0,0.0,0.0,0.0,0.0,100.0,100.0,Inactive
2016-07-06,0.0,0.0,0.0,0,0,False,0.0,0.0,0.0,0.0,0.0,0.0,0.0,100.0,100.0,Inactive
2016-07-07,0.0,0.0,0.0,0,0,False,0.0,0.0,0.0,0.0,0.0,0.0,0.0,100.0,100.0,Inactive
2016-07-08,0.0,0.0,0.0,0,0,False,0.0,0.0,0.0,0.0,0.0,0.0,0.0,100.0,100.0,Inactive
2016-07-09,0.0,0.0,0.0,0,0,False,0.0,0.0,0.0,0.0,0.0,0.0,0.0,100.0,100.0,Inactive
2016-07-10,0.0,0.0,0.0,0,0,False,0.0,0.0,0.0,0.0,0.0,0.0,0.0,100.0,100.0,Inactive
2016-07-11,0.0,0.0,0.0,0,0,False,0.0,0.0,0.0,0.0,0.0,0.0,0.0,100.0,100.0,Inactive
2016-07-12,0.0,0.0,0.0,0,0,False,0.0,0.0,0.0,0.0,0.0,0.0,0.0,100.0,100.0,Inactive
2016-07-13,0.0,0.0,0.0,0,0,False,0.0,0.0,0.0,0.0,0.0,0.0,0.0,100.0,100.0,Inactive
2016-07-14,0.0,0.0,0.0,0,0,False,0.0,0.0,0.0,0.0,0.0,0.0,0.0,100.0,100.0,Inactive
2016-07-15,0.0,0.0,0.0,0,0,False,0.0,0.0,0.0,0.0,0.0,0.0,0.0,100.0,100.0,Inactive
2016-07-16,0.0,0.0,0.0,0,0,False,0.0,0.0,0.0,0.0,0.0,0.0,0.0,100.0,100.0,Inactive
2016-07-17,0.0,0.0,0.0,0,0,False,0.0,0.0,0.0,0.0,0.0,0.0,0.0,100.0,100.0,Inactive
2016-07-18,0.0,0.0,0.0,0,0,False,0.0,0.0,0.0,0.0,0.0,0.0,0.0,100.0,100.0,Inactive
2016-07-19,0.0,0.0,0.0,0,0,False,0.0,0.0,0.0,0.0,0.0,0.0,0.0,100.0,100.0,Inactive
2016-07-20,0.0,0.0,0.0,0,0,False,0.0,0.0,0.0,0.0,0.0,0.0,0.0,100.0,100.0,Inactive
2016-07-21,0.0,0.0,0.0,0,0,False,0.0,0.0,0.0,0.0,0.0,0.0,0.0,100.0,100.0,Inactive
2016-07-22,0.0,0.0,0.0,0,0,False,0.0,0.0,0.0,0.0,0.0,0.0,0.0,100.0,100.0,Inactive
2016-07-23,0.0,0.0,0.0,0,0,False,0.0,0.0,0.0,0.0,0.0,0.0,0.0,100.0,100.0,Inactive
2016-07-24,0.0,0.0,0.0,0,0,False,0.0,0.0,0.0,0.0,0.0,0.0,0.0,100.0,100.0,Inactive
2016-07-25,0.0,0.0,0.0,0,0,False,0.0,0.0,0.0,0.0,0.0,0.0,0.0,100.0,100.0,Inactive
2016-07-26,0.0,0.0,0.0,0,0,False,0.0,0.0,0.0,0.0,0.0,0.0,0.0,100.0,100.0,Inactive
2016-07-27,0.0,0.0,0.0,0,0,False,0.0,0.0,0.0,0.0,0.0,0.0,0.0,100.0,100.0,Inactive
2016-07-28,0.0,0.0,0.0,0,0,False,0.0,0.0,0.0,0.0,0.0,0.0,0.0,100.0,100.0,Inactive
2016-07-29,0.0,0.0,0.0,0,0,False,0.0,0.0,0.0,0.0,0.0,0.0,0.0,100.0,100.0,Inactive
2016-07-30,0.0,0.0,0.0,0,0,False,0.0,0.0,0.0,0.0,0.0,0.0,0.0,100.0,100.0,Inactive
2016-07-31,0.0,0.0,0.0,0,0,False,0.0,0.0,0.0,0.0,0.0,0.0,0.0,100.0,100.0,Inactive
2016-08-01,0.0,0.0,0.0,0,0,False,0.0,0.0,0.0,0.0,0.0,0.0,0.0,100.0,100.0,Inactive
2016-08-02,0.0,0.0,0.0,0,0,False,0.0,0.0,0.0,0.0,0.0,0.0,0.0,100.0,100.0,Inactive
2016-08-03,0.0,0.0,0.0,0,0,False,0.0,0.0,0.0,0.0,0.0,0.0,0.0,100.0,100.0,Inactive
2016-08-04,0.0,0.0,0.0,0,0,False,0.0,0.0,0.0,0.0,0.0,0.0,0.0,100.0,100.0,Inactive
2016-08-05,0.0,0.0,0.0,0,0,False,0.0,0.0,0.0,0.0,0.0,0.0,0.0,100.0,100.0,Inactive
2016-08-06,0.0,0.0,0.0,0,0,False,0.0,0.0,0.0,0.0,0.0,0.0,0.0,100.0,100.0,Inactive
2016-08-07,0.0,0.0,0.0,0,0,False,0.0,0.0,0.0,0.0,0.0,0.0,0.0,100.0,100.0,Inactive
2016-08-08,0.0,0.0,0.0,0,0,False,0.0,0.0,0.0,0.0,0.0,0.0,0.0,100.0,100.0,Inactive
2016-08-09,0.0,0.0,0.0,0,0,False,0.0,0.0,0.0,0.0,0.0,0.0,0.0,100.0,100.0,Inactive
2016-08-10,0.0,0.0,0.0,0,0,False,0.0,0.0,0.0,0.0,0.0,0.0,0.0,100.0,100.0,Inactive
2016-08-11,0.0,0.0,0.0,0,0,False,0.0,0.0,0.0,0.0,0.0,0.0,0.0,100.0,100.0,Inactive
2016-08-12,0.0,0.0,0.0,0,0,False,0.0,0.0,0.0,0.0,0.0,0.0,0.0,100.0,100.0,Inactive
2016-08-13,0.0,0.0,0.0,0,0,False,0.0,0.0,0.0,0.0,0.0,0.0,0.0,100.0,100.0,Inactive
2016-08-14,0.0,0.0,0.0,0,0,False,0.0,0.0,0.0,0.0,0.0,0.0,0.0,100.0,100.0,Inactive
2016-08-15,0.0,0.0,0.0,0,0,False,0.0,0.0,0.0,0.0,0.0,0.0,0.0,100.0,100.0,Inactive
2016-08-16,0.0,0.0,0.0,0,0,False,0.0,0.0,0.0,0.0,0.0,0.0,0.0,100.0,100.0,Inactive
2016-08-17,0.0,0.0,0.0,0,0,False,0.0,0.0,0.0,0.0,0.0,0.0,0.0,100.0,100.0,Inactive
2016-08-18,0.0,0.0,0.0,0,0,False,0.0,0.0,0.0,0.0,0.0,0.0,0.0,100.0,100.0,Inactive
2016-08-19,0.0,0.0,0.0,0,0,False,0.0,0.0,0.0,0.0,0.0,0.0,0.0,100.0,100.0,Inactive
2016-08-20,0.0,0.0,0.0,0,0,False,0.0,0.0,0.0,0.0,0.0,0.0,0.0,100.0,100.0,Inactive
2016-08-21,0.0,0.0,0.0,0,0,False,0.0,0.0,0.0,0.0,0.0,0.0,0.0,100.0,100.0,Inactive
2016-08-22,0.0,0.0,0.0,0,0,False,0.0,0.0,0.0,0.0,0.0,0.0,0.0,100.0,100.0,Inactive
2016-08-23,0.0,0.0,0.0,0,0,False,0.0,0.0,0.0,0.0,0.0,0.0,0.0,100.0,100.0,Inactive
2016-08-24,0.0,0.0,0.0,0,0,False,0.0,0.0,0.0,0.0,0.0,0.0,0.0,100.0,100.0,Inactive
2016-08-25,0.0,0.0,0.0,0,0,False,0.0,0.0,0.0,0.0,0.0,0.0,0.0,100.0,100.0,Inactive
2016-08-26,0.0,0.0,0.0,0,0,False,0.0,0.0,0.0,0.0,0.0,0.0,0.0,100.0,100.0,Inactive
2016-08-27,0.0,0.0,0.0,0,0,False,0.0,0.0,0.0,0.0,0.0,0.0,0.0,100.0,100.0,Inactive
2016-08-28,0.0,0.0,0.0,0,0,False,0.0,0.0,0.0,0.0,0.0,0.0,0.0,100.0,100.0,Inactive
2016-08-29,0.0,0.0,0.0,0,0,False,0.0,0.0,0.0,0.0,0.0,0.0,0.0,100.0,100.0,Inactive
2016-08-30,0.0,0.0,0.0,0,0,False,0.0,0.0,0.0,0.0,0.0,0.0,0.0,100.0,100.0,Inactive
2016-08-31,0.0,0.0,0.0,0,0,False,0.0,0.0,0.0,0.0,0.0,0.0,0.0,100.0,100.0,Inactive
2016-09-01,0.0,0.0,0.0,0,0,False,0.0,0.0,0.0,0.0,0.0,0.0,0.0,100.0,100.0,Inactive
2016-09-02,0.0,0.0,0.0,0,0,False,0.0,0.0,0.0,0.0,0.0,0.0,0.0,100.0,100.0,Inactive
2016-09-03,0.0,0.0,0.0,0,0,False,0.0,0.0,0.0,0.0,0.0,0.0,0.0,100.0,100.0,Inactive
2016-09-04,0.0,0.0,0.0,0,0,False,0.0,0.0,0.0,0.0,0.0,0.0,0.0,100.0,100.0,Inactive
2016-09-05,0.0,0.0,0.0,0,0,False,0.0,0.0,0.0,0.0,0.0,0.0,0.0,100.0,100.0,Inactive
2016-09-06,0.0,0.0,0.0,0,0,False,0.0,0.0,0.0,0.0,0.0,0.0,0.0,100.0,100.0,Inactive
2016-09-07,0.0,0.0,0.0,0,0,False,0.0,0.0,0.0,0.0,0.0,0.0,0.0,100.0,100.0,Inactive
2016-09-08,0.0,0.0,0.0,0,0,False,0.0,0.0,0.0,0.0,0.0,0.0,0.0,100.0,100.0,Inactive
2016-09-09,0.0,0.0,0.0,0,0,False,0.0,0.0,0.0,0.0,0.0,0.0,0.0,100.0,100.0,Inactive
2016-09-10,0.0,0.0,0.0,0,0,False,0.0,0.0,0.0,0.0,0.0,0.0,0.0,100.0,100.0,Inactive
2016-09-11,0.0,0.0,0.0,0,0,False,0.0,0.0,0.0,0.0,0.0,0.0,0.0,100.0,100.0,Inactive
2016-09-12,0.0,0.0,0.0,0,0,False,0.0,0.0,0.0,0.0,0.0,0.0,0.0,100.0,100.0,Inactive
2016-09-13,0.0,0.0,0.0,0,0,False,0.0,0.0,0.0,0.0,0.0,0.0,0.0,100.0,100.0,Inactive
2016-09-14,0.0,0.0,0.0,0,0,False,0.0,0.0,0.0,0.0,0.0,0.0,0.0,100.0,100.0,Inactive
2016-09-15,0.0,0.0,0.0,0,0,False,0.0,0.0,0.0,0.0,0.0,0.0,0.0,100.0,100.0,Inactive
2016-09-16,0.0,0.0,0.0,0,0,False,0.0,0.0,0.0,0.0,0.0,0.0,0.0,100.0,100.0,Inactive
2016-09-17,0.0,0.0,0.0,0,0,False,0.0,0.0,0.0,0.0,0.0,0.0,0.0,100.0,100.0,Inactive
2016-09-18,0.0,0.0,0.0,0,0,False,0.0,0.0,0.0,0.0,0.0,0.0,0.0,100.0,100.0,Inactive
2016-09-19,0.0,0.0,0.0,0,0,False,0.0,0.0,0.0,0.0,0.0,0.0,0.0,100.0,100.0,Inactive
2016-09-20,0.0,0.0,0.0,0,0,False,0.0,0.0,0.0,0.0,0.0,0.0,0.0,100.0,100.0,Inactive
2016-09-21,0.0,0.0,0.0,0,0,False,0.0,0.0,0.0,0.0,0.0,0.0,0.0,100.0,100.0,Inactive
2016-09-22,0.0,0.0,0.0,0,0,False,0.0,0.0,0.0,0.0,0.0,0.0,0.0,100.0,100.0,Inactive
2016-09-23,0.0,0.0,0.0,0,0,False,0.0,0.0,0.0,0.0,0.0,0.0,0.0,100.0,100.0,Inactive
2016-09-24,0.0,0.0,0.0,0,0,False,0.0,0.0,0.0,0.0,0.0,0.0,0.0,100.0,100.0,Inactive
2016-09-25,0.0,0.0,0.0,0,0,False,0.0,0.0,0.0,0.0,0.0,0.0,0.0,100.0,100.0,Inactive
2016-09-26,0.0,0.0,0.0,0,0,False,0.0,0.0,0.0,0.0,0.0,0.0,0.0,100.0,100.0,Inactive
2016-09-27,0.0,0.0,0.0,0,0,False,0.0,0.0,0.0,0.0,0.0,0.0,0.0,100.0,100.0,Inactive
2016-09-28,0.0,0.0,0.0,0,0,False,0.0,0.0,0.0,0.0,0.0,0.0,0.0,100.0,100.0,Inactive
2016-09-29,0.0,0.0,0.0,0,0,False,0.0,0.0,0.0,0.0,0.0,0.0,0.0,100.0,100.0,Inactive
2016-09-30,0.0,0.0,0.0,0,0,False,0.0,0.0,0.0,0.0,0.0,0.0,0.0,100.0,100.0,Inactive
2016-10-01,0.0,0.0,0.0,0,0,False,0.0,0.0,0.0,0.0,0.0,0.0,0.0,100.0,100.0,Inactive
2016-10-02,0.0,0.0,0.0,0,0,False,0.0,0.0,0.0,0.0,0.0,0.0,0.0,100.0,100.0,Inactive
2016-10-03,0.0,0.0,0.0,0,0,False,0.0,0.0,0.0,0.0,0.0,0.0,0.0,100.0,100.0,Inactive
2016-10-04,0.0,0.0,0.0,0,0,False,0.0,0.0,0.0,0.0,0.0,0.0,0.0,100.0,100.0,Inactive
2016-10-05,0.0,0.0,0.0,0,0,False,0.0,0.0,0.0,0.0,0.0,0.0,0.0,100.0,100.0,Inactive
2016-10-06,0.0,0.0,0.0,0,0,False,0.0,0.0,0.0,0.0,0.0,0.0,0.0,100.0,100.0,Inactive
2016-10-07,0.0,0.0,0.0,0,0,False,0.0,0.0,0.0,0.0,0.0,0.0,0.0,100.0,100.0,Inactive
2016-10-08,0.0,0.0,0.0,0,0,False,0.0,0.0,0.0,0.0,0.0,0.0,0.0,100.0,100.0,Inactive
2016-10-09,0.0,0.0,0.0,0,0,False,0.0,0.0,0.0,0.0,0.0,0.0,0.0,100.0,100.0,Inactive
2016-10-10,0.0,0.0,0.0,0,0,False,0.0,0.0,0.0,0.0,0.0,0.0,0.0,100.0,100.0,Inactive
2016-10-11,0.0,0.0,0.0,0,0,False,0.0,0.0,0.0,0.0,0.0,0.0,0.0,100.0,100.0,Inactive
2016-10-12,0.0,0.0,0.0,0,0,False,0.0,0.0,0.0,0.0,0.0,0.0,0.0,100.0,100.0,Inactive
2016-10-13,0.0,0.0,0.0,0,0,False,0.0,0.0,0.0,0.0,0.0,0.0,0.0,100.0,100.0,Inactive
2016-10-14,0.0,0.0,0.0,0,0,False,0.0,0.0,0.0,0.0,0.0,0.0,0.0,100.0,100.0,Inactive
2016-10-15,0.0,0.0,0.0,0,0,False,0.0,0.0,0.0,0.0,0.0,0.0,0.0,100.0,100.0,Inactive
2016-10-16,0.0,0.0,0.0,0,0,False,0.0,0.0,0.0,0.0,0.0,0.0,0.0,100.0,100.0,Inactive
2016-10-17,0.0,0.0,0.0,0,0,False,0.0,0.0,0.0,0.0,0.0,0.0,0.0,100.0,100.0,Inactive
2016-10-18,0.0,0.0,0.0,0,0,False,0.0,0.0,0.0,0.0,0.0,0.0,0.0,100.0,100.0,Inactive
2016-10-19,0.0,0.0,0.0,0,0,False,0.0,0.0,0.0,0.0,0.0,0.0,0.0,100.0,100.0,Inactive
2016-10-20,0.0,0.0,0.0,0,0,False,0.0,0.0,0.0,0.0,0.0,0.0,0.0,100.0,100.0,Inactive
2016-10-21,0.0,0.0,0.0,0,0,False,0.0,0.0,0.0,0.0,0.0,0.0,0.0,100.0,100.0,Inactive
2016-10-22,0.0,0.0,0.0,0,0,False,0.0,0.0,0.0,0.0,0.0,0.0,0.0,100.0,100.0,Inactive
2016-10-23,0.0,0.0,0.0,0,0,False,0.0,0.0,0.0,0.0,0.0,0.0,0.0,100.0,100.0,Inactive
2016-10-24,0.0,0.0,0.0,0,0,False,0.0,0.0,0.0,0.0,0.0,0.0,0.0,100.0,100.0,Inactive
2016-10-25,0.0,0.0,0.0,0,0,False,0.0,0.0,0.0,0.0,0.0,0.0,0.0,100.0,100.0,Inactive
2016-10-26,0.0,0.0,0.0,0,0,False,0.0,0.0,0.0,0.0,0.0,0.0,0.0,100.0,100.0,Inactive
2016-10-27,0.0,0.0,0.0,0,0,False,0.0,0.0,0.0,0.0,0.0,0.0,0.0,100.0,100.0,Inactive
2016-10-28,0.0,0.0,0.0,0,0,False,0.0,0.0,0.0,0.0,0.0,0.0,0.0,100.0,100.0,Inactive
2016-10-29,0.0,0.0,0.0,0,0,False,0.0,0.0,0.0,0.0,0.0,0.0,0.0,100.0,100.0,Inactive
2016-10-30,0.0,0.0,0.0,0,0,False,0.0,0.0,0.0,0.0,0.0,0.0,0.0,100.0,100.0,Inactive
2016-10-31,0.0,0.0,0.0,0,0,False,0.0,0.0,0.0,0.0,0.0,0.0,0.0,100.0,100.0,Inactive
2016-11-01,0.0,0.0,0.0,0,0,False,0.0,0.0,0.0,0.0,0.0,0.0,0.0,100.0,100.0,Inactive
2016-11-02,0.0,0.0,0.0,0,0,False,0.0,0.0,0.0,0.0,0.0,0.0,0.0,100.0,100.0,Inactive
2016-11-03,0.0,0.0,0.0,0,0,False,0.0,0.0,0.0,0.0,0.0,0.0,0.0,100.0,100.0,Inactive
2016-11-04,0.0,0.0,0.0,0,0,False,0.0,0.0,0.0,0.0,0.0,0.0,0.0,100.0,100.0,Inactive
2016-11-05,0.0,0.0,0.0,0,0,False,0.0,0.0,0.0,0.0,0.0,0.0,0.0,100.0,100.0,Inactive
2016-11-06,0.0,0.0,0.0,0,0,False,0.0,0.0,0.0,0.0,0.0,0.0,0.0,100.0,100.0,Inactive
2016-11-07,0.0,0.0,0.0,0,0,False,0.0,0.0,0.0,0.0,0.0,0.0,0.0,100.0,100.0,Inactive
2016-11-08,0.0,0.0,0.0,0,0,False,0.0,0.0,0.0,0.0,0.0,0.0,0.0,100.0,100.0,Inactive
2016-11-09,0.0,0.0,0.0,0,0,False,0.0,0.0,0.0,0.0,0.0,0.0,0.0,100.0,100.0,Inactive
2016-11-10,0.0,0.0,0.0,0,0,False,0.0,0.0,0.0,0.0,0.0,0.0,0.0,100.0,100.0,Inactive
2016-11-11,0.0,0.0,0.0,0,0,False,0.0,0.0,0.0,0.0,0.0,0.0,0.0,100.0,100.0,Inactive
2016-11-12,0.0,0.0,0.0,0,0,False,0.0,0.0,0.0,0.0,0.0,0.0,0.0,100.0,100.0,Inactive
2016-11-13,0.0,0.0,0.0,0,0,False,0.0,0.0,0.0,0.0,0.0,0.0,0.0,100.0,100.0,Inactive
2016-11-14,0.0,0.0,0.0,0,0,False,0.0,0.0,0.0,0.0,0.0,0.0,0.0,100.0,100.0,Inactive
2016-11-15,0.0,0.0,0.0,0,0,False,0.0,0.0,0.0,0.0,0.0,0.0,0.0,100.0,100.0,Inactive
2016-11-16,0.0,0.0,0.0,0,0,False,0.0,0.0,0.0,0.0,0.0,0.0,0.0,100.0,100.0,Inactive
2016-11-17,0.0,0.0,0.0,0,0,False,0.0,0.0,0.0,0.0,0.0,0.0,0.0,100.0,100.0,Inactive
2016-11-18,0.0,0.0,0.0,0,0,False,0.0,0.0,0.0,0.0,0.0,0.0,0.0,100.0,100.0,Inactive
2016-11-19,0.0,0.0,0.0,0,0,False,0.0,0.0,0.0,0.0,0.0,0.0,0.0,100.0,100.0,Inactive
2016-11-20,0.0,0.0,0.0,0,0,False,0.0,0.0,0.0,0.0,0.0,0.0,0.0,100.0,100.0,Inactive
2016-11-21,0.0,0.0,0.0,0,0,False,0.0,0.0,0.0,0.0,0.0,0.0,0.0,100.0,100.0,Inactive
2016-11-22,0.0,0.0,0.0,0,0,False,0.0,0.0,0.0,0.0,0.0,0.0,0.0,100.0,100.0,Inactive
2016-11-23,0.0,0.0,0.0,0,0,False,0.0,0.0,0.0,0.0,0.0,0.0,0.0,100.0,100.0,Inactive
2016-11-24,0.0,0.0,0.0,0,0,False,0.0,0.0,0.0,0.0,0.0,0.0,0.0,100.0,100.0,Inactive
2016-11-25,0.0,0.0,0.0,0,0,False,0.0,0.0,0.0,0.0,0.0,0.0,0.0,100.0,100.0,Inactive
2016-11-26,0.0,0.0,0.0,0,0,False,0.0,0.0,0.0,0.0,0.0,0.0,0.0,100.0,100.0,Inactive
2016-11-27,0.0,0.0,0.0,0,0,False,0.0,0.0,0.0,0.0,0.0,0.0,0.0,100.0,100.0,Inactive
2016-11-28,0.0,0.0,0.0,0,0,False,0.0,0.0,0.0,0.0,0.0,0.0,0.0,100.0,100.0,Inactive
2016-11-29,0.0,0.0,0.0,0,0,False,0.0,0.0,0.0,0.0,0.0,0.0,0.0,100.0,100.0,Inactive
2016-11-30,0.0,0.0,0.0,0,0,False,0.0,0.0,0.0,0.0,0.0,0.0,0.0,100.0,100.0,Inactive
2016-12-01,0.0,0.0,0.0,0,0,False,0.0,0.0,0.0,0.0,0.0,0.0,0.0,100.0,100.0,Inactive
2016-12-02,0.0,0.0,0.0,0,0,False,0.0,0.0,0.0,0.0,0.0,0.0,0.0,100.0,100.0,Inactive
2016-12-03,0.0,0.0,0.0,0,0,False,0.0,0.0,0.0,0.0,0.0,0.0,0.0,100.0,100.0,Inactive
2016-12-04,0.0,0.0,0.0,0,0,False,0.0,0.0,0.0,0.0,0.0,0.0,0.0,100.0,100.0,Inactive
2016-12-05,0.0,0.0,0.0,0,0,False,0.0,0.0,0.0,0.0,0.0,0.0,0.0,100.0,100.0,Inactive
2016-12-06,0.0,0.0,0.0,0,0,False,0.0,0.0,0.0,0.0,0.0,0.0,0.0,100.0,100.0,Inactive
2016-12-07,0.0,0.0,0.0,0,0,False,0.0,0.0,0.0,0.0,0.0,0.0,0.0,100.0,100.0,Inactive
2016-12-08,0.0,0.0,0.0,0,0,False,0.0,0.0,0.0,0.0,0.0,0.0,0.0,100.0,100.0,Inactive
2016-12-09,0.0,0.0,0.0,0,0,False,0.0,0.0,0.0,0.0,0.0,0.0,0.0,100.0,100.0,Inactive
2016-12-10,0.0,0.0,0.0,0,0,False,0.0,0.0,0.0,0.0,0.0,0.0,0.0,100.0,100.0,Inactive
2016-12-11,0.0,0.0,0.0,0,0,False,0.0,0.0,0.0,0.0,0.0,0.0,0.0,100.0,100.0,Inactive
2016-12-12,0.0,0.0,0.0,0,0,False,0.0,0.0,0.0,0.0,0.0,0.0,0.0,100.0,100.0,Inactive
2016-12-13,0.0,0.0,0.0,0,0,False,0.0,0.0,0.0,0.0,0.0,0.0,0.0,100.0,100.0,Inactive
2016-12-14,0.0,0.0,0.0,0,0,False,0.0,0.0,0.0,0.0,0.0,0.0,0.0,100.0,100.0,Inactive
2016-12-15,0.0,0.0,0.0,0,0,False,0.0,0.0,0.0,0.0,0.0,0.0,0.0,100.0,100.0,Inactive
2016-12-16,0.0,0.0,0.0,0,0,False,0.0,0.0,0.0,0.0,0.0,0.0,0.0,100.0,100.0,Inactive
2016-12-17,0.0,0.0,0.0,0,0,False,0.0,0.0,0.0,0.0,0.0,0.0,0.0,100.0,100.0,Inactive
2016-12-18,0.0,0.0,0.0,0,0,False,0.0,0.0,0.0,0.0,0.0,0.0,0.0,100.0,100.0,Inactive
2016-12-19,0.0,0.0,0.0,0,0,False,0.0,0.0,0.0,0.0,0.0,0.0,0.0,100.0,100.0,Inactive
2016-12-20,0.0,0.0,0.0,0,0,False,0.0,0.0,0.0,0.0,0.0,0.0,0.0,100.0,100.0,Inactive
2016-12-21,0.0,0.0,0.0,0,0,False,0.0,0.0,0.0,0.0,0.0,0.0,0.0,100.0,100.0,Inactive
2016-12-22,0.0,0.0,0.0,0,0,False,0.0,0.0,0.0,0.0,0.0,0.0,0.0,100.0,100.0,Inactive
2016-12-23,0.0,0.0,0.0,0,0,False,0.0,0.0,0.0,0.0,0.0,0.0,0.0,100.0,100.0,Inactive
2016-12-24,0.0,0.0,0.0,0,0,False,0.0,0.0,0.0,0.0,0.0,0.0,0.0,100.0,100.0,Inactive
2016-12-25,0.0,0.0,0.0,0,0,False,0.0,0.0,0.0,0.0,0.0,0.0,0.0,100.0,100.0,Inactive
2016-12-26,0.0,0.0,0.0,0,0,False,0.0,0.0,0.0,0.0,0.0,0.0,0.0,100.0,100.0,Inactive
2016-12-27,0.0,0.0,0.0,0,0,False,0.0,0.0,0.0,0.0,0.0,0.0,0.0,100.0,100.0,Inactive
2016-12-28,0.0,0.0,0.0,0,0,False,0.0,0.0,0.0,0.0,0.0,0.0,0.0,100.0,100.0,Inactive
2016-12-29,0.0,0.0,0.0,0,0,False,0.0,0.0,0.0,0.0,0.0,0.0,0.0,100.0,100.0,Inactive
2016-12-30,0.0,0.0,0.0,0,0,False,0.0,0.0,0.0,0.0,0.0,0.0,0.0,100.0,100.0,Inactive
2016-12-31,0.0,0.0,0.0,0,0,False,0.0,0.0,0.0,0.0,0.0,0.0,0.0,100.0,100.0,Inactive
2017-01-01,0.0,0.0,0.0,0,0,False,0.0,0.0,0.0,0.0,0.0,0.0,0.0,100.0,100.0,Inactive
2017-01-02,0.0,0.0,0.0,0,0,False,0.0,0.0,0.0,0.0,0.0,0.0,0.0,100.0,100.0,Inactive
2017-01-03,0.0,0.0,0.0,0,0,False,0.0,0.0,0.0,0.0,0.0,0.0,0.0,100.0,100.0,Inactive
2017-01-04,0.0,0.0,0.0,0,0,False,0.0,0.0,0.0,0.0,0.0,0.0,0.0,100.0,100.0,Inactive
2017-01-05,0.0,0.0,0.0,0,0,False,0.0,0.0,0.0,0.0,0.0,0.0,0.0,100.0,100.0,Inactive
2017-01-06,0.0,0.0,0.0,0,0,False,0.0,0.0,0.0,0.0,0.0,0.0,0.0,100.0,100.0,Inactive
2017-01-07,0.0,0.0,0.0,0,0,False,0.0,0.0,0.0,0.0,0.0,0.0,0.0,100.0,100.0,Inactive
2017-01-08,0.0,0.0,0.0,0,0,False,0.0,0.0,0.0,0.0,0.0,0.0,0.0,100.0,100.0,Inactive
2017-01-09,0.0,0.0,0.0,0,0,False,0.0,0.0,0.0,0.0,0.0,0.0,0.0,100.0,100.0,Inactive
2017-01-10,0.0,0.0,0.0,0,0,False,0.0,0.0,0.0,0.0,0.0,0.0,0.0,100.0,100.0,Inactive
2017-01-11,0.0,0.0,0.0,0,0,False,0.0,0.0,0.0,0.0,0.0,0.0,0.0,100.0,100.0,Inactive
2017-01-12,0.0,0.0,0.0,0,0,False,0.0,0.0,0.0,0.0,0.0,0.0,0.0,100.0,100.0,Inactive
2017-01-13,0.0,0.0,0.0,0,0,False,0.0,0.0,0.0,0.0,0.0,0.0,0.0,100.0,100.0,Inactive
2017-01-14,0.0,0.0,0.0,0,0,False,0.0,0.0,0.0,0.0,0.0,0.0,0.0,100.0,100.0,Inactive
2017-01-15,0.0,0.0,0.0,0,0,False,0.0,0.0,0.0,0.0,0.0,0.0,0.0,100.0,100.0,Inactive
2017-01-16,0.0,0.0,0.0,0,0,False,0.0,0.0,0.0,0.0,0.0,0.0,0.0,100.0,100.0,Inactive
2017-01-17,0.0,0.0,0.0,0,0,False,0.0,0.0,0.0,0.0,0.0,0.0,0.0,100.0,100.0,Inactive
2017-01-18,0.0,0.0,0.0,0,0,False,0.0,0.0,0.0,0.0,0.0,0.0,0.0,100.0,100.0,Inactive
2017-01-19,0.0,0.0,0.0,0,0,False,0.0,0.0,0.0,0.0,0.0,0.0,0.0,100.0,100.0,Inactive
2017-01-20,0.0,0.0,0.0,0,0,False,0.0,0.0,0.0,0.0,0.0,0.0,0.0,100.0,100.0,Inactive
2017-01-21,0.0,0.0,0.0,0,0,False,0.0,0.0,0.0,0.0,0.0,0.0,0.0,100.0,100.0,Inactive
2017-01-22,0.0,0.0,0.0,0,0,False,0.0,0.0,0.0,0.0,0.0,0.0,0.0,100.0,100.0,Inactive
2017-01-23,0.0,0.0,0.0,0,0,False,0.0,0.0,0.0,0.0,0.0,0.0,0.0,100.0,100.0,Inactive
2017-01-24,0.0,0.0,0.0,0,0,False,0.0,0.0,0.0,0.0,0.0,0.0,0.0,100.0,100.0,Inactive
2017-01-25,0.0,0.0,0.0,0,0,False,0.0,0.0,0.0,0.0,0.0,0.0,0.0,100.0,100.0,Inactive
2017-01-26,0.0,0.0,0.0,0,0,False,0.0,0.0,0.0,0.0,0.0,0.0,0.0,100.0,100.0,Inactive
2017-01-27,0.0,0.0,0.0,0,0,False,0.0,0.0,0.0,0.0,0.0,0.0,0.0,100.0,100.0,Inactive
2017-01-28,0.0,0.0,0.0,0,0,False,0.0,0.0,0.0,0.0,0.0,0.0,0.0,100.0,100.0,Inactive
2017-01-29,0.0,0.0,0.0,0,0,False,0.0,0.0,0.0,0.0,0.0,0.0,0.0,100.0,100.0,Inactive
2017-01-30,0.0,0.0,0.0,0,0,False,0.0,0.0,0.0,0.0,0.0,0.0,0.0,100.0,100.0,Inactive
2017-01-31,0.0,0.0,0.0,0,0,False,0.0,0.0,0.0,0.0,0.0,0.0,0.0,100.0,100.0,Inactive
2017-02-01,0.0,0.0,0.0,0,0,False,0.0,0.0,0.0,0.0,0.0,0.0,0.0,100.0,100.0,Inactive
2017-02-02,0.0,0.0,0.0,0,0,False,0.0,0.0,0.0,0.0,0.0,0.0,0.0,100.0,100.0,Inactive
2017-02-03,0.0,0.0,0.0,0,0,False,0.0,0.0,0.0,0.0,0.0,0.0,0.0,100.0,100.0,Inactive
2017-02-04,0.0,0.0,0.0,0,0,False,0.0,0.0,0.0,0.0,0.0,0.0,0.0,100.0,100.0,Inactive
2017-02-05,0.0,0.0,0.0,0,0,False,0.0,0.0,0.0,0.0,0.0,0.0,0.0,100.0,100.0,Inactive
2017-02-06,0.0,0.0,0.0,0,0,False,0.0,0.0,0.0,0.0,0.0,0.0,0.0,100.0,100.0,Inactive
2017-02-07,0.0,0.0,0.0,0,0,False,0.0,0.0,0.0,0.0,0.0,0.0,0.0,100.0,100.0,Inactive
2017-02-08,0.0,0.0,0.0,0,0,False,0.0,0.0,0.0,0.0,0.0,0.0,0.0,100.0,100.0,Inactive
2017-02-09,0.0,0.0,0.0,0,0,False,0.0,0.0,0.0,0.0,0.0,0.0,0.0,100.0,100.0,Inactive
2017-02-10,0.0,0.0,0.0,0,0,False,0.0,0.0,0.0,0.0,0.0,0.0,0.0,100.0,100.0,Inactive
2017-02-11,0.0,0.0,0.0,0,0,False,0.0,0.0,0.0,0.0,0.0,0.0,0.0,100.0,100.0,Inactive
2017-02-12,0.0,0.0,0.0,0,0,False,0.0,0.0,0.0,0.0,0.0,0.0,0.0,100.0,100.0,Inactive
2017-02-13,0.0,0.0,0.0,0,0,False,0.0,0.0,0.0,0.0,0.0,0.0,0.0,100.0,100.0,Inactive
2017-02-14,0.0,0.0,0.0,0,0,False,0.0,0.0,0.0,0.0,0.0,0.0,0.0,100.0,100.0,Inactive
2017-02-15,0.0,0.0,0.0,0,0,False,0.0,0.0,0.0,0.0,0.0,0.0,0.0,100.0,100.0,Inactive
2017-02-16,0.0,0.0,0.0,0,0,False,0.0,0.0,0.0,0.0,0.0,0.0,0.0,100.0,100.0,Inactive
2017-02-17,0.0,0.0,0.0,0,0,False,0.0,0.0,0.0,0.0,0.0,0.0,0.0,100.0,100.0,Inactive
2017-02-18,0.0,0.0,0.0,0,0,False,0.0,0.0,0.0,0.0,0.0,0.0,0.0,100.0,100.0,Inactive
2017-02-19,0.0,0.0,0.0,0,0,False,0.0,0.0,0.0,0.0,0.0,0.0,0.0,100.0,100.0,Inactive
2017-02-20,0.0,0.0,0.0,0,0,False,0.0,0.0,0.0,0.0,0.0,0.0,0.0,100.0,100.0,Inactive
2017-02-21,0.0,0.0,0.0,0,0,False,0.0,0.0,0.0,0.0,0.0,0.0,0.0,100.0,100.0,Inactive
2017-02-22,0.0,0.0,0.0,0,0,False,0.0,0.0,0.0,0.0,0.0,0.0,0.0,100.0,100.0,Inactive
2017-02-23,0.0,0.0,0.0,0,0,False,0.0,0.0,0.0,0.0,0.0,0.0,0.0,100.0,100.0,Inactive
2017-02-24,0.0,0.0,0.0,0,0,False,0.0,0.0,0.0,0.0,0.0,0.0,0.0,100.0,100.0,Inactive
2017-02-25,0.0,0.0,0.0,0,0,False,0.0,0.0,0.0,0.0,0.0,0.0,0.0,100.0,100.0,Inactive
2017-02-26,0.0,0.0,0.0,0,0,False,0.0,0.0,0.0,0.0,0.0,0.0,0.0,100.0,100.0,Inactive
2017-02-27,0.0,0.0,0.0,0,0,False,0.0,0.0,0.0,0.0,0.0,0.0,0.0,100.0,100.0,Inactive
2017-02-28,0.0,0.0,0.0,0,0,False,0.0,0.0,0.0,0.0,0.0,0.0,0.0,100.0,100.0,Inactive
2017-03-01,0.0,0.0,0.0,0,0,False,0.0,0.0,0.0,0.0,0.0,0.0,0.0,100.0,100.0,Inactive
2017-03-02,0.0,0.0,0.0,0,0,False,0.0,0.0,0.0,0.0,0.0,0.0,0.0,100.0,100.0,Inactive
2017-03-03,0.0,0.0,0.0,0,0,False,0.0,0.0,0.0,0.0,0.0,0.0,0.0,100.0,100.0,Inactive
2017-03-04,0.0,0.0,0.0,0,0,False,0.0,0.0,0.0,0.0,0.0,0.0,0.0,100.0,100.0,Inactive
2017-03-05,0.0,0.0,0.0,0,0,False,0.0,0.0,0.0,0.0,0.0,0.0,0.0,100.0,100.0,Inactive
2017-03-06,0.0,0.0,0.0,0,0,False,0.0,0.0,0.0,0.0,0.0,0.0,0.0,100.0,100.0,Inactive
2017-03-07,0.0,0.0,0.0,0,0,False,0.0,0.0,0.0,0.0,0.0,0.0,0.0,100.0,100.0,Inactive
2017-03-08,0.0,0.0,0.0,0,0,False,0.0,0.0,0.0,0.0,0.0,0.0,0.0,100.0,100.0,Inactive
2017-03-09,0.0,0.0,0.0,0,0,False,0.0,0.0,0.0,0.0,0.0,0.0,0.0,100.0,100.0,Inactive
2017-03-10,0.0,0.0,0.0,0,0,False,0.0,0.0,0.0,0.0,0.0,0.0,0.0,100.0,100.0,Inactive
2017-03-11,0.0,0.0,0.0,0,0,False,0.0,0.0,0.0,0.0,0.0,0.0,0.0,100.0,100.0,Inactive
2017-03-12,0.0,0.0,0.0,0,0,False,0.0,0.0,0.0,0.0,0.0,0.0,0.0,100.0,100.0,Inactive
2017-03-13,0.0,0.0,0.0,0,0,False,0.0,0.0,0.0,0.0,0.0,0.0,0.0,100.0,100.0,Inactive
2017-03-14,0.0,0.0,0.0,0,0,False,0.0,0.0,0.0,0.0,0.0,0.0,0.0,100.0,100.0,Inactive
2017-03-15,0.0,0.0,0.0,0,0,False,0.0,0.0,0.0,0.0,0.0,0.0,0.0,100.0,100.0,Inactive
2017-03-16,0.0,0.0,0.0,0,0,False,0.0,0.0,0.0,0.0,0.0,0.0,0.0,100.0,100.0,Inactive
2017-03-17,0.0,0.0,0.0,0,0,False,0.0,0.0,0.0,0.0,0.0,0.0,0.0,100.0,100.0,Inactive
2017-03-18,0.0,0.0,0.0,0,0,False,0.0,0.0,0.0,0.0,0.0,0.0,0.0,100.0,100.0,Inactive
2017-03-19,0.0,0.0,0.0,0,0,False,0.0,0.0,0.0,0.0,0.0,0.0,0.0,100.0,100.0,Inactive
2017-03-20,0.0,0.0,0.0,0,0,False,0.0,0.0,0.0,0.0,0.0,0.0,0.0,100.0,100.0,Inactive
2017-03-21,0.0,0.0,0.0,0,0,False,0.0,0.0,0.0,0.0,0.0,0.0,0.0,100.0,100.0,Inactive
2017-03-22,0.0,0.0,0.0,0,0,False,0.0,0.0,0.0,0.0,0.0,0.0,0.0,100.0,100.0,Inactive
2017-03-23,0.0,0.0,0.0,0,0,False,0.0,0.0,0.0,0.0,0.0,0.0,0.0,100.0,100.0,Inactive
2017-03-24,0.0,0.0,0.0,0,0,False,0.0,0.0,0.0,0.0,0.0,0.0,0.0,100.0,100.0,Inactive
2017-03-25,0.0,0.0,0.0,0,0,False,0.0,0.0,0.0,0.0,0.0,0.0,0.0,100.0,100.0,Inactive
2017-03-26,0.0,0.0,0.0,0,0,False,0.0,0.0,0.0,0.0,0.0,0.0,0.0,100.0,100.0,Inactive
2017-03-27,0.0,0.0,0.0,0,0,False,0.0,0.0,0.0,0.0,0.0,0.0,0.0,100.0,100.0,Inactive
2017-03-28,0.0,0.0,0.0,0,0,False,0.0,0.0,0.0,0.0,0.0,0.0,0.0,100.0,100.0,Inactive
2017-03-29,0.0,0.0,0.0,0,0,False,0.0,0.0,0.0,0.0,0.0,0.0,0.0,100.0,100.0,Inactive
2017-03-30,0.0,0.0,0.0,0,0,False,0.0,0.0,0.0,0.0,0.0,0.0,0.0,100.0,100.0,Inactive
2017-03-31,0.0,0.0,0.0,0,0,False,0.0,0.0,0.0,0.0,0.0,0.0,0.0,100.0,100.0,Inactive
2017-04-01,0.0,0.0,0.0,0,0,False,0.0,0.0,0.0,0.0,0.0,0.0,0.0,100.0,100.0,Inactive
2017-04-02,0.0,0.0,0.0,0,0,False,0.0,0.0,0.0,0.0,0.0,0.0,0.0,100.0,100.0,Inactive
2017-04-03,0.0,0.0,0.0,0,0,False,0.0,0.0,0.0,0.0,0.0,0.0,0.0,100.0,100.0,Inactive
2017-04-04,0.0,0.0,0.0,0,0,False,0.0,0.0,0.0,0.0,0.0,0.0,0.0,100.0,100.0,Inactive
2017-04-05,0.0,0.0,0.0,0,0,False,0.0,0.0,0.0,0.0,0.0,0.0,0.0,100.0,100.0,Inactive
2017-04-06,0.0,0.0,0.0,0,0,False,0.0,0.0,0.0,0.0,0.0,0.0,0.0,100.0,100.0,Inactive
2017-04-07,0.0,0.0,0.0,0,0,False,0.0,0.0,0.0,0.0,0.0,0.0,0.0,100.0,100.0,Inactive
2017-04-08,0.0,0.0,0.0,0,0,False,0.0,0.0,0.0,0.0,0.0,0.0,0.0,100.0,100.0,Inactive
2017-04-09,0.0,0.0,0.0,0,0,False,0.0,0.0,0.0,0.0,0.0,0.0,0.0,100.0,100.0,Inactive
2017-04-10,0.0,0.0,0.0,0,0,False,0.0,0.0,0.0,0.0,0.0,0.0,0.0,100.0,100.0,Inactive
2017-04-11,0.0,0.0,0.0,0,0,False,0.0,0.0,0.0,0.0,0.0,0.0,0.0,100.0,100.0,Inactive
2017-04-12,0.0,0.0,0.0,0,0,False,0.0,0.0,0.0,0.0,0.0,0.0,0.0,100.0,100.0,Inactive
2017-04-13,0.0,0.0,0.0,0,0,False,0.0,0.0,0.0,0.0,0.0,0.0,0.0,100.0,100.0,Inactive
2017-04-14,0.0,0.0,0.0,0,0,False,0.0,0.0,0.0,0.0,0.0,0.0,0.0,100.0,100.0,Inactive
2017-04-15,0.0,0.0,0.0,0,0,False,0.0,0.0,0.0,0.0,0.0,0.0,0.0,100.0,100.0,Inactive
2017-04-16,0.0,0.0,0.0,0,0,False,0.0,0.0,0.0,0.0,0.0,0.0,0.0,100.0,100.0,Inactive
2017-04-17,0.0,0.0,0.0,0,0,False,0.0,0.0,0.0,0.0,0.0,0.0,0.0,100.0,100.0,Inactive
2017-04-18,0.0,0.0,0.0,0,0,False,0.0,0.0,0.0,0.0,0.0,0.0,0.0,100.0,100.0,Inactive
2017-04-19,0.0,0.0,0.0,0,0,False,0.0,0.0,0.0,0.0,0.0,0.0,0.0,100.0,100.0,Inactive
2017-04-20,0.0,0.0,0.0,0,0,False,0.0,0.0,0.0,0.0,0.0,0.0,0.0,100.0,100.0,Inactive
2017-04-21,0.0,0.0,0.0,0,0,False,0.0,0.0,0.0,0.0,0.0,0.0,0.0,100.0,100.0,Inactive
2017-04-22,0.0,0.0,0.0,0,0,False,0.0,0.0,0.0,0.0,0.0,0.0,0.0,100.0,100.0,Inactive
2017-04-23,0.0,0.0,0.0,0,0,False,0.0,0.0,0.0,0.0,0.0,0.0,0.0,100.0,100.0,Inactive
2017-04-24,0.0,0.0,0.0,0,0,False,0.0,0.0,0.0,0.0,0.0,0.0,0.0,100.0,100.0,Inactive
2017-04-25,0.0,0.0,0.0,0,0,False,0.0,0.0,0.0,0.0,0.0,0.0,0.0,100.0,100.0,Inactive
2017-04-26,0.0,0.0,0.0,0,0,False,0.0,0.0,0.0,0.0,0.0,0.0,0.0,100.0,100.0,Inactive
2017-04-27,0.0,0.0,0.0,0,0,False,0.0,0.0,0.0,0.0,0.0,0.0,0.0,100.0,100.0,Inactive
2017-04-28,0.0,0.0,0.0,0,0,False,0.0,0.0,0.0,0.0,0.0,0.0,0.0,100.0,100.0,Inactive
2017-04-29,0.0,0.0,0.0,0,0,False,0.0,0.0,0.0,0.0,0.0,0.0,0.0,100.0,100.0,Inactive
2017-04-30,0.0,0.0,0.0,0,0,False,0.0,0.0,0.0,0.0,0.0,0.0,0.0,100.0,100.0,Inactive
2017-05-01,0.0,0.0,0.0,0,0,False,0.0,0.0,0.0,0.0,0.0,0.0,0.0,100.0,100.0,Inactive
2017-05-02,0.0,0.0,0.0,0,0,False,0.0,0.0,0.0,0.0,0.0,0.0,0.0,100.0,100.0,Inactive
2017-05-03,0.0,0.0,0.0,0,0,False,0.0,0.0,0.0,0.0,0.0,0.0,0.0,100.0,100.0,Inactive
2017-05-04,0.0,0.0,0.0,0,0,False,0.0,0.0,0.0,0.0,0.0,0.0,0.0,100.0,100.0,Inactive
2017-05-05,0.0,0.0,0.0,0,0,False,0.0,0.0,0.0,0.0,0.0,0.0,0.0,100.0,100.0,Inactive
2017-05-06,0.0,0.0,0.0,0,0,False,0.0,0.0,0.0,0.0,0.0,0.0,0.0,100.0,100.0,Inactive
2017-05-07,0.0,0.0,0.0,0,0,False,0.0,0.0,0.0,0.0,0.0,0.0,0.0,100.0,100.0,Inactive
2017-05-08,0.0,0.0,0.0,0,0,False,0.0,0.0,0.0,0.0,0.0,0.0,0.0,100.0,100.0,Inactive
2017-05-09,0.0,0.0,0.0,0,0,False,0.0,0.0,0.0,0.0,0.0,0.0,0.0,100.0,100.0,Inactive
2017-05-10,0.0,0.0,0.0,0,0,False,0.0,0.0,0.0,0.0,0.0,0.0,0.0,100.0,100.0,Inactive
2017-05-11,0.0,0.0,0.0,0,0,False,0.0,0.0,0.0,0.0,0.0,0.0,0.0,100.0,100.0,Inactive
2017-05-12,0.0,0.0,0.0,0,0,False,0.0,0.0,0.0,0.0,0.0,0.0,0.0,100.0,100.0,Inactive
2017-05-13,0.0,0.0,0.0,0,0,False,0.0,0.0,0.0,0.0,0.0,0.0,0.0,100.0,100.0,Inactive
2017-05-14,0.0,0.0,0.0,0,0,False,0.0,0.0,0.0,0.0,0.0,0.0,0.0,100.0,100.0,Inactive
2017-05-15,0.0,0.0,0.0,0,0,False,0.0,0.0,0.0,0.0,0.0,0.0,0.0,100.0,100.0,Inactive
2017-05-16,0.0,0.0,0.0,0,0,False,0.0,0.0,0.0,0.0,0.0,0.0,0.0,100.0,100.0,Inactive
2017-05-17,0.0,0.0,0.0,0,0,False,0.0,0.0,0.0,0.0,0.0,0.0,0.0,100.0,100.0,Inactive
2017-05-18,0.0,0.0,0.0,0,0,False,0.0,0.0,0.0,0.0,0.0,0.0,0.0,100.0,100.0,Inactive
2017-05-19,0.0,0.0,0.0,0,0,False,0.0,0.0,0.0,0.0,0.0,0.0,0.0,100.0,100.0,Inactive
2017-05-20,0.0,0.0,0.0,0,0,False,0.0,0.0,0.0,0.0,0.0,0.0,0.0,100.0,100.0,Inactive
2017-05-21,0.0,0.0,0.0,0,0,False,0.0,0.0,0.0,0.0,0.0,0.0,0.0,100.0,100.0,Inactive
2017-05-22,0.0,0.0,0.0,0,0,False,0.0,0.0,0.0,0.0,0.0,0.0,0.0,100.0,100.0,Inactive
2017-05-23,0.0,0.0,0.0,0,0,False,0.0,0.0,0.0,0.0,0.0,0.0,0.0,100.0,100.0,Inactive
2017-05-24,0.0,0.0,0.0,0,0,False,0.0,0.0,0.0,0.0,0.0,0.0,0.0,100.0,100.0,Inactive
2017-05-25,0.0,0.0,0.0,0,0,False,0.0,0.0,0.0,0.0,0.0,0.0,0.0,100.0,100.0,Inactive
2017-05-26,0.0,0.0,0.0,0,0,False,0.0,0.0,0.0,0.0,0.0,0.0,0.0,100.0,100.0,Inactive
2017-05-27,0.0,0.0,0.0,0,0,False,0.0,0.0,0.0,0.0,0.0,0.0,0.0,100.0,100.0,Inactive
2017-05-28,0.0,0.0,0.0,0,0,False,0.0,0.0,0.0,0.0,0.0,0.0,0.0,100.0,100.0,Inactive
2017-05-29,0.0,0.0,0.0,0,0,False,0.0,0.0,0.0,0.0,0.0,0.0,0.0,100.0,100.0,Inactive
2017-05-30,0.0,0.0,0.0,0,0,False,0.0,0.0,0.0,0.0,0.0,0.0,0.0,100.0,100.0,Inactive
2017-05-31,0.0,0.0,0.0,0,0,False,0.0,0.0,0.0,0.0,0.0,0.0,0.0,100.0,100.0,Inactive
2017-06-01,0.0,0.0,0.0,0,0,False,0.0,0.0,0.0,0.0,0.0,0.0,0.0,100.0,100.0,Inactive
2017-06-02,0.0,0.0,0.0,0,0,False,0.0,0.0,0.0,0.0,0.0,0.0,0.0,100.0,100.0,Inactive
2017-06-03,0.0,0.0,0.0,0,0,False,0.0,0.0,0.0,0.0,0.0,0.0,0.0,100.0,100.0,Inactive
2017-06-04,0.0,0.0,0.0,0,0,False,0.0,0.0,0.0,0.0,0.0,0.0,0.0,100.0,100.0,Inactive
2017-06-05,0.0,0.0,0.0,0,0,False,0.0,0.0,0.0,0.0,0.0,0.0,0.0,100.0,100.0,Inactive
2017-06-06,0.0,0.0,0.0,0,0,False,0.0,0.0,0.0,0.0,0.0,0.0,0.0,100.0,100.0,Inactive
2017-06-07,0.0,0.0,0.0,0,0,False,0.0,0.0,0.0,0.0,0.0,0.0,0.0,100.0,100.0,Inactive
2017-06-08,0.0,0.0,0.0,0,0,False,0.0,0.0,0.0,0.0,0.0,0.0,0.0,100.0,100.0,Inactive
2017-06-09,0.0,0.0,0.0,0,0,False,0.0,0.0,0.0,0.0,0.0,0.0,0.0,100.0,100.0,Inactive
2017-06-10,0.0,0.0,0.0,0,0,False,0.0,0.0,0.0,0.0,0.0,0.0,0.0,100.0,100.0,Inactive
2017-06-11,0.0,0.0,0.0,0,0,False,0.0,0.0,0.0,0.0,0.0,0.0,0.0,100.0,100.0,Inactive
2017-06-12,0.0,0.0,0.0,0,0,False,0.0,0.0,0.0,0.0,0.0,0.0,0.0,100.0,100.0,Inactive
2017-06-13,0.0,0.0,0.0,0,0,False,0.0,0.0,0.0,0.0,0.0,0.0,0.0,100.0,100.0,Inactive
2017-06-14,0.0,0.0,0.0,0,0,False,0.0,0.0,0.0,0.0,0.0,0.0,0.0,100.0,100.0,Inactive
2017-06-15,0.0,0.0,0.0,0,0,False,0.0,0.0,0.0,0.0,0.0,0.0,0.0,100.0,100.0,Inactive
2017-06-16,0.0,0.0,0.0,0,0,False,0.0,0.0,0.0,0.0,0.0,0.0,0.0,100.0,100.0,Inactive
2017-06-17,0.0,0.0,0.0,0,0,False,0.0,0.0,0.0,0.0,0.0,0.0,0.0,100.0,100.0,Inactive
2017-06-18,0.0,0.0,0.0,0,0,False,0.0,0.0,0.0,0.0,0.0,0.0,0.0,100.0,100.0,Inactive
2017-06-19,0.0,0.0,0.0,0,0,False,0.0,0.0,0.0,0.0,0.0,0.0,0.0,100.0,100.0,Inactive
2017-06-20,0.0,0.0,0.0,0,0,False,0.0,0.0,0.0,0.0,0.0,0.0,0.0,100.0,100.0,Inactive
2017-06-21,0.0,0.0,0.0,0,0,False,0.0,0.0,0.0,0.0,0.0,0.0,0.0,100.0,100.0,Inactive
2017-06-22,0.0,0.0,0.0,0,0,False,0.0,0.0,0.0,0.0,0.0,0.0,0.0,100.0,100.0,Inactive
2017-06-23,0.0,0.0,0.0,0,0,False,0.0,0.0,0.0,0.0,0.0,0.0,0.0,100.0,100.0,Inactive
2017-06-24,0.0,0.0,0.0,0,0,False,0.0,0.0,0.0,0.0,0.0,0.0,0.0,100.0,100.0,Inactive
2017-06-25,0.0,0.0,0.0,0,0,False,0.0,0.0,0.0,0.0,0.0,0.0,0.0,100.0,100.0,Inactive
2017-06-26,0.0,0.0,0.0,0,0,False,0.0,0.0,0.0,0.0,0.0,0.0,0.0,100.0,100.0,Inactive
2017-06-27,0.0,0.0,0.0,0,0,False,0.0,0.0,0.0,0.0,0.0,0.0,0.0,100.0,100.0,Inactive
2017-06-28,0.0,0.0,0.0,0,0,False,0.0,0.0,0.0,0.0,0.0,0.0,0.0,100.0,100.0,Inactive
2017-06-29,0.0,0.0,0.0,0,0,False,0.0,0.0,0.0,0.0,0.0,0.0,0.0,100.0,100.0,Inactive
2017-06-30,0.0,0.0,0.0,0,0,False,0.0,0.0,0.0,0.0,0.0,0.0,0.0,100.0,100.0,Inactive
2017-07-01,0.0,0.0,0.0,0,0,False,0.0,0.0,0.0,0.0,0.0,0.0,0.0,100.0,100.0,Inactive
2017-07-02,0.0,0.0,0.0,0,0,False,0.0,0.0,0.0,0.0,0.0,0.0,0.0,100.0,100.0,Inactive
2017-07-03,0.0,0.0,0.0,0,0,False,0.0,0.0,0.0,0.0,0.0,0.0,0.0,100.0,100.0,Inactive
2017-07-04,0.0,0.0,0.0,0,0,False,0.0,0.0,0.0,0.0,0.0,0.0,0.0,100.0,100.0,Inactive
2017-07-05,0.0,0.0,0.0,0,0,False,0.0,0.0,0.0,0.0,0.0,0.0,0.0,100.0,100.0,Inactive
2017-07-06,0.0,0.0,0.0,0,0,False,0.0,0.0,0.0,0.0,0.0,0.0,0.0,100.0,100.0,Inactive
2017-07-07,0.0,0.0,0.0,0,0,False,0.0,0.0,0.0,0.0,0.0,0.0,0.0,100.0,100.0,Inactive
2017-07-08,0.0,0.0,0.0,0,0,False,0.0,0.0,0.0,0.0,0.0,0.0,0.0,100.0,100.0,Inactive
2017-07-09,0.0,0.0,0.0,0,0,False,0.0,0.0,0.0,0.0,0.0,0.0,0.0,100.0,100.0,Inactive
2017-07-10,0.0,0.0,0.0,0,0,False,0.0,0.0,0.0,0.0,0.0,0.0,0.0,100.0,100.0,Inactive
2017-07-11,0.0,0.0,0.0,0,0,False,0.0,0.0,0.0,0.0,0.0,0.0,0.0,100.0,100.0,Inactive
2017-07-12,0.0,0.0,0.0,0,0,False,0.0,0.0,0.0,0.0,0.0,0.0,0.0,100.0,100.0,Inactive
2017-07-13,0.0,0.0,0.0,0,0,False,0.0,0.0,0.0,0.0,0.0,0.0,0.0,100.0,100.0,Inactive
2017-07-14,0.0,0.0,0.0,0,0,False,0.0,0.0,0.0,0.0,0.0,0.0,0.0,100.0,100.0,Inactive
2017-07-15,0.0,0.0,0.0,0,0,False,0.0,0.0,0.0,0.0,0.0,0.0,0.0,100.0,100.0,Inactive
2017-07-16,0.0,0.0,0.0,0,0,False,0.0,0.0,0.0,0.0,0.0,0.0,0.0,100.0,100.0,Inactive
2017-07-17,0.0,0.0,0.0,0,0,False,0.0,0.0,0.0,0.0,0.0,0.0,0.0,100.0,100.0,Inactive
2017-07-18,0.0,0.0,0.0,0,0,False,0.0,0.0,0.0,0.0,0.0,0.0,0.0,100.0,100.0,Inactive
2017-07-19,0.0,0.0,0.0,0,0,False,0.0,0.0,0.0,0.0,0.0,0.0,0.0,100.0,100.0,Inactive
2017-07-20,0.0,0.0,0.0,0,0,False,0.0,0.0,0.0,0.0,0.0,0.0,0.0,100.0,100.0,Inactive
2017-07-21,0.0,0.0,0.0,0,0,False,0.0,0.0,0.0,0.0,0.0,0.0,0.0,100.0,100.0,Inactive
2017-07-22,0.0,0.0,0.0,0,0,False,0.0,0.0,0.0,0.0,0.0,0.0,0.0,100.0,100.0,Inactive
2017-07-23,0.0,0.0,0.0,0,0,False,0.0,0.0,0.0,0.0,0.0,0.0,0.0,100.0,100.0,Inactive
2017-07-24,0.0,0.0,0.0,0,0,False,0.0,0.0,0.0,0.0,0.0,0.0,0.0,100.0,100.0,Inactive
2017-07-25,0.0,0.0,0.0,0,0,False,0.0,0.0,0.0,0.0,0.0,0.0,0.0,100.0,100.0,Inactive
2017-07-26,0.0,0.0,0.0,0,0,False,0.0,0.0,0.0,0.0,0.0,0.0,0.0,100.0,100.0,Inactive
2017-07-27,0.0,0.0,0.0,0,0,False,0.0,0.0,0.0,0.0,0.0,0.0,0.0,100.0,100.0,Inactive
2017-07-28,0.0,0.0,0.0,0,0,False,0.0,0.0,0.0,0.0,0.0,0.0,0.0,100.0,100.0,Inactive
2017-07-29,0.0,0.0,0.0,0,0,False,0.0,0.0,0.0,0.0,0.0,0.0,0.0,100.0,100.0,Inactive
2017-07-30,0.0,0.0,0.0,0,0,False,0.0,0.0,0.0,0.0,0.0,0.0,0.0,100.0,100.0,Inactive
2017-07-31,0.0,0.0,0.0,0,0,False,0.0,0.0,0.0,0.0,0.0,0.0,0.0,100.0,100.0,Inactive
2017-08-01,0.0,0.0,0.0,0,0,False,0.0,0.0,0.0,0.0,0.0,0.0,0.0,100.0,100.0,Inactive
2017-08-02,0.0,0.0,0.0,0,0,False,0.0,0.0,0.0,0.0,0.0,0.0,0.0,100.0,100.0,Inactive
2017-08-03,0.0,0.0,0.0,0,0,False,0.0,0.0,0.0,0.0,0.0,0.0,0.0,100.0,100.0,Inactive
2017-08-04,0.0,0.0,0.0,0,0,False,0.0,0.0,0.0,0.0,0.0,0.0,0.0,100.0,100.0,Inactive
2017-08-05,0.0,0.0,0.0,0,0,False,0.0,0.0,0.0,0.0,0.0,0.0,0.0,100.0,100.0,Inactive
2017-08-06,0.0,0.0,0.0,0,0,False,0.0,0.0,0.0,0.0,0.0,0.0,0.0,100.0,100.0,Inactive
2017-08-07,0.0,0.0,0.0,0,0,False,0.0,0.0,0.0,0.0,0.0,0.0,0.0,100.0,100.0,Inactive
2017-08-08,0.0,0.0,0.0,0,0,False,0.0,0.0,0.0,0.0,0.0,0.0,0.0,100.0,100.0,Inactive
2017-08-09,0.0,0.0,0.0,0,0,False,0.0,0.0,0.0,0.0,0.0,0.0,0.0,100.0,100.0,Inactive
2017-08-10,0.0,0.0,0.0,0,0,False,0.0,0.0,0.0,0.0,0.0,0.0,0.0,100.0,100.0,Inactive
2017-08-11,0.0,0.0,0.0,0,0,False,0.0,0.0,0.0,0.0,0.0,0.0,0.0,100.0,100.0,Inactive
2017-08-12,0.0,0.0,0.0,0,0,False,0.0,0.0,0.0,0.0,0.0,0.0,0.0,100.0,100.0,Inactive
2017-08-13,0.0,0.0,0.0,0,0,False,0.0,0.0,0.0,0.0,0.0,0.0,0.0,100.0,100.0,Inactive
2017-08-14,0.0,0.0,0.0,0,0,False,0.0,0.0,0.0,0.0,0.0,0.0,0.0,100.0,100.0,Inactive
2017-08-15,0.0,0.0,0.0,0,0,False,0.0,0.0,0.0,0.0,0.0,0.0,0.0,100.0,100.0,Inactive
2017-08-16,0.0,0.0,0.0,0,0,False,0.0,0.0,0.0,0.0,0.0,0.0,0.0,100.0,100.0,Inactive
2017-08-17,0.0,0.0,0.0,0,0,False,0.0,0.0,0.0,0.0,0.0,0.0,0.0,100.0,100.0,Inactive
2017-08-18,0.0,0.0,0.0,0,0,False,0.0,0.0,0.0,0.0,0.0,0.0,0.0,100.0,100.0,Inactive
2017-08-19,0.0,0.0,0.0,0,0,False,0.0,0.0,0.0,0.0,0.0,0.0,0.0,100.0,100.0,Inactive
2017-08-20,0.0,0.0,0.0,0,0,False,0.0,0.0,0.0,0.0,0.0,0.0,0.0,100.0,100.0,Inactive
2017-08-21,0.0,0.0,0.0,0,0,False,0.0,0.0,0.0,0.0,0.0,0.0,0.0,100.0,100.0,Inactive
2017-08-22,0.0,0.0,0.0,0,0,False,0.0,0.0,0.0,0.0,0.0,0.0,0.0,100.0,100.0,Inactive
2017-08-23,0.0,0.0,0.0,0,0,False,0.0,0.0,0.0,0.0,0.0,0.0,0.0,100.0,100.0,Inactive
2017-08-24,0.0,0.0,0.0,0,0,False,0.0,0.0,0.0,0.0,0.0,0.0,0.0,100.0,100.0,Inactive
2017-08-25,0.0,0.0,0.0,0,0,False,0.0,0.0,0.0,0.0,0.0,0.0,0.0,100.0,100.0,Inactive
2017-08-26,0.0,0.0,0.0,0,0,False,0.0,0.0,0.0,0.0,0.0,0.0,0.0,100.0,100.0,Inactive
2017-08-27,0.0,0.0,0.0,0,0,False,0.0,0.0,0.0,0.0,0.0,0.0,0.0,100.0,100.0,Inactive
2017-08-28,0.0,0.0,0.0,0,0,False,0.0,0.0,0.0,0.0,0.0,0.0,0.0,100.0,100.0,Inactive
2017-08-29,0.0,0.0,0.0,0,0,False,0.0,0.0,0.0,0.0,0.0,0.0,0.0,100.0,100.0,Inactive
2017-08-30,0.0,0.0,0.0,0,0,False,0.0,0.0,0.0,0.0,0.0,0.0,0.0,100.0,100.0,Inactive
2017-08-31,0.0,0.0,0.0,0,0,False,0.0,0.0,0.0,0.0,0.0,0.0,0.0,100.0,100.0,Inactive
2017-09-01,0.0,0.0,0.0,0,0,False,0.0,0.0,0.0,0.0,0.0,0.0,0.0,100.0,100.0,Inactive
2017-09-02,0.0,0.0,0.0,0,0,False,0.0,0.0,0.0,0.0,0.0,0.0,0.0,100.0,100.0,Inactive
2017-09-03,0.0,0.0,0.0,0,0,False,0.0,0.0,0.0,0.0,0.0,0.0,0.0,100.0,100.0,Inactive
2017-09-04,0.0,0.0,0.0,0,0,False,0.0,0.0,0.0,0.0,0.0,0.0,0.0,100.0,100.0,Inactive
2017-09-05,0.0,0.0,0.0,0,0,False,0.0,0.0,0.0,0.0,0.0,0.0,0.0,100.0,100.0,Inactive
2017-09-06,0.0,0.0,0.0,0,0,False,0.0,0.0,0.0,0.0,0.0,0.0,0.0,100.0,100.0,Inactive
2017-09-07,0.0,0.0,0.0,0,0,False,0.0,0.0,0.0,0.0,0.0,0.0,0.0,100.0,100.0,Inactive
2017-09-08,0.0,0.0,0.0,0,0,False,0.0,0.0,0.0,0.0,0.0,0.0,0.0,100.0,100.0,Inactive
2017-09-09,0.0,0.0,0.0,0,0,False,0.0,0.0,0.0,0.0,0.0,0.0,0.0,100.0,100.0,Inactive
2017-09-10,0.0,0.0,0.0,0,0,False,0.0,0.0,0.0,0.0,0.0,0.0,0.0,100.0,100.0,Inactive
2017-09-11,0.0,0.0,0.0,0,0,False,0.0,0.0,0.0,0.0,0.0,0.0,0.0,100.0,100.0,Inactive
2017-09-12,0.0,0.0,0.0,0,0,False,0.0,0.0,0.0,0.0,0.0,0.0,0.0,100.0,100.0,Inactive
2017-09-13,0.0,0.0,0.0,0,0,False,0.0,0.0,0.0,0.0,0.0,0.0,0.0,100.0,100.0,Inactive
2017-09-14,0.0,0.0,0.0,0,0,False,0.0,0.0,0.0,0.0,0.0,0.0,0.0,100.0,100.0,Inactive
2017-09-15,0.0,0.0,0.0,0,0,False,0.0,0.0,0.0,0.0,0.0,0.0,0.0,100.0,100.0,Inactive
2017-09-16,0.0,0.0,0.0,0,0,False,0.0,0.0,0.0,0.0,0.0,0.0,0.0,100.0,100.0,Inactive
2017-09-17,0.0,0.0,0.0,0,0,False,0.0,0.0,0.0,0.0,0.0,0.0,0.0,100.0,100.0,Inactive
2017-09-18,0.0,0.0,0.0,0,0,False,0.0,0.0,0.0,0.0,0.0,0.0,0.0,100.0,100.0,Inactive
2017-09-19,0.0,0.0,0.0,0,0,False,0.0,0.0,0.0,0.0,0.0,0.0,0.0,100.0,100.0,Inactive
2017-09-20,0.0,0.0,0.0,0,0,False,0.0,0.0,0.0,0.0,0.0,0.0,0.0,100.0,100.0,Inactive
2017-09-21,0.0,0.0,0.0,0,0,False,0.0,0.0,0.0,0.0,0.0,0.0,0.0,100.0,100.0,Inactive
2017-09-22,0.0,0.0,0.0,0,0,False,0.0,0.0,0.0,0.0,0.0,0.0,0.0,100.0,100.0,Inactive
2017-09-23,0.0,0.0,0.0,0,0,False,0.0,0.0,0.0,0.0,0.0,0.0,0.0,100.0,100.0,Inactive
2017-09-24,0.0,0.0,0.0,0,0,False,0.0,0.0,0.0,0.0,0.0,0.0,0.0,100.0,100.0,Inactive
2017-09-25,0.0,0.0,0.0,0,0,False,0.0,0.0,0.0,0.0,0.0,0.0,0.0,100.0,100.0,Inactive
2017-09-26,0.0,0.0,0.0,0,0,False,0.0,0.0,0.0,0.0,0.0,0.0,0.0,100.0,100.0,Inactive
2017-09-27,0.0,0.0,0.0,0,0,False,0.0,0.0,0.0,0.0,0.0,0.0,0.0,100.0,100.0,Inactive
2017-09-28,0.0,0.0,0.0,0,0,False,0.0,0.0,0.0,0.0,0.0,0.0,0.0,100.0,100.0,Inactive
2017-09-29,0.0,0.0,0.0,0,0,False,0.0,0.0,0.0,0.0,0.0,0.0,0.0,100.0,100.0,Inactive
2017-09-30,0.0,0.0,0.0,0,0,False,0.0,0.0,0.0,0.0,0.0,0.0,0.0,100.0,100.0,Inactive
2017-10-01,0.0,0.0,0.0,0,0,False,0.0,0.0,0.0,0.0,0.0,0.0,0.0,100.0,100.0,Inactive
2017-10-02,0.0,0.0,0.0,0,0,False,0.0,0.0,0.0,0.0,0.0,0.0,0.0,100.0,100.0,Inactive
2017-10-03,0.0,0.0,0.0,0,0,False,0.0,0.0,0.0,0.0,0.0,0.0,0.0,100.0,100.0,Inactive
2017-10-04,0.0,0.0,0.0,0,0,False,0.0,0.0,0.0,0.0,0.0,0.0,0.0,100.0,100.0,Inactive
2017-10-05,0.0,0.0,0.0,0,0,False,0.0,0.0,0.0,0.0,0.0,0.0,0.0,100.0,100.0,Inactive
2017-10-06,0.0,0.0,0.0,0,0,False,0.0,0.0,0.0,0.0,0.0,0.0,0.0,100.0,100.0,Inactive
2017-10-07,0.0,0.0,0.0,0,0,False,0.0,0.0,0.0,0.0,0.0,0.0,0.0,100.0,100.0,Inactive
2017-10-08,0.0,0.0,0.0,0,0,False,0.0,0.0,0.0,0.0,0.0,0.0,0.0,100.0,100.0,Inactive
2017-10-09,0.0,0.0,0.0,0,0,False,0.0,0.0,0.0,0.0,0.0,0.0,0.0,100.0,100.0,Inactive
2017-10-10,0.0,0.0,0.0,0,0,False,0.0,0.0,0.0,0.0,0.0,0.0,0.0,100.0,100.0,Inactive
2017-10-11,0.0,0.0,0.0,0,0,False,0.0,0.0,0.0,0.0,0.0,0.0,0.0,100.0,100.0,Inactive
2017-10-12,0.0,0.0,0.0,0,0,False,0.0,0.0,0.0,0.0,0.0,0.0,0.0,100.0,100.0,Inactive
2017-10-13,0.0,0.0,0.0,0,0,False,0.0,0.0,0.0,0.0,0.0,0.0,0.0,100.0,100.0,Inactive
2017-10-14,0.0,0.0,0.0,0,0,False,0.0,0.0,0.0,0.0,0.0,0.0,0.0,100.0,100.0,Inactive
2017-10-15,0.0,0.0,0.0,0,0,False,0.0,0.0,0.0,0.0,0.0,0.0,0.0,100.0,100.0,Inactive
2017-10-16,0.0,0.0,0.0,0,0,False,0.0,0.0,0.0,0.0,0.0,0.0,0.0,100.0,100.0,Inactive
2017-10-17,0.0,0.0,0.0,0,0,False,0.0,0.0,0.0,0.0,0.0,0.0,0.0,100.0,100.0,Inactive
2017-10-18,0.0,0.0,0.0,0,0,False,0.0,0.0,0.0,0.0,0.0,0.0,0.0,100.0,100.0,Inactive
2017-10-19,0.0,0.0,0.0,0,0,False,0.0,0.0,0.0,0.0,0.0,0.0,0.0,100.0,100.0,Inactive
2017-10-20,0.0,0.0,0.0,0,0,False,0.0,0.0,0.0,0.0,0.0,0.0,0.0,100.0,100.0,Inactive
2017-10-21,0.0,0.0,0.0,0,0,False,0.0,0.0,0.0,0.0,0.0,0.0,0.0,100.0,100.0,Inactive
2017-10-22,0.0,0.0,0.0,0,0,False,0.0,0.0,0.0,0.0,0.0,0.0,0.0,100.0,100.0,Inactive
2017-10-23,0.0,0.0,0.0,0,0,False,0.0,0.0,0.0,0.0,0.0,0.0,0.0,100.0,100.0,Inactive
2017-10-24,0.0,0.0,0.0,0,0,False,0.0,0.0,0.0,0.0,0.0,0.0,0.0,100.0,100.0,Inactive
2017-10-25,0.0,0.0,0.0,0,0,False,0.0,0.0,0.0,0.0,0.0,0.0,0.0,100.0,100.0,Inactive
2017-10-26,0.0,0.0,0.0,0,0,False,0.0,0.0,0.0,0.0,0.0,0.0,0.0,100.0,100.0,Inactive
2017-10-27,0.0,0.0,0.0,0,0,False,0.0,0.0,0.0,0.0,0.0,0.0,0.0,100.0,100.0,Inactive
2017-10-28,0.0,0.0,0.0,0,0,False,0.0,0.0,0.0,0.0,0.0,0.0,0.0,100.0,100.0,Inactive
2017-10-29,0.0,0.0,0.0,0,0,False,0.0,0.0,0.0,0.0,0.0,0.0,0.0,100.0,100.0,Inactive
2017-10-30,0.0,0.0,0.0,0,0,False,0.0,0.0,0.0,0.0,0.0,0.0,0.0,100.0,100.0,Inactive
2017-10-31,0.0,0.0,0.0,0,0,False,0.0,0.0,0.0,0.0,0.0,0.0,0.0,100.0,100.0,Inactive
2017-11-01,0.0,0.0,0.0,0,0,False,0.0,0.0,0.0,0.0,0.0,0.0,0.0,100.0,100.0,Inactive
2017-11-02,0.0,0.0,0.0,0,0,False,0.0,0.0,0.0,0.0,0.0,0.0,0.0,100.0,100.0,Inactive
2017-11-03,0.0,0.0,0.0,0,0,False,0.0,0.0,0.0,0.0,0.0,0.0,0.0,100.0,100.0,Inactive
2017-11-04,0.0,0.0,0.0,0,0,False,0.0,0.0,0.0,0.0,0.0,0.0,0.0,100.0,100.0,Inactive
2017-11-05,0.0,0.0,0.0,0,0,False,0.0,0.0,0.0,0.0,0.0,0.0,0.0,100.0,100.0,Inactive
2017-11-06,0.0,0.0,0.0,0,0,False,0.0,0.0,0.0,0.0,0.0,0.0,0.0,100.0,100.0,Inactive
2017-11-07,0.0,0.0,0.0,0,0,False,0.0,0.0,0.0,0.0,0.0,0.0,0.0,100.0,100.0,Inactive
2017-11-08,0.0,0.0,0.0,0,0,False,0.0,0.0,0.0,0.0,0.0,0.0,0.0,100.0,100.0,Inactive
2017-11-09,0.0,0.0,0.0,0,0,False,0.0,0.0,0.0,0.0,0.0,0.0,0.0,100.0,100.0,Inactive
2017-11-10,0.0,0.0,0.0,0,0,False,0.0,0.0,0.0,0.0,0.0,0.0,0.0,100.0,100.0,Inactive
2017-11-11,0.0,0.0,0.0,0,0,False,0.0,0.0,0.0,0.0,0.0,0.0,0.0,100.0,100.0,Inactive
2017-11-12,0.0,0.0,0.0,0,0,False,0.0,0.0,0.0,0.0,0.0,0.0,0.0,100.0,100.0,Inactive
2017-11-13,0.0,0.0,0.0,0,0,False,0.0,0.0,0.0,0.0,0.0,0.0,0.0,100.0,100.0,Inactive
2017-11-14,0.0,0.0,0.0,0,0,False,0.0,0.0,0.0,0.0,0.0,0.0,0.0,100.0,100.0,Inactive
2017-11-15,0.0,0.0,0.0,0,0,False,0.0,0.0,0.0,0.0,0.0,0.0,0.0,100.0,100.0,Inactive
2017-11-16,0.0,0.0,0.0,0,0,False,0.0,0.0,0.0,0.0,0.0,0.0,0.0,100.0,100.0,Inactive
2017-11-17,0.0,0.0,0.0,0,0,False,0.0,0.0,0.0,0.0,0.0,0.0,0.0,100.0,100.0,Inactive
2017-11-18,0.0,0.0,0.0,0,0,False,0.0,0.0,0.0,0.0,0.0,0.0,0.0,100.0,100.0,Inactive
2017-11-19,0.0,0.0,0.0,0,0,False,0.0,0.0,0.0,0.0,0.0,0.0,0.0,100.0,100.0,Inactive
2017-11-20,0.0,0.0,0.0,0,0,False,0.0,0.0,0.0,0.0,0.0,0.0,0.0,100.0,100.0,Inactive
2017-11-21,0.0,0.0,0.0,0,0,False,0.0,0.0,0.0,0.0,0.0,0.0,0.0,100.0,100.0,Inactive
2017-11-22,0.0,0.0,0.0,0,0,False,0.0,0.0,0.0,0.0,0.0,0.0,0.0,100.0,100.0,Inactive
2017-11-23,0.0,0.0,0.0,0,0,False,0.0,0.0,0.0,0.0,0.0,0.0,0.0,100.0,100.0,Inactive
2017-11-24,0.0,0.0,0.0,0,0,False,0.0,0.0,0.0,0.0,0.0,0.0,0.0,100.0,100.0,Inactive
2017-11-25,0.0,0.0,0.0,0,0,False,0.0,0.0,0.0,0.0,0.0,0.0,0.0,100.0,100.0,Inactive
2017-11-26,0.0,0.0,0.0,0,0,False,0.0,0.0,0.0,0.0,0.0,0.0,0.0,100.0,100.0,Inactive
2017-11-27,0.0,0.0,0.0,0,0,False,0.0,0.0,0.0,0.0,0.0,0.0,0.0,100.0,100.0,Inactive
2017-11-28,0.0,0.0,0.0,0,0,False,0.0,0.0,0.0,0.0,0.0,0.0,0.0,100.0,100.0,Inactive
2017-11-29,0.0,0.0,0.0,0,0,False,0.0,0.0,0.0,0.0,0.0,0.0,0.0,100.0,100.0,Inactive
2017-11-30,0.0,0.0,0.0,0,0,False,0.0,0.0,0.0,0.0,0.0,0.0,0.0,100.0,100.0,Inactive
2017-12-01,0.0,0.0,0.0,0,0,False,0.0,0.0,0.0,0.0,0.0,0.0,0.0,100.0,100.0,Inactive
2017-12-02,0.0,0.0,0.0,0,0,False,0.0,0.0,0.0,0.0,0.0,0.0,0.0,100.0,100.0,Inactive
2017-12-03,0.0,0.0,0.0,0,0,False,0.0,0.0,0.0,0.0,0.0,0.0,0.0,100.0,100.0,Inactive
2017-12-04,0.0,0.0,0.0,0,0,False,0.0,0.0,0.0,0.0,0.0,0.0,0.0,100.0,100.0,Inactive
2017-12-05,0.0,0.0,0.0,0,0,False,0.0,0.0,0.0,0.0,0.0,0.0,0.0,100.0,100.0,Inactive
2017-12-06,0.0,0.0,0.0,0,0,False,0.0,0.0,0.0,0.0,0.0,0.0,0.0,100.0,100.0,Inactive
2017-12-07,0.0,0.0,0.0,0,0,False,0.0,0.0,0.0,0.0,0.0,0.0,0.0,100.0,100.0,Inactive
2017-12-08,0.0,0.0,0.0,0,0,False,0.0,0.0,0.0,0.0,0.0,0.0,0.0,100.0,100.0,Inactive
2017-12-09,0.0,0.0,0.0,0,0,False,0.0,0.0,0.0,0.0,0.0,0.0,0.0,100.0,100.0,Inactive
2017-12-10,0.0,0.0,0.0,0,0,False,0.0,0.0,0.0,0.0,0.0,0.0,0.0,100.0,100.0,Inactive
2017-12-11,0.0,0.0,0.0,0,0,False,0.0,0.0,0.0,0.0,0.0,0.0,0.0,100.0,100.0,Inactive
2017-12-12,0.0,0.0,0.0,0,0,False,0.0,0.0,0.0,0.0,0.0,0.0,0.0,100.0,100.0,Inactive
2017-12-13,0.0,0.0,0.0,0,0,False,0.0,0.0,0.0,0.0,0.0,0.0,0.0,100.0,100.0,Inactive
2017-12-14,0.0,0.0,0.0,0,0,False,0.0,0.0,0.0,0.0,0.0,0.0,0.0,100.0,100.0,Inactive
2017-12-15,0.0,0.0,0.0,0,0,False,0.0,0.0,0.0,0.0,0.0,0.0,0.0,100.0,100.0,Inactive
2017-12-16,0.0,0.0,0.0,0,0,False,0.0,0.0,0.0,0.0,0.0,0.0,0.0,100.0,100.0,Inactive
2017-12-17,0.0,0.0,0.0,0,0,False,0.0,0.0,0.0,0.0,0.0,0.0,0.0,100.0,100.0,Inactive
2017-12-18,0.0,0.0,0.0,0,0,False,0.0,0.0,0.0,0.0,0.0,0.0,0.0,100.0,100.0,Inactive
2017-12-19,0.0,0.0,0.0,0,0,False,0.0,0.0,0.0,0.0,0.0,0.0,0.0,100.0,100.0,Inactive
2017-12-20,0.0,0.0,0.0,0,0,False,0.0,0.0,0.0,0.0,0.0,0.0,0.0,100.0,100.0,Inactive
2017-12-21,0.0,0.0,0.0,0,0,False,0.0,0.0,0.0,0.0,0.0,0.0,0.0,100.0,100.0,Inactive
2017-12-22,0.0,0.0,0.0,0,0,False,0.0,0.0,0.0,0.0,0.0,0.0,0.0,100.0,100.0,Inactive
2017-12-23,0.0,0.0,0.0,0,0,False,0.0,0.0,0.0,0.0,0.0,0.0,0.0,100.0,100.0,Inactive
2017-12-24,0.0,0.0,0.0,0,0,False,0.0,0.0,0.0,0.0,0.0,0.0,0.0,100.0,100.0,Inactive
2017-12-25,0.0,0.0,0.0,0,0,False,0.0,0.0,0.0,0.0,0.0,0.0,0.0,100.0,100.0,Inactive
2017-12-26,0.0,0.0,0.0,0,0,False,0.0,0.0,0.0,0.0,0.0,0.0,0.0,100.0,100.0,Inactive
2017-12-27,0.0,0.0,0.0,0,0,False,0.0,0.0,0.0,0.0,0.0,0.0,0.0,100.0,100.0,Inactive
2017-12-28,0.0,0.0,0.0,0,0,False,0.0,0.0,0.0,0.0,0.0,0.0,0.0,100.0,100.0,Inactive
2017-12-29,0.0,0.0,0.0,0,0,False,0.0,0.0,0.0,0.0,0.0,0.0,0.0,100.0,100.0,Inactive
2017-12-30,0.0,0.0,0.0,0,0,False,0.0,0.0,0.0,0.0,0.0,0.0,0.0,100.0,100.0,Inactive
2017-12-31,0.0,0.0,0.0,0,0,False,0.0,0.0,0.0,0.0,0.0,0.0,0.0,100.0,100.0,Inactive
2018-01-01,0.0,0.0,0.0,0,0,False,0.0,0.0,0.0,0.0,0.0,0.0,0.0,100.0,100.0,Inactive
2018-01-02,0.0,0.0,0.0,0,0,False,0.0,0.0,0.0,0.0,0.0,0.0,0.0,100.0,100.0,Inactive
2018-01-03,0.0,0.0,0.0,0,0,False,0.0,0.0,0.0,0.0,0.0,0.0,0.0,100.0,100.0,Inactive
2018-01-04,0.0,0.0,0.0,0,0,False,0.0,0.0,0.0,0.0,0.0,0.0,0.0,100.0,100.0,Inactive
2018-01-05,0.0,0.0,0.0,0,0,False,0.0,0.0,0.0,0.0,0.0,0.0,0.0,100.0,100.0,Inactive
2018-01-06,0.0,0.0,0.0,0,0,False,0.0,0.0,0.0,0.0,0.0,0.0,0.0,100.0,100.0,Inactive
2018-01-07,0.0,0.0,0.0,0,0,False,0.0,0.0,0.0,0.0,0.0,0.0,0.0,100.0,100.0,Inactive
2018-01-08,0.0,0.0,0.0,0,0,False,0.0,0.0,0.0,0.0,0.0,0.0,0.0,100.0,100.0,Inactive
2018-01-09,0.0,0.0,0.0,0,0,False,0.0,0.0,0.0,0.0,0.0,0.0,0.0,100.0,100.0,Inactive
2018-01-10,0.0,0.0,0.0,0,0,False,0.0,0.0,0.0,0.0,0.0,0.0,0.0,100.0,100.0,Inactive
2018-01-11,0.0,0.0,0.0,0,0,False,0.0,0.0,0.0,0.0,0.0,0.0,0.0,100.0,100.0,Inactive
2018-01-12,0.0,0.0,0.0,0,0,False,0.0,0.0,0.0,0.0,0.0,0.0,0.0,100.0,100.0,Inactive
2018-01-13,0.0,0.0,0.0,0,0,False,0.0,0.0,0.0,0.0,0.0,0.0,0.0,100.0,100.0,Inactive
2018-01-14,0.0,0.0,0.0,0,0,False,0.0,0.0,0.0,0.0,0.0,0.0,0.0,100.0,100.0,Inactive
2018-01-15,0.0,0.0,0.0,0,0,False,0.0,0.0,0.0,0.0,0.0,0.0,0.0,100.0,100.0,Inactive
2018-01-16,0.0,0.0,0.0,0,0,False,0.0,0.0,0.0,0.0,0.0,0.0,0.0,100.0,100.0,Inactive
2018-01-17,0.0,0.0,0.0,0,0,False,0.0,0.0,0.0,0.0,0.0,0.0,0.0,100.0,100.0,Inactive
2018-01-18,0.0,0.0,0.0,0,0,False,0.0,0.0,0.0,0.0,0.0,0.0,0.0,100.0,100.0,Inactive
2018-01-19,0.0,0.0,0.0,0,0,False,0.0,0.0,0.0,0.0,0.0,0.0,0.0,100.0,100.0,Inactive
2018-01-20,0.0,0.0,0.0,0,0,False,0.0,0.0,0.0,0.0,0.0,0.0,0.0,100.0,100.0,Inactive
2018-01-21,0.0,0.0,0.0,0,0,False,0.0,0.0,0.0,0.0,0.0,0.0,0.0,100.0,100.0,Inactive
2018-01-22,0.0,0.0,0.0,0,0,False,0.0,0.0,0.0,0.0,0.0,0.0,0.0,100.0,100.0,Inactive
2018-01-23,0.0,0.0,0.0,0,0,False,0.0,0.0,0.0,0.0,0.0,0.0,0.0,100.0,100.0,Inactive
2018-01-24,0.0,0.0,0.0,0,0,False,0.0,0.0,0.0,0.0,0.0,0.0,0.0,100.0,100.0,Inactive
2018-01-25,0.0,0.0,0.0,0,0,False,0.0,0.0,0.0,0.0,0.0,0.0,0.0,100.0,100.0,Inactive
2018-01-26,0.0,0.0,0.0,0,0,False,0.0,0.0,0.0,0.0,0.0,0.0,0.0,100.0,100.0,Inactive
2018-01-27,0.0,0.0,0.0,0,0,False,0.0,0.0,0.0,0.0,0.0,0.0,0.0,100.0,100.0,Inactive
2018-01-28,0.0,0.0,0.0,0,0,False,0.0,0.0,0.0,0.0,0.0,0.0,0.0,100.0,100.0,Inactive
2018-01-29,0.0,0.0,0.0,0,0,False,0.0,0.0,0.0,0.0,0.0,0.0,0.0,100.0,100.0,Inactive
2018-01-30,0.0,0.0,0.0,0,0,False,0.0,0.0,0.0,0.0,0.0,0.0,0.0,100.0,100.0,Inactive
2018-01-31,0.0,0.0,0.0,0,0,False,0.0,0.0,0.0,0.0,0.0,0.0,0.0,100.0,100.0,Inactive
2018-02-01,0.0,0.0,0.0,0,0,False,0.0,0.0,0.0,0.0,0.0,0.0,0.0,100.0,100.0,Inactive
2018-02-02,0.0,0.0,0.0,0,0,False,0.0,0.0,0.0,0.0,0.0,0.0,0.0,100.0,100.0,Inactive
2018-02-03,0.0,0.0,0.0,0,0,False,0.0,0.0,0.0,0.0,0.0,0.0,0.0,100.0,100.0,Inactive
2018-02-04,0.0,0.0,0.0,0,0,False,0.0,0.0,0.0,0.0,0.0,0.0,0.0,100.0,100.0,Inactive
2018-02-05,0.0,0.0,0.0,0,0,False,0.0,0.0,0.0,0.0,0.0,0.0,0.0,100.0,100.0,Inactive
2018-02-06,0.0,0.0,0.0,0,0,False,0.0,0.0,0.0,0.0,0.0,0.0,0.0,100.0,100.0,Inactive
2018-02-07,0.0,0.0,0.0,0,0,False,0.0,0.0,0.0,0.0,0.0,0.0,0.0,100.0,100.0,Inactive
2018-02-08,0.0,0.0,0.0,0,0,False,0.0,0.0,0.0,0.0,0.0,0.0,0.0,100.0,100.0,Inactive
2018-02-09,0.0,0.0,0.0,0,0,False,0.0,0.0,0.0,0.0,0.0,0.0,0.0,100.0,100.0,Inactive
2018-02-10,0.0,0.0,0.0,0,0,False,0.0,0.0,0.0,0.0,0.0,0.0,0.0,100.0,100.0,Inactive
2018-02-11,0.0,0.0,0.0,0,0,False,0.0,0.0,0.0,0.0,0.0,0.0,0.0,100.0,100.0,Inactive
2018-02-12,0.0,0.0,0.0,0,0,False,0.0,0.0,0.0,0.0,0.0,0.0,0.0,100.0,100.0,Inactive
2018-02-13,0.0,0.0,0.0,0,0,False,0.0,0.0,0.0,0.0,0.0,0.0,0.0,100.0,100.0,Inactive
2018-02-14,0.0,0.0,0.0,0,0,False,0.0,0.0,0.0,0.0,0.0,0.0,0.0,100.0,100.0,Inactive
2018-02-15,0.0,0.0,0.0,0,0,False,0.0,0.0,0.0,0.0,0.0,0.0,0.0,100.0,100.0,Inactive
2018-02-16,0.0,0.0,0.0,0,0,False,0.0,0.0,0.0,0.0,0.0,0.0,0.0,100.0,100.0,Inactive
2018-02-17,0.0,0.0,0.0,0,0,False,0.0,0.0,0.0,0.0,0.0,0.0,0.0,100.0,100.0,Inactive
2018-02-18,0.0,0.0,0.0,0,0,False,0.0,0.0,0.0,0.0,0.0,0.0,0.0,100.0,100.0,Inactive
2018-02-19,0.0,0.0,0.0,0,0,False,0.0,0.0,0.0,0.0,0.0,0.0,0.0,100.0,100.0,Inactive
2018-02-20,0.0,0.0,0.0,0,0,False,0.0,0.0,0.0,0.0,0.0,0.0,0.0,100.0,100.0,Inactive
2018-02-21,0.0,0.0,0.0,0,0,False,0.0,0.0,0.0,0.0,0.0,0.0,0.0,100.0,100.0,Inactive
2018-02-22,0.0,0.0,0.0,0,0,False,0.0,0.0,0.0,0.0,0.0,0.0,0.0,100.0,100.0,Inactive
2018-02-23,0.0,0.0,0.0,0,0,False,0.0,0.0,0.0,0.0,0.0,0.0,0.0,100.0,100.0,Inactive
2018-02-24,0.0,0.0,0.0,0,0,False,0.0,0.0,0.0,0.0,0.0,0.0,0.0,100.0,100.0,Inactive
2018-02-25,0.0,0.0,0.0,0,0,False,0.0,0.0,0.0,0.0,0.0,0.0,0.0,100.0,100.0,Inactive
2018-02-26,0.0,0.0,0.0,0,0,False,0.0,0.0,0.0,0.0,0.0,0.0,0.0,100.0,100.0,Inactive
2018-02-27,0.0,0.0,0.0,0,0,False,0.0,0.0,0.0,0.0,0.0,0.0,0.0,100.0,100.0,Inactive
2018-02-28,0.0,0.0,0.0,0,0,False,0.0,0.0,0.0,0.0,0.0,0.0,0.0,100.0,100.0,Inactive
2018-03-01,0.0,0.0,0.0,0,0,False,0.0,0.0,0.0,0.0,0.0,0.0,0.0,100.0,100.0,Inactive
2018-03-02,0.0,0.0,0.0,0,0,False,0.0,0.0,0.0,0.0,0.0,0.0,0.0,100.0,100.0,Inactive
2018-03-03,0.0,0.0,0.0,0,0,False,0.0,0.0,0.0,0.0,0.0,0.0,0.0,100.0,100.0,Inactive
2018-03-04,0.0,0.0,0.0,0,0,False,0.0,0.0,0.0,0.0,0.0,0.0,0.0,100.0,100.0,Inactive
2018-03-05,0.0,0.0,0.0,0,0,False,0.0,0.0,0.0,0.0,0.0,0.0,0.0,100.0,100.0,Inactive
2018-03-06,0.0,0.0,0.0,0,0,False,0.0,0.0,0.0,0.0,0.0,0.0,0.0,100.0,100.0,Inactive
2018-03-07,0.0,0.0,0.0,0,0,False,0.0,0.0,0.0,0.0,0.0,0.0,0.0,100.0,100.0,Inactive
2018-03-08,0.0,0.0,0.0,0,0,False,0.0,0.0,0.0,0.0,0.0,0.0,0.0,100.0,100.0,Inactive
2018-03-09,0.0,0.0,0.0,0,0,False,0.0,0.0,0.0,0.0,0.0,0.0,0.0,100.0,100.0,Inactive
2018-03-10,0.0,0.0,0.0,0,0,False,0.0,0.0,0.0,0.0,0.0,0.0,0.0,100.0,100.0,Inactive
2018-03-11,0.0,0.0,0.0,0,0,False,0.0,0.0,0.0,0.0,0.0,0.0,0.0,100.0,100.0,Inactive
2018-03-12,0.0,0.0,0.0,0,0,False,0.0,0.0,0.0,0.0,0.0,0.0,0.0,100.0,100.0,Inactive
2018-03-13,0.0,0.0,0.0,0,0,False,0.0,0.0,0.0,0.0,0.0,0.0,0.0,100.0,100.0,Inactive
2018-03-14,0.0,0.0,0.0,0,0,False,0.0,0.0,0.0,0.0,0.0,0.0,0.0,100.0,100.0,Inactive
2018-03-15,0.0,0.0,0.0,0,0,False,0.0,0.0,0.0,0.0,0.0,0.0,0.0,100.0,100.0,Inactive
2018-03-16,0.0,0.0,0.0,0,0,False,0.0,0.0,0.0,0.0,0.0,0.0,0.0,100.0,100.0,Inactive
2018-03-17,0.0,0.0,0.0,0,0,False,0.0,0.0,0.0,0.0,0.0,0.0,0.0,100.0,100.0,Inactive
2018-03-18,0.0,0.0,0.0,0,0,False,0.0,0.0,0.0,0.0,0.0,0.0,0.0,100.0,100.0,Inactive
2018-03-19,0.0,0.0,0.0,0,0,False,0.0,0.0,0.0,0.0,0.0,0.0,0.0,100.0,100.0,Inactive
2018-03-20,0.0,0.0,0.0,0,0,False,0.0,0.0,0.0,0.0,0.0,0.0,0.0,100.0,100.0,Inactive
2018-03-21,0.0,0.0,0.0,0,0,False,0.0,0.0,0.0,0.0,0.0,0.0,0.0,100.0,100.0,Inactive
2018-03-22,0.0,0.0,0.0,0,0,False,0.0,0.0,0.0,0.0,0.0,0.0,0.0,100.0,100.0,Inactive
2018-03-23,0.0,0.0,0.0,0,0,False,0.0,0.0,0.0,0.0,0.0,0.0,0.0,100.0,100.0,Inactive
2018-03-24,0.0,0.0,0.0,0,0,False,0.0,0.0,0.0,0.0,0.0,0.0,0.0,100.0,100.0,Inactive
2018-03-25,0.0,0.0,0.0,0,0,False,0.0,0.0,0.0,0.0,0.0,0.0,0.0,100.0,100.0,Inactive
2018-03-26,0.0,0.0,0.0,0,0,False,0.0,0.0,0.0,0.0,0.0,0.0,0.0,100.0,100.0,Inactive
2018-03-27,0.0,0.0,0.0,0,0,False,0.0,0.0,0.0,0.0,0.0,0.0,0.0,100.0,100.0,Inactive
2018-03-28,0.0,0.0,0.0,0,0,False,0.0,0.0,0.0,0.0,0.0,0.0,0.0,100.0,100.0,Inactive
2018-03-29,0.0,0.0,0.0,0,0,False,0.0,0.0,0.0,0.0,0.0,0.0,0.0,100.0,100.0,Inactive
2018-03-30,0.0,0.0,0.0,0,0,False,0.0,0.0,0.0,0.0,0.0,0.0,0.0,100.0,100.0,Inactive
2018-03-31,0.0,0.0,0.0,0,0,False,0.0,0.0,0.0,0.0,0.0,0.0,0.0,100.0,100.0,Inactive
2018-04-01,0.0,0.0,0.0,0,0,False,0.0,0.0,0.0,0.0,0.0,0.0,0.0,100.0,100.0,Inactive
2018-04-02,0.0,0.0,0.0,0,0,False,0.0,0.0,0.0,0.0,0.0,0.0,0.0,100.0,100.0,Inactive
2018-04-03,0.0,0.0,0.0,0,0,False,0.0,0.0,0.0,0.0,0.0,0.0,0.0,100.0,100.0,Inactive
2018-04-04,0.0,0.0,0.0,0,0,False,0.0,0.0,0.0,0.0,0.0,0.0,0.0,100.0,100.0,Inactive
2018-04-05,0.0,0.0,0.0,0,0,False,0.0,0.0,0.0,0.0,0.0,0.0,0.0,100.0,100.0,Inactive
2018-04-06,0.0,0.0,0.0,0,0,False,0.0,0.0,0.0,0.0,0.0,0.0,0.0,100.0,100.0,Inactive
2018-04-07,0.0,0.0,0.0,0,0,False,0.0,0.0,0.0,0.0,0.0,0.0,0.0,100.0,100.0,Inactive
2018-04-08,0.0,0.0,0.0,0,0,False,0.0,0.0,0.0,0.0,0.0,0.0,0.0,100.0,100.0,Inactive
2018-04-09,0.0,0.0,0.0,0,0,False,0.0,0.0,0.0,0.0,0.0,0.0,0.0,100.0,100.0,Inactive
2018-04-10,0.0,0.0,0.0,0,0,False,0.0,0.0,0.0,0.0,0.0,0.0,0.0,100.0,100.0,Inactive
2018-04-11,0.0,0.0,0.0,0,0,False,0.0,0.0,0.0,0.0,0.0,0.0,0.0,100.0,100.0,Inactive
2018-04-12,0.0,0.0,0.0,0,0,False,0.0,0.0,0.0,0.0,0.0,0.0,0.0,100.0,100.0,Inactive
2018-04-13,0.0,0.0,0.0,0,0,False,0.0,0.0,0.0,0.0,0.0,0.0,0.0,100.0,100.0,Inactive
2018-04-14,0.0,0.0,0.0,0,0,False,0.0,0.0,0.0,0.0,0.0,0.0,0.0,100.0,100.0,Inactive
2018-04-15,0.0,0.0,0.0,0,0,False,0.0,0.0,0.0,0.0,0.0,0.0,0.0,100.0,100.0,Inactive
2018-04-16,0.0,0.0,0.0,0,0,False,0.0,0.0,0.0,0.0,0.0,0.0,0.0,100.0,100.0,Inactive
2018-04-17,0.0,0.0,0.0,0,0,False,0.0,0.0,0.0,0.0,0.0,0.0,0.0,100.0,100.0,Inactive
2018-04-18,0.0,0.0,0.0,0,0,False,0.0,0.0,0.0,0.0,0.0,0.0,0.0,100.0,100.0,Inactive
2018-04-19,0.0,0.0,0.0,0,0,False,0.0,0.0,0.0,0.0,0.0,0.0,0.0,100.0,100.0,Inactive
2018-04-20,0.0,0.0,0.0,0,0,False,0.0,0.0,0.0,0.0,0.0,0.0,0.0,100.0,100.0,Inactive
2018-04-21,0.0,0.0,0.0,0,0,False,0.0,0.0,0.0,0.0,0.0,0.0,0.0,100.0,100.0,Inactive
2018-04-22,0.0,0.0,0.0,0,0,False,0.0,0.0,0.0,0.0,0.0,0.0,0.0,100.0,100.0,Inactive
2018-04-23,0.0,0.0,0.0,0,0,False,0.0,0.0,0.0,0.0,0.0,0.0,0.0,100.0,100.0,Inactive
2018-04-24,0.0,0.0,0.0,0,0,False,0.0,0.0,0.0,0.0,0.0,0.0,0.0,100.0,100.0,Inactive
2018-04-25,0.0,0.0,0.0,0,0,False,0.0,0.0,0.0,0.0,0.0,0.0,0.0,100.0,100.0,Inactive
2018-04-26,0.0,0.0,0.0,0,0,False,0.0,0.0,0.0,0.0,0.0,0.0,0.0,100.0,100.0,Inactive
2018-04-27,0.0,0.0,0.0,0,0,False,0.0,0.0,0.0,0.0,0.0,0.0,0.0,100.0,100.0,Inactive
2018-04-28,0.0,0.0,0.0,0,0,False,0.0,0.0,0.0,0.0,0.0,0.0,0.0,100.0,100.0,Inactive
2018-04-29,0.0,0.0,0.0,0,0,False,0.0,0.0,0.0,0.0,0.0,0.0,0.0,100.0,100.0,Inactive
2018-04-30,0.0,0.0,0.0,0,0,False,0.0,0.0,0.0,0.0,0.0,0.0,0.0,100.0,100.0,Inactive
2018-05-01,0.0,0.0,0.0,32,0,True,0.0,0.0,0.0,0.0,0.0,0.0,0.0,100.0,100.0,Normal
2018-05-02,0.0,0.0,0.0,20,0,True,0.0,0.0,0.0,0.0,0.0,0.0,0.0,100.0,100.0,Normal
2018-05-03,0.0,0.0,0.0,30,5,True,0.0,0.0,0.0,0.0,0.0,0.0,0.0,100.0,100.0,Normal
2018-05-04,0.0,0.0,0.0,12,0,True,0.0,0.0,0.0,0.0,0.0,0.0,0.0,100.0,100.0,Normal
2018-05-05,0.0,0.0,0.0,20,0,True,0.0,0.0,0.0,0.0,0.0,0.0,0.0,100.0,100.0,Normal
2018-05-06,0.0,0.0,0.0,10,0,False,0.0,0.0,0.0,0.0,0.0,0.0,0.0,100.0,100.0,Inactive
2018-05-07,0.0,0.0,0.0,13,0,True,0.0,0.0,0.0,0.0,0.0,0.0,0.0,100.0,100.0,Normal
2018-05-08,0.0,0.0,0.0,11,0,True,0.0,0.0,0.0,0.0,0.0,0.0,0.0,100.0,100.0,Normal
2018-05-09,0.0,0.0,0.0,8,0,False,0.0,0.0,0.0,0.0,0.0,0.0,0.0,100.0,100.0,Inactive
2018-05-10,0.0,0.0,0.0,14,0,True,0.0,0.0,0.0,0.0,0.0,0.0,0.0,100.0,100.0,Normal
2018-05-11,0.0,0.0,0.0,20,0,True,0.0,0.0,0.0,0.0,0.0,0.0,0.0,100.0,100.0,Normal
2018-05-12,0.0,0.0,0.0,8,0,False,0.0,0.0,0.0,0.0,0.0,0.0,0.0,100.0,100.0,Inactive
2018-05-13,0.0,0.0,0.0,16,0,True,0.0,0.0,0.0,0.0,0.0,0.0,0.0,100.0,100.0,Normal
2018-05-14,0.0,0.0,0.0,31,8,True,0.0,0.0,0.0,0.0,0.0,0.0,0.0,100.0,100.0,Normal
2018-05-15,0.0,0.0,0.0,20,3,True,0.0,0.0,0.0,0.0,0.0,0.0,0.0,100.0,100.0,Normal
2018-05-16,0.0,0.0,0.0,24,3,True,0.0,0.0,0.0,0.0,0.0,0.0,0.0,100.0,100.0,Normal
2018-05-17,0.0,0.0,0.0,24,4,True,0.0,0.0,0.0,0.0,0.0,0.0,0.0,100.0,100.0,Normal
2018-05-18,0.0,0.0,0.0,40,0,True,0.0,0.0,0.0,0.0,0.0,0.0,0.0,100.0,100.0,Normal
2018-05-19,0.0,0.0,0.0,33,0,True,0.0,0.0,0.0,0.0,0.0,0.0,0.0,100.0,100.0,Normal
2018-05-20,0.0,0.0,0.0,32,0,True,0.0,0.0,0.0,0.0,0.0,0.0,0.0,100.0,100.0,Normal
2018-05-21,0.0,0.0,0.0,48,0,True,0.0,0.0,0.0,0.0,0.0,0.0,0.0,100.0,100.0,Normal
2018-05-22,0.0,0.0,0.0,34,0,True,0.0,0.0,0.0,0.0,0.0,0.0,0.0,100.0,100.0,Normal
2018-05-23,0.0,0.0,0.0,27,0,True,0.0,0.0,0.0,0.0,0.0,0.0,0.0,100.0,100.0,Normal
2018-05-24,0.0,0.0,0.0,11,6,True,0.0,0.0,0.0,0.0,0.0,0.0,0.0,100.0,100.0,Normal
2018-05-25,0.0,0.0,0.0,0,0,False,0.0,0.0,0.0,0.0,0.0,0.0,0.0,100.0,100.0,Inactive
2018-05-26,0.0,0.0,0.0,0,0,False,0.0,0.0,0.0,0.0,0.0,0.0,0.0,100.0,100.0,Inactive
2018-05-27,0.0,0.0,0.0,0,0,False,0.0,0.0,0.0,0.0,0.0,0.0,0.0,100.0,100.0,Inactive
2018-05-28,0.0,0.0,0.0,0,0,False,0.0,0.0,0.0,0.0,0.0,0.0,0.0,100.0,100.0,Inactive
2018-05-29,0.0,0.0,0.0,0,0,False,0.0,0.0,0.0,0.0,0.0,0.0,0.0,100.0,100.0,Inactive
2018-05-30,0.0,0.0,0.0,0,0,False,0.0,0.0,0.0,0.0,0.0,0.0,0.0,100.0,100.0,Inactive
2018-05-31,0.0,0.0,0.0,0,0,False,0.0,0.0,0.0,0.0,0.0,0.0,0.0,100.0,100.0,Inactive
2018-06-01,0.0,0.0,0.0,0,0,False,0.0,0.0,0.0,0.0,0.0,0.0,0.0,100.0,100.0,Inactive
2018-06-02,0.0,0.0,0.0,0,0,False,0.0,0.0,0.0,0.0,0.0,0.0,0.0,100.0,100.0,Inactive
2018-06-03,0.0,0.0,0.0,0,0,False,0.0,0.0,0.0,0.0,0.0,0.0,0.0,100.0,100.0,Inactive
2018-06-04,0.0,0.0,0.0,0,0,False,0.0,0.0,0.0,0.0,0.0,0.0,0.0,100.0,100.0,Inactive
2018-06-05,0.0,0.0,0.0,0,0,False,0.0,0.0,0.0,0.0,0.0,0.0,0.0,100.0,100.0,Inactive
2018-06-06,0.0,0.0,0.0,0,0,False,0.0,0.0,0.0,0.0,0.0,0.0,0.0,100.0,100.0,Inactive
2018-06-07,0.0,0.0,0.0,0,0,False,0.0,0.0,0.0,0.0,0.0,0.0,0.0,100.0,100.0,Inactive
2018-06-08,0.0,0.0,0.0,0,0,False,0.0,0.0,0.0,0.0,0.0,0.0,0.0,100.0,100.0,Inactive
2018-06-09,0.0,0.0,0.0,0,0,False,0.0,0.0,0.0,0.0,0.0,0.0,0.0,100.0,100.0,Inactive
2018-06-10,0.0,0.0,0.0,0,0,False,0.0,0.0,0.0,0.0,0.0,0.0,0.0,100.0,100.0,Inactive
2018-06-11,0.0,0.0,0.0,0,0,False,0.0,0.0,0.0,0.0,0.0,0.0,0.0,100.0,100.0,Inactive
2018-06-12,0.0,0.0,0.0,0,0,False,0.0,0.0,0.0,0.0,0.0,0.0,0.0,100.0,100.0,Inactive
2018-06-13,0.0,0.0,0.0,0,0,False,0.0,0.0,0.0,0.0,0.0,0.0,0.0,100.0,100.0,Inactive
2018-06-14,0.0,0.0,0.0,0,0,False,0.0,0.0,0.0,0.0,0.0,0.0,0.0,100.0,100.0,Inactive
2018-06-15,0.0,0.0,0.0,0,0,False,0.0,0.0,0.0,0.0,0.0,0.0,0.0,100.0,100.0,Inactive
2018-06-16,0.0,0.0,0.0,0,0,False,0.0,0.0,0.0,0.0,0.0,0.0,0.0,100.0,100.0,Inactive
2018-06-17,0.0,0.0,0.0,0,0,False,0.0,0.0,0.0,0.0,0.0,0.0,0.0,100.0,100.0,Inactive
2018-06-18,0.0,0.0,0.0,0,0,False,0.0,0.0,0.0,0.0,0.0,0.0,0.0,100.0,100.0,Inactive
2018-06-19,0.0,0.0,0.0,0,0,False,0.0,0.0,0.0,0.0,0.0,0.0,0.0,100.0,100.0,Inactive
2018-06-20,0.0,0.0,0.0,0,0,False,0.0,0.0,0.0,0.0,0.0,0.0,0.0,100.0,100.0,Inactive
2018-06-21,0.0,0.0,0.0,0,0,False,0.0,0.0,0.0,0.0,0.0,0.0,0.0,100.0,100.0,Inactive
2018-06-22,0.0,0.0,0.0,0,0,False,0.0,0.0,0.0,0.0,0.0,0.0,0.0,100.0,100.0,Inactive
2018-06-23,0.0,0.0,0.0,0,0,False,0.0,0.0,0.0,0.0,0.0,0.0,0.0,100.0,100.0,Inactive
2018-06-24,0.0,0.0,0.0,0,0,False,0.0,0.0,0.0,0.0,0.0,0.0,0.0,100.0,100.0,Inactive
2018-06-25,0.0,0.0,0.0,0,0,False,0.0,0.0,0.0,0.0,0.0,0.0,0.0,100.0,100.0,Inactive
2018-06-26,0.0,0.0,0.0,0,0,False,0.0,0.0,0.0,0.0,0.0,0.0,0.0,100.0,100.0,Inactive
2018-06-27,0.0,0.0,0.0,0,0,False,0.0,0.0,0.0,0.0,0.0,0.0,0.0,100.0,100.0,Inactive
2018-06-28,0.0,0.0,0.0,0,0,False,0.0,0.0,0.0,0.0,0.0,0.0,0.0,100.0,100.0,Inactive
2018-06-29,0.0,0.0,0.0,0,0,False,0.0,0.0,0.0,0.0,0.0,0.0,0.0,100.0,100.0,Inactive
2018-06-30,0.0,0.0,0.0,0,0,False,0.0,0.0,0.0,0.0,0.0,0.0,0.0,100.0,100.0,Inactive
2018-07-01,0.0,0.0,0.0,0,0,False,0.0,0.0,0.0,0.0,0.0,0.0,0.0,100.0,100.0,Inactive
2018-07-02,0.0,0.0,0.0,0,0,False,0.0,0.0,0.0,0.0,0.0,0.0,0.0,100.0,100.0,Inactive
2018-07-03,0.0,0.0,0.0,0,0,False,0.0,0.0,0.0,0.0,0.0,0.0,0.0,100.0,100.0,Inactive
2018-07-04,0.0,0.0,0.0,0,0,False,0.0,0.0,0.0,0.0,0.0,0.0,0.0,100.0,100.0,Inactive
2018-07-05,0.0,0.0,0.0,0,0,False,0.0,0.0,0.0,0.0,0.0,0.0,0.0,100.0,100.0,Inactive
2018-07-06,0.0,0.0,0.0,0,0,False,0.0,0.0,0.0,0.0,0.0,0.0,0.0,100.0,100.0,Inactive
2018-07-07,0.0,0.0,0.0,0,0,False,0.0,0.0,0.0,0.0,0.0,0.0,0.0,100.0,100.0,Inactive
2018-07-08,0.0,0.0,0.0,0,0,False,0.0,0.0,0.0,0.0,0.0,0.0,0.0,100.0,100.0,Inactive
2018-07-09,0.0,0.0,0.0,0,0,False,0.0,0.0,0.0,0.0,0.0,0.0,0.0,100.0,100.0,Inactive
2018-07-10,0.0,0.0,0.0,0,0,False,0.0,0.0,0.0,0.0,0.0,0.0,0.0,100.0,100.0,Inactive
2018-07-11,0.0,0.0,0.0,0,0,False,0.0,0.0,0.0,0.0,0.0,0.0,0.0,100.0,100.0,Inactive
2018-07-12,0.0,0.0,0.0,0,0,False,0.0,0.0,0.0,0.0,0.0,0.0,0.0,100.0,100.0,Inactive
2018-07-13,0.0,0.0,0.0,0,0,False,0.0,0.0,0.0,0.0,0.0,0.0,0.0,100.0,100.0,Inactive
2018-07-14,0.0,0.0,0.0,0,0,False,0.0,0.0,0.0,0.0,0.0,0.0,0.0,100.0,100.0,Inactive
2018-07-15,0.0,0.0,0.0,0,0,False,0.0,0.0,0.0,0.0,0.0,0.0,0.0,100.0,100.0,Inactive
2018-07-16,0.0,0.0,0.0,0,0,False,0.0,0.0,0.0,0.0,0.0,0.0,0.0,100.0,100.0,Inactive
2018-07-17,0.0,0.0,0.0,0,0,False,0.0,0.0,0.0,0.0,0.0,0.0,0.0,100.0,100.0,Inactive
2018-07-18,0.0,0.0,0.0,0,0,False,0.0,0.0,0.0,0.0,0.0,0.0,0.0,100.0,100.0,Inactive
2018-07-19,0.0,0.0,0.0,0,0,False,0.0,0.0,0.0,0.0,0.0,0.0,0.0,100.0,100.0,Inactive
2018-07-20,0.0,0.0,0.0,0,0,False,0.0,0.0,0.0,0.0,0.0,0.0,0.0,100.0,100.0,Inactive
2018-07-21,0.0,0.0,0.0,0,0,False,0.0,0.0,0.0,0.0,0.0,0.0,0.0,100.0,100.0,Inactive
2018-07-22,0.0,0.0,0.0,0,0,False,0.0,0.0,0.0,0.0,0.0,0.0,0.0,100.0,100.0,Inactive
2018-07-23,0.0,0.0,0.0,0,0,False,0.0,0.0,0.0,0.0,0.0,0.0,0.0,100.0,100.0,Inactive
2018-07-24,0.0,0.0,0.0,0,0,False,0.0,0.0,0.0,0.0,0.0,0.0,0.0,100.0,100.0,Inactive
2018-07-25,0.0,0.0,0.0,0,0,False,0.0,0.0,0.0,0.0,0.0,0.0,0.0,100.0,100.0,Inactive
2018-07-26,0.0,0.0,0.0,0,0,False,0.0,0.0,0.0,0.0,0.0,0.0,0.0,100.0,100.0,Inactive
2018-07-27,0.0,0.0,0.0,0,0,False,0.0,0.0,0.0,0.0,0.0,0.0,0.0,100.0,100.0,Inactive
2018-07-28,0.0,0.0,0.0,0,0,False,0.0,0.0,0.0,0.0,0.0,0.0,0.0,100.0,100.0,Inactive
2018-07-29,0.0,0.0,0.0,0,0,False,0.0,0.0,0.0,0.0,0.0,0.0,0.0,100.0,100.0,Inactive
2018-07-30,0.0,0.0,0.0,0,0,False,0.0,0.0,0.0,0.0,0.0,0.0,0.0,100.0,100.0,Inactive
2018-07-31,0.0,0.0,0.0,0,0,False,0.0,0.0,0.0,0.0,0.0,0.0,0.0,100.0,100.0,Inactive
2018-08-01,0.0,0.0,0.0,0,0,False,0.0,0.0,0.0,0.0,0.0,0.0,0.0,100.0,100.0,Inactive
2018-08-02,0.0,0.0,0.0,0,0,False,0.0,0.0,0.0,0.0,0.0,0.0,0.0,100.0,100.0,Inactive
2018-08-03,0.0,0.0,0.0,0,0,False,0.0,0.0,0.0,0.0,0.0,0.0,0.0,100.0,100.0,Inactive
2018-08-04,0.0,0.0,0.0,0,0,False,0.0,0.0,0.0,0.0,0.0,0.0,0.0,100.0,100.0,Inactive
2018-08-05,0.0,0.0,0.0,0,0,False,0.0,0.0,0.0,0.0,0.0,0.0,0.0,100.0,100.0,Inactive
2018-08-06,0.0,0.0,0.0,0,0,False,0.0,0.0,0.0,0.0,0.0,0.0,0.0,100.0,100.0,Inactive
2018-08-07,0.0,0.0,0.0,0,0,False,0.0,0.0,0.0,0.0,0.0,0.0,0.0,100.0,100.0,Inactive
2018-08-08,0.0,0.0,0.0,0,0,False,0.0,0.0,0.0,0.0,0.0,0.0,0.0,100.0,100.0,Inactive
2018-08-09,0.0,0.0,0.0,0,0,False,0.0,0.0,0.0,0.0,0.0,0.0,0.0,100.0,100.0,Inactive
2018-08-10,0.0,0.0,0.0,0,0,False,0.0,0.0,0.0,0.0,0.0,0.0,0.0,100.0,100.0,Inactive
2018-08-11,0.0,0.0,0.0,0,0,False,0.0,0.0,0.0,0.0,0.0,0.0,0.0,100.0,100.0,Inactive
2018-08-12,0.0,0.0,0.0,0,0,False,0.0,0.0,0.0,0.0,0.0,0.0,0.0,100.0,100.0,Inactive
2018-08-13,0.0,0.0,0.0,0,0,False,0.0,0.0,0.0,0.0,0.0,0.0,0.0,100.0,100.0,Inactive
2018-08-14,0.0,0.0,0.0,0,0,False,0.0,0.0,0.0,0.0,0.0,0.0,0.0,100.0,100.0,Inactive
2018-08-15,0.0,0.0,0.0,0,0,False,0.0,0.0,0.0,0.0,0.0,0.0,0.0,100.0,100.0,Inactive
2018-08-16,0.0,0.0,0.0,0,0,False,0.0,0.0,0.0,0.0,0.0,0.0,0.0,100.0,100.0,Inactive
2018-08-17,0.0,0.0,0.0,0,0,False,0.0,0.0,0.0,0.0,0.0,0.0,0.0,100.0,100.0,Inactive
2018-08-18,0.0,0.0,0.0,0,0,False,0.0,0.0,0.0,0.0,0.0,0.0,0.0,100.0,100.0,Inactive
2018-08-19,0.0,0.0,0.0,0,0,False,0.0,0.0,0.0,0.0,0.0,0.0,0.0,100.0,100.0,Inactive
2018-08-20,0.0,0.0,0.0,0,0,False,0.0,0.0,0.0,0.0,0.0,0.0,0.0,100.0,100.0,Inactive
2018-08-21,0.0,0.0,0.0,0,0,False,0.0,0.0,0.0,0.0,0.0,0.0,0.0,100.0,100.0,Inactive
2018-08-22,0.0,0.0,0.0,0,0,False,0.0,0.0,0.0,0.0,0.0,0.0,0.0,100.0,100.0,Inactive
2018-08-23,0.0,0.0,0.0,0,0,False,0.0,0.0,0.0,0.0,0.0,0.0,0.0,100.0,100.0,Inactive
2018-08-24,0.0,0.0,0.0,0,0,False,0.0,0.0,0.0,0.0,0.0,0.0,0.0,100.0,100.0,Inactive
2018-08-25,0.0,0.0,0.0,0,0,False,0.0,0.0,0.0,0.0,0.0,0.0,0.0,100.0,100.0,Inactive
2018-08-26,0.0,0.0,0.0,0,0,False,0.0,0.0,0.0,0.0,0.0,0.0,0.0,100.0,100.0,Inactive
2018-08-27,0.0,0.0,0.0,0,0,False,0.0,0.0,0.0,0.0,0.0,0.0,0.0,100.0,100.0,Inactive
2018-08-28,0.0,0.0,0.0,0,0,False,0.0,0.0,0.0,0.0,0.0,0.0,0.0,100.0,100.0,Inactive
2018-08-29,0.0,0.0,0.0,0,0,False,0.0,0.0,0.0,0.0,0.0,0.0,0.0,100.0,100.0,Inactive
2018-08-30,0.0,0.0,0.0,0,0,False,0.0,0.0,0.0,0.0,0.0,0.0,0.0,100.0,100.0,Inactive
2018-08-31,0.0,0.0,0.0,0,0,False,0.0,0.0,0.0,0.0,0.0,0.0,0.0,100.0,100.0,Inactive
2018-09-01,0.0,0.0,0.0,0,0,False,0.0,0.0,0.0,0.0,0.0,0.0,0.0,100.0,100.0,Inactive
2018-09-02,0.0,0.0,0.0,0,0,False,0.0,0.0,0.0,0.0,0.0,0.0,0.0,100.0,100.0,Inactive
2018-09-03,0.0,0.0,0.0,0,0,False,0.0,0.0,0.0,0.0,0.0,0.0,0.0,100.0,100.0,Inactive
2018-09-04,0.0,0.0,0.0,0,0,False,0.0,0.0,0.0,0.0,0.0,0.0,0.0,100.0,100.0,Inactive
2018-09-05,0.0,0.0,0.0,0,0,False,0.0,0.0,0.0,0.0,0.0,0.0,0.0,100.0,100.0,Inactive
2018-09-06,0.0,0.0,0.0,0,0,False,0.0,0.0,0.0,0.0,0.0,0.0,0.0,100.0,100.0,Inactive
2018-09-07,0.0,0.0,0.0,0,0,False,0.0,0.0,0.0,0.0,0.0,0.0,0.0,100.0,100.0,Inactive
2018-09-08,0.0,0.0,0.0,0,0,False,0.0,0.0,0.0,0.0,0.0,0.0,0.0,100.0,100.0,Inactive
2018-09-09,0.0,0.0,0.0,0,0,False,0.0,0.0,0.0,0.0,0.0,0.0,0.0,100.0,100.0,Inactive
2018-09-10,0.0,0.0,0.0,0,0,False,0.0,0.0,0.0,0.0,0.0,0.0,0.0,100.0,100.0,Inactive
2018-09-11,0.0,0.0,0.0,0,0,False,0.0,0.0,0.0,0.0,0.0,0.0,0.0,100.0,100.0,Inactive
2018-09-12,0.0,0.0,0.0,0,0,False,0.0,0.0,0.0,0.0,0.0,0.0,0.0,100.0,100.0,Inactive
2018-09-13,0.0,0.0,0.0,0,0,False,0.0,0.0,0.0,0.0,0.0,0.0,0.0,100.0,100.0,Inactive
2018-09-14,0.0,0.0,0.0,0,0,False,0.0,0.0,0.0,0.0,0.0,0.0,0.0,100.0,100.0,Inactive
2018-09-15,0.0,0.0,0.0,0,0,False,0.0,0.0,0.0,0.0,0.0,0.0,0.0,100.0,100.0,Inactive
2018-09-16,0.0,0.0,0.0,0,0,False,0.0,0.0,0.0,0.0,0.0,0.0,0.0,100.0,100.0,Inactive
2018-09-17,0.0,0.0,0.0,0,0,False,0.0,0.0,0.0,0.0,0.0,0.0,0.0,100.0,100.0,Inactive
2018-09-18,0.0,0.0,0.0,0,0,False,0.0,0.0,0.0,0.0,0.0,0.0,0.0,100.0,100.0,Inactive
2018-09-19,0.0,0.0,0.0,0,0,False,0.0,0.0,0.0,0.0,0.0,0.0,0.0,100.0,100.0,Inactive
2018-09-20,0.0,0.0,0.0,0,0,False,0.0,0.0,0.0,0.0,0.0,0.0,0.0,100.0,100.0,Inactive
2018-09-21,0.0,0.0,0.0,0,0,False,0.0,0.0,0.0,0.0,0.0,0.0,0.0,100.0,100.0,Inactive
2018-09-22,0.0,0.0,0.0,0,0,False,0.0,0.0,0.0,0.0,0.0,0.0,0.0,100.0,100.0,Inactive
2018-09-23,0.0,0.0,0.0,0,0,False,0.0,0.0,0.0,0.0,0.0,0.0,0.0,100.0,100.0,Inactive
2018-09-24,0.0,0.0,0.0,0,0,False,0.0,0.0,0.0,0.0,0.0,0.0,0.0,100.0,100.0,Inactive
2018-09-25,0.0,0.0,0.0,0,0,False,0.0,0.0,0.0,0.0,0.0,0.0,0.0,100.0,100.0,Inactive
2018-09-26,0.0,0.0,0.0,0,0,False,0.0,0.0,0.0,0.0,0.0,0.0,0.0,100.0,100.0,Inactive
2018-09-27,0.0,0.0,0.0,0,0,False,0.0,0.0,0.0,0.0,0.0,0.0,0.0,100.0,100.0,Inactive
2018-09-28,0.0,0.0,0.0,0,0,False,0.0,0.0,0.0,0.0,0.0,0.0,0.0,100.0,100.0,Inactive
2018-09-29,0.0,0.0,0.0,0,0,False,0.0,0.0,0.0,0.0,0.0,0.0,0.0,100.0,100.0,Inactive
2018-09-30,0.0,0.0,0.0,0,0,False,0.0,0.0,0.0,0.0,0.0,0.0,0.0,100.0,100.0,Inactive
2018-10-01,0.0,0.0,0.0,0,0,False,0.0,0.0,0.0,0.0,0.0,0.0,0.0,100.0,100.0,Inactive
2018-10-02,0.0,0.0,0.0,0,0,False,0.0,0.0,0.0,0.0,0.0,0.0,0.0,100.0,100.0,Inactive
2018-10-03,0.0,0.0,0.0,0,0,False,0.0,0.0,0.0,0.0,0.0,0.0,0.0,100.0,100.0,Inactive
2018-10-04,0.0,0.0,0.0,0,0,False,0.0,0.0,0.0,0.0,0.0,0.0,0.0,100.0,100.0,Inactive
2018-10-05,0.0,0.0,0.0,0,0,False,0.0,0.0,0.0,0.0,0.0,0.0,0.0,100.0,100.0,Inactive
2018-10-06,0.0,0.0,0.0,0,0,False,0.0,0.0,0.0,0.0,0.0,0.0,0.0,100.0,100.0,Inactive
2018-10-07,0.0,0.0,0.0,0,0,False,0.0,0.0,0.0,0.0,0.0,0.0,0.0,100.0,100.0,Inactive
2018-10-08,0.0,0.0,0.0,0,0,False,0.0,0.0,0.0,0.0,0.0,0.0,0.0,100.0,100.0,Inactive
2018-10-09,0.0,0.0,0.0,0,0,False,0.0,0.0,0.0,0.0,0.0,0.0,0.0,100.0,100.0,Inactive
2018-10-10,0.0,0.0,0.0,0,0,False,0.0,0.0,0.0,0.0,0.0,0.0,0.0,100.0,100.0,Inactive
2018-10-11,0.0,0.0,0.0,0,0,False,0.0,0.0,0.0,0.0,0.0,0.0,0.0,100.0,100.0,Inactive
2018-10-12,0.0,0.0,0.0,0,0,False,0.0,0.0,0.0,0.0,0.0,0.0,0.0,100.0,100.0,Inactive
2018-10-13,0.0,0.0,0.0,0,0,False,0.0,0.0,0.0,0.0,0.0,0.0,0.0,100.0,100.0,Inactive
2018-10-14,0.0,0.0,0.0,0,0,False,0.0,0.0,0.0,0.0,0.0,0.0,0.0,100.0,100.0,Inactive
2018-10-15,0.0,0.0,0.0,0,0,False,0.0,0.0,0.0,0.0,0.0,0.0,0.0,100.0,100.0,Inactive
2018-10-16,0.0,0.0,0.0,0,0,False,0.0,0.0,0.0,0.0,0.0,0.0,0.0,100.0,100.0,Inactive
2018-10-17,0.0,0.0,0.0,0,0,False,0.0,0.0,0.0,0.0,0.0,0.0,0.0,100.0,100.0,Inactive
2018-10-18,0.0,0.0,0.0,0,0,False,0.0,0.0,0.0,0.0,0.0,0.0,0.0,100.0,100.0,Inactive
2018-10-19,0.0,0.0,0.0,0,0,False,0.0,0.0,0.0,0.0,0.0,0.0,0.0,100.0,100.0,Inactive
2018-10-20,0.0,0.0,0.0,0,0,False,0.0,0.0,0.0,0.0,0.0,0.0,0.0,100.0,100.0,Inactive
2018-10-21,0.0,0.0,0.0,0,0,False,0.0,0.0,0.0,0.0,0.0,0.0,0.0,100.0,100.0,Inactive
2018-10-22,0.0,0.0,0.0,0,0,False,0.0,0.0,0.0,0.0,0.0,0.0,0.0,100.0,100.0,Inactive
2018-10-23,0.0,0.0,0.0,0,0,False,0.0,0.0,0.0,0.0,0.0,0.0,0.0,100.0,100.0,Inactive
2018-10-24,0.0,0.0,0.0,0,0,False,0.0,0.0,0.0,0.0,0.0,0.0,0.0,100.0,100.0,Inactive
2018-10-25,0.0,0.0,0.0,0,0,False,0.0,0.0,0.0,0.0,0.0,0.0,0.0,100.0,100.0,Inactive
2018-10-26,0.0,0.0,0.0,0,0,False,0.0,0.0,0.0,0.0,0.0,0.0,0.0,100.0,100.0,Inactive
2018-10-27,0.0,0.0,0.0,0,0,False,0.0,0.0,0.0,0.0,0.0,0.0,0.0,100.0,100.0,Inactive
2018-10-28,0.0,0.0,0.0,0,0,False,0.0,0.0,0.0,0.0,0.0,0.0,0.0,100.0,100.0,Inactive
2018-10-29,0.0,0.0,0.0,0,0,False,0.0,0.0,0.0,0.0,0.0,0.0,0.0,100.0,100.0,Inactive
2018-10-30,0.0,0.0,0.0,0,0,False,0.0,0.0,0.0,0.0,0.0,0.0,0.0,100.0,100.0,Inactive
2018-10-31,0.0,0.0,0.0,0,0,False,0.0,0.0,0.0,0.0,0.0,0.0,0.0,100.0,100.0,Inactive
2018-11-01,0.0,0.0,0.0,0,0,False,0.0,0.0,0.0,0.0,0.0,0.0,0.0,100.0,100.0,Inactive
2018-11-02,0.0,0.0,0.0,0,0,False,0.0,0.0,0.0,0.0,0.0,0.0,0.0,100.0,100.0,Inactive
2018-11-03,0.0,0.0,0.0,0,0,False,0.0,0.0,0.0,0.0,0.0,0.0,0.0,100.0,100.0,Inactive
2018-11-04,0.0,0.0,0.0,0,0,False,0.0,0.0,0.0,0.0,0.0,0.0,0.0,100.0,100.0,Inactive
2018-11-05,0.0,0.0,0.0,0,0,False,0.0,0.0,0.0,0.0,0.0,0.0,0.0,100.0,100.0,Inactive
2018-11-06,0.0,0.0,0.0,0,0,False,0.0,0.0,0.0,0.0,0.0,0.0,0.0,100.0,100.0,Inactive
2018-11-07,0.0,0.0,0.0,0,0,False,0.0,0.0,0.0,0.0,0.0,0.0,0.0,100.0,100.0,Inactive
2018-11-08,0.0,0.0,0.0,0,0,False,0.0,0.0,0.0,0.0,0.0,0.0,0.0,100.0,100.0,Inactive
2018-11-09,0.0,0.0,0.0,0,0,False,0.0,0.0,0.0,0.0,0.0,0.0,0.0,100.0,100.0,Inactive
2018-11-10,0.0,0.0,0.0,0,0,False,0.0,0.0,0.0,0.0,0.0,0.0,0.0,100.0,100.0,Inactive
2018-11-11,0.0,0.0,0.0,0,0,False,0.0,0.0,0.0,0.0,0.0,0.0,0.0,100.0,100.0,Inactive
2018-11-12,0.0,0.0,0.0,0,0,False,0.0,0.0,0.0,0.0,0.0,0.0,0.0,100.0,100.0,Inactive
2018-11-13,0.0,0.0,0.0,0,0,False,0.0,0.0,0.0,0.0,0.0,0.0,0.0,100.0,100.0,Inactive
2018-11-14,0.0,0.0,0.0,0,0,False,0.0,0.0,0.0,0.0,0.0,0.0,0.0,100.0,100.0,Inactive
2018-11-15,0.0,0.0,0.0,0,0,False,0.0,0.0,0.0,0.0,0.0,0.0,0.0,100.0,100.0,Inactive
2018-11-16,0.0,0.0,0.0,0,0,False,0.0,0.0,0.0,0.0,0.0,0.0,0.0,100.0,100.0,Inactive
2018-11-17,0.0,0.0,0.0,0,0,False,0.0,0.0,0.0,0.0,0.0,0.0,0.0,100.0,100.0,Inactive
2018-11-18,0.0,0.0,0.0,0,0,False,0.0,0.0,0.0,0.0,0.0,0.0,0.0,100.0,100.0,Inactive
2018-11-19,0.0,0.0,0.0,0,0,False,0.0,0.0,0.0,0.0,0.0,0.0,0.0,100.0,100.0,Inactive
2018-11-20,0.0,0.0,0.0,0,0,False,0.0,0.0,0.0,0.0,0.0,0.0,0.0,100.0,100.0,Inactive
2018-11-21,0.0,0.0,0.0,0,0,False,0.0,0.0,0.0,0.0,0.0,0.0,0.0,100.0,100.0,Inactive
2018-11-22,0.0,0.0,0.0,0,0,False,0.0,0.0,0.0,0.0,0.0,0.0,0.0,100.0,100.0,Inactive
2018-11-23,0.0,0.0,0.0,0,0,False,0.0,0.0,0.0,0.0,0.0,0.0,0.0,100.0,100.0,Inactive
2018-11-24,0.0,0.0,0.0,0,0,False,0.0,0.0,0.0,0.0,0.0,0.0,0.0,100.0,100.0,Inactive
2018-11-25,0.0,0.0,0.0,0,0,False,0.0,0.0,0.0,0.0,0.0,0.0,0.0,100.0,100.0,Inactive
2018-11-26,0.0,0.0,0.0,0,0,False,0.0,0.0,0.0,0.0,0.0,0.0,0.0,100.0,100.0,Inactive
2018-11-27,0.0,0.0,0.0,0,0,False,0.0,0.0,0.0,0.0,0.0,0.0,0.0,100.0,100.0,Inactive
2018-11-28,0.0,0.0,0.0,0,0,False,0.0,0.0,0.0,0.0,0.0,0.0,0.0,100.0,100.0,Inactive
2018-11-29,0.0,0.0,0.0,0,0,False,0.0,0.0,0.0,0.0,0.0,0.0,0.0,100.0,100.0,Inactive
2018-11-30,0.0,0.0,0.0,0,0,False,0.0,0.0,0.0,0.0,0.0,0.0,0.0,100.0,100.0,Inactive
2018-12-01,0.0,0.0,0.0,0,0,False,0.0,0.0,0.0,0.0,0.0,0.0,0.0,100.0,100.0,Inactive
2018-12-02,0.0,0.0,0.0,0,0,False,0.0,0.0,0.0,0.0,0.0,0.0,0.0,100.0,100.0,Inactive
2018-12-03,0.0,0.0,0.0,0,0,False,0.0,0.0,0.0,0.0,0.0,0.0,0.0,100.0,100.0,Inactive
2018-12-04,0.0,0.0,0.0,0,0,False,0.0,0.0,0.0,0.0,0.0,0.0,0.0,100.0,100.0,Inactive
2018-12-05,0.0,0.0,0.0,0,0,False,0.0,0.0,0.0,0.0,0.0,0.0,0.0,100.0,100.0,Inactive
2018-12-06,0.0,0.0,0.0,0,0,False,0.0,0.0,0.0,0.0,0.0,0.0,0.0,100.0,100.0,Inactive
2018-12-07,0.0,0.0,0.0,0,0,False,0.0,0.0,0.0,0.0,0.0,0.0,0.0,100.0,100.0,Inactive
2018-12-08,0.0,0.0,0.0,0,0,False,0.0,0.0,0.0,0.0,0.0,0.0,0.0,100.0,100.0,Inactive
2018-12-09,0.0,0.0,0.0,0,0,False,0.0,0.0,0.0,0.0,0.0,0.0,0.0,100.0,100.0,Inactive
2018-12-10,0.0,0.0,0.0,0,0,False,0.0,0.0,0.0,0.0,0.0,0.0,0.0,100.0,100.0,Inactive
2018-12-11,0.0,0.0,0.0,0,0,False,0.0,0.0,0.0,0.0,0.0,0.0,0.0,100.0,100.0,Inactive
2018-12-12,0.0,0.0,0.0,0,0,False,0.0,0.0,0.0,0.0,0.0,0.0,0.0,100.0,100.0,Inactive
2018-12-13,0.0,0.0,0.0,0,0,False,0.0,0.0,0.0,0.0,0.0,0.0,0.0,100.0,100.0,Inactive
2018-12-14,0.0,0.0,0.0,0,0,False,0.0,0.0,0.0,0.0,0.0,0.0,0.0,100.0,100.0,Inactive
2018-12-15,0.0,0.0,0.0,0,0,False,0.0,0.0,0.0,0.0,0.0,0.0,0.0,100.0,100.0,Inactive
2018-12-16,0.0,0.0,0.0,0,0,False,0.0,0.0,0.0,0.0,0.0,0.0,0.0,100.0,100.0,Inactive
2018-12-17,0.0,0.0,0.0,0,0,False,0.0,0.0,0.0,0.0,0.0,0.0,0.0,100.0,100.0,Inactive
2018-12-18,0.0,0.0,0.0,0,0,False,0.0,0.0,0.0,0.0,0.0,0.0,0.0,100.0,100.0,Inactive
2018-12-19,0.0,0.0,0.0,0,0,False,0.0,0.0,0.0,0.0,0.0,0.0,0.0,100.0,100.0,Inactive
2018-12-20,0.0,0.0,0.0,0,0,False,0.0,0.0,0.0,0.0,0.0,0.0,0.0,100.0,100.0,Inactive
2018-12-21,0.0,0.0,0.0,0,0,False,0.0,0.0,0.0,0.0,0.0,0.0,0.0,100.0,100.0,Inactive
2018-12-22,0.0,0.0,0.0,0,0,False,0.0,0.0,0.0,0.0,0.0,0.0,0.0,100.0,100.0,Inactive
2018-12-23,0.0,0.0,0.0,0,0,False,0.0,0.0,0.0,0.0,0.0,0.0,0.0,100.0,100.0,Inactive
2018-12-24,0.0,0.0,0.0,0,0,False,0.0,0.0,0.0,0.0,0.0,0.0,0.0,100.0,100.0,Inactive
2018-12-25,0.0,0.0,0.0,0,0,False,0.0,0.0,0.0,0.0,0.0,0.0,0.0,100.0,100.0,Inactive
2018-12-26,0.0,0.0,0.0,0,0,False,0.0,0.0,0.0,0.0,0.0,0.0,0.0,100.0,100.0,Inactive
2018-12-27,0.0,0.0,0.0,0,0,False,0.0,0.0,0.0,0.0,0.0,0.0,0.0,100.0,100.0,Inactive
2018-12-28,0.0,0.0,0.0,0,0,False,0.0,0.0,0.0,0.0,0.0,0.0,0.0,100.0,100.0,Inactive
2018-12-29,0.0,0.0,0.0,0,0,False,0.0,0.0,0.0,0.0,0.0,0.0,0.0,100.0,100.0,Inactive
2018-12-30,0.0,0.0,0.0,0,0,False,0.0,0.0,0.0,0.0,0.0,0.0,0.0,100.0,100.0,Inactive
2018-12-31,0.0,0.0,0.0,0,0,False,0.0,0.0,0.0,0.0,0.0,0.0,0.0,100.0,100.0,Inactive
2019-01-01,0.0,0.0,0.0,0,0,False,0.0,0.0,0.0,0.0,0.0,0.0,0.0,100.0,100.0,Inactive
2019-01-02,0.0,0.0,0.0,0,0,False,0.0,0.0,0.0,0.0,0.0,0.0,0.0,100.0,100.0,Inactive
2019-01-03,0.0,0.0,0.0,0,0,False,0.0,0.0,0.0,0.0,0.0,0.0,0.0,100.0,100.0,Inactive
2019-01-04,0.0,0.0,0.0,0,0,False,0.0,0.0,0.0,0.0,0.0,0.0,0.0,100.0,100.0,Inactive
2019-01-05,0.0,0.0,0.0,0,0,False,0.0,0.0,0.0,0.0,0.0,0.0,0.0,100.0,100.0,Inactive
2019-01-06,0.0,0.0,0.0,0,0,False,0.0,0.0,0.0,0.0,0.0,0.0,0.0,100.0,100.0,Inactive
2019-01-07,0.0,0.0,0.0,0,0,False,0.0,0.0,0.0,0.0,0.0,0.0,0.0,100.0,100.0,Inactive
2019-01-08,0.0,0.0,0.0,0,0,False,0.0,0.0,0.0,0.0,0.0,0.0,0.0,100.0,100.0,Inactive
2019-01-09,0.0,0.0,0.0,0,0,False,0.0,0.0,0.0,0.0,0.0,0.0,0.0,100.0,100.0,Inactive
2019-01-10,0.0,0.0,0.0,0,0,False,0.0,0.0,0.0,0.0,0.0,0.0,0.0,100.0,100.0,Inactive
2019-01-11,0.0,0.0,0.0,0,0,False,0.0,0.0,0.0,0.0,0.0,0.0,0.0,100.0,100.0,Inactive
2019-01-12,0.0,0.0,0.0,0,0,False,0.0,0.0,0.0,0.0,0.0,0.0,0.0,100.0,100.0,Inactive
2019-01-13,0.0,0.0,0.0,0,0,False,0.0,0.0,0.0,0.0,0.0,0.0,0.0,100.0,100.0,Inactive
2019-01-14,0.0,0.0,0.0,0,0,False,0.0,0.0,0.0,0.0,0.0,0.0,0.0,100.0,100.0,Inactive
2019-01-15,0.0,0.0,0.0,0,0,False,0.0,0.0,0.0,0.0,0.0,0.0,0.0,100.0,100.0,Inactive
2019-01-16,0.0,0.0,0.0,0,0,False,0.0,0.0,0.0,0.0,0.0,0.0,0.0,100.0,100.0,Inactive
2019-01-17,0.0,0.0,0.0,0,0,False,0.0,0.0,0.0,0.0,0.0,0.0,0.0,100.0,100.0,Inactive
2019-01-18,0.0,0.0,0.0,0,0,False,0.0,0.0,0.0,0.0,0.0,0.0,0.0,100.0,100.0,Inactive
2019-01-19,0.0,0.0,0.0,0,0,False,0.0,0.0,0.0,0.0,0.0,0.0,0.0,100.0,100.0,Inactive
2019-01-20,0.0,0.0,0.0,0,0,False,0.0,0.0,0.0,0.0,0.0,0.0,0.0,100.0,100.0,Inactive
2019-01-21,0.0,0.0,0.0,0,0,False,0.0,0.0,0.0,0.0,0.0,0.0,0.0,100.0,100.0,Inactive
2019-01-22,0.0,0.0,0.0,0,0,False,0.0,0.0,0.0,0.0,0.0,0.0,0.0,100.0,100.0,Inactive
2019-01-23,0.0,0.0,0.0,0,0,False,0.0,0.0,0.0,0.0,0.0,0.0,0.0,100.0,100.0,Inactive
2019-01-24,0.0,0.0,0.0,0,0,False,0.0,0.0,0.0,0.0,0.0,0.0,0.0,100.0,100.0,Inactive
2019-01-25,0.0,0.0,0.0,0,0,False,0.0,0.0,0.0,0.0,0.0,0.0,0.0,100.0,100.0,Inactive
2019-01-26,0.0,0.0,0.0,0,0,False,0.0,0.0,0.0,0.0,0.0,0.0,0.0,100.0,100.0,Inactive
2019-01-27,0.0,0.0,0.0,0,0,False,0.0,0.0,0.0,0.0,0.0,0.0,0.0,100.0,100.0,Inactive
2019-01-28,0.0,0.0,0.0,0,0,False,0.0,0.0,0.0,0.0,0.0,0.0,0.0,100.0,100.0,Inactive
2019-01-29,0.0,0.0,0.0,0,0,False,0.0,0.0,0.0,0.0,0.0,0.0,0.0,100.0,100.0,Inactive
2019-01-30,0.0,0.0,0.0,0,0,False,0.0,0.0,0.0,0.0,0.0,0.0,0.0,100.0,100.0,Inactive
2019-01-31,0.0,0.0,0.0,0,0,False,0.0,0.0,0.0,0.0,0.0,0.0,0.0,100.0,100.0,Inactive
2019-02-01,0.0,0.0,0.0,0,0,False,0.0,0.0,0.0,0.0,0.0,0.0,0.0,100.0,100.0,Inactive
2019-02-02,0.0,0.0,0.0,0,0,False,0.0,0.0,0.0,0.0,0.0,0.0,0.0,100.0,100.0,Inactive
2019-02-03,0.0,0.0,0.0,0,0,False,0.0,0.0,0.0,0.0,0.0,0.0,0.0,100.0,100.0,Inactive
2019-02-04,0.0,0.0,0.0,0,0,False,0.0,0.0,0.0,0.0,0.0,0.0,0.0,100.0,100.0,Inactive
2019-02-05,0.0,0.0,0.0,0,0,False,0.0,0.0,0.0,0.0,0.0,0.0,0.0,100.0,100.0,Inactive
2019-02-06,0.0,0.0,0.0,0,0,False,0.0,0.0,0.0,0.0,0.0,0.0,0.0,100.0,100.0,Inactive
2019-02-07,0.0,0.0,0.0,0,0,False,0.0,0.0,0.0,0.0,0.0,0.0,0.0,100.0,100.0,Inactive
2019-02-08,0.0,0.0,0.0,0,0,False,0.0,0.0,0.0,0.0,0.0,0.0,0.0,100.0,100.0,Inactive
2019-02-09,0.0,0.0,0.0,0,0,False,0.0,0.0,0.0,0.0,0.0,0.0,0.0,100.0,100.0,Inactive
2019-02-10,0.0,0.0,0.0,0,0,False,0.0,0.0,0.0,0.0,0.0,0.0,0.0,100.0,100.0,Inactive
2019-02-11,0.0,0.0,0.0,0,0,False,0.0,0.0,0.0,0.0,0.0,0.0,0.0,100.0,100.0,Inactive
2019-02-12,0.0,0.0,0.0,0,0,False,0.0,0.0,0.0,0.0,0.0,0.0,0.0,100.0,100.0,Inactive
2019-02-13,0.0,0.0,0.0,0,0,False,0.0,0.0,0.0,0.0,0.0,0.0,0.0,100.0,100.0,Inactive
2019-02-14,0.0,0.0,0.0,0,0,False,0.0,0.0,0.0,0.0,0.0,0.0,0.0,100.0,100.0,Inactive
2019-02-15,0.0,0.0,0.0,0,0,False,0.0,0.0,0.0,0.0,0.0,0.0,0.0,100.0,100.0,Inactive
2019-02-16,0.0,0.0,0.0,0,0,False,0.0,0.0,0.0,0.0,0.0,0.0,0.0,100.0,100.0,Inactive
2019-02-17,0.0,0.0,0.0,0,0,False,0.0,0.0,0.0,0.0,0.0,0.0,0.0,100.0,100.0,Inactive
2019-02-18,0.0,0.0,0.0,0,0,False,0.0,0.0,0.0,0.0,0.0,0.0,0.0,100.0,100.0,Inactive
2019-02-19,0.0,0.0,0.0,0,0,False,0.0,0.0,0.0,0.0,0.0,0.0,0.0,100.0,100.0,Inactive
2019-02-20,0.0,0.0,0.0,0,0,False,0.0,0.0,0.0,0.0,0.0,0.0,0.0,100.0,100.0,Inactive
2019-02-21,0.0,0.0,0.0,0,0,False,0.0,0.0,0.0,0.0,0.0,0.0,0.0,100.0,100.0,Inactive
2019-02-22,0.0,0.0,0.0,0,0,False,0.0,0.0,0.0,0.0,0.0,0.0,0.0,100.0,100.0,Inactive
2019-02-23,0.0,0.0,0.0,0,0,False,0.0,0.0,0.0,0.0,0.0,0.0,0.0,100.0,100.0,Inactive
2019-02-24,0.0,0.0,0.0,0,0,False,0.0,0.0,0.0,0.0,0.0,0.0,0.0,100.0,100.0,Inactive
2019-02-25,0.0,0.0,0.0,0,0,False,0.0,0.0,0.0,0.0,0.0,0.0,0.0,100.0,100.0,Inactive
2019-02-26,0.0,0.0,0.0,0,0,False,0.0,0.0,0.0,0.0,0.0,0.0,0.0,100.0,100.0,Inactive
2019-02-27,0.0,0.0,0.0,0,0,False,0.0,0.0,0.0,0.0,0.0,0.0,0.0,100.0,100.0,Inactive
2019-02-28,0.0,0.0,0.0,0,0,False,0.0,0.0,0.0,0.0,0.0,0.0,0.0,100.0,100.0,Inactive
2019-03-01,0.0,0.0,0.0,0,0,False,0.0,0.0,0.0,0.0,0.0,0.0,0.0,100.0,100.0,Inactive
2019-03-02,0.0,0.0,0.0,0,0,False,0.0,0.0,0.0,0.0,0.0,0.0,0.0,100.0,100.0,Inactive
2019-03-03,0.0,0.0,0.0,0,0,False,0.0,0.0,0.0,0.0,0.0,0.0,0.0,100.0,100.0,Inactive
2019-03-04,0.0,0.0,0.0,0,0,False,0.0,0.0,0.0,0.0,0.0,0.0,0.0,100.0,100.0,Inactive
2019-03-05,0.0,0.0,0.0,0,0,False,0.0,0.0,0.0,0.0,0.0,0.0,0.0,100.0,100.0,Inactive
2019-03-06,0.0,0.0,0.0,0,0,False,0.0,0.0,0.0,0.0,0.0,0.0,0.0,100.0,100.0,Inactive
2019-03-07,0.0,0.0,0.0,0,0,False,0.0,0.0,0.0,0.0,0.0,0.0,0.0,100.0,100.0,Inactive
2019-03-08,0.0,0.0,0.0,0,0,False,0.0,0.0,0.0,0.0,0.0,0.0,0.0,100.0,100.0,Inactive
2019-03-09,0.0,0.0,0.0,0,0,False,0.0,0.0,0.0,0.0,0.0,0.0,0.0,100.0,100.0,Inactive
2019-03-10,0.0,0.0,0.0,0,0,False,0.0,0.0,0.0,0.0,0.0,0.0,0.0,100.0,100.0,Inactive
2019-03-11,0.0,0.0,0.0,0,0,False,0.0,0.0,0.0,0.0,0.0,0.0,0.0,100.0,100.0,Inactive
2019-03-12,0.0,0.0,0.0,0,0,False,0.0,0.0,0.0,0.0,0.0,0.0,0.0,100.0,100.0,Inactive
2019-03-13,0.0,0.0,0.0,0,0,False,0.0,0.0,0.0,0.0,0.0,0.0,0.0,100.0,100.0,Inactive
2019-03-14,0.0,0.0,0.0,0,0,False,0.0,0.0,0.0,0.0,0.0,0.0,0.0,100.0,100.0,Inactive
2019-03-15,0.0,0.0,0.0,0,0,False,0.0,0.0,0.0,0.0,0.0,0.0,0.0,100.0,100.0,Inactive
2019-03-16,0.0,0.0,0.0,0,0,False,0.0,0.0,0.0,0.0,0.0,0.0,0.0,100.0,100.0,Inactive
2019-03-17,0.0,0.0,0.0,0,0,False,0.0,0.0,0.0,0.0,0.0,0.0,0.0,100.0,100.0,Inactive
2019-03-18,0.0,0.0,0.0,0,0,False,0.0,0.0,0.0,0.0,0.0,0.0,0.0,100.0,100.0,Inactive
2019-03-19,0.0,0.0,0.0,0,0,False,0.0,0.0,0.0,0.0,0.0,0.0,0.0,100.0,100.0,Inactive
2019-03-20,0.0,0.0,0.0,0,0,False,0.0,0.0,0.0,0.0,0.0,0.0,0.0,100.0,100.0,Inactive
2019-03-21,0.0,0.0,0.0,0,0,False,0.0,0.0,0.0,0.0,0.0,0.0,0.0,100.0,100.0,Inactive
2019-03-22,0.0,0.0,0.0,0,0,False,0.0,0.0,0.0,0.0,0.0,0.0,0.0,100.0,100.0,Inactive
2019-03-23,0.0,0.0,0.0,0,0,False,0.0,0.0,0.0,0.0,0.0,0.0,0.0,100.0,100.0,Inactive
2019-03-24,0.0,0.0,0.0,0,0,False,0.0,0.0,0.0,0.0,0.0,0.0,0.0,100.0,100.0,Inactive
2019-03-25,0.0,0.0,0.0,0,0,False,0.0,0.0,0.0,0.0,0.0,0.0,0.0,100.0,100.0,Inactive
2019-03-26,0.0,0.0,0.0,0,0,False,0.0,0.0,0.0,0.0,0.0,0.0,0.0,100.0,100.0,Inactive
2019-03-27,0.0,0.0,0.0,0,0,False,0.0,0.0,0.0,0.0,0.0,0.0,0.0,100.0,100.0,Inactive
2019-03-28,0.0,0.0,0.0,0,0,False,0.0,0.0,0.0,0.0,0.0,0.0,0.0,100.0,100.0,Inactive
2019-03-29,0.0,0.0,0.0,0,0,False,0.0,0.0,0.0,0.0,0.0,0.0,0.0,100.0,100.0,Inactive
2019-03-30,0.0,0.0,0.0,0,0,False,0.0,0.0,0.0,0.0,0.0,0.0,0.0,100.0,100.0,Inactive
2019-03-31,0.0,0.0,0.0,0,0,False,0.0,0.0,0.0,0.0,0.0,0.0,0.0,100.0,100.0,Inactive
2019-04-01,0.0,0.0,0.0,0,0,False,0.0,0.0,0.0,0.0,0.0,0.0,0.0,100.0,100.0,Inactive
2019-04-02,0.0,0.0,0.0,0,0,False,0.0,0.0,0.0,0.0,0.0,0.0,0.0,100.0,100.0,Inactive
2019-04-03,0.0,0.0,0.0,0,0,False,0.0,0.0,0.0,0.0,0.0,0.0,0.0,100.0,100.0,Inactive
2019-04-04,0.0,0.0,0.0,0,0,False,0.0,0.0,0.0,0.0,0.0,0.0,0.0,100.0,100.0,Inactive
2019-04-05,0.0,0.0,0.0,0,0,False,0.0,0.0,0.0,0.0,0.0,0.0,0.0,100.0,100.0,Inactive
2019-04-06,0.0,0.0,0.0,0,0,False,0.0,0.0,0.0,0.0,0.0,0.0,0.0,100.0,100.0,Inactive
2019-04-07,0.0,0.0,0.0,0,0,False,0.0,0.0,0.0,0.0,0.0,0.0,0.0,100.0,100.0,Inactive
2019-04-08,0.0,0.0,0.0,0,0,False,0.0,0.0,0.0,0.0,0.0,0.0,0.0,100.0,100.0,Inactive
2019-04-09,0.0,0.0,0.0,0,0,False,0.0,0.0,0.0,0.0,0.0,0.0,0.0,100.0,100.0,Inactive
2019-04-10,0.0,0.0,0.0,0,0,False,0.0,0.0,0.0,0.0,0.0,0.0,0.0,100.0,100.0,Inactive
2019-04-11,0.0,0.0,0.0,0,0,False,0.0,0.0,0.0,0.0,0.0,0.0,0.0,100.0,100.0,Inactive
2019-04-12,0.0,0.0,0.0,0,0,False,0.0,0.0,0.0,0.0,0.0,0.0,0.0,100.0,100.0,Inactive
2019-04-13,0.0,0.0,0.0,0,0,False,0.0,0.0,0.0,0.0,0.0,0.0,0.0,100.0,100.0,Inactive
2019-04-14,0.0,0.0,0.0,0,0,False,0.0,0.0,0.0,0.0,0.0,0.0,0.0,100.0,100.0,Inactive
2019-04-15,0.0,0.0,0.0,0,0,False,0.0,0.0,0.0,0.0,0.0,0.0,0.0,100.0,100.0,Inactive
2019-04-16,0.0,0.0,0.0,0,0,False,0.0,0.0,0.0,0.0,0.0,0.0,0.0,100.0,100.0,Inactive
2019-04-17,0.0,0.0,0.0,0,0,False,0.0,0.0,0.0,0.0,0.0,0.0,0.0,100.0,100.0,Inactive
2019-04-18,0.0,0.0,0.0,0,0,False,0.0,0.0,0.0,0.0,0.0,0.0,0.0,100.0,100.0,Inactive
2019-04-19,0.0,0.0,0.0,0,0,False,0.0,0.0,0.0,0.0,0.0,0.0,0.0,100.0,100.0,Inactive
2019-04-20,0.0,0.0,0.0,0,0,False,0.0,0.0,0.0,0.0,0.0,0.0,0.0,100.0,100.0,Inactive
2019-04-21,0.0,0.0,0.0,0,0,False,0.0,0.0,0.0,0.0,0.0,0.0,0.0,100.0,100.0,Inactive
2019-04-22,0.0,0.0,0.0,0,0,False,0.0,0.0,0.0,0.0,0.0,0.0,0.0,100.0,100.0,Inactive
2019-04-23,0.0,0.0,0.0,0,0,False,0.0,0.0,0.0,0.0,0.0,0.0,0.0,100.0,100.0,Inactive
2019-04-24,0.0,0.0,0.0,0,0,False,0.0,0.0,0.0,0.0,0.0,0.0,0.0,100.0,100.0,Inactive
2019-04-25,0.0,0.0,0.0,0,0,False,0.0,0.0,0.0,0.0,0.0,0.0,0.0,100.0,100.0,Inactive
2019-04-26,0.0,0.0,0.0,0,0,False,0.0,0.0,0.0,0.0,0.0,0.0,0.0,100.0,100.0,Inactive
2019-04-27,0.0,0.0,0.0,0,0,False,0.0,0.0,0.0,0.0,0.0,0.0,0.0,100.0,100.0,Inactive
2019-04-28,0.0,0.0,0.0,0,0,False,0.0,0.0,0.0,0.0,0.0,0.0,0.0,100.0,100.0,Inactive
2019-04-29,0.0,0.0,0.0,0,0,False,0.0,0.0,0.0,0.0,0.0,0.0,0.0,100.0,100.0,Inactive
2019-04-30,0.0,0.0,0.0,0,0,False,0.0,0.0,0.0,0.0,0.0,0.0,0.0,100.0,100.0,Inactive
2019-05-01,0.0,0.0,0.0,0,0,False,0.0,0.0,0.0,0.0,0.0,0.0,0.0,100.0,100.0,Inactive
2019-05-02,0.0,0.0,0.0,0,0,False,0.0,0.0,0.0,0.0,0.0,0.0,0.0,100.0,100.0,Inactive
2019-05-03,0.0,0.0,0.0,0,0,False,0.0,0.0,0.0,0.0,0.0,0.0,0.0,100.0,100.0,Inactive
2019-05-04,0.0,0.0,0.0,0,0,False,0.0,0.0,0.0,0.0,0.0,0.0,0.0,100.0,100.0,Inactive
2019-05-05,0.0,0.0,0.0,0,0,False,0.0,0.0,0.0,0.0,0.0,0.0,0.0,100.0,100.0,Inactive
2019-05-06,0.0,0.0,0.0,0,0,False,0.0,0.0,0.0,0.0,0.0,0.0,0.0,100.0,100.0,Inactive
2019-05-07,0.0,0.0,0.0,0,0,False,0.0,0.0,0.0,0.0,0.0,0.0,0.0,100.0,100.0,Inactive
2019-05-08,0.0,0.0,0.0,0,0,False,0.0,0.0,0.0,0.0,0.0,0.0,0.0,100.0,100.0,Inactive
2019-05-09,0.0,0.0,0.0,0,0,False,0.0,0.0,0.0,0.0,0.0,0.0,0.0,100.0,100.0,Inactive
2019-05-10,0.0,0.0,0.0,0,0,False,0.0,0.0,0.0,0.0,0.0,0.0,0.0,100.0,100.0,Inactive
2019-05-11,0.0,0.0,0.0,0,0,False,0.0,0.0,0.0,0.0,0.0,0.0,0.0,100.0,100.0,Inactive
2019-05-12,0.0,0.0,0.0,0,0,False,0.0,0.0,0.0,0.0,0.0,0.0,0.0,100.0,100.0,Inactive
2019-05-13,0.0,0.0,0.0,0,0,False,0.0,0.0,0.0,0.0,0.0,0.0,0.0,100.0,100.0,Inactive
2019-05-14,0.0,0.0,0.0,0,0,False,0.0,0.0,0.0,0.0,0.0,0.0,0.0,100.0,100.0,Inactive
2019-05-15,0.0,0.0,0.0,0,0,False,0.0,0.0,0.0,0.0,0.0,0.0,0.0,100.0,100.0,Inactive
2019-05-16,0.0,0.0,0.0,0,0,False,0.0,0.0,0.0,0.0,0.0,0.0,0.0,100.0,100.0,Inactive
2019-05-17,0.0,0.0,0.0,0,0,False,0.0,0.0,0.0,0.0,0.0,0.0,0.0,100.0,100.0,Inactive
2019-05-18,0.0,0.0,0.0,0,0,False,0.0,0.0,0.0,0.0,0.0,0.0,0.0,100.0,100.0,Inactive
2019-05-19,0.0,0.0,0.0,0,0,False,0.0,0.0,0.0,0.0,0.0,0.0,0.0,100.0,100.0,Inactive
2019-05-20,0.0,0.0,0.0,0,0,False,0.0,0.0,0.0,0.0,0.0,0.0,0.0,100.0,100.0,Inactive
2019-05-21,0.0,0.0,0.0,0,0,False,0.0,0.0,0.0,0.0,0.0,0.0,0.0,100.0,100.0,Inactive
2019-05-22,0.0,0.0,0.0,0,0,False,0.0,0.0,0.0,0.0,0.0,0.0,0.0,100.0,100.0,Inactive
2019-05-23,0.0,0.0,0.0,0,0,False,0.0,0.0,0.0,0.0,0.0,0.0,0.0,100.0,100.0,Inactive
2019-05-24,0.0,0.0,0.0,0,0,False,0.0,0.0,0.0,0.0,0.0,0.0,0.0,100.0,100.0,Inactive
2019-05-25,0.0,0.0,0.0,0,0,False,0.0,0.0,0.0,0.0,0.0,0.0,0.0,100.0,100.0,Inactive
2019-05-26,0.0,0.0,0.0,0,0,False,0.0,0.0,0.0,0.0,0.0,0.0,0.0,100.0,100.0,Inactive
2019-05-27,0.0,0.0,0.0,0,0,False,0.0,0.0,0.0,0.0,0.0,0.0,0.0,100.0,100.0,Inactive
2019-05-28,0.0,0.0,0.0,0,0,False,0.0,0.0,0.0,0.0,0.0,0.0,0.0,100.0,100.0,Inactive
2019-05-29,0.0,0.0,0.0,0,0,False,0.0,0.0,0.0,0.0,0.0,0.0,0.0,100.0,100.0,Inactive
2019-05-30,0.0,0.0,0.0,0,0,False,0.0,0.0,0.0,0.0,0.0,0.0,0.0,100.0,100.0,Inactive
2019-05-31,0.0,0.0,0.0,0,0,False,0.0,0.0,0.0,0.0,0.0,0.0,0.0,100.0,100.0,Inactive
2019-06-01,0.0,0.0,0.0,0,0,False,0.0,0.0,0.0,0.0,0.0,0.0,0.0,100.0,100.0,Inactive
2019-06-02,0.0,0.0,0.0,0,0,False,0.0,0.0,0.0,0.0,0.0,0.0,0.0,100.0,100.0,Inactive
2019-06-03,0.0,0.0,0.0,0,0,False,0.0,0.0,0.0,0.0,0.0,0.0,0.0,100.0,100.0,Inactive
2019-06-04,0.0,0.0,0.0,0,0,False,0.0,0.0,0.0,0.0,0.0,0.0,0.0,100.0,100.0,Inactive
2019-06-05,0.0,0.0,0.0,0,0,False,0.0,0.0,0.0,0.0,0.0,0.0,0.0,100.0,100.0,Inactive
2019-06-06,0.0,0.0,0.0,0,0,False,0.0,0.0,0.0,0.0,0.0,0.0,0.0,100.0,100.0,Inactive
2019-06-07,0.0,0.0,0.0,0,0,False,0.0,0.0,0.0,0.0,0.0,0.0,0.0,100.0,100.0,Inactive
2019-06-08,0.0,0.0,0.0,0,0,False,0.0,0.0,0.0,0.0,0.0,0.0,0.0,100.0,100.0,Inactive
2019-06-09,0.0,0.0,0.0,0,0,False,0.0,0.0,0.0,0.0,0.0,0.0,0.0,100.0,100.0,Inactive
2019-06-10,0.0,0.0,0.0,0,0,False,0.0,0.0,0.0,0.0,0.0,0.0,0.0,100.0,100.0,Inactive
2019-06-11,0.0,0.0,0.0,0,0,False,0.0,0.0,0.0,0.0,0.0,0.0,0.0,100.0,100.0,Inactive
2019-06-12,0.0,0.0,0.0,0,0,False,0.0,0.0,0.0,0.0,0.0,0.0,0.0,100.0,100.0,Inactive
2019-06-13,0.0,0.0,0.0,0,0,False,0.0,0.0,0.0,0.0,0.0,0.0,0.0,100.0,100.0,Inactive
2019-06-14,0.0,0.0,0.0,0,0,False,0.0,0.0,0.0,0.0,0.0,0.0,0.0,100.0,100.0,Inactive
2019-06-15,0.0,0.0,0.0,0,0,False,0.0,0.0,0.0,0.0,0.0,0.0,0.0,100.0,100.0,Inactive
2019-06-16,0.0,0.0,0.0,0,0,False,0.0,0.0,0.0,0.0,0.0,0.0,0.0,100.0,100.0,Inactive
2019-06-17,0.0,0.0,0.0,0,0,False,0.0,0.0,0.0,0.0,0.0,0.0,0.0,100.0,100.0,Inactive
2019-06-18,0.0,0.0,0.0,0,0,False,0.0,0.0,0.0,0.0,0.0,0.0,0.0,100.0,100.0,Inactive
2019-06-19,0.0,0.0,0.0,0,0,False,0.0,0.0,0.0,0.0,0.0,0.0,0.0,100.0,100.0,Inactive
2019-06-20,0.0,0.0,0.0,0,0,False,0.0,0.0,0.0,0.0,0.0,0.0,0.0,100.0,100.0,Inactive
2019-06-21,0.0,0.0,0.0,0,0,False,0.0,0.0,0.0,0.0,0.0,0.0,0.0,100.0,100.0,Inactive
2019-06-22,0.0,0.0,0.0,0,0,False,0.0,0.0,0.0,0.0,0.0,0.0,0.0,100.0,100.0,Inactive
2019-06-23,0.0,0.0,0.0,0,0,False,0.0,0.0,0.0,0.0,0.0,0.0,0.0,100.0,100.0,Inactive
2019-06-24,0.0,0.0,0.0,0,0,False,0.0,0.0,0.0,0.0,0.0,0.0,0.0,100.0,100.0,Inactive
2019-06-25,0.0,0.0,0.0,0,0,False,0.0,0.0,0.0,0.0,0.0,0.0,0.0,100.0,100.0,Inactive
2019-06-26,0.0,0.0,0.0,0,0,False,0.0,0.0,0.0,0.0,0.0,0.0,0.0,100.0,100.0,Inactive
2019-06-27,0.0,0.0,0.0,0,0,False,0.0,0.0,0.0,0.0,0.0,0.0,0.0,100.0,100.0,Inactive
2019-06-28,0.0,0.0,0.0,0,0,False,0.0,0.0,0.0,0.0,0.0,0.0,0.0,100.0,100.0,Inactive
2019-06-29,0.0,0.0,0.0,0,0,False,0.0,0.0,0.0,0.0,0.0,0.0,0.0,100.0,100.0,Inactive
2019-06-30,0.0,0.0,0.0,0,0,False,0.0,0.0,0.0,0.0,0.0,0.0,0.0,100.0,100.0,Inactive
2019-07-01,0.0,0.0,0.0,0,0,False,0.0,0.0,0.0,0.0,0.0,0.0,0.0,100.0,100.0,Inactive
2019-07-02,0.0,0.0,0.0,0,0,False,0.0,0.0,0.0,0.0,0.0,0.0,0.0,100.0,100.0,Inactive
2019-07-03,0.0,0.0,0.0,0,0,False,0.0,0.0,0.0,0.0,0.0,0.0,0.0,100.0,100.0,Inactive
2019-07-04,0.0,0.0,0.0,0,0,False,0.0,0.0,0.0,0.0,0.0,0.0,0.0,100.0,100.0,Inactive
2019-07-05,0.0,0.0,0.0,0,0,False,0.0,0.0,0.0,0.0,0.0,0.0,0.0,100.0,100.0,Inactive
2019-07-06,0.0,0.0,0.0,0,0,False,0.0,0.0,0.0,0.0,0.0,0.0,0.0,100.0,100.0,Inactive
2019-07-07,0.0,0.0,0.0,0,0,False,0.0,0.0,0.0,0.0,0.0,0.0,0.0,100.0,100.0,Inactive
2019-07-08,0.0,0.0,0.0,0,0,False,0.0,0.0,0.0,0.0,0.0,0.0,0.0,100.0,100.0,Inactive
2019-07-09,0.0,0.0,0.0,0,0,False,0.0,0.0,0.0,0.0,0.0,0.0,0.0,100.0,100.0,Inactive
2019-07-10,0.0,0.0,0.0,0,0,False,0.0,0.0,0.0,0.0,0.0,0.0,0.0,100.0,100.0,Inactive
2019-07-11,0.0,0.0,0.0,0,0,False,0.0,0.0,0.0,0.0,0.0,0.0,0.0,100.0,100.0,Inactive
2019-07-12,0.0,0.0,0.0,0,0,False,0.0,0.0,0.0,0.0,0.0,0.0,0.0,100.0,100.0,Inactive
2019-07-13,0.0,0.0,0.0,0,0,False,0.0,0.0,0.0,0.0,0.0,0.0,0.0,100.0,100.0,Inactive
2019-07-14,0.0,0.0,0.0,0,0,False,0.0,0.0,0.0,0.0,0.0,0.0,0.0,100.0,100.0,Inactive
2019-07-15,0.0,0.0,0.0,0,0,False,0.0,0.0,0.0,0.0,0.0,0.0,0.0,100.0,100.0,Inactive
2019-07-16,0.0,0.0,0.0,0,0,False,0.0,0.0,0.0,0.0,0.0,0.0,0.0,100.0,100.0,Inactive
2019-07-17,0.0,0.0,0.0,0,0,False,0.0,0.0,0.0,0.0,0.0,0.0,0.0,100.0,100.0,Inactive
2019-07-18,0.0,0.0,0.0,0,0,False,0.0,0.0,0.0,0.0,0.0,0.0,0.0,100.0,100.0,Inactive
2019-07-19,0.0,0.0,0.0,0,0,False,0.0,0.0,0.0,0.0,0.0,0.0,0.0,100.0,100.0,Inactive
2019-07-20,0.0,0.0,0.0,0,0,False,0.0,0.0,0.0,0.0,0.0,0.0,0.0,100.0,100.0,Inactive
2019-07-21,0.0,0.0,0.0,0,0,False,0.0,0.0,0.0,0.0,0.0,0.0,0.0,100.0,100.0,Inactive
2019-07-22,0.0,0.0,0.0,0,0,False,0.0,0.0,0.0,0.0,0.0,0.0,0.0,100.0,100.0,Inactive
2019-07-23,0.0,0.0,0.0,0,0,False,0.0,0.0,0.0,0.0,0.0,0.0,0.0,100.0,100.0,Inactive
2019-07-24,0.0,0.0,0.0,0,0,False,0.0,0.0,0.0,0.0,0.0,0.0,0.0,100.0,100.0,Inactive
2019-07-25,0.0,0.0,0.0,0,0,False,0.0,0.0,0.0,0.0,0.0,0.0,0.0,100.0,100.0,Inactive
2019-07-26,0.0,0.0,0.0,0,0,False,0.0,0.0,0.0,0.0,0.0,0.0,0.0,100.0,100.0,Inactive
2019-07-27,0.0,0.0,0.0,0,0,False,0.0,0.0,0.0,0.0,0.0,0.0,0.0,100.0,100.0,Inactive
2019-07-28,0.0,0.0,0.0,0,0,False,0.0,0.0,0.0,0.0,0.0,0.0,0.0,100.0,100.0,Inactive
2019-07-29,0.0,0.0,0.0,0,0,False,0.0,0.0,0.0,0.0,0.0,0.0,0.0,100.0,100.0,Inactive
2019-07-30,0.0,0.0,0.0,0,0,False,0.0,0.0,0.0,0.0,0.0,0.0,0.0,100.0,100.0,Inactive
2019-07-31,0.0,0.0,0.0,0,0,False,0.0,0.0,0.0,0.0,0.0,0.0,0.0,100.0,100.0,Inactive
2019-08-01,0.0,0.0,0.0,0,0,False,0.0,0.0,0.0,0.0,0.0,0.0,0.0,100.0,100.0,Inactive
2019-08-02,0.0,0.0,0.0,0,0,False,0.0,0.0,0.0,0.0,0.0,0.0,0.0,100.0,100.0,Inactive
2019-08-03,0.0,0.0,0.0,0,0,False,0.0,0.0,0.0,0.0,0.0,0.0,0.0,100.0,100.0,Inactive
2019-08-04,0.0,0.0,0.0,0,0,False,0.0,0.0,0.0,0.0,0.0,0.0,0.0,100.0,100.0,Inactive
2019-08-05,0.0,0.0,0.0,0,0,False,0.0,0.0,0.0,0.0,0.0,0.0,0.0,100.0,100.0,Inactive
2019-08-06,0.0,0.0,0.0,0,0,False,0.0,0.0,0.0,0.0,0.0,0.0,0.0,100.0,100.0,Inactive
2019-08-07,0.0,0.0,0.0,0,0,False,0.0,0.0,0.0,0.0,0.0,0.0,0.0,100.0,100.0,Inactive
2019-08-08,0.0,0.0,0.0,0,0,False,0.0,0.0,0.0,0.0,0.0,0.0,0.0,100.0,100.0,Inactive
2019-08-09,0.0,0.0,0.0,0,0,False,0.0,0.0,0.0,0.0,0.0,0.0,0.0,100.0,100.0,Inactive
2019-08-10,0.0,0.0,0.0,0,0,False,0.0,0.0,0.0,0.0,0.0,0.0,0.0,100.0,100.0,Inactive
2019-08-11,0.0,0.0,0.0,0,0,False,0.0,0.0,0.0,0.0,0.0,0.0,0.0,100.0,100.0,Inactive
2019-08-12,0.0,0.0,0.0,0,0,False,0.0,0.0,0.0,0.0,0.0,0.0,0.0,100.0,100.0,Inactive
2019-08-13,0.0,0.0,0.0,0,0,False,0.0,0.0,0.0,0.0,0.0,0.0,0.0,100.0,100.0,Inactive
2019-08-14,0.0,0.0,0.0,0,0,False,0.0,0.0,0.0,0.0,0.0,0.0,0.0,100.0,100.0,Inactive
2019-08-15,0.0,0.0,0.0,0,0,False,0.0,0.0,0.0,0.0,0.0,0.0,0.0,100.0,100.0,Inactive
2019-08-16,0.0,0.0,0.0,0,0,False,0.0,0.0,0.0,0.0,0.0,0.0,0.0,100.0,100.0,Inactive
2019-08-17,0.0,0.0,0.0,0,0,False,0.0,0.0,0.0,0.0,0.0,0.0,0.0,100.0,100.0,Inactive
2019-08-18,0.0,0.0,0.0,0,0,False,0.0,0.0,0.0,0.0,0.0,0.0,0.0,100.0,100.0,Inactive
2019-08-19,0.0,0.0,0.0,0,0,False,0.0,0.0,0.0,0.0,0.0,0.0,0.0,100.0,100.0,Inactive
2019-08-20,0.0,0.0,0.0,0,0,False,0.0,0.0,0.0,0.0,0.0,0.0,0.0,100.0,100.0,Inactive
2019-08-21,0.0,0.0,0.0,0,0,False,0.0,0.0,0.0,0.0,0.0,0.0,0.0,100.0,100.0,Inactive
2019-08-22,0.0,0.0,0.0,0,0,False,0.0,0.0,0.0,0.0,0.0,0.0,0.0,100.0,100.0,Inactive
2019-08-23,0.0,0.0,0.0,0,0,False,0.0,0.0,0.0,0.0,0.0,0.0,0.0,100.0,100.0,Inactive
2019-08-24,0.0,0.0,0.0,0,0,False,0.0,0.0,0.0,0.0,0.0,0.0,0.0,100.0,100.0,Inactive
2019-08-25,0.0,0.0,0.0,0,0,False,0.0,0.0,0.0,0.0,0.0,0.0,0.0,100.0,100.0,Inactive
2019-08-26,0.0,0.0,0.0,0,0,False,0.0,0.0,0.0,0.0,0.0,0.0,0.0,100.0,100.0,Inactive
2019-08-27,0.0,0.0,0.0,0,0,False,0.0,0.0,0.0,0.0,0.0,0.0,0.0,100.0,100.0,Inactive
2019-08-28,0.0,0.0,0.0,0,0,False,0.0,0.0,0.0,0.0,0.0,0.0,0.0,100.0,100.0,Inactive
2019-08-29,0.0,0.0,0.0,0,0,False,0.0,0.0,0.0,0.0,0.0,0.0,0.0,100.0,100.0,Inactive
2019-08-30,0.0,0.0,0.0,0,0,False,0.0,0.0,0.0,0.0,0.0,0.0,0.0,100.0,100.0,Inactive
2019-08-31,0.0,0.0,0.0,0,0,False,0.0,0.0,0.0,0.0,0.0,0.0,0.0,100.0,100.0,Inactive
2019-09-01,0.0,0.0,0.0,0,0,False,0.0,0.0,0.0,0.0,0.0,0.0,0.0,100.0,100.0,Inactive
2019-09-02,0.0,0.0,0.0,0,0,False,0.0,0.0,0.0,0.0,0.0,0.0,0.0,100.0,100.0,Inactive
2019-09-03,0.0,0.0,0.0,0,0,False,0.0,0.0,0.0,0.0,0.0,0.0,0.0,100.0,100.0,Inactive
2019-09-04,0.0,0.0,0.0,0,0,False,0.0,0.0,0.0,0.0,0.0,0.0,0.0,100.0,100.0,Inactive
2019-09-05,0.0,0.0,0.0,0,0,False,0.0,0.0,0.0,0.0,0.0,0.0,0.0,100.0,100.0,Inactive
2019-09-06,0.0,0.0,0.0,0,0,False,0.0,0.0,0.0,0.0,0.0,0.0,0.0,100.0,100.0,Inactive
2019-09-07,0.0,0.0,0.0,0,0,False,0.0,0.0,0.0,0.0,0.0,0.0,0.0,100.0,100.0,Inactive
2019-09-08,0.0,0.0,0.0,0,0,False,0.0,0.0,0.0,0.0,0.0,0.0,0.0,100.0,100.0,Inactive
2019-09-09,0.0,0.0,0.0,0,0,False,0.0,0.0,0.0,0.0,0.0,0.0,0.0,100.0,100.0,Inactive
2019-09-10,0.0,0.0,0.0,0,0,False,0.0,0.0,0.0,0.0,0.0,0.0,0.0,100.0,100.0,Inactive
2019-09-11,0.0,0.0,0.0,0,0,False,0.0,0.0,0.0,0.0,0.0,0.0,0.0,100.0,100.0,Inactive
2019-09-12,0.0,0.0,0.0,0,0,False,0.0,0.0,0.0,0.0,0.0,0.0,0.0,100.0,100.0,Inactive
2019-09-13,0.0,0.0,0.0,0,0,False,0.0,0.0,0.0,0.0,0.0,0.0,0.0,100.0,100.0,Inactive
2019-09-14,0.0,0.0,0.0,0,0,False,0.0,0.0,0.0,0.0,0.0,0.0,0.0,100.0,100.0,Inactive
2019-09-15,0.0,0.0,0.0,0,0,False,0.0,0.0,0.0,0.0,0.0,0.0,0.0,100.0,100.0,Inactive
2019-09-16,0.0,0.0,0.0,0,0,False,0.0,0.0,0.0,0.0,0.0,0.0,0.0,100.0,100.0,Inactive
2019-09-17,0.0,0.0,0.0,0,0,False,0.0,0.0,0.0,0.0,0.0,0.0,0.0,100.0,100.0,Inactive
2019-09-18,0.0,0.0,0.0,0,0,False,0.0,0.0,0.0,0.0,0.0,0.0,0.0,100.0,100.0,Inactive
2019-09-19,0.0,0.0,0.0,0,0,False,0.0,0.0,0.0,0.0,0.0,0.0,0.0,100.0,100.0,Inactive
2019-09-20,0.0,0.0,0.0,0,0,False,0.0,0.0,0.0,0.0,0.0,0.0,0.0,100.0,100.0,Inactive
2019-09-21,0.0,0.0,0.0,0,0,False,0.0,0.0,0.0,0.0,0.0,0.0,0.0,100.0,100.0,Inactive
2019-09-22,0.0,0.0,0.0,0,0,False,0.0,0.0,0.0,0.0,0.0,0.0,0.0,100.0,100.0,Inactive
2019-09-23,0.0,0.0,0.0,0,0,False,0.0,0.0,0.0,0.0,0.0,0.0,0.0,100.0,100.0,Inactive
2019-09-24,0.0,0.0,0.0,0,0,False,0.0,0.0,0.0,0.0,0.0,0.0,0.0,100.0,100.0,Inactive
2019-09-25,0.0,0.0,0.0,0,0,False,0.0,0.0,0.0,0.0,0.0,0.0,0.0,100.0,100.0,Inactive
2019-09-26,0.0,0.0,0.0,0,0,False,0.0,0.0,0.0,0.0,0.0,0.0,0.0,100.0,100.0,Inactive
2019-09-27,0.0,0.0,0.0,0,0,False,0.0,0.0,0.0,0.0,0.0,0.0,0.0,100.0,100.0,Inactive
2019-09-28,0.0,0.0,0.0,0,0,False,0.0,0.0,0.0,0.0,0.0,0.0,0.0,100.0,100.0,Inactive
2019-09-29,0.0,0.0,0.0,0,0,False,0.0,0.0,0.0,0.0,0.0,0.0,0.0,100.0,100.0,Inactive
2019-09-30,0.0,0.0,0.0,0,0,False,0.0,0.0,0.0,0.0,0.0,0.0,0.0,100.0,100.0,Inactive
2019-10-01,0.0,0.0,0.0,0,0,False,0.0,0.0,0.0,0.0,0.0,0.0,0.0,100.0,100.0,Inactive
2019-10-02,0.0,0.0,0.0,0,0,False,0.0,0.0,0.0,0.0,0.0,0.0,0.0,100.0,100.0,Inactive
2019-10-03,0.0,0.0,0.0,0,0,False,0.0,0.0,0.0,0.0,0.0,0.0,0.0,100.0,100.0,Inactive
2019-10-04,0.0,0.0,0.0,0,0,False,0.0,0.0,0.0,0.0,0.0,0.0,0.0,100.0,100.0,Inactive
2019-10-05,0.0,0.0,0.0,0,0,False,0.0,0.0,0.0,0.0,0.0,0.0,0.0,100.0,100.0,Inactive
2019-10-06,0.0,0.0,0.0,0,0,False,0.0,0.0,0.0,0.0,0.0,0.0,0.0,100.0,100.0,Inactive
2019-10-07,0.0,0.0,0.0,0,0,False,0.0,0.0,0.0,0.0,0.0,0.0,0.0,100.0,100.0,Inactive
2019-10-08,0.0,0.0,0.0,0,0,False,0.0,0.0,0.0,0.0,0.0,0.0,0.0,100.0,100.0,Inactive
2019-10-09,0.0,0.0,0.0,0,0,False,0.0,0.0,0.0,0.0,0.0,0.0,0.0,100.0,100.0,Inactive
2019-10-10,0.0,0.0,0.0,0,0,False,0.0,0.0,0.0,0.0,0.0,0.0,0.0,100.0,100.0,Inactive
2019-10-11,0.0,0.0,0.0,0,0,False,0.0,0.0,0.0,0.0,0.0,0.0,0.0,100.0,100.0,Inactive
2019-10-12,0.0,0.0,0.0,0,0,False,0.0,0.0,0.0,0.0,0.0,0.0,0.0,100.0,100.0,Inactive
2019-10-13,0.0,0.0,0.0,0,0,False,0.0,0.0,0.0,0.0,0.0,0.0,0.0,100.0,100.0,Inactive
2019-10-14,0.0,0.0,0.0,0,0,False,0.0,0.0,0.0,0.0,0.0,0.0,0.0,100.0,100.0,Inactive
2019-10-15,0.0,0.0,0.0,0,0,False,0.0,0.0,0.0,0.0,0.0,0.0,0.0,100.0,100.0,Inactive
2019-10-16,0.0,0.0,0.0,0,0,False,0.0,0.0,0.0,0.0,0.0,0.0,0.0,100.0,100.0,Inactive
2019-10-17,0.0,0.0,0.0,0,0,False,0.0,0.0,0.0,0.0,0.0,0.0,0.0,100.0,100.0,Inactive
2019-10-18,0.0,0.0,0.0,0,0,False,0.0,0.0,0.0,0.0,0.0,0.0,0.0,100.0,100.0,Inactive
2019-10-19,0.0,0.0,0.0,0,0,False,0.0,0.0,0.0,0.0,0.0,0.0,0.0,100.0,100.0,Inactive
2019-10-20,0.0,0.0,0.0,0,0,False,0.0,0.0,0.0,0.0,0.0,0.0,0.0,100.0,100.0,Inactive
2019-10-21,0.0,0.0,0.0,0,0,False,0.0,0.0,0.0,0.0,0.0,0.0,0.0,100.0,100.0,Inactive
2019-10-22,0.0,0.0,0.0,0,0,False,0.0,0.0,0.0,0.0,0.0,0.0,0.0,100.0,100.0,Inactive
2019-10-23,0.0,0.0,0.0,0,0,False,0.0,0.0,0.0,0.0,0.0,0.0,0.0,100.0,100.0,Inactive
2019-10-24,0.0,0.0,0.0,0,0,False,0.0,0.0,0.0,0.0,0.0,0.0,0.0,100.0,100.0,Inactive
2019-10-25,0.0,0.0,0.0,0,0,False,0.0,0.0,0.0,0.0,0.0,0.0,0.0,100.0,100.0,Inactive
2019-10-26,0.0,0.0,0.0,0,0,False,0.0,0.0,0.0,0.0,0.0,0.0,0.0,100.0,100.0,Inactive
2019-10-27,0.0,0.0,0.0,0,0,False,0.0,0.0,0.0,0.0,0.0,0.0,0.0,100.0,100.0,Inactive
2019-10-28,0.0,0.0,0.0,0,0,False,0.0,0.0,0.0,0.0,0.0,0.0,0.0,100.0,100.0,Inactive
2019-10-29,0.0,0.0,0.0,0,0,False,0.0,0.0,0.0,0.0,0.0,0.0,0.0,100.0,100.0,Inactive
2019-10-30,0.0,0.0,0.0,0,0,False,0.0,0.0,0.0,0.0,0.0,0.0,0.0,100.0,100.0,Inactive
2019-10-31,0.0,0.0,0.0,0,0,False,0.0,0.0,0.0,0.0,0.0,0.0,0.0,100.0,100.0,Inactive
2019-11-01,0.0,0.0,0.0,0,0,False,0.0,0.0,0.0,0.0,0.0,0.0,0.0,100.0,100.0,Inactive
2019-11-02,0.0,0.0,0.0,0,0,False,0.0,0.0,0.0,0.0,0.0,0.0,0.0,100.0,100.0,Inactive
2019-11-03,0.0,0.0,0.0,0,0,False,0.0,0.0,0.0,0.0,0.0,0.0,0.0,100.0,100.0,Inactive
2019-11-04,0.0,0.0,0.0,0,0,False,0.0,0.0,0.0,0.0,0.0,0.0,0.0,100.0,100.0,Inactive
2019-11-05,0.0,0.0,0.0,0,0,False,0.0,0.0,0.0,0.0,0.0,0.0,0.0,100.0,100.0,Inactive
2019-11-06,0.0,0.0,0.0,0,0,False,0.0,0.0,0.0,0.0,0.0,0.0,0.0,100.0,100.0,Inactive
2019-11-07,0.0,0.0,0.0,0,0,False,0.0,0.0,0.0,0.0,0.0,0.0,0.0,100.0,100.0,Inactive
2019-11-08,0.0,0.0,0.0,0,0,False,0.0,0.0,0.0,0.0,0.0,0.0,0.0,100.0,100.0,Inactive
2019-11-09,0.0,0.0,0.0,0,0,False,0.0,0.0,0.0,0.0,0.0,0.0,0.0,100.0,100.0,Inactive
2019-11-10,0.0,0.0,0.0,0,0,False,0.0,0.0,0.0,0.0,0.0,0.0,0.0,100.0,100.0,Inactive
2019-11-11,0.0,0.0,0.0,0,0,False,0.0,0.0,0.0,0.0,0.0,0.0,0.0,100.0,100.0,Inactive
2019-11-12,0.0,0.0,0.0,0,0,False,0.0,0.0,0.0,0.0,0.0,0.0,0.0,100.0,100.0,Inactive
2019-11-13,0.0,0.0,0.0,0,0,False,0.0,0.0,0.0,0.0,0.0,0.0,0.0,100.0,100.0,Inactive
2019-11-14,0.0,0.0,0.0,0,0,False,0.0,0.0,0.0,0.0,0.0,0.0,0.0,100.0,100.0,Inactive
2019-11-15,0.0,0.0,0.0,0,0,False,0.0,0.0,0.0,0.0,0.0,0.0,0.0,100.0,100.0,Inactive
2019-11-16,0.0,0.0,0.0,0,0,False,0.0,0.0,0.0,0.0,0.0,0.0,0.0,100.0,100.0,Inactive
2019-11-17,0.0,0.0,0.0,0,0,False,0.0,0.0,0.0,0.0,0.0,0.0,0.0,100.0,100.0,Inactive
2019-11-18,0.0,0.0,0.0,0,0,False,0.0,0.0,0.0,0.0,0.0,0.0,0.0,100.0,100.0,Inactive
2019-11-19,0.0,0.0,0.0,0,0,False,0.0,0.0,0.0,0.0,0.0,0.0,0.0,100.0,100.0,Inactive
2019-11-20,0.0,0.0,0.0,0,0,False,0.0,0.0,0.0,0.0,0.0,0.0,0.0,100.0,100.0,Inactive
2019-11-21,0.0,0.0,0.0,0,0,False,0.0,0.0,0.0,0.0,0.0,0.0,0.0,100.0,100.0,Inactive
2019-11-22,0.0,0.0,0.0,0,0,False,0.0,0.0,0.0,0.0,0.0,0.0,0.0,100.0,100.0,Inactive
2019-11-23,0.0,0.0,0.0,0,0,False,0.0,0.0,0.0,0.0,0.0,0.0,0.0,100.0,100.0,Inactive
2019-11-24,0.0,0.0,0.0,0,0,False,0.0,0.0,0.0,0.0,0.0,0.0,0.0,100.0,100.0,Inactive
2019-11-25,0.0,0.0,0.0,0,0,False,0.0,0.0,0.0,0.0,0.0,0.0,0.0,100.0,100.0,Inactive
2019-11-26,0.0,0.0,0.0,0,0,False,0.0,0.0,0.0,0.0,0.0,0.0,0.0,100.0,100.0,Inactive
2019-11-27,0.0,0.0,0.0,0,0,False,0.0,0.0,0.0,0.0,0.0,0.0,0.0,100.0,100.0,Inactive
2019-11-28,0.0,0.0,0.0,0,0,False,0.0,0.0,0.0,0.0,0.0,0.0,0.0,100.0,100.0,Inactive
2019-11-29,0.0,0.0,0.0,0,0,False,0.0,0.0,0.0,0.0,0.0,0.0,0.0,100.0,100.0,Inactive
2019-11-30,0.0,0.0,0.0,0,0,False,0.0,0.0,0.0,0.0,0.0,0.0,0.0,100.0,100.0,Inactive
2019-12-01,0.0,0.0,0.0,0,0,False,0.0,0.0,0.0,0.0,0.0,0.0,0.0,100.0,100.0,Inactive
2019-12-02,0.0,0.0,0.0,0,0,False,0.0,0.0,0.0,0.0,0.0,0.0,0.0,100.0,100.0,Inactive
2019-12-03,0.0,0.0,0.0,0,0,False,0.0,0.0,0.0,0.0,0.0,0.0,0.0,100.0,100.0,Inactive
2019-12-04,0.0,0.0,0.0,0,0,False,0.0,0.0,0.0,0.0,0.0,0.0,0.0,100.0,100.0,Inactive
2019-12-05,0.0,0.0,0.0,0,0,False,0.0,0.0,0.0,0.0,0.0,0.0,0.0,100.0,100.0,Inactive
2019-12-06,0.0,0.0,0.0,0,0,False,0.0,0.0,0.0,0.0,0.0,0.0,0.0,100.0,100.0,Inactive
2019-12-07,0.0,0.0,0.0,0,0,False,0.0,0.0,0.0,0.0,0.0,0.0,0.0,100.0,100.0,Inactive
2019-12-08,0.0,0.0,0.0,0,0,False,0.0,0.0,0.0,0.0,0.0,0.0,0.0,100.0,100.0,Inactive
2019-12-09,0.0,0.0,0.0,0,0,False,0.0,0.0,0.0,0.0,0.0,0.0,0.0,100.0,100.0,Inactive
2019-12-10,0.0,0.0,0.0,0,0,False,0.0,0.0,0.0,0.0,0.0,0.0,0.0,100.0,100.0,Inactive
2019-12-11,0.0,0.0,0.0,0,0,False,0.0,0.0,0.0,0.0,0.0,0.0,0.0,100.0,100.0,Inactive
2019-12-12,0.0,0.0,0.0,0,0,False,0.0,0.0,0.0,0.0,0.0,0.0,0.0,100.0,100.0,Inactive
2019-12-13,0.0,0.0,0.0,0,0,False,0.0,0.0,0.0,0.0,0.0,0.0,0.0,100.0,100.0,Inactive
2019-12-14,0.0,0.0,0.0,0,0,False,0.0,0.0,0.0,0.0,0.0,0.0,0.0,100.0,100.0,Inactive
2019-12-15,0.0,0.0,0.0,0,0,False,0.0,0.0,0.0,0.0,0.0,0.0,0.0,100.0,100.0,Inactive
2019-12-16,0.0,0.0,0.0,0,0,False,0.0,0.0,0.0,0.0,0.0,0.0,0.0,100.0,100.0,Inactive
2019-12-17,0.0,0.0,0.0,0,0,False,0.0,0.0,0.0,0.0,0.0,0.0,0.0,100.0,100.0,Inactive
2019-12-18,0.0,0.0,0.0,0,0,False,0.0,0.0,0.0,0.0,0.0,0.0,0.0,100.0,100.0,Inactive
2019-12-19,0.0,0.0,0.0,0,0,False,0.0,0.0,0.0,0.0,0.0,0.0,0.0,100.0,100.0,Inactive
2019-12-20,0.0,0.0,0.0,0,0,False,0.0,0.0,0.0,0.0,0.0,0.0,0.0,100.0,100.0,Inactive
2019-12-21,0.0,0.0,0.0,0,0,False,0.0,0.0,0.0,0.0,0.0,0.0,0.0,100.0,100.0,Inactive
2019-12-22,0.0,0.0,0.0,0,0,False,0.0,0.0,0.0,0.0,0.0,0.0,0.0,100.0,100.0,Inactive
2019-12-23,0.0,0.0,0.0,0,0,False,0.0,0.0,0.0,0.0,0.0,0.0,0.0,100.0,100.0,Inactive
2019-12-24,0.0,0.0,0.0,0,0,False,0.0,0.0,0.0,0.0,0.0,0.0,0.0,100.0,100.0,Inactive
2019-12-25,0.0,0.0,0.0,0,0,False,0.0,0.0,0.0,0.0,0.0,0.0,0.0,100.0,100.0,Inactive
2019-12-26,0.0,0.0,0.0,0,0,False,0.0,0.0,0.0,0.0,0.0,0.0,0.0,100.0,100.0,Inactive
2019-12-27,0.0,0.0,0.0,0,0,False,0.0,0.0,0.0,0.0,0.0,0.0,0.0,100.0,100.0,Inactive
2019-12-28,0.0,0.0,0.0,0,0,False,0.0,0.0,0.0,0.0,0.0,0.0,0.0,100.0,100.0,Inactive
2019-12-29,0.0,0.0,0.0,0,0,False,0.0,0.0,0.0,0.0,0.0,0.0,0.0,100.0,100.0,Inactive
2019-12-30,0.0,0.0,0.0,0,0,False,0.0,0.0,0.0,0.0,0.0,0.0,0.0,100.0,100.0,Inactive
2019-12-31,0.0,0.0,0.0,0,0,False,0.0,0.0,0.0,0.0,0.0,0.0,0.0,100.0,100.0,Inactive
2020-01-01,0.0,0.0,0.0,0,0,False,0.0,0.0,0.0,0.0,0.0,0.0,0.0,100.0,100.0,Inactive
2020-01-02,0.0,0.0,0.0,0,0,False,0.0,0.0,0.0,0.0,0.0,0.0,0.0,100.0,100.0,Inactive
2020-01-03,0.0,0.0,0.0,0,0,False,0.0,0.0,0.0,0.0,0.0,0.0,0.0,100.0,100.0,Inactive
2020-01-04,0.0,0.0,0.0,0,0,False,0.0,0.0,0.0,0.0,0.0,0.0,0.0,100.0,100.0,Inactive
2020-01-05,0.0,0.0,0.0,0,0,False,0.0,0.0,0.0,0.0,0.0,0.0,0.0,100.0,100.0,Inactive
2020-01-06,0.0,0.0,0.0,0,0,False,0.0,0.0,0.0,0.0,0.0,0.0,0.0,100.0,100.0,Inactive
2020-01-07,0.0,0.0,0.0,0,0,False,0.0,0.0,0.0,0.0,0.0,0.0,0.0,100.0,100.0,Inactive
2020-01-08,0.0,0.0,0.0,0,0,False,0.0,0.0,0.0,0.0,0.0,0.0,0.0,100.0,100.0,Inactive
2020-01-09,0.0,0.0,0.0,0,0,False,0.0,0.0,0.0,0.0,0.0,0.0,0.0,100.0,100.0,Inactive
2020-01-10,0.0,0.0,0.0,0,0,False,0.0,0.0,0.0,0.0,0.0,0.0,0.0,100.0,100.0,Inactive
2020-01-11,0.0,0.0,0.0,0,0,False,0.0,0.0,0.0,0.0,0.0,0.0,0.0,100.0,100.0,Inactive
2020-01-12,0.0,0.0,0.0,0,0,False,0.0,0.0,0.0,0.0,0.0,0.0,0.0,100.0,100.0,Inactive
2020-01-13,0.0,0.0,0.0,0,0,False,0.0,0.0,0.0,0.0,0.0,0.0,0.0,100.0,100.0,Inactive
2020-01-14,0.0,0.0,0.0,0,0,False,0.0,0.0,0.0,0.0,0.0,0.0,0.0,100.0,100.0,Inactive
2020-01-15,0.0,0.0,0.0,0,0,False,0.0,0.0,0.0,0.0,0.0,0.0,0.0,100.0,100.0,Inactive
2020-01-16,0.0,0.0,0.0,0,0,False,0.0,0.0,0.0,0.0,0.0,0.0,0.0,100.0,100.0,Inactive
2020-01-17,0.0,0.0,0.0,0,0,False,0.0,0.0,0.0,0.0,0.0,0.0,0.0,100.0,100.0,Inactive
2020-01-18,0.0,0.0,0.0,0,0,False,0.0,0.0,0.0,0.0,0.0,0.0,0.0,100.0,100.0,Inactive
2020-01-19,0.0,0.0,0.0,0,0,False,0.0,0.0,0.0,0.0,0.0,0.0,0.0,100.0,100.0,Inactive
2020-01-20,0.0,0.0,0.0,0,0,False,0.0,0.0,0.0,0.0,0.0,0.0,0.0,100.0,100.0,Inactive
2020-01-21,0.0,0.0,0.0,0,0,False,0.0,0.0,0.0,0.0,0.0,0.0,0.0,100.0,100.0,Inactive
2020-01-22,0.0,0.0,0.0,0,0,False,0.0,0.0,0.0,0.0,0.0,0.0,0.0,100.0,100.0,Inactive
2020-01-23,0.0,0.0,0.0,0,0,False,0.0,0.0,0.0,0.0,0.0,0.0,0.0,100.0,100.0,Inactive
2020-01-24,0.0,0.0,0.0,0,0,False,0.0,0.0,0.0,0.0,0.0,0.0,0.0,100.0,100.0,Inactive
2020-01-25,0.0,0.0,0.0,0,0,False,0.0,0.0,0.0,0.0,0.0,0.0,0.0,100.0,100.0,Inactive
2020-01-26,0.0,0.0,0.0,0,0,False,0.0,0.0,0.0,0.0,0.0,0.0,0.0,100.0,100.0,Inactive
2020-01-27,0.0,0.0,0.0,0,0,False,0.0,0.0,0.0,0.0,0.0,0.0,0.0,100.0,100.0,Inactive
2020-01-28,0.0,0.0,0.0,0,0,False,0.0,0.0,0.0,0.0,0.0,0.0,0.0,100.0,100.0,Inactive
2020-01-29,0.0,0.0,0.0,0,0,False,0.0,0.0,0.0,0.0,0.0,0.0,0.0,100.0,100.0,Inactive
2020-01-30,0.0,0.0,0.0,0,0,False,0.0,0.0,0.0,0.0,0.0,0.0,0.0,100.0,100.0,Inactive
2020-01-31,0.0,0.0,0.0,0,0,False,0.0,0.0,0.0,0.0,0.0,0.0,0.0,100.0,100.0,Inactive
2020-02-01,0.0,0.0,0.0,0,0,False,0.0,0.0,0.0,0.0,0.0,0.0,0.0,100.0,100.0,Inactive
2020-02-02,0.0,0.0,0.0,0,0,False,0.0,0.0,0.0,0.0,0.0,0.0,0.0,100.0,100.0,Inactive
2020-02-03,0.0,0.0,0.0,0,0,False,0.0,0.0,0.0,0.0,0.0,0.0,0.0,100.0,100.0,Inactive
2020-02-04,0.0,0.0,0.0,0,0,False,0.0,0.0,0.0,0.0,0.0,0.0,0.0,100.0,100.0,Inactive
2020-02-05,0.0,0.0,0.0,0,0,False,0.0,0.0,0.0,0.0,0.0,0.0,0.0,100.0,100.0,Inactive
2020-02-06,0.0,0.0,0.0,0,0,False,0.0,0.0,0.0,0.0,0.0,0.0,0.0,100.0,100.0,Inactive
2020-02-07,0.0,0.0,0.0,0,0,False,0.0,0.0,0.0,0.0,0.0,0.0,0.0,100.0,100.0,Inactive
2020-02-08,0.0,0.0,0.0,0,0,False,0.0,0.0,0.0,0.0,0.0,0.0,0.0,100.0,100.0,Inactive
2020-02-09,0.0,0.0,0.0,0,0,False,0.0,0.0,0.0,0.0,0.0,0.0,0.0,100.0,100.0,Inactive
2020-02-10,0.0,0.0,0.0,0,0,False,0.0,0.0,0.0,0.0,0.0,0.0,0.0,100.0,100.0,Inactive
2020-02-11,0.0,0.0,0.0,0,0,False,0.0,0.0,0.0,0.0,0.0,0.0,0.0,100.0,100.0,Inactive
2020-02-12,0.0,0.0,0.0,0,0,False,0.0,0.0,0.0,0.0,0.0,0.0,0.0,100.0,100.0,Inactive
2020-02-13,0.0,0.0,0.0,0,0,False,0.0,0.0,0.0,0.0,0.0,0.0,0.0,100.0,100.0,Inactive
2020-02-14,0.0,0.0,0.0,0,0,False,0.0,0.0,0.0,0.0,0.0,0.0,0.0,100.0,100.0,Inactive
2020-02-15,0.0,0.0,0.0,0,0,False,0.0,0.0,0.0,0.0,0.0,0.0,0.0,100.0,100.0,Inactive
2020-02-16,0.0,0.0,0.0,0,0,False,0.0,0.0,0.0,0.0,0.0,0.0,0.0,100.0,100.0,Inactive
2020-02-17,0.0,0.0,0.0,0,0,False,0.0,0.0,0.0,0.0,0.0,0.0,0.0,100.0,100.0,Inactive
2020-02-18,0.0,0.0,0.0,0,0,False,0.0,0.0,0.0,0.0,0.0,0.0,0.0,100.0,100.0,Inactive
2020-02-19,0.0,0.0,0.0,0,0,False,0.0,0.0,0.0,0.0,0.0,0.0,0.0,100.0,100.0,Inactive
2020-02-20,0.0,0.0,0.0,0,0,False,0.0,0.0,0.0,0.0,0.0,0.0,0.0,100.0,100.0,Inactive
2020-02-21,0.0,0.0,0.0,0,0,False,0.0,0.0,0.0,0.0,0.0,0.0,0.0,100.0,100.0,Inactive
2020-02-22,0.0,0.0,0.0,0,0,False,0.0,0.0,0.0,0.0,0.0,0.0,0.0,100.0,100.0,Inactive
2020-02-23,0.0,0.0,0.0,0,0,False,0.0,0.0,0.0,0.0,0.0,0.0,0.0,100.0,100.0,Inactive
2020-02-24,0.0,0.0,0.0,0,0,False,0.0,0.0,0.0,0.0,0.0,0.0,0.0,100.0,100.0,Inactive
2020-02-25,0.0,0.0,0.0,0,0,False,0.0,0.0,0.0,0.0,0.0,0.0,0.0,100.0,100.0,Inactive
2020-02-26,0.0,0.0,0.0,0,0,False,0.0,0.0,0.0,0.0,0.0,0.0,0.0,100.0,100.0,Inactive
2020-02-27,0.0,0.0,0.0,0,0,False,0.0,0.0,0.0,0.0,0.0,0.0,0.0,100.0,100.0,Inactive
2020-02-28,0.0,0.0,0.0,0,0,False,0.0,0.0,0.0,0.0,0.0,0.0,0.0,100.0,100.0,Inactive
2020-02-29,0.0,0.0,0.0,0,0,False,0.0,0.0,0.0,0.0,0.0,0.0,0.0,100.0,100.0,Inactive
2020-03-01,0.0,0.0,0.0,0,0,False,0.0,0.0,0.0,0.0,0.0,0.0,0.0,100.0,100.0,Inactive
2020-03-02,0.0,0.0,0.0,0,0,False,0.0,0.0,0.0,0.0,0.0,0.0,0.0,100.0,100.0,Inactive
2020-03-03,0.0,0.0,0.0,0,0,False,0.0,0.0,0.0,0.0,0.0,0.0,0.0,100.0,100.0,Inactive
2020-03-04,0.0,0.0,0.0,0,0,False,0.0,0.0,0.0,0.0,0.0,0.0,0.0,100.0,100.0,Inactive
2020-03-05,0.0,0.0,0.0,0,0,False,0.0,0.0,0.0,0.0,0.0,0.0,0.0,100.0,100.0,Inactive
2020-03-06,0.0,0.0,0.0,0,0,False,0.0,0.0,0.0,0.0,0.0,0.0,0.0,100.0,100.0,Inactive
2020-03-07,0.0,0.0,0.0,0,0,False,0.0,0.0,0.0,0.0,0.0,0.0,0.0,100.0,100.0,Inactive
2020-03-08,0.0,0.0,0.0,0,0,False,0.0,0.0,0.0,0.0,0.0,0.0,0.0,100.0,100.0,Inactive
2020-03-09,0.0,0.0,0.0,0,0,False,0.0,0.0,0.0,0.0,0.0,0.0,0.0,100.0,100.0,Inactive
2020-03-10,0.0,0.0,0.0,0,0,False,0.0,0.0,0.0,0.0,0.0,0.0,0.0,100.0,100.0,Inactive
2020-03-11,0.0,0.0,0.0,0,0,False,0.0,0.0,0.0,0.0,0.0,0.0,0.0,100.0,100.0,Inactive
2020-03-12,0.0,0.0,0.0,0,0,False,0.0,0.0,0.0,0.0,0.0,0.0,0.0,100.0,100.0,Inactive
2020-03-13,0.0,0.0,0.0,0,0,False,0.0,0.0,0.0,0.0,0.0,0.0,0.0,100.0,100.0,Inactive
2020-03-14,0.0,0.0,0.0,0,0,False,0.0,0.0,0.0,0.0,0.0,0.0,0.0,100.0,100.0,Inactive
2020-03-15,0.0,0.0,0.0,0,0,False,0.0,0.0,0.0,0.0,0.0,0.0,0.0,100.0,100.0,Inactive
2020-03-16,0.0,0.0,0.0,0,0,False,0.0,0.0,0.0,0.0,0.0,0.0,0.0,100.0,100.0,Inactive
2020-03-17,0.0,0.0,0.0,0,0,False,0.0,0.0,0.0,0.0,0.0,0.0,0.0,100.0,100.0,Inactive
2020-03-18,0.0,0.0,0.0,0,0,False,0.0,0.0,0.0,0.0,0.0,0.0,0.0,100.0,100.0,Inactive
2020-03-19,0.0,0.0,0.0,0,0,False,0.0,0.0,0.0,0.0,0.0,0.0,0.0,100.0,100.0,Inactive
2020-03-20,0.0,0.0,0.0,0,0,False,0.0,0.0,0.0,0.0,0.0,0.0,0.0,100.0,100.0,Inactive
2020-03-21,0.0,0.0,0.0,0,0,False,0.0,0.0,0.0,0.0,0.0,0.0,0.0,100.0,100.0,Inactive
2020-03-22,0.0,0.0,0.0,0,0,False,0.0,0.0,0.0,0.0,0.0,0.0,0.0,100.0,100.0,Inactive
2020-03-23,0.0,0.0,0.0,0,0,False,0.0,0.0,0.0,0.0,0.0,0.0,0.0,100.0,100.0,Inactive
2020-03-24,0.0,0.0,0.0,0,0,False,0.0,0.0,0.0,0.0,0.0,0.0,0.0,100.0,100.0,Inactive
2020-03-25,0.0,0.0,0.0,0,0,False,0.0,0.0,0.0,0.0,0.0,0.0,0.0,100.0,100.0,Inactive
2020-03-26,0.0,0.0,0.0,0,0,False,0.0,0.0,0.0,0.0,0.0,0.0,0.0,100.0,100.0,Inactive
2020-03-27,0.0,0.0,0.0,0,0,False,0.0,0.0,0.0,0.0,0.0,0.0,0.0,100.0,100.0,Inactive
2020-03-28,0.0,0.0,0.0,0,0,False,0.0,0.0,0.0,0.0,0.0,0.0,0.0,100.0,100.0,Inactive
2020-03-29,0.0,0.0,0.0,0,0,False,0.0,0.0,0.0,0.0,0.0,0.0,0.0,100.0,100.0,Inactive
2020-03-30,0.0,0.0,0.0,0,0,False,0.0,0.0,0.0,0.0,0.0,0.0,0.0,100.0,100.0,Inactive
2020-03-31,0.0,0.0,0.0,0,0,False,0.0,0.0,0.0,0.0,0.0,0.0,0.0,100.0,100.0,Inactive
2020-04-01,0.0,0.0,0.0,0,0,False,0.0,0.0,0.0,0.0,0.0,0.0,0.0,100.0,100.0,Inactive
2020-04-02,0.0,0.0,0.0,0,0,False,0.0,0.0,0.0,0.0,0.0,0.0,0.0,100.0,100.0,Inactive
2020-04-03,0.0,0.0,0.0,0,0,False,0.0,0.0,0.0,0.0,0.0,0.0,0.0,100.0,100.0,Inactive
2020-04-04,0.0,0.0,0.0,0,0,False,0.0,0.0,0.0,0.0,0.0,0.0,0.0,100.0,100.0,Inactive
2020-04-05,0.0,0.0,0.0,0,0,False,0.0,0.0,0.0,0.0,0.0,0.0,0.0,100.0,100.0,Inactive
2020-04-06,0.0,0.0,0.0,0,0,False,0.0,0.0,0.0,0.0,0.0,0.0,0.0,100.0,100.0,Inactive
2020-04-07,0.0,0.0,0.0,0,0,False,0.0,0.0,0.0,0.0,0.0,0.0,0.0,100.0,100.0,Inactive
2020-04-08,0.0,0.0,0.0,0,0,False,0.0,0.0,0.0,0.0,0.0,0.0,0.0,100.0,100.0,Inactive
2020-04-09,0.0,0.0,0.0,0,0,False,0.0,0.0,0.0,0.0,0.0,0.0,0.0,100.0,100.0,Inactive
2020-04-10,0.0,0.0,0.0,0,0,False,0.0,0.0,0.0,0.0,0.0,0.0,0.0,100.0,100.0,Inactive
2020-04-11,0.0,0.0,0.0,0,0,False,0.0,0.0,0.0,0.0,0.0,0.0,0.0,100.0,100.0,Inactive
2020-04-12,0.0,0.0,0.0,0,0,False,0.0,0.0,0.0,0.0,0.0,0.0,0.0,100.0,100.0,Inactive
2020-04-13,0.0,0.0,0.0,0,0,False,0.0,0.0,0.0,0.0,0.0,0.0,0.0,100.0,100.0,Inactive
2020-04-14,0.0,0.0,0.0,0,0,False,0.0,0.0,0.0,0.0,0.0,0.0,0.0,100.0,100.0,Inactive
2020-04-15,0.0,0.0,0.0,0,0,False,0.0,0.0,0.0,0.0,0.0,0.0,0.0,100.0,100.0,Inactive
2020-04-16,0.0,0.0,0.0,0,0,False,0.0,0.0,0.0,0.0,0.0,0.0,0.0,100.0,100.0,Inactive
2020-04-17,0.0,0.0,0.0,0,0,False,0.0,0.0,0.0,0.0,0.0,0.0,0.0,100.0,100.0,Inactive
2020-04-18,0.0,0.0,0.0,0,0,False,0.0,0.0,0.0,0.0,0.0,0.0,0.0,100.0,100.0,Inactive
2020-04-19,0.0,0.0,0.0,0,0,False,0.0,0.0,0.0,0.0,0.0,0.0,0.0,100.0,100.0,Inactive
2020-04-20,0.0,0.0,0.0,0,0,False,0.0,0.0,0.0,0.0,0.0,0.0,0.0,100.0,100.0,Inactive
2020-04-21,0.0,0.0,0.0,0,0,False,0.0,0.0,0.0,0.0,0.0,0.0,0.0,100.0,100.0,Inactive
2020-04-22,0.0,0.0,0.0,0,0,False,0.0,0.0,0.0,0.0,0.0,0.0,0.0,100.0,100.0,Inactive
2020-04-23,0.0,0.0,0.0,0,0,False,0.0,0.0,0.0,0.0,0.0,0.0,0.0,100.0,100.0,Inactive
2020-04-24,0.0,0.0,0.0,0,0,False,0.0,0.0,0.0,0.0,0.0,0.0,0.0,100.0,100.0,Inactive
2020-04-25,0.0,0.0,0.0,0,0,False,0.0,0.0,0.0,0.0,0.0,0.0,0.0,100.0,100.0,Inactive
2020-04-26,0.0,0.0,0.0,0,0,False,0.0,0.0,0.0,0.0,0.0,0.0,0.0,100.0,100.0,Inactive
2020-04-27,0.0,0.0,0.0,0,0,False,0.0,0.0,0.0,0.0,0.0,0.0,0.0,100.0,100.0,Inactive
2020-04-28,0.0,0.0,0.0,0,0,False,0.0,0.0,0.0,0.0,0.0,0.0,0.0,100.0,100.0,Inactive
2020-04-29,0.0,0.0,0.0,0,0,False,0.0,0.0,0.0,0.0,0.0,0.0,0.0,100.0,100.0,Inactive
2020-04-30,0.0,0.0,0.0,0,0,False,0.0,0.0,0.0,0.0,0.0,0.0,0.0,100.0,100.0,Inactive
2020-05-01,0.0,0.0,0.0,0,0,False,0.0,0.0,0.0,0.0,0.0,0.0,0.0,100.0,100.0,Inactive
2020-05-02,0.0,0.0,0.0,0,0,False,0.0,0.0,0.0,0.0,0.0,0.0,0.0,100.0,100.0,Inactive
2020-05-03,0.0,0.0,0.0,0,0,False,0.0,0.0,0.0,0.0,0.0,0.0,0.0,100.0,100.0,Inactive
2020-05-04,0.0,0.0,0.0,0,0,False,0.0,0.0,0.0,0.0,0.0,0.0,0.0,100.0,100.0,Inactive
2020-05-05,0.0,0.0,0.0,0,0,False,0.0,0.0,0.0,0.0,0.0,0.0,0.0,100.0,100.0,Inactive
2020-05-06,0.0,0.0,0.0,0,0,False,0.0,0.0,0.0,0.0,0.0,0.0,0.0,100.0,100.0,Inactive
2020-05-07,0.0,0.0,0.0,0,0,False,0.0,0.0,0.0,0.0,0.0,0.0,0.0,100.0,100.0,Inactive
2020-05-08,0.0,0.0,0.0,0,0,False,0.0,0.0,0.0,0.0,0.0,0.0,0.0,100.0,100.0,Inactive
2020-05-09,0.0,0.0,0.0,0,0,False,0.0,0.0,0.0,0.0,0.0,0.0,0.0,100.0,100.0,Inactive
2020-05-10,0.0,0.0,0.0,0,0,False,0.0,0.0,0.0,0.0,0.0,0.0,0.0,100.0,100.0,Inactive
2020-05-11,0.0,0.0,0.0,0,0,False,0.0,0.0,0.0,0.0,0.0,0.0,0.0,100.0,100.0,Inactive
2020-05-12,0.0,0.0,0.0,0,0,False,0.0,0.0,0.0,0.0,0.0,0.0,0.0,100.0,100.0,Inactive
2020-05-13,0.0,0.0,0.0,0,0,False,0.0,0.0,0.0,0.0,0.0,0.0,0.0,100.0,100.0,Inactive
2020-05-14,0.0,0.0,0.0,0,0,False,0.0,0.0,0.0,0.0,0.0,0.0,0.0,100.0,100.0,Inactive
2020-05-15,0.0,0.0,0.0,0,0,False,0.0,0.0,0.0,0.0,0.0,0.0,0.0,100.0,100.0,Inactive
2020-05-16,0.0,0.0,0.0,0,0,False,0.0,0.0,0.0,0.0,0.0,0.0,0.0,100.0,100.0,Inactive
2020-05-17,0.0,0.0,0.0,0,0,False,0.0,0.0,0.0,0.0,0.0,0.0,0.0,100.0,100.0,Inactive
2020-05-18,0.0,0.0,0.0,0,0,False,0.0,0.0,0.0,0.0,0.0,0.0,0.0,100.0,100.0,Inactive
2020-05-19,0.0,0.0,0.0,0,0,False,0.0,0.0,0.0,0.0,0.0,0.0,0.0,100.0,100.0,Inactive
2020-05-20,0.0,0.0,0.0,0,0,False,0.0,0.0,0.0,0.0,0.0,0.0,0.0,100.0,100.0,Inactive
2020-05-21,0.0,0.0,0.0,0,0,False,0.0,0.0,0.0,0.0,0.0,0.0,0.0,100.0,100.0,Inactive
2020-05-22,0.0,0.0,0.0,0,0,False,0.0,0.0,0.0,0.0,0.0,0.0,0.0,100.0,100.0,Inactive
2020-05-23,0.0,0.0,0.0,0,0,False,0.0,0.0,0.0,0.0,0.0,0.0,0.0,100.0,100.0,Inactive
2020-05-24,0.0,0.0,0.0,0,0,False,0.0,0.0,0.0,0.0,0.0,0.0,0.0,100.0,100.0,Inactive
2020-05-25,0.0,0.0,0.0,0,0,False,0.0,0.0,0.0,0.0,0.0,0.0,0.0,100.0,100.0,Inactive
2020-05-26,0.0,0.0,0.0,0,0,False,0.0,0.0,0.0,0.0,0.0,0.0,0.0,100.0,100.0,Inactive
2020-05-27,0.0,0.0,0.0,0,0,False,0.0,0.0,0.0,0.0,0.0,0.0,0.0,100.0,100.0,Inactive
2020-05-28,0.0,0.0,0.0,0,0,False,0.0,0.0,0.0,0.0,0.0,0.0,0.0,100.0,100.0,Inactive
2020-05-29,0.0,0.0,0.0,0,0,False,0.0,0.0,0.0,0.0,0.0,0.0,0.0,100.0,100.0,Inactive
2020-05-30,0.0,0.0,0.0,0,0,False,0.0,0.0,0.0,0.0,0.0,0.0,0.0,100.0,100.0,Inactive
2020-05-31,0.0,0.0,0.0,0,0,False,0.0,0.0,0.0,0.0,0.0,0.0,0.0,100.0,100.0,Inactive
2020-06-01,0.0,0.0,0.0,0,0,False,0.0,0.0,0.0,0.0,0.0,0.0,0.0,100.0,100.0,Inactive
2020-06-02,0.0,0.0,0.0,0,0,False,0.0,0.0,0.0,0.0,0.0,0.0,0.0,100.0,100.0,Inactive
2020-06-03,0.0,0.0,0.0,0,0,False,0.0,0.0,0.0,0.0,0.0,0.0,0.0,100.0,100.0,Inactive
2020-06-04,0.0,0.0,0.0,0,0,False,0.0,0.0,0.0,0.0,0.0,0.0,0.0,100.0,100.0,Inactive
2020-06-05,0.0,0.0,0.0,0,0,False,0.0,0.0,0.0,0.0,0.0,0.0,0.0,100.0,100.0,Inactive
2020-06-06,0.0,0.0,0.0,0,0,False,0.0,0.0,0.0,0.0,0.0,0.0,0.0,100.0,100.0,Inactive
2020-06-07,0.0,0.0,0.0,0,0,False,0.0,0.0,0.0,0.0,0.0,0.0,0.0,100.0,100.0,Inactive
2020-06-08,0.0,0.0,0.0,0,0,False,0.0,0.0,0.0,0.0,0.0,0.0,0.0,100.0,100.0,Inactive
2020-06-09,0.0,0.0,0.0,0,0,False,0.0,0.0,0.0,0.0,0.0,0.0,0.0,100.0,100.0,Inactive
2020-06-10,0.0,0.0,0.0,0,0,False,0.0,0.0,0.0,0.0,0.0,0.0,0.0,100.0,100.0,Inactive
2020-06-11,0.0,0.0,0.0,0,0,False,0.0,0.0,0.0,0.0,0.0,0.0,0.0,100.0,100.0,Inactive
2020-06-12,0.0,0.0,0.0,0,0,False,0.0,0.0,0.0,0.0,0.0,0.0,0.0,100.0,100.0,Inactive
2020-06-13,0.0,0.0,0.0,0,0,False,0.0,0.0,0.0,0.0,0.0,0.0,0.0,100.0,100.0,Inactive
2020-06-14,0.0,0.0,0.0,0,0,False,0.0,0.0,0.0,0.0,0.0,0.0,0.0,100.0,100.0,Inactive
2020-06-15,0.0,0.0,0.0,0,0,False,0.0,0.0,0.0,0.0,0.0,0.0,0.0,100.0,100.0,Inactive
2020-06-16,0.0,0.0,0.0,0,0,False,0.0,0.0,0.0,0.0,0.0,0.0,0.0,100.0,100.0,Inactive
2020-06-17,0.0,0.0,0.0,0,0,False,0.0,0.0,0.0,0.0,0.0,0.0,0.0,100.0,100.0,Inactive
2020-06-18,0.0,0.0,0.0,0,0,False,0.0,0.0,0.0,0.0,0.0,0.0,0.0,100.0,100.0,Inactive
2020-06-19,0.0,0.0,0.0,0,0,False,0.0,0.0,0.0,0.0,0.0,0.0,0.0,100.0,100.0,Inactive
2020-06-20,0.0,0.0,0.0,0,0,False,0.0,0.0,0.0,0.0,0.0,0.0,0.0,100.0,100.0,Inactive
2020-06-21,0.0,0.0,0.0,0,0,False,0.0,0.0,0.0,0.0,0.0,0.0,0.0,100.0,100.0,Inactive
2020-06-22,0.0,0.0,0.0,0,0,False,0.0,0.0,0.0,0.0,0.0,0.0,0.0,100.0,100.0,Inactive
2020-06-23,0.0,0.0,0.0,0,0,False,0.0,0.0,0.0,0.0,0.0,0.0,0.0,100.0,100.0,Inactive
2020-06-24,0.0,0.0,0.0,0,0,False,0.0,0.0,0.0,0.0,0.0,0.0,0.0,100.0,100.0,Inactive
2020-06-25,0.0,0.0,0.0,0,0,False,0.0,0.0,0.0,0.0,0.0,0.0,0.0,100.0,100.0,Inactive
2020-06-26,0.0,0.0,0.0,0,0,False,0.0,0.0,0.0,0.0,0.0,0.0,0.0,100.0,100.0,Inactive
2020-06-27,0.0,0.0,0.0,0,0,False,0.0,0.0,0.0,0.0,0.0,0.0,0.0,100.0,100.0,Inactive
2020-06-28,0.0,0.0,0.0,0,0,False,0.0,0.0,0.0,0.0,0.0,0.0,0.0,100.0,100.0,Inactive
2020-06-29,0.0,0.0,0.0,0,0,False,0.0,0.0,0.0,0.0,0.0,0.0,0.0,100.0,100.0,Inactive
2020-06-30,0.0,0.0,0.0,0,0,False,0.0,0.0,0.0,0.0,0.0,0.0,0.0,100.0,100.0,Inactive
2020-07-01,0.0,0.0,0.0,0,0,False,0.0,0.0,0.0,0.0,0.0,0.0,0.0,100.0,100.0,Inactive
2020-07-02,0.0,0.0,0.0,0,0,False,0.0,0.0,0.0,0.0,0.0,0.0,0.0,100.0,100.0,Inactive
2020-07-03,0.0,0.0,0.0,0,0,False,0.0,0.0,0.0,0.0,0.0,0.0,0.0,100.0,100.0,Inactive
2020-07-04,0.0,0.0,0.0,0,0,False,0.0,0.0,0.0,0.0,0.0,0.0,0.0,100.0,100.0,Inactive
2020-07-05,0.0,0.0,0.0,0,0,False,0.0,0.0,0.0,0.0,0.0,0.0,0.0,100.0,100.0,Inactive
2020-07-06,0.0,0.0,0.0,0,0,False,0.0,0.0,0.0,0.0,0.0,0.0,0.0,100.0,100.0,Inactive
2020-07-07,0.0,0.0,0.0,0,0,False,0.0,0.0,0.0,0.0,0.0,0.0,0.0,100.0,100.0,Inactive
2020-07-08,0.0,0.0,0.0,0,0,False,0.0,0.0,0.0,0.0,0.0,0.0,0.0,100.0,100.0,Inactive
2020-07-09,0.0,0.0,0.0,0,0,False,0.0,0.0,0.0,0.0,0.0,0.0,0.0,100.0,100.0,Inactive
2020-07-10,0.0,0.0,0.0,0,0,False,0.0,0.0,0.0,0.0,0.0,0.0,0.0,100.0,100.0,Inactive
2020-07-11,0.0,0.0,0.0,0,0,False,0.0,0.0,0.0,0.0,0.0,0.0,0.0,100.0,100.0,Inactive
2020-07-12,0.0,0.0,0.0,0,0,False,0.0,0.0,0.0,0.0,0.0,0.0,0.0,100.0,100.0,Inactive
2020-07-13,0.0,0.0,0.0,0,0,False,0.0,0.0,0.0,0.0,0.0,0.0,0.0,100.0,100.0,Inactive
2020-07-14,0.0,0.0,0.0,0,0,False,0.0,0.0,0.0,0.0,0.0,0.0,0.0,100.0,100.0,Inactive
2020-07-15,0.0,0.0,0.0,0,0,False,0.0,0.0,0.0,0.0,0.0,0.0,0.0,100.0,100.0,Inactive
2020-07-16,0.0,0.0,0.0,0,0,False,0.0,0.0,0.0,0.0,0.0,0.0,0.0,100.0,100.0,Inactive
2020-07-17,0.0,0.0,0.0,0,0,False,0.0,0.0,0.0,0.0,0.0,0.0,0.0,100.0,100.0,Inactive
2020-07-18,0.0,0.0,0.0,0,0,False,0.0,0.0,0.0,0.0,0.0,0.0,0.0,100.0,100.0,Inactive
2020-07-19,0.0,0.0,0.0,0,0,False,0.0,0.0,0.0,0.0,0.0,0.0,0.0,100.0,100.0,Inactive
2020-07-20,0.0,0.0,0.0,0,0,False,0.0,0.0,0.0,0.0,0.0,0.0,0.0,100.0,100.0,Inactive
2020-07-21,0.0,0.0,0.0,0,0,False,0.0,0.0,0.0,0.0,0.0,0.0,0.0,100.0,100.0,Inactive
2020-07-22,0.0,0.0,0.0,0,0,False,0.0,0.0,0.0,0.0,0.0,0.0,0.0,100.0,100.0,Inactive
2020-07-23,0.0,0.0,0.0,0,0,False,0.0,0.0,0.0,0.0,0.0,0.0,0.0,100.0,100.0,Inactive
2020-07-24,0.0,0.0,0.0,0,0,False,0.0,0.0,0.0,0.0,0.0,0.0,0.0,100.0,100.0,Inactive
2020-07-25,0.0,0.0,0.0,0,0,False,0.0,0.0,0.0,0.0,0.0,0.0,0.0,100.0,100.0,Inactive
2020-07-26,0.0,0.0,0.0,0,0,False,0.0,0.0,0.0,0.0,0.0,0.0,0.0,100.0,100.0,Inactive
2020-07-27,0.0,0.0,0.0,0,0,False,0.0,0.0,0.0,0.0,0.0,0.0,0.0,100.0,100.0,Inactive
2020-07-28,0.0,0.0,0.0,0,0,False,0.0,0.0,0.0,0.0,0.0,0.0,0.0,100.0,100.0,Inactive
2020-07-29,0.0,0.0,0.0,0,0,False,0.0,0.0,0.0,0.0,0.0,0.0,0.0,100.0,100.0,Inactive
2020-07-30,0.0,0.0,0.0,0,0,False,0.0,0.0,0.0,0.0,0.0,0.0,0.0,100.0,100.0,Inactive
2020-07-31,0.0,0.0,0.0,0,0,False,0.0,0.0,0.0,0.0,0.0,0.0,0.0,100.0,100.0,Inactive
2020-08-01,0.0,0.0,0.0,0,0,False,0.0,0.0,0.0,0.0,0.0,0.0,0.0,100.0,100.0,Inactive
2020-08-02,0.0,0.0,0.0,0,0,False,0.0,0.0,0.0,0.0,0.0,0.0,0.0,100.0,100.0,Inactive
2020-08-03,0.0,0.0,0.0,0,0,False,0.0,0.0,0.0,0.0,0.0,0.0,0.0,100.0,100.0,Inactive
2020-08-04,0.0,0.0,0.0,0,0,False,0.0,0.0,0.0,0.0,0.0,0.0,0.0,100.0,100.0,Inactive
2020-08-05,0.0,0.0,0.0,0,0,False,0.0,0.0,0.0,0.0,0.0,0.0,0.0,100.0,100.0,Inactive
2020-08-06,0.0,0.0,0.0,0,0,False,0.0,0.0,0.0,0.0,0.0,0.0,0.0,100.0,100.0,Inactive
2020-08-07,0.0,0.0,0.0,0,0,False,0.0,0.0,0.0,0.0,0.0,0.0,0.0,100.0,100.0,Inactive
2020-08-08,0.0,0.0,0.0,0,0,False,0.0,0.0,0.0,0.0,0.0,0.0,0.0,100.0,100.0,Inactive
2020-08-09,0.0,0.0,0.0,0,0,False,0.0,0.0,0.0,0.0,0.0,0.0,0.0,100.0,100.0,Inactive
2020-08-10,0.0,0.0,0.0,0,0,False,0.0,0.0,0.0,0.0,0.0,0.0,0.0,100.0,100.0,Inactive
2020-08-11,0.0,0.0,0.0,0,0,False,0.0,0.0,0.0,0.0,0.0,0.0,0.0,100.0,100.0,Inactive
2020-08-12,0.0,0.0,0.0,0,0,False,0.0,0.0,0.0,0.0,0.0,0.0,0.0,100.0,100.0,Inactive
2020-08-13,0.0,0.0,0.0,0,0,False,0.0,0.0,0.0,0.0,0.0,0.0,0.0,100.0,100.0,Inactive
2020-08-14,0.0,0.0,0.0,0,0,False,0.0,0.0,0.0,0.0,0.0,0.0,0.0,100.0,100.0,Inactive
2020-08-15,0.0,0.0,0.0,0,0,False,0.0,0.0,0.0,0.0,0.0,0.0,0.0,100.0,100.0,Inactive
2020-08-16,0.0,0.0,0.0,0,0,False,0.0,0.0,0.0,0.0,0.0,0.0,0.0,100.0,100.0,Inactive
2020-08-17,0.0,0.0,0.0,0,0,False,0.0,0.0,0.0,0.0,0.0,0.0,0.0,100.0,100.0,Inactive
2020-08-18,0.0,0.0,0.0,0,0,False,0.0,0.0,0.0,0.0,0.0,0.0,0.0,100.0,100.0,Inactive
2020-08-19,0.0,0.0,0.0,0,0,False,0.0,0.0,0.0,0.0,0.0,0.0,0.0,100.0,100.0,Inactive
2020-08-20,0.0,0.0,0.0,0,0,False,0.0,0.0,0.0,0.0,0.0,0.0,0.0,100.0,100.0,Inactive
2020-08-21,0.0,0.0,0.0,0,0,False,0.0,0.0,0.0,0.0,0.0,0.0,0.0,100.0,100.0,Inactive
2020-08-22,0.0,0.0,0.0,0,0,False,0.0,0.0,0.0,0.0,0.0,0.0,0.0,100.0,100.0,Inactive
2020-08-23,0.0,0.0,0.0,0,0,False,0.0,0.0,0.0,0.0,0.0,0.0,0.0,100.0,100.0,Inactive
2020-08-24,0.0,0.0,0.0,0,0,False,0.0,0.0,0.0,0.0,0.0,0.0,0.0,100.0,100.0,Inactive
2020-08-25,0.0,0.0,0.0,0,0,False,0.0,0.0,0.0,0.0,0.0,0.0,0.0,100.0,100.0,Inactive
2020-08-26,0.0,0.0,0.0,0,0,False,0.0,0.0,0.0,0.0,0.0,0.0,0.0,100.0,100.0,Inactive
2020-08-27,0.0,0.0,0.0,0,0,False,0.0,0.0,0.0,0.0,0.0,0.0,0.0,100.0,100.0,Inactive
2020-08-28,0.0,0.0,0.0,0,0,False,0.0,0.0,0.0,0.0,0.0,0.0,0.0,100.0,100.0,Inactive
2020-08-29,0.0,0.0,0.0,0,0,False,0.0,0.0,0.0,0.0,0.0,0.0,0.0,100.0,100.0,Inactive
2020-08-30,0.0,0.0,0.0,0,0,False,0.0,0.0,0.0,0.0,0.0,0.0,0.0,100.0,100.0,Inactive
2020-08-31,0.0,0.0,0.0,0,0,False,0.0,0.0,0.0,0.0,0.0,0.0,0.0,100.0,100.0,Inactive
2020-09-01,0.0,0.0,0.0,0,0,False,0.0,0.0,0.0,0.0,0.0,0.0,0.0,100.0,100.0,Inactive
2020-09-02,0.0,0.0,0.0,0,0,False,0.0,0.0,0.0,0.0,0.0,0.0,0.0,100.0,100.0,Inactive
2020-09-03,0.0,0.0,0.0,0,0,False,0.0,0.0,0.0,0.0,0.0,0.0,0.0,100.0,100.0,Inactive
2020-09-04,0.0,0.0,0.0,0,0,False,0.0,0.0,0.0,0.0,0.0,0.0,0.0,100.0,100.0,Inactive
2020-09-05,0.0,0.0,0.0,0,0,False,0.0,0.0,0.0,0.0,0.0,0.0,0.0,100.0,100.0,Inactive
2020-09-06,0.0,0.0,0.0,0,0,False,0.0,0.0,0.0,0.0,0.0,0.0,0.0,100.0,100.0,Inactive
2020-09-07,0.0,0.0,0.0,0,0,False,0.0,0.0,0.0,0.0,0.0,0.0,0.0,100.0,100.0,Inactive
2020-09-08,0.0,0.0,0.0,0,0,False,0.0,0.0,0.0,0.0,0.0,0.0,0.0,100.0,100.0,Inactive
2020-09-09,0.0,0.0,0.0,0,0,False,0.0,0.0,0.0,0.0,0.0,0.0,0.0,100.0,100.0,Inactive
2020-09-10,0.0,0.0,0.0,0,0,False,0.0,0.0,0.0,0.0,0.0,0.0,0.0,100.0,100.0,Inactive
2020-09-11,0.0,0.0,0.0,0,0,False,0.0,0.0,0.0,0.0,0.0,0.0,0.0,100.0,100.0,Inactive
2020-09-12,0.0,0.0,0.0,0,0,False,0.0,0.0,0.0,0.0,0.0,0.0,0.0,100.0,100.0,Inactive
2020-09-13,0.0,0.0,0.0,0,0,False,0.0,0.0,0.0,0.0,0.0,0.0,0.0,100.0,100.0,Inactive
2020-09-14,0.0,0.0,0.0,0,0,False,0.0,0.0,0.0,0.0,0.0,0.0,0.0,100.0,100.0,Inactive
2020-09-15,0.0,0.0,0.0,0,0,False,0.0,0.0,0.0,0.0,0.0,0.0,0.0,100.0,100.0,Inactive
2020-09-16,0.0,0.0,0.0,0,0,False,0.0,0.0,0.0,0.0,0.0,0.0,0.0,100.0,100.0,Inactive
2020-09-17,0.0,0.0,0.0,0,0,False,0.0,0.0,0.0,0.0,0.0,0.0,0.0,100.0,100.0,Inactive
2020-09-18,0.0,0.0,0.0,0,0,False,0.0,0.0,0.0,0.0,0.0,0.0,0.0,100.0,100.0,Inactive
2020-09-19,0.0,0.0,0.0,0,0,False,0.0,0.0,0.0,0.0,0.0,0.0,0.0,100.0,100.0,Inactive
2020-09-20,0.0,0.0,0.0,0,0,False,0.0,0.0,0.0,0.0,0.0,0.0,0.0,100.0,100.0,Inactive
2020-09-21,0.0,0.0,0.0,0,0,False,0.0,0.0,0.0,0.0,0.0,0.0,0.0,100.0,100.0,Inactive
2020-09-22,0.0,0.0,0.0,0,0,False,0.0,0.0,0.0,0.0,0.0,0.0,0.0,100.0,100.0,Inactive
2020-09-23,0.0,0.0,0.0,0,0,False,0.0,0.0,0.0,0.0,0.0,0.0,0.0,100.0,100.0,Inactive
2020-09-24,0.0,0.0,0.0,0,0,False,0.0,0.0,0.0,0.0,0.0,0.0,0.0,100.0,100.0,Inactive
2020-09-25,0.0,0.0,0.0,0,0,False,0.0,0.0,0.0,0.0,0.0,0.0,0.0,100.0,100.0,Inactive
2020-09-26,0.0,0.0,0.0,0,0,False,0.0,0.0,0.0,0.0,0.0,0.0,0.0,100.0,100.0,Inactive
2020-09-27,0.0,0.0,0.0,0,0,False,0.0,0.0,0.0,0.0,0.0,0.0,0.0,100.0,100.0,Inactive
2020-09-28,0.0,0.0,0.0,0,0,False,0.0,0.0,0.0,0.0,0.0,0.0,0.0,100.0,100.0,Inactive
2020-09-29,0.0,0.0,0.0,0,0,False,0.0,0.0,0.0,0.0,0.0,0.0,0.0,100.0,100.0,Inactive
2020-09-30,0.0,0.0,0.0,0,0,False,0.0,0.0,0.0,0.0,0.0,0.0,0.0,100.0,100.0,Inactive
2020-10-01,0.0,0.0,0.0,0,0,False,0.0,0.0,0.0,0.0,0.0,0.0,0.0,100.0,100.0,Inactive
2020-10-02,0.0,0.0,0.0,0,0,False,0.0,0.0,0.0,0.0,0.0,0.0,0.0,100.0,100.0,Inactive
2020-10-03,0.0,0.0,0.0,0,0,False,0.0,0.0,0.0,0.0,0.0,0.0,0.0,100.0,100.0,Inactive
2020-10-04,0.0,0.0,0.0,0,0,False,0.0,0.0,0.0,0.0,0.0,0.0,0.0,100.0,100.0,Inactive
2020-10-05,0.0,0.0,0.0,0,0,False,0.0,0.0,0.0,0.0,0.0,0.0,0.0,100.0,100.0,Inactive
2020-10-06,0.0,0.0,0.0,0,0,False,0.0,0.0,0.0,0.0,0.0,0.0,0.0,100.0,100.0,Inactive
2020-10-07,0.0,0.0,0.0,0,0,False,0.0,0.0,0.0,0.0,0.0,0.0,0.0,100.0,100.0,Inactive
2020-10-08,0.0,0.0,0.0,0,0,False,0.0,0.0,0.0,0.0,0.0,0.0,0.0,100.0,100.0,Inactive
2020-10-09,0.0,0.0,0.0,0,0,False,0.0,0.0,0.0,0.0,0.0,0.0,0.0,100.0,100.0,Inactive
2020-10-10,0.0,0.0,0.0,0,0,False,0.0,0.0,0.0,0.0,0.0,0.0,0.0,100.0,100.0,Inactive
2020-10-11,0.0,0.0,0.0,0,0,False,0.0,0.0,0.0,0.0,0.0,0.0,0.0,100.0,100.0,Inactive
2020-10-12,0.0,0.0,0.0,0,0,False,0.0,0.0,0.0,0.0,0.0,0.0,0.0,100.0,100.0,Inactive
2020-10-13,0.0,0.0,0.0,0,0,False,0.0,0.0,0.0,0.0,0.0,0.0,0.0,100.0,100.0,Inactive
2020-10-14,0.0,0.0,0.0,0,0,False,0.0,0.0,0.0,0.0,0.0,0.0,0.0,100.0,100.0,Inactive
2020-10-15,0.0,0.0,0.0,0,0,False,0.0,0.0,0.0,0.0,0.0,0.0,0.0,100.0,100.0,Inactive
2020-10-16,0.0,0.0,0.0,0,0,False,0.0,0.0,0.0,0.0,0.0,0.0,0.0,100.0,100.0,Inactive
2020-10-17,0.0,0.0,0.0,0,0,False,0.0,0.0,0.0,0.0,0.0,0.0,0.0,100.0,100.0,Inactive
2020-10-18,0.0,0.0,0.0,0,0,False,0.0,0.0,0.0,0.0,0.0,0.0,0.0,100.0,100.0,Inactive
2020-10-19,0.0,0.0,0.0,0,0,False,0.0,0.0,0.0,0.0,0.0,0.0,0.0,100.0,100.0,Inactive
2020-10-20,0.0,0.0,0.0,0,0,False,0.0,0.0,0.0,0.0,0.0,0.0,0.0,100.0,100.0,Inactive
2020-10-21,0.0,0.0,0.0,0,0,False,0.0,0.0,0.0,0.0,0.0,0.0,0.0,100.0,100.0,Inactive
2020-10-22,0.0,0.0,0.0,0,0,False,0.0,0.0,0.0,0.0,0.0,0.0,0.0,100.0,100.0,Inactive
2020-10-23,0.0,0.0,0.0,0,0,False,0.0,0.0,0.0,0.0,0.0,0.0,0.0,100.0,100.0,Inactive
2020-10-24,0.0,0.0,0.0,0,0,False,0.0,0.0,0.0,0.0,0.0,0.0,0.0,100.0,100.0,Inactive
2020-10-25,0.0,0.0,0.0,0,0,False,0.0,0.0,0.0,0.0,0.0,0.0,0.0,100.0,100.0,Inactive
2020-10-26,0.0,0.0,0.0,0,0,False,0.0,0.0,0.0,0.0,0.0,0.0,0.0,100.0,100.0,Inactive
2020-10-27,0.0,0.0,0.0,0,0,False,0.0,0.0,0.0,0.0,0.0,0.0,0.0,100.0,100.0,Inactive
2020-10-28,0.0,0.0,0.0,0,0,False,0.0,0.0,0.0,0.0,0.0,0.0,0.0,100.0,100.0,Inactive
2020-10-29,0.0,0.0,0.0,0,0,False,0.0,0.0,0.0,0.0,0.0,0.0,0.0,100.0,100.0,Inactive
2020-10-30,0.0,0.0,0.0,0,0,False,0.0,0.0,0.0,0.0,0.0,0.0,0.0,100.0,100.0,Inactive
2020-10-31,0.0,0.0,0.0,0,0,False,0.0,0.0,0.0,0.0,0.0,0.0,0.0,100.0,100.0,Inactive
2020-11-01,0.0,0.0,0.0,0,0,False,0.0,0.0,0.0,0.0,0.0,0.0,0.0,100.0,100.0,Inactive
2020-11-02,0.0,0.0,0.0,0,0,False,0.0,0.0,0.0,0.0,0.0,0.0,0.0,100.0,100.0,Inactive
2020-11-03,0.0,0.0,0.0,0,0,False,0.0,0.0,0.0,0.0,0.0,0.0,0.0,100.0,100.0,Inactive
2020-11-04,0.0,0.0,0.0,0,0,False,0.0,0.0,0.0,0.0,0.0,0.0,0.0,100.0,100.0,Inactive
2020-11-05,0.0,0.0,0.0,0,0,False,0.0,0.0,0.0,0.0,0.0,0.0,0.0,100.0,100.0,Inactive
2020-11-06,0.0,0.0,0.0,0,0,False,0.0,0.0,0.0,0.0,0.0,0.0,0.0,100.0,100.0,Inactive
2020-11-07,0.0,0.0,0.0,0,0,False,0.0,0.0,0.0,0.0,0.0,0.0,0.0,100.0,100.0,Inactive
2020-11-08,0.0,0.0,0.0,0,0,False,0.0,0.0,0.0,0.0,0.0,0.0,0.0,100.0,100.0,Inactive
2020-11-09,0.0,0.0,0.0,0,0,False,0.0,0.0,0.0,0.0,0.0,0.0,0.0,100.0,100.0,Inactive
2020-11-10,0.0,0.0,0.0,0,0,False,0.0,0.0,0.0,0.0,0.0,0.0,0.0,100.0,100.0,Inactive
2020-11-11,0.0,0.0,0.0,0,0,False,0.0,0.0,0.0,0.0,0.0,0.0,0.0,100.0,100.0,Inactive
2020-11-12,0.0,0.0,0.0,0,0,False,0.0,0.0,0.0,0.0,0.0,0.0,0.0,100.0,100.0,Inactive
2020-11-13,0.0,0.0,0.0,0,0,False,0.0,0.0,0.0,0.0,0.0,0.0,0.0,100.0,100.0,Inactive
2020-11-14,0.0,0.0,0.0,0,0,False,0.0,0.0,0.0,0.0,0.0,0.0,0.0,100.0,100.0,Inactive
2020-11-15,0.0,0.0,0.0,0,0,False,0.0,0.0,0.0,0.0,0.0,0.0,0.0,100.0,100.0,Inactive
2020-11-16,0.0,0.0,0.0,0,0,False,0.0,0.0,0.0,0.0,0.0,0.0,0.0,100.0,100.0,Inactive
2020-11-17,0.0,0.0,0.0,0,0,False,0.0,0.0,0.0,0.0,0.0,0.0,0.0,100.0,100.0,Inactive
2020-11-18,0.0,0.0,0.0,0,0,False,0.0,0.0,0.0,0.0,0.0,0.0,0.0,100.0,100.0,Inactive
2020-11-19,0.0,0.0,0.0,0,0,False,0.0,0.0,0.0,0.0,0.0,0.0,0.0,100.0,100.0,Inactive
2020-11-20,0.0,0.0,0.0,0,0,False,0.0,0.0,0.0,0.0,0.0,0.0,0.0,100.0,100.0,Inactive
2020-11-21,0.0,0.0,0.0,0,0,False,0.0,0.0,0.0,0.0,0.0,0.0,0.0,100.0,100.0,Inactive
2020-11-22,0.0,0.0,0.0,0,0,False,0.0,0.0,0.0,0.0,0.0,0.0,0.0,100.0,100.0,Inactive
2020-11-23,0.0,0.0,0.0,0,0,False,0.0,0.0,0.0,0.0,0.0,0.0,0.0,100.0,100.0,Inactive
2020-11-24,0.0,0.0,0.0,0,0,False,0.0,0.0,0.0,0.0,0.0,0.0,0.0,100.0,100.0,Inactive
2020-11-25,0.0,0.0,0.0,0,0,False,0.0,0.0,0.0,0.0,0.0,0.0,0.0,100.0,100.0,Inactive
2020-11-26,0.0,0.0,0.0,0,0,False,0.0,0.0,0.0,0.0,0.0,0.0,0.0,100.0,100.0,Inactive
2020-11-27,0.0,0.0,0.0,0,0,False,0.0,0.0,0.0,0.0,0.0,0.0,0.0,100.0,100.0,Inactive
2020-11-28,0.0,0.0,0.0,0,0,False,0.0,0.0,0.0,0.0,0.0,0.0,0.0,100.0,100.0,Inactive
2020-11-29,0.0,0.0,0.0,0,0,False,0.0,0.0,0.0,0.0,0.0,0.0,0.0,100.0,100.0,Inactive
2020-11-30,0.0,0.0,0.0,0,0,False,0.0,0.0,0.0,0.0,0.0,0.0,0.0,100.0,100.0,Inactive
2020-12-01,0.0,0.0,0.0,0,0,False,0.0,0.0,0.0,0.0,0.0,0.0,0.0,100.0,100.0,Inactive
2020-12-02,0.0,0.0,0.0,0,0,False,0.0,0.0,0.0,0.0,0.0,0.0,0.0,100.0,100.0,Inactive
2020-12-03,0.0,0.0,0.0,0,0,False,0.0,0.0,0.0,0.0,0.0,0.0,0.0,100.0,100.0,Inactive
2020-12-04,0.0,0.0,0.0,0,0,False,0.0,0.0,0.0,0.0,0.0,0.0,0.0,100.0,100.0,Inactive
2020-12-05,0.0,0.0,0.0,0,0,False,0.0,0.0,0.0,0.0,0.0,0.0,0.0,100.0,100.0,Inactive
2020-12-06,0.0,0.0,0.0,0,0,False,0.0,0.0,0.0,0.0,0.0,0.0,0.0,100.0,100.0,Inactive
2020-12-07,0.0,0.0,0.0,0,0,False,0.0,0.0,0.0,0.0,0.0,0.0,0.0,100.0,100.0,Inactive
2020-12-08,0.0,0.0,0.0,0,0,False,0.0,0.0,0.0,0.0,0.0,0.0,0.0,100.0,100.0,Inactive
2020-12-09,0.0,0.0,0.0,0,0,False,0.0,0.0,0.0,0.0,0.0,0.0,0.0,100.0,100.0,Inactive
2020-12-10,0.0,0.0,0.0,0,0,False,0.0,0.0,0.0,0.0,0.0,0.0,0.0,100.0,100.0,Inactive
2020-12-11,0.0,0.0,0.0,0,0,False,0.0,0.0,0.0,0.0,0.0,0.0,0.0,100.0,100.0,Inactive
2020-12-12,0.0,0.0,0.0,0,0,False,0.0,0.0,0.0,0.0,0.0,0.0,0.0,100.0,100.0,Inactive
2020-12-13,0.0,0.0,0.0,0,0,False,0.0,0.0,0.0,0.0,0.0,0.0,0.0,100.0,100.0,Inactive
2020-12-14,0.0,0.0,0.0,0,0,False,0.0,0.0,0.0,0.0,0.0,0.0,0.0,100.0,100.0,Inactive
2020-12-15,0.0,0.0,0.0,0,0,False,0.0,0.0,0.0,0.0,0.0,0.0,0.0,100.0,100.0,Inactive
2020-12-16,0.0,0.0,0.0,0,0,False,0.0,0.0,0.0,0.0,0.0,0.0,0.0,100.0,100.0,Inactive
2020-12-17,0.0,0.0,0.0,0,0,False,0.0,0.0,0.0,0.0,0.0,0.0,0.0,100.0,100.0,Inactive
2020-12-18,0.0,0.0,0.0,0,0,False,0.0,0.0,0.0,0.0,0.0,0.0,0.0,100.0,100.0,Inactive
2020-12-19,0.0,0.0,0.0,0,0,False,0.0,0.0,0.0,0.0,0.0,0.0,0.0,100.0,100.0,Inactive
2020-12-20,0.0,0.0,0.0,0,0,False,0.0,0.0,0.0,0.0,0.0,0.0,0.0,100.0,100.0,Inactive
2020-12-21,0.0,0.0,0.0,0,0,False,0.0,0.0,0.0,0.0,0.0,0.0,0.0,100.0,100.0,Inactive
2020-12-22,0.0,0.0,0.0,0,0,False,0.0,0.0,0.0,0.0,0.0,0.0,0.0,100.0,100.0,Inactive
2020-12-23,0.0,0.0,0.0,0,0,False,0.0,0.0,0.0,0.0,0.0,0.0,0.0,100.0,100.0,Inactive
2020-12-24,0.0,0.0,0.0,0,0,False,0.0,0.0,0.0,0.0,0.0,0.0,0.0,100.0,100.0,Inactive
2020-12-25,0.0,0.0,0.0,0,0,False,0.0,0.0,0.0,0.0,0.0,0.0,0.0,100.0,100.0,Inactive
2020-12-26,0.0,0.0,0.0,0,0,False,0.0,0.0,0.0,0.0,0.0,0.0,0.0,100.0,100.0,Inactive
2020-12-27,0.0,0.0,0.0,0,0,False,0.0,0.0,0.0,0.0,0.0,0.0,0.0,100.0,100.0,Inactive
2020-12-28,0.0,0.0,0.0,0,0,False,0.0,0.0,0.0,0.0,0.0,0.0,0.0,100.0,100.0,Inactive
2020-12-29,0.0,0.0,0.0,0,0,False,0.0,0.0,0.0,0.0,0.0,0.0,0.0,100.0,100.0,Inactive
2020-12-30,0.0,0.0,0.0,0,0,False,0.0,0.0,0.0,0.0,0.0,0.0,0.0,100.0,100.0,Inactive
2020-12-31,0.0,0.0,0.0,0,0,False,0.0,0.0,0.0,0.0,0.0,0.0,0.0,100.0,100.0,Inactive
2021-01-01,0.0,0.0,0.0,0,0,False,0.0,0.0,0.0,0.0,0.0,0.0,0.0,100.0,100.0,Inactive
2021-01-02,0.0,0.0,0.0,0,0,False,0.0,0.0,0.0,0.0,0.0,0.0,0.0,100.0,100.0,Inactive
2021-01-03,0.0,0.0,0.0,0,0,False,0.0,0.0,0.0,0.0,0.0,0.0,0.0,100.0,100.0,Inactive
2021-01-04,0.0,0.0,0.0,0,0,False,0.0,0.0,0.0,0.0,0.0,0.0,0.0,100.0,100.0,Inactive
2021-01-05,0.0,0.0,0.0,0,0,False,0.0,0.0,0.0,0.0,0.0,0.0,0.0,100.0,100.0,Inactive
2021-01-06,0.0,0.0,0.0,0,0,False,0.0,0.0,0.0,0.0,0.0,0.0,0.0,100.0,100.0,Inactive
2021-01-07,0.0,0.0,0.0,0,0,False,0.0,0.0,0.0,0.0,0.0,0.0,0.0,100.0,100.0,Inactive
2021-01-08,0.0,0.0,0.0,0,0,False,0.0,0.0,0.0,0.0,0.0,0.0,0.0,100.0,100.0,Inactive
2021-01-09,0.0,0.0,0.0,0,0,False,0.0,0.0,0.0,0.0,0.0,0.0,0.0,100.0,100.0,Inactive
2021-01-10,0.0,0.0,0.0,0,0,False,0.0,0.0,0.0,0.0,0.0,0.0,0.0,100.0,100.0,Inactive
2021-01-11,0.0,0.0,0.0,0,0,False,0.0,0.0,0.0,0.0,0.0,0.0,0.0,100.0,100.0,Inactive
2021-01-12,0.0,0.0,0.0,0,0,False,0.0,0.0,0.0,0.0,0.0,0.0,0.0,100.0,100.0,Inactive
2021-01-13,0.0,0.0,0.0,0,0,False,0.0,0.0,0.0,0.0,0.0,0.0,0.0,100.0,100.0,Inactive
2021-01-14,0.0,0.0,0.0,0,0,False,0.0,0.0,0.0,0.0,0.0,0.0,0.0,100.0,100.0,Inactive
2021-01-15,0.0,0.0,0.0,0,0,False,0.0,0.0,0.0,0.0,0.0,0.0,0.0,100.0,100.0,Inactive
2021-01-16,0.0,0.0,0.0,0,0,False,0.0,0.0,0.0,0.0,0.0,0.0,0.0,100.0,100.0,Inactive
2021-01-17,0.0,0.0,0.0,0,0,False,0.0,0.0,0.0,0.0,0.0,0.0,0.0,100.0,100.0,Inactive
2021-01-18,0.0,0.0,0.0,0,0,False,0.0,0.0,0.0,0.0,0.0,0.0,0.0,100.0,100.0,Inactive
2021-01-19,0.0,0.0,0.0,0,0,False,0.0,0.0,0.0,0.0,0.0,0.0,0.0,100.0,100.0,Inactive
2021-01-20,0.0,0.0,0.0,0,0,False,0.0,0.0,0.0,0.0,0.0,0.0,0.0,100.0,100.0,Inactive
2021-01-21,0.0,0.0,0.0,0,0,False,0.0,0.0,0.0,0.0,0.0,0.0,0.0,100.0,100.0,Inactive
2021-01-22,0.0,0.0,0.0,0,0,False,0.0,0.0,0.0,0.0,0.0,0.0,0.0,100.0,100.0,Inactive
2021-01-23,0.0,0.0,0.0,0,0,False,0.0,0.0,0.0,0.0,0.0,0.0,0.0,100.0,100.0,Inactive
2021-01-24,0.0,0.0,0.0,0,0,False,0.0,0.0,0.0,0.0,0.0,0.0,0.0,100.0,100.0,Inactive
2021-01-25,0.0,0.0,0.0,0,0,False,0.0,0.0,0.0,0.0,0.0,0.0,0.0,100.0,100.0,Inactive
2021-01-26,0.0,0.0,0.0,0,0,False,0.0,0.0,0.0,0.0,0.0,0.0,0.0,100.0,100.0,Inactive
2021-01-27,0.0,0.0,0.0,0,0,False,0.0,0.0,0.0,0.0,0.0,0.0,0.0,100.0,100.0,Inactive
2021-01-28,0.0,0.0,0.0,0,0,False,0.0,0.0,0.0,0.0,0.0,0.0,0.0,100.0,100.0,Inactive
2021-01-29,0.0,0.0,0.0,0,0,False,0.0,0.0,0.0,0.0,0.0,0.0,0.0,100.0,100.0,Inactive
2021-01-30,0.0,0.0,0.0,0,0,False,0.0,0.0,0.0,0.0,0.0,0.0,0.0,100.0,100.0,Inactive
2021-01-31,0.0,0.0,0.0,0,0,False,0.0,0.0,0.0,0.0,0.0,0.0,0.0,100.0,100.0,Inactive
2021-02-01,0.0,0.0,0.0,0,0,False,0.0,0.0,0.0,0.0,0.0,0.0,0.0,100.0,100.0,Inactive
2021-02-02,0.0,0.0,0.0,0,0,False,0.0,0.0,0.0,0.0,0.0,0.0,0.0,100.0,100.0,Inactive
2021-02-03,0.0,0.0,0.0,0,0,False,0.0,0.0,0.0,0.0,0.0,0.0,0.0,100.0,100.0,Inactive
2021-02-04,0.0,0.0,0.0,0,0,False,0.0,0.0,0.0,0.0,0.0,0.0,0.0,100.0,100.0,Inactive
2021-02-05,0.0,0.0,0.0,0,0,False,0.0,0.0,0.0,0.0,0.0,0.0,0.0,100.0,100.0,Inactive
2021-02-06,0.0,0.0,0.0,0,0,False,0.0,0.0,0.0,0.0,0.0,0.0,0.0,100.0,100.0,Inactive
2021-02-07,0.0,0.0,0.0,0,0,False,0.0,0.0,0.0,0.0,0.0,0.0,0.0,100.0,100.0,Inactive
2021-02-08,0.0,0.0,0.0,0,0,False,0.0,0.0,0.0,0.0,0.0,0.0,0.0,100.0,100.0,Inactive
2021-02-09,0.0,0.0,0.0,4,8,True,0.0,0.0,0.0,0.0,0.0,0.0,0.0,100.0,100.0,Normal
2021-02-10,0.0,0.0,0.0,5,10,True,0.0,0.0,0.0,0.0,0.0,0.0,0.0,100.0,100.0,Normal
2021-02-11,0.0,0.0,0.0,9,16,True,0.0,0.0,0.0,0.0,0.0,0.0,0.0,100.0,100.0,Normal
2021-02-12,0.0,0.0,0.0,12,22,True,0.0,0.0,0.0,0.0,0.0,0.0,0.0,100.0,100.0,Normal
2021-02-13,0.0,0.0,0.0,9,18,True,0.0,0.0,0.0,0.0,0.0,0.0,0.0,100.0,100.0,Normal
2021-02-14,0.0,0.0,0.0,11,22,True,0.0,0.0,0.0,0.0,0.0,0.0,0.0,100.0,100.0,Normal
2021-02-15,0.0,0.0,0.0,6,10,True,0.0,0.0,0.0,0.0,0.0,0.0,0.0,100.0,100.0,Normal
2021-02-16,0.0,0.0,0.0,9,8,True,0.0,0.0,0.0,0.0,0.0,0.0,0.0,100.0,100.0,Normal
2021-02-17,0.0,0.0,0.0,10,10,True,0.0,0.0,0.0,0.0,0.0,0.0,0.0,100.0,100.0,Normal
2021-02-18,0.0,0.0,0.0,5,8,True,0.0,0.0,0.0,0.0,0.0,0.0,0.0,100.0,100.0,Normal
2021-02-19,0.0,0.0,0.0,3,4,True,0.0,0.0,0.0,0.0,0.0,0.0,0.0,100.0,100.0,Normal
2021-02-20,0.0,0.0,0.0,3,4,True,0.0,0.0,0.0,0.0,0.0,0.0,0.0,100.0,100.0,Normal
2021-02-21,0.0,0.0,0.0,2,4,True,0.0,0.0,0.0,0.0,0.0,0.0,0.0,100.0,100.0,Normal
2021-02-22,0.0,0.0,0.0,2,4,True,0.0,0.0,0.0,0.0,0.0,0.0,0.0,100.0,100.0,Normal
2021-02-23,0.0,0.0,0.0,2,4,True,0.0,0.0,0.0,0.0,0.0,0.0,0.0,100.0,100.0,Normal
2021-02-24,0.0,0.0,0.0,2,4,True,0.0,0.0,0.0,0.0,0.0,0.0,0.0,100.0,100.0,Normal
2021-02-25,0.0,0.0,0.0,2,4,True,0.0,0.0,0.0,0.0,0.0,0.0,0.0,100.0,100.0,Normal
2021-02-26,0.0,0.0,0.0,3,6,True,0.0,0.0,0.0,0.0,0.0,0.0,0.0,100.0,100.0,Normal
2021-02-27,0.0,0.0,0.0,3,6,True,0.0,0.0,0.0,0.0,0.0,0.0,0.0,100.0,100.0,Normal
2021-02-28,0.0,0.0,0.0,4,8,True,0.0,0.0,0.0,0.0,0.0,0.0,0.0,100.0,100.0,Normal
2021-03-01,0.0,0.0,0.0,4,8,True,0.0,0.0,0.0,0.0,0.0,0.0,0.0,100.0,100.0,Normal
2021-03-02,0.0,0.0,0.0,4,8,True,0.0,0.0,0.0,0.0,0.0,0.0,0.0,100.0,100.0,Normal
2021-03-03,0.0,0.0,0.0,4,8,True,0.0,0.0,0.0,0.0,0.0,0.0,0.0,100.0,100.0,Normal
2021-03-04,0.0,0.0,0.0,4,8,True,0.0,0.0,0.0,0.0,0.0,0.0,0.0,100.0,100.0,Normal
2021-03-05,0.0,0.0,0.0,4,8,True,0.0,0.0,0.0,0.0,0.0,0.0,0.0,100.0,100.0,Normal
2021-03-06,0.0,0.0,0.0,3,6,True,0.0,0.0,0.0,0.0,0.0,0.0,0.0,100.0,100.0,Normal
2021-03-07,0.0,0.0,0.0,2,4,True,0.0,0.0,0.0,0.0,0.0,0.0,0.0,100.0,100.0,Normal
2021-03-08,0.0,0.0,0.0,2,4,True,0.0,0.0,0.0,0.0,0.0,0.0,0.0,100.0,100.0,Normal
2021-03-09,0.0,0.0,0.0,2,4,True,0.0,0.0,0.0,0.0,0.0,0.0,0.0,100.0,100.0,Normal
2021-03-10,0.0,0.0,0.0,2,4,True,0.0,0.0,0.0,0.0,0.0,0.0,0.0,100.0,100.0,Normal
2021-03-11,0.0,0.0,0.0,2,4,True,0.0,0.0,0.0,0.0,0.0,0.0,0.0,100.0,100.0,Normal
2021-03-12,0.0,0.0,0.0,2,4,True,0.0,0.0,0.0,0.0,0.0,0.0,0.0,100.0,100.0,Normal
2021-03-13,0.0,0.0,0.0,2,4,True,0.0,0.0,0.0,0.0,0.0,0.0,0.0,100.0,100.0,Normal
2021-03-14,0.0,0.0,0.0,2,4,True,0.0,0.0,0.0,0.0,0.0,0.0,0.0,100.0,100.0,Normal
2021-03-15,0.0,0.0,0.0,3,6,True,0.0,0.0,0.0,0.0,0.0,0.0,0.0,100.0,100.0,Normal
2021-03-16,0.0,0.0,0.0,3,6,True,0.0,0.0,0.0,0.0,0.0,0.0,0.0,100.0,100.0,Normal
2021-03-17,0.0,0.0,0.0,4,8,True,0.0,0.0,0.0,0.0,0.0,0.0,0.0,100.0,100.0,Normal
2021-03-18,0.0,0.0,0.0,4,8,True,0.0,0.0,0.0,0.0,0.0,0.0,0.0,100.0,100.0,Normal
2021-03-19,0.0,0.0,0.0,4,8,True,0.0,0.0,0.0,0.0,0.0,0.0,0.0,100.0,100.0,Normal
2021-03-20,0.0,0.0,0.0,4,8,True,0.0,0.0,0.0,0.0,0.0,0.0,0.0,100.0,100.0,Normal
2021-03-21,0.0,0.0,0.0,4,8,True,0.0,0.0,0.0,0.0,0.0,0.0,0.0,100.0,100.0,Normal
2021-03-22,0.0,0.0,0.0,3,6,True,0.0,0.0,0.0,0.0,0.0,0.0,0.0,100.0,100.0,Normal
2021-03-23,0.0,0.0,0.0,6,6,True,0.0,0.0,0.0,0.0,0.0,0.0,0.0,100.0,100.0,Normal
2021-03-24,0.0,0.0,0.0,2,4,True,0.0,0.0,0.0,0.0,0.0,0.0,0.0,100.0,100.0,Normal
2021-03-25,0.0,0.0,0.0,2,4,True,0.0,0.0,0.0,0.0,0.0,0.0,0.0,100.0,100.0,Normal
2021-03-26,0.0,0.0,0.0,3,6,True,0.0,0.0,0.0,0.0,0.0,0.0,0.0,100.0,100.0,Normal
2021-03-27,0.0,0.0,0.0,2,4,True,0.0,0.0,0.0,0.0,0.0,0.0,0.0,100.0,100.0,Normal
2021-03-28,0.0,0.0,0.0,2,4,True,0.0,0.0,0.0,0.0,0.0,0.0,0.0,100.0,100.0,Normal
2021-03-29,0.0,0.0,0.0,2,4,True,0.0,0.0,0.0,0.0,0.0,0.0,0.0,100.0,100.0,Normal
2021-03-30,0.0,0.0,0.0,2,4,True,0.0,0.0,0.0,0.0,0.0,0.0,0.0,100.0,100.0,Normal
2021-03-31,0.0,0.0,0.0,2,4,True,0.0,0.0,0.0,0.0,0.0,0.0,0.0,100.0,100.0,Normal
2021-04-01,0.0,0.0,0.0,3,6,True,0.0,0.0,0.0,0.0,0.0,0.0,0.0,100.0,100.0,Normal
2021-04-02,0.0,0.0,0.0,4,8,True,0.0,0.0,0.0,0.0,0.0,0.0,0.0,100.0,100.0,Normal
2021-04-03,0.0,0.0,0.0,4,8,True,0.0,0.0,0.0,0.0,0.0,0.0,0.0,100.0,100.0,Normal
2021-04-04,0.0,0.0,0.0,4,8,True,0.0,0.0,0.0,0.0,0.0,0.0,0.0,100.0,100.0,Normal
2021-04-05,0.0,0.0,0.0,4,8,True,0.0,0.0,0.0,0.0,0.0,0.0,0.0,100.0,100.0,Normal
2021-04-06,0.0,0.0,0.0,4,8,True,0.0,0.0,0.0,0.0,0.0,0.0,0.0,100.0,100.0,Normal
2021-04-07,0.0,0.0,0.0,4,8,True,0.0,0.0,0.0,0.0,0.0,0.0,0.0,100.0,100.0,Normal
2021-04-08,0.0,0.0,0.0,3,6,True,0.0,0.0,0.0,0.0,0.0,0.0,0.0,100.0,100.0,Normal
2021-04-09,0.0,0.0,0.0,2,4,True,0.0,0.0,0.0,0.0,0.0,0.0,0.0,100.0,100.0,Normal
2021-04-10,0.0,0.0,0.0,2,4,True,0.0,0.0,0.0,0.0,0.0,0.0,0.0,100.0,100.0,Normal
2021-04-11,0.0,0.0,0.0,2,4,True,0.0,0.0,0.0,0.0,0.0,0.0,0.0,100.0,100.0,Normal
2021-04-12,0.0,0.0,0.0,2,4,True,0.0,0.0,0.0,0.0,0.0,0.0,0.0,100.0,100.0,Normal
2021-04-13,0.0,0.0,0.0,2,4,True,0.0,0.0,0.0,0.0,0.0,0.0,0.0,100.0,100.0,Normal
2021-04-14,0.0,0.0,0.0,2,4,True,0.0,0.0,0.0,0.0,0.0,0.0,0.0,100.0,100.0,Normal
2021-04-15,0.0,0.0,0.0,2,4,True,0.0,0.0,0.0,0.0,0.0,0.0,0.0,100.0,100.0,Normal
2021-04-16,0.0,0.0,0.0,2,4,True,0.0,0.0,0.0,0.0,0.0,0.0,0.0,100.0,100.0,Normal
2021-04-17,0.0,0.0,0.0,2,4,True,0.0,0.0,0.0,0.0,0.0,0.0,0.0,100.0,100.0,Normal
2021-04-18,0.0,0.0,0.0,3,6,True,0.0,0.0,0.0,0.0,0.0,0.0,0.0,100.0,100.0,Normal
2021-04-19,0.0,0.0,0.0,4,8,True,0.0,0.0,0.0,0.0,0.0,0.0,0.0,100.0,100.0,Normal
2021-04-20,0.0,0.0,0.0,4,8,True,0.0,0.0,0.0,0.0,0.0,0.0,0.0,100.0,100.0,Normal
2021-04-21,0.0,0.0,0.0,5,10,True,0.0,0.0,0.0,0.0,0.0,0.0,0.0,100.0,100.0,Normal
2021-04-22,0.0,0.0,0.0,4,8,True,0.0,0.0,0.0,0.0,0.0,0.0,0.0,100.0,100.0,Normal
2021-04-23,0.0,0.0,0.0,4,8,True,0.0,0.0,0.0,0.0,0.0,0.0,0.0,100.0,100.0,Normal
2021-04-24,0.0,0.0,0.0,3,6,True,0.0,0.0,0.0,0.0,0.0,0.0,0.0,100.0,100.0,Normal
2021-04-25,0.0,0.0,0.0,1,2,True,0.0,0.0,0.0,0.0,0.0,0.0,0.0,100.0,100.0,Normal
2021-04-26,0.0,0.0,0.0,3,4,True,0.0,0.0,0.0,0.0,0.0,0.0,0.0,100.0,100.0,Normal
2021-04-27,0.0,0.0,0.0,2,4,True,0.0,0.0,0.0,0.0,0.0,0.0,0.0,100.0,100.0,Normal
2021-04-28,0.0,0.0,0.0,2,4,True,0.0,0.0,0.0,0.0,0.0,0.0,0.0,100.0,100.0,Normal
2021-04-29,0.0,0.0,0.0,2,4,True,0.0,0.0,0.0,0.0,0.0,0.0,0.0,100.0,100.0,Normal
2021-04-30,0.0,0.0,0.0,2,4,True,0.0,0.0,0.0,0.0,0.0,0.0,0.0,100.0,100.0,Normal
2021-05-01,0.0,0.0,0.0,2,4,True,0.0,0.0,0.0,0.0,0.0,0.0,0.0,100.0,100.0,Normal
2021-05-02,0.0,0.0,0.0,2,4,True,0.0,0.0,0.0,0.0,0.0,0.0,0.0,100.0,100.0,Normal
2021-05-03,0.0,0.0,0.0,2,4,True,0.0,0.0,0.0,0.0,0.0,0.0,0.0,100.0,100.0,Normal
2021-05-04,0.0,0.0,0.0,3,6,True,0.0,0.0,0.0,0.0,0.0,0.0,0.0,100.0,100.0,Normal
2021-05-05,0.0,0.0,0.0,4,8,True,0.0,0.0,0.0,0.0,0.0,0.0,0.0,100.0,100.0,Normal
2021-05-06,0.0,0.0,0.0,4,8,True,0.0,0.0,0.0,0.0,0.0,0.0,0.0,100.0,100.0,Normal
2021-05-07,0.0,0.0,0.0,4,8,True,0.0,0.0,0.0,0.0,0.0,0.0,0.0,100.0,100.0,Normal
2021-05-08,0.0,0.0,0.0,4,8,True,0.0,0.0,0.0,0.0,0.0,0.0,0.0,100.0,100.0,Normal
2021-05-09,0.0,0.0,0.0,4,8,True,0.0,0.0,0.0,0.0,0.0,0.0,0.0,100.0,100.0,Normal
2021-05-10,0.0,0.0,0.0,4,8,True,0.0,0.0,0.0,0.0,0.0,0.0,0.0,100.0,100.0,Normal
2021-05-11,0.0,0.0,0.0,3,6,True,0.0,0.0,0.0,0.0,0.0,0.0,0.0,100.0,100.0,Normal
2021-05-12,0.0,0.0,0.0,6,12,True,0.0,0.0,0.0,0.0,0.0,0.0,0.0,100.0,100.0,Normal
2021-05-13,0.0,0.0,0.0,6,14,True,0.0,0.0,0.0,0.0,0.0,0.0,0.0,100.0,100.0,Normal
2021-05-14,0.0,0.0,0.0,10,20,True,0.0,0.0,0.0,0.0,0.0,0.0,0.0,100.0,100.0,Normal
2021-05-15,0.0,0.0,0.0,7,12,True,0.0,0.0,0.0,0.0,0.0,0.0,0.0,100.0,100.0,Normal
2021-05-16,0.0,0.0,0.0,9,20,True,0.0,0.0,0.0,0.0,0.0,0.0,0.0,100.0,100.0,Normal
2021-05-17,0.0,0.0,0.0,7,14,True,0.0,0.0,0.0,0.0,0.0,0.0,0.0,100.0,100.0,Normal
2021-05-18,0.0,0.0,0.0,8,16,True,0.0,0.0,0.0,0.0,0.0,0.0,0.0,100.0,100.0,Normal
2021-05-19,0.0,0.0,0.0,9,16,True,0.0,0.0,0.0,0.0,0.0,0.0,0.0,100.0,100.0,Normal
2021-05-20,0.0,0.0,0.0,7,14,True,0.0,0.0,0.0,0.0,0.0,0.0,0.0,100.0,100.0,Normal
2021-05-21,0.0,0.0,0.0,10,20,True,0.0,0.0,0.0,0.0,0.0,0.0,0.0,100.0,100.0,Normal
2021-05-22,0.0,0.0,0.0,1,0,False,0.0,0.0,0.0,0.0,0.0,0.0,0.0,100.0,100.0,Inactive
2021-05-23,0.0,0.0,0.0,11,22,True,0.0,0.0,0.0,0.0,0.0,0.0,0.0,100.0,100.0,Normal
2021-05-24,0.0,0.0,0.0,8,16,True,0.0,0.0,0.0,0.0,0.0,0.0,0.0,100.0,100.0,Normal
2021-05-25,0.0,0.0,0.0,11,20,True,0.0,0.0,0.0,0.0,0.0,0.0,0.0,100.0,100.0,Normal
2021-05-26,0.0,0.0,0.0,10,20,True,0.0,0.0,0.0,0.0,0.0,0.0,0.0,100.0,100.0,Normal
2021-05-27,0.0,0.0,0.0,9,18,True,0.0,0.0,0.0,0.0,0.0,0.0,0.0,100.0,100.0,Normal
2021-05-28,0.0,0.0,0.0,10,20,True,0.0,0.0,0.0,0.0,0.0,0.0,0.0,100.0,100.0,Normal
2021-05-29,0.0,0.0,0.0,7,14,True,0.0,0.0,0.0,0.0,0.0,0.0,0.0,100.0,100.0,Normal
2021-05-30,0.0,0.0,0.0,10,20,True,0.0,0.0,0.0,0.0,0.0,0.0,0.0,100.0,100.0,Normal
2021-05-31,0.0,0.0,0.0,4,6,True,0.0,0.0,0.0,0.0,0.0,0.0,0.0,100.0,100.0,Normal
2021-06-01,0.0,0.0,0.0,5,8,True,0.0,0.0,0.0,0.0,0.0,0.0,0.0,100.0,100.0,Normal
2021-06-02,0.0,0.0,0.0,7,14,True,0.0,0.0,0.0,0.0,0.0,0.0,0.0,100.0,100.0,Normal
2021-06-03,0.0,0.0,0.0,8,15,True,0.0,0.0,0.0,0.0,0.0,0.0,0.0,100.0,100.0,Normal
2021-06-04,0.0,0.0,0.0,9,18,True,0.0,0.0,0.0,0.0,0.0,0.0,0.0,100.0,100.0,Normal
2021-06-05,0.0,0.0,0.0,7,14,True,0.0,0.0,0.0,0.0,0.0,0.0,0.0,100.0,100.0,Normal
2021-06-06,0.0,0.0,0.0,10,20,True,0.0,0.0,0.0,0.0,0.0,0.0,0.0,100.0,100.0,Normal
2021-06-07,0.0,0.0,0.0,8,16,True,0.0,0.0,0.0,0.0,0.0,0.0,0.0,100.0,100.0,Normal
2021-06-08,0.0,0.0,0.0,11,22,True,0.0,0.0,0.0,0.0,0.0,0.0,0.0,100.0,100.0,Normal
2021-06-09,0.0,0.0,0.0,11,22,True,0.0,0.0,0.0,0.0,0.0,0.0,0.0,100.0,100.0,Normal
2021-06-10,0.0,0.0,0.0,16,32,True,0.0,0.0,0.0,0.0,0.0,0.0,0.0,100.0,100.0,Normal
2021-06-11,2.0,0.0,2.0,14,27,True,0.2857142857142857,0.0,0.0,0.02564102564102564,0.0,0.0,0.01282051282051282,98.71794871794873,99.57264957264958,Normal
2021-06-12,0.0,0.0,0.0,13,26,True,0.2857142857142857,0.0,0.0571428571428571,0.02564102564102564,0.0,0.07055630936227947,0.026931774692968716,97.30682253070313,98.67492374955062,Normal
2021-06-13,0.0,0.0,0.0,14,28,True,0.2857142857142857,0.0,0.0483516483516483,0.02564102564102564,0.0,0.059701492537313376,0.024760811327975495,97.52391886720245,97.84956337195143,Normal
2021-06-14,0.0,0.0,0.0,10,20,True,0.2857142857142857,0.0,0.0395604395604395,0.02564102564102564,0.0,0.04884667571234729,0.02258984796298228,97.74101520370178,97.52391886720245,Normal
2021-06-15,0.0,0.0,0.0,13,26,True,0.2857142857142857,0.0,0.0307692307692307,0.02564102564102564,0.0,0.0379918588873812,0.02041888459798906,97.9581115402011,97.74101520370179,Normal
2021-06-16,0.0,0.0,0.0,9,18,True,0.2857142857142857,0.0,0.0219780219780219,0.02564102564102564,0.0,0.027137042062415104,0.01824792123299584,98.17520787670043,97.95811154020112,Normal
2021-06-17,0.0,0.0,0.0,14,28,True,0.2857142857142857,0.0,0.0131868131868131,0.02564102564102564,0.0,0.016282225237449013,0.016076957868002624,98.39230421319974,98.17520787670041,Normal
2021-06-18,0.0,0.0,0.0,9,18,True,0.0,0.0,0.0043956043956043,0.0,0.0,0.005427408412482922,0.0010854816824965843,99.89145183175035,98.81965464055016,Normal
2021-06-19,0.0,0.0,0.0,13,26,True,0.0,0.0,-0.0043956043956043,0.0,0.0,0.005427408412482922,0.0010854816824965843,99.89145183175035,99.39173595890014,Normal
2021-06-20,0.0,0.0,0.0,13,26,True,0.0,0.0,-0.0131868131868131,0.0,0.0,0.016282225237449013,0.0032564450474898026,99.67435549525102,99.81908638625056,Normal
2021-06-21,0.0,0.0,0.0,9,18,True,0.0,0.0,-0.0219780219780219,0.0,0.0,0.027137042062415104,0.005427408412483022,99.4572591587517,99.67435549525102,Normal
2021-06-22,0.0,0.0,0.0,13,26,True,0.0,0.0,-0.0307692307692307,0.0,0.0,0.0379918588873812,0.00759837177747624,99.24016282225237,99.4572591587517,Normal
2021-06-23,0.0,0.0,0.0,9,20,True,0.0,0.0,-0.0395604395604395,0.0,0.0,0.04884667571234729,0.009769335142469459,99.02306648575305,99.24016282225239,Normal
2021-06-24,0.0,0.0,0.0,16,31,True,0.0,0.0,-0.0483516483516483,0.0,0.0,0.059701492537313376,0.011940298507462676,98.80597014925372,99.02306648575306,Normal
2021-06-25,0.0,0.0,0.0,10,20,True,0.0,0.0,-0.0571428571428571,0.0,0.0,0.07055630936227947,0.014111261872455894,98.5888738127544,98.80597014925372,Normal
2021-06-26,0.0,0.0,0.0,15,30,True,0.0,0.0,0.0,0.0,0.0,0.0,0.0,100.0,99.1316146540027,Normal
2021-06-27,0.0,0.0,0.0,13,26,True,0.0,0.0,0.0,0.0,0.0,0.0,0.0,100.0,99.52962460425147,Normal
2021-06-28,0.0,0.0,0.0,13,26,True,0.0,0.0,0.0,0.0,0.0,0.0,0.0,100.0,100.0,Normal
2021-06-29,0.0,0.0,0.0,15,30,True,0.0,0.0,0.0,0.0,0.0,0.0,0.0,100.0,100.0,Normal
2021-06-30,0.0,0.0,0.0,10,20,True,0.0,0.0,0.0,0.0,0.0,0.0,0.0,100.0,100.0,Normal
2021-07-01,0.0,0.0,0.0,13,25,True,0.0,0.0,0.0,0.0,0.0,0.0,0.0,100.0,100.0,Normal
2021-07-02,0.0,0.0,0.0,8,16,True,0.0,0.0,0.0,0.0,0.0,0.0,0.0,100.0,100.0,Normal
2021-07-03,0.0,0.0,0.0,14,28,True,0.0,0.0,0.0,0.0,0.0,0.0,0.0,100.0,100.0,Normal
2021-07-04,0.0,0.0,0.0,9,18,True,0.0,0.0,0.0,0.0,0.0,0.0,0.0,100.0,100.0,Normal
2021-07-05,0.0,0.0,0.0,13,26,True,0.0,0.0,0.0,0.0,0.0,0.0,0.0,100.0,100.0,Normal
2021-07-06,0.0,0.0,0.0,13,26,True,0.0,0.0,0.0,0.0,0.0,0.0,0.0,100.0,100.0,Normal
2021-07-07,0.0,0.0,0.0,17,34,True,0.0,0.0,0.0,0.0,0.0,0.0,0.0,100.0,100.0,Normal
2021-07-08,0.0,0.0,0.0,19,38,True,0.0,0.0,0.0,0.0,0.0,0.0,0.0,100.0,100.0,Normal
2021-07-09,0.0,0.0,0.0,19,34,True,0.0,0.0,0.0,0.0,0.0,0.0,0.0,100.0,100.0,Normal
2021-07-10,0.0,0.0,0.0,22,44,True,0.0,0.0,0.0,0.0,0.0,0.0,0.0,100.0,100.0,Normal
2021-07-11,0.0,0.0,0.0,15,30,True,0.0,0.0,0.0,0.0,0.0,0.0,0.0,100.0,100.0,Normal
2021-07-12,0.0,0.0,0.0,23,46,True,0.0,0.0,0.0,0.0,0.0,0.0,0.0,100.0,100.0,Normal
2021-07-13,0.0,0.0,0.0,18,36,True,0.0,0.0,0.0,0.0,0.0,0.0,0.0,100.0,100.0,Normal
2021-07-14,0.0,0.0,0.0,19,38,True,0.0,0.0,0.0,0.0,0.0,0.0,0.0,100.0,100.0,Normal
2021-07-15,0.0,0.0,0.0,20,39,True,0.0,0.0,0.0,0.0,0.0,0.0,0.0,100.0,100.0,Normal
2021-07-16,0.0,0.0,0.0,14,28,True,0.0,0.0,0.0,0.0,0.0,0.0,0.0,100.0,100.0,Normal
2021-07-17,0.0,0.0,0.0,21,42,True,0.0,0.0,0.0,0.0,0.0,0.0,0.0,100.0,100.0,Normal
2021-07-18,0.0,0.0,0.0,13,26,True,0.0,0.0,0.0,0.0,0.0,0.0,0.0,100.0,100.0,Normal
2021-07-19,0.0,0.0,0.0,19,38,True,0.0,0.0,0.0,0.0,0.0,0.0,0.0,100.0,100.0,Normal
2021-07-20,0.0,0.0,0.0,14,28,True,0.0,0.0,0.0,0.0,0.0,0.0,0.0,100.0,100.0,Normal
2021-07-21,0.0,0.0,0.0,16,32,True,0.0,0.0,0.0,0.0,0.0,0.0,0.0,100.0,100.0,Normal
2021-07-22,0.0,0.0,0.0,19,38,True,0.0,0.0,0.0,0.0,0.0,0.0,0.0,100.0,100.0,Normal
2021-07-23,0.0,0.0,0.0,13,24,True,0.0,0.0,0.0,0.0,0.0,0.0,0.0,100.0,100.0,Normal
2021-07-24,0.0,0.0,0.0,18,36,True,0.0,0.0,0.0,0.0,0.0,0.0,0.0,100.0,100.0,Normal
2021-07-25,0.0,0.0,0.0,15,30,True,0.0,0.0,0.0,0.0,0.0,0.0,0.0,100.0,100.0,Normal
2021-07-26,0.0,0.0,0.0,18,36,True,0.0,0.0,0.0,0.0,0.0,0.0,0.0,100.0,100.0,Normal
2021-07-27,0.0,0.0,0.0,16,32,True,0.0,0.0,0.0,0.0,0.0,0.0,0.0,100.0,100.0,Normal
2021-07-28,0.0,0.0,0.0,22,44,True,0.0,0.0,0.0,0.0,0.0,0.0,0.0,100.0,100.0,Normal
2021-07-29,0.0,0.0,0.0,18,36,True,0.0,0.0,0.0,0.0,0.0,0.0,0.0,100.0,100.0,Normal
2021-07-30,0.0,0.0,0.0,20,40,True,0.0,0.0,0.0,0.0,0.0,0.0,0.0,100.0,100.0,Normal
2021-07-31,0.0,0.0,0.0,21,42,True,0.0,0.0,0.0,0.0,0.0,0.0,0.0,100.0,100.0,Normal
2021-08-01,0.0,0.0,0.0,19,38,True,0.0,0.0,0.0,0.0,0.0,0.0,0.0,100.0,100.0,Normal
2021-08-02,0.0,0.0,0.0,15,30,True,0.0,0.0,0.0,0.0,0.0,0.0,0.0,100.0,100.0,Normal
2021-08-03,0.0,0.0,0.0,9,18,True,0.0,0.0,0.0,0.0,0.0,0.0,0.0,100.0,100.0,Normal
2021-08-04,0.0,0.0,0.0,14,28,True,0.0,0.0,0.0,0.0,0.0,0.0,0.0,100.0,100.0,Normal
2021-08-05,0.0,0.0,0.0,9,18,True,0.0,0.0,0.0,0.0,0.0,0.0,0.0,100.0,100.0,Normal
2021-08-06,0.0,0.0,0.0,12,24,True,0.0,0.0,0.0,0.0,0.0,0.0,0.0,100.0,100.0,Normal
2021-08-07,0.0,0.0,0.0,13,26,True,0.0,0.0,0.0,0.0,0.0,0.0,0.0,100.0,100.0,Normal
2021-08-08,0.0,0.0,0.0,9,18,True,0.0,0.0,0.0,0.0,0.0,0.0,0.0,100.0,100.0,Normal
2021-08-09,0.0,0.0,0.0,13,26,True,0.0,0.0,0.0,0.0,0.0,0.0,0.0,100.0,100.0,Normal
2021-08-10,0.0,0.0,0.0,9,16,True,0.0,0.0,0.0,0.0,0.0,0.0,0.0,100.0,100.0,Normal
2021-08-11,0.0,0.0,0.0,14,28,True,0.0,0.0,0.0,0.0,0.0,0.0,0.0,100.0,100.0,Normal
2021-08-12,0.0,0.0,0.0,9,18,True,0.0,0.0,0.0,0.0,0.0,0.0,0.0,100.0,100.0,Normal
2021-08-13,0.0,0.0,0.0,16,32,True,0.0,0.0,0.0,0.0,0.0,0.0,0.0,100.0,100.0,Normal
2021-08-14,0.0,0.0,0.0,13,26,True,0.0,0.0,0.0,0.0,0.0,0.0,0.0,100.0,100.0,Normal
2021-08-15,0.0,0.0,0.0,13,26,True,0.0,0.0,0.0,0.0,0.0,0.0,0.0,100.0,100.0,Normal
2021-08-16,0.0,0.0,0.0,15,30,True,0.0,0.0,0.0,0.0,0.0,0.0,0.0,100.0,100.0,Normal
2021-08-17,0.0,0.0,0.0,11,22,True,0.0,0.0,0.0,0.0,0.0,0.0,0.0,100.0,100.0,Normal
2021-08-18,0.0,0.0,0.0,15,30,True,0.0,0.0,0.0,0.0,0.0,0.0,0.0,100.0,100.0,Normal
2021-08-19,0.0,0.0,0.0,10,20,True,0.0,0.0,0.0,0.0,0.0,0.0,0.0,100.0,100.0,Normal
2021-08-20,0.0,0.0,0.0,14,28,True,0.0,0.0,0.0,0.0,0.0,0.0,0.0,100.0,100.0,Normal
2021-08-21,0.0,0.0,0.0,9,18,True,0.0,0.0,0.0,0.0,0.0,0.0,0.0,100.0,100.0,Normal
2021-08-22,0.0,0.0,0.0,12,24,True,0.0,0.0,0.0,0.0,0.0,0.0,0.0,100.0,100.0,Normal
2021-08-23,0.0,0.0,0.0,13,26,True,0.0,0.0,0.0,0.0,0.0,0.0,0.0,100.0,100.0,Normal
2021-08-24,0.0,0.0,0.0,9,18,True,0.0,0.0,0.0,0.0,0.0,0.0,0.0,100.0,100.0,Normal
2021-08-25,0.0,0.0,0.0,13,26,True,0.0,0.0,0.0,0.0,0.0,0.0,0.0,100.0,100.0,Normal
2021-08-26,0.0,0.0,0.0,8,16,True,0.0,0.0,0.0,0.0,0.0,0.0,0.0,100.0,100.0,Normal
2021-08-27,0.0,0.0,0.0,14,28,True,0.0,0.0,0.0,0.0,0.0,0.0,0.0,100.0,100.0,Normal
2021-08-28,0.0,0.0,0.0,9,18,True,0.0,0.0,0.0,0.0,0.0,0.0,0.0,100.0,100.0,Normal
2021-08-29,0.0,0.0,0.0,15,30,True,0.0,0.0,0.0,0.0,0.0,0.0,0.0,100.0,100.0,Normal
2021-08-30,0.0,0.0,0.0,13,26,True,0.0,0.0,0.0,0.0,0.0,0.0,0.0,100.0,100.0,Normal
2021-08-31,0.0,0.0,0.0,13,26,True,0.0,0.0,0.0,0.0,0.0,0.0,0.0,100.0,100.0,Normal
2021-09-01,0.0,0.0,0.0,14,26,True,0.0,0.0,0.0,0.0,0.0,0.0,0.0,100.0,100.0,Normal
2021-09-02,0.0,0.0,0.0,11,22,True,0.0,0.0,0.0,0.0,0.0,0.0,0.0,100.0,100.0,Normal
2021-09-03,0.0,0.0,0.0,16,32,True,0.0,0.0,0.0,0.0,0.0,0.0,0.0,100.0,100.0,Normal
2021-09-04,0.0,0.0,0.0,10,20,True,0.0,0.0,0.0,0.0,0.0,0.0,0.0,100.0,100.0,Normal
2021-09-05,0.0,0.0,0.0,15,30,True,0.0,0.0,0.0,0.0,0.0,0.0,0.0,100.0,100.0,Normal
2021-09-06,0.0,0.0,0.0,9,18,True,0.0,0.0,0.0,0.0,0.0,0.0,0.0,100.0,100.0,Normal
2021-09-07,0.0,0.0,0.0,12,24,True,0.0,0.0,0.0,0.0,0.0,0.0,0.0,100.0,100.0,Normal
2021-09-08,0.0,0.0,0.0,13,26,True,0.0,0.0,0.0,0.0,0.0,0.0,0.0,100.0,100.0,Normal
2021-09-09,0.0,0.0,0.0,9,18,True,0.0,0.0,0.0,0.0,0.0,0.0,0.0,100.0,100.0,Normal
2021-09-10,0.0,0.0,0.0,13,26,True,0.0,0.0,0.0,0.0,0.0,0.0,0.0,100.0,100.0,Normal
2021-09-11,1.0,0.0,1.0,9,17,True,0.1428571428571428,0.0,0.0,0.012820512820512815,0.0,0.0,0.006410256410256407,99.35897435897436,99.78632478632478,Normal
2021-09-12,0.0,0.0,0.0,14,28,True,0.1428571428571428,0.0,0.0285714285714285,0.012820512820512815,0.0,0.03527815468113967,0.013465887346484342,98.65341126535156,99.33746187477531,Normal
2021-09-13,0.0,0.0,0.0,8,16,True,0.1428571428571428,0.0,0.0241758241758241,0.012820512820512815,0.0,0.029850746268656626,0.012380405663987733,98.76195943360123,98.92478168597573,Normal
2021-09-14,0.0,0.0,0.0,15,30,True,0.1428571428571428,0.0,0.0197802197802197,0.012820512820512815,0.0,0.02442333785617358,0.011294923981491123,98.87050760185089,98.76195943360123,Normal
2021-09-15,0.0,0.0,0.0,13,26,True,0.1428571428571428,0.0,0.0153846153846153,0.012820512820512815,0.0,0.018995929443690537,0.010209442298994516,98.97905577010054,98.87050760185089,Normal
2021-09-16,0.0,0.0,0.0,13,26,True,0.1428571428571428,0.0,0.0109890109890109,0.012820512820512815,0.0,0.01356852103120749,0.009123960616497905,99.08760393835021,98.97905577010056,Normal
2021-09-17,0.0,0.0,0.0,15,30,True,0.1428571428571428,0.0,0.0065934065934065,0.012820512820512815,0.0,0.008141112618724444,0.008038478934001296,99.19615210659987,99.08760393835023,Normal
2021-09-18,0.0,0.0,0.0,11,22,True,0.0,0.0,0.0021978021978021,0.0,0.0,0.002713704206241399,0.0005427408412482798,99.94572591587517,99.40982732027508,Normal
2021-09-19,0.0,0.0,0.0,16,32,True,0.0,0.0,-0.0021978021978021,0.0,0.0,0.002713704206241399,0.0005427408412482798,99.94572591587517,99.69586797945006,Normal
2021-09-20,0.0,0.0,0.0,11,22,True,0.0,0.0,-0.0065934065934065,0.0,0.0,0.008141112618724444,0.001628222523744889,99.83717774762552,99.90954319312529,Normal
2021-09-21,0.0,0.0,0.0,15,30,True,0.0,0.0,-0.0109890109890109,0.0,0.0,0.01356852103120749,0.002713704206241498,99.72862957937585,99.8371777476255,Normal
2021-09-22,0.0,0.0,0.0,10,20,True,0.0,0.0,-0.0153846153846153,0.0,0.0,0.018995929443690537,0.0037991858887381075,99.6200814111262,99.72862957937586,Normal
2021-09-23,0.0,0.0,0.0,12,24,True,0.0,0.0,-0.0197802197802197,0.0,0.0,0.02442333785617358,0.004884667571234716,99.51153324287652,99.6200814111262,Normal
2021-09-24,0.0,0.0,0.0,13,26,True,0.0,0.0,-0.0241758241758241,0.0,0.0,0.029850746268656626,0.005970149253731325,99.40298507462687,99.51153324287652,Normal
2021-09-25,0.0,0.0,0.0,9,18,True,0.0,0.0,-0.0285714285714285,0.0,0.0,0.03527815468113967,0.007055630936227935,99.2944369063772,99.40298507462687,Normal
2021-09-26,0.0,0.0,0.0,13,26,True,0.0,0.0,0.0,0.0,0.0,0.0,0.0,100.0,99.56580732700137,Normal
2021-09-27,0.0,0.0,0.0,8,16,True,0.0,0.0,0.0,0.0,0.0,0.0,0.0,100.0,99.76481230212573,Normal
2021-09-28,0.0,0.0,0.0,14,28,True,0.0,0.0,0.0,0.0,0.0,0.0,0.0,100.0,100.0,Normal
2021-09-29,0.0,0.0,0.0,8,16,True,0.0,0.0,0.0,0.0,0.0,0.0,0.0,100.0,100.0,Normal
2021-09-30,0.0,0.0,0.0,15,30,True,0.0,0.0,0.0,0.0,0.0,0.0,0.0,100.0,100.0,Normal
2021-10-01,0.0,0.0,0.0,12,24,True,0.0,0.0,0.0,0.0,0.0,0.0,0.0,100.0,100.0,Normal
2021-10-02,0.0,0.0,0.0,13,26,True,0.0,0.0,0.0,0.0,0.0,0.0,0.0,100.0,100.0,Normal
2021-10-03,0.0,0.0,0.0,15,30,True,0.0,0.0,0.0,0.0,0.0,0.0,0.0,100.0,100.0,Normal
2021-10-04,0.0,0.0,0.0,2,4,True,0.0,0.0,0.0,0.0,0.0,0.0,0.0,100.0,100.0,Normal
2021-10-05,0.0,0.0,0.0,0,0,False,0.0,0.0,0.0,0.0,0.0,0.0,0.0,100.0,100.0,Inactive
2021-10-06,0.0,0.0,0.0,0,0,False,0.0,0.0,0.0,0.0,0.0,0.0,0.0,100.0,100.0,Inactive
2021-10-07,0.0,0.0,0.0,0,0,False,0.0,0.0,0.0,0.0,0.0,0.0,0.0,100.0,100.0,Inactive
2021-10-08,0.0,0.0,0.0,0,0,False,0.0,0.0,0.0,0.0,0.0,0.0,0.0,100.0,100.0,Inactive
2021-10-09,0.0,0.0,0.0,0,0,False,0.0,0.0,0.0,0.0,0.0,0.0,0.0,100.0,100.0,Inactive
2021-10-10,0.0,0.0,0.0,0,0,False,0.0,0.0,0.0,0.0,0.0,0.0,0.0,100.0,100.0,Inactive
2021-10-11,0.0,0.0,0.0,0,0,False,0.0,0.0,0.0,0.0,0.0,0.0,0.0,100.0,100.0,Inactive
2021-10-12,0.0,0.0,0.0,0,0,False,0.0,0.0,0.0,0.0,0.0,0.0,0.0,100.0,100.0,Inactive
2021-10-13,0.0,0.0,0.0,0,0,False,0.0,0.0,0.0,0.0,0.0,0.0,0.0,100.0,100.0,Inactive
2021-10-14,0.0,0.0,0.0,0,0,False,0.0,0.0,0.0,0.0,0.0,0.0,0.0,100.0,100.0,Inactive
2021-10-15,0.0,0.0,0.0,0,0,False,0.0,0.0,0.0,0.0,0.0,0.0,0.0,100.0,100.0,Inactive
2021-10-16,0.0,0.0,0.0,0,0,False,0.0,0.0,0.0,0.0,0.0,0.0,0.0,100.0,100.0,Inactive
2021-10-17,0.0,0.0,0.0,0,0,False,0.0,0.0,0.0,0.0,0.0,0.0,0.0,100.0,100.0,Inactive
2021-10-18,0.0,0.0,0.0,0,0,False,0.0,0.0,0.0,0.0,0.0,0.0,0.0,100.0,100.0,Inactive
2021-10-19,0.0,0.0,0.0,0,0,False,0.0,0.0,0.0,0.0,0.0,0.0,0.0,100.0,100.0,Inactive
2021-10-20,0.0,0.0,0.0,0,0,False,0.0,0.0,0.0,0.0,0.0,0.0,0.0,100.0,100.0,Inactive
2021-10-21,0.0,0.0,0.0,0,0,False,0.0,0.0,0.0,0.0,0.0,0.0,0.0,100.0,100.0,Inactive
2021-10-22,0.0,0.0,0.0,0,0,False,0.0,0.0,0.0,0.0,0.0,0.0,0.0,100.0,100.0,Inactive
2021-10-23,0.0,0.0,0.0,0,0,False,0.0,0.0,0.0,0.0,0.0,0.0,0.0,100.0,100.0,Inactive
2021-10-24,0.0,0.0,0.0,0,0,False,0.0,0.0,0.0,0.0,0.0,0.0,0.0,100.0,100.0,Inactive
2021-10-25,0.0,0.0,0.0,0,0,False,0.0,0.0,0.0,0.0,0.0,0.0,0.0,100.0,100.0,Inactive
2021-10-26,0.0,0.0,0.0,0,0,False,0.0,0.0,0.0,0.0,0.0,0.0,0.0,100.0,100.0,Inactive
2021-10-27,0.0,0.0,0.0,0,0,False,0.0,0.0,0.0,0.0,0.0,0.0,0.0,100.0,100.0,Inactive
2021-10-28,0.0,0.0,0.0,19,36,True,0.0,0.0,0.0,0.0,0.0,0.0,0.0,100.0,100.0,Normal
2021-10-29,0.0,0.0,0.0,14,28,True,0.0,0.0,0.0,0.0,0.0,0.0,0.0,100.0,100.0,Normal
2021-10-30,0.0,0.0,0.0,22,44,True,0.0,0.0,0.0,0.0,0.0,0.0,0.0,100.0,100.0,Normal
2021-10-31,0.0,0.0,0.0,13,26,True,0.0,0.0,0.0,0.0,0.0,0.0,0.0,100.0,100.0,Normal
2021-11-01,0.0,0.0,0.0,21,42,True,0.0,0.0,0.0,0.0,0.0,0.0,0.0,100.0,100.0,Normal
2021-11-02,0.0,0.0,0.0,18,36,True,0.0,0.0,0.0,0.0,0.0,0.0,0.0,100.0,100.0,Normal
2021-11-03,0.0,0.0,0.0,15,30,True,0.0,0.0,0.0,0.0,0.0,0.0,0.0,100.0,100.0,Normal
2021-11-04,0.0,0.0,0.0,21,42,True,0.0,0.0,0.0,0.0,0.0,0.0,0.0,100.0,100.0,Normal
2021-11-05,0.0,0.0,0.0,14,28,True,0.0,0.0,0.0,0.0,0.0,0.0,0.0,100.0,100.0,Normal
2021-11-06,0.0,0.0,0.0,22,44,True,0.0,0.0,0.0,0.0,0.0,0.0,0.0,100.0,100.0,Normal
2021-11-07,0.0,0.0,0.0,17,34,True,0.0,0.0,0.0,0.0,0.0,0.0,0.0,100.0,100.0,Normal
2021-11-08,0.0,0.0,0.0,20,40,True,0.0,0.0,0.0,0.0,0.0,0.0,0.0,100.0,100.0,Normal
2021-11-09,0.0,0.0,0.0,7,14,True,0.0,0.0,0.0,0.0,0.0,0.0,0.0,100.0,100.0,Normal
2021-11-10,0.0,0.0,0.0,10,20,True,0.0,0.0,0.0,0.0,0.0,0.0,0.0,100.0,100.0,Normal
2021-11-11,0.0,0.0,0.0,8,16,True,0.0,0.0,0.0,0.0,0.0,0.0,0.0,100.0,100.0,Normal
2021-11-12,0.0,0.0,0.0,7,14,True,0.0,0.0,0.0,0.0,0.0,0.0,0.0,100.0,100.0,Normal
2021-11-13,0.0,0.0,0.0,9,18,True,0.0,0.0,0.0,0.0,0.0,0.0,0.0,100.0,100.0,Normal
2021-11-14,0.0,0.0,0.0,22,20,True,0.0,0.0,0.0,0.0,0.0,0.0,0.0,100.0,100.0,Normal
2021-11-15,0.0,0.0,0.0,10,20,True,0.0,0.0,0.0,0.0,0.0,0.0,0.0,100.0,100.0,Normal
2021-11-16,0.0,0.0,0.0,6,12,True,0.0,0.0,0.0,0.0,0.0,0.0,0.0,100.0,100.0,Normal
2021-11-17,0.0,0.0,0.0,9,18,True,0.0,0.0,0.0,0.0,0.0,0.0,0.0,100.0,100.0,Normal
2021-11-18,0.0,0.0,0.0,8,16,True,0.0,0.0,0.0,0.0,0.0,0.0,0.0,100.0,100.0,Normal
2021-11-19,0.0,0.0,0.0,9,18,True,0.0,0.0,0.0,0.0,0.0,0.0,0.0,100.0,100.0,Normal
2021-11-20,0.0,0.0,0.0,10,20,True,0.0,0.0,0.0,0.0,0.0,0.0,0.0,100.0,100.0,Normal
2021-11-21,0.0,0.0,0.0,8,16,True,0.0,0.0,0.0,0.0,0.0,0.0,0.0,100.0,100.0,Normal
2021-11-22,0.0,0.0,0.0,11,22,True,0.0,0.0,0.0,0.0,0.0,0.0,0.0,100.0,100.0,Normal
2021-11-23,0.0,0.0,0.0,9,18,True,0.0,0.0,0.0,0.0,0.0,0.0,0.0,100.0,100.0,Normal
2021-11-24,0.0,0.0,0.0,11,20,True,0.0,0.0,0.0,0.0,0.0,0.0,0.0,100.0,100.0,Normal
2021-11-25,0.0,0.0,0.0,6,12,True,0.0,0.0,0.0,0.0,0.0,0.0,0.0,100.0,100.0,Normal
2021-11-26,0.0,0.0,0.0,7,14,True,0.0,0.0,0.0,0.0,0.0,0.0,0.0,100.0,100.0,Normal
2021-11-27,0.0,0.0,0.0,7,14,True,0.0,0.0,0.0,0.0,0.0,0.0,0.0,100.0,100.0,Normal
2021-11-28,0.0,0.0,0.0,4,8,True,0.0,0.0,0.0,0.0,0.0,0.0,0.0,100.0,100.0,Normal
2021-11-29,0.0,0.0,0.0,6,12,True,0.0,0.0,0.0,0.0,0.0,0.0,0.0,100.0,100.0,Normal
2021-11-30,0.0,0.0,0.0,3,6,True,0.0,0.0,0.0,0.0,0.0,0.0,0.0,100.0,100.0,Normal
2021-12-01,0.0,0.0,0.0,6,12,True,0.0,0.0,0.0,0.0,0.0,0.0,0.0,100.0,100.0,Normal
2021-12-02,0.0,0.0,0.0,4,8,True,0.0,0.0,0.0,0.0,0.0,0.0,0.0,100.0,100.0,Normal
2021-12-03,0.0,0.0,0.0,6,12,True,0.0,0.0,0.0,0.0,0.0,0.0,0.0,100.0,100.0,Normal
2021-12-04,0.0,0.0,0.0,5,10,True,0.0,0.0,0.0,0.0,0.0,0.0,0.0,100.0,100.0,Normal
2021-12-05,0.0,0.0,0.0,5,10,True,0.0,0.0,0.0,0.0,0.0,0.0,0.0,100.0,100.0,Normal
2021-12-06,0.0,0.0,0.0,11,16,True,0.0,0.0,0.0,0.0,0.0,0.0,0.0,100.0,100.0,Normal
2021-12-07,0.0,0.0,0.0,24,32,True,0.0,0.0,0.0,0.0,0.0,0.0,0.0,100.0,100.0,Normal
2021-12-08,2.0,0.0,1.0,21,26,True,0.2857142857142857,0.0,0.0,0.02564102564102564,0.0,0.0,0.01282051282051282,98.71794871794873,99.57264957264958,Normal
2021-12-09,0.0,0.0,0.0,16,21,True,0.2857142857142857,0.0,0.0571428571428571,0.02564102564102564,0.0,0.07055630936227947,0.026931774692968716,97.30682253070313,98.67492374955062,Normal
2021-12-10,0.0,0.0,0.0,21,36,True,0.2857142857142857,0.0,0.0483516483516483,0.02564102564102564,0.0,0.059701492537313376,0.024760811327975495,97.52391886720245,97.84956337195143,Normal
2021-12-11,0.0,0.0,0.0,9,18,True,0.2857142857142857,0.0,0.0395604395604395,0.02564102564102564,0.0,0.04884667571234729,0.02258984796298228,97.74101520370178,97.52391886720245,Normal
2021-12-12,0.0,0.0,0.0,12,24,True,0.2857142857142857,0.0,0.0307692307692307,0.02564102564102564,0.0,0.0379918588873812,0.02041888459798906,97.9581115402011,97.74101520370176,Normal
2021-12-13,0.0,0.0,0.0,12,24,True,0.2857142857142857,0.0,0.0219780219780219,0.02564102564102564,0.0,0.027137042062415104,0.01824792123299584,98.17520787670043,97.9581115402011,Normal
2021-12-14,0.0,0.0,0.0,9,16,True,0.2857142857142857,0.0,0.0131868131868131,0.02564102564102564,0.0,0.016282225237449013,0.016076957868002624,98.39230421319974,98.17520787670043,Normal
2021-12-15,0.0,0.0,0.0,12,22,True,0.0,0.0,0.0043956043956043,0.0,0.0,0.005427408412482922,0.0010854816824965843,99.89145183175035,98.81965464055016,Normal
2021-12-16,0.0,0.0,0.0,9,18,True,0.0,0.0,-0.0043956043956043,0.0,0.0,0.005427408412482922,0.0010854816824965843,99.89145183175035,99.39173595890014,Normal
2021-12-17,0.0,0.0,0.0,14,28,True,0.0,0.0,-0.0131868131868131,0.0,0.0,0.016282225237449013,0.0032564450474898026,99.67435549525102,99.81908638625056,Normal
2021-12-18,0.0,0.0,0.0,8,16,True,0.0,0.0,-0.0219780219780219,0.0,0.0,0.027137042062415104,0.005427408412483022,99.4572591587517,99.67435549525102,Normal
2021-12-19,0.0,0.0,0.0,14,28,True,0.0,0.0,-0.0307692307692307,0.0,0.0,0.0379918588873812,0.00759837177747624,99.24016282225237,99.4572591587517,Normal
2021-12-20,0.0,0.0,0.0,11,22,True,0.0,0.0,-0.0395604395604395,0.0,0.0,0.04884667571234729,0.009769335142469459,99.02306648575305,99.24016282225237,Normal
2021-12-21,0.0,0.0,0.0,11,22,True,0.0,0.0,-0.0483516483516483,0.0,0.0,0.059701492537313376,0.011940298507462676,98.80597014925372,99.02306648575306,Normal
2021-12-22,0.0,0.0,0.0,12,24,True,0.0,0.0,-0.0571428571428571,0.0,0.0,0.07055630936227947,0.014111261872455894,98.5888738127544,98.80597014925372,Normal
2021-12-23,0.0,0.0,0.0,10,18,True,0.0,0.0,0.0,0.0,0.0,0.0,0.0,100.0,99.13161465400272,Normal
2021-12-24,0.0,0.0,0.0,12,24,True,0.0,0.0,0.0,0.0,0.0,0.0,0.0,100.0,99.52962460425147,Normal
2021-12-25,0.0,0.0,0.0,11,22,True,0.0,0.0,0.0,0.0,0.0,0.0,0.0,100.0,100.0,Normal
2021-12-26,0.0,0.0,0.0,13,24,True,0.0,0.0,0.0,0.0,0.0,0.0,0.0,100.0,100.0,Normal
2021-12-27,0.0,0.0,0.0,11,22,True,0.0,0.0,0.0,0.0,0.0,0.0,0.0,100.0,100.0,Normal
2021-12-28,0.0,0.0,0.0,14,22,True,0.0,0.0,0.0,0.0,0.0,0.0,0.0,100.0,100.0,Normal
2021-12-29,0.0,0.0,0.0,12,22,True,0.0,0.0,0.0,0.0,0.0,0.0,0.0,100.0,100.0,Normal
2021-12-30,0.0,0.0,0.0,12,22,True,0.0,0.0,0.0,0.0,0.0,0.0,0.0,100.0,100.0,Normal
2021-12-31,0.0,0.0,0.0,12,24,True,0.0,0.0,0.0,0.0,0.0,0.0,0.0,100.0,100.0,Normal
2022-01-01,0.0,0.0,0.0,8,14,True,0.0,0.0,0.0,0.0,0.0,0.0,0.0,100.0,100.0,Normal
2022-01-02,0.0,0.0,0.0,12,22,True,0.0,0.0,0.0,0.0,0.0,0.0,0.0,100.0,100.0,Normal
2022-01-03,0.0,0.0,0.0,8,16,True,0.0,0.0,0.0,0.0,0.0,0.0,0.0,100.0,100.0,Normal
2022-01-04,0.0,0.0,0.0,12,24,True,0.0,0.0,0.0,0.0,0.0,0.0,0.0,100.0,100.0,Normal
2022-01-05,0.0,0.0,0.0,10,20,True,0.0,0.0,0.0,0.0,0.0,0.0,0.0,100.0,100.0,Normal
2022-01-06,0.0,0.0,0.0,11,20,True,0.0,0.0,0.0,0.0,0.0,0.0,0.0,100.0,100.0,Normal
2022-01-07,0.0,0.0,0.0,12,24,True,0.0,0.0,0.0,0.0,0.0,0.0,0.0,100.0,100.0,Normal
2022-01-08,0.0,0.0,0.0,12,24,True,0.0,0.0,0.0,0.0,0.0,0.0,0.0,100.0,100.0,Normal
2022-01-09,0.0,0.0,0.0,15,30,True,0.0,0.0,0.0,0.0,0.0,0.0,0.0,100.0,100.0,Normal
2022-01-10,0.0,0.0,0.0,29,54,True,0.0,0.0,0.0,0.0,0.0,0.0,0.0,100.0,100.0,Normal
2022-01-11,0.0,0.0,0.0,15,30,True,0.0,0.0,0.0,0.0,0.0,0.0,0.0,100.0,100.0,Normal
2022-01-12,0.0,0.0,0.0,13,20,True,0.0,0.0,0.0,0.0,0.0,0.0,0.0,100.0,100.0,Normal
2022-01-13,0.0,0.0,0.0,13,22,True,0.0,0.0,0.0,0.0,0.0,0.0,0.0,100.0,100.0,Normal
2022-01-14,0.0,0.0,0.0,15,28,True,0.0,0.0,0.0,0.0,0.0,0.0,0.0,100.0,100.0,Normal
2022-01-15,0.0,0.0,0.0,10,20,True,0.0,0.0,0.0,0.0,0.0,0.0,0.0,100.0,100.0,Normal
2022-01-16,0.0,0.0,0.0,11,22,True,0.0,0.0,0.0,0.0,0.0,0.0,0.0,100.0,100.0,Normal
2022-01-17,0.0,0.0,0.0,10,20,True,0.0,0.0,0.0,0.0,0.0,0.0,0.0,100.0,100.0,Normal
2022-01-18,0.0,0.0,0.0,13,26,True,0.0,0.0,0.0,0.0,0.0,0.0,0.0,100.0,100.0,Normal
2022-01-19,0.0,0.0,0.0,10,20,True,0.0,0.0,0.0,0.0,0.0,0.0,0.0,100.0,100.0,Normal
2022-01-20,0.0,0.0,0.0,14,28,True,0.0,0.0,0.0,0.0,0.0,0.0,0.0,100.0,100.0,Normal
2022-01-21,0.0,0.0,0.0,11,22,True,0.0,0.0,0.0,0.0,0.0,0.0,0.0,100.0,100.0,Normal
2022-01-22,0.0,0.0,0.0,11,22,True,0.0,0.0,0.0,0.0,0.0,0.0,0.0,100.0,100.0,Normal
2022-01-23,0.0,0.0,0.0,12,24,True,0.0,0.0,0.0,0.0,0.0,0.0,0.0,100.0,100.0,Normal
2022-01-24,0.0,0.0,0.0,11,22,True,0.0,0.0,0.0,0.0,0.0,0.0,0.0,100.0,100.0,Normal
2022-01-25,0.0,0.0,0.0,13,26,True,0.0,0.0,0.0,0.0,0.0,0.0,0.0,100.0,100.0,Normal
2022-01-26,0.0,0.0,0.0,11,22,True,0.0,0.0,0.0,0.0,0.0,0.0,0.0,100.0,100.0,Normal
2022-01-27,0.0,0.0,0.0,14,26,True,0.0,0.0,0.0,0.0,0.0,0.0,0.0,100.0,100.0,Normal
2022-01-28,0.0,0.0,0.0,11,22,True,0.0,0.0,0.0,0.0,0.0,0.0,0.0,100.0,100.0,Normal
2022-01-29,0.0,0.0,0.0,13,26,True,0.0,0.0,0.0,0.0,0.0,0.0,0.0,100.0,100.0,Normal
2022-01-30,0.0,0.0,0.0,14,28,True,0.0,0.0,0.0,0.0,0.0,0.0,0.0,100.0,100.0,Normal
2022-01-31,0.0,0.0,0.0,12,24,True,0.0,0.0,0.0,0.0,0.0,0.0,0.0,100.0,100.0,Normal
2022-02-01,0.0,0.0,0.0,13,24,True,0.0,0.0,0.0,0.0,0.0,0.0,0.0,100.0,100.0,Normal
2022-02-02,0.0,0.0,0.0,9,18,True,0.0,0.0,0.0,0.0,0.0,0.0,0.0,100.0,100.0,Normal
2022-02-03,0.0,0.0,0.0,13,26,True,0.0,0.0,0.0,0.0,0.0,0.0,0.0,100.0,100.0,Normal
2022-02-04,0.0,0.0,0.0,14,14,True,0.0,0.0,0.0,0.0,0.0,0.0,0.0,100.0,100.0,Normal
2022-02-05,0.0,0.0,0.0,11,22,True,0.0,0.0,0.0,0.0,0.0,0.0,0.0,100.0,100.0,Normal
2022-02-06,0.0,0.0,0.0,10,20,True,0.0,0.0,0.0,0.0,0.0,0.0,0.0,100.0,100.0,Normal
2022-02-07,0.0,0.0,0.0,10,20,True,0.0,0.0,0.0,0.0,0.0,0.0,0.0,100.0,100.0,Normal
2022-02-08,0.0,0.0,0.0,10,20,True,0.0,0.0,0.0,0.0,0.0,0.0,0.0,100.0,100.0,Normal
2022-02-09,0.0,0.0,0.0,10,20,True,0.0,0.0,0.0,0.0,0.0,0.0,0.0,100.0,100.0,Normal
2022-02-10,0.0,0.0,0.0,12,24,True,0.0,0.0,0.0,0.0,0.0,0.0,0.0,100.0,100.0,Normal
2022-02-11,0.0,0.0,0.0,13,26,True,0.0,0.0,0.0,0.0,0.0,0.0,0.0,100.0,100.0,Normal
2022-02-12,0.0,0.0,0.0,16,32,True,0.0,0.0,0.0,0.0,0.0,0.0,0.0,100.0,100.0,Normal
2022-02-13,0.0,0.0,0.0,14,28,True,0.0,0.0,0.0,0.0,0.0,0.0,0.0,100.0,100.0,Normal
2022-02-14,0.0,0.0,0.0,13,26,True,0.0,0.0,0.0,0.0,0.0,0.0,0.0,100.0,100.0,Normal
2022-02-15,0.0,0.0,0.0,14,26,True,0.0,0.0,0.0,0.0,0.0,0.0,0.0,100.0,100.0,Normal
2022-02-16,0.0,0.0,0.0,11,21,True,0.0,0.0,0.0,0.0,0.0,0.0,0.0,100.0,100.0,Normal
2022-02-17,0.0,0.0,0.0,12,22,True,0.0,0.0,0.0,0.0,0.0,0.0,0.0,100.0,100.0,Normal
2022-02-18,0.0,0.0,0.0,10,20,True,0.0,0.0,0.0,0.0,0.0,0.0,0.0,100.0,100.0,Normal
2022-02-19,0.0,0.0,0.0,10,20,True,0.0,0.0,0.0,0.0,0.0,0.0,0.0,100.0,100.0,Normal
2022-02-20,0.0,0.0,0.0,9,18,True,0.0,0.0,0.0,0.0,0.0,0.0,0.0,100.0,100.0,Normal
2022-02-21,0.0,0.0,0.0,13,26,True,0.0,0.0,0.0,0.0,0.0,0.0,0.0,100.0,100.0,Normal
2022-02-22,0.0,0.0,0.0,9,18,True,0.0,0.0,0.0,0.0,0.0,0.0,0.0,100.0,100.0,Normal
2022-02-23,0.0,0.0,0.0,20,36,True,0.0,0.0,0.0,0.0,0.0,0.0,0.0,100.0,100.0,Normal
2022-02-24,0.0,0.0,0.0,16,32,True,0.0,0.0,0.0,0.0,0.0,0.0,0.0,100.0,100.0,Normal
2022-02-25,0.0,0.0,0.0,11,20,True,0.0,0.0,0.0,0.0,0.0,0.0,0.0,100.0,100.0,Normal
2022-02-26,0.0,0.0,0.0,18,36,True,0.0,0.0,0.0,0.0,0.0,0.0,0.0,100.0,100.0,Normal
2022-02-27,0.0,0.0,0.0,13,26,True,0.0,0.0,0.0,0.0,0.0,0.0,0.0,100.0,100.0,Normal
2022-02-28,0.0,0.0,0.0,15,24,True,0.0,0.0,0.0,0.0,0.0,0.0,0.0,100.0,100.0,Normal
2022-03-01,0.0,0.0,0.0,14,28,True,0.0,0.0,0.0,0.0,0.0,0.0,0.0,100.0,100.0,Normal
2022-03-02,1.0,0.0,1.0,16,31,True,0.1428571428571428,0.0,0.0,0.012820512820512815,0.0,0.0,0.006410256410256407,99.35897435897436,99.78632478632478,Normal
2022-03-03,0.0,0.0,0.0,8,14,True,0.1428571428571428,0.0,0.0285714285714285,0.012820512820512815,0.0,0.03527815468113967,0.013465887346484342,98.65341126535156,99.33746187477531,Normal
2022-03-04,1.0,0.0,1.0,8,15,True,0.2857142857142857,0.0,0.0241758241758241,0.02564102564102564,0.0,0.029850746268656626,0.018790662074244145,98.12093379257558,98.7111064723005,Normal
2022-03-05,0.0,0.0,0.0,7,14,True,0.2857142857142857,0.0,0.0483516483516483,0.02564102564102564,0.0,0.059701492537313376,0.024760811327975495,97.52391886720245,98.09942130837653,Normal
2022-03-06,0.0,0.0,0.0,7,13,True,0.2857142857142857,0.0,0.0395604395604395,0.02564102564102564,0.0,0.04884667571234729,0.02258984796298228,97.74101520370178,97.7952892878266,Normal
2022-03-07,0.0,0.0,0.0,17,30,True,0.2857142857142857,0.0,0.0307692307692307,0.02564102564102564,0.0,0.0379918588873812,0.02041888459798906,97.9581115402011,97.74101520370179,Normal
2022-03-08,0.0,0.0,0.0,11,22,True,0.2857142857142857,0.0,0.0219780219780219,0.02564102564102564,0.0,0.027137042062415104,0.01824792123299584,98.17520787670043,97.95811154020112,Normal
2022-03-09,0.0,0.0,0.0,16,32,True,0.1428571428571428,0.0,0.0131868131868131,0.012820512820512815,0.0,0.016282225237449013,0.00966670145774621,99.03332985422539,98.38888309037564,Normal
2022-03-10,0.0,0.0,0.0,12,26,True,0.1428571428571428,0.0,0.0043956043956043,0.012820512820512815,0.0,0.005427408412482922,0.007495738092752992,99.25042619072471,98.81965464055018,Normal
2022-03-11,0.0,0.0,0.0,12,22,True,0.0,0.0,-0.0043956043956043,0.0,0.0,0.005427408412482922,0.0010854816824965843,99.89145183175035,99.39173595890014,Normal
2022-03-12,0.0,0.0,0.0,14,28,True,0.0,0.0,-0.0131868131868131,0.0,0.0,0.016282225237449013,0.0032564450474898026,99.67435549525102,99.60541117257537,Normal
2022-03-13,0.0,0.0,0.0,11,22,True,0.0,0.0,-0.0219780219780219,0.0,0.0,0.027137042062415104,0.005427408412483022,99.4572591587517,99.674355495251,Normal
2022-03-14,0.0,0.0,0.0,14,26,True,0.0,0.0,-0.0307692307692307,0.0,0.0,0.0379918588873812,0.00759837177747624,99.24016282225237,99.4572591587517,Normal
2022-03-15,0.0,0.0,0.0,16,30,True,0.0,0.0,-0.0395604395604395,0.0,0.0,0.04884667571234729,0.009769335142469459,99.02306648575305,99.24016282225237,Normal
2022-03-16,0.0,0.0,0.0,19,38,True,0.0,0.0,-0.0483516483516483,0.0,0.0,0.059701492537313376,0.011940298507462676,98.80597014925372,99.02306648575306,Normal
2022-03-17,0.0,0.0,0.0,16,32,True,0.0,0.0,-0.0241758241758241,0.0,0.0,0.029850746268656626,0.005970149253731325,99.40298507462687,99.07734056987788,Normal
2022-03-18,0.0,0.0,0.0,17,34,True,0.0,0.0,-0.0285714285714285,0.0,0.0,0.03527815468113967,0.007055630936227935,99.2944369063772,99.1677973767526,Normal
2022-03-19,0.0,0.0,0.0,18,36,True,0.0,0.0,0.0,0.0,0.0,0.0,0.0,100.0,99.56580732700137,Normal
2022-03-20,0.0,0.0,0.0,16,32,True,0.0,0.0,0.0,0.0,0.0,0.0,0.0,100.0,99.76481230212573,Normal
2022-03-21,0.0,0.0,0.0,18,36,True,0.0,0.0,0.0,0.0,0.0,0.0,0.0,100.0,100.0,Normal
2022-03-22,3.0,0.0,2.0,13,23,True,0.4285714285714285,0.0,0.0,0.03846153846153846,0.0,0.0,0.01923076923076923,98.07692307692307,99.35897435897435,Normal
2022-03-23,0.0,0.0,0.0,14,28,True,0.4285714285714285,0.0,0.0857142857142857,0.03846153846153846,0.0,0.10583446404341927,0.04039766203945308,95.9602337960547,98.01238562432592,Normal
2022-03-24,0.0,0.0,0.0,10,18,True,0.4285714285714285,0.0,0.0725274725274725,0.03846153846153846,0.0,0.08955223880597013,0.03714121699196325,96.28587830080367,96.77434505792714,Normal
2022-03-25,0.0,0.0,0.0,16,32,True,0.4285714285714285,0.0,0.0593406593406593,0.03846153846153846,0.0,0.07327001356852099,0.033884771944473424,96.61152280555265,96.28587830080369,Normal
2022-03-26,1.0,0.0,1.0,13,25,True,0.5714285714285714,0.0,0.0461538461538461,0.05128205128205128,0.0,0.056987788331071855,0.03703858330724001,96.296141669276,96.39784759187745,Normal
2022-03-27,0.0,0.0,0.0,13,26,True,0.5714285714285714,0.0,0.0615384615384615,0.05128205128205128,0.0,0.07598371777476251,0.040837769195978146,95.91622308040219,96.27462918507695,Normal
2022-03-28,0.0,0.0,0.0,15,30,True,0.5714285714285714,0.0,0.0439560439560439,0.05128205128205128,0.0,0.05427408412483033,0.036495842465991704,96.35041575340082,96.18759350102634,Normal
2022-03-29,0.0,0.0,0.0,11,22,True,0.1428571428571428,0.0,0.0263736263736263,0.012820512820512815,0.0,0.03256445047489815,0.012923146505236037,98.70768534947639,96.99144139442647,Normal
2022-03-30,0.0,0.0,0.0,16,32,True,0.1428571428571428,0.0,0.0087912087912087,0.012820512820512815,0.0,0.010854816824965967,0.008581219775249602,99.14187802247504,98.06665970845074,Normal
2022-03-31,0.0,0.0,0.0,27,42,True,0.1428571428571428,0.0,-0.0087912087912087,0.012820512820512815,0.0,0.010854816824965967,0.008581219775249602,99.14187802247504,98.9971471314755,Normal
2022-04-01,0.0,0.0,0.0,20,38,True,0.1428571428571428,0.0,-0.0263736263736263,0.012820512820512815,0.0,0.03256445047489815,0.012923146505236037,98.70768534947639,98.9971471314755,Normal
2022-04-02,0.0,0.0,0.0,14,28,True,0.0,0.0,-0.0439560439560439,0.0,0.0,0.05427408412483033,0.010854816824966066,98.9145183175034,98.92136056315161,Normal
2022-04-03,0.0,0.0,0.0,17,32,True,0.0,0.0,-0.0615384615384615,0.0,0.0,0.07598371777476251,0.015196743554952503,98.48032564450475,98.70084310382818,Normal
2022-04-04,0.0,0.0,0.0,16,32,True,0.0,0.0,-0.0791208791208791,0.0,0.0,0.0976933514246947,0.01953867028493894,98.04613297150611,98.48032564450476,Normal
2022-04-05,2.0,0.0,1.0,22,36,True,0.2857142857142857,0.0,-0.0967032967032967,0.02564102564102564,0.0,0.11940298507462689,0.0367011098354382,96.32988901645618,97.61878254415568,Normal
2022-04-06,2.0,0.0,1.0,21,38,True,0.5714285714285714,0.0,0.0417582417582417,0.05128205128205128,0.0,0.051560379918588806,0.035953101624743404,96.40468983752567,96.92690394182932,Normal
2022-04-07,0.0,0.0,0.0,14,28,True,0.5714285714285714,0.0,0.0857142857142857,0.05128205128205128,0.0,0.10583446404341927,0.046807918449709496,95.31920815502906,96.01792900300364,Normal
2022-04-08,1.0,0.0,1.0,17,33,True,0.7142857142857143,0.0,0.0637362637362637,0.06410256410256411,0.0,0.07869742198100405,0.04779076644748287,95.22092335525171,95.64827378260213,Normal
2022-04-09,0.0,0.0,0.0,12,24,True,0.7142857142857143,0.0,0.0703296703296703,0.06410256410256411,0.0,0.08683853459972861,0.049418988971227776,95.05810110287723,95.19941087105265,Normal
2022-04-10,0.0,0.0,0.0,18,36,True,0.7142857142857143,0.0,0.0769230769230769,0.06410256410256411,0.0,0.09497964721845317,0.05104721149497269,94.89527885050273,95.05810110287723,Normal
2022-04-11,0.0,0.0,0.0,12,22,True,0.7142857142857143,0.0,0.0549450549450549,0.06410256410256411,0.0,0.06784260515603795,0.04561980308248965,95.43801969175104,95.130466548377,Normal
2022-04-12,0.0,0.0,0.0,5,10,True,0.4285714285714285,0.0,0.0329670329670329,0.03846153846153846,0.0,0.040705563093622714,0.02737188184949377,97.26281181505063,95.86537011910146,Normal
2022-04-13,0.0,0.0,0.0,4,8,True,0.1428571428571428,0.0,0.0109890109890109,0.012820512820512815,0.0,0.01356852103120749,0.009123960616497905,99.08760393835021,97.26281181505063,Normal
2022-04-14,0.0,0.0,0.0,4,8,True,0.1428571428571428,0.0,-0.0109890109890109,0.012820512820512815,0.0,0.01356852103120749,0.009123960616497905,99.08760393835021,98.47933989725034,Normal
2022-04-15,0.0,0.0,0.0,4,8,True,0.0,0.0,-0.0329670329670329,0.0,0.0,0.040705563093622714,0.008141112618724543,99.18588873812755,99.120365538276,Normal
2022-04-16,0.0,0.0,0.0,4,8,True,0.0,0.0,-0.0549450549450549,0.0,0.0,0.06784260515603795,0.01356852103120759,98.64314789687924,98.97221352445233,Normal
2022-04-17,0.0,0.0,0.0,5,10,True,0.0,0.0,-0.0769230769230769,0.0,0.0,0.09497964721845317,0.018995929443690635,98.10040705563094,98.64314789687926,Normal
2022-04-18,0.0,0.0,0.0,7,14,True,0.0,0.0,-0.0989010989010989,0.0,0.0,0.1221166892808684,0.02442333785617368,97.55766621438264,98.10040705563092,Normal
2022-04-19,0.0,0.0,0.0,7,14,True,0.0,0.0,-0.1208791208791209,0.0,0.0,0.14925373134328362,0.029850746268656726,97.01492537313433,97.55766621438265,Normal
2022-04-20,0.0,0.0,0.0,8,16,True,0.0,0.0,-0.0769230769230769,0.0,0.0,0.09497964721845317,0.018995929443690635,98.10040705563094,97.55766621438262,Normal
2022-04-21,0.0,0.0,0.0,8,16,True,0.0,0.0,-0.0241758241758241,0.0,0.0,0.029850746268656626,0.005970149253731325,99.40298507462687,98.17277250113072,Normal
2022-04-22,0.0,0.0,0.0,8,16,True,0.0,0.0,-0.0285714285714285,0.0,0.0,0.03527815468113967,0.007055630936227935,99.2944369063772,98.93260967887834,Normal
2022-04-23,0.0,0.0,0.0,7,14,True,0.0,0.0,0.0,0.0,0.0,0.0,0.0,100.0,99.56580732700137,Normal
2022-04-24,0.0,0.0,0.0,6,12,True,0.0,0.0,0.0,0.0,0.0,0.0,0.0,100.0,99.76481230212573,Normal
2022-04-25,0.0,0.0,0.0,4,8,True,0.0,0.0,0.0,0.0,0.0,0.0,0.0,100.0,100.0,Normal
2022-04-26,0.0,0.0,0.0,4,8,True,0.0,0.0,0.0,0.0,0.0,0.0,0.0,100.0,100.0,Normal
2022-04-27,0.0,0.0,0.0,4,8,True,0.0,0.0,0.0,0.0,0.0,0.0,0.0,100.0,100.0,Normal
2022-04-28,1.0,13.168,1.0,6,8,True,0.1428571428571428,1.881142857142857,0.0,0.012820512820512815,0.011619390829081682,0.0,0.009896073658980912,99.0103926341019,99.67013087803396,Normal
2022-04-29,0.0,0.0,0.0,5,10,True,0.1428571428571428,1.881142857142857,0.0285714285714285,0.012820512820512815,0.011619390829081682,0.03527815468113967,0.016951704595208845,98.3048295404791,99.10507405819367,Normal
2022-04-30,0.0,0.0,0.0,5,10,True,0.1428571428571428,1.881142857142857,0.0241758241758241,0.012820512820512815,0.011619390829081682,0.029850746268656626,0.01586622291271224,98.41337770872877,98.57619996110327,Normal
2022-05-01,1.0,0.0,1.0,7,13,True,0.2857142857142857,1.881142857142857,0.0197802197802197,0.02564102564102564,0.011619390829081682,0.02442333785617358,0.02119099764047204,97.8809002359528,98.19970249505356,Normal
2022-05-02,0.0,0.0,0.0,6,12,True,0.2857142857142857,1.881142857142857,0.0439560439560439,0.02564102564102564,0.011619390829081682,0.05427408412483033,0.02716114689420339,97.28388531057966,97.85938775175374,Normal
2022-05-03,0.0,0.0,0.0,7,14,True,0.2857142857142857,1.881142857142857,0.0351648351648351,0.02564102564102564,0.011619390829081682,0.04341926729986424,0.024990183529210175,97.50098164707899,97.55525573120381,Normal
2022-05-04,0.0,0.0,0.0,6,12,True,0.2857142857142857,1.881142857142857,0.0263736263736263,0.02564102564102564,0.011619390829081682,0.03256445047489815,0.022819220164216954,97.7180779835783,97.50098164707897,Normal
2022-05-05,0.0,0.0,0.0,9,16,True,0.1428571428571428,0.0,0.0175824175824175,0.012820512820512815,0.0,0.02170963364993206,0.01075218314024282,98.92478168597572,98.04794710554434,Normal
2022-05-06,0.0,0.0,0.0,6,12,True,0.1428571428571428,0.0,0.0087912087912087,0.012820512820512815,0.0,0.010854816824965967,0.008581219775249602,99.14187802247504,98.59491256400968,Normal
2022-05-07,1.0,0.0,1.0,7,13,True,0.2857142857142857,0.0,8.540177112501206e-19,0.02564102564102564,0.0,1.0544859121270148e-18,0.01282051282051282,98.71794871794873,98.92820280879982,Normal
2022-05-08,0.0,0.0,0.0,6,12,True,0.1428571428571428,0.0,0.0197802197802197,0.012820512820512815,0.0,0.02442333785617358,0.011294923981491123,98.87050760185089,98.91011144742488,Normal
2022-05-09,0.0,0.0,0.0,6,12,True,0.1428571428571428,0.0,0.0065934065934065,0.012820512820512815,0.0,0.008141112618724444,0.008038478934001296,99.19615210659987,98.92820280879982,Normal
2022-05-10,0.0,0.0,0.0,6,12,True,0.1428571428571428,0.0,-0.0065934065934065,0.012820512820512815,0.0,0.008141112618724444,0.008038478934001296,99.19615210659987,99.0876039383502,Normal
2022-05-11,0.0,0.0,0.0,6,12,True,0.1428571428571428,0.0,-0.0197802197802197,0.012820512820512815,0.0,0.02442333785617358,0.011294923981491123,98.87050760185089,99.08760393835023,Normal
2022-05-12,0.0,0.0,0.0,5,10,True,0.1428571428571428,0.0,-0.0329670329670329,0.012820512820512815,0.0,0.040705563093622714,0.014551369028980951,98.54486309710191,98.87050760185089,Normal
2022-05-13,0.0,0.0,0.0,6,12,True,0.1428571428571428,0.0,-0.0131868131868131,0.012820512820512815,0.0,0.016282225237449013,0.00966670145774621,99.03332985422539,98.81623351772606,Normal
2022-05-14,0.0,0.0,0.0,6,12,True,0.0,0.0,-0.0219780219780219,0.0,0.0,0.027137042062415104,0.005427408412483022,99.4572591587517,99.01181737002634,Normal
2022-05-15,0.0,0.0,0.0,6,12,True,0.0,0.0,-0.0307692307692307,0.0,0.0,0.0379918588873812,0.00759837177747624,99.24016282225237,99.24358394507648,Normal
2022-05-16,0.0,0.0,0.0,5,10,True,0.0,0.0,-0.0065934065934065,0.0,0.0,0.008141112618724444,0.001628222523744889,99.83717774762552,99.51153324287652,Normal
2022-05-17,1.0,0.0,1.0,4,7,True,0.1428571428571428,0.0,-0.0109890109890109,0.012820512820512815,0.0,0.01356852103120749,0.009123960616497905,99.08760393835021,99.38831483607605,Normal
2022-05-18,0.0,0.0,0.0,5,8,True,0.1428571428571428,0.0,0.0131868131868131,0.012820512820512815,0.0,0.016282225237449013,0.00966670145774621,99.03332985422539,99.31937051340037,Normal
2022-05-19,0.0,0.0,0.0,4,8,True,0.1428571428571428,0.0,0.0043956043956043,0.012820512820512815,0.0,0.005427408412482922,0.007495738092752992,99.25042619072471,99.1237866611001,Normal
2022-05-20,0.0,0.0,0.0,6,10,True,0.1428571428571428,0.0,-0.0043956043956043,0.012820512820512815,0.0,0.005427408412482922,0.007495738092752992,99.25042619072471,99.17806074522493,Normal
2022-05-21,0.0,0.0,0.0,5,10,True,0.1428571428571428,0.0,-0.0131868131868131,0.012820512820512815,0.0,0.016282225237449013,0.00966670145774621,99.03332985422539,99.17806074522493,Normal
2022-05-22,0.0,0.0,0.0,7,14,True,0.1428571428571428,0.0,0.0109890109890109,0.012820512820512815,0.0,0.01356852103120749,0.009123960616497905,99.08760393835021,99.1237866611001,Normal
2022-05-23,0.0,0.0,0.0,7,14,True,0.1428571428571428,0.0,0.0065934065934065,0.012820512820512815,0.0,0.008141112618724444,0.008038478934001296,99.19615210659987,99.10569529972516,Normal
2022-05-24,0.0,0.0,0.0,8,16,True,0.0,0.0,0.0021978021978021,0.0,0.0,0.002713704206241399,0.0005427408412482798,99.94572591587517,99.4098273202751,Normal
2022-05-25,0.0,0.0,0.0,16,22,True,0.0,0.0,-0.0021978021978021,0.0,0.0,0.002713704206241399,0.0005427408412482798,99.94572591587517,99.69586797945006,Normal
2022-05-26,0.0,0.0,0.0,11,22,True,0.0,0.0,-0.0065934065934065,0.0,0.0,0.008141112618724444,0.001628222523744889,99.83717774762552,99.90954319312527,Normal
2022-05-27,1.0,0.0,1.0,10,19,True,0.1428571428571428,0.0,-0.0109890109890109,0.012820512820512815,0.0,0.01356852103120749,0.009123960616497905,99.08760393835021,99.62350253395032,Normal
2022-05-28,0.0,0.0,0.0,9,18,True,0.1428571428571428,0.0,0.0131868131868131,0.012820512820512815,0.0,0.016282225237449013,0.00966670145774621,99.03332985422539,99.31937051340037,Normal
2022-05-29,0.0,0.0,0.0,8,16,True,0.1428571428571428,0.0,0.0043956043956043,0.012820512820512815,0.0,0.005427408412482922,0.007495738092752992,99.25042619072471,99.1237866611001,Normal
2022-05-30,0.0,0.0,0.0,5,10,True,0.1428571428571428,0.0,-0.0043956043956043,0.012820512820512815,0.0,0.005427408412482922,0.007495738092752992,99.25042619072471,99.17806074522493,Normal
2022-05-31,0.0,0.0,0.0,8,16,True,0.1428571428571428,0.0,-0.0131868131868131,0.012820512820512815,0.0,0.016282225237449013,0.00966670145774621,99.03332985422539,99.17806074522495,Normal
2022-06-01,0.0,0.0,0.0,6,10,True,0.1428571428571428,0.0,0.0109890109890109,0.012820512820512815,0.0,0.01356852103120749,0.009123960616497905,99.08760393835021,99.1237866611001,Normal
2022-06-02,0.0,0.0,0.0,8,16,True,0.1428571428571428,0.0,0.0065934065934065,0.012820512820512815,0.0,0.008141112618724444,0.008038478934001296,99.19615210659987,99.10569529972516,Normal
2022-06-03,0.0,0.0,0.0,9,16,True,0.0,0.0,0.0021978021978021,0.0,0.0,0.002713704206241399,0.0005427408412482798,99.94572591587517,99.40982732027508,Normal
2022-06-04,0.0,0.0,0.0,9,18,True,0.0,0.0,-0.0021978021978021,0.0,0.0,0.002713704206241399,0.0005427408412482798,99.94572591587517,99.69586797945006,Normal
2022-06-05,0.0,0.0,0.0,9,14,True,0.0,0.0,-0.0065934065934065,0.0,0.0,0.008141112618724444,0.001628222523744889,99.83717774762552,99.90954319312529,Normal
2022-06-06,0.0,0.0,0.0,8,16,True,0.0,0.0,-0.0109890109890109,0.0,0.0,0.01356852103120749,0.002713704206241498,99.72862957937585,99.8371777476255,Normal
2022-06-07,0.0,0.0,0.0,11,22,True,0.0,0.0,-0.0153846153846153,0.0,0.0,0.018995929443690537,0.0037991858887381075,99.6200814111262,99.72862957937586,Normal
2022-06-08,0.0,0.0,0.0,9,16,True,0.0,0.0,-0.0197802197802197,0.0,0.0,0.02442333785617358,0.004884667571234716,99.51153324287652,99.6200814111262,Normal
2022-06-09,0.0,0.0,0.0,11,22,True,0.0,0.0,-0.0241758241758241,0.0,0.0,0.029850746268656626,0.005970149253731325,99.40298507462687,99.51153324287652,Normal
2022-06-10,0.0,0.0,0.0,10,16,True,0.0,0.0,-0.0285714285714285,0.0,0.0,0.03527815468113967,0.007055630936227935,99.2944369063772,99.40298507462687,Normal
2022-06-11,0.0,0.0,0.0,9,18,True,0.0,0.0,0.0,0.0,0.0,0.0,0.0,100.0,99.56580732700137,Normal
2022-06-12,0.0,0.0,0.0,10,18,True,0.0,0.0,0.0,0.0,0.0,0.0,0.0,100.0,99.76481230212573,Normal
2022-06-13,0.0,0.0,0.0,8,16,True,0.0,0.0,0.0,0.0,0.0,0.0,0.0,100.0,100.0,Normal
2022-06-14,0.0,0.0,0.0,10,18,True,0.0,0.0,0.0,0.0,0.0,0.0,0.0,100.0,100.0,Normal
2022-06-15,0.0,0.0,0.0,7,14,True,0.0,0.0,0.0,0.0,0.0,0.0,0.0,100.0,100.0,Normal
2022-06-16,0.0,0.0,0.0,11,20,True,0.0,0.0,0.0,0.0,0.0,0.0,0.0,100.0,100.0,Normal
2022-06-17,0.0,0.0,0.0,7,14,True,0.0,0.0,0.0,0.0,0.0,0.0,0.0,100.0,100.0,Normal
2022-06-18,0.0,0.0,0.0,10,20,True,0.0,0.0,0.0,0.0,0.0,0.0,0.0,100.0,100.0,Normal
2022-06-19,0.0,0.0,0.0,8,16,True,0.0,0.0,0.0,0.0,0.0,0.0,0.0,100.0,100.0,Normal
2022-06-20,0.0,0.0,0.0,6,10,True,0.0,0.0,0.0,0.0,0.0,0.0,0.0,100.0,100.0,Normal
2022-06-21,0.0,0.0,0.0,4,8,True,0.0,0.0,0.0,0.0,0.0,0.0,0.0,100.0,100.0,Normal
2022-06-22,0.0,0.0,0.0,4,8,True,0.0,0.0,0.0,0.0,0.0,0.0,0.0,100.0,100.0,Normal
2022-06-23,1.0,0.0,1.0,6,11,True,0.1428571428571428,0.0,0.0,0.012820512820512815,0.0,0.0,0.006410256410256407,99.35897435897436,99.78632478632478,Normal
2022-06-24,0.0,0.0,0.0,6,12,True,0.1428571428571428,0.0,0.0285714285714285,0.012820512820512815,0.0,0.03527815468113967,0.013465887346484342,98.65341126535156,99.33746187477531,Normal
2022-06-25,0.0,0.0,0.0,6,12,True,0.1428571428571428,0.0,0.0241758241758241,0.012820512820512815,0.0,0.029850746268656626,0.012380405663987733,98.76195943360123,98.9247816859757,Normal
2022-06-26,0.0,0.0,0.0,7,14,True,0.1428571428571428,0.0,0.0197802197802197,0.012820512820512815,0.0,0.02442333785617358,0.011294923981491123,98.87050760185089,98.76195943360123,Normal
2022-06-27,0.0,0.0,0.0,7,14,True,0.1428571428571428,0.0,0.0153846153846153,0.012820512820512815,0.0,0.018995929443690537,0.010209442298994516,98.97905577010054,98.87050760185089,Normal
2022-06-28,0.0,0.0,0.0,8,16,True,0.1428571428571428,0.0,0.0109890109890109,0.012820512820512815,0.0,0.01356852103120749,0.009123960616497905,99.08760393835021,98.97905577010056,Normal
2022-06-29,0.0,0.0,0.0,8,16,True,0.1428571428571428,0.0,0.0065934065934065,0.012820512820512815,0.0,0.008141112618724444,0.008038478934001296,99.19615210659987,99.08760393835023,Normal
2022-06-30,0.0,0.0,0.0,7,14,True,0.0,0.0,0.0021978021978021,0.0,0.0,0.002713704206241399,0.0005427408412482798,99.94572591587517,99.40982732027508,Normal
2022-07-01,0.0,0.0,0.0,5,10,True,0.0,0.0,-0.0021978021978021,0.0,0.0,0.002713704206241399,0.0005427408412482798,99.94572591587517,99.69586797945006,Normal
2022-07-02,0.0,0.0,0.0,5,10,True,0.0,0.0,-0.0065934065934065,0.0,0.0,0.008141112618724444,0.001628222523744889,99.83717774762552,99.90954319312529,Normal
2022-07-03,0.0,0.0,0.0,4,8,True,0.0,0.0,-0.0109890109890109,0.0,0.0,0.01356852103120749,0.002713704206241498,99.72862957937585,99.8371777476255,Normal
2022-07-04,0.0,0.0,0.0,4,8,True,0.0,0.0,-0.0153846153846153,0.0,0.0,0.018995929443690537,0.0037991858887381075,99.6200814111262,99.72862957937586,Normal
2022-07-05,0.0,0.0,0.0,4,8,True,0.0,0.0,-0.0197802197802197,0.0,0.0,0.02442333785617358,0.004884667571234716,99.51153324287652,99.6200814111262,Normal
2022-07-06,0.0,0.0,0.0,4,8,True,0.0,0.0,-0.0241758241758241,0.0,0.0,0.029850746268656626,0.005970149253731325,99.40298507462687,99.51153324287652,Normal
2022-07-07,0.0,0.0,0.0,5,10,True,0.0,0.0,-0.0285714285714285,0.0,0.0,0.03527815468113967,0.007055630936227935,99.2944369063772,99.40298507462687,Normal
2022-07-08,0.0,0.0,0.0,4,8,True,0.0,0.0,0.0,0.0,0.0,0.0,0.0,100.0,99.56580732700137,Normal
2022-07-09,0.0,0.0,0.0,7,14,True,0.0,0.0,0.0,0.0,0.0,0.0,0.0,100.0,99.76481230212573,Normal
2022-07-10,0.0,0.0,0.0,7,14,True,0.0,0.0,0.0,0.0,0.0,0.0,0.0,100.0,100.0,Normal
2022-07-11,0.0,0.0,0.0,8,16,True,0.0,0.0,0.0,0.0,0.0,0.0,0.0,100.0,100.0,Normal
2022-07-12,0.0,0.0,0.0,8,16,True,0.0,0.0,0.0,0.0,0.0,0.0,0.0,100.0,100.0,Normal
2022-07-13,1.0,0.0,1.0,8,15,True,0.1428571428571428,0.0,0.0,0.012820512820512815,0.0,0.0,0.006410256410256407,99.35897435897436,99.78632478632478,Normal
2022-07-14,0.0,0.0,0.0,6,12,True,0.1428571428571428,0.0,0.0285714285714285,0.012820512820512815,0.0,0.03527815468113967,0.013465887346484342,98.65341126535156,99.33746187477531,Normal
2022-07-15,0.0,0.0,0.0,6,12,True,0.1428571428571428,0.0,0.0241758241758241,0.012820512820512815,0.0,0.029850746268656626,0.012380405663987733,98.76195943360123,98.9247816859757,Normal
2022-07-16,0.0,0.0,0.0,5,10,True,0.1428571428571428,0.0,0.0197802197802197,0.012820512820512815,0.0,0.02442333785617358,0.011294923981491123,98.87050760185089,98.76195943360123,Normal
2022-07-17,0.0,0.0,0.0,5,10,True,0.1428571428571428,0.0,0.0153846153846153,0.012820512820512815,0.0,0.018995929443690537,0.010209442298994516,98.97905577010054,98.87050760185089,Normal
2022-07-18,0.0,0.0,0.0,4,8,True,0.1428571428571428,0.0,0.0109890109890109,0.012820512820512815,0.0,0.01356852103120749,0.009123960616497905,99.08760393835021,98.97905577010056,Normal
2022-07-19,0.0,0.0,0.0,5,10,True,0.1428571428571428,0.0,0.0065934065934065,0.012820512820512815,0.0,0.008141112618724444,0.008038478934001296,99.19615210659987,99.08760393835023,Normal
2022-07-20,0.0,0.0,0.0,5,10,True,0.0,0.0,0.0021978021978021,0.0,0.0,0.002713704206241399,0.0005427408412482798,99.94572591587517,99.40982732027508,Normal
2022-07-21,0.0,0.0,0.0,6,12,True,0.0,0.0,-0.0021978021978021,0.0,0.0,0.002713704206241399,0.0005427408412482798,99.94572591587517,99.69586797945006,Normal
2022-07-22,0.0,0.0,0.0,6,12,True,0.0,0.0,-0.0065934065934065,0.0,0.0,0.008141112618724444,0.001628222523744889,99.83717774762552,99.90954319312529,Normal
2022-07-23,1.0,0.0,1.0,7,13,True,0.1428571428571428,0.0,-0.0109890109890109,0.012820512820512815,0.0,0.01356852103120749,0.009123960616497905,99.08760393835021,99.62350253395029,Normal
2022-07-24,0.0,0.0,0.0,5,10,True,0.1428571428571428,0.0,0.0131868131868131,0.012820512820512815,0.0,0.016282225237449013,0.00966670145774621,99.03332985422539,99.31937051340037,Normal
2022-07-25,0.0,0.0,0.0,3,6,True,0.1428571428571428,0.0,0.0043956043956043,0.012820512820512815,0.0,0.005427408412482922,0.007495738092752992,99.25042619072471,99.1237866611001,Normal
2022-07-26,0.0,0.0,0.0,5,10,True,0.1428571428571428,0.0,-0.0043956043956043,0.012820512820512815,0.0,0.005427408412482922,0.007495738092752992,99.25042619072471,99.17806074522493,Normal
2022-07-27,0.0,0.0,0.0,6,12,True,0.1428571428571428,0.0,-0.0131868131868131,0.012820512820512815,0.0,0.016282225237449013,0.00966670145774621,99.03332985422539,99.17806074522493,Normal
2022-07-28,0.0,0.0,0.0,6,12,True,0.1428571428571428,0.0,0.0109890109890109,0.012820512820512815,0.0,0.01356852103120749,0.009123960616497905,99.08760393835021,99.1237866611001,Normal
2022-07-29,0.0,0.0,0.0,6,12,True,0.1428571428571428,0.0,0.0065934065934065,0.012820512820512815,0.0,0.008141112618724444,0.008038478934001296,99.19615210659987,99.10569529972516,Normal
2022-07-30,0.0,0.0,0.0,6,12,True,0.0,0.0,0.0021978021978021,0.0,0.0,0.002713704206241399,0.0005427408412482798,99.94572591587517,99.4098273202751,Normal
2022-07-31,0.0,0.0,0.0,7,14,True,0.0,0.0,-0.0021978021978021,0.0,0.0,0.002713704206241399,0.0005427408412482798,99.94572591587517,99.69586797945006,Normal
2022-08-01,0.0,0.0,0.0,7,14,True,0.0,0.0,-0.0065934065934065,0.0,0.0,0.008141112618724444,0.001628222523744889,99.83717774762552,99.90954319312527,Normal
2022-08-02,0.0,0.0,0.0,7,14,True,0.0,0.0,-0.0109890109890109,0.0,0.0,0.01356852103120749,0.002713704206241498,99.72862957937585,99.83717774762552,Normal
2022-08-03,0.0,0.0,0.0,6,12,True,0.0,0.0,-0.0153846153846153,0.0,0.0,0.018995929443690537,0.0037991858887381075,99.6200814111262,99.72862957937586,Normal
2022-08-04,0.0,0.0,0.0,6,12,True,0.0,0.0,-0.0197802197802197,0.0,0.0,0.02442333785617358,0.004884667571234716,99.51153324287652,99.6200814111262,Normal
2022-08-05,1.0,0.0,1.0,6,11,True,0.1428571428571428,0.0,-0.0241758241758241,0.012820512820512815,0.0,0.029850746268656626,0.012380405663987733,98.76195943360123,99.29785802920132,Normal
2022-08-06,0.0,0.0,0.0,5,10,True,0.1428571428571428,0.0,-9.76020241428709e-19,0.012820512820512815,0.0,1.205126756716588e-18,0.006410256410256407,99.35897435897436,99.2108223451507,Normal
2022-08-07,2.0,0.0,2.0,6,10,True,0.4285714285714285,0.0,0.0241758241758241,0.03846153846153846,0.0,0.029850746268656626,0.025200918484500553,97.47990815154995,98.5336139813752,Normal
2022-08-08,1.0,0.0,1.0,5,9,True,0.5714285714285714,0.0,0.0769230769230769,0.05128205128205128,0.0,0.09497964721845317,0.044636955084716275,95.53630449152837,97.4583956673509,Normal
2022-08-09,1.0,0.0,1.0,5,9,True,0.7142857142857143,0.0,0.0923076923076923,0.06410256410256411,0.0,0.11397557666214383,0.054846397383710825,94.51536026162893,95.8438576349024,Normal
2022-08-10,2.0,0.0,1.0,6,10,True,1.0,0.0,0.1032967032967032,0.08974358974358974,0.0,0.12754409769335132,0.07038061441046514,92.96193855895348,94.3378677707036,Normal
2022-08-11,0.0,0.0,0.0,6,12,True,1.0,0.0,0.1384615384615384,0.08974358974358974,0.0,0.1709633649932157,0.07906446787043801,92.09355321295621,93.19028401117953,Normal
2022-08-12,0.0,0.0,0.0,6,12,True,0.8571428571428571,0.0,0.1076923076923077,0.07692307692307693,0.0,0.1329715061058345,0.06505583968270537,93.49441603172947,92.84996926787971,Normal
2022-08-13,1.0,0.0,1.0,9,17,True,1.0,0.0,0.0769230769230769,0.08974358974358974,0.0,0.09497964721845317,0.06386772431548551,93.61322756845145,93.06706560437904,Normal
2022-08-14,0.0,0.0,0.0,8,16,True,0.7142857142857143,0.0,0.0747252747252747,0.06410256410256411,0.0,0.09226594301221164,0.05050447065372438,94.94955293462756,94.01906551160283,Normal
2022-08-15,0.0,0.0,0.0,8,16,True,0.5714285714285714,0.0,0.0395604395604395,0.05128205128205128,0.0,0.04884667571234729,0.0354103607834951,96.4589639216505,95.0072481415765,Normal
2022-08-16,0.0,0.0,0.0,7,14,True,0.4285714285714285,0.0,0.0043956043956044,0.03846153846153846,0.0,0.005427408412483045,0.02031625091326584,97.96837490867341,96.45896392165048,Normal
2022-08-17,0.0,0.0,0.0,7,14,True,0.1428571428571428,0.0,-0.0307692307692307,0.012820512820512815,0.0,0.0379918588873812,0.014008628187732648,98.59913718122674,97.67549200385021,Normal
2022-08-18,3.0,0.0,2.0,12,19,True,0.5714285714285714,0.0,-0.0659340659340659,0.05128205128205128,0.0,0.08141112618724555,0.041923250878474747,95.80767491215254,97.4583956673509,Normal
2022-08-19,0.0,0.0,0.0,8,16,True,0.5714285714285714,0.0,-0.0153846153846153,0.05128205128205128,0.0,0.018995929443690537,0.029440211529763748,97.05597884702362,97.15426364680097,Normal
2022-08-20,0.0,0.0,0.0,11,17,True,0.4285714285714285,0.0,-0.0307692307692307,0.03846153846153846,0.0,0.0379918588873812,0.026829141008245468,97.31708589917545,96.72691321945054,Normal
2022-08-21,0.0,0.0,0.0,7,14,True,0.4285714285714285,0.0,-0.0747252747252747,0.03846153846153846,0.0,0.09226594301221164,0.03768395783321156,96.23160421667885,96.86822298762597,Normal
2022-08-22,0.0,0.0,0.0,7,14,True,0.4285714285714285,0.0,-0.0527472527472527,0.03846153846153846,0.0,0.06512890094979643,0.03225654942072852,96.77434505792715,96.77434505792716,Normal
2022-08-23,0.0,0.0,0.0,7,14,True,0.4285714285714285,0.0,-0.0549450549450549,0.03846153846153846,0.0,0.06784260515603795,0.03279929026197682,96.72007097380232,96.57534008280277,Normal
2022-08-24,0.0,0.0,0.0,9,18,True,0.4285714285714285,0.0,-0.0527472527472527,0.03846153846153846,0.0,0.06512890094979643,0.03225654942072852,96.77434505792715,96.7562536965522,Normal
2022-08-25,0.0,0.0,0.0,6,11,True,0.0,0.0,-0.0131868131868131,0.0,0.0,0.016282225237449013,0.0032564450474898026,99.67435549525102,97.72292384232684,Normal
2022-08-26,0.0,0.0,0.0,10,20,True,0.0,0.0,-0.0307692307692307,0.0,0.0,0.0379918588873812,0.00759837177747624,99.24016282225237,98.56295445847685,Normal
2022-08-27,0.0,0.0,0.0,8,16,True,0.0,0.0,-0.0483516483516483,0.0,0.0,0.059701492537313376,0.011940298507462676,98.80597014925372,99.24016282225237,Normal
2022-08-28,0.0,0.0,0.0,8,16,True,0.0,0.0,-0.0329670329670329,0.0,0.0,0.040705563093622714,0.008141112618724543,99.18588873812755,99.07734056987788,Normal
2022-08-29,1.0,0.0,1.0,12,23,True,0.1428571428571428,0.0,-0.0461538461538461,0.012820512820512815,0.0,0.056987788331071855,0.01780781407647078,98.21921859235292,98.73702582657806,Normal
2022-08-30,0.0,0.0,0.0,10,18,True,0.1428571428571428,0.0,-0.0307692307692307,0.012820512820512815,0.0,0.0379918588873812,0.014008628187732648,98.59913718122674,98.6680815039024,Normal
2022-08-31,0.0,0.0,0.0,10,20,True,0.1428571428571428,0.0,-0.0483516483516483,0.012820512820512815,0.0,0.059701492537313376,0.018350554917719083,98.16494450822809,98.32776676060257,Normal
2022-09-01,0.0,0.0,0.0,8,16,True,0.1428571428571428,0.0,-0.0659340659340659,0.012820512820512815,0.0,0.08141112618724555,0.022692481647705518,97.73075183522944,98.16494450822809,Normal
2022-09-02,0.0,0.0,0.0,10,20,True,0.1428571428571428,0.0,0.0153846153846153,0.012820512820512815,0.0,0.018995929443690537,0.010209442298994516,98.97905577010054,98.2915840378527,Normal
2022-09-03,0.0,0.0,0.0,8,16,True,0.1428571428571428,0.0,0.0109890109890109,0.012820512820512815,0.0,0.01356852103120749,0.009123960616497905,99.08760393835021,98.59913718122674,Normal
2022-09-04,0.0,0.0,0.0,10,20,True,0.1428571428571428,0.0,0.0065934065934065,0.012820512820512815,0.0,0.008141112618724444,0.008038478934001296,99.19615210659987,99.0876039383502,Normal
2022-09-05,0.0,0.0,0.0,12,22,True,0.0,0.0,0.0021978021978021,0.0,0.0,0.002713704206241399,0.0005427408412482798,99.94572591587517,99.40982732027508,Normal
2022-09-06,0.0,0.0,0.0,8,16,True,0.0,0.0,-0.0021978021978021,0.0,0.0,0.002713704206241399,0.0005427408412482798,99.94572591587517,99.69586797945006,Normal
2022-09-07,0.0,0.0,0.0,10,20,True,0.0,0.0,-0.0065934065934065,0.0,0.0,0.008141112618724444,0.001628222523744889,99.83717774762552,99.90954319312529,Normal
2022-09-08,0.0,0.0,0.0,8,16,True,0.0,0.0,-0.0109890109890109,0.0,0.0,0.01356852103120749,0.002713704206241498,99.72862957937585,99.8371777476255,Normal
2022-09-09,0.0,0.0,0.0,9,18,True,0.0,0.0,-0.0153846153846153,0.0,0.0,0.018995929443690537,0.0037991858887381075,99.6200814111262,99.72862957937586,Normal
2022-09-10,0.0,0.0,0.0,7,14,True,0.0,0.0,-0.0197802197802197,0.0,0.0,0.02442333785617358,0.004884667571234716,99.51153324287652,99.6200814111262,Normal
2022-09-11,0.0,0.0,0.0,7,14,True,0.0,0.0,-0.0241758241758241,0.0,0.0,0.029850746268656626,0.005970149253731325,99.40298507462687,99.51153324287652,Normal
2022-09-12,0.0,0.0,0.0,7,14,True,0.0,0.0,-0.0285714285714285,0.0,0.0,0.03527815468113967,0.007055630936227935,99.2944369063772,99.40298507462687,Normal
2022-09-13,1.0,0.0,1.0,6,11,True,0.1428571428571428,0.0,0.0,0.012820512820512815,0.0,0.0,0.006410256410256407,99.35897435897436,99.35213211332615,Normal
2022-09-14,1.0,0.0,1.0,12,17,True,0.2857142857142857,0.0,0.0285714285714285,0.02564102564102564,0.0,0.03527815468113967,0.019876143756740756,98.01238562432593,98.88859896322583,Normal
2022-09-15,0.0,0.0,0.0,8,16,True,0.2857142857142857,0.0,0.0527472527472527,0.02564102564102564,0.0,0.06512890094979643,0.025846293010472105,97.41537069895278,98.26224356075102,Normal
2022-09-16,0.0,0.0,0.0,11,22,True,0.2857142857142857,0.0,0.0439560439560439,0.02564102564102564,0.0,0.05427408412483033,0.023675329645478888,97.63246703545211,97.68674111957694,Normal
2022-09-17,0.0,0.0,0.0,9,18,True,0.2857142857142857,0.0,0.0351648351648351,0.02564102564102564,0.0,0.04341926729986424,0.021504366280485666,97.84956337195143,97.63246703545211,Normal
2022-09-18,0.0,0.0,0.0,12,24,True,0.2857142857142857,0.0,0.0263736263736263,0.02564102564102564,0.0,0.03256445047489815,0.019333402915492452,98.06665970845076,97.84956337195143,Normal
2022-09-19,1.0,0.0,1.0,13,23,True,0.4285714285714285,0.0,0.0175824175824175,0.03846153846153846,0.0,0.02170963364993206,0.02357269596075564,97.64273040392443,97.85298449477553,Normal
2022-09-20,0.0,0.0,0.0,10,20,True,0.2857142857142857,0.0,0.0373626373626373,0.02564102564102564,0.0,0.04613297150610576,0.022047107121733973,97.7952892878266,97.8348931334006,Normal
2022-09-21,0.0,0.0,0.0,10,20,True,0.1428571428571428,0.0,0.0241758241758241,0.012820512820512815,0.0,0.029850746268656626,0.012380405663987733,98.76195943360123,98.06665970845076,Normal
2022-09-22,0.0,0.0,0.0,7,14,True,0.1428571428571428,0.0,0.0109890109890109,0.012820512820512815,0.0,0.01356852103120749,0.009123960616497905,99.08760393835021,98.54828421992602,Normal
2022-09-23,0.0,0.0,0.0,7,14,True,0.1428571428571428,0.0,-0.0021978021978021,0.012820512820512815,0.0,0.002713704206241399,0.0069529972515046876,99.30470027484954,99.05142121560033,Normal
2022-09-24,0.0,0.0,0.0,6,12,True,0.1428571428571428,0.0,-0.0153846153846153,0.012820512820512815,0.0,0.018995929443690537,0.010209442298994516,98.97905577010054,99.1237866611001,Normal
2022-09-25,0.0,0.0,0.0,8,16,True,0.1428571428571428,0.0,-0.0285714285714285,0.012820512820512815,0.0,0.03527815468113967,0.013465887346484342,98.65341126535156,98.97905577010056,Normal
2022-09-26,0.0,0.0,0.0,6,12,True,0.0,0.0,-0.0417582417582417,0.0,0.0,0.051560379918588806,0.010312075983717762,98.96879240162822,98.86708647902678,Normal
2022-09-27,0.0,0.0,0.0,9,18,True,0.0,0.0,-0.0549450549450549,0.0,0.0,0.06784260515603795,0.01356852103120759,98.64314789687924,98.75511718795302,Normal
2022-09-28,0.0,0.0,0.0,9,18,True,0.0,0.0,-0.0351648351648351,0.0,0.0,0.04341926729986424,0.008683853459972848,99.13161465400272,98.9145183175034,Normal
2022-09-29,0.0,0.0,0.0,8,16,True,0.0,0.0,-0.0109890109890109,0.0,0.0,0.01356852103120749,0.002713704206241498,99.72862957937585,99.1677973767526,Normal
2022-09-30,0.0,0.0,0.0,11,22,True,0.0,0.0,-0.0153846153846153,0.0,0.0,0.018995929443690537,0.0037991858887381075,99.6200814111262,99.4934418815016,Normal
2022-10-01,0.0,0.0,0.0,10,20,True,0.0,0.0,-0.0197802197802197,0.0,0.0,0.02442333785617358,0.004884667571234716,99.51153324287652,99.6200814111262,Normal
2022-10-02,0.0,0.0,0.0,12,24,True,0.0,0.0,-0.0241758241758241,0.0,0.0,0.029850746268656626,0.005970149253731325,99.40298507462687,99.51153324287652,Normal
2022-10-03,0.0,0.0,0.0,9,18,True,0.0,0.0,-0.0285714285714285,0.0,0.0,0.03527815468113967,0.007055630936227935,99.2944369063772,99.40298507462687,Normal
2022-10-04,0.0,0.0,0.0,9,18,True,0.0,0.0,0.0,0.0,0.0,0.0,0.0,100.0,99.56580732700137,Normal
2022-10-05,0.0,0.0,0.0,9,18,True,0.0,0.0,0.0,0.0,0.0,0.0,0.0,100.0,99.76481230212573,Normal
2022-10-06,0.0,0.0,0.0,9,18,True,0.0,0.0,0.0,0.0,0.0,0.0,0.0,100.0,100.0,Normal
2022-10-07,0.0,0.0,0.0,8,16,True,0.0,0.0,0.0,0.0,0.0,0.0,0.0,100.0,100.0,Normal
2022-10-08,0.0,0.0,0.0,7,14,True,0.0,0.0,0.0,0.0,0.0,0.0,0.0,100.0,100.0,Normal
2022-10-09,0.0,0.0,0.0,9,18,True,0.0,0.0,0.0,0.0,0.0,0.0,0.0,100.0,100.0,Normal
2022-10-10,0.0,0.0,0.0,7,14,True,0.0,0.0,0.0,0.0,0.0,0.0,0.0,100.0,100.0,Normal
2022-10-11,0.0,0.0,0.0,10,20,True,0.0,0.0,0.0,0.0,0.0,0.0,0.0,100.0,100.0,Normal
2022-10-12,0.0,0.0,0.0,9,18,True,0.0,0.0,0.0,0.0,0.0,0.0,0.0,100.0,100.0,Normal
2022-10-13,0.0,0.0,0.0,8,16,True,0.0,0.0,0.0,0.0,0.0,0.0,0.0,100.0,100.0,Normal
2022-10-14,0.0,0.0,0.0,9,18,True,0.0,0.0,0.0,0.0,0.0,0.0,0.0,100.0,100.0,Normal
2022-10-15,0.0,0.0,0.0,7,14,True,0.0,0.0,0.0,0.0,0.0,0.0,0.0,100.0,100.0,Normal
2022-10-16,0.0,0.0,0.0,7,14,True,0.0,0.0,0.0,0.0,0.0,0.0,0.0,100.0,100.0,Normal
2022-10-17,0.0,0.0,0.0,7,14,True,0.0,0.0,0.0,0.0,0.0,0.0,0.0,100.0,100.0,Normal
2022-10-18,0.0,0.0,0.0,10,20,True,0.0,0.0,0.0,0.0,0.0,0.0,0.0,100.0,100.0,Normal
2022-10-19,0.0,0.0,0.0,8,16,True,0.0,0.0,0.0,0.0,0.0,0.0,0.0,100.0,100.0,Normal
2022-10-20,0.0,0.0,0.0,10,20,True,0.0,0.0,0.0,0.0,0.0,0.0,0.0,100.0,100.0,Normal
2022-10-21,0.0,0.0,0.0,11,22,True,0.0,0.0,0.0,0.0,0.0,0.0,0.0,100.0,100.0,Normal
2022-10-22,0.0,0.0,0.0,9,18,True,0.0,0.0,0.0,0.0,0.0,0.0,0.0,100.0,100.0,Normal
2022-10-23,0.0,0.0,0.0,12,24,True,0.0,0.0,0.0,0.0,0.0,0.0,0.0,100.0,100.0,Normal
2022-10-24,0.0,0.0,0.0,9,18,True,0.0,0.0,0.0,0.0,0.0,0.0,0.0,100.0,100.0,Normal
2022-10-25,0.0,0.0,0.0,11,22,True,0.0,0.0,0.0,0.0,0.0,0.0,0.0,100.0,100.0,Normal
2022-10-26,0.0,0.0,0.0,10,18,True,0.0,0.0,0.0,0.0,0.0,0.0,0.0,100.0,100.0,Normal
2022-10-27,0.0,0.0,0.0,11,22,True,0.0,0.0,0.0,0.0,0.0,0.0,0.0,100.0,100.0,Normal
2022-10-28,0.0,0.0,0.0,10,20,True,0.0,0.0,0.0,0.0,0.0,0.0,0.0,100.0,100.0,Normal
2022-10-29,0.0,0.0,0.0,10,20,True,0.0,0.0,0.0,0.0,0.0,0.0,0.0,100.0,100.0,Normal
2022-10-30,0.0,0.0,0.0,11,22,True,0.0,0.0,0.0,0.0,0.0,0.0,0.0,100.0,100.0,Normal
2022-10-31,0.0,0.0,0.0,10,20,True,0.0,0.0,0.0,0.0,0.0,0.0,0.0,100.0,100.0,Normal
2022-11-01,0.0,0.0,0.0,9,18,True,0.0,0.0,0.0,0.0,0.0,0.0,0.0,100.0,100.0,Normal
2022-11-02,0.0,0.0,0.0,8,16,True,0.0,0.0,0.0,0.0,0.0,0.0,0.0,100.0,100.0,Normal
2022-11-03,0.0,0.0,0.0,9,18,True,0.0,0.0,0.0,0.0,0.0,0.0,0.0,100.0,100.0,Normal
2022-11-04,0.0,0.0,0.0,12,24,True,0.0,0.0,0.0,0.0,0.0,0.0,0.0,100.0,100.0,Normal
2022-11-05,0.0,0.0,0.0,12,24,True,0.0,0.0,0.0,0.0,0.0,0.0,0.0,100.0,100.0,Normal
2022-11-06,0.0,0.0,0.0,11,22,True,0.0,0.0,0.0,0.0,0.0,0.0,0.0,100.0,100.0,Normal
2022-11-07,0.0,0.0,0.0,12,18,True,0.0,0.0,0.0,0.0,0.0,0.0,0.0,100.0,100.0,Normal
2022-11-08,0.0,0.0,0.0,11,21,True,0.0,0.0,0.0,0.0,0.0,0.0,0.0,100.0,100.0,Normal
2022-11-09,0.0,0.0,0.0,7,14,True,0.0,0.0,0.0,0.0,0.0,0.0,0.0,100.0,100.0,Normal
2022-11-10,0.0,0.0,0.0,8,16,True,0.0,0.0,0.0,0.0,0.0,0.0,0.0,100.0,100.0,Normal
2022-11-11,0.0,0.0,0.0,7,14,True,0.0,0.0,0.0,0.0,0.0,0.0,0.0,100.0,100.0,Normal
2022-11-12,0.0,0.0,0.0,7,14,True,0.0,0.0,0.0,0.0,0.0,0.0,0.0,100.0,100.0,Normal
2022-11-13,0.0,0.0,0.0,8,16,True,0.0,0.0,0.0,0.0,0.0,0.0,0.0,100.0,100.0,Normal
2022-11-14,0.0,0.0,0.0,9,16,True,0.0,0.0,0.0,0.0,0.0,0.0,0.0,100.0,100.0,Normal
2022-11-15,0.0,0.0,0.0,12,18,True,0.0,0.0,0.0,0.0,0.0,0.0,0.0,100.0,100.0,Normal
2022-11-16,0.0,0.0,0.0,7,14,True,0.0,0.0,0.0,0.0,0.0,0.0,0.0,100.0,100.0,Normal
2022-11-17,0.0,0.0,0.0,10,20,True,0.0,0.0,0.0,0.0,0.0,0.0,0.0,100.0,100.0,Normal
2022-11-18,0.0,0.0,0.0,8,16,True,0.0,0.0,0.0,0.0,0.0,0.0,0.0,100.0,100.0,Normal
2022-11-19,0.0,0.0,0.0,10,20,True,0.0,0.0,0.0,0.0,0.0,0.0,0.0,100.0,100.0,Normal
2022-11-20,0.0,0.0,0.0,11,22,True,0.0,0.0,0.0,0.0,0.0,0.0,0.0,100.0,100.0,Normal
2022-11-21,0.0,0.0,0.0,8,16,True,0.0,0.0,0.0,0.0,0.0,0.0,0.0,100.0,100.0,Normal
2022-11-22,0.0,0.0,0.0,9,18,True,0.0,0.0,0.0,0.0,0.0,0.0,0.0,100.0,100.0,Normal
2022-11-23,5.0,24.862,2.0,26,32,True,0.7142857142857143,3.5517142857142856,0.0,0.06410256410256411,0.021938129920460875,0.0,0.03863272102742032,96.13672789725797,98.71224263241932,Normal
2022-11-24,8.0,120.1,4.0,39,56,True,1.8571428571428568,20.70885714285714,0.1428571428571428,0.16666666666666663,0.12791389226650507,0.17639077340569873,0.15698565569442458,84.30143443055755,93.47938744260517,Normal
2022-11-25,11.0,402.81,3.0,32,10,True,3.4285714285714284,78.25314285714285,0.3494505494505494,0.3076923076923077,0.4833518342366138,0.4314789687924016,0.38514749787561836,61.48525021243816,80.64113751341789,Normal
2022-11-26,1.0,55.494,1.0,4,0,False,3.571428571428572,86.18085714285714,0.6065934065934065,0.3205128205128206,0.5323195191294646,0.7489823609226595,0.4697487381797816,53.02512618202184,66.27060360833919,Inactive
2022-11-27,0.0,0.0,0.0,0,0,False,3.571428571428572,86.18085714285714,0.5296703296703296,0.3205128205128206,0.5323195191294646,0.6540027137042062,0.4507528087360909,54.92471912639091,56.47836517361697,Inactive
2022-11-28,1.0,152.856,1.0,7,0,False,3.7142857142857135,108.01742857142855,0.4197802197802198,0.33333333333333326,0.6671990456004632,0.5183175033921303,0.47048988102523165,52.95101189747684,53.63361906862986,Inactive
2022-11-29,0.0,0.0,0.0,0,0,False,3.7142857142857135,108.01742857142855,0.3384615384615385,0.33333333333333326,0.6671990456004632,0.4179104477611941,0.45040846989904443,54.95915301009555,54.278294677987766,Inactive
2022-11-30,0.0,0.0,0.0,0,0,False,3.0,104.46571428571428,0.2241758241758242,0.2692307692307692,0.6452609156800023,0.2767978290366351,0.3835532251267123,61.64467748732877,56.51828079830039,Inactive
2022-12-01,0.0,0.0,0.0,9,16,True,1.8571428571428568,87.30857142857143,0.1098901098901099,0.16666666666666663,0.5392851533339581,0.135685210312076,0.27225592139593596,72.77440786040641,63.12607945261024,Watch
2022-12-02,0.0,0.0,0.0,10,20,True,0.2857142857142857,29.764285714285712,-0.0043956043956043,0.02564102564102564,0.18384721136384938,0.005427408412482922,0.06906015791216422,93.09398420878358,75.83768985217291,Watch
2022-12-03,0.0,0.0,0.0,11,22,True,0.1428571428571428,21.83657142857143,-0.1186813186813186,0.012820512820512815,0.1348795264709986,0.14654002713704198,0.07618211977896439,92.38178802210356,86.08339336376451,Normal
2022-12-04,0.0,0.0,0.0,10,20,True,0.1428571428571428,21.83657142857143,-0.2329670329670329,0.012820512820512815,0.1348795264709986,0.287652645861601,0.10440464352387618,89.55953564761239,91.67843595949985,Normal
2022-12-05,0.0,0.0,0.0,10,20,True,0.0,0.0,-0.3472527472527472,0.0,0.0,0.4287652645861601,0.08575305291723202,91.4246947082768,91.12200612599759,Normal
2022-12-06,0.0,0.0,0.0,12,24,True,0.0,0.0,-0.4615384615384614,0.0,0.0,0.569877883310719,0.11397557666214381,88.60244233378563,89.86222422989162,Normal
2022-12-07,0.0,0.0,0.0,10,20,True,0.0,0.0,-0.5758241758241758,0.0,0.0,0.7109905020352781,0.14219810040705563,85.78018995929443,88.60244233378562,Normal
2022-12-08,0.0,0.0,0.0,11,22,True,0.0,0.0,-0.5252747252747252,0.0,0.0,0.6485753052917231,0.12971506105834463,87.02849389416554,87.1370420624152,Normal
2022-12-09,0.0,0.0,0.0,8,18,True,0.0,0.0,-0.3538461538461538,0.0,0.0,0.4369063772048847,0.08738127544097694,91.2618724559023,88.02351876978742,Normal
2022-12-10,0.0,0.0,0.0,12,24,True,0.0,0.0,-0.0483516483516483,0.0,0.0,0.059701492537313376,0.011940298507462676,98.80597014925372,92.36544549977386,Normal
2022-12-11,0.0,0.0,0.0,11,22,True,0.0,0.0,-0.0241758241758241,0.0,0.0,0.029850746268656626,0.005970149253731325,99.40298507462687,96.49027589326097,Normal
2022-12-12,0.0,0.0,0.0,10,20,True,0.0,0.0,-0.0285714285714285,0.0,0.0,0.03527815468113967,0.007055630936227935,99.2944369063772,99.1677973767526,Normal
2022-12-13,0.0,0.0,0.0,10,20,True,0.0,0.0,0.0,0.0,0.0,0.0,0.0,100.0,99.56580732700137,Normal
2022-12-14,0.0,0.0,0.0,7,14,True,0.0,0.0,0.0,0.0,0.0,0.0,0.0,100.0,99.76481230212573,Normal
2022-12-15,0.0,0.0,0.0,8,16,True,0.0,0.0,0.0,0.0,0.0,0.0,0.0,100.0,100.0,Normal
2022-12-16,0.0,0.0,0.0,6,12,True,0.0,0.0,0.0,0.0,0.0,0.0,0.0,100.0,100.0,Normal
2022-12-17,0.0,0.0,0.0,8,16,True,0.0,0.0,0.0,0.0,0.0,0.0,0.0,100.0,100.0,Normal
2022-12-18,0.0,0.0,0.0,6,12,True,0.0,0.0,0.0,0.0,0.0,0.0,0.0,100.0,100.0,Normal
2022-12-19,0.0,0.0,0.0,8,16,True,0.0,0.0,0.0,0.0,0.0,0.0,0.0,100.0,100.0,Normal
2022-12-20,0.0,0.0,0.0,9,18,True,0.0,0.0,0.0,0.0,0.0,0.0,0.0,100.0,100.0,Normal
2022-12-21,0.0,0.0,0.0,7,14,True,0.0,0.0,0.0,0.0,0.0,0.0,0.0,100.0,100.0,Normal
2022-12-22,0.0,0.0,0.0,11,22,True,0.0,0.0,0.0,0.0,0.0,0.0,0.0,100.0,100.0,Normal
2022-12-23,0.0,0.0,0.0,9,18,True,0.0,0.0,0.0,0.0,0.0,0.0,0.0,100.0,100.0,Normal
2022-12-24,0.0,0.0,0.0,12,24,True,0.0,0.0,0.0,0.0,0.0,0.0,0.0,100.0,100.0,Normal
2022-12-25,0.0,0.0,0.0,10,20,True,0.0,0.0,0.0,0.0,0.0,0.0,0.0,100.0,100.0,Normal
2022-12-26,0.0,0.0,0.0,10,20,True,0.0,0.0,0.0,0.0,0.0,0.0,0.0,100.0,100.0,Normal
2022-12-27,0.0,0.0,0.0,10,20,True,0.0,0.0,0.0,0.0,0.0,0.0,0.0,100.0,100.0,Normal
2022-12-28,0.0,0.0,0.0,9,18,True,0.0,0.0,0.0,0.0,0.0,0.0,0.0,100.0,100.0,Normal
2022-12-29,0.0,0.0,0.0,9,18,True,0.0,0.0,0.0,0.0,0.0,0.0,0.0,100.0,100.0,Normal
2022-12-30,0.0,0.0,0.0,7,14,True,0.0,0.0,0.0,0.0,0.0,0.0,0.0,100.0,100.0,Normal
2022-12-31,0.0,0.0,0.0,8,16,True,0.0,0.0,0.0,0.0,0.0,0.0,0.0,100.0,100.0,Normal
2023-01-01,0.0,0.0,0.0,7,14,True,0.0,0.0,0.0,0.0,0.0,0.0,0.0,100.0,100.0,Normal
2023-01-02,0.0,0.0,0.0,9,18,True,0.0,0.0,0.0,0.0,0.0,0.0,0.0,100.0,100.0,Normal
2023-01-03,0.0,0.0,0.0,9,18,True,0.0,0.0,0.0,0.0,0.0,0.0,0.0,100.0,100.0,Normal
2023-01-04,0.0,0.0,0.0,9,18,True,0.0,0.0,0.0,0.0,0.0,0.0,0.0,100.0,100.0,Normal
2023-01-05,4.0,492.2240000000001,3.0,43,50,True,0.5714285714285714,70.31771428571429,0.0,0.05128205128205128,0.4343364999585284,0.0,0.15594197562858414,84.40580243714159,94.80193414571386,Normal
2023-01-06,3.0,635.363,3.0,44,52,True,1.0,161.08385714285714,0.1142857142857142,0.08974358974358974,0.9949782842338797,0.14111261872455894,0.37158780388687057,62.84121961131295,82.41567401615151,Normal
2023-01-07,0.0,0.0,0.0,9,18,True,1.0,161.08385714285714,0.1824175824175824,0.08974358974358974,0.9949782842338797,0.22523744911804616,0.388412769965568,61.15872300344321,69.46858168396592,Watch
2023-01-08,0.0,0.0,0.0,8,16,True,1.0,161.08385714285714,0.1516483516483516,0.08974358974358974,0.9949782842338797,0.18724559023066484,0.38081439818809176,61.91856018119082,61.97283426531566,Watch
2023-01-09,0.0,0.0,0.0,10,20,True,1.0,161.08385714285714,0.1208791208791208,0.08974358974358974,0.9949782842338797,0.14925373134328349,0.37321602641061546,62.678397358938454,61.91856018119083,Watch
2023-01-10,0.0,0.0,0.0,9,18,True,1.0,161.08385714285714,0.0901098901098901,0.08974358974358974,0.9949782842338797,0.1112618724559023,0.3656176546331392,63.438234536686075,62.67839735893845,Watch
2023-01-11,0.0,0.0,0.0,9,18,True,1.0,161.08385714285714,0.0593406593406593,0.08974358974358974,0.9949782842338797,0.07327001356852099,0.358019282855663,64.1980717144337,63.43823453668608,Watch
2023-01-12,0.0,0.0,0.0,10,20,True,0.4285714285714285,90.76614285714288,0.0285714285714285,0.03846153846153846,0.5606417842753514,0.03527815468113967,0.19447893544960257,80.55210645503973,69.39613756871984,Watch
2023-01-13,0.0,0.0,0.0,8,16,True,0.0,0.0,-0.0021978021978021,0.0,0.0,0.002713704206241399,0.0005427408412482798,99.94572591587517,81.56530136178287,Normal
2023-01-14,0.0,0.0,0.0,11,22,True,0.0,0.0,-0.0329670329670329,0.0,0.0,0.040705563093622714,0.008141112618724543,99.18588873812755,93.22790703634747,Normal
2023-01-15,0.0,0.0,0.0,7,14,True,0.0,0.0,-0.0637362637362637,0.0,0.0,0.07869742198100405,0.01573948439620081,98.42605156037992,99.18588873812753,Normal
2023-01-16,0.0,0.0,0.0,11,22,True,0.0,0.0,-0.0945054945054945,0.0,0.0,0.11668928086838536,0.023337856173677073,97.66621438263229,98.42605156037992,Normal
2023-01-17,0.0,0.0,0.0,8,16,True,0.0,0.0,-0.1252747252747252,0.0,0.0,0.15468113975576653,0.030936227951153306,96.90637720488466,97.66621438263229,Normal
2023-01-18,0.0,0.0,0.0,10,20,True,0.0,0.0,-0.156043956043956,0.0,0.0,0.19267299864314785,0.038534599728629576,96.14654002713704,96.90637720488466,Normal
2023-01-19,0.0,0.0,0.0,9,18,True,0.0,0.0,-0.1868131868131868,0.0,0.0,0.23066485753052918,0.04613297150610584,95.38670284938942,96.14654002713705,Normal
2023-01-20,0.0,0.0,0.0,7,14,True,0.0,0.0,-0.0857142857142857,0.0,0.0,0.10583446404341927,0.021166892808683856,97.88331071913161,96.47218453188601,Normal
2023-01-21,0.0,0.0,0.0,8,15,True,0.0,0.0,0.0,0.0,0.0,0.0,0.0,100.0,97.75667118950702,Normal
2023-01-22,0.0,0.0,0.0,5,12,True,0.0,0.0,0.0,0.0,0.0,0.0,0.0,100.0,99.2944369063772,Normal
2023-01-23,0.0,0.0,0.0,8,16,True,0.0,0.0,0.0,0.0,0.0,0.0,0.0,100.0,100.0,Normal
2023-01-24,3.0,1555.0,3.0,84,59,True,0.4285714285714285,222.14285714285717,0.0,0.03846153846153846,1.0,0.0,0.3192307692307692,68.07692307692308,89.35897435897436,Normal
2023-01-25,0.0,0.0,0.0,9,18,True,0.4285714285714285,222.14285714285717,0.0857142857142857,0.03846153846153846,1.0,0.10583446404341927,0.34039766203945304,65.9602337960547,78.01238562432593,Watch
2023-01-26,0.0,0.0,0.0,11,22,True,0.4285714285714285,222.14285714285717,0.0725274725274725,0.03846153846153846,1.0,0.08955223880597013,0.33714121699196326,66.28587830080367,66.77434505792715,Watch
2023-01-27,0.0,0.0,0.0,9,18,True,0.4285714285714285,222.14285714285717,0.0593406593406593,0.03846153846153846,1.0,0.07327001356852099,0.3338847719444734,66.61152280555265,66.28587830080367,Watch
2023-01-28,0.0,0.0,0.0,12,24,True,0.4285714285714285,222.14285714285717,0.0461538461538461,0.03846153846153846,1.0,0.056987788331071855,0.33062832689698357,66.93716731030163,66.61152280555264,Watch
2023-01-29,0.0,0.0,0.0,10,20,True,0.4285714285714285,222.14285714285717,0.0329670329670329,0.03846153846153846,1.0,0.040705563093622714,0.32737188184949373,67.26281181505063,66.93716731030163,Watch
2023-01-30,0.0,0.0,0.0,12,24,True,0.4285714285714285,222.14285714285717,0.0197802197802197,0.03846153846153846,1.0,0.02442333785617358,0.32411543680200394,67.5884563197996,67.26281181505063,Watch
2023-01-31,0.0,0.0,0.0,9,18,True,0.0,0.0,0.0065934065934065,0.0,0.0,0.008141112618724444,0.001628222523744889,99.83717774762552,78.22948196082524,Watch
2023-02-01,0.0,0.0,0.0,10,20,True,0.0,0.0,-0.0065934065934065,0.0,0.0,0.008141112618724444,0.001628222523744889,99.83717774762552,89.08760393835023,Normal
2023-02-02,0.0,0.0,0.0,7,14,True,0.0,0.0,-0.0197802197802197,0.0,0.0,0.02442333785617358,0.004884667571234716,99.51153324287652,99.72862957937586,Normal
2023-02-03,0.0,0.0,0.0,16,20,True,0.0,0.0,-0.0329670329670329,0.0,0.0,0.040705563093622714,0.008141112618724543,99.18588873812755,99.51153324287652,Normal
2023-02-04,0.0,0.0,0.0,10,20,True,0.0,0.0,-0.0461538461538461,0.0,0.0,0.056987788331071855,0.011397557666214371,98.86024423337855,99.18588873812753,Normal
2023-02-05,0.0,0.0,0.0,8,16,True,0.0,0.0,-0.0593406593406593,0.0,0.0,0.07327001356852099,0.0146540027137042,98.53459972862957,98.86024423337857,Normal
2023-02-06,0.0,0.0,0.0,12,24,True,0.0,0.0,-0.0725274725274725,0.0,0.0,0.08955223880597013,0.017910447761194027,98.2089552238806,98.53459972862957,Normal
2023-02-07,0.0,0.0,0.0,9,18,True,0.0,0.0,-0.0857142857142857,0.0,0.0,0.10583446404341927,0.021166892808683856,97.88331071913161,98.2089552238806,Normal
2023-02-08,0.0,0.0,0.0,12,24,True,0.0,0.0,0.0,0.0,0.0,0.0,0.0,100.0,98.69742198100407,Normal
2023-02-09,0.0,0.0,0.0,11,20,True,0.0,0.0,0.0,0.0,0.0,0.0,0.0,100.0,99.2944369063772,Normal
2023-02-10,0.0,0.0,0.0,7,14,True,0.0,0.0,0.0,0.0,0.0,0.0,0.0,100.0,100.0,Normal
2023-02-11,0.0,0.0,0.0,7,14,True,0.0,0.0,0.0,0.0,0.0,0.0,0.0,100.0,100.0,Normal
2023-02-12,0.0,0.0,0.0,8,16,True,0.0,0.0,0.0,0.0,0.0,0.0,0.0,100.0,100.0,Normal
2023-02-13,0.0,0.0,0.0,7,14,True,0.0,0.0,0.0,0.0,0.0,0.0,0.0,100.0,100.0,Normal
2023-02-14,0.0,0.0,0.0,7,14,True,0.0,0.0,0.0,0.0,0.0,0.0,0.0,100.0,100.0,Normal
2023-02-15,0.0,0.0,0.0,6,12,True,0.0,0.0,0.0,0.0,0.0,0.0,0.0,100.0,100.0,Normal
2023-02-16,0.0,0.0,0.0,6,12,True,0.0,0.0,0.0,0.0,0.0,0.0,0.0,100.0,100.0,Normal
2023-02-17,0.0,0.0,0.0,5,10,True,0.0,0.0,0.0,0.0,0.0,0.0,0.0,100.0,100.0,Normal
2023-02-18,0.0,0.0,0.0,5,10,True,0.0,0.0,0.0,0.0,0.0,0.0,0.0,100.0,100.0,Normal
2023-02-19,0.0,0.0,0.0,4,8,True,0.0,0.0,0.0,0.0,0.0,0.0,0.0,100.0,100.0,Normal
2023-02-20,0.0,0.0,0.0,5,10,True,0.0,0.0,0.0,0.0,0.0,0.0,0.0,100.0,100.0,Normal
2023-02-21,0.0,0.0,0.0,5,10,True,0.0,0.0,0.0,0.0,0.0,0.0,0.0,100.0,100.0,Normal
2023-02-22,0.0,0.0,0.0,6,12,True,0.0,0.0,0.0,0.0,0.0,0.0,0.0,100.0,100.0,Normal
2023-02-23,0.0,0.0,0.0,6,12,True,0.0,0.0,0.0,0.0,0.0,0.0,0.0,100.0,100.0,Normal
2023-02-24,0.0,0.0,0.0,6,12,True,0.0,0.0,0.0,0.0,0.0,0.0,0.0,100.0,100.0,Normal
2023-02-25,0.0,0.0,0.0,5,10,True,0.0,0.0,0.0,0.0,0.0,0.0,0.0,100.0,100.0,Normal
2023-02-26,0.0,0.0,0.0,5,10,True,0.0,0.0,0.0,0.0,0.0,0.0,0.0,100.0,100.0,Normal
2023-02-27,0.0,0.0,0.0,5,10,True,0.0,0.0,0.0,0.0,0.0,0.0,0.0,100.0,100.0,Normal
2023-02-28,0.0,0.0,0.0,17,14,True,0.0,0.0,0.0,0.0,0.0,0.0,0.0,100.0,100.0,Normal
2023-03-01,2.0,0.0,2.0,17,12,True,0.2857142857142857,0.0,0.0,0.02564102564102564,0.0,0.0,0.01282051282051282,98.71794871794873,99.57264957264958,Normal
2023-03-02,0.0,0.0,0.0,15,18,True,0.2857142857142857,0.0,0.0571428571428571,0.02564102564102564,0.0,0.07055630936227947,0.026931774692968716,97.30682253070313,98.67492374955062,Normal
2023-03-03,0.0,0.0,0.0,12,22,True,0.2857142857142857,0.0,0.0483516483516483,0.02564102564102564,0.0,0.059701492537313376,0.024760811327975495,97.52391886720245,97.84956337195145,Normal
2023-03-04,0.0,0.0,0.0,15,30,True,0.2857142857142857,0.0,0.0395604395604395,0.02564102564102564,0.0,0.04884667571234729,0.02258984796298228,97.74101520370178,97.52391886720245,Normal
2023-03-05,0.0,0.0,0.0,12,24,True,0.2857142857142857,0.0,0.0307692307692307,0.02564102564102564,0.0,0.0379918588873812,0.02041888459798906,97.9581115402011,97.74101520370179,Normal
2023-03-06,25.0,54619.052,3.0,4340,471,True,3.857142857142857,7802.7217142857135,0.0219780219780219,0.3461538461538462,1.0,0.027137042062415104,0.4785043314894061,52.14956685105939,82.61623119832076,Normal
2023-03-07,0.0,0.0,0.0,10,20,True,3.857142857142857,7802.7217142857135,0.7274725274725274,0.3461538461538462,1.0,0.898236092265943,0.6527241415301117,34.72758584698883,61.61175474608311,Watch
2023-03-08,4.0,5081.348,3.0,374,62,True,4.142857142857143,8528.628571428571,0.6087912087912088,0.37179487179487186,1.0,0.7516960651289011,0.6362366489232162,36.37633510767838,41.084495935242195,Warning
2023-03-09,0.0,0.0,0.0,11,22,True,4.142857142857143,8528.628571428571,0.6043956043956042,0.37179487179487186,1.0,0.7462686567164178,0.6351511672407195,36.48488327592805,35.86293474353175,Critical
2023-03-10,0.0,0.0,0.0,12,24,True,4.142857142857143,8528.628571428571,0.4681318681318681,0.37179487179487186,1.0,0.5780189959294437,0.6015012350833246,39.84987649166754,37.570364958424655,Critical
2023-03-11,0.0,0.0,0.0,12,24,True,4.142857142857143,8528.628571428571,0.3318681318681318,0.37179487179487186,1.0,0.40976933514246944,0.5678513029259298,43.21486970740702,39.84987649166754,Critical
2023-03-12,0.0,0.0,0.0,9,18,True,4.142857142857143,8528.628571428571,0.1956043956043955,0.37179487179487186,1.0,0.24151967435549515,0.534201370768535,46.5798629231465,43.21486970740702,Warning
2023-03-13,0.0,0.0,0.0,10,20,True,0.5714285714285714,725.9068571428571,0.0593406593406593,0.05128205128205128,1.0,0.07327001356852099,0.34029502835472986,65.970497164527,51.92174326502684,Warning
2023-03-14,0.0,0.0,0.0,10,20,True,0.5714285714285714,725.9068571428571,-0.0769230769230769,0.05128205128205128,1.0,0.09497964721845317,0.34463695508471626,65.53630449152837,59.36222152640062,Warning
2023-03-15,0.0,0.0,0.0,11,22,True,0.0,0.0,-0.2131868131868131,0.0,0.0,0.2632293080054273,0.05264586160108547,94.73541383989146,75.41407183198227,Watch
2023-03-16,0.0,0.0,0.0,11,22,True,0.0,0.0,-0.2835164835164835,0.0,0.0,0.35006784260515605,0.07001356852103122,92.99864314789687,84.4234538264389,Normal
2023-03-17,0.0,0.0,0.0,14,28,True,0.0,0.0,-0.4109890109890109,0.0,0.0,0.5074626865671642,0.10149253731343284,89.8507462686567,92.52826775214835,Normal
2023-03-18,0.0,0.0,0.0,14,28,True,0.0,0.0,-0.5384615384615384,0.0,0.0,0.6648575305291724,0.1329715061058345,86.70284938941654,89.85074626865672,Normal
2023-03-19,0.0,0.0,0.0,16,22,True,0.0,0.0,-0.6659340659340659,0.0,0.0,0.8222523744911805,0.1644504748982361,83.55495251017639,86.70284938941654,Normal
2023-03-20,0.0,0.0,0.0,15,30,True,0.0,0.0,-0.7934065934065934,0.0,0.0,0.9796472184531887,0.19592944369063775,80.40705563093621,83.55495251017638,Normal
2023-03-21,0.0,0.0,0.0,14,28,True,0.0,0.0,-0.0967032967032967,0.0,0.0,0.11940298507462689,0.02388059701492538,97.61194029850746,87.19131614654003,Normal
2023-03-22,7.0,283.81600000000003,2.0,33,33,True,1.0,40.545142857142864,-0.1142857142857142,0.08974358974358974,0.25043810962535296,0.14111261872455894,0.14822575150431255,85.17742484956874,87.73214025967081,Normal
2023-03-23,0.0,0.0,0.0,11,22,True,1.0,40.545142857142864,0.2,0.08974358974358974,0.25043810962535296,0.24694708276797833,0.16939264431299642,83.06073556870037,88.61670023892553,Normal
2023-03-24,0.0,0.0,0.0,48,24,True,1.0,40.545142857142864,0.1692307692307692,0.08974358974358974,0.25043810962535296,0.208955223880597,0.16179427253552014,83.82057274644798,84.01957772157236,Normal
2023-03-25,0.0,0.0,0.0,11,22,True,1.0,40.545142857142864,0.1384615384615384,0.08974358974358974,0.25043810962535296,0.1709633649932157,0.1541959007580439,84.5804099241956,83.82057274644798,Normal
2023-03-26,0.0,0.0,0.0,10,20,True,1.0,40.545142857142864,0.1076923076923077,0.08974358974358974,0.25043810962535296,0.1329715061058345,0.14659752898056766,85.34024710194323,84.58040992419562,Normal
2023-03-27,0.0,0.0,0.0,10,20,True,1.0,40.545142857142864,0.0769230769230769,0.08974358974358974,0.25043810962535296,0.09497964721845317,0.1389991572030914,86.10008427969086,85.34024710194323,Normal
2023-03-28,0.0,0.0,0.0,10,20,True,1.0,40.545142857142864,0.0461538461538461,0.08974358974358974,0.25043810962535296,0.056987788331071855,0.13140078542561512,86.85992145743849,86.10008427969086,Normal
2023-03-29,0.0,0.0,0.0,11,22,True,0.0,0.0,0.0153846153846153,0.0,0.0,0.018995929443690537,0.0037991858887381075,99.6200814111262,90.86002904941851,Normal
2023-03-30,1.0,0.0,1.0,11,21,True,0.1428571428571428,0.0,-0.0153846153846153,0.012820512820512815,0.0,0.018995929443690537,0.010209442298994516,98.97905577010054,95.15301954622174,Normal
2023-03-31,0.0,0.0,0.0,12,24,True,0.1428571428571428,0.0,-0.0175824175824175,0.012820512820512815,0.0,0.02170963364993206,0.01075218314024282,98.92478168597572,99.17463962240082,Normal
2023-04-01,15.0,15217.988,3.0,1117,163,True,2.2857142857142856,2173.998285714286,-0.0527472527472527,0.20512820512820512,1.0,0.06512890094979643,0.41558988275406183,58.441011724593814,85.44828306022335,Normal
2023-04-02,0.0,0.0,0.0,13,26,True,2.2857142857142856,2173.998285714286,0.3406593406593406,0.20512820512820512,1.0,0.4206241519674355,0.4866889329575897,51.33110670424104,69.56563337160351,Watch
2023-04-03,5.0,1405.24,3.0,102,28,True,3.0,2374.7468571428576,0.2395604395604395,0.2692307692307692,1.0,0.2957937584803256,0.49377413631144973,50.622586368855025,53.46490159922996,Warning
2023-04-04,47.0,22409.963,3.0,1624,213,True,9.714285714285714,5576.170142857144,0.2813186813186813,0.8717948717948718,1.0,0.34735413839891455,0.8053682635772188,19.46317364227812,40.472288905124735,Warning
2023-04-05,20.0,14468.095,3.0,1092,68,True,12.571428571428571,7643.040857142858,1.501098901098901,1.0,1.0,1.0,1.0,0.0,23.36192000371105,Critical
2023-04-06,0.0,0.0,0.0,0,0,False,12.428571428571429,7643.040857142858,1.973626373626374,1.0,1.0,1.0,1.0,0.0,6.4877245474260405,Inactive
2023-04-07,0.0,0.0,0.0,0,0,False,12.428571428571429,7643.040857142858,1.586813186813187,1.0,1.0,1.0,1.0,0.0,0.0,Inactive
2023-04-08,0.0,0.0,0.0,0,0,False,10.285714285714286,5469.042571428573,1.2000000000000002,0.9230769230769232,1.0,1.0,0.9615384615384617,3.8461538461538325,1.2820512820512775,Inactive
2023-04-09,0.0,0.0,0.0,0,0,False,10.285714285714286,5469.042571428573,0.8131868131868132,0.9230769230769232,1.0,1.0,0.9615384615384617,3.8461538461538325,2.564102564102555,Inactive
2023-04-10,0.0,0.0,0.0,0,0,False,9.571428571428571,5268.294000000001,0.4263736263736265,0.858974358974359,1.0,0.5264586160108551,0.8347789026893506,16.522109731064937,8.071472474457535,Inactive
2023-04-11,13.0,8901.619,3.0,663,98,True,4.714285714285714,3338.5305714285714,0.0395604395604395,0.42307692307692313,1.0,0.04884667571234729,0.521307796680931,47.8692203319069,22.745827969708557,Critical
2023-04-12,0.0,0.0,0.0,0,0,False,1.8571428571428568,1271.6598571428572,0.0241758241758241,0.16666666666666663,1.0,0.029850746268656626,0.38930348258706465,61.06965174129353,41.820327268088455,Inactive
2023-04-13,0.0,0.0,0.0,0,0,False,1.8571428571428568,1271.6598571428572,-0.4197802197802197,0.16666666666666663,1.0,0.5183175033921302,0.48699683401175936,51.30031659882406,53.41306289067483,Inactive
2023-04-14,0.0,0.0,0.0,0,0,False,1.8571428571428568,1271.6598571428572,-0.8307692307692308,0.16666666666666663,1.0,1.0,0.5833333333333333,41.66666666666667,51.34554500226142,Inactive
2023-04-15,0.0,0.0,0.0,0,0,False,1.8571428571428568,1271.6598571428572,-1.2703296703296705,0.16666666666666663,1.0,1.0,0.5833333333333333,41.66666666666667,44.877883310719135,Inactive
2023-04-16,0.0,0.0,0.0,0,0,False,1.8571428571428568,1271.6598571428572,-1.2153846153846153,0.16666666666666663,1.0,1.0,0.5833333333333333,41.66666666666667,41.66666666666667,Inactive
2023-04-17,0.0,0.0,0.0,0,0,False,1.8571428571428568,1271.6598571428572,-1.5890109890109891,0.16666666666666663,1.0,1.0,0.5833333333333333,41.66666666666667,41.66666666666667,Inactive
2023-04-18,0.0,0.0,0.0,0,0,False,0.0,0.0,-1.7978021978021976,0.0,0.0,1.0,0.2,80.0,54.44444444444445,Inactive
2023-04-19,0.0,0.0,0.0,0,0,False,0.0,0.0,-0.6,0.0,0.0,0.7408412483039349,0.14816824966078698,85.1831750339213,68.94994723352931,Inactive
2023-04-20,1.0,0.0,1.0,1,0,False,0.1428571428571428,0.0,-0.0857142857142857,0.012820512820512815,0.0,0.10583446404341927,0.027577149218940264,97.24228507810597,87.47515337067576,Inactive
2023-04-21,0.0,0.0,0.0,0,0,False,0.1428571428571428,0.0,-0.1142857142857142,0.012820512820512815,0.0,0.14111261872455894,0.03463278015516819,96.53672198448318,92.98739403217014,Inactive
2023-04-22,0.0,0.0,0.0,0,0,False,0.1428571428571428,0.0,-0.1758241758241758,0.012820512820512815,0.0,0.21709633649932158,0.04982952371012073,95.01704762898792,96.26535156385903,Inactive
2023-04-23,0.0,0.0,0.0,0,0,False,0.1428571428571428,0.0,-0.2373626373626373,0.012820512820512815,0.0,0.29308005427408407,0.06502626726507323,93.49737327349268,95.01704762898792,Inactive
2023-04-24,0.0,0.0,0.0,0,0,False,0.1428571428571428,0.0,-0.2989010989010989,0.012820512820512815,0.0,0.3690637720488467,0.08022301082002575,91.97769891799743,93.49737327349267,Inactive
2023-04-25,2.0,288.41700000000003,1.0,0,0,False,0.4285714285714285,41.20242857142858,-0.3604395604395604,0.03846153846153846,0.2544980137265532,0.4450474898236092,0.18458967131345705,81.5410328686543,89.00536835338147,Inactive
2023-04-26,0.0,0.0,0.0,0,0,False,0.4285714285714285,41.20242857142858,0.0637362637362637,0.03846153846153846,0.2544980137265532,0.07869742198100405,0.11131965774493599,88.86803422550639,87.46225533738605,Inactive
2023-04-27,2.0,0.0,1.0,1,0,False,0.5714285714285714,41.20242857142858,0.0505494505494505,0.05128205128205128,0.2544980137265532,0.062415196743554904,0.11447346910770256,88.55265308922975,86.3205733944635,Inactive
2023-04-28,0.0,0.0,0.0,0,0,False,0.5714285714285714,41.20242857142858,0.0945054945054945,0.05128205128205128,0.2544980137265532,0.11668928086838536,0.12532828593266865,87.46717140673313,88.2959529071564,Inactive
2023-04-29,0.0,0.0,0.0,0,0,False,0.5714285714285714,41.20242857142858,0.0725274725274725,0.05128205128205128,0.2544980137265532,0.08955223880597013,0.1199008775201856,88.00991224798143,88.00991224798143,Inactive
2023-04-30,0.0,0.0,0.0,0,0,False,0.5714285714285714,41.20242857142858,0.0505494505494505,0.05128205128205128,0.2544980137265532,0.062415196743554904,0.11447346910770256,88.55265308922975,88.00991224798143,Inactive
2023-05-01,0.0,0.0,0.0,0,0,False,0.5714285714285714,41.20242857142858,0.0285714285714285,0.05128205128205128,0.2544980137265532,0.03527815468113967,0.10904606069521952,89.09539393047805,88.55265308922975,Inactive
2023-05-02,0.0,0.0,0.0,0,0,False,0.2857142857142857,0.0,0.0065934065934065,0.02564102564102564,0.0,0.008141112618724444,0.01444873534425771,98.55512646557423,92.06772449509401,Inactive
2023-05-03,0.0,0.0,0.0,0,0,False,0.2857142857142857,0.0,-0.0153846153846153,0.02564102564102564,0.0,0.018995929443690537,0.016619698709250928,98.33803012907491,95.32951684170905,Inactive
2023-05-04,0.0,0.0,0.0,0,0,False,0.0,0.0,-0.0373626373626373,0.0,0.0,0.04613297150610576,0.009226594301221153,99.07734056987788,98.65683238817566,Inactive
2023-05-05,0.0,0.0,0.0,0,0,False,0.0,0.0,-0.0263736263736263,0.0,0.0,0.03256445047489815,0.00651289009497963,99.34871099050203,98.9213605631516,Inactive
2023-05-06,0.0,0.0,0.0,0,0,False,0.0,0.0,-0.0439560439560439,0.0,0.0,0.05427408412483033,0.010854816824966066,98.9145183175034,99.11352329262776,Inactive
2023-05-07,0.0,0.0,0.0,0,0,False,0.0,0.0,-0.0615384615384615,0.0,0.0,0.07598371777476251,0.015196743554952503,98.48032564450475,98.9145183175034,Inactive
2023-05-08,0.0,0.0,0.0,0,0,False,0.0,0.0,-0.0791208791208791,0.0,0.0,0.0976933514246947,0.01953867028493894,98.04613297150611,98.48032564450476,Inactive
2023-05-09,0.0,0.0,0.0,0,0,False,0.0,0.0,-0.0967032967032967,0.0,0.0,0.11940298507462689,0.02388059701492538,97.61194029850746,98.04613297150611,Inactive
2023-05-10,0.0,0.0,0.0,0,0,False,0.0,0.0,-0.0483516483516483,0.0,0.0,0.059701492537313376,0.011940298507462676,98.80597014925372,98.15468113975577,Inactive
2023-05-11,0.0,0.0,0.0,0,0,False,0.0,0.0,-0.0571428571428571,0.0,0.0,0.07055630936227947,0.014111261872455894,98.5888738127544,98.33559475350519,Inactive
2023-05-12,0.0,0.0,0.0,0,0,False,0.0,0.0,0.0,0.0,0.0,0.0,0.0,100.0,99.1316146540027,Inactive
2023-05-13,0.0,0.0,0.0,0,0,False,0.0,0.0,0.0,0.0,0.0,0.0,0.0,100.0,99.52962460425147,Inactive
2023-05-14,0.0,0.0,0.0,0,0,False,0.0,0.0,0.0,0.0,0.0,0.0,0.0,100.0,100.0,Inactive
2023-05-15,0.0,0.0,0.0,0,0,False,0.0,0.0,0.0,0.0,0.0,0.0,0.0,100.0,100.0,Inactive
2023-05-16,0.0,0.0,0.0,0,0,False,0.0,0.0,0.0,0.0,0.0,0.0,0.0,100.0,100.0,Inactive
2023-05-17,0.0,0.0,0.0,0,0,False,0.0,0.0,0.0,0.0,0.0,0.0,0.0,100.0,100.0,Inactive
2023-05-18,0.0,0.0,0.0,0,0,False,0.0,0.0,0.0,0.0,0.0,0.0,0.0,100.0,100.0,Inactive
2023-05-19,0.0,0.0,0.0,0,0,False,0.0,0.0,0.0,0.0,0.0,0.0,0.0,100.0,100.0,Inactive
2023-05-20,0.0,0.0,0.0,0,0,False,0.0,0.0,0.0,0.0,0.0,0.0,0.0,100.0,100.0,Inactive
2023-05-21,0.0,0.0,0.0,0,0,False,0.0,0.0,0.0,0.0,0.0,0.0,0.0,100.0,100.0,Inactive
2023-05-22,0.0,0.0,0.0,0,0,False,0.0,0.0,0.0,0.0,0.0,0.0,0.0,100.0,100.0,Inactive
2023-05-23,0.0,0.0,0.0,0,0,False,0.0,0.0,0.0,0.0,0.0,0.0,0.0,100.0,100.0,Inactive
2023-05-24,31.0,10861.677,4.0,850,73,True,4.428571428571429,1551.6681428571428,0.0,0.39743589743589747,1.0,0.0,0.4987179487179487,50.128205128205124,83.37606837606837,Normal
2023-05-25,2.0,102.547,1.0,11,0,True,4.714285714285714,1566.3177142857144,0.8857142857142857,0.42307692307692313,1.0,1.0,0.7115384615384615,28.846153846153854,59.658119658119666,Warning
2023-05-26,1.0,204.548,1.0,19,0,True,4.857142857142857,1595.538857142857,0.8065934065934064,0.4358974358974359,1.0,0.9959294436906376,0.7171346066868454,28.286539331315463,35.75363276855815,Critical
2023-05-27,0.0,0.0,0.0,0,0,False,4.857142857142857,1595.538857142857,0.6901098901098901,0.4358974358974359,1.0,0.8521031207598373,0.6883693421006853,31.163065789931466,29.43191965580026,Inactive
2023-05-28,0.0,0.0,0.0,0,0,False,4.857142857142857,1595.538857142857,0.5406593406593407,0.4358974358974359,1.0,0.667571234735414,0.6514629648958007,34.85370351041993,31.43443621055562,Inactive
2023-05-29,0.0,0.0,0.0,0,0,False,4.857142857142857,1595.538857142857,0.3912087912087912,0.4358974358974359,1.0,0.4830393487109906,0.614556587690916,38.544341230908394,34.85370351041993,Inactive
2023-05-30,37.0,21129.233,6.0,1771,10,True,10.142857142857142,4614.000714285714,0.2417582417582417,0.9102564102564102,1.0,0.29850746268656714,0.8148296976655185,18.51703023344815,30.63835832492549,Critical
2023-05-31,37.0,4044.661,5.0,250,24,True,11.0,3640.1412857142855,1.1494505494505494,0.9871794871794872,1.0,1.0,0.9935897435897436,0.6410256410256387,19.234132368460727,Critical
2023-06-01,4.0,76.495,2.0,1,0,False,11.285714285714286,3636.419571428571,1.8945054945054944,1.0,1.0,1.0,1.0,0.0,6.3860186248245965,Inactive
2023-06-02,0.0,0.0,0.0,0,0,False,11.142857142857142,3607.198428571428,1.534065934065934,1.0,1.0,1.0,1.0,0.0,0.21367521367521292,Inactive
2023-06-03,0.0,0.0,0.0,0,0,False,11.142857142857142,3607.198428571428,1.0417582417582416,1.0,1.0,1.0,1.0,0.0,0.0,Inactive
2023-06-04,0.0,0.0,0.0,0,0,False,11.142857142857142,3607.198428571428,0.5494505494505495,1.0,1.0,0.67842605156038,0.9356852103120761,6.431478968792392,2.1438263229307974,Inactive
2023-06-05,5.0,144.78,3.0,3,0,False,11.857142857142858,3627.881285714285,0.0571428571428571,1.0,1.0,0.07055630936227947,0.814111261872456,18.588873812754404,8.340117593848932,Inactive
2023-06-06,0.0,0.0,0.0,0,0,False,6.571428571428571,609.419428571428,-0.2923076923076923,0.5897435897435898,1.0,0.3609226594301222,0.6670563267578193,33.294367324218065,19.438240035254953,Inactive
2023-06-07,0.0,0.0,0.0,0,0,False,1.2857142857142858,31.610714285713765,-0.8065934065934065,0.1153846153846154,0.19525217995937175,0.9959294436906377,0.3154538504182468,68.45461495817531,40.11261869838259,Inactive
2023-06-08,0.0,0.0,0.0,0,0,False,0.7142857142857143,20.682857142856623,-0.2989010989010989,0.06410256410256411,0.1277532961903405,0.3690637720488467,0.14419002531815356,85.58099746818463,62.443326583525995,Inactive
2023-06-09,8.0,574.956,3.0,10,0,False,1.8571428571428568,102.81942857142803,-0.610989010989011,0.16666666666666663,0.6350921839125069,0.7544097693351426,0.4247429423741139,57.52570576258861,70.52043939631618,Inactive
2023-06-10,0.0,0.0,0.0,0,0,False,1.8571428571428568,102.81942857142803,-0.7186813186813186,0.16666666666666663,0.6350921839125069,0.8873812754409769,0.4513372435952808,54.86627564047192,65.99099295708173,Inactive
2023-06-11,0.0,0.0,0.0,0,0,False,1.8571428571428568,102.81942857142803,-1.1186813186813185,0.16666666666666663,0.6350921839125069,1.0,0.4738609885070854,52.61390114929145,55.001960850783995,Inactive
2023-06-12,0.0,0.0,0.0,0,0,False,1.1428571428571428,82.13657142857092,-1.5186813186813186,0.10256410256410256,0.5073388877221633,1.0,0.4034837175987003,59.65162824012997,55.71060167663111,Inactive
2023-06-13,0.0,0.0,0.0,0,0,False,1.1428571428571428,82.13657142857092,-1.9186813186813183,0.10256410256410256,0.5073388877221633,1.0,0.4034837175987003,59.65162824012997,57.30571920985046,Inactive
2023-06-14,0.0,0.0,0.0,0,0,False,1.1428571428571428,82.13657142857092,-1.098901098901099,0.10256410256410256,0.5073388877221633,1.0,0.4034837175987003,59.65162824012997,59.65162824012997,Inactive
2023-06-15,0.0,0.0,0.0,0,0,False,1.1428571428571428,82.13657142857092,-0.1164835164835164,0.10256410256410256,0.5073388877221633,0.14382632293080047,0.23224898218486037,76.77510178151397,65.35945275392463,Inactive
2023-06-16,0.0,0.0,0.0,0,0,False,0.0,0.0,-0.0593406593406593,0.0,0.0,0.07327001356852099,0.0146540027137042,98.53459972862957,78.32044325009117,Inactive
2023-06-17,0.0,0.0,0.0,1,0,False,0.0,0.0,-0.1164835164835164,0.0,0.0,0.14382632293080047,0.028765264586160095,97.12347354138399,90.81105835050919,Inactive
2023-06-18,0.0,0.0,0.0,0,0,False,0.0,0.0,-0.1736263736263736,0.0,0.0,0.21438263229308005,0.04287652645861601,95.71234735413839,97.12347354138399,Inactive
2023-06-19,0.0,0.0,0.0,0,0,False,0.0,0.0,-0.2307692307692307,0.0,0.0,0.2849389416553595,0.056987788331071904,94.30122116689282,95.71234735413839,Inactive
2023-06-20,0.0,0.0,0.0,0,0,False,0.0,0.0,-0.123076923076923,0.0,0.0,0.15196743554952502,0.030393487109905006,96.9606512890095,95.65807327001357,Inactive
2023-06-21,0.0,0.0,0.0,0,0,False,0.0,0.0,-0.1582417582417582,0.0,0.0,0.1953867028493894,0.03907734056987788,96.09226594301221,95.78471279963817,Inactive
2023-06-22,0.0,0.0,0.0,0,0,False,0.0,0.0,-0.1934065934065934,0.0,0.0,0.23880597014925378,0.04776119402985076,95.22388059701493,96.09226594301221,Inactive
2023-06-23,0.0,0.0,0.0,0,0,False,0.0,0.0,-0.2285714285714285,0.0,0.0,0.282225237449118,0.0564450474898236,94.35549525101764,95.22388059701491,Inactive
2023-06-24,0.0,0.0,0.0,0,0,False,0.0,0.0,0.0,0.0,0.0,0.0,0.0,100.0,96.52645861601086,Inactive
2023-06-25,0.0,0.0,0.0,0,0,False,0.0,0.0,0.0,0.0,0.0,0.0,0.0,100.0,98.11849841700587,Inactive
2023-06-26,0.0,0.0,0.0,0,0,False,0.0,0.0,0.0,0.0,0.0,0.0,0.0,100.0,100.0,Inactive
2023-06-27,0.0,0.0,0.0,0,0,False,0.0,0.0,0.0,0.0,0.0,0.0,0.0,100.0,100.0,Inactive
2023-06-28,0.0,0.0,0.0,0,0,False,0.0,0.0,0.0,0.0,0.0,0.0,0.0,100.0,100.0,Inactive
2023-06-29,0.0,0.0,0.0,0,0,False,0.0,0.0,0.0,0.0,0.0,0.0,0.0,100.0,100.0,Inactive
2023-06-30,2.0,0.0,1.0,1,0,False,0.2857142857142857,0.0,0.0,0.02564102564102564,0.0,0.0,0.01282051282051282,98.71794871794873,99.57264957264958,Inactive
2023-07-01,0.0,0.0,0.0,0,0,False,0.2857142857142857,0.0,0.0571428571428571,0.02564102564102564,0.0,0.07055630936227947,0.026931774692968716,97.30682253070313,98.67492374955062,Inactive
2023-07-02,0.0,0.0,0.0,0,0,False,0.2857142857142857,0.0,0.0483516483516483,0.02564102564102564,0.0,0.059701492537313376,0.024760811327975495,97.52391886720245,97.84956337195143,Inactive
2023-07-03,0.0,0.0,0.0,0,0,False,0.2857142857142857,0.0,0.0395604395604395,0.02564102564102564,0.0,0.04884667571234729,0.02258984796298228,97.74101520370178,97.52391886720245,Inactive
2023-07-04,0.0,0.0,0.0,0,0,False,0.2857142857142857,0.0,0.0307692307692307,0.02564102564102564,0.0,0.0379918588873812,0.02041888459798906,97.9581115402011,97.74101520370179,Inactive
2023-07-05,0.0,0.0,0.0,0,0,False,0.2857142857142857,0.0,0.0219780219780219,0.02564102564102564,0.0,0.027137042062415104,0.01824792123299584,98.17520787670043,97.95811154020112,Inactive
2023-07-06,0.0,0.0,0.0,0,0,False,0.2857142857142857,0.0,0.0131868131868131,0.02564102564102564,0.0,0.016282225237449013,0.016076957868002624,98.39230421319974,98.17520787670041,Inactive
2023-07-07,0.0,0.0,0.0,0,0,False,0.0,0.0,0.0043956043956043,0.0,0.0,0.005427408412482922,0.0010854816824965843,99.89145183175035,98.81965464055016,Inactive
2023-07-08,0.0,0.0,0.0,0,0,False,0.0,0.0,-0.0043956043956043,0.0,0.0,0.005427408412482922,0.0010854816824965843,99.89145183175035,99.39173595890014,Inactive
2023-07-09,0.0,0.0,0.0,0,0,False,0.0,0.0,-0.0131868131868131,0.0,0.0,0.016282225237449013,0.0032564450474898026,99.67435549525102,99.81908638625056,Inactive
2023-07-10,0.0,0.0,0.0,0,0,False,0.0,0.0,-0.0219780219780219,0.0,0.0,0.027137042062415104,0.005427408412483022,99.4572591587517,99.67435549525102,Inactive
2023-07-11,0.0,0.0,0.0,0,0,False,0.0,0.0,-0.0307692307692307,0.0,0.0,0.0379918588873812,0.00759837177747624,99.24016282225237,99.4572591587517,Inactive
2023-07-12,2.0,0.0,1.0,1,0,False,0.2857142857142857,0.0,-0.0395604395604395,0.02564102564102564,0.0,0.04884667571234729,0.02258984796298228,97.74101520370178,98.81281239490197,Inactive
2023-07-13,0.0,0.0,0.0,44,20,True,0.2857142857142857,0.0,0.0087912087912087,0.02564102564102564,0.0,0.010854816824965967,0.014991476185506013,98.5008523814494,98.49401013580119,Normal
2023-07-14,0.0,0.0,0.0,49,18,True,0.2857142857142857,0.0,-0.0087912087912087,0.02564102564102564,0.0,0.010854816824965967,0.014991476185506013,98.5008523814494,98.2475733222002,Normal
2023-07-15,0.0,0.0,0.0,66,22,True,0.2857142857142857,0.0,0.0395604395604395,0.02564102564102564,0.0,0.04884667571234729,0.02258984796298228,97.74101520370178,98.2475733222002,Normal
2023-07-16,0.0,0.0,0.0,60,20,True,0.2857142857142857,0.0,0.0307692307692307,0.02564102564102564,0.0,0.0379918588873812,0.02041888459798906,97.9581115402011,98.06665970845076,Normal
2023-07-17,0.0,0.0,0.0,67,24,True,0.2857142857142857,0.0,0.0219780219780219,0.02564102564102564,0.0,0.027137042062415104,0.01824792123299584,98.17520787670043,97.9581115402011,Normal
2023-07-18,0.0,0.0,0.0,73,24,True,0.2857142857142857,0.0,0.0131868131868131,0.02564102564102564,0.0,0.016282225237449013,0.016076957868002624,98.39230421319974,98.17520787670043,Normal
2023-07-19,0.0,0.0,0.0,62,25,True,0.0,0.0,0.0043956043956043,0.0,0.0,0.005427408412482922,0.0010854816824965843,99.89145183175035,98.81965464055016,Normal
2023-07-20,0.0,0.0,0.0,72,24,True,0.0,0.0,-0.0043956043956043,0.0,0.0,0.005427408412482922,0.0010854816824965843,99.89145183175035,99.39173595890014,Normal
2023-07-21,0.0,0.0,0.0,60,20,True,0.0,0.0,-0.0131868131868131,0.0,0.0,0.016282225237449013,0.0032564450474898026,99.67435549525102,99.81908638625056,Normal
2023-07-22,2.0,0.0,1.0,68,30,True,0.2857142857142857,0.0,-0.0219780219780219,0.02564102564102564,0.0,0.027137042062415104,0.01824792123299584,98.17520787670043,99.2470050679006,Normal
2023-07-23,0.0,0.0,0.0,66,23,True,0.2857142857142857,0.0,0.0263736263736263,0.02564102564102564,0.0,0.03256445047489815,0.019333402915492452,98.06665970845076,98.63874102680073,Normal
2023-07-24,0.0,0.0,0.0,80,30,True,0.2857142857142857,0.0,0.0087912087912087,0.02564102564102564,0.0,0.010854816824965967,0.014991476185506013,98.5008523814494,98.2475733222002,Normal
2023-07-25,0.0,0.0,0.0,73,26,True,0.2857142857142857,0.0,-0.0087912087912087,0.02564102564102564,0.0,0.010854816824965967,0.014991476185506013,98.5008523814494,98.35612149044987,Normal
2023-07-26,2.0,0.0,1.0,61,20,True,0.5714285714285714,0.0,-0.0263736263736263,0.05128205128205128,0.0,0.03256445047489815,0.03215391573600527,96.78460842639947,97.92877106309943,Normal
2023-07-27,19.0,730.955,4.0,85,36,True,3.2857142857142856,104.42214285714236,0.0791208791208791,0.2948717948717949,0.6449917848930256,0.0976933514246947,0.360472103188744,63.9527896811256,86.41275016299149,Normal
2023-07-28,0.0,0.0,0.0,66,22,True,3.2857142857142856,104.42214285714236,0.6043956043956044,0.2948717948717949,0.6449917848930256,0.746268656716418,0.49018716424708864,50.98128357529114,70.57289389427207,Watch
2023-07-29,0.0,0.0,0.0,78,26,True,3.0,104.42214285714236,0.5032967032967033,0.2692307692307692,0.6449917848930256,0.6214382632293081,0.4524005727291539,54.759942727084606,56.56467199450045,Warning
2023-07-30,0.0,0.0,0.0,55,20,True,3.0,104.42214285714236,0.4021978021978021,0.2692307692307692,0.6449917848930256,0.49660786974219806,0.4274344940317319,57.25655059682681,54.33259229973419,Warning
2023-07-31,0.0,0.0,0.0,60,20,True,3.0,104.42214285714236,0.3010989010989011,0.2692307692307692,0.6449917848930256,0.3717774762550882,0.40246841533430994,59.75315846656901,57.256550596826806,Warning
2023-08-01,0.0,0.0,0.0,71,26,True,3.0,104.42214285714236,0.1999999999999999,0.2692307692307692,0.6449917848930256,0.2469470827679782,0.3775023366368879,62.24976633631121,59.75315846656901,Warning
2023-08-02,0.0,0.0,0.0,66,24,True,2.7142857142857144,104.42214285714236,0.0989010989010989,0.2435897435897436,0.6449917848930256,0.1221166892808684,0.33971574511895314,66.02842548810469,62.67711676366164,Watch
2023-08-03,0.0,0.0,0.0,76,30,True,0.0,0.0,-0.0021978021978021,0.0,0.0,0.002713704206241399,0.0005427408412482798,99.94572591587517,76.0746392467637,Watch
2023-08-04,0.0,0.0,0.0,67,24,True,0.0,0.0,-0.1032967032967032,0.0,0.0,0.12754409769335132,0.025508819538670263,97.44911804613298,87.80775648337095,Normal
2023-08-05,0.0,0.0,0.0,68,26,True,0.0,0.0,-0.2043956043956044,0.0,0.0,0.25237449118046135,0.050474898236092275,94.95251017639077,97.44911804613298,Normal
2023-08-06,0.0,0.0,0.0,55,20,True,0.0,0.0,-0.2395604395604395,0.0,0.0,0.2957937584803256,0.05915875169606512,94.08412483039349,95.49525101763908,Normal
2023-08-07,0.0,0.0,0.0,68,26,True,0.0,0.0,-0.3318681318681318,0.0,0.0,0.40976933514246944,0.08195386702849389,91.80461329715061,93.61374943464496,Normal
2023-08-08,0.0,0.0,0.0,80,28,True,0.0,0.0,-0.4241758241758241,0.0,0.0,0.5237449118046132,0.10474898236092266,89.52510176390773,91.80461329715062,Normal
2023-08-09,2.0,0.0,1.0,64,24,True,0.2857142857142857,0.0,-0.5164835164835164,0.02564102564102564,0.0,0.6377204884667571,0.14036461051386426,85.96353894861358,89.09775133655732,Normal
2023-08-10,0.0,0.0,0.0,42,12,True,0.2857142857142857,0.0,-0.4857142857142857,0.02564102564102564,0.0,0.5997286295793759,0.13276623873638801,86.7233761263612,87.40400561296083,Normal
2023-08-11,0.0,0.0,0.0,55,18,True,0.2857142857142857,0.0,0.0483516483516483,0.02564102564102564,0.0,0.059701492537313376,0.024760811327975495,97.52391886720245,90.07027798072575,Normal
2023-08-12,0.0,0.0,0.0,0,0,False,0.2857142857142857,0.0,0.0395604395604395,0.02564102564102564,0.0,0.04884667571234729,0.02258984796298228,97.74101520370178,93.99610339908848,Inactive
2023-08-13,0.0,0.0,0.0,0,0,False,0.2857142857142857,0.0,0.0307692307692307,0.02564102564102564,0.0,0.0379918588873812,0.02041888459798906,97.9581115402011,97.74101520370179,Inactive
2023-08-14,0.0,0.0,0.0,0,0,False,0.2857142857142857,0.0,0.0219780219780219,0.02564102564102564,0.0,0.027137042062415104,0.01824792123299584,98.17520787670043,97.95811154020112,Inactive
2023-08-15,0.0,0.0,0.0,0,0,False,0.2857142857142857,0.0,0.0131868131868131,0.02564102564102564,0.0,0.016282225237449013,0.016076957868002624,98.39230421319974,98.17520787670043,Inactive
2023-08-16,0.0,0.0,0.0,0,0,False,0.0,0.0,0.0043956043956043,0.0,0.0,0.005427408412482922,0.0010854816824965843,99.89145183175035,98.81965464055018,Inactive
2023-08-17,0.0,0.0,0.0,0,0,False,0.0,0.0,-0.0043956043956043,0.0,0.0,0.005427408412482922,0.0010854816824965843,99.89145183175035,99.39173595890014,Inactive
2023-08-18,0.0,0.0,0.0,0,0,False,0.0,0.0,-0.0131868131868131,0.0,0.0,0.016282225237449013,0.0032564450474898026,99.67435549525102,99.81908638625059,Inactive
2023-08-19,0.0,0.0,0.0,0,0,False,0.0,0.0,-0.0219780219780219,0.0,0.0,0.027137042062415104,0.005427408412483022,99.4572591587517,99.67435549525102,Inactive
2023-08-20,0.0,0.0,0.0,68,24,True,0.0,0.0,-0.0307692307692307,0.0,0.0,0.0379918588873812,0.00759837177747624,99.24016282225237,99.4572591587517,Normal
2023-08-21,0.0,0.0,0.0,60,20,True,0.0,0.0,-0.0395604395604395,0.0,0.0,0.04884667571234729,0.009769335142469459,99.02306648575305,99.24016282225239,Normal
2023-08-22,0.0,0.0,0.0,52,24,True,0.0,0.0,-0.0483516483516483,0.0,0.0,0.059701492537313376,0.011940298507462676,98.80597014925372,99.02306648575306,Normal
2023-08-23,0.0,0.0,0.0,69,24,True,0.0,0.0,-0.0571428571428571,0.0,0.0,0.07055630936227947,0.014111261872455894,98.5888738127544,98.80597014925372,Normal
2023-08-24,0.0,0.0,0.0,78,26,True,0.0,0.0,0.0,0.0,0.0,0.0,0.0,100.0,99.13161465400272,Normal
2023-08-25,4.0,0.0,1.0,63,22,True,0.5714285714285714,0.0,0.0,0.05128205128205128,0.0,0.0,0.02564102564102564,97.43589743589743,98.67492374955062,Normal
2023-08-26,0.0,0.0,0.0,66,22,True,0.5714285714285714,0.0,0.1142857142857142,0.05128205128205128,0.0,0.14111261872455894,0.05386354938593743,94.61364506140626,97.34984749910124,Normal
2023-08-27,0.0,0.0,0.0,55,20,True,0.5714285714285714,0.0,0.0967032967032967,0.05128205128205128,0.0,0.11940298507462689,0.04952162265595102,95.0478377344049,95.69912674390287,Normal
2023-08-28,0.0,0.0,0.0,60,20,True,0.5714285714285714,0.0,0.0791208791208791,0.05128205128205128,0.0,0.0976933514246947,0.04517969592596458,95.48203040740354,95.0478377344049,Normal
2023-08-29,0.0,0.0,0.0,84,28,True,0.5714285714285714,0.0,0.0615384615384615,0.05128205128205128,0.0,0.07598371777476251,0.040837769195978146,95.91622308040219,95.48203040740354,Normal
2023-08-30,0.0,0.0,0.0,62,24,True,0.5714285714285714,0.0,0.0439560439560439,0.05128205128205128,0.0,0.05427408412483033,0.036495842465991704,96.35041575340082,95.91622308040219,Normal
2023-08-31,0.0,0.0,0.0,78,26,True,0.5714285714285714,0.0,0.0263736263736263,0.05128205128205128,0.0,0.03256445047489815,0.03215391573600527,96.78460842639947,96.35041575340084,Normal
2023-09-01,0.0,0.0,0.0,60,20,True,0.0,0.0,0.0087912087912087,0.0,0.0,0.010854816824965967,0.0021709633649931934,99.78290366350068,97.63930928110032,Normal
2023-09-02,0.0,0.0,0.0,71,28,True,0.0,0.0,-0.0087912087912087,0.0,0.0,0.010854816824965967,0.0021709633649931934,99.78290366350068,98.78347191780028,Normal
2023-09-03,0.0,0.0,0.0,73,26,True,0.0,0.0,-0.0263736263736263,0.0,0.0,0.03256445047489815,0.00651289009497963,99.34871099050203,99.63817277250114,Normal
2023-09-04,0.0,0.0,0.0,67,24,True,0.0,0.0,-0.0439560439560439,0.0,0.0,0.05427408412483033,0.010854816824966066,98.9145183175034,99.34871099050203,Normal
2023-09-05,0.0,0.0,0.0,70,24,True,0.0,0.0,-0.0615384615384615,0.0,0.0,0.07598371777476251,0.015196743554952503,98.48032564450475,98.9145183175034,Normal
2023-09-06,0.0,0.0,0.0,55,20,True,0.0,0.0,-0.0791208791208791,0.0,0.0,0.0976933514246947,0.01953867028493894,98.04613297150611,98.48032564450476,Normal
2023-09-07,0.0,0.0,0.0,61,22,True,0.0,0.0,-0.0967032967032967,0.0,0.0,0.11940298507462689,0.02388059701492538,97.61194029850746,98.04613297150611,Normal
2023-09-08,0.0,0.0,0.0,66,22,True,0.0,0.0,-0.1142857142857142,0.0,0.0,0.14111261872455894,0.028222523744911788,97.17774762550883,97.61194029850746,Normal
2023-09-09,0.0,0.0,0.0,62,24,True,0.0,0.0,0.0,0.0,0.0,0.0,0.0,100.0,98.26322930800545,Normal
2023-09-10,0.0,0.0,0.0,78,26,True,0.0,0.0,0.0,0.0,0.0,0.0,0.0,100.0,99.05924920850293,Normal
2023-09-11,0.0,0.0,0.0,61,20,True,0.0,0.0,0.0,0.0,0.0,0.0,0.0,100.0,100.0,Normal
2023-09-12,0.0,0.0,0.0,66,22,True,0.0,0.0,0.0,0.0,0.0,0.0,0.0,100.0,100.0,Normal
2023-09-13,0.0,0.0,0.0,66,22,True,0.0,0.0,0.0,0.0,0.0,0.0,0.0,100.0,100.0,Normal
2023-09-14,0.0,0.0,0.0,73,26,True,0.0,0.0,0.0,0.0,0.0,0.0,0.0,100.0,100.0,Normal
2023-09-15,0.0,0.0,0.0,66,24,True,0.0,0.0,0.0,0.0,0.0,0.0,0.0,100.0,100.0,Normal
2023-09-16,0.0,0.0,0.0,74,26,True,0.0,0.0,0.0,0.0,0.0,0.0,0.0,100.0,100.0,Normal
2023-09-17,0.0,0.0,0.0,67,24,True,0.0,0.0,0.0,0.0,0.0,0.0,0.0,100.0,100.0,Normal
2023-09-18,0.0,0.0,0.0,61,24,True,0.0,0.0,0.0,0.0,0.0,0.0,0.0,100.0,100.0,Normal
2023-09-19,0.0,0.0,0.0,63,28,True,0.0,0.0,0.0,0.0,0.0,0.0,0.0,100.0,100.0,Normal
2023-09-20,0.0,0.0,0.0,67,24,True,0.0,0.0,0.0,0.0,0.0,0.0,0.0,100.0,100.0,Normal
2023-09-21,0.0,0.0,0.0,78,26,True,0.0,0.0,0.0,0.0,0.0,0.0,0.0,100.0,100.0,Normal
2023-09-22,0.0,0.0,0.0,46,18,True,0.0,0.0,0.0,0.0,0.0,0.0,0.0,100.0,100.0,Normal
2023-09-23,0.0,0.0,0.0,60,20,True,0.0,0.0,0.0,0.0,0.0,0.0,0.0,100.0,100.0,Normal
2023-09-24,0.0,0.0,0.0,78,26,True,0.0,0.0,0.0,0.0,0.0,0.0,0.0,100.0,100.0,Normal
2023-09-25,0.0,0.0,0.0,60,22,True,0.0,0.0,0.0,0.0,0.0,0.0,0.0,100.0,100.0,Normal
2023-09-26,0.0,0.0,0.0,79,28,True,0.0,0.0,0.0,0.0,0.0,0.0,0.0,100.0,100.0,Normal
2023-09-27,0.0,0.0,0.0,36,12,True,0.0,0.0,0.0,0.0,0.0,0.0,0.0,100.0,100.0,Normal
2023-09-28,0.0,0.0,0.0,63,20,True,0.0,0.0,0.0,0.0,0.0,0.0,0.0,100.0,100.0,Normal
2023-09-29,0.0,0.0,0.0,66,22,True,0.0,0.0,0.0,0.0,0.0,0.0,0.0,100.0,100.0,Normal
2023-09-30,0.0,0.0,0.0,62,24,True,0.0,0.0,0.0,0.0,0.0,0.0,0.0,100.0,100.0,Normal
2023-10-01,0.0,0.0,0.0,90,30,True,0.0,0.0,0.0,0.0,0.0,0.0,0.0,100.0,100.0,Normal
2023-10-02,0.0,0.0,0.0,61,22,True,0.0,0.0,0.0,0.0,0.0,0.0,0.0,100.0,100.0,Normal
2023-10-03,0.0,0.0,0.0,59,22,True,0.0,0.0,0.0,0.0,0.0,0.0,0.0,100.0,100.0,Normal
2023-10-04,2.0,0.0,1.0,68,24,True,0.2857142857142857,0.0,0.0,0.02564102564102564,0.0,0.0,0.01282051282051282,98.71794871794873,99.57264957264958,Normal
2023-10-05,0.0,0.0,0.0,72,32,True,0.2857142857142857,0.0,0.0571428571428571,0.02564102564102564,0.0,0.07055630936227947,0.026931774692968716,97.30682253070313,98.67492374955062,Normal
2023-10-06,0.0,0.0,0.0,66,24,True,0.2857142857142857,0.0,0.0483516483516483,0.02564102564102564,0.0,0.059701492537313376,0.024760811327975495,97.52391886720245,97.84956337195145,Normal
2023-10-07,0.0,0.0,0.0,60,22,True,0.2857142857142857,0.0,0.0395604395604395,0.02564102564102564,0.0,0.04884667571234729,0.02258984796298228,97.74101520370178,97.52391886720245,Normal
2023-10-08,0.0,0.0,0.0,61,22,True,0.2857142857142857,0.0,0.0307692307692307,0.02564102564102564,0.0,0.0379918588873812,0.02041888459798906,97.9581115402011,97.74101520370179,Normal
2023-10-09,0.0,0.0,0.0,54,18,True,0.2857142857142857,0.0,0.0219780219780219,0.02564102564102564,0.0,0.027137042062415104,0.01824792123299584,98.17520787670043,97.95811154020112,Normal
2023-10-10,0.0,0.0,0.0,68,26,True,0.2857142857142857,0.0,0.0131868131868131,0.02564102564102564,0.0,0.016282225237449013,0.016076957868002624,98.39230421319974,98.17520787670043,Normal
2023-10-11,0.0,0.0,0.0,72,24,True,0.0,0.0,0.0043956043956043,0.0,0.0,0.005427408412482922,0.0010854816824965843,99.89145183175035,98.81965464055016,Normal
2023-10-12,0.0,0.0,0.0,75,28,True,0.0,0.0,-0.0043956043956043,0.0,0.0,0.005427408412482922,0.0010854816824965843,99.89145183175035,99.39173595890014,Normal
2023-10-13,0.0,0.0,0.0,60,22,True,0.0,0.0,-0.0131868131868131,0.0,0.0,0.016282225237449013,0.0032564450474898026,99.67435549525102,99.81908638625056,Normal
2023-10-14,0.0,0.0,0.0,60,20,True,0.0,0.0,-0.0219780219780219,0.0,0.0,0.027137042062415104,0.005427408412483022,99.4572591587517,99.67435549525102,Normal
2023-10-15,0.0,0.0,0.0,72,26,True,0.0,0.0,-0.0307692307692307,0.0,0.0,0.0379918588873812,0.00759837177747624,99.24016282225237,99.4572591587517,Normal
2023-10-16,0.0,0.0,0.0,66,24,True,0.0,0.0,-0.0395604395604395,0.0,0.0,0.04884667571234729,0.009769335142469459,99.02306648575305,99.24016282225239,Normal
2023-10-17,5.0,281.634,3.0,103,28,True,0.7142857142857143,40.23342857142806,-0.0483516483516483,0.06410256410256411,0.24851272150345904,0.059701492537313376,0.11854539700978245,88.14546029902175,95.4695632023424,Normal
2023-10-18,0.0,0.0,0.0,61,22,True,0.7142857142857143,40.23342857142806,0.0857142857142857,0.06410256410256411,0.24851272150345904,0.10583446404341927,0.12777199131100364,87.22280086889964,91.46377588455816,Normal
2023-10-19,0.0,0.0,0.0,64,20,True,0.7142857142857143,40.23342857142806,0.1208791208791208,0.06410256410256411,0.24851272150345904,0.14925373134328349,0.13645584477097647,86.35441552290234,87.24089223027458,Normal
2023-10-20,0.0,0.0,0.0,63,25,True,0.7142857142857143,40.23342857142806,0.0989010989010988,0.06410256410256411,0.24851272150345904,0.12211668928086827,0.13102843635849343,86.89715636415065,86.82479091865089,Normal
2023-10-21,0.0,0.0,0.0,66,22,True,0.7142857142857143,40.23342857142806,0.0769230769230769,0.06410256410256411,0.24851272150345904,0.09497964721845317,0.1256010279460104,87.43989720539895,86.89715636415065,Normal
2023-10-22,0.0,0.0,0.0,78,26,True,0.7142857142857143,40.23342857142806,0.0549450549450549,0.06410256410256411,0.24851272150345904,0.06784260515603795,0.12017361953352737,87.98263804664727,87.43989720539896,Normal
2023-10-23,0.0,0.0,0.0,56,22,True,0.7142857142857143,40.23342857142806,0.0329670329670329,0.06410256410256411,0.24851272150345904,0.040705563093622714,0.11474621112104433,88.52537888789557,87.98263804664727,Normal
2023-10-24,0.0,0.0,0.0,66,22,True,0.0,0.0,0.0109890109890109,0.0,0.0,0.01356852103120749,0.002713704206241498,99.72862957937585,92.07888217130623,Normal
2023-10-25,0.0,0.0,0.0,50,18,True,0.0,0.0,-0.0109890109890109,0.0,0.0,0.01356852103120749,0.002713704206241498,99.72862957937585,95.99421268221575,Normal
2023-10-26,0.0,0.0,0.0,63,26,True,0.0,0.0,-0.0329670329670329,0.0,0.0,0.040705563093622714,0.008141112618724543,99.18588873812755,99.54771596562642,Normal
2023-10-27,0.0,0.0,0.0,79,28,True,0.0,0.0,-0.0549450549450549,0.0,0.0,0.06784260515603795,0.01356852103120759,98.64314789687924,99.18588873812753,Normal
2023-10-28,0.0,0.0,0.0,67,24,True,0.0,0.0,-0.0769230769230769,0.0,0.0,0.09497964721845317,0.018995929443690635,98.10040705563094,98.64314789687926,Normal
2023-10-29,0.0,0.0,0.0,72,24,True,0.0,0.0,-0.0989010989010989,0.0,0.0,0.1221166892808684,0.02442333785617368,97.55766621438264,98.10040705563092,Normal
2023-10-30,0.0,0.0,0.0,66,22,True,0.0,0.0,-0.1208791208791209,0.0,0.0,0.14925373134328362,0.029850746268656726,97.01492537313433,97.55766621438265,Normal
2023-10-31,0.0,0.0,0.0,67,24,True,0.0,0.0,-0.1428571428571428,0.0,0.0,0.17639077340569873,0.03527815468113975,96.47218453188603,97.01492537313432,Normal
2023-11-01,0.0,0.0,0.0,78,26,True,0.0,0.0,0.0,0.0,0.0,0.0,0.0,100.0,97.82903663500679,Normal
2023-11-02,0.0,0.0,0.0,66,22,True,0.0,0.0,0.0,0.0,0.0,0.0,0.0,100.0,98.82406151062867,Normal
2023-11-03,0.0,0.0,0.0,73,28,True,0.0,0.0,0.0,0.0,0.0,0.0,0.0,100.0,100.0,Normal
2023-11-04,0.0,0.0,0.0,55,20,True,0.0,0.0,0.0,0.0,0.0,0.0,0.0,100.0,100.0,Normal
2023-11-05,0.0,0.0,0.0,63,26,True,0.0,0.0,0.0,0.0,0.0,0.0,0.0,100.0,100.0,Normal
2023-11-06,0.0,0.0,0.0,66,22,True,0.0,0.0,0.0,0.0,0.0,0.0,0.0,100.0,100.0,Normal
2023-11-07,0.0,0.0,0.0,68,26,True,0.0,0.0,0.0,0.0,0.0,0.0,0.0,100.0,100.0,Normal
2023-11-08,0.0,0.0,0.0,69,26,True,0.0,0.0,0.0,0.0,0.0,0.0,0.0,100.0,100.0,Normal
2023-11-09,0.0,0.0,0.0,55,22,True,0.0,0.0,0.0,0.0,0.0,0.0,0.0,100.0,100.0,Normal
2023-11-10,0.0,0.0,0.0,62,24,True,0.0,0.0,0.0,0.0,0.0,0.0,0.0,100.0,100.0,Normal
2023-11-11,0.0,0.0,0.0,73,26,True,0.0,0.0,0.0,0.0,0.0,0.0,0.0,100.0,100.0,Normal
2023-11-12,0.0,0.0,0.0,74,28,True,0.0,0.0,0.0,0.0,0.0,0.0,0.0,100.0,100.0,Normal
2023-11-13,0.0,0.0,0.0,67,24,True,0.0,0.0,0.0,0.0,0.0,0.0,0.0,100.0,100.0,Normal
2023-11-14,0.0,0.0,0.0,166,24,True,0.0,0.0,0.0,0.0,0.0,0.0,0.0,100.0,100.0,Normal
2023-11-15,0.0,0.0,0.0,100,24,True,0.0,0.0,0.0,0.0,0.0,0.0,0.0,100.0,100.0,Normal
2023-11-16,0.0,0.0,0.0,71,22,True,0.0,0.0,0.0,0.0,0.0,0.0,0.0,100.0,100.0,Normal
2023-11-17,0.0,0.0,0.0,60,20,True,0.0,0.0,0.0,0.0,0.0,0.0,0.0,100.0,100.0,Normal
2023-11-18,0.0,0.0,0.0,49,18,True,0.0,0.0,0.0,0.0,0.0,0.0,0.0,100.0,100.0,Normal
2023-11-19,0.0,0.0,0.0,84,28,True,0.0,0.0,0.0,0.0,0.0,0.0,0.0,100.0,100.0,Normal
2023-11-20,0.0,0.0,0.0,48,16,True,0.0,0.0,0.0,0.0,0.0,0.0,0.0,100.0,100.0,Normal
2023-11-21,0.0,0.0,0.0,103,22,True,0.0,0.0,0.0,0.0,0.0,0.0,0.0,100.0,100.0,Normal
2023-11-22,0.0,0.0,0.0,78,26,True,0.0,0.0,0.0,0.0,0.0,0.0,0.0,100.0,100.0,Normal
2023-11-23,0.0,0.0,0.0,81,20,True,0.0,0.0,0.0,0.0,0.0,0.0,0.0,100.0,100.0,Normal
2023-11-24,0.0,0.0,0.0,78,26,True,0.0,0.0,0.0,0.0,0.0,0.0,0.0,100.0,100.0,Normal
2023-11-25,0.0,0.0,0.0,50,18,True,0.0,0.0,0.0,0.0,0.0,0.0,0.0,100.0,100.0,Normal
2023-11-26,0.0,0.0,0.0,67,24,True,0.0,0.0,0.0,0.0,0.0,0.0,0.0,100.0,100.0,Normal
2023-11-27,0.0,0.0,0.0,78,26,True,0.0,0.0,0.0,0.0,0.0,0.0,0.0,100.0,100.0,Normal
2023-11-28,0.0,0.0,0.0,68,24,True,0.0,0.0,0.0,0.0,0.0,0.0,0.0,100.0,100.0,Normal
2023-11-29,0.0,0.0,0.0,90,30,True,0.0,0.0,0.0,0.0,0.0,0.0,0.0,100.0,100.0,Normal
2023-11-30,0.0,0.0,0.0,61,22,True,0.0,0.0,0.0,0.0,0.0,0.0,0.0,100.0,100.0,Normal
2023-12-01,0.0,0.0,0.0,69,26,True,0.0,0.0,0.0,0.0,0.0,0.0,0.0,100.0,100.0,Normal
2023-12-02,0.0,0.0,0.0,61,20,True,0.0,0.0,0.0,0.0,0.0,0.0,0.0,100.0,100.0,Normal
2023-12-03,0.0,0.0,0.0,70,28,True,0.0,0.0,0.0,0.0,0.0,0.0,0.0,100.0,100.0,Normal
2023-12-04,0.0,0.0,0.0,78,28,True,0.0,0.0,0.0,0.0,0.0,0.0,0.0,100.0,100.0,Normal
2023-12-05,0.0,0.0,0.0,60,20,True,0.0,0.0,0.0,0.0,0.0,0.0,0.0,100.0,100.0,Normal
2023-12-06,0.0,0.0,0.0,61,22,True,0.0,0.0,0.0,0.0,0.0,0.0,0.0,100.0,100.0,Normal
2023-12-07,0.0,0.0,0.0,60,20,True,0.0,0.0,0.0,0.0,0.0,0.0,0.0,100.0,100.0,Normal
2023-12-08,0.0,0.0,0.0,67,24,True,0.0,0.0,0.0,0.0,0.0,0.0,0.0,100.0,100.0,Normal
2023-12-09,0.0,0.0,0.0,66,22,True,0.0,0.0,0.0,0.0,0.0,0.0,0.0,100.0,100.0,Normal
2023-12-10,0.0,0.0,0.0,73,26,True,0.0,0.0,0.0,0.0,0.0,0.0,0.0,100.0,100.0,Normal
2023-12-11,0.0,0.0,0.0,67,24,True,0.0,0.0,0.0,0.0,0.0,0.0,0.0,100.0,100.0,Normal
2023-12-12,0.0,0.0,0.0,60,20,True,0.0,0.0,0.0,0.0,0.0,0.0,0.0,100.0,100.0,Normal
2023-12-13,0.0,0.0,0.0,71,30,True,0.0,0.0,0.0,0.0,0.0,0.0,0.0,100.0,100.0,Normal
2023-12-14,0.0,0.0,0.0,78,26,True,0.0,0.0,0.0,0.0,0.0,0.0,0.0,100.0,100.0,Normal
2023-12-15,0.0,0.0,0.0,84,28,True,0.0,0.0,0.0,0.0,0.0,0.0,0.0,100.0,100.0,Normal
2023-12-16,0.0,0.0,0.0,67,24,True,0.0,0.0,0.0,0.0,0.0,0.0,0.0,100.0,100.0,Normal
2023-12-17,0.0,0.0,0.0,60,20,True,0.0,0.0,0.0,0.0,0.0,0.0,0.0,100.0,100.0,Normal
2023-12-18,0.0,0.0,0.0,73,26,True,0.0,0.0,0.0,0.0,0.0,0.0,0.0,100.0,100.0,Normal
2023-12-19,0.0,0.0,0.0,68,24,True,0.0,0.0,0.0,0.0,0.0,0.0,0.0,100.0,100.0,Normal
2023-12-20,0.0,0.0,0.0,79,28,True,0.0,0.0,0.0,0.0,0.0,0.0,0.0,100.0,100.0,Normal
2023-12-21,0.0,0.0,0.0,49,18,True,0.0,0.0,0.0,0.0,0.0,0.0,0.0,100.0,100.0,Normal
2023-12-22,0.0,0.0,0.0,66,22,True,0.0,0.0,0.0,0.0,0.0,0.0,0.0,100.0,100.0,Normal
2023-12-23,0.0,0.0,0.0,56,20,True,0.0,0.0,0.0,0.0,0.0,0.0,0.0,100.0,100.0,Normal
2023-12-24,0.0,0.0,0.0,55,20,True,0.0,0.0,0.0,0.0,0.0,0.0,0.0,100.0,100.0,Normal
2023-12-25,0.0,0.0,0.0,79,28,True,0.0,0.0,0.0,0.0,0.0,0.0,0.0,100.0,100.0,Normal
2023-12-26,0.0,0.0,0.0,67,24,True,0.0,0.0,0.0,0.0,0.0,0.0,0.0,100.0,100.0,Normal
2023-12-27,0.0,0.0,0.0,67,24,True,0.0,0.0,0.0,0.0,0.0,0.0,0.0,100.0,100.0,Normal
2023-12-28,0.0,0.0,0.0,61,22,True,0.0,0.0,0.0,0.0,0.0,0.0,0.0,100.0,100.0,Normal
2023-12-29,0.0,0.0,0.0,62,24,True,0.0,0.0,0.0,0.0,0.0,0.0,0.0,100.0,100.0,Normal
2023-12-30,0.0,0.0,0.0,96,32,True,0.0,0.0,0.0,0.0,0.0,0.0,0.0,100.0,100.0,Normal
2023-12-31,0.0,0.0,0.0,61,22,True,0.0,0.0,0.0,0.0,0.0,0.0,0.0,100.0,100.0,Normal
2024-01-01,0.0,0.0,0.0,77,26,True,0.0,0.0,0.0,0.0,0.0,0.0,0.0,100.0,100.0,Normal
2024-01-02,0.0,0.0,0.0,61,22,True,0.0,0.0,0.0,0.0,0.0,0.0,0.0,100.0,100.0,Normal
2024-01-03,0.0,0.0,0.0,67,28,True,0.0,0.0,0.0,0.0,0.0,0.0,0.0,100.0,100.0,Normal
2024-01-04,0.0,0.0,0.0,66,24,True,0.0,0.0,0.0,0.0,0.0,0.0,0.0,100.0,100.0,Normal
2024-01-05,0.0,0.0,0.0,65,20,True,0.0,0.0,0.0,0.0,0.0,0.0,0.0,100.0,100.0,Normal
2024-01-06,0.0,0.0,0.0,72,24,True,0.0,0.0,0.0,0.0,0.0,0.0,0.0,100.0,100.0,Normal
2024-01-07,0.0,0.0,0.0,54,18,True,0.0,0.0,0.0,0.0,0.0,0.0,0.0,100.0,100.0,Normal
2024-01-08,0.0,0.0,0.0,60,20,True,0.0,0.0,0.0,0.0,0.0,0.0,0.0,100.0,100.0,Normal
2024-01-09,0.0,0.0,0.0,72,22,True,0.0,0.0,0.0,0.0,0.0,0.0,0.0,100.0,100.0,Normal
2024-01-10,0.0,0.0,0.0,69,28,True,0.0,0.0,0.0,0.0,0.0,0.0,0.0,100.0,100.0,Normal
2024-01-11,0.0,0.0,0.0,23,6,True,0.0,0.0,0.0,0.0,0.0,0.0,0.0,100.0,100.0,Normal
2024-01-12,0.0,0.0,0.0,0,0,False,0.0,0.0,0.0,0.0,0.0,0.0,0.0,100.0,100.0,Inactive
2024-01-13,0.0,0.0,0.0,0,0,False,0.0,0.0,0.0,0.0,0.0,0.0,0.0,100.0,100.0,Inactive
2024-01-14,0.0,0.0,0.0,0,0,False,0.0,0.0,0.0,0.0,0.0,0.0,0.0,100.0,100.0,Inactive
2024-01-15,0.0,0.0,0.0,86,30,True,0.0,0.0,0.0,0.0,0.0,0.0,0.0,100.0,100.0,Normal
2024-01-16,0.0,0.0,0.0,66,22,True,0.0,0.0,0.0,0.0,0.0,0.0,0.0,100.0,100.0,Normal
2024-01-17,0.0,0.0,0.0,72,23,True,0.0,0.0,0.0,0.0,0.0,0.0,0.0,100.0,100.0,Normal
2024-01-18,0.0,0.0,0.0,61,24,True,0.0,0.0,0.0,0.0,0.0,0.0,0.0,100.0,100.0,Normal
2024-01-19,0.0,0.0,0.0,67,24,True,0.0,0.0,0.0,0.0,0.0,0.0,0.0,100.0,100.0,Normal
2024-01-20,0.0,0.0,0.0,72,24,True,0.0,0.0,0.0,0.0,0.0,0.0,0.0,100.0,100.0,Normal
2024-01-21,0.0,0.0,0.0,61,22,True,0.0,0.0,0.0,0.0,0.0,0.0,0.0,100.0,100.0,Normal
2024-01-22,0.0,0.0,0.0,67,24,True,0.0,0.0,0.0,0.0,0.0,0.0,0.0,100.0,100.0,Normal
2024-01-23,0.0,0.0,0.0,56,20,True,0.0,0.0,0.0,0.0,0.0,0.0,0.0,100.0,100.0,Normal
2024-01-24,0.0,0.0,0.0,60,20,True,0.0,0.0,0.0,0.0,0.0,0.0,0.0,100.0,100.0,Normal
2024-01-25,0.0,0.0,0.0,83,28,True,0.0,0.0,0.0,0.0,0.0,0.0,0.0,100.0,100.0,Normal
2024-01-26,0.0,0.0,0.0,61,24,True,0.0,0.0,0.0,0.0,0.0,0.0,0.0,100.0,100.0,Normal
2024-01-27,0.0,0.0,0.0,84,28,True,0.0,0.0,0.0,0.0,0.0,0.0,0.0,100.0,100.0,Normal
2024-01-28,0.0,0.0,0.0,61,22,True,0.0,0.0,0.0,0.0,0.0,0.0,0.0,100.0,100.0,Normal
2024-01-29,0.0,0.0,0.0,60,20,True,0.0,0.0,0.0,0.0,0.0,0.0,0.0,100.0,100.0,Normal
2024-01-30,0.0,0.0,0.0,85,30,True,0.0,0.0,0.0,0.0,0.0,0.0,0.0,100.0,100.0,Normal
2024-01-31,0.0,0.0,0.0,67,24,True,0.0,0.0,0.0,0.0,0.0,0.0,0.0,100.0,100.0,Normal
2024-02-01,0.0,0.0,0.0,80,28,True,0.0,0.0,0.0,0.0,0.0,0.0,0.0,100.0,100.0,Normal
2024-02-02,0.0,0.0,0.0,61,22,True,0.0,0.0,0.0,0.0,0.0,0.0,0.0,100.0,100.0,Normal
2024-02-03,0.0,0.0,0.0,69,26,True,0.0,0.0,0.0,0.0,0.0,0.0,0.0,100.0,100.0,Normal
2024-02-04,0.0,0.0,0.0,66,22,True,0.0,0.0,0.0,0.0,0.0,0.0,0.0,100.0,100.0,Normal
2024-02-05,0.0,0.0,0.0,56,20,True,0.0,0.0,0.0,0.0,0.0,0.0,0.0,100.0,100.0,Normal
2024-02-06,0.0,0.0,0.0,78,26,True,0.0,0.0,0.0,0.0,0.0,0.0,0.0,100.0,100.0,Normal
2024-02-07,0.0,0.0,0.0,49,18,True,0.0,0.0,0.0,0.0,0.0,0.0,0.0,100.0,100.0,Normal
2024-02-08,0.0,0.0,0.0,62,24,True,0.0,0.0,0.0,0.0,0.0,0.0,0.0,100.0,100.0,Normal
2024-02-09,0.0,0.0,0.0,60,20,True,0.0,0.0,0.0,0.0,0.0,0.0,0.0,100.0,100.0,Normal
2024-02-10,0.0,0.0,0.0,71,30,True,0.0,0.0,0.0,0.0,0.0,0.0,0.0,100.0,100.0,Normal
2024-02-11,0.0,0.0,0.0,73,28,True,0.0,0.0,0.0,0.0,0.0,0.0,0.0,100.0,100.0,Normal
2024-02-12,0.0,0.0,0.0,74,28,True,0.0,0.0,0.0,0.0,0.0,0.0,0.0,100.0,100.0,Normal
2024-02-13,0.0,0.0,0.0,67,24,True,0.0,0.0,0.0,0.0,0.0,0.0,0.0,100.0,100.0,Normal
2024-02-14,0.0,0.0,0.0,60,20,True,0.0,0.0,0.0,0.0,0.0,0.0,0.0,100.0,100.0,Normal
2024-02-15,0.0,0.0,0.0,75,30,True,0.0,0.0,0.0,0.0,0.0,0.0,0.0,100.0,100.0,Normal
2024-02-16,0.0,0.0,0.0,73,24,True,0.0,0.0,0.0,0.0,0.0,0.0,0.0,100.0,100.0,Normal
2024-02-17,0.0,0.0,0.0,79,28,True,0.0,0.0,0.0,0.0,0.0,0.0,0.0,100.0,100.0,Normal
2024-02-18,0.0,0.0,0.0,60,24,True,0.0,0.0,0.0,0.0,0.0,0.0,0.0,100.0,100.0,Normal
2024-02-19,0.0,0.0,0.0,60,20,True,0.0,0.0,0.0,0.0,0.0,0.0,0.0,100.0,100.0,Normal
2024-02-20,0.0,0.0,0.0,67,24,True,0.0,0.0,0.0,0.0,0.0,0.0,0.0,100.0,100.0,Normal
2024-02-21,0.0,0.0,0.0,66,22,True,0.0,0.0,0.0,0.0,0.0,0.0,0.0,100.0,100.0,Normal
2024-02-22,0.0,0.0,0.0,72,24,True,0.0,0.0,0.0,0.0,0.0,0.0,0.0,100.0,100.0,Normal
2024-02-23,0.0,0.0,0.0,62,24,True,0.0,0.0,0.0,0.0,0.0,0.0,0.0,100.0,100.0,Normal
2024-02-24,0.0,0.0,0.0,54,18,True,0.0,0.0,0.0,0.0,0.0,0.0,0.0,100.0,100.0,Normal
2024-02-25,0.0,0.0,0.0,67,24,True,0.0,0.0,0.0,0.0,0.0,0.0,0.0,100.0,100.0,Normal
2024-02-26,0.0,0.0,0.0,78,26,True,0.0,0.0,0.0,0.0,0.0,0.0,0.0,100.0,100.0,Normal
2024-02-27,0.0,0.0,0.0,80,28,True,0.0,0.0,0.0,0.0,0.0,0.0,0.0,100.0,100.0,Normal
2024-02-28,0.0,0.0,0.0,67,24,True,0.0,0.0,0.0,0.0,0.0,0.0,0.0,100.0,100.0,Normal
2024-02-29,0.0,0.0,0.0,126,22,True,0.0,0.0,0.0,0.0,0.0,0.0,0.0,100.0,100.0,Normal
2024-03-01,0.0,0.0,0.0,67,24,True,0.0,0.0,0.0,0.0,0.0,0.0,0.0,100.0,100.0,Normal
2024-03-02,0.0,0.0,0.0,70,26,True,0.0,0.0,0.0,0.0,0.0,0.0,0.0,100.0,100.0,Normal
2024-03-03,0.0,0.0,0.0,72,28,True,0.0,0.0,0.0,0.0,0.0,0.0,0.0,100.0,100.0,Normal
2024-03-04,0.0,0.0,0.0,62,23,True,0.0,0.0,0.0,0.0,0.0,0.0,0.0,100.0,100.0,Normal
2024-03-05,0.0,0.0,0.0,49,16,True,0.0,0.0,0.0,0.0,0.0,0.0,0.0,100.0,100.0,Normal
2024-03-06,0.0,0.0,0.0,0,0,False,0.0,0.0,0.0,0.0,0.0,0.0,0.0,100.0,100.0,Inactive
2024-03-07,0.0,0.0,0.0,0,0,False,0.0,0.0,0.0,0.0,0.0,0.0,0.0,100.0,100.0,Inactive
2024-03-08,0.0,0.0,0.0,0,0,False,0.0,0.0,0.0,0.0,0.0,0.0,0.0,100.0,100.0,Inactive
2024-03-09,0.0,0.0,0.0,0,0,False,0.0,0.0,0.0,0.0,0.0,0.0,0.0,100.0,100.0,Inactive
2024-03-10,0.0,0.0,0.0,0,0,False,0.0,0.0,0.0,0.0,0.0,0.0,0.0,100.0,100.0,Inactive
2024-03-11,0.0,0.0,0.0,0,0,False,0.0,0.0,0.0,0.0,0.0,0.0,0.0,100.0,100.0,Inactive
2024-03-12,0.0,0.0,0.0,0,0,False,0.0,0.0,0.0,0.0,0.0,0.0,0.0,100.0,100.0,Inactive
2024-03-13,0.0,0.0,0.0,0,0,False,0.0,0.0,0.0,0.0,0.0,0.0,0.0,100.0,100.0,Inactive
2024-03-14,0.0,0.0,0.0,0,0,False,0.0,0.0,0.0,0.0,0.0,0.0,0.0,100.0,100.0,Inactive
2024-03-15,0.0,0.0,0.0,0,0,False,0.0,0.0,0.0,0.0,0.0,0.0,0.0,100.0,100.0,Inactive
2024-03-16,0.0,0.0,0.0,0,0,False,0.0,0.0,0.0,0.0,0.0,0.0,0.0,100.0,100.0,Inactive
2024-03-17,0.0,0.0,0.0,0,0,False,0.0,0.0,0.0,0.0,0.0,0.0,0.0,100.0,100.0,Inactive
2024-03-18,0.0,0.0,0.0,0,0,False,0.0,0.0,0.0,0.0,0.0,0.0,0.0,100.0,100.0,Inactive
2024-03-19,0.0,0.0,0.0,69,16,True,0.0,0.0,0.0,0.0,0.0,0.0,0.0,100.0,100.0,Normal
2024-03-20,0.0,0.0,0.0,67,26,True,0.0,0.0,0.0,0.0,0.0,0.0,0.0,100.0,100.0,Normal
2024-03-21,0.0,0.0,0.0,6,2,True,0.0,0.0,0.0,0.0,0.0,0.0,0.0,100.0,100.0,Normal
2024-03-22,0.0,0.0,0.0,0,0,False,0.0,0.0,0.0,0.0,0.0,0.0,0.0,100.0,100.0,Inactive
2024-03-23,0.0,0.0,0.0,0,0,False,0.0,0.0,0.0,0.0,0.0,0.0,0.0,100.0,100.0,Inactive
2024-03-24,0.0,0.0,0.0,0,0,False,0.0,0.0,0.0,0.0,0.0,0.0,0.0,100.0,100.0,Inactive
2024-03-25,0.0,0.0,0.0,0,0,False,0.0,0.0,0.0,0.0,0.0,0.0,0.0,100.0,100.0,Inactive
2024-03-26,0.0,0.0,0.0,0,0,False,0.0,0.0,0.0,0.0,0.0,0.0,0.0,100.0,100.0,Inactive
2024-03-27,0.0,0.0,0.0,0,0,False,0.0,0.0,0.0,0.0,0.0,0.0,0.0,100.0,100.0,Inactive
2024-03-28,0.0,0.0,0.0,0,0,False,0.0,0.0,0.0,0.0,0.0,0.0,0.0,100.0,100.0,Inactive
2024-03-29,0.0,0.0,0.0,0,0,False,0.0,0.0,0.0,0.0,0.0,0.0,0.0,100.0,100.0,Inactive
2024-03-30,0.0,0.0,0.0,0,0,False,0.0,0.0,0.0,0.0,0.0,0.0,0.0,100.0,100.0,Inactive
2024-03-31,0.0,0.0,0.0,0,0,False,0.0,0.0,0.0,0.0,0.0,0.0,0.0,100.0,100.0,Inactive
2024-04-01,0.0,0.0,0.0,0,0,False,0.0,0.0,0.0,0.0,0.0,0.0,0.0,100.0,100.0,Inactive
2024-04-02,0.0,0.0,0.0,0,0,False,0.0,0.0,0.0,0.0,0.0,0.0,0.0,100.0,100.0,Inactive
2024-04-03,0.0,0.0,0.0,0,0,False,0.0,0.0,0.0,0.0,0.0,0.0,0.0,100.0,100.0,Inactive
2024-04-04,0.0,0.0,0.0,0,0,False,0.0,0.0,0.0,0.0,0.0,0.0,0.0,100.0,100.0,Inactive
2024-04-05,0.0,0.0,0.0,0,0,False,0.0,0.0,0.0,0.0,0.0,0.0,0.0,100.0,100.0,Inactive
2024-04-06,0.0,0.0,0.0,0,0,False,0.0,0.0,0.0,0.0,0.0,0.0,0.0,100.0,100.0,Inactive
2024-04-07,0.0,0.0,0.0,0,0,False,0.0,0.0,0.0,0.0,0.0,0.0,0.0,100.0,100.0,Inactive
2024-04-08,0.0,0.0,0.0,0,0,False,0.0,0.0,0.0,0.0,0.0,0.0,0.0,100.0,100.0,Inactive
2024-04-09,0.0,0.0,0.0,0,0,False,0.0,0.0,0.0,0.0,0.0,0.0,0.0,100.0,100.0,Inactive
2024-04-10,0.0,0.0,0.0,0,0,False,0.0,0.0,0.0,0.0,0.0,0.0,0.0,100.0,100.0,Inactive
2024-04-11,0.0,0.0,0.0,0,0,False,0.0,0.0,0.0,0.0,0.0,0.0,0.0,100.0,100.0,Inactive
2024-04-12,0.0,0.0,0.0,0,0,False,0.0,0.0,0.0,0.0,0.0,0.0,0.0,100.0,100.0,Inactive
2024-04-13,0.0,0.0,0.0,0,0,False,0.0,0.0,0.0,0.0,0.0,0.0,0.0,100.0,100.0,Inactive
2024-04-14,0.0,0.0,0.0,0,0,False,0.0,0.0,0.0,0.0,0.0,0.0,0.0,100.0,100.0,Inactive
2024-04-15,0.0,0.0,0.0,0,0,False,0.0,0.0,0.0,0.0,0.0,0.0,0.0,100.0,100.0,Inactive
2024-04-16,0.0,0.0,0.0,0,0,False,0.0,0.0,0.0,0.0,0.0,0.0,0.0,100.0,100.0,Inactive
2024-04-17,0.0,0.0,0.0,0,0,False,0.0,0.0,0.0,0.0,0.0,0.0,0.0,100.0,100.0,Inactive
2024-04-18,0.0,0.0,0.0,0,0,False,0.0,0.0,0.0,0.0,0.0,0.0,0.0,100.0,100.0,Inactive
2024-04-19,0.0,0.0,0.0,0,0,False,0.0,0.0,0.0,0.0,0.0,0.0,0.0,100.0,100.0,Inactive
2024-04-20,0.0,0.0,0.0,0,0,False,0.0,0.0,0.0,0.0,0.0,0.0,0.0,100.0,100.0,Inactive
2024-04-21,0.0,0.0,0.0,0,0,False,0.0,0.0,0.0,0.0,0.0,0.0,0.0,100.0,100.0,Inactive
2024-04-22,0.0,0.0,0.0,0,0,False,0.0,0.0,0.0,0.0,0.0,0.0,0.0,100.0,100.0,Inactive
2024-04-23,0.0,0.0,0.0,0,0,False,0.0,0.0,0.0,0.0,0.0,0.0,0.0,100.0,100.0,Inactive
2024-04-24,0.0,0.0,0.0,0,0,False,0.0,0.0,0.0,0.0,0.0,0.0,0.0,100.0,100.0,Inactive
2024-04-25,0.0,0.0,0.0,0,0,False,0.0,0.0,0.0,0.0,0.0,0.0,0.0,100.0,100.0,Inactive
2024-04-26,0.0,0.0,0.0,0,0,False,0.0,0.0,0.0,0.0,0.0,0.0,0.0,100.0,100.0,Inactive
2024-04-27,0.0,0.0,0.0,0,0,False,0.0,0.0,0.0,0.0,0.0,0.0,0.0,100.0,100.0,Inactive
2024-04-28,0.0,0.0,0.0,0,0,False,0.0,0.0,0.0,0.0,0.0,0.0,0.0,100.0,100.0,Inactive
2024-04-29,0.0,0.0,0.0,0,0,False,0.0,0.0,0.0,0.0,0.0,0.0,0.0,100.0,100.0,Inactive
2024-04-30,0.0,0.0,0.0,0,0,False,0.0,0.0,0.0,0.0,0.0,0.0,0.0,100.0,100.0,Inactive
2024-05-01,0.0,0.0,0.0,0,0,False,0.0,0.0,0.0,0.0,0.0,0.0,0.0,100.0,100.0,Inactive
2024-05-02,0.0,0.0,0.0,0,0,False,0.0,0.0,0.0,0.0,0.0,0.0,0.0,100.0,100.0,Inactive
2024-05-03,0.0,0.0,0.0,0,0,False,0.0,0.0,0.0,0.0,0.0,0.0,0.0,100.0,100.0,Inactive
2024-05-04,0.0,0.0,0.0,0,0,False,0.0,0.0,0.0,0.0,0.0,0.0,0.0,100.0,100.0,Inactive
2024-05-05,0.0,0.0,0.0,0,0,False,0.0,0.0,0.0,0.0,0.0,0.0,0.0,100.0,100.0,Inactive
2024-05-06,0.0,0.0,0.0,0,0,False,0.0,0.0,0.0,0.0,0.0,0.0,0.0,100.0,100.0,Inactive
2024-05-07,0.0,0.0,0.0,0,0,False,0.0,0.0,0.0,0.0,0.0,0.0,0.0,100.0,100.0,Inactive
2024-05-08,0.0,0.0,0.0,0,0,False,0.0,0.0,0.0,0.0,0.0,0.0,0.0,100.0,100.0,Inactive
2024-05-09,0.0,0.0,0.0,0,0,False,0.0,0.0,0.0,0.0,0.0,0.0,0.0,100.0,100.0,Inactive
2024-05-10,0.0,0.0,0.0,0,0,False,0.0,0.0,0.0,0.0,0.0,0.0,0.0,100.0,100.0,Inactive
2024-05-11,0.0,0.0,0.0,0,0,False,0.0,0.0,0.0,0.0,0.0,0.0,0.0,100.0,100.0,Inactive
2024-05-12,0.0,0.0,0.0,0,0,False,0.0,0.0,0.0,0.0,0.0,0.0,0.0,100.0,100.0,Inactive
2024-05-13,0.0,0.0,0.0,0,0,False,0.0,0.0,0.0,0.0,0.0,0.0,0.0,100.0,100.0,Inactive
2024-05-14,0.0,0.0,0.0,0,0,False,0.0,0.0,0.0,0.0,0.0,0.0,0.0,100.0,100.0,Inactive
2024-05-15,0.0,0.0,0.0,0,0,False,0.0,0.0,0.0,0.0,0.0,0.0,0.0,100.0,100.0,Inactive
2024-05-16,0.0,0.0,0.0,0,0,False,0.0,0.0,0.0,0.0,0.0,0.0,0.0,100.0,100.0,Inactive
2024-05-17,0.0,0.0,0.0,0,0,False,0.0,0.0,0.0,0.0,0.0,0.0,0.0,100.0,100.0,Inactive
2024-05-18,0.0,0.0,0.0,0,0,False,0.0,0.0,0.0,0.0,0.0,0.0,0.0,100.0,100.0,Inactive
2024-05-19,0.0,0.0,0.0,0,0,False,0.0,0.0,0.0,0.0,0.0,0.0,0.0,100.0,100.0,Inactive
2024-05-20,0.0,0.0,0.0,0,0,False,0.0,0.0,0.0,0.0,0.0,0.0,0.0,100.0,100.0,Inactive
2024-05-21,0.0,0.0,0.0,0,0,False,0.0,0.0,0.0,0.0,0.0,0.0,0.0,100.0,100.0,Inactive
2024-05-22,0.0,0.0,0.0,0,0,False,0.0,0.0,0.0,0.0,0.0,0.0,0.0,100.0,100.0,Inactive
2024-05-23,0.0,0.0,0.0,0,0,False,0.0,0.0,0.0,0.0,0.0,0.0,0.0,100.0,100.0,Inactive
2024-05-24,0.0,0.0,0.0,0,0,False,0.0,0.0,0.0,0.0,0.0,0.0,0.0,100.0,100.0,Inactive
2024-05-25,0.0,0.0,0.0,0,0,False,0.0,0.0,0.0,0.0,0.0,0.0,0.0,100.0,100.0,Inactive
2024-05-26,0.0,0.0,0.0,0,0,False,0.0,0.0,0.0,0.0,0.0,0.0,0.0,100.0,100.0,Inactive
2024-05-27,0.0,0.0,0.0,0,0,False,0.0,0.0,0.0,0.0,0.0,0.0,0.0,100.0,100.0,Inactive
2024-05-28,0.0,0.0,0.0,0,0,False,0.0,0.0,0.0,0.0,0.0,0.0,0.0,100.0,100.0,Inactive
2024-05-29,0.0,0.0,0.0,0,0,False,0.0,0.0,0.0,0.0,0.0,0.0,0.0,100.0,100.0,Inactive
2024-05-30,0.0,0.0,0.0,0,0,False,0.0,0.0,0.0,0.0,0.0,0.0,0.0,100.0,100.0,Inactive
2024-05-31,0.0,0.0,0.0,0,0,False,0.0,0.0,0.0,0.0,0.0,0.0,0.0,100.0,100.0,Inactive
2024-06-01,0.0,0.0,0.0,0,0,False,0.0,0.0,0.0,0.0,0.0,0.0,0.0,100.0,100.0,Inactive
2024-06-02,0.0,0.0,0.0,0,0,False,0.0,0.0,0.0,0.0,0.0,0.0,0.0,100.0,100.0,Inactive
2024-06-03,0.0,0.0,0.0,0,0,False,0.0,0.0,0.0,0.0,0.0,0.0,0.0,100.0,100.0,Inactive
2024-06-04,0.0,0.0,0.0,0,0,False,0.0,0.0,0.0,0.0,0.0,0.0,0.0,100.0,100.0,Inactive
2024-06-05,0.0,0.0,0.0,0,0,False,0.0,0.0,0.0,0.0,0.0,0.0,0.0,100.0,100.0,Inactive
2024-06-06,0.0,0.0,0.0,0,0,False,0.0,0.0,0.0,0.0,0.0,0.0,0.0,100.0,100.0,Inactive
2024-06-07,0.0,0.0,0.0,0,0,False,0.0,0.0,0.0,0.0,0.0,0.0,0.0,100.0,100.0,Inactive
2024-06-08,0.0,0.0,0.0,0,0,False,0.0,0.0,0.0,0.0,0.0,0.0,0.0,100.0,100.0,Inactive
2024-06-09,0.0,0.0,0.0,0,0,False,0.0,0.0,0.0,0.0,0.0,0.0,0.0,100.0,100.0,Inactive
2024-06-10,0.0,0.0,0.0,0,0,False,0.0,0.0,0.0,0.0,0.0,0.0,0.0,100.0,100.0,Inactive
2024-06-11,0.0,0.0,0.0,0,0,False,0.0,0.0,0.0,0.0,0.0,0.0,0.0,100.0,100.0,Inactive
2024-06-12,0.0,0.0,0.0,0,0,False,0.0,0.0,0.0,0.0,0.0,0.0,0.0,100.0,100.0,Inactive
2024-06-13,0.0,0.0,0.0,0,0,False,0.0,0.0,0.0,0.0,0.0,0.0,0.0,100.0,100.0,Inactive
2024-06-14,0.0,0.0,0.0,0,0,False,0.0,0.0,0.0,0.0,0.0,0.0,0.0,100.0,100.0,Inactive
2024-06-15,0.0,0.0,0.0,0,0,False,0.0,0.0,0.0,0.0,0.0,0.0,0.0,100.0,100.0,Inactive
2024-06-16,0.0,0.0,0.0,0,0,False,0.0,0.0,0.0,0.0,0.0,0.0,0.0,100.0,100.0,Inactive
2024-06-17,0.0,0.0,0.0,0,0,False,0.0,0.0,0.0,0.0,0.0,0.0,0.0,100.0,100.0,Inactive
2024-06-18,0.0,0.0,0.0,0,0,False,0.0,0.0,0.0,0.0,0.0,0.0,0.0,100.0,100.0,Inactive
2024-06-19,0.0,0.0,0.0,0,0,False,0.0,0.0,0.0,0.0,0.0,0.0,0.0,100.0,100.0,Inactive
2024-06-20,0.0,0.0,0.0,0,0,False,0.0,0.0,0.0,0.0,0.0,0.0,0.0,100.0,100.0,Inactive
2024-06-21,0.0,0.0,0.0,0,0,False,0.0,0.0,0.0,0.0,0.0,0.0,0.0,100.0,100.0,Inactive
2024-06-22,0.0,0.0,0.0,0,0,False,0.0,0.0,0.0,0.0,0.0,0.0,0.0,100.0,100.0,Inactive
2024-06-23,0.0,0.0,0.0,0,0,False,0.0,0.0,0.0,0.0,0.0,0.0,0.0,100.0,100.0,Inactive
2024-06-24,0.0,0.0,0.0,0,0,False,0.0,0.0,0.0,0.0,0.0,0.0,0.0,100.0,100.0,Inactive
2024-06-25,0.0,0.0,0.0,0,0,False,0.0,0.0,0.0,0.0,0.0,0.0,0.0,100.0,100.0,Inactive
2024-06-26,0.0,0.0,0.0,0,0,False,0.0,0.0,0.0,0.0,0.0,0.0,0.0,100.0,100.0,Inactive
2024-06-27,0.0,0.0,0.0,0,0,False,0.0,0.0,0.0,0.0,0.0,0.0,0.0,100.0,100.0,Inactive
2024-06-28,0.0,0.0,0.0,0,0,False,0.0,0.0,0.0,0.0,0.0,0.0,0.0,100.0,100.0,Inactive
2024-06-29,0.0,0.0,0.0,0,0,False,0.0,0.0,0.0,0.0,0.0,0.0,0.0,100.0,100.0,Inactive
2024-06-30,0.0,0.0,0.0,0,0,False,0.0,0.0,0.0,0.0,0.0,0.0,0.0,100.0,100.0,Inactive
2024-07-01,0.0,0.0,0.0,0,0,False,0.0,0.0,0.0,0.0,0.0,0.0,0.0,100.0,100.0,Inactive
2024-07-02,0.0,0.0,0.0,0,0,False,0.0,0.0,0.0,0.0,0.0,0.0,0.0,100.0,100.0,Inactive
2024-07-03,0.0,0.0,0.0,0,0,False,0.0,0.0,0.0,0.0,0.0,0.0,0.0,100.0,100.0,Inactive
2024-07-04,0.0,0.0,0.0,0,0,False,0.0,0.0,0.0,0.0,0.0,0.0,0.0,100.0,100.0,Inactive
2024-07-05,0.0,0.0,0.0,0,0,False,0.0,0.0,0.0,0.0,0.0,0.0,0.0,100.0,100.0,Inactive
2024-07-06,0.0,0.0,0.0,0,0,False,0.0,0.0,0.0,0.0,0.0,0.0,0.0,100.0,100.0,Inactive
2024-07-07,0.0,0.0,0.0,0,0,False,0.0,0.0,0.0,0.0,0.0,0.0,0.0,100.0,100.0,Inactive
2024-07-08,0.0,0.0,0.0,0,0,False,0.0,0.0,0.0,0.0,0.0,0.0,0.0,100.0,100.0,Inactive
2024-07-09,0.0,0.0,0.0,0,0,False,0.0,0.0,0.0,0.0,0.0,0.0,0.0,100.0,100.0,Inactive
2024-07-10,0.0,0.0,0.0,0,0,False,0.0,0.0,0.0,0.0,0.0,0.0,0.0,100.0,100.0,Inactive
2024-07-11,0.0,0.0,0.0,0,0,False,0.0,0.0,0.0,0.0,0.0,0.0,0.0,100.0,100.0,Inactive
2024-07-12,0.0,0.0,0.0,0,0,False,0.0,0.0,0.0,0.0,0.0,0.0,0.0,100.0,100.0,Inactive
2024-07-13,0.0,0.0,0.0,0,0,False,0.0,0.0,0.0,0.0,0.0,0.0,0.0,100.0,100.0,Inactive
2024-07-14,0.0,0.0,0.0,0,0,False,0.0,0.0,0.0,0.0,0.0,0.0,0.0,100.0,100.0,Inactive
2024-07-15,0.0,0.0,0.0,0,0,False,0.0,0.0,0.0,0.0,0.0,0.0,0.0,100.0,100.0,Inactive
2024-07-16,0.0,0.0,0.0,0,0,False,0.0,0.0,0.0,0.0,0.0,0.0,0.0,100.0,100.0,Inactive
2024-07-17,0.0,0.0,0.0,0,0,False,0.0,0.0,0.0,0.0,0.0,0.0,0.0,100.0,100.0,Inactive
2024-07-18,0.0,0.0,0.0,0,0,False,0.0,0.0,0.0,0.0,0.0,0.0,0.0,100.0,100.0,Inactive
2024-07-19,0.0,0.0,0.0,0,0,False,0.0,0.0,0.0,0.0,0.0,0.0,0.0,100.0,100.0,Inactive
2024-07-20,0.0,0.0,0.0,0,0,False,0.0,0.0,0.0,0.0,0.0,0.0,0.0,100.0,100.0,Inactive
2024-07-21,0.0,0.0,0.0,0,0,False,0.0,0.0,0.0,0.0,0.0,0.0,0.0,100.0,100.0,Inactive
2024-07-22,0.0,0.0,0.0,0,0,False,0.0,0.0,0.0,0.0,0.0,0.0,0.0,100.0,100.0,Inactive
2024-07-23,0.0,0.0,0.0,0,0,False,0.0,0.0,0.0,0.0,0.0,0.0,0.0,100.0,100.0,Inactive
2024-07-24,0.0,0.0,0.0,0,0,False,0.0,0.0,0.0,0.0,0.0,0.0,0.0,100.0,100.0,Inactive
2024-07-25,0.0,0.0,0.0,0,0,False,0.0,0.0,0.0,0.0,0.0,0.0,0.0,100.0,100.0,Inactive
2024-07-26,0.0,0.0,0.0,0,0,False,0.0,0.0,0.0,0.0,0.0,0.0,0.0,100.0,100.0,Inactive
2024-07-27,0.0,0.0,0.0,0,0,False,0.0,0.0,0.0,0.0,0.0,0.0,0.0,100.0,100.0,Inactive
2024-07-28,0.0,0.0,0.0,0,0,False,0.0,0.0,0.0,0.0,0.0,0.0,0.0,100.0,100.0,Inactive
2024-07-29,0.0,0.0,0.0,0,0,False,0.0,0.0,0.0,0.0,0.0,0.0,0.0,100.0,100.0,Inactive
2024-07-30,0.0,0.0,0.0,0,0,False,0.0,0.0,0.0,0.0,0.0,0.0,0.0,100.0,100.0,Inactive
2024-07-31,0.0,0.0,0.0,0,0,False,0.0,0.0,0.0,0.0,0.0,0.0,0.0,100.0,100.0,Inactive
2024-08-01,0.0,0.0,0.0,0,0,False,0.0,0.0,0.0,0.0,0.0,0.0,0.0,100.0,100.0,Inactive
2024-08-02,0.0,0.0,0.0,0,0,False,0.0,0.0,0.0,0.0,0.0,0.0,0.0,100.0,100.0,Inactive
2024-08-03,0.0,0.0,0.0,0,0,False,0.0,0.0,0.0,0.0,0.0,0.0,0.0,100.0,100.0,Inactive
2024-08-04,0.0,0.0,0.0,0,0,False,0.0,0.0,0.0,0.0,0.0,0.0,0.0,100.0,100.0,Inactive
2024-08-05,0.0,0.0,0.0,0,0,False,0.0,0.0,0.0,0.0,0.0,0.0,0.0,100.0,100.0,Inactive
2024-08-06,0.0,0.0,0.0,0,0,False,0.0,0.0,0.0,0.0,0.0,0.0,0.0,100.0,100.0,Inactive
2024-08-07,0.0,0.0,0.0,0,0,False,0.0,0.0,0.0,0.0,0.0,0.0,0.0,100.0,100.0,Inactive
2024-08-08,0.0,0.0,0.0,0,0,False,0.0,0.0,0.0,0.0,0.0,0.0,0.0,100.0,100.0,Inactive
2024-08-09,0.0,0.0,0.0,0,0,False,0.0,0.0,0.0,0.0,0.0,0.0,0.0,100.0,100.0,Inactive
2024-08-10,0.0,0.0,0.0,0,0,False,0.0,0.0,0.0,0.0,0.0,0.0,0.0,100.0,100.0,Inactive
2024-08-11,0.0,0.0,0.0,0,0,False,0.0,0.0,0.0,0.0,0.0,0.0,0.0,100.0,100.0,Inactive
2024-08-12,0.0,0.0,0.0,0,0,False,0.0,0.0,0.0,0.0,0.0,0.0,0.0,100.0,100.0,Inactive
2024-08-13,0.0,0.0,0.0,0,0,False,0.0,0.0,0.0,0.0,0.0,0.0,0.0,100.0,100.0,Inactive
2024-08-14,0.0,0.0,0.0,0,0,False,0.0,0.0,0.0,0.0,0.0,0.0,0.0,100.0,100.0,Inactive
2024-08-15,0.0,0.0,0.0,0,0,False,0.0,0.0,0.0,0.0,0.0,0.0,0.0,100.0,100.0,Inactive
2024-08-16,0.0,0.0,0.0,0,0,False,0.0,0.0,0.0,0.0,0.0,0.0,0.0,100.0,100.0,Inactive
2024-08-17,0.0,0.0,0.0,0,0,False,0.0,0.0,0.0,0.0,0.0,0.0,0.0,100.0,100.0,Inactive
2024-08-18,0.0,0.0,0.0,0,0,False,0.0,0.0,0.0,0.0,0.0,0.0,0.0,100.0,100.0,Inactive
2024-08-19,0.0,0.0,0.0,0,0,False,0.0,0.0,0.0,0.0,0.0,0.0,0.0,100.0,100.0,Inactive
2024-08-20,0.0,0.0,0.0,0,0,False,0.0,0.0,0.0,0.0,0.0,0.0,0.0,100.0,100.0,Inactive
2024-08-21,0.0,0.0,0.0,0,0,False,0.0,0.0,0.0,0.0,0.0,0.0,0.0,100.0,100.0,Inactive
2024-08-22,0.0,0.0,0.0,0,0,False,0.0,0.0,0.0,0.0,0.0,0.0,0.0,100.0,100.0,Inactive
2024-08-23,0.0,0.0,0.0,0,0,False,0.0,0.0,0.0,0.0,0.0,0.0,0.0,100.0,100.0,Inactive
2024-08-24,0.0,0.0,0.0,0,0,False,0.0,0.0,0.0,0.0,0.0,0.0,0.0,100.0,100.0,Inactive
2024-08-25,0.0,0.0,0.0,0,0,False,0.0,0.0,0.0,0.0,0.0,0.0,0.0,100.0,100.0,Inactive
2024-08-26,0.0,0.0,0.0,0,0,False,0.0,0.0,0.0,0.0,0.0,0.0,0.0,100.0,100.0,Inactive
2024-08-27,0.0,0.0,0.0,0,0,False,0.0,0.0,0.0,0.0,0.0,0.0,0.0,100.0,100.0,Inactive
2024-08-28,0.0,0.0,0.0,0,0,False,0.0,0.0,0.0,0.0,0.0,0.0,0.0,100.0,100.0,Inactive
2024-08-29,0.0,0.0,0.0,0,0,False,0.0,0.0,0.0,0.0,0.0,0.0,0.0,100.0,100.0,Inactive
2024-08-30,0.0,0.0,0.0,0,0,False,0.0,0.0,0.0,0.0,0.0,0.0,0.0,100.0,100.0,Inactive
2024-08-31,0.0,0.0,0.0,0,0,False,0.0,0.0,0.0,0.0,0.0,0.0,0.0,100.0,100.0,Inactive
2024-09-01,0.0,0.0,0.0,0,0,False,0.0,0.0,0.0,0.0,0.0,0.0,0.0,100.0,100.0,Inactive
2024-09-02,0.0,0.0,0.0,0,0,False,0.0,0.0,0.0,0.0,0.0,0.0,0.0,100.0,100.0,Inactive
2024-09-03,0.0,0.0,0.0,0,0,False,0.0,0.0,0.0,0.0,0.0,0.0,0.0,100.0,100.0,Inactive
2024-09-04,0.0,0.0,0.0,0,0,False,0.0,0.0,0.0,0.0,0.0,0.0,0.0,100.0,100.0,Inactive
2024-09-05,0.0,0.0,0.0,0,0,False,0.0,0.0,0.0,0.0,0.0,0.0,0.0,100.0,100.0,Inactive
2024-09-06,0.0,0.0,0.0,0,0,False,0.0,0.0,0.0,0.0,0.0,0.0,0.0,100.0,100.0,Inactive
2024-09-07,0.0,0.0,0.0,0,0,False,0.0,0.0,0.0,0.0,0.0,0.0,0.0,100.0,100.0,Inactive
2024-09-08,0.0,0.0,0.0,0,0,False,0.0,0.0,0.0,0.0,0.0,0.0,0.0,100.0,100.0,Inactive
2024-09-09,0.0,0.0,0.0,0,0,False,0.0,0.0,0.0,0.0,0.0,0.0,0.0,100.0,100.0,Inactive
2024-09-10,0.0,0.0,0.0,0,0,False,0.0,0.0,0.0,0.0,0.0,0.0,0.0,100.0,100.0,Inactive
2024-09-11,0.0,0.0,0.0,0,0,False,0.0,0.0,0.0,0.0,0.0,0.0,0.0,100.0,100.0,Inactive
2024-09-12,0.0,0.0,0.0,0,0,False,0.0,0.0,0.0,0.0,0.0,0.0,0.0,100.0,100.0,Inactive
2024-09-13,0.0,0.0,0.0,0,0,False,0.0,0.0,0.0,0.0,0.0,0.0,0.0,100.0,100.0,Inactive
2024-09-14,0.0,0.0,0.0,0,0,False,0.0,0.0,0.0,0.0,0.0,0.0,0.0,100.0,100.0,Inactive
2024-09-15,0.0,0.0,0.0,0,0,False,0.0,0.0,0.0,0.0,0.0,0.0,0.0,100.0,100.0,Inactive
2024-09-16,0.0,0.0,0.0,0,0,False,0.0,0.0,0.0,0.0,0.0,0.0,0.0,100.0,100.0,Inactive
2024-09-17,0.0,0.0,0.0,0,0,False,0.0,0.0,0.0,0.0,0.0,0.0,0.0,100.0,100.0,Inactive
2024-09-18,0.0,0.0,0.0,0,0,False,0.0,0.0,0.0,0.0,0.0,0.0,0.0,100.0,100.0,Inactive
2024-09-19,0.0,0.0,0.0,0,0,False,0.0,0.0,0.0,0.0,0.0,0.0,0.0,100.0,100.0,Inactive
2024-09-20,0.0,0.0,0.0,0,0,False,0.0,0.0,0.0,0.0,0.0,0.0,0.0,100.0,100.0,Inactive
2024-09-21,0.0,0.0,0.0,0,0,False,0.0,0.0,0.0,0.0,0.0,0.0,0.0,100.0,100.0,Inactive
2024-09-22,0.0,0.0,0.0,0,0,False,0.0,0.0,0.0,0.0,0.0,0.0,0.0,100.0,100.0,Inactive
2024-09-23,0.0,0.0,0.0,0,0,False,0.0,0.0,0.0,0.0,0.0,0.0,0.0,100.0,100.0,Inactive
2024-09-24,0.0,0.0,0.0,0,0,False,0.0,0.0,0.0,0.0,0.0,0.0,0.0,100.0,100.0,Inactive
2024-09-25,0.0,0.0,0.0,0,0,False,0.0,0.0,0.0,0.0,0.0,0.0,0.0,100.0,100.0,Inactive
2024-09-26,0.0,0.0,0.0,0,0,False,0.0,0.0,0.0,0.0,0.0,0.0,0.0,100.0,100.0,Inactive
2024-09-27,0.0,0.0,0.0,0,0,False,0.0,0.0,0.0,0.0,0.0,0.0,0.0,100.0,100.0,Inactive
2024-09-28,0.0,0.0,0.0,0,0,False,0.0,0.0,0.0,0.0,0.0,0.0,0.0,100.0,100.0,Inactive
2024-09-29,0.0,0.0,0.0,0,0,False,0.0,0.0,0.0,0.0,0.0,0.0,0.0,100.0,100.0,Inactive
2024-09-30,0.0,0.0,0.0,0,0,False,0.0,0.0,0.0,0.0,0.0,0.0,0.0,100.0,100.0,Inactive
2024-10-01,0.0,0.0,0.0,0,0,False,0.0,0.0,0.0,0.0,0.0,0.0,0.0,100.0,100.0,Inactive
2024-10-02,0.0,0.0,0.0,0,0,False,0.0,0.0,0.0,0.0,0.0,0.0,0.0,100.0,100.0,Inactive
2024-10-03,0.0,0.0,0.0,0,0,False,0.0,0.0,0.0,0.0,0.0,0.0,0.0,100.0,100.0,Inactive
2024-10-04,0.0,0.0,0.0,0,0,False,0.0,0.0,0.0,0.0,0.0,0.0,0.0,100.0,100.0,Inactive
2024-10-05,0.0,0.0,0.0,0,0,False,0.0,0.0,0.0,0.0,0.0,0.0,0.0,100.0,100.0,Inactive
2024-10-06,0.0,0.0,0.0,0,0,False,0.0,0.0,0.0,0.0,0.0,0.0,0.0,100.0,100.0,Inactive
2024-10-07,0.0,0.0,0.0,0,0,False,0.0,0.0,0.0,0.0,0.0,0.0,0.0,100.0,100.0,Inactive
2024-10-08,0.0,0.0,0.0,0,0,False,0.0,0.0,0.0,0.0,0.0,0.0,0.0,100.0,100.0,Inactive
2024-10-09,0.0,0.0,0.0,0,0,False,0.0,0.0,0.0,0.0,0.0,0.0,0.0,100.0,100.0,Inactive
2024-10-10,0.0,0.0,0.0,0,0,False,0.0,0.0,0.0,0.0,0.0,0.0,0.0,100.0,100.0,Inactive
2024-10-11,0.0,0.0,0.0,0,0,False,0.0,0.0,0.0,0.0,0.0,0.0,0.0,100.0,100.0,Inactive
2024-10-12,0.0,0.0,0.0,0,0,False,0.0,0.0,0.0,0.0,0.0,0.0,0.0,100.0,100.0,Inactive
2024-10-13,0.0,0.0,0.0,0,0,False,0.0,0.0,0.0,0.0,0.0,0.0,0.0,100.0,100.0,Inactive
2024-10-14,0.0,0.0,0.0,0,0,False,0.0,0.0,0.0,0.0,0.0,0.0,0.0,100.0,100.0,Inactive
2024-10-15,0.0,0.0,0.0,0,0,False,0.0,0.0,0.0,0.0,0.0,0.0,0.0,100.0,100.0,Inactive
2024-10-16,0.0,0.0,0.0,0,0,False,0.0,0.0,0.0,0.0,0.0,0.0,0.0,100.0,100.0,Inactive
2024-10-17,0.0,0.0,0.0,0,0,False,0.0,0.0,0.0,0.0,0.0,0.0,0.0,100.0,100.0,Inactive
2024-10-18,0.0,0.0,0.0,0,0,False,0.0,0.0,0.0,0.0,0.0,0.0,0.0,100.0,100.0,Inactive
2024-10-19,0.0,0.0,0.0,0,0,False,0.0,0.0,0.0,0.0,0.0,0.0,0.0,100.0,100.0,Inactive
2024-10-20,0.0,0.0,0.0,0,0,False,0.0,0.0,0.0,0.0,0.0,0.0,0.0,100.0,100.0,Inactive
2024-10-21,0.0,0.0,0.0,0,0,False,0.0,0.0,0.0,0.0,0.0,0.0,0.0,100.0,100.0,Inactive
2024-10-22,0.0,0.0,0.0,0,0,False,0.0,0.0,0.0,0.0,0.0,0.0,0.0,100.0,100.0,Inactive
2024-10-23,0.0,0.0,0.0,0,0,False,0.0,0.0,0.0,0.0,0.0,0.0,0.0,100.0,100.0,Inactive
2024-10-24,0.0,0.0,0.0,0,0,False,0.0,0.0,0.0,0.0,0.0,0.0,0.0,100.0,100.0,Inactive
2024-10-25,0.0,0.0,0.0,0,0,False,0.0,0.0,0.0,0.0,0.0,0.0,0.0,100.0,100.0,Inactive
2024-10-26,0.0,0.0,0.0,0,0,False,0.0,0.0,0.0,0.0,0.0,0.0,0.0,100.0,100.0,Inactive
2024-10-27,0.0,0.0,0.0,0,0,False,0.0,0.0,0.0,0.0,0.0,0.0,0.0,100.0,100.0,Inactive
2024-10-28,0.0,0.0,0.0,0,0,False,0.0,0.0,0.0,0.0,0.0,0.0,0.0,100.0,100.0,Inactive
2024-10-29,0.0,0.0,0.0,0,0,False,0.0,0.0,0.0,0.0,0.0,0.0,0.0,100.0,100.0,Inactive
2024-10-30,0.0,0.0,0.0,0,0,False,0.0,0.0,0.0,0.0,0.0,0.0,0.0,100.0,100.0,Inactive
2024-10-31,0.0,0.0,0.0,0,0,False,0.0,0.0,0.0,0.0,0.0,0.0,0.0,100.0,100.0,Inactive
2024-11-01,0.0,0.0,0.0,0,0,False,0.0,0.0,0.0,0.0,0.0,0.0,0.0,100.0,100.0,Inactive
2024-11-02,0.0,0.0,0.0,0,0,False,0.0,0.0,0.0,0.0,0.0,0.0,0.0,100.0,100.0,Inactive
2024-11-03,0.0,0.0,0.0,0,0,False,0.0,0.0,0.0,0.0,0.0,0.0,0.0,100.0,100.0,Inactive
2024-11-04,0.0,0.0,0.0,0,0,False,0.0,0.0,0.0,0.0,0.0,0.0,0.0,100.0,100.0,Inactive
2024-11-05,0.0,0.0,0.0,0,0,False,0.0,0.0,0.0,0.0,0.0,0.0,0.0,100.0,100.0,Inactive
2024-11-06,0.0,0.0,0.0,0,0,False,0.0,0.0,0.0,0.0,0.0,0.0,0.0,100.0,100.0,Inactive
2024-11-07,0.0,0.0,0.0,0,0,False,0.0,0.0,0.0,0.0,0.0,0.0,0.0,100.0,100.0,Inactive
2024-11-08,0.0,0.0,0.0,0,0,False,0.0,0.0,0.0,0.0,0.0,0.0,0.0,100.0,100.0,Inactive
2024-11-09,0.0,0.0,0.0,0,0,False,0.0,0.0,0.0,0.0,0.0,0.0,0.0,100.0,100.0,Inactive
2024-11-10,0.0,0.0,0.0,0,0,False,0.0,0.0,0.0,0.0,0.0,0.0,0.0,100.0,100.0,Inactive
2024-11-11,0.0,0.0,0.0,0,0,False,0.0,0.0,0.0,0.0,0.0,0.0,0.0,100.0,100.0,Inactive
2024-11-12,0.0,0.0,0.0,0,0,False,0.0,0.0,0.0,0.0,0.0,0.0,0.0,100.0,100.0,Inactive
2024-11-13,0.0,0.0,0.0,0,0,False,0.0,0.0,0.0,0.0,0.0,0.0,0.0,100.0,100.0,Inactive
2024-11-14,0.0,0.0,0.0,0,0,False,0.0,0.0,0.0,0.0,0.0,0.0,0.0,100.0,100.0,Inactive
2024-11-15,0.0,0.0,0.0,0,0,False,0.0,0.0,0.0,0.0,0.0,0.0,0.0,100.0,100.0,Inactive
2024-11-16,0.0,0.0,0.0,0,0,False,0.0,0.0,0.0,0.0,0.0,0.0,0.0,100.0,100.0,Inactive
2024-11-17,0.0,0.0,0.0,0,0,False,0.0,0.0,0.0,0.0,0.0,0.0,0.0,100.0,100.0,Inactive
2024-11-18,0.0,0.0,0.0,0,0,False,0.0,0.0,0.0,0.0,0.0,0.0,0.0,100.0,100.0,Inactive
2024-11-19,0.0,0.0,0.0,0,0,False,0.0,0.0,0.0,0.0,0.0,0.0,0.0,100.0,100.0,Inactive
2024-11-20,0.0,0.0,0.0,0,0,False,0.0,0.0,0.0,0.0,0.0,0.0,0.0,100.0,100.0,Inactive
2024-11-21,0.0,0.0,0.0,0,0,False,0.0,0.0,0.0,0.0,0.0,0.0,0.0,100.0,100.0,Inactive
2024-11-22,0.0,0.0,0.0,0,0,False,0.0,0.0,0.0,0.0,0.0,0.0,0.0,100.0,100.0,Inactive
2024-11-23,0.0,0.0,0.0,0,0,False,0.0,0.0,0.0,0.0,0.0,0.0,0.0,100.0,100.0,Inactive
2024-11-24,0.0,0.0,0.0,0,0,False,0.0,0.0,0.0,0.0,0.0,0.0,0.0,100.0,100.0,Inactive
2024-11-25,0.0,0.0,0.0,0,0,False,0.0,0.0,0.0,0.0,0.0,0.0,0.0,100.0,100.0,Inactive
2024-11-26,0.0,0.0,0.0,0,0,False,0.0,0.0,0.0,0.0,0.0,0.0,0.0,100.0,100.0,Inactive
2024-11-27,0.0,0.0,0.0,0,0,False,0.0,0.0,0.0,0.0,0.0,0.0,0.0,100.0,100.0,Inactive
2024-11-28,0.0,0.0,0.0,0,0,False,0.0,0.0,0.0,0.0,0.0,0.0,0.0,100.0,100.0,Inactive
2024-11-29,0.0,0.0,0.0,0,0,False,0.0,0.0,0.0,0.0,0.0,0.0,0.0,100.0,100.0,Inactive
2024-11-30,0.0,0.0,0.0,0,0,False,0.0,0.0,0.0,0.0,0.0,0.0,0.0,100.0,100.0,Inactive
2024-12-01,0.0,0.0,0.0,0,0,False,0.0,0.0,0.0,0.0,0.0,0.0,0.0,100.0,100.0,Inactive
2024-12-02,0.0,0.0,0.0,0,0,False,0.0,0.0,0.0,0.0,0.0,0.0,0.0,100.0,100.0,Inactive
2024-12-03,0.0,0.0,0.0,0,0,False,0.0,0.0,0.0,0.0,0.0,0.0,0.0,100.0,100.0,Inactive
2024-12-04,0.0,0.0,0.0,0,0,False,0.0,0.0,0.0,0.0,0.0,0.0,0.0,100.0,100.0,Inactive
2024-12-05,0.0,0.0,0.0,0,0,False,0.0,0.0,0.0,0.0,0.0,0.0,0.0,100.0,100.0,Inactive
2024-12-06,0.0,0.0,0.0,0,0,False,0.0,0.0,0.0,0.0,0.0,0.0,0.0,100.0,100.0,Inactive
2024-12-07,0.0,0.0,0.0,0,0,False,0.0,0.0,0.0,0.0,0.0,0.0,0.0,100.0,100.0,Inactive
2024-12-08,0.0,0.0,0.0,0,0,False,0.0,0.0,0.0,0.0,0.0,0.0,0.0,100.0,100.0,Inactive
2024-12-09,0.0,0.0,0.0,0,0,False,0.0,0.0,0.0,0.0,0.0,0.0,0.0,100.0,100.0,Inactive
2024-12-10,0.0,0.0,0.0,0,0,False,0.0,0.0,0.0,0.0,0.0,0.0,0.0,100.0,100.0,Inactive
2024-12-11,0.0,0.0,0.0,0,0,False,0.0,0.0,0.0,0.0,0.0,0.0,0.0,100.0,100.0,Inactive
2024-12-12,0.0,0.0,0.0,0,0,False,0.0,0.0,0.0,0.0,0.0,0.0,0.0,100.0,100.0,Inactive
2024-12-13,0.0,0.0,0.0,0,0,False,0.0,0.0,0.0,0.0,0.0,0.0,0.0,100.0,100.0,Inactive
2024-12-14,0.0,0.0,0.0,0,0,False,0.0,0.0,0.0,0.0,0.0,0.0,0.0,100.0,100.0,Inactive
2024-12-15,0.0,0.0,0.0,0,0,False,0.0,0.0,0.0,0.0,0.0,0.0,0.0,100.0,100.0,Inactive
2024-12-16,0.0,0.0,0.0,0,0,False,0.0,0.0,0.0,0.0,0.0,0.0,0.0,100.0,100.0,Inactive
2024-12-17,0.0,0.0,0.0,0,0,False,0.0,0.0,0.0,0.0,0.0,0.0,0.0,100.0,100.0,Inactive
2024-12-18,0.0,0.0,0.0,0,0,False,0.0,0.0,0.0,0.0,0.0,0.0,0.0,100.0,100.0,Inactive
2024-12-19,0.0,0.0,0.0,0,0,False,0.0,0.0,0.0,0.0,0.0,0.0,0.0,100.0,100.0,Inactive
2024-12-20,0.0,0.0,0.0,0,0,False,0.0,0.0,0.0,0.0,0.0,0.0,0.0,100.0,100.0,Inactive
2024-12-21,0.0,0.0,0.0,0,0,False,0.0,0.0,0.0,0.0,0.0,0.0,0.0,100.0,100.0,Inactive
2024-12-22,0.0,0.0,0.0,0,0,False,0.0,0.0,0.0,0.0,0.0,0.0,0.0,100.0,100.0,Inactive
2024-12-23,0.0,0.0,0.0,0,0,False,0.0,0.0,0.0,0.0,0.0,0.0,0.0,100.0,100.0,Inactive
2024-12-24,0.0,0.0,0.0,0,0,False,0.0,0.0,0.0,0.0,0.0,0.0,0.0,100.0,100.0,Inactive
2024-12-25,0.0,0.0,0.0,0,0,False,0.0,0.0,0.0,0.0,0.0,0.0,0.0,100.0,100.0,Inactive
2024-12-26,0.0,0.0,0.0,0,0,False,0.0,0.0,0.0,0.0,0.0,0.0,0.0,100.0,100.0,Inactive
2024-12-27,0.0,0.0,0.0,0,0,False,0.0,0.0,0.0,0.0,0.0,0.0,0.0,100.0,100.0,Inactive
2024-12-28,0.0,0.0,0.0,0,0,False,0.0,0.0,0.0,0.0,0.0,0.0,0.0,100.0,100.0,Inactive
2024-12-29,0.0,0.0,0.0,0,0,False,0.0,0.0,0.0,0.0,0.0,0.0,0.0,100.0,100.0,Inactive
2024-12-30,0.0,0.0,0.0,0,0,False,0.0,0.0,0.0,0.0,0.0,0.0,0.0,100.0,100.0,Inactive
2024-12-31,0.0,0.0,0.0,0,0,False,0.0,0.0,0.0,0.0,0.0,0.0,0.0,100.0,100.0,Inactive
2025-01-01,0.0,0.0,0.0,0,0,False,0.0,0.0,0.0,0.0,0.0,0.0,0.0,100.0,100.0,Inactive
2025-01-02,0.0,0.0,0.0,0,0,False,0.0,0.0,0.0,0.0,0.0,0.0,0.0,100.0,100.0,Inactive
2025-01-03,0.0,0.0,0.0,0,0,False,0.0,0.0,0.0,0.0,0.0,0.0,0.0,100.0,100.0,Inactive
2025-01-04,0.0,0.0,0.0,0,0,False,0.0,0.0,0.0,0.0,0.0,0.0,0.0,100.0,100.0,Inactive
2025-01-05,0.0,0.0,0.0,0,0,False,0.0,0.0,0.0,0.0,0.0,0.0,0.0,100.0,100.0,Inactive
2025-01-06,0.0,0.0,0.0,0,0,False,0.0,0.0,0.0,0.0,0.0,0.0,0.0,100.0,100.0,Inactive
2025-01-07,0.0,0.0,0.0,0,0,False,0.0,0.0,0.0,0.0,0.0,0.0,0.0,100.0,100.0,Inactive
2025-01-08,0.0,0.0,0.0,0,0,False,0.0,0.0,0.0,0.0,0.0,0.0,0.0,100.0,100.0,Inactive
2025-01-09,0.0,0.0,0.0,0,0,False,0.0,0.0,0.0,0.0,0.0,0.0,0.0,100.0,100.0,Inactive
2025-01-10,0.0,0.0,0.0,0,0,False,0.0,0.0,0.0,0.0,0.0,0.0,0.0,100.0,100.0,Inactive
2025-01-11,0.0,0.0,0.0,0,0,False,0.0,0.0,0.0,0.0,0.0,0.0,0.0,100.0,100.0,Inactive
2025-01-12,0.0,0.0,0.0,0,0,False,0.0,0.0,0.0,0.0,0.0,0.0,0.0,100.0,100.0,Inactive
2025-01-13,0.0,0.0,0.0,0,0,False,0.0,0.0,0.0,0.0,0.0,0.0,0.0,100.0,100.0,Inactive
2025-01-14,0.0,0.0,0.0,0,0,False,0.0,0.0,0.0,0.0,0.0,0.0,0.0,100.0,100.0,Inactive
2025-01-15,0.0,0.0,0.0,0,0,False,0.0,0.0,0.0,0.0,0.0,0.0,0.0,100.0,100.0,Inactive
2025-01-16,0.0,0.0,0.0,0,0,False,0.0,0.0,0.0,0.0,0.0,0.0,0.0,100.0,100.0,Inactive
2025-01-17,0.0,0.0,0.0,0,0,False,0.0,0.0,0.0,0.0,0.0,0.0,0.0,100.0,100.0,Inactive
2025-01-18,0.0,0.0,0.0,0,0,False,0.0,0.0,0.0,0.0,0.0,0.0,0.0,100.0,100.0,Inactive
2025-01-19,0.0,0.0,0.0,0,0,False,0.0,0.0,0.0,0.0,0.0,0.0,0.0,100.0,100.0,Inactive
2025-01-20,0.0,0.0,0.0,0,0,False,0.0,0.0,0.0,0.0,0.0,0.0,0.0,100.0,100.0,Inactive
2025-01-21,0.0,0.0,0.0,0,0,False,0.0,0.0,0.0,0.0,0.0,0.0,0.0,100.0,100.0,Inactive
2025-01-22,0.0,0.0,0.0,0,0,False,0.0,0.0,0.0,0.0,0.0,0.0,0.0,100.0,100.0,Inactive
2025-01-23,0.0,0.0,0.0,0,0,False,0.0,0.0,0.0,0.0,0.0,0.0,0.0,100.0,100.0,Inactive
2025-01-24,0.0,0.0,0.0,0,0,False,0.0,0.0,0.0,0.0,0.0,0.0,0.0,100.0,100.0,Inactive
2025-01-25,0.0,0.0,0.0,0,0,False,0.0,0.0,0.0,0.0,0.0,0.0,0.0,100.0,100.0,Inactive
2025-01-26,0.0,0.0,0.0,0,0,False,0.0,0.0,0.0,0.0,0.0,0.0,0.0,100.0,100.0,Inactive
2025-01-27,0.0,0.0,0.0,0,0,False,0.0,0.0,0.0,0.0,0.0,0.0,0.0,100.0,100.0,Inactive
2025-01-28,0.0,0.0,0.0,0,0,False,0.0,0.0,0.0,0.0,0.0,0.0,0.0,100.0,100.0,Inactive
2025-01-29,0.0,0.0,0.0,0,0,False,0.0,0.0,0.0,0.0,0.0,0.0,0.0,100.0,100.0,Inactive
2025-01-30,0.0,0.0,0.0,0,0,False,0.0,0.0,0.0,0.0,0.0,0.0,0.0,100.0,100.0,Inactive
2025-01-31,0.0,0.0,0.0,0,0,False,0.0,0.0,0.0,0.0,0.0,0.0,0.0,100.0,100.0,Inactive
2025-02-01,0.0,0.0,0.0,0,0,False,0.0,0.0,0.0,0.0,0.0,0.0,0.0,100.0,100.0,Inactive
2025-02-02,0.0,0.0,0.0,0,0,False,0.0,0.0,0.0,0.0,0.0,0.0,0.0,100.0,100.0,Inactive
2025-02-03,0.0,0.0,0.0,0,0,False,0.0,0.0,0.0,0.0,0.0,0.0,0.0,100.0,100.0,Inactive
2025-02-04,0.0,0.0,0.0,0,0,False,0.0,0.0,0.0,0.0,0.0,0.0,0.0,100.0,100.0,Inactive
2025-02-05,0.0,0.0,0.0,0,0,False,0.0,0.0,0.0,0.0,0.0,0.0,0.0,100.0,100.0,Inactive
2025-02-06,0.0,0.0,0.0,0,0,False,0.0,0.0,0.0,0.0,0.0,0.0,0.0,100.0,100.0,Inactive
2025-02-07,0.0,0.0,0.0,0,0,False,0.0,0.0,0.0,0.0,0.0,0.0,0.0,100.0,100.0,Inactive
2025-02-08,0.0,0.0,0.0,0,0,False,0.0,0.0,0.0,0.0,0.0,0.0,0.0,100.0,100.0,Inactive
2025-02-09,0.0,0.0,0.0,0,0,False,0.0,0.0,0.0,0.0,0.0,0.0,0.0,100.0,100.0,Inactive
2025-02-10,0.0,0.0,0.0,0,0,False,0.0,0.0,0.0,0.0,0.0,0.0,0.0,100.0,100.0,Inactive
2025-02-11,0.0,0.0,0.0,0,0,False,0.0,0.0,0.0,0.0,0.0,0.0,0.0,100.0,100.0,Inactive
2025-02-12,0.0,0.0,0.0,0,0,False,0.0,0.0,0.0,0.0,0.0,0.0,0.0,100.0,100.0,Inactive
2025-02-13,0.0,0.0,0.0,0,0,False,0.0,0.0,0.0,0.0,0.0,0.0,0.0,100.0,100.0,Inactive
2025-02-14,0.0,0.0,0.0,0,0,False,0.0,0.0,0.0,0.0,0.0,0.0,0.0,100.0,100.0,Inactive
2025-02-15,0.0,0.0,0.0,0,0,False,0.0,0.0,0.0,0.0,0.0,0.0,0.0,100.0,100.0,Inactive
2025-02-16,0.0,0.0,0.0,0,0,False,0.0,0.0,0.0,0.0,0.0,0.0,0.0,100.0,100.0,Inactive
2025-02-17,0.0,0.0,0.0,0,0,False,0.0,0.0,0.0,0.0,0.0,0.0,0.0,100.0,100.0,Inactive
2025-02-18,0.0,0.0,0.0,0,0,False,0.0,0.0,0.0,0.0,0.0,0.0,0.0,100.0,100.0,Inactive
2025-02-19,0.0,0.0,0.0,0,0,False,0.0,0.0,0.0,0.0,0.0,0.0,0.0,100.0,100.0,Inactive
2025-02-20,0.0,0.0,0.0,0,0,False,0.0,0.0,0.0,0.0,0.0,0.0,0.0,100.0,100.0,Inactive
2025-02-21,0.0,0.0,0.0,0,0,False,0.0,0.0,0.0,0.0,0.0,0.0,0.0,100.0,100.0,Inactive
2025-02-22,0.0,0.0,0.0,0,0,False,0.0,0.0,0.0,0.0,0.0,0.0,0.0,100.0,100.0,Inactive
2025-02-23,0.0,0.0,0.0,0,0,False,0.0,0.0,0.0,0.0,0.0,0.0,0.0,100.0,100.0,Inactive
2025-02-24,0.0,0.0,0.0,0,0,False,0.0,0.0,0.0,0.0,0.0,0.0,0.0,100.0,100.0,Inactive
2025-02-25,0.0,0.0,0.0,0,0,False,0.0,0.0,0.0,0.0,0.0,0.0,0.0,100.0,100.0,Inactive
2025-02-26,13.0,173.26600000000002,4.0,270,58,True,1.8571428571428568,24.7522857142852,0.0,0.16666666666666663,0.1528892292976629,0.0,0.1292001021226322,87.07998978773678,95.69332992924559,Normal
2025-02-27,11.0,108.565,2.0,231,41,True,3.4285714285714284,40.26157142857091,0.3714285714285714,0.3076923076923077,0.24868655351996335,0.45861601085481685,0.3201753220731062,67.98246779268938,85.02081919347539,Normal
2025-02-28,2.0,0.0,1.0,73,15,True,3.7142857142857135,40.26157142857091,0.6285714285714286,0.33333333333333326,0.24868655351996335,0.7761194029850748,0.3964965133196706,60.350348668032936,71.80426874948637,Watch
2025-03-01,0.0,0.0,0.0,0,0,False,3.7142857142857135,40.26157142857091,0.5802197802197803,0.33333333333333326,0.24868655351996335,0.7164179104477614,0.3845562148122079,61.54437851877921,63.29239832650052,Inactive
2025-03-02,0.0,0.0,0.0,0,0,False,3.7142857142857135,40.26157142857091,0.4659340659340659,0.33333333333333326,0.24868655351996335,0.5753052917232022,0.35633369106729607,64.3666308932704,62.08711936002752,Inactive
2025-03-03,4.0,12.063,2.0,109,27,True,4.285714285714286,41.98485714285663,0.3516483516483517,0.38461538461538464,0.2593308967437797,0.4341926729986432,0.3569454959305549,64.30545040694452,63.40548660633138,Watch
2025-03-04,17.0,77.588,2.0,114,31,True,6.714285714285714,53.06885714285663,0.3516483516483516,0.6025641025641026,0.32779423936580193,0.43419267299864317,0.48645885769152053,51.35411423084795,60.00873184368763,Watch
2025-03-05,12.0,88.291,3.0,169,47,True,6.571428571428571,40.92957142857091,0.7054945054945054,0.5897435897435898,0.25281263732287845,0.8710990502035278,0.5449353961093639,45.506460389063605,53.72200834228536,Warning
2025-03-06,20.0,54.013,2.0,252,74,True,7.857142857142857,33.13642857142805,0.8417582417582417,0.7051282051282052,0.20467616948356615,1.0,0.6139669534091725,38.60330465908275,45.15462642633144,Warning
2025-03-07,9.0,35.116,2.0,158,36,True,8.857142857142858,38.15299999999947,1.1538461538461535,0.7948717948717949,0.23566238822248112,1.0,0.6681346139026418,33.18653860973582,39.09876788596073,Critical
2025-03-08,25.0,161.203,2.0,259,59,True,12.428571428571429,61.18199999999948,1.063736263736264,1.0,0.377907274296331,1.0,0.8133721822888993,18.66278177111007,30.150875013309555,Critical
2025-03-09,0.0,0.0,0.0,175,46,True,12.428571428571429,61.18199999999948,1.3912087912087912,1.0,0.377907274296331,1.0,0.8133721822888993,18.66278177111007,23.504034050651992,Critical
2025-03-10,2.0,0.0,1.0,155,40,True,12.142857142857142,59.45871428571377,0.8945054945054944,1.0,0.36726293107251473,1.0,0.8101788793217544,18.982112067824563,18.76922520334824,Critical
2025-03-11,14.0,100.355,2.0,209,50,True,11.714285714285714,62.71114285714234,0.4549450549450549,1.0,0.3873524413250742,0.5617367706919946,0.7285530865359212,27.14469134640788,21.596528395114177,Critical
2025-03-12,20.0,188.114,2.0,129,31,True,12.857142857142858,76.9715714285709,0.3494505494505495,1.0,0.47543585951549183,0.4314789687924017,0.7289265516131278,27.10734483868722,24.411382750973228,Critical
2025-03-13,3.0,0.0,1.0,1084,8,True,10.428571428571429,69.25542857142806,0.7824175824175824,0.935897435897436,0.4277750031325037,0.9660786974219812,0.7894969583728653,21.050304162713473,25.100780115936193,Critical
2025-03-14,3.0,0.0,2.0,852,20,True,9.571428571428571,64.23885714285663,0.632967032967033,0.858974358974359,0.3967887843935888,0.7815468113975579,0.7048331770847678,29.51668229152322,25.891443764307976,Critical
2025-03-15,0.0,0.0,0.0,24,8,True,6.0,41.20985714285662,0.2219780219780219,0.5384615384615384,0.2545438983197389,0.27408412483039346,0.40041076369276957,59.958923630723035,36.84197002831991,Critical
2025-03-16,0.0,0.0,0.0,24,8,True,6.0,41.20985714285662,-0.345054945054945,0.5384615384615384,0.2545438983197389,0.4260515603799186,0.4308042508026746,56.91957491973254,48.798393613992936,Warning
2025-03-17,46.0,1543.615,3.0,490,146,True,12.285714285714286,261.7262857142852,-0.912087912087912,1.0,1.0,1.0,1.0,0.0,38.95949951681853,Critical
2025-03-18,31.0,267.333,2.0,996,97,True,14.714285714285714,285.5802857142852,-0.032967032967033,1.0,1.0,0.040705563093622846,0.8081411126187246,19.185888738127545,25.368487885953368,Critical
2025-03-19,34.0,134.887,3.0,693,63,True,16.714285714285715,277.9764285714281,0.6615384615384614,1.0,1.0,0.8168249660786974,0.9633649932157395,3.663500678426046,7.616463138851199,Critical
2025-03-20,5.0,0.0,1.0,185,52,True,17.0,277.9764285714281,1.2153846153846155,1.0,1.0,1.0,1.0,0.0,7.616463138851199,Critical
2025-03-21,0.0,0.0,0.0,162,40,True,16.571428571428573,277.9764285714281,1.1076923076923075,1.0,1.0,1.0,1.0,0.0,1.2211668928086843,Critical
2025-03-22,10.0,0.0,2.0,177,50,True,18.0,277.9764285714281,0.5604395604395603,1.0,1.0,0.6919945725915875,0.9383989145183176,6.160108548168242,2.0533695160560828,Critical
2025-03-23,8.0,23.856,2.0,209,64,True,19.142857142857142,281.38442857142803,0.865934065934066,1.0,1.0,1.0,1.0,0.0,2.0533695160560828,Critical
2025-03-24,3.0,0.0,2.0,143,37,True,13.0,60.86799999999948,0.3560439560439561,1.0,0.3759677678380745,0.43962008141112635,0.7007143466336476,29.928565336635238,12.029557961601162,Critical
2025-03-25,12.0,10.968,2.0,258,64,True,10.285714285714286,24.244428571428053,-0.2659340659340659,0.9230769230769232,0.14975231143637904,0.32835820895522383,0.5721357967604201,42.786420323957984,24.238328553531076,Critical
2025-03-26,4.0,0.0,2.0,225,60,True,6.0,4.974857142856623,-0.2395604395604395,0.5384615384615384,0.030728559100235284,0.2957937584803256,0.3376080886569049,66.23919113430952,46.318058931634255,Warning
2025-03-27,2.0,0.0,1.0,201,52,True,5.571428571428571,4.974857142856623,-0.2351648351648351,0.5,0.030728559100235284,0.29036635006784256,0.3172918377436391,68.27081622563608,59.098809227967855,Warning
2025-03-28,10.0,11.241,2.0,221,49,True,7.0,6.580714285713766,-0.7780219780219781,0.6282051282051282,0.04064757279325679,0.9606512890094983,0.5184270937424408,48.15729062575592,60.88909932856718,Watch
2025-03-29,5.0,0.0,2.0,166,48,True,6.285714285714286,6.580714285713766,-1.0879120879120878,0.5641025641025641,0.04064757279325679,1.0,0.4942455538892591,50.57544461107408,55.6678504874887,Warning
2025-03-30,8.0,0.0,2.0,162,46,True,6.285714285714286,3.172714285713766,-1.6703296703296706,0.5641025641025641,0.019597133271797754,1.0,0.4879304220328214,51.206957796717866,49.979897677849294,Warning
2025-03-31,10.0,23.308,2.0,159,41,True,7.285714285714286,6.502428571428051,-2.189010989010989,0.6538461538461539,0.04016401977272696,1.0,0.5389722828548951,46.102771714510496,49.295058040767486,Warning
2025-04-01,8.0,10.968,2.0,159,47,True,6.714285714285714,6.502428571428051,-1.1692307692307693,0.6025641025641026,0.04016401977272696,1.0,0.5133312572138694,48.66687427861306,48.65886792994714,Warning
2025-04-02,9.0,146.12900000000002,2.0,2377,90,True,7.428571428571429,27.37799999999948,-0.5428571428571428,0.6666666666666667,0.1691076681979151,0.6702849389416554,0.5181226215810391,48.187737841896094,47.65246127833989,Warning
2025-04-03,6.0,10.965,2.0,530,64,True,8.0,28.944428571428052,0.3120879120879121,0.717948717948718,0.17878314058862596,0.38534599728629587,0.48967850060820595,51.032149939179405,49.29558735322953,Warning
2025-04-04,13.0,172.44899999999998,2.0,217,67,True,8.428571428571429,51.97414285714234,0.2351648351648351,0.7564102564102565,0.3210324386425901,0.29036635006784256,0.5325881298114739,46.741187018852614,48.65369159997604,Warning
2025-04-05,6.0,0.0,2.0,143,38,True,8.571428571428571,51.97414285714234,0.189010989010989,0.7692307692307693,0.3210324386425901,0.2333785617367707,0.5276008285555158,47.23991714444842,48.33775136749349,Warning
2025-04-06,19.0,133.496,2.0,227,74,True,10.142857142857142,71.04499999999949,0.2153846153846154,0.9102564102564102,0.4388287781109292,0.265943012211669,0.6399654410038177,36.00345589961823,43.328186687639764,Warning
2025-04-07,28.0,966.732,3.0,386,133,True,12.714285714285714,205.81985714285665,0.5648351648351648,1.0,1.0,0.6974219810040706,0.9394843962008141,6.051560379918586,29.76497780799508,Critical
2025-04-08,25.0,145.577,2.0,348,94,True,15.142857142857142,225.04971428571372,0.9582417582417584,1.0,1.0,1.0,1.0,0.0,14.01833875984561,Critical
2025-04-09,35.0,169.69299999999998,2.0,274,73,True,18.857142857142858,228.41599999999949,1.4527472527472525,1.0,1.0,1.0,1.0,0.0,2.0171867933062,Critical
2025-04-10,26.0,131.319,2.0,262,69,True,21.714285714285715,245.60942857142803,1.912087912087912,1.0,1.0,1.0,1.0,0.0,0.0,Critical
2025-04-11,15.0,12.072,2.0,252,62,True,22.0,222.69842857142808,1.912087912087912,1.0,1.0,1.0,1.0,0.0,0.0,Critical
2025-04-12,28.0,285.397,2.0,291,92,True,25.142857142857142,263.46942857142807,1.756043956043956,1.0,1.0,1.0,1.0,0.0,0.0,Critical
2025-04-13,31.0,233.853,2.0,332,98,True,26.857142857142858,277.80614285714233,1.7846153846153847,1.0,1.0,1.0,1.0,0.0,0.0,Critical
2025-04-14,40.0,168.34,2.0,378,111,True,28.571428571428573,163.75014285714232,1.8967032967032968,1.0,1.0,1.0,1.0,0.0,0.0,Critical
2025-04-15,42.0,143.401,2.0,330,96,True,31.0,163.4392857142852,2.230769230769231,1.0,1.0,1.0,1.0,0.0,0.0,Critical
2025-04-16,44.0,169.686,2.0,347,103,True,32.285714285714285,163.4382857142852,2.424175824175824,1.0,1.0,1.0,1.0,0.0,0.0,Critical
2025-04-17,31.0,222.638,2.0,281,85,True,33.0,176.4838571428566,2.558241758241758,1.0,1.0,1.0,1.0,0.0,0.0,Critical
2025-04-18,50.0,454.787,3.0,432,138,True,38.0,239.7288571428566,2.068131868131868,1.0,1.0,1.0,1.0,0.0,0.0,Critical
2025-04-19,37.0,225.638,3.0,373,113,True,39.285714285714285,231.1918571428566,2.2417582417582413,1.0,1.0,1.0,1.0,0.0,0.0,Critical
2025-04-20,41.0,576.321,3.0,380,111,True,40.71428571428572,280.1158571428566,1.6505494505494505,1.0,1.0,1.0,1.0,0.0,0.0,Critical
2025-04-21,28.0,171.341,2.0,301,92,True,39.0,280.5445714285709,1.4659340659340658,1.0,1.0,1.0,1.0,0.0,0.0,Critical
2025-04-22,37.0,203.443,2.0,314,86,True,38.285714285714285,289.12199999999945,1.1098901098901095,1.0,1.0,1.0,1.0,0.0,0.0,Critical
2025-04-23,39.0,366.588,2.0,389,102,True,37.57142857142857,317.2508571428566,0.912087912087912,1.0,1.0,1.0,1.0,0.0,0.0,Critical
2025-04-24,28.0,132.156,2.0,348,106,True,37.142857142857146,304.3248571428566,1.0483516483516482,1.0,1.0,1.0,1.0,0.0,0.0,Critical
2025-04-25,34.0,155.744,2.0,369,119,True,34.857142857142854,261.60442857142806,0.556043956043956,1.0,1.0,0.6865671641791045,0.9373134328358209,6.268656716417908,2.089552238805974,Critical
2025-04-26,32.0,277.739,2.0,299,85,True,34.142857142857146,269.04742857142804,-0.1362637362637362,1.0,1.0,0.16824966078697415,0.8336499321573949,16.635006784260508,7.634554500226144,Critical
2025-04-27,38.0,237.977,2.0,302,93,True,33.714285714285715,220.71257142857093,-0.5406593406593406,1.0,1.0,0.6675712347354139,0.9335142469470828,6.648575305291715,9.850746268656716,Critical
2025-04-28,21.0,173.565,2.0,187,54,True,32.714285714285715,221.0302857142852,-0.6923076923076923,1.0,1.0,0.8548168249660788,0.9709633649932158,2.9036635006784217,8.72908186341022,Critical
2025-04-29,31.0,107.207,2.0,327,90,True,31.857142857142858,207.2822857142852,-1.0637362637362635,1.0,1.0,1.0,1.0,0.0,3.18407960199005,Critical
2025-04-30,39.0,143.923,3.0,358,112,True,31.857142857142858,175.47299999999947,-1.0,1.0,1.0,1.0,1.0,0.0,0.9678878335594786,Critical
2025-05-01,32.0,294.739,2.0,343,109,True,32.42857142857143,198.6991428571423,-0.5934065934065934,1.0,1.0,0.7327001356852104,0.9465400271370421,5.345997286295789,1.7819990954319345,Critical
2025-05-02,77.0,1400.811,3.0,568,170,True,38.57142857142857,376.5658571428567,-0.7934065934065933,1.0,1.0,0.9796472184531886,0.9959294436906377,0.4070556309362261,1.9176843057440098,Critical
2025-05-03,82.0,1229.199,2.0,635,221,True,45.71428571428572,512.4887142857139,0.9142857142857144,1.0,1.0,1.0,1.0,0.0,1.9176843057440098,Critical
2025-05-04,19.0,172.474,4.0,168,49,True,43.0,503.1311428571424,2.2175824175824177,1.0,1.0,1.0,1.0,0.0,0.1356852103120801,Critical
2025-05-05,2.0,0.0,1.0,76,22,True,40.285714285714285,478.3361428571424,1.6549450549450546,1.0,1.0,1.0,1.0,0.0,0.0,Critical
2025-05-06,0.0,0.0,0.0,53,16,True,35.857142857142854,463.02085714285664,0.2747252747252747,1.0,1.0,0.33921302578018997,0.8678426051560381,13.215739484396194,4.405246494798736,Critical
2025-05-07,2.0,0.0,1.0,55,16,True,30.571428571428573,442.46042857142805,-0.7516483516483515,1.0,1.0,0.9280868385345997,0.98561736770692,1.438263229308001,4.884667571234736,Critical
2025-05-08,1.0,0.0,1.0,97,23,True,26.142857142857142,400.3548571428566,-1.4923076923076923,1.0,1.0,1.0,1.0,0.0,4.884667571234736,Critical
2025-05-09,13.0,28.791,5.0,124,29,True,17.0,204.35199999999955,-2.4615384615384617,1.0,1.0,1.0,1.0,0.0,0.4794210764360051,Critical
2025-05-10,0.0,0.0,0.0,60,20,True,5.285714285714286,28.752142857142367,-2.771428571428572,0.4743589743589744,0.1775954355418503,1.0,0.4904581178420423,50.95418821579577,16.98472940526526,Critical
2025-05-11,0.0,0.0,0.0,54,18,True,2.571428571428572,4.112999999999513,-3.426373626373626,0.23076923076923084,0.025405063894293065,1.0,0.32300613455290333,67.69938654470965,39.551191586835145,Critical
2025-05-12,0.0,0.0,0.0,48,16,True,2.2857142857142856,4.112999999999513,-3.7428571428571433,0.20512820512820512,0.025405063894293065,1.0,0.3101856217323905,68.98143782676095,62.54500419575546,Watch
2025-05-13,32.0,136.012,3.0,652,63,True,6.857142857142857,23.543285714285226,-4.452747252747253,0.6153846153846154,0.14542151175615953,1.0,0.5513187612191556,44.86812387808444,60.51631608318502,Watch
2025-05-14,35.0,155.491,2.0,368,103,True,11.571428571428571,45.75628571428523,-3.8263736263736257,1.0,0.2826261517474065,1.0,0.7847878455242219,21.521215447577813,45.12359238414107,Warning
2025-05-15,36.0,349.326,2.0,414,120,True,16.571428571428573,95.65999999999951,-2.8549450549450546,1.0,0.5908700248306225,1.0,0.8772610074491867,12.273899255081332,26.221079526914533,Critical
2025-05-16,12.0,126.121,2.0,262,78,True,16.428571428571427,109.56428571428522,-2.0681318681318674,1.0,0.6767536297360386,1.0,0.9030260889208115,9.69739110791885,14.497501936859337,Critical
2025-05-17,17.0,132.973,2.0,252,77,True,18.857142857142858,128.56042857142808,-0.5010989010989004,1.0,0.7940884760844195,0.6187245590230658,0.8619714546299391,13.802854537006093,11.924714966668764,Critical
2025-05-18,34.0,327.069,2.0,351,102,True,23.714285714285715,175.28457142857093,1.659340659340659,1.0,1.0,1.0,1.0,0.0,7.833415214974987,Critical
2025-05-19,39.0,248.691,2.0,378,110,True,29.285714285714285,210.81185714285667,2.5142857142857142,1.0,1.0,1.0,1.0,0.0,4.600951512335369,Critical
2025-05-20,57.0,500.905,2.0,465,137,True,32.857142857142854,262.9394285714281,2.8857142857142857,1.0,1.0,1.0,1.0,0.0,0.0,Critical
2025-05-21,32.0,180.422,2.0,361,107,True,32.42857142857143,266.5009999999995,3.542857142857143,1.0,1.0,1.0,1.0,0.0,0.0,Critical
2025-05-22,29.0,209.7,2.0,319,110,True,31.428571428571427,246.5544285714281,3.301098901098901,1.0,1.0,1.0,1.0,0.0,0.0,Critical
2025-05-23,0.0,0.0,0.0,49,18,True,29.714285714285715,228.5371428571424,2.8087912087912086,1.0,1.0,1.0,1.0,0.0,0.0,Critical
2025-05-24,0.0,0.0,0.0,66,22,True,27.285714285714285,209.5409999999995,1.7604395604395606,1.0,1.0,1.0,1.0,0.0,0.0,Critical
2025-05-25,2.0,11.518,2.0,65,24,True,22.714285714285715,164.46228571428523,0.340659340659341,1.0,1.0,0.420624151967436,0.8841248303934872,11.587516960651278,3.8625056535504307,Critical
2025-05-26,66.0,415.672,2.0,433,109,True,26.571428571428573,188.31671428571377,-1.021978021978022,1.0,1.0,1.0,1.0,0.0,3.8625056535504307,Critical
2025-05-27,21.0,160.937,2.0,290,87,True,21.428571428571427,139.74985714285663,-0.5648351648351649,1.0,0.8632030269713157,0.6974219810040708,0.8984453042922089,10.155469570779108,7.247662177143467,Critical
2025-05-28,38.0,157.382,2.0,330,97,True,22.285714285714285,136.4584285714281,-0.6285714285714284,1.0,0.8428726226045145,0.7761194029850745,0.9080856673783693,9.191433262163073,6.4489676109807315,Critical
2025-05-29,37.0,427.458,2.0,395,120,True,23.428571428571427,167.5667142857138,-0.0593406593406594,1.0,1.0,0.07327001356852111,0.8146540027137043,18.534599728629576,12.627167520523924,Critical
2025-05-30,57.0,342.162,3.0,402,124,True,31.571428571428573,216.44699999999952,0.5010989010989011,1.0,1.0,0.6187245590230666,0.9237449118046134,7.625508819538663,11.783847270110442,Critical
2025-05-31,65.0,520.656,2.0,534,173,True,40.85714285714285,290.8264285714281,0.8373626373626373,1.0,1.0,1.0,1.0,0.0,8.720036182722751,Critical
2025-06-01,67.0,815.082,2.0,500,151,True,50.142857142857146,405.6212857142852,1.3692307692307693,1.0,1.0,1.0,1.0,0.0,2.541836273179559,Critical
2025-06-02,64.0,319.99,2.0,399,119,True,49.85714285714285,391.9524285714281,2.3076923076923075,1.0,1.0,1.0,1.0,0.0,0.0,Critical
2025-06-03,33.0,121.445,2.0,313,92,True,51.57142857142857,386.3107142857138,3.18021978021978,1.0,1.0,1.0,1.0,0.0,0.0,Critical
2025-06-04,59.0,873.249,4.0,443,125,True,54.57142857142857,488.5774285714281,3.6505494505494505,1.0,1.0,1.0,1.0,0.0,0.0,Critical
2025-06-05,86.0,6545.362,5.0,789,169,True,61.57142857142857,1362.5637142857138,4.1450549450549445,1.0,1.0,1.0,1.0,0.0,0.0,Critical
2025-06-06,0.0,0.0,0.0,0,0,False,53.42857142857143,1313.683428571428,5.193406593406593,1.0,1.0,1.0,1.0,0.0,0.0,Inactive
2025-06-07,0.0,0.0,0.0,30,10,True,44.142857142857146,1239.3039999999996,2.5780219780219777,1.0,1.0,1.0,1.0,0.0,0.0,Critical
2025-06-08,0.0,0.0,0.0,54,18,True,34.57142857142857,1122.863714285714,-0.0373626373626373,1.0,1.0,0.04613297150610576,0.8092265943012212,19.077340569877876,6.35911352329263,Critical
2025-06-09,21.0,288.714,3.0,482,123,True,28.428571428571427,1118.395714285714,-2.586813186813187,1.0,1.0,1.0,1.0,0.0,6.35911352329263,Critical
2025-06-10,44.0,154.313,2.0,395,120,True,30.0,1123.0911428571424,-2.417582417582417,1.0,1.0,1.0,1.0,0.0,6.35911352329263,Critical
2025-06-11,30.0,183.98,2.0,331,101,True,25.857142857142858,1024.6241428571425,-2.876923076923077,1.0,1.0,1.0,1.0,0.0,0.0,Critical
2025-06-12,32.0,282.669,2.0,348,96,True,18.142857142857142,129.9537142857139,-3.276923076923076,1.0,0.8026944844954189,1.0,0.9408083453486256,5.919165465137444,1.9730551550458193,Critical
2025-06-13,29.0,143.397,2.0,304,88,True,22.285714285714285,150.4389999999996,-3.6175824175824176,1.0,0.9292274269861408,1.0,0.9787682280958423,2.1231771904157704,2.6807808851844093,Critical
2025-06-14,32.0,106.933,2.0,314,96,True,26.857142857142858,165.71514285714244,-3.3626373626373622,1.0,1.0,1.0,1.0,0.0,2.6807808851844093,Critical
2025-06-15,34.0,283.488,2.0,418,117,True,31.714285714285715,206.21342857142815,-2.635164835164835,1.0,1.0,1.0,1.0,0.0,0.7077257301385949,Critical
2025-06-16,27.0,197.127,2.0,427,107,True,32.57142857142857,193.12957142857107,-1.6395604395604395,1.0,1.0,1.0,1.0,0.0,0.0,Critical
2025-06-17,21.0,96.235,2.0,282,73,True,29.285714285714285,184.83271428571388,-0.7978021978021977,1.0,1.0,0.9850746268656717,0.9970149253731344,0.29850746268655914,0.09950248756219111,Critical
2025-06-18,15.0,109.114,3.0,308,79,True,27.142857142857142,174.13757142857102,-0.9868131868131867,1.0,1.0,1.0,1.0,0.0,0.09950248756219111,Critical
2025-06-19,25.0,86.924,2.0,317,87,True,26.142857142857142,146.1739999999996,-0.4373626373626373,1.0,0.9028834937235168,0.5400271370420624,0.8788704755254675,12.112952447453251,4.137153303379942,Critical
2025-06-20,30.0,116.807,2.0,1005,88,True,26.285714285714285,142.3754285714282,1.4813186813186812,1.0,0.8794205834755459,1.0,0.9638261750426638,3.617382495733623,5.2434449810622965,Critical
2025-06-21,35.0,171.919,2.0,351,99,True,26.714285714285715,151.65914285714248,0.975824175824176,1.0,0.936763971417428,1.0,0.9810291914252283,1.8970808574771736,5.87580526688802,Critical
2025-06-22,38.0,264.62,2.0,327,94,True,27.285714285714285,148.9637142857139,0.4813186813186813,1.0,0.9201149232580177,0.5943012211668929,0.8948947212107838,10.510527878921616,5.3416637440441415,Critical
2025-06-23,16.0,169.988,2.0,264,80,True,25.714285714285715,145.0867142857139,-0.0813186813186813,1.0,0.896167577593494,0.10040705563093621,0.7889316844042354,21.106831559576456,11.17148009865842,Critical
2025-06-24,8.0,82.801,2.0,312,37,True,23.857142857142858,143.16757142857105,-0.7472527472527473,1.0,0.8843134694223304,0.9226594301221168,0.9498259268511224,5.017407314887756,12.21158891779528,Critical
2025-06-25,38.0,297.54200000000003,2.0,918,123,True,27.142857142857142,170.08585714285678,-0.8615384615384616,1.0,1.0,1.0,1.0,0.0,8.708079624821409,Critical
2025-06-26,10.0,36.192,2.0,1453,89,True,25.0,162.83842857142818,-0.4219780219780219,1.0,1.0,0.5210312075983717,0.9042062415196744,9.579375848032557,4.865594387640109,Critical
2025-06-27,26.0,108.019,2.0,313,94,True,24.428571428571427,161.58299999999963,-0.7516483516483518,1.0,0.9980613759377664,0.9280868385346,0.9850357804882499,1.4964219511750088,3.6919325997358605,Critical
2025-06-28,38.0,516.22,2.0,395,120,True,24.857142857142858,210.7688571428568,-0.6263736263736264,1.0,1.0,0.7734056987788333,0.9546811397557667,4.531886024423326,5.202561274543636,Critical
2025-06-29,35.0,323.52500000000003,2.0,371,107,True,24.428571428571427,219.1838571428568,-0.0461538461538461,1.0,1.0,0.056987788331071855,0.8113975576662145,18.860244233378552,8.296184069658967,Critical
2025-06-30,21.0,60.057,2.0,328,100,True,25.142857142857142,203.4794285714282,0.4879120879120879,1.0,1.0,0.6024423337856174,0.9204884667571236,7.951153324287641,10.447761194029844,Critical
2025-07-01,37.0,104.456,3.0,379,118,True,29.285714285714285,206.5729999999996,0.3868131868131868,1.0,1.0,0.47761194029850756,0.8955223880597015,10.447761194029848,12.419719583898685,Critical
2025-07-02,31.0,160.633,2.0,322,94,True,28.285714285714285,187.01457142857103,0.5714285714285714,1.0,1.0,0.7055630936227951,0.9411126187245591,5.888738127544091,8.095884215287198,Critical
2025-07-03,23.0,130.227,4.0,287,41,True,30.142857142857142,200.4481428571425,0.3164835164835164,1.0,1.0,0.3907734056987788,0.8781546811397558,12.18453188602442,9.50701040253279,Critical
2025-07-04,40.0,537.3720000000001,2.0,2525,158,True,32.142857142857146,261.7842857142854,0.0923076923076923,1.0,1.0,0.11397557666214383,0.8227951153324288,17.72048846675712,11.931252826775216,Critical
2025-07-05,17.0,353.403,2.0,394,138,True,29.142857142857142,238.52471428571397,0.5274725274725275,1.0,1.0,0.6512890094979649,0.9302578018995931,6.974219810040694,12.293080054274084,Critical
2025-07-06,0.0,0.0,0.0,248,78,True,24.142857142857142,192.3068571428568,0.4263736263736263,1.0,1.0,0.5264586160108548,0.905291723202171,9.4708276797829,11.38851198552691,Critical
2025-07-07,21.0,235.517,2.0,299,95,True,24.142857142857142,217.37257142857104,0.0175824175824176,1.0,1.0,0.02170963364993218,0.8043419267299865,19.56580732700135,12.003618272274986,Critical
2025-07-08,16.0,176.829,2.0,309,95,True,21.142857142857142,227.71157142857103,-0.3494505494505493,1.0,1.0,0.4314789687924015,0.8862957937584803,11.370420624151967,13.469018543645412,Critical
2025-07-09,23.0,154.902,2.0,310,87,True,20.0,226.89285714285677,-1.145054945054945,1.0,1.0,1.0,1.0,0.0,10.312075983717778,Critical
2025-07-10,18.0,36.726,2.0,1199,113,True,19.285714285714285,213.53557142857105,-0.7868131868131868,1.0,1.0,0.9715061058344642,0.9943012211668929,0.5698778833107099,3.9800995024875636,Critical
2025-07-11,9.0,12.069,3.0,1203,103,True,14.857142857142858,138.49228571428532,-1.4285714285714284,1.0,0.855435294782039,1.0,0.9566305884346116,4.336941156538843,1.6356063466165223,Critical
2025-07-12,17.0,141.502,2.0,279,80,True,14.857142857142858,108.2207142857139,-1.835164835164835,1.0,0.6684546951409972,1.0,0.9005364085422991,9.946359145770089,4.951059395206552,Critical
2025-07-13,13.0,163.68699999999998,2.0,269,77,True,16.714285714285715,131.60457142857103,-1.5428571428571427,1.0,0.8128914529356428,1.0,0.9438674358806929,5.613256411930712,6.63218557141322,Critical
2025-07-14,0.0,0.0,0.0,91,34,True,13.714285714285714,97.95928571428531,-1.3714285714285714,1.0,0.6050721888186296,1.0,0.8815216566455888,11.84783433544112,9.135816631047312,Critical
2025-07-15,0.0,0.0,0.0,55,20,True,11.428571428571429,72.69799999999961,-1.936263736263736,1.0,0.44903898249149676,1.0,0.8347116947474491,16.52883052525509,11.329973757542312,Critical
2025-07-16,0.0,0.0,0.0,56,18,True,8.142857142857142,50.56914285714247,-1.8813186813186813,0.7307692307692307,0.31235407375771707,1.0,0.6590908375119304,34.090916248806955,20.82252703650106,Critical
2025-07-17,0.0,0.0,0.0,0,0,False,5.571428571428571,45.32257142857104,-1.8615384615384616,0.5,0.27994719742199003,1.0,0.533984159226597,46.6015840773403,32.40711028380078,Inactive
2025-07-18,0.0,0.0,0.0,0,0,False,4.285714285714286,43.59842857142818,-1.969230769230769,0.38461538461538464,0.26929755982203657,1.0,0.4730969602543033,52.690303974569666,44.460934766905645,Inactive
2025-07-19,0.0,0.0,0.0,0,0,False,1.8571428571428568,23.38385714285675,-1.4153846153846157,0.16666666666666663,0.14443675779464318,1.0,0.3266643606717263,67.33356393282736,55.54181732824578,Inactive
2025-07-20,0.0,0.0,0.0,0,0,False,0.0,0.0,-1.4439560439560435,0.0,0.0,1.0,0.2,80.0,66.67462263579903,Inactive
2025-07-21,0.0,0.0,0.0,0,0,False,0.0,0.0,-1.9582417582417584,0.0,0.0,1.0,0.2,80.0,75.77785464427579,Inactive
2025-07-22,0.0,0.0,0.0,0,0,False,0.0,0.0,-1.78021978021978,0.0,0.0,1.0,0.2,80.0,80.0,Inactive
2025-07-23,0.0,0.0,0.0,0,0,False,0.0,0.0,-1.6747252747252748,0.0,0.0,1.0,0.2,80.0,80.0,Inactive
2025-07-24,0.0,0.0,0.0,0,0,False,0.0,0.0,-1.2681318681318683,0.0,0.0,1.0,0.2,80.0,80.0,Inactive
2025-07-25,0.0,0.0,0.0,0,0,False,0.0,0.0,-0.9252747252747252,0.0,0.0,1.0,0.2,80.0,80.0,Inactive
2025-07-26,0.0,0.0,0.0,0,0,False,0.0,0.0,-0.7999999999999998,0.0,0.0,0.9877883310719131,0.19755766621438264,80.24423337856173,80.08141112618725,Inactive
2025-07-27,0.0,0.0,0.0,0,0,False,0.0,0.0,-0.3714285714285714,0.0,0.0,0.45861601085481685,0.09172320217096337,90.82767978290366,83.69063772048847,Inactive
2025-07-28,0.0,0.0,0.0,0,0,False,0.0,0.0,0.0,0.0,0.0,0.0,0.0,100.0,90.35730438715514,Inactive
2025-07-29,0.0,0.0,0.0,0,0,False,0.0,0.0,0.0,0.0,0.0,0.0,0.0,100.0,96.94255992763458,Inactive
2025-07-30,0.0,0.0,0.0,0,0,False,0.0,0.0,0.0,0.0,0.0,0.0,0.0,100.0,100.0,Inactive
2025-07-31,0.0,0.0,0.0,0,0,False,0.0,0.0,0.0,0.0,0.0,0.0,0.0,100.0,100.0,Inactive
2025-08-01,0.0,0.0,0.0,0,0,False,0.0,0.0,0.0,0.0,0.0,0.0,0.0,100.0,100.0,Inactive
2025-08-02,0.0,0.0,0.0,0,0,False,0.0,0.0,0.0,0.0,0.0,0.0,0.0,100.0,100.0,Inactive
2025-08-03,0.0,0.0,0.0,0,0,False,0.0,0.0,0.0,0.0,0.0,0.0,0.0,100.0,100.0,Inactive
2025-08-04,0.0,0.0,0.0,0,0,False,0.0,0.0,0.0,0.0,0.0,0.0,0.0,100.0,100.0,Inactive
2025-08-05,0.0,0.0,0.0,0,0,False,0.0,0.0,0.0,0.0,0.0,0.0,0.0,100.0,100.0,Inactive
2025-08-06,0.0,0.0,0.0,0,0,False,0.0,0.0,0.0,0.0,0.0,0.0,0.0,100.0,100.0,Inactive
2025-08-07,0.0,0.0,0.0,0,0,False,0.0,0.0,0.0,0.0,0.0,0.0,0.0,100.0,100.0,Inactive
2025-08-08,0.0,0.0,0.0,0,0,False,0.0,0.0,0.0,0.0,0.0,0.0,0.0,100.0,100.0,Inactive
2025-08-09,0.0,0.0,0.0,0,0,False,0.0,0.0,0.0,0.0,0.0,0.0,0.0,100.0,100.0,Inactive
2025-08-10,0.0,0.0,0.0,0,0,False,0.0,0.0,0.0,0.0,0.0,0.0,0.0,100.0,100.0,Inactive
2025-08-11,0.0,0.0,0.0,0,0,False,0.0,0.0,0.0,0.0,0.0,0.0,0.0,100.0,100.0,Inactive
2025-08-12,0.0,0.0,0.0,0,0,False,0.0,0.0,0.0,0.0,0.0,0.0,0.0,100.0,100.0,Inactive
2025-08-13,0.0,0.0,0.0,0,0,False,0.0,0.0,0.0,0.0,0.0,0.0,0.0,100.0,100.0,Inactive
2025-08-14,0.0,0.0,0.0,0,0,False,0.0,0.0,0.0,0.0,0.0,0.0,0.0,100.0,100.0,Inactive
2025-08-15,0.0,0.0,0.0,0,0,False,0.0,0.0,0.0,0.0,0.0,0.0,0.0,100.0,100.0,Inactive
2025-08-16,0.0,0.0,0.0,0,0,False,0.0,0.0,0.0,0.0,0.0,0.0,0.0,100.0,100.0,Inactive
2025-08-17,0.0,0.0,0.0,0,0,False,0.0,0.0,0.0,0.0,0.0,0.0,0.0,100.0,100.0,Inactive
2025-08-18,0.0,0.0,0.0,0,0,False,0.0,0.0,0.0,0.0,0.0,0.0,0.0,100.0,100.0,Inactive
2025-08-19,0.0,0.0,0.0,0,0,False,0.0,0.0,0.0,0.0,0.0,0.0,0.0,100.0,100.0,Inactive
2025-08-20,0.0,0.0,0.0,0,0,False,0.0,0.0,0.0,0.0,0.0,0.0,0.0,100.0,100.0,Inactive
2025-08-21,0.0,0.0,0.0,0,0,False,0.0,0.0,0.0,0.0,0.0,0.0,0.0,100.0,100.0,Inactive
2025-08-22,0.0,0.0,0.0,0,0,False,0.0,0.0,0.0,0.0,0.0,0.0,0.0,100.0,100.0,Inactive
2025-08-23,0.0,0.0,0.0,0,0,False,0.0,0.0,0.0,0.0,0.0,0.0,0.0,100.0,100.0,Inactive
2025-08-24,0.0,0.0,0.0,0,0,False,0.0,0.0,0.0,0.0,0.0,0.0,0.0,100.0,100.0,Inactive
2025-08-25,0.0,0.0,0.0,0,0,False,0.0,0.0,0.0,0.0,0.0,0.0,0.0,100.0,100.0,Inactive
2025-08-26,0.0,0.0,0.0,0,0,False,0.0,0.0,0.0,0.0,0.0,0.0,0.0,100.0,100.0,Inactive
2025-08-27,0.0,0.0,0.0,0,0,False,0.0,0.0,0.0,0.0,0.0,0.0,0.0,100.0,100.0,Inactive
2025-08-28,0.0,0.0,0.0,0,0,False,0.0,0.0,0.0,0.0,0.0,0.0,0.0,100.0,100.0,Inactive
2025-08-29,0.0,0.0,0.0,0,0,False,0.0,0.0,0.0,0.0,0.0,0.0,0.0,100.0,100.0,Inactive
2025-08-30,0.0,0.0,0.0,0,0,False,0.0,0.0,0.0,0.0,0.0,0.0,0.0,100.0,100.0,Inactive
2025-08-31,0.0,0.0,0.0,0,0,False,0.0,0.0,0.0,0.0,0.0,0.0,0.0,100.0,100.0,Inactive
2025-09-01,0.0,0.0,0.0,0,0,False,0.0,0.0,0.0,0.0,0.0,0.0,0.0,100.0,100.0,Inactive
2025-09-02,0.0,0.0,0.0,0,0,False,0.0,0.0,0.0,0.0,0.0,0.0,0.0,100.0,100.0,Inactive
2025-09-03,0.0,0.0,0.0,0,0,False,0.0,0.0,0.0,0.0,0.0,0.0,0.0,100.0,100.0,Inactive
2025-09-04,0.0,0.0,0.0,0,0,False,0.0,0.0,0.0,0.0,0.0,0.0,0.0,100.0,100.0,Inactive
2025-09-05,0.0,0.0,0.0,0,0,False,0.0,0.0,0.0,0.0,0.0,0.0,0.0,100.0,100.0,Inactive
2025-09-06,0.0,0.0,0.0,0,0,False,0.0,0.0,0.0,0.0,0.0,0.0,0.0,100.0,100.0,Inactive
2025-09-07,0.0,0.0,0.0,0,0,False,0.0,0.0,0.0,0.0,0.0,0.0,0.0,100.0,100.0,Inactive
2025-09-08,0.0,0.0,0.0,0,0,False,0.0,0.0,0.0,0.0,0.0,0.0,0.0,100.0,100.0,Inactive
2025-09-09,0.0,0.0,0.0,0,0,False,0.0,0.0,0.0,0.0,0.0,0.0,0.0,100.0,100.0,Inactive
2025-09-10,0.0,0.0,0.0,0,0,False,0.0,0.0,0.0,0.0,0.0,0.0,0.0,100.0,100.0,Inactive
2025-09-11,36.0,294.699,2.0,285,85,True,5.142857142857143,42.09985714285676,0.0,0.4615384615384616,0.2600412255421865,0.0,0.30878159843188674,69.12184015681133,89.70728005227045,Normal
2025-09-12,19.0,33.977000000000004,2.0,212,69,True,7.857142857142857,46.9537142857139,1.0285714285714285,0.7051282051282052,0.2900223952110586,1.0,0.6395708211274203,36.04291788725797,68.38825268135645,Watch
2025-09-13,31.0,442.445,2.0,259,79,True,12.285714285714286,110.16014285714246,1.413186813186813,1.0,0.6804341035474076,1.0,0.9041302310642223,9.58697689357777,38.25057831254903,Critical
2025-09-14,27.0,94.575,2.0,249,73,True,16.142857142857142,123.67085714285676,2.057142857142857,1.0,0.7638867074098318,1.0,0.9291660122229495,7.083398777705052,17.571097852846936,Critical
2025-09-15,17.0,45.787,3.0,634,70,True,18.571428571428573,130.21185714285676,2.4505494505494507,1.0,0.8042889741087355,1.0,0.9412866922326206,5.8713307767379375,7.513902149340258,Critical
2025-09-16,35.0,157.67,2.0,259,73,True,23.571428571428573,152.73614285714248,2.4395604395604398,1.0,0.9434163550338045,1.0,0.9830249065101413,1.6975093489858706,4.884079634476291,Critical
2025-09-17,2.0,0.0,2.0,1174,16,True,23.857142857142858,152.73614285714248,2.868131868131868,1.0,0.9434163550338045,1.0,0.9830249065101413,1.6975093489858706,3.088783158236564,Critical
2025-09-18,0.0,0.0,0.0,0,0,False,18.714285714285715,110.63628571428532,2.2,1.0,0.6833751294916155,1.0,0.9050125388474846,9.498746115251544,4.297921604407766,Inactive
2025-09-19,0.0,0.0,0.0,1543,18,True,16.0,105.78242857142816,1.4659340659340658,1.0,0.6533939598227433,1.0,0.896018187946823,10.398181205317702,7.1981455565183765,Critical
2025-09-20,0.0,0.0,0.0,0,0,False,11.571428571428571,42.57599999999961,0.7318681318681317,1.0,0.2629822514863943,0.9036635006784259,0.7596273755816035,24.037262441839648,14.644729920802968,Inactive
2025-09-21,0.0,0.0,0.0,0,0,False,7.714285714285714,29.065285714285324,-0.0021978021978022,0.6923076923076924,0.17952964762397025,0.0027137042062415225,0.4005554812822856,59.94445187177144,31.45996517297627,Inactive
2025-09-22,19.0,11.513,2.0,1003,59,True,8.0,24.16899999999961,-0.7362637362637362,0.717948717948718,0.1492864063363073,0.9090909090909092,0.585578462693433,41.44215373065669,41.80795601475594,Warning
2025-09-23,31.0,121.736,2.0,248,71,True,7.428571428571429,19.03557142857104,-0.9274725274725276,0.6666666666666667,0.11757838765068905,1.0,0.5686068496285401,43.139315037145984,48.17530687985805,Warning
2025-09-24,0.0,0.0,0.0,654,12,True,7.142857142857143,19.03557142857104,-0.8593406593406593,0.6410256410256411,0.11757838765068905,1.0,0.5557863368080272,44.421366319197276,43.000945028999986,Warning
2025-09-25,0.0,0.0,0.0,27,4,True,7.142857142857143,19.03557142857104,-1.813186813186813,0.6410256410256411,0.11757838765068905,1.0,0.5557863368080272,44.421366319197276,43.99401589184686,Warning
2025-09-26,37.0,682.933,3.0,1933,85,True,12.428571428571429,116.59742857142818,-1.58021978021978,1.0,0.7201957507337116,1.0,0.9160587252201136,8.394127477988643,32.41228670546107,Critical
2025-09-27,0.0,0.0,0.0,0,0,False,12.428571428571429,116.59742857142818,-0.6923076923076922,1.0,0.7201957507337116,0.8548168249660787,0.8870220902133292,11.297790978667077,21.371094925284336,Inactive
2025-09-28,0.0,0.0,0.0,0,0,False,12.428571428571429,116.59742857142818,-0.545054945054945,1.0,0.7201957507337116,0.6729986431478969,0.8506584538496929,14.934154615030714,11.542024357228817,Inactive
2025-09-29,0.0,0.0,0.0,2,0,False,9.714285714285714,114.9527142857139,-0.3934065934065933,0.8717948717948718,0.7100367253224709,0.4857530529172319,0.7460590640776236,25.394093592237642,17.208679728645148,Inactive
2025-09-30,221.0,4963.513,4.0,1291,277,True,36.85714285714285,806.6351428571425,-0.4527472527472527,1.0,1.0,0.5590230664857531,0.9118046132971507,8.819538670284931,16.3825956258511,Critical
2025-10-01,111.0,4944.408,5.0,2742,192,True,52.71428571428572,1512.9791428571425,6.47032967032967,1.0,1.0,1.0,1.0,0.0,11.404544087507526,Critical
2025-10-02,103.0,3566.89,5.0,767,203,True,67.42857142857143,2022.5348571428567,8.345054945054946,1.0,1.0,1.0,1.0,0.0,2.939846223428315,Critical
2025-10-03,58.0,1834.31,7.0,861,49,True,70.42857142857143,2187.0172857142857,9.446153846153848,1.0,1.0,1.0,1.0,0.0,0.0,Critical
2025-10-04,0.0,0.0,0.0,2,0,False,70.42857142857143,2187.0172857142857,8.808791208791208,1.0,1.0,1.0,1.0,0.0,0.0,Inactive
2025-10-05,0.0,0.0,0.0,0,0,False,70.42857142857143,2187.0172857142857,6.25934065934066,1.0,1.0,1.0,1.0,0.0,0.0,Inactive
2025-10-06,72.0,1201.685,2.0,374,46,True,80.71428571428571,2358.686571428571,3.7098901098901096,1.0,1.0,1.0,1.0,0.0,0.0,Critical
2025-10-07,6.0,48.801,2.0,20,0,True,50.0,1656.584857142857,3.843956043956045,1.0,1.0,1.0,1.0,0.0,0.0,Critical
2025-10-08,10.0,239.622,4.0,208,46,True,35.57142857142857,984.4725714285712,2.2549450549450545,1.0,1.0,1.0,1.0,0.0,0.0,Critical
2025-10-09,11.0,82.787,2.0,212,63,True,22.428571428571427,486.74357142857104,-0.131868131868132,1.0,1.0,0.16282225237449138,0.8325644504748984,16.743554952510166,5.5811849841700605,Critical
2025-10-10,0.0,0.0,0.0,22,6,True,14.142857142857142,224.6992857142853,-2.534065934065933,1.0,1.0,1.0,1.0,0.0,5.5811849841700605,Critical
2025-10-11,0.0,0.0,0.0,0,0,False,14.142857142857142,224.6992857142853,-4.07912087912088,1.0,1.0,1.0,1.0,0.0,5.5811849841700605,Inactive
2025-10-12,0.0,0.0,0.0,0,0,False,14.142857142857142,224.6992857142853,-6.6813186813186825,1.0,1.0,1.0,1.0,0.0,0.0,Inactive
2025-10-13,0.0,0.0,0.0,0,0,False,3.857142857142857,53.02999999999962,-9.283516483516484,0.3461538461538462,0.3275542276475836,1.0,0.4713431913711982,52.86568086288018,17.621893620960066,Inactive
2025-10-14,162.0,7266.73,4.0,1138,266,True,26.142857142857142,1084.162714285714,-11.885714285714286,1.0,1.0,1.0,1.0,0.0,17.621893620960066,Critical
2025-10-15,2.0,0.0,1.0,128,36,True,25.0,1049.9309999999996,-2.573626373626373,1.0,1.0,1.0,1.0,0.0,17.621893620960066,Critical
2025-10-16,34.0,955.922,3.0,272,44,True,28.285714285714285,1174.6645714285712,-1.2000000000000002,1.0,1.0,1.0,1.0,0.0,0.0,Critical
2025-10-17,6.0,47.425,2.0,144,31,True,29.142857142857142,1181.439571428571,1.303296703296703,1.0,1.0,1.0,1.0,0.0,0.0,Critical
2025-10-18,8.0,24.127,2.0,149,40,True,30.285714285714285,1184.8862857142851,1.8263736263736263,1.0,1.0,1.0,1.0,0.0,0.0,Critical
2025-10-19,31.0,108.018,2.0,237,51,True,34.714285714285715,1200.3174285714283,0.7230769230769228,1.0,1.0,0.8928086838534598,0.978561736770692,2.1438263229307974,0.7146087743102706,Critical
2025-10-20,237.0,8685.726,4.0,1266,342,True,68.57142857142857,2441.1354285714283,0.2417582417582419,1.0,1.0,0.29850746268656736,0.8597014925373135,14.029850746268647,5.391225689733152,Critical
2025-10-21,2.0,0.0,1.0,35,7,True,45.71428571428572,1403.0311428571426,7.883516483516484,1.0,1.0,1.0,1.0,0.0,5.391225689733152,Critical
2025-10-22,225.0,5695.038,5.0,1227,294,True,77.57142857142857,2216.608,5.909890109890109,1.0,1.0,1.0,1.0,0.0,4.676616915422887,Critical
2025-10-23,49.0,916.549,3.0,184,55,True,79.71428571428571,2210.9832857142856,10.457142857142856,1.0,1.0,1.0,1.0,0.0,0.0,Critical
2025-10-24,99.0,3089.986,3.0,641,127,True,93.0,2645.6348571428566,9.063736263736264,1.0,1.0,1.0,1.0,0.0,0.0,Critical
2025-10-25,31.0,316.909,3.0,243,59,True,96.28571428571428,2687.4608571428566,8.569230769230769,1.0,1.0,1.0,1.0,0.0,0.0,Critical
2025-10-26,109.0,2298.726,2.0,639,119,True,107.42857142857144,3000.4191428571426,5.696703296703297,1.0,1.0,1.0,1.0,0.0,0.0,Critical
2025-10-27,120.0,3547.221,4.0,792,139,True,90.71428571428572,2266.347,4.916483516483516,1.0,1.0,1.0,1.0,0.0,0.0,Critical
2025-10-28,19.0,200.943,2.0,200,50,True,93.14285714285714,2295.0531428571426,3.971428571428571,1.0,1.0,1.0,1.0,0.0,0.0,Critical
2025-10-29,11.0,112.668,2.0,53,2,True,62.57142857142857,1497.571714285714,4.953846153846155,1.0,1.0,1.0,1.0,0.0,0.0,Critical
2025-10-30,0.0,0.0,0.0,1,0,False,55.57142857142857,1366.6361428571424,1.0615384615384604,1.0,1.0,1.0,1.0,0.0,0.0,Inactive
2025-10-31,0.0,0.0,0.0,0,0,False,41.42857142857143,925.2095714285712,-2.1296703296703297,1.0,1.0,1.0,1.0,0.0,0.0,Inactive
2025-11-01,0.0,0.0,0.0,0,0,False,37.0,879.936857142857,-6.094505494505493,1.0,1.0,1.0,1.0,0.0,0.0,Inactive
2025-11-02,0.0,0.0,0.0,0,0,False,21.428571428571427,551.5474285714283,-9.967032967032964,1.0,1.0,1.0,1.0,0.0,0.0,Inactive
2025-11-03,0.0,0.0,0.0,0,0,False,4.285714285714286,44.801571428571165,-13.046153846153842,0.38461538461538464,0.27672909912660343,1.0,0.4753264220456734,52.467357795432655,17.48911926514422,Inactive
2025-11-04,0.0,0.0,0.0,5,0,False,1.5714285714285714,16.09542857142831,-9.197802197802195,0.14102564102564102,0.09941779510411253,1.0,0.30033815904405425,69.96618409559457,40.81118063034241,Inactive
2025-11-05,0.0,0.0,0.0,7,0,False,0.0,0.0,-12.054945054945051,0.0,0.0,1.0,0.2,80.0,67.47784729700908,Inactive
2025-11-06,0.0,0.0,0.0,8,0,False,0.0,0.0,-7.551648351648352,0.0,0.0,1.0,0.2,80.0,76.65539469853152,Inactive
2025-11-07,0.0,0.0,0.0,0,0,False,0.0,0.0,-7.861538461538462,0.0,0.0,1.0,0.2,80.0,80.0,Inactive
2025-11-08,0.0,0.0,0.0,0,0,False,0.0,0.0,-6.307692307692306,0.0,0.0,1.0,0.2,80.0,80.0,Inactive
2025-11-09,0.0,0.0,0.0,0,0,False,0.0,0.0,-6.56043956043956,0.0,0.0,1.0,0.2,80.0,80.0,Inactive
2025-11-10,0.0,0.0,0.0,0,0,False,0.0,0.0,-4.105494505494505,0.0,0.0,1.0,0.2,80.0,80.0,Inactive
2025-11-11,0.0,0.0,0.0,10,0,False,0.0,0.0,-0.8087912087912087,0.0,0.0,0.9986431478968792,0.19972862957937587,80.0271370420624,80.00904568068746,Inactive
2025-11-12,0.0,0.0,0.0,0,0,False,0.0,0.0,-0.3142857142857143,0.0,0.0,0.3880597014925374,0.07761194029850749,92.23880597014926,84.08864767073722,Inactive
2025-11-13,0.0,0.0,0.0,0,0,False,0.0,0.0,0.0,0.0,0.0,0.0,0.0,100.0,90.75531433740389,Inactive
2025-11-14,0.0,0.0,0.0,0,0,False,0.0,0.0,0.0,0.0,0.0,0.0,0.0,100.0,97.41293532338308,Inactive
2025-11-15,0.0,0.0,0.0,0,0,False,0.0,0.0,0.0,0.0,0.0,0.0,0.0,100.0,100.0,Inactive
2025-11-16,0.0,0.0,0.0,0,0,False,0.0,0.0,0.0,0.0,0.0,0.0,0.0,100.0,100.0,Inactive
2025-11-17,0.0,0.0,0.0,0,0,False,0.0,0.0,0.0,0.0,0.0,0.0,0.0,100.0,100.0,Inactive
2025-11-18,2.0,0.0,1.0,16,4,True,0.2857142857142857,0.0,0.0,0.02564102564102564,0.0,0.0,0.01282051282051282,98.71794871794873,99.57264957264958,Normal
2025-11-19,0.0,0.0,0.0,0,0,False,0.2857142857142857,0.0,0.0571428571428571,0.02564102564102564,0.0,0.07055630936227947,0.026931774692968716,97.30682253070313,98.67492374955062,Inactive
2025-11-20,0.0,0.0,0.0,0,0,False,0.2857142857142857,0.0,0.0483516483516483,0.02564102564102564,0.0,0.059701492537313376,0.024760811327975495,97.52391886720245,97.84956337195143,Inactive
2025-11-21,140.0,4671.869,4.0,919,143,True,20.285714285714285,667.4098571428568,0.0395604395604395,1.0,1.0,0.04884667571234729,0.8097693351424695,19.02306648575305,71.28460262788622,Watch
2025-11-22,13.0,71.006,2.0,199,52,True,22.142857142857142,677.5535714285712,4.030769230769231,1.0,1.0,1.0,1.0,0.0,38.84899511765183,Critical
2025-11-23,11.0,183.917,2.0,159,39,True,23.714285714285715,703.8274285714282,3.778021978021978,1.0,1.0,1.0,1.0,0.0,6.3410221619176825,Critical
2025-11-24,5.0,49.902,2.0,113,33,True,24.428571428571427,710.9562857142854,3.410989010989011,1.0,1.0,1.0,1.0,0.0,0.0,Critical
2025-11-25,16.0,55.106,2.0,133,29,True,26.428571428571427,718.8285714285711,2.8241758241758244,1.0,1.0,1.0,1.0,0.0,0.0,Critical
2025-11-26,6.0,47.143,2.0,67,17,True,27.285714285714285,725.5632857142854,2.52967032967033,1.0,1.0,1.0,1.0,0.0,0.0,Critical
2025-11-27,26.0,188.621,2.0,181,47,True,31.0,752.5091428571425,1.8791208791208796,1.0,1.0,1.0,1.0,0.0,0.0,Critical
2025-11-28,10.0,147.494,3.0,65,16,True,12.428571428571429,106.1698571428569,1.7736263736263735,1.0,0.6557870178367532,1.0,0.8967361053510259,10.326389464897412,3.4421298216324705,Critical
2025-11-29,0.0,0.0,0.0,0,0,False,10.571428571428571,96.0261428571426,1.0967032967032966,0.9487179487179488,0.593131605837226,1.0,0.8522984561101421,14.770154388985791,8.365514617961068,Inactive
2025-11-30,0.0,0.0,0.0,0,0,False,9.0,69.75228571428546,0.09010989010989,0.8076923076923077,0.4308439765000286,0.11126187245590219,0.5553517212873429,44.46482787126571,23.187123908382972,Inactive
2025-12-01,12.0,214.129,2.0,223,39,True,10.0,93.21328571428546,-0.9164835164835166,0.8974358974358975,0.5757572281470211,1.0,0.8214451171620551,17.855488283794486,25.696823514681995,Critical
2025-12-02,10.0,57.848,2.0,211,35,True,9.142857142857142,93.60499999999976,-1.5802197802197802,0.8205128205128205,0.5781767580417161,1.0,0.7837094376689251,21.62905623310749,27.98312412938923,Critical
2025-12-03,28.0,192.483,2.0,221,59,True,12.285714285714286,114.36785714285688,-2.287912087912088,1.0,0.7064241960048638,1.0,0.9119272588014591,8.807274119854092,16.09727287891869,Critical
2025-12-04,30.0,227.576,3.0,243,68,True,12.857142857142858,119.93285714285688,-2.582417582417583,1.0,0.7407979330755562,1.0,0.9222393799226669,7.776062007733309,12.73746412023163,Critical
2025-12-05,21.0,148.33100000000002,2.0,224,45,True,14.428571428571429,120.05242857142832,-2.942857142857142,1.0,0.741536498546694,1.0,0.9224609495640081,7.753905043599185,8.112413723728862,Critical
2025-12-06,36.0,474.291,2.0,250,62,True,19.571428571428573,187.80828571428543,0.9230769230769232,1.0,1.0,1.0,1.0,0.0,5.176655683777498,Critical
2025-12-07,13.0,109.668,2.0,177,35,True,21.428571428571427,203.4751428571426,1.553846153846154,1.0,1.0,1.0,1.0,0.0,2.584635014533062,Critical
2025-12-08,30.0,264.041,2.0,301,86,True,24.0,210.60542857142832,1.3604395604395605,1.0,1.0,1.0,1.0,0.0,0.0,Critical
2025-12-09,33.0,268.682,3.0,1325,75,True,27.285714285714285,240.72457142857115,1.446153846153846,1.0,1.0,1.0,1.0,0.0,0.0,Critical
2025-12-10,63.0,543.373,2.0,353,70,True,32.285714285714285,290.851714285714,1.87032967032967,1.0,1.0,1.0,1.0,0.0,0.0,Critical
2025-12-11,51.0,493.994,2.0,1296,86,True,35.285714285714285,328.9114285714283,2.747252747252747,1.0,1.0,1.0,1.0,0.0,0.0,Critical
2025-12-12,28.0,85.55499999999999,2.0,168,45,True,36.285714285714285,319.9434285714283,3.69010989010989,1.0,1.0,1.0,1.0,0.0,0.0,Critical
2025-12-13,27.0,318.044,2.0,1989,57,True,35.0,297.6224285714283,3.3384615384615386,1.0,1.0,1.0,1.0,0.0,0.0,Critical
2025-12-14,16.0,120.354,2.0,156,47,True,35.42857142857143,299.1489999999998,2.5494505494505493,1.0,1.0,1.0,1.0,0.0,0.0,Critical
2025-12-15,0.0,0.0,0.0,21,6,True,31.142857142857142,261.4288571428569,1.3274725274725274,1.0,1.0,1.0,1.0,0.0,0.0,Critical
