axis,error_code,start_time,end_time,duration_sec,log_entries
Upper/X east,7490.0,2022-11-23 02:13:34.158,2022-11-23 02:13:59.020,24.862,2
Upper/X east,7490.0,2022-11-24 01:39:42.180,2022-11-24 01:40:42.221,60.041,6
Upper/X east,7490.0,2022-11-25 01:35:00.447,2022-11-25 01:35:24.026,23.579,3
Upper/X east,7490.0,2023-01-05 19:15:58.125,2023-01-05 19:17:57.963,119.838,11
Upper/X east,7490.0,2023-01-06 05:16:28.819,2023-01-06 05:20:31.502,242.683,22
Upper/X east,7490.0,2023-01-24 04:55:39.872,2023-01-24 05:06:53.859,673.987,59
Upper/X east,7490.0,2023-03-06 06:03:06.822,2023-03-06 06:07:56.948,290.126,24
Upper/X east,7490.0,2023-03-06 06:55:59.538,2023-03-06 07:01:58.489,358.951,30
Upper/X east,7490.0,2023-03-06 07:03:30.362,2023-03-06 07:10:18.394,408.032,35
Upper/X east,7490.0,2023-03-06 12:40:37.284,2023-03-06 12:54:01.574,804.29,68
Upper/X east,7490.0,2023-03-06 13:27:53.355,2023-03-06 13:40:53.517,780.162,66
Upper/X east,7490.0,2023-03-06 14:18:09.765,2023-03-06 14:23:22.384,312.619,27
Upper/X east,7490.0,2023-03-06 14:26:14.319,2023-03-06 14:26:26.392,12.073,2
Upper/X east,7490.0,2023-03-06 15:04:35.293,2023-03-06 15:05:23.559,48.266,5
Upper/X east,7490.0,2023-03-06 16:39:46.576,2023-03-06 16:39:58.643,12.067,2
Upper/X east,7490.0,2023-03-06 16:41:20.356,2023-03-06 16:54:58.355,817.999,71
Upper/X east,7490.0,2023-03-06 17:29:21.307,2023-03-06 17:41:22.508,721.201,61
Upper/X east,7490.0,2023-03-06 18:19:30.343,2023-03-06 18:27:37.383,487.04,43
Upper/X east,7490.0,2023-03-06 19:04:49.544,2023-03-06 19:08:25.355,215.811,19
Upper/X east,7490.0,2023-03-06 19:12:03.355,2023-03-06 19:12:27.484,24.129,3
Upper/X east,7490.0,2023-03-08 04:12:59.256,2023-03-08 04:14:08.636,69.38,7
Upper/X east,7490.0,2023-03-08 04:16:38.620,2023-03-08 04:31:16.355,877.735,75
Upper/X east,7490.0,2023-03-22 01:33:35.351,2023-03-22 01:35:11.325,95.974,9
Upper/X east,7490.0,2023-04-01 12:28:08.439,2023-04-01 12:29:01.084,52.645,3
Upper/X east,7490.0,2023-04-01 12:31:33.255,2023-04-01 12:47:40.046,966.791,82
Upper/X east,7490.0,2023-04-01 14:03:56.027,2023-04-01 14:13:53.223,597.196,51
Upper/X east,7490.0,2023-04-01 14:18:20.285,2023-04-01 14:18:54.286,34.001,2
Upper/X east,7490.0,2023-04-01 14:20:39.024,2023-04-01 14:37:07.235,988.211,80
Upper/X east,7490.0,2023-04-03 13:58:27.046,2023-04-03 14:02:50.279,263.233,23
Upper/X east,7490.0,2023-04-03 16:56:35.514,2023-04-03 16:59:11.257,155.743,14
Upper/X east,7490.0,2023-04-04 02:14:50.355,2023-04-04 02:20:11.975,321.62,28
Upper/X east,7490.0,2023-04-04 02:48:13.322,2023-04-04 02:58:48.077,634.755,52
Upper/X east,7490.0,2023-04-04 05:21:52.461,2023-04-04 05:23:40.219,107.758,10
Upper/X east,7490.0,2023-04-04 05:48:26.334,2023-04-04 05:51:50.351,204.017,18
Upper/X east,7490.0,2023-04-04 05:57:23.484,2023-04-04 06:01:23.144,239.66,21
Upper/X east,7490.0,2023-04-04 07:32:25.114,2023-04-04 07:41:01.153,516.039,44
Upper/X east,7490.0,2023-04-04 13:00:55.628,2023-04-04 13:18:27.140,1051.512,87
Upper/X east,7490.0,2023-04-04 14:28:20.372,2023-04-04 14:37:30.127,549.755,44
Upper/X east,7490.0,2023-04-04 14:39:23.362,2023-04-04 14:42:35.293,191.931,16
Upper/X east,7490.0,2023-04-04 17:31:05.693,2023-04-04 17:35:19.876,254.183,23
Upper/X east,7490.0,2023-04-04 17:38:48.813,2023-04-04 17:40:00.381,71.568,7
Upper/X east,7490.0,2023-04-04 18:05:23.809,2023-04-04 18:06:47.442,83.633,8
Upper/X east,7490.0,2023-04-05 01:17:40.660,2023-04-05 01:22:38.983,298.323,26
Upper/X east,7490.0,2023-04-05 02:46:18.540,2023-04-05 02:47:19.139,60.599,3
Upper/X east,7490.0,2023-04-05 02:53:57.527,2023-04-05 03:06:30.159,752.632,64
Upper/X east,7490.0,2023-04-05 04:15:51.065,2023-04-05 04:31:02.216,911.151,79
Upper/X east,7490.0,2023-04-05 05:55:57.089,2023-04-05 05:56:20.117,23.028,3
Upper/X east,7490.0,2023-04-05 05:59:13.148,2023-04-05 06:00:06.892,53.744,5
Upper/X east,7490.0,2023-04-11 00:29:05.047,2023-04-11 00:29:51.388,46.341,3
Upper/X east,7490.0,2023-04-11 00:44:54.447,2023-04-11 00:45:06.233,11.786,2
Upper/X east,7490.0,2023-04-11 01:45:44.153,2023-04-11 02:05:25.176,1181.023,81
Upper/X east,7490.0,2023-04-11 02:07:09.380,2023-04-11 02:09:45.407,156.027,14
Upper/X east,7490.0,2023-05-24 04:25:27.604,2023-05-24 04:29:27.802,240.198,21
Upper/X east,7490.0,2023-05-24 05:52:53.847,2023-05-24 05:54:49.550,115.703,11
Upper/X east,7490.0,2023-05-24 05:56:20.035,2023-05-24 06:02:41.443,381.408,34
Upper/X east,7490.0,2023-05-24 06:03:59.588,2023-05-24 06:05:56.684,117.096,11
Upper/X east,7490.0,2023-05-24 07:09:22.751,2023-05-24 07:13:10.959,228.208,20
Upper/X east,7490.0,2023-05-24 07:19:20.669,2023-05-24 07:25:56.918,396.249,34
Upper/X east,31150.0,2023-05-30 00:57:56.698,2023-05-30 00:58:08.493,11.795,2
Upper/X east,31150.0,2023-05-30 01:21:03.346,2023-05-30 01:21:15.406,12.06,2
Upper/X east,7490.0,2023-05-30 02:09:54.168,2023-05-30 02:10:32.671,38.503,4
Upper/X east,7490.0,2023-05-30 02:16:48.627,2023-05-30 02:18:29.541,100.914,9
Upper/X east,7490.0,2023-05-30 02:21:49.172,2023-05-30 02:22:47.853,58.681,6
Upper/X east,7490.0,2023-05-30 02:48:44.505,2023-05-30 02:49:31.392,46.887,3
Upper/X east,7490.0,2023-05-30 02:51:24.644,2023-05-30 02:51:44.398,19.754,2
Upper/X east,7490.0,2023-05-30 02:53:39.860,2023-05-30 02:54:41.017,61.157,3
Upper/X east,7490.0,2023-05-30 03:42:24.943,2023-05-30 03:42:37.553,12.61,2
Upper/X east,7490.0,2023-05-30 03:44:47.534,2023-05-30 03:46:10.339,82.805,4
Upper/X east,7490.0,2023-05-31 04:50:41.532,2023-05-31 04:56:14.514,332.982,23
Upper/X east,7490.0,2023-05-31 06:41:30.035,2023-05-31 06:44:11.641,161.606,7
Upper/X east,7490.0,2023-05-31 07:24:58.664,2023-05-31 07:26:01.892,63.228,3
Upper/X east,7490.0,2023-05-31 07:30:03.987,2023-05-31 07:30:22.083,18.096,2
Upper/X east,7490.0,2023-05-31 07:36:31.963,2023-05-31 07:38:13.961,101.998,5
Upper/X east,7490.0,2023-06-05 02:39:22.049,2023-06-05 02:40:16.067,54.018,2
Upper/X east,7490.0,2023-06-09 00:27:57.587,2023-06-09 00:28:20.615,23.028,3
Upper/X east,7490.0,2023-06-09 00:34:02.405,2023-06-09 00:35:17.540,75.135,6
Upper/X east,7490.0,2023-07-27 06:27:53.826,2023-07-27 06:28:06.985,13.159,2
Upper/X east,7490.0,2023-07-27 06:53:03.497,2023-07-27 06:54:51.541,108.044,9
Upper/X east,7490.0,2023-07-27 06:56:23.680,2023-07-27 06:58:01.034,97.354,5
Upper/X east,7490.0,2023-10-17 08:00:02.682,2023-10-17 08:01:33.989,91.307,5
Upper/X east,7490.0,2025-02-26 23:43:54.404,2025-02-26 23:44:07.561,13.157,2
Upper/X east,7490.0,2025-02-27 01:10:12.912,2025-02-27 01:10:25.524,12.612,2
Upper/X east,7490.0,2025-02-27 01:12:19.845,2025-02-27 01:12:32.190,12.345,2
Upper/X east,7490.0,2025-03-04 05:07:22.549,2025-03-04 05:08:01.754,39.205,4
Upper/X east,7490.0,2025-03-05 12:12:06.550,2025-03-05 12:12:19.168,12.618,2
Upper/X east,7490.0,2025-03-07 08:55:14.375,2025-03-07 08:55:25.915,11.54,2
Upper/X east,7490.0,2025-03-08 08:58:23.887,2025-03-08 08:58:35.948,12.061,2
Upper/X east,7490.0,2025-03-11 05:16:40.244,2025-03-11 05:17:03.820,23.576,2
Upper/X east,7490.0,2025-03-12 04:00:51.265,2025-03-12 04:01:55.711,64.446,3
Upper/X east,7490.0,2025-03-12 07:33:47.331,2025-03-12 07:34:43.259,55.928,5
Upper/X east,7490.0,2025-03-17 04:01:07.572,2025-03-17 04:07:28.421,380.849,33
Upper/X east,7490.0,2025-03-17 11:50:39.307,2025-03-17 11:55:10.462,271.155,24
Upper/X east,7490.0,2025-03-17 14:15:18.808,2025-03-17 14:15:30.878,12.07,2
Upper/X east,7490.0,2025-03-17 21:30:40.531,2025-03-17 21:30:53.136,12.605,2
Upper/X east,7490.0,2025-03-18 03:43:18.554,2025-03-18 03:43:43.247,24.693,3
Upper/X east,7490.0,2025-03-18 07:53:56.644,2025-03-18 07:54:37.498,40.854,4
Upper/X east,7490.0,2025-04-02 08:44:00.638,2025-04-02 08:44:23.394,22.756,3
Upper/X east,7490.0,2025-04-04 06:35:22.044,2025-04-04 06:36:17.149,55.105,4
Upper/X east,7490.0,2025-04-06 19:22:31.128,2025-04-06 19:22:54.980,23.852,3
Upper/X east,7490.0,2025-04-07 05:54:53.459,2025-04-07 05:55:45.558,52.099,2
Upper/X east,7490.0,2025-04-07 06:07:57.876,2025-04-07 06:08:32.418,34.542,2
Upper/X east,7490.0,2025-04-07 12:35:34.113,2025-04-07 12:41:09.419,335.306,29
Upper/X east,7490.0,2025-04-07 18:28:47.750,2025-04-07 18:28:59.537,11.787,2
Upper/X east,7490.0,2025-04-08 16:38:31.529,2025-04-08 16:38:43.855,12.326,2
Upper/X east,7490.0,2025-04-09 02:47:09.746,2025-04-09 02:47:21.536,11.79,2
Upper/X east,7490.0,2025-04-09 13:59:21.116,2025-04-09 14:00:09.647,48.531,2
Upper/X east,7490.0,2025-04-09 17:59:33.952,2025-04-09 17:59:45.194,11.242,2
Upper/X east,7490.0,2025-04-10 02:18:27.197,2025-04-10 02:18:47.489,20.292,2
Upper/X east,7490.0,2025-04-10 18:00:10.196,2025-04-10 18:00:21.980,11.784,2
Upper/X east,7490.0,2025-04-10 18:47:17.253,2025-04-10 18:47:29.314,12.061,2
Upper/X east,7490.0,2025-04-11 09:09:43.816,2025-04-11 09:09:55.888,12.072,2
Upper/X east,7490.0,2025-04-12 06:58:58.651,2025-04-12 06:59:20.573,21.922,2
Upper/X east,7490.0,2025-04-12 18:27:35.333,2025-04-12 18:28:12.348,37.015,4
Upper/X east,7490.0,2025-04-12 18:36:19.563,2025-04-12 18:36:58.487,38.924,3
Upper/X east,7490.0,2025-04-13 03:57:24.098,2025-04-13 03:57:36.434,12.336,2
Upper/X east,7490.0,2025-04-13 18:22:55.847,2025-04-13 18:23:30.665,34.818,3
Upper/X east,7490.0,2025-04-14 09:17:58.666,2025-04-14 09:18:11.552,12.886,2
Upper/X east,7490.0,2025-04-16 13:54:57.372,2025-04-16 13:55:09.158,11.786,2
Upper/X east,7490.0,2025-04-16 18:41:25.356,2025-04-16 18:41:55.786,30.43,3
Upper/X east,7490.0,2025-04-17 05:22:24.256,2025-04-17 05:22:40.159,15.903,2
Upper/X east,7490.0,2025-04-17 06:03:50.498,2025-04-17 06:04:53.008,62.51,6
Upper/X east,7490.0,2025-04-18 05:06:10.132,2025-04-18 05:06:21.297,11.165,2
Upper/X east,7490.0,2025-04-18 05:44:18.905,2025-04-18 05:44:54.824,35.919,3
Upper/X east,7490.0,2025-04-18 06:39:46.684,2025-04-18 06:40:34.661,47.977,3
Upper/X east,7490.0,2025-04-18 18:28:41.751,2025-04-18 18:29:03.134,21.383,2
Upper/X east,7490.0,2025-04-19 06:44:28.277,2025-04-19 06:44:51.581,23.304,2
Upper/X east,7490.0,2025-04-19 21:33:18.105,2025-04-19 21:33:29.073,10.968,2
Upper/X east,7490.0,2025-04-20 19:55:59.090,2025-04-20 19:57:34.788,95.698,9
Upper/X east,7490.0,2025-04-20 20:00:57.124,2025-04-20 20:03:31.487,154.363,10
Upper/X east,7490.0,2025-04-21 13:38:45.515,2025-04-21 13:39:22.772,37.257,3
Upper/X east,7490.0,2025-04-23 06:01:51.232,2025-04-23 06:02:15.361,24.129,3
Upper/X east,7490.0,2025-04-23 06:38:30.386,2025-04-23 06:38:54.518,24.132,3
Upper/X east,7490.0,2025-04-23 17:24:42.533,2025-04-23 17:24:54.873,12.34,2
Upper/X east,7490.0,2025-04-23 18:26:27.832,2025-04-23 18:27:18.558,50.726,5
Upper/X east,7490.0,2025-04-23 19:02:47.029,2025-04-23 19:02:58.821,11.792,2
Upper/X east,7490.0,2025-04-25 06:27:54.604,2025-04-25 06:28:06.940,12.336,2
Upper/X east,7490.0,2025-04-26 06:22:39.857,2025-04-26 06:23:03.710,23.853,2
Upper/X east,7490.0,2025-04-26 06:57:10.724,2025-04-26 06:57:34.847,24.123,2
Upper/X east,7490.0,2025-04-26 15:59:37.336,2025-04-26 15:59:49.395,12.059,2
Upper/X east,7490.0,2025-04-26 17:41:40.871,2025-04-26 17:41:53.763,12.892,2
Upper/X east,7490.0,2025-04-27 06:18:04.793,2025-04-27 06:18:16.854,12.061,2
Upper/X east,7490.0,2025-04-28 14:17:56.745,2025-04-28 14:18:32.659,35.914,3
Upper/X east,7490.0,2025-04-29 05:37:53.751,2025-04-29 05:38:41.742,47.991,3
Upper/X east,7490.0,2025-04-30 08:26:48.249,2025-04-30 08:26:59.766,11.517,2
Upper/X east,7490.0,2025-04-30 16:26:12.898,2025-04-30 16:26:48.509,35.611,4
Upper/X east,7490.0,2025-05-01 06:25:22.722,2025-05-01 06:25:34.794,12.072,2
Upper/X east,7490.0,2025-05-01 17:12:38.423,2025-05-01 17:12:49.938,11.515,2
Upper/X east,7490.0,2025-05-02 06:25:00.141,2025-05-02 06:25:11.929,11.788,2
Upper/X east,7490.0,2025-05-02 06:28:26.062,2025-05-02 06:28:41.129,15.067,2
Upper/X east,7490.0,2025-05-02 17:41:26.727,2025-05-02 17:43:25.725,118.998,11
Upper/X east,7490.0,2025-05-02 17:45:31.578,2025-05-02 17:47:31.400,119.822,10
Upper/X east,7490.0,2025-05-02 20:34:15.510,2025-05-02 20:38:25.840,250.33,17
Upper/X east,7490.0,2025-05-03 04:58:58.440,2025-05-03 04:59:23.666,25.226,3
Upper/X east,7490.0,2025-05-03 06:03:36.594,2025-05-03 06:05:11.745,95.151,5
Upper/X east,7490.0,2025-05-03 17:01:10.055,2025-05-03 17:01:33.090,23.035,3
Upper/X east,7490.0,2025-05-03 17:03:26.335,2025-05-03 17:06:02.625,156.29,14
Upper/X east,7490.0,2025-05-03 17:13:47.099,2025-05-03 17:16:06.939,139.84,13
Upper/X east,7490.0,2025-05-03 18:22:12.812,2025-05-03 18:23:00.796,47.984,4
Upper/X east,7490.0,2025-05-04 04:14:32.743,2025-05-04 04:14:46.725,13.982,2
Upper/X east,7490.0,2025-05-04 05:07:25.103,2025-05-04 05:07:49.509,24.406,3
Upper/X east,7490.0,2025-05-04 05:35:19.870,2025-05-04 05:36:22.665,62.795,4
Upper/X east,7490.0,2025-05-14 12:54:26.839,2025-05-14 12:55:03.848,37.009,2
Upper/X east,7490.0,2025-05-14 12:58:37.170,2025-05-14 12:58:53.071,15.901,2
Upper/X east,7490.0,2025-05-15 05:58:51.793,2025-05-15 05:59:27.992,36.199,4
Upper/X east,7490.0,2025-05-16 06:49:57.277,2025-05-16 06:50:09.071,11.794,2
Upper/X east,7490.0,2025-05-18 06:13:45.962,2025-05-18 06:13:58.274,12.312,2
Upper/X east,7490.0,2025-05-18 06:28:50.713,2025-05-18 06:29:15.108,24.395,3
Upper/X east,7490.0,2025-05-18 18:30:01.994,2025-05-18 18:30:38.182,36.188,4
Upper/X east,7490.0,2025-05-18 19:41:50.150,2025-05-18 19:42:14.281,24.131,3
Upper/X east,7490.0,2025-05-19 07:09:13.738,2025-05-19 07:09:38.141,24.403,2
Upper/X east,7490.0,2025-05-20 01:45:10.083,2025-05-20 01:45:46.270,36.187,3
Upper/X east,7490.0,2025-05-20 09:18:45.665,2025-05-20 09:19:10.072,24.407,3
Upper/X east,7490.0,2025-05-20 12:09:41.738,2025-05-20 12:12:05.953,144.215,12
Upper/X east,7490.0,2025-05-21 01:50:17.153,2025-05-21 01:50:29.213,12.06,2
Upper/X east,7490.0,2025-05-21 06:48:01.229,2025-05-21 06:48:12.744,11.515,2
Upper/X east,7490.0,2025-05-21 09:21:15.762,2025-05-21 09:21:52.233,36.471,4
Upper/X east,7490.0,2025-05-22 09:23:43.882,2025-05-22 09:23:55.936,12.054,2
Upper/X east,7490.0,2025-05-22 12:50:31.232,2025-05-22 12:50:42.475,11.243,2
Upper/X east,7490.0,2025-05-26 06:46:07.552,2025-05-26 06:46:44.017,36.465,3
Upper/X east,7490.0,2025-05-26 09:33:35.281,2025-05-26 09:33:47.624,12.343,2
Upper/X east,7490.0,2025-05-26 17:32:46.035,2025-05-26 17:33:10.167,24.132,3
Upper/X east,7490.0,2025-05-26 18:18:04.423,2025-05-26 18:18:20.328,15.905,2
Upper/X east,7490.0,2025-05-26 20:03:22.406,2025-05-26 20:03:47.363,24.957,3
Upper/X east,7490.0,2025-05-29 07:05:03.404,2025-05-29 07:05:51.659,48.255,5
Upper/X east,7490.0,2025-05-29 08:05:36.574,2025-05-29 08:05:48.380,11.806000000000001,2
Upper/X east,7490.0,2025-05-29 14:16:43.167,2025-05-29 14:16:55.225,12.058,2
Upper/X east,7490.0,2025-05-29 21:43:47.034,2025-05-29 21:44:42.971,55.937,3
Upper/X east,7490.0,2025-05-30 23:49:02.344,2025-05-30 23:50:01.290,58.946,2
Upper/X east,7490.0,2025-05-31 01:09:56.634,2025-05-31 01:10:09.516,12.882,2
Upper/X east,7490.0,2025-05-31 05:11:04.086,2025-05-31 05:11:16.424,12.338,2
Upper/X east,7490.0,2025-05-31 05:39:00.127,2025-05-31 05:39:48.108,47.981,4
Upper/X east,7490.0,2025-05-31 06:53:29.142,2025-05-31 06:54:20.422,51.28,5
Upper/X east,7490.0,2025-05-31 08:10:50.131,2025-05-31 08:11:05.210,15.079,2
Upper/X east,7490.0,2025-05-31 13:47:09.068,2025-05-31 13:47:32.920,23.852,2
Upper/X east,7490.0,2025-06-01 05:50:51.300,2025-06-01 05:51:53.263,61.963,6
Upper/X east,7490.0,2025-06-01 21:50:19.710,2025-06-01 21:53:18.996,179.286,13
Upper/X east,7490.0,2025-06-01 21:54:25.892,2025-06-01 21:56:37.491,131.599,11
Upper/X east,7490.0,2025-06-02 06:33:38.355,2025-06-02 06:34:15.095,36.74,4
Upper/X east,7490.0,2025-06-02 13:27:35.038,2025-06-02 13:27:47.101,12.063,2
Upper/X east,7490.0,2025-06-02 14:03:39.113,2025-06-02 14:03:52.824,13.711,2
Upper/X east,7490.0,2025-06-02 17:07:49.195,2025-06-02 17:08:29.779,40.584,2
Upper/X east,7490.0,2025-06-03 02:09:06.295,2025-06-03 02:09:18.081,11.786,2
Upper/X east,7490.0,2025-06-04 08:20:54.864,2025-06-04 08:21:12.137,17.273,2
Upper/X east,7490.0,2025-06-04 13:03:50.865,2025-06-04 13:04:16.087,25.222,3
Upper/X east,7490.0,2025-06-04 17:11:24.522,2025-06-04 17:11:36.865,12.343,2
Upper/X east,7490.0,2025-06-04 20:23:04.759,2025-06-04 20:23:27.792,23.033,2
Upper/X east,7490.0,2025-06-04 21:55:19.783,2025-06-04 21:55:55.968,36.185,4
Upper/X east,7490.0,2025-06-04 23:48:09.641,2025-06-04 23:52:20.789,251.148,21
Upper/X east,7490.0,2025-06-04 23:53:25.763,2025-06-04 23:55:31.340,125.577,10
Upper/X east,7490.0,2025-06-05 01:00:50.387,2025-06-05 01:19:46.017,1135.63,52
Upper/X east,7490.0,2025-06-05 01:28:51.346,2025-06-05 01:33:32.927,281.581,9
Upper/X east,7490.0,2025-06-05 01:35:01.486,2025-06-05 01:35:46.993,45.507,3
Upper/X east,7490.0,2025-06-05 08:23:43.110,2025-06-05 08:24:19.299,36.189,4
Upper/X east,7490.0,2025-06-05 09:51:06.883,2025-06-05 09:51:31.285,24.402,3
Upper/X east,7490.0,2025-06-05 20:20:05.464,2025-06-05 20:28:32.411,506.947,35
Upper/X east,7490.0,2025-06-09 06:03:13.829,2025-06-09 06:04:05.654,51.825,2
Upper/X east,7490.0,2025-06-10 06:44:54.811,2025-06-10 06:45:29.353,34.542,2
Upper/X east,7490.0,2025-06-10 16:46:17.178,2025-06-10 16:46:28.966,11.788,2
Upper/X east,7490.0,2025-06-11 02:11:31.637,2025-06-11 02:11:57.959,26.322,3
Upper/X east,7490.0,2025-06-11 13:55:59.049,2025-06-11 13:56:47.026,47.977,4
Upper/X east,7490.0,2025-06-12 04:56:08.134,2025-06-12 04:56:44.050,35.916,4
Upper/X east,7490.0,2025-06-13 05:36:25.824,2025-06-13 05:36:38.164,12.34,2
Upper/X east,7490.0,2025-06-15 05:58:30.143,2025-06-15 05:58:42.210,12.067,2
Upper/X east,7490.0,2025-06-15 17:16:48.770,2025-06-15 17:17:01.105,12.335,2
Upper/X east,7490.0,2025-06-15 17:24:28.557,2025-06-15 17:24:52.133,23.576,3
Upper/X east,7490.0,2025-06-15 23:48:35.653,2025-06-15 23:49:13.492,37.839,4
Upper/X east,7490.0,2025-06-20 06:49:12.925,2025-06-20 06:49:37.060,24.135,2
Upper/X east,7490.0,2025-06-21 09:03:17.683,2025-06-21 09:03:30.298,12.615,2
Upper/X east,7490.0,2025-06-22 05:00:21.306,2025-06-22 05:00:33.649,12.343,2
Upper/X east,7490.0,2025-06-22 05:37:03.208,2025-06-22 05:37:15.307,12.099,2
Upper/X east,7490.0,2025-06-22 06:29:32.118,2025-06-22 06:30:08.029,35.911,4
Upper/X east,7490.0,2025-06-22 09:05:43.420,2025-06-22 09:05:54.386,10.966,2
Upper/X east,7490.0,2025-06-22 13:30:43.939,2025-06-22 13:30:56.005,12.066,2
Upper/X east,7490.0,2025-06-25 00:46:11.196,2025-06-25 00:46:23.262,12.066,2
Upper/X east,7490.0,2025-06-25 06:51:23.046,2025-06-25 06:51:47.200,24.154,3
Upper/X east,7490.0,2025-06-27 06:31:26.073,2025-06-27 06:31:50.205,24.132,3
Upper/X east,7490.0,2025-06-28 06:52:04.941,2025-06-28 06:52:29.070,24.129,2
Upper/X east,7490.0,2025-06-28 09:11:24.632,2025-06-28 09:12:12.340,47.708,2
Upper/X east,7490.0,2025-06-29 01:39:09.803,2025-06-29 01:39:45.996,36.193,3
Upper/X east,7490.0,2025-06-29 05:06:10.514,2025-06-29 05:06:35.189,24.675,3
Upper/X east,7490.0,2025-06-29 06:11:58.014,2025-06-29 06:12:45.997,47.983,4
Upper/X east,7490.0,2025-06-29 23:51:24.952,2025-06-29 23:51:37.292,12.34,2
Upper/X east,7490.0,2025-06-30 14:30:41.793,2025-06-30 14:30:54.133,12.34,2
Upper/X east,7490.0,2025-07-01 13:12:33.926,2025-07-01 13:12:58.054,24.128,2
Upper/X east,7490.0,2025-07-02 04:08:46.956,2025-07-02 04:08:59.562,12.606,2
Upper/X east,7490.0,2025-07-03 01:53:29.057,2025-07-03 01:54:00.037,30.98,2
Upper/X east,7490.0,2025-07-03 01:56:19.317,2025-07-03 01:56:36.864,17.547,2
Upper/X east,7490.0,2025-07-04 06:15:04.785,2025-07-04 06:15:40.702,35.917,2
Upper/X east,7490.0,2025-07-04 07:57:32.513,2025-07-04 07:57:50.606,18.093,2
Upper/X east,7490.0,2025-07-04 09:34:07.872,2025-07-04 09:34:19.934,12.062,2
Upper/X east,7490.0,2025-07-04 12:29:43.219,2025-07-04 12:30:24.067,40.848,2
Upper/X east,7490.0,2025-07-05 06:30:01.402,2025-07-05 06:30:23.340,21.938,2
Upper/X east,7490.0,2025-07-05 07:55:12.246,2025-07-05 07:56:04.883,52.637,3
Upper/X east,7490.0,2025-07-05 07:57:18.638,2025-07-05 07:58:09.633,50.995,2
Upper/X east,7490.0,2025-07-07 06:35:28.131,2025-07-07 06:35:51.987,23.856,3
Upper/X east,7490.0,2025-07-07 08:00:27.771,2025-07-07 08:01:13.561,45.79,2
Upper/X east,7490.0,2025-07-08 08:02:04.264,2025-07-08 08:02:23.178,18.914,2
Upper/X east,7490.0,2025-07-09 06:25:08.748,2025-07-09 06:26:09.344,60.596,6
Upper/X east,7490.0,2025-07-10 09:47:52.283,2025-07-10 09:48:04.341,12.058,2
Upper/X east,7490.0,2025-07-10 13:53:08.792,2025-07-10 13:53:21.124,12.332,2
Upper/X east,7490.0,2025-07-12 08:17:23.203,2025-07-12 08:18:15.034,51.831,5
Upper/X east,7490.0,2025-09-11 00:49:02.109,2025-09-11 00:49:18.015,15.906,2
Upper/X east,7490.0,2025-09-11 21:00:56.051,2025-09-11 21:02:52.822,116.771,8
Upper/X east,7490.0,2025-09-13 01:15:12.391,2025-09-13 01:15:34.594,22.203,2
Upper/X east,7490.0,2025-09-13 05:41:58.013,2025-09-13 05:42:10.083,12.07,2
Upper/X east,7490.0,2025-09-13 07:31:16.509,2025-09-13 07:32:37.929,81.42,6
Upper/X east,7490.0,2025-09-13 11:52:08.920,2025-09-13 11:52:21.261,12.341,2
Upper/X east,7490.0,2025-09-13 11:55:38.106,2025-09-13 11:58:08.616,150.51,10
Upper/X east,7490.0,2025-09-13 17:18:44.784,2025-09-13 17:18:57.122,12.338,2
Upper/X east,7490.0,2025-09-14 18:30:47.539,2025-09-14 18:31:05.082,17.543,2
Upper/X east,7490.0,2025-09-16 03:39:03.402,2025-09-16 03:40:03.173,59.771,6
Upper/X east,7490.0,2025-09-16 05:19:37.243,2025-09-16 05:19:49.058,11.815,2
Upper/X east,7490.0,2025-09-23 18:06:19.691,2025-09-23 18:06:53.689,33.998,3
Upper/X east,7490.0,2025-09-26 06:10:32.862,2025-09-26 06:13:22.298,169.436,15
Upper/X east,7490.0,2025-09-26 07:54:25.760,2025-09-26 07:56:14.055,108.295,5
Upper/X east,7490.0,2025-09-30 09:37:46.992,2025-09-30 09:37:59.603,12.611,2
Upper/X east,7490.0,2025-09-30 09:49:09.680,2025-09-30 09:49:21.729,12.049,2
Upper/X east,7490.0,2025-09-30 10:32:56.968,2025-09-30 10:39:21.622,384.654,32
Upper/X east,7490.0,2025-09-30 12:03:06.523,2025-09-30 12:06:54.362,227.839,20
Upper/X east,7490.0,2025-09-30 12:07:54.397,2025-09-30 12:13:45.334,350.937,28
Upper/X east,7490.0,2025-09-30 12:33:00.941,2025-09-30 12:34:37.174,96.233,9
Upper/X east,7490.0,2025-09-30 12:35:48.186,2025-09-30 12:38:12.396,144.21,13
Upper/X east,7490.0,2025-09-30 13:29:01.120,2025-09-30 13:30:01.162,60.042,5
Upper/X east,7490.0,2025-09-30 15:04:51.181,2025-09-30 15:10:18.533,327.352,28
Upper/X east,7490.0,2025-09-30 16:16:11.174,2025-09-30 16:17:46.585,95.411,9
Upper/X east,7490.0,2025-09-30 16:19:46.394,2025-09-30 16:20:46.441,60.047,5
Upper/X east,7490.0,2025-09-30 17:38:24.208,2025-09-30 17:38:36.817,12.609,2
Upper/X east,7490.0,2025-09-30 18:01:47.373,2025-09-30 18:06:47.592,300.219,26
Upper/X east,7490.0,2025-09-30 18:08:11.479,2025-09-30 18:14:35.587,384.108,32
Upper/X east,7490.0,2025-09-30 18:31:16.019,2025-09-30 18:34:52.326,216.307,19
Upper/X east,7490.0,2025-09-30 18:36:32.126,2025-09-30 18:37:48.624,76.498,7
Upper/X east,7490.0,2025-10-01 09:30:00.726,2025-10-01 09:30:12.235,11.509,2
Upper/X east,7490.0,2025-10-01 10:00:14.999,2025-10-01 10:01:38.886,83.887,7
Upper/X east,7490.0,2025-10-01 10:03:04.150,2025-10-01 10:03:49.935,45.785,3
Upper/X east,7490.0,2025-10-01 10:18:30.205,2025-10-01 10:18:42.541,12.336,2
Upper/X east,7490.0,2025-10-01 10:22:37.207,2025-10-01 10:22:48.994,11.787,2
Upper/X east,7490.0,2025-10-01 14:08:08.277,2025-10-01 14:08:20.343,12.066,2
Upper/X east,7490.0,2025-10-01 14:58:42.751,2025-10-01 15:08:10.774,568.023,48
Upper/X east,7490.0,2025-10-01 16:41:20.238,2025-10-01 16:41:32.303,12.065,2
Upper/X east,7490.0,2025-10-01 20:55:20.005,2025-10-01 20:55:39.473,19.468,2
Upper/X east,7490.0,2025-10-01 21:41:50.742,2025-10-01 21:49:17.853,447.111,39
Upper/X east,7490.0,2025-10-01 22:23:56.377,2025-10-01 22:26:07.410,131.033,12
Upper/X east,7490.0,2025-10-01 22:29:28.633,2025-10-01 22:31:00.466,91.833,6
Upper/X east,7490.0,2025-10-02 00:44:10.327,2025-10-02 00:51:32.533,442.206,28
Upper/X east,7490.0,2025-10-02 00:58:53.921,2025-10-02 01:05:52.041,418.12,29
Upper/X east,7490.0,2025-10-02 01:09:32.221,2025-10-02 01:09:44.283,12.062,2
Upper/X east,7490.0,2025-10-02 02:13:01.817,2025-10-02 02:13:36.914,35.097,2
Upper/X east,7490.0,2025-10-02 06:49:24.973,2025-10-02 06:51:01.212,96.239,9
Upper/X east,7490.0,2025-10-02 17:19:23.589,2025-10-02 17:21:10.792,107.203,10
Upper/X east,7490.0,2025-10-02 20:04:14.416,2025-10-02 20:13:14.803,540.387,46
Upper/X east,7490.0,2025-10-02 20:57:30.660,2025-10-02 21:01:06.715,216.055,19
Upper/X east,7490.0,2025-10-03 03:17:57.877,2025-10-03 03:18:24.464,26.587,2
Upper/X east,7490.0,2025-10-03 03:19:41.775,2025-10-03 03:20:53.601,71.826,4
Upper/X east,7490.0,2025-10-03 03:30:15.920,2025-10-03 03:30:48.004,32.084,2
Upper/X east,7490.0,2025-10-03 05:03:30.813,2025-10-03 05:07:31.786,240.973,13
Upper/X east,7490.0,2025-10-03 05:09:57.082,2025-10-03 05:12:28.696,151.614,12
Upper/X east,7490.0,2025-10-06 06:03:42.597,2025-10-06 06:05:39.938,117.341,10
Upper/X east,7490.0,2025-10-06 06:07:36.183,2025-10-06 06:07:47.973,11.79,2
Upper/X east,7490.0,2025-10-06 07:36:34.320,2025-10-06 07:37:45.077,70.757,3
Upper/X east,7490.0,2025-10-06 07:41:42.764,2025-10-06 07:43:42.866,120.102,11
Upper/X east,7490.0,2025-10-06 07:49:28.337,2025-10-06 07:50:14.135,45.798,3
Upper/X east,7490.0,2025-10-06 07:52:07.095,2025-10-06 07:52:52.331,45.236,3
Upper/X east,7490.0,2025-10-06 08:31:47.761,2025-10-06 08:32:31.896,44.135,3
Upper/X east,7490.0,2025-10-06 09:01:21.760,2025-10-06 09:02:37.426,75.666,3
Upper/X east,7490.0,2025-10-06 09:17:57.181,2025-10-06 09:18:10.339,13.158,2
Upper/X east,7490.0,2025-10-07 00:09:54.445,2025-10-07 00:10:43.246,48.801,3
Upper/X east,7490.0,2025-10-08 01:35:40.271,2025-10-08 01:37:40.078,119.807,11
Upper/X east,7490.0,2025-10-09 21:58:54.825,2025-10-09 21:59:36.224,41.399,4
Upper/X east,7490.0,2025-10-14 08:59:33.957,2025-10-14 09:03:09.983,216.026,19
Upper/X east,7490.0,2025-10-14 09:55:03.466,2025-10-14 09:59:15.129,251.663,22
Upper/X east,7490.0,2025-10-14 10:29:06.430,2025-10-14 10:33:16.447,250.017,17
Upper/X east,7490.0,2025-10-14 11:27:18.263,2025-10-14 11:31:20.907,242.644,12
Upper/X east,7490.0,2025-10-14 13:02:32.684,2025-10-14 13:03:19.019,46.335,4
Upper/X east,7490.0,2025-10-14 13:07:39.739,2025-10-14 13:14:33.728,413.989,24
Upper/X east,7490.0,2025-10-14 13:16:35.721,2025-10-14 13:16:47.507,11.786,2
Upper/X east,7490.0,2025-10-14 13:19:54.760,2025-10-14 13:24:33.570,278.81,21
Upper/X east,7490.0,2025-10-14 13:27:18.615,2025-10-14 13:28:48.541,89.926,7
Upper/X east,7490.0,2025-10-14 13:29:54.609,2025-10-14 13:30:17.361,22.752,3
Upper/X east,7490.0,2025-10-14 13:38:10.819,2025-10-14 13:39:19.360,68.541,7
Upper/X east,7490.0,2025-10-14 13:40:47.357,2025-10-14 13:41:55.620,68.263,6
Upper/X east,7490.0,2025-10-14 15:48:32.357,2025-10-14 15:55:32.357,420.0,35
Upper/X east,7490.0,2025-10-14 17:28:57.073,2025-10-14 17:30:31.925,94.852,9
Upper/X east,7490.0,2025-10-14 17:31:41.008,2025-10-14 17:32:28.992,47.984,5
Upper/X east,7490.0,2025-10-14 17:34:59.507,2025-10-14 17:40:08.203,308.696,27
Upper/X east,7490.0,2025-10-14 18:26:21.762,2025-10-14 18:27:42.912,81.15,3
Upper/X east,7490.0,2025-10-14 18:29:31.747,2025-10-14 18:29:54.779,23.032,3
Upper/X east,7490.0,2025-10-16 06:00:21.718,2025-10-16 06:02:41.525,139.807,10
Upper/X east,7490.0,2025-10-16 06:04:42.974,2025-10-16 06:05:52.055,69.081,5
Upper/X east,7490.0,2025-10-16 10:07:09.706,2025-10-16 10:07:41.230,31.524,3
Upper/X east,7490.0,2025-10-19 17:32:09.247,2025-10-19 17:32:21.308,12.061,2
Upper/X east,7490.0,2025-10-19 18:22:11.165,2025-10-19 18:22:47.076,35.911,4
Upper/X east,7490.0,2025-10-20 06:50:28.343,2025-10-20 06:53:14.203,165.86,11
Upper/X east,7490.0,2025-10-20 06:56:14.035,2025-10-20 06:56:26.094,12.059,2
Upper/X east,7490.0,2025-10-20 08:31:37.630,2025-10-20 08:40:02.046,504.416,42
Upper/X east,7490.0,2025-10-20 08:44:36.202,2025-10-20 08:52:36.221,480.019,40
Upper/X east,7490.0,2025-10-20 10:06:21.814,2025-10-20 10:10:21.967,240.153,21
Upper/X east,7490.0,2025-10-20 10:11:57.373,2025-10-20 10:14:40.769,163.396,9
Upper/X east,7490.0,2025-10-20 10:15:49.030,2025-10-20 10:32:54.074,1025.044,50
Upper/X east,7490.0,2025-10-20 10:34:33.859,2025-10-20 10:43:37.775,543.916,29
Upper/X east,7490.0,2025-10-20 10:44:55.633,2025-10-20 10:45:55.944,60.311,6
Upper/X east,7490.0,2025-10-20 12:03:28.558,2025-10-20 12:14:06.007,637.449,50
Upper/X east,7490.0,2025-10-20 13:42:00.952,2025-10-20 13:55:05.347,784.395,45
Upper/X east,7490.0,2025-10-20 13:56:22.653,2025-10-20 13:58:21.090,118.437,10
Upper/X east,7490.0,2025-10-20 17:13:10.364,2025-10-20 17:16:41.462,211.098,11
Upper/X east,7490.0,2025-10-20 17:18:09.466,2025-10-20 17:21:24.935,195.469,18
Upper/X east,7490.0,2025-10-20 19:11:13.600,2025-10-20 19:11:26.482,12.882,2
Upper/X east,7490.0,2025-10-22 05:45:07.420,2025-10-22 05:52:52.651,465.231,21
Upper/X east,7490.0,2025-10-22 05:55:17.677,2025-10-22 05:55:29.192,11.515,2
Upper/X east,7490.0,2025-10-22 05:56:36.358,2025-10-22 06:01:30.797,294.439,21
Upper/X east,7490.0,2025-10-22 06:24:07.478,2025-10-22 06:25:19.849,72.371,7
Upper/X east,7490.0,2025-10-22 06:28:52.317,2025-10-22 06:29:03.832,11.515,2
Upper/X east,7490.0,2025-10-22 06:35:21.072,2025-10-22 06:36:32.633,71.561,7
Upper/X east,7490.0,2025-10-22 08:34:59.044,2025-10-22 08:43:46.778,527.734,44
Upper/X east,7490.0,2025-10-22 09:45:25.853,2025-10-22 09:50:27.684,301.831,20
Upper/X east,7490.0,2025-10-22 10:10:02.691,2025-10-22 10:18:14.784,492.093,40
Upper/X east,7490.0,2025-10-22 11:44:55.915,2025-10-22 11:52:46.675,470.76,34
Upper/X east,7490.0,2025-10-22 13:27:41.569,2025-10-22 13:28:16.115,34.546,4
Upper/X east,7490.0,2025-10-22 16:48:09.259,2025-10-22 16:48:53.947,44.688,2
Upper/X east,7490.0,2025-10-22 18:18:06.441,2025-10-22 18:20:58.059,171.618,11
Upper/X east,7490.0,2025-10-22 18:50:36.194,2025-10-22 18:50:49.351,13.157,2
Upper/X east,7490.0,2025-10-22 20:46:47.267,2025-10-22 20:47:34.729,47.462,5
Upper/X east,7490.0,2025-10-22 22:21:14.705,2025-10-22 22:21:40.189,25.484,3
Upper/X east,7490.0,2025-10-23 01:37:27.101,2025-10-23 01:47:50.001,622.9,47
Upper/X east,7490.0,2025-10-24 05:01:29.968,2025-10-24 05:02:05.884,35.916,4
Upper/X east,7490.0,2025-10-24 05:06:29.890,2025-10-24 05:06:41.959,12.069,2
Upper/X east,7490.0,2025-10-24 05:14:11.017,2025-10-24 05:15:10.784,59.767,6
Upper/X east,7490.0,2025-10-24 10:20:44.938,2025-10-24 10:21:17.012,32.074,3
Upper/X east,7490.0,2025-10-24 11:27:23.996,2025-10-24 11:27:36.880,12.884,2
Upper/X east,7490.0,2025-10-24 13:07:26.494,2025-10-24 13:12:49.472,322.978,16
Upper/X east,7490.0,2025-10-24 13:22:12.564,2025-10-24 13:23:11.784,59.22,5
Upper/X east,7490.0,2025-10-24 13:27:47.573,2025-10-24 13:28:11.699,24.126,3
Upper/X east,7490.0,2025-10-24 13:33:20.391,2025-10-24 13:33:43.697,23.306,3
Upper/X east,7490.0,2025-10-24 13:38:52.118,2025-10-24 13:39:15.696,23.578,3
Upper/X east,7490.0,2025-10-24 16:00:34.337,2025-10-24 16:01:34.104,59.767,6
Upper/X east,7490.0,2025-10-24 22:24:23.396,2025-10-24 22:25:02.873,39.477,4
Upper/X east,7490.0,2025-10-24 23:42:02.870,2025-10-24 23:42:41.254,38.384,4
Upper/X east,7490.0,2025-10-25 01:27:49.937,2025-10-25 01:28:01.723,11.786,2
Upper/X east,7490.0,2025-10-25 05:08:43.912,2025-10-25 05:09:07.763,23.851,3
Upper/X east,7490.0,2025-10-25 20:42:11.407,2025-10-25 20:42:48.144,36.737,4
Upper/X east,7490.0,2025-10-25 20:53:26.086,2025-10-25 20:54:01.455,35.369,3
Upper/X east,7490.0,2025-10-26 00:24:15.167,2025-10-26 00:24:26.953,11.786,2
Upper/X east,7490.0,2025-10-26 01:58:16.933,2025-10-26 01:58:32.291,15.358,2
Upper/X east,7490.0,2025-10-26 04:30:29.004,2025-10-26 04:32:41.145,132.141,11
Upper/X east,7490.0,2025-10-26 04:36:26.495,2025-10-26 04:36:38.556,12.061,2
Upper/X east,7490.0,2025-10-26 05:47:25.352,2025-10-26 05:49:50.925,145.573,11
Upper/X east,7490.0,2025-10-26 05:52:45.004,2025-10-26 05:53:44.500,59.496,6
Upper/X east,7490.0,2025-10-26 06:14:40.911,2025-10-26 06:21:20.620,399.709,35
Upper/X east,7490.0,2025-10-26 07:29:24.837,2025-10-26 07:33:12.925,228.088,20
Upper/X east,7490.0,2025-10-26 10:14:56.110,2025-10-26 10:19:14.372,258.262,23
Upper/X east,7490.0,2025-10-26 12:48:39.374,2025-10-26 12:49:36.679,57.305,6
Upper/X east,7490.0,2025-10-27 01:08:42.899,2025-10-27 01:08:54.964,12.065,2
Upper/X east,7490.0,2025-10-27 04:06:19.573,2025-10-27 04:07:47.850,88.277,8
Upper/X east,7490.0,2025-10-27 04:11:09.617,2025-10-27 04:18:09.892,420.275,35
Upper/X east,7490.0,2025-10-27 05:46:17.394,2025-10-27 05:51:17.862,300.468,26
Upper/X east,7490.0,2025-10-27 08:51:54.401,2025-10-27 08:52:42.651,48.25,5
Upper/X east,7490.0,2025-10-27 09:52:04.676,2025-10-27 10:06:43.863,879.187,63
Upper/X east,7490.0,2025-10-28 21:22:44.469,2025-10-28 21:23:11.061,26.592,3
Upper/X east,7490.0,2025-10-29 00:07:08.172,2025-10-29 00:08:07.659,59.487,6
Upper/X east,7490.0,2025-11-21 10:39:48.357,2025-11-21 10:56:16.944,988.587,84
Upper/X east,7490.0,2025-11-21 11:44:16.088,2025-11-21 11:45:39.162,83.074,8
Upper/X east,7490.0,2025-11-21 11:47:55.964,2025-11-21 11:55:26.148,450.184,35
Upper/X east,7490.0,2025-11-21 13:21:02.913,2025-11-21 13:22:51.210,108.297,7
Upper/X east,7490.0,2025-11-21 13:27:22.358,2025-11-21 13:35:16.107,473.749,36
Upper/X east,7490.0,2025-11-21 17:13:33.123,2025-11-21 17:13:45.184,12.061,2
Upper/X east,7490.0,2025-11-21 17:15:54.033,2025-11-21 17:21:22.193,328.16,19
Upper/X east,7490.0,2025-11-21 17:26:13.892,2025-11-21 17:26:48.980,35.088,3
Upper/X east,7490.0,2025-11-21 20:00:37.406,2025-11-21 20:01:37.994,60.588,6
Upper/X east,7490.0,2025-11-21 20:56:27.519,2025-11-21 20:57:14.949,47.43,5
Upper/X east,7490.0,2025-11-23 16:48:33.450,2025-11-23 16:49:29.888,56.438,3
Upper/X east,7490.0,2025-11-25 09:39:45.570,2025-11-25 09:39:57.086,11.516,2
Upper/X east,7490.0,2025-11-25 21:22:59.630,2025-11-25 21:23:12.242,12.612,2
Upper/X east,7490.0,2025-11-27 17:14:00.741,2025-11-27 17:14:24.317,23.576,3
Upper/X east,7490.0,2025-11-27 20:47:15.515,2025-11-27 20:47:28.950,13.435,2
Upper/X east,7490.0,2025-11-28 04:07:13.604,2025-11-28 04:08:09.532,55.928,3
Upper/X east,7490.0,2025-12-01 09:48:49.530,2025-12-01 09:49:13.384,23.854,3
Upper/X east,7490.0,2025-12-01 18:17:51.748,2025-12-01 18:18:37.808,46.06,5
Upper/X east,7490.0,2025-12-03 08:51:46.891,2025-12-03 08:52:02.795,15.904,2
Upper/X east,7490.0,2025-12-03 10:22:16.105,2025-12-03 10:22:27.893,11.788,2
Upper/X east,7490.0,2025-12-03 17:47:01.853,2025-12-03 17:47:28.457,26.604,3
Upper/X east,7490.0,2025-12-04 10:01:35.503,2025-12-04 10:01:47.567,12.064,2
Upper/X east,7490.0,2025-12-04 12:10:37.077,2025-12-04 12:12:00.704,83.627,8
Upper/X east,7490.0,2025-12-04 16:42:36.262,2025-12-04 16:42:48.603,12.341,2
Upper/X east,7490.0,2025-12-05 05:27:31.564,2025-12-05 05:27:43.905,12.341,2
Upper/X east,7490.0,2025-12-06 21:57:18.570,2025-12-06 22:01:53.551,274.981,24
Upper/X east,7490.0,2025-12-07 06:36:37.551,2025-12-07 06:37:01.406,23.855,3
Upper/X east,7490.0,2025-12-08 09:59:02.208,2025-12-08 10:00:13.767,71.559,7
Upper/X east,7490.0,2025-12-08 13:05:11.677,2025-12-08 13:05:22.921,11.244,2
Upper/X east,7490.0,2025-12-09 04:11:36.307,2025-12-09 04:11:50.291,13.984,2
Upper/X east,7490.0,2025-12-09 05:41:33.644,2025-12-09 05:42:21.622,47.978,3
Upper/X east,7490.0,2025-12-09 10:10:25.616,2025-12-09 10:11:01.534,35.918,4
Upper/X east,7490.0,2025-12-10 06:34:17.077,2025-12-10 06:34:41.747,24.67,3
Upper/X east,7490.0,2025-12-10 06:42:02.062,2025-12-10 06:43:02.649,60.587,6
Upper/X east,7490.0,2025-12-10 07:01:17.121,2025-12-10 07:01:29.739,12.618,2
Upper/X east,7490.0,2025-12-10 07:11:25.504,2025-12-10 07:12:03.342,37.838,4
Upper/X east,7490.0,2025-12-10 13:22:46.221,2025-12-10 13:22:58.830,12.609,2
Upper/X east,7490.0,2025-12-10 20:24:09.279,2025-12-10 20:24:21.613,12.334,2
Upper/X east,7490.0,2025-12-10 20:25:44.693,2025-12-10 20:25:56.484,11.791,2
Upper/X east,7490.0,2025-12-10 23:56:02.298,2025-12-10 23:56:14.637,12.339,2
Upper/X east,7490.0,2025-12-10 23:57:48.957,2025-12-10 23:58:14.723,25.766,2
Upper/X east,7490.0,2025-12-11 05:08:55.776,2025-12-11 05:09:19.631,23.855,3
Upper/X east,7490.0,2025-12-11 05:15:19.617,2025-12-11 05:15:32.224,12.607,2
Upper/X east,7490.0,2025-12-11 05:52:48.351,2025-12-11 05:53:12.481,24.13,2
Upper/X east,7490.0,2025-12-11 07:21:44.801,2025-12-11 07:22:20.444,35.643,3
Upper/X east,7490.0,2025-12-11 08:25:19.020,2025-12-11 08:25:31.860,12.84,2
Upper/X east,7490.0,2025-12-11 10:03:16.342,2025-12-11 10:03:41.567,25.225,3
Upper/X east,7490.0,2025-12-11 11:59:35.609,2025-12-11 11:59:54.555,18.946,2
Upper/X east,7490.0,2025-12-11 13:36:33.600,2025-12-11 13:36:46.487,12.887,2
Upper/X east,7490.0,2025-12-11 17:51:22.876,2025-12-11 17:51:37.137,14.261,2
Upper/X east,7490.0,2025-12-12 01:34:48.565,2025-12-12 01:35:12.689,24.124,3
Upper/X east,7490.0,2025-12-13 13:36:44.223,2025-12-13 13:37:32.476,48.253,5
Upper/X east,7490.0,2025-12-13 17:14:36.559,2025-12-13 17:14:48.893,12.334,2
Upper/X east,7490.0,2025-12-13 19:24:43.236,2025-12-13 19:25:07.365,24.129,3
Upper/X east,7490.0,2025-12-13 22:02:27.477,2025-12-13 22:02:51.607,24.13,3
Upper/X east,7490.0,2025-12-14 08:30:00.025,2025-12-14 08:30:29.635,29.61,3
Upper/X east,7490.0,2025-12-19 07:34:42.356,2025-12-19 07:35:18.548,36.192,4
Upper/X east,7490.0,2025-12-20 05:46:22.676,2025-12-20 05:47:23.267,60.591,6
Upper/X east,7490.0,2025-12-20 22:05:39.637,2025-12-20 22:06:17.468,37.831,4
Upper/X east,7490.0,2025-12-20 22:13:10.354,2025-12-20 22:13:22.420,12.066,2
Upper/X east,7490.0,2025-12-21 10:16:54.286,2025-12-21 10:17:24.173,29.887,3
Upper/X east,7490.0,2025-12-22 08:42:08.779,2025-12-22 08:42:48.271,39.492,3
Upper/X east,7490.0,2025-12-23 22:41:34.229,2025-12-23 22:41:58.362,24.133,3
Upper/X east,7490.0,2025-12-23 23:39:36.171,2025-12-23 23:41:58.470,142.299,13
Upper/X east,7490.0,2025-12-24 01:25:40.707,2025-12-24 01:26:20.736,40.029,4
Upper/X east,7490.0,2025-12-24 04:19:47.571,2025-12-24 04:21:47.103,119.532,11
Upper/X east,7490.0,2025-12-24 06:01:54.373,2025-12-24 06:02:42.344,47.971,4
Upper/X east,7490.0,2025-12-24 10:37:23.456,2025-12-24 10:38:35.568,72.112,6
Upper/X east,7490.0,2025-12-24 20:56:19.367,2025-12-24 20:56:37.740,18.373,2
Upper/X east,7490.0,2025-12-25 05:42:05.370,2025-12-25 05:42:41.284,35.914,3
Upper/X east,7490.0,2025-12-25 08:51:45.201,2025-12-25 08:51:57.815,12.614,2
Upper/X east,7490.0,2025-12-25 20:34:48.176,2025-12-25 20:37:49.947,181.771,13
Upper/X east,7490.0,2025-12-25 20:43:34.035,2025-12-25 20:53:03.206,569.171,44
Upper/X east,7490.0,2025-12-25 22:13:57.251,2025-12-25 22:14:09.044,11.793,2
Upper/X east,7490.0,2025-12-26 08:48:03.607,2025-12-26 08:48:15.406,11.799,2
Upper/X east,7490.0,2025-12-26 10:09:07.566,2025-12-26 10:09:32.513,24.947,3
Upper/X east,7490.0,2025-12-26 10:23:32.030,2025-12-26 10:23:57.800,25.77,3
Upper/X east,7490.0,2025-12-26 11:42:44.764,2025-12-26 11:42:56.827,12.063,2
Upper/X east,7490.0,2025-12-26 11:44:53.631,2025-12-26 11:45:17.478,23.847,3
Upper/X east,7490.0,2025-12-26 13:20:19.360,2025-12-26 13:20:31.429,12.069,2
Upper/X east,7490.0,2025-12-26 13:29:02.752,2025-12-26 13:29:52.650,49.898,5
Upper/X east,7490.0,2025-12-26 20:49:06.082,2025-12-26 20:55:11.556,365.474,23
Upper/X east,7490.0,2025-12-26 21:49:24.840,2025-12-26 21:51:57.278,152.438,10
Upper/X east,7490.0,2026-01-05 08:47:59.766,2026-01-05 08:48:11.552,11.786,2
Upper/X east,7490.0,2026-01-05 10:35:49.496,2026-01-05 10:36:01.004,11.508,2
Upper/X east,7490.0,2026-01-05 17:37:42.972,2026-01-05 17:42:47.018,304.046,20
Upper/X east,7490.0,2026-01-05 17:44:22.151,2026-01-05 17:44:35.037,12.886,2
Upper/X east,7490.0,2026-01-05 18:13:08.020,2026-01-05 18:22:40.479,572.459,45
Upper/X east,7490.0,2026-01-05 19:13:48.418,2026-01-05 19:21:33.969,465.551,31
Upper/X east,7490.0,2026-01-05 20:34:49.108,2026-01-05 20:35:25.298,36.19,4
Upper/X east,7490.0,2026-01-05 21:02:38.505,2026-01-05 21:04:11.718,93.213,9
Upper/X east,7490.0,2026-01-05 21:05:17.792,2026-01-05 21:05:51.515,33.723,2
Upper/X east,7490.0,2026-01-06 03:45:35.675,2026-01-06 03:46:37.363,61.688,6
Upper/X east,7490.0,2026-01-06 05:59:39.520,2026-01-06 05:59:51.582,12.062,2
Upper/X east,7490.0,2026-01-06 09:02:49.357,2026-01-06 09:03:13.486,24.129,3
Upper/X east,7490.0,2026-01-06 10:01:33.212,2026-01-06 10:02:09.400,36.188,4
Upper/X east,7490.0,2026-01-06 17:53:22.099,2026-01-06 17:59:42.638,380.539,32
Upper/X east,7490.0,2026-01-06 18:13:45.681,2026-01-06 18:13:57.196,11.515,2
Upper/X east,7490.0,2026-01-07 00:40:05.390,2026-01-07 00:40:16.630,11.24,2
Upper/X east,7490.0,2026-01-07 05:09:53.517,2026-01-07 05:10:07.229,13.712,2
Upper/X east,7490.0,2026-01-07 09:04:10.236,2026-01-07 09:04:34.096,23.86,3
Upper/X east,7490.0,2026-01-07 10:38:09.803,2026-01-07 10:38:32.546,22.743,2
Upper/X east,7490.0,2026-01-07 11:29:58.568,2026-01-07 11:31:13.700,75.132,7
Upper/X east,7490.0,2026-01-07 13:09:31.277,2026-01-07 13:09:43.338,12.061,2
Upper/X east,7490.0,2026-01-08 04:43:27.531,2026-01-08 04:43:38.768,11.237,2
Upper/X east,7490.0,2026-01-08 04:45:25.150,2026-01-08 04:51:49.015,383.865,28
Upper/X east,7490.0,2026-01-09 04:33:50.402,2026-01-09 04:34:44.961,54.559,2
Upper/X east,7490.0,2026-01-09 06:06:46.121,2026-01-09 06:07:10.243,24.122,3
Upper/X east,7490.0,2026-01-09 06:19:31.040,2026-01-09 06:19:42.554,11.514,2
Upper/X east,7490.0,2026-01-10 06:58:26.716,2026-01-10 06:58:38.780,12.064,2
Upper/X east,7490.0,2026-01-10 08:53:45.172,2026-01-10 08:53:57.231,12.059,2
Upper/X east,7490.0,2026-01-10 09:07:54.524,2026-01-10 09:08:05.484,10.96,2
Upper/X east,7490.0,2026-01-10 13:19:29.264,2026-01-10 13:20:05.177,35.913,4
Upper/X east,7490.0,2026-01-10 16:49:32.986,2026-01-10 16:50:45.090,72.104,5
Upper/X east,7490.0,2026-01-10 17:39:10.979,2026-01-10 17:39:55.121,44.142,4
Upper/X east,7490.0,2026-01-10 20:47:08.222,2026-01-10 20:47:37.013,28.791,3
Upper/X east,7490.0,2026-01-10 22:43:50.993,2026-01-10 22:44:15.124,24.131,2
Upper/X east,7490.0,2026-01-11 08:42:38.254,2026-01-11 08:43:54.468,76.214,7
Upper/X east,7490.0,2026-01-11 09:09:09.500,2026-01-11 09:09:22.384,12.884,2
Upper/X east,7490.0,2026-01-11 10:17:22.789,2026-01-11 10:17:35.672,12.883,2
Upper/X east,7490.0,2026-01-12 21:48:46.105,2026-01-12 21:48:58.169,12.064,2
Upper/X east,7490.0,2026-01-12 22:44:07.365,2026-01-12 22:44:20.497,13.132,2
Upper/X east,7490.0,2026-01-13 07:10:47.248,2026-01-13 07:11:35.229,47.981,3
Upper/X east,7490.0,2026-01-13 09:11:38.959,2026-01-13 09:11:52.394,13.435,2
Upper/X east,7490.0,2026-01-14 22:41:32.114,2026-01-14 22:43:20.402,108.288,10
Upper/X east,7490.0,2026-01-15 04:19:10.972,2026-01-15 04:19:23.312,12.34,2
Upper/X east,7490.0,2026-01-15 09:14:06.291,2026-01-15 09:14:30.140,23.849,2
Upper/X east,7490.0,2026-01-15 20:49:52.194,2026-01-15 20:50:16.329,24.135,3
Upper/X east,7490.0,2026-01-15 21:09:13.293,2026-01-15 21:09:25.081,11.788,2
Upper/X east,7490.0,2026-01-16 16:25:56.148,2026-01-16 16:27:09.348,73.2,7
Upper/X east,7490.0,2026-01-16 18:04:46.450,2026-01-16 18:09:25.836,279.386,25
Upper/X east,7490.0,2026-01-17 03:38:41.526,2026-01-17 03:38:53.594,12.068,2
Upper/X east,7490.0,2026-01-17 10:01:32.149,2026-01-17 10:02:20.401,48.252,4
Upper/X east,7490.0,2026-01-17 11:29:21.643,2026-01-17 11:29:33.712,12.069,2
Upper/X east,7490.0,2026-01-17 13:08:47.875,2026-01-17 13:09:28.175,40.3,4
Upper/X east,7490.0,2026-01-18 09:47:31.360,2026-01-18 09:48:29.486,58.126,2
Upper/X east,7490.0,2026-01-20 11:43:50.424,2026-01-20 11:44:01.930,11.506,2
Upper/X east,7490.0,2026-01-20 13:23:10.821,2026-01-20 13:23:36.590,25.769,2
Upper/X east,7490.0,2026-02-06 11:27:33.347,2026-02-06 11:28:09.538,36.191,4
Upper/X east,7490.0,2026-02-06 13:06:58.527,2026-02-06 13:07:10.597,12.07,2
Upper/X east,7490.0,2026-02-07 12:08:22.231,2026-02-07 12:08:46.362,24.131,3
Upper/X east,7490.0,2026-02-07 13:43:57.695,2026-02-07 13:46:34.532,156.837,14
Upper/X east,7481.0,2026-02-09 05:40:07.044,2026-02-09 05:40:45.428,38.384,2
Upper/X east,7490.0,2026-02-09 05:53:37.727,2026-02-09 05:54:15.288,37.561,2
Upper/X east,7490.0,2026-02-11 05:53:39.409,2026-02-11 05:53:51.195,11.786,2
Upper/X east,7490.0,2026-02-11 11:24:21.087,2026-02-11 11:24:33.144,12.057,2
Upper/X east,7490.0,2026-02-12 03:50:15.649,2026-02-12 03:50:28.258,12.609,2
Upper/X east,7490.0,2026-02-12 09:00:38.177,2026-02-12 09:02:14.952,96.775,9
Upper/X east,7490.0,2026-02-12 13:43:25.270,2026-02-12 13:44:23.666,58.396,5
Upper/X east,7490.0,2026-02-13 05:50:47.451,2026-02-13 05:51:35.703,48.252,5
Upper/X east,7490.0,2026-02-13 08:42:37.392,2026-02-13 08:43:40.433,63.041,6
Upper/X east,7490.0,2026-02-13 10:17:03.193,2026-02-13 10:17:33.344,30.151,3
Upper/X east,7490.0,2026-02-13 12:47:00.944,2026-02-13 12:47:15.481,14.537,2
Upper/X east,7490.0,2026-02-14 06:30:02.613,2026-02-14 06:32:15.023,132.41,12
Upper/X east,7490.0,2026-02-14 10:00:44.490,2026-02-14 10:02:09.207,84.717,8
Upper/X east,7490.0,2026-02-14 13:23:40.272,2026-02-14 13:25:54.887,134.615,8
Upper/X east,7490.0,2026-02-15 09:43:53.695,2026-02-15 09:45:10.211,76.516,6
Upper/X east,7490.0,2026-02-16 07:44:25.804,2026-02-16 07:44:37.859,12.055,2
Upper/X east,7490.0,2026-02-16 13:05:52.513,2026-02-16 13:06:54.469,61.956,6
Upper/X east,7490.0,2026-02-16 21:53:59.925,2026-02-16 21:54:12.535,12.61,2
Upper/X east,7490.0,2026-02-17 03:59:59.437,2026-02-17 04:00:38.088,38.651,4
Upper/X east,7490.0,2026-02-17 05:41:33.625,2026-02-17 05:42:11.182,37.557,4
Upper/X east,7490.0,2026-02-21 07:39:33.531,2026-02-21 07:41:02.627,89.096,8
Upper/X east,7490.0,2026-02-21 09:35:23.382,2026-02-21 09:35:35.717,12.335,2
Upper/X east,7490.0,2026-02-22 05:47:41.982,2026-02-22 05:48:08.018,26.036,3
Upper/X east,7490.0,2026-02-23 05:36:53.024,2026-02-23 05:39:53.958,180.934,12
Upper/X east,7490.0,2026-02-23 08:57:28.850,2026-02-23 08:57:52.427,23.576999999999998,3
Upper/X east,7490.0,2026-02-23 10:33:16.381,2026-02-23 10:33:52.572,36.191,4
Upper/X east,7490.0,2026-02-23 12:45:51.388,2026-02-23 12:46:16.608,25.22,3
Upper/X east,7490.0,2026-02-24 07:54:53.800,2026-02-24 07:55:07.232,13.432,2
Upper/X east,7490.0,2026-02-24 11:37:24.844,2026-02-24 11:38:27.629,62.785,3
Upper/X east,7490.0,2026-02-24 11:42:25.062,2026-02-24 11:42:37.947,12.885,2
Upper/X east,7490.0,2026-02-24 13:23:46.192,2026-02-24 13:23:59.077,12.885,2
Upper/X east,7490.0,2026-02-24 20:04:12.579,2026-02-24 20:04:24.915,12.336,2
Upper/X east,7490.0,2026-02-25 06:22:43.495,2026-02-25 06:22:59.673,16.178,2
Upper/X east,7490.0,2026-02-25 12:14:58.332,2026-02-25 12:15:11.216,12.884,2
Upper/X east,7490.0,2026-02-25 21:43:33.510,2026-02-25 21:44:32.490,58.98,5
Upper/X east,7490.0,2026-02-26 05:48:25.500,2026-02-26 05:48:54.835,29.335,3
Upper/X east,7490.0,2026-02-26 11:25:10.993,2026-02-26 11:26:25.564,74.571,7
Upper/X east,7490.0,2026-02-26 13:04:42.926,2026-02-26 13:05:21.032,38.106,4
Upper/X east,7490.0,2026-02-26 18:03:06.362,2026-02-26 18:03:20.617,14.255,2
Upper/X east,7490.0,2026-02-26 18:42:16.516,2026-02-26 18:42:30.493,13.977,2
Upper/X east,7490.0,2026-02-27 09:17:52.824,2026-02-27 09:18:03.785,10.961,2
Upper/X east,7490.0,2026-02-27 10:00:41.732,2026-02-27 10:00:53.523,11.791,2
Upper/X east,7490.0,2026-02-27 13:34:36.375,2026-02-27 13:35:04.341,27.966,3
Upper/X east,7490.0,2026-02-27 21:06:06.679,2026-02-27 21:07:03.156,56.477,2
Upper/X east,7490.0,2026-02-27 22:04:55.486,2026-02-27 22:05:07.823,12.337,2
Upper/X east,7490.0,2026-02-27 22:45:12.540,2026-02-27 22:46:26.283,73.743,4
Upper/X east,7490.0,2026-02-28 00:15:13.610,2026-02-28 00:15:25.674,12.064,2
Upper/X east,7490.0,2026-02-28 01:50:50.239,2026-02-28 01:51:05.595,15.356,2
Upper/X east,7490.0,2026-02-28 03:51:53.223,2026-02-28 03:52:05.558,12.335,2
Upper/X east,7490.0,2026-02-28 03:53:17.939,2026-02-28 03:56:05.181,167.242,13
Upper/X east,7490.0,2026-02-28 17:43:00.323,2026-02-28 17:43:57.350,57.027,5
Upper/X east,7490.0,2026-02-28 18:05:18.544,2026-02-28 18:06:07.619,49.075,4
Upper/X east,7490.0,2026-02-28 19:23:06.791,2026-02-28 19:23:18.579,11.788,2
Upper/X east,7490.0,2026-02-28 20:49:53.562,2026-02-28 20:50:08.371,14.809,2
Upper/X east,7490.0,2026-03-01 06:03:54.752,2026-03-01 06:04:21.072,26.32,3
Upper/X east,7490.0,2026-03-01 08:44:53.971,2026-03-01 08:45:44.419,50.448,5
Upper/X east,7490.0,2026-03-01 11:36:48.430,2026-03-01 11:37:03.512,15.082,2
Upper/X east,7490.0,2026-03-01 13:20:45.992,2026-03-01 13:21:10.392,24.4,3
Upper/X east,7490.0,2026-03-01 13:23:11.856,2026-03-01 13:23:24.469,12.613,2
Upper/X east,7490.0,2026-03-01 20:02:39.759,2026-03-01 20:18:24.274,944.515,80
Upper/X east,7490.0,2026-03-01 20:34:30.162,2026-03-01 20:35:30.202,60.04,6
Upper/X east,7490.0,2026-03-01 22:09:35.581,2026-03-01 22:09:47.917,12.336,2
Upper/X east,7490.0,2026-03-01 23:55:33.228,2026-03-01 23:55:45.562,12.334,2
Upper/X east,7490.0,2026-03-02 01:33:59.114,2026-03-02 01:34:23.511,24.397,3
Upper/X east,7490.0,2026-03-02 08:29:28.334,2026-03-02 08:29:44.796,16.462,2
Upper/X east,7490.0,2026-03-03 04:34:06.285,2026-03-03 04:34:19.170,12.885,2
Upper/X east,7490.0,2026-03-03 06:08:52.802,2026-03-03 06:09:07.056,14.254,2
Upper/X east,7490.0,2026-03-03 11:20:56.886,2026-03-03 11:21:32.256,35.37,2
Upper/X east,7490.0,2026-03-03 19:34:49.443,2026-03-03 19:35:01.776,12.333,2
Upper/X east,7490.0,2026-03-04 01:12:54.793,2026-03-04 01:13:30.705,35.912,3
Upper/X east,7412.0,2026-03-04 11:41:42.231,2026-03-04 11:42:02.524,20.293,2
Upper/X east,7452.0,2026-03-05 00:19:47.969,2026-03-05 00:20:13.467,25.498,2
Lower/Y north,7490.0,2022-04-28 06:00:11.035,2022-04-28 06:00:24.203,13.168,2
Lower/Y north,7452.0,2022-11-24 01:39:42.081,2022-11-24 01:40:42.140,60.059,6
Lower/Y north,7452.0,2022-11-25 01:35:12.143,2022-11-25 01:36:57.175,105.032,10
Lower/Y north,7452.0,2022-11-25 08:35:49.545,2022-11-25 08:36:51.510,61.965,3
Lower/Y north,7452.0,2022-11-25 08:39:23.409,2022-11-25 08:39:50.839,27.43,2
Lower/Y north,7452.0,2022-11-25 09:51:46.600,2022-11-25 09:52:25.265,38.665,3
Lower/Y north,7452.0,2022-11-25 09:54:10.913,2022-11-25 09:55:38.106,87.193,5
Lower/Y north,7452.0,2022-11-25 09:58:13.579,2022-11-25 09:58:52.241,38.662,3
Lower/Y north,7452.0,2022-11-25 10:00:28.493,2022-11-25 10:00:48.777,20.284,2
Lower/Y north,7452.0,2022-11-26 04:18:29.879,2022-11-26 04:19:25.373,55.494,5
Lower/Y north,7452.0,2022-11-28 06:58:33.345,2022-11-28 07:01:06.201,152.856,10
Lower/Y north,7900.0,2023-01-05 19:15:33.723,2023-01-05 19:15:46.062,12.339,2
Lower/Y north,7452.0,2023-01-05 19:15:57.855,2023-01-05 19:21:57.902,360.047,32
Lower/Y north,7900.0,2023-01-06 05:13:47.424,2023-01-06 05:13:58.941,11.517,2
Lower/Y north,7452.0,2023-01-06 05:14:10.182,2023-01-06 05:20:31.345,381.163,34
Lower/Y north,7452.0,2023-01-24 04:55:39.671,2023-01-24 05:10:20.684,881.013,76
Lower/Y north,7900.0,2023-03-06 06:02:43.795,2023-03-06 06:02:55.040,11.245,2
Lower/Y north,7452.0,2023-03-06 06:03:06.555,2023-03-06 14:17:08.073,29641.518,2603
Lower/Y north,7452.0,2023-03-06 14:18:21.014,2023-03-06 16:11:32.048,6791.034,598
Lower/Y north,7900.0,2023-03-06 16:11:43.287,2023-03-06 16:41:08.563,1765.276,155
Lower/Y north,7452.0,2023-03-06 16:41:20.088,2023-03-06 19:46:37.301,11117.213,974
Lower/Y north,7900.0,2023-03-08 04:12:24.576,2023-03-08 04:12:36.365,11.789,2
Lower/Y north,7452.0,2023-03-08 04:12:47.607,2023-03-08 05:21:30.051,4122.444,361
Lower/Y north,7452.0,2023-03-22 01:33:35.073,2023-03-22 01:36:42.915,187.842,17
Lower/Y north,7452.0,2023-04-01 12:28:37.090,2023-04-01 12:29:25.074,47.984,5
Lower/Y north,7900.0,2023-04-01 12:29:37.137,2023-04-01 12:30:57.195,80.058,8
Lower/Y north,7452.0,2023-04-01 12:31:08.987,2023-04-01 14:02:41.877,5492.89,480
Lower/Y north,7900.0,2023-04-01 14:02:56.138,2023-04-01 14:03:44.393,48.255,5
Lower/Y north,7452.0,2023-04-01 14:03:55.913,2023-04-01 14:13:53.090,597.177,51
Lower/Y north,7900.0,2023-04-01 14:14:05.150,2023-04-01 14:20:27.916,382.766,34
Lower/Y north,7452.0,2023-04-01 14:20:38.884,2023-04-01 15:59:28.898,5930.014,520
Lower/Y north,7452.0,2023-04-03 13:58:39.227,2023-04-03 14:08:52.867,613.64,54
Lower/Y north,7452.0,2023-04-03 16:56:35.232,2023-04-03 17:02:47.856,372.624,33
Lower/Y north,7452.0,2023-04-04 02:14:50.225,2023-04-04 02:20:46.128,355.903,31
Lower/Y north,7900.0,2023-04-04 02:20:57.921,2023-04-04 02:22:05.924,68.003,7
Lower/Y north,7452.0,2023-04-04 02:48:13.218,2023-04-04 03:05:49.130,1055.912,91
Lower/Y north,7900.0,2023-04-04 03:06:00.920,2023-04-04 03:08:27.900,146.98,14
Lower/Y north,7452.0,2023-04-04 05:21:52.213,2023-04-04 05:31:26.094,573.881,50
Lower/Y north,7452.0,2023-04-04 05:31:49.130,2023-04-04 05:51:50.117,1200.987,105
Lower/Y north,7452.0,2023-04-04 05:57:23.244,2023-04-04 06:09:55.901,752.657,66
Lower/Y north,7900.0,2023-04-04 06:10:07.142,2023-04-04 06:16:21.138,373.996,34
Lower/Y north,7452.0,2023-04-04 07:32:24.882,2023-04-04 07:58:03.915,1539.033,134
Lower/Y north,7900.0,2023-04-04 07:58:14.883,2023-04-04 08:01:38.885,204.002,19
Lower/Y north,7452.0,2023-04-04 13:00:55.555,2023-04-04 13:11:08.934,613.379,53
Lower/Y north,7900.0,2023-04-04 13:11:21.270,2023-04-04 13:12:45.993,84.723,8
Lower/Y north,7452.0,2023-04-04 13:12:58.055,2023-04-04 15:00:49.103,6471.048,567
Lower/Y north,7900.0,2023-04-04 17:28:36.915,2023-04-04 17:28:47.878,10.963,2
Lower/Y north,7452.0,2023-04-04 17:31:17.036,2023-04-04 17:34:10.326,173.29,16
Lower/Y north,7452.0,2023-04-04 17:34:33.633,2023-04-04 17:36:29.351,115.718,11
Lower/Y north,7900.0,2023-04-04 17:36:40.862,2023-04-04 17:40:00.211,199.349,18
Lower/Y north,7452.0,2023-04-04 18:05:23.644,2023-04-04 18:58:33.900,3190.256,282
Lower/Y north,7900.0,2023-04-04 18:59:07.903,2023-04-04 19:00:27.141,79.238,8
Lower/Y north,7900.0,2023-04-04 19:01:12.111,2023-04-04 19:02:08.866,56.755,6
Lower/Y north,7452.0,2023-04-04 19:02:20.108,2023-04-04 19:13:29.142,669.034,60
Lower/Y north,7900.0,2023-04-04 19:13:40.929,2023-04-04 19:17:27.145,226.216,21
Lower/Y north,7900.0,2023-04-04 19:17:49.900,2023-04-04 19:18:12.109,22.209,3
Lower/Y north,7452.0,2023-04-05 01:17:40.589,2023-04-05 01:59:29.115,2508.526,221
Lower/Y north,7900.0,2023-04-05 01:59:40.906,2023-04-05 02:05:09.110,328.204,30
Lower/Y north,7452.0,2023-04-05 02:05:20.900,2023-04-05 02:05:54.895,33.995,4
Lower/Y north,7452.0,2023-04-05 02:06:17.115,2023-04-05 02:06:51.935,34.82,4
Lower/Y north,7452.0,2023-04-05 02:07:13.871,2023-04-05 02:09:52.897,159.026,15
Lower/Y north,7900.0,2023-04-05 02:10:03.865,2023-04-05 02:20:27.905,624.04,56
Lower/Y north,7900.0,2023-04-05 02:46:18.447,2023-04-05 02:47:19.041,60.594,4
Lower/Y north,7452.0,2023-04-05 02:53:57.426,2023-04-05 05:15:11.838,8474.412,740
Lower/Y north,7452.0,2023-04-05 05:26:48.857,2023-04-05 05:27:57.090,68.233,7
Lower/Y north,7452.0,2023-04-05 05:55:57.006,2023-04-05 05:56:20.035,23.029,3
Lower/Y north,7452.0,2023-04-05 05:59:13.086,2023-04-05 06:00:06.825,53.739,5
Lower/Y north,7900.0,2023-04-11 00:29:24.385,2023-04-11 00:29:51.258,26.873,2
Lower/Y north,7900.0,2023-04-11 00:44:54.168,2023-04-11 00:48:09.946,195.778,18
Lower/Y north,7452.0,2023-04-11 01:45:32.908,2023-04-11 02:05:36.967,1204.059,102
Lower/Y north,7452.0,2023-04-11 02:07:20.894,2023-04-11 03:20:54.886,4413.992,390
Lower/Y north,7900.0,2023-04-11 03:21:06.133,2023-04-11 03:21:28.890,22.757,3
Lower/Y north,7452.0,2023-04-11 03:21:40.129,2023-04-11 03:49:03.112,1642.983,146
Lower/Y north,31150.0,2023-04-25 02:12:19.562,2023-04-25 02:13:20.317,60.755,6
Lower/Y north,31150.0,2023-04-25 02:14:37.619,2023-04-25 02:18:25.281,227.662,20
Lower/Y north,7900.0,2023-05-24 02:54:42.164,2023-05-24 02:55:51.540,69.376,7
Lower/Y north,7452.0,2023-05-24 02:56:09.910,2023-05-24 02:56:21.699,11.789,2
Lower/Y north,7900.0,2023-05-24 02:56:33.487,2023-05-24 02:57:30.525,57.038,6
Lower/Y north,7452.0,2023-05-24 02:58:04.523,2023-05-24 02:58:49.774,45.251,5
Lower/Y north,7900.0,2023-05-24 02:59:01.560,2023-05-24 03:04:18.556,316.996,29
Lower/Y north,7452.0,2023-05-24 04:25:27.402,2023-05-24 05:54:49.478,5362.076,471
Lower/Y north,7452.0,2023-05-24 05:56:19.963,2023-05-24 06:02:29.862,369.899,33
Lower/Y north,7900.0,2023-05-24 06:03:59.529,2023-05-24 06:04:23.663,24.134,3
Lower/Y north,7452.0,2023-05-24 06:04:35.726,2023-05-24 06:08:03.572,207.846,19
Lower/Y north,7452.0,2023-05-24 06:10:33.276,2023-05-24 06:36:20.515,1547.239,137
Lower/Y north,7900.0,2023-05-24 06:36:54.512,2023-05-24 06:39:57.763,183.251,17
Lower/Y north,7900.0,2023-05-24 06:40:20.520,2023-05-24 06:40:54.518,33.998,4
Lower/Y north,7452.0,2023-05-24 06:41:05.758,2023-05-24 06:42:10.744,64.986,6
Lower/Y north,7900.0,2023-05-24 06:42:22.537,2023-05-24 06:45:46.531,203.994,19
Lower/Y north,7900.0,2023-05-24 07:09:10.798,2023-05-24 07:12:34.573,203.775,18
Lower/Y north,7452.0,2023-05-24 07:12:46.640,2023-05-24 07:13:10.773,24.133,3
Lower/Y north,7452.0,2023-05-24 07:19:20.477,2023-05-24 07:30:17.511,657.034,57
Lower/Y north,7452.0,2023-05-25 00:46:19.435,2023-05-25 00:47:39.772,80.337,8
Lower/Y north,7452.0,2023-05-25 08:55:46.324,2023-05-25 08:56:08.534,22.21,3
Lower/Y north,7452.0,2023-05-26 01:51:12.944,2023-05-26 01:54:37.492,204.548,19
Lower/Y north,7452.0,2023-05-30 00:27:57.305,2023-05-30 00:30:46.753,169.448,16
Lower/Y north,7452.0,2023-05-30 00:33:10.979,2023-05-30 00:36:20.159,189.18,17
Lower/Y north,7452.0,2023-05-30 00:56:06.442,2023-05-30 00:57:31.069,84.627,7
Lower/Y north,31150.0,2023-05-30 00:57:42.861,2023-05-30 00:58:18.510,35.649,4
Lower/Y north,7452.0,2023-05-30 00:58:30.025,2023-05-30 00:59:15.818,45.793,5
Lower/Y north,7452.0,2023-05-30 01:08:39.189,2023-05-30 01:27:08.599,1109.41,94
Lower/Y north,7900.0,2023-05-30 01:27:19.568,2023-05-30 01:28:39.642,80.074,7
Lower/Y north,7900.0,2023-05-30 01:29:32.841,2023-05-30 01:35:59.750,386.909,35
Lower/Y north,7900.0,2023-05-30 01:45:33.399,2023-05-30 01:47:03.613,90.214,9
Lower/Y north,7452.0,2023-05-30 02:09:54.096,2023-05-30 02:18:29.412,515.316,45
Lower/Y north,7452.0,2023-05-30 02:21:49.054,2023-05-30 02:26:14.764,265.71,24
Lower/Y north,7452.0,2023-05-30 02:27:32.643,2023-05-30 02:32:56.484,323.841,28
Lower/Y north,7452.0,2023-05-30 02:45:19.585,2023-05-30 02:54:51.984,572.399,34
Lower/Y north,7452.0,2023-05-30 03:32:55.128,2023-05-30 03:40:52.263,477.135,43
Lower/Y north,7452.0,2023-05-30 03:41:34.215,2023-05-30 03:43:51.872,137.657,9
Lower/Y north,7452.0,2023-05-30 03:44:32.993,2023-05-30 03:48:14.015,221.022,12
Lower/Y north,7452.0,2023-05-30 03:54:46.936,2023-05-30 05:11:56.229,4629.293,407
Lower/Y north,7452.0,2023-05-30 05:15:20.237,2023-05-30 08:24:30.627,11350.39,1003
Lower/Y north,7452.0,2023-05-31 00:47:04.897,2023-05-31 01:27:09.643,2404.746,213
Lower/Y north,30001.0,2023-05-31 04:25:23.361,2023-05-31 04:26:40.951,77.59,3
Lower/Y north,30001.0,2023-05-31 04:39:02.015,2023-05-31 04:39:25.321,23.306,2
Lower/Y north,7490.0,2023-05-31 04:49:16.737,2023-05-31 04:49:30.997,14.26,2
Lower/Y north,7452.0,2023-05-31 04:50:41.475,2023-05-31 04:56:14.443,332.968,24
Lower/Y north,7452.0,2023-05-31 06:41:29.913,2023-05-31 06:44:11.465,161.552,7
Lower/Y north,7452.0,2023-05-31 07:24:58.393,2023-05-31 07:26:01.791,63.398,3
Lower/Y north,7452.0,2023-05-31 07:29:33.734,2023-05-31 07:30:03.892,30.158,2
Lower/Y north,7900.0,2023-05-31 07:30:21.989,2023-05-31 07:30:38.713,16.724,2
Lower/Y north,7452.0,2023-05-31 07:35:55.114,2023-05-31 07:39:04.782,189.668,8
Lower/Y north,7452.0,2023-05-31 08:57:42.995,2023-05-31 08:58:35.376,52.381,5
Lower/Y north,7452.0,2023-06-01 23:25:22.641,2023-06-01 23:26:39.136,76.495,4
Lower/Y north,7452.0,2023-06-05 02:38:09.025,2023-06-05 02:38:29.864,20.839,2
Lower/Y north,7900.0,2023-06-05 02:39:21.967,2023-06-05 02:40:15.987,54.02,3
Lower/Y north,7452.0,2023-06-05 02:40:32.711,2023-06-05 02:40:48.614,15.903,2
Lower/Y north,7452.0,2023-06-09 00:27:57.373,2023-06-09 00:28:20.685,23.312,3
Lower/Y north,7452.0,2023-06-09 00:29:42.865,2023-06-09 00:31:41.310,118.445,6
Lower/Y north,7452.0,2023-06-09 00:32:50.122,2023-06-09 00:36:17.397,207.275,14
Lower/Y north,7900.0,2023-06-09 00:37:01.003,2023-06-09 00:39:08.764,127.761,8
Lower/Y north,7452.0,2023-07-27 06:24:49.736,2023-07-27 06:29:34.527,284.791,15
Lower/Y north,7900.0,2023-07-27 06:51:25.609,2023-07-27 06:52:25.664,60.055,4
Lower/Y north,7452.0,2023-07-27 06:53:03.230,2023-07-27 06:54:51.271,108.041,10
Lower/Y north,7900.0,2023-07-27 06:56:23.408,2023-07-27 06:56:47.265,23.857,3
Lower/Y north,7452.0,2023-07-27 06:57:25.105,2023-07-27 06:58:00.759,35.654,2
Lower/Y north,7452.0,2023-10-17 07:58:23.584,2023-10-17 08:01:33.911,190.327,8
Lower/Y north,7490.0,2025-02-26 12:23:26.914,2025-02-26 12:23:52.137,25.223,3
Lower/Y north,7490.0,2025-02-26 13:07:00.237,2025-02-26 13:07:11.753,11.516,2
Lower/Y north,7452.0,2025-02-26 23:43:54.142,2025-02-26 23:45:57.512,123.37,11
Lower/Y north,7490.0,2025-02-27 01:12:31.940,2025-02-27 01:12:44.546,12.606,2
Lower/Y north,7490.0,2025-02-27 01:13:55.286,2025-02-27 01:15:06.288,71.002,3
Lower/Y north,7490.0,2025-03-03 17:01:50.334,2025-03-03 17:02:02.397,12.063,2
Lower/Y north,7901.0,2025-03-04 05:07:22.692,2025-03-04 05:07:36.129,13.437,2
Lower/Y north,7490.0,2025-03-04 05:07:49.285,2025-03-04 05:08:01.622,12.337,2
Lower/Y north,7490.0,2025-03-04 05:26:02.225,2025-03-04 05:26:14.834,12.609,2
Lower/Y north,7490.0,2025-03-05 05:45:25.228,2025-03-05 05:45:43.872,18.644,2
Lower/Y north,7901.0,2025-03-05 05:45:56.207,2025-03-05 05:46:06.906,10.699,2
Lower/Y north,7490.0,2025-03-05 06:05:14.097,2025-03-05 06:05:47.819,33.722,3
Lower/Y north,7901.0,2025-03-05 12:12:18.888,2025-03-05 12:12:31.496,12.608,2
Lower/Y north,7490.0,2025-03-06 05:48:11.752,2025-03-06 05:48:26.836,15.084,2
Lower/Y north,7901.0,2025-03-06 06:24:36.446,2025-03-06 06:24:49.056,12.61,2
Lower/Y north,7490.0,2025-03-06 06:25:01.672,2025-03-06 06:25:15.931,14.259,2
Lower/Y north,7490.0,2025-03-06 12:44:05.512,2025-03-06 12:44:17.572,12.06,2
Lower/Y north,7901.0,2025-03-07 08:55:42.302,2025-03-07 08:56:05.878,23.576,3
Lower/Y north,7490.0,2025-03-08 08:59:19.718,2025-03-08 08:59:31.776,12.058,2
Lower/Y north,7901.0,2025-03-08 12:25:44.264,2025-03-08 12:25:54.956,10.692,2
Lower/Y north,7901.0,2025-03-08 12:59:27.971,2025-03-08 12:59:38.939,10.968,2
Lower/Y north,7490.0,2025-03-08 14:35:50.012,2025-03-08 14:36:05.643,15.631,2
Lower/Y north,7901.0,2025-03-08 16:18:56.731,2025-03-08 16:19:45.256,48.525,3
Lower/Y north,7490.0,2025-03-08 17:18:29.512,2025-03-08 17:18:44.314,14.802,2
Lower/Y north,7901.0,2025-03-08 17:59:45.562,2025-03-08 18:00:22.028,36.466,4
Lower/Y north,7490.0,2025-03-11 05:16:52.139,2025-03-11 05:17:17.092,24.953,3
Lower/Y north,7490.0,2025-03-11 07:30:14.849,2025-03-11 07:30:38.428,23.579,2
Lower/Y north,7490.0,2025-03-11 09:07:52.709,2025-03-11 09:08:20.956,28.247,3
Lower/Y north,7490.0,2025-03-12 04:01:28.795,2025-03-12 04:01:55.672,26.877,3
Lower/Y north,7490.0,2025-03-12 07:34:18.826,2025-03-12 07:34:30.889,12.063,2
Lower/Y north,7901.0,2025-03-12 07:34:42.953,2025-03-12 07:34:56.658,13.705,2
Lower/Y north,7901.0,2025-03-12 07:37:14.009,2025-03-12 07:37:29.104,15.095,2
Lower/Y north,7901.0,2025-03-17 03:11:20.317,2025-03-17 03:13:00.939,100.622,5
Lower/Y north,7901.0,2025-03-17 03:24:43.961,2025-03-17 03:25:10.281,26.32,2
Lower/Y north,7452.0,2025-03-17 04:01:07.267,2025-03-17 04:07:17.403,370.136,32
Lower/Y north,7452.0,2025-03-17 11:50:39.216,2025-03-17 11:54:58.583,259.367,23
Lower/Y north,7490.0,2025-03-17 13:27:18.795,2025-03-17 13:27:54.711,35.916,4
Lower/Y north,7490.0,2025-03-17 14:09:08.843,2025-03-17 14:09:23.646,14.803,2
Lower/Y north,7901.0,2025-03-17 14:09:35.724,2025-03-17 14:10:10.819,35.095,4
Lower/Y north,7901.0,2025-03-17 14:15:30.807,2025-03-17 14:15:42.864,12.057,2
Lower/Y north,7490.0,2025-03-17 21:30:40.449,2025-03-17 21:30:53.069,12.62,2
Lower/Y north,7490.0,2025-03-18 03:43:18.410,2025-03-18 03:43:43.081,24.671,3
Lower/Y north,7901.0,2025-03-18 04:57:25.791,2025-03-18 04:57:44.708,18.917,2
Lower/Y north,7490.0,2025-03-18 05:21:56.206,2025-03-18 05:22:14.027,17.821,2
Lower/Y north,7490.0,2025-03-18 07:53:56.553,2025-03-18 07:55:12.221,75.668,7
Lower/Y north,7901.0,2025-03-18 12:56:33.618,2025-03-18 12:57:02.133,28.515,3
Lower/Y north,7490.0,2025-03-18 14:38:11.001,2025-03-18 14:38:23.067,12.066,2
Lower/Y north,7901.0,2025-03-18 16:18:51.718,2025-03-18 16:19:15.846,24.128,3
Lower/Y north,7901.0,2025-03-19 01:21:36.330,2025-03-19 01:21:48.122,11.792,2
Lower/Y north,7490.0,2025-03-19 01:24:57.312,2025-03-19 01:25:09.097,11.785,2
Lower/Y north,7490.0,2025-03-19 01:31:47.763,2025-03-19 01:32:08.050,20.287,2
Lower/Y north,7901.0,2025-03-19 01:32:22.581,2025-03-19 01:33:15.494,52.913,4
Lower/Y north,7490.0,2025-03-19 07:56:55.686,2025-03-19 07:57:33.796,38.11,3
Lower/Y north,7901.0,2025-03-23 05:30:03.844,2025-03-23 05:30:27.700,23.856,3
Lower/Y north,7901.0,2025-03-25 06:22:51.187,2025-03-25 06:23:02.155,10.968,2
Lower/Y north,7901.0,2025-03-28 05:05:56.706,2025-03-28 05:06:07.947,11.241,2
Lower/Y north,7490.0,2025-03-31 08:38:10.537,2025-03-31 08:38:33.845,23.308,2
Lower/Y north,7901.0,2025-04-01 13:33:05.854,2025-04-01 13:33:16.822,10.968,2
Lower/Y north,7490.0,2025-04-02 08:35:08.617,2025-04-02 08:37:11.990,123.373,5
Lower/Y north,7901.0,2025-04-03 06:42:36.854,2025-04-03 06:42:47.819,10.965,2
Lower/Y north,7901.0,2025-04-04 06:34:34.511,2025-04-04 06:36:31.855,117.344,11
Lower/Y north,7490.0,2025-04-06 07:02:22.989,2025-04-06 07:02:46.298,23.309,3
Lower/Y north,7901.0,2025-04-06 07:07:11.415,2025-04-06 07:07:47.336,35.921,2
Lower/Y north,7901.0,2025-04-06 13:39:44.370,2025-04-06 13:39:56.945,12.575,2
Lower/Y north,7490.0,2025-04-06 13:40:10.100,2025-04-06 13:40:23.537,13.437,2
Lower/Y north,7901.0,2025-04-06 19:22:42.671,2025-04-06 19:22:54.736,12.065,2
Lower/Y north,7490.0,2025-04-06 20:51:23.882,2025-04-06 20:51:36.219,12.337,2
Lower/Y north,7490.0,2025-04-07 05:54:53.204,2025-04-07 05:56:11.891,78.687,5
Lower/Y north,7901.0,2025-04-07 06:06:47.694,2025-04-07 06:07:00.027,12.333,2
Lower/Y north,7490.0,2025-04-07 06:07:57.605,2025-04-07 06:08:45.585,47.98,3
Lower/Y north,7901.0,2025-04-07 06:55:38.078,2025-04-07 06:56:24.413,46.335,3
Lower/Y north,7490.0,2025-04-07 08:56:01.480,2025-04-07 08:56:13.819,12.339,2
Lower/Y north,7452.0,2025-04-07 12:35:33.849,2025-04-07 12:40:57.383,323.534,28
Lower/Y north,7490.0,2025-04-07 18:28:47.528,2025-04-07 18:28:59.318,11.79,2
Lower/Y north,7901.0,2025-04-08 05:05:30.095,2025-04-08 05:05:41.064,10.969,2
Lower/Y north,7490.0,2025-04-08 06:15:17.883,2025-04-08 06:15:31.321,13.438,2
Lower/Y north,7490.0,2025-04-08 08:53:18.112,2025-04-08 08:54:17.057,58.945,2
Lower/Y north,7490.0,2025-04-08 16:38:31.241,2025-04-08 16:39:21.140,49.899,4
Lower/Y north,7490.0,2025-04-09 01:11:16.428,2025-04-09 01:11:31.234,14.806000000000001,2
Lower/Y north,7490.0,2025-04-09 02:47:09.472,2025-04-09 02:47:21.281,11.809,2
Lower/Y north,7490.0,2025-04-09 13:59:20.853,2025-04-09 14:00:09.344,48.491,2
Lower/Y north,7901.0,2025-04-09 17:59:33.700,2025-04-09 17:59:44.940,11.24,2
Lower/Y north,7901.0,2025-04-09 21:00:11.918,2025-04-09 21:00:23.702,11.784,2
Lower/Y north,7490.0,2025-04-10 05:33:13.413,2025-04-10 05:33:25.472,12.059,2
Lower/Y north,7490.0,2025-04-10 18:00:21.824,2025-04-10 18:00:59.109,37.285,3
Lower/Y north,7490.0,2025-04-10 18:47:17.083,2025-04-10 18:47:54.921,37.838,3
Lower/Y north,7490.0,2025-04-12 14:10:39.390,2025-04-12 14:10:52.274,12.884,2
Lower/Y north,7490.0,2025-04-12 18:16:24.572,2025-04-12 18:16:53.087,28.515,3
Lower/Y north,7490.0,2025-04-12 18:27:47.543,2025-04-12 18:28:24.831,37.288,4
Lower/Y north,7901.0,2025-04-12 18:29:05.132,2025-04-12 18:30:04.903,59.771,2
Lower/Y north,7490.0,2025-04-12 18:36:19.440,2025-04-12 18:36:35.617,16.177,2
Lower/Y north,7901.0,2025-04-12 18:37:10.161,2025-04-12 18:37:43.062,32.901,4
Lower/Y north,7490.0,2025-04-13 03:57:23.930,2025-04-13 03:57:36.269,12.339,2
Lower/Y north,7490.0,2025-04-13 05:04:14.862,2025-04-13 05:04:32.407,17.545,2
Lower/Y north,7490.0,2025-04-13 05:36:46.181,2025-04-13 05:37:03.451,17.27,2
Lower/Y north,7490.0,2025-04-13 05:54:46.719,2025-04-13 05:55:11.672,24.953,3
Lower/Y north,7901.0,2025-04-13 05:55:23.741,2025-04-13 05:55:35.795,12.054,2
Lower/Y north,7490.0,2025-04-13 06:40:19.707,2025-04-13 06:40:37.254,17.547,2
Lower/Y north,7490.0,2025-04-13 14:29:39.109,2025-04-13 14:29:50.900,11.791,2
Lower/Y north,7490.0,2025-04-13 18:10:30.171,2025-04-13 18:11:09.655,39.484,4
Lower/Y north,7901.0,2025-04-13 18:22:55.669,2025-04-13 18:23:15.681,20.012,2
Lower/Y north,7490.0,2025-04-13 19:05:33.999,2025-04-13 19:05:47.703,13.704,2
Lower/Y north,7490.0,2025-04-14 04:57:12.661,2025-04-14 04:57:24.450,11.789,2
Lower/Y north,7490.0,2025-04-14 05:17:33.298,2025-04-14 05:17:45.634,12.336,2
Lower/Y north,7901.0,2025-04-14 05:18:46.500,2025-04-14 05:18:59.111,12.611,2
Lower/Y north,7490.0,2025-04-14 05:19:10.904,2025-04-14 05:19:22.693,11.789,2
Lower/Y north,7901.0,2025-04-14 05:41:53.295,2025-04-14 05:42:29.487,36.192,4
Lower/Y north,7901.0,2025-04-14 07:21:29.247,2025-04-14 07:21:40.488,11.241,2
Lower/Y north,7490.0,2025-04-14 13:11:40.189,2025-04-14 13:11:52.796,12.607,2
Lower/Y north,7490.0,2025-04-14 13:15:46.676,2025-04-14 13:16:00.114,13.438,2
Lower/Y north,7901.0,2025-04-14 17:23:16.212,2025-04-14 17:23:37.327,21.115,2
Lower/Y north,7490.0,2025-04-14 21:14:59.002,2025-04-14 21:15:11.338,12.336,2
Lower/Y north,7490.0,2025-04-15 00:44:23.041,2025-04-15 00:44:46.071,23.03,2
Lower/Y north,7490.0,2025-04-15 05:36:05.588,2025-04-15 05:36:29.713,24.125,3
Lower/Y north,7901.0,2025-04-15 05:36:41.504,2025-04-15 05:36:53.567,12.063,2
Lower/Y north,7490.0,2025-04-15 06:20:10.559,2025-04-15 06:20:34.687,24.128,3
Lower/Y north,7901.0,2025-04-15 06:20:46.204,2025-04-15 06:20:57.995,11.791,2
Lower/Y north,7490.0,2025-04-15 12:57:06.998,2025-04-15 12:57:19.068,12.07,2
Lower/Y north,7490.0,2025-04-15 13:30:03.849,2025-04-15 13:30:15.640,11.791,2
Lower/Y north,7490.0,2025-04-15 13:30:40.316,2025-04-15 13:31:04.719,24.403,3
Lower/Y north,7901.0,2025-04-16 01:45:28.174,2025-04-16 01:45:53.127,24.953,3
Lower/Y north,7490.0,2025-04-16 04:40:15.749,2025-04-16 04:40:27.534,11.785,2
Lower/Y north,7901.0,2025-04-16 05:21:59.244,2025-04-16 05:22:10.758,11.514,2
Lower/Y north,7901.0,2025-04-16 05:25:34.216,2025-04-16 05:25:58.873,24.657,2
Lower/Y north,7490.0,2025-04-16 13:48:12.309,2025-04-16 13:48:25.468,13.159,2
Lower/Y north,7490.0,2025-04-16 13:49:13.722,2025-04-16 13:49:25.512,11.79,2
Lower/Y north,7901.0,2025-04-16 13:54:57.276,2025-04-16 13:55:09.070,11.794,2
Lower/Y north,7901.0,2025-04-16 18:41:25.295,2025-04-16 18:41:43.113,17.818,2
Lower/Y north,7901.0,2025-04-17 00:24:43.581,2025-04-17 00:25:05.247,21.666,2
Lower/Y north,7901.0,2025-04-17 05:18:03.486,2025-04-17 05:18:15.549,12.063,2
Lower/Y north,7490.0,2025-04-17 05:18:27.887,2025-04-17 05:18:39.675,11.788,2
Lower/Y north,7490.0,2025-04-17 06:03:50.454,2025-04-17 06:04:04.163,13.709,2
Lower/Y north,7901.0,2025-04-17 06:04:15.952,2025-04-17 06:04:28.843,12.891,2
Lower/Y north,7490.0,2025-04-17 06:04:40.904,2025-04-17 06:04:52.695,11.791,2
Lower/Y north,7490.0,2025-04-17 12:38:28.444,2025-04-17 12:38:40.508,12.064,2
Lower/Y north,7490.0,2025-04-17 14:06:39.848,2025-04-17 14:07:04.248,24.4,3
Lower/Y north,7490.0,2025-04-17 14:07:27.832,2025-04-17 14:07:51.685,23.853,3
Lower/Y north,7490.0,2025-04-18 00:54:07.441,2025-04-18 00:54:55.694,48.253,5
Lower/Y north,7490.0,2025-04-18 05:43:30.908,2025-04-18 05:43:42.972,12.064,2
Lower/Y north,7490.0,2025-04-18 05:44:06.552,2025-04-18 05:44:42.746,36.194,4
Lower/Y north,7490.0,2025-04-18 05:57:27.146,2025-04-18 05:58:02.514,35.368,4
Lower/Y north,7901.0,2025-04-18 05:58:14.853,2025-04-18 05:58:26.914,12.061,2
Lower/Y north,7490.0,2025-04-18 05:58:38.705,2025-04-18 05:59:02.561,23.856,3
Lower/Y north,7490.0,2025-04-18 06:38:59.970,2025-04-18 06:39:58.645,58.675,6
Lower/Y north,7490.0,2025-04-18 06:40:22.772,2025-04-18 06:40:34.562,11.79,2
Lower/Y north,7490.0,2025-04-18 09:20:46.513,2025-04-18 09:20:58.579,12.066,2
Lower/Y north,7901.0,2025-04-18 13:17:40.532,2025-04-18 13:17:52.596,12.064,2
Lower/Y north,7490.0,2025-04-18 14:25:41.918,2025-04-18 14:26:06.873,24.955,3
Lower/Y north,7490.0,2025-04-18 18:28:41.624,2025-04-18 18:29:03.008,21.384,2
Lower/Y north,7490.0,2025-04-18 18:54:23.094,2025-04-18 18:54:38.451,15.357,2
Lower/Y north,7490.0,2025-04-18 21:30:35.930,2025-04-18 21:30:50.186,14.256,2
Lower/Y north,7490.0,2025-04-19 02:40:01.628,2025-04-19 02:40:16.981,15.353,2
Lower/Y north,7490.0,2025-04-19 04:59:57.646,2025-04-19 05:00:21.497,23.851,3
Lower/Y north,7490.0,2025-04-19 05:24:23.981,2025-04-19 05:24:35.502,11.521,2
Lower/Y north,7901.0,2025-04-19 05:40:03.056,2025-04-19 05:40:14.842,11.786,2
Lower/Y north,7490.0,2025-04-19 06:38:46.234,2025-04-19 06:39:09.539,23.305,3
Lower/Y north,7901.0,2025-04-19 06:44:16.890,2025-04-19 06:44:39.923,23.033,3
Lower/Y north,7901.0,2025-04-19 09:31:22.243,2025-04-19 09:31:43.904,21.661,2
Lower/Y north,7490.0,2025-04-19 12:19:38.252,2025-04-19 12:19:51.133,12.881,2
Lower/Y north,7490.0,2025-04-19 13:07:53.852,2025-04-19 13:08:06.188,12.336,2
Lower/Y north,7490.0,2025-04-19 13:58:18.570,2025-04-19 13:58:30.630,12.06,2
Lower/Y north,7901.0,2025-04-19 13:58:42.969,2025-04-19 13:58:54.484,11.515,2
Lower/Y north,7490.0,2025-04-19 14:45:24.512,2025-04-19 14:45:36.576,12.064,2
Lower/Y north,7490.0,2025-04-20 00:45:35.765,2025-04-20 00:45:57.966,22.201,2
Lower/Y north,7901.0,2025-04-20 01:22:32.503,2025-04-20 01:22:47.584,15.081,2
Lower/Y north,7490.0,2025-04-20 05:05:08.019,2025-04-20 05:05:19.806,11.787,2
Lower/Y north,7490.0,2025-04-20 05:05:43.933,2025-04-20 05:05:56.270,12.337,2
Lower/Y north,7490.0,2025-04-20 05:38:56.684,2025-04-20 05:39:08.472,11.788,2
Lower/Y north,7901.0,2025-04-20 05:39:20.534,2025-04-20 05:39:33.149,12.615,2
Lower/Y north,7490.0,2025-04-20 06:18:49.427,2025-04-20 06:19:01.768,12.341,2
Lower/Y north,7901.0,2025-04-20 06:19:13.554,2025-04-20 06:19:36.588,23.034,3
Lower/Y north,7901.0,2025-04-20 12:58:15.186,2025-04-20 12:58:27.249,12.063,2
Lower/Y north,7901.0,2025-04-20 12:58:50.558,2025-04-20 12:59:02.618,12.06,2
Lower/Y north,7901.0,2025-04-20 18:45:18.947,2025-04-20 18:45:33.748,14.801,2
Lower/Y north,7452.0,2025-04-20 19:55:58.831,2025-04-20 19:57:34.515,95.684,9
Lower/Y north,7901.0,2025-04-20 20:01:32.773,2025-04-20 20:01:55.528,22.755,3
Lower/Y north,7490.0,2025-04-20 20:02:07.315,2025-04-20 20:02:31.177,23.862,3
Lower/Y north,7901.0,2025-04-20 20:03:07.366,2025-04-20 20:03:31.217,23.851,3
Lower/Y north,7490.0,2025-04-21 01:13:57.071,2025-04-21 01:14:08.589,11.518,2
Lower/Y north,7490.0,2025-04-21 01:31:24.729,2025-04-21 01:32:00.658,35.929,4
Lower/Y north,7490.0,2025-04-21 04:46:21.962,2025-04-21 04:46:35.393,13.431,2
Lower/Y north,7490.0,2025-04-21 06:19:18.186,2025-04-21 06:19:29.978,11.792,2
Lower/Y north,7490.0,2025-04-21 06:58:12.262,2025-04-21 06:58:49.280,37.018,4
Lower/Y north,7490.0,2025-04-21 13:38:21.882,2025-04-21 13:38:33.944,12.062,2
Lower/Y north,7901.0,2025-04-21 13:38:45.463,2025-04-21 13:38:57.797,12.334,2
Lower/Y north,7490.0,2025-04-22 02:02:58.227,2025-04-22 02:03:21.262,23.035,2
Lower/Y north,7490.0,2025-04-22 12:39:31.325,2025-04-22 12:39:43.388,12.063,2
Lower/Y north,7490.0,2025-04-22 14:02:50.078,2025-04-22 14:03:26.272,36.194,4
Lower/Y north,7901.0,2025-04-22 14:03:38.061,2025-04-22 14:04:02.186,24.125,3
Lower/Y north,7490.0,2025-04-22 17:16:52.967,2025-04-22 17:17:16.544,23.576999999999998,2
Lower/Y north,7901.0,2025-04-22 17:36:49.469,2025-04-22 17:37:00.436,10.967,2
Lower/Y north,7901.0,2025-04-22 17:47:31.069,2025-04-22 17:47:58.763,27.694,2
Lower/Y north,7901.0,2025-04-22 18:13:45.389,2025-04-22 18:14:31.177,45.788,5
Lower/Y north,7490.0,2025-04-23 05:50:26.306,2025-04-23 05:50:38.368,12.062,2
Lower/Y north,7490.0,2025-04-23 06:01:15.266,2025-04-23 06:01:27.056,11.79,2
Lower/Y north,7901.0,2025-04-23 06:01:39.122,2025-04-23 06:02:03.247,24.125,3
Lower/Y north,7901.0,2025-04-23 06:37:31.396,2025-04-23 06:37:54.703,23.307,3
Lower/Y north,7490.0,2025-04-23 06:38:30.075,2025-04-23 06:38:54.203,24.128,3
Lower/Y north,7901.0,2025-04-23 13:18:47.746,2025-04-23 13:19:36.002,48.256,5
Lower/Y north,7901.0,2025-04-23 16:58:05.013,2025-04-23 16:58:34.625,29.612,3
Lower/Y north,7490.0,2025-04-23 17:24:42.363,2025-04-23 17:25:06.767,24.404,3
Lower/Y north,7901.0,2025-04-23 18:26:39.678,2025-04-23 18:26:51.741,12.063,2
Lower/Y north,7490.0,2025-04-23 19:02:46.782,2025-04-23 19:03:20.504,33.722,3
Lower/Y north,7490.0,2025-04-24 05:02:34.736,2025-04-24 05:03:10.932,36.196,4
Lower/Y north,7490.0,2025-04-24 05:31:05.834,2025-04-24 05:32:17.944,72.11,7
Lower/Y north,7490.0,2025-04-24 13:59:34.985,2025-04-24 13:59:58.835,23.85,3
Lower/Y north,7490.0,2025-04-25 05:11:59.702,2025-04-25 05:12:23.556,23.854,3
Lower/Y north,7490.0,2025-04-25 05:41:35.821,2025-04-25 05:41:47.882,12.061,2
Lower/Y north,7490.0,2025-04-25 05:42:11.736,2025-04-25 05:42:35.592,23.856,3
Lower/Y north,7490.0,2025-04-25 06:16:56.578,2025-04-25 06:17:08.643,12.065,2
Lower/Y north,7490.0,2025-04-25 06:17:31.667,2025-04-25 06:17:43.463,11.796,2
Lower/Y north,7490.0,2025-04-25 06:18:07.039,2025-04-25 06:18:18.556,11.517,2
Lower/Y north,7490.0,2025-04-25 06:27:54.336,2025-04-25 06:28:06.677,12.341,2
Lower/Y north,7901.0,2025-04-25 13:21:53.670,2025-04-25 13:22:06.007,12.337,2
Lower/Y north,7490.0,2025-04-25 13:22:18.895,2025-04-25 13:22:42.476,23.581,3
Lower/Y north,7490.0,2025-04-26 06:22:02.413,2025-04-26 06:22:27.633,25.22,3
Lower/Y north,7901.0,2025-04-26 06:22:39.696,2025-04-26 06:22:51.762,12.066,2
Lower/Y north,7490.0,2025-04-26 06:56:34.658,2025-04-26 06:57:59.927,85.269,8
Lower/Y north,7490.0,2025-04-26 08:15:51.339,2025-04-26 08:16:10.529,19.19,2
Lower/Y north,7901.0,2025-04-26 13:39:34.677,2025-04-26 13:39:47.016,12.339,2
Lower/Y north,7490.0,2025-04-26 13:39:58.530,2025-04-26 13:40:10.868,12.338,2
Lower/Y north,7490.0,2025-04-26 17:00:17.993,2025-04-26 17:00:43.494,25.501,3
Lower/Y north,7901.0,2025-04-26 20:21:19.719,2025-04-26 20:21:32.608,12.889,2
Lower/Y north,7490.0,2025-04-27 04:34:31.794,2025-04-27 04:34:44.682,12.888,2
Lower/Y north,7901.0,2025-04-27 04:40:15.881,2025-04-27 04:40:26.849,10.968,2
Lower/Y north,7901.0,2025-04-27 05:23:26.025,2025-04-27 05:23:37.539,11.514,2
Lower/Y north,7490.0,2025-04-27 05:23:50.145,2025-04-27 05:24:14.274,24.129,3
Lower/Y north,7490.0,2025-04-27 05:56:47.801,2025-04-27 05:57:11.653,23.852,3
Lower/Y north,7490.0,2025-04-27 05:57:37.161,2025-04-27 05:58:35.562,58.401,6
Lower/Y north,7490.0,2025-04-27 06:17:52.587,2025-04-27 06:18:04.645,12.058,2
Lower/Y north,7901.0,2025-04-27 12:40:23.534,2025-04-27 12:40:36.149,12.615,2
Lower/Y north,7490.0,2025-04-27 12:40:47.936,2025-04-27 12:40:59.995,12.059,2
Lower/Y north,7901.0,2025-04-27 12:41:11.789,2025-04-27 12:41:23.575,11.786,2
Lower/Y north,7490.0,2025-04-27 13:58:45.720,2025-04-27 13:59:09.576,23.856,3
Lower/Y north,7490.0,2025-04-27 13:59:33.700,2025-04-27 13:59:45.490,11.79,2
Lower/Y north,7490.0,2025-04-28 13:19:42.874,2025-04-28 13:20:18.515,35.641,4
Lower/Y north,7901.0,2025-04-28 13:20:30.855,2025-04-28 13:20:55.259,24.404,3
Lower/Y north,7490.0,2025-04-28 14:18:08.663,2025-04-28 14:18:20.732,12.069,2
Lower/Y north,7901.0,2025-04-28 16:50:32.854,2025-04-28 16:50:54.240,21.386,2
Lower/Y north,7490.0,2025-04-28 20:17:08.621,2025-04-28 20:17:52.772,44.151,4
Lower/Y north,7901.0,2025-04-29 05:05:10.081,2025-04-29 05:05:22.144,12.063,2
Lower/Y north,7490.0,2025-04-29 05:37:41.723,2025-04-29 05:37:53.513,11.79,2
Lower/Y north,7901.0,2025-04-29 05:38:05.579,2025-04-29 05:38:17.639,12.06,2
Lower/Y north,7490.0,2025-04-29 14:36:45.794,2025-04-29 14:36:57.858,12.064,2
Lower/Y north,7901.0,2025-04-29 16:45:44.503,2025-04-29 16:45:55.742,11.239,2
Lower/Y north,7490.0,2025-04-30 05:18:28.054,2025-04-30 05:18:39.843,11.789,2
Lower/Y north,7490.0,2025-04-30 06:16:08.066,2025-04-30 06:16:43.713,35.647,4
Lower/Y north,7901.0,2025-04-30 08:26:47.960,2025-04-30 08:26:59.472,11.512,2
Lower/Y north,7490.0,2025-04-30 13:00:25.864,2025-04-30 13:00:38.754,12.89,2
Lower/Y north,7901.0,2025-04-30 13:00:50.543,2025-04-30 13:01:03.986,13.443,2
Lower/Y north,7490.0,2025-04-30 16:26:36.966,2025-04-30 16:26:48.480,11.514,2
Lower/Y north,7490.0,2025-05-01 04:47:21.811,2025-05-01 04:47:47.579,25.768,3
Lower/Y north,7490.0,2025-05-01 04:59:09.212,2025-05-01 04:59:21.271,12.059,2
Lower/Y north,7490.0,2025-05-01 05:17:48.160,2025-05-01 05:17:59.674,11.514,2
Lower/Y north,7490.0,2025-05-01 06:24:46.372,2025-05-01 06:25:34.629,48.257,5
Lower/Y north,7901.0,2025-05-01 06:55:06.137,2025-05-01 06:55:41.779,35.642,4
Lower/Y north,7490.0,2025-05-01 08:21:09.012,2025-05-01 08:22:51.556,102.544,3
Lower/Y north,7901.0,2025-05-01 13:36:00.866,2025-05-01 13:36:12.660,11.794,2
Lower/Y north,7490.0,2025-05-01 13:36:24.724,2025-05-01 13:36:36.513,11.789,2
Lower/Y north,7490.0,2025-05-01 20:25:09.826,2025-05-01 20:25:21.611,11.785,2
Lower/Y north,7490.0,2025-05-02 01:56:29.846,2025-05-02 01:56:41.638,11.792,2
Lower/Y north,7490.0,2025-05-02 04:40:26.065,2025-05-02 04:40:37.849,11.784,2
Lower/Y north,7490.0,2025-05-02 05:25:59.998,2025-05-02 05:26:35.643,35.645,4
Lower/Y north,7901.0,2025-05-02 05:26:47.707,2025-05-02 05:26:59.493,11.786,2
Lower/Y north,7490.0,2025-05-02 05:55:26.592,2025-05-02 05:55:38.658,12.066,2
Lower/Y north,7901.0,2025-05-02 05:55:50.449,2025-05-02 05:56:26.088,35.639,4
Lower/Y north,7490.0,2025-05-02 06:25:00.027,2025-05-02 06:25:26.349,26.322,3
Lower/Y north,7901.0,2025-05-02 12:41:39.507,2025-05-02 12:42:03.908,24.401,3
Lower/Y north,7490.0,2025-05-02 13:54:58.047,2025-05-02 13:55:22.450,24.403,3
Lower/Y north,7490.0,2025-05-02 17:29:31.516,2025-05-02 17:30:09.352,37.836,3
Lower/Y north,7452.0,2025-05-02 17:41:26.604,2025-05-02 17:47:19.484,352.88,31
Lower/Y north,7901.0,2025-05-02 18:10:37.564,2025-05-02 18:10:49.627,12.063,2
Lower/Y north,7901.0,2025-05-02 18:11:58.727,2025-05-02 18:12:10.239,11.512,2
Lower/Y north,7490.0,2025-05-02 18:12:21.755,2025-05-02 18:12:33.546,11.791,2
Lower/Y north,7901.0,2025-05-02 18:12:44.515,2025-05-02 18:12:56.578,12.063,2
Lower/Y north,7901.0,2025-05-02 18:13:19.610,2025-05-02 18:13:31.124,11.514,2
Lower/Y north,7490.0,2025-05-02 18:14:05.675,2025-05-02 18:14:28.437,22.762,2
Lower/Y north,7901.0,2025-05-02 18:15:03.252,2025-05-02 18:15:15.043,11.791,2
Lower/Y north,7490.0,2025-05-02 18:15:26.831,2025-05-02 18:15:53.156,26.325,3
Lower/Y north,7490.0,2025-05-02 18:21:43.555,2025-05-02 18:22:21.669,38.114,3
Lower/Y north,7901.0,2025-05-02 20:34:27.154,2025-05-02 20:35:01.431,34.277,4
Lower/Y north,7490.0,2025-05-02 20:36:01.470,2025-05-02 20:36:49.732,48.262,5
Lower/Y north,7490.0,2025-05-02 20:37:13.584,2025-05-02 20:38:13.362,59.778,6
Lower/Y north,7901.0,2025-05-03 04:59:10.865,2025-05-03 04:59:46.507,35.642,4
Lower/Y north,7490.0,2025-05-03 06:03:36.373,2025-05-03 06:04:22.707,46.334,4
Lower/Y north,7901.0,2025-05-03 06:04:35.325,2025-05-03 06:04:47.661,12.336,2
Lower/Y north,7490.0,2025-05-03 06:33:54.508,2025-05-03 06:34:28.505,33.997,3
Lower/Y north,7490.0,2025-05-03 06:35:15.396,2025-05-03 06:35:27.733,12.337,2
Lower/Y north,7490.0,2025-05-03 13:20:51.062,2025-05-03 13:21:14.648,23.586,3
Lower/Y north,7901.0,2025-05-03 14:14:06.469,2025-05-03 14:14:30.874,24.405,3
Lower/Y north,7490.0,2025-05-03 16:58:16.966,2025-05-03 16:58:39.449,22.483,3
Lower/Y north,7490.0,2025-05-03 16:59:03.029,2025-05-03 16:59:38.397,35.368,4
Lower/Y north,7901.0,2025-05-03 17:00:12.673,2025-05-03 17:01:33.012,80.339,8
Lower/Y north,7901.0,2025-05-03 17:01:55.771,2025-05-03 17:02:18.253,22.482,3
Lower/Y north,7901.0,2025-05-03 17:03:03.219,2025-05-03 17:03:14.735,11.516,2
Lower/Y north,7490.0,2025-05-03 17:03:50.647,2025-05-03 17:04:02.442,11.795,2
Lower/Y north,7490.0,2025-05-03 17:04:26.572,2025-05-03 17:06:14.880,108.308,10
Lower/Y north,7490.0,2025-05-03 17:13:47.288,2025-05-03 17:14:57.479,70.191,7
Lower/Y north,7901.0,2025-05-03 17:15:08.448,2025-05-03 17:15:32.027,23.579,3
Lower/Y north,7490.0,2025-05-03 17:15:43.543,2025-05-03 17:16:06.578,23.035,3
Lower/Y north,7490.0,2025-05-03 18:21:36.789,2025-05-03 18:22:24.770,47.981,5
Lower/Y north,7490.0,2025-05-03 18:22:48.905,2025-05-03 18:23:00.690,11.785,2
Lower/Y north,7901.0,2025-05-03 18:50:02.509,2025-05-03 18:50:14.023,11.514,2
Lower/Y north,7901.0,2025-05-03 19:00:05.728,2025-05-03 19:00:17.521,11.793,2
Lower/Y north,7490.0,2025-05-03 20:30:42.907,2025-05-03 20:31:43.774,60.867,6
Lower/Y north,7490.0,2025-05-04 02:28:45.953,2025-05-04 02:29:20.774,34.821,3
Lower/Y north,7901.0,2025-05-04 05:07:24.933,2025-05-04 05:07:49.341,24.408,3
Lower/Y north,7490.0,2025-05-04 05:08:12.919,2025-05-04 05:08:24.981,12.062,2
Lower/Y north,7901.0,2025-05-09 07:12:02.089,2025-05-09 07:12:30.880,28.791,3
Lower/Y north,7901.0,2025-05-13 07:57:06.701,2025-05-13 07:57:22.054,15.353,2
Lower/Y north,7901.0,2025-05-13 08:50:18.054,2025-05-13 08:51:07.142,49.088,5
Lower/Y north,7490.0,2025-05-13 13:22:48.346,2025-05-13 13:23:11.924,23.578,3
Lower/Y north,7490.0,2025-05-13 13:23:35.781,2025-05-13 13:23:47.847,12.066,2
Lower/Y north,7490.0,2025-05-13 18:26:41.242,2025-05-13 18:26:52.768,11.526,2
Lower/Y north,7901.0,2025-05-13 18:27:04.828,2025-05-13 18:27:16.892,12.064,2
Lower/Y north,7490.0,2025-05-13 18:27:28.954,2025-05-13 18:27:41.291,12.337,2
Lower/Y north,7490.0,2025-05-14 05:32:05.139,2025-05-14 05:32:20.765,15.626,2
Lower/Y north,7901.0,2025-05-14 07:10:52.220,2025-05-14 07:11:04.553,12.333,2
Lower/Y north,7490.0,2025-05-14 09:03:49.579,2025-05-14 09:04:06.305,16.726,2
Lower/Y north,7490.0,2025-05-14 12:53:56.387,2025-05-14 12:54:26.593,30.206,2
Lower/Y north,7901.0,2025-05-14 12:58:36.881,2025-05-14 12:58:52.784,15.903,2
Lower/Y north,7490.0,2025-05-14 20:59:21.026,2025-05-14 20:59:32.813,11.787,2
Lower/Y north,7490.0,2025-05-15 01:21:17.348,2025-05-15 01:22:04.776,47.428,5
Lower/Y north,7901.0,2025-05-15 05:37:37.129,2025-05-15 05:37:49.462,12.333,2
Lower/Y north,7490.0,2025-05-15 05:38:00.976,2025-05-15 05:38:37.186,36.21,4
Lower/Y north,7901.0,2025-05-15 05:51:52.549,2025-05-15 05:52:15.858,23.309,3
Lower/Y north,7901.0,2025-05-15 05:56:00.944,2025-05-15 05:56:23.700,22.756,2
Lower/Y north,7490.0,2025-05-15 05:56:35.759,2025-05-15 05:56:47.828,12.069,2
Lower/Y north,7490.0,2025-05-15 05:57:51.980,2025-05-15 05:58:28.170,36.19,4
Lower/Y north,7490.0,2025-05-15 05:58:51.751,2025-05-15 05:59:27.942,36.191,4
Lower/Y north,7490.0,2025-05-15 06:12:56.756,2025-05-15 06:13:20.881,24.125,3
Lower/Y north,7490.0,2025-05-15 06:21:11.918,2025-05-15 06:21:25.630,13.712,2
Lower/Y north,7490.0,2025-05-15 06:21:49.753,2025-05-15 06:22:02.365,12.612,2
Lower/Y north,7490.0,2025-05-15 13:04:01.279,2025-05-15 13:04:13.070,11.791,2
Lower/Y north,7901.0,2025-05-15 13:04:24.854,2025-05-15 13:04:49.255,24.401,3
Lower/Y north,7490.0,2025-05-16 05:18:22.751,2025-05-16 05:19:11.004,48.253,5
Lower/Y north,7490.0,2025-05-16 06:49:22.441,2025-05-16 06:49:56.987,34.546,4
Lower/Y north,7490.0,2025-05-16 09:08:40.677,2025-05-16 09:09:12.205,31.528,3
Lower/Y north,7490.0,2025-05-17 01:40:15.876,2025-05-17 01:40:40.278,24.402,3
Lower/Y north,7490.0,2025-05-17 04:59:27.600,2025-05-17 04:59:40.215,12.615,2
Lower/Y north,7490.0,2025-05-17 05:33:00.075,2025-05-17 05:33:12.409,12.334,2
Lower/Y north,7901.0,2025-05-17 05:33:24.201,2025-05-17 05:33:59.840,35.639,4
Lower/Y north,7490.0,2025-05-17 05:50:01.943,2025-05-17 05:50:37.588,35.645,4
Lower/Y north,7490.0,2025-05-17 13:45:37.777,2025-05-17 13:45:50.115,12.338,2
Lower/Y north,7901.0,2025-05-18 06:12:58.489,2025-05-18 06:13:21.789,23.3,3
Lower/Y north,7490.0,2025-05-18 06:13:34.128,2025-05-18 06:13:57.984,23.856,3
Lower/Y north,7490.0,2025-05-18 06:29:14.824,2025-05-18 06:29:39.228,24.404,3
Lower/Y north,7490.0,2025-05-18 18:29:02.331,2025-05-18 18:29:26.183,23.852,3
Lower/Y north,7490.0,2025-05-18 18:29:49.768,2025-05-18 18:30:38.025,48.257,5
Lower/Y north,7901.0,2025-05-18 18:44:20.835,2025-05-18 18:44:32.355,11.52,2
Lower/Y north,7490.0,2025-05-18 18:45:31.027,2025-05-18 18:45:43.093,12.066,2
Lower/Y north,7901.0,2025-05-18 19:41:49.976,2025-05-18 19:42:14.102,24.126,3
Lower/Y north,7901.0,2025-05-18 21:09:37.161,2025-05-18 21:10:15.823,38.662,4
Lower/Y north,7490.0,2025-05-19 05:14:37.702,2025-05-19 05:15:14.712,37.01,4
Lower/Y north,7490.0,2025-05-19 05:30:33.743,2025-05-19 05:30:45.801,12.058,2
Lower/Y north,7901.0,2025-05-19 05:30:57.320,2025-05-19 05:31:09.109,11.789,2
Lower/Y north,7490.0,2025-05-19 06:04:05.914,2025-05-19 06:04:18.247,12.333,2
Lower/Y north,7490.0,2025-05-19 06:04:42.101,2025-05-19 06:04:53.888,11.787,2
Lower/Y north,7901.0,2025-05-19 06:55:26.225,2025-05-19 06:55:37.466,11.241,2
Lower/Y north,7490.0,2025-05-19 07:08:37.232,2025-05-19 07:09:37.845,60.613,6
Lower/Y north,7490.0,2025-05-19 12:25:42.861,2025-05-19 12:25:56.021,13.16,2
Lower/Y north,7490.0,2025-05-19 12:36:06.606,2025-05-19 12:36:37.325,30.719,3
Lower/Y north,7490.0,2025-05-19 14:23:24.289,2025-05-19 14:23:47.867,23.578,3
Lower/Y north,7490.0,2025-05-20 01:44:33.038,2025-05-20 01:44:45.650,12.612,2
Lower/Y north,7490.0,2025-05-20 01:45:34.174,2025-05-20 01:45:45.963,11.789,2
Lower/Y north,7901.0,2025-05-20 05:44:22.028,2025-05-20 05:44:34.091,12.063,2
Lower/Y north,7901.0,2025-05-20 05:45:22.071,2025-05-20 05:45:45.925,23.854,3
Lower/Y north,7901.0,2025-05-20 06:08:24.768,2025-05-20 06:08:36.555,11.787,2
Lower/Y north,7490.0,2025-05-20 06:08:48.345,2025-05-20 06:09:47.290,58.945,6
Lower/Y north,7901.0,2025-05-20 09:18:45.549,2025-05-20 09:19:27.768,42.219,4
Lower/Y north,7490.0,2025-05-20 09:20:03.959,2025-05-20 09:20:16.020,12.061,2
Lower/Y north,7901.0,2025-05-20 12:09:41.584,2025-05-20 12:09:54.743,13.159,2
Lower/Y north,7490.0,2025-05-20 12:10:30.670,2025-05-20 12:10:54.794,24.124,3
Lower/Y north,7490.0,2025-05-20 12:11:17.555,2025-05-20 12:11:29.621,12.066,2
Lower/Y north,7901.0,2025-05-20 12:11:41.682,2025-05-20 12:11:54.019,12.337,2
Lower/Y north,7490.0,2025-05-20 13:04:34.690,2025-05-20 13:04:47.304,12.614,2
Lower/Y north,7490.0,2025-05-20 13:05:10.878,2025-05-20 13:05:23.218,12.34,2
Lower/Y north,7901.0,2025-05-20 14:42:22.280,2025-05-20 14:42:46.406,24.126,2
Lower/Y north,7490.0,2025-05-21 01:49:17.075,2025-05-21 01:49:29.414,12.339,2
Lower/Y north,7901.0,2025-05-21 01:49:40.927,2025-05-21 01:49:53.265,12.338,2
Lower/Y north,7490.0,2025-05-21 05:25:37.906,2025-05-21 05:25:50.247,12.341,2
Lower/Y north,7490.0,2025-05-21 06:34:50.002,2025-05-21 06:35:26.192,36.19,4
Lower/Y north,7490.0,2025-05-21 06:47:25.621,2025-05-21 06:47:49.480,23.859,3
Lower/Y north,7901.0,2025-05-21 06:48:00.997,2025-05-21 06:48:12.517,11.52,2
Lower/Y north,7490.0,2025-05-21 09:21:28.010,2025-05-21 09:21:39.799,11.789,2
Lower/Y north,7490.0,2025-05-22 05:05:59.268,2025-05-22 05:06:22.844,23.576,3
Lower/Y north,7490.0,2025-05-22 05:06:47.246,2025-05-22 05:06:58.758,11.512,2
Lower/Y north,7490.0,2025-05-22 05:35:42.776,2025-05-22 05:35:54.851,12.075,2
Lower/Y north,7490.0,2025-05-22 05:48:12.087,2025-05-22 05:48:35.391,23.304,3
Lower/Y north,7490.0,2025-05-22 05:48:59.788,2025-05-22 05:49:11.303,11.515,2
Lower/Y north,7901.0,2025-05-22 05:52:20.787,2025-05-22 05:52:32.816,12.029,2
Lower/Y north,7490.0,2025-05-22 09:23:43.819,2025-05-22 09:23:55.884,12.065,2
Lower/Y north,7490.0,2025-05-22 12:24:34.371,2025-05-22 12:24:54.383,20.012,2
Lower/Y north,7490.0,2025-05-22 12:45:24.887,2025-05-22 12:45:49.015,24.128,3
Lower/Y north,7490.0,2025-05-22 12:46:12.869,2025-05-22 12:46:36.994,24.125,3
Lower/Y north,7490.0,2025-05-22 13:42:31.810,2025-05-22 13:42:43.872,12.062,2
Lower/Y north,7901.0,2025-05-25 23:46:49.400,2025-05-25 23:47:00.918,11.518,2
Lower/Y north,7901.0,2025-05-26 05:31:19.047,2025-05-26 05:31:30.836,11.789,2
Lower/Y north,7490.0,2025-05-26 05:31:42.903,2025-05-26 05:32:18.826,35.923,4
Lower/Y north,7901.0,2025-05-26 05:32:30.888,2025-05-26 05:32:54.741,23.853,3
Lower/Y north,7490.0,2025-05-26 06:42:01.335,2025-05-26 06:42:41.913,40.578,4
Lower/Y north,7901.0,2025-05-26 06:46:07.557,2025-05-26 06:46:19.896,12.339,2
Lower/Y north,7490.0,2025-05-26 09:33:35.011,2025-05-26 09:33:47.345,12.334,2
Lower/Y north,7490.0,2025-05-26 09:48:42.270,2025-05-26 09:50:15.491,93.221,5
Lower/Y north,7490.0,2025-05-26 13:20:18.467,2025-05-26 13:20:53.832,35.365,4
Lower/Y north,7901.0,2025-05-26 13:21:06.446,2025-05-26 13:21:17.961,11.515,2
Lower/Y north,7901.0,2025-05-26 13:45:48.885,2025-05-26 13:46:01.226,12.341,2
Lower/Y north,7901.0,2025-05-26 20:03:34.494,2025-05-26 20:03:47.106,12.612,2
Lower/Y north,7490.0,2025-05-27 05:12:10.933,2025-05-27 05:12:35.063,24.13,3
Lower/Y north,7901.0,2025-05-27 05:12:46.848,2025-05-27 05:13:10.976,24.128,3
Lower/Y north,7901.0,2025-05-27 05:37:34.778,2025-05-27 05:37:58.902,24.124,3
Lower/Y north,7490.0,2025-05-27 05:38:11.237,2025-05-27 05:38:22.753,11.516,2
Lower/Y north,7901.0,2025-05-27 05:48:38.266,2025-05-27 05:49:06.778,28.512,3
Lower/Y north,7490.0,2025-05-27 07:26:34.501,2025-05-27 07:26:58.899,24.398,3
Lower/Y north,7490.0,2025-05-27 13:38:50.802,2025-05-27 13:39:14.931,24.129,3
Lower/Y north,7490.0,2025-05-28 04:53:19.515,2025-05-28 04:53:43.368,23.853,3
Lower/Y north,7490.0,2025-05-28 06:24:41.708,2025-05-28 06:24:54.045,12.337,2
Lower/Y north,7490.0,2025-05-28 06:25:42.030,2025-05-28 06:25:53.819,11.789,2
Lower/Y north,7490.0,2025-05-28 13:25:40.661,2025-05-28 13:25:52.726,12.065,2
Lower/Y north,7490.0,2025-05-28 13:26:16.855,2025-05-28 13:26:28.917,12.062,2
Lower/Y north,7490.0,2025-05-28 13:26:52.771,2025-05-28 13:27:04.839,12.068,2
Lower/Y north,7490.0,2025-05-28 13:57:12.022,2025-05-28 13:57:35.876,23.854,3
Lower/Y north,7490.0,2025-05-28 13:58:00.003,2025-05-28 13:58:11.796,11.793,2
Lower/Y north,7490.0,2025-05-28 18:50:52.659,2025-05-28 18:51:30.220,37.561,3
Lower/Y north,7901.0,2025-05-29 00:50:37.828,2025-05-29 00:51:02.227,24.399,3
Lower/Y north,7901.0,2025-05-29 02:12:52.315,2025-05-29 02:13:14.247,21.932,2
Lower/Y north,7490.0,2025-05-29 04:34:43.412,2025-05-29 04:34:54.929,11.517,2
Lower/Y north,7490.0,2025-05-29 05:26:42.316,2025-05-29 05:27:08.637,26.321,3
Lower/Y north,7490.0,2025-05-29 06:44:55.047,2025-05-29 06:45:18.901,23.854,3
Lower/Y north,7490.0,2025-05-29 07:04:26.605,2025-05-29 07:05:03.618,37.013,4
Lower/Y north,7901.0,2025-05-29 07:05:15.958,2025-05-29 07:05:28.018,12.06,2
Lower/Y north,7490.0,2025-05-29 08:05:36.266,2025-05-29 08:05:48.329,12.063,2
Lower/Y north,7490.0,2025-05-29 12:27:16.697,2025-05-29 12:27:29.309,12.612,2
Lower/Y north,7490.0,2025-05-29 12:58:02.183,2025-05-29 12:58:15.623,13.44,2
Lower/Y north,7490.0,2025-05-29 14:16:07.539,2025-05-29 14:17:07.314,59.775,6
Lower/Y north,7901.0,2025-05-29 21:43:58.281,2025-05-29 21:44:42.697,44.416,5
Lower/Y north,7901.0,2025-05-30 00:53:41.375,2025-05-30 00:54:27.166,45.791,3
Lower/Y north,7901.0,2025-05-30 04:16:25.564,2025-05-30 04:16:37.900,12.336,2
Lower/Y north,7490.0,2025-05-30 04:27:57.433,2025-05-30 04:28:09.493,12.06,2
Lower/Y north,7490.0,2025-05-30 05:59:41.961,2025-05-30 05:59:54.296,12.335,2
Lower/Y north,7490.0,2025-05-30 06:00:17.877,2025-05-30 06:00:29.942,12.065,2
Lower/Y north,7490.0,2025-05-30 13:06:09.162,2025-05-30 13:06:56.867,47.705,5
Lower/Y north,7901.0,2025-05-30 13:07:08.931,2025-05-30 13:07:20.993,12.062,2
Lower/Y north,7490.0,2025-05-30 13:07:32.786,2025-05-30 13:07:44.849,12.063,2
Lower/Y north,7901.0,2025-05-30 14:35:19.371,2025-05-30 14:35:31.441,12.07,2
Lower/Y north,7490.0,2025-05-30 16:52:30.091,2025-05-30 16:52:45.170,15.079,2
Lower/Y north,7490.0,2025-05-30 18:14:27.717,2025-05-30 18:14:58.697,30.98,3
Lower/Y north,7490.0,2025-05-30 23:49:02.522,2025-05-30 23:50:01.192,58.67,2
Lower/Y north,7490.0,2025-05-31 00:59:10.622,2025-05-31 00:59:36.669,26.047,3
Lower/Y north,7901.0,2025-05-31 00:59:49.008,2025-05-31 01:00:00.798,11.79,2
Lower/Y north,7490.0,2025-05-31 01:09:20.384,2025-05-31 01:09:32.723,12.339,2
Lower/Y north,7490.0,2025-05-31 01:09:56.577,2025-05-31 01:10:09.462,12.885,2
Lower/Y north,7901.0,2025-05-31 05:37:47.636,2025-05-31 05:38:23.829,36.193,4
Lower/Y north,7901.0,2025-05-31 05:38:47.956,2025-05-31 05:39:00.015,12.059,2
Lower/Y north,7901.0,2025-05-31 05:39:23.869,2025-05-31 05:39:35.936,12.067,2
Lower/Y north,7490.0,2025-05-31 05:39:47.996,2025-05-31 05:40:00.060,12.064,2
Lower/Y north,7490.0,2025-05-31 06:43:58.234,2025-05-31 06:44:50.873,52.639,2
Lower/Y north,7490.0,2025-05-31 06:53:29.060,2025-05-31 06:54:41.719,72.659,6
Lower/Y north,7901.0,2025-05-31 13:07:29.391,2025-05-31 13:07:40.909,11.518,2
Lower/Y north,7901.0,2025-05-31 13:16:48.169,2025-05-31 13:17:00.780,12.611,2
Lower/Y north,7490.0,2025-05-31 13:17:12.847,2025-05-31 13:17:49.309,36.462,4
Lower/Y north,7490.0,2025-05-31 13:46:56.892,2025-05-31 13:47:32.803,35.911,4
Lower/Y north,7490.0,2025-06-01 01:04:12.649,2025-06-01 01:04:48.839,36.19,4
Lower/Y north,7901.0,2025-06-01 05:19:10.965,2025-06-01 05:19:23.305,12.34,2
Lower/Y north,7490.0,2025-06-01 05:19:34.819,2025-06-01 05:19:58.944,24.125,3
Lower/Y north,7901.0,2025-06-01 05:26:15.938,2025-06-01 05:26:28.283,12.345,2
Lower/Y north,7490.0,2025-06-01 05:40:07.795,2025-06-01 05:40:19.852,12.057,2
Lower/Y north,7490.0,2025-06-01 05:51:03.341,2025-06-01 05:51:15.129,11.788,2
Lower/Y north,7490.0,2025-06-01 05:51:40.361,2025-06-01 05:51:52.969,12.608,2
Lower/Y north,7490.0,2025-06-01 08:08:04.193,2025-06-01 08:09:28.913,84.72,3
Lower/Y north,7901.0,2025-06-01 20:10:16.371,2025-06-01 20:10:29.256,12.885,2
Lower/Y north,7901.0,2025-06-01 21:50:19.668,2025-06-01 21:51:43.561,83.893,6
Lower/Y north,7490.0,2025-06-01 21:52:18.653,2025-06-01 21:52:30.720,12.067,2
Lower/Y north,7901.0,2025-06-01 21:52:42.504,2025-06-01 21:52:54.569,12.065,2
Lower/Y north,7901.0,2025-06-01 21:53:18.698,2025-06-01 21:54:14.354,55.656,6
Lower/Y north,7490.0,2025-06-01 21:54:25.597,2025-06-01 21:55:01.515,35.918,4
Lower/Y north,7901.0,2025-06-01 21:55:13.574,2025-06-01 21:55:25.086,11.512,2
Lower/Y north,7901.0,2025-06-01 21:55:48.939,2025-06-01 21:56:01.004,12.065,2
Lower/Y north,7901.0,2025-06-02 01:08:27.659,2025-06-02 01:08:40.271,12.612,2
Lower/Y north,7901.0,2025-06-02 06:22:43.818,2025-06-02 06:23:07.942,24.124,3
Lower/Y north,7490.0,2025-06-02 06:33:38.276,2025-06-02 06:34:15.017,36.741,4
Lower/Y north,7490.0,2025-06-02 09:48:51.561,2025-06-02 09:49:03.077,11.516,2
Lower/Y north,7901.0,2025-06-02 13:26:46.945,2025-06-02 13:27:10.801,23.856,3
Lower/Y north,7490.0,2025-06-02 13:27:23.138,2025-06-02 13:27:59.062,35.924,4
Lower/Y north,7901.0,2025-06-02 13:53:48.979,2025-06-02 13:54:00.771,11.792,2
Lower/Y north,7490.0,2025-06-02 17:07:49.139,2025-06-02 17:08:29.718,40.579,2
Lower/Y north,7490.0,2025-06-02 18:35:58.031,2025-06-02 18:36:17.779,19.748,2
Lower/Y north,7901.0,2025-06-03 01:13:29.326,2025-06-03 01:13:41.109,11.783,2
Lower/Y north,7490.0,2025-06-03 01:13:52.905,2025-06-03 01:14:17.576,24.671,3
Lower/Y north,7901.0,2025-06-03 02:09:06.046,2025-06-03 02:09:17.832,11.786,2
Lower/Y north,7490.0,2025-06-03 04:41:08.982,2025-06-03 04:41:32.839,23.857,3
Lower/Y north,7490.0,2025-06-03 20:14:54.051,2025-06-03 20:15:19.274,25.223,3
Lower/Y north,7490.0,2025-06-03 20:24:05.680,2025-06-03 20:24:18.019,12.339,2
Lower/Y north,7901.0,2025-06-04 00:54:47.500,2025-06-04 00:55:03.949,16.449,2
Lower/Y north,7901.0,2025-06-04 01:17:42.771,2025-06-04 01:18:11.837,29.066,3
Lower/Y north,7490.0,2025-06-04 04:22:32.926,2025-06-04 04:22:56.775,23.849,3
Lower/Y north,7490.0,2025-06-04 08:20:54.699,2025-06-04 08:21:11.970,17.271,2
Lower/Y north,7490.0,2025-06-04 13:03:50.729,2025-06-04 13:04:15.957,25.228,3
Lower/Y north,7490.0,2025-06-04 13:07:01.831,2025-06-04 13:07:38.849,37.018,4
Lower/Y north,7490.0,2025-06-04 13:08:02.983,2025-06-04 13:08:15.316,12.333,2
Lower/Y north,7490.0,2025-06-04 21:55:55.875,2025-06-04 21:56:12.326,16.451,2
Lower/Y north,7490.0,2025-06-04 23:48:21.687,2025-06-04 23:48:45.545,23.858,3
Lower/Y north,7490.0,2025-06-04 23:50:09.710,2025-06-04 23:50:57.689,47.979,5
Lower/Y north,7901.0,2025-06-04 23:51:09.207,2025-06-04 23:51:32.781,23.574,3
Lower/Y north,7490.0,2025-06-04 23:51:44.573,2025-06-04 23:52:20.487,35.914,4
Lower/Y north,7490.0,2025-06-04 23:53:25.473,2025-06-04 23:53:37.809,12.336,2
Lower/Y north,7490.0,2025-06-04 23:54:01.938,2025-06-04 23:54:38.127,36.189,3
Lower/Y north,7901.0,2025-06-04 23:54:51.290,2025-06-04 23:55:03.905,12.615,2
Lower/Y north,7490.0,2025-06-04 23:55:18.711,2025-06-04 23:55:31.049,12.338,2
Lower/Y north,7490.0,2025-06-05 01:01:25.511,2025-06-05 01:01:37.572,12.061,2
Lower/Y north,7901.0,2025-06-05 01:02:12.398,2025-06-05 01:03:41.503,89.105,9
Lower/Y north,7901.0,2025-06-05 01:04:05.091,2025-06-05 01:05:35.016,89.925,9
Lower/Y north,7901.0,2025-06-05 01:05:58.318,2025-06-05 01:06:20.254,21.936,3
Lower/Y north,7901.0,2025-06-05 01:06:43.013,2025-06-05 01:07:39.489,56.476,6
Lower/Y north,7901.0,2025-06-05 01:08:02.244,2025-06-05 01:08:47.758,45.514,5
Lower/Y north,7490.0,2025-06-05 01:09:22.580,2025-06-05 01:09:34.644,12.064,2
Lower/Y north,7901.0,2025-06-05 01:09:46.161,2025-06-05 01:10:19.333,33.172,4
Lower/Y north,7901.0,2025-06-05 01:10:42.094,2025-06-05 01:11:14.991,32.897,4
Lower/Y north,7901.0,2025-06-05 01:11:38.022,2025-06-05 01:11:48.985,10.963,2
Lower/Y north,7901.0,2025-06-05 01:12:12.021,2025-06-05 01:12:22.990,10.969,2
Lower/Y north,7901.0,2025-06-05 01:13:09.049,2025-06-05 01:13:30.984,21.935,3
Lower/Y north,7901.0,2025-06-05 01:13:54.013,2025-06-05 01:14:38.977,44.964,5
Lower/Y north,7901.0,2025-06-05 01:15:25.586,2025-06-05 01:15:37.100,11.514,2
Lower/Y north,7901.0,2025-06-05 01:16:00.678,2025-06-05 01:16:12.193,11.515,2
Lower/Y north,7490.0,2025-06-05 01:16:23.713,2025-06-05 01:16:47.566,23.853,3
Lower/Y north,7490.0,2025-06-05 01:17:35.543,2025-06-05 01:18:11.730,36.187,4
Lower/Y north,7901.0,2025-06-05 01:18:23.243,2025-06-05 01:18:34.210,10.967,2
Lower/Y north,7490.0,2025-06-05 01:18:46.003,2025-06-05 01:18:57.791,11.788,2
Lower/Y north,7901.0,2025-06-05 01:19:09.852,2025-06-05 01:19:21.914,12.062,2
Lower/Y north,7490.0,2025-06-05 01:19:33.705,2025-06-05 01:19:45.771,12.066,2
Lower/Y north,7490.0,2025-06-05 01:22:25.892,2025-06-05 01:23:13.870,47.978,5
Lower/Y north,7901.0,2025-06-05 01:23:25.932,2025-06-05 01:23:38.272,12.34,2
Lower/Y north,7901.0,2025-06-05 01:28:51.106,2025-06-05 01:32:59.243,248.137,23
Lower/Y north,7901.0,2025-06-05 01:33:55.170,2025-06-05 01:35:01.520,66.35,7
Lower/Y north,7901.0,2025-06-05 01:35:24.274,2025-06-05 01:35:34.969,10.695,2
Lower/Y north,7901.0,2025-06-05 01:35:58.273,2025-06-05 01:36:09.242,10.969,2
Lower/Y north,7901.0,2025-06-05 01:36:31.177,2025-06-05 01:40:02.017,210.84,20
Lower/Y north,7490.0,2025-06-05 05:44:28.008,2025-06-05 05:44:39.796,11.788,2
Lower/Y north,7490.0,2025-06-05 06:41:39.820,2025-06-05 06:42:27.251,47.431,5
Lower/Y north,7901.0,2025-06-05 08:23:54.940,2025-06-05 08:25:01.562,66.622,4
Lower/Y north,7490.0,2025-06-05 09:51:19.069,2025-06-05 09:51:31.130,12.061,2
Lower/Y north,7412.0,2025-06-05 20:19:54.105,2025-06-05 21:12:32.067,3157.962,288
Lower/Y north,7490.0,2025-06-09 02:28:33.013,2025-06-09 02:29:19.891,46.878,2
Lower/Y north,7901.0,2025-06-09 04:28:53.545,2025-06-09 04:29:16.853,23.308,3
Lower/Y north,7490.0,2025-06-09 06:03:13.905,2025-06-09 06:04:05.725,51.82,2
Lower/Y north,7490.0,2025-06-09 08:24:41.145,2025-06-09 08:25:42.015,60.87,3
Lower/Y north,7490.0,2025-06-09 13:07:46.905,2025-06-09 13:08:40.918,54.013,5
Lower/Y north,7490.0,2025-06-10 04:21:36.594,2025-06-10 04:21:49.207,12.613,2
Lower/Y north,7901.0,2025-06-10 05:05:08.750,2025-06-10 05:05:32.876,24.126,3
Lower/Y north,7490.0,2025-06-10 05:51:03.081,2025-06-10 05:51:26.929,23.848,3
Lower/Y north,7901.0,2025-06-10 06:44:54.739,2025-06-10 06:45:07.038,12.299,2
Lower/Y north,7490.0,2025-06-10 16:46:17.122,2025-06-10 16:46:28.913,11.791,2
Lower/Y north,7490.0,2025-06-10 17:31:26.449,2025-06-10 17:31:37.964,11.515,2
Lower/Y north,7490.0,2025-06-10 20:41:38.995,2025-06-10 20:41:50.786,11.791,2
Lower/Y north,7490.0,2025-06-11 01:51:05.045,2025-06-11 01:51:28.901,23.856,3
Lower/Y north,7490.0,2025-06-11 02:11:44.003,2025-06-11 02:11:57.713,13.71,2
Lower/Y north,7901.0,2025-06-11 12:48:51.523,2025-06-11 12:49:02.767,11.244,2
Lower/Y north,7490.0,2025-06-11 13:27:55.127,2025-06-11 13:28:07.192,12.065,2
Lower/Y north,7490.0,2025-06-11 13:28:30.766,2025-06-11 13:28:43.101,12.335,2
Lower/Y north,7490.0,2025-06-11 13:56:11.120,2025-06-11 13:56:23.189,12.069,2
Lower/Y north,7490.0,2025-06-11 20:34:27.139,2025-06-11 20:34:51.541,24.402,3
Lower/Y north,7901.0,2025-06-12 04:56:20.222,2025-06-12 04:56:32.012,11.79,2
Lower/Y north,7490.0,2025-06-12 04:56:43.803,2025-06-12 04:57:57.279,73.476,7
Lower/Y north,7901.0,2025-06-12 05:12:21.444,2025-06-12 05:12:56.809,35.365,4
Lower/Y north,7490.0,2025-06-12 05:13:08.871,2025-06-12 05:13:20.938,12.067,2
Lower/Y north,7901.0,2025-06-12 06:18:34.657,2025-06-12 06:18:47.268,12.611,2
Lower/Y north,7490.0,2025-06-12 06:18:59.056,2025-06-12 06:19:10.847,11.791,2
Lower/Y north,7490.0,2025-06-12 13:28:18.656,2025-06-12 13:28:31.267,12.611,2
Lower/Y north,7901.0,2025-06-12 13:45:40.763,2025-06-12 13:46:29.840,49.077,5
Lower/Y north,7490.0,2025-06-12 20:36:37.079,2025-06-12 20:37:05.044,27.965,3
Lower/Y north,7901.0,2025-06-13 04:53:27.552,2025-06-13 04:53:38.791,11.239,2
Lower/Y north,7490.0,2025-06-13 04:54:15.531,2025-06-13 04:54:26.770,11.239,2
Lower/Y north,7490.0,2025-06-13 05:25:26.730,2025-06-13 05:25:39.069,12.339,2
Lower/Y north,7901.0,2025-06-13 05:26:14.976,2025-06-13 05:26:26.769,11.793,2
Lower/Y north,7490.0,2025-06-13 05:36:25.561,2025-06-13 05:36:37.902,12.341,2
Lower/Y north,7490.0,2025-06-13 06:57:56.714,2025-06-13 06:58:21.120,24.406,3
Lower/Y north,7490.0,2025-06-13 20:48:47.765,2025-06-13 20:48:59.828,12.063,2
Lower/Y north,7901.0,2025-06-13 20:49:36.567,2025-06-13 20:49:59.869,23.302,3
Lower/Y north,7490.0,2025-06-13 20:50:12.208,2025-06-13 20:50:24.543,12.335,2
Lower/Y north,7901.0,2025-06-14 05:58:18.156,2025-06-14 05:58:29.945,11.789,2
Lower/Y north,7901.0,2025-06-14 05:58:53.241,2025-06-14 05:59:04.761,11.52,2
Lower/Y north,7490.0,2025-06-14 13:08:40.783,2025-06-14 13:08:52.851,12.068,2
Lower/Y north,7901.0,2025-06-14 13:09:04.910,2025-06-14 13:09:17.249,12.339,2
Lower/Y north,7490.0,2025-06-14 13:09:29.312,2025-06-14 13:09:52.887,23.575,3
Lower/Y north,7490.0,2025-06-14 14:23:48.158,2025-06-14 14:23:59.949,11.791,2
Lower/Y north,7490.0,2025-06-14 20:41:54.935,2025-06-14 20:42:18.786,23.851,3
Lower/Y north,7490.0,2025-06-15 01:24:29.578,2025-06-15 01:24:52.886,23.308,3
Lower/Y north,7490.0,2025-06-15 05:17:58.877,2025-06-15 05:18:11.760,12.883,2
Lower/Y north,7490.0,2025-06-15 05:57:39.228,2025-06-15 05:57:52.660,13.432,2
Lower/Y north,7490.0,2025-06-15 05:58:18.161,2025-06-15 05:58:42.011,23.85,3
Lower/Y north,7490.0,2025-06-15 06:37:19.314,2025-06-15 06:37:32.475,13.161,2
Lower/Y north,7901.0,2025-06-15 06:38:07.023,2025-06-15 06:38:30.873,23.85,3
Lower/Y north,7490.0,2025-06-15 13:49:13.294,2025-06-15 13:49:50.307,37.013,4
Lower/Y north,7490.0,2025-06-15 17:16:48.521,2025-06-15 17:17:00.857,12.336,2
Lower/Y north,7490.0,2025-06-15 23:48:35.610,2025-06-15 23:49:13.448,37.838,4
Lower/Y north,7901.0,2025-06-16 01:11:05.089,2025-06-16 01:11:17.427,12.338,2
Lower/Y north,7490.0,2025-06-16 05:46:02.846,2025-06-16 05:46:28.616,25.77,3
Lower/Y north,7490.0,2025-06-16 05:46:53.015,2025-06-16 05:47:29.211,36.196,4
Lower/Y north,7901.0,2025-06-16 07:17:26.785,2025-06-16 07:17:38.573,11.788,2
Lower/Y north,7901.0,2025-06-16 08:51:23.949,2025-06-16 08:51:39.302,15.353,2
Lower/Y north,7490.0,2025-06-16 12:49:23.509,2025-06-16 12:49:35.295,11.786,2
Lower/Y north,7901.0,2025-06-16 12:49:47.088,2025-06-16 12:50:23.004,35.916,4
Lower/Y north,7901.0,2025-06-16 13:23:39.809,2025-06-16 13:23:51.874,12.065,2
Lower/Y north,7490.0,2025-06-16 13:24:03.937,2025-06-16 13:24:27.792,23.855,3
Lower/Y north,7901.0,2025-06-16 13:24:39.855,2025-06-16 13:24:51.915,12.06,2
Lower/Y north,7490.0,2025-06-17 05:19:10.405,2025-06-17 05:19:22.201,11.796,2
Lower/Y north,7490.0,2025-06-17 13:41:41.420,2025-06-17 13:43:05.859,84.439,8
Lower/Y north,7490.0,2025-06-18 01:45:06.839,2025-06-18 01:45:18.905,12.066,2
Lower/Y north,7490.0,2025-06-18 04:59:58.534,2025-06-18 05:00:34.174,35.64,4
Lower/Y north,7490.0,2025-06-18 05:28:20.015,2025-06-18 05:28:56.480,36.465,4
Lower/Y north,7490.0,2025-06-18 12:30:24.585,2025-06-18 12:30:49.528,24.943,3
Lower/Y north,7901.0,2025-06-19 05:56:16.513,2025-06-19 05:56:28.853,12.34,2
Lower/Y north,7490.0,2025-06-19 05:56:40.640,2025-06-19 05:56:53.531,12.891,2
Lower/Y north,7901.0,2025-06-19 13:09:28.603,2025-06-19 13:09:41.761,13.158,2
Lower/Y north,7490.0,2025-06-19 13:09:54.098,2025-06-19 13:10:18.230,24.132,3
Lower/Y north,7901.0,2025-06-19 14:19:17.197,2025-06-19 14:19:29.535,12.338,2
Lower/Y north,7490.0,2025-06-19 14:19:42.147,2025-06-19 14:19:54.212,12.065,2
Lower/Y north,7901.0,2025-06-20 06:35:30.749,2025-06-20 06:35:42.259,11.51,2
Lower/Y north,7490.0,2025-06-20 06:35:54.328,2025-06-20 06:36:17.910,23.582,3
Lower/Y north,7490.0,2025-06-20 06:49:25.065,2025-06-20 06:49:36.856,11.791,2
Lower/Y north,7901.0,2025-06-20 09:00:52.255,2025-06-20 09:01:14.467,22.212,2
Lower/Y north,7490.0,2025-06-20 14:38:23.502,2025-06-20 14:38:47.079,23.576999999999998,3
Lower/Y north,7490.0,2025-06-21 01:00:59.246,2025-06-21 01:01:35.983,36.737,4
Lower/Y north,7490.0,2025-06-21 05:48:06.774,2025-06-21 05:48:19.110,12.336,2
Lower/Y north,7901.0,2025-06-21 05:48:30.900,2025-06-21 05:48:42.692,11.792,2
Lower/Y north,7901.0,2025-06-21 05:59:11.641,2025-06-21 05:59:36.040,24.399,3
Lower/Y north,7490.0,2025-06-21 07:14:52.802,2025-06-21 07:15:17.209,24.407,3
Lower/Y north,7901.0,2025-06-21 13:09:30.880,2025-06-21 13:10:07.903,37.023,3
Lower/Y north,7490.0,2025-06-21 13:19:48.867,2025-06-21 13:20:01.477,12.61,2
Lower/Y north,7490.0,2025-06-22 05:25:12.259,2025-06-22 05:25:36.111,23.852,3
Lower/Y north,7901.0,2025-06-22 05:37:02.914,2025-06-22 05:37:15.252,12.338,2
Lower/Y north,7901.0,2025-06-22 06:14:12.799,2025-06-22 06:14:36.927,24.128,3
Lower/Y north,7490.0,2025-06-22 06:14:48.711,2025-06-22 06:15:24.082,35.371,4
Lower/Y north,7490.0,2025-06-22 06:28:31.528,2025-06-22 06:28:44.414,12.886,2
Lower/Y north,7901.0,2025-06-22 09:05:43.344,2025-06-22 09:05:54.313,10.969,2
Lower/Y north,7490.0,2025-06-22 13:29:53.842,2025-06-22 13:30:43.741,49.899,5
Lower/Y north,7901.0,2025-06-22 13:40:28.279,2025-06-22 13:40:40.071,11.792,2
Lower/Y north,7490.0,2025-06-23 05:29:26.769,2025-06-23 05:29:38.834,12.065,2
Lower/Y north,7901.0,2025-06-23 05:29:51.172,2025-06-23 05:30:14.750,23.578,3
Lower/Y north,7490.0,2025-06-23 05:30:26.810,2025-06-23 05:30:50.939,24.129,3
Lower/Y north,7490.0,2025-06-23 12:31:06.708,2025-06-23 12:31:31.937,25.229,3
Lower/Y north,7901.0,2025-06-23 12:31:44.001,2025-06-23 12:31:56.066,12.065,2
Lower/Y north,7490.0,2025-06-23 13:56:11.816,2025-06-23 13:56:24.429,12.613,2
Lower/Y north,7901.0,2025-06-23 13:56:36.219,2025-06-23 13:56:47.729,11.51,2
Lower/Y north,7490.0,2025-06-23 13:57:00.069,2025-06-23 13:57:35.709,35.64,4
Lower/Y north,7490.0,2025-06-23 17:43:20.592,2025-06-23 17:43:33.751,13.159,2
Lower/Y north,7490.0,2025-06-24 00:46:45.078,2025-06-24 00:47:44.031,58.953,2
Lower/Y north,7490.0,2025-06-24 04:47:43.097,2025-06-24 04:48:06.945,23.848,3
Lower/Y north,7490.0,2025-06-25 00:46:11.039,2025-06-25 00:47:13.022,61.983,6
Lower/Y north,7490.0,2025-06-25 00:47:36.872,2025-06-25 00:47:49.482,12.61,2
Lower/Y north,7901.0,2025-06-25 01:19:46.287,2025-06-25 01:19:58.075,11.788,2
Lower/Y north,7490.0,2025-06-25 01:20:33.990,2025-06-25 01:20:46.327,12.337,2
Lower/Y north,7490.0,2025-06-25 05:11:04.224,2025-06-25 05:11:15.737,11.513,2
Lower/Y north,7490.0,2025-06-25 05:21:37.021,2025-06-25 05:21:57.861,20.84,2
Lower/Y north,7901.0,2025-06-25 06:32:40.421,2025-06-25 06:32:52.213,11.792,2
Lower/Y north,7490.0,2025-06-25 06:33:03.726,2025-06-25 06:33:27.026,23.3,3
Lower/Y north,7901.0,2025-06-25 06:33:38.831,2025-06-25 06:34:02.134,23.303,3
Lower/Y north,7490.0,2025-06-25 06:34:13.922,2025-06-25 06:34:25.439,11.517,2
Lower/Y north,7901.0,2025-06-25 06:50:58.992,2025-06-25 06:51:11.066,12.074,2
Lower/Y north,7490.0,2025-06-25 06:51:22.859,2025-06-25 06:51:46.995,24.136,3
Lower/Y north,7490.0,2025-06-25 21:08:45.788,2025-06-25 21:09:09.917,24.129,3
Lower/Y north,7490.0,2025-06-26 01:24:30.785,2025-06-26 01:24:54.911,24.126,3
Lower/Y north,7490.0,2025-06-26 12:51:30.697,2025-06-26 12:51:42.763,12.066,2
Lower/Y north,7901.0,2025-06-27 05:32:25.747,2025-06-27 05:32:37.809,12.062,2
Lower/Y north,7490.0,2025-06-27 06:11:59.476,2025-06-27 06:12:11.542,12.066,2
Lower/Y north,7490.0,2025-06-27 06:12:35.944,2025-06-27 06:12:47.728,11.784,2
Lower/Y north,7901.0,2025-06-27 06:13:22.825,2025-06-27 06:13:34.339,11.514,2
Lower/Y north,7490.0,2025-06-27 06:30:37.541,2025-06-27 06:31:01.945,24.404,3
Lower/Y north,7490.0,2025-06-27 06:31:25.800,2025-06-27 06:31:37.857,12.057,2
Lower/Y north,7490.0,2025-06-28 05:31:21.038,2025-06-28 05:31:57.776,36.738,4
Lower/Y north,7901.0,2025-06-28 05:32:09.839,2025-06-28 05:32:33.694,23.855,3
Lower/Y north,7490.0,2025-06-28 05:32:45.763,2025-06-28 05:33:21.947,36.184,4
Lower/Y north,7490.0,2025-06-28 05:42:34.123,2025-06-28 05:42:57.978,23.855,3
Lower/Y north,7901.0,2025-06-28 06:51:05.303,2025-06-28 06:51:28.879,23.576,3
Lower/Y north,7901.0,2025-06-28 06:51:53.009,2025-06-28 06:52:16.861,23.852,3
Lower/Y north,7490.0,2025-06-28 09:10:32.682,2025-06-28 09:12:12.444,99.762,4
Lower/Y north,7490.0,2025-06-28 09:20:03.177,2025-06-28 09:20:24.285,21.108,2
Lower/Y north,7490.0,2025-06-28 12:31:48.930,2025-06-28 12:32:25.121,36.191,4
Lower/Y north,7901.0,2025-06-28 12:32:36.910,2025-06-28 12:32:48.700,11.79,2
Lower/Y north,7490.0,2025-06-28 12:33:01.313,2025-06-28 12:33:25.164,23.851,3
Lower/Y north,7490.0,2025-06-28 13:52:09.927,2025-06-28 13:53:21.760,71.833,7
Lower/Y north,7490.0,2025-06-28 21:16:10.965,2025-06-28 21:16:22.753,11.788,2
Lower/Y north,7901.0,2025-06-29 01:38:57.896,2025-06-29 01:39:09.687,11.791,2
Lower/Y north,7490.0,2025-06-29 01:39:22.021,2025-06-29 01:39:45.874,23.853,3
Lower/Y north,7490.0,2025-06-29 04:53:34.508,2025-06-29 04:53:45.748,11.24,2
Lower/Y north,7490.0,2025-06-29 04:54:34.005,2025-06-29 04:54:57.858,23.853,3
Lower/Y north,7490.0,2025-06-29 05:06:22.730,2025-06-29 05:06:35.068,12.338,2
Lower/Y north,7490.0,2025-06-29 05:52:17.840,2025-06-29 05:52:29.355,11.515,2
Lower/Y north,7901.0,2025-06-29 06:11:10.156,2025-06-29 06:11:34.006,23.85,3
Lower/Y north,7490.0,2025-06-29 06:11:45.800,2025-06-29 06:12:45.842,60.042,6
Lower/Y north,7490.0,2025-06-29 13:11:13.942,2025-06-29 13:11:37.794,23.852,3
Lower/Y north,7490.0,2025-06-30 05:23:37.870,2025-06-30 05:23:50.212,12.342,2
Lower/Y north,7901.0,2025-06-30 06:30:28.120,2025-06-30 06:30:39.909,11.789,2
Lower/Y north,7490.0,2025-06-30 06:30:51.696,2025-06-30 06:31:03.763,12.067,2
Lower/Y north,7901.0,2025-06-30 14:30:30.152,2025-06-30 14:30:41.671,11.519,2
Lower/Y north,7490.0,2025-07-01 09:27:07.888,2025-07-01 09:27:28.450,20.562,2
Lower/Y north,7490.0,2025-07-01 12:51:41.159,2025-07-01 12:51:52.948,11.789,2
Lower/Y north,7490.0,2025-07-01 13:11:45.579,2025-07-01 13:12:21.769,36.19,4
Lower/Y north,7490.0,2025-07-01 21:23:23.205,2025-07-01 21:23:34.992,11.787,2
Lower/Y north,7490.0,2025-07-02 04:08:46.994,2025-07-02 04:08:59.308,12.314,2
Lower/Y north,7490.0,2025-07-02 04:54:55.297,2025-07-02 04:55:08.181,12.884,2
Lower/Y north,7901.0,2025-07-02 09:29:28.483,2025-07-02 09:29:49.045,20.562,2
Lower/Y north,7901.0,2025-07-02 12:23:37.310,2025-07-02 12:23:57.596,20.286,2
Lower/Y north,7901.0,2025-07-02 16:46:20.488,2025-07-02 16:47:19.435,58.947,3
Lower/Y north,7490.0,2025-07-02 17:20:25.265,2025-07-02 17:20:48.299,23.034,2
Lower/Y north,7901.0,2025-07-03 01:45:20.495,2025-07-03 01:45:42.158,21.663,2
Lower/Y north,7490.0,2025-07-03 01:53:29.096,2025-07-03 01:54:00.067,30.971,2
Lower/Y north,7901.0,2025-07-03 01:56:19.066,2025-07-03 01:56:48.132,29.066,3
Lower/Y north,7490.0,2025-07-04 05:52:03.001,2025-07-04 05:53:32.657,89.656,3
Lower/Y north,7490.0,2025-07-04 06:13:12.139,2025-07-04 06:13:36.544,24.405,3
Lower/Y north,7490.0,2025-07-04 07:47:42.832,2025-07-04 07:47:59.832,17.0,2
Lower/Y north,7901.0,2025-07-04 07:59:39.497,2025-07-04 08:00:35.423,55.926,2
Lower/Y north,7490.0,2025-07-04 08:05:26.041,2025-07-04 08:06:50.212,84.171,4
Lower/Y north,7490.0,2025-07-04 08:15:37.431,2025-07-04 08:16:38.299,60.868,3
Lower/Y north,7490.0,2025-07-04 09:25:08.125,2025-07-04 09:25:25.672,17.547,2
Lower/Y north,7490.0,2025-07-04 09:34:07.699,2025-07-04 09:34:19.760,12.061,2
Lower/Y north,7490.0,2025-07-04 12:29:15.386,2025-07-04 12:30:24.204,68.818,3
Lower/Y north,7490.0,2025-07-05 06:26:14.223,2025-07-05 06:27:09.056,54.833,2
Lower/Y north,7490.0,2025-07-05 06:57:55.060,2025-07-05 06:58:37.826,42.766,2
Lower/Y north,7490.0,2025-07-05 07:55:12.098,2025-07-05 07:56:05.013,52.915,3
Lower/Y north,7490.0,2025-07-05 07:57:18.760,2025-07-05 07:58:09.487,50.727,2
Lower/Y north,7490.0,2025-07-05 09:27:40.251,2025-07-05 09:27:55.325,15.074,2
Lower/Y north,7901.0,2025-07-05 12:50:22.343,2025-07-05 12:50:33.861,11.518,2
Lower/Y north,7901.0,2025-07-07 06:07:42.515,2025-07-07 06:07:54.574,12.059,2
Lower/Y north,7490.0,2025-07-07 06:34:51.949,2025-07-07 06:35:40.203,48.254,5
Lower/Y north,7490.0,2025-07-07 08:00:27.810,2025-07-07 08:01:13.597,45.787,2
Lower/Y north,7490.0,2025-07-07 09:32:38.911,2025-07-07 09:33:38.682,59.771,2
Lower/Y north,7490.0,2025-07-08 06:46:37.191,2025-07-08 06:47:12.005,34.814,4
Lower/Y north,7490.0,2025-07-08 08:01:14.501,2025-07-08 08:02:43.058,88.557,5
Lower/Y north,7490.0,2025-07-08 08:07:22.449,2025-07-08 08:07:56.993,34.544,3
Lower/Y north,7901.0,2025-07-09 06:15:06.135,2025-07-09 06:15:17.921,11.786,2
Lower/Y north,7901.0,2025-07-09 06:15:42.866,2025-07-09 06:16:07.269,24.403,3
Lower/Y north,7490.0,2025-07-09 06:25:57.003,2025-07-09 06:26:09.059,12.056,2
Lower/Y north,7901.0,2025-07-09 07:27:14.201,2025-07-09 07:27:25.168,10.967,2
Lower/Y north,7490.0,2025-07-09 12:57:35.885,2025-07-09 12:57:58.365,22.48,2
Lower/Y north,7901.0,2025-07-09 14:02:45.907,2025-07-09 14:02:58.521,12.614,2
Lower/Y north,7901.0,2025-07-10 09:47:52.196,2025-07-10 09:48:04.532,12.336,2
Lower/Y north,7901.0,2025-07-11 05:56:11.658,2025-07-11 05:56:23.727,12.069,2
Lower/Y north,7490.0,2025-07-12 06:05:15.876,2025-07-12 06:05:27.937,12.061,2
Lower/Y north,7490.0,2025-07-12 06:05:50.967,2025-07-12 06:06:02.763,11.796,2
Lower/Y north,7490.0,2025-07-12 08:17:23.024,2025-07-12 08:17:50.716,27.692,3
Lower/Y north,7490.0,2025-07-12 08:18:14.842,2025-07-12 08:18:40.896,26.054,3
Lower/Y north,7901.0,2025-07-12 13:33:10.901,2025-07-12 13:33:22.969,12.068,2
Lower/Y north,7490.0,2025-07-13 01:08:15.663,2025-07-13 01:08:29.924,14.261,2
Lower/Y north,7490.0,2025-07-13 08:19:51.192,2025-07-13 08:20:10.389,19.197,2
Lower/Y north,7901.0,2025-07-13 08:20:24.369,2025-07-13 08:21:24.135,59.766,2
Lower/Y north,7901.0,2025-07-13 08:22:26.649,2025-07-13 08:23:09.693,43.044,2
Lower/Y north,7490.0,2025-07-13 13:16:37.808,2025-07-13 13:17:05.227,27.419,2
Lower/Y north,7490.0,2025-09-11 01:36:06.645,2025-09-11 01:36:32.692,26.047,2
Lower/Y north,7490.0,2025-09-11 05:06:55.769,2025-09-11 05:07:24.283,28.514,3
Lower/Y north,7490.0,2025-09-11 05:56:07.567,2025-09-11 05:56:22.097,14.53,2
Lower/Y north,7490.0,2025-09-11 21:01:07.798,2025-09-11 21:01:31.648,23.85,3
Lower/Y north,7901.0,2025-09-11 21:01:43.442,2025-09-11 21:02:52.523,69.081,7
Lower/Y north,7901.0,2025-09-12 12:10:05.843,2025-09-12 12:10:17.087,11.244,2
Lower/Y north,7901.0,2025-09-12 13:18:46.371,2025-09-12 13:19:09.104,22.733,3
Lower/Y north,7901.0,2025-09-13 01:15:23.375,2025-09-13 01:15:34.341,10.966,2
Lower/Y north,7490.0,2025-09-13 07:32:25.781,2025-09-13 07:32:38.120,12.339,2
Lower/Y north,7490.0,2025-09-13 11:52:08.651,2025-09-13 11:52:20.983,12.332,2
Lower/Y north,7490.0,2025-09-13 11:55:37.857,2025-09-13 11:56:01.675,23.818,3
Lower/Y north,7901.0,2025-09-13 11:56:12.915,2025-09-13 11:56:59.243,46.328,5
Lower/Y north,7901.0,2025-09-13 11:57:22.550,2025-09-13 11:58:08.330,45.78,5
Lower/Y north,7490.0,2025-09-14 06:35:09.203,2025-09-14 06:35:21.818,12.615,2
Lower/Y north,7490.0,2025-09-14 13:00:06.087,2025-09-14 13:00:32.683,26.596,3
Lower/Y north,7901.0,2025-09-14 17:04:36.820,2025-09-14 17:04:50.524,13.704,2
Lower/Y north,7490.0,2025-09-14 18:52:30.918,2025-09-14 18:52:43.252,12.334,2
Lower/Y north,7901.0,2025-09-14 21:10:24.047,2025-09-14 21:10:35.830,11.783,2
Lower/Y north,7901.0,2025-09-15 06:58:32.030,2025-09-15 06:58:43.273,11.243,2
Lower/Y north,7490.0,2025-09-15 07:01:48.879,2025-09-15 07:02:02.037,13.158,2
Lower/Y north,7901.0,2025-09-15 07:09:26.706,2025-09-15 07:09:48.092,21.386,2
Lower/Y north,7490.0,2025-09-16 03:38:36.545,2025-09-16 03:39:14.927,38.382,3
Lower/Y north,7901.0,2025-09-16 03:39:50.845,2025-09-16 03:40:02.907,12.062,2
Lower/Y north,7490.0,2025-09-16 05:19:36.950,2025-09-16 05:19:49.010,12.06,2
Lower/Y north,7901.0,2025-09-16 09:09:37.684,2025-09-16 09:09:48.928,11.244,2
Lower/Y north,7901.0,2025-09-16 12:37:02.636,2025-09-16 12:37:14.972,12.336,2
Lower/Y north,7490.0,2025-09-22 17:38:04.327,2025-09-22 17:38:15.840,11.513,2
Lower/Y north,7901.0,2025-09-23 05:39:36.673,2025-09-23 05:39:48.192,11.519,2
Lower/Y north,7901.0,2025-09-23 09:10:53.892,2025-09-23 09:11:47.630,53.738,2
Lower/Y north,7901.0,2025-09-23 18:06:31.055,2025-09-23 18:06:53.536,22.481,2
Lower/Y north,7490.0,2025-09-26 05:04:55.800,2025-09-26 05:05:14.433,18.633,2
Lower/Y north,7490.0,2025-09-26 05:26:26.521,2025-09-26 05:26:38.312,11.791,2
Lower/Y north,7490.0,2025-09-26 05:51:34.735,2025-09-26 05:52:15.584,40.849,2
Lower/Y north,7901.0,2025-09-26 05:53:10.420,2025-09-26 05:53:30.988,20.568,2
Lower/Y north,7490.0,2025-09-26 06:09:24.812,2025-09-26 06:09:37.149,12.337,2
Lower/Y north,7901.0,2025-09-26 06:09:48.665,2025-09-26 06:10:32.803,44.138,5
Lower/Y north,7901.0,2025-09-26 06:10:55.557,2025-09-26 06:12:13.694,78.137,8
Lower/Y north,7901.0,2025-09-26 06:12:36.718,2025-09-26 06:13:10.167,33.449,4
Lower/Y north,7901.0,2025-09-26 07:53:48.638,2025-09-26 07:56:13.938,145.3,8
Lower/Y north,7490.0,2025-09-30 09:37:46.713,2025-09-30 09:37:59.324,12.611,2
Lower/Y north,7490.0,2025-09-30 10:26:17.243,2025-09-30 10:26:42.466,25.223,3
Lower/Y north,7490.0,2025-09-30 10:33:57.294,2025-09-30 10:34:09.355,12.061,2
Lower/Y north,7901.0,2025-09-30 10:34:45.268,2025-09-30 10:35:09.394,24.126,3
Lower/Y north,7901.0,2025-09-30 10:35:33.248,2025-09-30 10:35:45.314,12.066,2
Lower/Y north,7490.0,2025-09-30 10:35:57.100,2025-09-30 10:36:21.232,24.132,3
Lower/Y north,7901.0,2025-09-30 10:36:33.297,2025-09-30 10:36:45.084,11.787,2
Lower/Y north,7490.0,2025-09-30 10:36:57.145,2025-09-30 10:38:09.252,72.107,7
Lower/Y north,7901.0,2025-09-30 10:38:21.311,2025-09-30 10:38:45.440,24.129,3
Lower/Y north,7490.0,2025-09-30 10:38:57.222,2025-09-30 10:39:33.412,36.19,4
Lower/Y north,7901.0,2025-09-30 10:39:45.201,2025-09-30 10:39:57.536,12.335,2
Lower/Y north,7490.0,2025-09-30 12:03:06.273,2025-09-30 12:03:18.334,12.061,2
Lower/Y north,7901.0,2025-09-30 12:03:30.128,2025-09-30 12:03:42.185,12.057,2
Lower/Y north,7490.0,2025-09-30 12:03:54.251,2025-09-30 12:04:30.166,35.915,4
Lower/Y north,7490.0,2025-09-30 12:04:54.290,2025-09-30 12:05:18.413,24.123,3
Lower/Y north,7901.0,2025-09-30 12:05:30.474,2025-09-30 12:05:42.270,11.796,2
Lower/Y north,7490.0,2025-09-30 12:05:54.331,2025-09-30 12:06:06.393,12.062,2
Lower/Y north,7490.0,2025-09-30 12:06:30.243,2025-09-30 12:06:54.101,23.858,3
Lower/Y north,7901.0,2025-09-30 12:08:18.266,2025-09-30 12:08:30.328,12.062,2
Lower/Y north,7490.0,2025-09-30 12:09:30.105,2025-09-30 12:09:42.439,12.334,2
Lower/Y north,7452.0,2025-09-30 12:10:45.225,2025-09-30 12:10:57.286,12.061,2
Lower/Y north,7490.0,2025-09-30 12:11:45.262,2025-09-30 12:12:21.182,35.92,4
Lower/Y north,7490.0,2025-09-30 12:12:45.305,2025-09-30 12:13:45.074,59.769,6
Lower/Y north,7490.0,2025-09-30 12:14:09.201,2025-09-30 12:14:21.261,12.06,2
Lower/Y north,7452.0,2025-09-30 12:33:00.684,2025-09-30 12:33:37.145,36.461,4
Lower/Y north,7490.0,2025-09-30 12:34:01.279,2025-09-30 12:35:35.908,94.629,5
Lower/Y north,7901.0,2025-09-30 12:36:12.330,2025-09-30 12:36:24.120,11.79,2
Lower/Y north,7490.0,2025-09-30 12:36:36.184,2025-09-30 12:36:48.248,12.064,2
Lower/Y north,7490.0,2025-09-30 12:37:12.103,2025-09-30 12:37:36.228,24.125,3
Lower/Y north,7901.0,2025-09-30 12:37:48.288,2025-09-30 12:38:12.144,23.856,3
Lower/Y north,7452.0,2025-09-30 13:29:12.651,2025-09-30 13:30:13.241,60.59,6
Lower/Y north,7901.0,2025-09-30 13:30:37.094,2025-09-30 13:30:49.154,12.06,2
Lower/Y north,7901.0,2025-09-30 14:34:59.525,2025-09-30 14:35:38.185,38.66,3
Lower/Y north,7901.0,2025-09-30 15:04:38.894,2025-09-30 15:04:50.920,12.026,2
Lower/Y north,7490.0,2025-09-30 15:05:27.118,2025-09-30 15:05:39.452,12.334,2
Lower/Y north,7901.0,2025-09-30 15:05:51.236,2025-09-30 15:06:16.464,25.228,3
Lower/Y north,7490.0,2025-09-30 15:06:28.254,2025-09-30 15:06:40.318,12.064,2
Lower/Y north,7901.0,2025-09-30 15:06:52.658,2025-09-30 15:07:18.155,25.497,3
Lower/Y north,7490.0,2025-09-30 15:07:30.217,2025-09-30 15:07:42.278,12.061,2
Lower/Y north,7490.0,2025-09-30 15:08:06.131,2025-09-30 15:08:30.255,24.124,3
Lower/Y north,7901.0,2025-09-30 15:08:42.317,2025-09-30 15:09:18.234,35.917,4
Lower/Y north,7490.0,2025-09-30 15:09:30.295,2025-09-30 15:09:42.087,11.792,2
Lower/Y north,7901.0,2025-09-30 15:09:54.427,2025-09-30 15:10:18.276,23.849,3
Lower/Y north,7490.0,2025-09-30 16:16:10.903,2025-09-30 16:16:22.965,12.062,2
Lower/Y north,7901.0,2025-09-30 16:16:34.750,2025-09-30 16:16:46.540,11.79,2
Lower/Y north,7490.0,2025-09-30 16:16:58.334,2025-09-30 16:17:22.461,24.127,3
Lower/Y north,7901.0,2025-09-30 16:17:34.243,2025-09-30 16:17:46.307,12.064,2
Lower/Y north,7901.0,2025-09-30 16:18:10.159,2025-09-30 16:18:22.229,12.07,2
Lower/Y north,7490.0,2025-09-30 16:18:34.286,2025-09-30 16:20:46.166,131.88,12
Lower/Y north,7490.0,2025-09-30 17:00:46.177,2025-09-30 17:00:58.789,12.612,2
Lower/Y north,7490.0,2025-09-30 17:02:10.072,2025-09-30 17:02:22.137,12.065,2
Lower/Y north,7901.0,2025-09-30 17:02:58.326,2025-09-30 17:03:10.113,11.787,2
Lower/Y north,7490.0,2025-09-30 17:03:22.179,2025-09-30 17:03:58.098,35.919,4
Lower/Y north,7490.0,2025-09-30 17:04:22.218,2025-09-30 17:04:34.558,12.34,2
Lower/Y north,7490.0,2025-09-30 17:09:31.200,2025-09-30 17:09:55.325,24.125,3
Lower/Y north,7901.0,2025-09-30 17:10:07.119,2025-09-30 17:10:19.181,12.062,2
Lower/Y north,7490.0,2025-09-30 17:10:31.250,2025-09-30 17:10:55.094,23.844,3
Lower/Y north,7901.0,2025-09-30 17:11:07.165,2025-09-30 17:11:31.295,24.13,3
Lower/Y north,7490.0,2025-09-30 17:11:43.355,2025-09-30 17:11:55.139,11.784,2
Lower/Y north,7452.0,2025-09-30 17:21:41.296,2025-09-30 17:22:29.281,47.985,5
Lower/Y north,7490.0,2025-09-30 17:22:41.066,2025-09-30 17:23:41.109,60.043,6
Lower/Y north,7490.0,2025-09-30 17:24:05.237,2025-09-30 17:24:53.220,47.983,5
Lower/Y north,7490.0,2025-09-30 17:25:17.071,2025-09-30 17:25:29.130,12.059,2
Lower/Y north,7490.0,2025-09-30 17:25:53.260,2025-09-30 17:26:05.324,12.064,2
Lower/Y north,7452.0,2025-09-30 18:01:59.169,2025-09-30 18:03:23.334,84.165,8
Lower/Y north,7490.0,2025-09-30 18:03:35.126,2025-09-30 18:03:47.190,12.064,2
Lower/Y north,7901.0,2025-09-30 18:03:59.254,2025-09-30 18:04:11.309,12.055,2
Lower/Y north,7901.0,2025-09-30 18:04:59.290,2025-09-30 18:05:35.206,35.916,4
Lower/Y north,7490.0,2025-09-30 18:05:47.265,2025-09-30 18:05:59.331,12.066,2
Lower/Y north,7901.0,2025-09-30 18:06:11.125,2025-09-30 18:06:23.188,12.063,2
Lower/Y north,7490.0,2025-09-30 18:06:59.097,2025-09-30 18:07:11.163,12.066,2
Lower/Y north,7901.0,2025-09-30 18:07:23.232,2025-09-30 18:07:35.296,12.064,2
Lower/Y north,7901.0,2025-09-30 18:07:59.145,2025-09-30 18:08:23.267,24.122,3
Lower/Y north,7490.0,2025-09-30 18:08:35.338,2025-09-30 18:08:47.394,12.056,2
Lower/Y north,7490.0,2025-09-30 18:09:35.376,2025-09-30 18:09:47.445,12.069,2
Lower/Y north,7490.0,2025-09-30 18:10:35.139,2025-09-30 18:11:59.310,84.171,8
Lower/Y north,7901.0,2025-09-30 18:12:35.229,2025-09-30 18:12:47.290,12.061,2
Lower/Y north,7490.0,2025-09-30 18:12:59.079,2025-09-30 18:13:11.423,12.344,2
Lower/Y north,7901.0,2025-09-30 18:13:23.210,2025-09-30 18:13:47.059,23.849,3
Lower/Y north,7490.0,2025-09-30 18:14:23.249,2025-09-30 18:14:35.313,12.064,2
Lower/Y north,7490.0,2025-09-30 18:31:15.744,2025-09-30 18:31:40.147,24.403,3
Lower/Y north,7490.0,2025-09-30 18:32:04.269,2025-09-30 18:32:16.335,12.066,2
Lower/Y north,7901.0,2025-09-30 18:32:28.125,2025-09-30 18:32:40.187,12.062,2
Lower/Y north,7901.0,2025-09-30 18:33:04.314,2025-09-30 18:33:16.104,11.79,2
Lower/Y north,7490.0,2025-09-30 18:33:28.167,2025-09-30 18:34:40.272,72.105,7
Lower/Y north,7490.0,2025-09-30 18:36:44.192,2025-09-30 18:37:08.319,24.127,3
Lower/Y north,7901.0,2025-09-30 18:37:20.382,2025-09-30 18:37:32.449,12.067,2
Lower/Y north,7901.0,2025-09-30 19:24:42.114,2025-09-30 19:25:13.919,31.805,3
Lower/Y north,7901.0,2025-10-01 00:28:56.812,2025-10-01 00:29:20.660,23.848,2
Lower/Y north,7490.0,2025-10-01 00:57:46.712,2025-10-01 00:58:01.245,14.533,2
Lower/Y north,7901.0,2025-10-01 09:26:14.662,2025-10-01 09:26:25.629,10.967,2
Lower/Y north,7901.0,2025-10-01 10:00:03.851,2025-10-01 10:00:14.808,10.957,2
Lower/Y north,7452.0,2025-10-01 10:00:27.144,2025-10-01 10:01:27.181,60.037,6
Lower/Y north,7901.0,2025-10-01 10:01:38.697,2025-10-01 10:03:03.961,85.264,8
Lower/Y north,7901.0,2025-10-01 10:03:27.534,2025-10-01 10:03:49.738,22.204,3
Lower/Y north,7490.0,2025-10-01 10:13:34.206,2025-10-01 10:14:00.249,26.043,3
Lower/Y north,7490.0,2025-10-01 10:18:17.935,2025-10-01 10:18:30.276,12.341,2
Lower/Y north,7901.0,2025-10-01 10:18:42.333,2025-10-01 10:18:54.940,12.607,2
Lower/Y north,7490.0,2025-10-01 10:19:07.553,2025-10-01 10:19:31.129,23.576,3
Lower/Y north,7901.0,2025-10-01 10:19:43.190,2025-10-01 10:20:12.799,29.609,3
Lower/Y north,7490.0,2025-10-01 12:41:36.139,2025-10-01 12:41:48.201,12.062,2
Lower/Y north,7901.0,2025-10-01 13:13:40.079,2025-10-01 13:14:04.202,24.123,3
Lower/Y north,7901.0,2025-10-01 14:08:20.184,2025-10-01 14:08:32.243,12.059,2
Lower/Y north,7490.0,2025-10-01 14:33:28.515,2025-10-01 14:33:51.820,23.305,3
Lower/Y north,7901.0,2025-10-01 14:58:53.598,2025-10-01 14:59:26.767,33.169,4
Lower/Y north,7452.0,2025-10-01 15:00:01.036,2025-10-01 15:07:58.862,477.826,41
Lower/Y north,7490.0,2025-10-01 16:41:32.465,2025-10-01 16:42:02.069,29.604,3
Lower/Y north,7901.0,2025-10-01 16:42:14.135,2025-10-01 16:42:30.037,15.902,2
Lower/Y north,7490.0,2025-10-01 21:14:11.031,2025-10-01 21:14:23.094,12.063,2
Lower/Y north,7901.0,2025-10-01 21:42:01.652,2025-10-01 21:42:12.614,10.962,2
Lower/Y north,7452.0,2025-10-01 21:42:36.190,2025-10-01 21:43:12.103,35.913,4
Lower/Y north,7412.0,2025-10-01 21:43:48.287,2025-10-01 21:44:00.078,11.791,2
Lower/Y north,7452.0,2025-10-01 21:44:12.138,2025-10-01 22:23:44.841,2372.703,209
Lower/Y north,7901.0,2025-10-01 22:24:44.055,2025-10-01 22:24:55.569,11.514,2
Lower/Y north,7490.0,2025-10-01 22:25:07.083,2025-10-01 22:25:43.273,36.19,4
Lower/Y north,7490.0,2025-10-01 22:26:07.119,2025-10-01 22:26:19.456,12.337,2
Lower/Y north,7901.0,2025-10-01 22:30:14.666,2025-10-01 22:30:48.662,33.996,4
Lower/Y north,7490.0,2025-10-02 00:44:10.341,2025-10-02 00:44:22.396,12.055,2
Lower/Y north,7490.0,2025-10-02 00:44:45.978,2025-10-02 00:44:58.038,12.06,2
Lower/Y north,7901.0,2025-10-02 00:45:09.281,2025-10-02 00:45:20.527,11.246,2
Lower/Y north,7490.0,2025-10-02 00:45:32.037,2025-10-02 00:45:43.830,11.793,2
Lower/Y north,7901.0,2025-10-02 00:45:55.342,2025-10-02 00:46:17.551,22.209,3
Lower/Y north,7490.0,2025-10-02 00:46:29.063,2025-10-02 00:46:40.852,11.789,2
Lower/Y north,7901.0,2025-10-02 00:46:52.368,2025-10-02 00:47:14.570,22.202,3
Lower/Y north,7901.0,2025-10-02 00:47:37.326,2025-10-02 00:47:48.565,11.239,2
Lower/Y north,7901.0,2025-10-02 00:48:35.447,2025-10-02 00:49:33.289,57.842,6
Lower/Y north,7901.0,2025-10-02 00:49:57.144,2025-10-02 00:50:09.206,12.062,2
Lower/Y north,7901.0,2025-10-02 00:50:32.509,2025-10-02 00:50:55.535,23.026,3
Lower/Y north,7490.0,2025-10-02 00:51:07.053,2025-10-02 00:51:32.265,25.212,3
Lower/Y north,7901.0,2025-10-02 00:57:09.188,2025-10-02 00:57:21.253,12.065,2
Lower/Y north,7901.0,2025-10-02 00:58:07.313,2025-10-02 00:58:53.647,46.334,5
Lower/Y north,7901.0,2025-10-02 00:59:16.674,2025-10-02 01:01:00.582,103.908,10
Lower/Y north,7901.0,2025-10-02 01:01:24.166,2025-10-02 01:01:46.916,22.75,3
Lower/Y north,7901.0,2025-10-02 01:02:10.492,2025-10-02 01:02:21.456,10.964,2
Lower/Y north,7490.0,2025-10-02 01:02:33.523,2025-10-02 01:02:45.036,11.513,2
Lower/Y north,7901.0,2025-10-02 01:02:56.277,2025-10-02 01:03:31.098,34.821,4
Lower/Y north,7901.0,2025-10-02 01:03:54.405,2025-10-02 01:04:06.468,12.063,2
Lower/Y north,7490.0,2025-10-02 01:04:41.561,2025-10-02 01:05:04.867,23.306,3
Lower/Y north,7901.0,2025-10-02 01:07:11.815,2025-10-02 01:07:44.991,33.176,2
Lower/Y north,7901.0,2025-10-02 01:09:20.400,2025-10-02 01:09:31.922,11.522,2
Lower/Y north,7901.0,2025-10-02 02:13:01.748,2025-10-02 02:13:36.840,35.092,2
Lower/Y north,7490.0,2025-10-02 06:38:28.387,2025-10-02 06:38:43.196,14.809,2
Lower/Y north,7412.0,2025-10-02 06:46:01.016,2025-10-02 06:46:48.989,47.973,5
Lower/Y north,7412.0,2025-10-02 06:47:24.902,2025-10-02 06:48:00.819,35.917,4
Lower/Y north,7490.0,2025-10-02 06:48:12.879,2025-10-02 06:48:49.069,36.19,4
Lower/Y north,7901.0,2025-10-02 06:49:00.869,2025-10-02 06:49:12.929,12.06,2
Lower/Y north,7452.0,2025-10-02 06:49:25.001,2025-10-02 06:50:00.910,35.909,4
Lower/Y north,7490.0,2025-10-02 06:50:36.826,2025-10-02 06:50:48.888,12.062,2
Lower/Y north,7490.0,2025-10-02 09:09:20.070,2025-10-02 09:09:57.086,37.016,4
Lower/Y north,7901.0,2025-10-02 11:44:37.871,2025-10-02 11:45:15.160,37.289,3
Lower/Y north,7452.0,2025-10-02 17:19:23.312,2025-10-02 17:20:58.722,95.41,9
Lower/Y north,7452.0,2025-10-02 20:04:14.160,2025-10-02 20:13:14.546,540.386,46
Lower/Y north,7452.0,2025-10-02 20:57:30.398,2025-10-02 21:00:54.649,204.251,18
Lower/Y north,7490.0,2025-10-03 00:08:57.427,2025-10-03 00:09:14.701,17.274,2
Lower/Y north,7490.0,2025-10-03 03:19:41.473,2025-10-03 03:20:05.852,24.379,3
Lower/Y north,7901.0,2025-10-03 03:20:42.036,2025-10-03 03:22:12.780,90.744,4
Lower/Y north,7901.0,2025-10-03 03:30:15.612,2025-10-03 03:30:47.687,32.075,2
Lower/Y north,7901.0,2025-10-03 05:03:30.503,2025-10-03 05:04:38.494,67.991,7
Lower/Y north,7452.0,2025-10-03 05:04:50.829,2025-10-03 05:05:14.955,24.126,3
Lower/Y north,7901.0,2025-10-03 05:05:26.470,2025-10-03 05:08:38.095,191.625,18
Lower/Y north,7901.0,2025-10-03 05:09:01.126,2025-10-03 05:09:44.988,43.862,5
Lower/Y north,7901.0,2025-10-03 05:10:08.291,2025-10-03 05:10:18.986,10.695,2
Lower/Y north,7452.0,2025-10-03 05:10:54.621,2025-10-03 05:11:06.685,12.064,2
Lower/Y north,7900.0,2025-10-03 05:11:18.751,2025-10-03 05:11:41.774,23.023,3
Lower/Y north,7452.0,2025-10-03 05:11:53.565,2025-10-03 05:12:40.715,47.15,5
Lower/Y north,7452.0,2025-10-03 05:13:04.567,2025-10-03 05:22:43.564,578.997,52
Lower/Y north,7900.0,2025-10-03 05:23:17.558,2025-10-03 05:23:28.524,10.966,2
Lower/Y north,7452.0,2025-10-03 05:23:39.766,2025-10-03 05:24:59.269,79.503,8
Lower/Y north,7452.0,2025-10-03 06:14:22.663,2025-10-03 06:15:19.415,56.752,3
Lower/Y north,7901.0,2025-10-06 03:38:57.233,2025-10-06 03:39:14.776,17.543,2
Lower/Y north,7490.0,2025-10-06 06:03:31.272,2025-10-06 06:03:42.515,11.243,2
Lower/Y north,7901.0,2025-10-06 06:03:54.859,2025-10-06 06:04:40.108,45.249,5
Lower/Y north,7490.0,2025-10-06 06:07:36.122,2025-10-06 06:07:47.913,11.791,2
Lower/Y north,7901.0,2025-10-06 06:08:23.822,2025-10-06 06:08:35.886,12.064,2
Lower/Y north,7490.0,2025-10-06 06:08:47.948,2025-10-06 06:09:23.861,35.913,4
Lower/Y north,7901.0,2025-10-06 06:09:35.919,2025-10-06 06:09:59.769,23.85,3
Lower/Y north,7901.0,2025-10-06 06:10:23.899,2025-10-06 06:10:35.957,12.058,2
Lower/Y north,7490.0,2025-10-06 06:10:47.744,2025-10-06 06:11:11.874,24.13,3
Lower/Y north,7901.0,2025-10-06 06:11:23.937,2025-10-06 06:11:47.782,23.845,3
Lower/Y north,7490.0,2025-10-06 06:11:59.850,2025-10-06 06:13:23.733,83.883,8
Lower/Y north,7490.0,2025-10-06 06:13:47.859,2025-10-06 06:13:59.920,12.061,2
Lower/Y north,7490.0,2025-10-06 06:14:46.803,2025-10-06 06:14:58.862,12.059,2
Lower/Y north,7901.0,2025-10-06 06:15:10.927,2025-10-06 06:15:22.987,12.06,2
Lower/Y north,7490.0,2025-10-06 06:15:34.775,2025-10-06 06:16:22.748,47.973,5
Lower/Y north,7490.0,2025-10-06 06:16:46.878,2025-10-06 06:18:22.853,95.975,9
Lower/Y north,7901.0,2025-10-06 07:36:57.001,2025-10-06 07:37:08.792,11.791,2
Lower/Y north,7901.0,2025-10-06 07:37:32.920,2025-10-06 07:37:44.980,12.06,2
Lower/Y north,7901.0,2025-10-06 07:41:54.753,2025-10-06 07:42:42.729,47.976,5
Lower/Y north,7490.0,2025-10-06 07:42:54.799,2025-10-06 07:43:06.863,12.064,2
Lower/Y north,7901.0,2025-10-06 07:43:18.923,2025-10-06 07:43:42.776,23.853,3
Lower/Y north,7490.0,2025-10-06 08:31:47.662,2025-10-06 08:32:13.434,25.772,2
Lower/Y north,7901.0,2025-10-06 09:01:21.664,2025-10-06 09:02:04.153,42.489,2
Lower/Y north,7452.0,2025-10-08 01:35:40.116,2025-10-08 01:37:39.931,119.815,11
Lower/Y north,7490.0,2025-10-09 21:59:07.271,2025-10-09 21:59:24.263,16.992,2
Lower/Y north,7901.0,2025-10-09 22:05:45.073,2025-10-09 22:06:09.469,24.396,3
Lower/Y north,7412.0,2025-10-14 08:59:57.866,2025-10-14 09:00:34.054,36.188,4
Lower/Y north,7452.0,2025-10-14 09:00:45.565,2025-10-14 09:07:56.790,431.225,37
Lower/Y north,7452.0,2025-10-14 09:08:20.919,2025-10-14 09:08:56.828,35.909,4
Lower/Y north,7452.0,2025-10-14 09:09:44.531,2025-10-14 09:11:27.879,103.348,10
Lower/Y north,7490.0,2025-10-14 09:13:15.894,2025-10-14 09:14:03.868,47.974,5
Lower/Y north,7901.0,2025-10-14 09:14:39.783,2025-10-14 09:14:51.840,12.057,2
Lower/Y north,7490.0,2025-10-14 09:15:03.907,2025-10-14 09:15:28.029,24.122,3
Lower/Y north,7901.0,2025-10-14 09:15:39.815,2025-10-14 09:15:51.878,12.063,2
Lower/Y north,7490.0,2025-10-14 09:16:27.791,2025-10-14 09:16:39.849,12.058,2
Lower/Y north,7901.0,2025-10-14 09:16:51.916,2025-10-14 09:17:03.980,12.064,2
Lower/Y north,7490.0,2025-10-14 09:55:03.267,2025-10-14 09:55:50.970,47.703,5
Lower/Y north,7490.0,2025-10-14 09:56:15.095,2025-10-14 09:56:38.946,23.851,3
Lower/Y north,7901.0,2025-10-14 09:57:14.859,2025-10-14 09:57:27.197,12.338,2
Lower/Y north,7901.0,2025-10-14 09:57:51.049,2025-10-14 09:58:03.111,12.062,2
Lower/Y north,7490.0,2025-10-14 09:58:14.897,2025-10-14 09:58:26.960,12.063,2
Lower/Y north,7901.0,2025-10-14 09:58:39.021,2025-10-14 09:59:02.872,23.851,3
Lower/Y north,7490.0,2025-10-14 10:04:01.976,2025-10-14 10:04:14.035,12.059,2
Lower/Y north,7490.0,2025-10-14 10:04:37.887,2025-10-14 10:05:02.014,24.127,3
Lower/Y north,7901.0,2025-10-14 10:27:38.228,2025-10-14 10:29:40.228,122.0,12
Lower/Y north,7490.0,2025-10-14 10:29:52.015,2025-10-14 10:30:04.082,12.067,2
Lower/Y north,7412.0,2025-10-14 10:30:15.321,2025-10-14 10:30:37.253,21.932,3
Lower/Y north,7901.0,2025-10-14 10:30:48.495,2025-10-14 10:33:38.192,169.697,16
Lower/Y north,7901.0,2025-10-14 11:27:18.107,2025-10-14 11:28:50.502,92.395,9
Lower/Y north,7901.0,2025-10-14 11:29:13.537,2025-10-14 11:31:55.576,162.039,15
Lower/Y north,7901.0,2025-10-14 13:01:22.364,2025-10-14 13:01:33.876,11.512,2
Lower/Y north,7490.0,2025-10-14 13:01:45.667,2025-10-14 13:02:32.551,46.884,5
Lower/Y north,7901.0,2025-10-14 13:02:43.793,2025-10-14 13:03:07.098,23.305,3
Lower/Y north,7901.0,2025-10-14 13:03:30.124,2025-10-14 13:03:41.642,11.518,2
Lower/Y north,7901.0,2025-10-14 13:07:51.131,2025-10-14 13:09:12.014,80.883,8
Lower/Y north,7901.0,2025-10-14 13:09:35.321,2025-10-14 13:13:01.507,206.186,19
Lower/Y north,7490.0,2025-10-14 13:13:13.567,2025-10-14 13:13:25.632,12.065,2
Lower/Y north,7901.0,2025-10-14 13:13:37.143,2025-10-14 13:14:10.038,32.895,4
Lower/Y north,7901.0,2025-10-14 13:14:33.615,2025-10-14 13:16:24.101,110.486,11
Lower/Y north,7901.0,2025-10-14 13:16:47.406,2025-10-14 13:20:06.447,199.041,19
Lower/Y north,7901.0,2025-10-14 13:20:28.374,2025-10-14 13:21:23.208,54.834,6
Lower/Y north,7490.0,2025-10-14 13:21:34.721,2025-10-14 13:21:58.572,23.851,3
Lower/Y north,7901.0,2025-10-14 13:22:10.357,2025-10-14 13:28:37.459,387.102,36
Lower/Y north,7901.0,2025-10-14 13:28:59.116,2025-10-14 13:29:42.981,43.865,5
Lower/Y north,7901.0,2025-10-14 13:30:17.249,2025-10-14 13:38:56.215,518.966,48
Lower/Y north,7901.0,2025-10-14 13:39:19.247,2025-10-14 13:41:55.514,156.267,15
Lower/Y north,7490.0,2025-10-14 15:48:32.249,2025-10-14 15:48:43.493,11.244,2
Lower/Y north,7901.0,2025-10-14 15:48:54.457,2025-10-14 15:49:29.003,34.546,4
Lower/Y north,7490.0,2025-10-14 15:49:40.789,2025-10-14 15:49:52.582,11.793,2
Lower/Y north,7490.0,2025-10-14 15:50:16.710,2025-10-14 15:50:28.498,11.788,2
Lower/Y north,7490.0,2025-10-14 15:51:52.937,2025-10-14 15:52:05.271,12.334,2
Lower/Y north,7901.0,2025-10-14 15:52:17.058,2025-10-14 15:53:24.504,67.446,7
Lower/Y north,7901.0,2025-10-14 15:53:47.804,2025-10-14 15:54:11.657,23.853,3
Lower/Y north,7901.0,2025-10-14 15:54:35.234,2025-10-14 15:54:57.710,22.476,3
Lower/Y north,7901.0,2025-10-14 15:55:21.288,2025-10-14 15:57:01.905,100.617,10
Lower/Y north,7412.0,2025-10-14 17:26:08.951,2025-10-14 17:26:32.803,23.852,3
Lower/Y north,7490.0,2025-10-14 17:27:08.995,2025-10-14 17:28:09.033,60.038,6
Lower/Y north,7901.0,2025-10-14 17:28:44.947,2025-10-14 17:29:32.371,47.424,5
Lower/Y north,7490.0,2025-10-14 17:29:43.891,2025-10-14 17:30:08.017,24.126,3
Lower/Y north,7901.0,2025-10-14 17:30:19.806,2025-10-14 17:30:31.868,12.062,2
Lower/Y north,7452.0,2025-10-14 17:31:40.951,2025-10-14 17:32:04.804,23.853,3
Lower/Y north,7490.0,2025-10-14 17:32:16.862,2025-10-14 17:32:28.924,12.062,2
Lower/Y north,7901.0,2025-10-14 17:32:40.988,2025-10-14 17:33:04.842,23.854,3
Lower/Y north,7901.0,2025-10-14 17:33:28.970,2025-10-14 17:33:40.211,11.241,2
Lower/Y north,7490.0,2025-10-14 17:33:51.996,2025-10-14 17:34:04.061,12.065,2
Lower/Y north,7901.0,2025-10-14 17:34:15.026,2025-10-14 17:34:36.958,21.932,3
Lower/Y north,7901.0,2025-10-14 17:34:59.440,2025-10-14 17:36:16.479,77.039,8
Lower/Y north,7901.0,2025-10-14 17:36:39.232,2025-10-14 17:37:12.402,33.17,4
Lower/Y north,7901.0,2025-10-14 17:37:35.439,2025-10-14 17:37:46.682,11.243,2
Lower/Y north,7490.0,2025-10-14 17:37:58.743,2025-10-14 17:38:21.772,23.029,3
Lower/Y north,7901.0,2025-10-14 17:38:33.832,2025-10-14 17:38:45.625,11.793,2
Lower/Y north,7490.0,2025-10-14 17:39:20.716,2025-10-14 17:40:08.141,47.425,5
Lower/Y north,7490.0,2025-10-14 18:25:48.047,2025-10-14 18:25:59.554,11.507,2
Lower/Y north,7901.0,2025-10-14 18:26:09.976,2025-10-14 18:26:55.479,45.503,5
Lower/Y north,7901.0,2025-10-14 18:27:19.609,2025-10-14 18:27:31.125,11.516,2
Lower/Y north,7490.0,2025-10-14 18:27:42.638,2025-10-14 18:28:07.041,24.403,3
Lower/Y north,7901.0,2025-10-14 18:28:20.467,2025-10-14 18:28:31.708,11.241,2
Lower/Y north,7490.0,2025-10-14 18:28:43.778,2025-10-14 18:29:19.684,35.906,4
Lower/Y north,7901.0,2025-10-14 18:29:31.479,2025-10-14 18:29:54.510,23.031,3
Lower/Y north,7901.0,2025-10-16 06:00:32.977,2025-10-16 06:00:56.550,23.573,3
Lower/Y north,7490.0,2025-10-16 06:01:08.612,2025-10-16 06:01:20.400,11.788,2
Lower/Y north,7901.0,2025-10-16 06:01:32.461,2025-10-16 06:04:54.228,201.767,18
Lower/Y north,7901.0,2025-10-16 06:05:29.060,2025-10-16 06:05:40.298,11.238,2
Lower/Y north,7490.0,2025-10-16 06:05:51.813,2025-10-16 06:06:03.602,11.789,2
Lower/Y north,7901.0,2025-10-16 06:06:15.114,2025-10-16 06:06:37.041,21.927,3
Lower/Y north,7901.0,2025-10-16 06:06:59.521,2025-10-16 06:07:21.729,22.208,3
Lower/Y north,7901.0,2025-10-16 06:07:44.214,2025-10-16 06:09:45.110,120.896,12
Lower/Y north,7901.0,2025-10-16 06:10:31.163,2025-10-16 06:11:04.342,33.179,4
Lower/Y north,7901.0,2025-10-16 06:11:36.959,2025-10-16 06:12:10.134,33.175,4
Lower/Y north,7490.0,2025-10-16 06:12:33.710,2025-10-16 06:12:56.738,23.028,3
Lower/Y north,7901.0,2025-10-16 06:13:08.253,2025-10-16 06:13:52.112,43.859,5
Lower/Y north,7901.0,2025-10-16 06:14:15.139,2025-10-16 06:16:40.715,145.576,14
Lower/Y north,7490.0,2025-10-16 10:07:29.490,2025-10-16 10:07:40.997,11.507,2
Lower/Y north,7490.0,2025-10-17 08:33:34.814,2025-10-17 08:33:58.939,24.125,3
Lower/Y north,7490.0,2025-10-17 08:34:22.790,2025-10-17 08:34:34.854,12.064,2
Lower/Y north,7490.0,2025-10-17 10:09:05.545,2025-10-17 10:09:16.781,11.236,2
Lower/Y north,7490.0,2025-10-18 01:46:30.699,2025-10-18 01:46:54.826,24.127,2
Lower/Y north,7490.0,2025-10-19 08:37:24.749,2025-10-19 08:37:37.088,12.339,2
Lower/Y north,7490.0,2025-10-19 10:12:32.110,2025-10-19 10:12:43.627,11.517,2
Lower/Y north,7901.0,2025-10-19 10:13:19.805,2025-10-19 10:13:31.872,12.067,2
Lower/Y north,7490.0,2025-10-19 17:32:08.936,2025-10-19 17:32:20.995,12.059,2
Lower/Y north,7490.0,2025-10-19 18:22:11.093,2025-10-19 18:22:23.157,12.064,2
Lower/Y north,7452.0,2025-10-20 06:50:39.923,2025-10-20 06:51:27.619,47.696,5
Lower/Y north,7901.0,2025-10-20 06:51:39.408,2025-10-20 06:52:14.229,34.821,4
Lower/Y north,7452.0,2025-10-20 06:52:26.017,2025-10-20 06:52:37.804,11.787,2
Lower/Y north,7901.0,2025-10-20 06:53:01.929,2025-10-20 06:53:26.056,24.127,3
Lower/Y north,7490.0,2025-10-20 06:53:37.840,2025-10-20 06:54:01.965,24.125,3
Lower/Y north,7490.0,2025-10-20 06:54:25.822,2025-10-20 06:54:49.945,24.123,3
Lower/Y north,7901.0,2025-10-20 06:55:02.006,2025-10-20 06:55:25.857,23.851,3
Lower/Y north,7490.0,2025-10-20 08:31:50.038,2025-10-20 08:32:50.077,60.039,6
Lower/Y north,7901.0,2025-10-20 08:33:02.138,2025-10-20 08:33:13.928,11.79,2
Lower/Y north,7490.0,2025-10-20 08:33:25.989,2025-10-20 08:34:26.026,60.037,6
Lower/Y north,7901.0,2025-10-20 08:35:26.064,2025-10-20 08:35:38.124,12.06,2
Lower/Y north,7490.0,2025-10-20 08:35:49.916,2025-10-20 08:36:01.977,12.061,2
Lower/Y north,7490.0,2025-10-20 08:36:26.103,2025-10-20 08:36:37.892,11.789,2
Lower/Y north,7490.0,2025-10-20 08:37:02.018,2025-10-20 08:37:13.804,11.786,2
Lower/Y north,7901.0,2025-10-20 08:37:26.137,2025-10-20 08:37:38.202,12.065,2
Lower/Y north,7490.0,2025-10-20 08:37:49.991,2025-10-20 08:38:02.056,12.065,2
Lower/Y north,7901.0,2025-10-20 08:38:13.840,2025-10-20 08:38:26.176,12.336,2
Lower/Y north,7490.0,2025-10-20 08:38:37.963,2025-10-20 08:39:13.876,35.913,4
Lower/Y north,7490.0,2025-10-20 08:39:38.004,2025-10-20 08:40:01.851,23.847,3
Lower/Y north,7901.0,2025-10-20 08:44:48.064,2025-10-20 08:44:59.853,11.789,2
Lower/Y north,7901.0,2025-10-20 08:45:23.978,2025-10-20 08:45:36.040,12.062,2
Lower/Y north,7901.0,2025-10-20 08:46:24.015,2025-10-20 08:46:48.138,24.123,3
Lower/Y north,7490.0,2025-10-20 08:46:59.930,2025-10-20 08:47:24.055,24.125,3
Lower/Y north,7490.0,2025-10-20 08:47:48.177,2025-10-20 08:47:59.965,11.788,2
Lower/Y north,7490.0,2025-10-20 08:48:24.086,2025-10-20 08:50:12.104,108.018,9
Lower/Y north,7490.0,2025-10-20 08:50:35.956,2025-10-20 08:50:48.017,12.061,2
Lower/Y north,7490.0,2025-10-20 08:51:12.142,2025-10-20 08:52:36.031,83.889,8
Lower/Y north,7490.0,2025-10-20 10:06:21.622,2025-10-20 10:06:58.083,36.461,4
Lower/Y north,7490.0,2025-10-20 10:07:21.935,2025-10-20 10:07:58.124,36.189,4
Lower/Y north,7901.0,2025-10-20 10:08:10.189,2025-10-20 10:08:21.974,11.785,2
Lower/Y north,7901.0,2025-10-20 10:09:09.952,2025-10-20 10:09:34.076,24.124,3
Lower/Y north,7901.0,2025-10-20 10:09:57.927,2025-10-20 10:10:21.781,23.854,3
Lower/Y north,7901.0,2025-10-20 10:12:08.147,2025-10-20 10:12:19.113,10.966,2
Lower/Y north,7901.0,2025-10-20 10:12:42.142,2025-10-20 10:12:53.109,10.967,2
Lower/Y north,7490.0,2025-10-20 10:13:04.899,2025-10-20 10:13:16.687,11.788,2
Lower/Y north,7490.0,2025-10-20 10:13:39.985,2025-10-20 10:13:51.777,11.792,2
Lower/Y north,7901.0,2025-10-20 10:14:27.144,2025-10-20 10:15:14.022,46.878,5
Lower/Y north,7901.0,2025-10-20 10:16:00.355,2025-10-20 10:17:29.450,89.095,9
Lower/Y north,7901.0,2025-10-20 10:17:52.206,2025-10-20 10:19:11.165,78.959,8
Lower/Y north,7901.0,2025-10-20 10:19:34.467,2025-10-20 10:21:05.486,91.019,9
Lower/Y north,7901.0,2025-10-20 10:21:28.238,2025-10-20 10:21:39.477,11.239,2
Lower/Y north,7490.0,2025-10-20 10:21:52.089,2025-10-20 10:22:04.147,12.058,2
Lower/Y north,7901.0,2025-10-20 10:22:15.939,2025-10-20 10:24:20.953,125.014,12
Lower/Y north,7901.0,2025-10-20 10:24:44.255,2025-10-20 10:25:28.943,44.688,5
Lower/Y north,7901.0,2025-10-20 10:25:52.517,2025-10-20 10:26:37.755,45.238,5
Lower/Y north,7901.0,2025-10-20 10:27:24.081,2025-10-20 10:27:35.325,11.244,2
Lower/Y north,7901.0,2025-10-20 10:27:58.078,2025-10-20 10:28:09.592,11.514,2
Lower/Y north,7490.0,2025-10-20 10:28:21.653,2025-10-20 10:28:45.503,23.85,3
Lower/Y north,7901.0,2025-10-20 10:28:57.294,2025-10-20 10:29:18.951,21.657,3
Lower/Y north,7490.0,2025-10-20 10:29:30.462,2025-10-20 10:29:42.527,12.065,2
Lower/Y north,7901.0,2025-10-20 10:29:54.319,2025-10-20 10:30:27.216,32.897,4
Lower/Y north,7901.0,2025-10-20 10:30:49.992,2025-10-20 10:31:23.694,33.702,4
Lower/Y north,7901.0,2025-10-20 10:32:09.202,2025-10-20 10:32:31.132,21.93,3
Lower/Y north,7901.0,2025-10-20 10:33:05.125,2025-10-20 10:34:22.165,77.04,8
Lower/Y north,7901.0,2025-10-20 10:34:45.742,2025-10-20 10:34:57.257,11.515,2
Lower/Y north,7901.0,2025-10-20 10:35:19.195,2025-10-20 10:35:30.433,11.238,2
Lower/Y north,7901.0,2025-10-20 10:35:52.367,2025-10-20 10:36:24.990,32.623,4
Lower/Y north,7490.0,2025-10-20 10:36:59.533,2025-10-20 10:37:22.835,23.302,3
Lower/Y north,7901.0,2025-10-20 10:37:57.109,2025-10-20 10:39:05.095,67.986,7
Lower/Y north,7901.0,2025-10-20 10:39:27.300,2025-10-20 10:39:48.959,21.659,3
Lower/Y north,7490.0,2025-10-20 10:40:00.471,2025-10-20 10:40:12.808,12.337,2
Lower/Y north,7901.0,2025-10-20 10:40:24.598,2025-10-20 10:41:53.976,89.378,9
Lower/Y north,7452.0,2025-10-20 10:42:50.999,2025-10-20 10:43:02.788,11.789,2
Lower/Y north,7490.0,2025-10-20 10:43:25.544,2025-10-20 10:43:37.604,12.06,2
Lower/Y north,7901.0,2025-10-20 10:43:49.120,2025-10-20 10:44:44.226,55.106,6
Lower/Y north,7490.0,2025-10-20 10:44:55.465,2025-10-20 10:45:19.864,24.399,3
Lower/Y north,7490.0,2025-10-20 10:46:07.840,2025-10-20 10:46:44.030,36.19,4
Lower/Y north,7901.0,2025-10-20 10:46:55.818,2025-10-20 10:47:19.943,24.125,3
Lower/Y north,7901.0,2025-10-20 10:47:43.791,2025-10-20 10:47:55.853,12.062,2
Lower/Y north,7490.0,2025-10-20 12:03:52.001,2025-10-20 12:04:03.790,11.789,2
Lower/Y north,7901.0,2025-10-20 12:04:16.127,2025-10-20 12:04:27.916,11.789,2
Lower/Y north,7490.0,2025-10-20 12:04:39.712,2025-10-20 12:05:03.835,24.123,3
Lower/Y north,7901.0,2025-10-20 12:05:15.352,2025-10-20 12:05:27.141,11.789,2
Lower/Y north,7901.0,2025-10-20 12:05:50.722,2025-10-20 12:06:26.362,35.64,4
Lower/Y north,7490.0,2025-10-20 12:07:01.735,2025-10-20 12:07:13.255,11.52,2
Lower/Y north,7901.0,2025-10-20 12:07:24.215,2025-10-20 12:08:33.584,69.369,7
Lower/Y north,7490.0,2025-10-20 12:08:45.918,2025-10-20 12:09:10.046,24.128,3
Lower/Y north,7901.0,2025-10-20 12:09:21.835,2025-10-20 12:09:33.899,12.064,2
Lower/Y north,7901.0,2025-10-20 12:10:21.333,2025-10-20 12:10:33.123,11.79,2
Lower/Y north,7490.0,2025-10-20 12:10:44.914,2025-10-20 12:10:56.698,11.784,2
Lower/Y north,7490.0,2025-10-20 12:11:20.826,2025-10-20 12:12:31.833,71.007,7
Lower/Y north,7490.0,2025-10-20 12:12:55.140,2025-10-20 12:13:18.719,23.579,3
Lower/Y north,7490.0,2025-10-20 12:13:42.023,2025-10-20 12:14:05.873,23.85,3
Lower/Y north,7490.0,2025-10-20 13:42:00.825,2025-10-20 13:42:13.166,12.341,2
Lower/Y north,7901.0,2025-10-20 13:42:24.951,2025-10-20 13:42:36.740,11.789,2
Lower/Y north,7490.0,2025-10-20 13:42:48.254,2025-10-20 13:43:11.835,23.581,3
Lower/Y north,7901.0,2025-10-20 13:44:09.683,2025-10-20 13:46:05.112,115.429,11
Lower/Y north,7901.0,2025-10-20 13:46:28.414,2025-10-20 13:48:35.634,127.22,12
Lower/Y north,7901.0,2025-10-20 13:48:58.668,2025-10-20 13:49:44.722,46.054,5
Lower/Y north,7901.0,2025-10-20 13:50:08.580,2025-10-20 13:52:01.529,112.949,11
Lower/Y north,7901.0,2025-10-20 13:52:48.410,2025-10-20 13:53:21.033,32.623,4
Lower/Y north,7901.0,2025-10-20 13:54:08.456,2025-10-20 13:54:31.216,22.76,3
Lower/Y north,7901.0,2025-10-20 13:54:54.243,2025-10-20 13:56:11.004,76.761,8
Lower/Y north,7490.0,2025-10-20 13:56:22.518,2025-10-20 13:56:34.854,12.336,2
Lower/Y north,7452.0,2025-10-20 13:56:57.883,2025-10-20 13:57:22.011,24.128,3
Lower/Y north,7490.0,2025-10-20 17:13:10.259,2025-10-20 17:13:21.499,11.24,2
Lower/Y north,7901.0,2025-10-20 17:13:32.467,2025-10-20 17:15:01.567,89.1,9
Lower/Y north,7901.0,2025-10-20 17:15:24.323,2025-10-20 17:19:05.293,220.97,21
Lower/Y north,7490.0,2025-10-20 17:19:39.561,2025-10-20 17:19:51.626,12.065,2
Lower/Y north,7901.0,2025-10-20 17:20:50.565,2025-10-20 17:21:13.321,22.756,3
Lower/Y north,7901.0,2025-10-20 17:26:21.464,2025-10-20 17:26:43.125,21.661,3
Lower/Y north,7901.0,2025-10-20 19:11:13.526,2025-10-20 19:11:26.409,12.883,2
Lower/Y north,7490.0,2025-10-22 05:39:54.366,2025-10-22 05:40:18.492,24.126,3
Lower/Y north,7490.0,2025-10-22 05:40:43.988,2025-10-22 05:41:07.286,23.298,3
Lower/Y north,7901.0,2025-10-22 05:45:18.682,2025-10-22 05:45:29.375,10.693,2
Lower/Y north,7901.0,2025-10-22 05:45:52.408,2025-10-22 05:46:37.369,44.961,5
Lower/Y north,7901.0,2025-10-22 05:47:00.672,2025-10-22 05:47:11.635,10.963,2
Lower/Y north,7901.0,2025-10-22 05:47:34.661,2025-10-22 05:48:30.865,56.204,6
Lower/Y north,7901.0,2025-10-22 05:48:54.441,2025-10-22 05:49:05.683,11.242,2
Lower/Y north,7901.0,2025-10-22 05:49:27.336,2025-10-22 05:50:01.613,34.277,4
Lower/Y north,7490.0,2025-10-22 05:50:13.126,2025-10-22 05:50:24.909,11.783,2
Lower/Y north,7901.0,2025-10-22 05:50:36.425,2025-10-22 05:50:47.668,11.243,2
Lower/Y north,7901.0,2025-10-22 05:51:10.693,2025-10-22 05:51:32.351,21.658,3
Lower/Y north,7901.0,2025-10-22 05:51:55.382,2025-10-22 05:52:40.070,44.688,5
Lower/Y north,7901.0,2025-10-22 05:53:03.642,2025-10-22 05:53:47.505,43.863,5
Lower/Y north,7901.0,2025-10-22 05:54:21.501,2025-10-22 05:55:05.365,43.864,5
Lower/Y north,7490.0,2025-10-22 05:55:17.425,2025-10-22 05:55:28.943,11.518,2
Lower/Y north,7901.0,2025-10-22 05:55:40.452,2025-10-22 05:56:24.592,44.14,5
Lower/Y north,7901.0,2025-10-22 05:57:10.376,2025-10-22 05:57:32.581,22.205,3
Lower/Y north,7452.0,2025-10-22 05:58:30.145,2025-10-22 05:59:42.525,72.38,7
Lower/Y north,7490.0,2025-10-22 06:00:30.221,2025-10-22 06:00:42.285,12.064,2
Lower/Y north,7901.0,2025-10-22 06:00:54.345,2025-10-22 06:01:06.412,12.067,2
Lower/Y north,7490.0,2025-10-22 06:01:18.471,2025-10-22 06:01:42.329,23.858,3
Lower/Y north,7490.0,2025-10-22 06:02:06.452,2025-10-22 06:02:18.238,11.786,2
Lower/Y north,7901.0,2025-10-22 06:24:19.749,2025-10-22 06:24:43.603,23.854,3
Lower/Y north,7490.0,2025-10-22 06:25:43.640,2025-10-22 06:25:55.701,12.061,2
Lower/Y north,7901.0,2025-10-22 06:26:07.768,2025-10-22 06:26:19.554,11.786,2
Lower/Y north,7490.0,2025-10-22 06:27:43.721,2025-10-22 06:28:07.576,23.855,3
Lower/Y north,7901.0,2025-10-22 06:28:18.813,2025-10-22 06:28:52.263,33.45,4
Lower/Y north,7452.0,2025-10-22 06:35:44.593,2025-10-22 06:40:32.726,288.133,25
Lower/Y north,7452.0,2025-10-22 06:40:56.574,2025-10-22 06:41:32.762,36.188,4
Lower/Y north,7452.0,2025-10-22 06:41:56.338,2025-10-22 06:43:05.695,69.357,7
Lower/Y north,7490.0,2025-10-22 06:43:17.761,2025-10-22 06:43:29.830,12.069,2
Lower/Y north,7490.0,2025-10-22 06:44:17.798,2025-10-22 06:44:41.651,23.853,3
Lower/Y north,7452.0,2025-10-22 06:44:53.713,2025-10-22 06:45:29.630,35.917,4
Lower/Y north,7901.0,2025-10-22 06:45:53.749,2025-10-22 06:46:05.812,12.063,2
Lower/Y north,7490.0,2025-10-22 06:46:17.603,2025-10-22 06:46:41.726,24.123,3
Lower/Y north,7901.0,2025-10-22 06:46:53.790,2025-10-22 06:47:17.637,23.847,3
Lower/Y north,7901.0,2025-10-22 06:47:41.764,2025-10-22 06:47:53.833,12.069,2
Lower/Y north,7490.0,2025-10-22 06:48:05.613,2025-10-22 06:49:41.568,95.955,9
Lower/Y north,7490.0,2025-10-22 08:34:58.983,2025-10-22 08:35:10.773,11.79,2
Lower/Y north,7901.0,2025-10-22 08:35:46.684,2025-10-22 08:36:10.811,24.127,3
Lower/Y north,7490.0,2025-10-22 08:36:46.720,2025-10-22 08:36:58.784,12.064,2
Lower/Y north,7901.0,2025-10-22 08:37:34.697,2025-10-22 08:37:46.759,12.062,2
Lower/Y north,7490.0,2025-10-22 08:37:58.548,2025-10-22 08:38:10.890,12.342,2
Lower/Y north,7490.0,2025-10-22 08:38:58.586,2025-10-22 08:39:10.649,12.063,2
Lower/Y north,7490.0,2025-10-22 08:39:34.771,2025-10-22 08:40:10.684,35.913,4
Lower/Y north,7490.0,2025-10-22 08:40:34.807,2025-10-22 08:40:46.598,11.791,2
Lower/Y north,7490.0,2025-10-22 08:41:10.724,2025-10-22 08:41:46.633,35.909,4
Lower/Y north,7901.0,2025-10-22 08:41:58.694,2025-10-22 08:42:34.610,35.916,4
Lower/Y north,7490.0,2025-10-22 08:42:46.672,2025-10-22 08:43:46.709,60.037,6
Lower/Y north,7490.0,2025-10-22 09:44:01.648,2025-10-22 09:44:13.710,12.062,2
Lower/Y north,7490.0,2025-10-22 09:45:01.688,2025-10-22 09:46:01.727,60.039,6
Lower/Y north,7901.0,2025-10-22 09:46:48.058,2025-10-22 09:47:20.955,32.897,4
Lower/Y north,7901.0,2025-10-22 09:47:44.252,2025-10-22 09:47:55.491,11.239,2
Lower/Y north,7901.0,2025-10-22 09:48:19.621,2025-10-22 09:49:27.885,68.264,7
Lower/Y north,7490.0,2025-10-22 09:49:39.671,2025-10-22 09:49:51.734,12.063,2
Lower/Y north,7901.0,2025-10-22 09:50:03.796,2025-10-22 09:50:27.645,23.849,3
Lower/Y north,7490.0,2025-10-22 09:50:39.710,2025-10-22 09:51:27.685,47.975,5
Lower/Y north,7901.0,2025-10-22 09:51:39.748,2025-10-22 09:52:15.657,35.909,4
Lower/Y north,7490.0,2025-10-22 10:10:38.834,2025-10-22 10:11:26.807,47.973,5
Lower/Y north,7490.0,2025-10-22 10:13:02.758,2025-10-22 10:13:26.612,23.854,3
Lower/Y north,7490.0,2025-10-22 10:13:50.738,2025-10-22 10:14:26.650,35.912,4
Lower/Y north,7490.0,2025-10-22 10:14:50.778,2025-10-22 10:15:14.626,23.848,3
Lower/Y north,7490.0,2025-10-22 10:16:02.599,2025-10-22 10:17:02.635,60.036,6
Lower/Y north,7901.0,2025-10-22 10:17:26.761,2025-10-22 10:17:50.892,24.131,3
Lower/Y north,7490.0,2025-10-22 10:18:02.682,2025-10-22 10:18:14.742,12.06,2
Lower/Y north,7490.0,2025-10-22 11:44:55.629,2025-10-22 11:45:07.690,12.061,2
Lower/Y north,7901.0,2025-10-22 11:46:19.797,2025-10-22 11:46:54.070,34.273,4
Lower/Y north,7490.0,2025-10-22 11:47:06.131,2025-10-22 11:47:30.263,24.132,3
Lower/Y north,7490.0,2025-10-22 11:47:54.662,2025-10-22 11:48:29.484,34.822,4
Lower/Y north,7901.0,2025-10-22 11:48:40.723,2025-10-22 11:48:52.239,11.516,2
Lower/Y north,7901.0,2025-10-22 11:49:16.093,2025-10-22 11:50:37.517,81.424,8
Lower/Y north,7901.0,2025-10-22 11:51:23.301,2025-10-22 11:51:35.366,12.065,2
Lower/Y north,7490.0,2025-10-22 11:51:47.156,2025-10-22 11:52:10.735,23.579,3
Lower/Y north,7901.0,2025-10-22 13:28:15.821,2025-10-22 13:28:38.852,23.031,3
Lower/Y north,7901.0,2025-10-22 16:48:19.956,2025-10-22 16:48:41.887,21.931,3
Lower/Y north,7490.0,2025-10-22 16:48:53.675,2025-10-22 16:49:15.882,22.207,2
Lower/Y north,7901.0,2025-10-22 18:17:50.284,2025-10-22 18:18:06.188,15.904,2
Lower/Y north,7490.0,2025-10-22 18:18:19.895,2025-10-22 18:18:33.329,13.434,2
Lower/Y north,7490.0,2025-10-22 18:18:55.807,2025-10-22 18:19:07.594,11.787,2
Lower/Y north,7490.0,2025-10-22 18:19:31.722,2025-10-22 18:19:56.394,24.672,3
Lower/Y north,7901.0,2025-10-22 18:20:08.456,2025-10-22 18:20:45.469,37.013,4
Lower/Y north,7490.0,2025-10-22 18:40:07.862,2025-10-22 18:40:19.922,12.06,2
Lower/Y north,7901.0,2025-10-22 18:40:32.258,2025-10-22 18:40:43.773,11.515,2
Lower/Y north,7490.0,2025-10-22 18:40:55.833,2025-10-22 18:41:07.898,12.065,2
Lower/Y north,7490.0,2025-10-22 18:50:35.927,2025-10-22 18:50:49.086,13.159,2
Lower/Y north,7490.0,2025-10-22 20:46:46.978,2025-10-22 20:47:10.554,23.576,3
Lower/Y north,7901.0,2025-10-22 22:21:14.674,2025-10-22 22:21:39.895,25.221,3
Lower/Y north,7901.0,2025-10-23 01:37:37.832,2025-10-23 01:37:50.170,12.338,2
Lower/Y north,7490.0,2025-10-23 01:38:49.942,2025-10-23 01:39:01.456,11.514,2
Lower/Y north,7901.0,2025-10-23 01:39:12.970,2025-10-23 01:39:24.210,11.24,2
Lower/Y north,7901.0,2025-10-23 01:40:57.160,2025-10-23 01:41:32.527,35.367,4
Lower/Y north,7490.0,2025-10-23 01:41:44.316,2025-10-23 01:42:07.894,23.578,3
Lower/Y north,7901.0,2025-10-23 01:42:19.135,2025-10-23 01:42:54.228,35.093,4
Lower/Y north,7490.0,2025-10-23 01:44:27.718,2025-10-23 01:44:39.782,12.064,2
Lower/Y north,7901.0,2025-10-23 01:44:51.023,2025-10-23 01:45:25.844,34.821,4
Lower/Y north,7452.0,2025-10-23 01:45:37.905,2025-10-23 01:45:49.697,11.792,2
Lower/Y north,7490.0,2025-10-23 01:46:25.614,2025-10-23 01:46:49.734,24.12,3
Lower/Y north,7490.0,2025-10-23 01:47:37.711,2025-10-23 01:47:49.772,12.061,2
Lower/Y north,7490.0,2025-10-23 02:03:55.389,2025-10-23 02:04:07.728,12.339,2
Lower/Y north,7490.0,2025-10-23 02:04:31.591,2025-10-23 02:05:28.913,57.322,2
Lower/Y north,7490.0,2025-10-24 05:01:29.789,2025-10-24 05:01:53.911,24.122,3
Lower/Y north,7490.0,2025-10-24 05:02:17.765,2025-10-24 05:02:53.679,35.914,4
Lower/Y north,7490.0,2025-10-24 05:03:41.653,2025-10-24 05:04:17.567,35.914,4
Lower/Y north,7490.0,2025-10-24 05:04:41.696,2025-10-24 05:05:41.737,60.041,6
Lower/Y north,7490.0,2025-10-24 05:06:05.587,2025-10-24 05:06:29.707,24.12,3
Lower/Y north,7490.0,2025-10-24 05:14:10.823,2025-10-24 05:14:22.885,12.062,2
Lower/Y north,7490.0,2025-10-24 05:14:46.733,2025-10-24 05:14:58.799,12.066,2
Lower/Y north,7490.0,2025-10-24 06:03:35.740,2025-10-24 06:03:47.799,12.059,2
Lower/Y north,7901.0,2025-10-24 10:21:04.983,2025-10-24 10:21:16.774,11.791,2
Lower/Y north,7901.0,2025-10-24 13:01:56.165,2025-10-24 13:02:07.680,11.515,2
Lower/Y north,7901.0,2025-10-24 13:07:38.032,2025-10-24 13:08:47.398,69.366,7
Lower/Y north,7901.0,2025-10-24 13:09:10.708,2025-10-24 13:12:37.974,207.266,19
Lower/Y north,7901.0,2025-10-24 13:13:01.002,2025-10-24 13:19:58.809,417.807,39
Lower/Y north,7901.0,2025-10-24 13:20:21.839,2025-10-24 13:22:00.807,98.968,10
Lower/Y north,7490.0,2025-10-24 13:22:12.324,2025-10-24 13:22:24.383,12.059,2
Lower/Y north,7901.0,2025-10-24 13:22:35.902,2025-10-24 13:22:59.475,23.573,3
Lower/Y north,7901.0,2025-10-24 13:23:23.054,2025-10-24 13:27:35.814,252.76,24
Lower/Y north,7490.0,2025-10-24 13:27:47.328,2025-10-24 13:28:11.456,24.128,3
Lower/Y north,7901.0,2025-10-24 13:28:22.971,2025-10-24 13:33:08.902,285.931,27
Lower/Y north,7452.0,2025-10-24 13:33:31.943,2025-10-24 13:33:43.734,11.791,2
Lower/Y north,7901.0,2025-10-24 13:33:55.235,2025-10-24 13:41:47.044,471.809,42
Lower/Y north,7901.0,2025-10-24 16:00:01.192,2025-10-24 16:00:57.665,56.473,6
Lower/Y north,7901.0,2025-10-24 16:01:21.786,2025-10-24 16:01:33.851,12.065,2
Lower/Y north,7490.0,2025-10-24 18:29:36.028,2025-10-24 18:29:47.815,11.787,2
Lower/Y north,7490.0,2025-10-24 20:51:40.448,2025-10-24 20:52:04.847,24.399,3
Lower/Y north,7901.0,2025-10-24 20:52:16.635,2025-10-24 20:52:28.972,12.337,2
Lower/Y north,7490.0,2025-10-24 20:52:40.759,2025-10-24 20:53:16.947,36.188,4
Lower/Y north,7901.0,2025-10-24 20:53:28.736,2025-10-24 20:53:44.362,15.626,2
Lower/Y north,7490.0,2025-10-24 20:53:56.975,2025-10-24 20:54:09.037,12.062,2
Lower/Y north,7901.0,2025-10-24 20:58:16.594,2025-10-24 20:58:40.987,24.393,3
Lower/Y north,7490.0,2025-10-24 22:24:23.188,2025-10-24 22:24:36.622,13.434,2
Lower/Y north,7490.0,2025-10-24 23:42:28.441,2025-10-24 23:42:41.055,12.614,2
Lower/Y north,7452.0,2025-10-25 05:08:43.761,2025-10-25 05:09:07.612,23.851,3
Lower/Y north,7490.0,2025-10-25 18:56:49.877,2025-10-25 18:57:14.828,24.951,3
Lower/Y north,7490.0,2025-10-25 18:57:40.598,2025-10-25 18:58:19.254,38.656,4
Lower/Y north,7490.0,2025-10-25 20:42:11.293,2025-10-25 20:42:48.029,36.736,4
Lower/Y north,7901.0,2025-10-25 20:53:25.993,2025-10-25 20:53:48.742,22.749,3
Lower/Y north,7901.0,2025-10-25 20:54:15.614,2025-10-25 20:54:41.926,26.312,3
Lower/Y north,7490.0,2025-10-25 20:54:53.717,2025-10-25 20:55:05.779,12.062,2
Lower/Y north,7901.0,2025-10-25 20:55:17.842,2025-10-25 20:55:41.691,23.849,3
Lower/Y north,7901.0,2025-10-26 00:24:15.078,2025-10-26 00:24:26.832,11.754,2
Lower/Y north,7490.0,2025-10-26 01:58:16.822,2025-10-26 01:58:47.254,30.432,3
Lower/Y north,7490.0,2025-10-26 02:02:43.880,2025-10-26 02:02:55.632,11.752,2
Lower/Y north,7901.0,2025-10-26 04:30:40.934,2025-10-26 04:30:52.721,11.787,2
Lower/Y north,7490.0,2025-10-26 04:31:04.785,2025-10-26 04:31:40.425,35.64,4
Lower/Y north,7901.0,2025-10-26 04:31:51.937,2025-10-26 04:32:03.452,11.515,2
Lower/Y north,7490.0,2025-10-26 04:32:15.789,2025-10-26 04:32:28.949,13.16,2
Lower/Y north,7490.0,2025-10-26 04:38:31.369,2025-10-26 04:38:56.041,24.672,3
Lower/Y north,7490.0,2025-10-26 05:47:25.239,2025-10-26 05:47:50.736,25.497,3
Lower/Y north,7901.0,2025-10-26 05:48:02.798,2025-10-26 05:48:27.201,24.403,3
Lower/Y north,7901.0,2025-10-26 05:49:13.532,2025-10-26 05:49:26.147,12.615,2
Lower/Y north,7490.0,2025-10-26 05:52:44.901,2025-10-26 05:52:56.966,12.065,2
Lower/Y north,7490.0,2025-10-26 05:53:20.546,2025-10-26 05:54:13.178,52.632,5
Lower/Y north,7490.0,2025-10-26 05:54:36.756,2025-10-26 05:55:12.668,35.912,4
Lower/Y north,7901.0,2025-10-26 05:55:24.732,2025-10-26 05:55:37.068,12.336,2
Lower/Y north,7490.0,2025-10-26 05:55:48.578,2025-10-26 05:56:02.286,13.708,2
Lower/Y north,7490.0,2025-10-26 06:14:40.789,2025-10-26 06:15:16.978,36.189,4
Lower/Y north,7901.0,2025-10-26 06:15:51.797,2025-10-26 06:16:03.592,11.795,2
Lower/Y north,7490.0,2025-10-26 06:16:15.650,2025-10-26 06:16:51.294,35.644,4
Lower/Y north,7901.0,2025-10-26 06:17:03.081,2025-10-26 06:17:25.018,21.937,3
Lower/Y north,7490.0,2025-10-26 06:17:36.801,2025-10-26 06:18:00.927,24.126,3
Lower/Y north,7901.0,2025-10-26 06:18:12.169,2025-10-26 06:18:45.610,33.441,4
Lower/Y north,7490.0,2025-10-26 06:18:57.946,2025-10-26 06:19:33.587,35.641,4
Lower/Y north,7901.0,2025-10-26 06:19:45.099,2025-10-26 06:20:20.739,35.64,4
Lower/Y north,7490.0,2025-10-26 06:20:32.801,2025-10-26 06:20:44.866,12.065,2
Lower/Y north,7901.0,2025-10-26 06:20:56.656,2025-10-26 06:21:08.715,12.059,2
Lower/Y north,7490.0,2025-10-26 06:21:20.505,2025-10-26 06:21:56.699,36.194,4
Lower/Y north,7490.0,2025-10-26 07:29:24.707,2025-10-26 07:29:48.837,24.13,3
Lower/Y north,7490.0,2025-10-26 07:30:36.817,2025-10-26 07:31:36.583,59.766,6
Lower/Y north,7901.0,2025-10-26 07:31:48.644,2025-10-26 07:32:00.982,12.338,2
Lower/Y north,7490.0,2025-10-26 07:32:12.769,2025-10-26 07:32:36.621,23.852,3
Lower/Y north,7901.0,2025-10-26 07:32:48.681,2025-10-26 07:33:00.745,12.064,2
Lower/Y north,7901.0,2025-10-26 07:33:27.067,2025-10-26 07:33:38.573,11.506,2
Lower/Y north,7490.0,2025-10-26 08:50:06.971,2025-10-26 08:50:43.434,36.463,3
Lower/Y north,7901.0,2025-10-26 10:15:30.820,2025-10-26 10:15:54.122,23.302,3
Lower/Y north,7490.0,2025-10-26 10:16:29.487,2025-10-26 10:16:53.338,23.851,3
Lower/Y north,7490.0,2025-10-26 10:17:16.641,2025-10-26 10:17:28.979,12.338,2
Lower/Y north,7901.0,2025-10-26 10:18:04.622,2025-10-26 10:18:16.681,12.059,2
Lower/Y north,7901.0,2025-10-26 10:19:03.019,2025-10-26 10:19:14.256,11.237,2
Lower/Y north,7490.0,2025-10-26 12:48:39.284,2025-10-26 12:49:02.038,22.754,3
Lower/Y north,7490.0,2025-10-26 12:49:25.343,2025-10-26 12:49:36.863,11.52,2
Lower/Y north,7901.0,2025-10-26 12:49:48.372,2025-10-26 12:49:59.344,10.972,2
Lower/Y north,7490.0,2025-10-26 12:50:11.403,2025-10-26 12:50:35.809,24.406,3
Lower/Y north,7490.0,2025-10-26 20:55:17.002,2025-10-26 20:55:28.780,11.778,2
Lower/Y north,7490.0,2025-10-27 01:09:20.029,2025-10-27 01:09:31.266,11.237,2
Lower/Y north,7452.0,2025-10-27 04:06:19.451,2025-10-27 04:06:31.784,12.333,2
Lower/Y north,7490.0,2025-10-27 04:06:43.851,2025-10-27 04:07:35.662,51.811,5
Lower/Y north,7452.0,2025-10-27 04:10:57.712,2025-10-27 04:11:33.627,35.915,4
Lower/Y north,7901.0,2025-10-27 04:12:09.810,2025-10-27 04:12:21.598,11.788,2
Lower/Y north,7901.0,2025-10-27 04:12:45.722,2025-10-27 04:13:09.577,23.855,3
Lower/Y north,7490.0,2025-10-27 04:13:21.639,2025-10-27 04:14:09.620,47.981,5
Lower/Y north,7901.0,2025-10-27 04:14:21.679,2025-10-27 04:14:33.745,12.066,2
Lower/Y north,7490.0,2025-10-27 04:14:45.805,2025-10-27 04:15:33.778,47.973,5
Lower/Y north,7490.0,2025-10-27 04:15:57.632,2025-10-27 04:16:21.754,24.122,3
Lower/Y north,7490.0,2025-10-27 04:16:45.606,2025-10-27 04:18:09.768,84.162,8
Lower/Y north,7490.0,2025-10-27 04:18:33.622,2025-10-27 04:18:57.746,24.124,3
Lower/Y north,7901.0,2025-10-27 04:19:09.812,2025-10-27 04:19:21.599,11.787,2
Lower/Y north,7490.0,2025-10-27 04:19:33.662,2025-10-27 04:19:57.783,24.121,3
Lower/Y north,7490.0,2025-10-27 04:20:21.633,2025-10-27 04:20:33.699,12.066,2
Lower/Y north,7490.0,2025-10-27 05:46:17.264,2025-10-27 05:47:29.643,72.379,7
Lower/Y north,7490.0,2025-10-27 05:47:53.769,2025-10-27 05:48:05.831,12.062,2
Lower/Y north,7490.0,2025-10-27 05:48:53.803,2025-10-27 05:49:17.653,23.85,3
Lower/Y north,7490.0,2025-10-27 05:49:41.785,2025-10-27 05:51:17.739,95.954,9
Lower/Y north,7490.0,2025-10-27 08:51:54.330,2025-10-27 08:52:18.732,24.402,3
Lower/Y north,7901.0,2025-10-27 08:52:30.797,2025-10-27 08:53:03.690,32.893,3
Lower/Y north,7490.0,2025-10-27 08:53:16.301,2025-10-27 08:53:27.545,11.244,2
Lower/Y north,7901.0,2025-10-27 08:53:38.785,2025-10-27 08:54:01.814,23.029,3
Lower/Y north,7901.0,2025-10-27 08:54:24.839,2025-10-27 08:54:47.324,22.485,3
Lower/Y north,7901.0,2025-10-27 08:55:08.979,2025-10-27 08:55:42.971,33.992,4
Lower/Y north,7901.0,2025-10-27 08:56:06.547,2025-10-27 08:57:13.994,67.447,7
Lower/Y north,7490.0,2025-10-27 08:57:48.538,2025-10-27 08:58:23.349,34.811,4
Lower/Y north,7901.0,2025-10-27 08:58:56.796,2025-10-27 08:59:19.006,22.21,3
Lower/Y north,7490.0,2025-10-27 09:00:29.737,2025-10-27 09:01:41.840,72.103,7
Lower/Y north,7490.0,2025-10-27 09:52:04.585,2025-10-27 09:52:28.986,24.401,3
Lower/Y north,7490.0,2025-10-27 09:52:52.840,2025-10-27 09:53:28.751,35.911,4
Lower/Y north,7901.0,2025-10-27 09:53:40.811,2025-10-27 09:54:04.666,23.855,3
Lower/Y north,7490.0,2025-10-27 09:54:40.856,2025-10-27 09:54:52.641,11.785,2
Lower/Y north,7490.0,2025-10-27 09:55:16.767,2025-10-27 09:56:04.738,47.971,5
Lower/Y north,7901.0,2025-10-27 09:56:16.804,2025-10-27 09:56:40.109,23.305,3
Lower/Y north,7901.0,2025-10-27 09:57:26.713,2025-10-27 09:57:50.010,23.297,3
Lower/Y north,7901.0,2025-10-27 09:58:13.316,2025-10-27 09:59:01.018,47.702,5
Lower/Y north,7490.0,2025-10-27 09:59:36.389,2025-10-27 09:59:48.721,12.332,2
Lower/Y north,7490.0,2025-10-27 10:01:31.525,2025-10-27 10:01:43.320,11.795,2
Lower/Y north,7901.0,2025-10-27 10:01:55.105,2025-10-27 10:02:17.039,21.934,3
Lower/Y north,7901.0,2025-10-27 10:02:38.972,2025-10-27 10:02:49.934,10.962,2
Lower/Y north,7901.0,2025-10-27 10:03:12.961,2025-10-27 10:03:45.860,32.899,4
Lower/Y north,7901.0,2025-10-27 10:04:09.440,2025-10-27 10:04:44.257,34.817,4
Lower/Y north,7490.0,2025-10-27 10:04:55.495,2025-10-27 10:05:07.832,12.337,2
Lower/Y north,7901.0,2025-10-27 10:05:19.619,2025-10-27 10:05:43.747,24.128,3
Lower/Y north,7490.0,2025-10-27 10:05:55.807,2025-10-27 10:06:31.723,35.916,4
Lower/Y north,7901.0,2025-10-27 20:56:58.793,2025-10-27 20:57:10.585,11.792,2
Lower/Y north,7490.0,2025-10-27 20:57:22.373,2025-10-27 20:58:41.603,79.23,8
Lower/Y north,7901.0,2025-10-27 20:58:53.394,2025-10-27 20:59:16.419,23.025,3
Lower/Y north,7901.0,2025-10-27 20:59:39.173,2025-10-27 20:59:50.413,11.24,2
Lower/Y north,7490.0,2025-10-27 21:00:02.476,2025-10-27 21:00:37.565,35.089,4
Lower/Y north,7490.0,2025-10-27 21:01:01.691,2025-10-27 21:02:48.339,106.648,10
Lower/Y north,7901.0,2025-10-27 21:03:21.782,2025-10-27 21:05:13.908,112.126,11
Lower/Y north,7490.0,2025-10-28 05:27:08.687,2025-10-28 05:27:21.024,12.337,2
Lower/Y north,7490.0,2025-10-28 06:59:05.871,2025-10-28 06:59:59.878,54.007,5
Lower/Y north,7901.0,2025-10-28 20:58:46.469,2025-10-28 20:59:34.719,48.25,5
Lower/Y north,7490.0,2025-10-28 20:59:47.060,2025-10-28 21:00:10.632,23.572,3
Lower/Y north,7490.0,2025-10-28 21:22:44.396,2025-10-28 21:22:57.006,12.61,2
Lower/Y north,7490.0,2025-10-28 21:23:33.194,2025-10-28 21:23:56.769,23.575,3
Lower/Y north,7901.0,2025-10-29 00:07:19.639,2025-10-29 00:07:43.762,24.123,3
Lower/Y north,7901.0,2025-10-29 00:09:19.984,2025-10-29 00:09:49.042,29.058,3
Lower/Y north,7452.0,2025-11-21 10:39:59.715,2025-11-21 10:58:03.979,1084.264,92
Lower/Y north,7490.0,2025-11-21 10:58:15.768,2025-11-21 10:58:39.895,24.127,3
Lower/Y north,7490.0,2025-11-21 10:59:04.015,2025-11-21 10:59:27.864,23.849,3
Lower/Y north,7490.0,2025-11-21 11:00:15.847,2025-11-21 11:00:27.908,12.061,2
Lower/Y north,7490.0,2025-11-21 11:01:14.789,2025-11-21 11:01:50.973,36.184,4
Lower/Y north,7452.0,2025-11-21 11:44:15.925,2025-11-21 11:44:27.715,11.79,2
Lower/Y north,7490.0,2025-11-21 11:48:08.682,2025-11-21 11:48:20.747,12.065,2
Lower/Y north,7490.0,2025-11-21 11:48:45.152,2025-11-21 11:48:56.670,11.518,2
Lower/Y north,7490.0,2025-11-21 11:49:20.255,2025-11-21 11:49:32.042,11.787,2
Lower/Y north,7901.0,2025-11-21 11:49:43.280,2025-11-21 11:50:19.747,36.467,4
Lower/Y north,7901.0,2025-11-21 11:51:05.535,2025-11-21 11:51:40.623,35.088,4
Lower/Y north,7901.0,2025-11-21 11:52:03.157,2025-11-21 11:52:14.898,11.741,2
Lower/Y north,7452.0,2025-11-21 11:52:26.960,2025-11-21 11:52:38.749,11.789,2
Lower/Y north,7452.0,2025-11-21 11:53:02.328,2025-11-21 11:53:13.844,11.516,2
Lower/Y north,7901.0,2025-11-21 11:53:37.965,2025-11-21 11:54:25.942,47.977,5
Lower/Y north,7490.0,2025-11-21 11:54:38.006,2025-11-21 11:55:01.855,23.849,3
Lower/Y north,7490.0,2025-11-21 13:21:26.607,2025-11-21 13:22:27.474,60.867,5
Lower/Y north,7901.0,2025-11-21 13:27:33.700,2025-11-21 13:27:56.459,22.759,3
Lower/Y north,7901.0,2025-11-21 13:28:19.488,2025-11-21 13:29:17.342,57.854,6
Lower/Y north,7490.0,2025-11-21 13:30:04.770,2025-11-21 13:30:40.139,35.369,4
Lower/Y north,7490.0,2025-11-21 13:31:27.842,2025-11-21 13:31:39.908,12.066,2
Lower/Y north,7490.0,2025-11-21 13:32:04.028,2025-11-21 13:32:52.004,47.976,5
Lower/Y north,7901.0,2025-11-21 13:33:04.067,2025-11-21 13:33:15.858,11.791,2
Lower/Y north,7490.0,2025-11-21 13:33:52.046,2025-11-21 13:34:03.833,11.787,2
Lower/Y north,7490.0,2025-11-21 13:34:27.959,2025-11-21 13:34:40.023,12.064,2
Lower/Y north,7490.0,2025-11-21 13:35:03.872,2025-11-21 13:35:40.063,36.191,4
Lower/Y north,7901.0,2025-11-21 13:35:51.024,2025-11-21 13:36:57.920,66.896,7
Lower/Y north,7901.0,2025-11-21 17:13:44.916,2025-11-21 17:14:10.137,25.221,3
Lower/Y north,7490.0,2025-11-21 17:14:22.199,2025-11-21 17:14:33.985,11.786,2
Lower/Y north,7490.0,2025-11-21 17:14:57.564,2025-11-21 17:15:08.529,10.965,2
Lower/Y north,7901.0,2025-11-21 17:15:41.974,2025-11-21 17:15:53.765,11.791,2
Lower/Y north,7901.0,2025-11-21 17:17:03.672,2025-11-21 17:17:26.977,23.305,3
Lower/Y north,7901.0,2025-11-21 17:18:14.403,2025-11-21 17:18:25.369,10.966,2
Lower/Y north,7901.0,2025-11-21 17:18:48.945,2025-11-21 17:19:00.735,11.79,2
Lower/Y north,7490.0,2025-11-21 17:19:12.799,2025-11-21 17:19:24.591,11.792,2
Lower/Y north,7452.0,2025-11-21 17:19:36.919,2025-11-21 17:19:48.713,11.794,2
Lower/Y north,7901.0,2025-11-21 17:20:58.620,2025-11-21 17:21:10.138,11.518,2
Lower/Y north,7901.0,2025-11-21 17:26:25.122,2025-11-21 17:26:36.915,11.793,2
Lower/Y north,7490.0,2025-11-21 20:00:50.500,2025-11-21 20:01:02.014,11.514,2
Lower/Y north,7490.0,2025-11-21 20:56:51.286,2025-11-21 20:57:38.989,47.703,5
Lower/Y north,7901.0,2025-11-21 20:57:54.616,2025-11-21 20:58:20.112,25.496,3
Lower/Y north,7901.0,2025-11-21 21:28:48.923,2025-11-21 21:29:13.596,24.673000000000002,3
Lower/Y north,7490.0,2025-11-21 21:29:24.839,2025-11-21 21:29:50.882,26.043,3
Lower/Y north,7901.0,2025-11-21 22:31:06.952,2025-11-21 22:31:21.761,14.809,2
Lower/Y north,7901.0,2025-11-22 00:08:59.223,2025-11-22 00:09:11.560,12.337,2
Lower/Y north,7490.0,2025-11-22 06:38:41.370,2025-11-22 06:39:17.007,35.637,4
Lower/Y north,7901.0,2025-11-22 06:39:28.794,2025-11-22 06:39:40.859,12.065,2
Lower/Y north,7901.0,2025-11-22 09:36:02.115,2025-11-22 09:36:13.082,10.967,2
Lower/Y north,7490.0,2025-11-23 13:01:09.815,2025-11-23 13:01:33.392,23.576999999999998,3
Lower/Y north,7490.0,2025-11-23 16:48:33.394,2025-11-23 16:48:44.629,11.235,2
Lower/Y north,7901.0,2025-11-23 16:48:56.140,2025-11-23 16:49:18.074,21.934,3
Lower/Y north,7901.0,2025-11-23 16:49:41.376,2025-11-23 16:50:40.318,58.942,5
Lower/Y north,7490.0,2025-11-23 21:31:50.118,2025-11-23 21:32:01.909,11.791,2
Lower/Y north,7490.0,2025-11-24 05:21:05.246,2025-11-24 05:21:42.808,37.562,4
Lower/Y north,7490.0,2025-11-24 06:17:48.789,2025-11-24 06:18:01.129,12.34,2
Lower/Y north,7490.0,2025-11-25 06:56:02.492,2025-11-25 06:56:15.101,12.609,2
Lower/Y north,7901.0,2025-11-25 09:39:56.964,2025-11-25 09:40:15.333,18.369,2
Lower/Y north,7901.0,2025-11-26 05:56:56.772,2025-11-26 05:57:08.287,11.515,2
Lower/Y north,7490.0,2025-11-26 06:01:00.504,2025-11-26 06:01:36.132,35.628,4
Lower/Y north,7901.0,2025-11-27 06:06:58.847,2025-11-27 06:07:10.363,11.516,2
Lower/Y north,7490.0,2025-11-27 06:34:27.039,2025-11-27 06:34:38.825,11.786,2
Lower/Y north,7490.0,2025-11-27 08:53:13.997,2025-11-27 08:53:26.055,12.058,2
Lower/Y north,7490.0,2025-11-27 08:56:12.741,2025-11-27 08:56:25.625,12.884,2
Lower/Y north,7901.0,2025-11-27 12:21:53.265,2025-11-27 12:22:04.781,11.516,2
Lower/Y north,7901.0,2025-11-27 17:14:00.568,2025-11-27 17:14:24.147,23.579,3
Lower/Y north,7490.0,2025-11-27 17:14:39.775,2025-11-27 17:14:59.787,20.012,2
Lower/Y north,7490.0,2025-11-27 19:00:33.139,2025-11-27 19:00:54.524,21.385,2
Lower/Y north,7490.0,2025-11-27 20:47:15.352,2025-11-27 20:47:28.793,13.441,2
Lower/Y north,7901.0,2025-11-27 22:22:21.185,2025-11-27 22:22:34.618,13.433,2
Lower/Y north,7901.0,2025-11-28 00:48:29.839,2025-11-28 00:48:43.545,13.706,2
Lower/Y north,7901.0,2025-11-28 04:06:51.441,2025-11-28 04:08:09.301,77.86,8
Lower/Y north,7490.0,2025-12-01 09:48:49.414,2025-12-01 09:49:13.271,23.857,3
Lower/Y north,7901.0,2025-12-01 09:49:30.817,2025-12-01 09:49:58.234,27.417,3
Lower/Y north,7490.0,2025-12-01 18:17:51.592,2025-12-01 18:18:03.104,11.512,2
Lower/Y north,7901.0,2025-12-01 18:18:37.653,2025-12-01 18:19:34.957,57.304,5
Lower/Y north,7490.0,2025-12-01 21:43:57.536,2025-12-01 21:44:09.601,12.065,2
Lower/Y north,7901.0,2025-12-01 21:44:22.766,2025-12-01 21:44:34.826,12.06,2
Lower/Y north,7901.0,2025-12-02 09:50:18.592,2025-12-02 09:50:50.390,31.798000000000002,2
Lower/Y north,7901.0,2025-12-02 21:45:29.502,2025-12-02 21:45:43.484,13.982,2
Lower/Y north,7490.0,2025-12-02 21:45:55.271,2025-12-02 21:46:07.339,12.068,2
Lower/Y north,7490.0,2025-12-03 07:08:33.087,2025-12-03 07:08:54.743,21.656,2
Lower/Y north,7490.0,2025-12-03 08:51:46.732,2025-12-03 08:52:14.699,27.967,3
Lower/Y north,7490.0,2025-12-03 17:01:40.090,2025-12-03 17:02:11.353,31.263,3
Lower/Y north,7901.0,2025-12-03 17:47:28.296,2025-12-03 17:47:48.312,20.016,2
Lower/Y north,7490.0,2025-12-03 21:47:01.036,2025-12-03 21:47:38.321,37.285,4
Lower/Y north,7490.0,2025-12-04 06:09:05.515,2025-12-04 06:09:17.302,11.787,2
Lower/Y north,7490.0,2025-12-04 07:49:28.517,2025-12-04 07:49:40.311,11.794,2
Lower/Y north,7490.0,2025-12-04 10:01:11.665,2025-12-04 10:01:35.233,23.568,3
Lower/Y north,7490.0,2025-12-04 12:10:36.820,2025-12-04 12:11:00.949,24.129,3
Lower/Y north,7452.0,2025-12-04 12:11:13.289,2025-12-04 12:11:37.142,23.853,3
Lower/Y north,7490.0,2025-12-04 12:11:48.653,2025-12-04 12:12:00.447,11.794,2
Lower/Y north,7490.0,2025-12-04 16:42:36.015,2025-12-04 16:42:48.634,12.619,2
Lower/Y north,7901.0,2025-12-05 09:54:42.858,2025-12-05 09:55:03.971,21.113,2
Lower/Y north,7490.0,2025-12-05 19:12:52.206,2025-12-05 19:13:05.916,13.71,2
Lower/Y north,7901.0,2025-12-05 21:40:15.880,2025-12-05 21:41:07.423,51.543,5
Lower/Y north,7490.0,2025-12-05 21:50:00.962,2025-12-05 21:50:50.586,49.624,5
Lower/Y north,7901.0,2025-12-06 09:26:30.073,2025-12-06 09:26:42.682,12.609,2
Lower/Y north,7490.0,2025-12-06 09:56:09.966,2025-12-06 09:56:29.427,19.461,2
Lower/Y north,7901.0,2025-12-06 21:23:14.478,2025-12-06 21:23:26.268,11.79,2
Lower/Y north,7490.0,2025-12-06 21:51:33.786,2025-12-06 21:52:21.493,47.707,5
Lower/Y north,7490.0,2025-12-06 21:57:42.537,2025-12-06 21:57:54.325,11.788,2
Lower/Y north,7490.0,2025-12-06 21:58:41.210,2025-12-06 21:58:53.275,12.065,2
Lower/Y north,7490.0,2025-12-06 21:59:17.127,2025-12-06 21:59:53.040,35.913,4
Lower/Y north,7901.0,2025-12-06 22:00:29.229,2025-12-06 22:00:41.016,11.787,2
Lower/Y north,7490.0,2025-12-06 22:00:53.353,2025-12-06 22:01:17.208,23.855,3
Lower/Y north,7490.0,2025-12-06 22:01:41.064,2025-12-06 22:01:53.399,12.335,2
Lower/Y north,7490.0,2025-12-07 06:27:23.664,2025-12-07 06:27:47.515,23.851,3
Lower/Y north,7490.0,2025-12-07 06:36:37.483,2025-12-07 06:36:49.274,11.791,2
Lower/Y north,7490.0,2025-12-07 09:09:43.952,2025-12-07 09:09:56.018,12.066,2
Lower/Y north,7490.0,2025-12-07 12:32:10.896,2025-12-07 12:32:35.293,24.397,3
Lower/Y north,7901.0,2025-12-07 12:32:47.356,2025-12-07 12:33:01.064,13.708,2
Lower/Y north,7490.0,2025-12-08 06:00:37.138,2025-12-08 06:01:14.150,37.012,4
Lower/Y north,7490.0,2025-12-08 07:04:01.822,2025-12-08 07:05:01.317,59.495,6
Lower/Y north,7490.0,2025-12-08 09:59:25.249,2025-12-08 09:59:37.310,12.061,2
Lower/Y north,7901.0,2025-12-08 09:59:49.377,2025-12-08 10:00:13.500,24.123,3
Lower/Y north,7901.0,2025-12-08 10:00:39.271,2025-12-08 10:00:52.710,13.439,2
Lower/Y north,7490.0,2025-12-08 10:27:57.450,2025-12-08 10:28:09.236,11.786,2
Lower/Y north,7490.0,2025-12-08 13:00:38.342,2025-12-08 13:00:49.860,11.518,2
Lower/Y north,7490.0,2025-12-08 13:01:12.893,2025-12-08 13:01:24.697,11.804,2
Lower/Y north,7490.0,2025-12-09 05:41:21.636,2025-12-09 05:41:57.279,35.643,4
Lower/Y north,7901.0,2025-12-09 06:04:51.155,2025-12-09 06:05:03.495,12.34,2
Lower/Y north,7901.0,2025-12-09 07:44:15.733,2025-12-09 07:44:52.465,36.732,4
Lower/Y north,7490.0,2025-12-09 10:00:36.177,2025-12-09 10:00:48.243,12.066,2
Lower/Y north,7901.0,2025-12-09 10:09:49.184,2025-12-09 10:10:13.586,24.402,3
Lower/Y north,7490.0,2025-12-09 10:10:25.382,2025-12-09 10:10:37.443,12.061,2
Lower/Y north,7490.0,2025-12-09 21:55:59.324,2025-12-09 21:56:12.481,13.157,2
Lower/Y north,7901.0,2025-12-09 21:56:24.818,2025-12-09 21:56:37.155,12.337,2
Lower/Y north,7490.0,2025-12-09 22:05:19.180,2025-12-09 22:05:31.244,12.064,2
Lower/Y north,7901.0,2025-12-10 01:48:17.400,2025-12-10 01:48:34.951,17.551,2
Lower/Y north,7490.0,2025-12-10 06:34:29.553,2025-12-10 06:34:41.613,12.06,2
Lower/Y north,7490.0,2025-12-10 06:42:14.538,2025-12-10 06:42:26.330,11.792,2
Lower/Y north,7490.0,2025-12-10 06:42:50.454,2025-12-10 06:43:02.517,12.063,2
Lower/Y north,7490.0,2025-12-10 07:11:25.647,2025-12-10 07:12:03.209,37.562,4
Lower/Y north,7901.0,2025-12-10 08:33:38.484,2025-12-10 08:33:50.272,11.788,2
Lower/Y north,7490.0,2025-12-10 08:34:02.341,2025-12-10 08:34:14.402,12.061,2
Lower/Y north,7901.0,2025-12-10 08:34:26.193,2025-12-10 08:34:38.253,12.06,2
Lower/Y north,7490.0,2025-12-10 08:34:50.594,2025-12-10 08:35:14.440,23.846,3
Lower/Y north,7490.0,2025-12-10 08:36:02.429,2025-12-10 08:36:15.040,12.611,2
Lower/Y north,7490.0,2025-12-10 13:32:05.402,2025-12-10 13:32:26.238,20.836,2
Lower/Y north,7901.0,2025-12-10 20:24:09.059,2025-12-10 20:24:21.676,12.617,2
Lower/Y north,7490.0,2025-12-10 20:25:44.483,2025-12-10 20:25:56.272,11.789,2
Lower/Y north,7490.0,2025-12-10 21:57:54.501,2025-12-10 21:58:06.288,11.787,2
Lower/Y north,7490.0,2025-12-10 23:56:02.054,2025-12-10 23:57:37.724,95.67,5
Lower/Y north,7901.0,2025-12-10 23:58:14.460,2025-12-10 23:58:31.188,16.728,2
Lower/Y north,7490.0,2025-12-11 00:12:27.394,2025-12-11 00:13:15.648,48.254,5
Lower/Y north,7901.0,2025-12-11 05:03:10.356,2025-12-11 05:03:22.693,12.337,2
Lower/Y north,7490.0,2025-12-11 05:03:34.204,2025-12-11 05:03:46.270,12.066,2
Lower/Y north,7490.0,2025-12-11 05:08:55.571,2025-12-11 05:09:19.384,23.813,3
Lower/Y north,7901.0,2025-12-11 05:15:19.364,2025-12-11 05:15:31.974,12.61,2
Lower/Y north,7490.0,2025-12-11 05:15:45.679,2025-12-11 05:15:57.198,11.519,2
Lower/Y north,7490.0,2025-12-11 05:44:09.363,2025-12-11 05:44:34.865,25.502,3
Lower/Y north,7901.0,2025-12-11 08:25:18.965,2025-12-11 08:25:43.368,24.403,3
Lower/Y north,7901.0,2025-12-11 10:03:16.289,2025-12-11 10:03:27.808,11.519,2
Lower/Y north,7490.0,2025-12-11 11:59:35.324,2025-12-11 11:59:54.511,19.187,2
Lower/Y north,7490.0,2025-12-11 13:36:33.316,2025-12-11 13:37:15.538,42.222,4
Lower/Y north,7490.0,2025-12-11 18:08:06.369,2025-12-11 18:08:52.960,46.591,3
Lower/Y north,7490.0,2025-12-11 21:59:21.663,2025-12-11 21:59:45.240,23.576999999999998,3
Lower/Y north,7901.0,2025-12-12 01:34:36.246,2025-12-12 01:34:48.310,12.064,2
Lower/Y north,7490.0,2025-12-12 01:35:00.372,2025-12-12 01:35:12.728,12.356,2
Lower/Y north,7901.0,2025-12-12 04:44:06.644,2025-12-12 04:44:18.705,12.061,2
Lower/Y north,7901.0,2025-12-12 04:45:06.410,2025-12-12 04:45:18.200,11.79,2
Lower/Y north,7490.0,2025-12-12 06:21:01.525,2025-12-12 06:21:14.685,13.16,2
Lower/Y north,7901.0,2025-12-13 01:38:59.162,2025-12-13 01:39:11.223,12.061,2
Lower/Y north,7490.0,2025-12-13 01:39:24.107,2025-12-13 01:39:36.450,12.343,2
Lower/Y north,7490.0,2025-12-13 06:07:29.973,2025-12-13 06:07:42.312,12.339,2
Lower/Y north,7901.0,2025-12-13 12:09:23.823,2025-12-13 12:09:46.859,23.036,2
Lower/Y north,7901.0,2025-12-13 13:36:43.990,2025-12-13 13:37:08.387,24.397,3
Lower/Y north,7490.0,2025-12-13 13:37:20.450,2025-12-13 13:37:32.242,11.792,2
Lower/Y north,7901.0,2025-12-13 13:45:08.185,2025-12-13 13:45:30.666,22.481,2
Lower/Y north,7490.0,2025-12-13 17:14:48.772,2025-12-13 17:15:24.417,35.645,3
Lower/Y north,7901.0,2025-12-13 19:24:43.100,2025-12-13 19:24:55.161,12.061,2
Lower/Y north,7490.0,2025-12-13 19:25:07.229,2025-12-13 19:25:26.693,19.464,2
Lower/Y north,7901.0,2025-12-13 22:01:51.712,2025-12-13 22:02:03.228,11.516,2
Lower/Y north,7490.0,2025-12-13 22:02:39.416,2025-12-13 22:02:51.479,12.063,2
Lower/Y north,7490.0,2025-12-14 05:48:03.454,2025-12-14 05:48:15.516,12.062,2
Lower/Y north,7901.0,2025-12-14 06:00:20.131,2025-12-14 06:00:31.372,11.241,2
Lower/Y north,7901.0,2025-12-14 08:29:59.807,2025-12-14 08:30:29.417,29.61,3
Lower/Y north,7490.0,2025-12-14 18:25:44.505,2025-12-14 18:26:22.336,37.831,2
Lower/Y north,7901.0,2025-12-19 06:05:47.024,2025-12-19 06:05:59.638,12.614,2
Lower/Y north,7490.0,2025-12-19 07:34:54.836,2025-12-19 07:35:06.349,11.513,2
Lower/Y north,7490.0,2025-12-19 22:10:33.933,2025-12-19 22:10:45.448,11.515,2
Lower/Y north,7901.0,2025-12-20 00:34:33.667,2025-12-20 00:34:45.731,12.064,2
Lower/Y north,7490.0,2025-12-20 00:34:57.524,2025-12-20 00:35:09.585,12.061,2
Lower/Y north,7901.0,2025-12-20 00:35:21.379,2025-12-20 00:35:45.504,24.125,3
Lower/Y north,7490.0,2025-12-20 05:35:03.233,2025-12-20 05:35:40.246,37.013,4
Lower/Y north,7901.0,2025-12-20 05:35:52.310,2025-12-20 05:36:04.100,11.79,2
Lower/Y north,7490.0,2025-12-20 05:46:46.202,2025-12-20 05:47:10.328,24.126,3
Lower/Y north,7490.0,2025-12-20 06:33:18.327,2025-12-20 06:33:41.634,23.307,3
Lower/Y north,7901.0,2025-12-20 06:33:53.147,2025-12-20 06:34:04.664,11.517,2
Lower/Y north,7490.0,2025-12-20 06:34:16.453,2025-12-20 06:34:28.242,11.789,2
Lower/Y north,7490.0,2025-12-20 22:05:53.798,2025-12-20 22:06:05.589,11.791,2
Lower/Y north,7901.0,2025-12-20 22:12:05.846,2025-12-20 22:12:17.361,11.515,2
Lower/Y north,7490.0,2025-12-20 22:12:58.213,2025-12-20 22:13:10.278,12.065,2
Lower/Y north,7490.0,2025-12-21 05:15:55.373,2025-12-21 05:16:19.770,24.397,3
Lower/Y north,7901.0,2025-12-21 07:11:58.936,2025-12-21 07:12:19.223,20.287,2
Lower/Y north,7490.0,2025-12-21 09:52:16.642,2025-12-21 09:52:40.768,24.126,3
Lower/Y north,7490.0,2025-12-21 10:17:11.678,2025-12-21 10:17:24.018,12.34,2
Lower/Y north,7490.0,2025-12-21 11:51:08.584,2025-12-21 11:51:56.269,47.685,3
Lower/Y north,7490.0,2025-12-21 13:19:53.993,2025-12-21 13:20:44.168,50.175,5
Lower/Y north,7490.0,2025-12-21 22:13:25.799,2025-12-21 22:13:49.104,23.305,3
Lower/Y north,7901.0,2025-12-22 04:57:18.125,2025-12-22 04:57:30.463,12.338,2
Lower/Y north,7901.0,2025-12-22 06:11:57.200,2025-12-22 06:12:13.920,16.72,2
Lower/Y north,7901.0,2025-12-22 08:42:08.730,2025-12-22 08:42:19.423,10.693,2
Lower/Y north,7490.0,2025-12-22 09:35:03.042,2025-12-22 09:35:15.109,12.067,2
Lower/Y north,7490.0,2025-12-22 10:18:24.067,2025-12-22 10:19:04.368,40.301,4
Lower/Y north,7490.0,2025-12-22 12:20:39.441,2025-12-22 12:20:52.873,13.432,2
Lower/Y north,7901.0,2025-12-22 12:21:04.116,2025-12-22 12:21:16.455,12.339,2
Lower/Y north,7490.0,2025-12-22 18:37:55.066,2025-12-22 18:38:18.646,23.58,2
Lower/Y north,7490.0,2025-12-22 22:14:52.076,2025-12-22 22:15:04.966,12.89,2
Lower/Y north,7490.0,2025-12-23 06:21:50.373,2025-12-23 06:22:02.161,11.788,2
Lower/Y north,7901.0,2025-12-23 06:49:54.058,2025-12-23 06:50:06.945,12.887,2
Lower/Y north,7490.0,2025-12-23 09:18:05.898,2025-12-23 09:18:18.240,12.342,2
Lower/Y north,7490.0,2025-12-23 22:16:20.131,2025-12-23 22:16:32.468,12.337,2
Lower/Y north,7490.0,2025-12-23 22:41:34.080,2025-12-23 22:41:58.205,24.125,3
Lower/Y north,7901.0,2025-12-23 23:39:48.072,2025-12-23 23:40:00.136,12.064,2
Lower/Y north,7490.0,2025-12-23 23:40:12.202,2025-12-23 23:40:47.568,35.366,4
Lower/Y north,7901.0,2025-12-23 23:41:22.384,2025-12-23 23:41:45.962,23.578,3
Lower/Y north,7490.0,2025-12-24 01:25:40.544,2025-12-24 01:27:03.624,83.08,7
Lower/Y north,7452.0,2025-12-24 04:19:47.410,2025-12-24 04:21:46.953,119.543,11
Lower/Y north,7490.0,2025-12-24 06:01:30.102,2025-12-24 06:01:42.442,12.34,2
Lower/Y north,7901.0,2025-12-24 06:01:54.228,2025-12-24 06:02:06.292,12.064,2
Lower/Y north,7901.0,2025-12-24 06:02:30.417,2025-12-24 06:02:42.207,11.79,2
Lower/Y north,7901.0,2025-12-24 07:29:02.589,2025-12-24 07:29:14.374,11.785,2
Lower/Y north,7490.0,2025-12-24 07:29:51.388,2025-12-24 07:30:27.848,36.46,4
Lower/Y north,7490.0,2025-12-24 09:01:23.222,2025-12-24 09:01:48.168,24.946,3
Lower/Y north,7490.0,2025-12-24 10:37:23.271,2025-12-24 10:37:35.338,12.067,2
Lower/Y north,7490.0,2025-12-24 10:37:59.187,2025-12-24 10:38:11.249,12.062,2
Lower/Y north,7490.0,2025-12-24 12:01:30.793,2025-12-24 12:01:57.107,26.314,3
Lower/Y north,7490.0,2025-12-24 18:06:01.875,2025-12-24 18:06:24.907,23.032,2
Lower/Y north,7901.0,2025-12-24 20:56:19.077,2025-12-24 20:56:37.446,18.369,2
Lower/Y north,7901.0,2025-12-24 22:17:42.569,2025-12-24 22:17:55.455,12.886,2
Lower/Y north,7490.0,2025-12-24 22:18:08.070,2025-12-24 22:18:20.135,12.065,2
Lower/Y north,7490.0,2025-12-25 05:41:29.897,2025-12-25 05:42:05.261,35.364,4
Lower/Y north,7490.0,2025-12-25 05:42:29.112,2025-12-25 05:42:41.177,12.065,2
Lower/Y north,7490.0,2025-12-25 06:28:50.527,2025-12-25 06:29:02.589,12.062,2
Lower/Y north,7490.0,2025-12-25 06:29:26.169,2025-12-25 06:29:38.232,12.063,2
Lower/Y north,7490.0,2025-12-25 12:39:57.382,2025-12-25 12:40:09.720,12.338,2
Lower/Y north,7901.0,2025-12-25 12:40:21.235,2025-12-25 12:40:32.752,11.517,2
Lower/Y north,7901.0,2025-12-25 12:40:56.329,2025-12-25 12:41:08.391,12.062,2
Lower/Y north,7901.0,2025-12-25 20:35:01.248,2025-12-25 20:35:23.731,22.483,3
Lower/Y north,7490.0,2025-12-25 20:35:35.242,2025-12-25 20:35:47.310,12.068,2
Lower/Y north,7490.0,2025-12-25 20:36:23.222,2025-12-25 20:37:49.863,86.641,7
Lower/Y north,7452.0,2025-12-25 20:43:33.950,2025-12-25 20:46:56.831,202.881,18
Lower/Y north,7490.0,2025-12-25 20:47:08.899,2025-12-25 20:47:24.798,15.899000000000001,2
Lower/Y north,7490.0,2025-12-25 20:48:37.726,2025-12-25 20:48:49.239,11.513,2
Lower/Y north,7490.0,2025-12-25 20:49:36.120,2025-12-25 20:50:38.082,61.962,6
Lower/Y north,7490.0,2025-12-25 20:51:02.485,2025-12-25 20:51:26.333,23.848,3
Lower/Y north,7490.0,2025-12-25 20:52:14.863,2025-12-25 20:53:03.391,48.528,5
Lower/Y north,7490.0,2025-12-25 20:53:51.097,2025-12-25 20:54:03.159,12.062,2
Lower/Y north,7901.0,2025-12-25 22:14:08.744,2025-12-25 22:14:33.419,24.675,2
Lower/Y north,7490.0,2025-12-25 22:19:21.291,2025-12-25 22:19:33.359,12.068,2
Lower/Y north,7490.0,2025-12-26 05:22:13.015,2025-12-26 05:22:25.623,12.608,2
Lower/Y north,7901.0,2025-12-26 05:22:37.138,2025-12-26 05:23:02.361,25.223,3
Lower/Y north,7901.0,2025-12-26 05:23:26.212,2025-12-26 05:23:38.277,12.065,2
Lower/Y north,7490.0,2025-12-26 07:07:09.816,2025-12-26 07:07:34.495,24.679,3
Lower/Y north,7490.0,2025-12-26 07:07:58.076,2025-12-26 07:08:34.537,36.461,4
Lower/Y north,7901.0,2025-12-26 10:01:23.194,2025-12-26 10:01:47.594,24.4,3
Lower/Y north,7490.0,2025-12-26 10:23:31.812,2025-12-26 10:24:12.936,41.124,4
Lower/Y north,7490.0,2025-12-26 11:43:11.090,2025-12-26 11:43:23.705,12.615,2
Lower/Y north,7490.0,2025-12-26 11:44:53.374,2025-12-26 11:45:54.221,60.847,4
Lower/Y north,7490.0,2025-12-26 13:20:19.099,2025-12-26 13:20:44.051,24.951999999999998,3
Lower/Y north,7901.0,2025-12-26 13:24:49.701,2025-12-26 13:25:13.551,23.85,2
Lower/Y north,7490.0,2025-12-26 13:29:02.483,2025-12-26 13:29:27.982,25.499,3
Lower/Y north,7901.0,2025-12-26 17:54:11.429,2025-12-26 17:54:23.217,11.788,2
Lower/Y north,7490.0,2025-12-26 17:54:35.559,2025-12-26 17:54:50.087,14.528,2
Lower/Y north,7901.0,2025-12-26 18:10:14.864,2025-12-26 18:10:25.287,10.423,2
Lower/Y north,7901.0,2025-12-26 19:32:24.416,2025-12-26 19:32:37.848,13.432,2
Lower/Y north,7901.0,2025-12-26 20:49:17.871,2025-12-26 20:49:51.328,33.457,4
Lower/Y north,7901.0,2025-12-26 20:50:14.355,2025-12-26 20:50:36.835,22.48,3
Lower/Y north,7901.0,2025-12-26 20:51:00.689,2025-12-26 20:51:23.997,23.308,3
Lower/Y north,7901.0,2025-12-26 20:51:47.569,2025-12-26 20:51:58.539,10.97,2
Lower/Y north,7490.0,2025-12-26 20:52:10.052,2025-12-26 20:52:33.907,23.855,3
Lower/Y north,7901.0,2025-12-26 20:52:45.962,2025-12-26 20:52:58.031,12.069,2
Lower/Y north,7490.0,2025-12-26 20:53:09.817,2025-12-26 20:53:22.161,12.344,2
Lower/Y north,7901.0,2025-12-26 20:53:33.398,2025-12-26 20:54:19.182,45.784,5
Lower/Y north,7490.0,2025-12-26 20:54:31.253,2025-12-26 20:54:56.194,24.941,3
Lower/Y north,7490.0,2025-12-26 21:48:13.274,2025-12-26 21:49:36.346,83.072,8
Lower/Y north,7901.0,2025-12-26 21:50:11.440,2025-12-26 21:50:22.954,11.514,2
Lower/Y north,7901.0,2025-12-26 21:50:47.084,2025-12-26 21:51:09.562,22.478,3
Lower/Y north,7490.0,2025-12-26 21:51:21.076,2025-12-26 21:51:33.139,12.063,2
Lower/Y north,7901.0,2025-12-26 21:51:44.930,2025-12-26 21:51:56.990,12.06,2
Lower/Y north,7901.0,2026-01-05 05:35:44.311,2026-01-05 05:35:56.103,11.792,2
Lower/Y north,7901.0,2026-01-05 05:36:20.229,2026-01-05 05:36:44.628,24.399,3
Lower/Y north,7490.0,2026-01-05 06:58:01.552,2026-01-05 06:58:13.066,11.514,2
Lower/Y north,7901.0,2026-01-05 06:58:24.579,2026-01-05 06:58:36.094,11.515,2
Lower/Y north,7490.0,2026-01-05 06:58:47.885,2026-01-05 06:59:13.660,25.775,3
Lower/Y north,7901.0,2026-01-05 08:47:59.703,2026-01-05 08:48:11.459,11.756,2
Lower/Y north,7490.0,2026-01-05 09:01:58.067,2026-01-05 09:02:10.407,12.34,2
Lower/Y north,7490.0,2026-01-05 10:35:49.411,2026-01-05 10:36:00.925,11.514,2
Lower/Y north,7490.0,2026-01-05 13:19:59.911,2026-01-05 13:20:12.249,12.338,2
Lower/Y north,7490.0,2026-01-05 16:43:46.899,2026-01-05 16:44:15.956,29.057,3
Lower/Y north,7490.0,2026-01-05 17:37:42.864,2026-01-05 17:38:20.697,37.833,4
Lower/Y north,7901.0,2026-01-05 17:38:54.967,2026-01-05 17:39:17.996,23.029,3
Lower/Y north,7901.0,2026-01-05 17:39:41.298,2026-01-05 17:40:38.878,57.58,6
Lower/Y north,7901.0,2026-01-05 17:41:02.727,2026-01-05 17:41:13.694,10.967,2
Lower/Y north,7490.0,2026-01-05 17:41:26.031,2026-01-05 17:41:49.059,23.028,3
Lower/Y north,7901.0,2026-01-05 17:42:00.575,2026-01-05 17:42:12.093,11.518,2
Lower/Y north,7490.0,2026-01-05 17:42:46.913,2026-01-05 17:43:00.073,13.16,2
Lower/Y north,7490.0,2026-01-05 17:44:22.047,2026-01-05 17:44:34.931,12.884,2
Lower/Y north,7490.0,2026-01-05 18:13:20.249,2026-01-05 18:13:44.103,23.854,3
Lower/Y north,7901.0,2026-01-05 18:14:19.466,2026-01-05 18:14:30.437,10.971,2
Lower/Y north,7490.0,2026-01-05 18:14:41.947,2026-01-05 18:14:54.011,12.064,2
Lower/Y north,7901.0,2026-01-05 18:15:05.254,2026-01-05 18:15:16.768,11.514,2
Lower/Y north,7901.0,2026-01-05 18:16:03.649,2026-01-05 18:16:37.373,33.724,4
Lower/Y north,7901.0,2026-01-05 18:17:00.676,2026-01-05 18:17:23.428,22.752,3
Lower/Y north,7901.0,2026-01-05 18:17:46.734,2026-01-05 18:18:09.764,23.03,3
Lower/Y north,7901.0,2026-01-05 18:19:19.395,2026-01-05 18:19:30.364,10.969,2
Lower/Y north,7901.0,2026-01-05 18:19:53.393,2026-01-05 18:20:50.970,57.577,6
Lower/Y north,7490.0,2026-01-05 18:21:03.033,2026-01-05 18:21:14.819,11.786,2
Lower/Y north,7490.0,2026-01-05 18:22:02.798,2026-01-05 18:22:27.201,24.403,3
Lower/Y north,7490.0,2026-01-05 19:13:02.483,2026-01-05 19:13:25.517,23.034,3
Lower/Y north,7490.0,2026-01-05 19:13:48.273,2026-01-05 19:14:23.639,35.366,4
Lower/Y north,7901.0,2026-01-05 19:14:35.151,2026-01-05 19:14:46.945,11.794,2
Lower/Y north,7490.0,2026-01-05 19:15:21.765,2026-01-05 19:15:44.794,23.029,3
Lower/Y north,7901.0,2026-01-05 19:15:56.035,2026-01-05 19:16:07.553,11.518,2
Lower/Y north,7901.0,2026-01-05 19:16:30.583,2026-01-05 19:18:02.980,92.397,9
Lower/Y north,7901.0,2026-01-05 19:18:26.832,2026-01-05 19:18:37.797,10.965,2
Lower/Y north,7490.0,2026-01-05 19:19:36.197,2026-01-05 19:19:47.985,11.788,2
Lower/Y north,7490.0,2026-01-05 19:21:21.752,2026-01-05 19:21:33.814,12.062,2
Lower/Y north,7901.0,2026-01-05 19:23:48.153,2026-01-05 19:23:59.938,11.785,2
Lower/Y north,7490.0,2026-01-05 20:35:00.742,2026-01-05 20:35:25.143,24.401,3
Lower/Y north,7901.0,2026-01-05 21:02:38.362,2026-01-05 21:02:49.874,11.512,2
Lower/Y north,7490.0,2026-01-05 21:03:24.968,2026-01-05 21:03:37.030,12.062,2
Lower/Y north,7901.0,2026-01-05 21:03:48.548,2026-01-05 21:05:06.130,77.582,8
Lower/Y north,7901.0,2026-01-05 21:05:29.434,2026-01-05 21:05:40.125,10.691,2
Lower/Y north,7490.0,2026-01-05 21:05:51.643,2026-01-05 21:06:29.473,37.83,2
Lower/Y north,7901.0,2026-01-06 00:06:59.922,2026-01-06 00:07:11.981,12.059,2
Lower/Y north,7490.0,2026-01-06 00:07:24.044,2026-01-06 00:07:36.109,12.065,2
Lower/Y north,7490.0,2026-01-06 03:45:59.960,2026-01-06 03:46:24.089,24.129,3
Lower/Y north,7490.0,2026-01-06 05:16:31.271,2026-01-06 05:16:43.058,11.787,2
Lower/Y north,7901.0,2026-01-06 05:16:55.121,2026-01-06 05:17:18.976,23.855,3
Lower/Y north,7490.0,2026-01-06 05:17:54.893,2026-01-06 05:18:07.505,12.612,2
Lower/Y north,7901.0,2026-01-06 05:59:05.147,2026-01-06 05:59:51.755,46.608,5
Lower/Y north,7901.0,2026-01-06 10:00:57.428,2026-01-06 10:01:08.946,11.518,2
Lower/Y north,7490.0,2026-01-06 10:01:21.010,2026-01-06 10:02:09.264,48.254,5
Lower/Y north,7901.0,2026-01-06 12:24:45.359,2026-01-06 12:25:00.185,14.826,2
Lower/Y north,7490.0,2026-01-06 12:30:54.450,2026-01-06 12:31:07.336,12.886,2
Lower/Y north,7901.0,2026-01-06 17:53:21.971,2026-01-06 17:53:33.483,11.512,2
Lower/Y north,7452.0,2026-01-06 17:53:44.726,2026-01-06 17:59:30.998,346.272,30
Lower/Y north,7490.0,2026-01-06 18:13:45.575,2026-01-06 18:13:57.085,11.51,2
Lower/Y north,7490.0,2026-01-06 22:35:46.301,2026-01-06 22:36:10.148,23.847,3
Lower/Y north,7490.0,2026-01-07 04:57:20.062,2026-01-07 04:57:32.127,12.065,2
Lower/Y north,7901.0,2026-01-07 04:57:43.920,2026-01-07 04:57:57.631,13.711,2
Lower/Y north,7490.0,2026-01-07 05:09:53.738,2026-01-07 05:10:45.826,52.088,5
Lower/Y north,7490.0,2026-01-07 06:36:34.121,2026-01-07 06:36:58.249,24.128,3
Lower/Y north,7901.0,2026-01-07 06:37:10.856,2026-01-07 06:37:22.920,12.064,2
Lower/Y north,7490.0,2026-01-07 09:04:10.181,2026-01-07 09:04:21.971,11.79,2
Lower/Y north,7901.0,2026-01-07 09:04:34.031,2026-01-07 09:05:09.946,35.915,4
Lower/Y north,7901.0,2026-01-07 09:43:31.832,2026-01-07 09:43:44.166,12.334,2
Lower/Y north,7490.0,2026-01-07 09:43:55.954,2026-01-07 09:44:20.080,24.126,3
Lower/Y north,7490.0,2026-01-07 11:30:35.223,2026-01-07 11:31:38.554,63.331,6
Lower/Y north,7901.0,2026-01-07 12:58:58.993,2026-01-07 12:59:45.871,46.878,5
Lower/Y north,7490.0,2026-01-07 12:59:57.937,2026-01-07 13:00:09.727,11.79,2
Lower/Y north,7901.0,2026-01-07 13:09:31.220,2026-01-07 13:09:43.282,12.062,2
Lower/Y north,7490.0,2026-01-07 17:46:25.199,2026-01-07 17:46:36.989,11.79,2
Lower/Y north,7901.0,2026-01-07 21:00:11.750,2026-01-07 21:00:24.087,12.337,2
Lower/Y north,7490.0,2026-01-07 21:40:20.570,2026-01-07 21:40:34.277,13.707,2
Lower/Y north,7490.0,2026-01-07 23:46:13.781,2026-01-07 23:46:41.745,27.964,3
Lower/Y north,7490.0,2026-01-08 04:38:45.651,2026-01-08 04:39:08.954,23.303,3
Lower/Y north,7901.0,2026-01-08 04:45:36.633,2026-01-08 04:46:47.373,70.74,7
Lower/Y north,7901.0,2026-01-08 04:47:10.132,2026-01-08 04:47:21.369,11.237,2
Lower/Y north,7901.0,2026-01-08 04:47:44.126,2026-01-08 04:48:51.572,67.446,7
Lower/Y north,7901.0,2026-01-08 04:49:14.327,2026-01-08 04:49:37.357,23.03,3
Lower/Y north,7452.0,2026-01-08 04:49:49.145,2026-01-08 04:50:37.127,47.982,5
Lower/Y north,7412.0,2026-01-08 04:50:49.190,2026-01-08 04:51:00.980,11.79,2
Lower/Y north,7901.0,2026-01-09 06:01:37.276,2026-01-09 06:01:49.342,12.066,2
Lower/Y north,7490.0,2026-01-09 06:02:01.400,2026-01-09 06:02:13.189,11.789,2
Lower/Y north,7901.0,2026-01-09 06:06:33.936,2026-01-09 06:06:45.996,12.06,2
Lower/Y north,7490.0,2026-01-09 06:06:57.790,2026-01-09 06:07:10.126,12.336,2
Lower/Y north,7490.0,2026-01-09 06:15:16.509,2026-01-09 06:16:03.941,47.432,5
Lower/Y north,7901.0,2026-01-09 06:16:15.456,2026-01-09 06:16:26.968,11.512,2
Lower/Y north,7490.0,2026-01-09 09:07:05.194,2026-01-09 09:07:32.886,27.692,3
Lower/Y north,7490.0,2026-01-09 09:10:25.060,2026-01-09 09:10:48.914,23.854,3
Lower/Y north,7490.0,2026-01-09 12:39:18.270,2026-01-09 12:39:30.061,11.791,2
Lower/Y north,7490.0,2026-01-09 12:39:53.914,2026-01-09 12:40:05.701,11.787,2
Lower/Y north,7901.0,2026-01-09 12:40:16.942,2026-01-09 12:40:28.459,11.517,2
Lower/Y north,7490.0,2026-01-10 05:42:06.560,2026-01-10 05:42:18.900,12.34,2
Lower/Y north,7490.0,2026-01-10 06:53:10.919,2026-01-10 06:53:23.804,12.885,2
Lower/Y north,7901.0,2026-01-10 06:53:36.141,2026-01-10 06:53:47.652,11.511,2
Lower/Y north,7901.0,2026-01-10 08:53:09.392,2026-01-10 08:53:32.970,23.578,3
Lower/Y north,7490.0,2026-01-10 13:18:53.632,2026-01-10 13:19:16.936,23.304,3
Lower/Y north,7490.0,2026-01-10 13:19:41.061,2026-01-10 13:20:04.918,23.857,3
Lower/Y north,7901.0,2026-01-10 16:49:32.821,2026-01-10 16:49:44.335,11.514,2
Lower/Y north,7490.0,2026-01-10 16:50:08.741,2026-01-10 16:51:09.053,60.312,6
Lower/Y north,7490.0,2026-01-10 16:51:34.003,2026-01-10 16:51:46.889,12.886,2
Lower/Y north,7901.0,2026-01-10 16:52:01.691,2026-01-10 16:52:15.404,13.713,2
Lower/Y north,7490.0,2026-01-10 17:39:10.824,2026-01-10 17:39:23.157,12.333,2
Lower/Y north,7901.0,2026-01-10 19:19:31.248,2026-01-10 19:20:00.860,29.612,3
Lower/Y north,7490.0,2026-01-10 20:47:08.117,2026-01-10 20:47:36.907,28.79,3
Lower/Y north,7490.0,2026-01-10 21:03:30.460,2026-01-10 21:04:08.017,37.557,4
Lower/Y north,7901.0,2026-01-10 21:07:24.591,2026-01-10 21:07:37.209,12.618,2
Lower/Y north,7490.0,2026-01-10 22:41:19.268,2026-01-10 22:41:31.064,11.796,2
Lower/Y north,7490.0,2026-01-10 22:43:50.874,2026-01-10 22:44:15.001,24.127,3
Lower/Y north,7490.0,2026-01-11 00:06:49.507,2026-01-11 00:07:30.636,41.129,4
Lower/Y north,7490.0,2026-01-11 05:22:37.496,2026-01-11 05:23:50.419,72.923,7
Lower/Y north,7490.0,2026-01-11 05:24:14.006,2026-01-11 05:24:26.061,12.055,2
Lower/Y north,7901.0,2026-01-11 05:54:59.144,2026-01-11 05:55:12.027,12.883,2
Lower/Y north,7490.0,2026-01-11 07:32:43.023,2026-01-11 07:32:54.810,11.787,2
Lower/Y north,7901.0,2026-01-11 08:42:50.925,2026-01-11 08:43:03.262,12.337,2
Lower/Y north,7490.0,2026-01-11 08:43:41.646,2026-01-11 08:43:54.261,12.615,2
Lower/Y north,7490.0,2026-01-11 09:09:09.547,2026-01-11 09:09:22.155,12.608,2
Lower/Y north,7490.0,2026-01-11 10:09:58.428,2026-01-11 10:10:46.407,47.979,5
Lower/Y north,7490.0,2026-01-11 10:17:22.575,2026-01-11 10:17:35.460,12.885,2
Lower/Y north,7901.0,2026-01-11 12:19:59.882,2026-01-11 12:20:22.911,23.029,3
Lower/Y north,7490.0,2026-01-11 21:04:41.952,2026-01-11 21:05:09.095,27.143,3
Lower/Y north,7901.0,2026-01-12 05:03:41.775,2026-01-12 05:03:56.576,14.801,2
Lower/Y north,7490.0,2026-01-12 05:04:08.094,2026-01-12 05:04:31.943,23.849,3
Lower/Y north,7901.0,2026-01-12 06:31:43.551,2026-01-12 06:32:20.017,36.466,4
Lower/Y north,7490.0,2026-01-12 06:42:56.624,2026-01-12 06:43:08.138,11.514,2
Lower/Y north,7490.0,2026-01-12 09:52:13.966,2026-01-12 09:52:26.305,12.339,2
Lower/Y north,7901.0,2026-01-12 09:52:38.096,2026-01-12 09:52:50.158,12.062,2
Lower/Y north,7490.0,2026-01-12 09:53:01.946,2026-01-12 09:53:14.283,12.337,2
Lower/Y north,7490.0,2026-01-12 12:58:37.294,2026-01-12 12:59:15.129,37.835,4
Lower/Y north,7490.0,2026-01-12 21:06:19.401,2026-01-12 21:06:31.192,11.791,2
Lower/Y north,7490.0,2026-01-12 21:48:45.855,2026-01-12 21:48:57.913,12.058,2
Lower/Y north,7490.0,2026-01-13 04:45:05.312,2026-01-13 04:45:17.378,12.066,2
Lower/Y north,7490.0,2026-01-13 07:10:47.083,2026-01-13 07:10:59.148,12.065,2
Lower/Y north,7901.0,2026-01-13 07:11:10.936,2026-01-13 07:11:23.272,12.336,2
Lower/Y north,7490.0,2026-01-13 09:35:25.236,2026-01-13 09:35:37.025,11.789,2
Lower/Y north,7490.0,2026-01-13 12:00:21.245,2026-01-13 12:00:45.643,24.398,3
Lower/Y north,7490.0,2026-01-13 12:01:09.221,2026-01-13 12:01:21.015,11.794,2
Lower/Y north,7490.0,2026-01-13 21:31:36.833,2026-01-13 21:32:45.101,68.268,6
Lower/Y north,7490.0,2026-01-14 00:26:41.534,2026-01-14 00:26:55.516,13.982,2
Lower/Y north,7490.0,2026-01-14 04:26:49.195,2026-01-14 04:27:02.351,13.156,2
Lower/Y north,7901.0,2026-01-14 04:27:14.146,2026-01-14 04:27:25.932,11.786,2
Lower/Y north,7901.0,2026-01-14 09:12:52.366,2026-01-14 09:13:11.025,18.659,2
Lower/Y north,7490.0,2026-01-14 09:17:58.982,2026-01-14 09:18:11.592,12.61,2
Lower/Y north,7490.0,2026-01-14 09:18:34.896,2026-01-14 09:18:47.512,12.616,2
Lower/Y north,7901.0,2026-01-14 09:18:59.028,2026-01-14 09:19:11.364,12.336,2
Lower/Y north,7490.0,2026-01-14 09:26:51.524,2026-01-14 09:27:27.186,35.662,4
Lower/Y north,7901.0,2026-01-14 09:27:39.804,2026-01-14 09:28:03.936,24.132,3
Lower/Y north,7901.0,2026-01-14 09:28:29.175,2026-01-14 09:28:53.035,23.86,3
Lower/Y north,7490.0,2026-01-14 12:38:45.926,2026-01-14 12:39:09.504,23.578,3
Lower/Y north,7901.0,2026-01-14 12:40:07.902,2026-01-14 12:40:19.964,12.062,2
Lower/Y north,7901.0,2026-01-14 22:41:31.830,2026-01-14 22:41:43.893,12.063,2
Lower/Y north,7490.0,2026-01-14 22:41:55.958,2026-01-14 22:42:20.086,24.128,3
Lower/Y north,7901.0,2026-01-14 22:42:32.147,2026-01-14 22:42:43.940,11.793,2
Lower/Y north,7490.0,2026-01-14 22:43:07.791,2026-01-14 22:43:20.124,12.333,2
Lower/Y north,7901.0,2026-01-15 04:19:10.691,2026-01-15 04:19:23.030,12.339,2
Lower/Y north,7490.0,2026-01-15 04:19:37.558,2026-01-15 04:20:01.960,24.402,3
Lower/Y north,7901.0,2026-01-15 05:49:09.893,2026-01-15 05:49:22.227,12.334,2
Lower/Y north,7490.0,2026-01-15 06:48:29.151,2026-01-15 06:48:54.382,25.231,3
Lower/Y north,7490.0,2026-01-15 06:49:19.321,2026-01-15 06:49:31.118,11.797,2
Lower/Y north,7901.0,2026-01-15 09:14:06.053,2026-01-15 09:14:29.905,23.852,3
Lower/Y north,7490.0,2026-01-15 13:18:35.065,2026-01-15 13:18:47.679,12.614,2
Lower/Y north,7490.0,2026-01-15 19:03:37.704,2026-01-15 19:03:48.944,11.24,2
Lower/Y north,7901.0,2026-01-15 20:50:03.906,2026-01-15 20:50:16.244,12.338,2
Lower/Y north,7490.0,2026-01-15 21:09:24.999,2026-01-15 21:10:00.920,35.921,3
Lower/Y north,7490.0,2026-01-15 21:10:25.321,2026-01-15 21:10:37.110,11.789,2
Lower/Y north,7490.0,2026-01-16 16:25:55.861,2026-01-16 16:26:33.147,37.286,4
Lower/Y north,7452.0,2026-01-16 18:04:46.153,2026-01-16 18:09:14.300,268.147,24
Lower/Y north,7901.0,2026-01-16 21:10:59.433,2026-01-16 21:11:35.077,35.644,4
Lower/Y north,7490.0,2026-01-17 03:38:41.383,2026-01-17 03:38:53.450,12.067,2
Lower/Y north,7901.0,2026-01-17 05:10:06.683,2026-01-17 05:10:55.207,48.524,5
Lower/Y north,7490.0,2026-01-17 05:11:06.996,2026-01-17 05:11:31.126,24.13,3
Lower/Y north,7490.0,2026-01-17 05:22:33.786,2026-01-17 05:23:02.299,28.513,3
Lower/Y north,7490.0,2026-01-17 05:23:26.153,2026-01-17 05:23:38.761,12.608,2
Lower/Y north,7901.0,2026-01-17 06:27:07.011,2026-01-17 06:27:20.449,13.438,2
Lower/Y north,7490.0,2026-01-17 06:27:31.963,2026-01-17 06:27:54.993,23.03,3
Lower/Y north,7490.0,2026-01-17 06:28:19.131,2026-01-17 06:28:30.641,11.51,2
Lower/Y north,7490.0,2026-01-17 09:16:58.918,2026-01-17 09:17:10.708,11.79,2
Lower/Y north,7901.0,2026-01-17 09:17:21.946,2026-01-17 09:17:52.106,30.16,3
Lower/Y north,7490.0,2026-01-17 10:01:20.243,2026-01-17 10:01:56.162,35.919,4
Lower/Y north,7490.0,2026-01-17 12:59:27.852,2026-01-17 12:59:52.249,24.397,3
Lower/Y north,7901.0,2026-01-17 16:17:58.127,2026-01-17 16:18:13.755,15.628,2
Lower/Y north,7490.0,2026-01-17 21:11:59.819,2026-01-17 21:12:12.431,12.612,2
Lower/Y north,7490.0,2026-01-18 04:51:20.246,2026-01-18 04:51:32.311,12.065,2
Lower/Y north,7901.0,2026-01-18 04:51:44.098,2026-01-18 04:52:32.348,48.25,5
Lower/Y north,7490.0,2026-01-18 07:05:26.715,2026-01-18 07:06:25.112,58.397,6
Lower/Y north,7901.0,2026-01-18 09:18:03.293,2026-01-18 09:18:15.081,11.788,2
Lower/Y north,7490.0,2026-01-18 09:43:32.034,2026-01-18 09:44:20.285,48.251,5
Lower/Y north,7490.0,2026-01-18 09:47:31.152,2026-01-18 09:48:29.226,58.074,2
Lower/Y north,7901.0,2026-01-18 11:59:57.604,2026-01-18 12:01:09.443,71.839,7
Lower/Y north,7490.0,2026-01-18 13:39:00.731,2026-01-18 13:39:14.716,13.985,2
Lower/Y north,7901.0,2026-01-18 13:42:42.540,2026-01-18 13:42:54.590,12.05,2
Lower/Y north,7490.0,2026-01-18 17:40:44.808,2026-01-18 17:41:11.947,27.139,3
Lower/Y north,7490.0,2026-01-18 21:12:53.648,2026-01-18 21:13:29.292,35.644,4
Lower/Y north,7901.0,2026-01-18 21:13:41.082,2026-01-18 21:13:53.146,12.064,2
Lower/Y north,7901.0,2026-01-18 21:14:17.269,2026-01-18 21:14:29.059,11.79,2
Lower/Y north,7901.0,2026-01-19 01:55:17.967,2026-01-19 01:55:29.483,11.516,2
Lower/Y north,7901.0,2026-01-19 12:38:40.165,2026-01-19 12:38:52.223,12.058,2
Lower/Y north,7490.0,2026-01-20 06:43:49.956,2026-01-20 06:44:13.535,23.579,3
Lower/Y north,7490.0,2026-01-20 09:20:12.204,2026-01-20 09:20:23.987,11.783,2
Lower/Y north,7490.0,2026-01-20 09:20:49.212,2026-01-20 09:21:53.094,63.882,6
Lower/Y north,7901.0,2026-01-20 17:03:10.615,2026-01-20 17:03:38.308,27.693,3
Lower/Y north,7490.0,2026-01-21 05:35:46.059,2026-01-21 05:35:58.115,12.056,2
Lower/Y north,7490.0,2026-01-21 09:21:38.467,2026-01-21 09:21:54.915,16.448,2
Lower/Y north,7901.0,2026-01-22 00:34:36.255,2026-01-22 00:35:09.427,33.172,3
Lower/Y north,7490.0,2026-01-22 09:22:29.370,2026-01-22 09:22:51.024,21.654,2
Lower/Y north,7901.0,2026-01-22 10:09:58.372,2026-01-22 10:10:09.337,10.965,2
Lower/Y north,7490.0,2026-01-22 12:57:57.466,2026-01-22 12:58:08.981,11.515,2
Lower/Y north,7490.0,2026-01-31 09:27:26.691,2026-01-31 09:29:16.629,109.938,4
Lower/Y north,7901.0,2026-02-06 11:27:45.350,2026-02-06 11:27:57.419,12.069,2
Lower/Y north,7490.0,2026-02-06 13:06:58.265,2026-02-06 13:07:10.329,12.064,2
Lower/Y north,7490.0,2026-02-06 16:32:35.073,2026-02-06 16:32:58.379,23.306,3
Lower/Y north,7490.0,2026-02-06 18:23:10.667,2026-02-06 18:23:22.462,11.795,2
Lower/Y north,7490.0,2026-02-07 12:08:21.966,2026-02-07 12:09:13.510,51.544,5
Lower/Y north,7490.0,2026-02-07 13:43:57.432,2026-02-07 13:44:22.389,24.957,3
Lower/Y north,7901.0,2026-02-07 13:44:34.448,2026-02-07 13:44:58.301,23.853,3
Lower/Y north,7490.0,2026-02-07 13:45:10.368,2026-02-07 13:45:58.349,47.981,5
Lower/Y north,7901.0,2026-02-07 13:46:10.141,2026-02-07 13:46:22.484,12.343,2
Lower/Y north,7490.0,2026-02-09 05:49:03.041,2026-02-09 05:49:55.103,52.062,2
Lower/Y north,7490.0,2026-02-11 05:53:39.328,2026-02-11 05:54:16.891,37.563,4
Lower/Y north,7901.0,2026-02-11 18:18:19.407,2026-02-11 18:18:31.475,12.068,2
Lower/Y north,7901.0,2026-02-12 09:01:01.704,2026-02-12 09:01:14.587,12.883,2
Lower/Y north,7490.0,2026-02-12 09:01:26.924,2026-02-12 09:01:38.716,11.792,2
Lower/Y north,7490.0,2026-02-12 09:02:26.964,2026-02-12 09:03:02.878,35.914,4
Lower/Y north,7901.0,2026-02-12 09:03:14.942,2026-02-12 09:04:11.965,57.023,6
Lower/Y north,7490.0,2026-02-12 09:04:23.477,2026-02-12 09:04:34.991,11.514,2
Lower/Y north,7490.0,2026-02-12 09:05:19.674,2026-02-12 09:05:31.466,11.792,2
Lower/Y north,7490.0,2026-02-12 09:06:18.890,2026-02-12 09:06:42.741,23.851,3
Lower/Y north,7901.0,2026-02-12 12:07:54.887,2026-02-12 12:08:06.402,11.515,2
Lower/Y north,7490.0,2026-02-12 12:08:17.646,2026-02-12 12:08:29.705,12.059,2
Lower/Y north,7490.0,2026-02-12 13:43:25.007,2026-02-12 13:44:00.649,35.642,4
Lower/Y north,7901.0,2026-02-12 13:44:11.890,2026-02-12 13:44:23.403,11.513,2
Lower/Y north,7490.0,2026-02-12 16:20:34.040,2026-02-12 16:20:46.102,12.062,2
Lower/Y north,7490.0,2026-02-12 21:49:58.075,2026-02-12 21:50:10.411,12.336,2
Lower/Y north,7490.0,2026-02-13 05:50:47.330,2026-02-13 05:51:35.584,48.254,5
Lower/Y north,7490.0,2026-02-13 08:42:37.340,2026-02-13 08:43:15.444,38.104,4
Lower/Y north,7490.0,2026-02-13 09:37:17.814,2026-02-13 09:37:30.422,12.608,2
Lower/Y north,7490.0,2026-02-13 10:17:02.922,2026-02-13 10:17:16.629,13.707,2
Lower/Y north,7490.0,2026-02-13 12:47:00.668,2026-02-13 12:47:15.206,14.538,2
Lower/Y north,7901.0,2026-02-13 12:47:27.811,2026-02-13 12:47:52.483,24.672,3
Lower/Y north,7490.0,2026-02-13 17:41:23.672,2026-02-13 17:41:48.071,24.399,3
Lower/Y north,7490.0,2026-02-14 04:58:08.328,2026-02-14 04:58:20.121,11.793,2
Lower/Y north,7901.0,2026-02-14 04:58:32.181,2026-02-14 04:58:44.242,12.061,2
Lower/Y north,7901.0,2026-02-14 06:30:02.380,2026-02-14 06:30:15.263,12.883,2
Lower/Y north,7490.0,2026-02-14 06:30:26.777,2026-02-14 06:31:15.030,48.253,5
Lower/Y north,7901.0,2026-02-14 06:31:26.813,2026-02-14 06:31:38.880,12.067,2
Lower/Y north,7490.0,2026-02-14 06:31:50.940,2026-02-14 06:32:03.007,12.067,2
Lower/Y north,7490.0,2026-02-14 09:38:14.957,2026-02-14 09:38:26.745,11.788,2
Lower/Y north,7901.0,2026-02-14 09:38:38.810,2026-02-14 09:39:49.820,71.01,7
Lower/Y north,7490.0,2026-02-14 09:40:02.153,2026-02-14 09:40:37.243,35.09,4
Lower/Y north,7901.0,2026-02-14 10:00:44.346,2026-02-14 10:01:19.985,35.639,4
Lower/Y north,7901.0,2026-02-14 10:01:44.930,2026-02-14 10:01:56.998,12.068,2
Lower/Y north,7490.0,2026-02-14 10:02:09.062,2026-02-14 10:03:20.886,71.824,7
Lower/Y north,7490.0,2026-02-14 10:03:44.739,2026-02-14 10:04:07.765,23.026,3
Lower/Y north,7901.0,2026-02-14 10:04:20.102,2026-02-14 10:04:43.950,23.848,3
Lower/Y north,7490.0,2026-02-14 10:04:55.742,2026-02-14 10:05:10.269,14.527,2
Lower/Y north,7901.0,2026-02-14 11:47:41.736,2026-02-14 11:47:54.071,12.335,2
Lower/Y north,7490.0,2026-02-14 11:48:06.134,2026-02-14 11:48:17.654,11.52,2
Lower/Y north,7490.0,2026-02-14 13:23:40.083,2026-02-14 13:24:04.208,24.125,3
Lower/Y north,7490.0,2026-02-14 13:24:28.063,2026-02-14 13:24:51.914,23.851,3
Lower/Y north,7490.0,2026-02-14 13:25:41.806,2026-02-14 13:25:54.690,12.884,2
Lower/Y north,7490.0,2026-02-14 18:34:13.532,2026-02-14 18:34:24.772,11.24,2
Lower/Y north,7901.0,2026-02-14 18:34:36.559,2026-02-14 18:34:49.716,13.157,2
Lower/Y north,7901.0,2026-02-14 21:39:45.083,2026-02-14 21:39:59.343,14.26,2
Lower/Y north,7490.0,2026-02-14 23:53:50.653,2026-02-14 23:54:28.212,37.559,4
Lower/Y north,7490.0,2026-02-15 09:43:53.396,2026-02-15 09:44:09.293,15.897,2
Lower/Y north,7490.0,2026-02-15 09:44:34.243,2026-02-15 09:44:45.754,11.511,2
Lower/Y north,7901.0,2026-02-15 12:27:29.995,2026-02-15 12:27:42.060,12.065,2
Lower/Y north,7490.0,2026-02-15 12:27:54.120,2026-02-15 12:28:19.068,24.948,3
Lower/Y north,7901.0,2026-02-15 12:28:31.128,2026-02-15 12:28:54.981,23.853,3
Lower/Y north,7901.0,2026-02-15 19:12:17.172,2026-02-15 19:12:29.236,12.064,2
Lower/Y north,7490.0,2026-02-16 04:19:57.532,2026-02-16 04:20:21.928,24.396,3
Lower/Y north,7901.0,2026-02-16 04:20:33.713,2026-02-16 04:20:45.777,12.064,2
Lower/Y north,7490.0,2026-02-16 07:36:08.905,2026-02-16 07:36:41.829,32.924,2
Lower/Y north,7490.0,2026-02-16 07:42:19.288,2026-02-16 07:42:43.961,24.673000000000002,3
Lower/Y north,7490.0,2026-02-16 07:44:25.671,2026-02-16 07:44:38.010,12.339,2
Lower/Y north,7490.0,2026-02-16 13:05:52.300,2026-02-16 13:06:29.863,37.563,4
Lower/Y north,7901.0,2026-02-16 13:07:31.543,2026-02-16 13:07:44.154,12.611,2
Lower/Y north,7490.0,2026-02-16 19:51:33.455,2026-02-16 19:51:45.242,11.787,2
Lower/Y north,7901.0,2026-02-16 21:06:11.758,2026-02-16 21:06:24.093,12.335,2
Lower/Y north,7490.0,2026-02-16 22:41:40.453,2026-02-16 22:42:16.642,36.189,4
Lower/Y north,7901.0,2026-02-17 01:11:17.710,2026-02-17 01:11:30.314,12.604,2
Lower/Y north,7490.0,2026-02-17 04:00:12.629,2026-02-17 04:00:37.849,25.22,3
Lower/Y north,7490.0,2026-02-17 04:01:02.247,2026-02-17 04:01:14.033,11.786,2
Lower/Y north,7490.0,2026-02-17 12:07:53.237,2026-02-17 12:08:05.027,11.79,2
Lower/Y north,7901.0,2026-02-17 12:08:17.092,2026-02-17 12:08:29.156,12.064,2
Lower/Y north,7490.0,2026-02-17 18:07:56.130,2026-02-17 18:08:23.817,27.687,3
Lower/Y north,7490.0,2026-02-17 18:50:30.144,2026-02-17 18:50:54.270,24.126,3
Lower/Y north,7490.0,2026-02-21 07:39:33.456,2026-02-21 07:39:49.904,16.448,2
Lower/Y north,7490.0,2026-02-21 07:40:14.579,2026-02-21 07:40:26.376,11.797,2
Lower/Y north,7901.0,2026-02-21 07:40:38.710,2026-02-21 07:41:02.561,23.851,3
Lower/Y north,7490.0,2026-02-21 09:36:14.564,2026-02-21 09:36:38.141,23.576999999999998,3
Lower/Y north,7490.0,2026-02-21 09:38:13.273,2026-02-21 09:38:25.334,12.061,2
Lower/Y north,7901.0,2026-02-21 09:38:37.671,2026-02-21 09:38:49.462,11.791,2
Lower/Y north,7490.0,2026-02-22 05:47:55.108,2026-02-22 05:48:07.718,12.61,2
Lower/Y north,7490.0,2026-02-22 06:41:14.952,2026-02-22 06:41:29.484,14.532,2
Lower/Y north,7901.0,2026-02-22 09:18:11.290,2026-02-22 09:18:24.998,13.708,2
Lower/Y north,7490.0,2026-02-22 09:46:24.956,2026-02-22 09:46:37.569,12.613,2
Lower/Y north,7490.0,2026-02-23 05:37:16.757,2026-02-23 05:37:28.270,11.513,2
Lower/Y north,7490.0,2026-02-23 05:37:52.393,2026-02-23 05:38:28.306,35.913,4
Lower/Y north,7490.0,2026-02-23 05:38:52.979,2026-02-23 05:39:53.842,60.863,4
Lower/Y north,7490.0,2026-02-23 10:33:16.298,2026-02-23 10:33:52.484,36.186,4
Lower/Y north,7490.0,2026-02-23 12:47:07.233,2026-02-23 12:47:20.670,13.437,2
Lower/Y north,7490.0,2026-02-23 16:14:41.335,2026-02-23 16:14:53.127,11.792,2
Lower/Y north,7490.0,2026-02-24 09:58:08.072,2026-02-24 09:58:34.120,26.048,3
Lower/Y north,7490.0,2026-02-24 11:37:24.713,2026-02-24 11:38:27.500,62.787,3
Lower/Y north,7490.0,2026-02-24 11:46:14.412,2026-02-24 11:46:37.437,23.025,2
Lower/Y north,7901.0,2026-02-24 13:14:34.707,2026-02-24 13:14:49.509,14.802,2
Lower/Y north,7901.0,2026-02-24 13:23:46.060,2026-02-24 13:23:58.947,12.887,2
Lower/Y north,7901.0,2026-02-24 17:35:02.526,2026-02-24 17:35:31.309,28.783,3
Lower/Y north,7490.0,2026-02-24 18:23:58.076,2026-02-24 18:25:02.508,64.432,6
Lower/Y north,7901.0,2026-02-24 20:03:48.729,2026-02-24 20:04:00.519,11.79,2
Lower/Y north,7490.0,2026-02-24 20:04:36.435,2026-02-24 20:04:48.500,12.065,2
Lower/Y north,7490.0,2026-02-25 04:51:53.502,2026-02-25 04:52:05.564,12.062,2
Lower/Y north,7901.0,2026-02-25 06:22:43.201,2026-02-25 06:22:59.379,16.178,2
Lower/Y north,7490.0,2026-02-25 09:58:54.779,2026-02-25 09:59:09.040,14.261,2
Lower/Y north,7901.0,2026-02-25 09:59:29.050,2026-02-25 09:59:40.567,11.517,2
Lower/Y north,7490.0,2026-02-25 12:15:29.056,2026-02-25 12:15:43.587,14.531,2
Lower/Y north,7490.0,2026-02-25 12:26:18.555,2026-02-25 12:26:30.619,12.064,2
Lower/Y north,7490.0,2026-02-25 19:02:25.550,2026-02-25 19:02:38.438,12.888,2
Lower/Y north,7490.0,2026-02-25 19:03:26.138,2026-02-25 19:03:38.202,12.064,2
Lower/Y north,7490.0,2026-02-25 21:39:41.012,2026-02-25 21:39:59.380,18.368,2
Lower/Y north,7490.0,2026-02-25 21:43:55.976,2026-02-25 21:44:59.858,63.882,6
Lower/Y north,7901.0,2026-02-26 00:30:43.148,2026-02-26 00:30:54.390,11.242,2
Lower/Y north,7490.0,2026-02-26 00:35:12.392,2026-02-26 00:35:36.238,23.846,3
Lower/Y north,7490.0,2026-02-26 00:36:00.631,2026-02-26 00:36:12.427,11.796,2
Lower/Y north,7901.0,2026-02-26 04:33:20.671,2026-02-26 04:33:44.522,23.851,3
Lower/Y north,7490.0,2026-02-26 04:33:56.316,2026-02-26 04:34:08.654,12.338,2
Lower/Y north,7901.0,2026-02-26 04:34:20.452,2026-02-26 04:34:32.791,12.339,2
Lower/Y north,7490.0,2026-02-26 05:48:25.217,2026-02-26 05:48:54.555,29.338,3
Lower/Y north,7490.0,2026-02-26 07:31:48.558,2026-02-26 07:32:11.333,22.775,2
Lower/Y north,7490.0,2026-02-26 09:50:17.945,2026-02-26 09:50:43.717,25.772,3
Lower/Y north,7901.0,2026-02-26 11:25:49.652,2026-02-26 11:26:13.230,23.578,3
Lower/Y north,7901.0,2026-02-26 11:26:37.633,2026-02-26 11:26:49.697,12.064,2
Lower/Y north,7490.0,2026-02-26 12:53:58.669,2026-02-26 12:54:29.645,30.976,3
Lower/Y north,7901.0,2026-02-26 13:05:34.223,2026-02-26 13:05:47.933,13.71,2
Lower/Y north,7490.0,2026-02-26 16:57:24.714,2026-02-26 16:57:50.207,25.493,3
Lower/Y north,7901.0,2026-02-26 18:03:33.871,2026-02-26 18:03:44.565,10.693999999999999,2
Lower/Y north,7490.0,2026-02-26 18:12:55.918,2026-02-26 18:13:07.433,11.515,2
Lower/Y north,7490.0,2026-02-26 18:13:31.561,2026-02-26 18:13:43.623,12.062,2
Lower/Y north,7490.0,2026-02-26 18:42:16.348,2026-02-26 18:42:30.328,13.98,2
Lower/Y north,7901.0,2026-02-26 19:40:31.447,2026-02-26 19:40:42.688,11.241,2
Lower/Y north,7490.0,2026-02-26 19:40:54.753,2026-02-26 19:41:31.489,36.736,4
Lower/Y north,7490.0,2026-02-26 21:22:44.618,2026-02-26 21:23:11.485,26.867,3
Lower/Y north,7490.0,2026-02-26 22:04:38.455,2026-02-26 22:04:50.524,12.069,2
Lower/Y north,7901.0,2026-02-27 01:09:45.270,2026-02-27 01:10:14.882,29.612,3
Lower/Y north,7901.0,2026-02-27 01:10:40.381,2026-02-27 01:10:51.896,11.515,2
Lower/Y north,7490.0,2026-02-27 01:11:04.507,2026-02-27 01:11:16.574,12.067,2
Lower/Y north,7490.0,2026-02-27 10:00:53.351,2026-02-27 10:01:16.379,23.028,2
Lower/Y north,7490.0,2026-02-27 13:34:49.926,2026-02-27 13:35:20.080,30.154,3
Lower/Y north,7490.0,2026-02-27 16:38:50.406,2026-02-27 16:39:02.472,12.066,2
Lower/Y north,7490.0,2026-02-27 16:44:56.976,2026-02-27 16:45:10.411,13.435,2
Lower/Y north,7901.0,2026-02-27 18:20:51.513,2026-02-27 18:21:05.220,13.707,2
Lower/Y north,7490.0,2026-02-27 18:21:17.557,2026-02-27 18:21:42.232,24.675,3
Lower/Y north,7490.0,2026-02-27 18:40:03.544,2026-02-27 18:40:29.321,25.777,3
Lower/Y north,7490.0,2026-02-27 22:04:55.350,2026-02-27 22:05:25.507,30.157,3
Lower/Y north,7901.0,2026-02-27 22:05:36.475,2026-02-27 22:05:48.534,12.059,2
Lower/Y north,7490.0,2026-02-27 22:06:03.616,2026-02-27 22:06:15.954,12.338,2
Lower/Y north,7901.0,2026-02-27 22:41:38.247,2026-02-27 22:41:50.584,12.337,2
Lower/Y north,7901.0,2026-02-27 22:45:12.407,2026-02-27 22:46:11.861,59.454,4
Lower/Y north,7490.0,2026-02-28 00:11:17.673,2026-02-28 00:11:45.366,27.693,3
Lower/Y north,7490.0,2026-02-28 00:12:08.666,2026-02-28 00:12:20.454,11.788,2
Lower/Y north,7490.0,2026-02-28 01:51:05.551,2026-02-28 01:51:29.681,24.13,3
Lower/Y north,7901.0,2026-02-28 03:51:52.937,2026-02-28 03:52:05.264,12.327,2
Lower/Y north,7490.0,2026-02-28 03:53:17.642,2026-02-28 03:53:29.153,11.511,2
Lower/Y north,7901.0,2026-02-28 03:54:04.520,2026-02-28 03:54:16.039,11.519,2
Lower/Y north,7490.0,2026-02-28 03:54:51.129,2026-02-28 03:55:27.872,36.743,4
Lower/Y north,7490.0,2026-02-28 03:55:53.369,2026-02-28 03:56:55.329,61.96,6
Lower/Y north,7901.0,2026-02-28 03:57:29.325,2026-02-28 03:57:40.567,11.242,2
Lower/Y north,7490.0,2026-02-28 03:57:52.081,2026-02-28 03:58:15.111,23.03,3
Lower/Y north,7490.0,2026-02-28 05:23:13.808,2026-02-28 05:23:29.164,15.356,2
Lower/Y north,7490.0,2026-02-28 07:02:51.542,2026-02-28 07:03:07.714,16.172,2
Lower/Y north,7490.0,2026-02-28 09:01:12.255,2026-02-28 09:01:27.883,15.628,2
Lower/Y north,7490.0,2026-02-28 12:45:27.564,2026-02-28 12:46:15.268,47.704,5
Lower/Y north,7901.0,2026-02-28 12:46:51.187,2026-02-28 12:47:03.523,12.336,2
Lower/Y north,7490.0,2026-02-28 12:47:15.310,2026-02-28 12:48:07.131,51.821,5
Lower/Y north,7490.0,2026-02-28 17:43:00.281,2026-02-28 17:43:15.088,14.807,2
Lower/Y north,7901.0,2026-02-28 17:43:29.343,2026-02-28 17:43:45.248,15.905,2
Lower/Y north,7490.0,2026-02-28 18:05:18.502,2026-02-28 18:05:30.019,11.517,2
Lower/Y north,7901.0,2026-02-28 18:05:42.627,2026-02-28 18:05:54.968,12.341,2
Lower/Y north,7901.0,2026-02-28 19:18:04.635,2026-02-28 19:18:24.099,19.464,2
Lower/Y north,7901.0,2026-02-28 19:24:05.983,2026-02-28 19:24:29.011,23.028,3
Lower/Y north,7490.0,2026-02-28 20:50:08.322,2026-02-28 20:50:36.840,28.518,3
Lower/Y north,7901.0,2026-03-01 05:17:11.105,2026-03-01 05:17:23.715,12.61,2
Lower/Y north,7901.0,2026-03-01 06:04:09.533,2026-03-01 06:04:20.777,11.244,2
Lower/Y north,7901.0,2026-03-01 07:42:29.846,2026-03-01 07:42:58.908,29.062,3
Lower/Y north,7490.0,2026-03-01 08:44:53.875,2026-03-01 08:45:08.132,14.257,2
Lower/Y north,7901.0,2026-03-01 08:45:19.643,2026-03-01 08:45:55.562,35.919,4
Lower/Y north,7490.0,2026-03-01 10:18:32.895,2026-03-01 10:18:58.668,25.773,2
Lower/Y north,7490.0,2026-03-01 13:13:41.757,2026-03-01 13:13:59.303,17.546,2
Lower/Y north,7490.0,2026-03-01 13:20:58.502,2026-03-01 13:21:10.287,11.785,2
Lower/Y north,7901.0,2026-03-01 17:41:41.148,2026-03-01 17:42:09.390,28.242,3
Lower/Y north,7490.0,2026-03-01 17:53:31.241,2026-03-01 17:53:44.126,12.885,2
Lower/Y north,7490.0,2026-03-01 20:01:39.490,2026-03-01 20:02:16.200,36.71,2
Lower/Y north,7452.0,2026-03-01 20:02:27.989,2026-03-01 20:35:18.131,1970.142,170
Lower/Y north,7490.0,2026-03-01 23:52:14.137,2026-03-01 23:52:51.699,37.562,4
Lower/Y north,7901.0,2026-03-01 23:56:44.746,2026-03-01 23:57:06.403,21.657,2
Lower/Y north,7901.0,2026-03-02 01:29:55.578,2026-03-02 01:30:06.541,10.963,2
Lower/Y north,7901.0,2026-03-02 01:33:59.042,2026-03-02 01:35:14.983,75.941,5
Lower/Y north,7901.0,2026-03-02 04:54:07.416,2026-03-02 04:54:18.654,11.238,2
Lower/Y north,7901.0,2026-03-02 04:58:16.911,2026-03-02 04:58:34.180,17.269,2
Lower/Y north,7901.0,2026-03-03 00:29:54.497,2026-03-03 00:30:10.399,15.902,2
Lower/Y north,7901.0,2026-03-03 00:36:02.179,2026-03-03 00:36:15.581,13.402,2
Lower/Y north,7490.0,2026-03-03 04:34:06.248,2026-03-03 04:34:18.857,12.609,2
Lower/Y north,7901.0,2026-03-03 12:53:18.657,2026-03-03 12:53:48.541,29.884,2
Lower/Y north,7490.0,2026-03-03 17:03:30.197,2026-03-03 17:03:52.131,21.934,2
Lower/Y north,7901.0,2026-03-03 17:04:03.917,2026-03-03 17:04:16.256,12.339,2
Lower/Y north,7901.0,2026-03-03 22:08:45.286,2026-03-03 22:09:10.505,25.219,2
Lower/Y north,7490.0,2026-03-03 23:36:32.894,2026-03-03 23:36:47.393,14.499,2
Lower/Y north,7901.0,2026-03-04 01:09:05.581,2026-03-04 01:09:31.356,25.775,3
Lower/Y north,7490.0,2026-03-04 01:12:54.785,2026-03-04 01:13:30.424,35.639,3
Lower/Y north,7452.0,2026-03-04 08:22:47.384,2026-03-04 08:24:39.530,112.146,6
Lower/Y north,7452.0,2026-03-04 08:39:59.395,2026-03-04 08:41:50.130,110.735,4
Lower/Y north,7412.0,2026-03-04 11:41:42.166,2026-03-04 11:42:02.457,20.291,2
Lower/Y north,7452.0,2026-03-05 00:19:48.243,2026-03-05 00:20:13.471,25.228,2
