date,Upper axis current_mean,Upper axis current_max,Upper axis current_std,Lower axis current_mean,Lower axis current_max,Lower axis current_std,Upper/X following error_mean,Upper/X following error_max,Upper/X following error_std,Lower/Y following error_mean,Lower/Y following error_max,Lower/Y following error_std,Upper/X velocity_mean,Upper/X velocity_max,Upper/X velocity_std,Lower/Y velocity_mean,Lower/Y velocity_max,Lower/Y velocity_std,Antenna azimuth velocity_mean,Antenna azimuth velocity_max,Antenna azimuth velocity_std,Antenna elevation velocity_mean,Antenna elevation velocity_max,Antenna elevation velocity_std,Movement warning_count,Antenna alarm_count,Antenna brake_count,samples,tracking_samples,tracking_ratio,failed_movement_attempts,failed_movement_rate,error_spikes,error_spike_ratio
2016-02-11,0.0,0.0,0.0,0.0,0.0,0.0,0.0,0.0,0.0,0.0,0.0,0.0,0.0,0.0,0.0,0.0,0.0,0.0,0.0,0.0,0.0,0.0,0.0,0.0,0.0,0.0,18.0,19.0,0.0,0.0,1.0,0.05263157894736842,0.0,0.0
2021-02-09,0.039668966010109816,3.430677,0.2718569281627108,0.12448109569461391,5.624439,0.6625035799172192,-6.164371622799372e-06,0.011588,0.00044925947592464006,3.095223984660972e-05,0.023401,0.0009621041056618567,-0.0025355950845389573,5.056381,0.15062443520499583,-0.0005043414676660281,5.088947,0.24109591040224984,-2.995549748823427,433.965317,74.50952517531373,0.002300954854453547,6.57386,0.22257084845605046,250.0,0.0,5499.0,5738.0,190.0,0.033112582781456956,1.0,0.0001742767514813524,0.0,0.0
2021-02-10,0.026659308369024193,3.563341,0.1902734520445443,0.11587993112628776,6.686392,0.6372363654379617,5.965852529227919e-06,0.0121,0.0004596084115639932,1.3649149207084155e-05,0.024368,0.0009937173500293693,-0.00034096689431647147,5.006488,0.07700952552806513,0.0001424838522977201,5.151288,0.22605155332605528,0.6512538556545896,1439.996057,27.2987324019918,0.0006761178377126984,6.601927,0.2067517691465007,342.0,0.0,8312.0,8640.0,317.0,0.036689814814814814,1.0,0.00011574074074074075,0.0,0.0
2021-02-11,0.05097917559902766,3.687674,0.2850772138626352,0.1416723076744994,5.527024,0.6871662438457125,-6.330362310452599e-06,0.010083,0.0004914483661015386,-2.028707026276188e-06,0.044212,0.0014470598009338313,-4.296689431647213e-05,5.107615,0.1689955850121219,0.0014359775436971875,5.216006,0.26849369889934943,0.016146123741173742,20.745817,3.6266263091133717,0.0004134150943396221,5.809877,0.25400134407382063,464.0,0.0,8196.0,8640.0,427.0,0.049421296296296297,1.0,0.00011574074074074075,0.0,0.0
2021-02-12,0.06993141724537037,3.783807,0.3390896971784284,0.19634663703703706,5.850032,0.7841786227407618,-3.0104166666666735e-07,0.027586,0.0006543232444334247,-2.156412037037037e-05,0.095009,0.0020371256239015106,-0.0021525783564814815,5.022658,0.1897908723776137,-0.0006534304398148156,5.116068,0.359223922312037,2.343127573842592,1433.772708,61.70914645849903,0.0007318061342592583,6.366194,0.33734757731830733,659.0,0.0,8014.0,8641.0,604.0,0.0698993172086564,1.0,0.0001157273463719477,0.0,0.0
2021-02-13,0.0555115693287037,3.689596,0.29281094611851927,0.18083557407407405,6.617176,0.7749828070815848,-3.928472222222222e-06,0.009558,0.000547427455515933,-2.353935185185187e-06,0.027036,0.0014266842235720386,-0.0003611061342592593,5.043374,0.16823526406993244,0.002117700231481482,5.145394,0.31137163351705577,-0.0011631326388888933,10.410083,2.418301741369139,0.0002108121527777777,5.792211,0.3015674811544627,571.0,0.0,8096.0,8641.0,526.0,0.060872584191644485,1.0,0.0001157273463719477,0.0,0.0
2021-02-14,0.07234098043981481,3.488357,0.35412112322255623,0.1816929099537037,5.368725,0.7464336484641673,-1.994618055555556e-05,0.008948,0.0006267314202884292,-2.860763888888886e-06,0.02544,0.0015929865182008575,-9.303101851851944e-05,5.078696,0.14652789095917795,-0.0008027357638888876,5.092157,0.33160114013934056,-0.0425845620370371,1430.82542,23.285192728283736,0.0018461342592592594,5.743609,0.28076860451476116,619.0,0.0,8048.0,8641.0,571.0,0.06608031477838214,1.0,0.0001157273463719477,0.0,0.0
2021-02-15,0.0283708224537037,3.713309,0.21737134555806195,0.08945055625000001,5.220679,0.5433512910667735,6.64467592592593e-07,0.01077,0.00031876403759997633,-5.019328703703704e-06,0.023695,0.0011765540967219766,0.000412644675925926,5.115763,0.12356918204284856,-0.0013981339120370366,5.156109,0.2261175167957809,0.2836859581018519,650.690341,39.29362368685618,-0.0006234844907407407,5.07334,0.21234888152597278,294.0,0.0,8362.0,8641.0,267.0,0.030899201481310035,2.0,0.0002314546927438954,0.0,0.0
2021-02-16,0.024398950457228848,3.5768,0.2106636237848305,0.06022528822780414,5.30015,0.43385257536582617,-6.075008681560365e-06,0.009035,0.0003390013327574037,2.4537909480263923e-05,0.043609,0.001131710040721275,0.0005530481537214955,4.998022,0.14242072329869387,-0.00031534818844773725,5.086382,0.2059236256766384,22.162088037388582,1439.946924,488.2710551939806,-0.0016229319365667324,6.759568,0.2100473274020741,213.0,0.0,8438.0,8641.0,190.0,0.02198819581067006,4.0,0.0004629093854877908,0.0,0.0
2021-02-17,0.022751993634259258,3.507584,0.20165551519089323,0.05875295208333334,4.798334,0.4310650950052005,5.611342592592592e-06,0.011531,0.000298381052619992,5.0631944444444516e-06,0.16821,0.0020887640665689217,0.0003924130787037031,5.076369,0.1360885546228378,-0.0005434913194444446,5.127472,0.19452184429723432,-66.25610764108797,1436.786517,370.01307134924923,-0.0010098214120370375,6.672044,0.19722842721312517,205.0,0.0,8448.0,8641.0,179.0,0.020715195000578637,3.0,0.0003471820391158431,0.0,0.0
2021-02-18,0.01778072986111111,3.481948,0.16929393960911454,0.05503008506944444,5.424482,0.4248916128786826,1.1928240740740744e-06,0.005213,0.00023031421908615318,-1.1627083333333332e-05,0.022157,0.0009177235607260074,0.0012379774305555553,5.035952,0.15007759281944785,-0.00030265474537037,5.077184,0.19896683909715604,11.851084194560185,1157.376653,108.43143703817323,0.00015098900462962896,6.937549,0.2161914671467911,183.0,0.0,8469.0,8641.0,162.0,0.018747830112255524,1.0,0.0001157273463719477,0.0,0.0
2021-02-19,0.010030575694444445,2.830164,0.11600363534053373,0.045348067129629625,5.710318,0.40297057935606506,1.8341435185185185e-06,0.005984,0.00018323193258564918,7.050925925925926e-07,0.019612,0.0005336491222176799,-0.0006661392361111111,0.207234,0.016035356499185388,-0.0013320668981481483,4.962973,0.14125626950035855,0.12742431898148152,1417.741291,29.391117560183297,0.00015135659722222245,5.016075,0.12428410591291267,134.0,0.0,8513.0,8641.0,120.0,0.013887281564633723,1.0,0.0001157273463719477,0.0,0.0
2021-02-20,0.008130385185185187,2.501389,0.09486530800615516,0.047046719328703704,5.211066,0.4146283725966745,-1.1293981481481482e-06,0.003058,0.00014891183853569013,-9.712384259259258e-06,0.023195,0.0007227569964519416,2.808576388888894e-05,5.015665,0.05551624341017464,4.90815972222227e-05,5.07866,0.13903080628224065,-38.26920814710648,1429.119397,203.78137894819918,-0.0018648921296296295,4.886176,0.13798276651359292,136.0,0.0,8510.0,8641.0,124.0,0.014350190950121513,2.0,0.0002314546927438954,0.0,0.0
2021-02-21,0.006038373263888889,1.820124,0.06837369909512597,0.04916929189814815,5.843623,0.430221172680579,-8.162037037037035e-07,0.003007,0.00010960563013851128,-6.451388888888892e-07,0.020738,0.0006607300145297285,7.032199074074062e-05,5.053347,0.05535737100411188,-0.0002826106481481484,5.048032,0.16045331083043293,0.2743408873842592,1411.51985,22.41574202991578,-3.559583333333322e-05,5.109363,0.16142917715893265,135.0,0.0,8511.0,8641.0,125.0,0.014465918296493461,1.0,0.0001157273463719477,0.0,0.0
2021-02-22,0.005382203472222223,1.861782,0.05536407777241515,0.0507448849537037,5.557787,0.44291355710171665,1.3449074074074073e-06,0.003096,0.00010767483739127557,-3.45162037037037e-06,0.011068,0.0005294183716315586,0.0004934987268518519,4.985684,0.06674475282086016,0.0008274480324074075,5.061716,0.14515082905680105,0.9535376055555556,1425.969434,37.99457426494855,-0.0007085167824074078,5.061716,0.15591077888372068,136.0,0.0,8510.0,8641.0,126.0,0.01458164564286541,1.0,0.0001157273463719477,0.0,0.0
2021-02-23,0.006017677662037037,1.65862,0.06299516045282595,0.04942928356481481,5.597522,0.43492816787149463,3.8113425925925933e-07,0.003268,0.00011119478977839246,2.752314814814816e-06,0.017967,0.0005499836792613374,-0.0006610883101851852,0.084373,0.010310227217601761,-2.3720717592592413e-05,5.021467,0.1397462300032631,1.285557539351852,1424.548422,40.98594885420113,-1.8996296296296278e-05,5.109946,0.13582552520875635,134.0,0.0,8512.0,8641.0,124.0,0.014350190950121513,1.0,0.0001157273463719477,0.0,0.0
2021-02-24,0.008429244212962964,2.187994,0.08985963383175051,0.048893280208333334,5.496902,0.43368238023445355,-1.0459490740740742e-06,0.003154,0.00015323016163686816,-2.516550925925925e-06,0.024561,0.0006340737159131068,-0.00041703622685185183,1.146746,0.01785846102885718,0.0009968680555555555,5.283942,0.13096982164139384,4.200970544328704,1423.308464,76.60565793919295,-0.00034978287037037026,5.044756,0.12447570831570307,134.0,0.0,8512.0,8641.0,124.0,0.014350190950121513,1.0,0.0001157273463719477,0.0,0.0
2021-02-25,0.009933996990740742,2.594317,0.10999048009612944,0.04753131805555556,5.25016,0.4267372345368528,-1.1126157407407416e-06,0.003587,0.00015478550121423649,-2.51412037037037e-06,0.010495,0.00046666386549762916,0.0001681284722222223,4.938876,0.05924816946581404,0.0008141644675925927,5.03797,0.13229313365715936,4.972154593749999,1424.978693,82.48431011297326,0.0002549864583333334,5.058227,0.12552976149717765,131.0,0.0,8515.0,8641.0,121.0,0.014003008911005671,1.0,0.0001157273463719477,0.0,0.0
2021-02-26,0.01713012349537037,3.419141,0.16442035351183626,0.05248092175925926,5.683401,0.43094672319067373,-7.013888888888887e-07,0.007194,0.00021528892271426679,4.7418981481481197e-07,0.030407,0.0009963517721321147,0.00013749120370370367,5.080781,0.10992734827984915,0.0005470759259259262,5.103644,0.16497049418963566,6.733221352777777,1424.693244,96.70785647945378,0.0010176730324074077,5.418318,0.16133946581476893,166.0,0.0,8483.0,8641.0,150.0,0.017359101955792152,1.0,0.0001157273463719477,0.0,0.0
2021-02-27,0.018767060416666665,3.533219,0.1782666253570844,0.05225683275462963,5.405255,0.4262160294238298,2.1528935185185186e-06,0.005117,0.00021057479283208993,3.0966435185185203e-06,0.030785,0.0008142504827315865,7.11766203703703e-05,4.952407,0.10306460880519286,-6.582337962962951e-05,5.179507,0.17490805666883077,7.935569818055557,1426.230914,105.86546113806237,0.0009326837962962962,5.440934,0.16633681676539727,170.0,0.0,8479.0,8641.0,153.0,0.017706283994907996,1.0,0.0001157273463719477,0.0,0.0
2021-02-28,0.025343143055555555,3.515275,0.2092144930181022,0.06057481249999999,5.690451,0.4441961127999204,-4.152893518518519e-06,0.005059,0.0002753795026401227,3.118055555555566e-07,0.025008,0.0008260845577131722,0.0004323097222222223,5.061672,0.1424272462673977,0.00038154467592592617,5.076156,0.2053228281927159,6.362667917708334,1423.673621,94.26148505747439,0.0005035708333333331,5.269017,0.19744446430266885,212.0,0.0,8440.0,8641.0,192.0,0.022219650503413957,1.0,0.0001157273463719477,0.0,0.0
2021-03-01,0.026064735300925925,3.580004,0.2148663667756183,0.06117705451388889,5.536637,0.4413703672102671,1.3511574074074079e-06,0.01038,0.0003257803010609655,4.100578703703702e-06,0.017969,0.0008080771159098728,-9.621226851851848e-05,4.886227,0.13085743722219526,-6.64077546296305e-05,5.087644,0.20136098803116673,8.23150487650463,1427.904742,109.24074661490182,-0.0010747283564814822,5.650362,0.19532395360748647,219.0,0.0,8434.0,8641.0,197.0,0.022798287235273697,1.0,0.0001157273463719477,0.0,0.0
2021-03-02,0.02655378472222222,3.604999,0.2171079548214288,0.06211568993055556,5.298868,0.44102152676001455,4.840972222222222e-06,0.007232,0.0002853667465824981,-1.6123842592592588e-06,0.027611,0.000825746462530356,-0.0012828324074074077,5.017785,0.15016322372615074,-0.0004434192129629627,5.122108,0.21795629790646612,9.946366651041666,1427.663909,119.2388047352008,-0.0010772659722222216,5.511539,0.21973717949574145,221.0,0.0,8431.0,8641.0,201.0,0.023261196620761485,1.0,0.0001157273463719477,0.0,0.0
2021-03-03,0.025551876273148148,3.412732,0.2152414732415396,0.060419559490740724,4.929075,0.43026685848188245,1.6526620370370358e-06,0.007479,0.00026517769851226074,-1.7522106481481482e-05,0.019747,0.0007934468414703914,-0.0002464032407407403,5.109939,0.12677028291973666,-0.0009174636574074068,5.061245,0.19991260310669934,17.955927190046296,1430.682887,157.56795052758912,-0.001197900694444445,6.108025,0.20313492876512043,218.0,0.0,8434.0,8641.0,197.0,0.022798287235273697,1.0,0.0001157273463719477,0.0,0.0
2021-03-04,0.04177575714716168,3.5303355,0.2550403115815196,0.10262452567355065,4.902798499999999,0.5259873238986988,5.74070302309083e-06,0.008715,0.0003473463923192174,-1.576301413303953e-07,0.0133435,0.0009265255391542102,0.0012984028948810906,5.0172565,0.1781860830134207,-0.0007995561534680927,3.176074,0.2604574141402932,35.347679604455244,726.727661,156.6091319137514,-0.0008970344469000275,6.0869295,0.26490866420338655,108.0,0.0,4218.0,4320.5,98.0,0.0379432023286969,0.5,7.055171440666009e-05,0.0,0.0
2021-03-05,0.02406655787037037,3.473617,0.20466336684561398,0.059965596874999985,6.104465,0.4336094375681656,-2.775578703703703e-06,0.00943,0.0002936947935670435,-5.12141203703704e-06,0.021411,0.0009101355258967409,6.808113425925915e-05,5.063955,0.14969740289823952,-0.0007496089120370373,4.994712,0.2090205578517161,24.908591169560182,1430.467092,186.7916252889624,0.0007675675925925924,6.99774,0.20799599508868294,210.0,0.0,8442.0,8641.0,188.0,0.021756741117926165,2.0,0.0002314546927438954,0.0,0.0
2021-03-06,0.017435807407407408,3.249306,0.1739801962170103,0.051498077314814816,6.585772,0.4131879594032027,-3.7282407407407415e-06,0.006937,0.0002456097523916264,-3.4605324074074077e-06,0.021322,0.0008082611526072073,-0.00023885405092592595,5.067308,0.09617656744424156,-0.0009874119212962965,5.086995,0.1653015388753476,1.7386052275462962,1422.59311,51.14540035744253,4.628252314814853e-05,5.408098,0.1603977449357122,168.0,0.0,8481.0,8641.0,152.0,0.017590556648536048,1.0,0.0001157273463719477,0.0,0.0
2021-03-07,0.011084110763888889,2.887204,0.1271010096122287,0.04450245081018518,5.799402,0.39590258421773644,1.5499999999999998e-06,0.006629,0.00016759481783641466,-1.637268518518518e-06,0.025447,0.0006095319839045816,3.0386458333333316e-05,4.918751,0.05552622575451475,0.00010004398148148176,5.051475,0.14059368840287934,-0.15016600428240745,27.080435,6.396890304734872,-9.272175925925941e-05,5.051475,0.13614038542223542,131.0,0.0,8515.0,8641.0,120.0,0.013887281564633723,1.0,0.0001157273463719477,0.0,0.0
2021-03-08,0.009234731828703704,2.712882,0.10762534407797816,0.045958024884259256,5.108524,0.4053484433720842,-1.8510416666666667e-06,0.005058,0.00013951749210872787,3.6692129629629623e-06,0.013646,0.0005127905857309488,-0.0005656047453703704,0.179252,0.015044170645812519,-0.00046527106481481444,5.012262,0.12923746823382604,0.24668171064814814,1408.039561,16.860566135652043,0.0007110590277777781,5.004972,0.11562924413842547,134.0,0.0,8512.0,8641.0,124.0,0.014350190950121513,2.0,0.0002314546927438954,0.0,0.0
2021-03-09,0.0066366842592592585,2.171331,0.08031793299522598,0.048973391435185185,6.053194,0.4312134885997374,-5.940972222222221e-07,0.003419,0.00014063404021650926,2.1520833333333343e-06,0.024543,0.000683603336705007,-0.00010796817129629622,3.932298,0.04404661227178206,-0.00014731655092592598,5.079348,0.14032837288268785,0.6141846173611113,1420.621445,37.98557812322685,0.0013180344907407413,5.079348,0.13197536458340622,134.0,0.0,8513.0,8641.0,122.0,0.014118736257377619,1.0,0.0001157273463719477,0.0,0.0
2021-03-10,0.005227916319444444,1.552232,0.057884949497147876,0.048680317824074074,5.160436,0.4269153324731752,1.590625e-06,0.004593,0.00012897621528539378,-1.887118055555556e-05,0.027363,0.000685006211881664,-0.0006188180555555554,0.085054,0.009815861452839875,4.5319560185184905e-05,5.092196,0.13825109615014905,0.3377240979166666,1419.701368,22.493818635074035,8.00681712962963e-05,5.092196,0.13250862854374043,135.0,0.0,8511.0,8641.0,125.0,0.014465918296493461,1.0,0.0001157273463719477,0.0,0.0
2021-03-11,0.005498143171296296,1.259987,0.05518251431632202,0.05034618356481481,5.337321,0.441236847216096,3.4166666666666685e-07,0.004161,9.923842738848985e-05,-1.4167361111111111e-05,0.017169,0.0005321372268912666,-0.0006217837962962963,0.049199,0.009385261924445899,-0.0009857422453703702,4.99824,0.13941269076665114,0.0726466462962963,38.673326,6.912687547646076,-6.750960648148167e-05,4.975742,0.13269908386507887,135.0,0.0,8511.0,8641.0,125.0,0.014465918296493461,1.0,0.0001157273463719477,0.0,0.0
2021-03-12,0.006675330555555556,1.877804,0.06961950797446628,0.04923709027777778,5.38731,0.4341201385334866,-1.917013888888889e-06,0.00422,0.00015027636596371338,-1.90856481481482e-07,0.011614,0.0006262159819929902,-0.0006471855324074073,0.118252,0.011851175857930836,-0.0005958820601851852,5.019067,0.148739824808539,3.869087607638889,1424.087241,73.49680918543498,-0.0005202302083333342,5.019067,0.14323595156481322,135.0,0.0,8511.0,8641.0,125.0,0.014465918296493461,1.0,0.0001157273463719477,0.0,0.0
2021-03-13,0.008669206018518519,2.32194,0.09480020257177049,0.048380197916666666,5.506516,0.43199698985700496,3.1504629629629643e-07,0.00425,0.00013446487616509866,-3.246296296296295e-06,0.017871,0.0005958284540814377,-0.0005382415509259258,0.16349,0.01364380450307314,0.00011925891203703661,4.949033,0.13893381464076368,3.595642103472222,1424.360905,70.36335060522029,0.0011144699074074076,5.033849,0.13270556013054444,133.0,0.0,8513.0,8641.0,122.0,0.014118736257377619,1.0,0.0001157273463719477,0.0,0.0
2021-03-14,0.010357770254629629,2.902585,0.11578643479313235,0.04658140787037038,5.373852,0.4188094330578443,-1.8127314814814817e-06,0.002826,0.00013019029364461242,-9.745370370370399e-08,0.015515,0.000536897695600951,-0.0006437378472222224,0.175787,0.01693820933340644,0.0011881481481481485,5.182031,0.13956847442260756,12.139375062500001,1426.43321,130.33445308353978,-0.00010711377314814814,4.936091,0.13234164422513234,131.0,0.0,8515.0,8641.0,120.0,0.013887281564633723,1.0,0.0001157273463719477,0.0,0.0
2021-03-15,0.017316754166666667,3.530656,0.1672022398296273,0.051753023379629635,5.505875,0.42510899097271726,-3.4270833333333295e-07,0.009189,0.00022687245645756216,1.6211226851851856e-05,0.023417,0.0006958301602657968,0.00025880821759259213,5.014129,0.10802676064666213,-0.0004826805555555549,5.059883,0.18074100627719963,13.581943277314815,1428.237587,138.1272276389192,-6.251736111111282e-06,5.221484,0.17423223616710332,169.0,0.0,8480.0,8641.0,154.0,0.017822011341279944,1.0,0.0001157273463719477,0.0,0.0
2021-03-16,0.01904781990740741,3.503098,0.1802419235479179,0.05201427546296296,5.422559,0.42185155994690837,-2.15474537037037e-06,0.005036,0.0002550118827037499,9.615277777777776e-06,0.034521,0.0009550495145903633,0.0008421930555555556,5.025214,0.12146553001089788,-0.00021136365740740713,5.088891,0.19512882157316644,5.544868300810185,1422.395041,87.81117995220919,-5.478206018518477e-05,5.191616,0.1857604704629944,171.0,0.0,8478.0,8641.0,156.0,0.01805346603402384,1.0,0.0001157273463719477,0.0,0.0
2021-03-17,0.02531821875,3.610126,0.21018956916172327,0.05965457199074075,5.047639,0.4343804670272908,6.2650462962963e-07,0.005972,0.00028358927341511927,4.334259259259259e-06,0.014086,0.0008247528219696064,-0.0015028516203703705,4.994888,0.12505265197018503,0.0005886800925925921,5.113707,0.2086704679820791,10.585071546875,1426.429714,123.02534582685882,-0.000476572222222222,5.791273,0.20327347509292235,215.0,0.0,8437.0,8641.0,195.0,0.0225668325425298,1.0,0.0001157273463719477,0.0,0.0
2021-03-18,0.026342824999999997,3.580645,0.21604479075880464,0.06117750069444446,5.115574,0.43843461795116184,5.095833333333333e-06,0.004509,0.00024142544687759472,9.056712962962973e-07,0.03233,0.001046017774534441,-0.00013702650462962978,5.013063,0.13010033507910607,9.316041666666655e-05,5.030674,0.1945441109255279,11.811416727430554,1428.915618,128.93037442150913,0.0010083276620370366,5.540146,0.1841197100194099,220.0,0.0,8433.0,8641.0,197.0,0.022798287235273697,1.0,0.0001157273463719477,0.0,0.0
2021-03-19,0.02637880127314815,3.46144,0.21833954402282127,0.06172225555555555,5.039308,0.4399375684290683,4.586921296296297e-06,0.005634,0.0002717998416497635,6.452083333333332e-06,0.027395,0.0008770937955095612,0.000584064699074074,5.10996,0.12245992882068057,-0.0012983248842592587,5.036157,0.20171859574031928,21.208502385069444,1430.590355,172.26778054475457,-1.692268518518583e-05,5.877167,0.1988724621008115,220.0,0.0,8432.0,8641.0,200.0,0.023145469274389537,1.0,0.0001157273463719477,0.0,0.0
2021-03-20,0.02547310081018519,3.472976,0.2130713575627325,0.06158710462962964,6.032685,0.4376535673702275,2.185879629629629e-06,0.011903,0.000273217268962667,-5.561226851851855e-06,0.036635,0.001027723718303438,-0.0006315553240740744,5.054085,0.1450433393106776,-0.0007759609953703709,5.050289,0.2192298228328754,57.39293360625,1433.955115,280.2409790139028,-0.0008588888888888887,5.701311,0.22151875380734523,218.0,0.0,8434.0,8641.0,198.0,0.02291401458164564,1.0,0.0001157273463719477,0.0,0.0
2021-03-21,0.02522490462962963,3.462722,0.21164534085671718,0.06133423506944445,5.942961,0.43897952123958534,4.550231481481482e-06,0.00736,0.0002915623434062597,-1.0416435185185185e-05,0.046656,0.0011587912098995872,0.0006687353009259258,5.00193,0.1363962012894184,0.0014063932870370369,5.064781,0.20385792486988125,76.88600397719907,1433.983208,321.8474914773786,-0.0006343769675925923,6.691675,0.20110871406049918,214.0,0.0,8439.0,8641.0,193.0,0.022335377849785905,1.0,0.0001157273463719477,0.0,0.0
2021-03-22,0.018371252314814814,3.409528,0.17841491319198324,0.05077633587962963,4.866909,0.40363384356530996,-6.414351851851854e-07,0.005649,0.0002548044680810546,1.601388888888889e-06,0.029141,0.000856417782061211,0.00032731597222222244,5.100948,0.11076767457342064,0.00035843680555555575,5.114192,0.1813104159636272,11.674292242939815,1426.0345,127.69031072279861,0.0010653443287037038,5.604016,0.17647984885641999,171.0,0.0,8478.0,8641.0,156.0,0.01805346603402384,1.0,0.0001157273463719477,0.0,0.0
2021-03-23,0.016934816898148148,3.333903,0.16501405300301838,0.052096240509259255,5.302713,0.4147340677436873,1.4697916666666672e-06,0.010248,0.000226842788950637,6.608680555555554e-06,0.037098,0.0008011427845952672,0.0002404109953703705,5.067463,0.127562132437656,0.0007167206018518512,4.995314,0.18237268109266058,24.198300393865747,1439.991143,345.17583772510613,-0.0009110221064814817,6.951502,0.1858203385724186,173.0,0.0,8476.0,8641.0,153.0,0.017706283994907996,3.0,0.0003471820391158431,0.0,0.0
2021-03-24,0.010531862962962962,2.803247,0.12093698274721702,0.045047651157407415,5.12711,0.40076000399825823,3.655092592592589e-07,0.00616,0.00017172245059177604,3.615277777777778e-06,0.020594,0.000631809730090356,-0.000624639351851852,4.757647,0.07584275995733444,0.0005762871527777777,5.135178,0.15016211985357641,-0.11971291932870375,37.91347,17.23816258980694,-0.0003238836805555554,5.162299,0.1430783278039787,131.0,0.0,8515.0,8641.0,121.0,0.014003008911005671,1.0,0.0001157273463719477,0.0,0.0
2021-03-25,0.008518181944444442,2.584704,0.101622387042726,0.047454766087962966,5.287973,0.4172070187613679,1.189814814814815e-06,0.003114,0.0001212915776129027,1.924768518518532e-07,0.018826,0.0005802071985131732,-0.0005520165509259258,0.152748,0.014023128291201418,-0.0003400054398148144,4.948458,0.14452893494219268,0.6387639513888888,1424.285425,31.26159398991865,0.0009298976851851848,5.093251,0.1326090236378252,133.0,0.0,8513.0,8641.0,123.0,0.014234463603749565,1.0,0.0001157273463719477,0.0,0.0
2021-03-26,0.006462753411423741,2.12711,0.07706384590862199,0.05051001606086222,5.66802,0.43571751145832266,9.830938292476757e-07,0.004591,0.00011710441871777938,-1.8172925975123782e-06,0.018272,0.0006046348667160669,-1.9928390291027632e-05,4.240658,0.04795289219137818,0.0005324889506098294,5.07394,0.14585328921753718,2.6910182624079213,1424.171613,77.87317299360487,-0.0010060311556575286,5.047162,0.14454958836758294,134.0,0.0,8153.0,8283.0,120.0,0.014487504527345164,2.0,0.00024145840878908608,0.0,0.0
2021-03-27,0.005656398529404216,1.148152,0.05423515687307924,0.052979687804003306,5.708716,0.4449791941226936,-1.109734715862329e-06,0.002356,0.00012457783291571774,-7.759462829887805e-07,0.0102715,0.0005518547277734093,0.00041279873271379743,3.5502765,0.05926467041800464,-0.0006341653650254572,2.9860925,0.14466670300688056,-0.17151140651303562,716.6274900000001,17.404786334553545,-0.0006765498880208272,4.988607,0.14497287330185696,67.5,0.0,4255.5,4320.5,62.5,0.015605248856336696,0.5,9.137426900584795e-05,0.0,0.0
2021-03-28,0.005709398379629629,1.425336,0.05808079630967188,0.04966546157407408,5.395642,0.43493326778234764,-2.620370370370373e-07,0.003236,0.00010710826283967088,8.286805555555554e-06,0.024093,0.0006812892246865623,-0.0006532318287037036,0.066926,0.009973231824104076,0.0005653718749999994,5.030506,0.15006351094353151,0.276153887037037,33.857903,7.159460104122833,0.0005731313657407403,5.030506,0.14626155960326465,135.0,0.0,8511.0,8641.0,125.0,0.014465918296493461,1.0,0.0001157273463719477,0.0,0.0
2021-03-29,0.007547428472222221,2.14185,0.07914910815200632,0.04988383981481481,5.404614,0.44156361687540474,2.6199074074074076e-06,0.007815,0.0001569419539697342,-4.940509259259261e-06,0.02121,0.0006435400599086508,-0.0005550092592592591,0.116602,0.012184403251944797,-0.00016662951388888883,5.046096,0.15928485723979965,4.08375215787037,1424.338449,75.13310460039469,0.00015177476851851833,5.007868,0.150035295457233,135.0,0.0,8511.0,8641.0,125.0,0.014465918296493461,1.0,0.0001157273463719477,0.0,0.0
2021-03-30,0.009457855208333333,2.650716,0.1048025794012208,0.047734562268518514,5.425764,0.4270998051820806,-5.86574074074074e-07,0.003695,0.00011987080634768943,-2.217361111111112e-06,0.019405,0.0005432535541526896,-3.902083333333207e-06,4.996385,0.05579172064181619,0.0002583324074074074,5.148628,0.15207276343262877,3.599547557523148,1422.302997,72.27228380486575,-0.0006224535879629626,5.082458,0.14289658394244137,133.0,0.0,8513.0,8641.0,123.0,0.014234463603749565,1.0,0.0001157273463719477,0.0,0.0
2021-03-31,0.011067940162037037,3.047426,0.12355008981472562,0.04552587013888889,5.38731,0.4143220564605446,7.150462962962962e-07,0.004235,0.00015766111008443787,-1.0144675925925914e-06,0.014009,0.0005503387020944312,0.00031558472222222245,5.018332,0.06452314711221467,-0.00027833148148148136,5.113767,0.14366385011718327,12.799586920601852,1423.659846,133.69794462090184,0.0005293087962962966,5.302408,0.13448674752593268,130.0,0.0,8516.0,8641.0,119.0,0.013771554218261775,1.0,0.0001157273463719477,0.0,0.0
2021-04-01,0.01822230474537037,3.555651,0.17275348062246224,0.05249160300925926,5.301431,0.42808498744063883,-1.1266203703703704e-06,0.00576,0.0002777982638319475,-6.336689814814816e-06,0.026045,0.0007904740059096858,-0.0010147842592592592,5.110236,0.13375597616764037,-0.00042568703703703723,4.974809,0.19701632837509736,6.507369741435185,1422.942735,92.96789257693791,-0.0006682200231481481,5.322174,0.2082852322197182,171.0,0.0,8478.0,8641.0,156.0,0.01805346603402384,1.0,0.0001157273463719477,0.0,0.0
2021-04-02,0.02461472511574074,3.540269,0.20665024173289837,0.059958624074074075,5.270669,0.44315700534585695,2.4276620370370373e-06,0.010343,0.0002924852802619318,-3.991666666666665e-06,0.02107,0.0010217430890814277,0.0003483126157407406,5.17626,0.12125166346652734,8.681747685185208e-05,5.116902,0.21140640586182438,7.0308925879629625,1424.345632,98.97430622334007,0.00029318703703703694,5.554316,0.1969142393770074,210.0,0.0,8443.0,8641.0,189.0,0.021872468464298113,1.0,0.0001157273463719477,0.0,0.0
2021-04-03,0.02609945011574074,3.637684,0.21510052180616876,0.06089251226851852,5.245033,0.44019491242777714,-3.500578703703704e-06,0.005391,0.0002931903961650441,-1.5300925925925938e-06,0.016127,0.0008396143094895474,0.00010629236111111165,5.04835,0.1417158494477333,0.0004116534722222224,5.07817,0.22191016398465416,9.858107633217594,1425.977785,119.19524872669464,-0.00025823136574074025,5.643074,0.2171925075152282,217.0,0.0,8435.0,8641.0,197.0,0.022798287235273697,1.0,0.0001157273463719477,0.0,0.0
2021-04-04,0.026645912037037037,3.402478,0.2177705396256095,0.061955541782407406,5.291818,0.44205271047702804,1.950462962962962e-06,0.004999,0.00026495467593237775,3.599189814814812e-06,0.03442,0.0008817357315743932,-0.00036957199074074066,5.091711,0.14488352029969423,-0.0005661575231481484,4.99511,0.20766625267822067,21.095948469675925,1430.990157,172.3011555137612,0.00039262337962962985,5.336602,0.19904068689324583,219.0,0.0,8433.0,8641.0,199.0,0.02302974192801759,1.0,0.0001157273463719477,0.0,0.0
2021-04-05,0.026041517476851853,3.569109,0.21624672636575493,0.06193106388888889,5.932066,0.44016793914942093,4.835532407407408e-06,0.005461,0.00024337211241525682,-4.152083333333333e-06,0.023257,0.0008007417843937257,0.00018661041666666664,5.046635,0.112228345381871,-0.0007283254629629624,5.133228,0.194510246302957,21.498575430324074,1431.157951,172.37078286040648,0.0007895341435185191,5.618963,0.18015759222812558,218.0,0.0,8434.0,8641.0,198.0,0.02291401458164564,1.0,0.0001157273463719477,0.0,0.0
2021-04-06,0.025898578935049738,3.585772,0.21614747580521324,0.06142076266822702,4.845119,0.43700144990947587,-2.8987712112346404e-06,0.0064,0.0003106052791683133,-4.98537156231714e-07,0.019116,0.0008818656414808882,0.0005954768870684608,4.992248,0.1121890855329905,-0.001509215330602692,5.108307,0.19690573062329772,-43.78990582235225,1429.507195,205.13383399752362,7.432217671152704e-05,6.025282,0.18610088057912338,217.0,0.0,8340.0,8547.0,195.0,0.022815022815022814,2.0,0.000234000234000234,0.0,0.0
2021-04-07,0.02509635636574074,3.630634,0.21191520331419958,0.06188010300925926,5.311045,0.4406889405962881,2.155324074074075e-06,0.014101,0.0003329916305847384,-1.233136574074074e-05,0.022131,0.0009823729277021308,-0.0003030907407407406,5.071733,0.14575997294808182,-0.0003458472222222226,5.162725,0.21638921458100704,0.014085346875000002,63.151724,2.9017967399324016,-0.00010925034722222252,6.337851,0.2152486422325925,214.0,0.0,8438.0,8641.0,194.0,0.022451105196157853,1.0,0.0001157273463719477,0.0,0.0
2021-04-08,0.01837993113425926,3.431318,0.17850275414388936,0.05176140567129631,5.057253,0.40921004741311057,3.120370370370372e-07,0.006525,0.00023424578335150248,5.509606481481481e-06,0.025017,0.0008277647355185283,-0.000776327662037037,5.028757,0.10992285741542654,0.0006077231481481482,5.165867,0.17778699999973852,10.372108817013888,1425.159343,121.25573863465743,0.0004649912037037039,5.317659,0.16931487890235694,171.0,0.0,8478.0,8641.0,155.0,0.017937738687651892,1.0,0.0001157273463719477,0.0,0.0
2021-04-09,0.010071002777777777,3.320444,0.12943305713117237,0.03118835949074074,6.402478,0.3224169646485539,-6.365740740740722e-08,0.003994,0.00016321992439343383,6.963657407407407e-06,0.031838,0.0006698267579777805,-0.0006319583333333333,5.171595,0.07910937376641114,-0.00026176331018518546,4.997437,0.13458075805819733,0.33637794629629636,1439.997456,16.807882250527694,-0.0002820608796296295,6.226969,0.12725177065212104,104.0,0.0,8542.0,8641.0,94.0,0.010878370558963082,1.0,0.0001157273463719477,0.0,0.0
2021-04-10,0.010255406597222223,2.787866,0.11866733273501286,0.04520972789351852,5.22837,0.3991692636565646,-4.55439814814815e-07,0.006193,0.00020987649393591656,2.8988425925925944e-06,0.031531,0.0006580460449267299,0.0005269163194444446,4.956373,0.07703640364156408,-3.351932870370391e-05,4.983745,0.15950243717669435,-0.0781597064814815,34.315402,6.308910658139274,-0.0004026616898148149,5.090818,0.16650530248449158,133.0,0.0,8513.0,8641.0,123.0,0.014234463603749565,1.0,0.0001157273463719477,0.0,0.0
2021-04-11,0.007849328703703704,2.391797,0.0916558769103118,0.04768731192129629,6.378124,0.42075840634411515,4.997685185185185e-07,0.002847,0.0001326774769257465,-3.9550925925925926e-06,0.012772,0.0006057376694206015,-0.0004911469907407407,0.143591,0.01324648877117347,-0.0008888805555555555,4.998476,0.1402664195419135,0.12336755393518525,1409.385636,22.521022095040692,0.00043433923611111124,4.998476,0.12670110339965374,133.0,0.0,8513.0,8641.0,123.0,0.014234463603749565,1.0,0.0001157273463719477,0.0,0.0
2021-04-12,0.00619310613425926,1.933561,0.07282879105874812,0.04845192719907407,5.079043,0.42369943378883973,7.225694444444443e-07,0.005435,0.00014381468136656473,-3.1427083333333333e-06,0.022152,0.0006463452151701569,3.2798032407407555e-05,5.036548,0.055369163134556726,0.00034704212962962994,4.986128,0.14245553301229866,0.0021887932870370322,27.143347,10.646040431506044,-0.00014232627314814805,5.001866,0.14335136866871323,135.0,0.0,8511.0,8641.0,125.0,0.014465918296493461,1.0,0.0001157273463719477,0.0,0.0
2021-04-13,0.005283549537037037,1.304209,0.053763386215437074,0.05000623078703704,5.423841,0.43774023242502663,-1.2407407407407428e-07,0.005082,0.00012228006873254662,5.108101851851853e-06,0.012884,0.00045156304036393316,-0.0005504206018518519,0.043377,0.009315349649064747,0.0007281828703703706,5.182833,0.15037467618878575,0.45138003993055553,1415.377851,27.24457837594595,0.0005776217592592594,5.182833,0.14445360305488208,135.0,0.0,8511.0,8641.0,125.0,0.014465918296493461,1.0,0.0001157273463719477,0.0,0.0
2021-04-14,0.005752717708333333,1.533647,0.05850785070219673,0.05041116261574074,5.430891,0.4390829415290552,-5.834490740740743e-07,0.006417,0.00012294543138582952,-2.214120370370376e-07,0.017913,0.0006107875512318161,-0.0005340525462962963,0.088779,0.009804536865120169,0.00046455694444444466,4.980038,0.14508289207671798,-0.04023185208333333,30.068719,7.20764203234164,0.0007749396990740741,5.00723,0.14164035318660584,135.0,0.0,8511.0,8641.0,125.0,0.014465918296493461,1.0,0.0001157273463719477,0.0,0.0
2021-04-15,0.007766918055555554,2.427686,0.08269798473538456,0.04909978935185185,5.51677,0.43537670590312183,-3.641203703703705e-07,0.003552,0.0001233345072569859,-4.487731481481481e-06,0.020043,0.0005500687442647588,-0.00034333321759259246,2.411988,0.028855420177840672,-0.0001739537037037037,4.96347,0.1420258525210042,1.1492513575231482,1420.986114,40.888240531569856,-0.001044394212962963,4.96347,0.1367866940449386,134.0,0.0,8512.0,8641.0,124.0,0.014350190950121513,1.0,0.0001157273463719477,0.0,0.0
2021-04-16,0.009720738310185184,2.782098,0.10733338195008721,0.04843724027777777,5.506516,0.43207210462349566,-3.82326388888889e-06,0.005039,0.00017138073560670224,-5.0773148148148154e-06,0.018734,0.0006963287318388605,-0.00014934409722222228,4.466411,0.050495576387016516,-0.0004224059027777774,5.014899,0.14996374836848078,1.6040292317129632,1422.685744,53.40999777857545,-0.0005722413194444448,5.059211,0.14217064836345258,133.0,0.0,8513.0,8641.0,123.0,0.014234463603749565,1.0,0.0001157273463719477,0.0,0.0
2021-04-17,0.011136479050925926,2.896817,0.12507733181385852,0.04556770625,5.477035,0.4150226252061197,-1.237268518518518e-07,0.004037,0.00016338347901472444,4.181018518518519e-06,0.014395,0.0005717151600252436,6.295173611111111e-05,5.104209,0.05746738656965618,-2.134675925925888e-05,5.070769,0.15919636098403295,0.13973015497685187,33.302256,5.062838126165014,0.00013218680555555546,5.2664,0.15289858347715213,131.0,0.0,8515.0,8641.0,121.0,0.014003008911005671,1.0,0.0001157273463719477,0.0,0.0
2021-04-18,0.01791958888888889,3.436445,0.170538451602429,0.052538928124999995,5.50267,0.42886286246295885,-5.068287037037034e-07,0.00562,0.00022620095500470525,-8.544791666666667e-06,0.017863,0.000766833752525728,0.0001460193287037036,5.068343,0.10854080269794138,0.0008577028935185185,5.050337,0.16476974894795698,0.34736320648148145,1439.983908,22.66740476180171,0.0010550608796296294,5.206253,0.15777653608641906,168.0,0.0,8481.0,8641.0,152.0,0.017590556648536048,1.0,0.0001157273463719477,0.0,0.0
2021-04-19,0.025126977509880574,3.5486005,0.20941335381336912,0.05977097722849901,5.2309335,0.4407193125679893,2.0816028009279154e-06,0.005126,0.00025165509093030527,3.6013381733825934e-06,0.02645,0.0010591170541156066,-0.000674488312999399,5.0495255,0.14365428447300255,-4.221710413265735e-05,3.2233490000000002,0.2014155809580751,-0.07709282717909617,9.61594,12.210368333589845,0.0007009255466534925,5.755212,0.20697227651893468,105.0,0.0,4221.0,4320.5,95.0,0.022013757507950857,0.5,0.00012132977432661975,0.0,0.0
2021-04-20,0.02608624675925926,3.523606,0.2145785020811578,0.06055745393518519,5.399487,0.44122439161673616,-9.130787037037034e-07,0.005516,0.00028410008477473814,1.4288194444444454e-06,0.016554,0.0007747675224000683,0.0001237520833333332,5.060173,0.13531369070562557,9.456481481481466e-05,5.078974,0.21527874932072102,-0.06507517708333334,10.365679,2.631107686716163,0.0004735668981481488,5.611372,0.20488567594505114,216.0,0.0,8436.0,8641.0,195.0,0.0225668325425298,1.0,0.0001157273463719477,0.0,0.0
2021-04-21,0.024726658796296295,3.654988,0.21037312356944035,0.06599336284722224,5.298868,0.46572075652159106,1.2976851851851854e-06,0.006841,0.0002447853429958265,-2.2483796296296293e-06,0.022383,0.0008287499428415344,-0.0006675768518518513,4.981732,0.13639811567327606,-0.0011556876157407412,5.075396,0.20641801741688937,0.012629583912037032,10.051598,2.8728526350486274,-0.0011604701388888885,5.270459,0.21196413331136812,221.0,0.0,8431.0,8641.0,185.0,0.021409559078810324,1.0,0.0001157273463719477,0.0,0.0
2021-04-22,0.026122074305555555,3.337748,0.21656298587328604,0.06136479618055555,5.298227,0.43771571008997157,8.737268518518512e-07,0.005859,0.0002758638972924472,-2.5221296296296297e-05,0.025146,0.0009952864296666247,-0.001561955787037037,5.128566,0.14034459652093417,0.000709984375,5.135568,0.20789303406144508,0.44083325289351855,1429.67491,30.9041238752541,0.000393716087962963,6.258628,0.20368232789566437,219.0,0.0,8434.0,8641.0,197.0,0.022798287235273697,1.0,0.0001157273463719477,0.0,0.0
2021-04-23,0.024675846180555554,3.524247,0.21087694295939913,0.06081418125,4.862423,0.43548685109130303,4.488310185185185e-06,0.010141,0.0003078153342319821,-4.564583333333333e-06,0.023289,0.0009045328436462058,0.0005993996527777778,5.118749,0.1446629228157085,-0.000680894444444444,5.111468,0.20806925371520862,0.14720523900462962,1430.267518,15.606157111194797,0.00027234178240740736,6.170578,0.2154341472802443,215.0,0.0,8437.0,8641.0,195.0,0.0225668325425298,1.0,0.0001157273463719477,0.0,0.0
2021-04-24,0.01884895115740741,3.434523,0.18126459278583665,0.05082469849537037,4.955351,0.4049494074424912,-6.770833333333329e-07,0.004702,0.00023070387950031306,5.521064814814816e-06,0.019473,0.0006616056909575874,0.0003063692129629628,5.062009,0.10968876778968474,-0.0009362305555555559,5.118295,0.18133898569356943,28.01956279050926,1431.961091,197.08054704848405,-0.0013112298611111111,6.284133,0.18522241707478854,171.0,0.0,8478.0,8641.0,156.0,0.01805346603402384,1.0,0.0001157273463719477,0.0,0.0
2021-04-25,0.004899163541666666,3.302499,0.09406822058611125,0.010095109953703704,4.145909,0.17259411186011125,-1.0364583333333332e-06,0.004233,9.810390602004106e-05,-1.7815972222222226e-06,0.032711,0.0005771228263292066,-0.00031233043981481476,4.952516,0.07645065143232953,-0.00031610509259259257,5.034532,0.10185169212230222,0.16118036122685184,1413.834897,16.609901662882436,-0.0004634670138888888,5.889115,0.1035595621509388,41.0,0.0,8602.0,8641.0,36.0,0.004166184469390117,1.0,0.0001157273463719477,0.0,0.0
2021-04-26,0.010679327314814815,2.80517,0.12193242178215592,0.04472349814814815,5.428968,0.4006031505048698,1.5326388888888888e-06,0.004586,0.00018269452471738826,2.3444444444444448e-06,0.027788,0.0007044225338918268,2.3292013888888923e-05,5.044277,0.05680424768720796,0.0006511688657407402,5.085558,0.15035638834365336,-23.367392869907402,1424.224333,165.1928871093601,0.00011624456018518529,5.01464,0.14669028763679579,131.0,0.0,8515.0,8641.0,121.0,0.014003008911005671,1.0,0.0001157273463719477,0.0,0.0
2021-04-27,0.008620694675925926,2.488571,0.10076190120536417,0.04620881736111111,5.818628,0.4070322499943936,1.1348379629629632e-06,0.00519,0.00016547929660680707,-2.6620370370370374e-06,0.008611,0.0005355280579597618,-0.000538495486111111,0.165588,0.014064418811239727,0.0005382738425925927,5.050403,0.1471615597453929,0.161363455787037,1439.996965,17.002270990179184,0.0007558166666666663,5.045769,0.13431760015667976,133.0,0.0,8513.0,8641.0,123.0,0.014234463603749565,1.0,0.0001157273463719477,0.0,0.0
2021-04-28,0.006599893287037036,2.057894,0.07957139801932774,0.049443005439814815,6.119205,0.4314380107213332,6.673611111111107e-07,0.004116,0.00012289733075303083,6.300925925925931e-07,0.011164,0.0004798482302620793,8.214907407407407e-05,5.017835,0.055147041686029574,-0.00039665150462962973,5.064686,0.14773568042739224,1.3689235420138888,1439.999406,43.698823730430085,0.0006003443287037036,5.064686,0.1385468589522545,134.0,0.0,8512.0,8641.0,124.0,0.014350190950121513,1.0,0.0001157273463719477,0.0,0.0
2021-04-29,0.005204772685185186,1.700278,0.05536399690953707,0.04948803032407407,5.580218,0.4327300992081937,4.501157407407409e-07,0.006007,0.00011123881892144018,6.479398148148147e-06,0.021788,0.0005607999625752565,-0.0004345978009259261,0.651101,0.011715874327230532,-0.000444490972222222,5.206884,0.15064453672730205,0.6832178725694443,1420.46482,34.70092508484393,-0.00038469467592592595,5.025049,0.1415276759852124,136.0,0.0,8510.0,8641.0,126.0,0.01458164564286541,1.0,0.0001157273463719477,0.0,0.0
2021-04-30,0.005714071875000001,1.362529,0.057990170286541354,0.050354491319444444,5.586627,0.44234529731138816,8.751157407407406e-07,0.003811,9.199617264184562e-05,8.684375e-06,0.0209,0.0005593217382151211,0.0010653938657407408,5.131833,0.08562076680487202,0.0005633332175925926,5.09918,0.14983683666910722,0.7874997211805556,1418.622372,30.964903406118317,0.00034089386574074037,5.100414,0.1564994609519352,135.0,0.0,8511.0,8641.0,125.0,0.014465918296493461,1.0,0.0001157273463719477,0.0,0.0
2021-05-01,0.007370664930555556,2.108524,0.07790522344109979,0.049958238541666665,5.784661,0.4410661957738351,-1.209953703703704e-06,0.003776,0.00012224571546254814,-3.753240740740742e-06,0.017209,0.000623853184769028,0.0005219554398148146,4.906021,0.07340027761122572,-0.0004610400462962964,5.099222,0.14788021876674326,1.652366512037037,1421.535897,46.256609306625585,-0.0006840252314814818,5.078134,0.1520166301685613,135.0,0.0,8511.0,8641.0,125.0,0.014465918296493461,1.0,0.0001157273463719477,0.0,0.0
2021-05-02,0.009237178935185185,2.674429,0.10248882071800355,0.04811916944444444,5.488571,0.42856497988158876,1.1958333333333326e-06,0.003743,0.0001596313551257977,7.077314814814814e-06,0.025277,0.0006275230630213116,3.967604166666663e-05,4.955207,0.055511141567578054,-0.00048349768518518517,4.969596,0.14975609895019593,2.6356430444444436,1423.38842,68.74226930676683,0.0006741987268518519,5.263367,0.14346478133665597,134.0,0.0,8512.0,8641.0,124.0,0.014350190950121513,1.0,0.0001157273463719477,0.0,0.0
2021-05-03,0.011026623958333332,2.81991,0.12294971287611141,0.04681832881944444,5.314249,0.42198368119122676,4.693171296296297e-06,0.005222,0.00019318906542918358,-5.080092592592593e-06,0.016518,0.0005207864626816428,-0.00031925428240740734,4.983191,0.06902180887137015,0.00024408761574074074,5.008141,0.15123144981428546,4.689377129050926,1422.784455,79.55369880816221,0.0001546832175925923,5.276679,0.15084862124078974,132.0,0.0,8514.0,8641.0,122.0,0.014118736257377619,1.0,0.0001157273463719477,0.0,0.0
2021-05-04,0.01767361909722222,3.537065,0.1690858084575251,0.051680700810185186,5.305277,0.42400510015351994,-9.21527777777778e-07,0.006507,0.00025498323094006766,-4.079513888888886e-06,0.0257,0.0008357433086317062,0.0007303643518518521,5.107211,0.09276861097442002,0.001316570949074074,4.999269,0.17181138727388742,16.26912153900463,1425.250228,151.60795709620413,-0.0008161762731481483,5.093025,0.15995636857469803,170.0,0.0,8479.0,8641.0,155.0,0.017937738687651892,1.0,0.0001157273463719477,0.0,0.0
2021-05-05,0.024393010532407406,3.499252,0.20417708658721925,0.05918799965277778,5.385388,0.4397404641691472,3.260069444444444e-06,0.00617,0.0002867998759444628,-2.9559027777777767e-06,0.024498,0.0009414234839862603,-0.00123873587962963,5.101349,0.14786914819798358,-0.00038117569444444464,5.015801,0.21036368375239176,9.517808515277775,1426.731204,115.24420769362877,0.00031861863425925954,5.228274,0.21463960260696452,209.0,0.0,8443.0,8641.0,187.0,0.021641013771554217,1.0,0.0001157273463719477,0.0,0.0
2021-05-06,0.02561900625,3.571673,0.21199799970531824,0.06123713761574073,5.612262,0.444241797104558,-2.7228009259259246e-06,0.005196,0.0002413869455791503,2.130092592592592e-06,0.025378,0.0009266682069170376,1.5179861111111251e-05,5.145105,0.11882484333002004,-9.103738425925917e-05,4.974235,0.19808301971247416,21.37627500983796,1429.518352,172.09367514395436,0.0013189807870370375,5.480496,0.18669023135724183,215.0,0.0,8437.0,8641.0,193.0,0.022335377849785905,1.0,0.0001157273463719477,0.0,0.0
2021-05-07,0.026936771618625274,3.546037,0.2198683379201582,0.061803090442291986,5.32899,0.43915512337712115,-1.7965923678375538e-06,0.006624,0.0002996651400015983,9.734391410899759e-06,0.028173,0.0009557578207074584,-0.00026592146108063967,5.084208,0.1477053955680484,0.00017317131520597513,5.138333,0.2189626525656632,110.38078586952972,1426.830299,316.5255771125697,-0.0010066049714085657,5.53984,0.22199853018798313,220.0,0.0,8361.0,8570.0,200.0,0.023337222870478413,1.0,0.00011668611435239207,0.0,0.0
2021-05-08,0.018684055787037038,3.390942,0.17943344160207836,0.07661312604166667,4.969451,0.5312188390263579,-1.767245370370371e-06,0.003901,0.00022822042917620652,-5.527546296296296e-06,0.023905,0.0006751081633568381,-0.0005673760416666666,5.052376,0.150724724446346,-0.0010934545138888893,5.048957,0.17268060541098904,22.889867890046293,1430.005687,177.07506647524437,0.0005658791666666669,6.184091,0.19109980043720048,220.0,0.0,8432.0,8641.0,147.0,0.01701191991667631,1.0,0.0001157273463719477,0.0,0.0
2021-05-09,0.025586665625,3.587695,0.21434534995246482,0.06115554386574074,4.774621,0.43474545225132466,-2.26574074074074e-06,0.005745,0.0002714486404050235,-1.6628587962962962e-05,0.024836,0.0008349041956956108,0.0004467240740740743,5.01336,0.12149283568216503,-4.2495254629629324e-05,5.037522,0.20109125964356056,27.162578816203705,1432.599146,193.42436204872735,-0.0002692100694444445,6.281862,0.19541401325392588,217.0,0.0,8435.0,8641.0,196.0,0.02268255988890175,1.0,0.0001157273463719477,0.0,0.0
2021-05-10,0.024579120717592592,3.687674,0.2091105805727128,0.061586954976851856,5.382824,0.4408222356339006,2.2585648148148143e-06,0.009285,0.00028642586061194833,-3.3298611111111245e-07,0.027477,0.0009380882416582734,-0.0002229483796296296,5.070083,0.15132790145013844,-0.00022543321759259244,5.07127,0.22542005582488991,93.66572300925925,1434.215829,352.45230329892564,-0.0002899259259259259,5.944587,0.22780659853033847,213.0,0.0,8439.0,8641.0,193.0,0.022335377849785905,1.0,0.0001157273463719477,0.0,0.0
2021-05-11,0.017802314930555556,3.464003,0.17212163186509957,0.051462695370370376,4.864345,0.4104233383155502,-6.032407407407407e-07,0.006327,0.00024227202859297022,-2.382175925925926e-06,0.019193,0.0006421889399316706,-0.0007456211805555556,5.08388,0.0934679453183468,0.0005917744212962961,5.04912,0.17693944774066375,0.5786724631944444,1421.46194,34.91479171013331,0.0011001050925925925,5.069286,0.1602790483216987,170.0,0.0,8479.0,8641.0,154.0,0.017822011341279944,1.0,0.0001157273463719477,0.0,0.0
2021-05-12,0.032913532284523345,3.4172185,0.23177629547003747,0.09895704682345073,5.5734885,0.5651456610977721,1.127693850323078e-05,0.009189,0.00038148802216543835,3.6461023707725767e-06,0.0283665,0.001064845888304657,0.0010598794132167545,5.0139695,0.13413041268666853,-0.0028964652854703,5.087943,0.23452201471101575,-0.17787745271979727,18.749266,11.118863047601986,0.0010465959806560178,5.7878875,0.22115464077121602,154.0,0.0,4173.0,4320.0,141.5,0.034677689627193586,0.5,0.00017908309455587392,0.0,0.0
2021-05-13,0.03391287673611111,3.562059,0.2075113725750472,0.1641941265046296,5.582781,0.7586342848991896,-2.0833333333322043e-09,0.013765,0.0004765692006712327,1.4640972222222222e-05,0.033368,0.0011739644237130779,7.437210648148132e-05,5.004927,0.10887959842378517,0.0021670943287037045,5.097064,0.2671263985310264,-0.1467093984953704,9.777417,15.676380275378422,-6.895740740740722e-05,5.150812,0.25863862454577746,482.0,0.0,8179.0,8641.0,447.0,0.051730123828260616,1.0,0.0001157273463719477,0.0,0.0
2021-05-14,0.06530796099085542,3.614612,0.32702380112765467,0.19409157333024657,5.486648,0.7871937906273297,-7.186479916657022e-06,0.010543,0.0006376516762102569,7.411505961338118e-06,0.034579,0.0014481065285244445,-0.0015832752633406643,5.181076,0.15807230807049708,0.0003810814909132999,5.182963,0.3366977563014605,0.044121353860400475,1429.31443,22.00404176998719,0.002797978353976154,5.329848,0.3028782929536701,630.0,0.0,8039.0,8640.0,579.0,0.06701388888888889,1.0,0.00011574074074074075,0.0,0.0
2021-05-15,0.024140956944444448,3.924162,0.17041322144302481,0.1398040832175926,5.528306,0.7090738008030112,1.325694444444445e-06,0.012389,0.000471480751491705,-3.048379629629628e-06,0.030758,0.001325189840256389,-0.0004004163194444444,5.132375,0.1099024199402147,-0.0007129638888888898,5.047216,0.25548033303723294,0.08690132557870368,283.78197,4.05682066521728,0.0012803783564814802,5.581109,0.24575764397095357,401.0,0.0,8257.0,8641.0,370.0,0.04281911815762065,1.0,0.0001157273463719477,0.0,0.0
2021-05-16,0.06399606435930084,3.812006,0.31862351030771763,0.1952142963305938,5.530229,0.7959587580063352,3.915383724968169e-06,0.009688,0.0005246378549134931,-8.652506077092253e-06,0.0244,0.0014680472841594077,-0.000607208357448779,5.059823,0.1500507483612429,-0.0020777969672415787,5.192271,0.31328183168360924,0.04984132677393217,10.742181,2.8452696854827946,0.00015412362541960937,6.187616,0.28753610834943033,633.0,0.0,8036.0,8640.0,582.0,0.06736111111111111,1.0,0.00011574074074074075,0.0,0.0
2021-05-17,0.03199740016205579,3.369793,0.20004068932236566,0.15587608936219471,5.523179,0.737671834592457,2.5714781803449473e-06,0.010986,0.00044443711621294687,4.4297951151753685e-06,0.023767,0.0011704333521829196,-0.0008859276536636186,4.925011,0.077606722664211,-0.0009208070378516032,5.182212,0.25030673637892537,-0.17065511656441715,10.637556,15.740803480016542,0.0032554728556545894,5.939261,0.23257477728817122,452.0,0.0,8205.0,8640.0,421.0,0.048726851851851855,1.0,0.00011574074074074075,0.0,0.0
2021-05-18,0.05106355046296297,3.565905,0.28173479183972516,0.15537575069444445,5.468062,0.7192801196898047,6.896296296296296e-06,0.013974,0.0006112184026727968,1.0247685185185202e-06,0.023408,0.0014419495526573705,0.0005670297453703703,5.119044,0.16424401376069347,0.001624913078703704,5.084645,0.2886831211838671,0.027101028819444446,10.518876,2.3843961212242784,-0.00019415636574074063,5.793164,0.2693479667613137,500.0,0.0,8164.0,8641.0,457.0,0.052887397291980096,1.0,0.0001157273463719477,0.0,0.0
2021-05-19,0.0461775130787037,3.45439,0.2676963571963057,0.16333686412037035,5.446272,0.7455048558065223,-1.5621527777777772e-06,0.013883,0.0005945789292376655,-5.843865740740742e-06,0.040824,0.0013255989452072368,0.001154161921296297,5.15265,0.1363234861396177,-0.0009144675925925929,5.059449,0.2983451989787493,1.1190661384259257,1439.999573,40.871986671061,0.0017980561342592586,6.870923,0.270773667486478,505.0,0.0,8159.0,8641.0,465.0,0.05381321606295568,1.0,0.0001157273463719477,0.0,0.0
2021-05-20,0.038836149189814824,3.638966,0.23074276405677152,0.14974357175925923,5.715445,0.727820994786308,1.5225810185185185e-05,0.0129,0.0005582691371545499,6.472453703703699e-06,0.027913,0.0013167479624445672,-0.001507928935185185,5.080933,0.14216342735406187,0.0008997317129629637,5.158555,0.2859553952263568,0.028906897453703707,10.283339,2.560746287009531,0.00011460000000000051,5.305699,0.28227514856691077,453.0,0.0,8208.0,8641.0,417.0,0.04825830343710219,1.0,0.0001157273463719477,0.0,0.0
2021-05-21,0.0705148214864552,3.557573,0.3439041327439522,0.18980603565640194,5.512925,0.7779284993028507,-1.2069460523269276e-05,0.009222,0.0005999563719929754,-1.4468279694373698e-05,0.021192,0.0013965669023532248,-0.0014765229219726793,5.121744,0.16696222630096366,-0.0021734136374160678,5.122677,0.33085107552051046,1.312389836073165,1433.772078,48.8383969552664,0.002392107200740912,6.014518,0.3016727664908747,628.0,0.0,8041.0,8639.0,577.0,0.06679013774742447,1.0,0.00011575413821044102,0.0,0.0
2021-05-22,0.002389387384259259,3.877377,0.07958536088392287,0.0034427738425925926,5.279,0.11635179088704253,0.0,0.0,0.0,0.0,0.0,0.0,-0.0005200471064814816,5.059293,0.1414552077060367,4.967743055555513e-05,5.048387,0.15083324560849767,-61.30488973020832,663.387709,233.496083861627,-0.00034101874999999956,5.154067,0.14065178742008488,15.0,0.0,8625.0,8641.0,9.0,0.0010415461173475292,2.0,0.0002314546927438954,0.0,0.0
2021-05-23,0.07766214839680517,3.794702,0.368516220518339,0.185935690936451,5.553301,0.7528136110066472,-8.4855886097928e-06,0.012027,0.0006047832215552616,-1.8600532469035763e-05,0.027238,0.0014781174135587195,0.0009905688158351662,5.095297,0.21204053944567952,0.00014693957633985465,5.04565,0.3370191228929132,17.842043645676586,1430.7517,158.83289892961525,-0.0015799462900798697,6.587618,0.3152131767994749,649.0,0.0,8023.0,8640.0,591.0,0.06840277777777778,1.0,0.00011574074074074075,0.0,0.0
2021-05-24,0.04494350729166667,3.75753,0.2581773943099878,0.16922265567129632,5.580859,0.7581597546779778,-4.5363425925925915e-06,0.009323,0.0006015707306490711,-2.3234143518518516e-05,0.023566,0.0013338886141550676,-0.0009360729166666665,5.065462,0.13622983059722182,-0.0014956712962962968,5.190728,0.2878512489186256,0.3114605305555556,1423.688804,35.57315730404286,-0.0007109412037037032,5.711633,0.27281161444091645,520.0,0.0,8144.0,8641.0,479.0,0.055433398912162944,1.0,0.0001157273463719477,0.0,0.0
2021-05-25,0.06794614608172242,3.588336,0.3376083580249709,0.16815490704942704,5.593036,0.7281193577419554,5.370992012964654e-08,0.011201,0.000535150011868103,1.7217270517420988e-06,0.032348,0.001611345481236662,0.0008168351661071889,5.055512,0.19439792294623076,-0.001378491492070842,5.113288,0.31633397053639645,11.082576446000695,1424.744839,124.87331792730215,0.0013086846857275152,6.212611,0.3004682350984328,582.0,0.0,8087.0,8640.0,529.0,0.06122685185185185,1.0,0.00011574074074074075,0.0,0.0
2021-05-26,0.05482750914351852,3.444136,0.2970791925035925,0.1661833291666667,5.477676,0.7258305362684669,8.23935185185185e-06,0.009857,0.0005450102589081472,2.1452546296296293e-05,0.021148,0.0014136175394396993,5.581423611111134e-05,5.092758,0.1405691084373213,-0.0012514891203703705,5.150786,0.3184555609779737,0.20853039722222227,1419.267021,27.201316172120173,0.0013191256944444442,6.491909,0.2914586928792053,545.0,0.0,8119.0,8641.0,503.0,0.05821085522508969,1.0,0.0001157273463719477,0.0,0.0
2021-05-27,0.05733817662037037,3.629994,0.30293729118405993,0.17716136747685185,5.980773,0.7650549824203264,9.282407407407576e-08,0.012775,0.0006218146384254274,-3.0313078703703703e-05,0.033195,0.0015397194012927243,-6.359606481481047e-06,5.022715,0.17002167278886682,0.0006304707175925929,5.105431,0.30367462215486485,8.804436494675926,1439.998434,112.41324214583942,-0.0005781767361111112,5.748542,0.2917836818389297,566.0,0.0,8102.0,8641.0,518.0,0.0599467654206689,1.0,0.0001157273463719477,0.0,0.0
2021-05-28,0.06541285831693483,3.679983,0.3339692964611241,0.1755503126519273,6.147404,0.7393184461976416,6.024887139715245e-06,0.013394,0.0006348862799915929,-1.5038661882162287e-05,0.024302,0.0013990007498443915,0.0004921274453061701,5.097882,0.17880133458823963,-0.0003912260678319257,5.113409,0.31804245521332836,11.161890916194004,1439.997035,125.88324838405734,0.0011728282208588957,6.704383,0.2942567690850606,585.0,0.0,8081.0,8640.0,538.0,0.06226851851851852,1.0,0.00011574074074074075,0.0,0.0
2021-05-29,0.03657086491492071,3.890194,0.2232179694013834,0.16302720314851257,5.707755,0.7536519173988375,-2.7792568584326976e-07,0.013058,0.00047280755663392743,8.718138673457574e-06,0.026794,0.0011393714251054401,-0.0003976189373770111,5.039013,0.12332704447044152,0.0011407081838175701,5.13324,0.2672739469162683,1.8603832891538374,1439.999684,51.583872024266014,0.0012365350156268086,5.32588,0.25125966609318945,481.0,0.0,8179.0,8640.0,446.0,0.05162037037037037,1.0,0.00011574074074074075,0.0,0.0
2021-05-30,0.06717475109979161,3.49733,0.3342088021860002,0.19273581361426256,5.588549,0.7830246355715416,4.907617504051864e-06,0.010374,0.0005758084437829809,4.894651539708281e-07,0.027063,0.0015045442622720455,-0.0015849993053947671,5.14009,0.13501848373903616,-0.0010927341977309572,5.131308,0.3237778096865148,56.253545849154904,1439.996574,276.48034212496214,0.0025943081731882377,6.865348,0.285524599078076,628.0,0.0,8040.0,8639.0,575.0,0.06655862947100359,1.0,0.00011575413821044102,0.0,0.0
2021-05-31,0.012102625303854612,4.53621,0.12134656406740114,0.06681993610371571,5.963469,0.48460181934451957,-1.6218312304664895e-06,0.009279,0.00031909740179410256,7.753790948026393e-06,0.019065,0.0008057866457484063,-0.0010726964926496124,4.997763,0.10821431898475417,-0.0007323573330246555,5.054118,0.16220948243188096,4.820141134969325,1428.932817,81.63039154993078,0.0004375240189836791,5.158456,0.17656295187498794,198.0,0.0,8447.0,8640.0,184.0,0.021296296296296296,1.0,0.00011574074074074075,0.0,0.0
2021-06-01,0.024896585137168654,3.408246,0.20314535949302587,0.07641716795925454,5.38731,0.5073984865410838,2.8613265424238912e-06,0.013339,0.00046842717277322074,-1.3663849982636878e-05,0.022029,0.0009465419627123315,0.00032513705289964097,5.031181,0.08191048716708116,-0.002706235212408843,5.024346,0.18574060632438252,12.936172504225025,1427.869322,133.97832209718663,-0.0007134152100937604,5.991773,0.16751850123161957,248.0,0.0,8403.0,8640.0,227.0,0.02627314814814815,1.0,0.00011574074074074075,0.0,0.0
2021-06-02,0.031249981826600295,3.300577,0.19758920946327296,0.15024674557240422,5.785943,0.7263431619559304,-6.73202917004283e-06,0.014502,0.00042479750356809497,7.111934251649497e-06,0.03079,0.0011949703236527234,-0.0006008557703437901,4.949227,0.07827010337020056,0.00034697985877995164,5.12152,0.26087121719587614,0.08366158617895604,1412.114488,27.047865200324306,0.001623989466373423,5.525676,0.24114118801958506,434.0,0.0,8223.0,8640.0,404.0,0.04675925925925926,1.0,0.00011574074074074075,0.0,0.0
2021-06-03,0.050290288459312424,3.7069,0.27833199273363385,0.15666839148049544,5.702628,0.7279662506336734,3.7462669290427136e-06,0.010241,0.0005109748587746121,-3.853455261025588e-06,0.024866,0.0013815386242948206,-0.000801800555619863,5.038405,0.1445626448892623,0.001429498668827411,5.106979,0.2869419153115513,8.557603678203495,1423.947415,113.27488148189067,-0.0005505094339622646,5.796854,0.2645266734482757,501.0,0.0,8162.0,8640.0,461.0,0.053356481481481484,1.0,0.00011574074074074075,0.0,0.0
2021-06-04,0.032053209942423826,1.6945095,0.15666603161764928,0.11251637663249543,2.7660755,0.4304984317204472,-4.48005898048027e-06,0.0065135,0.00034268287461111636,-7.378809156017415e-06,0.018718,0.0008963810861474327,-0.00017913799578488844,2.5372705,0.06255093482369205,-0.00048259670144661066,2.5419955,0.16998206684405828,0.935988404986578,727.5659015,31.189073316271497,0.0009746280938248116,3.4585565000000003,0.1535199904947536,288.5,0.0,4044.5,4320.0,265.5,0.03728408931329869,0.5,0.0003291639236339697,0.0,0.0
2021-06-05,0.03938031006944444,3.622303,0.22759248912128466,0.1571804019675926,5.593677,0.741044637759333,-8.368055555555522e-08,0.011526,0.00045155531616129985,1.6655208333333334e-05,0.027524,0.0011498537579885805,-0.0008515581018518517,5.08406,0.08137442159396943,0.0008379267361111112,5.192231,0.26572834490183894,5.885976103356481,1423.618094,90.400483831969,-0.0008234569444444448,5.091406,0.2490747952826641,467.0,0.0,8191.0,8641.0,435.0,0.05034139567179725,1.0,0.0001157273463719477,0.0,0.0
2021-06-06,0.06893644715823592,3.594104,0.3375051121061938,0.18957018717444152,5.570605,0.7759832373946084,4.263572172705174e-06,0.011428,0.0005507725310626527,5.876143072114829e-06,0.026404,0.001363846146850817,-0.001046908901493228,5.066232,0.146401510463108,-0.0016159025350156269,5.139484,0.31511387903786775,44.74190975981017,1433.224618,250.0263899473039,0.0018428115522629933,6.214105,0.2821243796577284,624.0,0.0,8045.0,8640.0,570.0,0.06597222222222222,1.0,0.00011574074074074075,0.0,0.0
2021-06-07,0.043119888181502496,3.687674,0.24973176054849872,0.17004841891422617,5.627003,0.7661585329646542,1.1813635837481191e-05,0.013342,0.000610778035579756,1.820581085773816e-05,0.037593,0.0014124986294169236,-0.0007046889686306286,5.064636,0.13861911187063397,0.001736121657599259,5.052993,0.30138330859572643,2.37668024921866,1435.985668,59.94577384947958,-0.0011808278735964807,5.453313,0.2908051617639899,520.0,0.0,8143.0,8640.0,480.0,0.05555555555555555,1.0,0.00011574074074074075,0.0,0.0
2021-06-08,0.07773282800925926,3.59859,0.36646222687083513,0.18167666516203704,5.309763,0.743210127127546,-1.3212615740740738e-05,0.012164,0.0006179709501255571,5.496527777777778e-06,0.03054,0.0016282095571721984,-0.0001440622685185192,5.157404,0.1813524856297431,-0.0009974918981481467,5.103049,0.3305014570872532,14.260229930787037,1429.665881,141.3840840453775,0.002113128935185185,6.18189,0.30016392403206593,635.0,0.0,8035.0,8641.0,585.0,0.0677004976275894,1.0,0.0001157273463719477,0.0,0.0
2021-06-09,0.05651955972222222,3.924162,0.28511488132896806,0.20243270659722226,5.441786,0.8081653836559449,-8.400462962962956e-07,0.011719,0.0005642237517674788,-2.4057638888888886e-05,0.032963,0.001593692560085896,-0.0009875774305555549,5.1267,0.17375221985071396,0.0007409990740740747,5.0784,0.344222630269677,3.5618225098379637,1422.509579,73.48721857339507,-0.0005083665509259254,5.682731,0.3182172783583667,644.0,0.0,8023.0,8641.0,599.0,0.06932068047679667,1.0,0.0001157273463719477,0.0,0.0
2021-06-10,0.1029943523555967,3.721,0.41416109966516107,0.22959513033915965,5.937193,0.8160578925925672,-9.051742099780066e-06,0.00985,0.0006842177447197,-2.320523208704712e-06,0.031205,0.001925841446747996,0.0009018716286607246,5.079574,0.22117841412560044,-0.00045302071999074036,5.22547,0.41184189937249893,6.644081812478295,1429.562011,101.80303719384582,-1.058455839796586e-06,5.733484,0.33187680928092794,822.0,0.0,7849.0,8640.0,768.0,0.08888888888888889,1.0,0.00011574074074074075,0.0,0.0
2021-06-11,0.08031198113207548,3.710105,0.3657046265878271,0.21301785669637688,5.519333,0.8025517225756488,-2.3146197476559787e-06,0.012212,0.0007518090455929418,2.0540108808889924e-05,0.042137,0.0020500134567703705,-0.0001293433267739321,5.058874,0.16697311314580615,0.0017588498668827403,5.078809,0.3511887817190872,0.5747822016437087,1439.988985,37.90821650951522,0.001176376895474013,6.664714,0.3028574566422324,723.0,1.0,7946.0,8640.0,672.0,0.07777777777777778,1.0,0.00011574074074074075,0.0,0.0
2021-06-12,0.08107152974537038,3.721,0.3550207872148489,0.2238461025462963,5.621876,0.8327182967776684,1.7777777777777777e-06,0.013791,0.0007738626614826799,-1.3034837962962966e-05,0.072986,0.0029941024951040123,0.0005264017361111116,5.046635,0.20680023379066714,-0.00040614502314814855,5.103938,0.3705959287842426,4.148211787731482,1426.716257,79.62551424117167,0.0006714317129629635,6.089273,0.3501119391397451,750.0,0.0,7923.0,8641.0,694.0,0.0803147783821317,1.0,0.0001157273463719477,0.0,0.0
2021-06-13,0.09443809190878574,3.635762,0.399785820898681,0.23358950202569742,5.912839,0.8302758108618573,1.480194466952194e-05,0.013846,0.000922877434057264,-3.2989697881699274e-05,0.029809,0.002211876584123686,-0.0012449263803680978,5.071172,0.16874204451548092,-0.0012199423544391708,5.097915,0.3652518818423056,14.703250197245051,1436.186122,144.47625345130234,0.0003211614770228037,6.504896,0.2937147687336963,797.0,0.0,7869.0,8640.0,749.0,0.08668981481481482,1.0,0.00011574074074074075,0.0,0.0
2021-06-14,0.04708621784928811,3.663961,0.25215978031827496,0.19923878747540222,6.105106,0.812202912045908,-3.909480263919436e-06,0.008805,0.0006148860069016004,1.9356291237411743e-05,0.035595,0.0016118711863503184,0.00012483215649959457,5.095147,0.16050719752715642,0.0029149640004630163,5.123629,0.3205746648543644,3.032763459659683,1439.996036,63.267488018041085,0.0004873014237759008,6.718058,0.3091245254528786,613.0,0.0,8050.0,8640.0,572.0,0.06620370370370371,1.0,0.00011574074074074075,0.0,0.0
2021-06-15,0.09533163857374392,3.650502,0.4047172622644204,0.22974479949062282,5.398846,0.8310289960770232,-7.5201435517480905e-06,0.009301,0.0007342669118792105,-6.557768001852281e-06,0.03264,0.001783838595384656,-0.00110226337115073,5.035336,0.14577558504421112,0.001436405765223432,5.110331,0.3712880566208816,52.12505145230377,1436.832269,267.93558760776676,0.0003415298680250054,5.481845,0.2988849996743527,780.0,0.0,7885.0,8639.0,735.0,0.08507929158467416,1.0,0.00011575413821044102,0.0,0.0
2021-06-16,0.03311661345218801,3.575518,0.19560095465819016,0.1747773527436907,5.8558,0.7668047344567875,-2.614146793239176e-06,0.018404,0.0005593263133918566,1.6013892104653855e-05,0.025808,0.0011843350572721663,-0.00199511495716601,5.014502,0.09616403513941982,0.00039490090298680144,5.110835,0.2841481594084246,0.7433518539013659,1419.917994,34.304500019982285,0.0005496413521648535,5.394926,0.26277526255405986,521.0,0.0,8135.0,8639.0,491.0,0.05683528186132654,1.0,0.00011575413821044102,0.0,0.0
2021-06-17,0.09671008971984257,3.85815,0.40165980658006484,0.24319248055105347,5.571886,0.8579349635673149,4.4936327853669816e-06,0.018692,0.0007251259002962965,-9.786871961102107e-06,0.027156,0.001865338118103892,-0.0014531887010882146,5.085884,0.1570913179129137,-0.002265581153044687,5.03208,0.35605140924768053,9.993439074554297,1428.45198,120.33675138843455,0.0013593483445241957,6.253369,0.28552316349477175,823.0,0.0,7845.0,8639.0,769.0,0.08901493228382915,1.0,0.00011575413821044102,0.0,0.0
2021-06-18,0.039422817550358875,3.167913,0.22093903172566323,0.17057811449409588,5.591113,0.7573374111274893,3.9644593655938885e-06,0.008992,0.0004936689466026419,2.332368603843482e-06,0.035758,0.001353674340223019,-0.0020810263949988424,5.017133,0.060177796016301924,-0.0008608408196341746,5.084564,0.3095118359432716,0.056368385158601556,1405.18127,16.162854678827774,0.001886131511924057,6.530249,0.2684747107742707,512.0,0.0,8144.0,8639.0,482.0,0.055793494617432576,1.0,0.00011575413821044102,0.0,0.0
2021-06-19,0.08058240659722223,3.845332,0.3544864147614595,0.22169393275462967,5.595599,0.8310796468574762,-2.4314814814814823e-06,0.018893,0.0007297526555195802,5.770717592592596e-06,0.044617,0.0020073154855661745,-3.1448958333333237e-05,5.104882,0.19921799301270432,-0.00023797905092592684,5.15045,0.3666053711439595,4.404335300810185,1439.997265,81.18635054516467,-0.0009053159722222213,5.402593,0.3157824190746699,743.0,0.0,7924.0,8641.0,695.0,0.08043050572850365,1.0,0.0001157273463719477,0.0,0.0
2021-06-20,0.0787141130787037,3.675497,0.3537695371844586,0.23579749039351852,5.444349,0.8656904219699245,-7.962962962962856e-08,0.008935,0.0006322183854936706,2.3110300925925926e-05,0.079361,0.0024908711599628307,-0.0007325105324074074,5.044527,0.13775367410739867,0.0014823447916666656,5.108513,0.3645076735189983,1.3355706359953707,1433.401573,49.69327913117832,0.0013578744212962973,6.902658,0.3020011131938593,765.0,0.0,7905.0,8641.0,714.0,0.08262932530957065,1.0,0.0001157273463719477,0.0,0.0
2021-06-21,0.047242917592592595,3.673574,0.2459563792200797,0.19474901574074074,6.289041,0.8168704098630957,5.661226851851854e-06,0.010758,0.0005474611466340334,-2.0642013888888886e-05,0.026801,0.001451708557147048,0.0003618478009259257,5.028201,0.11684740675032172,0.0010293990740740744,5.181913,0.307728832664092,2.4339549740740742,1439.929138,59.981604308062934,0.0005458497685185193,5.340379,0.28603727023416664,581.0,0.0,8080.0,8641.0,546.0,0.06318713111908345,1.0,0.0001157273463719477,0.0,0.0
2021-06-22,0.09347116956018518,3.528733,0.39760411846598576,0.23391614166666666,5.533433,0.8500480258143462,-1.3239699074074075e-05,0.014333,0.0007340947883641572,4.831944444444444e-06,0.027057,0.001795397101977448,-0.0026737447916666663,5.024792,0.11594374774693479,-0.0005730714120370378,5.151056,0.37952964425463936,56.1005712957176,1435.927644,276.9196696056612,-0.0010721420138888888,6.019112,0.2926821226801427,783.0,0.0,7884.0,8641.0,737.0,0.08529105427612545,1.0,0.0001157273463719477,0.0,0.0
2021-06-23,0.04674666952193541,3.706259,0.24678245989852143,0.2031695080449126,6.185858,0.8371462698827186,4.627850445653434e-07,0.008319,0.0005100683729217436,1.104190299803218e-05,0.024108,0.0015072729083172543,-0.002136038083111471,5.131087,0.12830278875322487,-0.0006409793957633984,5.161527,0.330187863780781,3.1794864280588038,1422.014273,65.03863281890396,0.0008925030674846632,5.389388,0.30275378698806854,613.0,0.0,8050.0,8640.0,571.0,0.06608796296296296,1.0,0.00011574074074074075,0.0,0.0
2021-06-24,0.10493760345027209,3.760735,0.42608139474040574,0.23072950376288062,5.623157,0.8235187542481451,5.433368067616069e-06,0.014484,0.0007360931540337756,1.743197869630658e-06,0.027744,0.0018751534902873253,-0.00012487877735324724,5.042799,0.19313482804183685,-0.0006271431052448769,5.094989,0.39776272137997154,33.71270766921384,1431.838041,215.62223221850252,0.0015707506078499484,6.650062,0.3077975794079038,814.0,0.0,7853.0,8638.0,763.0,0.08833063209076175,1.0,0.00011576753878212549,0.0,0.0
2021-06-25,0.05171853229166667,3.610767,0.26924830999282734,0.19548759456018516,6.272378,0.8005892531181413,-7.3254629629629635e-06,0.012053,0.0006210058206535448,1.9197337962962963e-05,0.024503,0.0015058815155421681,-0.0016482829861111114,5.035011,0.13638869349086222,0.0006165824074074063,5.224225,0.3037199381626405,0.16313846435185186,1417.00523,18.149452226178624,-0.002225147337962962,5.664559,0.2786370930865809,611.0,0.0,8053.0,8641.0,570.0,0.06596458743201018,1.0,0.0001157273463719477,0.0,0.0
2021-06-26,0.09930428814540403,3.767785,0.4053928251251061,0.22407406830284787,5.800684,0.8141569579072394,8.816624218569114e-06,0.01125,0.0007287668744476546,6.914563556378791e-06,0.035486,0.001977771074511232,-0.00014789742996063944,5.085053,0.1749027867264734,-0.00017377436906691407,5.184672,0.38105103603122903,6.754355215211854,1425.8009,96.72682070450705,-0.00040372065292891866,5.732976,0.31330026957527746,797.0,0.0,7874.0,8639.0,741.0,0.0857738164139368,1.0,0.00011575413821044102,0.0,0.0
2021-06-27,0.04138104488629599,1.776864,0.1831575700438068,0.1155581684724372,2.9657125,0.4198721927399851,3.603167043695679e-06,0.00594,0.0003258992844976418,-2.1466245981664487e-06,0.029626,0.0009400263556829877,-0.0003434525126237608,2.5440465,0.0904547758821805,-0.0007227703223906817,2.5594314999999996,0.1800785837120964,-0.4605079898019375,25.04289,10.564346926486667,0.00011578412021980484,3.3260445,0.1567860016448007,373.5,0.0,3961.5,4320.5,348.0,0.04143350398857007,0.5,0.002066115702479339,0.0,0.0
2021-06-28,0.08079818912037037,3.763298,0.3546267358977224,0.22313600891203703,6.145482,0.833933993447382,6.689583333333333e-06,0.013082,0.0006576345132978552,-1.1107754629629635e-05,0.044206,0.0020416997849550963,0.000827154166666667,5.092837,0.21810214018472487,4.253819444444397e-05,5.07786,0.3758466642673508,5.793701954513888,1423.483928,90.42181460593913,0.0009662295138888892,6.235894,0.35044656360632515,752.0,0.0,7921.0,8641.0,696.0,0.08054623307487559,1.0,0.0001157273463719477,0.0,0.0
2021-06-29,0.10118994699074074,3.60564,0.41499117776629363,0.2513748695601851,6.344157,0.8659320122821261,7.225694444444444e-06,0.012186,0.0007410927302035052,4.0214930555555556e-05,0.042125,0.0020324690224223846,-0.0030775210648148147,5.083374,0.17578655107520427,0.001462407407407407,5.220386,0.397671203811728,6.335855640856483,1425.296559,99.21780148146331,0.0016041942129629628,6.48518,0.3259116868640931,855.0,0.0,7818.0,8641.0,798.0,0.09235042240481425,1.0,0.0001157273463719477,0.0,0.0
2021-06-30,0.04882253050121541,3.69921,0.2603059642855868,0.20232957900219933,5.693014,0.8280345788907844,-4.451904155573561e-06,0.01075,0.0006337498995211827,1.1920708415325846e-05,0.039597,0.0014063094697439502,-0.0006494892927422152,5.076327,0.17191885145090954,-0.0002310791758305359,5.160866,0.3220049727729276,1.7295164207662923,1423.049284,48.63287738044393,0.0016440562565111715,6.397265,0.3130005613593555,616.0,0.0,8050.0,8640.0,569.0,0.06585648148148149,1.0,0.00011574074074074075,0.0,0.0
2021-07-01,0.09412285747365984,3.506302,0.3972734811407471,0.2281182380456177,5.348216,0.8258568590511969,5.4611554938057195e-06,0.01895,0.0007438184532600043,2.6652657172629383e-05,0.037137,0.0018741964402542827,-0.002090764733124927,4.989904,0.11215146083715562,-0.0033678483269653824,5.146483,0.36150456840716416,19.90499839817066,1439.99655,166.4050992600191,-4.38177607965731e-05,5.414622,0.27977962881979296,780.0,0.0,7884.0,8638.0,733.0,0.08485760592729799,1.0,0.00011576753878212549,0.0,0.0
2021-07-02,0.033257145618705866,3.496048,0.19940579538095562,0.1669311411042945,5.510361,0.7471486887475123,1.332793147355018e-06,0.012826,0.0005812791762073154,-9.702396110660956e-06,0.027013,0.0013496414421774183,-0.0015339981479337889,5.020353,0.09866918609015872,-0.0005063390438708186,5.082939,0.29446757332279305,1.6898773639310107,1423.123579,55.242882154339014,-5.6661419145735154e-05,5.332524,0.2702524054997492,503.0,0.0,8154.0,8640.0,473.0,0.05474537037037037,1.0,0.00011574074074074075,0.0,0.0
2021-07-03,0.09785369445409285,3.701773,0.4012103652650617,0.24142196422368878,6.174322,0.8546823667397113,5.0962139631816584e-06,0.014224,0.0007749793001050213,4.840453861294437e-06,0.032778,0.001960633735849026,-0.0024361830496700244,5.138732,0.1691578905906956,-0.0004569858747250205,5.128435,0.3851939888487062,8.90411587460924,1435.412676,114.58222043606604,-0.00031117251360426076,5.919957,0.31061105116138643,824.0,0.0,7843.0,8638.0,774.0,0.08960407501736513,1.0,0.00011576753878212549,0.0,0.0
2021-07-04,0.03946613425925926,3.28135,0.22706438072446536,0.1692831841435185,5.760308,0.7504518682125864,-3.7084490740740725e-06,0.010623,0.0005138535797274185,-9.835069444444444e-06,0.025211,0.0012137465637083215,-0.0023010543981481484,5.019088,0.08381195187111541,0.00012408402777777785,5.099624,0.3082711460848772,0.37328231585648153,1419.947742,22.216442543998124,0.00024009826388888826,5.422538,0.25599513337666874,510.0,0.0,8148.0,8641.0,480.0,0.05554912625853489,1.0,0.0001157273463719477,0.0,0.0
2021-07-05,0.08034763819444445,3.654988,0.35105459086477886,0.22848661180555557,5.602008,0.8474641195856333,-6.122222222222221e-06,0.008748,0.0006617358704097742,-2.3217824074074067e-05,0.051462,0.002967930526697682,9.038449074074098e-05,5.067651,0.17395209366464467,-0.0005389798611111107,5.10306,0.37144720831041733,4.671998954513889,1424.293811,81.01298545355303,-0.0010019488425925917,5.631279,0.3270458418689394,760.0,0.0,7910.0,8641.0,707.0,0.08181923388496702,1.0,0.0001157273463719477,0.0,0.0
2021-07-06,0.07783912152777778,3.659474,0.35360865498157756,0.23988308344907408,5.607776,0.8725414975961763,5.283449074074074e-06,0.011612,0.0005977203123586624,-1.2867824074074078e-05,0.030624,0.0018674582138476564,-0.00020294293981481382,5.089968,0.1655879383772079,0.0015628770833333336,5.088077,0.36841630579069196,0.17516362835648147,1431.585396,22.493282406644525,0.002032661574074074,6.826656,0.3073760497542459,765.0,0.0,7905.0,8641.0,715.0,0.0827450526559426,1.0,0.0001157273463719477,0.0,0.0
2021-07-07,0.10134114866273011,3.730613,0.386552152694991,0.3288426098182239,5.598804,1.0175672396431603,-1.0117864999421095e-05,0.00791,0.0005183673127368418,-8.417390297557022e-06,0.029145,0.0017296687787268289,-0.0010305379182586549,5.068766,0.1578592934613367,0.001966542433715412,5.067342,0.39829127037411627,6.742017812203311,1077.000346,92.60994000059317,0.0012785152251939332,5.423908,0.3523448997876315,1037.0,0.0,7642.0,8639.0,961.0,0.11123972682023382,2.0,0.00023150827642088204,0.0,0.0
2021-07-08,0.1220053269675926,3.678701,0.44154143859237127,0.34781719745370365,5.395001,1.0275287120694538,-9.507523148148151e-06,0.007467,0.0006076005798059334,5.674884259259263e-06,0.02622,0.001932561836039339,-0.003111290277777778,5.053283,0.16116761409513805,0.001882727893518519,5.125858,0.44239689260681775,6.0076940302083335,1435.006899,94.26627927609576,0.00101447650462963,5.749465,0.36404651600801785,1138.0,0.0,7547.0,8641.0,1062.0,0.12290244184700845,1.0,0.0001157273463719477,0.0,0.0
2021-07-09,0.09771331010533627,3.713309,0.38654980330565725,0.29490717189489524,6.070498,0.9571609999583865,-3.5776131496701017e-06,0.010586,0.000634090587809281,-3.8017131612455173e-06,0.029816,0.001869341781833014,-0.0013034182197013543,5.143083,0.2125066059489261,0.002810523555967126,5.128283,0.3949618490096047,0.39911120835744873,1439.993104,22.06268731174535,0.002195837365435814,5.63049,0.3654496264791379,967.0,0.0,7714.0,8640.0,897.0,0.10381944444444445,1.0,0.00011574074074074075,0.0,0.0
2021-07-10,0.14642255480958444,3.696005,0.4895049225465575,0.34653094536404677,6.162786,1.0000431745066836,-4.5722884593124387e-07,0.010711,0.0008037511051792565,-1.8373885866419728e-05,0.027519,0.002266627119378891,0.0003535515684685719,5.092458,0.23643622063929995,0.0015108193077902528,5.131727,0.48592415113967097,-0.18094693714550297,24.748753,15.68593180996456,0.0037883322143766646,6.570269,0.397598750262798,1196.0,0.0,7494.0,8640.0,1108.0,0.12824074074074074,1.0,0.00011574074074074075,0.0,0.0
2021-07-11,0.0793218287996296,3.697287,0.3342693300342615,0.2762331189952541,6.637684,0.939622567947047,6.426901261720106e-06,0.010051,0.0005910960623637259,-3.325269128371337e-06,0.027741,0.0017728297478570754,-0.0004961995601342745,5.081899,0.17369256022503907,0.0021462088204653317,5.173164,0.37822346791205225,0.13108792360226876,1429.050674,15.6001477500324,0.000939904850098391,5.717775,0.34087507686045,872.0,0.0,7800.0,8640.0,815.0,0.0943287037037037,1.0,0.00011574074074074075,0.0,0.0
2021-07-12,0.1387939848362079,4.154241,0.481448083990027,0.3003154435698577,5.634053,0.9232159993249635,1.6858432688968632e-05,0.059053,0.0010094968128821255,2.4916425512212068e-05,0.124925,0.002791035979656707,0.000484066558629472,5.092825,0.23353304354000867,-0.00012236670910984967,5.154477,0.44285566810013066,-0.3226483818729019,13.129117,18.985414559928934,-0.0028028606320175953,5.774338,0.37402171831230807,1083.0,0.0,7598.0,8640.0,1009.0,0.1167824074074074,1.0,0.00011574074074074075,0.0,0.0
2021-07-13,0.0942934962962963,3.751122,0.3886131791474342,0.278515021875,5.511643,0.9259135138073527,-1.0758449074074076e-05,0.011841,0.0007434724996035623,2.4213773148148144e-05,0.036621,0.00218851351472097,-5.5014699074074594e-05,5.064397,0.17675594018555996,0.0009229230324074079,5.146574,0.38264139258273205,-0.024588432291666646,11.999409,8.101149201377577,-0.0010642960648148147,6.640854,0.336961694301158,918.0,0.0,7764.0,8641.0,844.0,0.09767388033792385,1.0,0.0001157273463719477,0.0,0.0
2021-07-14,0.10149706725315429,3.810724,0.3996056939144937,0.27848754219238336,6.378765,0.9248282674306277,-6.400972334760968e-06,0.010437,0.0006929859117184284,2.4704826947563377e-05,0.042822,0.0020969160496657384,-0.0002492050005787713,5.129565,0.21576746480780237,-5.209190878573885e-05,5.192384,0.39518560435275374,-0.0041401561523324555,12.735496,2.5308506068689285,0.00013010498900335604,6.159596,0.36799113173871095,928.0,0.0,7750.0,8640.0,860.0,0.09953703703703703,1.0,0.00011574074074074075,0.0,0.0
2021-07-15,0.11501882206529289,3.704978,0.4364358599902142,0.3044101883537856,5.504593,0.9593231232238842,-2.9850659874971063e-06,0.015329,0.0007194068600568151,-1.780585783746238e-05,0.085083,0.002241120780923257,-0.002223581847649919,5.040223,0.1679355813989431,0.00038250706181986626,5.147041,0.42536106221914627,0.015029413521648539,10.860377,2.5053771402591734,0.002597217874507988,5.876501,0.34597265597844157,1015.0,0.0,7662.0,8639.0,945.0,0.10938766060886676,1.0,0.00011575413821044102,0.0,0.0
2021-07-16,0.06403700902986802,3.633839,0.286638631423231,0.2665418836536235,5.725059,0.9288982702545803,5.104306552442694e-06,0.010216,0.0005778183272774492,1.365825422551517e-06,0.031808,0.0016388986491589655,-0.0006682289881917105,5.093449,0.14383801274886387,0.0002846797869877277,5.090063,0.3603824216292221,-0.08191339349386434,9.937059,8.107878635382193,0.0016345507061819864,5.226197,0.3351802352851046,814.0,0.0,7854.0,8639.0,763.0,0.0883204074545665,1.0,0.00011575413821044102,0.0,0.0
2021-07-17,0.14571507397545727,3.795984,0.4897121601862826,0.35525577992590884,6.693442,1.0158452570926957,4.653855059041447e-06,0.014946,0.0008427833126349139,1.5123987034035656e-05,0.033169,0.002238842633204075,-0.0023502002778420937,5.091788,0.18520320965280668,-0.0005901454040287109,5.095208,0.44863049802207855,0.6234050597360499,1430.626375,31.783712426277734,0.0008141757351238698,6.666957,0.34603288101387847,1200.0,0.0,7477.0,8639.0,1130.0,0.13080217617779835,1.0,0.00011575413821044102,0.0,0.0
2021-07-18,0.05013303137300301,3.606922,0.2378755636603802,0.27055259573975454,5.564837,0.9557007527728428,-1.1501504978004167e-05,0.006511,0.0005208386679987556,1.0784556610326461e-05,0.023851,0.0016953832972888933,-0.0020510180597360507,5.04467,0.12429108963717547,-0.0011410916878907167,5.141979,0.35509248129758847,0.28957654387589715,1439.99147,17.84380534165755,-0.0013911597592035196,5.71538,0.33504232400940304,789.0,0.0,7879.0,8639.0,738.0,0.08542655399930547,1.0,0.00011575413821044102,0.0,0.0
2021-07-19,0.12406381458333333,3.722282,0.4422397491545176,0.3483558679398148,5.561632,1.0298581241892553,7.124884259259259e-06,0.012506,0.0008097095046455874,3.1446759259259357e-06,0.03552,0.0021995899854474975,-0.0003596372685185188,5.121696,0.20771739005609038,-0.0014981675925925932,5.166013,0.4389476026000176,0.22716428900462962,1439.909395,15.694746020677222,-0.0006197701388888898,6.238042,0.38082844757306133,1141.0,0.0,7544.0,8641.0,1064.0,0.12313389653975235,1.0,0.0001157273463719477,0.0,0.0
2021-07-20,0.0727827458039125,3.619098,0.31963937582919427,0.2839406986919782,6.323649,0.9587212160635235,-3.6910522051163335e-06,0.00982,0.0005845542086734029,-1.3395068873712178e-06,0.026238,0.0017312772822854548,-0.0013567387429100591,5.042935,0.1468926287844358,-0.0015224403287417514,5.099537,0.37360035630808247,0.2608739106378053,1429.635745,15.586014590849983,0.0010111738627155923,6.516755,0.33756502164153407,867.0,0.0,7808.0,8640.0,802.0,0.09282407407407407,1.0,0.00011574074074074075,0.0,0.0
2021-07-21,0.07915461199178586,3.045503,0.30838703958740954,0.3694453795183601,5.5936765,1.1038808978731423,9.61300943052445e-06,0.009982999999999999,0.0008340067021350623,-3.3014788316225362e-06,0.027792999999999998,0.0018815079699106049,-0.0011731738971197554,4.986513,0.1677887743291038,-0.0033273823188309935,5.0523045,0.41422344353544194,-0.8305959392468099,9.1063215,34.03116055468744,-0.0006277770819680692,5.4972460000000005,0.38486234622797705,498.0,0.0,3839.0,4318.0,463.0,0.11494925495513084,0.5,6.581545346847439e-05,0.0,0.0
2021-07-22,0.11213259360889198,3.606922,0.41896113063446494,0.3589305430126201,6.20188,1.053567430271066,-2.8435799467407826e-07,0.012809,0.0008159925886750862,1.5607271043186476e-07,0.03193,0.002208508894430336,-0.0007878619891165911,5.089362,0.19924941997785003,-0.004239479101539886,5.140549,0.44704613709169255,1.332083649646868,1436.471377,48.90566813341918,0.002408506425842305,7.006654,0.38562129800741096,1142.0,0.0,7543.0,8638.0,1060.0,0.12271359110905303,1.0,0.00011576753878212549,0.0,0.0
2021-07-23,0.0585524050237296,3.696646,0.26433353274941146,0.26679464185669644,5.882717,0.9483922677311586,1.0868156036578285e-06,0.008898,0.0005847985158226659,-2.5447389744183395e-06,0.021376,0.001458334416705958,-0.0015228468572751474,5.081739,0.0993666333696602,0.002484151985183471,5.117704,0.35502847146274397,-0.03262742609098278,1439.996766,22.055831987903034,-0.0017457388586641965,5.19549,0.3290997846050554,782.0,0.0,7887.0,8640.0,731.0,0.08460648148148148,1.0,0.00011574074074074075,0.0,0.0
2021-07-24,0.11652763440611252,3.624866,0.4242032362450946,0.34386483248437133,5.637898,1.0353063296346197,-6.967469321602222e-06,0.013895,0.0007522285246986142,-2.2037392915026625e-05,0.043811,0.0020778834768908944,-0.0006665867098865479,5.105913,0.1770009376075437,-0.0021923665200277846,5.170672,0.4364231460485767,1.0826031183144247,1434.35893,37.81163502589003,0.0011555019680481585,5.894575,0.36335536113915134,1098.0,0.0,7582.0,8639.0,1029.0,0.11911100821854381,1.0,0.00011575413821044102,0.0,0.0
2021-07-25,0.07558584965277777,3.630634,0.32576744220278064,0.2956249712962962,5.703909,0.9737852134538161,4.012847222222222e-06,0.009349,0.0006238058240884588,1.0595370370370372e-05,0.03193,0.001556592803631092,-0.0016737087962962968,5.079698,0.1366502531905502,-0.002748848263888889,5.140009,0.39090855990086776,0.26596295300925926,1428.557009,15.57614185368743,0.0015839906250000005,6.259206,0.35542759404436647,913.0,0.0,7763.0,8641.0,851.0,0.09848397176252749,1.0,0.0001157273463719477,0.0,0.0
2021-07-26,0.11253000972334762,3.608844,0.42349497400783587,0.31426862750318324,5.667379,0.9773596404714688,-9.743257321449243e-06,0.015884,0.0007874945105447278,-2.5336150017363125e-05,0.028944,0.001977102377306743,-0.003667439749971061,5.007744,0.14918338674260703,-0.002169813635837481,5.052063,0.42224128139856143,-0.0497760686422039,1439.970737,31.014531034490982,-0.0007691150596133821,6.542324,0.3453623767000887,1031.0,0.0,7647.0,8640.0,962.0,0.11134259259259259,1.0,0.00011574074074074075,0.0,0.0
2021-07-27,0.09222521921296296,3.585772,0.36824578149863546,0.3092295399305556,5.646229,0.9874995288821538,2.640046296296296e-06,0.00875,0.0006574724780012369,-1.5353703703703704e-05,0.034362,0.0019053141319273533,-0.0024855439814814822,5.047796,0.18812905774913632,0.001172322222222223,5.216575,0.4119586823356889,0.13140456041666668,1439.991285,17.499870208641543,7.047337962962975e-05,5.552195,0.3756859159932798,978.0,0.0,7704.0,8641.0,908.0,0.1050804305057285,1.0,0.0001157273463719477,0.0,0.0
2021-07-28,0.1459779056712963,3.782525,0.4879067496181089,0.34691765173611105,5.645589,0.9989476591146494,-2.90474537037037e-06,0.013672,0.0008495727276070169,8.86643518518519e-06,0.036052,0.0024964461212832567,-0.0015443141203703701,5.124237,0.2567622291676004,-0.00018388506944444402,5.238782,0.4727870203714045,0.021491566550925923,10.959788,2.301594116690927,0.00089316388888889,6.863963,0.418653242333544,1206.0,0.0,7484.0,8641.0,1118.0,0.12938317324383752,1.0,0.0001157273463719477,0.0,0.0
2021-07-29,0.10863130261634638,3.639607,0.4087134607607339,0.32802157131280385,5.907712,1.006347221002233,-6.0147024774253314e-06,0.010455,0.0007101424211541348,-1.405880990970131e-06,0.037579,0.0021337742602268684,-0.0024574106274600598,5.116752,0.1996227107348831,0.0017653432507524892,5.229375,0.42821619363822233,0.14809454352859458,1439.996682,17.46816437889049,0.001063393030794166,6.36337,0.37826667052586155,1063.0,0.0,7623.0,8639.0,983.0,0.11378631786086353,1.0,0.00011575413821044102,0.0,0.0
2021-07-30,0.1309256364057434,3.694723,0.45448045744449944,0.34664531380268643,5.921812,1.0123768760670742,-4.844835572024083e-07,0.012136,0.0007444869779429794,-3.241639647985178e-05,0.033721,0.0023520873191192992,-0.002872842867068087,5.104115,0.2549163540932382,0.002399412227883279,5.143552,0.46046834086723715,-0.11796791651227415,9.681876,15.676905152313338,0.0020417268411301523,6.209762,0.41952046231721174,1166.0,0.0,7524.0,8637.0,1075.0,0.12446451314113696,1.0,0.0001157809424568716,0.0,0.0
2021-07-31,0.12911321407896262,3.655629,0.4607591036829121,0.3508822961676508,5.91348,1.0187606565107683,1.251013083246497e-06,0.012647,0.0008324492374646593,5.752344564084746e-06,0.045073,0.0025481928123204456,-0.0020248464744703023,5.171269,0.19683461932429733,0.0023306834549033225,5.135388,0.45116153900833356,7.695058605302767,1439.995069,111.2512255803279,0.002151650920458493,5.911466,0.3680608050960561,1168.0,0.0,7514.0,8638.0,1090.0,0.1261866172725168,1.0,0.00011576753878212549,0.0,0.0
2021-08-01,0.10756208948830748,3.690237,0.4027658354320285,0.3328752754109747,5.566118,1.0060101166294249,-4.862236628849272e-06,0.009599,0.0007227080165347211,1.3530678397777264e-05,0.03028,0.0018692334584755283,-0.0004900980551053487,5.179375,0.22808317730908736,-0.0005078476499189618,5.069107,0.45056947293317134,5.34134434857606,1434.24749,87.10715147793083,0.0008676319749942116,6.744977,0.4118747172792595,1100.0,0.0,7586.0,8639.0,1017.0,0.11772195856001852,1.0,0.00011575413821044102,0.0,0.0
2021-08-02,0.1014321728409354,3.729972,0.4184553635604251,0.2248292162537624,5.745567,0.8103088340325202,7.539360963185925e-06,0.013346,0.0006991016438975959,-2.4783283167399864e-05,0.037106,0.0018974657994064986,-0.0003940524426950684,5.073246,0.1403721519500322,-0.0022052586246816388,5.053957,0.3655804769187884,76.83726105834684,1437.950918,321.8240613453414,0.0005902830516323215,5.69607,0.2781824402275969,793.0,0.0,7872.0,8639.0,744.0,0.08612107882856812,1.0,0.00011575413821044102,0.0,0.0
2021-08-03,0.03873682604166667,3.601794,0.22932804145210178,0.17084505347222223,5.669301,0.7526352676280845,2.432870370370375e-07,0.009453,0.00047340093084557815,1.4141319444444444e-05,0.031462,0.0013330557145869626,-0.0011920339120370374,5.164585,0.14461102036458792,-0.00044587581018518466,5.069113,0.30522415163451677,3.7563102729166666,1439.998785,75.19353243145994,-0.00024665127314814876,6.163988,0.2900647538891909,528.0,0.0,8133.0,8641.0,492.0,0.05693785441499826,1.0,0.0001157273463719477,0.0,0.0
2021-08-04,0.0993077030906355,3.722282,0.40670841166283667,0.23732140571825447,5.5674,0.843173621597252,8.630628544970494e-07,0.013356,0.0006652874126261976,1.0820118069220977e-05,0.040828,0.0020218854390628926,-0.00041546787822664704,5.033154,0.15698418260605487,0.0020604566500752397,5.130234,0.37638162705614286,37.860136502025696,1433.168721,229.35836927144467,-0.00038201250144692705,5.404498,0.2998264601508621,819.0,0.0,7850.0,8640.0,770.0,0.08912037037037036,1.0,0.00011574074074074075,0.0,0.0
2021-08-05,0.04386044988425926,3.47618,0.23785180729486682,0.17948644467592592,5.402051,0.7661953863915377,-8.95011574074074e-06,0.008113,0.0005138877843255506,4.589583333333331e-06,0.05208,0.0014431955391959054,-0.0016425260416666665,5.028791,0.08158997527262543,0.0001785859953703696,5.113417,0.2877108520417221,0.4910741212962962,1423.419276,31.075244220132074,0.00035510370370370377,6.865915,0.24242951803558346,548.0,0.0,8110.0,8641.0,516.0,0.059715310727925006,1.0,0.0001157273463719477,0.0,0.0
2021-08-06,0.07396946076388888,3.600513,0.3348426113524551,0.22090899305555553,5.434095,0.8385883704695732,5.841550925925926e-06,0.013047,0.0006209605522236477,7.730787037037036e-06,0.042698,0.001764330478861589,-0.0007233368055555553,5.132189,0.1564225491758172,4.0681828703702806e-05,5.080048,0.3447233882196824,5.2433646482638885,1424.207699,85.21659766771342,0.002547869212962963,5.396849,0.293268114615154,716.0,0.0,7951.0,8641.0,669.0,0.07742159472283301,1.0,0.0001157273463719477,0.0,0.0
2021-08-07,0.0751994123162403,3.708182,0.3442823860587397,0.2364700509318208,5.622517,0.864228898568294,7.883898599374929e-06,0.01649,0.0007840165110643235,2.2661303391596245e-05,0.055206,0.002109367256348421,-0.0013573910174788748,5.100705,0.14754599625937487,-0.001443457807616623,5.1299,0.361727436851313,3.028757829725663,1433.574501,63.72270363060827,0.0003465066558629472,6.874803,0.300372024277345,761.0,0.0,7908.0,8640.0,711.0,0.08229166666666667,1.0,0.00011574074074074075,0.0,0.0
2021-08-08,0.0415659984951962,3.616535,0.2263097293943573,0.1791375541150596,5.710959,0.7787563923971447,8.269012617201065e-06,0.013331,0.000506127495339951,-1.2922907743951848e-05,0.023349,0.0013687348018170244,-0.0008080033568700081,5.072512,0.13375740200488156,0.0003974062970251187,5.0674,0.29913742811949884,6.4620136251881,1424.185671,94.27170172176078,0.0015774634795693945,5.786358,0.27670243930361044,539.0,0.0,8118.0,8640.0,509.0,0.058912037037037034,1.0,0.00011574074074074075,0.0,0.0
2021-08-09,0.08960920916772774,3.509507,0.3838482238572228,0.23836437816876954,5.375134,0.8594910266566196,9.42771154068758e-06,0.011392,0.0007540792966408438,-1.7084269012617203e-05,0.037146,0.0019391170376481073,-0.0023346667438360925,4.959065,0.09916147006114862,-0.00045673642782729357,5.176426,0.361050843725686,48.75231689674731,1439.997343,259.5386596204791,-0.00022511540687579596,5.95833,0.27888359082253406,779.0,0.0,7887.0,8640.0,734.0,0.0849537037037037,1.0,0.00011574074074074075,0.0,0.0
2021-08-10,0.03042545115740741,3.746635,0.18221686376600163,0.16917102962962965,5.544969,0.7598570630399134,-6.825000000000002e-06,0.009567,0.0005491811374043632,7.476851851851539e-08,0.036209,0.0012767157994304308,-0.0025325530092592595,4.936676,0.07913798216047838,3.8607638888888264e-05,5.154664,0.28536333441148176,8.572955753125,1424.236681,110.34946602306466,-0.0006255521990740738,5.474651,0.2712119341318004,504.0,0.0,8154.0,8641.0,472.0,0.05462330748755931,1.0,0.0001157273463719477,0.0,0.0
2021-08-11,0.10192074125955083,3.696646,0.41617923363311576,0.23503654376012967,5.986541,0.8424209039830055,1.576522343134985e-06,0.020987,0.0007950188923066854,1.3419541560546424e-05,0.036759,0.0019437127370250302,-0.000628110442231998,5.127173,0.1476857980296218,-0.0011916444778883998,5.123639,0.3548674163076084,30.43625380261635,1433.454372,206.80123197982527,0.0007173285482750637,5.485976,0.2735027331940707,804.0,0.0,7861.0,8639.0,756.0,0.08751012848709341,1.0,0.00011575413821044102,0.0,0.0
2021-08-12,0.044436431944444445,3.603076,0.24221783528559024,0.18729668078703704,5.470626,0.7940604815489507,-5.71388888888889e-06,0.008699,0.000532796965678832,3.471493055555556e-05,0.029054,0.0014282808199285449,-0.0012251650462962967,5.005579,0.12353528632776622,0.0006834424768518511,5.30744,0.30610649245472865,1.3362290903935186,1439.992619,40.94135515929904,0.0011311303240740735,5.397288,0.2784773833283249,565.0,0.0,8096.0,8641.0,530.0,0.06133549357713228,1.0,0.0001157273463719477,0.0,0.0
2021-08-13,0.1449904114049157,3.6867125,0.46612826014207637,0.33031817494783156,5.516128999999999,0.9385232966658519,-2.850545255439537e-06,0.011556,0.0008843811610185092,-3.101677715557072e-05,0.0329135,0.0026011238873962913,0.0022076523656520265,5.0765305,0.2804144889591023,-0.002473122030200631,5.0990785,0.46719853196975286,5.143168309022177,722.807953,61.676495187700446,-0.0019434525847320304,5.293775500000001,0.42440581580817005,445.0,0.0,3892.0,4320.0,412.5,0.1250288858810892,0.5,7.766387076731904e-05,0.0,0.0
2021-08-14,0.07978218337578144,3.931211,0.3582142482611695,0.22542054433896738,6.154454,0.8369308065603964,-2.0321833757814317e-06,0.008639,0.0006780941519771317,1.9392220421393857e-06,0.029983,0.0018350778916665777,-0.0011156708728872428,5.063324,0.19558162098863247,0.0007371014123639736,5.070788,0.3532510651192179,1.2259150138921044,1439.989123,40.79288376056126,0.0014833541329011346,6.475508,0.3192061483583059,750.0,0.0,7921.0,8639.0,693.0,0.08021761777983563,1.0,0.00011575413821044102,0.0,0.0
2021-08-15,0.08296210362394349,3.790857,0.3609182106076935,0.22301976959592448,5.627644,0.831281242966974,-6.4180849832117615e-06,0.010224,0.0006909997257881286,-9.698390644899849e-06,0.049912,0.001974918764029181,0.00035059279842537876,5.160413,0.20521452574803312,0.0004821161282852843,5.135049,0.37240470305764567,6.827137205395392,1424.620456,98.4800067509117,0.0014211229593608886,5.980082,0.34083409511124435,754.0,0.0,7916.0,8638.0,700.0,0.08103727714748785,1.0,0.00011576753878212549,0.0,0.0
2021-08-16,0.09464502071759258,3.763939,0.4035443636002096,0.2294960121527778,5.595599,0.8274819687436701,-1.7935185185185181e-06,0.010203,0.0007509874900206398,3.230300925925926e-05,0.037152,0.0019779852969086086,-0.0020379219907407414,5.08615,0.15832267744501696,-0.001978527430555556,5.101273,0.3961660901997582,7.300261784722222,1428.941619,101.51765114629987,0.0022525050925925917,6.377675,0.29732540191559625,780.0,0.0,7887.0,8641.0,731.0,0.08459669019789376,1.0,0.0001157273463719477,0.0,0.0
2021-08-17,0.05564144021298762,3.52617,0.2836458478235162,0.20909715291121658,5.784661,0.8222334897770421,1.2401898367866649e-06,0.011137,0.0006398081133645279,6.020372728325067e-07,0.03629,0.0015842122144251666,0.0007078708183817574,5.068993,0.14672968146081503,0.003915087741636764,5.074213,0.3262469987937918,8.888252248871398,1431.248,112.30443727056732,-0.0005725200833429789,6.019641,0.3054541581041868,659.0,0.0,8007.0,8640.0,612.0,0.07083333333333333,1.0,0.00011574074074074075,0.0,0.0
2021-08-18,0.10146192729798564,3.91583,0.42091623608204964,0.22800917504051862,5.323222,0.815940677011927,6.114262560777958e-06,0.013327,0.0007537007136794787,1.6198194026394997e-05,0.049032,0.002020536564598486,-0.003432627112757583,5.058941,0.1616581534851994,0.0013349152581616126,5.236093,0.4007634969230574,46.384899817203056,1434.529709,253.19622739347594,-0.0005150730493169716,6.307372,0.3299193367862725,800.0,0.0,7868.0,8639.0,748.0,0.08658409538140989,1.0,0.00011575413821044102,0.0,0.0
2021-08-19,0.04519801261866173,3.542833,0.24860349245117203,0.1900646773558694,6.357616,0.7897400137930819,-5.34255614725631e-06,0.013479,0.0005617087221975819,2.6162190321833754e-05,0.029748,0.0015163379081920474,-0.000504254572817782,5.073419,0.15390352773195992,0.0019473745079879611,5.08377,0.2775954801988654,4.67848052778421,1430.638995,80.88995611734704,-0.0007428897893030792,5.860226,0.26092771407225546,588.0,0.0,8071.0,8639.0,552.0,0.06389628429216344,1.0,0.00011575413821044102,0.0,0.0
2021-08-20,0.10155637881944443,3.820978,0.41359673584717466,0.23649757372685185,5.759667,0.8381629881841188,-8.969444444444443e-06,0.009538,0.0007737834840488327,-2.2037268518518516e-05,0.029493,0.0018649428671958816,-0.0002821870370370371,5.081439,0.15927475901985227,-0.0027883285879629635,5.118798,0.3692222078912051,13.69905875138889,1432.733075,139.19964582109364,-0.00025587175925925916,6.415958,0.29392926913179657,820.0,0.0,7850.0,8641.0,769.0,0.08899432936002777,1.0,0.0001157273463719477,0.0,0.0
2021-08-21,0.046074607502605065,3.376843,0.24863363109923922,0.19038995021419475,5.797479,0.7978180225510032,-4.8096561306009036e-06,0.011991,0.0005592120561940763,-9.069352784531664e-06,0.020035,0.0012633978584945978,-0.0003374862799583189,5.03283,0.1122547475104494,-0.0008603942341090662,5.067727,0.28141175260186957,-0.3034746124811856,28.850525,16.52641924539453,0.001532190343869399,6.401258,0.2531716674713491,566.0,0.0,8089.0,8638.0,532.0,0.06158833063209076,1.0,0.00011576753878212549,0.0,0.0
2021-08-22,0.07615419270833333,3.572314,0.34312370825011207,0.21966445347222222,5.577654,0.8343858413686943,1.4263310185185185e-05,0.011818,0.0006520551548663411,-1.0537499999999999e-05,0.03472,0.0017747625024272947,-0.0001999989583333331,5.048335,0.18262539423862237,0.0010517541666666666,5.067314,0.3666519296625262,6.0049317084490745,1424.56697,93.08943785889201,8.62055555555557e-05,5.681286,0.3258887924083174,719.0,0.0,7948.0,8641.0,671.0,0.0776530494155769,1.0,0.0001157273463719477,0.0,0.0
2021-08-23,0.07646257020488482,3.553728,0.3509938204250744,0.23688356129181617,5.400128,0.8603826662223085,1.1399467530964224e-06,0.010829,0.0006068850679807057,-1.0002083574487786e-05,0.049934,0.002231377185353447,0.000780210093760852,5.110599,0.16210933577697867,-0.0007272200486167377,5.107815,0.3751595801491954,0.8272326550526684,1433.743849,49.13954752351494,-0.000604511054520198,7.073451,0.32051750175083715,766.0,0.0,7903.0,8640.0,715.0,0.08275462962962964,1.0,0.00011574074074074075,0.0,0.0
2021-08-24,0.039427932870370365,3.387097,0.21969767245718155,0.17249155879629627,5.713523,0.7672872444643525,3.480324074074075e-07,0.008345,0.0005278349103754071,3.89837962962963e-06,0.033459,0.0013457095348517508,0.0013438231481481483,5.07136,0.13433768048200861,0.0009268944444444441,5.049629,0.30458592116718153,3.6564284307870367,1439.994175,71.80788500407887,0.0008421597222222221,5.363622,0.289847638711984,519.0,0.0,8139.0,8641.0,489.0,0.056590672375882424,1.0,0.0001157273463719477,0.0,0.0
2021-08-25,0.0888151380108834,3.650502,0.38458081725875565,0.23628743429431515,5.579577,0.8543292793707654,8.065068889660764e-06,0.012745,0.0007116527015040735,7.56512678013199e-06,0.047038,0.0020409966986560724,-0.0024629885376866965,5.012098,0.09376830157823744,-0.0013869356257959944,5.140378,0.36495529109652586,63.42699213754776,1435.990229,294.66482782102867,-0.0019978917448188033,6.099135,0.281499528133935,782.0,0.0,7882.0,8638.0,736.0,0.08520490854364436,1.0,0.00011576753878212549,0.0,0.0
2021-08-26,0.03056347030906355,3.753044,0.17702461732317107,0.17089502291931935,6.390301,0.7676192160750612,5.918393332561639e-06,0.009589,0.0005408522111599978,2.6033915962495663e-05,0.031617,0.0013078452525312355,-0.0013523113786317867,5.080208,0.10159612160640685,-0.0010107520546359537,5.244685,0.29365873259936776,4.4308740515105915,1439.699898,79.89688807753926,3.95746035420765e-05,5.361037,0.27391054523866254,505.0,0.0,8152.0,8640.0,474.0,0.05486111111111111,1.0,0.00011574074074074075,0.0,0.0
2021-08-27,0.10134225063672146,3.920957,0.41240480281996783,0.24055443563324846,5.446272,0.8534088562703229,8.238249594813614e-06,0.01509,0.0007456956485019757,-1.049305394767307e-05,0.03088,0.0019319709494646804,-0.0002636553600370454,5.044761,0.15876787555112673,0.0005842663811067372,5.240249,0.37464495602905773,34.424781092614026,1431.657594,218.33205831129627,0.000532720189858764,6.570155,0.3021527283512416,823.0,0.0,7845.0,8639.0,773.0,0.08947794883667091,1.0,0.00011575413821044102,0.0,0.0
2021-08-28,0.04396753235328163,3.651784,0.23709388459754094,0.1865276937145503,5.590472,0.7897234173207159,-9.853571015163793e-06,0.012174,0.0005210634733823489,1.499502257205695e-05,0.026244,0.0013822569923881798,-0.003094491492070841,4.976413,0.10953249334228675,0.0006871229308947799,5.164145,0.29882893309356734,0.6677440476907051,1439.999975,32.143963590171154,-0.001269386618821623,5.645371,0.2693944405490273,564.0,0.0,8096.0,8640.0,528.0,0.06111111111111111,1.0,0.00011574074074074075,0.0,0.0
2021-08-29,0.10581467214633017,3.832514,0.4208869865087107,0.24257956054642277,5.483444,0.8513912356769406,-1.305163232229682e-06,0.010361,0.000729781854317134,-2.6831558231072e-05,0.031681,0.002429840083244116,0.00031634857605927346,5.056391,0.22793415516549037,0.0010541500347302623,5.210681,0.3954273986625855,9.802710706645058,1425.503672,122.2119474856362,0.0019182303774021763,5.821954,0.34481939380320425,849.0,0.0,7824.0,8639.0,790.0,0.0914457691862484,1.0,0.00011575413821044102,0.0,0.0
2021-08-30,0.07907671941196898,3.646016,0.35712983628760625,0.22345382995717095,5.550737,0.8294731250810593,-6.819886560944553e-06,0.012058,0.0006142695470043098,2.6190415557356174e-05,0.038409,0.0018971385194919547,-0.0018028299571709685,5.034522,0.15651084893386016,0.00043212501446926726,5.219637,0.3434709045728011,1.235462826831809,1423.056626,42.22117199178716,0.0004104831577728907,6.422204,0.2988241345302038,747.0,0.0,7925.0,8640.0,689.0,0.07974537037037037,1.0,0.00011574074074074075,0.0,0.0
2021-08-31,0.08230731944444446,3.72869,0.3582096329819614,0.22241070567129628,5.52382,0.8275062267594059,-2.595717592592595e-06,0.012033,0.000653017539604478,-1.9629745370370373e-05,0.033672,0.002012457833037808,0.00019276064814814767,5.047429,0.21503517581944875,0.0006907120370370379,5.197567,0.3751026428588573,6.550751668171294,1424.421342,96.7726054399246,0.0009875681712962952,5.783555,0.35112201415478883,749.0,0.0,7921.0,8641.0,698.0,0.08077768776761948,1.0,0.0001157273463719477,0.0,0.0
2021-09-01,0.08761712534722223,3.789575,0.390216553991931,0.21376924155092591,5.21427,0.7980935152512175,4.363541666666667e-06,0.012257,0.0006924357178965213,-4.062094907407408e-05,0.03651,0.0019706813675455692,-0.0031852934027777773,5.00052,0.17325146528829602,0.00047521516203703876,5.184923,0.3624642732029906,8.071374517476851,1428.283942,105.8987547635484,0.0007121373842592596,6.394251,0.29897217942185633,733.0,0.0,7934.0,8641.0,683.0,0.07904177757204027,1.0,0.0001157273463719477,0.0,0.0
2021-09-02,0.056014117592592595,3.489639,0.2828126775703656,0.20940437395833333,5.345653,0.8201517099937666,-3.4798611111111125e-06,0.009819,0.0006006384503488642,2.916145833333333e-05,0.039241,0.0016765356750946933,-0.0007142317129629627,5.076647,0.15443733776445678,0.004054354166666668,5.146623,0.32232389278243767,6.309213063657408,1439.989515,94.28362839665218,-0.00023582835648148227,6.081499,0.3094835213326216,663.0,0.0,8004.0,8641.0,616.0,0.07128804536511978,1.0,0.0001157273463719477,0.0,0.0
2021-09-03,0.10692846219752229,3.650502,0.43434879790228564,0.22801472525182356,5.35847,0.8067311497599228,1.5998263285863148e-05,0.085666,0.0011465926275953829,-3.396665508857242e-05,0.057412,0.003580563216258384,-0.0020567220099571605,5.096665,0.19727043572063788,0.0004612185944193585,5.14649,0.3891084278160639,44.442870162093314,1439.999551,246.72564606848263,0.000751390992242677,6.333637,0.32877058725762137,821.0,0.0,7846.0,8638.0,769.0,0.0890252373234545,1.0,0.00011576753878212549,0.0,0.0
2021-09-04,0.04661410012732955,3.624866,0.2529280383125965,0.1954798808889918,5.529588,0.7999280905914177,3.289038083111471e-06,0.009339,0.0004962287659007904,-2.043268896863063e-05,0.026626,0.0014586217720926708,-0.0008184581548790365,4.960219,0.15349667524078137,-0.0027421919203611538,5.21711,0.3038683110304754,0.3966714093066327,1418.360015,21.974865579221234,-0.0021820677161708537,5.799433,0.28983694478874156,607.0,0.0,8056.0,8640.0,564.0,0.06527777777777778,1.0,0.00011574074074074075,0.0,0.0
2021-09-05,0.11038785595778249,3.76426,0.4327720618953921,0.253241866952889,5.378337999999999,0.8579733956939095,4.227850411704372e-06,0.0112045,0.0008143261050880756,2.9634746816057896e-05,0.023972,0.002011629619847919,-0.0018539169815587784,5.0502125,0.1795539479700638,-0.00053786404139837,5.187198499999999,0.4099140160084297,11.166255060553667,1434.702643,99.40520789255108,0.0007739484968872876,5.8355125,0.33687198342668545,429.0,0.0,3907.5,4320.5,401.0,0.09551213375302887,0.5,9.703085581214826e-05,0.0,0.0
2021-09-06,0.04703091979166667,3.409528,0.25268657751997686,0.18897893900462964,6.346721,0.7931447726123471,-3.225925925925926e-06,0.010117,0.0005545623681667052,-5.3371527777777774e-06,0.026821,0.0014467453859265383,-0.0005439280092592594,4.999032,0.1067446706159478,0.0001348457175925927,5.125163,0.27348208356460696,1.1196732657407407,1439.99364,41.004859067787685,0.0020895439814814817,5.877976,0.234924007842921,564.0,0.0,8094.0,8641.0,529.0,0.06121976623076033,1.0,0.0001157273463719477,0.0,0.0
2021-09-07,0.0764442450515106,3.788934,0.3449703434047336,0.2199503456418567,5.539201,0.8343979130267805,2.8274105799282314e-06,0.010416,0.0006541193114332093,-1.92550063664776e-05,0.026325,0.0018577993049241947,-0.0012899342516494963,5.086318,0.14851335720232936,0.00013306354902187665,5.146704,0.337201441227347,10.310827288806573,1425.371164,124.022587284667,0.0008458431531427253,5.750835,0.2930957310147334,717.0,0.0,7949.0,8640.0,669.0,0.07743055555555556,1.0,0.00011574074074074075,0.0,0.0
2021-09-08,0.07699099467530963,3.884426,0.35252442683922275,0.2280165365204306,5.368084,0.8403397708144402,-1.3461395994906818e-05,0.009814,0.0006652879332567353,-6.625766871165652e-07,0.044521,0.0019833510339446704,0.0001984005093182084,5.034715,0.15442969865043965,-0.0026531977080680624,5.308315,0.36067586713790967,1.2376673426322493,1433.377263,51.331419139147776,0.0025287710383146197,6.623519,0.3003952256831159,747.0,0.0,7919.0,8640.0,700.0,0.08101851851851852,1.0,0.00011574074074074075,0.0,0.0
2021-09-09,0.03990140347222222,3.478103,0.21751858439473812,0.17470633391203705,6.178167,0.7689406916165455,5.45601851851852e-07,0.01162,0.0004929785238563116,-9.04733796296296e-06,0.025479,0.0013429957921037494,-0.0014443361111111108,5.080015,0.062051032120453556,0.001591578819444445,5.214024,0.29521701591531574,6.06306544363426,1424.048447,91.76898668325371,0.0005987550925925936,5.112215,0.26937373040145346,524.0,0.0,8134.0,8641.0,493.0,0.05705358176137021,1.0,0.0001157273463719477,0.0,0.0
2021-09-10,0.08782823486514643,3.700491,0.3817348287453037,0.23798128475518,5.353343,0.8568257663534307,-4.728209283481884e-06,0.008855,0.0006592841229234861,-2.947030906354902e-05,0.026845,0.0018513493854842562,-0.0024642768838985993,5.098328,0.14140073865366312,0.0006150931820812589,5.19055,0.3677533878891661,79.55764869174672,1437.077329,327.37134802053856,0.0009559740710730405,5.77336,0.2924523543665943,783.0,0.0,7883.0,8640.0,737.0,0.08530092592592593,1.0,0.00011574074074074075,0.0,0.0
2021-09-11,0.026262640972222223,2.749413,0.14955602730937448,0.16834158136574073,5.833369,0.7624279059873004,-9.55902777777777e-07,0.008825,0.00043159692220006704,5.48206018518519e-06,0.021887,0.0012468411107886394,-0.00033379120370370365,5.004374,0.07388358554700152,0.0013826406250000004,5.327871,0.279407750295736,9.452994985300927,1428.716955,116.41722112182573,-0.00032305092592592623,5.242396,0.2566202406894541,486.0,1.0,8169.0,8641.0,461.0,0.05335030667746789,1.0,0.0001157273463719477,0.0,0.0
2021-09-12,0.10043116946405833,3.665242,0.4087326013368443,0.24092444773700655,5.413587,0.8505971240882818,-6.440560250028939e-06,0.014898,0.000712452419799282,2.104178724389397e-05,0.042199,0.0019445751103507542,-0.0014332134506308603,5.135748,0.1422641093819639,-0.0018554958907280935,5.180534,0.38028525604082103,28.00471117710383,1430.815336,197.6399306982266,-0.0010446488019446698,6.212878,0.3032522704947464,824.0,0.0,7845.0,8640.0,773.0,0.0894675925925926,1.0,0.00011574074074074075,0.0,0.0
2021-09-13,0.03778276203703703,3.010254,0.2086105024669769,0.1820745521990741,5.630848,0.7953185926551767,7.205787037037038e-06,0.011516,0.0005023962321553387,1.7569444444444464e-06,0.03359,0.0013051284230563079,-0.001626605902777778,4.91732,0.08918013748877783,-0.0007155233796296296,5.221558,0.2828397851058921,0.942281769675926,1424.876157,40.87438874870716,7.948831018518524e-05,5.171897,0.2584918290507393,527.0,0.0,8131.0,8641.0,495.0,0.057285036454114105,1.0,0.0001157273463719477,0.0,0.0
2021-09-14,0.1052739984951962,3.903012,0.42062748712376125,0.23597434402129877,5.691092,0.8351878469156375,1.5267739321680748e-05,0.011783,0.0007668780256310367,1.5223984257437224e-06,0.033274,0.0022766590739892473,0.00031891839333256125,5.157991,0.22194590836763567,-0.0005163020025465898,5.157041,0.3954447985818507,9.40798785901146,1425.443089,115.41978367764767,-0.0010859171200370413,6.210148,0.3407277123355595,837.0,0.0,7835.0,8640.0,780.0,0.09027777777777778,1.0,0.00011574074074074075,0.0,0.0
2021-09-15,0.07856881396156518,3.654347,0.3537108404980222,0.2242634854132901,5.552019,0.8356076793386961,-3.3338735818476506e-06,0.018793,0.0006629583591249227,-2.782843250752489e-05,0.027792,0.0017849187076920347,-0.0023853711507293355,5.114899,0.1661513407509936,0.0001701976151887019,5.150598,0.37139144437736826,1.087544934012503,1423.943096,40.77304225188224,0.0010604398008798334,6.384105,0.33135863797425663,745.0,0.0,7926.0,8639.0,689.0,0.07975460122699386,1.0,0.00011575413821044102,0.0,0.0
2021-09-16,0.08164198101632134,3.622944,0.35898868786644816,0.21196961569626113,5.757744,0.8061690519229521,-1.0191688852876488e-05,0.012725,0.0006561442039056427,-5.758305359416598e-06,0.047059,0.001905536257581649,-0.00013481213103368466,5.066022,0.18175445307424687,0.0012223744646371099,5.121123,0.3449405333206421,6.497300997453409,1423.870312,95.44822883054684,0.00028402523440212963,5.737514,0.3064941284510841,721.0,0.0,7945.0,8640.0,672.0,0.07777777777777778,1.0,0.00011574074074074075,0.0,0.0
2021-09-17,0.09554768456997338,3.547319,0.4021270212522899,0.22650649091330016,5.356548,0.8152552818607891,5.783076744993632e-06,0.011678,0.0006786499985270681,2.9378863294362777e-05,0.03812,0.0018584587791194318,-0.0016998458154879042,5.044857,0.1603269029615189,3.4679708299571147e-05,5.139838,0.374464768883366,8.488490146892001,1434.027542,109.21434005453368,-0.0014100143535131378,6.336211,0.3015556006020193,789.0,0.0,7877.0,8640.0,738.0,0.08541666666666667,1.0,0.00011574074074074075,0.0,0.0
2021-09-18,0.05773887951388889,3.665883,0.29163490430080163,0.2101247795138889,5.563555,0.824892704258585,-7.120486111111112e-06,0.008407,0.0005783239688830127,1.4298263888888886e-05,0.036345,0.0016436325967961437,-0.0010189416666666667,5.067019,0.18518112390420785,-0.0020657332175925925,5.078657,0.3493598231267908,2.247833405787037,1422.270511,59.45821258924489,0.0003096582175925928,5.643377,0.3303078595256625,668.0,0.0,7999.0,8641.0,623.0,0.0720981367897234,1.0,0.0001157273463719477,0.0,0.0
2021-09-19,0.11374290810185185,3.571032,0.44461353816238364,0.24520587002314814,5.262337,0.8377705716680952,5.411574074074073e-06,0.01383,0.0008686871254735448,1.9860995370370375e-05,0.033079,0.001947888574900102,-0.0015103716435185184,5.102001,0.18320658542160456,0.0017896425925925938,5.118641,0.3982055971428753,56.83452663900463,1439.998676,277.9245217906004,0.00031207719907407473,6.68193,0.31423876181720917,871.0,0.0,7801.0,8641.0,816.0,0.09443351463950932,1.0,0.0001157273463719477,0.0,0.0
2021-09-20,0.05126093472222223,3.551805,0.27197880191160795,0.20570057187499996,5.794275,0.817075582675574,5.915856481481479e-06,0.012133,0.0005812417470338186,-4.638541666666664e-06,0.026778,0.0015185844343091788,-0.0008926252314814815,5.101895,0.15644540739975063,-0.0015436422453703699,5.110306,0.3403878004254774,1.0607217234953705,1420.591479,45.8804068938873,2.994328703704048e-06,5.223774,0.31922091941768016,648.0,0.0,8019.0,8641.0,601.0,0.06955213516954056,1.0,0.0001157273463719477,0.0,0.0
2021-09-21,0.1058481099537037,3.778039,0.4229400413262292,0.24637957291666665,5.380261,0.8483890753438569,2.3332175925925913e-06,0.014841,0.0007892521833194195,-9.482175925925925e-06,0.043783,0.0021026709762385323,0.000610036342592592,5.072909,0.19197159385666257,-1.5112731481482223e-05,5.173447,0.39532540024299206,10.922634236805555,1439.987083,124.91560822650524,0.002054411342592593,6.577095,0.32255871751757137,862.0,0.0,7811.0,8641.0,805.0,0.0931605138294179,1.0,0.0001157273463719477,0.0,0.0
2021-09-22,0.05385801747685185,3.319163,0.27706365196218585,0.18641909386574074,5.713523,0.7724102599575055,-4.920833333333336e-06,0.014644,0.0006042735754457102,-7.641898148148146e-06,0.039857,0.0016682655842225576,-0.0009113908564814819,5.123011,0.11245383004157612,0.0001380298611111102,5.069492,0.3183744230424206,0.21114342893518523,1420.694804,16.425983292387084,-0.00044559016203703705,6.832117,0.2729617335089514,586.0,0.0,8075.0,8641.0,551.0,0.06376576785094318,1.0,0.0001157273463719477,0.0,0.0
2021-09-23,0.07774420013890497,3.819697,0.34904530453009125,0.2182228627155921,5.444349,0.8294468902239363,-9.593239958328511e-06,0.009997,0.0006456738365821597,1.2418103947216159e-06,0.035517,0.0017556622916751554,0.0010696426669753443,5.12425,0.164342465031259,-0.001782426090982753,5.107997,0.35232278318472515,5.729279707720801,1439.998298,91.83456150311622,0.0006092024539877299,5.316869,0.30389080354470677,715.0,0.0,7951.0,8640.0,668.0,0.07731481481481481,1.0,0.00011574074074074075,0.0,0.0
2021-09-24,0.07504333225283631,3.802393,0.34694623387848056,0.22234215501273444,5.397565,0.8299554618948259,-2.1750405186385736e-06,0.016075,0.000695092134560875,9.235934244037967e-06,0.051348,0.0019737396972834076,-0.0004916672840935401,5.074345,0.13844490907724527,0.0011644200046307018,5.143592,0.35217249762767744,2.3782773404723314,1433.309461,60.42660624992894,0.0010991141467932388,6.265603,0.27384270033871505,725.0,0.0,7940.0,8639.0,678.0,0.07848130570667901,1.0,0.00011575413821044102,0.0,0.0
2021-09-25,0.04282404837962963,3.469131,0.22722694263533283,0.17848861620370368,5.771203,0.7699109573560527,-8.895833333333324e-07,0.013636,0.0005502767993728782,-1.9509259259259263e-05,0.024333,0.00138165823532889,0.0007162744212962961,5.066292,0.13894038961044416,-0.0016285759259259264,5.052664,0.3008644058884097,0.1306052519675926,32.00385,5.378042694102316,-0.0009783417824074073,5.735858,0.28912695640096875,546.0,0.0,8112.0,8641.0,515.0,0.05959958338155306,1.0,0.0001157273463719477,0.0,0.0
2021-09-26,0.08750875185185185,3.542833,0.3817728937403264,0.23923284583333332,6.041017,0.8625103846910203,-1.5519675925925939e-06,0.010274,0.000708653683989733,5.149305555555556e-06,0.039482,0.0018937642604422726,-0.0008256690972222215,5.097864,0.14453429091951103,-6.657615740740668e-05,5.113329,0.3829997128756546,62.46204758587961,1439.997713,291.79366790148515,-0.00010711759259259237,5.89691,0.3143946647579842,787.0,0.0,7880.0,8641.0,742.0,0.0858696910079852,1.0,0.0001157273463719477,0.0,0.0
2021-09-27,0.016443436313236314,1.504166,0.08351606598129546,0.1065995108108108,2.9035465,0.4288378625888911,-3.5688842688842685e-06,0.002848,0.0003270808360919061,-1.7715176715176707e-06,0.01365,0.0007042542729983543,-0.0008746783776489041,2.5541865,0.0340838855609922,0.00034259657730605075,2.544365,0.1417243896425789,8.887432086695846,1423.5512410000001,111.784829521032,-0.0003454554750702125,2.5558885,0.1331458716908804,254.0,0.0,4073.5,4320.5,240.0,0.033264033264033266,0.5,0.0003506311360448808,0.0,0.0
2021-09-28,0.09962455052668132,3.546037,0.40745720817124464,0.2461853128834356,6.224952,0.8688713705256409,-7.389396920939924e-06,0.01068,0.0007258222324938151,-4.67554115059613e-06,0.022239,0.0019587738765042555,-0.0009021075355943979,5.049976,0.1808668350509509,0.003033635142956361,5.173253,0.38171791899986124,22.564331062391485,1439.988461,179.5558133667934,0.002641166685959024,5.533891,0.3081735645056084,828.0,0.0,7841.0,8640.0,776.0,0.08981481481481482,1.0,0.00011574074074074075,0.0,0.0
2021-09-29,0.037498440393518524,2.682119,0.20475560322532585,0.1840188769675926,5.486648,0.8002119055723047,-4.984722222222224e-06,0.010152,0.00052121911194409,1.2562962962962963e-05,0.021941,0.0011265459731323686,-0.0007513993055555551,4.989311,0.09611828983088944,-0.0011426780092592592,5.109305,0.2777953948540985,0.44849550798611104,1439.997703,27.21416073164435,0.0016475533564814812,5.205337,0.247052370096034,528.0,0.0,8130.0,8641.0,497.0,0.057516491146858,1.0,0.0001157273463719477,0.0,0.0
2021-09-30,0.1025693466080111,3.740867,0.41411728954693544,0.230565755267423,5.808374,0.8290072441237702,2.250868256540866e-06,0.013128,0.0007523128648901517,4.396341745774485e-05,0.048501,0.0021956225156846195,-0.00037061229451261816,5.06695,0.21351088750887326,0.0012817096550127342,5.109269,0.37575359575910694,7.924530226557073,1424.267261,106.07624363612705,0.0022417799259087756,5.624123,0.31731619955534845,811.0,0.0,7860.0,8639.0,756.0,0.08751012848709341,1.0,0.00011575413821044102,0.0,0.0
2021-10-01,0.07341202593192868,3.817774,0.3417587394537133,0.2190063140773327,5.364879,0.834708455152381,6.477078027321139e-06,0.009316,0.0006426106020705057,-2.586628849270664e-05,0.048529,0.0017807105361332025,-0.0002447734429266027,5.048176,0.18673448733986367,0.0014438731187774948,5.116201,0.35768302557193726,0.35035169379485986,1436.411427,22.268753015846112,0.0002904503357258619,6.738636,0.31443929561705597,706.0,0.0,7962.0,8639.0,655.0,0.07581896052783887,1.0,0.00011575413821044102,0.0,0.0
2021-10-02,0.07483836886574075,3.578082,0.33992302222992604,0.2025308421296296,5.65392,0.79621020364734,-1.651736111111111e-06,0.00985,0.0006602741028182223,2.428275462962963e-05,0.047199,0.0019677802288571157,-0.002049165856481481,5.048223,0.16728649309400445,-0.001280744791666667,5.034079,0.35400342962701525,0.4712836905092593,1422.064593,22.361375903173517,0.0005288240740740736,5.787816,0.301823732869127,678.0,0.0,7989.0,8641.0,631.0,0.07302395556069899,1.0,0.0001157273463719477,0.0,0.0
2021-10-03,0.10309858270633175,3.810724,0.41999613330604213,0.23939333128834356,5.211707,0.8404475403571878,-3.9656210209514994e-06,0.01703,0.0008241416626185135,-2.1573909017247364e-05,0.048706,0.001933887255070183,-0.0009746215997221903,5.086071,0.16652345490687634,0.0009131330015048023,5.081956,0.3698722733359108,7.233990956476443,1427.203622,103.50838794961338,0.000913805880310221,5.985195,0.30789846819509104,831.0,0.0,7835.0,8640.0,781.0,0.09039351851851851,1.0,0.00011574074074074075,0.0,0.0
2021-10-04,0.09346878652968037,3.572954,0.3725781016435202,0.4286096815068493,5.366161,1.1565258825868614,-4.752283105022831e-05,0.005338,0.0007615533093006155,1.4527397260273966e-05,0.016054,0.001975639841770607,-0.006092257990867581,4.912427,0.23972245321915017,0.00520250570776256,5.044645,0.47194196834919555,1.8577949600456616,1420.162812,83.68025190648633,0.004875716894977172,5.162909,0.466641795194771,133.0,0.0,749.0,877.0,122.0,0.13911060433295325,1.0,0.0011402508551881414,0.0,0.0
2021-10-28,0.12162996925347436,3.552446,0.4510846738926955,0.2915731435247817,5.427686,0.9160692219505846,1.1179190751445088e-05,0.011693,0.0007534899549212106,-7.377198376583448e-06,0.046405,0.0021434156671148803,-0.0018357317673102936,5.089123,0.1730025761527216,0.0003065114992005919,5.13077,0.43219027784623903,12.620099049686385,1433.995098,130.72717777033253,0.001417784774320502,7.041185,0.33489144130072496,946.0,0.0,7215.0,8132.0,894.0,0.10993605509099852,2.0,0.00024594195769798326,0.0,0.0
2021-10-29,0.05942616205579349,3.849818,0.27858322680953246,0.25893698807732374,5.582141,0.9187310240400266,2.719180460701467e-06,0.009255,0.0006149924357901986,-6.203032758421114e-06,0.029372,0.002123035116096047,-0.0002913146197476559,5.102294,0.184619228311668,-0.00016892672763051277,5.068467,0.35957691706527667,-0.18136198610950344,1426.805605,26.867105421545645,0.00042775159161939977,5.279697,0.3293905313591017,794.0,0.0,7878.0,8640.0,735.0,0.08506944444444445,1.0,0.00011574074074074075,0.0,0.0
2021-10-30,0.12018781120500059,3.633198,0.446525974775173,0.30100981757147816,5.451399,0.9437925290215907,-7.597059844889456e-06,0.012104,0.0007185070231049498,-1.562241000115754e-05,0.034252,0.002213755558728644,-0.0024194735501794186,5.09151,0.2028883844721789,-0.0010918701238569277,5.13799,0.41733809245123565,0.702844734460007,1435.278356,30.912357331413677,0.002613524366246092,6.618862,0.35555718522828905,1026.0,0.0,7655.0,8640.0,950.0,0.1099537037037037,1.0,0.00011574074074074075,0.0,0.0
2021-10-31,0.05235249901608982,3.557573,0.25492390335054604,0.233175323301308,5.44499,0.8858002541762918,4.349114480842691e-06,0.021049,0.0005549559401577815,-4.762009491839333e-06,0.074653,0.0017888324075621136,-0.0015902197013543235,5.014252,0.1258633968713006,0.0009712611413358027,5.121902,0.31842404509124067,-0.08792685646486857,1426.319483,23.264071720315187,0.0007338863294362775,5.386121,0.286047531226334,686.0,0.0,7977.0,8640.0,644.0,0.07453703703703704,1.0,0.00011574074074074075,0.0,0.0
2021-11-01,0.1262765138326195,4.024781,0.45405896223276027,0.29088030848477825,5.628925,0.9207327889649767,-2.9561291816182403e-06,0.0195,0.0007290914152404857,3.657923370760506e-05,0.051811,0.002478908209388008,-0.0019125737932631094,5.109834,0.2075559811173815,0.001205225489061235,5.113229,0.4235070762014026,-0.3031525098969788,10.626791,22.055914664629242,0.0009088601690010417,5.754324,0.3520525917249796,1014.0,0.0,7663.0,8640.0,944.0,0.10925925925925926,1.0,0.00011574074074074075,0.0,0.0
2021-11-02,0.10760268202338234,3.714591,0.4074780092280476,0.3091079113323302,5.930784,0.9723174751944839,-4.586526218312306e-06,0.011706,0.0006548599078051882,-6.994559555504108e-06,0.023834,0.0019049628319599602,-0.000789802523440212,5.09736,0.19144352373711226,0.0023351363583748127,5.194228,0.4282744666679565,0.15892714237759,1439.995492,15.701474298604793,0.0014168755643014243,6.741184,0.3618514742191994,1010.0,0.0,7671.0,8640.0,939.0,0.10868055555555556,1.0,0.00011574074074074075,0.0,0.0
2021-11-03,0.0882618307478583,3.701773,0.3506874790567075,0.2915201481824496,6.333262,0.9759841374195,9.25816161148414e-06,0.00957,0.0006420038817427037,-2.0965501273442688e-07,0.040125,0.0022665390995502,-0.002899121208613105,5.134477,0.19727235614771432,0.0026127793470710828,5.17269,0.3909123972040151,-0.12266483167399864,10.627601,10.765920247374789,0.001201267770317203,5.722984,0.3721259360276137,911.0,0.0,7766.0,8639.0,846.0,0.09792800092603311,1.0,0.00011575413821044102,0.0,0.0
2021-11-04,0.14141021090403982,3.640889,0.47971966278083517,0.3686334051394837,5.518052,1.044074778640484,-6.512212061581201e-06,0.012628,0.0008080276013797605,5.634564185669636e-06,0.045944,0.002177765361410303,-0.001498366014585021,5.045073,0.2094039803357154,0.0020476703322143764,5.070085,0.47357459567369137,0.5501074248176872,1434.107558,38.63787065846641,-3.3203495774972725e-05,6.008232,0.4022272369257796,1231.0,0.0,7459.0,8640.0,1139.0,0.1318287037037037,1.0,0.00011574074074074075,0.0,0.0
2021-11-05,0.07071643032407406,3.685751,0.3085386862714632,0.2816587143518518,5.76223,0.9588189542046316,8.77662037037037e-07,0.009543,0.00056602898438947,-1.002175925925926e-05,0.025746,0.0016366982128433677,-0.0015530267361111114,5.094022,0.16989707052816133,0.0004895320601851858,5.103542,0.37932885541979694,-0.12370340902777778,39.044642,15.69738488706034,0.0009650465277777775,5.46241,0.35496342126286995,863.0,0.0,7813.0,8641.0,801.0,0.0926976044439301,1.0,0.0001157273463719477,0.0,0.0
2021-11-06,0.1513162023382336,3.59154,0.496162140626999,0.37492248570436393,5.800043,1.0476216661563005,-4.589420071767565e-06,0.013032,0.0007593308481560912,-6.818497511286036e-06,0.037439,0.0021947443129839363,-0.0012089389975691635,5.108203,0.2385126299144307,-0.0032934143998147943,5.123358,0.47800310373111454,0.18693152726009948,1429.327043,15.55715234640977,0.0019804711193425173,6.905558,0.4137376580575463,1271.0,0.0,7419.0,8640.0,1177.0,0.13622685185185185,1.0,0.00011574074074074075,0.0,0.0
2021-11-07,0.0878375134290345,3.737663,0.35766969966242845,0.32661173327159065,6.248024,1.014787395016451,-3.433665200277831e-07,0.008471,0.0005847779363744104,-1.2561241028015742e-05,0.031198,0.0019478412164031834,-0.0008976369529983792,5.04545,0.20025985605931768,0.00161676036119472,5.179293,0.42311612375619256,-0.09335846596434351,1428.4869,23.147352474357717,0.0034488905996758515,6.497402,0.39153433984388447,1020.0,0.0,7663.0,8639.0,941.0,0.108924644056025,1.0,0.00011575413821044102,0.0,0.0
2021-11-08,0.12870795613425925,3.66332,0.45069209272586497,0.35157989270833334,5.781457,1.0266342890529379,3.76388888888889e-06,0.009,0.0007296889326674642,1.1981481481481545e-06,0.028936,0.002307506692486238,-0.0027528185185185182,5.116595,0.2107283205306869,0.0017055678240740736,5.072465,0.43654909305620854,-0.004486065856481503,1439.944481,21.976033045083646,0.004442808564814816,5.259145,0.35915308168663473,1160.0,0.0,7522.0,8641.0,1085.0,0.12556417081356325,1.0,0.0001157273463719477,0.0,0.0
2021-11-09,0.03524999016203704,3.459517,0.23581363698467003,0.11864845266203704,5.305918,0.6230113048957931,1.062152777777777e-06,0.007432,0.0003791503642134293,-1.2972916666666666e-05,0.030683,0.001082490390060151,0.00022852118055555543,5.102283,0.12939606802732567,-0.0008695299768518522,5.172675,0.2752601086816155,0.009133234259259262,14.038017,2.634245546820486,-0.00045655115740740663,5.953064,0.25043803164170986,377.0,0.0,8281.0,8641.0,346.0,0.040041661844693904,1.0,0.0001157273463719477,0.0,0.0
2021-11-10,0.06611168514874408,3.776116,0.32887288027977873,0.18649942829031138,6.190985,0.7792060084840902,-3.122236369950226e-06,0.011739,0.0006338692379373214,1.5293668248639893e-05,0.04759,0.0017474612106027421,-0.00152803947216113,5.013844,0.16418109768678557,0.0016211918046070148,5.175551,0.3145081775792367,0.06060574059497627,10.735365,2.604932989437484,0.0005272178492881114,6.151451,0.29755343132257195,608.0,0.0,8061.0,8640.0,558.0,0.06458333333333334,1.0,0.00011574074074074075,0.0,0.0
2021-11-11,0.05247119562449357,3.464003,0.2942043040286579,0.15373635698576224,5.145054,0.7030917702190148,5.299455955550412e-06,0.010152,0.000564790745160841,1.2188331982868387e-05,0.030944,0.0015166965916494563,-0.0004955513369602957,5.04391,0.14644549470830645,0.0003678624840838059,5.119187,0.29053832127925544,3.331179115291121,1439.993763,68.94025372427826,-0.0006493472624146322,6.24029,0.2647569328434792,496.0,0.0,8167.0,8640.0,455.0,0.052662037037037035,1.0,0.00011574074074074075,0.0,0.0
2021-11-12,0.03812568310185185,3.640889,0.2252096861127084,0.16616575162037037,5.670583,0.7647210689807482,3.3342592592592587e-06,0.009033,0.0004904229407368021,6.448148148148148e-06,0.025422,0.0012098012737546116,-0.0005926270833333328,5.045693,0.11937628509802671,-0.0001925898148148144,5.036388,0.2774326974448066,0.03465347974537037,10.339478,2.3437447448436917,-0.0010564037037037038,5.170874,0.27084869120605226,486.0,0.0,8175.0,8641.0,451.0,0.05219303321374841,1.0,0.0001157273463719477,0.0,0.0
2021-11-13,0.03060490108334359,1.7377695,0.15679040963808732,0.09790089658992983,2.7327495,0.3975840906246475,1.0897451680413643e-06,0.005543,0.0002659852849813607,-7.062046042102672e-06,0.0085,0.000650604377520513,-0.00023732725145462157,2.5034509999999996,0.07093604048784918,-0.0005965258089767118,2.570962,0.15811912067812145,-0.04256565258615831,724.031938,13.608237015517151,0.000716491287658644,2.9381425,0.14531056540365236,295.0,0.0,4038.0,4320.0,271.5,0.03342361196602241,0.5,0.0009671179883945841,0.0,0.0
2021-11-14,0.02757104675925926,3.688955,0.1762128367135082,0.1626840329861111,5.597522,0.759466032340821,-5.175462962962964e-06,0.007408,0.00043231597817891136,5.539467592592592e-06,0.01862,0.0010885286734054083,0.000843004050925926,5.09043,0.12312305079992597,0.0011481296296296302,5.179364,0.25095423240743353,0.17954628842592596,1439.992082,15.716614695341908,-0.0006960612268518515,5.336527,0.24745899717076617,464.0,0.0,8194.0,8641.0,434.0,0.0502256683254253,1.0,0.0001157273463719477,0.0,0.0
2021-11-15,0.0649915901829127,3.53386,0.3232980246956086,0.1962064648066682,5.464858,0.796194213268199,-2.4847186848807607e-06,0.0139,0.0006160756876565452,8.845797638342207e-06,0.036261,0.001632587584545268,0.00044944825191016446,5.085658,0.15071504067779526,0.0004916737670757122,5.034616,0.3176040250362135,0.22437021220189857,1429.473158,23.217990985236828,0.0008747925445705036,6.368463,0.28537539005179574,636.0,0.0,8032.0,8639.0,586.0,0.06783192499131845,1.0,0.00011575413821044102,0.0,0.0
2021-11-16,0.02332968333333333,2.41615,0.15231033576548184,0.147359671875,5.465499,0.7374273844641621,-1.9175925925925918e-06,0.012528,0.0004554093087954545,7.433680555555557e-06,0.01992,0.0010588002478327163,-0.0012889910879629626,5.143547,0.059238051999617417,-7.898912037037096e-05,5.108274,0.24588999105765796,-0.07922510358796296,26.372562,3.8511483063937124,-0.0005184569444444449,5.049491,0.22731284138801996,403.0,0.0,8252.0,8641.0,376.0,0.04351348223585233,1.0,0.0001157273463719477,0.0,0.0
2021-11-17,0.06008249930555556,3.669729,0.3124968504883765,0.1676015917824074,5.685965,0.738773570442637,6.750694444444445e-06,0.011144,0.0005564674784025718,1.4520601851851854e-05,0.030389,0.0016045254518780232,4.4458217592592795e-05,5.164325,0.15939042776573725,0.000751244791666667,5.078065,0.2974663656300837,-0.08686192581018519,12.308205,8.20416657412482,0.0008613846064814815,6.09689,0.27104605729968095,550.0,0.0,8117.0,8641.0,504.0,0.05832658257146164,1.0,0.0001157273463719477,0.0,0.0
2021-11-18,0.046659516203703705,3.506943,0.26196045089088343,0.1735049648148148,5.389874,0.7690590825532629,-1.6478009259259269e-06,0.01145,0.0005121885786430589,1.8723842592592595e-05,0.029106,0.0013454811403028181,5.0454861111111204e-05,4.998795,0.11082478371477683,0.0006221461805555556,5.057558,0.31162399590251777,0.061929389583333334,13.338385,2.585323310912903,0.0007865165509259261,6.769402,0.2842972968907738,525.0,0.0,8139.0,8641.0,485.0,0.05612776299039463,1.0,0.0001157273463719477,0.0,0.0
2021-11-19,0.05627915231481482,3.65627,0.29469928844895105,0.16461641631944443,5.577654,0.7362439861775925,1.4527199074074072e-05,0.083561,0.0010295367389916042,1.185706018518519e-05,0.034205,0.002026673803132242,0.0012957872685185187,5.084178,0.16310694124900768,-0.00047927974537037094,5.047474,0.29368939017574897,-0.20035297187499998,10.958344,15.712766398734876,-0.0009072578703703696,5.751925,0.27994301304714303,537.0,0.0,8127.0,8641.0,496.0,0.05740076380048605,1.0,0.0001157273463719477,0.0,0.0
2021-11-20,0.06752088912037037,3.604999,0.3366332129306254,0.19059436331018517,5.903867,0.7815832645115266,-8.621759259259259e-06,0.008274,0.0005279926504280506,5.153356481481483e-06,0.039334,0.001627163388004066,-0.0024531143518518525,5.119436,0.16658981247399474,0.0015113201388888885,5.135981,0.32745365511022084,1.6407868851851852,1439.996017,48.835096254578254,0.000725236226851852,6.079868,0.30391471285837574,623.0,0.0,8047.0,8641.0,570.0,0.06596458743201018,1.0,0.0001157273463719477,0.0,0.0
2021-11-21,0.04893956585648148,3.630634,0.2784692433767603,0.15279632118055556,5.764794,0.7155369184260905,-3.984143518518518e-06,0.010934,0.0004794865835670206,2.3163657407407407e-05,0.025995,0.0012799476205690773,0.0003309106481481485,5.078149,0.18048548898290526,0.0005591370370370363,5.058686,0.30340105554600705,-0.008135084837962967,11.398852,2.542531476044662,-0.000248711342592593,5.431961,0.29547765814942856,491.0,0.0,8173.0,8641.0,449.0,0.05196157852100451,1.0,0.0001157273463719477,0.0,0.0
2021-11-22,0.07824472303240741,3.664602,0.3680952416552155,0.18898962002314817,5.599445,0.7573716192596567,1.9594907407407417e-06,0.012151,0.0006443412877373046,-9.574305555555555e-06,0.030592,0.0016399988575731637,-0.0021266589120370375,5.049853,0.14996006555772076,-0.0004266384259259259,5.124013,0.31210263256258464,-0.16689406585648145,9.860245,15.666558538237512,0.0019095736111111108,5.359421,0.2775108789044738,648.0,0.0,8019.0,8641.0,597.0,0.06908922578405277,1.0,0.0001157273463719477,0.0,0.0
2021-11-23,0.04979312701169387,3.542833,0.2745569832380688,0.17805286036818338,5.496261,0.768164310753016,9.055111728609473e-06,0.007499,0.000459843904603581,1.6567789741808498e-05,0.033075,0.0015671209815650503,0.00032174817645015577,5.001348,0.16454555409517904,0.0013018399907375245,5.294083,0.31535720045169496,0.022270196132916524,10.250385,2.766112688032165,0.0020621314113696883,5.451146,0.2980637222395296,560.0,0.0,8104.0,8638.0,514.0,0.0595045149340125,1.0,0.00011576753878212549,0.0,0.0
2021-11-24,0.07036676122685186,3.5768,0.34942013165154245,0.17122424629629632,5.458449,0.7261411439007129,7.133101851851858e-07,0.008749,0.0005273729886079165,-1.6575925925925925e-05,0.027335,0.0016586351847306447,-0.00191182349537037,5.129038,0.16522890096050186,-0.0010487974537037035,5.1678,0.32334079222178436,-0.0582686134259259,1427.870597,21.936987016458577,0.0009516050925925927,5.752046,0.29882986613927587,591.0,0.0,8079.0,8641.0,538.0,0.06226131234810786,1.0,0.0001157273463719477,0.0,0.0
2021-11-25,0.03492049791666667,3.415937,0.23772207396389064,0.11263611493055554,5.612262,0.6070505567952699,-2.019444444444444e-06,0.010193,0.0004094924058056151,1.6569444444444443e-05,0.026086,0.0011698721067662737,-0.001224268171296296,5.02229,0.12305106776594567,0.0005022371527777782,5.098136,0.24642771892334672,0.04677500706018516,1429.595759,17.29684364995092,-1.2885648148147354e-05,6.69234,0.23749093322924084,362.0,0.0,8296.0,8641.0,331.0,0.038305751649114685,1.0,0.0001157273463719477,0.0,0.0
2021-11-26,0.0451357,3.602435,0.27371336260545426,0.12104733321759259,5.327708,0.6227466532169311,-2.7312499999999995e-06,0.010703,0.00048135727481486083,-1.62099537037037e-05,0.049551,0.0018321450491407237,0.00033968923611111114,5.070287,0.17279820928459194,6.644456018518524e-05,5.192171,0.27522722847941977,-0.12524667777777773,12.549386,15.735650166862058,-0.0030108392361111115,5.87672,0.26651634193881213,409.0,0.0,8252.0,8641.0,374.0,0.043282027543108434,1.0,0.0001157273463719477,0.0,0.0
2021-11-27,0.04297537002314814,3.544755,0.26988668741689564,0.12386042048611114,5.090579,0.6291819882193901,1.1757754629629631e-05,0.008,0.0004365202781464614,1.6185300925925924e-05,0.047219,0.0014494477813088676,0.0006351456018518516,5.035005,0.14002442695553036,0.0007134983796296292,5.143345,0.25837372935722336,-0.04098508657407405,1439.996442,23.352114464962415,-0.00018805138888888898,6.731552,0.2400924695237419,407.0,0.0,8254.0,8641.0,371.0,0.0429348455039926,1.0,0.0001157273463719477,0.0,0.0
2021-11-28,0.020259279050925925,2.880795,0.15381651386624756,0.09917663622685184,5.380902,0.5992963424257303,-4.7094907407407446e-07,0.005675,0.00029095919832228294,1.431574074074074e-05,0.040565,0.0008792342868670441,0.0005676314814814814,5.024874,0.0920786515561919,-0.000562164930555555,5.010955,0.2026024489957354,-0.07770673634259258,10.166118,2.677090698825262,0.0006377656249999999,5.198699,0.19646293095506495,281.0,0.0,8371.0,8641.0,261.0,0.030204837403078347,1.0,0.0001157273463719477,0.0,0.0
2021-11-29,0.039031457523148155,3.38966,0.2544048517884391,0.12266060729166668,5.371929,0.6379488291814686,-2.0666666666666662e-06,0.007772,0.00040302698827948214,-2.7947916666666674e-06,0.028928,0.0012067718266507792,-0.0009771118055555553,5.054179,0.10093553324978785,-0.0016440141203703702,5.126989,0.2529760588027427,51.240881754976854,1433.497813,265.6731557995115,0.0017415628472222222,5.643166,0.21929693406461068,387.0,0.0,8271.0,8641.0,356.0,0.04119893530841338,1.0,0.0001157273463719477,0.0,0.0
2021-11-30,0.009887266319444445,2.020722,0.08441783709468711,0.08007985856481481,5.38731,0.5469126081559176,-3.0555555555555553e-07,0.012758,0.0003397347039934301,1.3557523148148151e-05,0.026509,0.0007183465918824315,-0.0009048842592592591,0.170232,0.013331684643370775,-0.0006107171296296295,5.179128,0.18019552479178041,0.5653944702546297,1420.689637,31.054658837402307,3.614409722222193e-05,5.153314,0.17333691181974584,219.0,0.0,8430.0,8641.0,204.0,0.02360837865987733,1.0,0.0001157273463719477,0.0,0.0
2021-12-01,0.036642305475170736,3.585772,0.24297322785801354,0.1233036770459544,5.269387,0.644132612267856,1.4544970482694758e-05,0.009696,0.00043917137849021175,-1.0151290658641048e-05,0.020279,0.0012308972053842002,9.532793147355014e-05,5.065445,0.09271587968659059,0.0007232118300729251,5.082809,0.2478615173639931,10.224433529690938,1439.98814,119.31032582188422,0.0011312813983099894,5.336264,0.23128728260218054,390.0,0.0,8267.0,8640.0,359.0,0.04155092592592593,1.0,0.00011574074074074075,0.0,0.0
2021-12-02,0.014002453240740741,2.210425,0.10973749558229003,0.103059575,5.266182,0.6147568132824338,-2.8547453703703702e-06,0.003888,0.00023597268699216363,1.3776620370370367e-06,0.024862,0.0008677070855850138,9.143263888888915e-05,5.027057,0.07738847457324355,-0.001173056597222222,5.031991,0.2084469796902448,0.41388317488425924,1417.443657,22.24874047005082,-0.00014381006944444417,5.043346,0.2072010592191285,286.0,0.0,8366.0,8641.0,266.0,0.030783474134938087,1.0,0.0001157273463719477,0.0,0.0
2021-12-03,0.03794498622685186,4.010041,0.24407114561032922,0.12099659756944445,5.419355,0.6439263906663732,-5.291203703703705e-06,0.007375,0.0004367215644902182,1.4474768518518523e-05,0.034626,0.0012038148976201962,0.00025808900462962934,5.121854,0.14614376925907813,8.506250000000041e-05,5.054097,0.25554027811146096,9.008393079976853,1424.346414,111.15995151760232,0.0006253070601851855,5.365049,0.23914726197415856,380.0,0.0,8278.0,8641.0,349.0,0.04038884388380974,1.0,0.0001157273463719477,0.0,0.0
2021-12-04,0.028404054050925925,3.830592,0.2017914973641351,0.1096750457175926,5.930784,0.6226606589244118,-4.530671296296296e-06,0.007652,0.00039679753154000765,-1.8256944444444432e-06,0.024484,0.001103865177593691,-0.000258038773148148,5.045648,0.08002793629042758,0.00046418263888888895,5.062223,0.2211419845531079,0.6740353667824075,1439.998304,27.280728809425195,0.0010208556712962967,6.184125,0.20436021603578844,326.0,0.0,8329.0,8641.0,298.0,0.034486749218840415,1.0,0.0001157273463719477,0.0,0.0
2021-12-05,0.030043355943975,3.515915,0.2078116248970868,0.10621964185669637,5.742363,0.6169045554224762,-3.860632017594629e-06,0.008249,0.00042130841964540204,2.2178029864567664e-05,0.059939,0.0013805136389793374,-0.00040652783887023945,5.083145,0.09964360108145244,0.0006709226762356756,5.178815,0.20970559688766335,-0.04907178874869777,27.211688,5.1471001741793545,-0.00024791654126635014,5.413502,0.19639170437494377,320.0,0.0,8334.0,8640.0,294.0,0.034027777777777775,1.0,0.00011574074074074075,0.0,0.0
2021-12-06,0.05171339055446232,3.595386,0.2939984628576509,0.14773845827063317,5.366161,0.6936418961862616,-2.1298761430721245e-07,0.008897,0.0004704032091940379,-1.0764787591156383e-05,0.02473,0.0013287721766137895,0.000995322491029054,5.008908,0.14602666592908903,0.00210726716055099,4.945501,0.2972144584813261,-0.04489641775668481,615.494301,77.15501184032831,0.0014470928348188443,5.625103,0.27247257979971345,485.0,0.0,8178.0,8640.0,443.0,0.05127314814814815,2.0,0.0002314814814814815,0.0,0.0
2021-12-07,0.08512261597711808,3.5828885,0.3718507534646206,0.2540342008542863,5.50267,0.9074994007052668,2.8993281839453988e-05,0.013086,0.0007520938308912604,1.2302771082413616e-05,0.028263499999999997,0.0017709769119534122,0.00036632003313239684,5.0936685,0.2830427334391984,0.0028466301516127295,5.013864,0.42897437034486063,-0.031431330612732955,11.199074,7.133572085946309,-0.007866828172699819,5.6039925,0.44117658475140653,431.5,0.0,3906.5,4320.5,400.5,0.08573506226687688,0.5,6.325910931174089e-05,0.0,0.0
2021-12-08,0.0838890658564815,3.734458,0.3832112552686921,0.1975009800925926,5.352062,0.7693882774334591,-2.1795138888888883e-06,0.010324,0.0005792771443974758,4.917372685185185e-05,0.116616,0.0022197854330848633,5.613703703703772e-05,5.143713,0.28329792016994493,-0.0013206223379629623,5.127248,0.3989438536434804,-2.7472149386574074,1433.79652,57.8909671496103,0.001987227083333333,6.555293,0.37656841290349435,699.0,1.0,7971.0,8641.0,638.0,0.07383404698530263,3.0,0.0003471820391158431,0.0,0.0
2021-12-09,0.06236210405092591,3.821619,0.3210317066157671,0.17550084293981483,5.495621,0.7479518791894346,-4.541898148148148e-06,0.009399,0.000562796661165318,-2.8017708333333333e-05,0.032576,0.0015686080875616357,-4.993402777777806e-05,5.132237,0.1849302270454912,-0.0021928549768518526,5.081634,0.32332427416914067,4.3166914108796295,1435.784069,78.50738305223129,7.238043981481403e-05,6.255189,0.31815627343733666,586.0,0.0,8084.0,8641.0,534.0,0.06179840296262007,2.0,0.0002314546927438954,0.0,0.0
2021-12-10,0.10811856765829378,3.580645,0.4192522803127773,0.290625479916657,5.68981,0.9349880355545852,2.219932862599838e-06,0.01273,0.000665822465948712,2.142805880310221e-05,0.039923,0.001876143896340992,0.0008882918161824285,5.043766,0.2284438871791996,-0.0009716652390322952,5.157601,0.4195818488778584,-0.17877117640930656,9.615916,15.651060659542553,0.00020487776363004885,6.255548,0.38411608729392577,965.0,0.0,7713.0,8640.0,897.0,0.10381944444444445,1.0,0.00011574074074074075,0.0,0.0
2021-12-11,0.04849752205116333,3.558214,0.2718070914717217,0.17269231519851835,6.025636,0.7543599317164814,-5.236369950225721e-06,0.007807,0.0003953601052155903,1.795057298298414e-05,0.033848,0.0014735152605886445,-3.115684685727514e-05,5.096798,0.15204849883442406,9.636913994675306e-05,5.062006,0.3127187552679136,-0.08644351927306401,1429.611664,23.269125737494377,-0.0004866879268433854,6.513199,0.2968290081293505,545.0,0.0,8121.0,8640.0,498.0,0.05763888888888889,1.0,0.00011574074074074075,0.0,0.0
2021-12-12,0.07007623625419608,3.665883,0.3374564545882137,0.20515619377242736,5.758385,0.8110693205605314,2.0638962842921623e-06,0.012425,0.000554954319245578,1.3264845468225492e-05,0.038233,0.0018444095666882976,-0.0008757682602153033,5.049789,0.20884634372454305,0.0007946170853107985,5.071028,0.35532917625547894,5.534618835860632,1433.951393,93.68181861338346,0.003313463248061118,6.739446,0.3253000236569726,672.0,0.0,8000.0,8640.0,613.0,0.07094907407407407,1.0,0.00011574074074074075,0.0,0.0
2021-12-13,0.06766442118055556,3.40376,0.3224887816681804,0.23448641215277777,5.873104,0.8687387577485615,2.945833333333332e-06,0.013189,0.0005964652862255978,2.086574074074074e-05,0.042526,0.0016738662330822473,0.0005814927083333333,5.091269,0.16445474209964772,-0.003841089120370369,5.182375,0.33611070708927304,1.1542366371527777,1439.992864,40.8831248859838,0.0005246890046296303,6.712505,0.3121210478430778,734.0,0.0,7939.0,8641.0,676.0,0.07823168614743664,1.0,0.0001157273463719477,0.0,0.0
2021-12-14,0.043341406297025126,3.633839,0.24130131468842508,0.18501363849982633,5.857723,0.8046727140774451,3.905891885634911e-06,0.011354,0.0005356179409456864,-2.2805070031253612e-05,0.015263,0.001125706290998316,0.0006319164255122111,5.015676,0.14518578216151887,0.00021667669869197806,5.091975,0.2831804736166475,-0.15823920013890497,9.924356,15.683566944943804,0.0031407355017941895,5.581432,0.2752233626414715,541.0,0.0,8122.0,8640.0,499.0,0.05775462962962963,1.0,0.00011574074074074075,0.0,0.0
2021-12-15,0.06937805671296296,3.662679,0.3325116763103599,0.21174309837962965,6.319163,0.8215771667900733,9.701504629629627e-06,0.022954,0.0006095515245974466,-2.0165393518518516e-05,0.027927,0.0016493192469360716,-0.0006530038194444445,5.047039,0.12638680892405985,0.0018865079861111107,5.082378,0.3081595001352311,11.391136575810185,1435.616966,128.5627717315341,0.0009104493055555551,5.51726,0.2816337750080971,678.0,0.0,7989.0,8641.0,630.0,0.07290822821432705,1.0,0.0001157273463719477,0.0,0.0
2021-12-16,0.044275988310185185,3.567186,0.2528868076479112,0.17338034618055556,5.789148,0.771143404418553,4.991319444444446e-06,0.009066,0.00043506242097626595,-1.1561342592592574e-06,0.040506,0.0013099457351198858,-0.0006767371527777779,5.063746,0.14513163882742414,-0.0009226818287037033,5.156874,0.2906732225372396,-0.13726551875,10.389733,11.10547338113271,-0.0005875999999999999,5.188192,0.2784522692913803,528.0,0.0,8136.0,8641.0,486.0,0.05624349033676658,1.0,0.0001157273463719477,0.0,0.0
2021-12-17,0.09035899942109528,3.530656,0.3858101328922135,0.2577789105013315,5.68981,0.8964595593938928,1.7147157577862689e-06,0.009249,0.0006083964287977319,-1.641241171703138e-05,0.030004,0.0018137232152920625,-0.0011704906796341317,5.084848,0.20118029680124638,0.0014763381961329157,5.15547,0.3856987475271799,4.427006591524836,1433.892086,83.36377267286451,0.0032061969433831196,5.850788,0.35792555012999316,852.0,0.0,7827.0,8638.0,781.0,0.09041444778884002,1.0,0.00011576753878212549,0.0,0.0
2021-12-18,0.04253194189814816,3.586413,0.24085789138161937,0.18369739328703702,5.472549,0.7979740780148119,4.095023148148149e-06,0.013622,0.0005299706685078362,7.118055555555687e-08,0.025604,0.001194964534450794,-0.0012727182870370369,5.031998,0.12916816916950535,-0.0014091136574074072,5.138261,0.3072223566698875,73.77997198136575,1439.026244,316.43856100174514,-0.0006364878472222218,5.311789,0.2963432377949662,540.0,0.0,8124.0,8641.0,500.0,0.057863673185973845,1.0,0.0001157273463719477,0.0,0.0
2021-12-19,0.08944373356481482,3.610767,0.3790441114139956,0.25265694270833333,5.439222,0.8901566947038513,-3.612268518518519e-06,0.01211,0.0006723042336981086,4.694270833333333e-05,0.041656,0.0019511577083021884,-0.0004985121527777775,5.048132,0.2148947221074981,0.0008326753472222215,5.114657,0.3897833339675691,-59.77113408692129,1439.99849,353.8283892731073,0.002578832523148148,5.812543,0.36058656862786115,836.0,0.0,7843.0,8641.0,771.0,0.08922578405277166,1.0,0.0001157273463719477,0.0,0.0
2021-12-20,0.06268713439055446,3.55501,0.3033859802523937,0.22840029783539764,5.700705,0.8682233270686575,4.552378747540226e-06,0.010656,0.0005092200151739337,8.460585715939342e-06,0.034167,0.0015389080132965876,0.0014295323532816304,5.067142,0.15659980767607873,0.0017665259868040292,5.061434,0.3456390129695195,26.17766238360921,1439.998189,191.7194222066604,0.00211162553536289,6.619733,0.3249792788623385,700.0,0.0,7972.0,8640.0,644.0,0.07453703703703704,1.0,0.00011574074074074075,0.0,0.0
2021-12-21,0.06554053270054405,3.642811,0.315471213081673,0.21336719608751015,5.54561,0.8399065408849551,1.4067137400162057e-05,0.044199,0.0007124488816846414,-6.378180344947333e-05,0.036803,0.0023034920174336585,0.0017830050931820812,5.076886,0.17160234652007011,-0.0006454394027086459,5.211022,0.3395498956703384,-0.016346888297256636,9.993569,2.5935195360507484,0.002466278041439981,5.600637,0.31463581589445794,670.0,0.0,8000.0,8640.0,618.0,0.07152777777777777,1.0,0.00011574074074074075,0.0,0.0
2021-12-22,0.0734132826388889,3.550523,0.3393624340396989,0.23645944560185184,5.463576,0.8698578014020618,6.606481481481479e-07,0.011582,0.000553622323787232,1.0502777777777776e-05,0.036069,0.001757428752630777,0.0006036996527777779,5.081083,0.1694884768314759,0.0005934535879629628,5.129906,0.3581428940186622,-0.39449482141203707,10.078205,23.371851620623488,-0.00016869710648148285,6.605062,0.3314639149198818,754.0,0.0,7922.0,8641.0,693.0,0.08019905103575975,1.0,0.0001157273463719477,0.0,0.0
2021-12-23,0.04720708969907408,3.686392,0.25966462061068374,0.19273095775462962,5.373852,0.8143864241900933,5.0506944444444445e-06,0.006337,0.00039356813020089847,2.1105439814814815e-05,0.032051,0.0013879660752392638,-0.0017277202546296293,5.027173,0.15503533212614298,-0.0022332322916666673,5.071461,0.3165074295020955,0.3975940508101852,1439.97635,24.19513769045788,0.0009745086805555556,5.461247,0.3057233897785889,584.0,0.0,8082.0,8641.0,539.0,0.0623770396944798,1.0,0.0001157273463719477,0.0,0.0
2021-12-24,0.07555053327931474,3.732536,0.35088106063246066,0.21687305799282322,6.194189,0.827275989279937,1.533395068873712e-06,0.016897,0.0006005552981531275,-1.3411505961338115e-05,0.03189,0.0016439175046895221,-0.0012880760504688042,5.06344,0.1706107360763688,0.0017196569047343445,5.178567,0.3536723858838499,0.5421855241347379,1430.945601,31.817294151371385,0.00047916437087625936,6.806815,0.3294204887173469,720.0,0.0,7955.0,8640.0,659.0,0.07627314814814815,1.0,0.00011574074074074075,0.0,0.0
2021-12-25,0.05792498969907407,3.590899,0.28773702252898015,0.22527794004629628,5.568041,0.8683224635551201,7.642013888888888e-06,0.011437,0.0004753803764817188,-1.8466087962962962e-05,0.026186,0.0015887513554840693,-0.0019658991898148146,5.041053,0.17276942429054123,7.503634259259362e-05,5.144554,0.3472484374430276,2.336835063888889,1439.354668,61.697816352318675,-0.0004557807870370371,5.561858,0.33415221549467483,692.0,0.0,7981.0,8641.0,635.0,0.07348686494618678,1.0,0.0001157273463719477,0.0,0.0
2021-12-26,0.07598773923611112,3.604999,0.35515101389886566,0.19976411828703705,5.66097,0.7973616935821344,5.026041666666667e-06,0.008581,0.0005281951428600248,-3.6127314814814835e-06,0.026836,0.0017276034433927122,0.0008428206018518515,5.128292,0.19635256318350716,0.0019786031249999993,5.157725,0.3615227249533174,6.546029492476852,1434.094809,98.57590644586084,0.00220112025462963,5.352713,0.32040405382109494,667.0,0.0,8006.0,8641.0,612.0,0.07082513597963198,1.0,0.0001157273463719477,0.0,0.0
2021-12-27,0.06745791157407408,3.499893,0.3262315853644079,0.20241579421296296,5.382183,0.8034702442549871,-1.4229166666666667e-06,0.010601,0.0005366645101598931,-1.2605902777777778e-05,0.049024,0.0017706700733764302,-0.0013604123842592593,5.074178,0.19703332853387356,0.0018107568287037028,5.056413,0.3378075614240278,-0.24522005497685184,14.787905,17.469552023746314,-0.0014223344907407412,6.791596,0.3303270454519016,657.0,0.0,8013.0,8641.0,602.0,0.0696678625159125,1.0,0.0001157273463719477,0.0,0.0
2021-12-28,0.06271762414631323,3.674856,0.3206831768460018,0.17274624782960993,5.438581,0.7444197396676234,-4.7180229193193655e-06,0.006382,0.00047066674947398944,-1.8125361731681904e-05,0.038499,0.0017490751795459732,-0.000706006250723463,5.121952,0.20110653483656796,-0.0002148811205000586,5.106107,0.35094512890505186,-0.4745723748118784,1439.972769,506.8555359867034,-0.0006939961801134389,6.126753,0.3385072661272208,573.0,0.0,8093.0,8640.0,527.0,0.06099537037037037,1.0,0.00011574074074074075,0.0,0.0
2021-12-29,0.06211768723231855,3.471053,0.31993364227497395,0.1856895449704827,5.364238,0.7647267031221172,-7.652390322954046e-06,0.01225,0.0005108794345158833,-3.9999884245861795e-05,0.038568,0.0017854261906385524,0.001246781224678782,5.072651,0.1975338392385321,-0.00011777184859358704,5.129729,0.33047295096208196,9.590123804375505,1434.810446,117.32627058455454,-0.0010947966199791645,6.28767,0.3142019971181092,616.0,0.0,8057.0,8640.0,559.0,0.06469907407407408,1.0,0.00011574074074074075,0.0,0.0
2021-12-30,0.07386492078024294,3.5335395,0.3202614140996721,0.28473481003627643,5.5110019999999995,0.9386668536804939,-4.865133045241726e-06,0.0084155,0.0005526873716592163,1.993275937938371e-05,0.027514,0.001626606699417988,-0.0027924763596608422,5.03603,0.1651173528661089,0.0025186087023073077,5.186310499999999,0.3656303636018556,59.25112452611994,724.3621505,198.63330781467812,0.0005096020430568417,5.8494645,0.3516911707815031,349.5,0.0,3987.0,4320.5,321.0,0.09220116590695135,0.5,7.535795026375282e-05,0.0,0.0
2021-12-31,0.07970187984720453,3.624226,0.35804472466591764,0.23417282289616853,5.370006,0.8529510475008482,5.626924412547748e-06,0.011533,0.000599860947707512,1.1445884940386621e-05,0.063849,0.0017513173299516112,-0.000784579233707605,5.077813,0.16892584747596015,-0.0018860113439055448,5.066557,0.343164200912249,37.52301493668248,1437.298702,231.79656052573822,0.0023533074429910876,5.670186,0.31166629254973516,759.0,0.0,7913.0,8640.0,700.0,0.08101851851851852,1.0,0.00011574074074074075,0.0,0.0
2022-01-01,0.039073070023148145,3.558214,0.24301228994301152,0.13853565740740742,5.853877,0.6860653377290236,-6.675925925925925e-06,0.007424,0.00039413829466657433,1.9132754629629627e-05,0.024918,0.001139487770678833,0.0015122832175925927,5.067719,0.17372610206513228,0.0004518790509259259,5.102146,0.28238332867225985,-0.25094513958333337,1439.917813,28.020168967850367,-0.0009482063657407402,6.442007,0.2792486553882017,427.0,0.0,8234.0,8641.0,392.0,0.0453651197778035,1.0,0.0001157273463719477,0.0,0.0
2022-01-02,0.06528474036346799,3.522965,0.3172819528426234,0.22242814214608173,5.405896,0.8499832701344281,-9.433962264150942e-07,0.0294,0.0006286499991313295,4.11297603889339e-06,0.050565,0.0016859885962318027,0.0019677643245746036,5.11219,0.16584725790087593,0.0006721764093066329,5.038372,0.3319765042921788,0.3505230836902419,1439.998995,22.072648354161355,-0.0005673641625188105,6.63567,0.31745786132138054,703.0,0.0,7969.0,8640.0,646.0,0.07476851851851851,1.0,0.00011574074074074075,0.0,0.0
2022-01-03,0.02729407048611111,2.330271,0.15940019151873613,0.18399632696759258,5.469985,0.807426577691957,2.2749999999999994e-06,0.009843,0.0004072895396888395,1.3377314814814816e-05,0.025876,0.0010023331348189017,0.00044820393518518476,5.082611,0.1100677062172766,-0.0012563892361111115,5.07464,0.2921398826429184,3.849552951736112,1433.671724,73.87611442761633,-0.0015031774305555555,5.388524,0.27824012218384503,512.0,0.0,8149.0,8641.0,476.0,0.0550862168730471,1.0,0.0001157273463719477,0.0,0.0
2022-01-04,0.0583817110442232,3.776757,0.29230094589821215,0.21202494605232694,5.627003,0.841853079343161,-7.51910164389905e-06,0.013156,0.0005748781190173539,6.702940495484862e-08,0.036784,0.0016752695954557896,-0.0003065229219726785,5.046661,0.17444378889947634,0.001767161379949063,5.157887,0.34589649080106105,0.6693842006251447,1433.351949,37.87525753926404,0.00028719078490391264,5.892671,0.32281280695151576,660.0,0.0,8011.0,8639.0,604.0,0.06991549947910637,1.0,0.00011575413821044102,0.0,0.0
2022-01-05,0.05126456661650654,3.406964,0.26055008699787474,0.22444450572982982,5.464217,0.8784738922749342,-4.3037388586642123e-07,0.008697,0.00047814999519580964,6.957518231276769e-06,0.025175,0.0014525038687391344,-0.00032248304201875185,5.040555,0.11247952533157551,-0.0005984468109734932,5.081785,0.31680960264610725,-0.3457202479453641,10.3741,17.503523784050923,0.0006422012964463487,6.660077,0.2933659785238199,659.0,0.0,8010.0,8640.0,609.0,0.07048611111111111,1.0,0.00011574074074074075,0.0,0.0
2022-01-06,0.0589195503542804,3.719718,0.2958423344836956,0.20047324532466024,5.671224,0.8258402343968626,4.376582646068069e-06,0.008035,0.0003926814374641196,-8.143454524334995e-06,0.027156,0.0014864018026718928,-0.00046793692647229636,5.009159,0.15288562459139912,0.00026973237309792106,5.1667,0.3030729805520534,2.429708285515159,1433.898386,62.000926414802706,-0.0003034548728075273,5.579947,0.28744322959840807,616.0,0.0,8020.0,8610.0,568.0,0.0659698025551684,1.0,0.00011614401858304297,0.0,0.0
2022-01-07,0.07388983780967816,3.508866,0.34451472969637603,0.20964279682796944,5.478957,0.8161678791826188,-1.1789534614494098e-05,0.009311,0.0010545601680375276,-2.5104190784903902e-06,0.032789,0.0015900578284912502,-0.0011566242185691135,5.152992,0.16910392747117656,-0.0012125731650845107,5.15819,0.3279794227644405,10.844659166126418,1435.039146,125.79339500526193,0.001251986455197963,6.432509,0.3079944796194232,689.0,0.0,7980.0,8639.0,632.0,0.07315661534899873,1.0,0.00011575413821044102,0.0,0.0
2022-01-08,0.06908235529057652,3.572314,0.32385631677354537,0.2265617233155823,5.587909,0.8605966687568168,-6.341977309562399e-06,0.008038,0.0003947207327318014,-2.3356332484371386e-05,0.022955,0.0014498704090325266,0.000478630701551285,5.088693,0.20038184958914954,0.002734189742996065,5.212415,0.34574816180556417,8.480609975109978,1436.879992,112.1109681486187,0.0005035222273674456,5.666703,0.33566520009033385,719.0,0.0,7953.0,8639.0,662.0,0.07662923949531196,1.0,0.00011575413821044102,0.0,0.0
2022-01-09,0.09732955648148148,3.698569,0.40598738651263155,0.24111938969907407,5.730186,0.852163949062235,-4.302662037037037e-06,0.008258,0.0005023628583333905,-1.601747685185185e-05,0.04955,0.0017749520370767835,-0.0023396638888888888,5.041923,0.22100599380947952,0.0002937112268518509,5.184322,0.40008253076937533,16.459656166203704,1437.681251,152.8739735028773,0.0026674849537037036,6.249882,0.362465920292655,828.0,0.0,7854.0,8641.0,757.0,0.0876056012035644,1.0,0.0001157273463719477,0.0,0.0
2022-01-10,0.06890699675888413,3.703696,0.3367592529490686,0.19458742910059035,5.35078,0.7922598540389107,-1.7256048153721498e-05,0.009602,0.0011750636570038602,2.878481305706679e-05,0.222603,0.003253442481073409,-0.0002917530964231972,5.135131,0.23188848580082136,-0.0026768329667785627,5.175079,0.3699760850325085,64.80676898252112,1439.992135,297.91477544099547,0.0012475220511633297,5.392821,0.3563237015471381,641.0,0.0,8031.0,8640.0,570.0,0.06597222222222222,1.0,0.00011574074074074075,0.0,0.0
2022-01-11,0.09753452239842574,3.648579,0.40400204750316937,0.23686709133001504,5.699423,0.8410880175420224,-2.652158814677623e-06,0.010083,0.0006641202980535859,7.610024308369024e-06,0.027569,0.001899965700729025,0.0004921382104410232,5.139513,0.21782213521899096,-0.0001893408959370304,5.091514,0.37490292599594377,76.17378934274801,1439.997923,362.8964722524194,-0.0030423317513601105,6.011283,0.3452725969391481,823.0,0.0,7855.0,8640.0,754.0,0.08726851851851852,1.0,0.00011574074074074075,0.0,0.0
2022-01-12,0.06089384722222222,3.507584,0.31013572672041007,0.19287678842592595,5.554582,0.7879419114961319,-4.072916666666668e-06,0.011266,0.0005658903131502141,2.9774421296296297e-05,0.026207,0.0014949924295962038,-0.0006084478009259262,5.053253,0.17410145657850973,-0.0009281731481481473,5.054755,0.33274963932271584,-0.274135928125,19.716195,16.10251630497347,-0.0018270704861111113,6.926479,0.3194399800721106,617.0,0.0,8053.0,8641.0,567.0,0.06561740539289435,1.0,0.0001157273463719477,0.0,0.0
2022-01-13,0.07103457650462963,3.535783,0.34030583261505604,0.20826575682870369,5.446913,0.8180472271936238,4.057870370370377e-07,0.009802,0.0005658172508833815,1.2131828703703705e-05,0.034371,0.0015311938342460116,0.0004254268518518523,5.167557,0.1909453225224051,-0.0019641324074074072,5.168244,0.35254832611948334,13.117294926273146,1431.533319,156.22785363688106,0.002098709837962962,6.113168,0.33293685494555714,676.0,0.0,7998.0,8643.0,618.0,0.07150295036445678,3.0,0.0003471017007983339,0.0,0.0
2022-01-14,0.07504465520833332,3.515915,0.3443529468299658,0.24313781793981482,5.687887,0.8768734261064813,-3.4581018518518513e-06,0.011433,0.0006264973516988819,-2.486458333333337e-06,0.046669,0.001980330213303656,0.0003107319444444446,5.069908,0.18293239679900392,-0.0026891982638888893,5.230134,0.36005659219789776,-0.027733092129629624,9.576567,2.3894801380805673,-0.0015839625000000008,6.676513,0.3449417816241091,782.0,0.0,7894.0,8641.0,718.0,0.08309223469505844,1.0,0.0001157273463719477,0.0,0.0
2022-01-15,0.05289623761574074,3.451827,0.26904552105751844,0.22176558912037037,5.482803,0.8704069395767823,6.115856481481482e-06,0.009248,0.000495311624299124,1.1421296296296292e-05,0.041363,0.0014583204641915417,6.386562499999979e-05,5.139954,0.14687943974128764,0.0012471826388888896,5.155734,0.32340937086295474,0.19419001504629627,1427.308749,26.78211459686518,0.0030522015046296294,6.615491,0.3070311172073628,656.0,0.0,8014.0,8641.0,606.0,0.0701307719014003,1.0,0.0001157273463719477,0.0,0.0
2022-01-16,0.06924409526565575,3.387097,0.3290660080921902,0.22196529887718486,5.634693,0.8458696282371757,-8.624146313230697e-06,0.009785,0.000585544189609974,3.2530964231971295e-05,0.02755,0.0014876844097203904,-0.0015996259983794426,5.173854,0.14731083353085506,0.0008429914341937716,5.145988,0.3125557232045416,-0.23637134066442872,10.309714,17.476563040536384,0.0009007482347493916,6.133678,0.28160509478499923,692.0,0.0,7974.0,8640.0,644.0,0.07453703703703704,1.0,0.00011574074074074075,0.0,0.0
2022-01-17,0.04573912893518519,3.643452,0.24674283575631153,0.19875783263888888,6.048708,0.8267267535786552,5.770023148148148e-06,0.008261,0.0004942582769778898,7.235648148148145e-06,0.039482,0.0016759872671421715,-2.66390046296293e-05,5.107224,0.1628601178418042,-0.0007868472222222223,5.102315,0.3384704886203555,-0.3806336947916667,14.105596,22.113003024269826,-0.0016992631944444442,5.417957,0.3227098877145124,596.0,0.0,8071.0,8641.0,550.0,0.06365004050457124,1.0,0.0001157273463719477,0.0,0.0
2022-01-18,0.08441023414351852,3.69985,0.36707558453413,0.2500935372685185,5.952574,0.8929706446569077,1.5202430555555555e-05,0.012735,0.0006522351210987443,-2.9457870370370366e-05,0.034036,0.0016991517422546307,-0.00037164432870370344,5.067685,0.2197304367742447,-0.000563586805555555,5.198331,0.3904750132851616,5.58079054699074,1433.915043,95.24477625441021,0.0012347915509259267,6.706687,0.3656594144066606,808.0,0.0,7870.0,8641.0,742.0,0.0858696910079852,1.0,0.0001157273463719477,0.0,0.0
2022-01-19,0.04881939872685185,3.583209,0.25893470887460607,0.19904118993055556,5.332835,0.8168158515041347,1.6517361111111108e-06,0.010739,0.0004959185358947626,1.598784722222222e-05,0.039196,0.0014810627727689471,-0.0007315295138888892,5.021654,0.12346468107518974,0.0012096768518518517,5.143217,0.3275207126101323,6.647578715856481,1439.998653,101.55293529217832,-0.0019252502314814814,5.032943,0.29750490427623927,608.0,0.0,8059.0,8641.0,560.0,0.0648073139682907,1.0,0.0001157273463719477,0.0,0.0
2022-01-20,0.0894675140641278,3.760735,0.3812307008089218,0.2553214086121079,5.57445,0.8972296240553101,3.139367982405369e-06,0.007251,0.0006173581208182451,-9.556661650653994e-07,0.037432,0.0021090594247433815,6.143974997106113e-05,5.072712,0.23558675244732274,-0.0022718168769533522,5.13502,0.40078719619641606,16.64331078203496,1437.02707,156.76783670763314,-0.0009231154068757959,5.884994,0.3823320930171371,846.0,0.0,7835.0,8640.0,776.0,0.08981481481481482,1.0,0.00011574074074074075,0.0,0.0
2022-01-21,0.062024970717592595,3.509507,0.30907283867546687,0.21295841296296297,5.47383,0.8365089836829666,-3.302083333333327e-07,0.012448,0.0004943219665474821,-1.5477430555555555e-05,0.032039,0.001693347198595833,-0.0013117353009259255,5.017864,0.1816330687048999,-0.00031701562500000024,5.063514,0.31610174393558044,81.52716970289353,1439.846017,332.7224301788267,0.0018585728009259262,6.476523,0.3091129802343876,669.0,0.0,8004.0,8641.0,612.0,0.07082513597963198,1.0,0.0001157273463719477,0.0,0.0
2022-01-22,0.06770295437957735,3.541871,0.3150664379252889,0.22312596739374108,5.4969025,0.8508300212614563,-5.066449664669373e-06,0.008324499999999999,0.0005334562699656552,-3.5397709127130666e-05,0.029065,0.0016965388292204343,0.00034058340109150494,5.021876,0.203613616432712,0.0005464651827088179,5.100539,0.34423806165214355,31.803937517244723,1435.6701615,184.1135371076783,6.788003056917402e-05,5.9158805,0.3357448134152468,339.5,0.0,3995.0,4320.0,314.5,0.07524128475358258,0.5,9.372071227741331e-05,0.0,0.0
2022-01-23,0.07651470348500637,3.667806,0.3473446038722842,0.2384142331828181,5.664815,0.8747792072583519,1.0845432441820077e-05,0.009852,0.0005812603311450012,-1.264443672571493e-06,0.025503,0.0016714944086445509,-0.00031273439851800365,5.079105,0.16068172860518215,-0.0008339263633205965,5.148915,0.35098771796243644,0.713358307861526,1433.529832,37.948855512786814,0.0038661058237814067,6.19433,0.3195307651651904,756.0,0.0,7917.0,8638.0,694.0,0.08034267191479509,1.0,0.00011576753878212549,0.0,0.0
2022-01-24,0.0527119273064012,3.688955,0.2827983839995569,0.19125879847204538,5.450758,0.7986002422954539,3.289269591387892e-06,0.008379,0.0005233433620616096,-1.2165412663502722e-05,0.031702,0.0014117319233683968,0.0022334646371107766,5.099704,0.17434449375117947,0.0022543036231045263,5.155575,0.3230027220315328,0.07253638245167264,25.232331,3.5951445101332697,0.0001418250954971637,6.809974,0.31546418725024894,599.0,0.0,8067.0,8640.0,551.0,0.06377314814814815,1.0,0.00011574074074074075,0.0,0.0
2022-01-25,0.08000983506944445,3.650502,0.3584586493695412,0.2260258678240741,5.443068,0.8457146841552742,-9.353703703703705e-06,0.011682,0.0006642567116274992,-2.547685185185185e-05,0.047144,0.0018317056649944782,-0.0009989113425925924,5.037289,0.1769236031040126,0.001372288194444445,5.15236,0.35989295402496607,0.31779269467592586,1432.40408,31.892972209801215,0.003614473032407407,5.31391,0.3129024515142139,737.0,0.0,7936.0,8641.0,680.0,0.07869459553292443,1.0,0.0001157273463719477,0.0,0.0
2022-01-26,0.05541146382683181,3.59859,0.2766702514796629,0.22592502453987728,5.486648,0.8730193103163583,4.103252691283713e-06,0.013367,0.000588016870701052,1.7127792568584324e-05,0.02515,0.0015662480044376977,-0.001127997569163098,5.017059,0.1705720693915839,6.789142261835889e-05,5.093716,0.3460919080480564,6.210352773816415,1433.694015,93.58382233835385,-0.0004194853571015166,5.676036,0.3319336259206302,690.0,0.0,7983.0,8640.0,633.0,0.07326388888888889,1.0,0.00011574074074074075,0.0,0.0
2022-01-27,0.07709112164351853,3.607562,0.3571451765488661,0.20313026817129629,5.411664,0.7879983870126065,-3.329513888888891e-06,0.009652,0.0005815700797943433,-2.8386689814814816e-05,0.026788,0.0016927023696093717,-0.001755702893518519,5.245095,0.18397454564630875,-0.0005511524305555557,5.13014,0.3456069305974092,0.02457255092592587,1426.860622,21.901012491018378,-0.00015078923611111075,6.144313,0.3196773104543055,689.0,0.0,7981.0,8641.0,635.0,0.07348686494618678,1.0,0.0001157273463719477,0.0,0.0
2022-01-28,0.06330628788054174,3.505661,0.3079764187237278,0.22498264579233707,6.37492,0.8642666912266098,-2.3517768260215312e-06,0.01149,0.0005964777730384415,-5.3825674267860713e-08,0.03248,0.0016058031512577685,-0.0007789905081606667,5.039837,0.17353048795444814,-0.0025806396573677497,5.195206,0.3470374563349098,4.657988462437782,1434.50533,81.51999233943108,7.775390670216449e-05,6.177657,0.33434084550598403,694.0,0.0,7978.0,8640.0,639.0,0.07395833333333333,1.0,0.00011574074074074075,0.0,0.0
2022-01-29,0.0846501962962963,3.638966,0.3715304279441446,0.22551330393518518,5.383465,0.8419806179300354,7.431712962962962e-06,0.010206,0.0005975348796230138,8.357407407407406e-06,0.04638,0.002208573541323019,-0.0011380663194444447,5.066454,0.2197684212772543,-0.0006685539351851843,5.139997,0.3774326377734855,5.08798311412037,1435.298053,92.44579291665977,-0.0022772417824074086,5.648593,0.35796994598774684,759.0,0.0,7920.0,8641.0,690.0,0.07985186899664391,1.0,0.0001157273463719477,0.0,0.0
2022-01-30,0.08147210511692521,3.638966,0.3718113155226535,0.20321521092845568,6.503098,0.7836545435819106,-4.2955545265107655e-06,0.012223,0.0006133902403410222,2.3378559851817553e-05,0.044792,0.001868684528758768,-0.000940431465617041,5.071213,0.16829955162548346,0.00026295103033109515,5.08899,0.33253706393827126,37.04786937902291,1437.064443,227.10614160451217,0.0003237833989349387,6.073347,0.28649947926825226,693.0,0.0,7972.0,8639.0,645.0,0.07466141914573446,1.0,0.00011575413821044102,0.0,0.0
2022-01-31,0.07334370300925926,3.665242,0.33724001738227993,0.23345201747685182,6.182653,0.8714333836686734,-3.783796296296297e-06,0.007846,0.0005653737805772961,6.84872685185185e-06,0.030164,0.001558060299728702,-0.00118135625,5.023996,0.17730305212779449,0.0018801883101851858,5.11514,0.34713095490620616,17.467864589467588,1437.030872,157.46557866826387,0.0019801443287037037,6.325166,0.33029375954645585,741.0,0.0,7935.0,8641.0,679.0,0.07857886818655248,1.0,0.0001157273463719477,0.0,0.0
2022-02-01,0.07594657118055555,3.600513,0.358154034271247,0.20350100138888888,6.073702,0.7921490024913856,-4.532870370370371e-06,0.008714,0.0005679227778413357,1.0869907407407411e-05,0.02402,0.0015377185812033727,-0.0004948348379629628,5.060877,0.1828217623668896,-0.0001973658564814823,5.157539,0.3635922750064963,7.1047881483796305,1433.833279,102.5791991806466,-0.00029796145833333414,6.496886,0.3288330179959557,682.0,0.0,7991.0,8641.0,627.0,0.0725610461752112,1.0,0.0001157273463719477,0.0,0.0
2022-02-02,0.0478366300925926,3.80047,0.2714771018202745,0.1647234533564815,6.130741,0.7333490727210847,-1.327546296296296e-06,0.009284,0.000499803059378992,2.825115740740745e-06,0.026374,0.0014009544041801367,0.0009660085648148148,5.056711,0.1784133132338819,0.00044391354166666697,5.050935,0.29783117939248854,19.33780598113426,1436.293809,166.5310960908969,-0.0003713012731481485,6.735454,0.29478192860305136,525.0,0.0,8139.0,8641.0,484.0,0.056012035644022684,1.0,0.0001157273463719477,0.0,0.0
2022-02-03,0.0861025806712963,3.608203,0.3749303460487312,0.24794596446759262,5.627644,0.8805279486631208,1.1396527777777777e-05,0.011582,0.0006767316049813788,-6.192013888888881e-06,0.031051,0.0018501925600160293,-0.00029566157407407453,5.152835,0.21448113324325166,-0.00019101226851851705,5.197189,0.37402532384977755,0.02481626145833335,1428.482974,21.975399537406584,0.0014677306712962948,6.231148,0.3551210198948849,809.0,0.0,7870.0,8641.0,743.0,0.08598541835435713,1.0,0.0001157273463719477,0.0,0.0
2022-02-04,0.03228182891538372,3.474258,0.20647033812912233,0.15461612327815719,5.436659,0.7307590584286126,2.0645908091214257e-06,0.008255,0.0004219129236711331,-8.012617201064939e-06,0.02631,0.001220638239011751,0.0009554317629355248,5.051045,0.14175739673969673,0.0011933252691283711,5.10823,0.27943928495853165,-0.13558218474360464,27.681463,15.99795035930771,0.00011031728209283484,6.973875,0.2812986420585865,454.0,0.0,8206.0,8640.0,418.0,0.04837962962962963,1.0,0.00011574074074074075,0.0,0.0
2022-02-05,0.06356132337962964,3.963256,0.31326696854785374,0.21624141041666667,5.588549,0.8403772484996954,-1.2201620370370372e-05,0.014927,0.0006156733052486897,-3.3820023148148144e-05,0.037123,0.0018818613751665943,0.002501072685185186,5.135865,0.198613018980869,0.0004635332175925918,5.072108,0.34247929653202075,62.93872499409721,1435.499402,293.8397530332779,-0.00037448900462963,5.705578,0.33096115485777217,688.0,0.0,7985.0,8641.0,632.0,0.07313968290707094,1.0,0.0001157273463719477,0.0,0.0
2022-02-06,0.048895973723810625,3.531938,0.24928956932302299,0.22638935189258017,5.360393,0.8796516502664484,-8.52297719643477e-07,0.009844,0.0004653475152735608,1.4140062507234642e-05,0.028766,0.0016708766054865497,1.9741289501099786e-05,5.142796,0.12527821461391092,0.0013179465215881472,5.103089,0.32148252313161574,0.03336413207547169,13.409985,2.322177649574696,0.00028569822896168536,6.264029,0.29827012470376807,662.0,0.0,8007.0,8640.0,608.0,0.07037037037037037,1.0,0.00011574074074074075,0.0,0.0
2022-02-07,0.05130381224678783,3.938261,0.2622566934965862,0.208021685959023,5.543046,0.8467723583239347,2.263224910290543e-06,0.009031,0.00048702070143774524,1.862217849288112e-05,0.042134,0.0015607614257642252,-0.0007238358606320174,5.110385,0.11733200349503434,-0.0017037787938418783,5.083503,0.3198761774931325,-0.035292804838522936,1431.292409,21.983594658410176,0.0011184495890728086,5.090538,0.287963276389827,620.0,0.0,8046.0,8640.0,575.0,0.06655092592592593,1.0,0.00011574074074074075,0.0,0.0
2022-02-08,0.05917281664544508,3.282632,0.2918922626092592,0.2168990215302697,5.418714,0.8528717454815824,3.346452135663827e-07,0.00932,0.000526816109244106,-1.5235443917120035e-05,0.054782,0.0016464796448825677,-0.0018104976270401669,4.951606,0.0826282975384859,0.0003399895821275606,5.153987,0.3308353149415688,0.3266699789327469,1431.225592,21.910264320758145,0.00044447690704942593,5.515084,0.29638608146893464,662.0,0.0,8007.0,8640.0,612.0,0.07083333333333333,1.0,0.00011574074074074075,0.0,0.0
2022-02-09,0.04935273469151523,3.61269,0.261525400582823,0.19962210278967474,5.368084,0.829531698033115,-1.5823590693367229e-07,0.008824,0.0005464830876357944,-1.325535362889223e-05,0.038874,0.0014016976009360125,-0.0005345396457923369,5.005247,0.1548393354274714,-0.0007054183354554922,5.129303,0.3396061732973741,8.609056009954855,1434.125323,111.17441820173127,-0.00013812941312651967,5.478055,0.3217990225061934,599.0,0.0,8067.0,8640.0,555.0,0.0642361111111111,1.0,0.00011574074074074075,0.0,0.0
2022-02-10,0.08257449172357911,3.611408,0.371782204964812,0.21554187197592314,5.341807,0.8217431625330386,-3.9425859474476364e-07,0.036781,0.0007644417596420318,-2.2395300381988656e-05,0.033369,0.0016845303834491317,-0.00024012779256858463,5.059429,0.18365720341863956,4.121530269707113e-05,5.10005,0.3408410656883189,5.103307410695682,1439.998325,86.08162254385297,-0.001960800208357448,5.858163,0.3136354113727211,721.0,0.0,7951.0,8640.0,662.0,0.07662037037037037,1.0,0.00011574074074074075,0.0,0.0
2022-02-11,0.07366036851851852,3.646657,0.33735760535167786,0.23824911030092594,6.155736,0.8776547311929964,2.9682870370370394e-06,0.014568,0.0005533681326491284,2.4521990740740745e-06,0.031587,0.0018524306077813653,-0.0011279200231481478,5.081742,0.21899279826988813,-0.0008664172453703695,5.116825,0.3659175051330334,4.53799365474537,1433.910179,80.01868987079469,0.0012152464120370376,5.528938,0.3579604065535712,767.0,0.0,7912.0,8641.0,699.0,0.08089341511399144,1.0,0.0001157273463719477,0.0,0.0
2022-02-12,0.11074636809815952,3.758812,0.4308292481408537,0.26969299814793385,5.580218,0.8989288528549804,-1.0774279430489639e-05,0.008639,0.000703179404923655,-1.4881583516610714e-05,0.024462,0.0018771417700951306,-6.36356059729137e-05,5.064644,0.23230309164286014,-0.002977072693598796,5.148925,0.39139792397329093,21.000232994791062,1436.450235,173.3536041885265,-0.0008276322491029043,6.287072,0.36806372412935534,930.0,0.0,7754.0,8640.0,849.0,0.09826388888888889,1.0,0.00011574074074074075,0.0,0.0
2022-02-13,0.08321775645329321,3.646657,0.36301158205772194,0.24194145665007522,5.791711,0.8649021131563712,2.393216807500868e-06,0.013616,0.0006180079711657951,3.0544507466141914e-05,0.074033,0.0021142867108111165,-0.001961568931589304,5.084343,0.20627212461955308,-0.0008415788864451904,5.086617,0.37026766140124795,28.252916114712356,1438.285877,201.92016453788966,-0.00044977589998842376,6.89599,0.34931782100380887,803.0,0.0,7875.0,8640.0,736.0,0.08518518518518518,1.0,0.00011574074074074075,0.0,0.0
2022-02-14,0.08544559608501186,3.571993,0.3753678840584652,0.22288266223202308,5.210105,0.8265900738402046,-3.3855366904440294e-07,0.0114395,0.0006556541822750033,-2.5196627479983616e-06,0.046634999999999996,0.002478784824517419,0.0002801549341469709,5.0645615,0.20830254952036026,0.001205238299937249,5.1208065,0.37075228415392214,18.842816386964685,1434.9721654999998,276.47924398472054,0.0026902586162360262,5.595261499999999,0.35134313441517706,381.0,0.0,3957.5,4319.5,348.0,0.08052170058857258,0.5,0.0001231527093596059,0.0,0.0
2022-02-15,0.07336936443621209,3.459517,0.34243460199770104,0.22539976973836537,5.584063,0.8375936975320455,-7.670757119703649e-07,0.011561,0.0005985872961500521,2.156425098402408e-05,0.035108,0.0019228459036259773,0.0011943956934475565,5.098098,0.199661530082338,-0.00246538400092614,5.18847,0.37646044218503866,0.20619032611715668,1430.410036,15.704779249601474,0.0031411342903449866,6.877358,0.34824253778464787,736.0,0.0,7938.0,8639.0,673.0,0.07790253501562681,1.0,0.00011575413821044102,0.0,0.0
2022-02-16,0.05851588368055556,3.494766,0.29739034287947236,0.21106437986111112,5.621876,0.8350983238350527,-9.006365740740741e-06,0.011807,0.0005829948664550879,-6.473726851851853e-06,0.022673,0.0015133263830901396,0.00027163344907407433,5.187851,0.1824249835830672,-2.6865740740740238e-05,5.108795,0.3513446793363983,19.60583973564815,1439.992321,165.28539215654874,0.00020250752314814757,6.836263,0.3452444685942569,654.0,0.0,8016.0,8641.0,604.0,0.0698993172086564,1.0,0.0001157273463719477,0.0,0.0
2022-02-17,0.07068075254629631,3.666524,0.33723957319285514,0.21505094571759262,5.453963,0.8294341179483141,4.69386574074074e-06,0.009388,0.000561278128101139,-1.2153009259259257e-05,0.02837,0.0016036217457746837,-0.00037668807870370335,5.037824,0.16876097115907746,-0.0016811240740740746,5.2056,0.35133593161228616,1.0133658958333331,1432.787141,43.6425261126801,0.0015561119212962968,6.601423,0.32636173589698847,689.0,0.0,7984.0,8641.0,634.0,0.07337113759981484,1.0,0.0001157273463719477,0.0,0.0
2022-02-18,0.04581427048611112,3.512711,0.24378266617581854,0.21375210648148146,5.431532,0.8519206885758844,-8.07349537037037e-06,0.008752,0.0005205848405998294,-1.5459837962962964e-05,0.040411,0.0016425323764591695,-0.00010272233796296302,5.100109,0.16446704839220586,-0.0006786137731481474,5.027887,0.33615191595660915,0.1917065234953704,1430.037049,15.611073551896364,-0.00020331284722222153,6.793291,0.32900959756320886,636.0,0.0,8031.0,8641.0,590.0,0.06827913435944914,1.0,0.0001157273463719477,0.0,0.0
2022-02-19,0.06338277138557703,3.722922,0.31560854359099433,0.19956141995601342,5.5815,0.8032703093414127,-6.782034957749742e-07,0.00816,0.0005526546253458408,3.748929274221555e-06,0.042752,0.0015671783608243867,0.0005225293436740367,5.099897,0.15706212501279587,-0.0005972970251186483,5.074143,0.3242178183605086,0.05590681838175716,1439.995423,17.413890557432982,0.001380087625882625,6.378407,0.28784706583242314,632.0,0.0,8037.0,8640.0,582.0,0.06736111111111111,1.0,0.00011574074074074075,0.0,0.0
2022-02-20,0.04362761866172725,3.488998,0.23091814940057453,0.20870787612873354,5.923093,0.8531511851146701,1.2528363047001634e-06,0.01033,0.00047478928152478074,1.0372771474878427e-06,0.030119,0.0013116337098324643,-0.00028509354017133614,5.066921,0.1332286654952859,-0.0009773132669599444,5.15887,0.29313310466696196,0.18525877020143547,1439.993084,15.704586745722107,0.0019418294744153743,5.268327,0.2747447083710153,600.0,0.0,8062.0,8639.0,557.0,0.06447505498321565,1.0,0.00011575413821044102,0.0,0.0
2022-02-21,0.08204399050925927,3.87994,0.35906509805424347,0.2458546976851852,5.693014,0.8845797711796437,-6.750925925925925e-06,0.010123,0.0006892454025305016,1.889479166666667e-05,0.030766,0.0018348445884848956,-8.540428240740747e-05,5.050102,0.2110674838705825,0.0011406201388888888,5.10371,0.36968671313491974,4.387366305787037,1433.602783,78.5141513667262,0.0018768840277777776,5.554749,0.3432189241851202,799.0,0.0,7880.0,8641.0,730.0,0.08448096285152182,1.0,0.0001157273463719477,0.0,0.0
2022-02-22,0.04840493771746694,3.565905,0.26750986979752095,0.1765823793783345,5.510361,0.7706766713358322,4.439225237763862e-06,0.013988,0.0005881589286702645,-8.237995824634653e-06,0.021768,0.0013440405122097448,0.0005933874971004407,5.070572,0.1997980298375657,-0.0006476302482022725,5.205967,0.330340197593224,0.25216459881697995,1439.995719,29.3075450157681,0.0011171764091858032,6.050298,0.3273719625195001,551.0,0.0,8098.0,8624.0,505.0,0.05855751391465677,2.0,0.00023191094619666049,0.0,0.0
2022-02-23,0.08279273322517093,3.629353,0.3509965055261886,0.257867572719898,5.799402,0.9058184427055289,8.125159346390078e-06,0.016034,0.0006914643462573454,1.7516166415575384e-05,0.0485,0.001775440948807429,0.0019465896395874371,5.074247,0.2192010877990662,0.002510351373276161,5.235517,0.4027863781898735,0.18675325043458227,1435.522507,200.5063378429595,0.0012305510487889675,6.046436,0.3900901610778049,833.0,0.0,7832.0,8632.0,768.0,0.08897126969416126,3.0,0.00034754402224281743,0.0,0.0
2022-02-24,0.10037997851471275,3.619098,0.3902215976131926,0.32089201342830453,5.628285,0.997263631484351,9.135917795422689e-07,0.010075,0.0006454255208837408,-5.5809318075665565e-05,0.024164,0.0018853433807021346,-0.00033093507706679124,5.091078,0.2022363649340717,-0.001832239607659973,5.156907,0.4139638332626795,81.47934262645958,1438.708449,340.6442597373247,0.0028920315273236815,6.137671,0.3862629334579162,1022.0,0.0,7590.0,8567.0,939.0,0.10960663009221432,3.0,0.0003501809268121863,0.0,0.0
2022-02-25,0.04562764131944445,3.428755,0.24756689006891167,0.2104519015046296,5.576373,0.8469186010841225,-1.0417939814814817e-05,0.009347,0.000529659686470989,2.4382523148148148e-05,0.139749,0.002833762302893417,-0.00014951863425925922,5.064594,0.1462353144023213,0.0004283030092592594,5.111735,0.3187813416326637,8.431895531944445,1434.765974,117.3906869655538,-0.0022721072916666654,6.503658,0.3071710597633108,624.0,0.0,8043.0,8641.0,578.0,0.06689040620298577,1.0,0.0001157273463719477,0.0,0.0
2022-02-26,0.10525076238425926,3.907498,0.41036668266314014,0.3018067288194444,5.343089,0.9597582190283287,-1.9346064814814817e-06,0.012741,0.00072227379015796,9.393055555555553e-06,0.040494,0.002137254990670971,0.00010253437500000055,5.071678,0.23888420828012746,0.0025357202546296294,5.13529,0.42179299103274626,-0.1830581314814815,11.137216,15.70854784419626,0.001909829976851852,6.536015,0.3971991930949918,994.0,0.0,7696.0,8641.0,909.0,0.10519615785210046,1.0,0.0001157273463719477,0.0,0.0
2022-02-27,0.07633207917583053,3.667165,0.3356342542784806,0.27151936995022574,6.224952,0.9365811082466066,-8.021761777983634e-08,0.009886,0.0006102257838087133,1.656511170274337e-05,0.024655,0.001759337188226286,0.0009228122467878227,5.068146,0.19231341809192734,0.0014919644634795684,5.263248,0.3646263710420834,0.12206552888065747,1439.998349,17.506970874503704,-0.001901714087278621,5.350696,0.3535393933031499,849.0,0.0,7829.0,8640.0,782.0,0.09050925925925926,1.0,0.00011574074074074075,0.0,0.0
2022-02-28,0.07663200902882279,3.67101,0.34961749353325455,0.21623476143072118,5.303995,0.8214405265779451,-7.3702974881352e-06,0.011731,0.0005935487330041549,-1.8307674499363354e-05,0.038824,0.0017288667756299096,0.0013164626692904273,5.147551,0.21179838495881634,-0.0010418973260794082,5.175589,0.3531366911108689,2.1439248137515916,1433.226556,58.721542106475816,-0.002179803912489871,5.743072,0.33439051016931254,730.0,0.0,7946.0,8640.0,666.0,0.07708333333333334,1.0,0.00011574074074074075,0.0,0.0
2022-03-01,0.07969747708333333,3.575518,0.34527557002691384,0.2697036167824074,5.550737,0.9214564262917047,1.691516203703704e-05,0.012239,0.0006802768815595723,-7.296064814814813e-06,0.032501,0.001797222741464225,-0.0003180451388888884,5.101059,0.20767769864137428,0.000919777314814816,5.176159,0.3974347840031787,0.003383179282407405,23.572907,2.0272873448011985,-0.001959611111111111,6.949647,0.37619023983790506,866.0,0.0,7813.0,8641.0,801.0,0.0926976044439301,1.0,0.0001157273463719477,0.0,0.0
2022-03-02,0.09274608958333333,3.697928,0.3738245200249383,0.30681344745370365,5.475753,0.9923625830749614,1.3041898148148149e-05,0.01167,0.0006802783301095105,-4.4217129629629636e-05,0.027282,0.0017237339504327857,-0.0008135334490740741,5.036801,0.22486698010499356,-0.0008288128472222226,5.201011,0.40166704552145144,0.10324772939814825,1439.993818,27.884098504611977,0.0009480334490740746,6.938339,0.38482854533111577,960.0,1.0,7722.0,8641.0,885.0,0.1024187015391737,2.0,0.0002314546927438954,0.0,0.0
2022-03-03,0.04275335798611111,3.599872,0.265819521937518,0.11576897719907406,5.460372,0.613747447958085,5.181481481481482e-06,0.008263,0.00036891345601579995,-1.821539351851852e-05,0.031175,0.0013382837568463256,-0.0001712152777777774,5.073595,0.16412626664699623,-0.0005033178240740743,5.089447,0.26856276254717043,11.159990074189814,1436.248225,127.71197256917723,-0.00035716435185185314,5.816682,0.2628056180421322,389.0,0.0,8272.0,8641.0,351.0,0.04062029857655364,1.0,0.0001157273463719477,0.0,0.0
2022-03-04,0.043875655671296296,3.453749,0.2720112644462372,0.1142484244212963,5.763512,0.6062702706259029,1.5141203703703707e-06,0.010093,0.00039460941701733774,2.395e-05,0.037158,0.0014979497657408108,-0.0006504719907407407,5.025561,0.1774946343208574,-0.0009350265046296296,5.314373,0.2769598130575422,18.10724731493055,1439.999897,160.14029736788865,0.00042434212962962954,5.425232,0.27241867306665657,389.0,1.0,8272.0,8641.0,355.0,0.04108320796204143,1.0,0.0001157273463719477,0.0,0.0
2022-03-05,0.044668458333333334,3.561419,0.27884225862458834,0.11192609282407406,6.087161,0.5934564546781907,-6.155324074074075e-06,0.007819,0.00034868993911150423,-7.356944444444442e-06,0.024794,0.0011768138366017311,-0.0005083466435185182,5.048633,0.1572963224460849,0.0017256657407407397,5.043316,0.27438134139200165,1.125598517476852,1439.997898,40.85771228156776,-0.0001832150462962966,5.734102,0.26349343305655143,388.0,0.0,8273.0,8641.0,351.0,0.04062029857655364,2.0,0.0002314546927438954,0.0,0.0
2022-03-06,0.0439961181712963,3.595386,0.27643572254660975,0.11360827766203703,5.15659,0.5963796837623554,2.9577546296296287e-06,0.007867,0.00032438994674369653,5.3819444444444475e-06,0.028073,0.0012490719771940774,-0.0005343357638888888,5.090865,0.165673577935411,0.00020462233796296342,5.236182,0.27956681044451154,85.65980713229166,1438.146154,339.6703807066834,-0.0007883952546296291,6.855752,0.2740791479606682,389.0,0.0,8272.0,8641.0,353.0,0.04085175326929753,1.0,0.0001157273463719477,0.0,0.0
2022-03-07,0.09767747609677047,3.765221,0.3993669194782502,0.2749367268202338,5.700705,0.9169669570664221,-5.3781687695335115e-06,0.01226,0.000704358320960899,1.8736080564880198e-05,0.03073,0.0018009638477123322,-0.00034854948489408455,5.110375,0.21678225325161962,0.002775952425049196,5.174792,0.39084411418930143,-45.67933333418219,1439.999736,341.3149158950623,-0.0005458230119226762,6.414879,0.37696310669942534,913.0,0.0,7771.0,8640.0,836.0,0.09675925925925925,1.0,0.00011574074074074075,0.0,0.0
2022-03-08,0.06296036057414053,3.607562,0.30008094381129163,0.24970845653432114,5.440504,0.9043122857957616,1.0510475749508044e-05,0.009148,0.0005812789990129019,-1.4875564301423778e-05,0.023752,0.00150557047497253,-0.0006350312536173171,5.073655,0.15879794437325104,0.0010531434193772429,5.225612,0.3395133020623166,91.01693058791525,1439.495787,350.23123225865396,0.0011085777289038077,5.369091,0.3251704184277804,753.0,0.0,7916.0,8640.0,697.0,0.0806712962962963,1.0,0.00011574074074074075,0.0,0.0
2022-03-09,0.10249899087961246,3.529374,0.3990171166746901,0.2978736062320159,5.917005,0.9649589850978914,-9.89507951977886e-06,0.011767,0.0007330737856229382,-1.6974916606663728e-06,0.0238905,0.0018664686741862975,0.003114650504109226,5.0398534999999995,0.22505498166379628,-0.002005756506829777,5.176991,0.40330967194607914,-0.5281821070420637,9.143378,25.374546409069374,0.0017705649353258383,6.171163999999999,0.38006766744046244,502.5,0.0,3838.5,4319.5,463.0,0.10316759783236319,0.5,0.00018573551263001485,0.0,0.0
2022-03-10,0.07675428472222223,3.892758,0.3390164549697291,0.27336195,6.104465,0.9348611713329192,-2.8012731481481496e-06,0.012005,0.0006423996935997678,-1.8757638888888886e-05,0.028691,0.0016554437080868285,-0.0008927973379629631,5.072105,0.16839334940797943,-0.0017085402777777764,5.196519,0.3843606819119533,49.930775570254625,1433.480381,261.8899178537692,0.0010442253472222219,5.321063,0.3554272057788671,850.0,0.0,7827.0,8641.0,787.0,0.09107742159472283,1.0,0.0001157273463719477,0.0,0.0
2022-03-11,0.052587665817802984,4.071566,0.27078254173639293,0.21546479326310916,5.678274,0.8552132143351482,1.1152911216575974e-06,0.010735,0.0005874789903944667,-2.3259289269591386e-05,0.03119,0.0016152678764559004,-0.00021154300266234527,5.009888,0.1424557194018956,0.00011676420882046439,5.203813,0.3331435019562992,0.6894298807732379,1430.839625,37.69462070107026,-0.0016287469614538715,5.460729,0.29695657205213244,648.0,0.0,8018.0,8640.0,603.0,0.06979166666666667,1.0,0.00011574074074074075,0.0,0.0
2022-03-12,0.08030090694444444,3.725486,0.3366296362402315,0.30535572164351854,5.751976,0.9929967433607956,8.810648148148146e-06,0.013968,0.0007023522243797206,9.922569444444441e-06,0.026874,0.001783889591311616,-0.0005576518518518522,5.06603,0.15657657616517942,0.0022996895833333336,5.129785,0.37552649322216125,24.70401652164352,1436.502554,185.341956622837,-0.0009322429398148163,5.755023,0.3531033580843112,941.0,0.0,7741.0,8641.0,866.0,0.1002198819581067,1.0,0.0001157273463719477,0.0,0.0
2022-03-13,0.05318819780092592,3.638325,0.26303263735372556,0.24481592233796293,5.726341,0.9144855139122635,2.9628472222222206e-06,0.011439,0.000571334497983399,-5.376388888888891e-06,0.025914,0.0014445401154532746,-0.0010155453703703705,5.091032,0.1454293404635183,-0.0008029603009259258,5.065041,0.3379129026783912,1.8714309853009259,1424.328933,50.829857073179696,-0.0008996281250000008,6.222179,0.32389162835005464,721.0,0.0,7949.0,8641.0,670.0,0.07753732206920495,1.0,0.0001157273463719477,0.0,0.0
2022-03-14,0.08364699236022688,3.39671,0.3584988094285736,0.26863258872554696,5.80517,0.9339119041106336,-5.575298066905892e-06,0.009643,0.0006965087978841718,3.6720685264498193e-06,0.033706,0.001762304595779067,0.0014266479916657025,5.045918,0.18161057574287376,-0.0036996448663039706,5.148486,0.36100715741773887,56.841404683643944,1438.050494,280.4980422355951,0.0004409054288690815,6.910627,0.33493455002915934,835.0,0.0,7840.0,8640.0,773.0,0.0894675925925926,1.0,0.00011574074074074075,0.0,0.0
2022-03-15,0.09267091735154533,3.712027,0.37285441436503447,0.3038520170158583,5.717368,0.9870889098760408,-8.701701585831694e-06,0.007771,0.0006191670835238264,2.5154531774510922e-06,0.027593,0.0018971671370311219,-0.0008005085079291582,5.134379,0.21210498203786782,0.00044384998263687894,5.139628,0.38330857078609,9.958151584905659,1436.196122,136.6626466247179,1.8297603889336772e-05,5.833897,0.37188904166891673,962.0,0.0,7719.0,8643.0,889.0,0.10285780400323961,4.0,0.00046280226773111186,0.0,0.0
2022-03-16,0.13221281678240743,3.766503,0.4659484102293693,0.31440456770833336,5.573809,0.9642650964053762,-1.8538194444444436e-06,0.009985,0.0007189996642786259,1.649282407407407e-05,0.032454,0.002133265373502732,-0.0016838265046296291,5.10231,0.24703602828777202,-0.0014163951388888893,5.206301,0.4369485128057614,19.131298367708332,1436.408759,164.39920853316417,0.0010397777777777786,6.261875,0.39991655618811517,1089.0,0.0,7599.0,8641.0,1008.0,0.11665316514292327,1.0,0.0001157273463719477,0.0,0.0
2022-03-17,0.09150954497048269,3.783807,0.3883179803832435,0.24073015592082417,5.405896,0.845339944247495,-2.5500636647760167e-06,0.011705,0.0006341118624849912,-1.3681676119921289e-05,0.040641,0.0019081951711943546,-0.001828169348304202,5.081287,0.2196312555862751,-0.002390254080333372,5.295765,0.37107699732566635,0.14026963618474358,1428.891385,15.553703512801624,0.0017351554578076164,6.722102,0.347037997737254,829.0,0.0,7846.0,8640.0,769.0,0.08900462962962963,1.0,0.00011574074074074075,0.0,0.0
2022-03-18,0.10856338476675541,3.565905,0.41478911067676894,0.2888267035536521,5.386029,0.9307038737611901,-1.8174557240421336e-06,0.014181,0.0007574124450035287,-8.596365320060202e-06,0.02406,0.0018537139851463702,-0.0008038906123393905,5.052828,0.2537680925308836,-0.003613510823011923,5.19414,0.41231345847371903,-10.413797421113554,1439.819452,329.89996645329666,0.000772861905313114,5.859345,0.38664106347103905,975.0,0.0,7706.0,8640.0,904.0,0.10462962962962963,1.0,0.00011574074074074075,0.0,0.0
2022-03-19,0.10662642903449873,3.72869,0.4204437047092709,0.28931413544802037,5.354625,0.9247474205604931,-1.0516438990507063e-05,0.009422,0.0007384297862140927,-1.1148413984718684e-06,0.051437,0.0021750420739371236,0.00024217446168094407,5.065582,0.23234562166157888,0.0001492032877981008,5.103945,0.4106780857075631,-1.9699770229219689,1439.999192,451.7401412730783,-0.0005373393146561702,6.087035,0.3800697684521076,979.0,0.0,7704.0,8639.0,903.0,0.10452598680402825,1.0,0.00011575413821044102,0.0,0.0
2022-03-20,0.09913628645833333,3.707541,0.3948746229473168,0.28725336273148144,5.636616,0.9371758450382499,2.2343749999999997e-06,0.011713,0.0006577596596979702,-1.4563888888888889e-05,0.035736,0.0018171164063835073,-0.00026191631944444486,5.098434,0.2383725298316786,0.0012327620370370365,5.198823,0.40553867358823975,-0.1875230516203704,10.049558,15.705640736560927,4.406631944444411e-05,6.0619,0.3920124057772126,949.0,0.0,7733.0,8641.0,878.0,0.10160861011457008,1.0,0.0001157273463719477,0.0,0.0
2022-03-21,0.11918830883204073,3.58385,0.4425569727989328,0.30640696643129983,5.623157,0.9495326520121565,-1.072658872554694e-05,0.01307,0.0007756291457156297,-2.31624030559092e-06,0.037474,0.0020687962140855296,-0.0006491255932399576,5.116881,0.2624900795040795,0.0007150993170505844,5.129683,0.4306325436418507,0.12187195774973957,1430.19287,33.62384782664673,-0.00011270193309410799,6.63779,0.40447054439627744,1042.0,0.0,7645.0,8640.0,960.0,0.1111111111111111,1.0,0.00011574074074074075,0.0,0.0
2022-03-22,0.05931161766408149,3.601154,0.29206365232616327,0.23548130582243318,5.738517,0.881922589271394,6.061118184975113e-06,0.00971,0.0005999520181989209,-2.5094339622641507e-05,0.035839,0.001603650276933854,-2.75308484778327e-05,5.06896,0.18118426946555677,0.002168274105799284,5.111996,0.3411643516791733,-28.128115968630627,587.725611,163.02226940929884,-0.0006369181618242843,6.011794,0.33600259441541674,725.0,2.0,7947.0,8640.0,670.0,0.0775462962962963,2.0,0.0002314814814814815,0.0,0.0
2022-03-23,0.08574037488425927,3.59859,0.3578423030037153,0.28331404675925925,5.508438,0.946789893108639,1.0220023148148148e-05,0.009499,0.0007156502948044915,-1.4468055555555556e-05,0.041925,0.001986993681520415,-0.0007244722222222229,5.094656,0.17251957469102752,-0.00014494629629629524,5.338427,0.3838915902750638,3.0653336163194447,1439.999626,65.67305804297263,-0.001405372916666666,7.004843,0.35945424088101047,899.0,0.0,7780.0,8642.0,829.0,0.09592686878037492,2.0,0.00023142791020597085,0.0,0.0
2022-03-24,0.05254226527777777,3.448622,0.26683000491511377,0.22870551006944445,6.362743,0.8857698081327251,1.298032407407408e-06,0.009275,0.0005632768294674917,1.4138888888888889e-05,0.020317,0.0012566531651993053,-0.0016642570601851855,5.116938,0.22623332833161483,0.0003428572916666673,5.177475,0.3478110573715237,0.0994905738425926,1439.990105,15.720510720416913,-0.0019424384259259261,6.404646,0.32743061647636157,670.0,0.0,7997.0,8641.0,610.0,0.07059368128688809,3.0,0.0003471820391158431,0.0,0.0
2022-03-25,0.10397842331288343,3.569109,0.3975898415483809,0.3249516378053015,6.31724,1.0128612695656474,-6.786549369139947e-06,0.015553,0.0007499190446697237,1.9791526797082997e-05,0.036249,0.001993648564432783,-0.002863231392522283,5.158971,0.22197780972394165,-0.002248443569857623,5.195984,0.40175152999427827,3.1193014153258476,1433.654436,67.18554982541359,0.00020899432804722746,6.300733,0.386047525744512,1030.0,0.0,7657.0,8640.0,946.0,0.10949074074074074,1.0,0.00011574074074074075,0.0,0.0
2022-03-26,0.08112901724537037,3.696646,0.35506147643961417,0.24969275925925927,5.405255,0.8931052274252043,1.880092592592592e-06,0.012513,0.000653917637317533,-2.5040509259259286e-06,0.040317,0.0016475734918789775,-4.885451388888854e-05,5.102776,0.1899816924163789,-0.0007069643518518509,5.14519,0.35491579691835845,0.056645730555555565,19.475536,4.343813825431528,0.0008849863425925924,6.305492,0.34080371358926614,799.0,2.0,7877.0,8641.0,739.0,0.08552250896886934,2.0,0.0002314546927438954,0.0,0.0
2022-03-27,0.07618527175925925,3.617176,0.3304746563585672,0.25965976643518524,5.844264,0.9179435603229091,2.9291666666666686e-06,0.010301,0.0005778333595769471,-1.9627199074074076e-05,0.036207,0.0015090494944461125,-0.001240110648148148,5.140961,0.15927251545195828,0.0020337410879629637,5.213175,0.3555156298588345,0.14205111793981479,672.920501,7.983405566312389,-0.00033824745370370315,5.313312,0.3232897611316559,808.0,0.0,7862.0,8641.0,756.0,0.08748987385719245,1.0,0.0001157273463719477,0.0,0.0
2022-03-28,0.09191110915615233,3.519761,0.37310376790893746,0.312832618937377,5.487289,0.9983036334724614,-5.723579117953467e-06,0.017288,0.0007452185701422745,2.5651580043986576e-05,0.0308,0.0019030392206784922,-0.0002565367519388814,5.119971,0.17285465518566445,-0.0019391042944785272,5.137695,0.3981396550568181,47.51478620141221,1437.568677,257.4475961499207,0.0016627616622294245,6.147256,0.36759313075588257,982.0,0.0,7702.0,8640.0,906.0,0.10486111111111111,1.0,0.00011574074074074075,0.0,0.0
2022-03-29,0.05812979270833333,3.486435,0.28704110315151465,0.23064701678240737,5.720573,0.8749864698258162,4.336689814814814e-06,0.009856,0.0005504399956951726,3.39681712962963e-05,0.025949,0.0015429768024580325,0.0003550299768518521,5.126832,0.18021129351683063,-0.00019433773148148174,5.232403,0.33021007860177526,93.52307905844907,1439.984747,356.82216792314915,0.0010555072916666672,5.947719,0.3227874411548062,709.0,0.0,7961.0,8641.0,657.0,0.07603286656636964,1.0,0.0001157273463719477,0.0,0.0
2022-03-30,0.10128036828703704,3.553728,0.4016957166702593,0.293464865162037,5.475112,0.9526995582694734,9.964814814814816e-06,0.011194,0.0007703992886363793,5.326157407407402e-06,0.031171,0.001763475394612098,-0.002987260069444444,5.157678,0.20728048838948243,0.001017659606481482,5.18849,0.3948938529302067,-44.35835885428241,1439.886705,350.3360342415593,0.003024532986111109,6.39867,0.36921374596964646,955.0,0.0,7731.0,8641.0,875.0,0.10126142807545423,1.0,0.0001157273463719477,0.0,0.0
2022-03-31,0.09647348009259259,3.646016,0.38147419064829013,0.3278107863425926,6.403119,1.028934149963155,-1.1735069444444448e-05,0.010172,0.0006562637145513145,-7.356481481481482e-06,0.042613,0.001793715523007629,-0.0015095679398148141,5.12911,0.2620966187637543,-0.00158479050925926,5.14434,0.4391180413299811,2.56239762199074,1439.996179,69.94810638404313,0.002019995023148147,5.974192,0.42771945068079764,1012.0,0.0,7670.0,8641.0,936.0,0.10832079620414303,1.0,0.0001157273463719477,0.0,0.0
2022-04-01,0.07258831020379869,1.799295,0.24332325278911732,0.17953506578400108,2.856441,0.5123123930801422,6.803687785942038e-07,0.0053825,0.0004083449888270906,7.816026618605296e-06,0.017764,0.0011916553706107767,0.0008567807140051479,2.574808,0.1331973827739388,0.0008122736910920881,2.5456825,0.23255680823072128,-0.056005859878134084,8.3504825,9.93886149609673,0.000297413663535365,3.3002485,0.213044815580937,509.0,0.0,3832.0,4320.5,471.0,0.06529876611673367,0.5,0.00035014005602240897,0.0,0.0
2022-04-02,0.0817236201388889,3.571032,0.35122628360203717,0.2655454837962963,5.41615,0.9099214351810514,-3.0598379629629636e-06,0.012115,0.0006848141201946254,1.764328703703704e-05,0.021631,0.0017220049348234381,0.0005116368055555554,5.175693,0.20410126600297387,0.0013683265046296289,5.26802,0.3917361647736606,-0.09546198229166666,11.210628,8.041412233402836,0.002033663657407407,6.898574,0.36152941567572505,854.0,0.0,7822.0,8641.0,792.0,0.09165605832658257,1.0,0.0001157273463719477,0.0,0.0
2022-04-03,0.08479536087962962,3.606922,0.35849690604100015,0.2769233329861111,5.607776,0.9357319298684311,-8.601273148148147e-06,0.014449,0.0006741770576807968,1.2217361111111118e-05,0.101665,0.002122928294383676,-0.000966957986111111,5.143443,0.192690906300105,-1.3887731481481434e-05,5.207034,0.3827911845541171,-0.10290882337962963,11.054434,8.055554245464556,-0.0006382613425925933,6.468701,0.3379775793882798,881.0,0.0,7795.0,8641.0,820.0,0.09489642402499711,1.0,0.0001157273463719477,0.0,0.0
2022-04-04,0.09475843692129629,3.599872,0.38837790469577416,0.28040475393518516,5.930784,0.9260725585567119,-2.7586805555555548e-06,0.010993,0.0007264048684147785,-4.4756250000000014e-05,0.04316,0.001962915047587322,-0.0019661180555555565,5.075511,0.18315581777191073,0.0018710729166666665,5.19395,0.3637360738481527,1.60546321875,1439.995887,54.03865334652308,-0.0013674055555555557,5.775434,0.32723211344211595,922.0,0.0,7754.0,8641.0,861.0,0.09964124522624697,1.0,0.0001157273463719477,0.0,0.0
2022-04-05,0.0956387843500405,3.608203,0.3804364113847176,0.3216474918393332,6.303781,1.0126106670989432,3.0570667901377283e-07,0.01141,0.0006713717409481284,-3.0758189605278413e-06,0.02123,0.0016523454916206018,0.0015294933441370522,5.090277,0.25689999094274807,-0.0024918555388355134,5.221991,0.4247256678409333,0.2559208232434308,1432.075559,23.20254057014607,0.0005117660608866762,6.397767,0.42480650248954127,1000.0,1.0,7681.0,8640.0,929.0,0.10752314814814815,1.0,0.00011574074074074075,0.0,0.0
2022-04-06,0.11105288425925927,3.683828,0.4241667381497248,0.28956033865740743,5.476394,0.9311232907311835,8.162152777777777e-06,0.018215,0.0007492716285541383,3.143252314814814e-05,0.032628,0.001826792344208181,-0.0014112773148148153,5.091877,0.22696604399796627,-0.0012420493055555568,5.188856,0.44413939926855645,-0.2030413290509259,10.320308,17.441937971982746,0.0035847980324074085,6.154975,0.4020966674931769,976.0,2.0,7709.0,8641.0,903.0,0.10450179377386877,2.0,0.0002314546927438954,0.0,0.0
2022-04-07,0.082627608866767,3.710746,0.3540027044195072,0.27898592093992364,5.777612,0.9481064562866516,-8.716981132075472e-06,0.010022,0.0006529960365026902,3.753814098854034e-05,0.037575,0.0017651487648953146,-0.0013124350040513947,5.074863,0.2193704441036188,0.0010113495774973955,5.165102,0.400411572552864,1.6535059435119808,1433.12143,54.00321695385006,2.4749739553189802e-05,6.830535,0.391002938374193,883.0,0.0,7798.0,8640.0,809.0,0.09363425925925926,1.0,0.00011574074074074075,0.0,0.0
2022-04-08,0.1066212556712963,3.638325,0.41817954471273633,0.2871492912037037,5.348857,0.9352972513170289,4.186574074074075e-06,0.009406,0.0006588397007409603,-1.7659953703703702e-05,0.049654,0.002098057845897051,-0.0009578177083333336,5.108351,0.23425297880984866,-0.000684984606481482,5.198062,0.41846193933002906,0.1970310089120371,1431.206576,34.599496565398574,0.003566639699074074,6.666445,0.39356827010977286,963.0,2.0,7725.0,8641.0,881.0,0.10195579215368591,2.0,0.0002314546927438954,0.0,0.0
2022-04-09,0.06463785219907407,3.803034,0.3075577850277194,0.23573674074074072,5.950011,0.8761770250275578,8.594907407407402e-07,0.010137,0.0006405417310048356,-1.1062152777777781e-05,0.039758,0.0014787824528845121,-0.00025173229166666636,5.086056,0.17972157689258086,-0.00025833784722222155,5.274429,0.32017152470437954,47.085788296875,1439.995812,255.1586668151308,-3.322754629629696e-05,6.07858,0.3010446447152699,722.0,0.0,7945.0,8641.0,674.0,0.07800023145469274,1.0,0.0001157273463719477,0.0,0.0
2022-04-10,0.12203535691132207,3.721,0.4411000211931047,0.33490722956702945,5.52382,1.0060788484368073,2.9484834452419518e-06,0.01126,0.0007730940570126029,3.931859226672841e-05,0.071406,0.0023296922358479674,0.0010859525353091,5.101895,0.27295248391067467,0.0009623804121324393,5.288054,0.4390436511754125,0.02872029080805746,1426.446425,21.947916830164598,0.0023026514239407265,6.807908,0.42167071128455724,1113.0,0.0,7579.0,8639.0,1021.0,0.11818497511286029,1.0,0.00011575413821044102,0.0,0.0
2022-04-11,0.07021833391203702,3.643452,0.33761363859343885,0.21528245104166668,5.480239,0.82758920334294,5.733912037037038e-06,0.011411,0.0005763297754768036,1.4731597222222219e-05,0.027042,0.0013896176728161866,0.0008169099537037041,5.068622,0.19655244742478648,-0.00011690590277777771,5.172483,0.343142996093651,67.37778333090279,1438.53559,304.05403941963476,0.00034382708333333356,6.134043,0.3297129844108422,696.0,0.0,7977.0,8641.0,639.0,0.07394977433167457,1.0,0.0001157273463719477,0.0,0.0
2022-04-12,0.02239475671296296,3.368511,0.17576179526080504,0.10334278321759259,6.189703,0.6019771628601804,-7.05439814814815e-07,0.008,0.00033577482638942407,1.9488541666666667e-05,0.028057,0.0011272347731027688,-9.375509259259251e-05,5.136196,0.11108177197309195,-9.702905092592667e-05,5.172081,0.2242363740204545,51.368865602777774,1437.850426,266.1736973646155,-0.00010671851851851844,5.122807,0.2240502257771072,308.0,0.0,8347.0,8641.0,282.0,0.03263511167688925,1.0,0.0001157273463719477,0.0,0.0
2022-04-13,0.014858752430555554,2.864772,0.12370785918336831,0.09451558090277777,5.475112,0.5860204627795431,-2.1353009259259256e-06,0.008956,0.00024491085778182684,2.703819444444444e-06,0.01656,0.0008925684101700131,4.909432870370373e-05,5.110398,0.0780669310484032,3.6695138888889756e-05,5.164381,0.21234332372328316,103.15855057789352,1439.9968,368.79140285491775,-0.001673730787037038,5.000852,0.21352742620389398,269.0,0.0,8383.0,8641.0,248.0,0.028700381900243026,1.0,0.0001157273463719477,0.0,0.0
2022-04-14,0.014582220717592593,2.407178,0.1152444532280167,0.09677515752314815,5.452681,0.5972757197866997,1.4460648148148148e-06,0.011702,0.00032559011556752306,1.7259953703703702e-05,0.026616,0.0010178201915717262,-0.0011245650462962961,0.139764,0.016874481078499787,1.8059143518517113e-05,5.034262,0.19707642264853867,-33.677403571990745,1439.99511,274.37579054592493,-0.0007044614583333338,5.085756,0.18243322693235997,271.0,0.0,8381.0,8641.0,251.0,0.02904756393935887,1.0,0.0001157273463719477,0.0,0.0
2022-04-15,0.016571645833333336,2.598804,0.12513063527029325,0.09678428148148148,5.448195,0.5995240312495363,1.0952546296296298e-06,0.004528,0.00017624628553959757,3.768750000000001e-06,0.021259,0.0008581047284357701,-0.00013782280092592615,5.003461,0.07087266332470082,-0.00010435231481481482,5.104297,0.22463884443096802,-32.56918648657407,1439.840881,313.1160660600102,-5.5246643518518786e-05,5.348874,0.2214028663818634,270.0,0.0,8382.0,8641.0,250.0,0.028931836592986922,1.0,0.0001157273463719477,0.0,0.0
2022-04-16,0.018124838078703708,2.908353,0.14619342435110277,0.09621497407407407,5.559709,0.6045450712331274,-3.6646990740740735e-06,0.003669,0.00019982321149102423,-1.0957407407407405e-05,0.017743,0.000885482650995632,-0.0010936902777777778,0.207883,0.02059443578752082,0.0012436581018518522,5.252969,0.19868230881273136,-36.54578669085648,1439.584751,380.6291560130214,0.0002702510416666668,5.252784,0.19063901967935964,265.0,0.0,8387.0,8641.0,245.0,0.028353199861127186,1.0,0.0001157273463719477,0.0,0.0
2022-04-17,0.02753321805555556,3.420423,0.19892939752264713,0.10036064756944446,5.514206,0.6005587719247011,1.0937499999999997e-06,0.005754,0.0002632247497939692,5.272222222222226e-06,0.027667,0.0009875460730566917,-0.0004750200231481482,5.033945,0.10524648621551252,-2.1694675925925863e-05,4.959214,0.21806253547892032,-16.22518321793981,1439.806172,310.36447661093257,0.000644934606481481,5.658753,0.20585381312124468,301.0,0.0,8354.0,8641.0,275.0,0.03182502025228562,1.0,0.0001157273463719477,0.0,0.0
2022-04-18,0.04278303090277778,3.704978,0.26552797392138777,0.11363245891203703,5.508438,0.6133245515021585,2.925115740740741e-06,0.007611,0.0003794366283619549,-3.22916666666668e-07,0.027782,0.001388546679325084,-0.0002722846064814817,5.107873,0.18130399792929772,5.3578819444444565e-05,5.193759,0.26849540173098235,5.874815280555556,1434.254054,91.07150789307805,-0.0010409174768518524,6.077749,0.2689365228085565,381.0,0.0,8280.0,8641.0,345.0,0.039925934498321956,1.0,0.0001157273463719477,0.0,0.0
2022-04-19,0.04563394560185185,3.767144,0.2800257525483025,0.114334840625,5.367443,0.6049158035661993,1.0652777777777778e-06,0.006587,0.0003796744831858827,1.3547453703703702e-05,0.033602,0.0012255852299013251,-0.00015309930555555535,5.032548,0.15793426994470475,-0.00039391655092592566,5.152171,0.2610691226568973,3.078415325115741,1434.206993,65.37372413306977,-0.00030570335648148213,5.481947,0.2501114385816175,392.0,0.0,8269.0,8641.0,357.0,0.041314662654785325,1.0,0.0001157273463719477,0.0,0.0
2022-04-20,0.05249857650462963,3.524888,0.303411351815398,0.1233691457175926,5.201453,0.614352284453864,8.408564814814816e-07,0.006956,0.0003966746875626696,5.871990740740743e-06,0.032536,0.0014114091178430582,0.00033448587962962975,5.085431,0.1855305305584725,2.0300925925844074e-07,5.142302,0.2844492315859061,50.87966628541666,1438.864915,265.8921421849677,0.0011163443287037034,5.926912,0.2766945530828077,437.0,0.0,8227.0,8641.0,397.0,0.04594375650966323,1.0,0.0001157273463719477,0.0,0.0
2022-04-21,0.052368915162037045,3.59859,0.3038439911648472,0.12246567187499999,5.011109,0.6078672102372455,6.402777777777774e-07,0.006949,0.00038663807619774215,-7.520370370370368e-06,0.040418,0.0012682789348948803,5.822106481481475e-05,5.083823,0.19251153998111137,-0.00030331574074074085,5.277711,0.2900256357464967,67.15813498622686,1438.359051,303.437073890785,-0.0017296422453703703,5.952667,0.2823380473409314,442.0,0.0,8222.0,8641.0,403.0,0.04663812058789492,1.0,0.0001157273463719477,0.0,0.0
2022-04-22,0.05029210891203704,3.639607,0.2984353490708286,0.12239090081018518,5.267464,0.6087463816821695,-2.734027777777778e-06,0.006687,0.00041379505421345854,3.970833333333334e-06,0.03939,0.001434632256497957,-0.0016355165509259258,5.01314,0.20014248275959462,0.00044526631944444365,5.258798,0.2975835563545185,-38.8283475417824,1439.99465,339.0193822774819,0.0014674317129629623,5.956198,0.2922056536594094,431.0,0.0,8233.0,8641.0,390.0,0.0451336650850596,1.0,0.0001157273463719477,0.0,0.0
2022-04-23,0.04292136990740741,3.479385,0.2732282416506168,0.11286546909722223,5.084811,0.593706411220877,-2.328587962962962e-06,0.014384,0.00038527787578811114,-1.4579861111111108e-06,0.049455,0.00133367467240512,-0.0006626292824074075,5.1515,0.15703878019368908,-0.0005548019675925919,5.101121,0.2609048602296531,6.010465862268519,1439.995556,94.93845075017369,-0.00044251875000000034,6.311221,0.2537949816135271,387.0,0.0,8275.0,8641.0,350.0,0.04050457123018169,1.0,0.0001157273463719477,0.0,0.0
2022-04-24,0.017095937101722917,1.6980345,0.11770086337036359,0.05294115824876092,2.5148475,0.29318238267164193,1.8050507434505546e-06,0.0042555,0.00015973864543451265,-5.097946660372968e-08,0.0154,0.0006437925604178637,-0.00020223995296740407,2.544132,0.05699340061815653,-0.00018999872252758977,2.58511,0.12459830776460336,-0.06207363154837903,7.797457,2.6597010126310057,0.0004858836035669705,3.2477505,0.11467408040647833,170.0,0.0,4159.0,4320.5,154.5,0.018232239792305878,1.0,0.003053015988320739,0.0,0.0
2022-04-25,0.02019014525462963,3.195471,0.16811981255182226,0.09062403576388889,5.252724,0.5648843829731076,-2.196759259259259e-06,0.006326,0.00022590264299105425,-5.9752314814814825e-06,0.01948,0.0006997858294145241,0.0011271100694444447,5.001908,0.10614649851766925,0.000905870023148148,5.380048,0.20548311060012706,0.27746134780092596,1432.597727,28.90822558875051,-0.003088347569444444,5.176394,0.21157845342257586,266.0,0.0,8386.0,8641.0,246.0,0.02846892720749913,1.0,0.0001157273463719477,0.0,0.0
2022-04-26,0.01770225115740741,2.705832,0.14250262059500815,0.09485931574074073,5.421278,0.5864465583928227,-2.3605324074074076e-06,0.003351,0.00020540574104931762,-1.4140856481481481e-05,0.01239,0.0007292184668227528,0.0005950335648148144,5.043818,0.09566580002956615,-0.00043192013888888935,5.085298,0.2182221912781949,1.024486450925926,1433.351876,37.82684845801979,0.0004119475694444453,5.087231,0.21845201335276002,268.0,0.0,8384.0,8641.0,248.0,0.028700381900243026,1.0,0.0001157273463719477,0.0,0.0
2022-04-27,0.014718632060185186,2.439222,0.11999845280861465,0.09687425844907407,5.395001,0.5962560944320445,-4.887731481481485e-07,0.004771,0.0001926920600158968,3.0291666666666638e-06,0.018056,0.0007593154388763206,-0.0005556524305555557,5.021187,0.05690932627510725,-0.00035920393518518477,5.109299,0.19919947965691615,-0.01645373888888885,1429.25229,17.70988105635206,-0.001274030555555555,5.109299,0.19271172965430328,270.0,0.0,8382.0,8641.0,250.0,0.028931836592986922,1.0,0.0001157273463719477,0.0,0.0
2022-04-28,0.012668306944444445,2.657125,0.11541570110096339,0.07142133391203702,5.50267,0.5188329748223974,1.954166666666667e-06,0.007767,0.0002684206227675809,6.940509259259259e-06,0.025921,0.0007962327695999798,0.00022903622685185195,5.039791,0.07828022440895344,0.0002162665509259259,5.258764,0.1801711847257566,12.675390270601854,1432.437642,283.303786083399,-0.001949064583333333,5.042235,0.18737981529776226,199.0,2.0,8450.0,8641.0,186.0,0.02152528642518227,1.0,0.0001157273463719477,0.0,0.0
2022-04-29,0.022155017708333332,3.650502,0.16784225944936645,0.10415865555555555,6.498611,0.6132796706034429,-4.399652777777779e-06,0.010348,0.0003227583231731787,-3.4363425925925935e-06,0.019809,0.001104064765213693,0.0006367826388888886,5.025687,0.13016655169017485,1.1606481481481447e-05,5.080025,0.23555527394003795,30.464145818055556,1437.030166,207.9600744074137,-0.0007446618055555551,5.451286,0.23879747571706925,308.0,0.0,8347.0,8641.0,283.0,0.032750839023261195,1.0,0.0001157273463719477,0.0,0.0
2022-04-30,0.02467785023148148,3.499893,0.1858565878210213,0.10307389131944444,5.412946,0.6038899544478018,2.6675925925925926e-06,0.010195,0.00025748248109993724,-6.121527777777778e-06,0.019029,0.0008676650877645732,-0.0013953518518518518,5.128644,0.10807359692595808,-0.000709556944444444,5.1757,0.22103544031150132,0.2701265633101852,1439.477846,22.24954666465297,0.0003670922453703706,5.175704,0.22044762660004938,309.0,0.0,8346.0,8641.0,283.0,0.032750839023261195,1.0,0.0001157273463719477,0.0,0.0
2022-05-01,0.03389885844907407,3.724845,0.2271646040588524,0.10912665590277779,5.488571,0.6115836343163207,-4.836805555555558e-07,0.007195,0.0003354120346353622,6.1385416666666665e-06,0.036106,0.001134942578282211,-0.0006877607638888893,5.059956,0.15522960007715803,0.0006108027777777775,5.279121,0.26091549112787643,126.37099716851851,1438.726698,405.7419838708228,0.0007807083333333328,5.91479,0.25641675259009,350.0,1.0,8308.0,8641.0,320.0,0.037032750839023264,2.0,0.0002314546927438954,0.0,0.0
2022-05-02,0.036021207986111116,3.54796,0.2393615806011584,0.10995780856481481,5.499466,0.6086130301474433,3.3923611111111186e-07,0.009769,0.000368661419043683,2.4614583333333336e-05,0.032656,0.0010995923441741579,-0.000240154050925926,5.033475,0.15619319417497088,0.00016480972222222248,5.315999,0.2579436577635103,-47.987054078240746,1439.98788,414.0283472219924,0.00015192673611111145,6.069521,0.25440587757711813,353.0,0.0,8305.0,8641.0,322.0,0.03726420553176716,1.0,0.0001157273463719477,0.0,0.0
2022-05-03,0.04310065497685185,3.470412,0.26848947370660065,0.1157278837962963,5.378338,0.6159579287434817,1.9480324074074065e-06,0.013868,0.00042893752608159507,-1.2255092592592594e-05,0.028616,0.001284090923178788,0.0008466106481481478,5.022582,0.17154597595979723,-0.00048392870370370366,5.210749,0.2749601431412299,-95.30722113009259,1439.909755,448.741547240705,0.0014156215277777776,6.600192,0.2682700723267516,385.0,0.0,8276.0,8641.0,348.0,0.04027311653743779,1.0,0.0001157273463719477,0.0,0.0
2022-05-04,0.03765391817129629,3.680624,0.25121115783341835,0.10436234583333333,5.265542,0.5847507495964718,-3.4253472222222225e-06,0.005503,0.00036942754460506176,6.044675925925929e-06,0.028846,0.0010803171851817587,-0.00045327534722222254,5.100085,0.13214909436373892,0.002320726157407407,5.143516,0.24803814207531072,-52.30179618287037,1439.521277,318.8600872072678,0.000605405902777778,5.536809,0.23499582998756108,346.0,0.0,8312.0,8641.0,315.0,0.036454114107163524,1.0,0.0001157273463719477,0.0,0.0
2022-05-05,0.054228603587962956,3.687033,0.3058247801615834,0.13631287349537036,5.590472,0.6597729485269102,-2.181365740740742e-06,0.007943,0.0003956058402973887,-2.55277777777778e-06,0.032284,0.0014124142207591992,-0.00258280798611111,5.067461,0.2590288522267477,-0.0005110645833333332,5.331256,0.3193187815600052,0.0024720791666666708,40.360415,2.694404990435661,-0.001094678356481481,6.345087,0.3157210929240517,465.0,0.0,8196.0,8641.0,419.0,0.04848975812984608,2.0,0.0002314546927438954,0.0,0.0
2022-05-06,0.03515897523148148,3.580645,0.2399615149680817,0.10638025474537036,5.550096,0.5901507545026298,-1.198842592592594e-06,0.009358,0.00035259566506104875,-2.3712152777777777e-05,0.018957,0.0010310670629217833,-0.0007263424768518519,5.004682,0.12728944756711708,0.0013231499999999997,5.085375,0.26447324657207505,0.20970274143518525,1426.047962,15.57361930767955,-0.0010782989583333331,5.622823,0.2561904936651625,351.0,0.0,8307.0,8641.0,321.0,0.03714847818539521,1.0,0.0001157273463719477,0.0,0.0
2022-05-07,0.033618025,3.473617,0.23430255713163045,0.10924059097222222,5.544328,0.6030110689099814,6.61875e-06,0.005432,0.0003038694165477287,9.887731481481484e-07,0.026025,0.0010079055839485973,0.0017732900462962963,5.091372,0.13481228038573517,-0.0006302927083333341,5.064937,0.2509167109373993,0.21490630034722227,1439.999176,15.69741288379728,0.000885212037037037,5.446742,0.23894983260476857,351.0,2.0,8307.0,8641.0,322.0,0.03726420553176716,2.0,0.0002314546927438954,0.0,0.0
2022-05-08,0.03291734849537037,3.579363,0.22771651716043287,0.11097774120370371,5.504593,0.6098977807651119,-6.921643518518518e-06,0.010077,0.00033990313572779176,1.2363425925925924e-05,0.024748,0.001037535127806927,-0.0011468983796296293,4.9986,0.14193773406564864,1.8613541666666035e-05,5.158118,0.25663081710789976,4.379624826273148,1433.457466,84.37321245722393,0.001079156018518519,5.720314,0.24491132004318752,354.0,0.0,8304.0,8641.0,323.0,0.03737993287813911,1.0,0.0001157273463719477,0.0,0.0
2022-05-09,0.03225888043981481,3.431318,0.22707379787936693,0.10961229085648147,5.354625,0.6052226312320028,3.4399305555555544e-06,0.0096,0.0003462155508387028,-6.339120370370361e-07,0.044114,0.0013607493638572272,-0.000969287037037037,5.015684,0.12447680305953208,0.0012107567129629627,5.110903,0.25356327964348735,0.37856473402777774,1431.742591,26.804662902537455,-0.001174262847222222,5.386876,0.24238912354424602,351.0,0.0,8307.0,8641.0,319.0,0.036917023492651316,1.0,0.0001157273463719477,0.0,0.0
2022-05-10,0.033314195486111114,3.465285,0.229569723550617,0.1067828869212963,5.311686,0.5994303554092861,2.308680555555556e-06,0.006511,0.00031932224530689424,1.205983796296296e-05,0.025059,0.001111636049926717,-0.0011196554398148148,5.037649,0.16386359372391102,0.001401688773148147,5.182614,0.252020191179363,6.193684622337963,1436.184091,96.20014966575829,-0.00025621435185185174,5.682932,0.25619894732592535,340.0,0.0,8318.0,8641.0,310.0,0.035875477375303784,1.0,0.0001157273463719477,0.0,0.0
2022-05-11,0.03546384398148149,3.493484,0.23966902326848952,0.10549680798611111,5.273873,0.5906812319913493,-2.2125e-06,0.006521,0.00032981819204231354,-1.0354629629629629e-05,0.028021,0.0012233283267764788,0.0008983562500000004,5.09726,0.15409724450093684,4.7955787037036506e-05,5.158482,0.2498116382285295,8.20205379837963,1439.99664,107.67305033357418,-0.0021254064814814812,6.558325,0.25671464436598873,342.0,0.0,8316.0,8641.0,312.0,0.03610693206804768,1.0,0.0001157273463719477,0.0,0.0
2022-05-12,0.030603696180555553,3.5627,0.22089911776982737,0.09694613587962964,5.18543,0.5723692434887769,-2.224537037037037e-06,0.007145,0.00031088898488236695,2.9643518518518507e-06,0.021922,0.0009061721267272373,0.0005887656250000001,5.071607,0.12789371411470718,-0.00034636921296296315,5.016096,0.24196198874685543,51.82052228275463,1437.965274,268.46331155623085,0.00015056238425925977,5.554518,0.23169380634914621,306.0,0.0,8350.0,8641.0,279.0,0.0322879296377734,1.0,0.0001157273463719477,0.0,0.0
2022-05-13,0.03611051817129629,3.612049,0.2420870591519951,0.10833540925925927,5.23542,0.5976257472776771,3.970949074074074e-06,0.007318,0.00030739107054717396,-1.0994328703703703e-05,0.018054,0.0011537910831228085,-0.0012141596064814818,5.02938,0.14164294309449482,-0.0006231819444444439,5.129283,0.26195961449022687,-35.55130750173611,1439.993129,428.566354575657,-0.0004088453703703706,5.090143,0.24685363422099008,351.0,0.0,8307.0,8641.0,321.0,0.03714847818539521,1.0,0.0001157273463719477,0.0,0.0
2022-05-14,0.033367973611111115,3.488998,0.2291672247899966,0.1098466912037037,5.955138,0.6036367870529472,1.7003472222222219e-06,0.00868,0.000346675204037512,7.154398148148147e-06,0.028393,0.0010951581036134808,-0.0002939593749999998,5.047888,0.13436582784306839,9.818275462962985e-05,5.249225,0.24866067409139375,-43.32387462581018,1439.437503,349.8728484854703,0.0005394474537037035,6.299176,0.24124613841680653,353.0,0.0,8305.0,8641.0,321.0,0.03714847818539521,1.0,0.0001157273463719477,0.0,0.0
2022-05-15,0.029913554513888885,3.578082,0.21583040968392703,0.11064283229166667,5.364238,0.6096639687537844,-3.9391203703703695e-06,0.009447,0.0003230680747117259,-3.2285879629629634e-06,0.019929,0.0010978041314585372,0.0012097449074074075,5.06819,0.14339279693695375,-0.00020669618055555548,5.140348,0.25616648641769824,-26.654269436226848,1439.990574,432.202032499489,3.3835648148147976e-05,6.910002,0.25688348349678375,349.0,0.0,8309.0,8641.0,317.0,0.03668556879990742,1.0,0.0001157273463719477,0.0,0.0
2022-05-16,0.024282783333333332,3.517197,0.1865583270280717,0.10397885127314815,5.626362,0.6026864782423017,-3.1967592592592596e-06,0.007302,0.0002692233945952521,9.301273148148148e-06,0.032557,0.0010685553214103878,-0.0009264586805555557,4.977943,0.09467444272465335,0.0010598085648148147,5.164401,0.22533044405893102,16.251276575231483,1439.994183,152.135516757659,-0.0005677156249999998,5.730847,0.21756296062964692,311.0,0.0,8345.0,8641.0,282.0,0.03263511167688925,1.0,0.0001157273463719477,0.0,0.0
2022-05-17,0.01577817546296296,3.415937,0.15665137859021638,0.05441938715277778,5.493057,0.431768548957562,2.572222222222222e-06,0.005213,0.00020628675462588936,-1.8576388888888835e-07,0.025364,0.0008549646475389361,0.0006837140046296293,5.065968,0.09633843843193114,-0.001780594791666667,5.117066,0.16631527027137352,0.013337697800925951,1439.923669,16.703692388697178,7.465405092592577e-05,6.290421,0.1573057017130601,170.0,1.0,8479.0,8641.0,155.0,0.017937738687651892,2.0,0.0002314546927438954,0.0,0.0
2022-05-18,0.04102273986329667,3.8488575000000003,0.23827950530195874,0.139495313619904,5.632771,0.694824032590899,8.354793729874232e-06,0.007587,0.00034736109341757687,1.317273710431983e-05,0.0227715,0.0010290974815853145,0.0012035312157482232,5.024738,0.2702057358977894,-0.002132368158454342,5.04439,0.31282567205802203,-12.908188902319097,733.1932535,240.1442895088023,-0.003806235767057537,5.0929565,0.3442084027125858,144.0,0.0,4182.0,4320.5,131.5,0.04528235521390326,0.5,6.621639517944644e-05,0.0,0.0
2022-05-19,0.017823976388888888,2.92758,0.13952939283684906,0.09577792291666666,5.227729,0.5949492977433698,-6.754398148148148e-06,0.006947,0.00027664434040688567,-6.5249999999999985e-06,0.03692,0.0010319283725437956,0.0006658498842592595,5.012949,0.09469420040212317,-0.0006676405092592598,5.087616,0.2044848725839821,-50.458749546643524,1439.977278,490.1545165069273,0.001825384027777778,5.184267,0.1974326405172551,267.0,0.0,8386.0,8641.0,246.0,0.02846892720749913,1.0,0.0001157273463719477,0.0,0.0
2022-05-20,0.02420267141203704,3.55501,0.18206255136776897,0.10215365289351852,5.451399,0.6060646743390259,2.719212962962963e-06,0.005916,0.00026220480848758194,9.123032407407408e-06,0.03543,0.0010542782609393765,2.915775462962985e-05,5.029458,0.11357058935726126,-0.0002413740740740742,5.106981,0.23065869224625288,-11.636412769560183,1439.122808,404.8379039896817,0.00033279548611111055,5.263771,0.2201354239640528,303.0,0.0,8352.0,8641.0,276.0,0.03194074759865756,1.0,0.0001157273463719477,0.0,0.0
2022-05-21,0.02795157465277778,3.564623,0.20281186515551944,0.09990223518518519,5.677633,0.5969243241747448,1.3180555555555557e-06,0.00506,0.0002655427711386792,5.014930555555555e-06,0.019384,0.0009360004478715723,-0.0008192229166666661,5.049412,0.12058677282739642,-0.00017949212962962974,4.991373,0.23276499332994188,-26.85131619490741,1439.9083,266.42734982834776,-0.0009727130787037033,5.140198,0.22488424277922814,306.0,0.0,8349.0,8641.0,280.0,0.03240365698414535,1.0,0.0001157273463719477,0.0,0.0
2022-05-22,0.0425262292824074,3.751122,0.26381241053264687,0.11318242835648148,5.716086,0.609396689469538,-2.2535879629629626e-06,0.00647,0.00034970419848344056,-5.866087962962962e-06,0.033984,0.0012486155083078871,0.0004416443287037038,5.034632,0.14889593252218364,0.00010654363425925915,5.035241,0.25425666965372073,17.47880708773148,1436.122256,157.14648972635587,-0.00034875497685185163,5.596192,0.2440018417876854,383.0,0.0,8278.0,8641.0,348.0,0.04027311653743779,1.0,0.0001157273463719477,0.0,0.0
2022-05-23,0.04552854027777777,3.53386,0.279664094420912,0.1152496650462963,5.332835,0.6064531799941686,1.7910879629629617e-06,0.009491,0.0004076359843275507,-6.1359953703703695e-06,0.029611,0.0012796706896209356,8.969097222222246e-05,5.027574,0.18300806549200166,-0.00112759675925926,5.234872,0.2662284735504085,66.93570150717593,1438.926613,302.6224288710623,-0.0011355471064814818,5.437147,0.26983944070480553,393.0,0.0,8268.0,8641.0,357.0,0.041314662654785325,1.0,0.0001157273463719477,0.0,0.0
2022-05-24,0.05200567013888888,3.54091,0.3010878622823687,0.1217574287037037,5.254646,0.6069792821540375,5.010069444444444e-06,0.010583,0.0004228353772286959,-6.9842592592592555e-06,0.022661,0.0013118515441471075,0.0016256649305555553,5.049523,0.17951512931429478,-2.1804629629629745e-05,5.211398,0.29200867620321486,7.511864749074074,1434.038362,103.20849097352553,-0.0011774131944444447,5.952729,0.2849783547779503,435.0,0.0,8229.0,8641.0,395.0,0.045712301816919335,1.0,0.0001157273463719477,0.0,0.0
2022-05-25,0.05846366180555555,3.603076,0.31324522866659743,0.16085846481481483,5.191839,0.7122485583453246,-2.329861111111111e-06,0.010697,0.0004363957574013332,-4.709606481481484e-06,0.034446,0.0013623651066883864,0.00048057615740740794,5.103093,0.20272244915702697,0.0002755148148148156,5.219195,0.30619401988410033,-2.4199688863425965,1436.649214,196.6253602674091,0.0012235579861111115,6.247711,0.3027742768247211,539.0,0.0,8128.0,8641.0,493.0,0.05705358176137021,2.0,0.0002314546927438954,0.0,0.0
2022-05-26,0.07316656886574074,3.972228,0.35800096649736274,0.16960941388888892,5.309122,0.7086748713130079,5.6034722222222225e-06,0.011871,0.0005356668365457719,1.4897337962962962e-05,0.034456,0.0018764833552086554,-0.00150441724537037,5.053898,0.20068368998802502,-0.0005669649305555552,5.236596,0.33834611039851753,0.4043401206018517,1432.259897,35.42476753651484,0.0016919114583333335,6.05289,0.3204760408436049,608.0,0.0,8065.0,8641.0,549.0,0.06353431315819928,1.0,0.0001157273463719477,0.0,0.0
2022-05-27,0.056163510300925916,3.595386,0.30647455080460057,0.16510338888888887,5.320658,0.7211374044316151,6.310185185185183e-07,0.006693,0.00044117736013544513,5.790046296296294e-06,0.031039,0.0013683983780243753,-1.9493981481481484e-05,5.086826,0.1531579889572438,-0.0020259599537037036,5.223842,0.31153387658278703,4.751660435648146,1439.801549,235.85680379767948,0.0007562721064814813,6.572021,0.29321366098830515,539.0,1.0,8128.0,8641.0,494.0,0.05716930910774216,1.0,0.0001157273463719477,0.0,0.0
2022-05-28,0.04575656041666667,3.676138,0.26374892540265277,0.13734652766203706,5.489853,0.659602400961405,1.7956018518518522e-06,0.010708,0.0004503797997293705,-1.0820370370370369e-05,0.034495,0.0013598464427522878,-0.00015777511574074113,5.05576,0.16624562552487432,-0.0001774646990740736,5.134034,0.2846154762937891,10.560899551157409,1425.748017,121.98416759638424,-0.0017922432870370374,6.779012,0.2783313966862813,455.0,0.0,8206.0,8641.0,419.0,0.04848975812984608,1.0,0.0001157273463719477,0.0,0.0
2022-05-29,0.048878148958333326,3.361461,0.27622661153294414,0.1648051962962963,5.63213,0.7379803490784533,1.1895833333333329e-06,0.010132,0.0005282110027854903,-1.6196759259259283e-06,0.020855,0.001319235091029205,-0.0011767372685185181,5.060244,0.1355909746790177,0.0014308953703703706,5.222264,0.3050174518178744,0.19541820682870376,1420.843993,26.77965813388502,0.0008118122685185179,6.505394,0.2736765144860996,512.0,0.0,8152.0,8641.0,473.0,0.054739034833931256,1.0,0.0001157273463719477,0.0,0.0
2022-05-30,0.021461759375,2.521256,0.1475736917970315,0.12502410717592594,5.469344,0.6695553502926131,1.5513888888888893e-06,0.012612,0.0003858443889518509,2.4016203703703707e-06,0.018137,0.0009874803364071372,-0.0002715140046296298,5.004111,0.07824340118736738,0.0003702032407407409,5.182469,0.21358125936654426,0.9913225032407409,1429.106071,37.71523512043787,-0.0015294646990740741,5.130391,0.21433190552910492,351.0,0.0,8304.0,8641.0,324.0,0.03749566022451105,1.0,0.0001157273463719477,0.0,0.0
2022-05-31,0.03559498819444445,3.554369,0.2236863697275167,0.14962154976851852,5.366161,0.7132541984992833,-2.7211805555555547e-06,0.012513,0.0004721396925283758,-2.4782407407407424e-06,0.018942,0.0011898268766023753,-0.0011218252314814812,5.023038,0.11217299646324738,-0.0015135569444444444,5.175666,0.29078837835060806,8.323223505208334,1435.556998,110.93421601980987,0.00019627453703703756,6.402863,0.27211146781859996,452.0,0.0,8209.0,8641.0,417.0,0.04825830343710219,1.0,0.0001157273463719477,0.0,0.0
2022-06-01,0.016235104861111113,2.400128,0.113699068589224,0.12573331238425925,5.371288,0.6831350702834919,5.142476851851852e-06,0.008488,0.00030419650027241113,3.2603009259259267e-06,0.018916,0.0012412114471950914,-0.00027187071759259283,4.998354,0.07793943448579824,0.0004883465277777785,5.045828,0.2331706792986142,10.712679953819443,1439.835396,124.82931534290587,-0.0009844039351851854,5.091165,0.23767887190347656,345.0,0.0,8310.0,8641.0,320.0,0.037032750839023264,1.0,0.0001157273463719477,0.0,0.0
2022-06-02,0.04659036164511243,3.565264,0.26283742414978717,0.17253189688919957,5.438581,0.7701060607259054,9.984970290108354e-06,0.014612,0.00048340296478675,1.2665734591634627e-05,0.027506,0.0012955557536397872,-0.002059370383315857,5.026098,0.11571027577737855,-0.0005967074449493184,5.176368,0.28162127625514816,-39.85512491413259,685.141747,192.71701635690056,0.0015595982756611915,5.535848,0.2629987133955207,518.0,0.0,8089.0,8587.0,477.0,0.05554908582741353,4.0,0.00046582042622569,0.0,0.0
2022-06-03,0.04058877791922231,3.573595,0.23683184128113716,0.16011767156579101,6.172399,0.7477921226818945,-4.890406202985768e-06,0.007996,0.0003935241446917865,-3.8777919222312236e-06,0.035963,0.0013839317342330007,-0.0010957334799213052,5.084976,0.1337864495795796,-0.0005661705821085528,5.22332,0.2910974811888961,0.1676965264436986,352.038814,15.564953530910834,0.000933071519500058,6.7025,0.280764805024214,482.0,0.0,8180.0,8643.0,445.0,0.051486752285086194,2.0,0.00023140113386555593,0.0,0.0
2022-06-04,0.056513699074074074,3.655629,0.2959740961788859,0.1704186851851852,5.499466,0.7572722467885037,-1.2710648148148146e-06,0.008318,0.000532520347929694,2.8570601851851857e-05,0.040691,0.0016708424766830301,7.987500000000189e-06,5.089729,0.17653235471439963,0.000314511689814814,5.12519,0.3133425314643541,9.09287018576389,1434.670849,115.15387670125645,0.002675533101851851,5.617917,0.2941873412231068,546.0,0.0,8123.0,8641.0,497.0,0.057516491146858,1.0,0.0001157273463719477,0.0,0.0
2022-06-05,0.04474196851851852,3.599872,0.27032263838918996,0.12877805335648146,5.355907,0.6505035373606923,-3.1629629629629627e-06,0.005513,0.00038462505145378664,1.1334837962962964e-05,0.039368,0.001283872169799947,-0.0003939075231481481,5.054752,0.14003288346568782,-0.000653020833333334,5.17035,0.2744056656063965,5.316837789814814,1434.238366,89.81513341282023,-0.0013878541666666668,5.641227,0.26166052007892127,420.0,0.0,8241.0,8641.0,385.0,0.04455502835319986,1.0,0.0001157273463719477,0.0,0.0
2022-06-06,0.049695733271590645,3.580004,0.2836845081921496,0.1415383169715212,5.523179,0.6813161203336005,-2.276221347534152e-06,0.005569,0.00043246912509797034,-7.266496874276452e-06,0.03349,0.0014102639433025807,0.0015844521880064835,5.15385,0.1665933411709363,-5.6722505209538975e-05,5.124512,0.29726577889678796,-60.36709974739524,1439.738683,345.6327214771675,0.0018630662190321837,5.960755,0.28207892917018884,462.0,0.0,8200.0,8640.0,421.0,0.048726851851851855,2.0,0.0002314814814814815,0.0,0.0
2022-06-07,0.07214604247685186,3.662679,0.3534059053924999,0.17390678032407408,5.470626,0.7312753089682335,-4.133912037037037e-06,0.010482,0.0005112053119261554,-2.9265046296296293e-06,0.03955,0.0017305992649246278,-0.0007043894675925921,5.065088,0.22007699495088148,-0.0007774283564814813,5.126906,0.3329110095971679,-4.468096890046294,1439.714863,299.2316674040144,-0.0001461421296296287,6.86664,0.32438174855187896,605.0,0.0,8068.0,8641.0,548.0,0.06341858581182734,1.0,0.0001157273463719477,0.0,0.0
2022-06-08,0.047394534375000005,3.478744,0.27948767304737476,0.1416813533564815,5.250801,0.6769283313688882,-1.171412037037037e-05,0.011258,0.0004590739910515736,-1.9774305555555574e-06,0.026775,0.0014081681110358994,-0.0009504113425925931,5.075741,0.17343560452782317,0.0002846363425925927,5.140418,0.2922574775105144,5.962854388773148,1439.996724,94.27101889940839,-0.0015422677083333336,6.074814,0.2856136438933097,468.0,0.0,8196.0,8641.0,428.0,0.04953130424719361,1.0,0.0001157273463719477,0.0,0.0
2022-06-09,0.06945840557681461,3.4322795,0.3387692152702023,0.18720277851159672,5.809976499999999,0.7652263335506528,-2.909495991298896e-06,0.008061500000000001,0.0005167886136102915,-1.096708122575443e-05,0.023624,0.0017076533868345476,0.0003063026200254023,5.056965999999999,0.19514653472223523,0.0006636458097516386,5.172485999999999,0.33517612273794106,0.5190478675956322,837.704198,20.88551963765706,0.0011424877647769895,5.9502315,0.31561953162404466,322.0,0.0,4013.5,4319.5,294.5,0.0665542689688912,0.5,0.00017088174982911826,0.0,0.0
2022-06-10,0.04196444924181039,3.555651,0.25061710175953034,0.162314057761315,5.424482,0.7355058479359051,1.3522398425743722e-06,0.010755,0.0004964397584767955,-3.358490566037734e-06,0.020647,0.0011928178107161996,-0.0011267960412084733,5.056993,0.15428970009038695,0.001050103831461975,5.253844,0.3086379405615172,1.1260357630512792,1439.919474,93.18303577563059,0.0007363591850908669,5.31518,0.30647461696084344,505.0,0.0,8158.0,8640.0,465.0,0.05381944444444445,1.0,0.00011574074074074075,0.0,0.0
2022-06-11,0.05835543726851853,3.622303,0.3123094826487363,0.1566258540509259,5.647511,0.7041568588657413,3.721180555555556e-06,0.011343,0.0005470819516342206,-6.261574074074024e-07,0.028579,0.0014269819663926449,0.00046145891203703757,5.082113,0.19141592550893008,-0.0009043078703703699,5.085884,0.3053638458334357,18.579715987384258,1436.337552,162.51134064562478,-0.0013968438657407415,6.020157,0.29223304062678424,529.0,0.0,8138.0,8641.0,484.0,0.056012035644022684,1.0,0.0001157273463719477,0.0,0.0
2022-06-12,0.04971174849537037,3.551805,0.28225626764440725,0.15632870162037035,5.477676,0.7095412115341766,-7.459606481481482e-06,0.007392,0.0004855675091939298,-7.727662037037037e-06,0.046956,0.0015912435772145988,0.0005280105324074073,5.045317,0.147548244869791,0.0008946754629629628,5.117816,0.30074842809993735,-0.04397736585648149,9.418625,2.564654482302446,0.0005693839120370376,6.787861,0.28416658896499786,510.0,0.0,8154.0,8641.0,468.0,0.054160398102071516,1.0,0.0001157273463719477,0.0,0.0
2022-06-13,0.044144323379629626,3.449263,0.2514320430920488,0.16184242222222223,5.987182,0.7463510990381454,1.909722222222285e-08,0.010443,0.0004476570827540827,4.003240740740745e-06,0.03268,0.001377047477918895,-0.00012483657407407405,5.030352,0.15533865487379472,-0.001284671759259259,5.176212,0.2986887629805046,65.47711940902778,1438.728454,299.1508324813753,-0.0005378978009259263,6.405284,0.2990223145241983,495.0,0.0,8169.0,8641.0,455.0,0.0526559425992362,1.0,0.0001157273463719477,0.0,0.0
2022-06-14,0.050663957291666666,3.513352,0.28636015235013335,0.15929333136574073,5.360393,0.7253833093070047,1.2788194444444445e-06,0.008047,0.0004722646343546508,6.95185185185185e-06,0.035702,0.0013098736683235083,-0.0002946703703703705,5.130121,0.16702978926226747,-0.001006112037037037,5.171093,0.31893495562421426,-1.109842424537037,1439.993102,61.06922817304039,-0.0007496804398148148,6.695058,0.29299050614515315,502.0,0.0,8162.0,8641.0,460.0,0.05323457933109594,2.0,0.0002314546927438954,0.0,0.0
2022-06-15,0.03538202442129629,3.754967,0.22062141755246867,0.15398255925925927,5.33668,0.7315480168255899,-3.543981481481481e-06,0.005894,0.0004020925698020479,1.2785995370370371e-05,0.035276,0.0011749670182920106,-0.0006976748842592593,5.00793,0.11248379780574519,0.0005749585648148153,5.066757,0.2630293891537932,48.86033908483797,1438.565586,259.9556768844546,0.0009962979166666663,5.555174,0.24597129370230153,458.0,0.0,8203.0,8641.0,422.0,0.04883694016896192,1.0,0.0001157273463719477,0.0,0.0
2022-06-16,0.0654875629123741,3.579363,0.3299212853280247,0.18229192047690704,6.296731,0.7617326383226141,8.253733070957285e-06,0.011849,0.0005129330090772168,-1.2154763282787357e-05,0.024082,0.001512513377562362,-0.0004893882393795575,5.062822,0.1865346585835062,0.0014834806111818496,5.226313,0.32507394108407717,-39.39641369996527,440.782257,185.4795457857459,0.001768197129297372,5.778859,0.30802556930165453,607.0,0.0,8062.0,8640.0,554.0,0.06412037037037037,3.0,0.00034722222222222224,0.0,0.0
2022-06-17,0.03661225104166666,3.589618,0.23263679741949037,0.13370978113425924,5.796838,0.6715451726249497,-1.0023148148148204e-07,0.005373,0.00034763969556840394,-1.2717939814814811e-05,0.023716,0.0012488508490985963,-6.990092592592575e-05,5.063399,0.18565442735349416,-0.000873040277777778,5.221311,0.27881233309184816,-16.60468545717593,1439.99009,342.69414342003535,-0.000916341435185185,5.328462,0.2755839947740081,417.0,0.0,8241.0,8641.0,387.0,0.04478648304594376,1.0,0.0001157273463719477,0.0,0.0
2022-06-18,0.06164653478411852,3.763298,0.31442175277279594,0.1847975386040051,5.554582,0.770553861566037,6.826137284407917e-06,0.007337,0.00046485275384510155,1.039634216923255e-05,0.032735,0.0016904031400081835,-0.0014584648686190528,5.096781,0.17891879513093947,-0.0004226800555619856,5.135047,0.32420944488504155,-15.402755061928465,1439.90554,283.0680064548329,0.0009829317050584563,5.717393,0.30839612974137554,605.0,0.0,8065.0,8640.0,554.0,0.06412037037037037,1.0,0.00011574074074074075,0.0,0.0
2022-06-19,0.042608640509259256,3.588336,0.2494180766693432,0.16387516689814813,5.330271,0.7410608780868314,-3.1409722222222224e-06,0.009878,0.0004157143799385295,2.7601157407407403e-05,0.042446,0.0014360661985393939,-0.0006144327546296297,5.027275,0.12306707007214787,0.0016000130787037034,5.162306,0.285836289607543,-54.271472010069445,1439.927641,402.48238535537223,0.0014493935185185191,6.605058,0.2744674081504025,502.0,0.0,8162.0,8641.0,462.0,0.053466034023839835,1.0,0.0001157273463719477,0.0,0.0
2022-06-20,0.02542125104166667,3.420423,0.18925871171902411,0.10259203865740739,5.353343,0.6002557987254044,-6.604166666666658e-07,0.006313,0.00026961323313451775,2.1295138888888875e-06,0.021252,0.0009648571973525482,-0.000899121412037037,4.934489,0.09497592029381131,-0.00012683263888888796,5.273793,0.23566702917393578,0.09696561041666667,1439.995974,17.430102645694838,-0.0005390594907407408,5.914965,0.2276972528101878,309.0,0.0,8346.0,8641.0,284.0,0.03286656636963314,1.0,0.0001157273463719477,0.0,0.0
2022-06-21,0.01965985451388889,2.950011,0.1575492627033385,0.09287582476851852,5.416791,0.5818457058683996,5.150462962962963e-06,0.007597,0.00026689400916996865,-7.950231481481467e-07,0.017753,0.0007627562774488261,0.0008612976851851854,5.155209,0.09832544515608159,-1.1760300925925997e-05,5.060861,0.21109001810188363,-0.09531511446759261,25.278939,4.161175196607436,-0.0015392410879629635,5.252955,0.21492327252957819,267.0,0.0,8385.0,8641.0,247.0,0.02858465455387108,1.0,0.0001157273463719477,0.0,0.0
2022-06-22,0.01874006030092593,2.776971,0.15170741282143776,0.09299317280092594,6.155736,0.58509604961181,-3.259259259259254e-07,0.004427,0.0002353083276280637,-1.077453703703704e-05,0.021041,0.0009520851413132881,-0.0009250739583333335,1.893572,0.02978368741674174,-0.00024419930555555575,5.047904,0.1943256927487441,54.307663391550925,1434.818271,271.974160542853,-0.0020150582175925925,4.996824,0.1820188661157063,265.0,0.0,8387.0,8641.0,245.0,0.028353199861127186,1.0,0.0001157273463719477,0.0,0.0
2022-06-23,0.02571684583333333,3.628071,0.18909424939198327,0.10111391574074075,5.348857,0.598759165764733,4.6325231481481476e-06,0.012282,0.0002908035492878107,5.147685185185184e-06,0.029795,0.0010986289868895043,0.0005634990740740742,5.078993,0.11151530483025895,0.0008192730324074073,5.17367,0.2406211599866997,-19.392860056712962,1439.672426,380.20001178711186,0.00026621215277777783,5.57812,0.23084846031375167,305.0,1.0,8350.0,8641.0,281.0,0.0325193843305173,2.0,0.0002314546927438954,0.0,0.0
2022-06-24,0.03230687303240741,3.405042,0.2231611627570106,0.10987035335648149,5.407819,0.6147344766122282,1.6843749999999996e-06,0.010037,0.0003373092094115773,3.789131944444445e-05,0.027189,0.0012814724869467005,-0.0008187488425925925,5.064326,0.1466471180072854,-0.0002465121527777775,5.109387,0.26185197752275646,1.6175128894675928,1433.758768,49.41592534346824,0.00010847951388888902,5.632554,0.2553007002558353,348.0,0.0,8310.0,8641.0,317.0,0.03668556879990742,1.0,0.0001157273463719477,0.0,0.0
2022-06-25,0.03564646678240741,3.444777,0.23927768448660397,0.10782959814814815,6.103183,0.6042044518835799,5.500925925925925e-06,0.007045,0.0003402900657625039,8.263888888888888e-06,0.028614,0.0010614482430937977,-0.00036389432870370333,4.993897,0.15123695470657905,-0.001078325347222222,5.24282,0.26406352772299546,7.874657820717593,1433.832977,107.6783912718961,-0.00181827349537037,5.686297,0.2664522425378615,352.0,0.0,8306.0,8641.0,322.0,0.03726420553176716,1.0,0.0001157273463719477,0.0,0.0
2022-06-26,0.04445586689814814,3.571673,0.27278226088677043,0.11657320405092594,5.48088,0.6149864442986724,2.9581018518518523e-06,0.007223,0.00037935408194090435,-1.535266203703704e-05,0.021214,0.0011632868171941172,-0.0007124438657407411,5.114769,0.17238638413708704,0.0008786283564814813,5.18686,0.26565053730336075,1.1568482797453703,1433.376254,46.32523547400746,0.0007110087962962959,5.441943,0.25778878872514555,394.0,0.0,8268.0,8641.0,356.0,0.04119893530841338,1.0,0.0001157273463719477,0.0,0.0
2022-06-27,0.04582977303240741,3.66332,0.2802611822892894,0.11480111585648148,5.346934,0.6016541856305675,2.945601851851853e-06,0.009306,0.00038114146561520404,2.6499537037037035e-05,0.024759,0.0012395705784225685,-0.00035903715277777766,5.053255,0.17987779235434367,0.0004406349537037041,5.220084,0.28290006109806454,51.31151446666666,1438.491181,266.19062027372075,-0.0007074299768518519,6.1629,0.2865337069793809,396.0,0.0,8265.0,8641.0,361.0,0.04177757204027312,1.0,0.0001157273463719477,0.0,0.0
2022-06-28,0.0511604988425926,3.487716,0.29816125031215507,0.12206318761574074,5.088015,0.611842683896373,7.12152777777778e-07,0.01008,0.00039166135601330945,-1.655324074074072e-06,0.030875,0.0013264007551469649,-0.0010572097222222216,5.126952,0.21851643481617278,-0.0005683928240740744,5.136821,0.31566793071945,76.26752476249999,1438.653473,322.4809520585063,-1.6343287037036876e-05,5.68572,0.32076817337706776,437.0,0.0,8227.0,8641.0,396.0,0.04582802916329128,1.0,0.0001157273463719477,0.0,0.0
2022-06-29,0.04940918136574074,3.816492,0.2930447130717143,0.12068223425925927,5.252083,0.6049125820490313,-9.60995370370371e-07,0.007407,0.0003703977698534712,-4.213888888888888e-06,0.031283,0.0012560939698014488,0.0007221111111111115,5.12368,0.16481586358788783,-0.0007313469907407407,5.121052,0.29723041016629076,-28.890384320717594,1439.863808,340.10489397447515,6.348553240740746e-05,5.733271,0.28348267950317535,429.0,0.0,8235.0,8641.0,389.0,0.045017937738687654,1.0,0.0001157273463719477,0.0,0.0
2022-06-30,0.043320959722222226,3.401196,0.27384271834270724,0.1127566519675926,5.285409,0.5917904512313079,-1.5100694444444444e-06,0.005822,0.00036263716288088664,1.0514930555555554e-05,0.033193,0.001445751414395038,0.0009182729166666664,5.053396,0.18180723204680732,0.0003542824074074068,5.144926,0.28850141618468317,-24.69209401145833,1439.687975,350.8499200755334,-0.0010552892361111114,6.722677,0.29083010235767687,387.0,0.0,8274.0,8641.0,352.0,0.040736025922925585,1.0,0.0001157273463719477,0.0,0.0
2022-07-01,0.030023706597222224,3.501175,0.22096767385938296,0.09765289305555555,5.130955,0.5698199943687402,-6.533564814814822e-07,0.006673,0.0002992810660178024,3.649884259259261e-06,0.031217,0.0009555543491199187,0.0006723662037037042,4.993064,0.10501055118241723,-8.893923611111144e-05,5.203747,0.23398086689373293,4.3827215384259235,1439.983825,398.825013461481,0.001208394791666667,5.923282,0.21437312233435057,306.0,0.0,8349.0,8641.0,280.0,0.03240365698414535,1.0,0.0001157273463719477,0.0,0.0
2022-07-02,0.015702967383512543,1.728477,0.1067188825813186,0.06178732093189964,3.087802,0.3231033255349431,-1.1708960573476698e-06,0.002977,0.00014743493691801049,-4.228028673835125e-06,0.010486,0.000536542210321968,-3.07121573186082e-06,2.524358,0.06932009783908946,-0.00030705198101327124,2.6144735,0.1278873922679452,0.04321991686525235,724.604293,10.12510098896646,-0.0007938693945558458,2.7574405,0.12952576011204459,152.5,0.0,4175.0,4320.5,139.5,0.02,0.5,0.00030012004801920766,0.0,0.0
2022-07-03,0.016088902199074075,2.910276,0.13507702002980373,0.09592152928240741,5.775689,0.5888758099528338,1.2539351851851845e-06,0.011884,0.00025266830798262676,8.766898148148146e-06,0.035854,0.0008002033085025353,-3.262060185185187e-05,5.014508,0.10441522290086351,0.00019032685185185218,5.200941,0.21163818174971058,-0.1927372063657407,10.124416,15.236175210452128,-0.0004975785879629628,5.200941,0.21828435273321192,269.0,0.0,8383.0,8641.0,249.0,0.028816109246614974,1.0,0.0001157273463719477,0.0,0.0
2022-07-04,0.012519656597222224,2.198889,0.09746999333200808,0.09861504247685185,5.339244,0.604068363172555,-1.875694444444445e-06,0.004687,0.00020355900692801645,-5.958564814814816e-06,0.02404,0.00092772297416417,-5.0956712962963005e-05,4.914442,0.0731379341317316,-0.0011147870370370367,5.105214,0.2116070966937231,9.684051511805555,1435.899659,117.08030996869445,-0.00016466655092592616,5.105214,0.21460359788936625,271.0,0.0,8381.0,8641.0,251.0,0.02904756393935887,1.0,0.0001157273463719477,0.0,0.0
2022-07-05,0.012366703587962963,1.840632,0.09035843962143338,0.10008901215277778,5.383465,0.6140908917153927,5.214120370370374e-07,0.012743,0.0002366414264718391,6.916435185185186e-06,0.022959,0.0008529647751843645,-0.0007899289351851853,1.990622,0.03104560576930487,0.0010130449074074075,5.170994,0.21261840977790053,36.1803204105324,1436.920229,224.54179821049007,7.262847222222192e-05,5.178271,0.20473673869733552,271.0,0.0,8381.0,8641.0,251.0,0.02904756393935887,1.0,0.0001157273463719477,0.0,0.0
2022-07-06,0.014986707754629628,2.427046,0.11447661730238119,0.09918309016203702,5.362316,0.6126387652494595,-3.971990740740741e-06,0.00474,0.00023456593639859704,1.0291666666666667e-05,0.027245,0.0009356346701692321,-0.0002940993055555556,4.24977,0.059684415058966496,4.1692824074073845e-05,5.059387,0.22508116082101076,82.73080134930557,1438.563698,334.0480790397853,-0.00014180266203703704,5.063785,0.2207612688344699,270.0,0.0,8382.0,8641.0,250.0,0.028931836592986922,1.0,0.0001157273463719477,0.0,0.0
2022-07-07,0.025673971990740743,3.658193,0.18377715478596826,0.10344314467592591,5.344371,0.6150911760523997,2.5871527777777784e-06,0.006856,0.00028097591868294806,1.4086226851851855e-05,0.037792,0.0011166725474730757,-0.0005204896990740743,5.036439,0.10690810896982078,0.00048507766203703716,5.231153,0.22103548499617282,50.87290669895833,1437.660943,266.4938331706726,0.0012551180555555551,5.578651,0.20841220793504664,304.0,0.0,8351.0,8641.0,278.0,0.032172202291401455,1.0,0.0001157273463719477,0.0,0.0
2022-07-08,0.02362157037037037,3.579363,0.19016919037765087,0.07815852847222222,5.616108,0.5269331168422583,-2.8070601851851856e-06,0.008124,0.00028371738859056175,8.495370370370366e-07,0.017095,0.0008872930174193959,-7.07265046296297e-05,5.139575,0.10602573187711606,-0.0007799096064814812,5.42534,0.22153158141642565,31.347229009606483,1437.179947,210.14719929080377,0.0004158130787037038,5.397881,0.20522479712932515,243.0,0.0,8409.0,8641.0,223.0,0.025807198240944334,1.0,0.0001157273463719477,0.0,0.0
2022-07-09,0.04318959363425926,3.549242,0.2677219644210439,0.11233732986111113,5.573168,0.6070541553433232,1.0321412037037038e-05,0.010306,0.0004153170122667469,3.333333333333326e-07,0.024543,0.0011659435899363927,-0.0005471399305555553,5.033893,0.1383747019631544,-0.0009790406249999997,5.06973,0.254862860512728,-3.080986107060186,1439.877461,236.7599228753265,0.0005284518518518527,6.003519,0.23968811106338136,382.0,0.0,8279.0,8641.0,344.0,0.03981020715195001,1.0,0.0001157273463719477,0.0,0.0
2022-07-10,0.04531951099537038,3.78637,0.2776827245933202,0.11429152060185185,5.277718,0.605378065352383,-5.092592592592064e-09,0.014223,0.00039503661042532664,7.598148148148151e-06,0.0296,0.0012084260774922583,0.0002183413194444445,5.084939,0.17323723932751253,0.0007716922453703713,5.12464,0.29189720758448545,-21.76281620532407,1439.902361,376.58696938915864,0.00126358298611111,5.867484,0.2862834850738867,392.0,0.0,8269.0,8641.0,356.0,0.04119893530841338,1.0,0.0001157273463719477,0.0,0.0
2022-07-11,0.052358160069444444,3.61269,0.3029747826554367,0.12269198495370372,6.074984,0.6147746162475766,-1.0385416666666669e-06,0.010683,0.00042269893417546745,-2.8463310185185187e-05,0.03553,0.0014177460992345625,-0.0007022638888888887,5.048883,0.195219531054335,-0.0004850223379629626,5.130223,0.2868029401010152,73.27094811620371,1439.985967,316.63751539432707,-0.0005771582175925935,6.236767,0.2836267337054645,434.0,0.0,8230.0,8641.0,391.0,0.04524939243143155,1.0,0.0001157273463719477,0.0,0.0
2022-07-12,0.050224459374999995,3.471053,0.29803279082290435,0.12198218645833331,5.28605,0.6112234307459831,-5.222453703703703e-06,0.006583,0.0003792544883659377,8.155787037037034e-06,0.028057,0.0014511015228517667,0.0006791872685185184,5.048481,0.17868939094824224,0.0007846656250000004,5.054743,0.2828018649181259,9.342681976273148,1435.589067,115.06878152776501,-0.0022388516203703693,6.273337,0.275950514421184,430.0,0.0,8234.0,8641.0,389.0,0.045017937738687654,1.0,0.0001157273463719477,0.0,0.0
2022-07-13,0.043893012847222225,3.487716,0.274835736627793,0.11357771747685184,5.19248,0.5939033568519786,2.529282407407408e-06,0.010196,0.00043440299211046655,-1.1490277777777776e-05,0.039393,0.0012821163542279742,0.0003642159722222219,5.045478,0.1864366074247059,-0.0011593888888888897,5.087542,0.29122530782317696,0.1316646898148148,1429.869405,15.599964318677237,0.0012671800925925932,5.922014,0.2850095237437118,393.0,1.0,8268.0,8641.0,357.0,0.041314662654785325,2.0,0.0002314546927438954,0.0,0.0
2022-07-14,0.03559862256944444,3.462081,0.24104855654391286,0.10631853981481482,5.322581,0.58427061057492,4.932407407407407e-06,0.008077,0.00037014558951877895,1.1533564814814813e-05,0.014937,0.0010524950718050353,-0.0012405248842592594,5.054362,0.16075006903638497,-0.0006339471064814814,5.202679,0.25118881745940785,0.14701525810185181,1430.694395,15.626041438700463,-0.0010105813657407404,5.723311,0.24961936574470225,350.0,0.0,8308.0,8641.0,320.0,0.037032750839023264,1.0,0.0001157273463719477,0.0,0.0
2022-07-15,0.032820845486111104,3.414655,0.23146346539854581,0.10920787974537038,5.261055,0.6021084996070759,-6.225231481481483e-06,0.00918,0.00039439228581807567,9.933449074074073e-06,0.027677,0.0011063457394033158,-0.0012708045138888882,4.996101,0.12248350748125675,0.0004357059027777774,5.051166,0.23852235444437367,0.9868303266203704,1439.99431,37.79722519130342,0.002252498726851852,6.257062,0.2266272185669468,347.0,0.0,8311.0,8641.0,315.0,0.036454114107163524,1.0,0.0001157273463719477,0.0,0.0
2022-07-16,0.025395808796296295,3.447981,0.19159007959690377,0.1010975226851852,5.562273,0.5917001417054515,-8.912037037037036e-08,0.009301,0.0003042021650393774,6.266898148148149e-06,0.025226,0.0009094809306442682,-0.00015261168981481465,4.909856,0.1076079787566729,-0.00014995972222222185,5.109387,0.22148890964575574,1.4978205762731482,1432.611372,46.27193539790671,0.000752102083333333,6.34775,0.21447169617417527,306.0,0.0,8350.0,8641.0,279.0,0.0322879296377734,1.0,0.0001157273463719477,0.0,0.0
2022-07-17,0.02336284074074074,3.345439,0.181301004939392,0.10155029768518517,5.313608,0.5987649055197435,-4.648148148148143e-07,0.005149,0.0002398769250021316,5.476273148148151e-06,0.035526,0.0010269938636674753,0.00025748217592592575,5.050069,0.12156289624379982,0.0007847887731481485,5.174126,0.23470674904992975,11.05585128402778,1439.998786,124.93534949900476,-0.0010304021990740744,6.260564,0.24291981085670278,303.0,0.0,8352.0,8641.0,278.0,0.032172202291401455,1.0,0.0001157273463719477,0.0,0.0
2022-07-18,0.018927874884259257,2.742363,0.15182082906257025,0.09235257939814813,5.311045,0.5767732540792163,-7.222222222222225e-07,0.004228,0.0002227738897743553,9.974652777777777e-06,0.024317,0.0009348840445790792,-0.0005334445601851852,5.024387,0.05809282394774793,0.00013162881944444433,5.190029,0.21129710140241942,0.1771316226851852,1429.953684,15.63946380436694,0.00013711053240740762,5.190029,0.20428536555122678,266.0,0.0,8386.0,8641.0,245.0,0.028353199861127186,1.0,0.0001157273463719477,0.0,0.0
2022-07-19,0.025657431018518518,3.600513,0.18957610454514498,0.10144570914351853,5.573809,0.5960626621595059,3.1554398148148157e-06,0.010276,0.00027347093474877816,2.3690393518518517e-05,0.033157,0.0011210832341413135,0.001102561921296296,5.033646,0.11314437608620735,0.0006438187500000009,5.356532,0.22895411853335404,56.16018033587964,1439.960381,349.8638283574728,-0.001465557523148148,5.134606,0.22318741761710625,306.0,0.0,8349.0,8641.0,280.0,0.03240365698414535,1.0,0.0001157273463719477,0.0,0.0
2022-07-20,0.02571024409722222,3.488998,0.1932549598700038,0.10283852881944444,5.402692,0.6010140611119468,-6.927083333333332e-07,0.007497,0.00025203741546887305,-2.305914351851852e-05,0.01817,0.0010416198771017113,0.00016292523148148154,5.001672,0.12734107276445286,0.0004912337962962961,5.098267,0.24495617433137612,56.98156869131945,1439.029109,281.7661097249607,-0.0007439399305555553,5.317081,0.24472870904376548,312.0,0.0,8343.0,8641.0,287.0,0.03321374840874899,1.0,0.0001157273463719477,0.0,0.0
2022-07-21,0.03130474247685185,3.654347,0.22034732893639766,0.11123098032407407,5.284768,0.6167915257571839,-7.908564814814817e-07,0.009397,0.00029900323530633534,-7.181597222222221e-06,0.021774,0.001210258893841792,-0.0003761954861111103,5.067306,0.15584511308795648,-0.0013665569444444442,5.126356,0.2614127378390058,-40.24112473668983,1439.991422,362.80617763316263,-0.00027233622685185206,5.197003,0.2650639542403997,352.0,0.0,8306.0,8641.0,321.0,0.03714847818539521,1.0,0.0001157273463719477,0.0,0.0
2022-07-22,0.03282944884259259,3.551805,0.22648994444497014,0.11239615185185185,5.272591,0.615455257891929,-7.781249999999995e-07,0.005385,0.0003249274547802397,4.005439814814818e-06,0.027243,0.0011119424566681131,0.0010943906249999999,5.087378,0.1533078325596837,0.000949861921296297,5.112118,0.2547435916468239,55.805587483796295,1437.794553,278.11643815408627,0.0007364123842592593,5.721387,0.25189728733658395,356.0,0.0,8302.0,8641.0,326.0,0.037727114917254945,1.0,0.0001157273463719477,0.0,0.0
2022-07-23,0.03388802928240741,3.492203,0.23167441152627793,0.11069801886574074,5.289254,0.6106952017795546,-2.0112268518518513e-06,0.005773,0.0002931569413030674,-5.416203703703704e-06,0.027006,0.0011686419583335078,0.0008007528935185189,5.04643,0.1553292707884866,-0.0002778359953703702,5.125536,0.24897781695629964,-42.69880679131944,1439.932894,379.5587461668511,0.0008565079861111108,6.666917,0.24636485201527872,350.0,1.0,8308.0,8641.0,321.0,0.03714847818539521,2.0,0.0002314546927438954,0.0,0.0
2022-07-24,0.028787771064814817,3.352489,0.20968044208503775,0.10009131157407408,5.462294,0.5883271211977092,9.020833333333336e-07,0.007231,0.00028974228845956353,1.7464120370370372e-06,0.016301,0.0009445629620026735,0.0002746386574074075,5.02645,0.14403812436731167,-0.0006557337962962968,5.178746,0.24618635987360127,-39.172576040625,1439.941448,370.1611510091149,0.00031229097222222233,5.43975,0.24604890750162026,308.0,0.0,8347.0,8641.0,283.0,0.032750839023261195,1.0,0.0001157273463719477,0.0,0.0
2022-07-25,0.008757488641885325,1.6595815,0.08418741156621636,0.02767032276482021,2.475753,0.21383575014613462,2.500121477162294e-06,0.004192,0.0001369105627292497,4.544278425655977e-06,0.0169605,0.0003969766538316104,6.62029383181844e-05,2.5499355,0.055718121615340926,-0.0002367843458812095,2.5840985,0.09005900694415225,4.369833814164951,715.3247905,56.48668637034673,-0.0010461673562282053,2.9998075,0.09184935695846785,86.5,0.0,4238.0,4320.5,78.5,0.009535957240038872,0.5,0.0012224938875305623,0.0,0.0
2022-07-26,0.028070035416666667,3.719077,0.20907697128698358,0.09906106770833334,5.266182,0.5866837083248192,1.7107638888888894e-06,0.007498,0.0003212385209049903,-1.1117129629629625e-05,0.02528,0.0010209573901636569,0.00019328356481481483,5.043114,0.12245800152110722,-2.3982060185185555e-05,5.090804,0.22027279661472568,40.01496877581019,1432.917026,234.78744707218297,-0.0018902515046296299,5.352781,0.21931634535228348,303.0,0.0,8352.0,8641.0,277.0,0.03205647494502951,1.0,0.0001157273463719477,0.0,0.0
2022-07-27,0.032653649652777776,3.622944,0.2264629033799981,0.10766425729166668,5.519974,0.6038295356408974,1.909027777777777e-06,0.006152,0.0002927004655048439,2.4497222222222218e-05,0.035836,0.0012058422088173466,0.0006890690972222222,5.071404,0.153687978915719,0.0001562663194444441,5.115199,0.25629900716393067,0.17421177986111117,1439.987873,15.703929750257474,0.00013570682870370405,5.949758,0.25493476106285023,346.0,0.0,8312.0,8641.0,315.0,0.036454114107163524,1.0,0.0001157273463719477,0.0,0.0
2022-07-28,0.03333043912037038,3.483871,0.2245898469786986,0.1098561861111111,5.47383,0.6072531104886078,2.0861111111111112e-06,0.005915,0.0002875770485509272,-2.8050925925925934e-06,0.032883,0.0013044451370649694,-0.0003965587962962964,5.037583,0.15562509370667615,0.0008659239583333328,5.186863,0.2755243109782224,5.64114659363426,1436.457332,89.83227859294524,0.0003407000000000006,5.26188,0.2720780330528993,354.0,0.0,8304.0,8641.0,324.0,0.03749566022451105,1.0,0.0001157273463719477,0.0,0.0
2022-07-29,0.03368115023148148,3.651143,0.23174303254878187,0.11023396851851851,5.355266,0.6085572718041135,2.91724537037037e-06,0.00852,0.00033024688380554906,-1.6022685185185184e-05,0.026548,0.0013045356051056155,6.069328703703708e-05,5.046437,0.1632613451670262,0.00016042361111111164,5.056586,0.2594357842169617,2.920703690856482,1433.989039,69.39092905799781,-0.00012564490740740812,5.830151,0.26732007365349203,356.0,0.0,8302.0,8641.0,326.0,0.037727114917254945,1.0,0.0001157273463719477,0.0,0.0
2022-07-30,0.03644060497685185,3.590899,0.24204877969514746,0.10877861724537036,5.411023,0.6022920176035674,1.30474537037037e-06,0.011444,0.0003443685230427247,3.264120370370371e-06,0.018194,0.0009832715081868548,-0.0005163251157407404,5.05191,0.1552813697129178,0.0005082000000000006,5.096869,0.2728454081442184,5.362795194907408,1434.121658,87.09536502629227,-0.000818240162037037,5.725901,0.270658024118935,353.0,0.0,8305.0,8641.0,323.0,0.03737993287813911,1.0,0.0001157273463719477,0.0,0.0
2022-07-31,0.04333372002314814,3.59859,0.2694494907850289,0.11576118900462962,5.418714,0.6088404769001907,-5.198379629629631e-06,0.006014,0.0003697799212794323,-1.3545138888888888e-05,0.033452,0.001387211398324402,-0.0008177369212962962,5.080364,0.18276138755426347,-0.0003172396990740738,5.051315,0.288844281299103,0.34032314039351863,1427.882906,17.379128607081952,0.00018098946759259214,5.959854,0.2823028272202517,391.0,0.0,8270.0,8641.0,356.0,0.04119893530841338,1.0,0.0001157273463719477,0.0,0.0
2022-08-01,0.04455585972222222,3.491562,0.2810210755494947,0.1129992855324074,5.116855,0.5997312805833441,-2.057870370370371e-06,0.010367,0.00039813151904239893,-6.88125e-06,0.028412,0.001233589074844216,-0.0003607990740740741,5.021602,0.16422443080793844,-0.0006893281250000002,5.16079,0.28312009944451205,79.28355077638889,1439.161829,327.8078751162879,0.0019323960648148144,5.513594,0.27049962007372824,388.0,0.0,8274.0,8641.0,351.0,0.04062029857655364,1.0,0.0001157273463719477,0.0,0.0
2022-08-02,0.04436811597222222,3.542192,0.27798076203271577,0.11233414074074075,5.205939,0.5940577418677769,-3.336921296296297e-06,0.007351,0.0003851058459502189,-1.4415162037037032e-05,0.020075,0.0011848451525962023,-0.001933682175925926,5.002535,0.15509467622154738,0.0004342106481481471,5.186523,0.27089891165615326,27.35849381666667,1437.070241,195.87445846407326,0.000870392013888889,6.609202,0.2609271882720747,388.0,0.0,8273.0,8641.0,353.0,0.04085175326929753,1.0,0.0001157273463719477,0.0,0.0
2022-08-03,0.03774374571759259,3.54796,0.2537827967744439,0.10697789791666668,5.055971,0.5873816307048134,4.750347222222223e-06,0.012978,0.000378523240140752,7.02546296296297e-07,0.019543,0.0011502470491390156,0.00021614293981481468,5.045132,0.14551935449041292,0.0005036754629629628,5.105566,0.26295843411719433,-33.34321360451389,1439.998884,352.29998513208716,0.0008629212962962962,6.077847,0.25805400998224254,352.0,0.0,8307.0,8641.0,320.0,0.037032750839023264,1.0,0.0001157273463719477,0.0,0.0
2022-08-04,0.034744030324074075,3.416578,0.23780471282840743,0.10768435833333334,5.146336,0.5926485968161468,2.1011574074074077e-06,0.006487,0.0003305462462057417,7.025694444444443e-06,0.024967,0.0011416599735099295,-3.474131944444432e-05,4.990722,0.12686048157499305,-0.0014655350694444448,5.105148,0.24545261882619338,-13.929601984375006,1439.993627,392.8659172395428,0.00011712384259259214,5.652749,0.23198882993131031,348.0,0.0,8310.0,8641.0,318.0,0.03680129614627937,1.0,0.0001157273463719477,0.0,0.0
2022-08-05,0.02554438460648148,3.281991,0.1942028645557676,0.10024107499999999,5.76928,0.5862226443692694,-3.955787037037037e-06,0.005851,0.00026562163635437773,1.0628472222222223e-05,0.019178,0.0008773932912579012,-0.00039323506944444474,5.078816,0.13354393378624396,-8.8696064814815e-05,5.114748,0.24896334739056705,0.6238857148148149,1439.990244,36.31867864693048,-0.0010269557870370375,5.631616,0.24754979331530583,309.0,1.0,8346.0,8641.0,285.0,0.03298229371600509,2.0,0.0002314546927438954,0.0,0.0
2022-08-06,0.021422001736111113,3.403119,0.16927360182887288,0.10399442719907408,5.301431,0.6046956486316086,-4.922453703703707e-07,0.005109,0.00026842436454515894,6.5686342592592556e-06,0.030271,0.0011519690358191223,0.00014749756944444433,5.030566,0.12130046175986367,0.0004348104166666676,5.172276,0.24147970955949202,-0.14657851817129625,11.26378,15.706032055082767,0.0003283835648148148,6.727348,0.2354542832478915,305.0,0.0,8350.0,8641.0,279.0,0.0322879296377734,1.0,0.0001157273463719477,0.0,0.0
2022-08-07,0.013463113310185185,2.66097,0.11090945754059932,0.09485449409722221,5.389874,0.5903661924748232,3.3113425925925896e-07,0.007695,0.00020686374514364294,-6.4171296296296315e-06,0.029722,0.0009446546661728413,0.001170519328703704,5.073587,0.10867832745037485,-0.0006078141203703698,5.028766,0.20633472846354303,-0.13174343483796297,9.88237,15.695732778245409,-0.0010648357638888889,5.142735,0.2158616848009126,266.0,3.0,8386.0,8641.0,248.0,0.028700381900243026,1.0,0.0001157273463719477,0.0,0.0
2022-08-08,0.014050668171296297,2.226447,0.10550510385656103,0.09858463043981482,5.437941,0.6049795605714131,-2.9421296296296284e-07,0.006089,0.00019081391642525737,1.3771875e-05,0.016098,0.0007716933325700076,0.00048126284722222243,5.078793,0.08801555867978697,0.0006189841435185178,5.148691,0.2097887734170093,0.189940653125,1431.67026,15.640528786325016,0.0011177811342592593,5.246599,0.20592950953806705,269.0,1.0,8383.0,8641.0,251.0,0.02904756393935887,1.0,0.0001157273463719477,0.0,0.0
2022-08-09,0.015213317708333332,2.298227,0.11599449325514496,0.09768760775462963,5.430891,0.6060038539032812,-2.4325231481481474e-06,0.002447,0.0001457545426233247,1.2303240740740838e-07,0.020006,0.0008339134551493204,-0.0005124760416666666,4.957024,0.05609594901304511,0.0011043130787037028,5.062604,0.20985289602772644,32.45180367233797,1436.813256,213.1560959813717,0.0002876791666666666,5.241129,0.20179512122423346,268.0,1.0,8384.0,8641.0,249.0,0.028816109246614974,1.0,0.0001157273463719477,0.0,0.0
2022-08-10,0.019115320833333335,2.703269,0.1477579645696996,0.09370935138888889,5.743645,0.5901425016831142,7.902777777777779e-07,0.004711,0.0001971035119390857,-1.3781250000000001e-05,0.022008,0.0008320576637751923,-0.0007744783564814816,2.689414,0.035568945283558584,-7.855243055555546e-05,5.098894,0.21042438827860985,-0.02049322916666666,13.6768,2.5536088732461937,-0.0009443792824074076,4.988357,0.2018908753463795,265.0,2.0,8387.0,8641.0,247.0,0.02858465455387108,2.0,0.0002314546927438954,0.0,0.0
2022-08-11,0.03445229293981482,3.488998,0.22826584312906173,0.10655998483796296,5.553941,0.6094278531866377,-4.980787037037036e-06,0.005039,0.0002909130802857747,6.715740740740743e-06,0.033488,0.0011682430703824503,0.00013412905092592572,5.055946,0.15478444481957657,-0.0008910164351851846,5.123329,0.2561714296767917,-16.74245999016203,1439.573865,307.482986356607,-0.0005511199074074069,5.43811,0.25299997848691813,339.0,0.0,8319.0,8641.0,309.0,0.035759750028931836,1.0,0.0001157273463719477,0.0,0.0
2022-08-12,0.037849374189814815,3.624866,0.24802263689949028,0.10706802314814813,5.503311,0.6049679250912033,-5.972222222222228e-07,0.008246,0.00038764699609245495,-1.68150462962963e-05,0.026838,0.0012011208405395442,-0.00023484537037037016,5.10038,0.16464218405630332,0.00043897592592592624,5.183915,0.26344852480392605,-3.686605211921295,1438.806273,307.44358805562126,-0.00012467789351851936,5.529987,0.2655283384107126,347.0,0.0,8311.0,8641.0,316.0,0.03656984145353547,1.0,0.0001157273463719477,0.0,0.0
2022-08-13,0.05136530046296296,3.84405,0.2993970864983248,0.12048136377314815,5.697501,0.6157310039694491,1.941550925925926e-06,0.006785,0.00041257899593075413,1.2851851851851872e-06,0.027659,0.0014182002961575153,-0.0005754979166666661,5.175064,0.1825337942279422,0.0010359336805555559,5.082385,0.29010912373406744,4.7478885797453705,1434.604802,83.29956778607023,-0.0010501857638888893,5.865313,0.28115938090758463,425.0,1.0,8239.0,8641.0,385.0,0.04455502835319986,2.0,0.0002314546927438954,0.0,0.0
2022-08-14,0.0525258724537037,3.555651,0.3037330499607695,0.12335594305555557,5.268746,0.6149878018476761,3.2731481481481476e-06,0.007842,0.0004135897779003394,-2.2679398148148166e-06,0.037526,0.0014003643243284487,-0.002630707407407407,5.040417,0.18174400259722465,0.0004912318287037035,5.197704,0.289230936930705,3.9126163525462965,1435.290896,77.03969091853678,-0.0010450497685185179,5.701882,0.2915302608437395,437.0,0.0,8227.0,8641.0,395.0,0.045712301816919335,1.0,0.0001157273463719477,0.0,0.0
2022-08-15,0.05195129849537038,3.732536,0.3029386376841127,0.12384565914351853,5.525101,0.6143740174391842,1.068055555555557e-06,0.005554,0.0003799801811537107,-9.320138888888887e-06,0.023733,0.001222026179028607,0.0007174356481481483,5.08663,0.1769781490079029,-0.0006491749999999996,5.089533,0.27360020028710597,-12.52782278414352,1439.996384,342.9289034424174,0.0023496840277777782,6.201927,0.2593671044011113,438.0,0.0,8226.0,8641.0,394.0,0.045596574470547394,1.0,0.0001157273463719477,0.0,0.0
2022-08-16,0.04552075185185186,3.492203,0.2831884816043234,0.11310750821759258,5.712241,0.5875765080575814,6.244328703703702e-06,0.007973,0.0003885537484325819,6.93657407407407e-06,0.029674,0.0012203901404185139,-0.0002526099537037036,5.080691,0.16544125341765045,-0.0003829694444444443,5.315955,0.2754680280691669,70.7933737724537,1439.95093,330.93895548054394,-0.0019816687500000003,5.948999,0.2747524903443473,395.0,0.0,8266.0,8641.0,360.0,0.04166184469390117,1.0,0.0001157273463719477,0.0,0.0
2022-08-17,0.04251910752314815,3.541551,0.2700510993716395,0.11361013171296296,5.182867,0.5935963094110854,4.542129629629629e-06,0.010493,0.0003641610729216725,3.880555555555556e-06,0.026786,0.0012345177977377566,-0.0007497156249999996,5.054724,0.17267497543694105,0.0007702598379629629,5.111395,0.27552632346727324,0.4701588190972222,1433.125215,26.80125538327245,4.4613310185184465e-05,6.478464,0.2787291862100691,389.0,0.0,8272.0,8641.0,354.0,0.04096748061566948,1.0,0.0001157273463719477,0.0,0.0
2022-08-18,0.051084325379444226,3.527131,0.2809813475126355,0.16494591398729302,4.870113,0.7194629546885913,-2.4882396354768317e-06,0.009426,0.00046359163962230056,2.7069691791811066e-05,0.027275,0.0014760949491931024,-0.0018083440869272234,2.611634,0.11537612159767516,0.003125375136375303,3.0713055000000002,0.30410085108195434,8.239293760444745,715.016434,73.98919925175419,0.003297031530772687,5.927417,0.28641314679865226,218.0,1.5,4113.5,4320.5,199.5,0.05660218471342206,2.5,0.00032080071859360963,0.0,0.0
2022-08-19,0.04683925280703786,3.7069,0.27265513346201103,0.14937573260794076,5.977569,0.7014984977006302,3.63479569394606e-06,0.009619,0.0004303587449032541,2.0537330709572876e-05,0.050019,0.001772902555455434,-0.00046014203032758395,5.140815,0.17559969039818782,0.00041171547632827836,5.130312,0.29544379360706824,3.6551833934483153,1433.465477,72.25322359625386,0.00016584002778099294,5.34562,0.29114094319602085,480.0,0.0,8183.0,8640.0,439.0,0.05081018518518519,1.0,0.00011574074074074075,0.0,0.0
2022-08-20,0.0367374850098391,3.722282,0.22410112754144668,0.15801678770691052,5.226447,0.7376211797082198,-5.504340780182892e-06,0.007422,0.00040946322725501694,-7.99733765482116e-06,0.022319,0.001235469095323236,0.0002319423544391714,5.018725,0.11054223216341023,-0.0006407989350619295,5.176692,0.29273620493289315,0.12780215418451207,11.015586,2.618705033502913,0.001149301771038315,6.885054,0.2797556129671141,465.0,0.0,8195.0,8640.0,428.0,0.04953703703703704,1.0,0.00011574074074074075,0.0,0.0
2022-08-21,0.03436862025462963,3.481307,0.20824803622666066,0.15619733472222222,5.549455,0.7416192382862188,-7.260416666666674e-07,0.011605,0.00037961703192767584,-1.5880787037037033e-06,0.030205,0.0012639641849869598,-0.0001552584490740742,5.039524,0.1152104623721702,-3.931134259259267e-05,5.110571,0.2573174063980288,5.062096852199074,1439.995847,84.37003588845498,-0.0003479892361111116,5.166905,0.2468135708432906,458.0,0.0,8203.0,8641.0,422.0,0.04883694016896192,1.0,0.0001157273463719477,0.0,0.0
2022-08-22,0.03260039108796296,3.322367,0.2138570701168699,0.1408953008101852,5.388592,0.7026817311480764,-4.34837962962963e-06,0.006013,0.0003508968895328689,1.2565277777777777e-05,0.028975,0.001052877615380572,0.0005562534722222222,5.041251,0.10998315127826798,-0.0003215572916666665,5.023965,0.2741928912808173,14.980653718055553,1436.145331,147.2776885902555,-0.0006269950231481483,6.275424,0.2619602540804286,412.0,0.0,8246.0,8641.0,382.0,0.04420784631408402,1.0,0.0001157273463719477,0.0,0.0
2022-08-23,0.030260998148148147,3.416578,0.18477710753654192,0.15782485162037038,5.650716,0.7503319081363284,-2.2262731481481484e-06,0.005364,0.0002979611438204012,-6.406365740740738e-06,0.02283,0.0012413012626519824,-0.0005328523148148147,5.014676,0.11746774030819682,0.0007506284722222225,5.069818,0.26577657457675363,11.889307568634258,1436.139946,129.51202631536094,0.0009317142361111117,5.481199,0.263705529572207,458.0,0.0,8203.0,8641.0,422.0,0.04883694016896192,1.0,0.0001157273463719477,0.0,0.0
2022-08-24,0.05691848287037037,3.75753,0.3039590390494357,0.1789226244212963,5.324503,0.769335200402455,4.3675925925925924e-06,0.009268,0.0004539690036712181,-2.2640277777777783e-05,0.030173,0.001526155118590101,-0.0013929009259259259,4.983994,0.1609768460694663,0.00044117650462963007,5.183624,0.3167594239719572,0.9774029927083333,1432.548151,43.68859031354228,0.0014289601851851853,5.972641,0.2934422631373671,565.0,0.0,8102.0,8641.0,520.0,0.0601782201134128,1.0,0.0001157273463719477,0.0,0.0
2022-08-25,0.03344185428240741,3.61333,0.22532827420809257,0.10973357256944444,5.529588,0.6124427963670984,2.1178240740740745e-06,0.00731,0.0003105559216049951,-4.554282407407409e-06,0.020957,0.0011881974945652605,-0.00041734594907407433,5.115992,0.13583301056772612,0.0018633766203703717,5.109948,0.23974032274630971,10.502323271180556,1436.170577,122.07852663196174,-0.0007805954861111109,5.682682,0.23643182236515822,349.0,0.0,8309.0,8641.0,318.0,0.03680129614627937,1.0,0.0001157273463719477,0.0,0.0
2022-08-26,0.06528875671296297,3.787652,0.32583441649138006,0.18403512060185184,5.542405,0.7718331292260862,1.0475462962962963e-05,0.007208,0.0005149345614664821,1.0983333333333335e-05,0.032398,0.001752619956477059,0.0007176184027777781,5.096874,0.15377229683480756,-0.00045422222222222326,5.178752,0.30141957304559097,88.17913903368056,1439.405038,344.4113278079076,-0.0004791393518518523,6.246017,0.27822973219262465,603.0,0.0,8067.0,8641.0,550.0,0.06365004050457124,1.0,0.0001157273463719477,0.0,0.0
2022-08-27,0.04728289884259259,3.660115,0.27448234086088585,0.14740202708333336,5.323222,0.6941780624607803,-1.3027777777777785e-06,0.009552,0.000465408927047294,1.8600694444444438e-06,0.045573,0.0016781964692075804,-0.0007094140046296295,5.063278,0.16534351329119798,0.0009659228009259259,5.203066,0.2976284698757148,-43.41829113958333,1439.972054,362.8879391216449,0.0021191917824074074,6.662603,0.28513475142425937,474.0,0.0,8191.0,8641.0,432.0,0.0499942136326814,1.0,0.0001157273463719477,0.0,0.0
2022-08-28,0.05070727812499999,3.53386,0.29012404813505965,0.1331783047453704,5.33668,0.6490998856947047,-9.43402777777778e-07,0.011765,0.00045420092426908833,2.7964699074074075e-05,0.037518,0.0014561292643745715,-0.0010702383101851855,4.969623,0.13522707320985292,0.0006036181712962965,5.228126,0.2615796204917963,-11.671326747800924,1439.996164,135.58825531280252,2.5756828703703633e-05,6.036594,0.2446185716910261,453.0,0.0,8212.0,8641.0,411.0,0.0475639393588705,1.0,0.0001157273463719477,0.0,0.0
2022-08-29,0.06936581759259258,3.749199,0.3420136194923523,0.18372609953703706,5.412946,0.757394918406878,2.470023148148148e-06,0.010077,0.0005494657184833289,-1.883240740740741e-05,0.038225,0.0019672626345593127,0.0010845793981481486,5.078004,0.19499902006508937,-0.00029393113425926006,5.38901,0.3471270965477525,-0.02443360856481481,12.553443,2.597823531058928,-0.001078142592592593,6.530979,0.33060087941996585,624.0,1.0,8049.0,8641.0,569.0,0.06584886008563824,2.0,0.0002314546927438954,0.0,0.0
2022-08-30,0.0444135875,3.542192,0.25459227337081886,0.16073940949074073,5.343089,0.7368426188229116,3.486342592592592e-06,0.010565,0.00044514175587193137,4.222800925925928e-06,0.018384,0.001578280620593474,0.00034607673611111164,5.129373,0.16346208383357438,-0.00013389467592592557,5.147576,0.3012737019156282,-0.11758851458333337,10.581406,15.700746213286054,0.00043454837962962877,5.7515,0.29106986956962355,500.0,0.0,8164.0,8641.0,457.0,0.052887397291980096,1.0,0.0001157273463719477,0.0,0.0
2022-08-31,0.06465668480148165,3.770989,0.3363906177717176,0.16981755272600993,5.402692,0.7305243234864042,1.1257784465794653e-05,0.010274,0.0005161136798287433,1.2791295288806573e-05,0.026962,0.0015450952271694116,0.0006726636184743608,5.034728,0.19512464397718335,-0.0019034314156731106,4.990338,0.3016024938231838,-0.3400083684454219,1428.903896,31.02685934456905,0.0006398957055214728,6.020546,0.29297339754073826,573.0,0.0,8093.0,8640.0,521.0,0.060300925925925924,1.0,0.00011574074074074075,0.0,0.0
2022-09-01,0.038964608519504576,3.657552,0.2343767204743516,0.16649634193772428,5.36552,0.753224104541393,-3.237180229193194e-06,0.00721,0.0004196085904563102,-2.3586063201759476e-06,0.034155,0.0013793136319492532,0.0002936600300960758,5.125824,0.13595490865769458,-0.0010183173978469736,5.122826,0.28350296705175076,8.5540332713277,1439.863059,113.32879529177342,-0.0005818534552610254,5.77289,0.2781894279915418,505.0,0.0,8158.0,8640.0,466.0,0.05393518518518518,1.0,0.00011574074074074075,0.0,0.0
2022-09-02,0.06378374603542077,3.82931,0.3238737994185787,0.18445175934714664,5.301431,0.76912601830396,4.870123856927885e-06,0.00934,0.0004906290024506545,-1.0809352934367405e-05,0.035658,0.0015521878361970853,-0.0019406298182660033,5.156463,0.16774127885007784,-1.5443801365898208e-05,5.195687,0.32628287491197694,11.513629648570435,1434.952879,127.60831010855142,-0.0014345604815372154,5.469927,0.3109742313791207,605.0,0.0,8065.0,8640.0,554.0,0.06412037037037037,1.0,0.00011574074074074075,0.0,0.0
2022-09-03,0.04443079560185185,3.480667,0.2565149332768151,0.16089770416666666,6.289682,0.7380786712355669,-9.217592592592583e-07,0.013231,0.00044233931969477145,1.0836805555555557e-05,0.023861,0.0012238935791092365,0.0004572281250000002,5.074774,0.1752249246433146,0.00017308969907407396,5.166611,0.2983600206119253,13.347601330902778,1436.314301,139.18118924816397,-0.00013691875000000064,6.786417,0.29404798606689814,494.0,0.0,8170.0,8641.0,453.0,0.052424487906492304,1.0,0.0001157273463719477,0.0,0.0
2022-09-04,0.06335153953003819,3.640248,0.3180091318050694,0.17612636196319018,5.79812,0.7537826643394284,1.3765482115985638e-06,0.009648,0.00047702480225775637,1.2021183007292508e-05,0.074594,0.0018240788863546358,0.0014495935872207433,5.098626,0.1867480551731545,0.0008292191225836329,5.216687,0.32842512163689896,6.6525077468457,1439.987969,97.62049099348833,-0.0011241014006250726,5.846973,0.31030916647007883,582.0,0.0,8087.0,8640.0,531.0,0.06145833333333333,1.0,0.00011574074074074075,0.0,0.0
2022-09-05,0.0625977422155342,3.63448,0.32283565374209955,0.17627955608287996,5.362316,0.7483922341818977,-1.0098506771617086e-05,0.007779,0.00046495396595509016,2.0929968746382686e-05,0.033824,0.0016808078930957082,0.0016776068989466373,5.150587,0.18897829942468417,0.0008522431994443804,5.256557,0.32088902688178245,-0.08770319932862604,220.793612,15.905329088179387,0.0018853104525986804,6.1994,0.3169169865907538,582.0,0.0,8087.0,8640.0,530.0,0.061342592592592594,1.0,0.00011574074074074075,0.0,0.0
2022-09-06,0.04708217638888889,3.441572,0.265349765565795,0.15984417013888888,5.571886,0.733271193369448,-2.671296296296295e-06,0.007944,0.0004324057445475887,-4.759722222222222e-06,0.025004,0.0012045935706574188,0.0010559630787037038,5.061492,0.15616076882247934,0.00023519398148148178,5.260559,0.29802147045040683,0.04450937604166673,1423.57537,21.942468654794155,0.00015827685185185249,5.503425,0.28960916876658077,500.0,0.0,8164.0,8641.0,458.0,0.053003124638352044,1.0,0.0001157273463719477,0.0,0.0
2022-09-07,0.0644616099537037,3.546678,0.3276646284758352,0.18272805034722223,5.395642,0.7568968254129861,-1.1085648148148151e-06,0.008413,0.000525314639141909,1.3506712962962955e-05,0.023963,0.00154697541056568,-9.928842592592581e-05,5.104384,0.181948990751939,0.0012221162037037042,5.146735,0.3228187471185206,43.980336218171296,1438.197369,248.29398311692236,-0.0011988878472222219,6.025051,0.30615458814180474,607.0,0.0,8063.0,8641.0,556.0,0.06434440458280291,1.0,0.0001157273463719477,0.0,0.0
2022-09-08,0.03672855972222223,3.667165,0.229443451200821,0.15514224189814815,5.968596,0.7258871672608819,-2.6097222222222213e-06,0.008839,0.00039552591728283463,-1.2158912037037035e-05,0.020704,0.0013036649375274014,0.0011997793981481483,5.047761,0.1859331832126535,-0.0013336300925925932,5.196215,0.28154381575119486,64.11748095613426,1439.890488,394.72158349565365,-0.0007092747685185191,6.726689,0.28621457407984907,473.0,0.0,8188.0,8641.0,436.0,0.050457123018169195,1.0,0.0001157273463719477,0.0,0.0
2022-09-09,0.055385468171296304,3.74984,0.2970834878269539,0.17625715023148147,5.349498,0.7545458720953395,-6.85416666666667e-07,0.01149,0.00045548404003440985,4.27013888888889e-06,0.026947,0.001457544477253158,-0.00018791018518518564,5.075719,0.17393091811711991,0.0011369880787037035,5.152048,0.31850826806949706,-35.13836262534723,1439.951567,302.7435599823004,-0.0008124521990740738,5.623594,0.30510935288862545,567.0,0.0,8100.0,8641.0,521.0,0.060293947459784746,1.0,0.0001157273463719477,0.0,0.0
2022-09-10,0.04226343117062165,3.3396714999999997,0.22033907007555664,0.2026990537892714,5.3478955,0.8125858922658229,3.3285010026737974e-06,0.011598,0.00042276360470161077,2.189339627896613e-05,0.025717999999999998,0.0012439631885116302,-0.0007475914452428698,5.0048835,0.11281251338745725,0.0011623062332887695,5.0752355,0.28059345141229763,0.02316006950479054,11.780190000000001,2.7109644093346343,-0.002599719731784759,5.933667,0.2773790526092979,228.5,0.0,4102.0,4320.5,210.5,0.06267136540005663,0.5,7.658140603461479e-05,0.0,0.0
2022-09-11,0.03866368888888889,3.683187,0.23694367084730222,0.1455826888888889,5.421918,0.7062371757765857,-3.0622685185185182e-06,0.006359,0.0003811907110635398,6.344675925925927e-06,0.024594,0.001195623400507678,-0.0012830692129629625,5.084862,0.11214288535270767,0.0014082568287037036,5.076789,0.2500352756240939,0.17200951990740743,1436.796502,15.6342528689788,-0.0013022594907407413,5.482457,0.2306827429946181,441.0,0.0,8217.0,8641.0,407.0,0.04710102997338271,1.0,0.0001157273463719477,0.0,0.0
2022-09-12,0.035573031944444444,3.437727,0.21652066665396622,0.1572358861111111,5.563555,0.7435004559267737,2.4179398148148148e-06,0.009082,0.00038631003837367826,-3.55332175925926e-05,0.029396,0.0014728910792448971,-0.001083415625,5.035237,0.08413386079148673,-0.0005208261574074076,5.148095,0.2677962739464959,0.18510666018518515,1439.993389,15.999942148246742,0.0019206396990740745,6.569174,0.24784795988097874,459.0,0.0,8202.0,8641.0,424.0,0.04906839486170582,1.0,0.0001157273463719477,0.0,0.0
2022-09-13,0.024939762009491842,3.908139,0.17607589692866585,0.10924626287764788,5.662252,0.6270397500855728,-6.507929158467416e-06,0.00545,0.00034312709953815727,4.693483042018754e-06,0.032882,0.0012646664594155367,-0.0007062288459312422,5.05868,0.09508923376903261,0.0005997908322722535,5.092235,0.2233688766887073,-23.92744996596829,1439.614193,385.3378977057259,0.00046208206968399105,4.990056,0.20414548825675272,325.0,1.0,8329.0,8640.0,301.0,0.034837962962962966,2.0,0.0002314814814814815,0.0,0.0
2022-09-14,0.044599843981481486,3.508225,0.2629988133341449,0.14595082824074074,5.345012,0.7008802978546067,2.038194444444438e-07,0.008256,0.0004434017179345324,-9.219907407407425e-07,0.029062,0.0012024774604929632,-0.0006592878472222222,5.044722,0.13504844454170875,0.0009943370370370372,5.184337,0.28172901727575383,-8.478111523495366,1439.611101,309.19477078419385,0.0009747844907407414,6.404659,0.2628540780070909,456.0,1.0,8205.0,8641.0,422.0,0.04883694016896192,2.0,0.0002314546927438954,0.0,0.0
2022-09-15,0.042362825095497166,3.629353,0.24428774253574617,0.16238431184164837,5.61034,0.7493374593196541,-1.353397383956477e-06,0.009501,0.00045499586696277276,1.3918277578423448e-06,0.022154,0.0013071963565208533,-0.00014873619631901804,5.038104,0.15140923094270684,-0.00012566477601574187,5.216393,0.29997600284745846,13.158162583053596,1436.042731,136.5483222232812,-0.000993564532932053,5.507092,0.2969325023995033,495.0,0.0,8168.0,8640.0,455.0,0.052662037037037035,1.0,0.00011574074074074075,0.0,0.0
2022-09-16,0.07496350225720569,4.004273,0.3554425205561073,0.1892791596249566,5.441145,0.7687969567855302,4.358490566037737e-06,0.008007,0.0005492053982183054,-4.904039819423542e-06,0.024921,0.0016345835738794184,0.00019878377126982287,5.031106,0.18895119739144497,-0.003010728209283481,5.151754,0.3250204233644075,27.557439047459194,1437.059843,197.66149020938983,0.0016148438476675541,5.813185,0.31066800232292546,646.0,0.0,8026.0,8640.0,588.0,0.06805555555555555,1.0,0.00011574074074074075,0.0,0.0
2022-09-17,0.051382214814814815,3.787011,0.2903740073583659,0.15747488379629632,5.820551,0.7071824994513672,1.3059027777777775e-06,0.006823,0.0004350341316955799,9.187847222222218e-06,0.023524,0.0014794752463386336,0.00019594085648148106,5.025065,0.18141609472080406,0.00036962048611111087,5.112065,0.2979471054790334,36.415480924305555,1436.963445,225.7335559752479,-0.000828254861111111,5.927885,0.292075005961681,521.0,0.0,8144.0,8641.0,476.0,0.0550862168730471,1.0,0.0001157273463719477,0.0,0.0
2022-09-18,0.08240891098506771,3.629994,0.37789991375804227,0.19519997985877993,5.397565,0.7661414306438237,1.3275842111355473e-06,0.007989,0.000551439887597724,-2.0996990392406527e-05,0.025774,0.0017341286165682322,-0.0007358068063433258,5.0722,0.2226913154840771,-0.0001259775436971864,5.216266,0.3608921854788637,56.19265474464636,1439.997388,407.929502452378,-0.0007233511980553308,5.868353,0.3477789438239281,689.0,0.0,7986.0,8640.0,628.0,0.07268518518518519,1.0,0.00011574074074074075,0.0,0.0
2022-09-19,0.06829841087962962,3.567827,0.34018536220053014,0.18355022708333335,5.325785,0.7490795029327378,-7.406249999999993e-07,0.010389,0.0005306705758467534,-2.5762268518518518e-05,0.033026,0.0017134537916203062,0.00042786898148148206,5.099134,0.2041801155065737,0.0021173291666666664,5.218433,0.3437908217697214,49.33702949791666,1438.745987,261.2131479241899,0.0009512883101851853,6.712081,0.3309296987669379,622.0,1.0,8051.0,8641.0,568.0,0.06573313273926629,1.0,0.0001157273463719477,0.0,0.0
2022-09-20,0.062039657754629635,3.681265,0.32814440187080784,0.15542455891203705,5.164281,0.6869740287901233,-1.2430555555555552e-06,0.009925,0.00046324980161820833,-1.1480555555555552e-05,0.041334,0.0016181130298511053,0.0002599921296296299,5.037249,0.19550857171454175,-0.00016650358796296345,5.140626,0.31870418880613227,104.76907938206018,1439.999737,391.77078314144154,0.0009609988425925929,6.721104,0.3029880986124742,542.0,0.0,8128.0,8641.0,491.0,0.05682212706862631,1.0,0.0001157273463719477,0.0,0.0
2022-09-21,0.06283505833333333,3.720359,0.3254101027263864,0.17760932118055556,6.197394,0.7442070118065619,-6.433333333333334e-06,0.009813,0.00047308280108505994,7.202314814814818e-06,0.023931,0.0014932300571290301,-0.0017120910879629633,5.14775,0.15663000041340455,-0.0010412761574074068,5.147983,0.3093744807360273,5.929015210416667,1439.9959,92.71971746611302,0.0010616861111111108,6.4503,0.2824647041676835,587.0,0.0,8083.0,8641.0,534.0,0.06179840296262007,1.0,0.0001157273463719477,0.0,0.0
2022-09-22,0.03496248136574074,3.273019,0.21392547722743624,0.1523884236111111,5.565477,0.7256345121559972,4.591087962962962e-06,0.007406,0.00040413723936713494,-1.563402777777778e-05,0.02627,0.0012580183569631579,-0.0005434189814814815,5.093702,0.14803729250466655,-0.0004450267361111109,5.111905,0.2821050831174283,0.12040426412037043,1439.996505,15.710260373906959,-0.002166955902777778,5.996519,0.2893420203447787,453.0,0.0,8208.0,8641.0,417.0,0.04825830343710219,1.0,0.0001157273463719477,0.0,0.0
2022-09-23,0.040652668518518516,3.622944,0.2502808095289283,0.1477202457175926,5.177099,0.7017131732681072,-2.7209490740740726e-06,0.00752,0.00040023020551974034,3.1263888888888876e-06,0.029839,0.0014705231297160554,-0.0014897017361111115,4.972815,0.0668233855793582,-0.00011833761574074023,5.121393,0.2823045572879223,1.1770116137731483,1438.031785,40.823120281473,0.0016719994212962962,5.066949,0.2491977781596866,458.0,0.0,8203.0,8641.0,422.0,0.04883694016896192,1.0,0.0001157273463719477,0.0,0.0
2022-09-24,0.019385548263888885,2.187994,0.1225264175963806,0.15179604594907406,5.668661,0.7390121361216438,-6.193402777777779e-06,0.00643,0.00031929819547633464,-1.5709490740740743e-05,0.023897,0.0010998255100965226,-0.0003296655092592592,5.017185,0.08171042019271796,-9.186689814814774e-05,5.140907,0.2611134031132741,2.62434611400463,1433.24706,69.3828559538594,-0.0002459245370370368,5.140907,0.2505666393387908,421.0,0.0,8237.0,8641.0,389.0,0.045017937738687654,1.0,0.0001157273463719477,0.0,0.0
2022-09-25,0.04289206308600532,3.701773,0.25045318137165107,0.17351792591735155,5.530869,0.7722937898910811,-1.709688621368213e-07,0.010101,0.0004482322876174452,-1.3097349230234981e-05,0.032393,0.0013345301318217347,-0.0008500860053246903,4.964004,0.11344816339567065,0.0006487474244704246,5.097241,0.2849536108355344,5.007267459659683,1439.993759,89.0002602322374,0.0011116951035999535,5.559428,0.26734136896130567,524.0,0.0,8139.0,8640.0,484.0,0.056018518518518516,1.0,0.00011574074074074075,0.0,0.0
2022-09-26,0.02355992835648148,2.578295,0.1490456976172861,0.1496249622685185,5.626362,0.737527035060721,4.861689814814815e-06,0.005309,0.000267891627835408,1.8211458333333335e-05,0.024358,0.0011100731249378563,-0.0012717932870370374,4.96075,0.05726681732471058,0.0004259518518518513,5.039903,0.23457880837281014,47.343786461111115,1439.996189,255.9769456797294,-0.0003825670138888885,5.039903,0.22647246200421095,418.0,0.0,8240.0,8641.0,387.0,0.04478648304594376,2.0,0.0002314546927438954,0.0,0.0
2022-09-27,0.051822451736111115,3.529374,0.2764426443210155,0.17372000289351852,5.403333,0.7711123325986723,-4.290162037037037e-06,0.011031,0.000508564601708442,-1.6558101851851856e-05,0.045473,0.0016188253853625216,-0.0007571732638888888,5.111619,0.16502757108983793,0.0012609846064814813,5.139302,0.31765096690812866,23.6767402375,1436.313917,182.41417282848548,-0.0003970583333333337,5.392496,0.30220083994774666,545.0,0.0,8122.0,8641.0,499.0,0.0577479458396019,1.0,0.0001157273463719477,0.0,0.0
2022-09-28,0.05370773310185185,3.599231,0.2872114493924476,0.17458587118055555,5.953856,0.7676803034998702,1.8969907407407567e-07,0.00929,0.0005066943104217997,-1.3431712962962967e-05,0.023025,0.00153080155296902,-0.00048512280092592616,5.073682,0.1172495633913168,0.0024794466435185186,5.109729,0.29146361881619703,26.85025146597222,1436.659825,194.03452961499303,0.0012464702546296298,5.643697,0.25975740778349565,540.0,0.0,8123.0,8641.0,499.0,0.0577479458396019,1.0,0.0001157273463719477,0.0,0.0
2022-09-29,0.04617610486111111,3.636402,0.2604935386521476,0.16187038634259257,5.493057,0.7474003063416023,5.943518518518518e-06,0.012418,0.0004862129307791388,-6.877314814814816e-06,0.041917,0.0013610971302010794,0.000646871990740741,5.132696,0.1654198776706024,0.00028959861111111057,5.236184,0.30266360451944935,27.971358232060183,1436.786451,198.37246499554905,-0.00016435717592592583,5.793436,0.2963215790607915,497.0,0.0,8167.0,8641.0,457.0,0.052887397291980096,1.0,0.0001157273463719477,0.0,0.0
2022-09-30,0.07469394583333333,3.671651,0.35434254742785365,0.18689679305555557,6.08652,0.7628034228480279,-6.1119212962962956e-06,0.008083,0.0005722456213348858,-4.4004629629629465e-07,0.029847,0.0016123639055512643,-0.002144253356481482,5.083333,0.18244112408514654,4.721319444444384e-05,5.09422,0.3321341373630573,-73.87484801192129,1439.615485,389.623169646309,-0.0006652807870370372,6.085665,0.3118273237504238,641.0,0.0,8032.0,8641.0,583.0,0.0674690429348455,1.0,0.0001157273463719477,0.0,0.0
2022-10-01,0.05194180393518519,3.563341,0.28317673049017045,0.16503900196759258,5.377697,0.7335821387607097,2.313194444444445e-06,0.013137,0.00048771775088211065,9.509374999999997e-06,0.033258,0.0014269356957175756,-0.00045363067129629633,5.041827,0.21341633748262256,0.002749523032407407,5.075959,0.3188355628678092,7.911091000925926,1434.309425,106.86060381620939,-0.0013508847222222231,6.305656,0.3118112696412295,540.0,0.0,8127.0,8641.0,494.0,0.05716930910774216,1.0,0.0001157273463719477,0.0,0.0
2022-10-02,0.08130934189814816,3.646016,0.374020056051769,0.19372500219907404,5.404614,0.765624120741361,5.465624999999999e-06,0.014345,0.0005776287305157515,1.8028819444444443e-05,0.033125,0.001821077355201956,-0.001139207523148148,5.156073,0.23252018633882102,-0.0009275300925925928,5.128391,0.35588871467451105,-31.499594504976844,1439.83599,374.6207602149397,-6.89665509259258e-05,6.196109,0.35401597742839314,684.0,0.0,7993.0,8641.0,619.0,0.07163522740423563,1.0,0.0001157273463719477,0.0,0.0
2022-10-03,0.05757112542000882,3.44702,0.29689582713157103,0.1791617077549078,5.3100830000000006,0.7510438440304179,-2.6159541215852506e-06,0.0050644999999999996,0.0004626001626443517,4.349889325916942e-06,0.0288875,0.0012906568805850977,0.0002505402241532905,5.0635975,0.1729271159378804,0.0006005896594588185,5.1056835,0.31851643568282584,-0.051493110045012544,15.535069499999999,2.4522024931466913,0.0011706529588545,5.3416879999999995,0.30817451218429315,272.0,0.0,4061.5,4320.5,249.0,0.06144300967347778,0.5,9.493070058857034e-05,0.0,0.0
2022-10-04,0.05615935636574074,3.710105,0.31049652954232065,0.1394810423611111,6.140355,0.6508069202801346,-8.946759259259256e-07,0.008631,0.00047722103714686664,-1.3749305555555553e-05,0.041932,0.001689169680189862,-0.000598046296296296,5.084014,0.22563498461052606,0.0016112159722222205,5.126688,0.32724966953703094,0.02683632465277778,11.058636,2.442078129814287,-0.0001724619212962972,6.740783,0.32825626481992654,494.0,0.0,8173.0,8641.0,448.0,0.051845851174632564,1.0,0.0001157273463719477,0.0,0.0
2022-10-05,0.05207747430555556,3.567186,0.2857171969260085,0.1690441128472222,5.507797,0.7356021454023942,5.774305555555547e-07,0.007961,0.00046597985389799413,-2.0818055555555558e-05,0.027526,0.0013803021873796924,-0.0007063576388888886,5.060401,0.16482409735668963,0.0032741673611111116,5.090095,0.30239542810621134,0.30139432719907405,1430.020444,15.706849837627574,-0.0007675197916666669,6.604733,0.291304550353279,546.0,0.0,8121.0,8641.0,499.0,0.0577479458396019,1.0,0.0001157273463719477,0.0,0.0
2022-10-06,0.04957429814814814,3.612049,0.27206580300945826,0.1714275650462963,6.344157,0.7555012262813572,-1.5525462962962965e-06,0.006905,0.00039934709275423353,2.385636574074074e-05,0.038101,0.0013918909418894458,-0.00012068854166666612,5.101472,0.16778188371173297,0.0006870240740740747,5.073882,0.30104629197019006,65.60794695856481,1438.178102,300.44883609566176,-0.0007774107638888893,6.156445,0.29273433394606696,538.0,0.0,8129.0,8641.0,493.0,0.05705358176137021,1.0,0.0001157273463719477,0.0,0.0
2022-10-07,0.04640635081018519,3.622303,0.2715584292363787,0.1468178099537037,6.381329,0.6949807864892222,2.326273148148148e-06,0.006059,0.00042571046670556356,1.6241435185185186e-05,0.039099,0.001250100355567115,-0.00193494837962963,5.155094,0.13615348168194294,-0.0006012668981481486,5.10262,0.2754425380186205,6.834210367824074,1435.163303,98.5500924818726,0.0016785863425925933,6.022211,0.25999819779543054,470.0,0.0,8191.0,8641.0,435.0,0.05034139567179725,1.0,0.0001157273463719477,0.0,0.0
2022-10-08,0.03272612141203704,3.239692,0.20253090149756942,0.15657697118055555,5.573809,0.7446356011381454,1.9252314814814827e-06,0.011102,0.00038214792388975355,-5.756828703703703e-06,0.030936,0.0012306458503352864,-0.0024440337962962967,4.982684,0.0897462923709846,0.000211982870370371,5.031554,0.25561553871193526,41.03385943738425,1437.922528,238.8919333037108,0.00035554050925925955,6.404109,0.2454112204805742,452.0,0.0,8209.0,8641.0,414.0,0.047911121397986346,1.0,0.0001157273463719477,0.0,0.0
2022-10-09,0.058704781919203614,3.643452,0.3057336200968709,0.1750276004167149,5.782739,0.758678923476596,-1.051742099780068e-06,0.011522,0.0004867204845066125,-3.669058918856346e-06,0.038537,0.0014843528868070056,-0.00040335571246672086,5.078404,0.18861353478033271,0.00011441185322375162,5.091507,0.3092397159926584,58.22027560053246,1437.976479,282.7073109016093,0.0013947583053594158,5.493379,0.30174562591025866,558.0,0.0,8108.0,8640.0,511.0,0.05914351851851852,1.0,0.00011574074074074075,0.0,0.0
2022-10-10,0.034221899652777776,3.722282,0.2150123128833059,0.14977754317129632,5.799402,0.718107552002626,-3.7905092592592514e-07,0.011463,0.0003703687724685879,9.208333333333331e-06,0.029859,0.0011336284044169169,-0.001150390046296296,5.018066,0.09303608204970697,-0.0002947586805555556,5.06523,0.2516043471146844,13.325394814120376,1439.996784,375.9642930512918,0.0009663631944444448,5.665731,0.23309575668607196,448.0,0.0,8211.0,8641.0,415.0,0.048026848744358294,1.0,0.0001157273463719477,0.0,0.0
2022-10-11,0.06230736284722222,3.74984,0.31903978759113166,0.18295703229166665,5.496261,0.7710374850311206,1.323275462962963e-05,0.012035,0.0005328567172878183,-1.9219328703703704e-05,0.030989,0.0017923166126104354,0.00045507268518518517,5.022728,0.1827530829416172,0.0018329041666666668,5.088826,0.33653945669427854,-57.343597583680555,1439.803548,376.3488486413978,0.0009302785879629617,5.81025,0.3234476187846169,603.0,0.0,8067.0,8641.0,553.0,0.06399722254368707,1.0,0.0001157273463719477,0.0,0.0
2022-10-12,0.04885799050816067,3.626789,0.2745965768431885,0.17369701041787242,5.442427,0.7607868607541179,-2.5333950688737124e-06,0.010132,0.0004553717232738929,1.9117837712698224e-05,0.02612,0.0015044188545216988,-0.0009147447621252462,5.07084,0.16341843118092908,-0.0009445127908322721,5.062965,0.3059061268131665,-18.68357657506656,1439.799568,319.1769142395511,0.001006104062970251,5.86362,0.29523115863536536,544.0,0.0,8122.0,8640.0,498.0,0.05763888888888889,1.0,0.00011574074074074075,0.0,0.0
2022-10-13,0.044956265972222215,3.509507,0.2651881940644521,0.14739231041666667,5.525742,0.697835910098381,3.285532407407407e-06,0.010669,0.000499384532021201,-2.049513888888889e-05,0.030453,0.0012971039650397163,0.001279997916666667,5.075545,0.18888160716897634,0.0013876922453703708,5.159978,0.3090782323217602,-7.352990060069446,1439.292725,249.01745164932612,-0.0009289386574074076,6.405564,0.3094280116650094,474.0,0.0,8190.0,8641.0,434.0,0.0502256683254253,1.0,0.0001157273463719477,0.0,0.0
2022-10-14,0.055260627893518516,3.585772,0.2952200581013396,0.17338056863425924,5.541124,0.7509299802232323,-3.849074074074074e-06,0.007598,0.00046845090772148725,1.0225694444444408e-06,0.078098,0.0017559926661623727,0.0006424729166666663,5.066942,0.12709150391589824,-0.00028997337962962945,5.102483,0.3056084581693583,4.176263844212966,1439.714042,202.0680777689147,0.0007439987268518524,6.632221,0.27685372446504203,556.0,0.0,8111.0,8641.0,511.0,0.05913667399606527,1.0,0.0001157273463719477,0.0,0.0
2022-10-15,0.03545664780092593,3.5768,0.21374619705674427,0.15602450243055555,5.63213,0.7431325635094347,-7.0057870370370376e-06,0.006627,0.00041189933325683946,1.7102662037037035e-05,0.031479,0.0012653610006049358,-0.0008853119212962967,4.975057,0.12887062666246157,-0.0018034605324074079,5.135849,0.2660957860817148,-0.16848139097222217,8.79189,15.6652404377523,0.00022268402777777749,6.441209,0.26031327760706363,455.0,0.0,8206.0,8641.0,420.0,0.04860548547621803,1.0,0.0001157273463719477,0.0,0.0
2022-10-16,0.043821209143518516,3.476821,0.2596674970136641,0.1458451271990741,5.773125,0.6986903728431594,-1.6896990740740732e-06,0.006409,0.0004182365360680916,-1.3914351851851853e-05,0.039398,0.001340231138600953,0.0002830430555555555,5.028763,0.13494514864851528,0.0014050674768518515,5.157755,0.28580894527711864,0.26229844432870375,1429.350588,31.836721966377173,-6.629444444444446e-05,5.376065,0.26680047188687167,454.0,0.0,8207.0,8641.0,419.0,0.04848975812984608,1.0,0.0001157273463719477,0.0,0.0
2022-10-17,0.032387356134259256,3.692801,0.2052717985885875,0.15730449907407407,5.732109,0.745955055559359,1.989814814814814e-06,0.007559,0.00036318385425643224,-5.815046296296296e-06,0.031056,0.0013421260851996031,0.0004222965277777776,5.125848,0.1389833356283105,-9.02128472222212e-05,5.121749,0.29454784998532124,-35.55200990613426,1439.880751,432.3631229007845,0.00014649166666666605,5.539959,0.2894004976289365,457.0,0.0,8204.0,8641.0,422.0,0.04883694016896192,1.0,0.0001157273463719477,0.0,0.0
2022-10-18,0.06299194097222222,3.939543,0.3206355459063326,0.18311777569444443,5.871181,0.7722393769740579,9.080787037037035e-06,0.012892,0.0005247207049668746,-1.1665509259259232e-06,0.034287,0.0017033943641794132,0.0005444864583333333,5.136385,0.17422317536457665,-0.0004934552083333336,5.121285,0.318001804008917,27.363651228819442,1437.612868,195.92992264228008,0.0019226567129629628,5.079575,0.2953618834729457,595.0,0.0,8072.0,8641.0,545.0,0.06307140377271149,1.0,0.0001157273463719477,0.0,0.0
2022-10-19,0.04318647777777778,3.690878,0.2521837013746945,0.1628846818287037,5.907071,0.745769177333352,-3.1148148148148147e-06,0.01042,0.00045879278447713854,-4.536921296296299e-06,0.023622,0.0012281382266145636,-0.00013705289351851848,5.0431,0.1484308884552422,-0.0003364096064814806,5.014142,0.2947824344439189,0.13872475625000005,1439.990587,15.690040922467382,0.0010172961805555555,5.540989,0.28751120491887144,502.0,0.0,8162.0,8641.0,462.0,0.053466034023839835,1.0,0.0001157273463719477,0.0,0.0
2022-10-20,0.06341096655092592,3.651784,0.3186503069800278,0.18018036863425924,6.003845,0.7685638450069088,2.566666666666667e-06,0.009621,0.0005351981649563635,-1.7642013888888888e-05,0.02799,0.0020101576071245852,0.000896869560185186,5.03424,0.21638514779350412,-0.0016073449074074078,5.089214,0.3433192931673743,0.23354823321759252,1426.938243,34.493533312725575,-0.0004573041666666675,5.649778,0.3304818073658978,591.0,0.0,8079.0,8641.0,539.0,0.0623770396944798,1.0,0.0001157273463719477,0.0,0.0
2022-10-21,0.06845462673611112,3.618458,0.33957973467944136,0.17557168275462964,5.53856,0.7353902224154658,-1.540509259259259e-06,0.011806,0.0005858019068241973,-1.8949189814814814e-05,0.07246,0.0019687695682833305,-0.0009138427083333331,5.065749,0.18960686528374687,-8.251030092592548e-05,5.097778,0.3112575539278116,36.59333679456019,1439.98357,422.35158133856527,-0.0005312604166666671,6.058261,0.290784283033373,602.0,0.0,8065.0,8641.0,556.0,0.06434440458280291,1.0,0.0001157273463719477,0.0,0.0
2022-10-22,0.0543036724537037,3.489639,0.2924145568568732,0.16851619502314816,5.730186,0.7484653103117193,-5.465046296296296e-06,0.013826,0.000511472979769131,2.366631944444444e-05,0.026995,0.0013790747109348228,0.0010791854166666672,5.084207,0.16782289741984363,-0.00048340254629629663,5.128308,0.3078654265505641,20.85617135150463,1436.476918,172.18331636281803,-0.00046916689814814833,5.939735,0.2992748607573258,542.0,0.0,8125.0,8641.0,495.0,0.057285036454114105,1.0,0.0001157273463719477,0.0,0.0
2022-10-23,0.08047875031832388,3.59859,0.37297788408639937,0.19696270158583168,5.591754,0.7729195237184864,3.1338117837712705e-06,0.008525,0.0005411551029849371,-6.333371918046072e-06,0.027927,0.0017518920931996437,-0.0005215345526102561,5.071322,0.18263476254509542,-0.00015437261257089958,5.064203,0.3545421168017183,63.296704501794196,1438.979576,295.05889233914365,0.0014443693714550304,6.257991,0.33107174404307954,680.0,0.0,7995.0,8640.0,620.0,0.07175925925925926,1.0,0.00011574074074074075,0.0,0.0
2022-10-24,0.043743992939814826,3.531938,0.25970086381152846,0.15398233761574073,5.30015,0.7129750320003188,-3.5309027777777776e-06,0.008201,0.0004888069370987586,-1.6814814814814802e-06,0.032866,0.0012586653053538027,-0.00016551041666666702,5.121486,0.17198894141249707,6.143506944444506e-05,5.152579,0.31594526535430983,93.16354397002314,1439.996905,357.6154081549054,-0.001415941666666666,6.37583,0.3072891974043913,491.0,0.0,8173.0,8641.0,450.0,0.05207730586737646,1.0,0.0001157273463719477,0.0,0.0
2022-10-25,0.07216102627314813,3.661397,0.3503762647090982,0.18729490011574076,5.473189,0.7596251454423018,2.7505787037037034e-06,0.010444,0.0005764978031516462,4.22673611111111e-06,0.038847,0.001689188928554048,0.0012216438657407407,5.107752,0.19916999229627375,-0.004025727083333333,5.077334,0.3345475652833565,47.85576013125001,1439.999988,421.1562330827121,0.00045356793981481504,6.66054,0.3183587047899288,640.0,0.0,8034.0,8641.0,581.0,0.0672375882421016,1.0,0.0001157273463719477,0.0,0.0
2022-10-26,0.05590617000017885,3.399594,0.2909151544651401,0.18511929898591906,5.692053,0.7663436070140188,5.883547466887714e-06,0.007454,0.00046012102833681225,-1.7720281414304958e-05,0.0230915,0.0013059209860876479,-0.0010514489152115593,5.055966,0.15633534030097024,0.000245339597746239,5.099605,0.2949403210824577,-48.54660963748493,1438.1748695,293.1219418268286,0.00014978882517828853,5.303528,0.27779994367954264,288.0,0.0,4044.0,4320.5,265.0,0.06225106279806627,1.0,0.00023267977629566904,0.0,0.0
2022-10-27,0.05885561319444445,3.567827,0.2985075123215041,0.2120778574074074,5.437941,0.8336995475374338,9.382870370370371e-06,0.010868,0.0005878199540269269,1.6152314814814812e-05,0.040749,0.0016248694421291232,0.0011470578703703703,5.112426,0.19029294468133248,-0.0007022685185185182,5.137849,0.3384279407798734,-17.102552790277787,1439.99703,374.24451203986615,-0.00199338136574074,6.704798,0.32915833875230777,668.0,0.0,8006.0,8641.0,610.0,0.07059368128688809,1.0,0.0001157273463719477,0.0,0.0
2022-10-28,0.04678754444444444,3.53386,0.2536346915841083,0.20230349039351853,5.459731,0.8249508488677286,-1.1944328703703704e-05,0.009779,0.0004995349996818816,2.0465162037037035e-05,0.030093,0.0015768609630403304,5.1808217592592655e-05,5.053363,0.14801736477557173,-0.0015127315972222218,5.062214,0.30928951155295975,-0.04331519131944443,1439.994955,25.327650768134497,-0.0016563355324074069,6.487449,0.29255854582435226,611.0,0.0,8057.0,8641.0,562.0,0.0650387686610346,1.0,0.0001157273463719477,0.0,0.0
2022-10-29,0.04677797627314815,3.554369,0.2473992814378895,0.21395609363425927,6.097415,0.8558941425268238,-8.501851851851852e-06,0.010167,0.0005389232416990208,-2.6999305555555562e-05,0.049309,0.0017190866938586746,-0.0004515744212962969,5.070505,0.14916172819958776,0.0014742186342592595,5.158068,0.33257628532077943,72.29198084189815,1435.146816,314.22414055547324,0.0003471913194444443,6.086317,0.32421345943570934,634.0,0.0,8033.0,8641.0,588.0,0.06804767966670525,1.0,0.0001157273463719477,0.0,0.0
2022-10-30,0.06629110972222221,3.592822,0.3228755704491611,0.21137540416666667,5.534074,0.8287934927929332,-1.9490740740740733e-06,0.011116,0.0005918656178127422,-9.495370370370357e-07,0.031407,0.0016769742919960126,0.0013850388888888893,5.06264,0.16227836138105795,-0.0004391781250000004,5.061336,0.32064370661560415,15.72537362152779,1439.806237,485.3741704183615,-0.0010911724537037036,5.960259,0.30010478081591013,665.0,0.0,7999.0,8641.0,622.0,0.07198240944335146,1.0,0.0001157273463719477,0.0,0.0
2022-10-31,0.05417311875,3.571673,0.26923226433566116,0.22703667627314814,5.507797,0.8800899228775503,-9.291435185185185e-06,0.008974,0.0005067948731262389,5.112962962962964e-06,0.02093,0.0014032987851723792,-0.0001682017361111111,5.082462,0.15996092569180195,-0.0005569002314814808,5.162817,0.33766759011615477,-32.24667654861112,1439.210075,358.20389437988837,0.0010604767361111114,5.287887,0.3208361347846463,678.0,0.0,7989.0,8641.0,632.0,0.07313968290707094,1.0,0.0001157273463719477,0.0,0.0
2022-11-01,0.05573395081018519,3.585131,0.28305778362235823,0.20497667870370373,5.676992,0.8408826152868939,1.1739583333333344e-06,0.009646,0.0004969650639100796,-2.1284722222222225e-07,0.021438,0.0012909293531001014,0.00021434780092592637,5.106213,0.14548136309036022,0.0007233895833333334,5.082697,0.3127457225123807,-55.290606762731485,1439.993652,430.81297735623906,0.000615939351851852,5.555394,0.29324918615747364,621.0,0.0,8046.0,8641.0,576.0,0.06665895151024187,1.0,0.0001157273463719477,0.0,0.0
2022-11-02,0.04601855231481481,3.603717,0.2536237860650366,0.16669685694444444,5.407178,0.7598440851191391,3.061574074074075e-06,0.006567,0.0004052884523723989,1.3233912037037036e-05,0.02551,0.0012868610112260204,-0.0016360782407407407,5.010393,0.1591367353557717,0.0005460559027777777,5.080534,0.3026647667046124,-84.3668225736111,1439.978731,446.37871308831456,-0.0005544872685185182,5.415352,0.294191678170501,509.0,0.0,8155.0,8641.0,467.0,0.05404467075569957,1.0,0.0001157273463719477,0.0,0.0
2022-11-03,0.057166456481481484,3.597308,0.30036417238778695,0.17877449224537037,6.372356,0.7700482023821773,-9.41782407407408e-07,0.011083,0.0004825315315924591,-2.0064814814814813e-06,0.0299,0.0014622364209691872,-0.002018403472222223,5.074368,0.18893132454383743,0.0006023969907407404,5.13356,0.30524155337203224,48.28972924282407,1437.619152,257.22037456461334,-0.002750193402777776,6.244404,0.311982727696123,571.0,0.0,8096.0,8641.0,523.0,0.06052540215252864,1.0,0.0001157273463719477,0.0,0.0
2022-11-04,0.08186418425925926,3.679342,0.37140154113074314,0.2066415800925926,6.38197,0.7999639962843442,-7.372685185185174e-07,0.008916,0.0005922762793356889,1.7785532407407406e-05,0.031441,0.001620610821881231,-0.00030601493055555526,5.177574,0.22566686501090982,0.0003299025462962959,5.115248,0.3455257032744268,41.98892865266204,1438.775824,242.70538348306255,-0.0004792151620370366,6.668773,0.341492442517302,709.0,0.0,7968.0,8641.0,645.0,0.07464413840990626,1.0,0.0001157273463719477,0.0,0.0
2022-11-05,0.08509169699074075,3.655629,0.3828826483758349,0.1927753886574074,5.361675,0.7550170344867054,1.0379166666666667e-05,0.008967,0.0005958493109990044,4.313923611111111e-05,0.034317,0.0015772762951822312,2.615949074074031e-05,5.043696,0.23005842833481144,-6.032604166666667e-05,5.084146,0.3481202605956258,-50.55929171770832,1439.995718,430.45496340443117,-0.0020077351851851845,5.912522,0.3369961602265439,690.0,0.0,7983.0,8641.0,634.0,0.07337113759981484,1.0,0.0001157273463719477,0.0,0.0
2022-11-06,0.0734884962962963,3.622303,0.3497504158992632,0.18501907673611112,5.471908,0.7521480812523335,9.76388888888889e-06,0.011608,0.0005770052186758221,1.741030092592593e-05,0.034978,0.001508528137421287,-0.0008466010416666674,5.053481,0.2276360828875891,-0.00043862812500000063,5.068124,0.3287627272872196,99.80843294942132,1439.995703,380.57691036229863,0.002459237268518518,6.608057,0.3191507023004057,638.0,0.0,8032.0,8641.0,588.0,0.06804767966670525,1.0,0.0001157273463719477,0.0,0.0
2022-11-07,0.0522979160511197,3.37492,0.28628198079514505,0.16054844471802088,5.873745,0.7180698926687733,8.87665611443311e-06,0.007181,0.00040408320076792465,-2.067651541798569e-06,0.021405,0.0013549371756638397,-0.0003768124047367806,5.046889,0.19196721306446463,-0.0003842578262398869,5.205395,0.31276694180031367,75.51067460757416,1439.207285,319.692553823076,-0.0007370560440848867,6.194778,0.3075264969350689,523.0,0.0,8033.0,8530.0,474.0,0.05556858147713951,1.0,0.00011723329425556858,0.0,0.0
2022-11-08,0.0736556912037037,3.501175,0.3539327808818323,0.19013468969907407,5.831446,0.7664609512487948,7.439814814814823e-07,0.00739,0.0005589535647883962,-9.78298611111111e-06,0.033186,0.0016678602991723112,-0.0009222221064814822,5.057244,0.21221193211229605,-0.00031965393518518557,5.112892,0.35492793313381604,47.425490165972214,1432.457656,254.68075325510065,0.0002463337962962962,6.681337,0.34060605103299735,644.0,0.0,8029.0,8641.0,588.0,0.06804767966670525,1.0,0.0001157273463719477,0.0,0.0
2022-11-09,0.034570456134259256,3.448622,0.21998421354620004,0.15243619398148145,6.12241,0.7212075310989884,6.042824074074074e-07,0.011711,0.0004405256938170766,4.9608796296296275e-06,0.036828,0.0012879375603977957,-0.0003062673611111115,5.040705,0.15429350515754064,0.00033034259259259356,5.110985,0.27737815652608777,45.3268320925926,1439.994267,250.75240051008572,-0.0007101240740740739,6.287116,0.27994501715528125,456.0,0.0,8205.0,8641.0,421.0,0.048721212822589975,1.0,0.0001157273463719477,0.0,0.0
2022-11-10,0.047835814699074074,3.610126,0.27735353988506617,0.15229258634259257,6.340312,0.7082405779976464,3.2825231481481478e-06,0.009799,0.0004654421692721854,1.3405555555555554e-05,0.042866,0.0015415532358913479,-0.000946765740740741,4.995378,0.16626076032897918,0.0018457384259259267,5.147879,0.29371565789763515,-4.264593764004635,1439.965185,424.127924975424,0.0008078414351851848,6.763093,0.27330020516664316,487.0,0.0,8178.0,8641.0,445.0,0.05149866913551672,1.0,0.0001157273463719477,0.0,0.0
2022-11-11,0.03432641504629629,3.660756,0.21251953033901583,0.15544035902777778,6.239051,0.7342206862880127,3.6863425925925915e-06,0.00971,0.00040549485714925013,-6.296180555555555e-06,0.025361,0.0012495558416854423,-0.00043600821759259264,5.020125,0.08946556718939035,-0.0003183578703703701,5.219485,0.27890646601340685,0.3333008886574075,1439.997117,28.32873724907717,-0.0006118444444444446,5.946424,0.25395273048417494,457.0,0.0,8204.0,8641.0,422.0,0.04883694016896192,1.0,0.0001157273463719477,0.0,0.0
2022-11-12,0.036183508101851856,3.542833,0.21824238005997548,0.15870874282407407,6.034608,0.7507278280478937,-1.015775462962963e-05,0.006861,0.0004103467101127293,9.248958333333336e-06,0.051998,0.0013905380292613095,2.7959027777777746e-05,5.083327,0.12375409558560227,-0.00011788657407407493,5.119324,0.2766864274381585,24.503047539004633,1433.238513,184.96908140981617,-1.6305555555565952e-06,5.36076,0.2607286137938582,463.0,0.0,8198.0,8641.0,428.0,0.04953130424719361,1.0,0.0001157273463719477,0.0,0.0
2022-11-13,0.04127115567129629,3.40376,0.24846459119338304,0.15394465590277778,5.705191,0.7166780279424739,2.3873842592592594e-06,0.009844,0.0004376526440407361,-1.563310185185186e-06,0.051996,0.0014290827041559448,-0.00046053923611111123,4.919015,0.07741937238945178,0.0010750920138888885,5.092948,0.2917645154736651,-20.750381147916666,1439.956009,277.32747290197204,-0.0009281138888888892,6.252462,0.2493769871359566,475.0,0.0,8186.0,8641.0,440.0,0.05092003240365699,1.0,0.0001157273463719477,0.0,0.0
2022-11-14,0.03141163067129629,3.607562,0.19022421621166088,0.15874694363425926,5.443068,0.7535502989059316,6.438310185185185e-06,0.013239,0.00041464742715171697,-9.30474537037037e-06,0.040788,0.0013722331509809723,-0.000319322685185185,5.036131,0.09629138884463984,0.0007493243055555552,5.095492,0.2787600971490921,-19.947807198379625,1439.355172,230.52710768808527,-0.001059160879629629,5.428887,0.2693747784560034,458.0,0.0,8203.0,8641.0,423.0,0.04895266751533387,1.0,0.0001157273463719477,0.0,0.0
2022-11-15,0.056056875349162004,3.535783,0.3005826875701449,0.16676338756983242,5.608417,0.736484013495147,8.812499999999999e-06,0.015569,0.0005548168061509643,-9.427490689013035e-06,0.024493,0.0014336025536341545,0.0001396007914338919,5.041847,0.14650193553339466,0.0001334660148975794,5.211852,0.3222145746004077,90.20608169878957,1439.44478,349.4176422645584,0.0018664009543761632,5.606366,0.2948440159438445,544.0,0.0,8075.0,8594.0,498.0,0.05794740516639516,2.0,0.00023272050267628578,0.0,0.0
2022-11-16,0.03263829158467415,3.680624,0.20450709564340178,0.15217452911216575,6.362743,0.7369328781162829,4.853455261025582e-06,0.007891,0.0003914770165820285,7.759810163213332e-06,0.031128,0.001365253103174121,-4.731554578076216e-05,5.036144,0.16163426299120023,-0.00033040838059960687,5.141166,0.27132828248621804,2.055454868271791,1433.412682,53.41979353511849,0.0015657500868156036,5.541047,0.27049216452209063,443.0,0.0,8214.0,8640.0,410.0,0.047453703703703706,1.0,0.00011574074074074075,0.0,0.0
2022-11-17,0.06677854034031717,3.517197,0.3310339404169585,0.18248836404676466,6.186499,0.7654378661437399,-2.2010649380715362e-06,0.009857,0.0005047579167260206,-2.416043523555967e-05,0.0229,0.001430403474541747,-0.0015945665007524017,5.069957,0.18469297824214304,0.0008039996527375843,5.135247,0.3333813528214142,0.13891142435467066,1429.358995,17.39899811785658,0.0010687499710614657,6.105777,0.31226649972991877,607.0,0.0,8062.0,8640.0,556.0,0.06435185185185185,1.0,0.00011574074074074075,0.0,0.0
2022-11-18,0.048339355047181995,3.297052,0.2699500220806976,0.16929803104655233,5.574450000000001,0.746540127541524,-2.135033750394724e-06,0.005881,0.00046409024743768374,-2.1635404871646245e-05,0.0259675,0.0013683351830552867,-0.0010843029628612565,5.0293105,0.1598953851360907,-0.00015310228182120576,5.0808805,0.31895978824281623,46.04109865670603,723.7716345,177.13153273869727,-0.0008420765850257362,6.225918,0.31455764038690687,249.5,0.0,4082.5,4320.5,229.5,0.056478044727920784,0.5,0.00019305019305019305,0.0,0.0
2022-11-19,0.05847807107304086,3.616535,0.3095266287516413,0.148157160782498,5.432814,0.6847279203561899,3.601921518694292e-06,0.012128,0.0004919676927379059,-3.291943511980553e-05,0.030484,0.001667754733084354,-0.000655818844773701,5.069884,0.1956616214929471,0.001221028128255584,5.097824,0.3096801476076642,13.855823247829612,1435.994596,139.90389059260943,0.0006663684454219228,5.537529,0.290085555080062,504.0,0.0,8159.0,8640.0,463.0,0.05358796296296296,1.0,0.00011574074074074075,0.0,0.0
2022-11-20,0.06773095706018518,3.683187,0.334921727159141,0.18379233969907408,5.963469,0.7598011620699234,4.3436342592592565e-06,0.013076,0.0004961185582961527,-1.989930555555556e-05,0.031876,0.0016558807337970422,-0.00037611504629629655,5.09761,0.2122674086661668,-0.001068718981481482,5.144047,0.34869063328801747,-0.20385897777777773,8.925069,17.48210206794721,0.0003685175925925923,6.855181,0.3308225658443556,621.0,0.0,8052.0,8641.0,567.0,0.06561740539289435,1.0,0.0001157273463719477,0.0,0.0
2022-11-21,0.04480613194444444,3.533219,0.2566418659269168,0.15946141493055557,5.648793,0.7349335825023767,-2.253587962962963e-06,0.008065,0.0004103358322657252,2.3294328703703702e-05,0.029703,0.0013000583054998155,0.00011798298611111115,5.053146,0.11266077441677447,-0.0012439134259259262,5.07991,0.26974733166979276,0.22945772210648155,1439.994622,15.691196394138782,-0.0009045098379629633,5.5624,0.25236553117271066,494.0,0.0,8170.0,8641.0,452.0,0.052308760560120356,1.0,0.0001157273463719477,0.0,0.0
2022-11-22,0.05623968969907407,3.860073,0.3036293250465329,0.1647771585648148,5.446272,0.72625174306983,4.59548611111111e-06,0.009026,0.0004795776785521584,-1.8635185185185183e-05,0.041451,0.0015017654857760862,-0.000778138888888889,5.037915,0.1460159825811041,0.0012994918981481481,5.137417,0.2981193471421986,1.4337865399305554,1432.977606,43.643008105913914,0.00031199097222222227,6.122576,0.2711631329756742,543.0,0.0,8124.0,8641.0,497.0,0.057516491146858,1.0,0.0001157273463719477,0.0,0.0
2022-11-23,0.07659666022227367,4.829096,0.35108790950049934,0.18718253183607314,6.484512,0.7467411120073055,-1.4105464227830515e-05,0.031521,0.0008163625092729922,2.3134984950219962e-05,0.050206,0.0016473848326719618,0.00029276476036119517,5.149551,0.37314192636190185,-5.9259666589487834e-05,5.100086,0.4412752340073178,8.307456174114376,1439.994443,213.21754400490116,-0.00037340379717527345,6.787154,0.5240074499426686,661.0,2.0,7988.0,8640.0,500.0,0.05787037037037037,2.0,0.0002314814814814815,0.0,0.0
2022-11-24,0.12690182152777776,4.398419,0.4435763039085164,0.3621518128472222,6.679342,1.0329170461763608,5.6300231481481484e-05,0.291101,0.0036237369532475306,-2.6667939814814808e-05,0.166614,0.005513508914820466,-0.004225485069444443,5.119487,0.391422748354856,0.0004826517361111101,5.127447,0.45399144064554425,-0.2625387598379624,1432.093586,92.69847966235736,0.00355762199074074,6.764874,0.49727521148818815,1234.0,9.0,7451.0,8641.0,1031.0,0.11931489410947807,2.0,0.0002314546927438954,0.0,0.0
2022-11-25,0.04318677407407408,4.418928,0.26684087814503893,0.13285110925925925,10.49968,0.6765901342672472,-1.2702546296296297e-06,0.009346,0.00047609463904890563,5.453124999999999e-06,0.041783,0.0009952467278003569,0.0010848193287037056,5.111891,0.3379134713926653,-5.4650925925925044e-05,5.137401,0.45074317283665266,-2.828850654166667,1439.999357,117.51052912196077,-0.003913059375000001,6.381338,0.44680694394820597,440.0,42.0,8209.0,8641.0,351.0,0.04062029857655364,9.0,0.0010415461173475292,0.0,0.0
2022-11-26,0.0,0.0,0.0,0.0,0.0,0.0,0.0,0.0,0.0,0.0,0.0,0.0,-2.906692406692409e-06,0.006636,0.0022540905821471337,-6.414478764478766e-05,0.009033,0.002283956061741497,2.937580437580444e-06,0.006661,0.002254421007524177,-6.413256113256113e-05,0.009032,0.002283863169699277,0.0,5.0,1554.0,1556.0,0.0,0.0,2.0,0.0012853470437017994,0.0,0.0
2022-11-28,0.0,0.0,0.0,0.0,0.0,0.0,0.0,0.0,0.0,0.0,0.0,0.0,0.00019566,0.004984,0.0014420565333252793,2.6400000000000008e-05,0.003366,0.0012294539687294072,-0.00019566,0.00325,0.001442330902761646,2.6359999999999985e-05,0.003366,0.001229479295125728,0.0,9.0,50.0,53.0,0.0,0.0,3.0,0.05660377358490566,0.0,0.0
2022-12-01,0.07508336465071151,3.662679,0.3553921934663861,0.21865704705692107,5.4373,0.8351470113171086,-1.591138421733506e-05,0.008661,0.000495549996178352,-1.408392626131954e-05,0.029122,0.0015890180407183334,-0.0015643185640362228,5.09075,0.20636195081324285,0.0014025384864165588,5.13758,0.36542863973205847,-35.19167255692109,699.437155,174.58639174693846,0.0015310730918499339,5.995232,0.35946500470952003,510.0,0.0,5698.0,6187.0,469.0,0.07580410538225311,3.0,0.00048488766769031843,0.0,0.0
2022-12-02,0.04624954016203703,3.608844,0.24909516764989814,0.22306998981481482,5.937834,0.8754762332203829,3.651157407407409e-06,0.011013,0.0005484960325667402,-5.448611111111112e-06,0.023941,0.0015516590287631591,0.0006201310185185182,5.100351,0.16643129409097493,-0.0010649302083333334,5.093198,0.33085305242000984,0.09475287708333334,1439.919061,22.034338262172213,-2.6697106481480848e-05,6.371765,0.3240446666079352,657.0,0.0,8013.0,8641.0,606.0,0.0701307719014003,1.0,0.0001157273463719477,0.0,0.0
2022-12-03,0.06417966296296296,3.703055,0.31012731613058386,0.21795860659722224,6.359539,0.8513286262748507,-1.3141782407407409e-05,0.010708,0.0006126974921151082,3.241689814814815e-05,0.031529,0.0017143708363560996,-0.0011137033564814825,5.116102,0.1861777763722542,-0.00023567175925925954,5.096508,0.3357015835033283,-0.30390565150462967,12.702248,22.02655377205104,0.0011049821759259264,5.549319,0.3263543757618297,672.0,0.0,7995.0,8641.0,620.0,0.07175095475060757,1.0,0.0001157273463719477,0.0,0.0
2022-12-04,0.05578661666666668,3.63448,0.28066523218686584,0.21943480185185182,5.743004,0.8579310136555621,2.6435185185185195e-06,0.009484,0.0005242901426937023,3.170347222222222e-05,0.028723,0.001496354541244449,-0.0001883342592592589,5.08546,0.1403747791849727,0.0012067015046296303,5.083101,0.3284133621378993,0.6140626912037038,1439.996688,31.02948406712802,-0.0017023141203703703,6.579969,0.31592161711754363,662.0,0.0,8009.0,8641.0,612.0,0.07082513597963198,1.0,0.0001157273463719477,0.0,0.0
2022-12-05,0.054374065740740746,3.710105,0.2717645658678994,0.21593646805555555,6.124973,0.8614202657426182,6.816550925925926e-06,0.012721,0.0005941607991459212,7.410648148148148e-06,0.053723,0.00177580063336433,-0.0008499737268518518,5.082991,0.14793138075874307,-0.001011549768518518,5.127175,0.32324767511045815,0.10378123414351849,1439.995125,17.521511958431454,-0.0015679243055555555,5.596653,0.3075263965714736,653.0,0.0,8018.0,8641.0,602.0,0.0696678625159125,1.0,0.0001157273463719477,0.0,0.0
2022-12-06,0.07057780287070263,3.88699,0.33715721381909797,0.2094441921518694,5.465499,0.8141651331868355,3.869660840375034e-07,0.014651,0.0005671157336122254,1.8485935872207435e-05,0.03322,0.0016317700994822742,0.00024320546359532318,5.0633,0.1685826683092731,0.00010383458733649739,5.120935,0.33470701332075986,10.463694022803566,1436.269038,123.96960306115258,0.0004927214955434665,6.400599,0.302613720877971,677.0,0.0,7989.0,8640.0,632.0,0.07314814814814814,1.0,0.00011574074074074075,0.0,0.0
2022-12-07,0.05346843900462963,3.618458,0.2773630140579504,0.19694005208333334,6.196753,0.8191302854905884,4.777777777777777e-06,0.007526,0.0004299096354268725,-6.690740740740741e-06,0.032776,0.0015984935905284205,-0.0007472137731481486,5.167349,0.17441390963141767,-7.550451388888885e-05,5.079829,0.32743678795515535,18.241451011342594,1436.863032,161.18200171661712,0.0009106069444444441,6.715367,0.3197776512833688,609.0,0.0,8061.0,8641.0,556.0,0.06434440458280291,1.0,0.0001157273463719477,0.0,0.0
2022-12-08,0.0744276517361111,3.720359,0.3558951264065044,0.1891014795138889,5.430891,0.7742352542751676,4.729976851851851e-06,0.00747,0.0005324970459555458,-1.4240856481481483e-05,0.028468,0.0015828455007128595,-0.0013073476851851854,5.09001,0.19589040027083343,0.0007842325231481484,5.089502,0.3372358388885368,1.2585442840277778,1432.273327,43.57918614060308,0.003493334143518518,5.675927,0.319312391739994,641.0,0.0,8032.0,8641.0,584.0,0.06758477028121745,1.0,0.0001157273463719477,0.0,0.0
2022-12-09,0.050144052430555565,3.592181,0.28513923800738766,0.1531393173611111,5.489212,0.7002207160672377,-1.029398148148148e-05,0.006091,0.0004510813337261796,-6.594907407407381e-07,0.032384,0.0012679751079703535,-0.0021469312499999994,5.048963,0.16314925733743996,-0.0010111085648148146,5.120426,0.3056258154345719,36.758006556597216,1437.725666,227.9573786232976,-0.0009818065972222224,5.424845,0.30122055690149263,510.0,0.0,8154.0,8641.0,469.0,0.054276125448443464,1.0,0.0001157273463719477,0.0,0.0
2022-12-10,0.0820319738425926,3.726768,0.3755472523176812,0.197852059375,5.59624,0.779895337158977,2.792361111111112e-06,0.012034,0.0005707346142837672,7.172337962962959e-06,0.041808,0.0018242693314399119,-0.001711696527777778,5.039879,0.22540084846007177,-0.0006166517361111109,5.114039,0.3558093455577885,67.75397825173611,1439.868474,321.38723778941,0.0009815459490740747,5.887327,0.34071128909211595,685.0,0.0,7991.0,8641.0,625.0,0.0723295914824673,1.0,0.0001157273463719477,0.0,0.0
2022-12-11,0.06803070636574075,3.664602,0.3365174058585125,0.18634395231481482,5.621235,0.7645506209751872,4.2094907407407425e-07,0.011561,0.0005294379727264755,-2.4154166666666667e-05,0.033165,0.001482150323909764,0.0013586979166666682,5.101416,0.20216185860990823,0.0007298795138888892,5.147709,0.34511353168029485,-41.467287651967595,1439.997718,317.38186454111184,0.0026779908564814815,5.564588,0.3196469796232726,625.0,0.0,8048.0,8641.0,570.0,0.06596458743201018,1.0,0.0001157273463719477,0.0,0.0
2022-12-12,0.06213156423611112,3.499893,0.32179805095554587,0.1659663630787037,5.937834,0.7245996542002825,5.111111111111119e-07,0.005548,0.0004423977328318256,-2.450810185185185e-06,0.039458,0.0015878004961116874,3.5216087962962485e-05,5.10042,0.19611504526234788,0.0001370506944444441,5.112245,0.31211677054959286,-47.854382146759264,1439.983012,340.1640075600606,-0.0009492695601851858,6.217044,0.29237071977469936,558.0,0.0,8109.0,8641.0,512.0,0.05925240134243722,1.0,0.0001157273463719477,0.0,0.0
2022-12-13,0.06381152256944445,3.462722,0.32563653924293134,0.17555180196759257,5.428327,0.7380494805518446,-2.7290509259259273e-06,0.010626,0.00046796484636264015,1.1443749999999999e-05,0.039075,0.0016710778986294167,0.0014075121527777777,5.050867,0.18468152522820502,0.0007446423611111116,5.088446,0.3335826904455282,0.2098923111111103,1439.997131,219.8139591429271,-0.0005444859953703706,6.668659,0.3119849328076827,589.0,0.0,8081.0,8641.0,539.0,0.0623770396944798,1.0,0.0001157273463719477,0.0,0.0
2022-12-14,0.03733488252314815,3.424909,0.22603167217993,0.1525668931712963,6.12946,0.7230504577884427,-4.554976851851852e-06,0.007579,0.000424586937062604,-1.3839120370370368e-05,0.01933,0.0011241667532156682,0.001035372685185185,5.127393,0.12495780473108212,-0.0018449680555555556,5.160342,0.2781380600172093,-0.20158489097222215,9.475391,15.670740874666732,-1.3689004629629561e-05,6.428141,0.27316295568678867,455.0,0.0,8206.0,8641.0,420.0,0.04860548547621803,1.0,0.0001157273463719477,0.0,0.0
2022-12-15,0.04707104965277778,3.562059,0.2711327471689314,0.1545346579861111,6.269173,0.7077553695280603,-6.086574074074075e-06,0.006497,0.00043671686401228026,-1.4766087962962962e-05,0.027526,0.0016192087151830968,-0.00160891087962963,5.084281,0.12158924901343095,-0.0008267637731481476,5.146845,0.28496733657036755,0.1299472319444445,1430.051893,15.610411871493344,0.0010938900462962966,6.5213,0.2590434481087766,491.0,0.0,8173.0,8641.0,450.0,0.05207730586737646,1.0,0.0001157273463719477,0.0,0.0
2022-12-16,0.01091522400686611,1.3106175,0.07059849529378878,0.07975779665277097,2.684042,0.37751129385584237,-8.338033349681222e-07,0.0069295,0.00018871003971425071,-1.3916135360470825e-07,0.0167245,0.0005683171433453475,0.00015471925652260258,2.506566,0.05193488194995811,0.0002166542665947898,2.5810755,0.12905199247134883,-0.08418648455479712,716.762877,14.838143582370819,0.00018792928088229912,2.5874345,0.1288356241294896,209.5,0.0,4119.5,4320.5,194.0,0.02378616969102501,0.5,0.0010309278350515464,0.0,0.0
2022-12-17,0.04290133765482116,3.666524,0.24958346142365861,0.17300359787012384,5.636616,0.7694231557146873,2.2352124088436155e-06,0.007977,0.0004447059479995728,1.914214608172242e-05,0.040116,0.0013554195265720519,0.0009090520893621944,5.177803,0.1283222360755118,0.0005182874175251761,5.074278,0.28281578881565117,80.22161380888991,1437.914677,329.5611370357826,0.0010906308600532474,5.302736,0.27066066443927206,522.0,0.0,8141.0,8640.0,480.0,0.05555555555555555,1.0,0.00011574074074074075,0.0,0.0
2022-12-18,0.021484833063209075,2.537278,0.13851276342433666,0.15103545936559387,5.425764,0.7386779149202528,5.956702940495485e-06,0.012,0.0003764216037665804,8.933780967816644e-07,0.019814,0.0011218776734902662,-0.0005317269043760131,5.045826,0.07874074057954533,0.0009874359805510538,5.022522,0.24057718616618887,1.1671941699467467,1439.995132,44.337019705498584,0.0009373513544802033,5.103783,0.2365199001297074,419.0,0.0,8237.0,8639.0,390.0,0.045144113902072,1.0,0.00011575413821044102,0.0,0.0
2022-12-19,0.042956306365740736,3.626789,0.24065488548856973,0.16745568645833336,5.946165,0.7656838565272932,2.132407407407408e-06,0.009859,0.0005048174621046998,3.434722222222223e-06,0.055268,0.0016845420279318914,0.000204992476851852,5.078216,0.13916872988570572,0.0008933847222222218,5.124521,0.31044544505659366,-0.30862374618055555,12.964985,17.467943132708612,0.0001408862268518519,5.688038,0.29613568699779946,510.0,0.0,8154.0,8641.0,469.0,0.054276125448443464,1.0,0.0001157273463719477,0.0,0.0
2022-12-20,0.05136752627314815,3.443495,0.27818648060607015,0.17472769722222223,5.485366,0.7682239099532644,-5.5215277777777785e-06,0.007469,0.00043879700059582693,-8.453472222222224e-06,0.035512,0.0016364348864376366,0.00017576157407407422,5.019882,0.14544004531780205,0.00011161608796296281,5.133483,0.3175006479942491,5.764717004861112,1439.994665,91.11003191121146,0.0005810877314814825,5.954748,0.29383395114159877,540.0,0.0,8124.0,8641.0,494.0,0.05716930910774216,1.0,0.0001157273463719477,0.0,0.0
2022-12-21,0.039441209953703704,3.655629,0.23170331844780634,0.15440514560185184,5.559709,0.7428932142928999,1.1516203703703703e-06,0.006583,0.0003881905363453382,1.1725925925925925e-05,0.031929,0.0012348249095946026,-0.001389935763888889,5.089112,0.12635590592887522,0.000645394444444445,5.11983,0.2797341974005374,64.84579276770832,1437.983247,297.88097757695994,0.0009392332175925921,5.476332,0.27510720813782735,455.0,0.0,8206.0,8641.0,419.0,0.04848975812984608,1.0,0.0001157273463719477,0.0,0.0
2022-12-22,0.07356393449074074,3.532579,0.3521993062017541,0.18902225891203703,5.37257,0.7744252436794941,-1.1414930555555554e-05,0.007064,0.0005126632331584505,-3.431134259259259e-05,0.027751,0.00172740493213675,0.0003762717592592591,5.096675,0.18968340384402574,-0.0015930001157407412,5.142995,0.34508527001461736,10.34715199351852,1439.932032,348.17986343835963,0.002438871990740741,6.094679,0.3203240609750108,638.0,0.0,8036.0,8641.0,579.0,0.06700613354935771,1.0,0.0001157273463719477,0.0,0.0
2022-12-23,0.04700696041666667,3.588336,0.26813517159580397,0.16223986203703705,5.553941,0.7377290850400103,7.2140046296296306e-06,0.008465,0.0004966229543199048,8.316203703703704e-06,0.0353,0.0013366856192622927,0.0006598225694444441,5.060334,0.18813003468661835,-0.0006822342592592598,5.115874,0.31590091771250295,-55.338545641550915,1439.855865,392.02209357621143,0.0004389467592592601,5.416721,0.2989962532963091,507.0,0.0,8157.0,8641.0,465.0,0.05381321606295568,1.0,0.0001157273463719477,0.0,0.0
2022-12-24,0.08190468599537036,3.653066,0.37354744912716925,0.1981891179398148,5.448836,0.7764442013343955,2.760995370370372e-06,0.008136,0.0005348607783880169,1.7640509259259254e-05,0.030001,0.0018591714968335957,-0.0012620578703703695,5.039512,0.2308562770104878,0.00042728819444444444,5.100635,0.3726198334579857,64.98326706666666,1439.464769,298.33700436671563,0.0023854706018518516,6.203166,0.3573381539004623,689.0,0.0,7988.0,8641.0,628.0,0.07267677352158315,1.0,0.0001157273463719477,0.0,0.0
2022-12-25,0.059415574884259255,3.528092,0.3102136501010986,0.174871303125,5.878231,0.7424731764005948,2.036574074074072e-06,0.009803,0.0005264268363985953,-8.244328703703705e-06,0.027429,0.0015498288277130275,4.209259259259301e-05,5.113339,0.18263300712792568,0.0007309304398148149,5.063081,0.326053972899961,0.8355048172453704,1432.718676,45.00679220701775,9.310289351851869e-05,6.03382,0.30798957445817593,580.0,0.0,8090.0,8641.0,530.0,0.06133549357713228,1.0,0.0001157273463719477,0.0,0.0
2022-12-26,0.06775862662037037,3.817774,0.3430746224595036,0.1599845128472222,5.373211,0.6992077886810282,-6.2350694444444445e-06,0.008997,0.0005248637046938136,8.439699074074075e-06,0.040211,0.0019469680213214924,-8.264780092592593e-05,5.093549,0.21080975739044452,-0.0021471415509259264,5.106296,0.30796348646963706,0.0934989993055556,1433.102448,17.426716444607635,-0.00108330775462963,6.241344,0.2975366231738385,562.0,0.0,8105.0,8641.0,516.0,0.059715310727925006,1.0,0.0001157273463719477,0.0,0.0
2022-12-27,0.0602617879384188,3.785089,0.3150934990361292,0.17701347285565458,5.89169,0.749214200489853,-2.2903113786317857e-06,0.005583,0.00046053145707605515,1.91806922097465e-05,0.02796,0.0014669717556422886,-6.920245398773002e-05,5.087596,0.18164845567249457,-0.00031846556314388166,5.038457,0.32918117942418207,0.02622993807153604,1439.997192,22.047303130099895,4.067484662577102e-06,5.996369,0.3184885600940458,583.0,0.0,8086.0,8640.0,533.0,0.061689814814814815,1.0,0.00011574074074074075,0.0,0.0
2022-12-28,0.04896189421296296,3.61333,0.2726632065769615,0.16974530578703706,6.044221,0.7512767702726791,-4.6991898148148156e-06,0.00988,0.00041424336071092463,-4.963425925925925e-06,0.038275,0.0018179829038497484,-0.0001469055555555555,5.079034,0.18660277377502407,-0.0020012521990740747,5.057258,0.31297890200289763,-0.14567232430555557,9.859232,15.658380232312348,0.0021993958333333327,6.459489,0.29862148763435226,536.0,0.0,8131.0,8641.0,490.0,0.05670639972225437,1.0,0.0001157273463719477,0.0,0.0
2022-12-29,0.05103347956939461,3.686392,0.2893898951921374,0.1500417703437898,5.66097,0.6908510995032892,1.5255237874754026e-06,0.006768,0.00046386652205175307,7.233823359185088e-06,0.029078,0.0014560901653190561,-0.00021976513485357115,5.021877,0.15687396372685003,-0.0002809710614654473,5.113818,0.29363371268039956,33.821615273642784,1437.366602,217.4633225899136,6.92972566269254e-05,6.147427,0.27603258796340646,489.0,0.0,8171.0,8640.0,452.0,0.052314814814814814,1.0,0.00011574074074074075,0.0,0.0
2022-12-30,0.030422631250000002,3.530656,0.19232486536486576,0.1569580185185185,5.764153,0.7442914218628365,-3.319444444444447e-07,0.010437,0.0003393573391467329,-1.095277777777778e-05,0.030563,0.0013080897412788449,-0.0008896671296296293,5.067784,0.134725050312895,-0.0010931049768518521,5.077821,0.28938086314088907,22.34468534965277,1436.663813,180.04579108909664,0.0005495413194444443,6.626982,0.2830714878991727,456.0,0.0,8205.0,8641.0,421.0,0.048721212822589975,1.0,0.0001157273463719477,0.0,0.0
2022-12-31,0.0501632096307443,3.72805,0.2797329263881619,0.16916605498321566,5.626362,0.7580771120683422,-2.8300729251070728e-06,0.005864,0.0004419330800587119,-9.790832272253735e-06,0.037438,0.0014909894462115673,0.00014220442180808005,5.058923,0.15257848558049902,-0.001347572288459312,5.166002,0.2985794662673899,63.13744685519158,1439.888966,295.7363970483321,0.001773697997453409,5.245663,0.27882463749640557,519.0,0.0,8144.0,8640.0,478.0,0.055324074074074074,1.0,0.00011574074074074075,0.0,0.0
2023-01-01,0.031637500462962966,3.492843,0.1981495457644204,0.15332587152777777,5.367443,0.7310442865060262,-3.782407407407401e-07,0.008446,0.0003824665790581619,-8.341203703703703e-06,0.036106,0.0011949433893221157,0.00012412407407407438,5.089302,0.11119531675134209,0.00011182546296296258,5.026778,0.24871859631671772,2.1196037483796295,1433.445621,56.13402331188472,0.00039192754629629605,5.402422,0.24159820688138034,448.0,0.0,8210.0,8641.0,414.0,0.047911121397986346,1.0,0.0001157273463719477,0.0,0.0
2023-01-02,0.054525694026395004,3.779962,0.29358175299848094,0.1735689534614494,5.389874,0.7570149929869351,5.578837693910628e-07,0.007173,0.00047708844911412303,1.5673072470479278e-05,0.03369,0.0014879420319420704,-0.0007823407038666355,5.044595,0.14759674274075377,6.945450335725836e-05,5.083611,0.306908565730613,-0.0003689804352859259,10.782062,8.175938387898118,-0.0005348790229219722,5.227018,0.28893349042863503,555.0,0.0,8110.0,8639.0,509.0,0.05891885634911448,1.0,0.00011575413821044102,0.0,0.0
2023-01-03,0.04885930787037037,3.537065,0.27338951306746145,0.17237413715277777,5.883999,0.757773076741691,6.170486111111111e-06,0.007525,0.00044896670680226626,-1.3355208333333334e-05,0.040297,0.0014849484428301981,-0.000460640972222222,5.126224,0.17146236258943684,-0.00041728078703703804,5.151824,0.32098765779102323,30.62712533738426,1439.988019,207.8489959298278,0.0011950339120370378,5.36454,0.3070413812206799,541.0,0.0,8126.0,8641.0,494.0,0.05716930910774216,1.0,0.0001157273463719477,0.0,0.0
2023-01-04,0.04995690335648148,3.556291,0.27547838875839253,0.15866112118055556,5.475753,0.7222386132855916,4.3865740740740734e-07,0.006744,0.00042078966349730205,3.6746527777777823e-06,0.058938,0.0017426814103634293,-0.0005516614583333335,5.123583,0.1806016906115456,-0.0001026579861111109,5.113932,0.2938923513449895,11.042484903587962,1435.633266,124.8518541637679,5.35553240740742e-05,5.390048,0.28327274378775386,513.0,0.0,8151.0,8641.0,472.0,0.05462330748755931,1.0,0.0001157273463719477,0.0,0.0
2023-01-05,0.05854815023148147,3.695364,0.30946948325599427,0.17495786712962963,10.504166,0.7643344744740262,-3.0071759259259256e-06,0.008142,0.0004552748178902112,1.792650462962963e-05,0.028037,0.0013875134202646713,-0.00017499363425925967,4.999887,0.15526732197156426,0.0021052101851851855,5.103067,0.3334203829639247,-27.592872473148155,1439.995721,400.0144646048494,0.0012656128472222216,5.803671,0.3137599234897773,565.0,38.0,8105.0,8641.0,516.0,0.059715310727925006,1.0,0.0001157273463719477,0.0,0.0
2023-01-06,0.04043282690749103,3.596026,0.24459713241685296,0.14813633750144728,5.627003,0.7068974869685674,5.09621396318166e-06,0.015407,0.00038329740511721706,-3.3063563737408843e-06,0.025386,0.0012841444018348947,0.0008901331480838258,5.06061,0.14442914131139237,-0.0013518836401528306,5.105179,0.3133577413600258,-30.65459781336113,1439.571942,370.39856009062646,0.0016877661224962365,6.863048,0.3002174382622401,458.0,37.0,8204.0,8638.0,416.0,0.048159296133364206,1.0,0.00011576753878212549,0.0,0.0
2023-01-07,0.0602962025462963,3.49028,0.31365307717568813,0.1723333386574074,5.743004,0.7440520164229615,1.9962962962962967e-06,0.00771,0.00046759122988833905,-8.961805555555555e-07,0.023824,0.0013019915637841363,-0.0003469482638888891,5.06115,0.1569534420318058,0.001487142939814815,5.126726,0.29104864822324167,4.233860227777778,1433.800948,80.04075316694416,0.0006356259259259258,6.295266,0.27232351957038037,557.0,0.0,8107.0,8641.0,510.0,0.059020946649693325,1.0,0.0001157273463719477,0.0,0.0
2023-01-08,0.03994524444444444,3.508866,0.2421667773986932,0.16070017152777777,5.339885,0.7381680260133671,8.25335648148148e-06,0.006159,0.00039041434153237677,1.1406250000000004e-06,0.030024,0.0011459129219109352,-0.00010004039351851818,5.116189,0.154478777073824,-0.0007836869212962963,5.067363,0.30954068526699535,-0.2732038059027778,12.956235,18.99702640117494,-0.0018204817129629637,5.583905,0.30380036574514985,494.0,0.0,8170.0,8641.0,454.0,0.05254021525286425,1.0,0.0001157273463719477,0.0,0.0
2023-01-09,0.06623871590455249,3.5540485000000004,0.3346048913256381,0.14782808313693477,4.8979915,0.6432118680073672,9.319166304591083e-08,0.010211,0.0005275900557099168,-5.34796776869298e-06,0.028798499999999998,0.0018789092581099212,0.0037292167296458685,5.025208,0.21281178180168475,0.0013118944780187228,3.1870965,0.3225129975751895,-0.11089728616037534,9.384187,5.722430066844574,-0.0048616713955927735,5.366592,0.3273263143632751,291.5,0.0,4042.0,4320.5,267.5,0.05818922853835659,0.5,6.362942224484602e-05,0.0,0.0
2023-01-10,0.04952654948489408,3.590899,0.27290072689850414,0.17197687012385693,5.8558,0.755278379158086,1.120152795462437e-06,0.006976,0.00044900455787654365,-1.2545549253385808e-05,0.038175,0.0015017207909877974,0.0004637965042250261,5.036618,0.14266024556065302,0.0011883950688737115,5.100389,0.3023752079043896,-0.22535223185553885,273.158657,18.257931965060465,0.0014298230119226766,6.767256,0.2778708179747302,542.0,0.0,8124.0,8640.0,497.0,0.05752314814814815,1.0,0.00011574074074074075,0.0,0.0
2023-01-11,0.05205076851851851,3.514634,0.28031329745901085,0.17143305405092593,5.412305,0.7546543860926788,-3.683449074074075e-06,0.01091,0.00044734576323302174,1.703159722222222e-05,0.041769,0.0016667342884741018,-0.0012637540509259258,5.142104,0.15504559881992952,-0.0010299994212962954,5.075106,0.2998926098814718,5.018947496180555,1439.99444,87.1327084759078,0.0002416202546296288,5.78478,0.2927182933460444,549.0,0.0,8118.0,8641.0,502.0,0.05809512787871774,1.0,0.0001157273463719477,0.0,0.0
2023-01-12,0.06047993923611112,3.594104,0.3167486304449721,0.16777175405092593,6.238411,0.7227558766800075,2.1903935185185182e-06,0.011804,0.0004533223113090995,-8.190393518518513e-06,0.024922,0.0015440506994727436,-0.00047240590277777784,5.138106,0.16671745942636693,-8.477002314814786e-05,5.159945,0.30931116542165943,60.077175740277774,1438.282015,287.9042458633882,-0.0002828226851851849,6.055785,0.292730947612083,566.0,0.0,8101.0,8641.0,520.0,0.0601782201134128,1.0,0.0001157273463719477,0.0,0.0
2023-01-13,0.04372841493055555,3.506943,0.2504761389536632,0.1623877708333333,5.327067,0.7423603065252888,-1.464120370370367e-07,0.011288,0.0003801533998970244,-1.004282407407408e-06,0.025813,0.0012624811977705278,-0.0009902718749999998,5.013089,0.13484030877079456,2.4215856481481685e-05,5.059104,0.2906242987726314,20.467634073958337,1437.240428,170.13046774475154,-0.0005216103009259258,6.292108,0.28008645272356686,501.0,0.0,8163.0,8641.0,461.0,0.05335030667746789,1.0,0.0001157273463719477,0.0,0.0
2023-01-14,0.07331150995370371,3.588977,0.35197147598192446,0.18899555462962958,5.604572,0.7683132376120152,2.3935185185185194e-06,0.01,0.0005562886529539995,3.113310185185186e-06,0.041979,0.0017152357905304118,5.8724537037037184e-05,5.033336,0.20329381881599343,-0.0008968371527777778,5.176075,0.34019134565786036,0.012001078009259305,1431.874612,22.00903679494154,0.00015860590277777696,6.753429,0.3302721635802225,640.0,0.0,8033.0,8641.0,582.0,0.06735331558847356,1.0,0.0001157273463719477,0.0,0.0
2023-01-15,0.0355591605324074,3.567186,0.2264816208404257,0.14779605532407408,5.61803,0.7144994917559094,-2.4288194444444447e-06,0.007409,0.0004380635801144694,7.719907407407378e-07,0.029481,0.0011892004011223698,-0.0008684069444444448,5.048709,0.15527212270364815,0.0006915525462962962,5.124526,0.2843575458800767,49.68184581608796,1438.649019,262.07279214122786,-0.0008915731481481471,5.553441,0.2832825976104586,447.0,0.0,8214.0,8641.0,412.0,0.04767966670524245,1.0,0.0001157273463719477,0.0,0.0
2023-01-16,0.07270110902777778,3.658834,0.3513418207754411,0.18714209641203705,5.873745,0.7647320505455215,1.362615740740741e-06,0.008496,0.0005480540189198771,2.1385185185185186e-05,0.025623,0.0014937291617526964,-0.002463631944444445,5.052815,0.1814093293629696,0.0005270107638888884,5.129603,0.3373455659456297,-38.574458040162035,1439.943023,309.4607028434906,0.000882043518518518,5.730908,0.3133470525126531,636.0,0.0,8037.0,8641.0,580.0,0.06712186089572966,1.0,0.0001157273463719477,0.0,0.0
2023-01-17,0.046573669058918854,3.571032,0.26791217104049897,0.15957520338002082,5.820551,0.7249964303941506,7.100358837828461e-07,0.01035,0.0004312698100573477,-1.569487209167728e-05,0.031032,0.001251854539516747,9.264984373191368e-05,5.046775,0.17335260755848658,-0.0003919130686422025,5.068043,0.29785992443163767,29.47541062877648,1437.212747,204.54836026994525,0.0010564117374696153,5.336513,0.29381470469329934,502.0,0.0,8161.0,8640.0,459.0,0.053125,2.0,0.0002314814814814815,0.0,0.0
2023-01-18,0.052656053587962964,3.64217,0.28988751909511556,0.1529168616898148,5.324503,0.6971743108434533,-6.200000000000001e-06,0.008155,0.0004349688952720065,2.546296296296296e-05,0.045211,0.0016968536493253128,-7.4658564814815365e-06,5.105016,0.178181795350855,-0.00023210694444444438,5.051736,0.2966708536517133,55.81680511435186,1438.363776,278.1644479755255,0.0003594381944444446,6.322867,0.26481353816199155,511.0,0.0,8154.0,8641.0,467.0,0.05404467075569957,1.0,0.0001157273463719477,0.0,0.0
2023-01-19,0.051728916435185186,3.833796,0.28630184349497895,0.17539476979166668,5.41615,0.7586469420969197,6.424537037037037e-06,0.006435,0.00041667380603033265,-1.4195601851851853e-05,0.026051,0.0013559665315073194,0.00028364467592592607,5.038685,0.1444638896940818,-0.0012960939814814815,5.107665,0.2990981356059622,-22.02036409097222,1439.88856,337.97236065274825,0.0007540131944444442,6.13792,0.2810189325663548,551.0,0.0,8116.0,8641.0,504.0,0.05832658257146164,1.0,0.0001157273463719477,0.0,0.0
2023-01-20,0.031110546527777776,3.300577,0.19299266400560117,0.15961377488425926,5.541765,0.7515360729905228,2.605092592592592e-06,0.008046,0.0003820804480147753,3.15509259259259e-06,0.041673,0.0012694432743005758,-0.0018275858796296296,4.982946,0.08306262016422963,-0.0006126263888888887,5.133797,0.24677505179501288,0.19562627870370372,1439.999418,15.661548685724291,-0.0009663496527777774,6.252134,0.23472019803673344,455.0,0.0,8206.0,8641.0,420.0,0.04860548547621803,1.0,0.0001157273463719477,0.0,0.0
2023-01-21,0.03944669965277778,3.536424,0.24558980338235337,0.15161816990740742,5.273873,0.7138622872877549,-6.000231481481481e-06,0.008505,0.0003572514767835508,4.990740740740738e-06,0.029713,0.0012917064440468773,-0.0003880192129629631,5.083274,0.12303771104288755,0.0006972263888888888,5.113458,0.2701009701767155,0.15441798217592587,1429.431453,15.567826449558963,-0.0009018502314814813,5.773558,0.2434263096115754,459.0,0.0,8201.0,8641.0,424.0,0.04906839486170582,1.0,0.0001157273463719477,0.0,0.0
2023-01-22,0.020791200694444446,2.383465,0.13177373770537162,0.1526349125,5.693014,0.746904076695465,-6.78113425925926e-06,0.004746,0.00029821893090006807,-6.577662037037038e-06,0.016119,0.0010942160703652339,-0.0002240118055555557,5.068145,0.08273514546983164,-0.0004120260416666668,5.107439,0.25995967979953044,-0.18178400625000002,69.580467,15.736838725545795,-0.00013817106481481468,5.093325,0.24948060682202128,419.0,0.0,8239.0,8641.0,389.0,0.045017937738687654,1.0,0.0001157273463719477,0.0,0.0
2023-01-23,0.04722096099537037,3.689596,0.2644646101629402,0.17184013622685185,5.810938,0.7657817037591603,4.652199074074074e-06,0.01369,0.00047228412251370595,-1.1199768518518517e-05,0.026485,0.0014066675052932427,0.0004976844907407407,5.008164,0.12295311567813744,-0.0007701203703703698,5.089713,0.29045295493244494,0.028409200462962962,10.625141,2.4551210429003887,-0.000627627777777778,5.426329,0.27210317641678805,522.0,0.0,8142.0,8641.0,481.0,0.05566485360490684,1.0,0.0001157273463719477,0.0,0.0
2023-01-24,0.02834999096699479,3.467849,0.1905732090206138,0.14108064308048637,10.506088,0.7339564569086475,3.28407643312102e-06,0.009998,0.0003366675213617019,8.60961204400695e-06,0.041229,0.001236159401400507,-0.0007671196294151707,5.111407,0.12099062485245335,0.0019164346265199755,5.132025,0.2552309262915952,1.0484524516502607,1432.377214,37.78601756916008,0.001656689982628836,5.533971,0.24541563319943296,398.0,83.0,8259.0,8636.0,362.0,0.04191755442334414,1.0,0.0001157943492357573,0.0,0.0
2023-01-25,0.055220733186711425,3.797266,0.29287396106852326,0.17084665331635607,6.015381,0.760535923182227,-6.2629934020141205e-06,0.006882,0.00042647353645396737,-2.7050584558397996e-06,0.035036,0.001734678176379267,1.9378863294362435e-05,5.044865,0.16027108591533093,-0.0014643302465563155,5.073469,0.2971163868399723,-0.0907475144113902,1432.600584,22.01372392417779,0.00028169730292857987,5.436682,0.2814121303663508,541.0,0.0,8125.0,8640.0,494.0,0.05717592592592593,1.0,0.00011574074074074075,0.0,0.0
2023-01-26,0.06831754907407407,3.582568,0.33381560748198386,0.18542690405092593,5.657765,0.7688903189609251,7.743981481481483e-06,0.00849,0.0004912019085170407,-8.195601851851851e-06,0.029608,0.0016125449922945391,-0.0007839247685185187,5.081809,0.17336378850187148,0.001698087384259259,5.050343,0.3326291029355624,4.2757925777777785,1434.163459,78.55166708193889,-0.0017542049768518525,6.417428,0.31171106300221013,622.0,0.0,8051.0,8641.0,566.0,0.06550167804652239,1.0,0.0001157273463719477,0.0,0.0
2023-01-27,0.05574900763888889,3.657552,0.29474291213286113,0.16981859270833333,5.484725,0.7524790958599007,8.128124999999998e-06,0.012558,0.00048407846384440715,-1.773877314814815e-05,0.020236,0.0011727115088829146,0.0007295928240740743,5.072904,0.18913097725169514,0.0005994891203703706,5.15037,0.30851777343030534,44.62345051319445,1437.857592,248.95995141348587,-0.0013156672453703698,5.224068,0.3086376929764974,541.0,0.0,8126.0,8641.0,493.0,0.05705358176137021,1.0,0.0001157273463719477,0.0,0.0
2023-01-28,0.08303684872685185,3.665883,0.3797487066389234,0.19797497118055557,5.723136,0.7769981606038092,1.1722916666666668e-05,0.010919,0.0005336785542283457,-3.0918981481481482e-06,0.032257,0.0016135704966860102,-0.0014660248842592585,5.058193,0.2129632129035424,0.0020075718749999996,5.087411,0.36459350452093714,77.93270961481481,1439.572136,325.2212298476741,0.0010956980324074068,5.702245,0.34477655018624315,689.0,0.0,7987.0,8641.0,628.0,0.07267677352158315,1.0,0.0001157273463719477,0.0,0.0
2023-01-29,0.05898638715277777,3.512711,0.31008734676906,0.1776289042824074,5.568041,0.7528509398705641,3.4569444444444443e-06,0.010773,0.0004762886264153915,-9.193287037037068e-07,0.030648,0.001513335219967165,-0.00011545625000000022,5.088829,0.21079103231175128,0.002206150925925926,5.102893,0.32536527470151844,10.023139069675926,1435.14199,119.0323603931718,-0.0011208378472222233,6.23394,0.3301805992004593,584.0,0.0,8083.0,8641.0,538.0,0.06226131234810786,1.0,0.0001157273463719477,0.0,0.0
2023-01-30,0.08143967106481481,3.660756,0.3764934803410424,0.19618137094907412,5.266823,0.765669517920822,-3.5593749999999997e-06,0.009048,0.0005188041954436516,1.7216319444444447e-05,0.034929,0.0018325514988751374,-0.0016827891203703706,5.065727,0.20686143090862327,-0.0008173754629629637,5.165153,0.3567948267432518,-47.211441117939806,1439.99078,396.39451300592276,0.00016122881944444505,5.864611,0.3348937098211277,686.0,0.0,7990.0,8641.0,623.0,0.0720981367897234,1.0,0.0001157273463719477,0.0,0.0
2023-01-31,0.05163856793981482,3.58449,0.288171944908034,0.1663729986111111,5.448195,0.7327807698988437,2.3914351851851857e-06,0.012774,0.0004383749838672763,-1.4290625000000002e-05,0.043568,0.0014721566465387488,-0.0002524593749999998,5.075385,0.18623807434867326,0.0006908038194444443,5.083843,0.30842681531628374,-31.33576603171296,1439.866217,295.6773074334219,-0.0005043406250000011,6.763474,0.3129291666372746,534.0,0.0,8133.0,8641.0,489.0,0.056590672375882424,1.0,0.0001157273463719477,0.0,0.0
2023-02-01,0.05818014270578943,3.471374,0.3086413483731818,0.17040566527416362,5.402692,0.745330926806836,-3.656155085238049e-06,0.0092835,0.0005098975856384277,1.830819512281867e-05,0.041858,0.0016794545907155554,-0.0008864067025678112,5.0143875,0.195443998373435,-0.0007641464873387705,3.3516785000000002,0.3191756261187907,0.3389692253844011,1432.1466825,25.85430448400362,0.0007293352466450113,5.9515505,0.3103493428523818,272.0,0.0,4060.5,4319.5,249.5,0.05821648217028903,0.5,7.586102260658473e-05,0.0,0.0
2023-02-02,0.040588059837962966,3.473617,0.24674330236084321,0.14976767789351852,5.313608,0.7056616647174426,2.5299768518518516e-06,0.01044,0.0004112018416008629,1.0920717592592597e-05,0.023111,0.0012221260469467603,-0.00014961874999999973,5.06176,0.09830792053592013,-6.181759259259235e-05,5.129315,0.2778879884857814,-0.10246123831018523,10.348549,8.00222945528091,-0.0005050224537037041,6.340798,0.25957809982516594,459.0,0.0,8202.0,8641.0,424.0,0.04906839486170582,1.0,0.0001157273463719477,0.0,0.0
2023-02-03,0.0494348523848207,3.75753,0.2726506045317399,0.1691273089242196,5.563555,0.7433982322050373,5.226761053730997e-06,0.008659,0.0004112269981698447,2.4137170709063483e-06,0.08159,0.0018228923283033261,-0.0021016032261808055,5.01463,0.14481199867531175,-0.0016107005918533136,5.093887,0.2960531150575802,-0.213589283161193,79.720268,18.350527086214736,0.0004098651502843216,6.023692,0.28520979701021304,539.0,0.0,8105.0,8619.0,490.0,0.056851142823993506,2.0,0.00023204548091425919,0.0,0.0
2023-02-04,0.060220469097222236,3.779962,0.30552909016509616,0.20503498125,6.281991,0.8159048562247001,-8.181365740740741e-06,0.008476,0.00046422530548391705,2.2428935185185184e-05,0.025162,0.0014144370015295865,0.0008535908564814815,5.017017,0.1572907928706607,-0.0001713339120370368,5.109016,0.32079982938976825,2.6558075481481485,1433.969082,68.97365749724298,0.0023820156249999996,6.179488,0.30408157587389595,641.0,0.0,8026.0,8641.0,596.0,0.06897349843768083,1.0,0.0001157273463719477,0.0,0.0
2023-02-05,0.03285914040976965,3.653706,0.1889242107985217,0.191076452251418,5.469985,0.8219810471317699,-6.297025118647992e-07,0.009713,0.00033898969899445324,-2.8917004282903118e-05,0.020851,0.001280001719395157,-0.0006167629355249452,5.081783,0.13070772060650174,-0.0005336663965736768,5.077609,0.2973733872675822,-0.24477587556430144,29.489652,17.65012775554615,0.00042791156383840777,5.322259,0.29959360764519527,549.0,0.0,8114.0,8640.0,509.0,0.058912037037037034,1.0,0.00011574074074074075,0.0,0.0
2023-02-06,0.07276556770833333,3.751762,0.332649443814202,0.24458182002314816,5.470626,0.8935036545929435,3.638888888888906e-07,0.013416,0.0005362051459584303,1.2020138888888892e-05,0.040099,0.00157931888648654,0.00040548182870370415,5.068215,0.1761625091411593,0.00024352083333333317,5.092105,0.3656965054564019,65.0159278787037,1439.997738,299.020303986161,-0.002671529629629629,6.448602,0.3502432435378702,769.0,0.0,7907.0,8641.0,709.0,0.08205068857771092,1.0,0.0001157273463719477,0.0,0.0
2023-02-07,0.0414081599537037,3.44734,0.21811705774566978,0.19580418229166668,5.837855,0.8243077147738497,-3.7037037037037936e-08,0.014384,0.00047329393166573426,6.815625000000001e-06,0.027007,0.001383702670339259,-0.0004217392361111111,5.194849,0.11210097897765546,-0.0004943230324074079,5.13428,0.29815496727454605,20.552973980324072,1439.994687,170.0223879608412,-0.0010243648148148161,5.180985,0.2895931561275971,574.0,0.0,8090.0,8641.0,533.0,0.06168267561624812,1.0,0.0001157273463719477,0.0,0.0
2023-02-08,0.076337640699155,3.833796,0.34551421544446115,0.22238407593471468,5.452681,0.8488280404678209,-1.523324458849404e-06,0.008792,0.0005113931112383665,-1.8478990623914806e-05,0.04452,0.0017675716613207615,0.0024530533626577157,5.113236,0.19003390428248687,-0.00024689998842458623,5.066042,0.3521503843854242,-0.04932937052899643,1432.136843,23.299030575544577,-0.0007428642203958798,5.531415,0.32443750141658834,715.0,0.0,7957.0,8640.0,660.0,0.0763888888888889,1.0,0.00011574074074074075,0.0,0.0
2023-02-09,0.06289070031253617,3.599231,0.31784212069090506,0.17969491017478878,6.205725,0.7656247900588606,5.799166570204884e-06,0.010321,0.0004923880022170032,-8.989466373422848e-06,0.034116,0.0015854963249529017,-0.0012880616969556662,5.147915,0.19241635600812315,-0.0003669308947794885,5.095925,0.3207058405392207,126.4620409146892,1439.994596,407.43684855301603,0.0021479602963305933,6.662576,0.314034166618726,588.0,0.0,8082.0,8640.0,535.0,0.061921296296296294,1.0,0.00011574074074074075,0.0,0.0
2023-02-10,0.043976091087962965,3.646657,0.27251168548368115,0.11398339050925926,5.322581,0.6087857020346823,-1.1887731481481488e-06,0.006226,0.00037521101353470414,1.6928819444444444e-05,0.039152,0.0012869312067553197,0.0008040451388888888,5.079295,0.178050685834016,-0.0005238282407407414,5.103459,0.27607438243556987,-21.335751858680556,1439.957902,336.4157826216947,-0.00027895173611111146,5.563281,0.26577595016857375,388.0,0.0,8273.0,8641.0,354.0,0.04096748061566948,1.0,0.0001157273463719477,0.0,0.0
2023-02-11,0.04564848483796296,3.568468,0.28071701189470555,0.11432200659722222,6.028199,0.6041089116131895,-2.1018518518518457e-07,0.007373,0.0003853736362079862,-1.0169560185185186e-05,0.031992,0.001279843681609949,-0.0006849997685185185,5.08938,0.16465593498673337,-0.0007400064814814816,5.101251,0.2726954581000545,-41.41052857766204,1439.590905,340.44249526200167,-0.002497042824074074,5.654084,0.2732910884762062,392.0,0.0,8269.0,8641.0,357.0,0.041314662654785325,1.0,0.0001157273463719477,0.0,0.0
2023-02-12,0.050843243981481476,3.580645,0.29690660021955856,0.1204973130787037,5.377056,0.6092838762537497,-9.931712962962957e-07,0.008456,0.00040790254445575785,1.625497685185185e-05,0.039858,0.001605303164137151,-0.0015318038194444446,5.073004,0.19582878968139353,0.002307958680555556,5.126635,0.293414229842193,42.09619039791667,1437.642677,242.2158503608254,-0.0014091998842592597,6.270451,0.29273931074417536,430.0,0.0,8234.0,8641.0,390.0,0.0451336650850596,1.0,0.0001157273463719477,0.0,0.0
2023-02-13,0.04551897152777778,3.539628,0.2806017305075118,0.1159682162037037,5.323862,0.6025319390773373,1.4921296296296295e-06,0.0119,0.0003780689598208234,1.0799768518518477e-06,0.019188,0.0012108931635247608,0.00028825972222222204,5.034748,0.18855219975847617,-0.0010693418981481486,5.050457,0.28013668965030164,7.825348699189815,1434.692262,105.5077292521767,-0.00021058807870370376,5.534903,0.2754731012925529,394.0,0.0,8267.0,8641.0,358.0,0.04143039000115727,1.0,0.0001157273463719477,0.0,0.0
2023-02-14,0.0425148056712963,3.513993,0.26868405323543004,0.11608882731481483,5.444349,0.6041406114192225,-1.955208333333334e-06,0.007852,0.0003986014568304859,-6.6567129629629625e-06,0.021727,0.001263544915749453,-0.0003945656250000003,5.114434,0.1636778486445071,0.0009966797453703703,5.080972,0.27497574700307215,0.02424294062500001,22.509739,4.62467407056238,-0.001721288425925926,6.25544,0.27082436281311273,390.0,0.0,8271.0,8641.0,354.0,0.04096748061566948,1.0,0.0001157273463719477,0.0,0.0
2023-02-15,0.03471970150462963,3.594104,0.23819382294109276,0.1076257587962963,6.214057,0.5921562710275797,-5.869791666666666e-06,0.00595,0.00032669876128410086,7.881828703703702e-06,0.043145,0.0011999125124543537,0.001025130902777778,5.04708,0.1518079785806086,-0.0007333078703703702,5.037916,0.24435315842939592,28.332806426620373,1431.884099,198.06238704211964,-0.00010105902777777786,6.155753,0.23926770863658672,352.0,0.0,8306.0,8641.0,322.0,0.03726420553176716,1.0,0.0001157273463719477,0.0,0.0
2023-02-16,0.03164128356481481,3.524888,0.2235427334656311,0.10883825590277778,5.200812,0.6010995812637197,-9.391203703703709e-07,0.008752,0.0003242406627886745,-1.4361111111111103e-06,0.021072,0.0011126455430617243,0.00045846666666666657,5.072799,0.12649533008013836,-0.001095594675925926,5.058328,0.24650044906668364,107.56611196122685,1439.37902,376.27357557640454,0.00042762511574074045,6.284526,0.24461045340191,348.0,0.0,8310.0,8641.0,318.0,0.03680129614627937,1.0,0.0001157273463719477,0.0,0.0
2023-02-17,0.025458561226851854,3.240333,0.1925855981406796,0.10103788379629629,5.230293,0.5884271869654631,2.5104166666666613e-07,0.00845,0.00029559878243520587,-1.4087962962962964e-05,0.023763,0.0010849343220025662,-0.00024349351851851868,5.121357,0.13475073863517512,0.00021520138888888812,5.00982,0.2399892939274862,0.02329489837962963,8.895382,3.36890603939555,0.0009539966435185187,5.359953,0.23877603511964687,308.0,0.0,8347.0,8641.0,282.0,0.03263511167688925,1.0,0.0001157273463719477,0.0,0.0
2023-02-18,0.023539977083333333,3.484512,0.1823394343207297,0.09999592094907407,5.330271,0.5916247006210837,5.881944444444446e-06,0.004939,0.0002574283267130818,-1.4565972222222222e-05,0.015299,0.0009000918260570006,-0.00027466203703703664,5.03602,0.11036280940464174,0.0006909644675925925,5.101849,0.22497353143395257,1.490141230439815,1434.270425,46.27519785244836,-0.0007871575231481489,5.678749,0.21867872108880132,302.0,0.0,8353.0,8641.0,276.0,0.03194074759865756,1.0,0.0001157273463719477,0.0,0.0
2023-02-19,0.02006619583333333,2.850032,0.16037911070444674,0.09362056168981482,5.644948,0.5854785860802431,-4.998148148148148e-06,0.008641,0.0002857082118339232,-1.957638888888889e-06,0.016582,0.0008252601160332153,0.0006554812499999999,5.044365,0.09543512499690086,-0.0006840175925925926,5.108754,0.21987511122464798,18.336451853240742,1436.401153,160.88368219888207,0.0005221042824074075,5.432166,0.21438793593104008,265.0,0.0,8387.0,8641.0,245.0,0.028353199861127186,1.0,0.0001157273463719477,0.0,0.0
2023-02-20,0.026795972106481478,3.494766,0.19657390573796335,0.1026640662037037,8.741722,0.6107266612232082,3.594212962962962e-06,0.006302,0.0002691853016505254,4.321296296296296e-06,0.030024,0.001132803458227336,-0.001031454050925926,5.028879,0.1288591712350446,-0.00020490590277777798,4.976303,0.2320972852251919,25.473387966666667,1436.806141,189.31322315628685,0.00010498738425925819,5.265037,0.2340747593193232,307.0,0.0,8348.0,8641.0,281.0,0.0325193843305173,1.0,0.0001157273463719477,0.0,0.0
2023-02-21,0.025978022685185183,3.433882,0.1963251001961924,0.10187274548611111,5.315531,0.5979283670417525,-4.3935185185185216e-07,0.008989,0.00028733913454414797,1.4347569444444447e-05,0.017239,0.0010057760030734904,0.0002489690972222223,5.134326,0.09591480786428101,0.0008083495370370375,5.080565,0.241119629891036,-9.449597752546294,1438.591151,331.7234446762508,-0.0006168121527777776,5.621345,0.22474788360191877,310.0,0.0,8345.0,8641.0,285.0,0.03298229371600509,1.0,0.0001157273463719477,0.0,0.0
2023-02-22,0.03142409293981482,3.558214,0.21967721340211757,0.11174747465277778,5.298227,0.6187401965832364,-2.2947916666666667e-06,0.006385,0.0002580627217341543,-5.439814814814834e-07,0.032916,0.0013066880877569244,-0.0015328184027777775,5.170608,0.14890250134156727,0.0005199850694444448,5.088853,0.2540710802708982,-29.364562944791665,1439.729321,342.9486647905253,0.0010148842592592592,5.661572,0.25265558753771283,350.0,0.0,8308.0,8641.0,318.0,0.03680129614627937,1.0,0.0001157273463719477,0.0,0.0
2023-02-23,0.03273650659722223,3.724845,0.22727592936805915,0.11130730787037038,5.456526,0.6142773927051609,-5.390046296296295e-07,0.004644,0.0002887026596757225,3.493287037037037e-06,0.028091,0.0011615266251328634,-0.0009372296296296298,5.014379,0.12307014442355647,0.0013945236111111117,5.144183,0.2569716219452532,-33.29917841111111,1439.945185,332.56170975441336,0.000781712731481482,5.649791,0.23793953423079411,356.0,0.0,8303.0,8641.0,325.0,0.037611387570883,1.0,0.0001157273463719477,0.0,0.0
2023-02-24,0.03618416440540045,3.4306775,0.23452076356265267,0.11654352160174544,5.3889130000000005,0.6227132370227169,-2.205094735708903e-06,0.010588,0.00034666870238062665,-1.930713577819975e-05,0.015178500000000001,0.001012467031019492,0.00013591527929936127,5.064503,0.1248319860923621,-0.0010316916360364789,5.053775,0.2546005744581345,66.34637889317558,1437.642138,254.06849385575407,-7.999214825342443e-05,5.8972195,0.24826170847690748,175.5,0.0,4153.5,4320.5,160.0,0.03919011567708643,0.5,9.417969485778867e-05,0.0,0.0
2023-02-25,0.02915079270833333,3.406964,0.21117445400732326,0.09985031134259259,5.403333,0.5883340147242497,4.02511574074074e-06,0.009124,0.0002946663048681769,-1.7072569444444444e-05,0.019336,0.0010165998275335475,-0.00017944340277777776,5.030375,0.10964425159999946,0.0008909614583333332,5.064574,0.2355678921919341,37.38525804363426,1437.522069,228.95091761414145,-0.0007008658564814807,5.494412,0.2215695839538513,308.0,0.0,8347.0,8641.0,283.0,0.032750839023261195,1.0,0.0001157273463719477,0.0,0.0
2023-02-26,0.02885097037037037,3.335185,0.21165676844137432,0.09826507523148148,5.644948,0.583675503137316,-1.808333333333334e-06,0.004339,0.0002711092002718561,3.273842592592591e-06,0.017209,0.0008550556412097298,-0.0014482781249999998,5.0669,0.11152458799299331,0.0014973402777777782,5.046788,0.22834683975976894,-0.025567526504629623,19.240442,4.388338523216695,0.00023174722222222226,5.080913,0.21166091446007892,302.0,0.0,8353.0,8641.0,277.0,0.03205647494502951,1.0,0.0001157273463719477,0.0,0.0
2023-02-27,0.029156207754629623,3.5627,0.21363868882499454,0.09653964502314814,5.371929,0.5753716222954889,5.140046296296293e-07,0.007673,0.00027946620614662546,2.6366898148148175e-06,0.03444,0.0011840532749646641,-0.0005850256944444445,5.132639,0.113170562813244,-0.0007603545138888892,5.046768,0.23488024833862461,103.74041885752314,1439.579362,371.42897862032595,-0.000426081597222223,5.543978,0.2262138546866909,303.0,0.0,8352.0,8641.0,278.0,0.032172202291401455,1.0,0.0001157273463719477,0.0,0.0
2023-02-28,0.04199801481481481,4.881008,0.2892955812768519,0.07551642037037036,6.426191,0.4829715842118538,4.575462962962963e-06,0.008807,0.0003559720047360778,-7.884027777777777e-06,0.021716,0.0009690803888578957,0.0024137943287037044,5.168876,0.28843879850408494,0.0018186371527777777,5.063322,0.3433160971369039,5.996446563310185,1439.987115,92.18693758616438,-4.668414351851903e-05,5.733644,0.41909717576625444,311.0,0.0,8338.0,8641.0,229.0,0.026501562319176022,1.0,0.0001157273463719477,0.0,0.0
2023-03-01,0.033357959606481476,3.529374,0.22852524610546074,0.11067502465277777,5.376415,0.6125829593012407,-5.171990740740741e-06,0.006261,0.0003005905959616364,1.8073958333333328e-05,0.026739,0.0011623954230570597,0.0005970167824074077,5.081306,0.13501213327348618,-0.0006171481481481479,5.19954,0.28212152746285074,0.3101553396990741,1429.384714,21.853108445609532,0.0006645317129629631,5.54563,0.2761462855246422,354.0,1.0,8301.0,8641.0,326.0,0.037727114917254945,2.0,0.0002314546927438954,0.0,0.0
2023-03-02,0.04926479426448392,3.596026,0.28399720100992276,0.12409905979333567,5.416791,0.6091001274725009,1.4713804713804724e-06,0.012989,0.0003880909787399016,-1.3960873098804132e-05,0.026466,0.001332430338792632,-0.0014081484964588414,5.019299,0.14462827561014602,0.00045543759433414564,5.087791,0.28460361863707545,0.32722494972715666,612.823575,53.51952205835335,-0.00046772831765935156,6.481774,0.2816180087723723,442.0,0.0,8195.0,8615.0,393.0,0.04561810795124782,3.0,0.0003482298316889147,0.0,0.0
2023-03-03,0.06521242847222222,3.629994,0.3092235868670281,0.22475610682870367,5.559709,0.8678703474424528,-3.874652777777777e-06,0.005602,0.00042756471066859175,2.3870370370370373e-05,0.0315,0.001736098152894239,0.001319356828703704,5.060571,0.20117151484506643,-0.0007673226851851855,5.092394,0.358738332240939,8.568483184143519,1435.229759,111.97099712584482,-0.0015564895833333333,5.674331,0.35878702049080125,700.0,0.0,7973.0,8641.0,645.0,0.07464413840990626,1.0,0.0001157273463719477,0.0,0.0
2023-03-04,0.09698381898148148,3.585131,0.3981463725711766,0.2600039472222222,5.455245,0.8947326004639844,-1.1398148148148144e-06,0.010736,0.0005349185392451484,4.491666666666668e-06,0.036322,0.0018154254130061855,-0.0006842319444444445,5.072529,0.24618034665465016,0.00035958668981481465,5.100743,0.4148547745695209,1.2317636902777778,1433.148852,44.26955171892453,-3.74943287037032e-05,5.941454,0.3974394580319523,872.0,0.0,7813.0,8641.0,796.0,0.09211896771207036,1.0,0.0001157273463719477,0.0,0.0
2023-03-05,0.06767547314814815,3.581927,0.3177820342771136,0.2321677164351852,6.435804,0.8706305210107177,3.755439814814815e-06,0.009711,0.00041788888538502663,5.028935185185219e-07,0.035951,0.0016163007256212874,-0.0015196557870370373,5.059803,0.1786886815317167,0.00014465960648148106,5.139713,0.34211475127330926,-17.206924548148145,1439.999038,359.0122586803973,0.0007457087962962972,6.373352,0.3329840388328374,728.0,0.0,7945.0,8641.0,668.0,0.07730586737646106,1.0,0.0001157273463719477,0.0,0.0
2023-03-06,0.032625804405797106,3.448622,0.18625805855812513,0.23610138979710144,10.519547,1.3936616847947703,1.459130434782609e-06,0.008606,0.00023931700605715097,1.388985507246378e-07,0.028623,0.0007380978110414222,-0.00279577715942029,5.092821,0.1383621033981309,0.00041550747826086913,5.097836,0.20190281691167627,0.03179793820289855,17.072196,2.319934928095795,0.0014142173913043485,5.413815,0.1816068924397338,357.0,4782.0,8284.0,8626.0,236.0,0.027359146765592396,78.0,0.009042429863204266,0.0,0.0
2023-03-07,0.058059101273148145,3.58385,0.3014878360447679,0.19608338287037036,5.330912,0.7980700633253085,-1.225810185185186e-06,0.008034,0.0004249002356564984,-3.920717592592593e-06,0.028341,0.0013464332327048896,0.0006649690972222224,5.103797,0.17335438499176806,-0.00019818969907407327,5.084927,0.3120498109126227,93.02152569907406,1438.585592,351.7076389023652,-0.0005120010416666671,5.615532,0.29873472094913894,624.0,0.0,8046.0,8641.0,574.0,0.06642749681749797,1.0,0.0001157273463719477,0.0,0.0
2023-03-08,0.0668593745656706,3.64217,0.3254136750913911,0.21258806659717394,10.510575,0.8818291455428047,-2.592541116516099e-06,0.006319,0.00044782135553454353,5.688672689367616e-06,0.030601,0.0014090742480210273,-0.00221041440815381,5.054384,0.19665694176118106,0.0006853972666203367,5.119509,0.3621863536667828,-7.018475755385684,1439.564667,280.08053913875614,0.0015088353022932595,5.528462,0.3474829798337722,655.0,397.0,8012.0,8635.0,591.0,0.06844238563983787,7.0,0.0008106543138390272,0.0,0.0
2023-03-09,0.06366301909722223,3.424909,0.31018608509658036,0.21324740462962963,5.705191,0.8296240106727881,-9.21875e-07,0.007302,0.0004242964391274528,-2.0689467592592594e-05,0.040262,0.0015143915399571317,0.00025877395833333316,5.1522,0.18908648585489898,1.2075231481481228e-05,5.037614,0.3494783529558803,-0.27338433483796304,444.956806,19.717115479680686,0.0004086071759259255,6.254505,0.3339578799396913,691.0,0.0,7983.0,8641.0,634.0,0.07337113759981484,1.0,0.0001157273463719477,0.0,0.0
2023-03-10,0.06454602245370371,3.554369,0.31123146399999396,0.20818557291666667,5.856441,0.8232964940292108,7.341782407407406e-06,0.009043,0.0004448174607782279,8.864351851851854e-06,0.029452,0.0017546821875302847,0.0003516944444444447,5.209156,0.21156246036136273,0.0005335341435185185,5.111876,0.3645306723217323,-24.935709013773145,1439.740179,285.16173314818735,0.000942410648148148,6.868047,0.3583490137054633,668.0,0.0,8002.0,8641.0,617.0,0.07140377271149173,1.0,0.0001157273463719477,0.0,0.0
2023-03-11,0.06925633240740742,3.636402,0.32927450379835255,0.22181091064814812,5.423841,0.8422407710738861,1.0833101851851854e-05,0.011733,0.0004850607249164273,-3.6616898148148196e-06,0.083779,0.001790823044839418,0.0017015997685185186,5.077178,0.18985296147771513,-0.00039998634259259217,5.122205,0.3562981941583422,-0.3846793869212963,23.946012,22.11041101248198,0.0002832278935185181,6.535629,0.34175568248404675,710.0,0.0,7963.0,8641.0,652.0,0.07545422983450989,1.0,0.0001157273463719477,0.0,0.0
2023-03-12,0.04386408472222222,3.387738,0.23128839106417948,0.2130581090277778,5.566118,0.8595877037114895,-1.0939814814814814e-06,0.005723,0.00036080840919744487,-1.0620370370370386e-06,0.023563,0.0013368619238859616,-0.00018825497685185212,5.066384,0.1305998088316621,-0.0018121505787037034,5.126585,0.31368181204194623,85.30473856724537,1437.473257,337.8472973057858,0.0001606325231481488,5.891115,0.30539911555291865,618.0,0.0,8049.0,8641.0,573.0,0.06631176947112603,1.0,0.0001157273463719477,0.0,0.0
2023-03-13,0.05129832156499595,3.622303,0.27332350334258837,0.19902980761662228,5.650075,0.8141911540863503,1.8015974071073047e-06,0.006684,0.00037047173452530737,-3.521125130223404e-06,0.028037,0.0013338890731587542,-0.00010060388933904373,5.061895,0.1544145084892403,-0.0005684641740942238,5.092207,0.30519741961061697,2.378669144808427,1434.020288,61.70479431591588,0.002237438592429679,5.49192,0.27039797238594,604.0,0.0,8059.0,8640.0,557.0,0.06446759259259259,1.0,0.00011574074074074075,0.0,0.0
2023-03-14,0.049799202893518524,3.631916,0.25787528437002016,0.22238348344907408,5.457167,0.8700249803869198,-2.254050925925926e-06,0.005221,0.0003267980129045508,1.3153240740740747e-05,0.021081,0.0013990529917252705,0.00021686504629629626,5.13851,0.1611181128623002,-0.0006036086805555559,5.155102,0.3405914207995281,-0.04828357280092588,1428.696878,21.775673945250933,0.0009133936342592591,6.964928,0.33232552265280085,662.0,0.0,8008.0,8641.0,612.0,0.07082513597963198,1.0,0.0001157273463719477,0.0,0.0
2023-03-15,0.0657950880787037,3.553728,0.3115816620622163,0.22989923842592594,6.230079,0.8806341567367617,1.2486111111111106e-06,0.00768,0.000391871777480004,2.8314814814814816e-05,0.029471,0.0014516490485067405,-0.0006177295138888886,5.089146,0.15592821135535198,6.004965277777924e-05,5.135578,0.32742695727576565,0.5779067250000076,1439.994324,389.4703549661834,-0.0017595216435185189,5.569768,0.31577078734739206,705.0,0.0,7968.0,8641.0,648.0,0.0749913204490221,1.0,0.0001157273463719477,0.0,0.0
2023-03-16,0.06571119456018519,3.658193,0.3127600906668994,0.2178491957175926,7.879086,0.8505832067329705,-2.580555555555556e-06,0.007032,0.0003869698693908051,-4.283564814814794e-07,0.038224,0.0017006322504066313,-0.0016212260416666668,5.081886,0.1812558168901766,0.0002980310185185168,5.063927,0.3391942350919095,53.39297084282407,1437.758784,272.77993918311375,-0.0006455052083333343,5.926705,0.328976457840784,698.0,0.0,7975.0,8641.0,643.0,0.07441268371716236,1.0,0.0001157273463719477,0.0,0.0
2023-03-17,0.08516719356332485,3.707541,0.3644823188315936,0.24844720409817087,5.544328,0.8916163831127533,-8.111484139847186e-06,0.005996,0.0004396847236427373,3.565454966427414e-05,0.030079,0.0017887638947227179,-0.0006230948136142626,5.09964,0.23047907425169867,0.00033865188701088237,5.096821,0.3899030756447081,54.290123900671446,1437.471919,273.49518385387483,-0.00026545774484834487,6.283352,0.3788413948877074,818.0,0.0,7862.0,8639.0,748.0,0.08658409538140989,1.0,0.00011575413821044102,0.0,0.0
2023-03-18,0.09522094816256997,3.648579,0.3946476307610949,0.2651802936237528,5.998077,0.9117734580972577,-2.221708444877101e-06,0.008197,0.0005357428795705007,-3.093903626186421e-05,0.025887,0.001938050959227312,-0.0009166250912630809,5.064945,0.21815496979289944,0.0006878823314675108,5.07622,0.3902449552720569,-1.8098315265271354,1432.673778,116.67607094845908,0.0013970752007787782,6.211598,0.36953990202541404,833.0,0.0,7427.0,8220.0,761.0,0.09257907542579076,2.0,0.00024330900243309004,0.0,0.0
2023-03-19,0.06408446821107602,3.5614185000000003,0.3283692891318476,0.17012578123081679,7.2862635000000004,0.7657346846846933,-1.7227460419104813e-06,0.0070265,0.0004378997731048245,-2.0742957140018107e-05,0.0415755,0.0015290427298405855,0.001996318110053658,5.061672,0.1790631869379143,0.00010134798341687498,5.10677,0.28883374780909554,-0.6421444230805752,724.116922,35.939795378690725,-0.0009372668944730277,5.296376,0.2832432844595908,283.0,0.0,4053.5,4320.5,254.0,0.05889049363516054,0.5,0.00013962580284836637,0.0,0.0
2023-03-20,0.09933277800925926,3.567186,0.4050066677396722,0.25983422881944446,5.361675,0.888500052473484,4.463773148148148e-06,0.015571,0.0005782239965942361,8.829398148148153e-06,0.026056,0.001652312968441629,-0.002641946412037037,5.068386,0.22257552529745112,0.000758869675925926,5.100406,0.40946058279334113,34.674591577777775,1438.634208,220.05625766946355,0.0018931723379629628,6.043832,0.38786843656590136,886.0,0.0,7800.0,8641.0,808.0,0.09350769586853373,1.0,0.0001157273463719477,0.0,0.0
2023-03-21,0.08561360555555556,3.588336,0.37185989159998156,0.2544679733796296,8.955779,0.9199906873920333,-1.6583333333333314e-06,0.009076,0.0005274715923631213,7.087962962962962e-06,0.032095,0.0017133712874199726,0.0009432989583333329,5.128853,0.23452774013454236,0.0009074328703703708,5.129494,0.3874532624046922,-8.8592888056713,1439.997328,312.122705118279,0.00044752638888889034,6.466961,0.37843605621287574,832.0,0.0,7851.0,8641.0,758.0,0.08772132854993635,1.0,0.0001157273463719477,0.0,0.0
2023-03-22,0.08237085689475512,3.687033,0.3721279971794648,0.20993879865694104,5.486007,0.7975874990733862,-1.1871020030103046e-06,0.00924,0.0004593590540953101,4.264212110686579e-06,0.027993,0.001693804277208294,0.00015020203774458726,5.103058,0.23015072921738974,-0.004563497626490679,5.0803,0.34630948457869487,97.45187495646637,1439.74964,361.14447897267127,0.000880860368183397,6.911813,0.33518930839334626,726.0,23.0,7948.0,8638.0,667.0,0.0772169483676777,1.0,0.00011576753878212549,0.0,0.0
2023-03-23,0.0660557460648148,3.530656,0.3209236542950948,0.220010934375,5.298868,0.8424101692256629,7.2974537037037034e-06,0.011639,0.00042018121418532247,2.3139236111111114e-05,0.033898,0.0014798946211697687,-0.0018854546296296294,5.057168,0.15914466540050332,-7.084965277777689e-05,5.042047,0.33395234769646237,-31.468109454629626,1439.490358,259.11666122351653,0.002718462152777778,6.60432,0.3238048999390786,693.0,0.0,7980.0,8641.0,636.0,0.07360259229255874,1.0,0.0001157273463719477,0.0,0.0
2023-03-24,0.06850603240740741,3.734458,0.32376638973182204,0.21875459918981482,5.700064,0.8367366250708123,7.717592592592589e-07,0.011466,0.00042645968962170085,8.651851851851852e-06,0.03385,0.0014864890975406937,0.000411628009259259,5.044708,0.19711002985942996,0.0010263261574074071,5.127321,0.3491647914132319,2.6323467693287035,1439.998499,61.78996480063144,0.0012807018518518523,6.4587,0.32923834574197447,702.0,0.0,7972.0,8641.0,645.0,0.07464413840990626,1.0,0.0001157273463719477,0.0,0.0
2023-03-25,0.05944077659451325,3.525529,0.2992583260797787,0.2119562634564186,5.66802,0.8281359107818,4.048153721495544e-06,0.006266,0.0003464985410366132,-1.979256858432689e-05,0.064381,0.0016549991722193227,0.0008003902071999075,5.053174,0.15923757508829292,0.0018418411853223756,5.056642,0.3403637996232429,0.12466850190994333,1439.994615,15.70593868385289,0.00019425373307095748,6.742462,0.33080196712661547,664.0,0.0,8005.0,8640.0,615.0,0.07118055555555555,1.0,0.00011574074074074075,0.0,0.0
2023-03-26,0.050597125694444446,3.581286,0.2599673688731074,0.22235655567129628,5.341807,0.8711561167396993,3.623842592592599e-07,0.012231,0.0003706072669421411,-5.114583333333292e-07,0.035267,0.0013535573439547091,-0.001250985185185185,5.048542,0.1411009785996608,0.0007636350694444451,5.025336,0.3081560472789098,3.4873618371527777,1433.263874,70.58461053955857,-0.0006248156250000012,6.413625,0.3014735027438391,657.0,0.0,8014.0,8641.0,604.0,0.0698993172086564,1.0,0.0001157273463719477,0.0,0.0
2023-03-27,0.04914825399398008,3.701132,0.2619435424152732,0.20470621706413522,5.969237,0.8317846678080667,-1.9026394998842323e-06,0.009448,0.00033880763705450653,-7.137531836073169e-06,0.024868,0.0012918766627929143,-0.00024199097013197473,4.98503,0.15248596858056299,-1.4447557304930639e-05,5.111181,0.3129415948704271,39.685128564482525,1437.611046,235.19231780501852,0.002601723084047233,5.28357,0.28159211856475436,607.0,0.0,8055.0,8639.0,567.0,0.06563259636532005,1.0,0.00011575413821044102,0.0,0.0
2023-03-28,0.04732970451388888,3.602435,0.2470887362943862,0.22545611284722222,7.208075,0.8861767008627659,7.443287037037036e-07,0.008251,0.0003615014646906768,-5.567476851851854e-06,0.025306,0.0014298329358383211,-0.0011851693287037036,5.010763,0.13843108107638366,0.00047937037037036953,5.127237,0.32878186226263323,2.6583441751157406,1433.842775,64.4160666352042,-0.0011081368055555546,5.751622,0.32209718825508293,666.0,0.0,8004.0,8641.0,615.0,0.07117231801874783,1.0,0.0001157273463719477,0.0,0.0
2023-03-29,0.06312998495370371,3.599872,0.30208287256220634,0.2359132820601852,5.4232,0.8898209544121736,4.93125e-06,0.008793,0.0003927103724673177,2.592175925925926e-05,0.02659,0.0014361716414048706,-0.0005005023148148147,5.095131,0.15926402675154847,-0.00032955381944444454,5.082695,0.3606191291728071,5.532643663541665,1434.327195,93.67995517426438,-0.0002899984953703702,5.250092,0.34901152988257056,721.0,0.0,7952.0,8641.0,666.0,0.07707441268371716,1.0,0.0001157273463719477,0.0,0.0
2023-03-30,0.050014984143518515,3.404401,0.2554790966121631,0.21359017847222225,5.864132,0.8615733664902682,-7.709375e-06,0.006531,0.00034919105848838015,-2.8169791666666664e-05,0.022119,0.0012388486424956312,-0.0023378608796296298,5.032004,0.12047606560267858,9.292557870370253e-05,5.209632,0.2970948112787413,29.693588604050927,1437.155269,205.0528368452269,-0.0004816249999999995,5.16381,0.26446212500153227,616.0,1.0,8048.0,8641.0,571.0,0.06608031477838214,1.0,0.0001157273463719477,0.0,0.0
2023-03-31,0.0776410805648802,3.724204,0.3476350158826919,0.23478945248292626,5.703909,0.8798965299545942,8.318092371802292e-06,0.006903,0.0004406736531346618,1.180564880194467e-05,0.048095,0.0017537166964838756,0.0017614639425859474,5.079871,0.20573427411966919,-0.001113283713392754,5.132936,0.3575990050617464,26.165459531195737,1439.992915,193.90825663819007,0.0005610471119342519,5.876004,0.34595386416341317,746.0,0.0,7929.0,8640.0,682.0,0.07893518518518519,1.0,0.00011574074074074075,0.0,0.0
2023-04-01,0.0703091772195856,3.603076,0.33627256967502134,0.2419138586641972,10.513138,1.055426524496501,2.3412431994443804e-06,0.006645,0.00036904911542578675,3.8766060886676715e-06,0.030809,0.001620256015563348,-0.0008085433499247597,5.117585,0.20060792087799542,0.002506524597754369,5.167096,0.34047912933765895,13.326438630049777,1437.181673,139.23012808245934,0.0021136225257552955,6.608425,0.32527272407986607,672.0,1230.0,8003.0,8640.0,584.0,0.06759259259259259,27.0,0.003125,0.0,0.0
2023-04-02,0.0814903432110198,3.62038,0.36190946137468344,0.21871545537677975,5.360393,0.8315249345090476,5.368676930200259e-07,0.017842,0.0005806960821305447,2.6690589188563468e-06,0.039479,0.001679165360885136,0.00038753478411853164,5.079196,0.2232913036221629,0.001019510128487094,5.088669,0.3369826126566045,5.047664537562218,1435.425439,84.37234655402908,-0.0016070832272253744,5.936194,0.32976078165716244,733.0,0.0,7939.0,8640.0,678.0,0.07847222222222222,1.0,0.00011574074074074075,0.0,0.0
2023-04-03,0.09293168078703704,3.59859,0.3892911933210186,0.36291390787037037,10.512497,1.3252109223605393,1.8340277777777785e-06,0.010684,0.0006214030724466183,9.604166666666665e-06,0.028243,0.0016943896063207752,-0.002063928819444445,5.026969,0.21278637025924238,0.00019987245370370544,5.151631,0.39620564301627537,32.912263531481486,1437.783033,224.83879522116248,-0.00030275624999999943,6.110155,0.37618870442697716,841.0,99.0,7841.0,8641.0,769.0,0.08899432936002777,3.0,0.0003471820391158431,0.0,0.0
2023-04-04,0.06267995379270411,3.717154,0.3193027515437197,0.4467454394904459,10.544542,1.795798863533808,1.8856977417486975e-06,0.016431,0.0006434405391162682,2.6467863346844244e-05,0.043087,0.0015835591244281523,-2.4949623624777214e-06,5.103577,0.2101653820567189,0.000349343949044586,5.147355,0.2981992968363461,5.348211465199769,1439.999955,289.04802300921153,0.0015501058482918367,6.737864,0.2818704668557369,614.0,1777.0,8051.0,8636.0,520.0,0.06021306160259379,41.0,0.004747568318666049,0.0,0.0
2023-04-05,0.01798504181144313,3.561419,0.17483261588324153,0.13566167801714155,10.541337,1.0635385832208903,3.3064628214037532e-06,0.009128,0.00022589678398266737,-1.3563817465832763e-06,0.024949,0.000688366423298536,-0.00039954632846884416,4.978144,0.09368483049142169,-0.0012746919156821869,5.132463,0.13404467450660495,-0.0028758422515635855,8.11649,0.601832850613358,3.096154737085896e-05,5.046384,0.12609101760240538,165.0,1195.0,8478.0,8635.0,125.0,0.01447596988998263,23.0,0.0026635784597568036,0.0,0.0
2023-04-06,0.0,0.0,0.0,0.0,0.0,0.0,0.0,0.0,0.0,0.0,0.0,0.0,5.9282291666666675e-05,0.009204,0.0022912516039881284,-3.219351851851852e-05,0.008054,0.0021557491906068443,-6.161261574074075e-05,0.008004,0.0023259238170630137,-3.0675115740740736e-05,0.008041,0.0021401492525908,0.0,0.0,8640.0,8641.0,0.0,0.0,1.0,0.0001157273463719477,0.0,0.0
2023-04-07,0.0,0.0,0.0,0.0,0.0,0.0,0.0,0.0,0.0,0.0,0.0,0.0,4.282395833333334e-05,0.00989,0.002236331476366816,-2.8929282407407406e-05,0.008313,0.002184912012336951,-4.3813657407407404e-05,0.009221,0.0022696489249194084,-2.73662037037037e-05,0.008271,0.0021697081703110047,0.0,0.0,8640.0,8641.0,0.0,0.0,1.0,0.0001157273463719477,0.0,0.0
2023-04-08,0.0,0.0,0.0,0.0,0.0,0.0,0.0,0.0,0.0,0.0,0.0,0.0,2.5658680555555555e-05,0.009072,0.0022902228500543556,-1.9269328703703702e-05,0.007922,0.0021920696507848236,-2.645462962962963e-05,0.009354,0.002324753398525503,-1.8579050925925928e-05,0.007874,0.002176357549733393,0.0,0.0,8640.0,8641.0,0.0,0.0,1.0,0.0001157273463719477,0.0,0.0
2023-04-09,0.0,0.0,0.0,0.0,0.0,0.0,0.0,0.0,0.0,0.0,0.0,0.0,5.820983796296297e-05,0.00825,0.0022607161702800174,3.887141203703704e-05,0.007302,0.00211540391844683,-5.82837962962963e-05,0.009383,0.0022945584466548996,3.9500925925925916e-05,0.007253,0.0021006784209440534,0.0,0.0,8640.0,8641.0,0.0,0.0,1.0,0.0001157273463719477,0.0,0.0
2023-04-10,0.0,0.0,0.0,0.0,0.0,0.0,0.0,0.0,0.0,0.0,0.0,0.0,3.434536033061555e-05,0.008802,0.002173450450758111,9.124377082646556e-05,0.0081995,0.002226012902455704,-3.288159707021552e-05,0.0083335,0.002206941193983846,9.12849427758909e-05,0.0080995,0.0022093919781682493,0.0,0.0,4320.0,4320.5,0.0,0.0,0.5,0.00021701388888888888,0.0,0.0
2023-04-11,0.002591593287037037,1.80282,0.04491812919991063,0.04441618310185185,10.525956,0.6534840073663536,8.368055555555556e-08,0.00035,7.424836536078813e-06,1.460300925925926e-06,0.002631,5.809029017901576e-05,-0.00023540949074074075,1.347797,0.02971078380064649,-0.0004287793981481481,5.001033,0.09479589441014456,0.010511061111111109,6.006571,0.4471597503792992,-0.00030910578703703694,5.001033,0.08807539574299279,50.0,733.0,8594.0,8641.0,29.0,0.003356093044786483,12.0,0.0013887281564633723,0.0,0.0
2023-04-12,0.0,0.0,0.0,0.0,0.0,0.0,0.0,0.0,0.0,0.0,0.0,0.0,7.127280092592593e-05,0.011311,0.002159557135107777,-6.95162037037037e-05,0.006871,0.002156931861614237,-7.149861111111111e-05,0.011618,0.0021769239926817774,-6.878032407407407e-05,0.006871,0.0021570579625305153,0.0,0.0,8640.0,8641.0,0.0,0.0,1.0,0.0001157273463719477,0.0,0.0
2023-04-13,0.0,0.0,0.0,0.0,0.0,0.0,0.0,0.0,0.0,0.0,0.0,0.0,8.714074074074074e-05,0.009289,0.0021365304494091286,-1.6493865740740737e-05,0.008256,0.0021128735190872206,-8.751192129629629e-05,0.011578,0.002153723362002143,-1.649409722222222e-05,0.008256,0.0021128737261210334,0.0,0.0,8640.0,8641.0,0.0,0.0,1.0,0.0001157273463719477,0.0,0.0
2023-04-14,0.0,0.0,0.0,0.0,0.0,0.0,0.0,0.0,0.0,0.0,0.0,0.0,7.144143518518518e-05,0.009348,0.0022347303952350095,-2.619155092592593e-05,0.007827,0.0021775375278920706,-7.202175925925924e-05,0.009361,0.00225302164671388,-2.6192361111111116e-05,0.007827,0.0021775368506106955,0.0,0.0,8640.0,8641.0,0.0,0.0,1.0,0.0001157273463719477,0.0,0.0
2023-04-15,0.0,0.0,0.0,0.0,0.0,0.0,0.0,0.0,0.0,0.0,0.0,0.0,0.00013415011574074076,0.008495,0.0022571825881078826,-1.2386921296296296e-05,0.006913,0.0022804308106075186,-0.0001352454861111111,0.009146,0.0022756597453429048,-1.1837847222222227e-05,0.006913,0.0022805147244593657,0.0,0.0,8640.0,8641.0,0.0,0.0,1.0,0.0001157273463719477,0.0,0.0
2023-04-16,0.0,0.0,0.0,0.0,0.0,0.0,0.0,0.0,0.0,0.0,0.0,0.0,9.803472222222222e-05,0.009151,0.0022341586222432955,-3.979201388888889e-05,0.008265,0.002354101617136507,-9.796388888888891e-05,0.007358,0.002251928416100581,-3.9792824074074083e-05,0.008265,0.0023541016892192623,0.0,0.0,8640.0,8641.0,0.0,0.0,1.0,0.0001157273463719477,0.0,0.0
2023-04-17,0.0,0.0,0.0,0.0,0.0,0.0,0.0,0.0,0.0,0.0,0.0,0.0,3.825694444444446e-05,0.009087,0.0022199467423834273,-5.034814814814815e-05,0.010143,0.0023912515467926503,-3.856319444444444e-05,0.008186,0.002238114392978369,-5.006909722222222e-05,0.010143,0.0023914049476761543,0.0,0.0,8640.0,8641.0,0.0,0.0,1.0,0.0001157273463719477,0.0,0.0
2023-04-18,0.0,0.0,0.0,0.0,0.0,0.0,0.0,0.0,0.0,0.0,0.0,0.0,8.509606481481481e-05,0.008354,0.002185345418149644,-3.993194444444443e-05,0.008358,0.002253643208776578,-8.578773148148149e-05,0.009407,0.002203230119180069,-3.993194444444444e-05,0.008358,0.002253643910191185,0.0,0.0,8640.0,8641.0,0.0,0.0,1.0,0.0001157273463719477,0.0,0.0
2023-04-19,0.0,0.0,0.0,0.0,0.0,0.0,0.0,0.0,0.0,0.0,0.0,0.0,-3.559027777777768e-06,0.007462,0.0022419189348038843,-6.885219907407406e-05,0.008167,0.002073990542638141,3.5787037037037007e-06,0.009086,0.002260269391572011,-6.901886574074074e-05,0.008167,0.0020738243174576692,0.0,0.0,8640.0,8641.0,0.0,0.0,1.0,0.0001157273463719477,0.0,0.0
2023-04-20,1.9805208333333333e-05,0.171117,0.0018409258090360404,0.0,0.0,0.0,0.0,0.0,0.0,0.0,0.0,0.0,4.6594907407407414e-05,0.008349,0.002200977909076361,-4.515034722222223e-05,0.008357,0.0021643898163677252,-4.6974884259259254e-05,0.01141,0.002219018458940648,-4.548599537037037e-05,0.008357,0.002164582408600729,0.0,2.0,8640.0,8641.0,0.0,0.0,1.0,0.0001157273463719477,0.0,0.0
2023-04-21,0.0,0.0,0.0,0.0,0.0,0.0,0.0,0.0,0.0,0.0,0.0,0.0,-5.854201388888889e-05,0.008346,0.002237572331509532,-4.581041666666667e-05,0.008288,0.0021658585614464884,5.921747685185185e-05,0.007511,0.0022557304334612375,-4.5811226851851864e-05,0.008288,0.0021658592837985177,0.0,0.0,8640.0,8641.0,0.0,0.0,1.0,0.0001157273463719477,0.0,0.0
2023-04-22,0.0,0.0,0.0,0.0,0.0,0.0,0.0,0.0,0.0,0.0,0.0,0.0,-5.031944444444443e-06,0.008176,0.0023761433855564395,-4.2812500000000004e-05,0.008451,0.0022026021469268384,4.950231481481488e-06,0.007836,0.002395693647682819,-4.281238425925926e-05,0.008451,0.002202602224879886,0.0,0.0,8640.0,8641.0,0.0,0.0,1.0,0.0001157273463719477,0.0,0.0
2023-04-23,0.0,0.0,0.0,0.0,0.0,0.0,0.0,0.0,0.0,0.0,0.0,0.0,2.836805555555614e-07,0.008765,0.0023611210424532,-3.4830208333333336e-05,0.008352,0.00212761251821272,-8.109953703703639e-07,0.00806,0.002379981634668307,-3.4830555555555556e-05,0.008352,0.0021276124745798716,0.0,0.0,8640.0,8641.0,0.0,0.0,1.0,0.0001157273463719477,0.0,0.0
2023-04-24,0.0,0.0,0.0,0.0,0.0,0.0,0.0,0.0,0.0,0.0,0.0,0.0,3.624363425925926e-05,0.011713,0.002358494632859531,-6.055972222222223e-05,0.0085,0.0021578422985127975,-3.651631944444445e-05,0.008242,0.0023777806346145214,-6.065451388888888e-05,0.0085,0.0021578454609681836,0.0,0.0,8640.0,8641.0,0.0,0.0,1.0,0.0001157273463719477,0.0,0.0
2023-04-25,0.0,0.0,0.0,0.0,0.0,0.0,0.0,0.0,0.0,0.0,0.0,0.0,-6.838686904341688e-06,0.008417,0.0021698131462522985,-9.127920931874337e-05,0.006694,0.002171435133338234,7.1270737733851e-06,0.009172,0.002187441230431615,-9.2088716319567e-05,0.006694,0.002170950067149946,0.0,30.0,8499.0,8503.0,0.0,0.0,4.0,0.0004704222039280254,0.0,0.0
2023-04-26,0.0,0.0,0.0,0.0,0.0,0.0,0.0,0.0,0.0,0.0,0.0,0.0,4.7376620370370365e-05,0.008586,0.002131440246858049,-1.658229166666666e-05,0.006723,0.002094060000676325,-4.775717592592593e-05,0.009932,0.00214893352414306,-1.658344907407407e-05,0.006723,0.002094060018153444,0.0,0.0,8640.0,8641.0,0.0,0.0,1.0,0.0001157273463719477,0.0,0.0
2023-04-27,0.0,0.0,0.0,0.0,0.0,0.0,0.0,0.0,0.0,0.0,0.0,0.0,-2.3961195412950313e-05,0.010242,0.0021258963927388193,-7.827545465075872e-05,0.008787,0.0021739279395058472,2.411849878373682e-05,0.009425,0.0021433499536023075,-7.82764971620526e-05,0.008787,0.0021739281895953445,0.0,1.0,8633.0,8635.0,0.0,0.0,2.0,0.00023161551823972206,0.0,0.0
2023-04-28,0.0,0.0,0.0,0.0,0.0,0.0,0.0,0.0,0.0,0.0,0.0,0.0,1.9079513888888892e-05,0.007983,0.0021269824678117927,-6.774247685185186e-05,0.008306,0.0021908756898165347,-1.923425925925926e-05,0.009105,0.002144440387979311,-6.774282407407408e-05,0.008306,0.002190874865663134,0.0,0.0,8640.0,8641.0,0.0,0.0,1.0,0.0001157273463719477,0.0,0.0
2023-04-29,0.0,0.0,0.0,0.0,0.0,0.0,0.0,0.0,0.0,0.0,0.0,0.0,9.498726851851852e-06,0.008308,0.0021134190185358457,-3.5556597222222214e-05,0.006712,0.0022200035267526718,-9.577546296296293e-06,0.008548,0.0021307668747381314,-3.5304513888888893e-05,0.006712,0.0022198640837912363,0.0,0.0,8640.0,8641.0,0.0,0.0,1.0,0.0001157273463719477,0.0,0.0
2023-04-30,0.0,0.0,0.0,0.0,0.0,0.0,0.0,0.0,0.0,0.0,0.0,0.0,1.0785069444444447e-05,0.007971,0.002115618565469413,-7.820046296296297e-05,0.007887,0.002221384134225889,-1.0878125000000005e-05,0.009065,0.002132973682341071,-7.815868055555556e-05,0.007887,0.002221268033105999,0.0,0.0,8640.0,8641.0,0.0,0.0,1.0,0.0001157273463719477,0.0,0.0
2023-05-01,0.0,0.0,0.0,0.0,0.0,0.0,0.0,0.0,0.0,0.0,0.0,0.0,2.6349189814814817e-05,0.008514,0.002099958699771212,-5.8237731481481484e-05,0.00645,0.002194806643541741,-2.6569560185185185e-05,0.00976,0.0021171915411733015,-5.7634374999999997e-05,0.00645,0.002194898015888072,0.0,0.0,8640.0,8641.0,0.0,0.0,1.0,0.0001157273463719477,0.0,0.0
2023-05-02,0.0,0.0,0.0,0.0,0.0,0.0,0.0,0.0,0.0,0.0,0.0,0.0,2.294456018518518e-05,0.007745,0.002162833461150948,-8.066435185185179e-06,0.00788,0.0022299572856356435,-2.316331018518518e-05,0.007902,0.002180583947787274,-8.163541666666667e-06,0.00788,0.002229929367313208,0.0,0.0,8640.0,8641.0,0.0,0.0,1.0,0.0001157273463719477,0.0,0.0
2023-05-03,0.0,0.0,0.0,0.0,0.0,0.0,0.0,0.0,0.0,0.0,0.0,0.0,3.547542765595422e-05,0.0073679999999999995,0.001988221918255463,-0.00011947741442439451,0.0063495,0.00205966658519858,-3.5766692178834665e-05,0.0075545000000000005,0.0020045411538240727,-0.00011948132191236385,0.0063495,0.002059669453487088,0.0,0.0,4320.0,4320.5,0.0,0.0,0.5,0.0005537098560354374,0.0,0.0
2023-05-04,0.0,0.0,0.0,0.0,0.0,0.0,0.0,0.0,0.0,0.0,0.0,0.0,-4.039351851852117e-08,0.008164,0.0020177820939446534,-2.5885763888888895e-05,0.00834,0.0021410294139260033,4.2893518518517726e-07,0.007971,0.002034634268794177,-2.6277893518518526e-05,0.00834,0.002140851409587401,0.0,0.0,8640.0,8641.0,0.0,0.0,1.0,0.0001157273463719477,0.0,0.0
2023-05-05,0.0,0.0,0.0,0.0,0.0,0.0,0.0,0.0,0.0,0.0,0.0,0.0,-2.3241898148148133e-06,0.008491,0.00201524865005175,-3.810208333333333e-05,0.008111,0.002189407134985966,1.9542824074074054e-06,0.007857,0.0020314908132428333,-3.8110532407407406e-05,0.008111,0.002189406241044639,0.0,0.0,8640.0,8641.0,0.0,0.0,1.0,0.0001157273463719477,0.0,0.0
2023-05-06,0.0,0.0,0.0,0.0,0.0,0.0,0.0,0.0,0.0,0.0,0.0,0.0,-2.237824074074074e-05,0.008162,0.0020737345583257284,-2.3201736111111112e-05,0.007977,0.002078425263185287,2.2566087962962957e-05,0.008666,0.002090751993794563,-2.2342824074074073e-05,0.007977,0.00207894875212045,0.0,0.0,8640.0,8641.0,0.0,0.0,1.0,0.0001157273463719477,0.0,0.0
2023-05-07,0.0,0.0,0.0,0.0,0.0,0.0,0.0,0.0,0.0,0.0,0.0,0.0,3.1013888888888874e-06,0.010866,0.002051605200955685,-1.6349884259259262e-05,0.007931,0.002045101482058539,-3.110416666666671e-06,0.008419,0.002068441527662389,-1.6125231481481484e-05,0.007931,0.002044635924321999,0.0,0.0,8640.0,8641.0,0.0,0.0,1.0,0.0001157273463719477,0.0,0.0
2023-05-08,0.0,0.0,0.0,0.0,0.0,0.0,0.0,0.0,0.0,0.0,0.0,0.0,3.393368055555556e-05,0.007859,0.00202438057660827,1.3436342592592603e-06,0.006552,0.002120347121047451,-3.421342592592592e-05,0.008707,0.0020409916240406688,1.106481481481483e-06,0.006552,0.002120207617923196,0.0,0.0,8640.0,8641.0,0.0,0.0,1.0,0.0001157273463719477,0.0,0.0
2023-05-09,0.0,0.0,0.0,0.0,0.0,0.0,0.0,0.0,0.0,0.0,0.0,0.0,2.7906134259259255e-05,0.010584,0.0020045501765856826,-7.30208333333328e-07,0.0085,0.0022149593717831037,-2.7919212962962967e-05,0.008791,0.002021143524496819,-7.306712962963042e-07,0.0085,0.002214959414536005,0.0,0.0,8640.0,8641.0,0.0,0.0,1.0,0.0001157273463719477,0.0,0.0
2023-05-10,0.0,0.0,0.0,0.0,0.0,0.0,0.0,0.0,0.0,0.0,0.0,0.0,2.8753472222222223e-06,0.010733,0.0020675604199499016,-6.174537037037038e-06,0.007879,0.0021043821903704418,-2.904050925925925e-06,0.008986,0.0020845259971152687,-6.211921296296296e-06,0.007879,0.0021043824146356285,0.0,0.0,8640.0,8641.0,0.0,0.0,1.0,0.0001157273463719477,0.0,0.0
2023-05-11,0.0,0.0,0.0,0.0,0.0,0.0,0.0,0.0,0.0,0.0,0.0,0.0,2.1972800925925925e-05,0.010593,0.002047893427586552,1.8399884259259264e-05,0.010278,0.0021038335230468925,-2.2429282407407404e-05,0.009074,0.0020648861663671884,1.867777777777778e-05,0.010278,0.002103578525766981,0.0,0.0,8640.0,8641.0,0.0,0.0,1.0,0.0001157273463719477,0.0,0.0
2023-05-12,0.0,0.0,0.0,0.0,0.0,0.0,0.0,0.0,0.0,0.0,0.0,0.0,9.375000000000542e-08,0.006487,0.0020941221333078183,1.973206018518519e-05,0.008341,0.0021563805992657788,4.7557870370369743e-07,0.009106,0.002111303371164214,2.024375e-05,0.008341,0.002156380979317398,0.0,0.0,8640.0,8641.0,0.0,0.0,1.0,0.0001157273463719477,0.0,0.0
2023-05-13,0.0,0.0,0.0,0.0,0.0,0.0,0.0,0.0,0.0,0.0,0.0,0.0,-2.1998842592592586e-06,0.010242,0.002044129902816897,3.7885532407407394e-05,0.006412,0.002181738351095678,2.2156249999999992e-06,0.008187,0.002060901280594014,3.7884259259259255e-05,0.006412,0.0021817387736454016,0.0,0.0,8640.0,8641.0,0.0,0.0,1.0,0.0001157273463719477,0.0,0.0
2023-05-14,0.0,0.0,0.0,0.0,0.0,0.0,0.0,0.0,0.0,0.0,0.0,0.0,-1.912534722222223e-05,0.008462,0.0020348521250082075,1.6550925925926415e-07,0.008248,0.00214964748191037,1.9386689814814818e-05,0.008847,0.0020515612621482735,1.4699074074074318e-07,0.008248,0.0021496471357756353,0.0,0.0,8640.0,8641.0,0.0,0.0,1.0,0.0001157273463719477,0.0,0.0
2023-05-15,0.0,0.0,0.0,0.0,0.0,0.0,0.0,0.0,0.0,0.0,0.0,0.0,7.15451388888888e-06,0.010359,0.002132491438599778,4.382002314814815e-05,0.006334,0.0021737187003934818,-7.20474537037037e-06,0.007808,0.002149997319746401,4.3530439814814815e-05,0.006334,0.002173531289773145,0.0,0.0,8640.0,8641.0,0.0,0.0,1.0,0.0001157273463719477,0.0,0.0
2023-05-16,0.0,0.0,0.0,0.0,0.0,0.0,0.0,0.0,0.0,0.0,0.0,0.0,1.876527777777778e-05,0.008267,0.0021368185070017496,1.0925925925925448e-07,0.006807,0.002218382144315379,-1.8915856481481485e-05,0.00884,0.002154355704050497,2.0925925925925492e-07,0.006807,0.0022183085935122693,0.0,0.0,8640.0,8641.0,0.0,0.0,1.0,0.0001157273463719477,0.0,0.0
2023-05-17,0.0,0.0,0.0,0.0,0.0,0.0,0.0,0.0,0.0,0.0,0.0,0.0,1.1799189814814816e-05,0.008271,0.0019963983680293274,-4.7468865740740734e-05,0.008323,0.002220381321387257,-1.20224537037037e-05,0.008673,0.002012370189436179,-4.813229166666666e-05,0.008323,0.002220443792718817,0.0,0.0,8640.0,8641.0,0.0,0.0,1.0,0.0001157273463719477,0.0,0.0
2023-05-18,0.0,0.0,0.0,0.0,0.0,0.0,0.0,0.0,0.0,0.0,0.0,0.0,-3.4199074074074097e-06,0.011101,0.002001208878505948,-2.7509259259259304e-06,0.006342,0.0021601223823113362,2.5458333333333337e-06,0.008419,0.0020175279182160877,-3.263310185185182e-06,0.006342,0.0021601972593550517,0.0,0.0,8640.0,8641.0,0.0,0.0,1.0,0.0001157273463719477,0.0,0.0
2023-05-19,0.0,0.0,0.0,0.0,0.0,0.0,0.0,0.0,0.0,0.0,0.0,0.0,7.791435185185182e-06,0.008283,0.0020710965087328732,4.193981481481482e-06,0.008085,0.002119389426412772,-7.845370370370368e-06,0.007961,0.002088088701416072,4.192592592592595e-06,0.008085,0.002119389755987594,0.0,0.0,8640.0,8641.0,0.0,0.0,1.0,0.0001157273463719477,0.0,0.0
2023-05-20,0.0,0.0,0.0,0.0,0.0,0.0,0.0,0.0,0.0,0.0,0.0,0.0,1.3696990740740738e-05,0.008357,0.0021111348693242334,-4.5008101851851844e-06,0.008047,0.0020574734368626903,-1.381157407407407e-05,0.008923,0.002128461291635317,-4.501736111111117e-06,0.008047,0.0020574737172635916,0.0,0.0,8640.0,8641.0,0.0,0.0,1.0,0.0001157273463719477,0.0,0.0
2023-05-21,0.0,0.0,0.0,0.0,0.0,0.0,0.0,0.0,0.0,0.0,0.0,0.0,2.871608796296296e-05,0.008674,0.0020434482174173938,5.563055555555556e-05,0.008363,0.0021240514870982104,-2.8951157407407405e-05,0.008689,0.0020602163324898665,5.537106481481483e-05,0.008363,0.002123896776364875,0.0,0.0,8640.0,8641.0,0.0,0.0,1.0,0.0001157273463719477,0.0,0.0
2023-05-22,0.0,0.0,0.0,0.0,0.0,0.0,0.0,0.0,0.0,0.0,0.0,0.0,-9.080324074074067e-06,0.006764,0.0020544293972843976,2.3078703703704537e-07,0.008359,0.00219142122550467,9.15555555555555e-06,0.007863,0.00207129644105941,1.4583333333334346e-07,0.008359,0.0021914342866476188,0.0,0.0,8640.0,8641.0,0.0,0.0,1.0,0.0001157273463719477,0.0,0.0
2023-05-23,0.0,0.0,0.0,0.0,0.0,0.0,0.0,0.0,0.0,0.0,0.0,0.0,5.116203703703703e-06,0.010569,0.002022602488423184,1.3416550925925926e-05,0.007956,0.0021394515667215214,-5.147222222222221e-06,0.008968,0.0020392008557180014,1.3314351851851855e-05,0.007956,0.0021394726810501402,0.0,0.0,8640.0,8641.0,0.0,0.0,1.0,0.0001157273463719477,0.0,0.0
2023-05-24,0.011168427744326078,3.511429,0.13061545743063668,0.10502678543307085,10.554155,0.9324086319394497,2.0805928670680867e-06,0.009786,0.00018919269316891644,6.163270032422417e-06,0.023724,0.0006091501490492877,0.00012436301528485428,5.042598,0.119763832560063,0.0018228377721167205,5.039594,0.18249981842027016,-38.38517805500233,1439.99984,604.8839234407026,5.209182491894368e-05,5.039595,0.17720702939124222,129.0,922.0,8513.0,8637.0,82.0,0.009494037281463471,26.0,0.0030103045038786616,0.0,0.0
2023-05-25,2.0769560185185186e-05,0.179449,0.0019305638569265967,0.0012142021990740742,10.490707,0.11286203750261546,0.0,0.0,0.0,0.0,0.0,0.0,-4.704687499999999e-05,0.011007,0.0021933204043969447,7.1298611111111165e-06,0.007844,0.00225085843865855,8.49995172037037,1439.999994,501.71296500036976,-7.132638888888894e-06,0.008834,0.0022508593032357273,1.0,11.0,8639.0,8641.0,0.0,0.0,2.0,0.0002314546927438954,0.0,0.0
2023-05-26,2.151134259259259e-05,0.185858,0.001999513718776162,0.001216130787037037,10.50737,0.11304130284010949,0.0,0.0,0.0,0.0,0.0,0.0,-3.222083333333333e-05,0.008208,0.002133985762373862,-8.550949074074075e-05,0.008787,0.002372939039034734,-45.16670001030093,1439.999919,328.83431783157135,8.550798611111112e-05,0.006815,0.00237293960680128,1.0,21.0,8639.0,8641.0,0.0,0.0,1.0,0.0001157273463719477,0.0,0.0
2023-05-27,0.0,0.0,0.0,0.0,0.0,0.0,0.0,0.0,0.0,0.0,0.0,0.0,-2.6454325797752147e-05,0.006442,0.002106975208282518,-6.811251735270274e-05,0.007556499999999999,0.0023779443665169707,-207.0746143083651,0.0038209999999999997,451.0179580688849,6.818580073363655e-05,0.006228,0.0023779151994646986,0.0,0.0,4320.0,4320.5,0.0,0.0,0.5,6.036460219727152e-05,0.0,0.0
2023-05-28,0.0,0.0,0.0,0.0,0.0,0.0,0.0,0.0,0.0,0.0,0.0,0.0,-1.7609953703703735e-06,0.008254,0.0020217333837956983,-0.00013952974537037038,0.007426,0.0022886131345093,-108.33333482638889,0.006293,379.84192692660423,0.00013952534722222224,0.007275,0.0022886134243252465,0.0,0.0,8640.0,8641.0,0.0,0.0,1.0,0.0001157273463719477,0.0,0.0
2023-05-29,0.0,0.0,0.0,0.0,0.0,0.0,0.0,0.0,0.0,0.0,0.0,0.0,-8.078217592592593e-05,0.008294,0.0020665720849279345,-5.0923032407407406e-05,0.009106,0.0022486973683357348,-82.000082965625,0.006305,333.7190841871773,5.059155092592593e-05,0.008859,0.0022489028468426057,0.0,0.0,8640.0,8641.0,0.0,0.0,1.0,0.0001157273463719477,0.0,0.0
2023-05-30,0.00873098377723971,2.060457,0.07679463237915714,0.11647958087167071,10.57915,1.0476088687241476,-4.251815980629539e-07,0.003707,8.956532421308907e-05,-1.0649394673123487e-05,0.011562,0.0005017037591067072,8.685278450363212e-05,4.933192,0.05795982445412716,0.00033135665859564177,0.882715,0.08646915978397088,-50.85141968801452,1439.999943,572.6971225133587,-8.0687288135593e-05,4.975345,0.09618246483458052,106.0,2001.0,8154.0,8267.0,29.0,0.0035079230676182413,69.0,0.0083464376436434,0.0,0.0
2023-05-31,0.0031117331150721473,2.37962,0.058293947456553134,0.0378754578634655,10.515061,0.5421472183159306,-4.559233660725112e-08,0.000306,9.195275925985735e-06,-3.863222990178247e-07,0.000633,3.5166571468750876e-05,-0.0005795455317085002,1.403613,0.06286355435115229,-0.0018092436037346912,5.010191,0.1817644041931771,3.535731079422823,1439.999983,283.17728194291334,8.93229052988962e-05,5.041527,0.18175573621528818,57.0,544.0,8193.0,8251.0,29.0,0.003514725487819658,18.0,0.0021815537510604774,0.0,0.0
2023-06-01,0.0,0.0,0.0,0.0,0.0,0.0,0.0,0.0,0.0,0.0,0.0,0.0,-5.3973032407407405e-05,0.008013,0.002215597077871595,-2.9248263888888895e-05,0.006275,0.0020831032867926784,5.554780092592592e-05,0.009117,0.0022830914721085624,-2.8993287037037038e-05,0.006275,0.0020825734947118512,0.0,5.0,8640.0,8641.0,0.0,0.0,1.0,0.0001157273463719477,0.0,0.0
2023-06-02,0.0,0.0,0.0,0.0,0.0,0.0,0.0,0.0,0.0,0.0,0.0,0.0,-7.687858796296296e-05,0.007935,0.0020697677524533563,-2.9836574074074075e-05,0.008671,0.0023532724027228833,7.918518518518519e-05,0.009193,0.002132938790816348,-3.0157407407407407e-05,0.008665,0.002352496399297502,0.0,0.0,8640.0,8641.0,0.0,0.0,1.0,0.0001157273463719477,0.0,0.0
2023-06-03,0.0,0.0,0.0,0.0,0.0,0.0,0.0,0.0,0.0,0.0,0.0,0.0,-4.406018518518527e-06,0.008269,0.002194866093128573,2.0245717592592586e-05,0.008165,0.0023347636790748572,4.4920138888888805e-06,0.008875,0.0022616987480498104,2.0252777777777786e-05,0.008158,0.0023346564353033334,0.0,0.0,8640.0,8641.0,0.0,0.0,1.0,0.0001157273463719477,0.0,0.0
2023-06-04,0.0,0.0,0.0,0.0,0.0,0.0,0.0,0.0,0.0,0.0,0.0,0.0,2.3143518518518565e-06,0.006595,0.002216219711884691,-4.991921296296296e-05,0.008749,0.002283114629226399,-2.256712962962955e-06,0.008344,0.002283753951696457,-4.9920833333333325e-05,0.008749,0.0022829778315007223,0.0,0.0,8640.0,8641.0,0.0,0.0,1.0,0.0001157273463719477,0.0,0.0
2023-06-05,0.00025168217592592593,1.040803,0.011923943730829565,0.0024286269675925926,10.49263,0.15961641460802506,0.0,0.0,0.0,0.0,0.0,0.0,6.94611111111111e-05,0.414492,0.004977907723063224,-9.167129629629629e-06,0.008112,0.002084688075050723,-7.106620370370371e-05,0.009389,0.0051294345073864414,-9.328935185185177e-06,0.008106,0.002083898612271234,2.0,8.0,8638.0,8641.0,1.0,0.0001157273463719477,2.0,0.0002314546927438954,0.0,0.0
2023-06-06,0.0,0.0,0.0,0.0,0.0,0.0,0.0,0.0,0.0,0.0,0.0,0.0,-5.656574074074074e-05,0.010744,0.0021747554044493217,1.2632638888888884e-05,0.007998,0.002187542770570465,5.818391203703702e-05,0.008991,0.0022408790543169375,1.3238657407407406e-05,0.007977,0.0021867385950963053,0.0,0.0,8640.0,8641.0,0.0,0.0,1.0,0.0001157273463719477,0.0,0.0
2023-06-07,0.0,0.0,0.0,0.0,0.0,0.0,0.0,0.0,0.0,0.0,0.0,0.0,-1.3331018518518523e-05,0.011472,0.0021946487693160865,3.7548263888888884e-05,0.007798,0.0021091334299177616,1.3445138888888884e-05,0.008988,0.002261410218669614,3.762824074074075e-05,0.007767,0.0021081947127479348,0.0,0.0,8640.0,8641.0,0.0,0.0,1.0,0.0001157273463719477,0.0,0.0
2023-06-08,0.0,0.0,0.0,0.0,0.0,0.0,0.0,0.0,0.0,0.0,0.0,0.0,1.2814583333333322e-05,0.008355,0.0021994621209204474,5.714930555555548e-06,0.008193,0.002087860327396293,-1.3256018518518517e-05,0.009478,0.002266860009829819,5.5398148148148165e-06,0.008188,0.0020864260268444986,0.0,0.0,8640.0,8641.0,0.0,0.0,1.0,0.0001157273463719477,0.0,0.0
2023-06-09,5.444594907407407e-05,0.176885,0.002627120440846592,0.002722367592592593,10.495193,0.1618495290339687,0.0,0.0,0.0,0.0,0.0,0.0,9.584502314814814e-05,0.00902,0.0022735235965568304,7.6480324074074e-06,0.008945,0.001952171122677889,-9.89369212962963e-05,0.009044,0.002345513243826921,6.902546296296298e-06,0.008951,0.0019513138060935095,3.0,36.0,8637.0,8641.0,0.0,0.0,1.0,0.0001157273463719477,0.0,0.0
2023-06-10,0.0,0.0,0.0,0.0,0.0,0.0,0.0,0.0,0.0,0.0,0.0,0.0,6.839988425925926e-05,0.008606,0.0022249597690748493,2.72974537037037e-05,0.007366,0.0024215331997656585,-7.050324074074074e-05,0.008514,0.0022961859718569435,2.6750347222222216e-05,0.007343,0.0024203036201894076,0.0,0.0,8640.0,8641.0,0.0,0.0,1.0,0.0001157273463719477,0.0,0.0
2023-06-11,0.0,0.0,0.0,0.0,0.0,0.0,0.0,0.0,0.0,0.0,0.0,0.0,6.834062500000001e-05,0.007439,0.002225611188364021,3.322685185185196e-06,0.007385,0.0024550549540593835,-7.032488425925925e-05,0.009844,0.0022963981676524404,2.3753472222222173e-06,0.007386,0.002453520445393421,0.0,0.0,8640.0,8641.0,0.0,0.0,1.0,0.0001157273463719477,0.0,0.0
2023-06-12,0.0,0.0,0.0,0.0,0.0,0.0,0.0,0.0,0.0,0.0,0.0,0.0,4.9003009259259265e-05,0.008001,0.0021989943428558953,3.1719907407407405e-05,0.008056,0.0019705801749081244,-5.0815625e-05,0.009133,0.0022689970347303393,3.2220833333333335e-05,0.008052,0.0019687164042086545,0.0,0.0,8640.0,8641.0,0.0,0.0,1.0,0.0001157273463719477,0.0,0.0
2023-06-13,0.0,0.0,0.0,0.0,0.0,0.0,0.0,0.0,0.0,0.0,0.0,0.0,8.242048611111111e-05,0.009523,0.002192857680930856,4.543634259259265e-06,0.008072,0.0017391020763302075,-8.519641203703705e-05,0.008749,0.002262582988693594,3.902314814814814e-06,0.008085,0.0017380569963082965,0.0,0.0,8640.0,8641.0,0.0,0.0,1.0,0.0001157273463719477,0.0,0.0
2023-06-14,0.0,0.0,0.0,0.0,0.0,0.0,0.0,0.0,0.0,0.0,0.0,0.0,0.00010333680555555556,0.008789,0.0022721062051975402,1.258923611111111e-05,0.00799,0.0020739011124988583,-0.00010671365740740742,0.008274,0.002344010887075825,1.1778472222222212e-05,0.007999,0.0020731233077418295,0.0,0.0,8640.0,8641.0,0.0,0.0,1.0,0.0001157273463719477,0.0,0.0
2023-06-15,0.0,0.0,0.0,0.0,0.0,0.0,0.0,0.0,0.0,0.0,0.0,0.0,9.609004629629632e-05,0.007987,0.002274242189706272,6.993391203703703e-05,0.006559,0.0023812122647713318,-9.969120370370368e-05,0.00873,0.0023464038979841033,6.914826388888889e-05,0.006574,0.002380094716007738,0.0,0.0,8640.0,8641.0,0.0,0.0,1.0,0.0001157273463719477,0.0,0.0
2023-06-16,0.0,0.0,0.0,0.0,0.0,0.0,0.0,0.0,0.0,0.0,0.0,0.0,7.66917824074074e-05,0.007972,0.0021638898760234903,3.916666666666667e-05,0.008122,0.0019344966169559477,-7.944074074074076e-05,0.008884,0.0022324446786337175,3.8423958333333345e-05,0.008094,0.0019337759607509154,0.0,0.0,8640.0,8641.0,0.0,0.0,1.0,0.0001157273463719477,0.0,0.0
2023-06-17,0.0,0.0,0.0,0.0,0.0,0.0,0.0,0.0,0.0,0.0,0.0,0.0,0.00013177453703703702,0.008867,0.0021622387976326708,-2.7416319444444444e-05,0.00837,0.0017882393075274083,-0.0001361636574074074,0.006949,0.002230853599562697,-2.827534722222222e-05,0.008371,0.0017874902921095274,0.0,0.0,8640.0,8641.0,0.0,0.0,1.0,0.0001157273463719477,0.0,0.0
2023-06-18,0.0,0.0,0.0,0.0,0.0,0.0,0.0,0.0,0.0,0.0,0.0,0.0,0.00010912291666666668,0.009163,0.0021889562769267117,4.0804861111111105e-05,0.008269,0.0023621750368780074,-0.00011290798611111112,0.008645,0.002258582413856447,3.963356481481482e-05,0.008272,0.002361013286950808,0.0,0.0,8640.0,8641.0,0.0,0.0,1.0,0.0001157273463719477,0.0,0.0
2023-06-19,0.0,0.0,0.0,0.0,0.0,0.0,0.0,0.0,0.0,0.0,0.0,0.0,5.318742528912041e-05,0.007690499999999999,0.002113484318400372,-1.248473768135294e-05,0.0065315,0.0023527454101984484,-5.4772680536228495e-05,0.0080115,0.0021803663677937056,-1.2761833850858801e-05,0.006532,0.002351909971111483,0.0,0.0,4320.0,4320.5,0.0,0.0,0.5,7.984669434685404e-05,0.0,0.0
2023-06-20,0.0,0.0,0.0,0.0,0.0,0.0,0.0,0.0,0.0,0.0,0.0,0.0,6.142407407407408e-05,0.007949,0.002191857621434798,2.2811111111111108e-05,0.008031,0.0019232687774563358,-6.28755787037037e-05,0.009142,0.002261403888484132,2.2329629629629635e-05,0.008018,0.0019223750270317918,0.0,0.0,8640.0,8641.0,0.0,0.0,1.0,0.0001157273463719477,0.0,0.0
2023-06-21,0.0,0.0,0.0,0.0,0.0,0.0,0.0,0.0,0.0,0.0,0.0,0.0,6.780405092592593e-05,0.011284,0.0021743260520088264,-7.149768518518511e-06,0.006443,0.0023442751094714864,-6.98994212962963e-05,0.008744,0.002243552752976408,-7.4549768518518405e-06,0.00648,0.002343192810485367,0.0,0.0,8640.0,8641.0,0.0,0.0,1.0,0.0001157273463719477,0.0,0.0
2023-06-22,0.0,0.0,0.0,0.0,0.0,0.0,0.0,0.0,0.0,0.0,0.0,0.0,8.085659722222222e-05,0.008594,0.002254447673274296,1.3983564814814818e-05,0.006483,0.0020775023110674484,-8.353113425925927e-05,0.008874,0.002325991941179575,1.3498958333333337e-05,0.006479,0.0020765744810098256,0.0,0.0,8640.0,8641.0,0.0,0.0,1.0,0.0001157273463719477,0.0,0.0
2023-06-23,0.0,0.0,0.0,0.0,0.0,0.0,0.0,0.0,0.0,0.0,0.0,0.0,4.282256944444443e-05,0.009078,0.0021708665063147614,1.0079398148148148e-05,0.006372,0.0014086123892003725,-4.4260763888888884e-05,0.008988,0.0022397450577634455,9.698495370370372e-06,0.006366,0.001407947558024302,0.0,0.0,8640.0,8641.0,0.0,0.0,1.0,0.0001157273463719477,0.0,0.0
2023-06-24,0.0,0.0,0.0,0.0,0.0,0.0,0.0,0.0,0.0,0.0,0.0,0.0,7.51091435185185e-05,0.009274,0.0022555014884660285,2.246122685185186e-05,0.006291,0.0017905835561580566,-7.785208333333333e-05,0.011082,0.002326849085684281,2.1865277777777774e-05,0.00629,0.0017898502723944214,0.0,0.0,8640.0,8641.0,0.0,0.0,1.0,0.0001157273463719477,0.0,0.0
2023-06-25,0.0,0.0,0.0,0.0,0.0,0.0,0.0,0.0,0.0,0.0,0.0,0.0,7.58e-05,0.009907,0.002202182181182029,1.6829282407407404e-05,0.007693,0.0023915856433498195,-7.834560185185185e-05,0.010406,0.0022718364167526434,1.7153703703703697e-05,0.007687,0.0023900837145391144,0.0,0.0,8640.0,8641.0,0.0,0.0,1.0,0.0001157273463719477,0.0,0.0
2023-06-26,0.0,0.0,0.0,0.0,0.0,0.0,0.0,0.0,0.0,0.0,0.0,0.0,0.0001089122685185185,0.010793,0.0021761441010315994,3.3119212962962965e-05,0.007673,0.0019505532674060414,-0.00011261863425925926,0.007746,0.0022451156779260497,3.225960648148149e-05,0.007667,0.0019497092198541644,0.0,0.0,8640.0,8641.0,0.0,0.0,1.0,0.0001157273463719477,0.0,0.0
2023-06-27,0.0,0.0,0.0,0.0,0.0,0.0,0.0,0.0,0.0,0.0,0.0,0.0,2.211585648148148e-05,0.008275,0.0022390826288360534,1.1538888888888893e-05,0.007915,0.0020634539830008776,-2.2915046296296295e-05,0.007327,0.0023100136447579554,1.135659722222223e-05,0.007908,0.0020625947806379562,0.0,0.0,8640.0,8641.0,0.0,0.0,1.0,0.0001157273463719477,0.0,0.0
2023-06-28,0.0,0.0,0.0,0.0,0.0,0.0,0.0,0.0,0.0,0.0,0.0,0.0,7.652696759259259e-05,0.009158,0.002279630920796669,6.396064814814809e-06,0.006452,0.002306468483014665,-7.900127314814815e-05,0.008696,0.0023520804493985478,5.77546296296296e-06,0.006425,0.0023052613706652926,0.0,0.0,8640.0,8641.0,0.0,0.0,1.0,0.0001157273463719477,0.0,0.0
2023-06-29,0.0,0.0,0.0,0.0,0.0,0.0,0.0,0.0,0.0,0.0,0.0,0.0,3.9984375e-05,0.010515,0.00226092941155083,-1.070590277777778e-05,0.008628,0.0018770949376600223,-4.110439814814815e-05,0.009333,0.0023326114174854642,-1.1115509259259259e-05,0.008634,0.0018764054982913553,0.0,0.0,8640.0,8641.0,0.0,0.0,1.0,0.0001157273463719477,0.0,0.0
2023-06-30,0.0,0.0,0.0,0.0,0.0,0.0,0.0,0.0,0.0,0.0,0.0,0.0,5.2457046737955055e-05,0.008899,0.0022858262568899675,-3.5820016820857906e-06,0.008358,0.002165256438331854,-5.447446834074252e-05,0.010406,0.0023580741895879017,-3.987985101525889e-06,0.008354,0.002164262570822323,0.0,1.0,8323.0,8325.0,0.0,0.0,2.0,0.00024024024024024023,0.0,0.0
2023-07-01,0.0,0.0,0.0,0.0,0.0,0.0,0.0,0.0,0.0,0.0,0.0,0.0,5.8626967592592594e-05,0.010769,0.002301786876576205,2.2665393518518523e-05,0.008412,0.001722059611262177,-6.063576388888888e-05,0.008817,0.002374646084516627,2.2196875e-05,0.008361,0.0017214411967126585,0.0,0.0,8640.0,8641.0,0.0,0.0,1.0,0.0001157273463719477,0.0,0.0
2023-07-02,0.0,0.0,0.0,0.0,0.0,0.0,0.0,0.0,0.0,0.0,0.0,0.0,4.3421875e-05,0.009084,0.002234849458829543,-2.2579861111111108e-06,0.008235,0.0024455109760567898,-4.419178240740741e-05,0.00694,0.0023063820030264524,-2.58657407407407e-06,0.008255,0.00244441828851249,0.0,0.0,8640.0,8641.0,0.0,0.0,1.0,0.0001157273463719477,0.0,0.0
2023-07-03,0.0,0.0,0.0,0.0,0.0,0.0,0.0,0.0,0.0,0.0,0.0,0.0,2.6430208333333338e-05,0.011152,0.002314070691380964,-1.0853356481481484e-05,0.00818,0.002598047731462173,-2.718425925925925e-05,0.008667,0.002387389646469999,-1.1055787037037044e-05,0.008175,0.0025969240987667036,0.0,0.0,8640.0,8641.0,0.0,0.0,1.0,0.0001157273463719477,0.0,0.0
2023-07-04,0.0,0.0,0.0,0.0,0.0,0.0,0.0,0.0,0.0,0.0,0.0,0.0,4.596157407407408e-05,0.010891,0.002144032678408689,3.201168981481481e-05,0.007862,0.002318679466789099,-4.7759259259259265e-05,0.008287,0.002211857092537294,3.163993055555556e-05,0.007836,0.002317759177355625,0.0,0.0,8640.0,8641.0,0.0,0.0,1.0,0.0001157273463719477,0.0,0.0
2023-07-05,0.0,0.0,0.0,0.0,0.0,0.0,0.0,0.0,0.0,0.0,0.0,0.0,7.824629629629628e-05,0.007825,0.002232029322682021,6.648981481481482e-05,0.00932,0.0020359812663091055,-8.126296296296295e-05,0.008383,0.002302762682479339,6.613020833333334e-05,0.009298,0.002034907103378199,0.0,0.0,8640.0,8641.0,0.0,0.0,1.0,0.0001157273463719477,0.0,0.0
2023-07-06,0.0,0.0,0.0,0.0,0.0,0.0,0.0,0.0,0.0,0.0,0.0,0.0,2.5340740740740737e-05,0.008344,0.0022553073873876756,3.2488657407407406e-05,0.008674,0.0022624559772148785,-2.6390277777777783e-05,0.006877,0.0023271522334249693,3.227638888888889e-05,0.008665,0.0022611136579025366,0.0,0.0,8640.0,8641.0,0.0,0.0,1.0,0.0001157273463719477,0.0,0.0
2023-07-07,0.0,0.0,0.0,0.0,0.0,0.0,0.0,0.0,0.0,0.0,0.0,0.0,1.3640509259259262e-05,0.00876,0.002097028727651494,-9.119537037037038e-05,0.007123,0.0024068052898942125,-1.337638888888889e-05,0.009966,0.0021637786449953582,-9.126064814814814e-05,0.007086,0.002405489041834907,0.0,0.0,8640.0,8641.0,0.0,0.0,1.0,0.0001157273463719477,0.0,0.0
2023-07-08,0.0,0.0,0.0,0.0,0.0,0.0,0.0,0.0,0.0,0.0,0.0,0.0,3.9022453703703696e-05,0.00879,0.0023925453709801683,-3.946458333333333e-05,0.008988,0.002038777118643072,-3.995416666666667e-05,0.008717,0.0024683623921396293,-3.974710648148148e-05,0.008983,0.0020379280540806497,0.0,0.0,8640.0,8641.0,0.0,0.0,1.0,0.0001157273463719477,0.0,0.0
2023-07-09,0.0,0.0,0.0,0.0,0.0,0.0,0.0,0.0,0.0,0.0,0.0,0.0,1.903125000000001e-05,0.010748,0.002281210983560667,1.454664351851852e-05,0.006677,0.0019173723217253285,-1.9571412037037044e-05,0.009096,0.0023536313189804602,1.4386805555555555e-05,0.006718,0.0019163973413452173,0.0,0.0,8640.0,8641.0,0.0,0.0,1.0,0.0001157273463719477,0.0,0.0
2023-07-10,0.0,0.0,0.0,0.0,0.0,0.0,0.0,0.0,0.0,0.0,0.0,0.0,5.705092592592593e-06,0.009163,0.0021994149841609942,2.535763888888889e-05,0.008483,0.002091089068833534,-5.9995370370370334e-06,0.008953,0.0022689906774873746,2.4426967592592596e-05,0.008484,0.002090722674688325,0.0,0.0,8640.0,8641.0,0.0,0.0,1.0,0.0001157273463719477,0.0,0.0
2023-07-11,0.0,0.0,0.0,0.0,0.0,0.0,0.0,0.0,0.0,0.0,0.0,0.0,7.004768518518518e-05,0.010485,0.0021165609812510222,-1.987488425925926e-05,0.008856,0.0017973593895102774,-7.216585648148148e-05,0.008898,0.0021834957892059755,-2.0563773148148147e-05,0.008842,0.0017967048917975927,0.0,0.0,8640.0,8641.0,0.0,0.0,1.0,0.0001157273463719477,0.0,0.0
2023-07-12,0.0,0.0,0.0,0.0,0.0,0.0,0.0,0.0,0.0,0.0,0.0,0.0,6.602303411369665e-05,0.0085765,0.002270649869616748,-5.260684149951264e-06,0.0061294999999999995,0.00220793503857478,-6.807479814721726e-05,0.008246,0.002342963591920483,-5.422024149101403e-06,0.0061200000000000004,0.002206214680666154,0.0,0.5,4215.0,4216.0,0.0,0.0,1.0,0.0002232142857142857,0.0,0.0
2023-07-13,0.0,0.0,0.0,0.0,0.0,0.0,0.0,0.0,0.0,0.0,0.0,0.0,-0.00010003981481481482,0.008853,0.0021753757757566345,2.297719907407407e-05,0.008192,0.002250591391469458,0.0001030271990740741,0.011197,0.002244244757407353,2.394108796296296e-05,0.008204,0.0022498147838266418,0.0,0.0,8640.0,8641.0,0.0,0.0,1.0,0.0001157273463719477,0.0,0.0
2023-07-14,0.0,0.0,0.0,0.0,0.0,0.0,0.0,0.0,0.0,0.0,0.0,0.0,-7.964120370370374e-06,0.008559,0.0022387555438456914,3.0124074074074082e-05,0.008253,0.002217880768858505,7.4106481481481516e-06,0.009295,0.0023104260720591754,3.016712962962963e-05,0.008269,0.0022169159109252505,0.0,0.0,8640.0,8641.0,0.0,0.0,1.0,0.0001157273463719477,0.0,0.0
2023-07-15,0.0,0.0,0.0,0.0,0.0,0.0,0.0,0.0,0.0,0.0,0.0,0.0,-2.7227430555555563e-05,0.008641,0.0020573517434630552,-2.1920023148148153e-05,0.008431,0.0019655526019101586,2.8267361111111105e-05,0.007807,0.002122755294281992,-2.2257291666666666e-05,0.008434,0.0019644933157481116,0.0,0.0,8640.0,8641.0,0.0,0.0,1.0,0.0001157273463719477,0.0,0.0
2023-07-16,0.0,0.0,0.0,0.0,0.0,0.0,0.0,0.0,0.0,0.0,0.0,0.0,-2.8889467592592593e-05,0.008111,0.0022978050158564277,8.412199074074074e-05,0.005952,0.0023280134887842274,2.9241203703703716e-05,0.009196,0.00237057442099271,8.432106481481482e-05,0.005965,0.0023267709720362416,0.0,0.0,8640.0,8641.0,0.0,0.0,1.0,0.0001157273463719477,0.0,0.0
2023-07-17,0.0,0.0,0.0,0.0,0.0,0.0,0.0,0.0,0.0,0.0,0.0,0.0,-8.001041666666664e-06,0.008525,0.0022322503534215887,1.5896412037037043e-05,0.008216,0.0023665047526047834,8.137152777777776e-06,0.008684,0.0023027932031971622,1.5952893518518512e-05,0.008212,0.0023656479144856975,0.0,0.0,8640.0,8641.0,0.0,0.0,1.0,0.0001157273463719477,0.0,0.0
2023-07-18,0.0,0.0,0.0,0.0,0.0,0.0,0.0,0.0,0.0,0.0,0.0,0.0,-0.00011718518518518519,0.008172,0.0023597951749964514,-1.308622685185185e-05,0.008177,0.002279956816615261,0.00012100474537037039,0.010501,0.0024345555529141642,-1.2379050925925931e-05,0.008156,0.002278868485145725,0.0,0.0,8640.0,8641.0,0.0,0.0,1.0,0.0001157273463719477,0.0,0.0
2023-07-19,0.0,0.0,0.0,0.0,0.0,0.0,0.0,0.0,0.0,0.0,0.0,0.0,-8.042060185185185e-05,0.008913,0.0021780417852893894,1.2846875000000002e-05,0.006719,0.0016467298820988365,8.253020833333333e-05,0.008842,0.0022474048826024062,1.3454050925925928e-05,0.006698,0.0016458711444876937,0.0,0.0,8640.0,8641.0,0.0,0.0,1.0,0.0001157273463719477,0.0,0.0
2023-07-20,0.0,0.0,0.0,0.0,0.0,0.0,0.0,0.0,0.0,0.0,0.0,0.0,-4.205474537037038e-05,0.011108,0.0021157099632470046,-1.695104166666666e-05,0.006826,0.001309624516120931,4.3214699074074084e-05,0.008045,0.00218253521435188,-1.6768634259259262e-05,0.00684,0.001309241017344723,0.0,0.0,8640.0,8641.0,0.0,0.0,1.0,0.0001157273463719477,0.0,0.0
2023-07-21,0.0,0.0,0.0,0.0,0.0,0.0,0.0,0.0,0.0,0.0,0.0,0.0,-3.08244212962963e-05,0.008583,0.0021417980770765386,-5.3079513888888885e-05,0.006809,0.002179276241225107,3.22193287037037e-05,0.007866,0.0022099203953718158,-5.2795601851851856e-05,0.006848,0.002178095626577842,0.0,0.0,8640.0,8641.0,0.0,0.0,1.0,0.0001157273463719477,0.0,0.0
2023-07-22,0.0,0.0,0.0,0.0,0.0,0.0,0.0,0.0,0.0,0.0,0.0,0.0,-2.0249613601236477e-05,0.011154,0.0022006159263416305,4.512081401339515e-05,0.006266,0.0022657645944150306,2.0534775888717153e-05,0.008681,0.0022702129425531173,4.52469088098918e-05,0.00626,0.002264917831209353,0.0,1.0,7764.0,7766.0,0.0,0.0,2.0,0.0002575328354365182,0.0,0.0
2023-07-23,0.0,0.0,0.0,0.0,0.0,0.0,0.0,0.0,0.0,0.0,0.0,0.0,-6.646527777777777e-05,0.008654,0.002166639267222524,3.0308217592592587e-05,0.009079,0.0017528340984169833,6.832650462962962e-05,0.011057,0.0022355474819980687,3.079861111111112e-05,0.009091,0.001751801170334319,0.0,0.0,8640.0,8641.0,0.0,0.0,1.0,0.0001157273463719477,0.0,0.0
2023-07-24,0.0,0.0,0.0,0.0,0.0,0.0,0.0,0.0,0.0,0.0,0.0,0.0,-4.169780092592593e-05,0.00785,0.002245212908451683,3.05704861111111e-05,0.008033,0.0019175934518284692,4.319745370370371e-05,0.008588,0.0023166734330671433,3.048634259259259e-05,0.008044,0.0019169743081874555,0.0,0.0,8640.0,8641.0,0.0,0.0,1.0,0.0001157273463719477,0.0,0.0
2023-07-25,0.0,0.0,0.0,0.0,0.0,0.0,0.0,0.0,0.0,0.0,0.0,0.0,-2.6803819444444436e-05,0.008807,0.0023360187006720074,4.596145833333333e-05,0.006737,0.0024280779138272897,2.7285648148148143e-05,0.009185,0.0024103714398786553,4.579097222222222e-05,0.006751,0.002426853150332034,0.0,0.0,8640.0,8641.0,0.0,0.0,1.0,0.0001157273463719477,0.0,0.0
2023-07-26,0.0,0.0,0.0,0.0,0.0,0.0,0.0,0.0,0.0,0.0,0.0,0.0,-8.674221553420534e-05,0.008647,0.002215918870517841,2.5860747771732843e-05,0.008264,0.0020724358255260343,8.92817455724042e-05,0.00864,0.0022862911932854213,2.6482231739784695e-05,0.008272,0.002071387338481754,0.0,1.0,8639.0,8641.0,0.0,0.0,2.0,0.0002314546927438954,0.0,0.0
2023-07-27,0.0007692466893238016,1.493271,0.02793357765500207,0.008053581741474277,10.58684,0.2688694653561794,1.025430680885972e-07,0.0005,6.554875600765961e-06,-1.3125512715340442e-07,0.001766,3.6096534428293206e-05,-2.0220086722137585e-05,1.880574,0.026855137642529198,3.172998945271296e-05,1.017181,0.011757177658026897,2.6277393648189386e-05,1.346611,0.027158738672555374,3.2933200515645135e-05,1.03358,0.01192374210434673,14.0,41.0,8519.0,8536.0,11.0,0.001288659793814433,6.0,0.0007029053420805998,0.0,0.0
2023-07-28,0.0,0.0,0.0,0.0,0.0,0.0,0.0,0.0,0.0,0.0,0.0,0.0,4.891134259259259e-05,0.007745,0.0021368411514980593,-2.306458333333334e-05,0.006482,0.002006082482532383,-4.96287037037037e-05,0.00751,0.0021498300145434872,-2.312199074074074e-05,0.006481,0.0020060770774866623,0.0,0.0,8640.0,8641.0,0.0,0.0,1.0,0.0001157273463719477,0.0,0.0
2023-07-29,0.0,0.0,0.0,0.0,0.0,0.0,0.0,0.0,0.0,0.0,0.0,0.0,1.7491898148148133e-06,0.008666,0.002301425174427145,1.652708333333333e-05,0.006338,0.0020214959699858133,-1.4743055555555523e-06,0.008933,0.002315215616349914,1.697141203703703e-05,0.006338,0.002022404124232025,0.0,0.0,8640.0,8641.0,0.0,0.0,1.0,0.0001157273463719477,0.0,0.0
2023-07-30,0.0,0.0,0.0,0.0,0.0,0.0,0.0,0.0,0.0,0.0,0.0,0.0,3.684953703703703e-05,0.008993,0.0022555600787704483,-1.2391087962962965e-05,0.008666,0.002194178986465245,-3.7073611111111106e-05,0.008596,0.002269180649363282,-1.2453472222222225e-05,0.008667,0.002194582576207589,0.0,0.0,8640.0,8641.0,0.0,0.0,1.0,0.0001157273463719477,0.0,0.0
2023-07-31,0.0,0.0,0.0,0.0,0.0,0.0,0.0,0.0,0.0,0.0,0.0,0.0,5.505520833333333e-05,0.009174,0.002215444938980762,5.0755671296296306e-05,0.00838,0.002163379888905991,-5.539641203703704e-05,0.009964,0.002228824092891047,5.0746875000000005e-05,0.00838,0.00216336928690824,0.0,0.0,8640.0,8641.0,0.0,0.0,1.0,0.0001157273463719477,0.0,0.0
2023-08-01,0.0,0.0,0.0,0.0,0.0,0.0,0.0,0.0,0.0,0.0,0.0,0.0,3.921678240740741e-05,0.009089,0.0021883037933940353,4.0378125e-05,0.006895,0.0019362273024825267,-3.945763888888889e-05,0.006809,0.0022015126653209265,4.104537037037037e-05,0.006895,0.0019361380860617799,0.0,0.0,8640.0,8641.0,0.0,0.0,1.0,0.0001157273463719477,0.0,0.0
2023-08-02,0.0,0.0,0.0,0.0,0.0,0.0,0.0,0.0,0.0,0.0,0.0,0.0,4.825821759259259e-05,0.008976,0.002196232045556643,4.1405671296296295e-05,0.007878,0.002089993727587374,-4.859270833333334e-05,0.008777,0.00220947424621727,4.140081018518519e-05,0.007878,0.0020899946429302303,0.0,0.0,8640.0,8641.0,0.0,0.0,1.0,0.0001157273463719477,0.0,0.0
2023-08-03,0.0,0.0,0.0,0.0,0.0,0.0,0.0,0.0,0.0,0.0,0.0,0.0,5.686539351851851e-05,0.008967,0.002207797506699457,-1.2923032407407405e-05,0.006514,0.0020976841462392658,-5.751342592592593e-05,0.006903,0.002221019998885388,-1.2583680555555559e-05,0.006514,0.002098386125335096,0.0,0.0,8640.0,8641.0,0.0,0.0,1.0,0.0001157273463719477,0.0,0.0
2023-08-04,0.0,0.0,0.0,0.0,0.0,0.0,0.0,0.0,0.0,0.0,0.0,0.0,1.598321759259259e-05,0.009003,0.0021945824211696166,1.5588888888888894e-05,0.008255,0.0017620969239413983,-1.607905092592593e-05,0.00898,0.0022078291395212536,1.5585995370370366e-05,0.008255,0.0017620928404568621,0.0,0.0,8640.0,8641.0,0.0,0.0,1.0,0.0001157273463719477,0.0,0.0
2023-08-06,0.0,0.0,0.0,0.0,0.0,0.0,0.0,0.0,0.0,0.0,0.0,0.0,4.136915680720514e-06,0.007935000000000001,0.0022298759305539604,1.3585468240007334e-05,0.006257,0.0020043047447863165,-6.106520990681849e-06,0.0076475,0.002243018335947549,1.35889629156232e-05,0.006257,0.0020042938653411753,0.0,0.0,4320.0,4320.5,0.0,0.0,0.5,0.0003885003885003885,0.0,0.0
2023-08-07,0.0,0.0,0.0,0.0,0.0,0.0,0.0,0.0,0.0,0.0,0.0,0.0,2.791666666666667e-05,0.008807,0.0021601117821650074,2.846041666666666e-05,0.008261,0.001780245011317198,-2.80900462962963e-05,0.00702,0.0021731465448832804,2.8559259259259252e-05,0.008262,0.0017802148730669018,0.0,0.0,8640.0,8641.0,0.0,0.0,1.0,0.0001157273463719477,0.0,0.0
2023-08-08,0.0,0.0,0.0,0.0,0.0,0.0,0.0,0.0,0.0,0.0,0.0,0.0,4.318738425925926e-05,0.008338,0.0022478903817532672,-3.1856250000000005e-05,0.006362,0.0019819678576845886,-4.293935185185185e-05,0.008662,0.0022609123913426158,-3.1213541666666674e-05,0.006362,0.001982878843745314,0.0,0.0,8640.0,8641.0,0.0,0.0,1.0,0.0001157273463719477,0.0,0.0
2023-08-09,0.0,0.0,0.0,0.0,0.0,0.0,0.0,0.0,0.0,0.0,0.0,0.0,1.7184872002780025e-05,0.008677,0.002181985938410206,-2.280319703463456e-06,0.008041,0.0020134418760733,-1.7283447237345066e-05,0.008214,0.0021951509278072827,-3.1966871307772513e-06,0.00804,0.0020126249724903324,0.0,1.0,8633.0,8635.0,0.0,0.0,2.0,0.00023161551823972206,0.0,0.0
2023-08-10,0.0,0.0,0.0,0.0,0.0,0.0,0.0,0.0,0.0,0.0,0.0,0.0,1.9889351851851856e-05,0.009857,0.0021974320677443046,3.055810185185185e-05,0.006247,0.001945023471102789,-1.997465277777778e-05,0.008924,0.0022107326027773306,3.056064814814814e-05,0.006247,0.0019450200550366506,0.0,0.0,8640.0,8641.0,0.0,0.0,1.0,0.0001157273463719477,0.0,0.0
2023-08-11,0.0,0.0,0.0,0.0,0.0,0.0,0.0,0.0,0.0,0.0,0.0,0.0,1.3557754629629626e-05,0.010007,0.0022232913095059006,1.5206597222222219e-05,0.007972,0.002155896206849527,-1.2633564814814808e-05,0.008499,0.0022371088168734563,1.5200462962962966e-05,0.007972,0.0021558972319502285,0.0,0.0,8640.0,8641.0,0.0,0.0,1.0,0.0001157273463719477,0.0,0.0
2023-08-12,0.0,0.0,0.0,0.0,0.0,0.0,0.0,0.0,0.0,0.0,0.0,0.0,4.1125231481481475e-05,0.009169,0.002186727063967081,8.690972222222208e-07,0.006365,0.00209360635169209,-4.1384375e-05,0.008945,0.002199921384237912,8.587962962962975e-07,0.006366,0.002093604937024599,0.0,0.0,8640.0,8641.0,0.0,0.0,1.0,0.0001157273463719477,0.0,0.0
2023-08-13,0.0,0.0,0.0,0.0,0.0,0.0,0.0,0.0,0.0,0.0,0.0,0.0,7.846793981481482e-05,0.008765,0.0021836096436215467,5.613773148148147e-06,0.006979,0.0019053800708811494,-7.894502314814812e-05,0.007275,0.002196784575146444,5.591782407407407e-06,0.006978,0.0019053733998115447,0.0,0.0,8640.0,8641.0,0.0,0.0,1.0,0.0001157273463719477,0.0,0.0
2023-08-14,0.0,0.0,0.0,0.0,0.0,0.0,0.0,0.0,0.0,0.0,0.0,0.0,1.769675925925969e-07,0.00687,0.0022157283945402916,-1.8501157407407405e-05,0.006513,0.002136844863808826,-1.6851851851850955e-07,0.00907,0.00222909965864826,-1.8501157407407412e-05,0.006513,0.0021368413421761355,0.0,0.0,8640.0,8641.0,0.0,0.0,1.0,0.0001157273463719477,0.0,0.0
2023-08-15,0.0,0.0,0.0,0.0,0.0,0.0,0.0,0.0,0.0,0.0,0.0,0.0,-1.4890277777777776e-05,0.008649,0.0021653152043104975,4.980625e-05,0.009149,0.002194058237530931,1.4970138888888884e-05,0.0087,0.00217837507595885,5.0037615740740746e-05,0.00915,0.002194631575122297,0.0,0.0,8640.0,8641.0,0.0,0.0,1.0,0.0001157273463719477,0.0,0.0
2023-08-16,0.0,0.0,0.0,0.0,0.0,0.0,0.0,0.0,0.0,0.0,0.0,0.0,5.41443287037037e-05,0.008403,0.0021697367723808583,3.7697916666666606e-06,0.006647,0.002039768890215475,-5.4544212962962964e-05,0.008966,0.0021828054854641666,3.753587962962968e-06,0.006647,0.0020397575096178606,0.0,0.0,8640.0,8641.0,0.0,0.0,1.0,0.0001157273463719477,0.0,0.0
2023-08-17,0.0,0.0,0.0,0.0,0.0,0.0,0.0,0.0,0.0,0.0,0.0,0.0,4.200833333333334e-05,0.008812,0.0022641438029087353,-1.0589699074074073e-05,0.011498,0.0021963791273449064,-4.22519675925926e-05,0.00903,0.002277810272247121,-1.060601851851852e-05,0.011498,0.002196367279170988,0.0,0.0,8640.0,8641.0,0.0,0.0,1.0,0.0001157273463719477,0.0,0.0
2023-08-18,0.0,0.0,0.0,0.0,0.0,0.0,0.0,0.0,0.0,0.0,0.0,0.0,4.61662037037037e-05,0.008992,0.002189050164601738,-3.810393518518519e-05,0.007632,0.002268153259850594,-4.643402777777778e-05,0.006924,0.002202257932645013,-3.749502314814814e-05,0.007632,0.0022672974786964134,0.0,0.0,8640.0,8641.0,0.0,0.0,1.0,0.0001157273463719477,0.0,0.0
2023-08-19,0.0,0.0,0.0,0.0,0.0,0.0,0.0,0.0,0.0,0.0,0.0,0.0,4.170717592592593e-05,0.007516,0.002170728339396288,-1.4043981481481479e-05,0.008656,0.0020877607342205317,-4.196238425925926e-05,0.008825,0.0021838264420545547,-1.4051273148148143e-05,0.008656,0.0020877597619237812,0.0,0.0,8640.0,8641.0,0.0,0.0,1.0,0.0001157273463719477,0.0,0.0
2023-08-20,0.0,0.0,0.0,0.0,0.0,0.0,0.0,0.0,0.0,0.0,0.0,0.0,4.425601851851852e-05,0.008659,0.002215667106986818,2.848703703703704e-05,0.008009,0.00221481520759947,-4.452974537037037e-05,0.008978,0.0022290416738357894,2.8457291666666668e-05,0.008009,0.0022148313520613536,0.0,0.0,8640.0,8641.0,0.0,0.0,1.0,0.0001157273463719477,0.0,0.0
2023-08-21,0.0,0.0,0.0,0.0,0.0,0.0,0.0,0.0,0.0,0.0,0.0,0.0,3.496157407407407e-05,0.006822,0.00224898563054323,-6.431018518518518e-06,0.006269,0.002090699146191307,-3.5179050925925935e-05,0.00877,0.0022625518101470625,-6.438657407407408e-06,0.006269,0.0020906881339457376,0.0,0.0,8640.0,8641.0,0.0,0.0,1.0,0.0001157273463719477,0.0,0.0
2023-08-22,0.0,0.0,0.0,0.0,0.0,0.0,0.0,0.0,0.0,0.0,0.0,0.0,-3.2246527777777752e-06,0.008773,0.0021812489922027533,-6.528935185185187e-06,0.008244,0.0020290226488270655,2.1010416666666687e-06,0.009149,0.0021938510855516037,-6.531712962962957e-06,0.008244,0.002029011684810642,0.0,0.0,8640.0,8641.0,0.0,0.0,1.0,0.0001157273463719477,0.0,0.0
2023-08-23,0.0,0.0,0.0,0.0,0.0,0.0,0.0,0.0,0.0,0.0,0.0,0.0,-3.4722222222256946e-10,0.00851,0.0021973740708821046,1.4674189814814817e-05,0.008282,0.002159767155231293,3.47222222221927e-09,0.008228,0.002210632891342791,1.469340277777777e-05,0.008282,0.0021597550338691074,0.0,0.0,8640.0,8641.0,0.0,0.0,1.0,0.0001157273463719477,0.0,0.0
2023-08-24,0.0,0.0,0.0,0.0,0.0,0.0,0.0,0.0,0.0,0.0,0.0,0.0,2.1143402777777775e-05,0.008974,0.0022131349185112365,2.1855092592592597e-05,0.006976,0.0021928893719767154,-2.12755787037037e-05,0.008895,0.0022264966908562187,2.225810185185185e-05,0.006975,0.002192585106721732,0.0,0.0,8640.0,8641.0,0.0,0.0,1.0,0.0001157273463719477,0.0,0.0
2023-08-25,0.0,0.0,0.0,0.0,0.0,0.0,0.0,0.0,0.0,0.0,0.0,0.0,-3.155479287090558e-05,0.008453,0.0022148653594855536,1.4543834296724475e-05,0.008226,0.0018475443227632645,3.186054913294798e-05,0.007754,0.0022282225167852498,1.4955322736030825e-05,0.008225,0.0018471980581614641,0.0,2.0,8304.0,8305.0,0.0,0.0,1.0,0.00012040939193257074,0.0,0.0
2023-08-26,0.0,0.0,0.0,0.0,0.0,0.0,0.0,0.0,0.0,0.0,0.0,0.0,8.940277777777779e-06,0.006598,0.002174972271735931,7.864814814814814e-05,0.008066,0.0023144434478391965,-8.561921296296293e-06,0.007895,0.0021883982553043157,7.79486111111111e-05,0.008066,0.0023135011146476216,0.0,0.0,8640.0,8641.0,0.0,0.0,1.0,0.0001157273463719477,0.0,0.0
2023-08-27,0.0,0.0,0.0,0.0,0.0,0.0,0.0,0.0,0.0,0.0,0.0,0.0,6.335069444444445e-06,0.008037,0.0021155866943584887,3.9595138888888884e-05,0.006776,0.001974069074627659,-6.375925925925922e-06,0.00786,0.0021283546698169483,3.961736111111111e-05,0.006776,0.0019740655098031933,0.0,0.0,8640.0,8641.0,0.0,0.0,1.0,0.0001157273463719477,0.0,0.0
2023-08-28,0.0,0.0,0.0,0.0,0.0,0.0,0.0,0.0,0.0,0.0,0.0,0.0,-2.2524074074074067e-05,0.007853,0.002107109995149256,4.2597222222222204e-05,0.008361,0.0022009262941810053,2.303020833333334e-05,0.011235,0.002120057409156019,4.2606597222222216e-05,0.008362,0.0022009117290157994,0.0,0.0,8640.0,8641.0,0.0,0.0,1.0,0.0001157273463719477,0.0,0.0
2023-08-29,0.0,0.0,0.0,0.0,0.0,0.0,0.0,0.0,0.0,0.0,0.0,0.0,1.1578587962962956e-05,0.006301,0.002053240120867253,1.3698495370370378e-05,0.008681,0.0021458283866460075,-1.1248379629629629e-05,0.006613,0.0020662957145510196,1.3692592592592596e-05,0.008681,0.0021458223877618833,0.0,0.0,8640.0,8641.0,0.0,0.0,1.0,0.0001157273463719477,0.0,0.0
2023-08-30,0.0,0.0,0.0,0.0,0.0,0.0,0.0,0.0,0.0,0.0,0.0,0.0,3.3730324074074043e-06,0.008494,0.0021321639070079855,6.110775462962963e-05,0.008367,0.0020292499787870006,-3.408796296296297e-06,0.008679,0.0021450305626828084,6.113946759259259e-05,0.008367,0.002029250281805877,0.0,0.0,8640.0,8641.0,0.0,0.0,1.0,0.0001157273463719477,0.0,0.0
2023-08-31,0.0,0.0,0.0,0.0,0.0,0.0,0.0,0.0,0.0,0.0,0.0,0.0,1.0125e-05,0.008338,0.002080891358317623,9.762037037037036e-06,0.008337,0.002132532665513287,-1.012870370370371e-05,0.008081,0.0020934495727523137,9.840162037037031e-06,0.008338,0.002132494163174781,0.0,0.0,8640.0,8641.0,0.0,0.0,1.0,0.0001157273463719477,0.0,0.0
2023-09-01,0.0,0.0,0.0,0.0,0.0,0.0,0.0,0.0,0.0,0.0,0.0,0.0,5.691979166666667e-05,0.008841,0.0020923707645395906,4.056712962962961e-06,0.006631,0.0021592545939956324,-5.7452893518518524e-05,0.007842,0.002105269138711019,4.034722222222221e-06,0.006631,0.0021592469756786664,0.0,0.0,8640.0,8641.0,0.0,0.0,1.0,0.0001157273463719477,0.0,0.0
2023-09-02,0.0,0.0,0.0,0.0,0.0,0.0,0.0,0.0,0.0,0.0,0.0,0.0,3.309131944444445e-05,0.008085,0.0020984490266641436,-4.825000000000004e-06,0.008617,0.00201071126739605,-3.283530092592592e-05,0.007978,0.0021114118280122396,-4.352777777777787e-06,0.008616,0.0020106337164547895,0.0,0.0,8640.0,8641.0,0.0,0.0,1.0,0.0001157273463719477,0.0,0.0
2023-09-03,0.0,0.0,0.0,0.0,0.0,0.0,0.0,0.0,0.0,0.0,0.0,0.0,-1.6723938809123545e-06,0.0081385,0.002121713347741033,5.5728180814481246e-05,0.0088605,0.002199248923062878,1.6666043379186134e-06,0.00831,0.002134528773588755,5.5805612588838744e-05,0.0088605,0.0021989529695206557,0.0,0.0,4320.0,4320.5,0.0,0.0,0.5,7.070135746606335e-05,0.0,0.0
2023-09-04,0.0,0.0,0.0,0.0,0.0,0.0,0.0,0.0,0.0,0.0,0.0,0.0,4.220717592592593e-05,0.007977,0.0021409561779368986,5.9892361111111074e-06,0.008467,0.0022534355027370606,-4.246064814814815e-05,0.006575,0.0021538688689420713,6.453009259259262e-06,0.008467,0.0022532543600079823,0.0,0.0,8640.0,8641.0,0.0,0.0,1.0,0.0001157273463719477,0.0,0.0
2023-09-05,0.0,0.0,0.0,0.0,0.0,0.0,0.0,0.0,0.0,0.0,0.0,0.0,1.3297337962962967e-05,0.008452,0.0020578136706875952,6.349999999999996e-06,0.008774,0.0021609246379907274,-1.3118171296296292e-05,0.009129,0.0020700959527099193,6.177893518518519e-06,0.008774,0.0021608424219275286,0.0,0.0,8640.0,8641.0,0.0,0.0,1.0,0.0001157273463719477,0.0,0.0
2023-09-06,0.0,0.0,0.0,0.0,0.0,0.0,0.0,0.0,0.0,0.0,0.0,0.0,3.1460069444444444e-05,0.00803,0.002099748747453754,2.7307407407407413e-05,0.006813,0.0021985616542010583,-3.214837962962964e-05,0.007855,0.002111685316847799,2.7579050925925926e-05,0.006813,0.0021984314377906065,0.0,0.0,8640.0,8641.0,0.0,0.0,1.0,0.0001157273463719477,0.0,0.0
2023-09-07,0.0,0.0,0.0,0.0,0.0,0.0,0.0,0.0,0.0,0.0,0.0,0.0,-3.2525462962962998e-06,0.008169,0.00214814349474301,3.178298611111111e-05,0.00711,0.002225401626998328,3.7570601851851854e-06,0.008133,0.002161319059506145,3.17925925925926e-05,0.00711,0.002225391135305473,0.0,0.0,8640.0,8641.0,0.0,0.0,1.0,0.0001157273463719477,0.0,0.0
2023-09-08,0.0,0.0,0.0,0.0,0.0,0.0,0.0,0.0,0.0,0.0,0.0,0.0,-3.861111111111108e-06,0.008051,0.002120593056140276,-4.496759259259254e-06,0.006888,0.002137765839508866,3.8876157407407445e-06,0.008491,0.002133389226466872,-4.499421296296302e-06,0.006888,0.002137773402298216,0.0,0.0,8640.0,8641.0,0.0,0.0,1.0,0.0001157273463719477,0.0,0.0
2023-09-09,0.0,0.0,0.0,0.0,0.0,0.0,0.0,0.0,0.0,0.0,0.0,0.0,-2.5380787037037017e-06,0.007881,0.002189996102292325,1.531689814814815e-05,0.008509,0.0021034417552051586,1.8063657407407426e-06,0.007658,0.0022032405508698076,1.5197453703703701e-05,0.008508,0.0021034492987846106,0.0,0.0,8640.0,8641.0,0.0,0.0,1.0,0.0001157273463719477,0.0,0.0
2023-09-10,0.0,0.0,0.0,0.0,0.0,0.0,0.0,0.0,0.0,0.0,0.0,0.0,-5.957060185185183e-06,0.00642,0.0020943544147911312,-5.8333333333333365e-06,0.00852,0.0019455167465336671,6.573726851851856e-06,0.007727,0.0021072845802137673,-5.834837962962963e-06,0.00852,0.0019455154199478812,0.0,0.0,8640.0,8641.0,0.0,0.0,1.0,0.0001157273463719477,0.0,0.0
2023-09-11,0.0,0.0,0.0,0.0,0.0,0.0,0.0,0.0,0.0,0.0,0.0,0.0,-4.920555555555555e-05,0.008089,0.002218125747204714,2.6595949074074073e-05,0.008349,0.002050660800571853,4.8640625000000005e-05,0.006599,0.0022309934085454697,2.6416782407407403e-05,0.008349,0.002050528567798579,0.0,0.0,8640.0,8641.0,0.0,0.0,1.0,0.0001157273463719477,0.0,0.0
2023-09-12,0.0,0.0,0.0,0.0,0.0,0.0,0.0,0.0,0.0,0.0,0.0,0.0,2.4237615740740742e-05,0.008261,0.0021517649651474776,4.628784722222223e-05,0.007597,0.001982801448834144,-2.4078124999999997e-05,0.006738,0.0021646481408820256,4.552407407407408e-05,0.007597,0.0019823257688853448,0.0,0.0,8640.0,8641.0,0.0,0.0,1.0,0.0001157273463719477,0.0,0.0
2023-09-13,0.0,0.0,0.0,0.0,0.0,0.0,0.0,0.0,0.0,0.0,0.0,0.0,1.6149074074074075e-05,0.006408,0.002132244389128148,-4.359756944444444e-05,0.007868,0.002105321456611678,-1.570474537037037e-05,0.008184,0.002145768871088217,-4.484699074074074e-05,0.007868,0.0021052812260117402,0.0,0.0,8640.0,8641.0,0.0,0.0,1.0,0.0001157273463719477,0.0,0.0
2023-09-14,0.0,0.0,0.0,0.0,0.0,0.0,0.0,0.0,0.0,0.0,0.0,0.0,-2.030439814814815e-06,0.006223,0.002109705757836942,7.92951388888889e-06,0.008051,0.001957829262653127,1.3722222222222173e-06,0.00795,0.002121731405387504,7.721527777777781e-06,0.008051,0.0019579388724067642,0.0,0.0,8640.0,8641.0,0.0,0.0,1.0,0.0001157273463719477,0.0,0.0
2023-09-15,0.0,0.0,0.0,0.0,0.0,0.0,0.0,0.0,0.0,0.0,0.0,0.0,-7.424537037037035e-06,0.00759,0.0022434405084218057,6.105324074074076e-06,0.006773,0.0019168991429809362,7.68541666666667e-06,0.00657,0.0022566150823076074,5.755439814814816e-06,0.006773,0.001917109449787296,0.0,0.0,8640.0,8641.0,0.0,0.0,1.0,0.0001157273463719477,0.0,0.0
2023-09-16,0.0,0.0,0.0,0.0,0.0,0.0,0.0,0.0,0.0,0.0,0.0,0.0,-3.681828703703704e-05,0.010064,0.0021803869249689615,-1.2603124999999998e-05,0.006741,0.002051176595148211,3.739641203703704e-05,0.007882,0.0021929541650597957,-1.2594675925925924e-05,0.006741,0.0020511720841803116,0.0,0.0,8640.0,8641.0,0.0,0.0,1.0,0.0001157273463719477,0.0,0.0
2023-09-17,0.0,0.0,0.0,0.0,0.0,0.0,0.0,0.0,0.0,0.0,0.0,0.0,9.937037037037042e-06,0.008046,0.002189809292296976,4.390324074074074e-05,0.007935,0.0019284801745592726,-1.0005439814814815e-05,0.006391,0.002203024401282356,4.3918749999999993e-05,0.007934,0.0019284639362078149,0.0,0.0,8640.0,8641.0,0.0,0.0,1.0,0.0001157273463719477,0.0,0.0
2023-09-18,0.0,0.0,0.0,0.0,0.0,0.0,0.0,0.0,0.0,0.0,0.0,0.0,1.9339699074074073e-05,0.008085,0.00211843915868118,3.7918055555555556e-05,0.006284,0.002046930446838426,-1.9513078703703705e-05,0.007895,0.002131225084433557,3.790659722222223e-05,0.006283,0.002046931921202154,0.0,0.0,8640.0,8641.0,0.0,0.0,1.0,0.0001157273463719477,0.0,0.0
2023-09-19,0.0,0.0,0.0,0.0,0.0,0.0,0.0,0.0,0.0,0.0,0.0,0.0,1.828657407407407e-05,0.008324,0.002135625110885028,3.3202546296296295e-06,0.008195,0.0021426037146320956,-1.8392361111111112e-05,0.00677,0.0021485067283340013,3.7700231481481457e-06,0.008195,0.002142751056861586,0.0,0.0,8640.0,8641.0,0.0,0.0,1.0,0.0001157273463719477,0.0,0.0
2023-09-20,0.0,0.0,0.0,0.0,0.0,0.0,0.0,0.0,0.0,0.0,0.0,0.0,-7.521527777777778e-06,0.007921,0.002157151467826214,-3.6921296296295995e-07,0.008751,0.0019605113335538294,7.18506944444444e-06,0.007831,0.002170326687172066,-6.005787037037016e-07,0.008751,0.0019603857452062255,0.0,0.0,8640.0,8641.0,0.0,0.0,1.0,0.0001157273463719477,0.0,0.0
2023-09-21,0.0,0.0,0.0,0.0,0.0,0.0,0.0,0.0,0.0,0.0,0.0,0.0,1.0168981481481478e-05,0.007873,0.002171037494533989,4.219641203703704e-05,0.008276,0.002108643452293487,-9.827893518518517e-06,0.008176,0.0021844715432488464,4.2171875e-05,0.008276,0.0021086384865911514,0.0,0.0,8640.0,8641.0,0.0,0.0,1.0,0.0001157273463719477,0.0,0.0
2023-09-22,0.0,0.0,0.0,0.0,0.0,0.0,0.0,0.0,0.0,0.0,0.0,0.0,4.441076388888889e-05,0.007908,0.0021502339112386684,6.769930555555555e-05,0.011408,0.0022224418673564648,-4.476689814814814e-05,0.008467,0.0021631241749259776,6.80582175925926e-05,0.011407,0.0022226184480914775,0.0,0.0,8640.0,8641.0,0.0,0.0,1.0,0.0001157273463719477,0.0,0.0
2023-09-23,0.0,0.0,0.0,0.0,0.0,0.0,0.0,0.0,0.0,0.0,0.0,0.0,3.949513888888889e-05,0.008309,0.0021273401058893304,1.9190393518518516e-05,0.006731,0.002060391760606964,-4.056666666666666e-05,0.007753,0.002140288198650814,1.9180439814814816e-05,0.006731,0.002060387964474236,0.0,0.0,8640.0,8641.0,0.0,0.0,1.0,0.0001157273463719477,0.0,0.0
2023-09-24,0.0,0.0,0.0,0.0,0.0,0.0,0.0,0.0,0.0,0.0,0.0,0.0,5.9534374999999995e-05,0.008304,0.002105320947097412,-5.881284722222223e-05,0.008042,0.002228105904268455,-5.992743055555556e-05,0.00749,0.0021178975229591643,-5.9078703703703706e-05,0.008042,0.002228209358395438,0.0,0.0,8640.0,8641.0,0.0,0.0,1.0,0.0001157273463719477,0.0,0.0
2023-09-25,0.0,0.0,0.0,0.0,0.0,0.0,0.0,0.0,0.0,0.0,0.0,0.0,2.759293981481481e-05,0.00827,0.002101964715710533,6.163310185185181e-06,0.008072,0.002152194193132989,-2.841701388888889e-05,0.007685,0.002114643244377069,6.090625000000001e-06,0.008073,0.002152186096638545,0.0,0.0,8640.0,8641.0,0.0,0.0,1.0,0.0001157273463719477,0.0,0.0
2023-09-26,0.0,0.0,0.0,0.0,0.0,0.0,0.0,0.0,0.0,0.0,0.0,0.0,-2.366868092274705e-06,0.007897000000000001,0.002065107564691204,-1.2728989078345092e-05,0.007653,0.002294859870050633,2.554723824273231e-06,0.0064535,0.0020775968116721324,-1.2729090547149026e-05,0.007653,0.0022948631311117064,0.0,0.0,4320.0,4320.5,0.0,0.0,0.5,0.00010972130787798991,0.0,0.0
2023-09-27,0.0,0.0,0.0,0.0,0.0,0.0,0.0,0.0,0.0,0.0,0.0,0.0,6.204328703703704e-05,0.008263,0.001991772729986736,2.753240740740741e-06,0.007945,0.002255901007667776,-6.169247685185186e-05,0.007778,0.002004770232447333,2.8949074074074083e-06,0.007944,0.0022557325408431046,0.0,0.0,8640.0,8641.0,0.0,0.0,1.0,0.0001157273463719477,0.0,0.0
2023-09-28,0.0,0.0,0.0,0.0,0.0,0.0,0.0,0.0,0.0,0.0,0.0,0.0,3.3259375e-05,0.008301,0.002130932733365065,-1.4359837962962968e-05,0.008075,0.0021242973168092566,-3.3455555555555556e-05,0.007755,0.002143783759526344,-1.4363773148148154e-05,0.008075,0.0021242879160071207,0.0,0.0,8640.0,8641.0,0.0,0.0,1.0,0.0001157273463719477,0.0,0.0
2023-09-29,0.0,0.0,0.0,0.0,0.0,0.0,0.0,0.0,0.0,0.0,0.0,0.0,1.240972222222225e-06,0.008155,0.002033811524303642,2.2660879629629633e-05,0.006237,0.002076955694544034,-1.9298611111111096e-06,0.007964,0.002045216403972478,2.2683449074074083e-05,0.006237,0.0020769505697819154,0.0,0.0,8640.0,8641.0,0.0,0.0,1.0,0.0001157273463719477,0.0,0.0
2023-09-30,0.0,0.0,0.0,0.0,0.0,0.0,0.0,0.0,0.0,0.0,0.0,0.0,3.566030092592592e-05,0.008218,0.002064660435344044,2.5387152777777774e-05,0.008327,0.002188283317208164,-3.508217592592593e-05,0.006558,0.002077241624259909,2.5862500000000002e-05,0.008327,0.0021882661425370866,0.0,0.0,8640.0,8641.0,0.0,0.0,1.0,0.0001157273463719477,0.0,0.0
2023-10-01,0.0,0.0,0.0,0.0,0.0,0.0,0.0,0.0,0.0,0.0,0.0,0.0,4.6439930555555565e-05,0.008311,0.001986659164073331,4.22210648148148e-06,0.008096,0.002089086026099617,-4.67420138888889e-05,0.007956,0.001998659820801348,4.0910879629629645e-06,0.008095,0.002089079064573288,0.0,0.0,8640.0,8641.0,0.0,0.0,1.0,0.0001157273463719477,0.0,0.0
2023-10-02,0.0,0.0,0.0,0.0,0.0,0.0,0.0,0.0,0.0,0.0,0.0,0.0,3.7377662037037047e-05,0.008137,0.002056376166781945,-2.9940740740740743e-05,0.007964,0.0019968777535894202,-3.7819444444444435e-05,0.007823,0.0020689357914681376,-2.9316550925925924e-05,0.007965,0.0019969866084774794,0.0,0.0,8640.0,8641.0,0.0,0.0,1.0,0.0001157273463719477,0.0,0.0
2023-10-03,0.0,0.0,0.0,0.0,0.0,0.0,0.0,0.0,0.0,0.0,0.0,0.0,6.422893518518517e-05,0.008472,0.0020937021700435953,1.2637731481481495e-06,0.00627,0.002108305776859598,-6.461412037037037e-05,0.006614,0.002106347505746472,1.2452546296296254e-06,0.006269,0.0021082871761559942,0.0,0.0,8640.0,8641.0,0.0,0.0,1.0,0.0001157273463719477,0.0,0.0
2023-10-04,0.0,0.0,0.0,0.0,0.0,0.0,0.0,0.0,0.0,0.0,0.0,0.0,1.540294356240584e-05,0.00787,0.0021286960719764762,-1.527338046123537e-05,0.008035,0.002126884893461385,-1.5491945764283232e-05,0.00765,0.0021415459771646156,-1.511032564607718e-05,0.008035,0.002126691186068291,0.0,1.0,8629.0,8631.0,0.0,0.0,2.0,0.00023172285946008574,0.0,0.0
2023-10-05,0.0,0.0,0.0,0.0,0.0,0.0,0.0,0.0,0.0,0.0,0.0,0.0,1.6459722222222226e-05,0.008304,0.0021394023962387223,-3.973032407407407e-05,0.006468,0.001815950718398284,-1.6547222222222228e-05,0.008809,0.0021523180278509744,-3.973437499999999e-05,0.006468,0.0018159479557025918,0.0,0.0,8640.0,8641.0,0.0,0.0,1.0,0.0001157273463719477,0.0,0.0
2023-10-06,0.0,0.0,0.0,0.0,0.0,0.0,0.0,0.0,0.0,0.0,0.0,0.0,-2.930000000000001e-05,0.00828,0.0021905159366697744,-9.082291666666671e-06,0.00647,0.0021190939880222017,2.9476157407407398e-05,0.006182,0.0022037374617794427,-8.503935185185193e-06,0.00647,0.002119102883671624,0.0,0.0,8640.0,8641.0,0.0,0.0,1.0,0.0001157273463719477,0.0,0.0
2023-10-07,0.0,0.0,0.0,0.0,0.0,0.0,0.0,0.0,0.0,0.0,0.0,0.0,1.0637037037037035e-05,0.008349,0.002199273012026255,4.366354166666666e-05,0.007907,0.0019321722214477597,-1.0709606481481479e-05,0.008558,0.002212551666620009,4.375150462962962e-05,0.007906,0.001932173003993394,0.0,0.0,8640.0,8641.0,0.0,0.0,1.0,0.0001157273463719477,0.0,0.0
2023-10-08,0.0,0.0,0.0,0.0,0.0,0.0,0.0,0.0,0.0,0.0,0.0,0.0,3.1086805555555484e-06,0.007944,0.0021604714703732314,-4.480324074074076e-06,0.006667,0.002182382456314592,-3.0032407407407437e-06,0.009342,0.002173644146273204,-4.488541666666671e-06,0.006666,0.0021823770348560574,0.0,0.0,8640.0,8641.0,0.0,0.0,1.0,0.0001157273463719477,0.0,0.0
2023-10-09,0.0,0.0,0.0,0.0,0.0,0.0,0.0,0.0,0.0,0.0,0.0,0.0,2.7198611111111116e-05,0.008045,0.002138422616036503,-9.203587962962968e-06,0.008055,0.0019533402088207402,-2.765138888888889e-05,0.009014,0.002151181105061663,-9.630787037037028e-06,0.008054,0.0019532791936413955,0.0,0.0,8640.0,8641.0,0.0,0.0,1.0,0.0001157273463719477,0.0,0.0
2023-10-10,0.0,0.0,0.0,0.0,0.0,0.0,0.0,0.0,0.0,0.0,0.0,0.0,2.4452546296296285e-05,0.008047,0.0021288632052468776,1.1046412037037037e-05,0.011178,0.0022383341968219726,-2.4343171296296294e-05,0.007617,0.0021417557080768766,1.0993171296296298e-05,0.011179,0.0022383341344597773,0.0,0.0,8640.0,8641.0,0.0,0.0,1.0,0.0001157273463719477,0.0,0.0
2023-10-11,0.0,0.0,0.0,0.0,0.0,0.0,0.0,0.0,0.0,0.0,0.0,0.0,1.8237037037037034e-05,0.00833,0.002212215076289066,3.9921296296296225e-06,0.008273,0.00209346008226559,-1.834039351851852e-05,0.008549,0.002225575255357421,3.982638888888892e-06,0.008273,0.002093451534468141,0.0,0.0,8640.0,8641.0,0.0,0.0,1.0,0.0001157273463719477,0.0,0.0
2023-10-12,0.0,0.0,0.0,0.0,0.0,0.0,0.0,0.0,0.0,0.0,0.0,0.0,2.097233796296297e-05,0.00828,0.002134337352558906,3.5104282407407404e-05,0.008491,0.00197480277077281,-2.109363425925926e-05,0.007766,0.0021472291960628713,3.548622685185185e-05,0.008492,0.001975116233877438,0.0,0.0,8640.0,8641.0,0.0,0.0,1.0,0.0001157273463719477,0.0,0.0
2023-10-13,0.0,0.0,0.0,0.0,0.0,0.0,0.0,0.0,0.0,0.0,0.0,0.0,4.445393518518518e-05,0.006611,0.0021547122232669995,-3.6599537037036993e-06,0.007071,0.0020929800707243065,-4.49267361111111e-05,0.009046,0.0021675572607430314,-2.5769675925925934e-06,0.007071,0.0020927752731996377,0.0,0.0,8640.0,8641.0,0.0,0.0,1.0,0.0001157273463719477,0.0,0.0
2023-10-14,0.0,0.0,0.0,0.0,0.0,0.0,0.0,0.0,0.0,0.0,0.0,0.0,5.119131944444445e-05,0.008243,0.002040667335472679,-1.1553125000000003e-05,0.006516,0.002095549707233184,-5.085208333333333e-05,0.007765,0.002053693788796489,-1.1561226851851858e-05,0.006516,0.002095541777239572,0.0,0.0,8640.0,8641.0,0.0,0.0,1.0,0.0001157273463719477,0.0,0.0
2023-10-15,0.0,0.0,0.0,0.0,0.0,0.0,0.0,0.0,0.0,0.0,0.0,0.0,-2.097800925925926e-05,0.008562,0.0021135746269957635,2.3072800925925925e-05,0.008225,0.0020063532151375052,2.1090972222222226e-05,0.007948,0.0021263343310236314,2.3081365740740738e-05,0.008225,0.0020063466141077534,0.0,0.0,8640.0,8641.0,0.0,0.0,1.0,0.0001157273463719477,0.0,0.0
2023-10-16,0.0,0.0,0.0,0.0,0.0,0.0,0.0,0.0,0.0,0.0,0.0,0.0,4.3023842592592586e-05,0.008549,0.0021220110863778606,2.575451388888889e-05,0.007845,0.002301389294902331,-4.337986111111112e-05,0.007842,0.002134870785147984,2.5745370370370368e-05,0.007845,0.0023013726744718563,0.0,0.0,8640.0,8641.0,0.0,0.0,1.0,0.0001157273463719477,0.0,0.0
2023-10-17,0.0,0.0,0.0,0.0,0.0,0.0,0.0,0.0,0.0,0.0,0.0,0.0,-3.0759536231884046e-05,0.009188,0.0025582100864001258,-3.293982608695652e-05,0.006193,0.0016719180465916248,3.0611826086956526e-05,0.009402,0.002573472836727092,-3.2948289855072456e-05,0.006193,0.0016719174808358928,0.0,10.0,8625.0,8627.0,0.0,0.0,2.0,0.0002318303002202388,0.0,0.0
2023-10-18,0.0,0.0,0.0,0.0,0.0,0.0,0.0,0.0,0.0,0.0,0.0,0.0,0.0001801068287037037,0.009999,0.0028022747182471315,2.9534375000000005e-05,0.006953,0.0019042939091051473,-0.00018142025462962967,0.00918,0.0028190353725438774,2.944085648148149e-05,0.006953,0.0019043138778228911,0.0,0.0,8640.0,8641.0,0.0,0.0,1.0,0.0001157273463719477,0.0,0.0
2023-10-19,0.0,0.0,0.0,0.0,0.0,0.0,0.0,0.0,0.0,0.0,0.0,0.0,7.409027777777778e-05,0.009738,0.0022041480465028003,-1.9715046296296302e-05,0.007749,0.002303794392144921,-7.508368055555557e-05,0.011401,0.002217779712288784,-1.9993865740740744e-05,0.007749,0.002303914810982641,0.0,0.0,8640.0,8641.0,0.0,0.0,1.0,0.0001157273463719477,0.0,0.0
2023-10-20,0.0,0.0,0.0,0.0,0.0,0.0,0.0,0.0,0.0,0.0,0.0,0.0,6.370648148148148e-05,0.009524,0.0018534705579302138,-2.1792824074074076e-05,0.00666,0.001950815097234842,-6.408993055555555e-05,0.008865,0.0018646926830730797,-2.179270833333333e-05,0.00666,0.00195081504942716,0.0,0.0,8640.0,8641.0,0.0,0.0,1.0,0.0001157273463719477,0.0,0.0
2023-10-21,0.0,0.0,0.0,0.0,0.0,0.0,0.0,0.0,0.0,0.0,0.0,0.0,7.705023148148147e-05,0.008695,0.0020032474408037183,-3.3353356481481484e-05,0.008597,0.0022959407416418645,-7.751643518518519e-05,0.008984,0.002015382912161599,-3.335289351851852e-05,0.008597,0.0022959391438003504,0.0,0.0,8640.0,8641.0,0.0,0.0,1.0,0.0001157273463719477,0.0,0.0
2023-10-22,0.0,0.0,0.0,0.0,0.0,0.0,0.0,0.0,0.0,0.0,0.0,0.0,0.00012150157497985842,0.009659000000000001,0.0022480768047901984,3.419418661116525e-05,0.008375500000000001,0.0020886710888047754,-0.0001222426179306224,0.009701000000000001,0.0022616770218043996,3.41935344112095e-05,0.008375500000000001,0.002088672835216351,0.0,0.0,4320.0,4320.5,0.0,0.0,0.5,0.00025075225677031093,0.0,0.0
2023-10-23,0.0,0.0,0.0,0.0,0.0,0.0,0.0,0.0,0.0,0.0,0.0,0.0,0.00010030405092592593,0.009871,0.0024070339979395273,-4.6591203703703714e-05,0.008548,0.0022516693225390814,-0.00010139803240740741,0.009126,0.002422149426579051,-4.659270833333333e-05,0.008548,0.002251669549804423,0.0,0.0,8640.0,8641.0,0.0,0.0,1.0,0.0001157273463719477,0.0,0.0
2023-10-24,0.0,0.0,0.0,0.0,0.0,0.0,0.0,0.0,0.0,0.0,0.0,0.0,8.693402777777778e-05,0.00784,0.002527368946079063,3.456863425925927e-05,0.009482,0.002024149645504097,-8.773842592592594e-05,0.008859,0.002542585189955649,3.405428240740742e-05,0.009482,0.0020240426255419123,0.0,0.0,8640.0,8641.0,0.0,0.0,1.0,0.0001157273463719477,0.0,0.0
2023-10-25,0.0,0.0,0.0,0.0,0.0,0.0,0.0,0.0,0.0,0.0,0.0,0.0,0.00011049305555555556,0.009539,0.0025994943987724117,3.5977546296296304e-05,0.008888,0.0023262023320621524,-0.00011115706018518518,0.009357,0.0026152383776972855,3.5977893518518524e-05,0.008888,0.0023262027691411205,0.0,0.0,8640.0,8641.0,0.0,0.0,1.0,0.0001157273463719477,0.0,0.0
2023-10-26,0.0,0.0,0.0,0.0,0.0,0.0,0.0,0.0,0.0,0.0,0.0,0.0,0.00011831238425925926,0.009378,0.0026735681072075144,1.1662037037037038e-05,0.008367,0.0023591440004298646,-0.00011902662037037039,0.009274,0.0026897505194990096,1.1661921296296304e-05,0.008367,0.0023591442059268837,0.0,0.0,8640.0,8641.0,0.0,0.0,1.0,0.0001157273463719477,0.0,0.0
2023-10-27,0.0,0.0,0.0,0.0,0.0,0.0,0.0,0.0,0.0,0.0,0.0,0.0,0.0001039625,0.008451,0.002493287010022658,2.9567476851851845e-05,0.008603,0.0021909610284329946,-0.0001043693287037037,0.008378,0.0025084785850174518,2.9860648148148148e-05,0.008603,0.0021911759440127435,0.0,0.0,8640.0,8641.0,0.0,0.0,1.0,0.0001157273463719477,0.0,0.0
2023-10-28,0.0,0.0,0.0,0.0,0.0,0.0,0.0,0.0,0.0,0.0,0.0,0.0,3.892962962962963e-05,0.009115,0.0023123235034047587,5.0011226851851844e-05,0.008062,0.0025028888897684017,-3.9158912037037046e-05,0.008796,0.002326316701886945,5.000960648148148e-05,0.008062,0.0025028904566641082,0.0,0.0,8640.0,8641.0,0.0,0.0,1.0,0.0001157273463719477,0.0,0.0
2023-10-29,0.0,0.0,0.0,0.0,0.0,0.0,0.0,0.0,0.0,0.0,0.0,0.0,8.334340277777777e-05,0.008254,0.002233711161750643,1.9966782407407402e-05,0.008068,0.002200006986105424,-8.385162037037037e-05,0.008011,0.0022472334190204047,2.0244675925925926e-05,0.008068,0.0022002462687920076,0.0,0.0,8640.0,8641.0,0.0,0.0,1.0,0.0001157273463719477,0.0,0.0
2023-10-30,0.0,0.0,0.0,0.0,0.0,0.0,0.0,0.0,0.0,0.0,0.0,0.0,0.00010030381944444445,0.009568,0.002195709332123495,7.634490740740738e-06,0.008353,0.001988796244783961,-0.00010090763888888888,0.007822,0.0022090004438192383,7.597106481481484e-06,0.008353,0.0019888072512189753,0.0,0.0,8640.0,8641.0,0.0,0.0,1.0,0.0001157273463719477,0.0,0.0
2023-10-31,0.0,0.0,0.0,0.0,0.0,0.0,0.0,0.0,0.0,0.0,0.0,0.0,8.408113425925927e-05,0.009485,0.0022061373031211848,2.4611111111111108e-05,0.009488,0.002303693630861136,-8.477766203703705e-05,0.007057,0.0022197404068423883,2.4610185185185183e-05,0.009488,0.0023036946648418697,0.0,0.0,8640.0,8641.0,0.0,0.0,1.0,0.0001157273463719477,0.0,0.0
2023-11-01,0.0,0.0,0.0,0.0,0.0,0.0,0.0,0.0,0.0,0.0,0.0,0.0,7.483865740740739e-05,0.007918,0.0021312089951217015,8.77141203703703e-06,0.008262,0.0019541169889073272,-7.528900462962962e-05,0.007839,0.002144106875641326,8.713773148148142e-06,0.008262,0.0019541117376147676,0.0,0.0,8640.0,8641.0,0.0,0.0,1.0,0.0001157273463719477,0.0,0.0
2023-11-02,0.0,0.0,0.0,0.0,0.0,0.0,0.0,0.0,0.0,0.0,0.0,0.0,6.959189814814816e-05,0.008482,0.002091092100456894,1.6711111111111112e-05,0.007954,0.00226164006710609,-7.000925925925926e-05,0.008568,0.0021037443659179525,1.671006944444445e-05,0.007954,0.002261640210920751,0.0,0.0,8640.0,8641.0,0.0,0.0,1.0,0.0001157273463719477,0.0,0.0
2023-11-03,0.0,0.0,0.0,0.0,0.0,0.0,0.0,0.0,0.0,0.0,0.0,0.0,5.383807870370371e-05,0.009526,0.001944816968903865,-1.1114236111111112e-05,0.006641,0.0022491947815699467,-5.41693287037037e-05,0.007859,0.001956591391378818,-1.0399305555555553e-05,0.006641,0.0022493766589671504,0.0,0.0,8640.0,8641.0,0.0,0.0,1.0,0.0001157273463719477,0.0,0.0
2023-11-04,0.0,0.0,0.0,0.0,0.0,0.0,0.0,0.0,0.0,0.0,0.0,0.0,5.173576388888888e-05,0.010319,0.001994137155337864,2.186342592592592e-05,0.00837,0.0018611125617368947,-5.205034722222221e-05,0.009471,0.00200620578890846,2.1862384259259257e-05,0.00837,0.0018611127339747313,0.0,0.0,8640.0,8641.0,0.0,0.0,1.0,0.0001157273463719477,0.0,0.0
2023-11-05,0.0,0.0,0.0,0.0,0.0,0.0,0.0,0.0,0.0,0.0,0.0,0.0,2.3741319444444443e-05,0.008235,0.002057455813937448,-3.2543055555555555e-05,0.007962,0.0022176062977590397,-2.3882638888888885e-05,0.007872,0.002069914215263029,-3.254444444444445e-05,0.007962,0.0022176049669486914,0.0,0.0,8640.0,8641.0,0.0,0.0,1.0,0.0001157273463719477,0.0,0.0
2023-11-06,0.0,0.0,0.0,0.0,0.0,0.0,0.0,0.0,0.0,0.0,0.0,0.0,3.904085648148148e-05,0.00837,0.0020863931396013953,9.55300925925925e-06,0.006796,0.0022831648715621136,-3.9271875000000004e-05,0.008458,0.0020990181678991475,9.441319444444433e-06,0.006796,0.0022830411015072223,0.0,0.0,8640.0,8641.0,0.0,0.0,1.0,0.0001157273463719477,0.0,0.0
2023-11-07,0.0,0.0,0.0,0.0,0.0,0.0,0.0,0.0,0.0,0.0,0.0,0.0,6.0442245370370366e-05,0.008462,0.0019848215322238773,4.3338773148148135e-05,0.008305,0.0018373811824466,-6.046296296296299e-05,0.007809,0.0019974992796990467,4.333877314814815e-05,0.008305,0.00183738140130693,0.0,0.0,8640.0,8641.0,0.0,0.0,1.0,0.0001157273463719477,0.0,0.0
2023-11-08,0.0,0.0,0.0,0.0,0.0,0.0,0.0,0.0,0.0,0.0,0.0,0.0,6.489479166666668e-05,0.008124,0.0019441911953365762,3.839837962962963e-05,0.008463,0.0023536316460060812,-6.528553240740741e-05,0.00632,0.001955958195105778,3.839976851851852e-05,0.008463,0.002353631687181025,0.0,0.0,8640.0,8641.0,0.0,0.0,1.0,0.0001157273463719477,0.0,0.0
2023-11-09,0.0,0.0,0.0,0.0,0.0,0.0,0.0,0.0,0.0,0.0,0.0,0.0,9.562499999999994e-06,0.009798,0.0019907985936951636,-2.5588194444444442e-05,0.008037,0.0022896310108007664,-9.522106481481486e-06,0.007731,0.0020028219062993464,-2.5588773148148147e-05,0.008037,0.0022896315339803624,0.0,0.0,8640.0,8641.0,0.0,0.0,1.0,0.0001157273463719477,0.0,0.0
2023-11-10,0.0,0.0,0.0,0.0,0.0,0.0,0.0,0.0,0.0,0.0,0.0,0.0,2.8192824074074073e-05,0.007889,0.001978124178193599,-1.4007986111111111e-05,0.008088,0.0018671368234287262,-2.8365393518518522e-05,0.006754,0.0019900992954201423,-1.4008217592592589e-05,0.008088,0.0018671361471803503,0.0,0.0,8640.0,8641.0,0.0,0.0,1.0,0.0001157273463719477,0.0,0.0
2023-11-11,0.0,0.0,0.0,0.0,0.0,0.0,0.0,0.0,0.0,0.0,0.0,0.0,5.53261574074074e-05,0.008396,0.002004395558840987,-3.379629629629633e-06,0.008458,0.002299853194779716,-5.575694444444445e-05,0.007797,0.0020164094541742076,-3.6028935185185204e-06,0.008458,0.0023000293808429465,0.0,0.0,8640.0,8641.0,0.0,0.0,1.0,0.0001157273463719477,0.0,0.0
2023-11-12,0.0,0.0,0.0,0.0,0.0,0.0,0.0,0.0,0.0,0.0,0.0,0.0,2.3923263888888895e-05,0.006309,0.0020410030505282855,-2.1519675925925933e-05,0.007827,0.002108382140242724,-2.4077777777777777e-05,0.008515,0.002053359582695143,-2.1195023148148152e-05,0.007827,0.0021081827549135914,0.0,0.0,8640.0,8641.0,0.0,0.0,1.0,0.0001157273463719477,0.0,0.0
2023-11-13,0.0,0.0,0.0,0.0,0.0,0.0,0.0,0.0,0.0,0.0,0.0,0.0,6.698622685185185e-05,0.007317,0.002053431183832244,4.348414351851853e-05,0.006304,0.002129456248945738,-6.748715277777777e-05,0.007706,0.002065833869115746,4.348425925925926e-05,0.006304,0.0021294564862759813,0.0,0.0,8640.0,8641.0,0.0,0.0,1.0,0.0001157273463719477,0.0,0.0
2023-11-14,0.0,0.0,0.0,0.0,0.0,0.0,0.0,0.0,0.0,0.0,0.0,0.0,3.368472222222222e-05,0.008494,0.001892754272325719,1.6926041666666662e-05,0.006702,0.0022692755283381452,-3.393298611111113e-05,0.007812,0.0019042038053858007,1.6925347222222215e-05,0.006702,0.002269275516022164,0.0,0.0,8640.0,8641.0,0.0,0.0,1.0,0.0001157273463719477,0.0,0.0
2023-11-15,0.0,0.0,0.0,0.0,0.0,0.0,0.0,0.0,0.0,0.0,0.0,0.0,4.878240740740735e-06,0.006624,0.001847480623819754,6.569444444444429e-07,0.008019,0.0018108093837517214,-4.951736111111114e-06,0.007863,0.001858666395964252,9.047453703703709e-07,0.008019,0.0018109865569255724,0.0,0.0,8640.0,8641.0,0.0,0.0,1.0,0.0001157273463719477,0.0,0.0
2023-11-16,0.0,0.0,0.0,0.0,0.0,0.0,0.0,0.0,0.0,0.0,0.0,0.0,0.000120525,0.008959,0.0023205343243985614,-0.00010512187500000001,0.00841,0.0022589770632872996,-0.00012125231481481481,0.008851,0.0023345825360314354,-0.00010526724537037038,0.00841,0.0022589693024224577,0.0,0.0,8640.0,8641.0,0.0,0.0,1.0,0.0001157273463719477,0.0,0.0
2023-11-17,0.0,0.0,0.0,0.0,0.0,0.0,0.0,0.0,0.0,0.0,0.0,0.0,2.2792245370370362e-05,0.008673,0.001903865992058566,-6.538298611111112e-05,0.008306,0.002344691554138616,-2.2931481481481483e-05,0.00902,0.001915392643554667,-6.529467592592594e-05,0.008306,0.002344685838335326,0.0,0.0,8640.0,8641.0,0.0,0.0,1.0,0.0001157273463719477,0.0,0.0
2023-11-18,0.0,0.0,0.0,0.0,0.0,0.0,0.0,0.0,0.0,0.0,0.0,0.0,8.80074074074074e-05,0.009766,0.001977653166551914,-3.513935185185185e-05,0.006511,0.0024958941349427877,-8.851805555555555e-05,0.007762,0.0019896529520121225,-3.513993055555555e-05,0.006511,0.002495893790902875,0.0,0.0,8640.0,8641.0,0.0,0.0,1.0,0.0001157273463719477,0.0,0.0
2023-11-19,0.0,0.0,0.0,0.0,0.0,0.0,0.0,0.0,0.0,0.0,0.0,0.0,-3.937962962962961e-06,0.007926,0.0018276415046997428,-3.793831018518518e-05,0.009362,0.0023293564038047534,3.963425925925923e-06,0.0083,0.00183871223993582,-3.841469907407407e-05,0.009362,0.002329660648170237,0.0,0.0,8640.0,8641.0,0.0,0.0,1.0,0.0001157273463719477,0.0,0.0
2023-11-20,0.0,0.0,0.0,0.0,0.0,0.0,0.0,0.0,0.0,0.0,0.0,0.0,6.93054398148148e-05,0.007688,0.002045939209248144,6.693287037037081e-07,0.009381,0.002124056900142934,-6.984791666666667e-05,0.006897,0.002058301705618285,6.69328703703709e-07,0.009381,0.002124057732580198,0.0,0.0,8640.0,8641.0,0.0,0.0,1.0,0.0001157273463719477,0.0,0.0
2023-11-21,0.0,0.0,0.0,0.0,0.0,0.0,0.0,0.0,0.0,0.0,0.0,0.0,2.576921296296297e-05,0.008181,0.0019749760453361596,-6.382962962962963e-05,0.008654,0.0023485929814713747,-2.5953125000000002e-05,0.006424,0.001986904602406517,-6.383078703703704e-05,0.008654,0.002348591563678024,0.0,0.0,8640.0,8641.0,0.0,0.0,1.0,0.0001157273463719477,0.0,0.0
2023-11-22,0.0,0.0,0.0,0.0,0.0,0.0,0.0,0.0,0.0,0.0,0.0,0.0,1.7154282407407405e-05,0.008134,0.0020236358755109296,6.429513888888892e-06,0.009003,0.002185530901907844,-1.7258217592592588e-05,0.00808,0.002035881107901318,6.428240740740751e-06,0.009003,0.0021855300864347693,0.0,0.0,8640.0,8641.0,0.0,0.0,1.0,0.0001157273463719477,0.0,0.0
2023-11-23,0.0,0.0,0.0,0.0,0.0,0.0,0.0,0.0,0.0,0.0,0.0,0.0,5.8277430555555555e-05,0.008382,0.001900707474975765,-3.077893518518519e-06,0.008387,0.0018380395983391693,-5.8630439814814816e-05,0.00673,0.001912222118471918,-3.0814814814814824e-06,0.008387,0.001838038230858916,0.0,0.0,8640.0,8641.0,0.0,0.0,1.0,0.0001157273463719477,0.0,0.0
2023-11-24,0.0,0.0,0.0,0.0,0.0,0.0,0.0,0.0,0.0,0.0,0.0,0.0,-9.866898148148153e-07,0.008387,0.0017357729466609823,-5.66582175925926e-05,0.007798,0.002186123569708391,1.2462962962962946e-06,0.008631,0.001746477571261639,-5.6660300925925925e-05,0.007798,0.0021861222161141513,0.0,0.0,8640.0,8641.0,0.0,0.0,1.0,0.0001157273463719477,0.0,0.0
2023-11-25,0.0,0.0,0.0,0.0,0.0,0.0,0.0,0.0,0.0,0.0,0.0,0.0,5.386678240740741e-05,0.008467,0.0020083826420440455,-4.1774074074074074e-05,0.011169,0.002384065642204542,-5.419722222222221e-05,0.006681,0.0020205385727199592,-4.1775347222222226e-05,0.011169,0.0023840659546921876,0.0,0.0,8640.0,8641.0,0.0,0.0,1.0,0.0001157273463719477,0.0,0.0
2023-11-26,0.0,0.0,0.0,0.0,0.0,0.0,0.0,0.0,0.0,0.0,0.0,0.0,2.434096108043321e-05,0.0074625,0.0019018309768581653,-8.26571664308405e-05,0.007287,0.0023240060392860527,-2.4467779341627753e-05,0.006332,0.0019133487413370883,-8.265748456303669e-05,0.007287,0.0023240069274283208,0.0,0.0,4320.0,4320.5,0.0,0.0,0.5,7.359434795407713e-05,0.0,0.0
2023-11-27,0.0,0.0,0.0,0.0,0.0,0.0,0.0,0.0,0.0,0.0,0.0,0.0,3.2407291666666666e-05,0.008268,0.002058858838772803,-1.5892013888888886e-05,0.008765,0.0018491242473832193,-3.2419097222222226e-05,0.008633,0.0020712082577293124,-1.558298611111111e-05,0.008765,0.0018492668692010336,0.0,0.0,8640.0,8641.0,0.0,0.0,1.0,0.0001157273463719477,0.0,0.0
2023-11-28,0.0,0.0,0.0,0.0,0.0,0.0,0.0,0.0,0.0,0.0,0.0,0.0,4.588842592592592e-05,0.008138,0.0020229973154933206,1.530092592592613e-07,0.008122,0.0021597657529508012,-4.590300925925926e-05,0.00775,0.00203527019936754,-1.828703703703043e-08,0.008122,0.002159294101800506,0.0,0.0,8640.0,8641.0,0.0,0.0,1.0,0.0001157273463719477,0.0,0.0
2023-11-29,0.0,0.0,0.0,0.0,0.0,0.0,0.0,0.0,0.0,0.0,0.0,0.0,2.0979629629629633e-05,0.009801,0.0017782028163233845,-6.415601851851852e-05,0.006268,0.002501484225086831,-2.1100578703703703e-05,0.007893,0.001788968516751907,-6.415960648148148e-05,0.006268,0.0025014825784476216,0.0,0.0,8640.0,8641.0,0.0,0.0,1.0,0.0001157273463719477,0.0,0.0
2023-11-30,0.0,0.0,0.0,0.0,0.0,0.0,0.0,0.0,0.0,0.0,0.0,0.0,2.7299768518518515e-05,0.009905,0.0017952377191600246,-9.87439814814815e-05,0.008095,0.0023642929422471527,-2.7496296296296298e-05,0.008214,0.001806115228347039,-9.88013888888889e-05,0.008095,0.0023642281514430576,0.0,0.0,8640.0,8641.0,0.0,0.0,1.0,0.0001157273463719477,0.0,0.0
2023-12-01,0.0,0.0,0.0,0.0,0.0,0.0,0.0,0.0,0.0,0.0,0.0,0.0,7.013726851851852e-05,0.008263,0.0019820758070917474,-5.0989351851851856e-05,0.007645,0.0019954295331492257,-7.082141203703704e-05,0.006412,0.00199401874986,-5.099074074074075e-05,0.007645,0.0019954306084804625,0.0,0.0,8640.0,8641.0,0.0,0.0,1.0,0.0001157273463719477,0.0,0.0
2023-12-02,0.0,0.0,0.0,0.0,0.0,0.0,0.0,0.0,0.0,0.0,0.0,0.0,5.995671296296297e-05,0.008211,0.002092190859736583,-2.0634606481481486e-05,0.008286,0.0019487100980193398,-6.0320949074074076e-05,0.008278,0.0021048613498563873,-2.0793865740740736e-05,0.008286,0.0019486762472380923,0.0,0.0,8640.0,8641.0,0.0,0.0,1.0,0.0001157273463719477,0.0,0.0
2023-12-03,0.0,0.0,0.0,0.0,0.0,0.0,0.0,0.0,0.0,0.0,0.0,0.0,1.5236574074074073e-05,0.011963,0.00208590670536226,-4.8515625e-05,0.007914,0.0023770823024674786,-1.5184490740740744e-05,0.008631,0.0020985419550960858,-4.864189814814816e-05,0.007914,0.002377101326320754,0.0,0.0,8640.0,8641.0,0.0,0.0,1.0,0.0001157273463719477,0.0,0.0
2023-12-04,0.0,0.0,0.0,0.0,0.0,0.0,0.0,0.0,0.0,0.0,0.0,0.0,6.144594907407407e-05,0.006721,0.0020520193340303663,-2.6451504629629632e-05,0.008929,0.0023868889105078815,-6.182141203703703e-05,0.008801,0.0020644384430469416,-2.5483796296296296e-05,0.008929,0.0023868861831995596,0.0,0.0,8640.0,8641.0,0.0,0.0,1.0,0.0001157273463719477,0.0,0.0
2023-12-05,0.0,0.0,0.0,0.0,0.0,0.0,0.0,0.0,0.0,0.0,0.0,0.0,3.818252314814815e-05,0.008132,0.002100477359167913,-3.980659722222222e-05,0.009568,0.0021431108269094976,-3.839212962962963e-05,0.008016,0.0021135640367197445,-3.980648148148148e-05,0.009568,0.0021431104400366054,0.0,0.0,8640.0,8641.0,0.0,0.0,1.0,0.0001157273463719477,0.0,0.0
2023-12-06,0.0,0.0,0.0,0.0,0.0,0.0,0.0,0.0,0.0,0.0,0.0,0.0,2.844780092592593e-05,0.008704,0.0017505617733561169,1.0753009259259251e-05,0.007958,0.0023752072809290503,-2.862037037037036e-05,0.009093,0.0017611534307772861,1.0752314814814808e-05,0.007958,0.0023752067848386528,0.0,0.0,8640.0,8641.0,0.0,0.0,1.0,0.0001157273463719477,0.0,0.0
2023-12-07,0.0,0.0,0.0,0.0,0.0,0.0,0.0,0.0,0.0,0.0,0.0,0.0,1.2525578703703703e-05,0.008388,0.001809406537349553,-2.652546296296304e-06,0.009304,0.002529863098107597,-1.2361574074074069e-05,0.007672,0.001820432556488703,-2.651273148148146e-06,0.009304,0.0025298636639915534,0.0,0.0,8640.0,8641.0,0.0,0.0,1.0,0.0001157273463719477,0.0,0.0
2023-12-08,0.0,0.0,0.0,0.0,0.0,0.0,0.0,0.0,0.0,0.0,0.0,0.0,5.720219907407408e-05,0.006311,0.0020307402244538766,-5.6239004629629635e-05,0.00724,0.0023336013302598935,-5.754560185185185e-05,0.006744,0.002043028340899109,-5.622118055555556e-05,0.00724,0.002333578633622896,0.0,0.0,8640.0,8641.0,0.0,0.0,1.0,0.0001157273463719477,0.0,0.0
2023-12-09,0.0,0.0,0.0,0.0,0.0,0.0,0.0,0.0,0.0,0.0,0.0,0.0,4.243379629629629e-05,0.006589,0.002070759303232514,-2.9654050925925922e-05,0.007934,0.0020659599849577165,-4.2686458333333334e-05,0.00717,0.0020832898698326598,-2.948530092592593e-05,0.007934,0.0020656445901101046,0.0,0.0,8640.0,8641.0,0.0,0.0,1.0,0.0001157273463719477,0.0,0.0
2023-12-10,0.0,0.0,0.0,0.0,0.0,0.0,0.0,0.0,0.0,0.0,0.0,0.0,6.181840277777777e-05,0.007972,0.002039401528007234,-7.707986111111115e-06,0.008565,0.0023190509511586406,-6.219247685185185e-05,0.008671,0.002051746098882215,-7.878935185185188e-06,0.008565,0.0023192426454250463,0.0,0.0,8640.0,8641.0,0.0,0.0,1.0,0.0001157273463719477,0.0,0.0
2023-12-11,0.0,0.0,0.0,0.0,0.0,0.0,0.0,0.0,0.0,0.0,0.0,0.0,7.3609375e-05,0.007839,0.0020023131880640794,-8.683564814814815e-06,0.008269,0.002211817219983567,-7.437511574074074e-05,0.008911,0.0020146331847824676,-8.685185185185187e-06,0.008269,0.0022118176226140233,0.0,0.0,8640.0,8641.0,0.0,0.0,1.0,0.0001157273463719477,0.0,0.0
2023-12-12,0.0,0.0,0.0,0.0,0.0,0.0,0.0,0.0,0.0,0.0,0.0,0.0,4.009270833333333e-05,0.006609,0.002049334856979138,-7.759016203703705e-05,0.008421,0.001957243649504657,-4.035393518518518e-05,0.006897,0.00206174145488545,-7.75900462962963e-05,0.008421,0.001957245067779491,0.0,0.0,8640.0,8641.0,0.0,0.0,1.0,0.0001157273463719477,0.0,0.0
2023-12-13,0.0,0.0,0.0,0.0,0.0,0.0,0.0,0.0,0.0,0.0,0.0,0.0,4.325925925925922e-06,0.008058,0.0016656399601047743,1.2583564814814827e-05,0.00805,0.0024897298673398093,-4.348495370370367e-06,0.006015,0.001675722193968965,1.2581712962962965e-05,0.00805,0.0024897309979627852,0.0,0.0,8640.0,8641.0,0.0,0.0,1.0,0.0001157273463719477,0.0,0.0
2023-12-14,0.0,0.0,0.0,0.0,0.0,0.0,0.0,0.0,0.0,0.0,0.0,0.0,7.478969907407409e-05,0.007691,0.0020755025153332,-1.517928240740741e-05,0.006815,0.002289090535045594,-7.523993055555555e-05,0.007652,0.0020880636003206745,-1.5180092592592592e-05,0.006815,0.0022890919513081356,0.0,0.0,8640.0,8641.0,0.0,0.0,1.0,0.0001157273463719477,0.0,0.0
2023-12-15,0.0,0.0,0.0,0.0,0.0,0.0,0.0,0.0,0.0,0.0,0.0,0.0,2.9402893518518513e-05,0.007932,0.0019734978731603455,-4.1678472222222225e-05,0.008366,0.0018235132269347795,-2.9579166666666673e-05,0.008764,0.0019854408554327036,-4.1680092592592604e-05,0.008366,0.0018235122012142675,0.0,0.0,8640.0,8641.0,0.0,0.0,1.0,0.0001157273463719477,0.0,0.0
2023-12-16,0.0,0.0,0.0,0.0,0.0,0.0,0.0,0.0,0.0,0.0,0.0,0.0,6.420659722222223e-05,0.008096,0.0020811170008164822,-5.354907407407407e-05,0.008352,0.002110578708478997,-6.458993055555555e-05,0.007548,0.002093708659295405,-5.387372685185185e-05,0.008352,0.002110844385231591,0.0,0.0,8640.0,8641.0,0.0,0.0,1.0,0.0001157273463719477,0.0,0.0
2023-12-17,0.0,0.0,0.0,0.0,0.0,0.0,0.0,0.0,0.0,0.0,0.0,0.0,2.166342592592593e-05,0.008394,0.0016125615893392317,9.655219907407407e-05,0.00668,0.002563705946870379,-2.178368055555556e-05,0.007854,0.0016223280692398273,9.655219907407407e-05,0.00668,0.0025637068068631967,0.0,0.0,8640.0,8641.0,0.0,0.0,1.0,0.0001157273463719477,0.0,0.0
2023-12-18,0.0,0.0,0.0,0.0,0.0,0.0,0.0,0.0,0.0,0.0,0.0,0.0,0.0001339255787037037,0.010048,0.002093292780918405,-7.211006944444446e-05,0.007947,0.0026159943864121752,-0.00013474189814814813,0.009132,0.0021059709107301085,-7.18675925925926e-05,0.007947,0.002616065137585286,0.0,0.0,8640.0,8641.0,0.0,0.0,1.0,0.0001157273463719477,0.0,0.0
2023-12-19,0.0,0.0,0.0,0.0,0.0,0.0,0.0,0.0,0.0,0.0,0.0,0.0,4.7687119667303945e-05,0.009297,0.002026753978387393,-2.7331462336010418e-05,0.007183,0.0023463342150041684,-4.7696963544007825e-05,0.0084345,0.002039108043662945,-2.7331010582919035e-05,0.007183,0.002346333097720302,0.0,0.0,4320.0,4320.5,0.0,0.0,0.5,0.00011684973124561814,0.0,0.0
2023-12-20,0.0,0.0,0.0,0.0,0.0,0.0,0.0,0.0,0.0,0.0,0.0,0.0,5.931550925925926e-05,0.008098,0.0019972202457482816,-1.5403472222222217e-05,0.009417,0.0022180170238690496,-5.966967592592592e-05,0.0064,0.0020093087939696283,-1.5405439814814816e-05,0.009417,0.0022180177895012136,0.0,0.0,8640.0,8641.0,0.0,0.0,1.0,0.0001157273463719477,0.0,0.0
2023-12-21,0.0,0.0,0.0,0.0,0.0,0.0,0.0,0.0,0.0,0.0,0.0,0.0,6.351111111111111e-05,0.008481,0.0020182636312116352,-1.8010648148148154e-05,0.009212,0.0023670536566436,-6.389629629629628e-05,0.007701,0.0020304853647970175,-1.6721990740740747e-05,0.009212,0.0023677456800795913,0.0,0.0,8640.0,8641.0,0.0,0.0,1.0,0.0001157273463719477,0.0,0.0
2023-12-22,0.0,0.0,0.0,0.0,0.0,0.0,0.0,0.0,0.0,0.0,0.0,0.0,6.552881944444443e-05,0.008251,0.001976042604058731,-3.080868055555555e-05,0.008035,0.002087642257376765,-6.597175925925926e-05,0.007896,0.0019879907168548036,-3.080787037037037e-05,0.008035,0.002087640285512062,0.0,0.0,8640.0,8641.0,0.0,0.0,1.0,0.0001157273463719477,0.0,0.0
2023-12-23,0.0,0.0,0.0,0.0,0.0,0.0,0.0,0.0,0.0,0.0,0.0,0.0,1.2268171296296299e-05,0.008467,0.0020030590554877877,1.8754513888888888e-05,0.008272,0.002026825209691969,-1.233680555555555e-05,0.007776,0.002015190043331274,1.8753472222222224e-05,0.008272,0.0020268246077576268,0.0,0.0,8640.0,8641.0,0.0,0.0,1.0,0.0001157273463719477,0.0,0.0
2023-12-24,0.0,0.0,0.0,0.0,0.0,0.0,0.0,0.0,0.0,0.0,0.0,0.0,5.290543981481481e-05,0.007983,0.0019030154209296114,-4.5393171296296304e-05,0.006597,0.002413438860456843,-5.322268518518519e-05,0.007876,0.0019145388071958801,-4.539479166666666e-05,0.006597,0.002413438239991395,0.0,0.0,8640.0,8641.0,0.0,0.0,1.0,0.0001157273463719477,0.0,0.0
2023-12-25,0.0,0.0,0.0,0.0,0.0,0.0,0.0,0.0,0.0,0.0,0.0,0.0,8.442708333333335e-06,0.008277,0.0017812297835494222,9.311701388888888e-05,0.008047,0.0020240411901161584,-8.547916666666667e-06,0.007746,0.0017920232126290988,9.309652777777778e-05,0.008047,0.002024019626336267,0.0,0.0,8640.0,8641.0,0.0,0.0,1.0,0.0001157273463719477,0.0,0.0
2023-12-26,0.0,0.0,0.0,0.0,0.0,0.0,0.0,0.0,0.0,0.0,0.0,0.0,7.986238425925925e-05,0.008042,0.001997369792882966,-1.01744212962963e-05,0.008179,0.001968109572068095,-8.035266203703704e-05,0.009056,0.0020094475914847363,-1.0165046296296293e-05,0.008179,0.00196810710285584,0.0,0.0,8640.0,8641.0,0.0,0.0,1.0,0.0001157273463719477,0.0,0.0
2023-12-27,0.0,0.0,0.0,0.0,0.0,0.0,0.0,0.0,0.0,0.0,0.0,0.0,5.989328703703703e-05,0.008458,0.00204282075239516,1.3245254629629628e-05,0.008744,0.00219505297995863,-6.025555555555555e-05,0.008832,0.002055188480289955,1.324537037037037e-05,0.008744,0.0021950520893457047,0.0,0.0,8640.0,8641.0,0.0,0.0,1.0,0.0001157273463719477,0.0,0.0
2023-12-28,0.0,0.0,0.0,0.0,0.0,0.0,0.0,0.0,0.0,0.0,0.0,0.0,4.5897800925925934e-05,0.007549,0.0020065250768973395,-2.319363425925926e-05,0.008644,0.0020710285259618777,-4.617372685185185e-05,0.008238,0.002018665838631056,-2.3442245370370374e-05,0.008644,0.002070860721127486,0.0,0.0,8640.0,8641.0,0.0,0.0,1.0,0.0001157273463719477,0.0,0.0
2023-12-29,0.0,0.0,0.0,0.0,0.0,0.0,0.0,0.0,0.0,0.0,0.0,0.0,6.057870370370375e-06,0.008144,0.0019455697128280046,1.2026157407407405e-05,0.007789,0.0018731354952705905,-6.085416666666665e-06,0.007415,0.0019573435953703006,1.2026041666666666e-05,0.007789,0.0018731349818318294,0.0,0.0,8640.0,8641.0,0.0,0.0,1.0,0.0001157273463719477,0.0,0.0
2023-12-30,0.0,0.0,0.0,0.0,0.0,0.0,0.0,0.0,0.0,0.0,0.0,0.0,7.232511574074073e-05,0.006605,0.0019861935397578554,1.1279398148148143e-05,0.008021,0.002253864288246665,-7.275636574074075e-05,0.007675,0.001998214369455432,1.1193055555555557e-05,0.008021,0.0022539709410043253,0.0,0.0,8640.0,8641.0,0.0,0.0,1.0,0.0001157273463719477,0.0,0.0
2023-12-31,0.0,0.0,0.0,0.0,0.0,0.0,0.0,0.0,0.0,0.0,0.0,0.0,5.8489583333333326e-05,0.008289,0.0019449414641280133,-1.65386574074074e-05,0.008586,0.001972123115859052,-5.88361111111111e-05,0.008174,0.001956718604436506,-1.653935185185185e-05,0.008586,0.0019721254035476596,0.0,0.0,8640.0,8641.0,0.0,0.0,1.0,0.0001157273463719477,0.0,0.0
2024-01-01,0.0,0.0,0.0,0.0,0.0,0.0,0.0,0.0,0.0,0.0,0.0,0.0,0.00010777615740740741,0.007929,0.0018849317103948355,2.300590277777778e-05,0.009194,0.0020154893211556434,-0.00010912916666666668,0.006416,0.0018970920057373166,2.3005092592592597e-05,0.009194,0.0020154880401018226,0.0,0.0,8640.0,8641.0,0.0,0.0,1.0,0.0001157273463719477,0.0,0.0
2024-01-02,0.0,0.0,0.0,0.0,0.0,0.0,0.0,0.0,0.0,0.0,0.0,0.0,-4.809837962962969e-06,0.010468,0.0019264134681825599,5.839537037037036e-05,0.008037,0.002354223344228482,4.960879629629634e-06,0.011107,0.0019384457992264422,5.8395486111111114e-05,0.008037,0.0023542218638614673,0.0,0.0,8640.0,8641.0,0.0,0.0,1.0,0.0001157273463719477,0.0,0.0
2024-01-03,0.0,0.0,0.0,0.0,0.0,0.0,0.0,0.0,0.0,0.0,0.0,0.0,2.523888888888889e-05,0.007903,0.0019814794010652964,-4.1025115740740743e-05,0.008042,0.0023346109461506747,-2.538368055555555e-05,0.00649,0.0019934765261114327,-4.0817708333333346e-05,0.008042,0.0023347318066719385,0.0,0.0,8640.0,8641.0,0.0,0.0,1.0,0.0001157273463719477,0.0,0.0
2024-01-04,0.0,0.0,0.0,0.0,0.0,0.0,0.0,0.0,0.0,0.0,0.0,0.0,1.982800925925926e-05,0.007896,0.002018759904573056,7.269444444444451e-06,0.008538,0.002147860824170452,-1.9948379629629632e-05,0.007898,0.002030976138890452,7.268518518518521e-06,0.008538,0.0021478589235958798,0.0,0.0,8640.0,8641.0,0.0,0.0,1.0,0.0001157273463719477,0.0,0.0
2024-01-05,0.0,0.0,0.0,0.0,0.0,0.0,0.0,0.0,0.0,0.0,0.0,0.0,3.261921296296295e-05,0.008018,0.0019727598057571183,4.635937500000001e-05,0.008829,0.001963927126382969,-3.2429513888888885e-05,0.006278,0.001984537967266069,4.632094907407408e-05,0.008829,0.0019639253683118077,0.0,0.0,8640.0,8641.0,0.0,0.0,1.0,0.0001157273463719477,0.0,0.0
2024-01-06,0.0,0.0,0.0,0.0,0.0,0.0,0.0,0.0,0.0,0.0,0.0,0.0,3.1534606481481484e-05,0.006296,0.0018021252034603327,4.167627314814816e-05,0.008352,0.0023586233981380414,-3.149201388888889e-05,0.008392,0.0018131461785092723,4.1674074074074065e-05,0.008352,0.002358624875567414,0.0,0.0,8640.0,8641.0,0.0,0.0,1.0,0.0001157273463719477,0.0,0.0
2024-01-07,0.0,0.0,0.0,0.0,0.0,0.0,0.0,0.0,0.0,0.0,0.0,0.0,-2.6339236111111107e-05,0.006378,0.0019733529815759124,6.249131944444444e-05,0.007291,0.0022036166178188146,2.6491550925925923e-05,0.007843,0.001985244803401922,6.286550925925925e-05,0.007291,0.0022033123031971235,0.0,0.0,8640.0,8641.0,0.0,0.0,1.0,0.0001157273463719477,0.0,0.0
2024-01-08,0.0,0.0,0.0,0.0,0.0,0.0,0.0,0.0,0.0,0.0,0.0,0.0,8.38247685185185e-05,0.008281,0.001980327601326944,-1.1699652777777778e-05,0.007863,0.001862660327895991,-8.423541666666667e-05,0.008646,0.0019923323847168173,-1.2258680555555556e-05,0.007863,0.001863102004185709,0.0,0.0,8640.0,8641.0,0.0,0.0,1.0,0.0001157273463719477,0.0,0.0
2024-01-09,0.0,0.0,0.0,0.0,0.0,0.0,0.0,0.0,0.0,0.0,0.0,0.0,4.675381944444445e-05,0.00831,0.0018821778659533863,5.226539351851852e-05,0.009025,0.0021178007788640943,-4.6215625e-05,0.00777,0.0018929019817833322,5.2264004629629626e-05,0.009025,0.0021178004573770676,0.0,0.0,8640.0,8641.0,0.0,0.0,1.0,0.0001157273463719477,0.0,0.0
2024-01-10,0.0,0.0,0.0,0.0,0.0,0.0,0.0,0.0,0.0,0.0,0.0,0.0,6.436736111111111e-05,0.008505,0.002069823763588523,4.517870370370371e-05,0.008213,0.002334259299863675,-6.475648148148148e-05,0.007673,0.0020823536204789914,4.480925925925927e-05,0.008213,0.0023345425005934506,0.0,0.0,8640.0,8641.0,0.0,0.0,1.0,0.0001157273463719477,0.0,0.0
2024-01-11,0.0,0.0,0.0,0.0,0.0,0.0,0.0,0.0,0.0,0.0,0.0,0.0,1.0739476855314553e-05,0.007419,0.001873978013429314,3.852302596431242e-05,0.007667,0.0018571578221944353,-1.079686220037754e-05,0.007946,0.0018853263415078373,3.8522582244066906e-05,0.007667,0.0018571559553539865,0.0,0.0,4320.0,4320.5,0.0,0.0,0.5,0.00028328611898016995,0.0,0.0
2024-01-12,0.0,0.0,0.0,0.0,0.0,0.0,0.0,0.0,0.0,0.0,0.0,0.0,9.560300925925925e-06,0.008217,0.001760369196476712,5.9092361111111116e-05,0.008819,0.0017635073600884737,-1.0002199074074078e-05,0.008978,0.0017707274280286576,5.9092361111111116e-05,0.008819,0.0017635060961513139,0.0,0.0,8640.0,8641.0,0.0,0.0,1.0,0.0001157273463719477,0.0,0.0
2024-01-13,0.0,0.0,0.0,0.0,0.0,0.0,0.0,0.0,0.0,0.0,0.0,0.0,5.628472222222223e-05,0.008168,0.002061256971662585,3.643738425925927e-05,0.008536,0.0021116727753582574,-5.6628703703703694e-05,0.007716,0.0020737377989879626,3.6436226851851846e-05,0.008536,0.0021116727032401495,0.0,0.0,8640.0,8641.0,0.0,0.0,1.0,0.0001157273463719477,0.0,0.0
2024-01-14,0.0,0.0,0.0,0.0,0.0,0.0,0.0,0.0,0.0,0.0,0.0,0.0,4.953425925925926e-05,0.010384,0.001734618610004452,9.206134259259259e-05,0.007205,0.002502607723587635,-4.9838541666666666e-05,0.009012,0.0017451242612173594,9.310810185185185e-05,0.007205,0.0025028446872583207,0.0,0.0,8640.0,8641.0,0.0,0.0,1.0,0.0001157273463719477,0.0,0.0
2024-01-15,0.0,0.0,0.0,0.0,0.0,0.0,0.0,0.0,0.0,0.0,0.0,0.0,3.9408217592592584e-05,0.009985,0.002008808372135028,-7.899189814814821e-06,0.008213,0.0023796884922607916,-4.005497685185185e-05,0.008655,0.0020206535268106206,-7.901967592592594e-06,0.008213,0.0023796909338915763,0.0,0.0,8640.0,8641.0,0.0,0.0,1.0,0.0001157273463719477,0.0,0.0
2024-01-16,0.0,0.0,0.0,0.0,0.0,0.0,0.0,0.0,0.0,0.0,0.0,0.0,0.00018474803240740742,0.008826,0.002384906031838553,-7.96420138888889e-05,0.008981,0.002071333486441928,-0.00018532037037037035,0.011056,0.002399339768381388,-7.907372685185184e-05,0.008981,0.0020707294971923354,0.0,0.0,8640.0,8641.0,0.0,0.0,1.0,0.0001157273463719477,0.0,0.0
2024-01-17,0.0,0.0,0.0,0.0,0.0,0.0,0.0,0.0,0.0,0.0,0.0,0.0,7.89085648148148e-05,0.008965,0.0020284197415064505,7.788773148148148e-06,0.008069,0.0021125437521936435,-7.939027777777777e-05,0.008544,0.0020406845536778393,7.4883101851851825e-06,0.008069,0.0021123094304781056,0.0,0.0,8640.0,8641.0,0.0,0.0,1.0,0.0001157273463719477,0.0,0.0
2024-01-18,0.0,0.0,0.0,0.0,0.0,0.0,0.0,0.0,0.0,0.0,0.0,0.0,0.00021062824074074074,0.01074,0.0025780319856583147,-0.00011704930555555556,0.008396,0.0025287504916159213,-0.00021190243055555557,0.011134,0.00259363776101609,-0.00011704907407407407,0.008396,0.0025287514460795887,0.0,0.0,8640.0,8641.0,0.0,0.0,1.0,0.0001157273463719477,0.0,0.0
2024-01-19,0.0,0.0,0.0,0.0,0.0,0.0,0.0,0.0,0.0,0.0,0.0,0.0,9.782476851851851e-05,0.009718,0.002030599798221463,3.1091435185185215e-06,0.008114,0.002413440989519817,-9.84199074074074e-05,0.008036,0.0020428895190528294,3.714120370370384e-06,0.008114,0.002413105159860449,0.0,0.0,8640.0,8641.0,0.0,0.0,1.0,0.0001157273463719477,0.0,0.0
2024-01-20,0.0,0.0,0.0,0.0,0.0,0.0,0.0,0.0,0.0,0.0,0.0,0.0,8.015173611111111e-05,0.008458,0.0019195652487757923,2.030185185185186e-05,0.008094,0.0024668222839648642,-8.102083333333335e-05,0.010498,0.0019313527287676277,2.116087962962963e-05,0.008094,0.0024664561375119408,0.0,0.0,8640.0,8641.0,0.0,0.0,1.0,0.0001157273463719477,0.0,0.0
2024-01-21,0.0,0.0,0.0,0.0,0.0,0.0,0.0,0.0,0.0,0.0,0.0,0.0,5.509930555555555e-05,0.008466,0.0020264105810840777,-9.954166666666664e-06,0.006358,0.0021825081059595177,-5.5435995370370376e-05,0.007809,0.00203867592725254,-9.955671296296297e-06,0.006358,0.0021825080903711425,0.0,0.0,8640.0,8641.0,0.0,0.0,1.0,0.0001157273463719477,0.0,0.0
2024-01-22,0.0,0.0,0.0,0.0,0.0,0.0,0.0,0.0,0.0,0.0,0.0,0.0,3.9882060185185186e-05,0.011801,0.0019096545253423085,1.711261574074074e-05,0.008165,0.0019140672990657973,-4.050625e-05,0.007814,0.0019216297465780184,1.7111689814814823e-05,0.008165,0.0019140663046610098,0.0,0.0,8640.0,8641.0,0.0,0.0,1.0,0.0001157273463719477,0.0,0.0
2024-01-23,0.0,0.0,0.0,0.0,0.0,0.0,0.0,0.0,0.0,0.0,0.0,0.0,0.00015163527363498986,0.007228999999999999,0.0019534775100056726,-0.00020415661120557128,0.0076415,0.002453259742126573,-0.0001525690804575122,0.0062705,0.0019653171179601935,-0.00021160446591685417,0.0076415,0.002449192821713671,0.0,0.0,4320.0,4320.5,0.0,0.0,0.5,0.000984251968503937,0.0,0.0
2024-01-24,0.0,0.0,0.0,0.0,0.0,0.0,0.0,0.0,0.0,0.0,0.0,0.0,6.547511574074074e-05,0.01044,0.002062554926526616,4.3207986111111104e-05,0.008636,0.002313192009535109,-6.586898148148147e-05,0.007658,0.0020750350859454177,4.291388888888889e-05,0.008636,0.002312993596253346,0.0,0.0,8640.0,8641.0,0.0,0.0,1.0,0.0001157273463719477,0.0,0.0
2024-01-25,0.0,0.0,0.0,0.0,0.0,0.0,0.0,0.0,0.0,0.0,0.0,0.0,5.885347222222222e-05,0.010315,0.0018128377304482228,-2.334398148148148e-05,0.006802,0.0018696871607677054,-5.937233796296297e-05,0.00652,0.0018237807281488807,-2.3344560185185188e-05,0.006802,0.001869690625226537,0.0,0.0,8640.0,8641.0,0.0,0.0,1.0,0.0001157273463719477,0.0,0.0
2024-01-26,0.0,0.0,0.0,0.0,0.0,0.0,0.0,0.0,0.0,0.0,0.0,0.0,8.13005787037037e-05,0.008475,0.001998579306508239,-5.294039351851851e-05,0.008215,0.0019744086135120614,-8.179907407407408e-05,0.008672,0.00201067511181631,-5.294085648148148e-05,0.008215,0.0019744085649826258,0.0,0.0,8640.0,8641.0,0.0,0.0,1.0,0.0001157273463719477,0.0,0.0
2024-01-27,0.0,0.0,0.0,0.0,0.0,0.0,0.0,0.0,0.0,0.0,0.0,0.0,2.0694791666666662e-05,0.008425,0.001951439244959974,-5.307592592592592e-05,0.006514,0.0023461498286399362,-2.0818981481481486e-05,0.010665,0.0019632471376868207,-5.307511574074074e-05,0.006514,0.0023461474310148608,0.0,0.0,8640.0,8641.0,0.0,0.0,1.0,0.0001157273463719477,0.0,0.0
2024-01-28,0.0,0.0,0.0,0.0,0.0,0.0,0.0,0.0,0.0,0.0,0.0,0.0,4.711168981481482e-05,0.008362,0.0017810038297036502,7.318368055555555e-05,0.008591,0.0024750449255388197,-4.73880787037037e-05,0.008171,0.001791781940551863,7.300601851851853e-05,0.008591,0.002475095435709175,0.0,0.0,8640.0,8641.0,0.0,0.0,1.0,0.0001157273463719477,0.0,0.0
2024-01-29,0.0,0.0,0.0,0.0,0.0,0.0,0.0,0.0,0.0,0.0,0.0,0.0,0.0001694420138888889,0.010333,0.0023196682657597185,-0.00017553645833333332,0.006823,0.0021935815985470856,-0.00017046585648148148,0.010698,0.0023337077760049664,-0.00017518645833333334,0.006823,0.00219340467743998,0.0,0.0,8640.0,8641.0,0.0,0.0,1.0,0.0001157273463719477,0.0,0.0
2024-01-30,0.0,0.0,0.0,0.0,0.0,0.0,0.0,0.0,0.0,0.0,0.0,0.0,6.628062051400789e-05,0.010677,0.0018203049350882705,-7.111113683723084e-05,0.00806,0.0018643862946192975,-6.666149571660106e-05,0.009094,0.0018313136816008261,-7.098344524195415e-05,0.00806,0.0018645187879444227,0.0,0.0,8638.0,8640.0,0.0,0.0,2.0,0.0002314814814814815,0.0,0.0
2024-01-31,0.0,0.0,0.0,0.0,0.0,0.0,0.0,0.0,0.0,0.0,0.0,0.0,2.3873958333333334e-05,0.008038,0.0016180164650388383,-7.04005787037037e-05,0.008161,0.00195875222602866,-2.4159143518518515e-05,0.006607,0.0016277927358540273,-7.040185185185184e-05,0.008161,0.0019587506144891414,0.0,0.0,8640.0,8641.0,0.0,0.0,1.0,0.0001157273463719477,0.0,0.0
2024-02-01,0.0,0.0,0.0,0.0,0.0,0.0,0.0,0.0,0.0,0.0,0.0,0.0,9.239004629629632e-06,0.008234,0.0022896009475096967,6.64462962962963e-05,0.008477,0.002443971102762476,-9.293865740740741e-06,0.00776,0.00230346172506553,6.534525462962963e-05,0.008477,0.002443517166071274,0.0,0.0,8640.0,8641.0,0.0,0.0,1.0,0.0001157273463719477,0.0,0.0
2024-02-02,0.0,0.0,0.0,0.0,0.0,0.0,0.0,0.0,0.0,0.0,0.0,0.0,-1.5776041666666664e-05,0.007958,0.002313352898654312,0.00010359560185185186,0.008641,0.0025080600959631553,1.5728472222222228e-05,0.007872,0.002327279680061063,0.00010389212962962962,0.008641,0.0025081252870513345,0.0,0.0,8640.0,8641.0,0.0,0.0,1.0,0.0001157273463719477,0.0,0.0
2024-02-03,0.0,0.0,0.0,0.0,0.0,0.0,0.0,0.0,0.0,0.0,0.0,0.0,3.7700578703703706e-05,0.008511,0.0023551564952650505,7.896296296296296e-05,0.008483,0.002093668152476543,-3.815127314814815e-05,0.006517,0.0023695301588425315,7.886412037037038e-05,0.008483,0.0020936873254603465,0.0,0.0,8640.0,8641.0,0.0,0.0,1.0,0.0001157273463719477,0.0,0.0
2024-02-04,0.0,0.0,0.0,0.0,0.0,0.0,0.0,0.0,0.0,0.0,0.0,0.0,3.929201388888888e-05,0.008088,0.002361577307217801,5.162847222222223e-05,0.010727,0.002247877332368693,-3.993263888888888e-05,0.006599,0.002376548257102088,5.1675810185185185e-05,0.010727,0.002247814563927155,0.0,0.0,8640.0,8641.0,0.0,0.0,1.0,0.0001157273463719477,0.0,0.0
2024-02-05,0.0,0.0,0.0,0.0,0.0,0.0,0.0,0.0,0.0,0.0,0.0,0.0,7.0875e-05,0.008294,0.0023729844426513633,8.105e-05,0.008604,0.0024198865386352397,-7.128333333333335e-05,0.006579,0.0023873522345462623,8.104918981481482e-05,0.008604,0.002419885357114719,0.0,0.0,8640.0,8641.0,0.0,0.0,1.0,0.0001157273463719477,0.0,0.0
2024-02-06,0.0,0.0,0.0,0.0,0.0,0.0,0.0,0.0,0.0,0.0,0.0,0.0,3.2134953703703705e-05,0.007956,0.0017116262320430377,5.0334374999999995e-05,0.008508,0.0021284253633282553,-3.230555555555556e-05,0.007833,0.001721978341448923,5.033773148148148e-05,0.008508,0.0021284243222794512,0.0,0.0,8640.0,8641.0,0.0,0.0,1.0,0.0001157273463719477,0.0,0.0
2024-02-07,0.0,0.0,0.0,0.0,0.0,0.0,0.0,0.0,0.0,0.0,0.0,0.0,2.54431712962963e-05,0.008359,0.0016551968928298821,6.405462962962965e-05,0.008791,0.0017412194349147735,-2.591967592592593e-05,0.008644,0.0016653575147915203,6.382581018518518e-05,0.008791,0.0017414012258874852,0.0,0.0,8640.0,8641.0,0.0,0.0,1.0,0.0001157273463719477,0.0,0.0
2024-02-08,0.0,0.0,0.0,0.0,0.0,0.0,0.0,0.0,0.0,0.0,0.0,0.0,3.075624999999999e-05,0.008275,0.001753883042734448,2.9508449074074072e-05,0.006373,0.0010061102174105329,-3.089722222222222e-05,0.008889,0.0017645648883326441,2.9882638888888885e-05,0.006373,0.0010070741831404168,0.0,0.0,8640.0,8641.0,0.0,0.0,1.0,0.0001157273463719477,0.0,0.0
2024-02-09,0.0,0.0,0.0,0.0,0.0,0.0,0.0,0.0,0.0,0.0,0.0,0.0,6.33974537037037e-05,0.007935,0.0017397776585887888,-5.509837962962964e-06,0.006,0.0008948350938891896,-6.37804398148148e-05,0.007832,0.0017503032461451302,-5.508564814814816e-06,0.006,0.0008948340917647749,0.0,0.0,8640.0,8641.0,0.0,0.0,1.0,0.0001157273463719477,0.0,0.0
2024-02-10,0.0,0.0,0.0,0.0,0.0,0.0,0.0,0.0,0.0,0.0,0.0,0.0,3.4972800925925926e-05,0.006208,0.0018440750529350838,-3.005324074074079e-06,0.00636,0.000999804895873724,-3.529895833333334e-05,0.007622,0.0018555290601760582,-3.004513888888894e-06,0.00636,0.0009998041805509483,0.0,0.0,8640.0,8641.0,0.0,0.0,1.0,0.0001157273463719477,0.0,0.0
2024-02-11,0.0,0.0,0.0,0.0,0.0,0.0,0.0,0.0,0.0,0.0,0.0,0.0,4.1436689814814815e-05,0.00651,0.0020298146409754494,-4.901238425925926e-05,0.006438,0.0015422999949476197,-4.1774074074074074e-05,0.00633,0.002042083583349017,-4.901412037037037e-05,0.006438,0.0015422976458116346,0.0,0.0,8640.0,8641.0,0.0,0.0,1.0,0.0001157273463719477,0.0,0.0
2024-02-12,0.0,0.0,0.0,0.0,0.0,0.0,0.0,0.0,0.0,0.0,0.0,0.0,-3.037337962962962e-05,0.006123,0.0020141998571755635,-1.7388541666666666e-05,0.006297,0.002013823105616205,3.061458333333333e-05,0.007972,0.002026396936920708,-1.7115740740740743e-05,0.006297,0.002013665324400232,0.0,0.0,8640.0,8641.0,0.0,0.0,1.0,0.0001157273463719477,0.0,0.0
2024-02-13,0.0,0.0,0.0,0.0,0.0,0.0,0.0,0.0,0.0,0.0,0.0,0.0,5.153298611111111e-05,0.00811,0.0019635799034189204,-5.946412037037037e-05,0.008076,0.002448635849493757,-5.1845601851851846e-05,0.007395,0.0019754612814370386,-5.9577430555555546e-05,0.008076,0.0024487622102942115,0.0,0.0,8640.0,8641.0,0.0,0.0,1.0,0.0001157273463719477,0.0,0.0
2024-02-14,0.0,0.0,0.0,0.0,0.0,0.0,0.0,0.0,0.0,0.0,0.0,0.0,3.115717592592593e-05,0.007859,0.002046927403551708,1.3098148148148157e-05,0.006467,0.0020908457023935973,-3.174513888888889e-05,0.008231,0.0020590237191117494,1.2849074074074077e-05,0.006467,0.0020909860513913985,0.0,0.0,8640.0,8641.0,0.0,0.0,1.0,0.0001157273463719477,0.0,0.0
2024-02-15,0.0,0.0,0.0,0.0,0.0,0.0,0.0,0.0,0.0,0.0,0.0,0.0,5.426863425925925e-05,0.007898,0.002344104760277558,-2.9629629629629637e-05,0.008166,0.0021254177539652757,-5.459791666666668e-05,0.006629,0.002358301992711151,-2.9912847222222232e-05,0.008166,0.00212530613098629,0.0,0.0,8640.0,8641.0,0.0,0.0,1.0,0.0001157273463719477,0.0,0.0
2024-02-16,0.0,0.0,0.0,0.0,0.0,0.0,0.0,0.0,0.0,0.0,0.0,0.0,9.822467429126958e-05,0.006484500000000001,0.002497075556125287,-6.889042557291e-05,0.0084325,0.002409479278433847,-9.88031492895625e-05,0.0065135,0.0025122295254845924,-6.817954188832978e-05,0.0084325,0.002410508928126018,0.0,0.0,4320.0,4320.5,0.0,0.0,0.5,7.536930961712391e-05,0.0,0.0
2024-02-17,0.0,0.0,0.0,0.0,0.0,0.0,0.0,0.0,0.0,0.0,0.0,0.0,3.9756828703703706e-05,0.008309,0.0022653559896196555,-4.2986574074074076e-05,0.008732,0.0019827744836225254,-3.9993055555555546e-05,0.008882,0.002279071972505699,-4.26849537037037e-05,0.008732,0.0019826330488798157,0.0,0.0,8640.0,8641.0,0.0,0.0,1.0,0.0001157273463719477,0.0,0.0
2024-02-18,0.0,0.0,0.0,0.0,0.0,0.0,0.0,0.0,0.0,0.0,0.0,0.0,4.3505439814814814e-05,0.006448,0.0022520538838767343,-6.92857638888889e-05,0.008016,0.0022807581853752376,-4.447118055555555e-05,0.008074,0.0022657019464106935,-6.931261574074075e-05,0.008016,0.002280754622425818,0.0,0.0,8640.0,8641.0,0.0,0.0,1.0,0.0001157273463719477,0.0,0.0
2024-02-19,0.0,0.0,0.0,0.0,0.0,0.0,0.0,0.0,0.0,0.0,0.0,0.0,4.2391087962962965e-05,0.006268,0.0023024312293455584,-4.060995370370371e-05,0.008625,0.0022258271371952076,-4.300787037037037e-05,0.006597,0.0023165791060146255,-4.089756944444444e-05,0.008625,0.0022260786266728666,0.0,0.0,8640.0,8641.0,0.0,0.0,1.0,0.0001157273463719477,0.0,0.0
2024-02-20,0.0,0.0,0.0,0.0,0.0,0.0,0.0,0.0,0.0,0.0,0.0,0.0,6.379293981481483e-05,0.00667,0.00239892044411789,-1.654236111111111e-05,0.008724,0.0021328989066743916,-6.418854166666667e-05,0.007834,0.002413445805019002,-1.680659722222222e-05,0.008724,0.0021331019387231284,0.0,0.0,8640.0,8641.0,0.0,0.0,1.0,0.0001157273463719477,0.0,0.0
2024-02-21,0.0,0.0,0.0,0.0,0.0,0.0,0.0,0.0,0.0,0.0,0.0,0.0,8.044317129629628e-05,0.006282,0.0024075042512946847,-3.657939814814815e-05,0.007026,0.002189802124941444,-8.116365740740741e-05,0.009394,0.00242214816001462,-3.633425925925926e-05,0.007026,0.0021897869667340058,0.0,0.0,8640.0,8641.0,0.0,0.0,1.0,0.0001157273463719477,0.0,0.0
2024-02-22,0.0,0.0,0.0,0.0,0.0,0.0,0.0,0.0,0.0,0.0,0.0,0.0,0.00010287534722222223,0.006797,0.002462589005238583,-1.9821527777777782e-05,0.008757,0.0020154868549001363,-0.00010317025462962964,0.007984,0.0024775289892174715,-2.029988425925926e-05,0.008757,0.0020157173820794334,0.0,0.0,8640.0,8641.0,0.0,0.0,1.0,0.0001157273463719477,0.0,0.0
2024-02-23,0.0,0.0,0.0,0.0,0.0,0.0,0.0,0.0,0.0,0.0,0.0,0.0,9.742291666666666e-05,0.007798,0.002448020203332364,-7.881851851851852e-05,0.008142,0.002312604774810652,-9.796608796296297e-05,0.008517,0.0024628366146893397,-7.881736111111111e-05,0.008142,0.002312603804881238,0.0,0.0,8640.0,8641.0,0.0,0.0,1.0,0.0001157273463719477,0.0,0.0
2024-02-24,0.0,0.0,0.0,0.0,0.0,0.0,0.0,0.0,0.0,0.0,0.0,0.0,-3.378715277777777e-05,0.006433,0.002345002869135451,-2.5120949074074078e-05,0.007965,0.002320047611897942,3.3668518518518524e-05,0.006493,0.0023589498870438303,-2.512175925925926e-05,0.007965,0.002320050127035224,0.0,0.0,8640.0,8641.0,0.0,0.0,1.0,0.0001157273463719477,0.0,0.0
2024-02-25,0.0,0.0,0.0,0.0,0.0,0.0,0.0,0.0,0.0,0.0,0.0,0.0,4.752465277777777e-05,0.006683,0.0023381812434273112,-3.936157407407407e-05,0.008261,0.0020619223820898314,-4.771527777777778e-05,0.00669,0.0023525737167838846,-3.936319444444444e-05,0.008261,0.002061922081966913,0.0,0.0,8640.0,8641.0,0.0,0.0,1.0,0.0001157273463719477,0.0,0.0
2024-02-26,0.0,0.0,0.0,0.0,0.0,0.0,0.0,0.0,0.0,0.0,0.0,0.0,5.104293981481483e-05,0.007223,0.0024490161473434574,-9.823090277777777e-05,0.006434,0.002214574812933098,-5.162858796296297e-05,0.00796,0.0024637007591939747,-9.823124999999999e-05,0.006434,0.0022145768683575636,0.0,0.0,8640.0,8641.0,0.0,0.0,1.0,0.0001157273463719477,0.0,0.0
2024-02-27,0.0,0.0,0.0,0.0,0.0,0.0,0.0,0.0,0.0,0.0,0.0,0.0,9.164699074074075e-05,0.007868,0.0025073430604423096,-3.5645370370370374e-05,0.00721,0.002516300227835139,-9.182800925925926e-05,0.0068,0.002522337300617811,-3.5248379629629624e-05,0.00721,0.0025164990967640032,0.0,0.0,8640.0,8641.0,0.0,0.0,1.0,0.0001157273463719477,0.0,0.0
2025-03-12,0.0,0.0,0.0,0.0,0.0,0.0,0.0,0.0,0.0,0.0,0.0,0.0,0.0,0.0,0.0,0.0,0.0,0.0,0.0,0.0,0.0,0.0,0.0,0.0,0.0,0.0,38.0,39.0,0.0,0.0,1.0,0.02564102564102564,0.0,0.0
2025-05-26,0.17783493702930894,4.616321,0.5413140516702617,0.41283971073832,7.258705,1.0989782266383148,-6.1463650558956544e-06,0.199273,0.006572283652920395,0.00015233461384332628,1.05707,0.016788640798102838,-0.0008480356930645183,5.120297,0.3170469569897815,0.0006873857421200268,5.369036,0.5091027369400857,8.648087319220087,1439.996653,311.528284127231,-6.693506708860633e-06,6.79002,0.4941947744567308,11949.0,691.0,61228.0,72368.0,10966.0,0.1515310634534601,17.0,0.00023491045766084456,0.0,0.0
2025-05-27,0.12272058368303101,4.4311045,0.4387915849184655,0.34896601965964547,6.6889555000000005,1.037259099905811,4.315807965709776e-06,0.1696595,0.006059372124164053,7.531901603854976e-05,0.4657505,0.014984926694125062,0.0009702487689437117,5.181286500000001,0.2915829729418228,4.4197970828400686e-05,5.3630835,0.4449312126546875,-11.750818730359525,1439.997292,186.32249198434533,0.0013807376070423922,6.6353015,0.44683881315414437,5711.0,147.0,37836.0,43138.0,5243.5,0.12337216875471155,8.5,0.00020013126527205593,0.0,0.0
2025-05-28,0.1232786981482341,3.849178,0.43734844846947496,0.3579277871861512,6.72805,1.062934571898089,-4.0008411843876175e-05,0.191798,0.005364910066617235,-6.926066273727199e-05,0.185932,0.01291553468814377,-0.0005217697011184855,5.131763,0.25968310137615036,-0.0010181830069151167,5.347242,0.4468684483912383,17.374989563872,1439.996899,261.2182059631767,7.806676103401929e-05,6.54132,0.4357556765435308,11701.0,390.0,75291.0,86189.0,10803.0,0.1253408207543886,18.0,0.00020884335588068083,0.0,0.0
2025-05-29,0.12922004592184616,4.4801325,0.450588868956419,0.37045931518782743,6.796303999999999,1.0809465710841248,7.606837287539464e-06,0.183734,0.006290862970580633,0.00020851916328992992,0.5929195,0.01537182808262486,0.00031365091481089404,5.132505,0.30502325756127147,0.0003905397918279594,5.452592,0.4589748291138196,27.263399889355085,1439.9964975,343.4271141926694,0.002472351473086629,6.6166445,0.46215705200596013,6013.0,248.5,37369.5,42930.5,5502.0,0.12848663675025734,7.0,0.00016358027863290524,0.0,0.0
2025-05-30,0.0916400046600051,4.283059,0.37146982711186727,0.29131933680708505,6.948515,0.9745059944076809,-7.283847634062086e-05,0.191706,0.005500129578283507,2.3329654788676872e-05,1.230606,0.01403959387882879,-0.0002493390211670885,5.171567,0.2664404708295098,0.00016935002202490037,5.303085,0.42744811183284354,13.830767376938777,1439.99871,268.3504965078093,-0.0008366045719055014,6.968826,0.4255387478950157,9283.0,659.0,77617.0,86267.0,8580.0,0.09945865742404396,10.0,0.00011591918114690437,0.0,0.0
2025-05-31,0.1420462171535865,3.9196755000000003,0.4765028894026442,0.35761614946162945,6.9113435,1.0323756715884245,-3.44416397150082e-05,0.184194,0.007184513982345019,-9.429832920195142e-05,0.340326,0.017592339353651905,-0.0017922819530206188,5.134536000000001,0.28951559583937203,0.00021300908759384836,5.248200000000001,0.4644561002848795,26.9584569459803,1435.3258270000001,191.024309395561,-0.00021347501970052897,6.7296759999999995,0.44740749361572896,6089.0,396.0,37304.0,43017.5,5639.0,0.12855933584780493,9.0,0.00021449083370387413,0.0,0.0
2025-06-01,0.09507200610938825,4.551592,0.377305666704826,0.33016851804360203,8.686605,1.03611761448716,-3.0592691963715346e-05,0.194738,0.006077572328383931,-5.383662613099178e-05,1.243026,0.02143209775891915,0.0012142289742964332,5.174897,0.25534359326414674,-0.0006590675168705084,5.218584,0.42488704146489314,12.63607764924445,1439.996311,379.7329378430974,0.00212107337073301,6.948302,0.4252350361341863,10318.0,903.0,76480.0,86098.0,9473.0,0.11002578457107018,18.0,0.00020906408975818254,0.0,0.0
2025-06-02,0.08323343476970897,3.7847679999999997,0.36099048781452614,0.24982664516045938,6.9789575,0.8754046352843216,-1.567352234010948e-05,0.1544035,0.005145099084717475,0.00012041203710288118,0.3592845,0.014836872039944896,-0.00013051216273340358,5.1210485,0.23808084970110482,-0.00028301501995866185,3.4490295,0.3770872911013614,-10.200631815286627,1433.3205435,156.20475168923124,0.00011233059225705132,6.4726155,0.3807736149981576,4991.5,319.0,38410.0,43076.5,4615.5,0.08549856527363901,7.5,0.00013111992742131386,0.0,0.0
2025-06-03,0.1112793670960934,4.669515,0.4068248471698997,0.3682996635512935,6.804315,1.0967063828922003,-2.1209325247277922e-05,0.153488,0.00585071413003673,0.0003602829462308237,1.473129,0.017658058805642793,0.0001603878175767343,5.150299,0.2793044015901435,-8.519163023689794e-05,5.243079,0.4425929692105333,46.921335462238666,1439.998241,256.1239209327905,0.001759145618571643,6.537723,0.4364186363120788,11509.0,366.0,75463.0,86240.0,10666.0,0.12367810760667904,12.0,0.0001391465677179963,0.0,0.0
2025-06-04,0.05734033632805418,4.6070285,0.28249260883648897,0.18190058084411184,6.2858365,0.6983774365461433,-6.736915383914048e-05,0.0837505,0.0035123182629077563,3.5569933377682706e-06,0.2105055,0.007856793666956935,0.0017510820259362936,5.127511999999999,0.27745986572973663,0.0002144162550286584,5.1679545000000005,0.430868489103172,18.342926156720956,1434.7874299999999,129.47174617986684,-0.0009719460156188261,6.2373005,0.40379267751284476,4799.5,439.5,38661.0,43143.0,4412.5,0.06089383372522419,5.5,0.00015051751596263134,0.0,0.0
2025-06-05,0.11276636209395911,3.861995,0.43098422604516884,0.30313841448932494,7.215766,0.9901271449854373,3.679325980818519e-05,0.129247,0.0048635703415754045,1.1993366500829162e-05,0.157108,0.01010385710076184,0.0008999845875517518,5.158329,0.2600436184461192,-0.000996525078569856,5.349665,0.3984919075501701,46.347030394484456,1439.995501,260.03151755346914,0.0013236008071530467,7.017005,0.40540388487377693,9813.0,5253.0,77105.0,86230.0,9037.0,0.10480111330163516,11.0,0.0001275658123622869,0.0,0.0
2025-06-06,0.0,0.0,0.0,0.0,0.0,0.0,0.0,0.0,0.0,0.0,0.0,0.0,2.8543680555555555e-05,0.012833,0.002171114889442719,3.810890046296296e-05,0.008585,0.0019185182330966122,-2.8244826388888895e-05,0.017327,0.002171513870697778,3.2590775462962965e-05,0.007297,0.0016309677154001266,0.0,0.0,86400.0,86401.0,0.0,0.0,1.0,1.1573940116433837e-05,0.0,0.0
2025-06-07,0.0,0.0,0.0,0.0,0.0,0.0,0.0,0.0,0.0,0.0,0.0,0.0,4.663280092592592e-05,0.012364,0.00234491417212612,3.5155185185185184e-05,0.008261,0.0020715338753138,-4.6559918981481474e-05,0.013582,0.002345198005133266,3.056776620370371e-05,0.007044,0.0017611133711742913,0.0,0.0,86400.0,86401.0,0.0,0.0,1.0,1.1573940116433837e-05,0.0,0.0
2025-06-08,0.0,0.0,0.0,0.0,0.0,0.0,0.0,0.0,0.0,0.0,0.0,0.0,3.951385416666667e-05,0.012009,0.002253248834634977,4.682032407407408e-05,0.008356,0.002104108105570216,-3.889609953703704e-05,0.011788,0.0022533999517180925,4.023209490740741e-05,0.007109,0.0017887516385556373,0.0,0.0,86400.0,86401.0,0.0,0.0,1.0,1.1573940116433837e-05,0.0,0.0
2025-06-09,0.04152210909045676,1.8653065,0.1771111833607933,0.13908830146034432,3.23809,0.48168897514844344,-1.547586202607224e-05,0.100766,0.0026949032168181284,-0.00017084417603741665,0.324665,0.010105962518189536,-0.00025835430638079256,2.5906035000000003,0.13199210210289702,8.312166572639712e-05,2.625738,0.20157100908391137,1.9224034064443687,720.0034395,38.20816260927728,0.0012267793533863747,3.4822569999999997,0.20487323650887718,4122.5,144.5,39233.0,43053.0,3705.5,0.04609232147077482,8.0,9.951115146841143e-05,0.0,0.0
2025-06-10,0.12716564796190918,4.638112,0.451579620012546,0.3446369265358263,6.743431,1.042473268164833,-6.225943560562072e-05,0.20734,0.006746597474674379,-1.6624608059458852e-05,1.000093,0.016831474331111748,0.00024749309023342256,5.186974,0.2805173291484063,-0.0007196707815584723,5.232844,0.4418511780484233,-12.927076340204389,1439.999158,171.22185894599255,0.002534079688770177,6.667496,0.4357688018127647,11249.0,401.0,75647.0,86111.0,10352.0,0.12021692931216685,14.0,0.00016258085494303862,0.0,0.0
2025-06-11,0.17918618747316373,3.942427,0.5181262165577046,0.4385777500786695,6.6524245,1.1149950945359988,1.4348857588218276e-05,0.181622,0.00654454805385774,-0.00011293969085546897,0.311687,0.014213099221520637,0.0008253151217725418,5.148707,0.3242829895132067,0.0007850761055973112,5.2134275,0.5051145798007729,15.18671584161857,1435.6812475,142.307841200517,0.0011020600604916358,6.6984414999999995,0.495916815436659,5885.5,193.0,37641.5,43146.0,5448.0,0.15996640625010725,7.5,0.0002966447301124114,0.0,0.0
2025-06-12,0.12437598472653895,4.078616,0.4402719284335631,0.36448745404045085,6.918394,1.078692330009185,-3.274414343368744e-05,0.179331,0.005026167240234672,-6.701824233427658e-05,0.748593,0.01548253624357366,0.0003616584636081089,5.130658,0.26079750956095177,0.0005222487475066109,5.272792,0.4330351325128539,41.73649946415318,1439.999637,241.51405628708324,0.0011217454655100417,6.211881,0.41907582244339636,11653.0,479.0,75284.0,86229.0,10852.0,0.12585093182108106,9.0,0.00010437323870159691,0.0,0.0
2025-06-13,0.09332760217535475,3.7914975,0.38324580820858106,0.2875166224123744,6.8043154999999995,0.9543059286332336,-3.3404266548607405e-05,0.1573785,0.004856495880919242,0.00024335466722322617,1.0236735000000001,0.014593337812596203,0.0007316605781996153,5.111000499999999,0.24125621457660973,0.0006564507014665272,5.201983,0.39448882957963965,5.534502479390506,1439.9972395,76.65481374277437,0.0017954410266857854,6.3548105,0.38617109599288385,4324.0,189.5,39086.0,43120.0,3980.5,0.09991451828186522,6.0,0.00015315758755991992,0.0,0.0
2025-06-14,0.12019552827103075,4.300363,0.4283350339675052,0.35298377327503216,6.745354,1.0533750043702232,-4.7988993145362406e-05,0.170044,0.005182440502654579,3.581348658648323e-05,1.331953,0.016218253086781403,-0.00026196549484452437,5.169432,0.27458571084600264,7.147568401396404e-05,5.262293,0.4417907492937056,26.867634058212225,1439.994627,195.4322932923106,0.0013073176446026977,6.508426,0.4257999908284486,11517.0,359.0,75415.0,86220.0,10706.0,0.12417072604964045,14.0,0.00016237531895151936,0.0,0.0
2025-06-15,0.15732932286822193,3.86552,0.5003132252510665,0.40697436231866335,6.4816275,1.1084378810749818,3.107547161599301e-05,0.174273,0.005980000201620867,-9.819385185166297e-06,0.355672,0.014568643268694198,2.1502701814108278e-05,5.1171085000000005,0.3195613865869843,0.0007604271616954825,5.232818,0.5034374627169176,-7.178923589237312,1439.9964074999998,267.4691634343012,0.003194299570268159,6.6883585,0.4890674683299331,6647.5,207.5,36846.0,43077.0,6155.0,0.1453930982864815,7.5,0.0001727496230068503,0.0,0.0
2025-06-16,0.11268803756478185,4.156804,0.4218948020505658,0.33236254194154274,6.968383,1.0231058054355053,5.4408656131523115e-05,0.201177,0.005660759583372461,8.768182397885242e-05,0.247937,0.013212549705070332,0.0008366829138212897,5.191811,0.30026316618310667,-0.0003552486000162315,5.26749,0.44442758762043993,34.26128354455021,1439.997097,311.9346129939751,0.0022976362013194048,6.926694,0.456601021693835,10946.0,403.0,76129.0,86252.0,9936.0,0.11519732875759403,16.0,0.00018550294485924964,0.0,0.0
2025-06-17,0.11546366569912586,3.6928010000000002,0.4147060401577207,0.38385953118736615,7.115787,1.120238757748706,-1.0962972144647139e-05,0.12493000000000001,0.004519355672467827,-0.00016590227138974355,0.2662335,0.01127465785134286,0.00013522497841331026,5.1532675,0.24935713439250534,-9.324768804514784e-05,5.3200185,0.43678289071200216,29.125234332734472,1439.9984995,173.84084018873972,0.001616962600227804,6.222643,0.4304282220582649,5943.5,128.5,37574.5,43139.0,5511.5,0.1277517651778993,7.5,0.0001742061246532974,0.0,0.0
2025-06-18,0.09376383655408191,4.020295,0.3734563196154307,0.31996809998060277,6.64153,1.0207505649896351,7.544892466600389e-06,0.138003,0.004271883400403525,-0.00013221225420071293,0.212821,0.016003335867371286,-0.00042491902868365485,5.152146,0.25678609330066854,-0.0006400124748442161,5.246104,0.40790997528904394,130.74557253489075,1439.99976,447.30131552933807,0.0019411668768033366,6.980458,0.39977850449968444,9604.0,261.0,73463.0,82488.0,8802.0,0.10670643002618563,14.0,0.00016972165648336727,0.0,0.0
2025-06-19,0.09344165789530513,4.38464,0.36003644254775347,0.3378429904561039,6.81521,1.0692851123039566,-4.5195398226809164e-05,0.09866799999999999,0.0036393138364356975,2.4923444870688097e-05,0.1491435,0.010410968667572268,-0.000352405565500372,5.174764,0.2343333643554115,-0.0004655767624319515,5.209573,0.40638865914305344,39.36701631778424,1439.99143,204.52584565967246,0.0013550738664260256,6.1235035,0.4009975482336749,5008.0,147.5,38428.5,43116.0,4640.0,0.11029122856020362,4.0,8.876165904387728e-05,0.0,0.0
2025-06-20,0.11890456213525774,3.845332,0.4216954887290176,0.36523659644278406,6.81457,1.087253788835288,1.5139747769488689e-05,0.188011,0.004566992412532936,-5.1038449490085955e-05,1.062027,0.015144627755376555,-0.0005780126579341231,5.142828,0.26293335042077454,0.00031947424905152456,5.252884,0.4178102803214349,21.982725439697884,1439.998593,320.41522187368946,0.0028383530763072713,6.903311,0.42388854052236846,11769.0,259.0,75131.0,86192.0,10642.0,0.1234685353629107,9.0,0.00010441804343790607,0.0,0.0
2025-06-21,0.07698094422803281,3.509827,0.30691564289812245,0.26566221530748013,6.618778,0.9296779381487084,1.8749551660569015e-05,0.0711765,0.0038721973013682623,6.763590492679243e-05,0.1547635,0.01023754250743013,0.0002897270156991582,5.139953500000001,0.184297276387093,-0.0004012328803838055,3.0665265,0.34795059121293087,-2.7325176012670043,729.0905135,90.63129506827353,0.002028354287486249,6.080695,0.344784059361191,5459.0,239.5,37997.0,43118.5,5062.5,0.0864318417984667,5.5,0.00010351663302001445,0.0,0.0
2025-06-22,0.1103837618810159,3.784448,0.4071460907219311,0.36802296642699756,6.837642,1.0989605082226677,2.4354076307549574e-05,0.145378,0.0040577677261267545,-2.5886048938884367e-05,0.340855,0.010377537400523097,0.0001024313463991653,5.115179,0.24246524967331842,0.00048441146932622065,5.337885,0.4381210625429762,56.7102219910472,1439.996434,292.1175702870238,0.0012821168618810154,6.518077,0.42951550717659237,11398.0,445.0,75526.0,86231.0,10590.0,0.12280966241838782,11.0,0.0001275643330124897,0.0,0.0
2025-06-23,0.04506662837647117,2.03354,0.18105256158090374,0.15999881963722493,3.285516,0.5172659830166491,-1.9642538934501673e-05,0.0763925,0.0018962807561925198,5.9258826994587835e-05,0.796924,0.00693510672804518,-0.00035203209029982237,2.600026,0.11151381800561752,-0.00041798577445933233,2.6670045,0.19736397896144714,2.725475051622923,729.7553770000001,46.47080826685872,0.0011112622662464587,3.0452555,0.19823622915538633,4655.5,160.0,38802.0,43152.0,4310.5,0.052900605034178906,4.5,0.0001528029168620854,0.0,0.0
2025-06-24,0.03248496812181566,3.811365,0.22509438660197004,0.10335506527327468,6.790216,0.6036182835928773,-4.472846225104215e-05,0.036188,0.0017805768480249479,-5.120657711903683e-07,0.13443,0.005696605245375448,-0.00013094647985178323,5.10514,0.16231595144472044,0.00017378617415470126,5.152683,0.25295352811409827,29.29000322050718,1439.995294,253.49761260346318,0.00022408223714682677,6.584455,0.26582331848791724,3315.0,110.0,83279.0,86361.0,2913.0,0.03373050335220759,4.0,4.6317203367260685e-05,0.0,0.0
2025-06-25,0.14379969311837693,4.290109,0.4787592068099797,0.38478359587729377,6.784448,1.1016807799842954,2.767737966734996e-07,0.138113,0.005150884278685347,-1.8615829241965205e-05,1.640481,0.018731083274914632,-0.0007082722703901016,5.163943,0.3337688881879108,1.5974836635445127e-05,5.305762,0.46137062380345384,59.640187233875366,1439.999661,286.6725482592244,0.00220440962429054,7.051761,0.49482964183731487,12451.0,524.0,74517.0,86158.0,11142.0,0.12932055061630957,14.0,0.00016249216555630353,0.0,0.0
2025-06-26,0.10939327699048484,4.624012,0.40554865046536803,0.3068167673618987,6.805597,0.992689258575097,-3.323005933549027e-05,0.149155,0.004631372363070171,-1.4772161268370764e-05,1.405852,0.017598060704378467,0.0009703438234978094,5.21293,0.33583253430608395,-8.836225689760095e-05,5.286696,0.455301296890116,-3.879545672090831,1436.908346,176.0064189246545,0.00029601107914184303,7.098168,0.46608099831604116,10008.0,143.0,74448.0,83762.0,8405.0,0.10034383133163009,15.0,0.00017907881855734105,0.0,0.0
2025-06-27,0.11638808267204975,3.777398,0.42411264862068976,0.34748022248132165,6.74279,1.0602879624556667,1.2388475103253042e-05,0.130351,0.004530277851399545,-5.8189950809782315e-05,1.362296,0.01433597171059649,-0.0006435269850109054,5.143204,0.26022048886851445,-0.0006153147013782537,5.303588,0.43056079410632403,38.600514958002684,1439.997823,232.65678365284091,0.0023881794746856005,7.027807,0.42415565890521684,11043.0,266.0,75880.0,86197.0,10218.0,0.11854240866851515,11.0,0.00012761465016183858,0.0,0.0
2025-06-28,0.1867622430480415,4.2651145,0.5150170732570163,0.4394653312304382,6.628391499999999,1.1138580241504514,-7.959975920431969e-05,0.18053049999999998,0.006796366451198098,0.0005615917510254117,0.8265279999999999,0.02044397872627915,0.0003273455541349592,5.134308000000001,0.33618978018872886,0.0003059017363012409,5.2717624999999995,0.5022226610443193,-11.564875673764,1439.917596,257.55150495020695,0.0013740664553401987,5.8773385000000005,0.4734401234382176,5381.0,300.5,38062.5,43099.0,4989.5,0.1642981332625818,5.0,0.00015746778758884356,0.0,0.0
2025-06-29,0.13907750898884225,4.506729,0.4628884489135716,0.396944634751444,7.172185,1.1256348479812384,-8.495017281774108e-05,0.204641,0.005506550950131015,5.0292328748057245e-05,0.697755,0.016294285453747163,0.0004815122712194663,5.165681,0.297368574023212,0.0010270667957966997,5.321264,0.47527542100796993,90.4620536366652,1439.997787,359.41257374014504,0.0024714705165974626,6.531067,0.47570477603143285,13058.0,473.0,74166.0,86219.0,11933.0,0.13840336816710933,19.0,0.00022036906018395018,0.0,0.0
2025-06-30,0.1615108835751528,4.283379500000001,0.4889016687648312,0.45766831791549845,6.730293,1.183037360798406,-2.586968058063704e-05,0.20787,0.006402668231774936,-4.2046032855679966e-05,0.4765925,0.01635150913834245,-0.0007762862305363585,5.174415,0.33141201769011897,-0.0016134210405665751,5.254757,0.4987141924536638,51.031422196421204,1439.9986485,254.695491055827,0.002550877794320246,6.543575,0.5056164036434455,6384.0,98.5,37189.5,43085.0,5826.5,0.15699726431282268,10.5,0.0002645418194928068,0.0,0.0
2025-07-01,0.11338837322105849,3.846614,0.42585394847342417,0.31641741105582427,6.708182,1.009594068058177,-8.340367908881079e-05,0.230071,0.0064772413733006715,-0.00020437971629724998,1.063647,0.017610479119733936,0.0003534208682742374,5.16728,0.2957700157085328,-0.00017765322384216675,5.386818,0.4449489972361733,59.1243199777422,1439.996189,387.20756409713056,0.0010342058062795033,6.902975,0.45234541458028626,10481.0,342.0,76552.0,86218.0,9468.0,0.10981465587232364,14.0,0.0001623790855737781,0.0,0.0
2025-07-02,0.14631527901321842,3.948195,0.47943789080966115,0.40535388968988506,6.880580999999999,1.120098119043592,-6.476332996551259e-07,0.176431,0.005622906939885829,5.23439895573228e-05,0.758892,0.02131048683427426,0.00039196675980005663,5.181455,0.30742706021242294,0.00047393205909133083,5.223359,0.4764171927846217,36.254412395473594,1438.710876,180.35429359175478,0.001287031847164099,6.69706,0.4772806279640738,6285.5,162.0,37312.0,43138.0,5771.0,0.14187792807755661,8.0,0.00019632119157123932,0.0,0.0
2025-07-03,0.04478960565386575,6.847255,0.29519525638850524,0.0855342740075045,6.271096,0.5222224725471661,-4.1994163153749935e-05,0.198802,0.0029876602058292946,-0.00012468134757029695,0.205702,0.010078290282523671,3.011710751841421e-05,5.222867,0.21675018984293265,-0.00018027046370500834,5.245263,0.3047206850873215,-145.26353719291703,1439.973804,625.7014952236146,-0.00029656231759855477,6.263428,0.28079781499803896,3274.0,188.0,83290.0,86349.0,2665.0,0.03086312522438013,7.0,8.106637019536995e-05,0.0,0.0
2025-07-04,0.1457893502863114,4.6951505000000004,0.45976059448718526,0.3667683114348539,7.3215125,1.041593545083181,-9.697996830243926e-05,0.1636715,0.0061800695446091545,-0.0002724723081036795,1.1943695,0.02003944464765585,0.00037394736130627045,5.2440750000000005,0.3681652009517662,-0.001899179048943392,5.235694499999999,0.5237610816161486,73.46071523854425,1438.1695845,244.32295022040404,0.0014545352778867916,6.5810965,0.5550169005172909,6584.0,237.5,36864.5,43039.5,5463.0,0.12524016975224622,12.5,0.0002924481269237579,0.0,0.0
2025-07-05,0.14299743272904641,4.354198,0.4755340339348145,0.39133736361735977,8.634053,1.1099390649128895,-6.859247215673521e-05,0.217262,0.006863620377280388,-0.00013403287769867713,1.673308,0.030131418508678863,-0.0009694194316373809,5.143704,0.3414629195866796,-0.002192961350412858,5.299725,0.49004219521785075,87.90295491786964,1439.997217,344.5634004862604,0.0015684558049868184,6.851977,0.48393086189682,12914.0,222.0,74223.0,86108.0,11725.0,0.13616620987596972,26.0,0.0003019463929019371,0.0,0.0
2025-07-06,0.15006369023485,3.752403,0.4890328385843223,0.40040454568528416,6.714591,1.1096037398712726,1.5860423214431294e-05,0.1861565,0.0061886417175205715,3.324751113906066e-05,0.5963615,0.015588894389178019,0.00021515592054175604,5.1570995,0.29925554279361577,-0.0003168685971460404,5.2109784999999995,0.4804814882215668,18.163769431422416,1438.16077,235.35253710038168,0.0027074771404891947,6.575514,0.46506781628817695,6812.5,0.0,36839.0,43141.5,6237.0,0.141621404871819,8.5,0.00020124136322871447,0.0,0.0
2025-07-07,0.1337695054033997,3.766503,0.46576133954536897,0.36445789891236285,8.833369,1.0631930940133767,3.718676514923124e-05,0.209956,0.005717044590638085,-0.00035156401753206094,0.19906,0.018926523488239404,-0.0004176925975742679,5.149335,0.28164115898951564,-9.118540850165964e-05,5.228182,0.4553064344642175,31.522996700992547,1439.995587,310.54707260551584,0.0010983267665406647,6.804948,0.44433111294417355,12043.0,204.0,75062.0,86243.0,11055.0,0.1281843164082882,14.0,0.0001623320153519706,0.0,0.0
2025-07-08,0.13680397217441995,3.8565474999999996,0.4636781112842575,0.3979344320875111,6.690557500000001,1.120925539424702,2.67655342751851e-06,0.1880595,0.006258493658219342,-0.00022448061691039453,0.3942405,0.014156843892857556,-0.0005973743383446901,5.1811039999999995,0.2803215019023982,-0.0008753752819698694,5.2343305,0.4542535038974614,15.78020707249867,1437.8793335,279.60989126951324,0.0029869759234194774,6.2226585,0.4481409774588721,6579.5,88.0,36994.0,43116.5,6059.5,0.1368560990729521,9.0,0.00022863889595042488,0.0,0.0
2025-07-09,0.14237617702101016,4.269601,0.4733485403356727,0.39326005613144105,6.830592,1.1134311639641519,-8.325440610361299e-05,0.199269,0.005651029134875547,-0.0001023473864848569,1.525946,0.017225640269615334,0.0008264835582765177,5.16444,0.30074798578205286,-3.4689369695283763e-06,5.33834,0.46982725732719677,-5.468770749350681,1439.996523,227.2769491434226,0.0026510809679513945,6.862251,0.4748936522289339,13033.0,258.0,74259.0,86245.0,11868.0,0.13760797727404486,20.0,0.00023189750130442343,0.0,0.0
2025-07-10,0.11048562266655843,3.8007904999999997,0.3985079034649216,0.33115796012706894,6.776757,1.0155478638687974,-2.5461466519676147e-05,0.152667,0.005190121820495677,3.9228572918634996e-05,0.3478825,0.012854661534621802,9.298082815131691e-05,5.1063285,0.28089163742727824,-0.0014337433179263674,5.1239025,0.4209984686271365,20.165920662746778,1432.460584,225.77858694053342,0.001538295431018156,6.695621,0.4329814101163778,6167.0,73.0,36242.0,42057.5,5345.0,0.10860022131220308,11.0,0.00026697235848473905,0.0,0.0
2025-07-11,0.15786125922234454,4.042085,0.48837480187733306,0.3941390925189778,6.725486,1.0920448652142802,-1.4745877035405917e-05,0.234805,0.0054367623739550236,2.578555948310826e-05,0.271601,0.011897920380310734,-0.00011972062351509474,5.207664,0.36658021807097346,-2.119720693052183e-05,5.188365,0.47020731868831767,-12.020562097989226,1439.999323,340.7814133883712,0.002013258434258561,6.898262,0.5057414139790936,13683.0,100.0,73442.0,86286.0,11828.0,0.13707901629464803,14.0,0.0001622511183737802,0.0,0.0
2025-07-12,0.0652243465011557,2.332835,0.22581835912688397,0.19659235332159664,4.2567825,0.5568501412401796,2.37194038251955e-05,0.0841245,0.0025857405071489535,5.6343351417382254e-05,0.1131275,0.00603864831581504,7.090592372178862e-05,2.6021405,0.14479112758888488,-2.949660039517435e-05,2.7902875,0.2299111269496785,-13.342174733720128,732.288058,143.0117835490703,0.00047902773717234073,3.402418,0.22845992185221084,6138.0,98.5,37417.0,43126.5,5650.5,0.06767146911939065,7.5,0.00026538744244415956,0.0,0.0
2025-07-13,0.12775768795123477,4.16834,0.4470345807376026,0.40142158839276404,6.936979,1.135561015523991,-2.2175139933480893e-05,0.170961,0.005345105132810634,-0.00014068338528931175,0.398804,0.015092078447839129,-0.0004917202025703717,5.216081,0.2644300861554123,-6.335730261556785e-05,5.259698,0.45265819367941695,-33.779376655132054,1439.995704,349.8802438064613,0.002482340811903907,6.923269,0.4479764238591841,12726.0,155.0,74501.0,86292.0,11667.0,0.13520372688082324,19.0,0.00022018263570203496,0.0,0.0
2025-07-14,0.06864897462172764,2.221961,0.2293002542552464,0.5231472185573613,6.790857,1.3581668173410195,-4.742054279080963e-06,0.035005,0.0033376852157493008,1.968697462172696e-06,0.114507,0.008104747372173562,-0.00020260963894003746,5.124673,0.14767961884671446,0.0006421099191417825,5.163388,0.4582944106862558,11.315879714994797,1432.205484,126.52113284529752,-0.00046179801457049176,5.221076,0.44934070445960284,2033.0,0.0,10596.0,12491.0,1880.0,0.15050836602353695,1.0,8.005764150188136e-05,0.0,0.0
2025-09-11,0.1250871470768661,3.794702,0.4245733830892936,0.4387164763012604,6.78573,1.2020503294052574,-9.140113661353983e-05,0.351176,0.0062918401298123205,-3.843920506499066e-05,1.043568,0.014861289980922066,0.00027919910413556133,5.186393,0.27493824460352645,-0.00010679280530573947,5.238085,0.462500659065479,-6.753403206453925,1439.996102,260.6474054967106,-0.0002898367420165056,6.692358,0.47318687055143355,13549.0,446.0,73753.0,86398.0,12514.0,0.1448413157711984,15.0,0.00017361512997986065,0.0,0.0
2025-09-12,0.08900971648034281,2.8561205,0.28991043221819784,0.39385056053651335,6.4572745000000005,1.18388882475099,-4.0457325437259005e-05,0.1862665,0.004923869606833225,-0.00035324321367148143,0.4420895,0.011299921897615018,-0.001483110806597557,5.0568385,0.19627106949974432,-0.00375976409181479,5.203170500000001,0.40836094817530755,-5.3664910374408645,730.9470455,103.08780381275572,-0.005815116571111757,3.5807915,0.40180816310458356,6525.5,88.0,37105.5,43199.5,6034.5,0.12460639853853217,5.5,6.656661502711077e-05,0.0,0.0
2025-09-13,0.12906929670011688,3.954924,0.440220447831166,0.43675758135120435,6.993377,1.1864629902538124,-1.4283412618493686e-05,0.133973,0.005728748672953627,0.00019564935125062214,0.954215,0.01286286459485537,-0.000323687049318842,5.211068,0.2752193753763737,-0.0006593546535180603,5.277088,0.4629599572732827,-4.923058363021863,1439.999176,129.08878636319608,0.0007041051656886247,7.062087,0.4733505335721367,13753.0,392.0,73641.0,86398.0,12643.0,0.14633440588902522,18.0,0.00020833815597583278,0.0,0.0
2025-09-14,0.14503576514246247,3.8235419999999998,0.4507310244848029,0.45462524573722174,7.0039525,1.1904840476582899,-6.919716707362223e-05,0.1625295,0.005161646971113558,6.700898765004011e-05,0.8872,0.016631358286282132,0.0004508912301934958,5.190918999999999,0.2728399640327238,-3.926700338729571e-05,5.220447999999999,0.4690722627231919,-2.7345375610505864,1437.044556,124.6059794625939,-0.000279809873990723,6.4560525,0.4613439109230778,6570.5,149.0,37024.5,43199.0,6110.5,0.15319665923260659,7.0,0.0001619005574065566,0.0,0.0
2025-09-15,0.16701482577142987,4.504807,0.5113496229389562,0.42654136034398943,10.540696,1.152705116037677,-3.7515393874858194e-05,0.394001,0.0061317107162558344,0.00017294378342091253,1.147804,0.017891182918604764,0.0005937818236533255,5.235859,0.3423798843636967,0.0002737332692886403,5.187387,0.47843824177648425,9.436477655119335,1439.997818,344.64456298100674,-0.0002529191069237717,6.609864,0.5082342710928073,14492.0,154.0,72981.0,86399.0,12975.0,0.15017534925172746,21.0,0.00024305836873111957,0.0,0.0
2025-09-16,0.13634479944523675,4.2974795,0.45536262763374263,0.4130303729260483,6.7101045,1.1531816091961515,-7.107235780581778e-05,0.19002200000000002,0.006685970243508428,0.0001498734701368739,0.6922205,0.01633994712266032,0.0005901622765407173,5.1670265,0.2795392337123904,1.556732921510381e-05,5.2137915,0.4582949742642681,15.717211789619455,1439.9947935,255.70462694066578,-0.0001723275064177229,6.6458545,0.4660568355488811,6751.5,165.5,36941.0,43199.0,6191.5,0.14103260623878403,10.0,0.00024488496458647554,0.0,0.0
2025-09-17,0.03167037112698064,4.339457,0.2124986004838622,0.07821003679440733,6.685751,0.5420912699574907,5.699614578872435e-06,0.048525,0.0015763827648669832,-4.277410618178448e-06,0.107656,0.002893476727145788,-6.0767369992708254e-05,5.15288,0.17923408182943026,1.926885727844094e-05,5.271925,0.176372754917335,60.14894054443917,1439.905988,238.70900451120593,-0.0005618016412226991,5.774357,0.2325665180212285,3227.0,11.0,83283.0,86400.0,2293.0,0.026539351851851852,4.0,4.6296296296296294e-05,0.0,0.0
2025-09-18,0.0,0.0,0.0,0.0,0.0,0.0,0.0,0.0,0.0,0.0,0.0,0.0,-4.065672841757582e-05,0.007320500000000001,0.0023147805008143273,-6.429471494346297e-05,0.0074895,0.002138921948347171,-6.674953033791933,380.22490849999997,97.55096127614823,-0.0004245818466174123,0.006769,0.0021557013218620135,0.0,0.0,43200.0,43200.5,0.0,0.0,0.5,0.0004911591355599214,0.0,0.0
2025-09-19,0.05246617324475104,4.489425,0.30237679082345814,0.05744635734623486,6.09357,0.4328341154901045,-2.4899199055533704e-05,0.165595,0.002297356276734978,4.485844579735623e-06,0.267957,0.004179803300056733,4.185529757633277e-05,5.205746,0.19977800448568003,3.028703210722481e-05,5.207167,0.2021423254098367,90.58651640688441,1439.80837,288.00376995032946,-0.0007079828121021325,5.990815,0.24759720649072026,3444.0,0.0,83144.0,86399.0,2062.0,0.023866016967788978,4.0,4.629683213926087e-05,0.0,0.0
2025-09-20,0.0,0.0,0.0,0.0,0.0,0.0,0.0,0.0,0.0,0.0,0.0,0.0,2.7236382786638583e-05,0.009018,0.0022243752265898556,1.220400935206833e-05,0.008305,0.0020217533207292225,-6.4404877822982005,464.57956,94.37409820843604,-0.00023017954119308314,0.008883,0.002156371671047386,0.0,0.0,86398.0,86399.0,0.0,0.0,1.0,1.1574208034815218e-05,0.0,0.0
2025-09-21,0.0,0.0,0.0,0.0,0.0,0.0,0.0,0.0,0.0,0.0,0.0,0.0,3.0479032365549406e-05,0.008604,0.0022196399264689023,2.5198793653875684e-05,0.0086525,0.001977372070864088,-5.397387010945533,414.9398135,87.86204143633998,-0.00022107466948042957,0.007820500000000001,0.002134645058690063,0.0,0.0,43200.0,43200.5,0.0,0.0,0.5,8.303303053954863e-06,0.0,0.0
2025-09-22,0.15193455132182046,4.036317,0.5015194348811933,0.32264939845594703,6.837642,1.0055441550441693,-9.289041159312948e-06,0.316404,0.005637114520935106,1.2691409324505815e-05,1.118938,0.016518250022796315,0.0008713896129450435,5.203015,0.2930446047977082,0.0009365242488078151,5.260806,0.42337825491289277,-53.63387336236631,1439.999768,344.52077945261556,-0.0010989165123385341,6.827641,0.42507693472565733,11689.0,154.0,75413.0,86397.0,10246.0,0.11859208074354434,15.0,0.00017361713948400986,0.0,0.0
2025-09-23,0.14149245183694872,3.9687030000000005,0.4473062342568034,0.4100586324433825,6.8517410000000005,1.1181303303117869,-1.820930339544773e-05,0.156914,0.006104775147429072,9.683267499374358e-05,0.4511735,0.014336955996349685,0.00011413447561547086,5.1769099999999995,0.2967738871862554,-0.000872496626992612,5.23088,0.4479881646655341,-3.1484245439847207,1435.628219,266.4778344262745,0.00035336724622896543,6.969616,0.45936788635785597,7267.5,145.0,36410.5,43198.5,6706.5,0.14280310746907385,9.0,0.00020326781382328334,0.0,0.0
2025-09-24,0.03252089909488645,4.109378,0.22404861519609637,0.07378770602328757,6.624226,0.4865142024993028,-1.6024363989907172e-05,0.109192,0.0023882057193541505,7.836343433875784e-05,0.153216,0.003980030437321103,8.62953193360962e-05,5.170576,0.14275218785660299,3.880481029653498e-05,5.127366,0.19960324757669073,101.29335395862172,1439.994273,456.99948822362603,-0.0010473146021898652,6.826116,0.21780037028810317,2861.0,0.0,83726.0,86399.0,2207.0,0.025544277132837186,5.0,5.787104017407609e-05,0.0,0.0
2025-09-25,0.16352535790471676,3.565264,0.5174134712233152,0.3604701964920597,6.18714,1.0064860655597696,-0.00016642533775776253,0.118246,0.004899254931301788,1.2569684759421665e-05,0.146621,0.008575540089868466,0.0002584700165916089,5.074305,0.2657378269268164,-0.00013279189381370648,5.143856,0.4459725854931188,74.76324482803982,1439.996671,265.9676798237184,-0.0004340170656553687,5.403693,0.4497245872639492,1299.0,0.0,7234.0,8443.0,1147.0,0.1358521852422125,8.0,0.0009475304986379249,0.0,0.0
2025-09-26,0.40234845147972376,4.539415,0.743508929523973,0.5633029365281476,6.853023,1.202692202195802,-0.0002560608866766987,0.332892,0.01001970530744977,0.001127129451711232,1.016137,0.022513654285159338,0.0005459968360535564,5.241808,0.6366963658988471,-0.0001992802021838935,5.247451,0.6600583586595936,67.05337963363814,1439.99427,250.79814051127434,-0.0014378620982366803,7.04794,0.826737792863703,9712.0,584.0,16516.0,25923.0,5272.0,0.20337152335763609,18.0,0.0006943640782316862,0.0,0.0
2025-09-29,0.0,0.0,0.0,0.0,0.0,0.0,0.0,0.0,0.0,0.0,0.0,0.0,0.0,0.0,0.0,0.0,0.0,0.0,0.0,0.0,0.0,0.0,0.0,0.0,0.0,0.0,24639.0,24640.0,0.0,0.0,1.0,0.0001733177457092586,0.0,0.0
2025-09-30,0.127752062480247,4.439436,0.444854222332557,0.4227698111978217,21.0,1.1991138196872968,-6.073318260277635e-05,0.172069,0.0061619069629014755,0.00034865810906085134,1.745196,0.022807748085325326,-0.00020699990275447952,5.238264,0.3055099552318636,0.00019015806043809111,5.436815,0.4873146541402494,18.491303790739796,1439.998403,166.10777595218767,-0.00015663378552500395,6.970648,0.4882822262501217,12308.0,4117.0,70848.0,82267.0,11264.0,0.13692002868707986,16.0,0.00019448867711232938,0.0,0.0
2025-10-01,0.20236782857242064,5.771844,0.5521743957199383,0.5426292711984073,18.543474,1.3130741698683654,-0.0001772492650292831,0.173926,0.006840647884142096,0.00017456479316650843,1.508825,0.024420750336781896,0.0015129190490520607,5.199,0.3916657751870588,0.0003699759600916676,5.242309,0.5551707365546567,22.390882905715408,1439.999526,169.6347278398508,-0.0002928183407023326,7.04627,0.570276108643261,18185.0,4322.0,69284.0,86399.0,15168.0,0.17555758747207723,32.0,0.00037037465711408697,0.0,0.0
2025-10-02,0.11194484322234641,4.028306,0.4347495236418713,0.25799956223252674,14.2129885,0.9502030652042242,-2.685931083008266e-05,0.14746900000000002,0.005246947022646684,0.00010091468375091438,0.7191055,0.015611294204238298,0.0009075603834416036,5.115386,0.3032709809168108,0.0015126323295697056,5.2130115,0.405047041067476,27.21241962098544,1439.992971,187.1900947716221,0.00048121944908709923,6.5630235,0.4424808012684992,3801.5,1001.5,32860.0,36380.5,3218.0,0.08631938152975871,8.0,0.00023143740546177518,0.0,0.0
2025-10-03,0.03395647812412636,4.856014,0.2372768423573612,0.08808262926334917,10.798334,0.5895146536291933,-3.69120189171559e-05,0.138411,0.0023650233285594283,0.00013236573944646354,0.662032,0.007020413735280032,1.7165466871679974e-05,5.119612,0.21118693737689798,-0.001616039302022179,5.229322,0.2263313182736184,4.2404110332098535,1439.999996,441.00598289572264,0.001008097136799926,6.258863,0.25134755800423253,2914.0,1649.0,83045.0,85850.0,2264.0,0.026371578334304018,17.0,0.00019801980198019803,0.0,0.0
2025-10-04,3.265408859214588e-05,0.156377,0.002087312045387162,2.1257139780314453e-05,0.1409955,0.0014199566397099393,0.0,0.0,0.0,0.0,0.0,0.0,3.089608687253218e-05,0.008464,0.002019509338047256,8.409068556941893e-07,0.008673,0.002181068909129044,-13.698427130251218,1232.857752,249.5395565976831,-0.0007860847626112431,0.005124500000000001,0.0018683093526885453,9.0,0.0,39845.0,39855.0,0.0,0.0,1.5,6.404036136962821e-05,0.0,0.0
2025-10-05,0.0,0.0,0.0,0.0,0.0,0.0,0.0,0.0,0.0,0.0,0.0,0.0,2.1185416666666662e-05,0.008511,0.0018381280965648367,1.5339166666666664e-05,0.00953,0.0021705577163641204,12.961233355960646,1436.257203,409.172334279155,-0.0005819019907407407,0.005586,0.0018702599881609378,0.0,0.0,86400.0,86401.0,0.0,0.0,1.0,1.1573940116433837e-05,0.0,0.0
2025-10-06,0.03566599782089622,3.816492,0.2406278583665002,0.12420482304054523,10.204871,0.6698636422285511,-1.5832637874678354e-05,0.121119,0.003078316768541594,0.000156628265757934,0.238643,0.006138798081442952,-0.00019156006444583548,5.132736,0.1522770980953926,-0.00011641843429074799,5.221335,0.2880725493006129,-5.339747867816492,1439.999586,91.55690663840514,7.524597213528989e-05,5.632976,0.2893819813834465,3723.0,1214.0,82645.0,86275.0,3573.0,0.04141408287452912,1.0,1.1590843233845261e-05,0.0,0.0
2025-10-07,0.0014020327522859058,2.7208930000000002,0.04263140910607517,0.002242749337289346,6.6697285,0.07505998273693366,0.0,0.0,0.0,0.0,0.0,0.0,0.00043265656003520816,5.122206,0.10822922816816885,-0.0006600753305383034,5.090392,0.10232628090465418,-0.05513918730003039,14.155081,5.677738213691233,0.0005313026929256006,6.810203,0.1279102033500106,48.0,22.0,43152.0,43200.5,28.0,0.0010788201073584948,0.5,7.231599195846169e-06,0.0,0.0
2025-10-08,0.12630947527281172,4.706687,0.4528444155668783,0.33540290304156023,13.136937,1.0399685503198124,-4.0373647550499185e-05,0.209251,0.006464690182234147,0.0003557965869514745,0.285054,0.01837457260289359,0.0013647175063849553,5.159694,0.30359358862938995,0.0008041667866264228,5.196358,0.4521249834151212,27.321577936104013,1439.999384,296.2261047443672,0.00010949571627582855,6.713003,0.45885917613363636,11257.0,187.0,75901.0,86141.0,10096.0,0.1172031901185266,16.0,0.00018574198117040665,0.0,0.0
2025-10-09,0.11121573380170599,4.3417005,0.4152539939474261,0.33811742256244537,7.568255,1.0572737888183192,-9.862043290815068e-05,0.196376,0.006434124815168387,7.043727330676972e-05,0.880996,0.024054215028655738,-0.0015589995286814794,5.163956,0.2961934976480812,-0.0009367315533098383,5.1824034999999995,0.44573991918179984,13.403432845768254,1437.9311699999998,131.68442012387524,0.003045881494959958,6.561259,0.4507691212117807,5511.0,66.0,38098.0,43145.5,4980.5,0.11547390924439896,8.5,0.00019515519889113248,0.0,0.0
2025-10-10,0.019807637758999883,3.662038,0.18549819858009836,0.052083902257205696,6.360179,0.4311720550494827,2.7355480958444186e-06,0.179193,0.0023387326250605125,1.0538904965852528e-05,0.23439,0.004906129524112614,0.00012575626808658462,5.136801,0.10475637960799723,-0.0006170844426438246,5.093306,0.1672680114085658,0.18646667493922908,1432.175348,14.61494907670846,0.00037027745109387636,5.817166,0.16426414034507006,1704.0,0.0,84825.0,86391.0,1549.0,0.01793010846037203,2.0,2.3150559664779896e-05,0.0,0.0
2025-10-11,0.0,0.0,0.0,0.0,0.0,0.0,0.0,0.0,0.0,0.0,0.0,0.0,-3.1381291183981945e-05,0.007370999999999999,0.002392853040061065,-0.00012007397387354776,0.010025,0.002411172694342327,0.016088636398801436,43.835822500000006,10.957100704967628,-0.0001809024214396561,0.010209,0.0024078637471227756,0.0,0.0,43200.0,43200.5,0.0,0.0,0.5,3.4806822137138876e-05,0.0,0.0
2025-10-12,0.0,0.0,0.0,0.0,0.0,0.0,0.0,0.0,0.0,0.0,0.0,0.0,-1.2351990740740738e-05,0.009736,0.002163459153641795,-4.952648148148148e-05,0.010996,0.0022317000976842505,0.009038990081018522,42.226021,10.253655431213767,-9.983836805555556e-05,0.011557,0.0022267853151726664,0.0,0.0,86400.0,86401.0,0.0,0.0,1.0,1.1573940116433837e-05,0.0,0.0
2025-10-13,0.0,0.0,0.0,0.0,0.0,0.0,0.0,0.0,0.0,0.0,0.0,0.0,-3.192091435185185e-05,0.011402,0.001990801322857028,-4.451756944444444e-05,0.011305,0.0023881546564356905,0.13926262260416666,50.615765,9.564252963916896,-9.371443287037038e-05,0.010981,0.0023635841928729895,0.0,0.0,86400.0,86401.0,0.0,0.0,1.0,1.1573940116433837e-05,0.0,0.0
2025-10-14,0.03792167919683417,3.0974155000000003,0.18132028977286996,0.10991927848582685,12.058962,0.5181454902734353,-5.830976641020309e-05,0.1133805,0.0030376481717372533,4.671731475705273e-05,0.4034885,0.007743819385183766,0.00019969009020231955,4.0838775,0.13444375977951736,-0.0005627918783662832,5.1078655,0.28822734188642385,3.074440015142728,1025.7367669999999,61.172354376535665,0.0015687510440093146,5.637214999999999,0.29042429802646164,3042.0,2545.0,39752.5,42484.5,2691.5,0.03833644959885593,4.0,5.5450815126982364e-05,0.0,0.0
2025-10-15,0.11172809250060788,3.886349,0.4259441907276246,0.3086399825743629,6.804956,1.0035205940806113,-6.8319844385008265e-06,0.201802,0.005648449788775096,5.127362302731368e-05,0.745258,0.01402853186573665,0.0004438354811444188,5.146127,0.2552640267684907,0.0004893161276876592,5.15712,0.4084021061755882,5.794383341750899,1439.999213,93.0570235048049,0.0016124090335429037,6.836921,0.40269183814150195,10092.0,12.0,77013.0,86368.0,9248.0,0.10707669507224898,15.0,0.0001736754353464246,0.0,0.0
2025-10-16,0.08813399890336802,3.67069,0.37791452244544976,0.2664631653311519,8.631169,0.9374598671987808,1.4537345276386278e-05,0.174103,0.004802717296602912,-9.855459234124766e-05,0.16054649999999998,0.010770964942517764,0.0003770490791834023,5.1373265,0.231336956840617,-0.0007459165484031335,5.1731395,0.37752847417783586,0.2382451063402884,1439.9966765,73.97310450388335,0.0018110703553822084,6.8956165,0.3768422451361464,4303.0,522.0,39210.5,43177.5,3921.0,0.09069528968545888,5.0,0.00011507362874981414,0.0,0.0
2025-10-17,0.09165816302711714,3.898526,0.3757856033475694,0.29766015717990874,6.867763,1.0065176547640473,-2.8236921936873225e-06,0.18781,0.004486705174793413,8.266146400203784e-06,0.201704,0.009455333294044018,-0.00019589271240997671,5.115244,0.213213478247951,0.0005886182062385647,5.206272,0.3812715304189605,28.434902617638887,1439.996007,200.01207861657224,0.0016503599101498258,6.442419,0.37579589745742864,9276.0,110.0,77800.0,86367.0,8478.0,0.09816249261870853,15.0,0.00017367744624683038,0.0,0.0
2025-10-18,0.1308970761281142,3.9107025,0.46744401465708574,0.3155234414510538,6.5973085000000005,0.9833676176512316,1.6830433643551243e-05,0.155807,0.006603241478968841,-1.8529859257240364e-05,0.45416049999999997,0.01544935867279103,0.00027583432471090555,5.1262145,0.295085996019888,8.08656556041689e-05,5.201281,0.44826550552682315,-12.816141621635069,1437.6030875000001,311.0058248314379,0.0016816487843399823,6.322777,0.4436609635450704,5134.5,33.5,38440.5,43177.5,4686.5,0.11499181731735922,6.5,0.0002003604793173746,0.0,0.0
2025-10-19,0.0975856095359481,5.342448,0.39384934094742285,0.2887986981866636,6.819697,0.968830667103188,-4.8039209779271196e-05,0.207364,0.005720563561136654,0.0003394752100110075,1.760082,0.019260144683211567,-0.0013787448931116388,5.188331,0.2589309508760318,0.0001993401888650711,5.198229,0.40442475019245977,27.54634743481838,1439.99698,196.78023188505665,0.003432084514222814,6.574763,0.4033181189598066,9459.0,272.0,77540.0,86306.0,8669.0,0.10044492851018469,12.0,0.00013904015943271616,0.0,0.0
2025-10-20,0.06839445913672602,4.349712,0.3494380857220544,0.17621507839005374,14.796838,0.7994932235417671,-2.0676453716386293e-05,0.165005,0.00437289062705642,-1.6620704995375778e-05,1.788128,0.02422132477725235,0.0013143191093316477,5.188817,0.23728138032240612,0.0004556849647034033,8.13538,0.3098188638825313,45.01404464334633,1439.999754,342.06888071715457,0.0024521428604877137,6.767787,0.3147113355574578,5705.0,4923.0,80245.0,85420.0,5114.0,0.059868883165535,9.0,0.00010536174198080074,0.0,0.0
2025-10-21,0.05529481533569218,3.5155950000000002,0.2710491460150274,0.14775649167343874,6.311151499999999,0.6138592097424964,2.2124407361003755e-05,0.0801405,0.0030588752301967193,-0.00012044868448935048,0.1232615,0.006566336439245312,0.0007716546896880171,5.0958795,0.12423284616897981,-0.003946216688151589,2.9980065,0.22890313893469907,63.9303407088509,1439.689102,291.36649067558375,0.004555896057692508,5.9988955,0.214728104901382,934.5,11.0,42308.0,43182.5,847.0,0.0511845338073613,3.0,0.00016010107836478504,0.0,0.0
2025-10-22,0.0539869067931963,4.432386,0.2907352999256467,0.20196526504774007,20.143132,0.8640681820872903,-3.01471606607832e-05,0.164412,0.004062622349313962,0.0001439791785676813,0.693512,0.00940443449342744,0.00012058406099537165,5.208011,0.20193538664982938,-0.001594870174988633,5.176887,0.33123798377480806,2.2822966737120667,1439.999271,99.29432732160554,0.00282254832880609,6.896209,0.33776821245180877,6176.0,4240.0,80129.0,85780.0,5587.0,0.06513173233854046,9.0,0.0001049195616693868,0.0,0.0
2025-10-23,0.009051937869668984,1.9165775,0.09283813975118377,0.018649839524748368,3.4656055,0.16992203160476774,-1.1805398464252362e-05,0.0840735,0.0009816983500628713,-7.904897789768607e-06,0.028269,0.0017706072644999922,9.3950198384847e-05,2.5553339999999998,0.04721944333250173,-0.0010067843069303097,2.61149,0.07326180505309987,0.020987328618783056,720.4283525000001,8.76792560848389,0.0012457074510301312,2.6775915,0.07376339479400887,302.0,143.5,42666.5,42950.5,278.0,0.007211787900799004,1.0,2.3529834642618163e-05,0.0,0.0
2025-10-24,0.08962952507878914,4.008118,0.38762342559528384,0.23315085050413425,15.07947,0.8672933188041427,-7.39834164835037e-05,0.236822,0.005858763172380161,0.00017391188407819608,1.628494,0.019123985732648573,-0.0011741445766318948,5.183398,0.259045922495371,0.0010742306225214847,5.184276,0.3780465768673511,15.289726376513274,1439.999799,149.5482195900987,0.0036082923513472654,6.927358,0.38420987853578464,7869.0,2803.0,78709.0,85990.0,7211.0,0.08385858820793116,9.0,0.00010466333294569136,0.0,0.0
2025-10-25,0.10355307738786863,5.3831445,0.4100103932222207,0.26184802671066865,9.5197605,0.9145922807018065,3.1533018080530867e-06,0.1995015,0.006580573829347067,0.00016503839251248757,0.4978165,0.016875390059970127,-3.6945368586800925e-05,5.11628,0.24740536658948287,-4.620394139173798e-05,5.1690045,0.37538482762620906,9.039856066270513,1439.9971194999998,111.08027958720614,0.0016387167959862644,6.583295,0.37113786208576766,4372.5,222.0,39104.5,43172.5,4020.5,0.09446008283553817,5.0,0.00011080106209061428,0.0,0.0
2025-10-26,0.08895008094862027,4.520188,0.37864621157296346,0.27479471079160084,8.998718,0.9584815662741434,4.3075815293133694e-06,0.214135,0.006328639307378681,0.0001323799010498931,0.370538,0.014531884073935577,0.0003304896752764098,5.136816,0.2268840379912995,-0.0011737251463346642,5.234238,0.38550977681410653,32.31057781005528,1439.998832,215.96015910277214,0.0026471985273622592,7.007308,0.3758023611019855,8690.0,1791.0,78089.0,86105.0,7917.0,0.09194588003019569,12.0,0.0001393647291098078,0.0,0.0
2025-10-27,0.0708908009617613,6.098056,0.3327285137478734,0.24718999881807646,10.733604,0.9250881515541622,1.9966964078794893e-05,0.148737,0.0044232056099519695,0.00013384524913093854,0.507919,0.010591180868303936,0.0008825383429895716,5.262758,0.20753222062716073,0.0007534543568945536,5.178147,0.3511446532842413,18.343419862653533,1439.999713,344.3950296061471,0.002911336836616454,7.052706,0.35269044196408766,7778.0,2925.0,79194.0,86301.0,7038.0,0.08155177807904891,10.0,0.00011587351247378362,0.0,0.0
2025-10-28,0.12851288329185162,4.410596,0.45618066964038667,0.3298100275103514,6.2887205,1.013471742694119,-1.3973574912458997e-05,0.148044,0.005444470789802959,5.283045391926353e-06,0.169661,0.010836770465418973,-0.00048655083572608153,5.127676,0.23310494708912266,-0.0045383824596932085,5.236525,0.3966155751646858,-33.68422166055354,1439.1701705,281.81123569611896,0.007532850979460328,6.332629000000001,0.37842015525931283,4692.5,145.5,38816.5,43172.0,4310.0,0.11625225637065087,7.0,0.00020297974929896564,0.0,0.0
2025-10-29,0.00037453413194444445,3.745354,0.023797983268819673,0.002297304085648148,6.945311,0.10581696845541665,1.365162037037037e-06,0.025613,0.000163380485410503,-6.114699074074075e-06,0.0,0.0007460180012085516,-2.7539618055555572e-05,4.987566,0.039064455735597754,0.000127619988425926,5.142811,0.09029753640157828,307.2971796731019,1439.997144,475.53567512141626,-0.0017368271180555558,5.147097,0.09118392558671327,65.0,154.0,86335.0,86401.0,51.0,0.0005902709459381257,2.0,2.3147880232867674e-05,0.0,0.0
2025-10-30,0.0,0.0,0.0,0.0,0.0,0.0,0.0,0.0,0.0,0.0,0.0,0.0,9.92172805790355e-07,0.0085645,0.002125155212368235,9.687712804595443e-05,0.0105955,0.00243787418916461,165.32779819508207,1439.9494125,567.0651206604991,-0.001557841614483033,0.0025624999999999997,0.001763854444221211,0.0,0.0,36519.0,36520.0,0.0,0.0,1.0,2.63998521608279e-05,0.0,0.0
2025-10-31,0.0,0.0,0.0,0.0,0.0,0.0,0.0,0.0,0.0,0.0,0.0,0.0,0.0,0.0,0.0,0.0,0.0,0.0,0.0,0.0,0.0,0.0,0.0,0.0,0.0,0.0,70252.0,70253.0,0.0,0.0,1.0,1.423426757576189e-05,0.0,0.0
2025-11-01,0.0,0.0,0.0,0.0,0.0,0.0,0.0,0.0,0.0,0.0,0.0,0.0,0.0,0.0,0.0,0.0,0.0,0.0,0.0,0.0,0.0,0.0,0.0,0.0,0.0,0.0,70241.0,70242.0,0.0,0.0,1.0,1.4236496682896272e-05,0.0,0.0
2025-11-02,0.0,0.0,0.0,0.0,0.0,0.0,0.0,0.0,0.0,0.0,0.0,0.0,0.0,0.0,0.0,0.0,0.0,0.0,0.0,0.0,0.0,0.0,0.0,0.0,0.0,0.0,35115.0,35115.5,0.0,0.0,0.5,1.0287007509515482e-05,0.0,0.0
2025-11-03,0.0,0.0,0.0,0.0,0.0,0.0,0.0,0.0,0.0,0.0,0.0,0.0,0.0,0.0,0.0,0.0,0.0,0.0,0.0,0.0,0.0,0.0,0.0,0.0,0.0,0.0,70241.0,70242.0,0.0,0.0,1.0,1.4236496682896272e-05,0.0,0.0
2025-11-04,0.0,0.0,0.0,0.0,0.0,0.0,0.0,0.0,0.0,0.0,0.0,0.0,0.0,0.0,0.0,0.0,0.0,0.0,0.0,0.0,0.0,0.0,0.0,0.0,0.0,0.0,70147.0,70151.0,0.0,0.0,4.0,5.7019857165257803e-05,0.0,0.0
2025-11-05,0.00035118353336970363,0.2541125,0.006898257783482396,0.0023582292689579925,2.3475755,0.05879595240528226,0.0,0.0,0.0,0.0,0.0,0.0,0.00011627745626830437,1.3311499999999998,0.013986210270856251,5.2679975735154934e-05,2.5956465,0.10221216419133045,-0.3552265755405333,427.692777,13.31709305000008,4.68732087128472e-06,2.5750070000000003,0.10266261374143433,17.0,0.0,42584.5,42604.0,12.0,0.0010907107798582077,2.5,0.00018852312959903995,0.0,0.0
2025-11-06,0.00044737586805555557,2.577654,0.023339293629051825,0.0004058961458333333,2.138646,0.021700661798735484,0.0,0.0,0.0,0.0,0.0,0.0,-2.853534722222228e-05,5.043409,0.07210009788833086,-4.037846064814817e-05,5.053819,0.06924608285497465,0.001656412268518517,300.070954,1.0870263612792268,-5.4623622685185256e-05,6.853488,0.08403918709213452,50.0,0.0,86350.0,86401.0,31.0,0.00035879214360944896,2.0,2.3147880232867674e-05,0.0,0.0
2025-11-07,0.0,0.0,0.0,0.0,0.0,0.0,0.0,0.0,0.0,0.0,0.0,0.0,-4.656048024463363e-05,0.00946,0.0021200376611885457,1.2788376785438736e-05,0.00926,0.0022258288571109014,0.004440141449023393,1.051939,0.20290788310963376,1.1637870983093192e-05,0.0092575,0.002225814002789585,0.0,0.0,43200.0,43200.5,0.0,0.0,0.5,1.063648740639891e-05,0.0,0.0
2025-11-08,0.0,0.0,0.0,0.0,0.0,0.0,0.0,0.0,0.0,0.0,0.0,0.0,-3.352707175925926e-05,0.010786,0.0020518442308740557,-7.122453703703715e-07,0.008937,0.0021969161327963704,0.0032089495833333335,1.083485,0.19640129534258768,-1.5415509259259277e-06,0.008938,0.0021968366475027686,0.0,0.0,86400.0,86401.0,0.0,0.0,1.0,1.1573940116433837e-05,0.0,0.0
2025-11-09,0.0,0.0,0.0,0.0,0.0,0.0,0.0,0.0,0.0,0.0,0.0,0.0,-3.283666577990372e-05,0.0083265,0.0020349146809328566,3.652696251635885e-05,0.008783,0.0022676782919279328,0.003128806458012716,0.994292,0.19475730332517188,3.5732974848988815e-05,0.008782,0.002267581442560631,0.0,0.0,43200.0,43200.5,0.0,0.0,0.5,2.523977788995457e-05,0.0,0.0
2025-11-10,3.279741868271791e-05,0.316599,0.002663404424826586,3.024545665007524e-05,0.226234,0.0022575287782765486,0.0,0.0,0.0,0.0,0.0,0.0,3.2039333256163905e-05,0.008828,0.002218719082842495,-1.737118879499942e-05,0.008522,0.0020386594053888036,-0.0030609469267276306,0.887479,0.21191396984603805,-1.815153374233129e-05,0.008522,0.002038602086007451,17.0,0.0,86373.0,86392.0,0.0,0.0,2.0,2.315029169367534e-05,0.0,0.0
2025-11-11,0.0013455962914091257,3.513352,0.05410863798094889,0.002061794615366808,6.63448,0.08603577261299952,0.0,0.0,0.0,0.0,0.0,0.0,-1.2140391693867608e-05,5.152442,0.11783939043227745,-1.6593212491608275e-05,5.161378,0.12300862554016176,-0.0026574297289163598,2.765694,0.4621859635706488,-8.055364955899707e-05,5.161378,0.11319431641820848,113.0,0.0,86281.0,86396.0,79.0,0.0009143941849159683,3.0,3.4723829806935506e-05,0.0,0.0
2025-11-12,0.0,0.0,0.0,0.0,0.0,0.0,0.0,0.0,0.0,0.0,0.0,0.0,4.593974326466514e-07,0.0104775,0.0022651749366037447,-4.9319021379429605e-05,0.008549999999999999,0.0023518787041190104,-3.780986268030065e-05,0.9577119999999999,0.2153036595606314,-5.0376985925630166e-05,0.0085495,0.002351822791202168,0.0,0.0,43200.0,43200.5,0.0,0.0,0.5,6.3291940404308915e-06,0.0,0.0
2025-11-13,0.0,0.0,0.0,0.0,0.0,0.0,0.0,0.0,0.0,0.0,0.0,0.0,-5.209990740740741e-05,0.011486,0.0022313536489586617,-2.101087962962964e-06,0.008978,0.0021578335844180713,0.004951432233796296,1.054226,0.2121342880803685,-3.0405324074074075e-06,0.008978,0.002157795661542026,0.0,0.0,86400.0,86401.0,0.0,0.0,1.0,1.1573940116433837e-05,0.0,0.0
2025-11-14,0.0,0.0,0.0,0.0,0.0,0.0,0.0,0.0,0.0,0.0,0.0,0.0,-7.635494827817083e-05,0.0114385,0.002234881462594097,-1.2484330573347937e-06,0.0091225,0.0022022203883153876,0.007246454309817662,1.1293435,0.21240463838720047,-2.388408005445579e-06,0.009121,0.0022021854087301224,0.0,0.0,43200.0,43200.5,0.0,0.0,0.5,9.652323314221732e-06,0.0,0.0
2025-11-15,1.5125889829037074e-05,0.102542,0.001110592357999584,3.8530633268899103e-05,0.292245,0.0028224579979372836,0.0,0.0,0.0,0.0,0.0,0.0,-1.2563193777273627e-05,0.01134,0.002073755759186614,1.6282059889111378e-05,0.010664,0.0022170375480996753,0.0011817477110414038,1.037806,0.1977482712069798,1.553719630062621e-05,0.010663,0.0022170314458005934,17.0,0.0,86376.0,86395.0,0.0,0.0,3.0,3.472423172637306e-05,0.0,0.0
2025-11-16,0.0,0.0,0.0,0.0,0.0,0.0,0.0,0.0,0.0,0.0,0.0,0.0,2.3188455374782972e-05,0.011212,0.002042329775918599,-5.2234236298648287e-05,0.0086405,0.0020656551871231165,-0.0022087385243667232,0.962163,0.19522885933522,-5.313494886241345e-05,0.0086405,0.0020654496946338205,0.0,0.0,43200.0,43200.5,0.0,0.0,0.5,2.032768223767126e-05,0.0,0.0
2025-11-17,0.0,0.0,0.0,0.0,0.0,0.0,0.0,0.0,0.0,0.0,0.0,0.0,-6.990914351851851e-06,0.009314,0.0020949539649542616,2.7897627314814814e-05,0.00885,0.0021467279447732,0.0006691392245370371,1.043955,0.2003368005784319,2.7043124999999997e-05,0.008847,0.0021467288301417766,0.0,0.0,86400.0,86401.0,0.0,0.0,1.0,1.1573940116433837e-05,0.0,0.0
2025-11-18,0.006301562831346219,1.541337,0.06996181666036222,0.04676172919319366,7.219611,0.4194877079591063,-3.305359416599143e-06,0.024832,0.000740387000082741,-1.5361164486630392e-05,0.038807,0.0024183098625306645,-0.00022066533163560598,5.011632,0.03297396366971105,-0.0005466358143303625,5.226252,0.13166564252069599,184.56413085835166,1439.958895,700.6784613459358,-0.00199475243662461,5.226252,0.11921825846015215,1249.0,12.0,85141.0,86391.0,1231.0,0.014249169473672026,1.0,1.1575279832389948e-05,0.0,0.0
2025-11-19,0.0,0.0,0.0,0.0,0.0,0.0,0.0,0.0,0.0,0.0,0.0,0.0,-7.325174490504834e-06,0.010497,0.002239018537246621,-8.760434330450686e-05,0.0084135,0.002139679063195408,439.79022165370975,1439.5483835,572.7276928108591,-0.0017685203789950775,0.0020745,0.0017040868783950252,0.0,0.0,43200.0,43200.5,0.0,0.0,0.5,5.967299200381907e-06,0.0,0.0
2025-11-20,0.0,0.0,0.0,0.0,0.0,0.0,0.0,0.0,0.0,0.0,0.0,0.0,-1.49665625e-05,0.011028,0.0021860845365143213,5.742210648148149e-05,0.008751,0.0022369820073705362,281.9349038010649,1439.984653,463.60453867454754,-0.0013490910300925927,0.004817,0.001831106816811717,0.0,0.0,86400.0,86401.0,0.0,0.0,1.0,1.1573940116433837e-05,0.0,0.0
2025-11-21,0.05228290768518049,4.052019,0.2969029548895472,0.14973626619850552,9.826746,0.6868759086909139,2.3578429389271122e-05,0.121354,0.00457547941435095,0.00018934863846411224,0.24048550000000002,0.010632201120415696,0.0006920269594300197,5.109328,0.2173432520847951,0.0011964098007651578,3.506757,0.3051586038304889,52.13778653438488,1439.957628,341.5934505394281,0.0011026572011924554,6.701356499999999,0.31272499006452525,2813.5,1391.0,40334.5,42864.5,2489.0,0.05014913559581602,5.5,0.00012968324417004764,0.0,0.0
2025-11-22,0.08402428812401593,4.754753,0.35501120165586225,0.3025472199685098,7.353557,1.0194194224851465,-3.162946883393536e-05,0.191144,0.004552282663251237,-8.644904834676298e-05,0.226338,0.019727370734538324,-0.00012762768593127752,5.186506,0.242064031757152,-0.0009833113596369354,5.241894,0.39197093642987607,-12.257029421042878,1439.992094,201.4833808989477,0.001974466865796054,7.08783,0.39874802162335166,9247.0,188.0,77782.0,86377.0,8499.0,0.09839424846892113,14.0,0.00016208018338215033,0.0,0.0
2025-11-23,0.10598633306662425,3.8055975,0.4051638491381378,0.3192935823228759,6.8527024999999995,1.0221025246055326,-8.255746761192167e-06,0.1734365,0.004741027862293945,-4.354761241267038e-05,0.9171575000000001,0.015292903198298777,-0.000861150320485035,5.121176,0.233418909685975,-0.0004489462711137019,5.2119705,0.4002984039539422,46.28068975888889,1437.051532,208.29358515179797,0.002370879303606648,6.3268725,0.39436370303890284,4664.5,95.5,38843.5,43163.5,4274.5,0.10768668856416476,7.5,0.00019159549991089374,0.0,0.0
2025-11-24,0.06996641647947013,3.871609,0.3219674737957715,0.26031324719205207,6.869686,0.9533512631424076,6.005801162548339e-06,0.142834,0.003506386247039433,1.3327563048563013e-05,0.347368,0.007881587558693141,0.0003677781084273181,5.136819,0.1738732851381936,0.0006180135128876131,5.247893,0.3486663639165982,7.348028655867164,1439.996829,103.13482726973946,0.0018712960677149668,6.576196,0.3346988449726602,7808.0,88.0,79076.0,86363.0,7224.0,0.08364693213528941,11.0,0.00012736935956370206,0.0,0.0
2025-11-25,0.03200098559043911,2.4812005,0.15081691115405213,0.12270477279357275,3.450545,0.4699760657326559,-1.2857880559443847e-05,0.0780175,0.0017940910659484963,-8.143466293390435e-06,0.2677455,0.004146120543068681,-4.795526516803766e-05,2.573514,0.08669917270154649,-4.6279154393742686e-05,2.608495,0.16135111108470543,47.72559643249836,731.532057,162.41005253217884,0.0009251577601827112,3.262362,0.15998551407215733,3565.0,69.0,39827.5,43163.5,3275.0,0.038523519932245655,5.0,0.00043345058462810796,0.0,0.0
2025-11-26,0.02486957477869954,4.683615,0.18812949332099846,0.09371867783982946,6.489639,0.5810711780458985,1.0964962691755118e-05,0.10794,0.002761781284190248,0.0002054834546044399,0.819181,0.007625743790690927,2.442953144552074e-05,5.128792,0.14456263494073077,4.177752931362075e-05,5.138465,0.20395170849022662,62.5222967170135,1439.991234,292.3814843730181,0.0017371071047875047,6.650152,0.21717609504722443,2876.0,62.0,83646.0,86309.0,2609.0,0.030228597249417788,3.0,3.4758831639805816e-05,0.0,0.0
2025-11-27,0.060395339941143766,4.418287,0.2918246362934061,0.2401029907428863,6.93762,0.9222716830755969,1.7811463064232076e-05,0.221474,0.004419121131295956,0.0001973664727963666,1.231036,0.014733132560689996,-0.0001246571739734918,5.153067,0.1864426350550486,0.0005397582839002683,5.208419,0.3395438290153181,12.427001013636573,1439.992914,133.41260305363087,0.001756718312633238,6.869998,0.33400567663341035,7077.0,312.0,79664.0,86313.0,6582.0,0.07625734246289667,10.0,0.00011585740270874607,0.0,0.0
2025-11-28,0.046782621731583075,2.023606,0.1999989856708099,0.13096955755506035,4.2148045,0.4628108300830331,-2.154011587752284e-05,0.0697705,0.0018442763435121616,2.6041401273885343e-05,0.110932,0.0038075165304979662,-0.0010417382261038767,2.5543005,0.09201534971056112,-0.00014127743865785156,2.640213,0.17078620262472677,43.43435343161966,1439.8991099999998,273.9204803017504,0.0016640512724893032,2.964006,0.1663356276834685,1296.5,79.5,40727.0,41941.0,1192.5,0.045752762430939224,2.5,7.484629644033825e-05,0.0,0.0
2025-11-29,0.0,0.0,0.0,0.0,0.0,0.0,0.0,0.0,0.0,0.0,0.0,0.0,-1.0461053240740737e-05,0.008879,0.0021353024884045863,6.847920138888889e-05,0.009218,0.0022847308980042166,-29.971500137754635,783.211112,193.6375630799747,-0.00046549283564814814,0.006835,0.002061823983397974,0.0,0.0,86400.0,86401.0,0.0,0.0,1.0,1.1573940116433837e-05,0.0,0.0
2025-11-30,3.4691859135604845e-05,0.179449,0.002163029436774996,2.6725507170624937e-05,0.157338,0.0018311931248676892,0.0,0.0,0.0,0.0,0.0,0.0,2.0963991711845986e-06,0.009212000000000001,0.002148575196554361,8.847114241686839e-05,0.0099815,0.0022225510967793546,-28.959439103951897,633.782659,178.12202211221933,-0.0003975095702198122,0.0063289999999999996,0.0020658251587521263,3.5,0.0,43192.5,43197.0,0.0,0.0,1.5,4.899879136314637e-05,0.0,0.0
2025-12-01,0.08811132569859585,3.747917,0.36766510857370877,0.2866807727304324,7.031831,0.9869939701635253,2.52807127299689e-06,0.143383,0.005007029150274176,-4.597342323555311e-05,1.6405,0.016339949104096824,-0.00015797199823902862,5.160552,0.21707259216274785,0.0009653089925390425,5.32959,0.3692922921321974,12.322213009847538,1439.997308,256.49326636789823,0.004075705037304787,6.775404,0.3645821416972901,8949.0,231.0,78072.0,86317.0,8146.0,0.09437306671918626,12.0,0.00013902244053894366,0.0,0.0
2025-12-02,0.040170413013121464,1.873638,0.17478600058408655,0.14038525368965935,3.3688315,0.4876367193853005,-5.05512820512821e-06,0.0996245,0.002409029286032392,5.089659323462139e-05,1.1389055,0.009643257876001433,-0.0002849505589702411,2.5718205,0.11215185850787489,-0.000411613467247922,2.6402105,0.18608260524634415,59.29080142296303,1437.4038395,319.5060183640197,0.0015849347974718794,3.506379,0.18684117629715835,4155.5,55.0,39284.0,43178.5,3852.5,0.04637654989767666,4.5,0.0002002665508495132,0.0,0.0
2025-12-03,0.11429347004811316,3.932493,0.43605496767878965,0.303476524908701,6.893399,0.9934875403931943,-4.9867532316967167e-05,0.18098,0.005547053419138964,3.480409251637582e-05,1.99782,0.026110381420429752,-0.0016838284621181383,5.167718,0.25910083740650747,0.0001036425018839494,5.35544,0.4044461719577287,3.322747639058605,1439.995577,67.66634271322026,0.005663264773056635,6.886012,0.3979230552034014,10092.0,282.0,76975.0,86256.0,9182.0,0.10645056575774439,13.0,0.00015071415321832684,0.0,0.0
2025-12-04,0.0898510624862103,3.913266,0.3813486383231746,0.2576686036927365,6.983123,0.9338913128412393,-1.999653951111885e-05,0.193331,0.004877111862464614,0.000272856180688614,1.735881,0.020970447397726737,0.00036849101782500144,5.186476,0.22152018798410233,0.0005938371944492827,5.25041,0.3610278414137867,38.3421959367706,1439.995088,232.37178791347287,0.004231559856006504,6.55042,0.3545311048669015,8169.0,262.0,78527.0,86116.0,7504.0,0.08713827860095685,16.0,0.00018579590320033442,0.0,0.0
2025-12-05,0.10109231156265072,3.8751335,0.39230295437771423,0.2796606778531534,6.5341805,0.9475041049757849,-4.395863930333062e-05,0.1613705,0.004580120932422311,-3.652235947252696e-05,0.904222,0.01570770515902247,-0.0007273410803329797,5.180736,0.24832912027365306,-0.002916581518317639,5.257955,0.3709269376604919,34.86598061579888,1439.305875,163.54670596892086,0.005429990910993908,6.980725,0.3751114526894012,4723.5,135.0,38715.0,43148.0,3986.5,0.09102077117103516,6.5,0.00015479925586254492,0.0,0.0
2025-12-06,0.08874510319125506,3.873531,0.37665533414220315,0.28221803228349196,6.863918,0.9822095516427836,-2.0067905456315865e-05,0.180132,0.005058234943601956,6.116549781492348e-05,0.771976,0.01139223423097815,-7.68590886433975e-05,5.095473,0.19988642892963016,0.0010042123639398617,5.283242,0.36305939802631265,51.33177815616632,1439.995229,262.05607465340876,0.004419558255184484,6.567188,0.34969562155477707,8790.0,502.0,78118.0,86268.0,8072.0,0.09356887837900496,13.0,0.0001506931886678722,0.0,0.0
2025-12-07,0.07305116306424003,3.7719505,0.32993214371284224,0.26329901786269816,6.737022,0.950590085073183,-1.2917568182345352e-05,0.136057,0.004605857615778634,1.2490321789535838e-05,0.4441035,0.011596223154913035,-0.000897788199374597,5.106959,0.19872555648752033,-0.0005820449102444674,5.2433535,0.3569830951397688,-3.2209399162472145,1437.3443075,297.79220048109573,0.0019022142974087029,6.5637735,0.3501880960706991,3981.5,85.5,39414.5,43158.5,3712.5,0.08646284611776446,4.5,0.00011100703912872805,0.0,0.0
2025-12-08,0.109583931540598,3.87994,0.42362162847090556,0.29368757536809564,6.758812,0.9719583834120297,-8.971751635657925e-05,0.237569,0.006237336283128927,4.2103636215732515e-05,0.641348,0.015299886828585622,-0.0013669629057187014,5.126064,0.2623562457362098,-0.00022732149539226698,5.227751,0.4082811126495718,9.143267674390767,1439.993436,114.99052272591362,0.0057249711450186504,6.76004,0.40111572928002526,9790.0,297.0,77049.0,86052.0,8882.0,0.10321665969413843,16.0,0.0001859340863663831,0.0,0.0
2025-12-09,0.06396372398876687,2.0486005,0.22523218909870188,0.15372536842005843,3.5598165,0.4814268479768041,8.44350065484586e-06,0.1112935,0.0029408468505890168,-1.853815736449727e-05,0.2291085,0.006565293409211581,0.0004860897797178503,2.5644109999999998,0.13045252700624058,0.0009949237427842321,2.665668,0.2041103135188434,-3.687181283965209,1430.0208499999999,68.78535198929828,0.002294944045836094,3.4830805,0.20211386682486263,4767.0,194.5,38632.0,43099.5,3836.5,0.04831377191214991,5.5,0.00013659280709350503,0.0,0.0
2025-12-10,0.09729094844644222,4.491989,0.3806287965679023,0.2787354796102783,6.912626,0.9658768176445609,-6.723777195949872e-06,0.210568,0.004968699278945127,0.00014848478880418915,1.372205,0.019213390036763818,2.5798118584767595e-05,5.13069,0.23263349734603497,0.0009736835770059542,5.245009,0.3842577458993435,18.211536324555713,1439.999461,161.46900738005476,5.1222108945996694e-06,6.879205,0.382000940968221,8701.0,703.0,78092.0,86319.0,7368.0,0.08535780071594898,5.0,5.792467475295126e-05,0.0,0.0
2025-12-11,0.13430206627391522,4.142705,0.45357146017964695,0.30793126094052015,6.707541,0.9476388284943615,-3.5020613664510016e-05,0.205226,0.00529312488052974,2.440056019166889e-05,1.076709,0.018944834379651866,0.00018918025671593348,5.168965,0.31113993461075057,-0.0018124946353545762,5.263959,0.41862746683482843,31.130889015868238,1439.99856,209.27614363956252,-0.0004986532251530693,7.040523,0.4478934699763379,10531.0,675.0,76420.0,86400.0,7764.0,0.08986111111111111,11.0,0.0001273148148148148,0.0,0.0
2025-12-12,0.07226732195571271,3.7251655,0.33865292641793665,0.21218226141259666,6.6456955,0.8383017920277731,-7.214435119721576e-05,0.12270500000000001,0.004551517214787285,3.822840085630765e-05,0.2778225,0.012727809342748447,-0.0010115153678881958,5.0936135,0.20690169915261875,0.001835266809392017,4.7466055,0.3446821298006676,26.986068418178355,759.736024,145.42052352020778,0.002056480201328268,6.248834,0.341893151038901,3492.5,143.5,39962.0,43200.5,3206.5,0.07449537395099662,4.5,6.827388448058746e-05,0.0,0.0
2025-12-13,0.12043418787037037,5.054689,0.4400988067732224,0.2661746584027778,6.932493,0.8804409913857065,-3.595578703703704e-05,0.2054,0.0052449340391336865,-1.153437499999996e-06,0.45075,0.013586909600868358,0.00015958082175925926,5.16794,0.2879323233454798,2.0200648148147573e-05,5.282399,0.40059161401753124,21.45928493945602,1439.993638,379.79896158125734,-2.3328009259258763e-05,7.011359,0.4203465784642902,9489.0,387.0,77482.0,86401.0,6906.0,0.07992963044409208,9.0,0.00010416546104790454,0.0,0.0
2025-12-14,0.10402661628555165,4.0475325,0.42161723978286325,0.25286155602080174,6.3790855,0.8947366220129105,4.788558885149313e-06,0.19081700000000001,0.005524501823763099,3.716902150538132e-05,0.800194,0.015082793647822043,9.243776988906774e-05,5.1324545,0.26730782630164285,-5.783874503964861e-05,5.2290575,0.40174908254384356,80.24458589679784,1438.4348420000001,328.0751448316472,-5.996403947553557e-05,6.810872,0.3931899087976344,4308.5,94.0,39202.0,43201.0,3959.0,0.09144257766404812,6.5,0.000150885072684526,0.0,0.0
2025-12-19,0.0863754242294471,4.121555,0.3830255119589147,0.22471766501927104,7.085025,0.8493637951022974,7.57763400039413e-08,0.193396,0.005210106594137246,-0.0001454556418477066,0.224667,0.01180629683741164,0.00027151072350374404,5.16607,0.24561002777627627,4.487147999398193e-05,5.350437,0.3738221746414926,14.253986189041541,1439.995738,142.4858010602524,-0.00019311555689301976,6.857202,0.3791539538963668,7588.0,167.0,79416.0,86400.0,6912.0,0.08,10.0,0.00011574074074074075,0.0,0.0
2025-12-20,0.08936619956724347,4.345866,0.3675822161797173,0.27048437355166255,6.7097845,0.9543677698252782,9.84424871155646e-05,0.1861595,0.006068871264483328,0.00042273271741124775,0.5492360000000001,0.014893802271583177,-7.692108420779742e-05,5.134498499999999,0.2229896001561121,0.000956808720484344,5.3370485,0.38949152083659644,28.612569714216757,1439.9372595,145.41757422219268,0.0005569856394988412,6.4399605,0.3830003817642625,3862.5,264.5,38408.0,42019.5,3548.0,0.09101325766503444,8.0,0.00020272921253503183,0.0,0.0
2025-12-21,0.10980501981208675,4.194617,0.4269398375034364,0.286141638638209,6.904935,0.9608669854627185,-1.5172114603874267e-05,0.209251,0.005282643659002906,-9.867416772996188e-06,0.718358,0.013026018340615434,-0.0005535978772764182,5.128659,0.23678012365418127,0.0015152761396589726,5.326386,0.39346380749433923,12.018615084050575,1439.998797,131.55860378537415,0.0047470278389977975,6.08475,0.38062997291693307,9495.0,296.0,77420.0,86211.0,8709.0,0.10101959146744614,11.0,0.00012759392652909722,0.0,0.0
2025-12-22,0.08099623037378297,4.255501,0.3517274912247821,0.26952621004258875,7.063234,0.9511317039766636,-4.721360518956052e-05,0.193885,0.005417574260334104,0.00020284759727524858,0.650497,0.011750946313708871,-0.0002810907360774256,5.128947,0.20427604515434583,9.72411312128001e-06,5.252247,0.3618837318320605,-51.99774955512747,1439.995812,287.5031608364651,0.004608713982337856,6.126152,0.353244330318578,8399.0,337.0,78341.0,86174.0,7760.0,0.09005036321860421,14.0,0.00016246199549748184,0.0,0.0
2025-12-23,0.07738378457658535,3.3082675,0.3179854320610871,0.2774591101212357,6.4473400000000005,0.9748086395441555,-4.997856257875362e-05,0.12088499999999999,0.004109894367915777,-2.8959572782083345e-05,0.62995,0.012659590858509304,-0.0017659286816447883,5.08514,0.19626626009532622,-0.0012362616622256226,5.209906999999999,0.3570395330358008,17.22060874405256,1439.999174,155.54696487976062,0.004044409093341826,6.03588,0.3563398599832137,4714.0,114.0,38732.5,43066.5,4293.0,0.09120778042968573,6.0,0.00012805220647660575,0.0,0.0
2025-12-24,0.11197112316272585,4.461867,0.4345188587468666,0.2677503042816476,6.698569,0.9051525413332687,-3.588163597281127e-05,0.201873,0.007333810148149557,0.00046390503689072206,1.594085,0.018676329274941433,0.00023020069714750478,5.15302,0.25496859717297365,0.000511599395805495,5.293086,0.38368557349251065,39.11549058337303,1439.997637,252.2469918774469,0.005605969104746412,6.564102,0.3663422257221815,9139.0,693.0,77525.0,86066.0,8457.0,0.09826179908442358,12.0,0.0001394278809285897,0.0,0.0
2025-12-25,0.0909506687354784,5.1293524999999995,0.3785120761123427,0.28095342673485135,8.546251,0.9727930938438094,1.7398887808970595e-05,0.1419285,0.004896948575634241,3.1712067904379355e-05,1.391026,0.01713106678610886,0.0003352668669925247,5.163613,0.23679895806915247,-0.00016097075174557012,5.229088,0.3823536231169753,23.47441944548696,1439.996299,156.2304130598083,0.003592544479844075,6.971629500000001,0.37103262306146,4454.5,509.0,38934.5,43095.0,4127.0,0.0952238629870826,5.5,0.00012574582748786623,0.0,0.0
2025-12-26,0.09383644940445005,4.490066,0.3960400244605896,0.233654377938454,6.365307,0.8701299870648572,-5.422189621246524e-05,0.202788,0.005626163529174976,0.00020815030214118554,1.714224,0.01839407657368946,-0.0006892057354430822,5.149445,0.23527638177571666,-0.0004071257699069705,5.394179,0.3560902576477943,34.82555134264789,1436.94888,220.43735577998902,0.004271175824047877,6.48437,0.3528222067905901,7853.0,8820.0,78665.0,85888.0,7126.0,0.08296851713859911,18.0,0.00020957526080476901,0.0,0.0
2025-12-27,0.00012647322198856896,1.0209355,0.00741880975838067,0.0001581833346813329,2.358791,0.015045116382897284,0.0,0.0,0.0,0.0,0.0,0.0,-9.529642432097398e-06,2.540244,0.014763039970372475,-0.00029865319110209396,0.0239025,0.02535938737286528,-2.1756268711568133e-05,4.720416,2.7411747892551173,0.0001962843743109519,3.0445965,0.02655970194889799,10.0,558.5,43184.5,43195.5,5.5,7.413897688211902e-05,1.0,4.7703367582434455e-05,0.0,0.0
2025-12-28,0.0,0.0,0.0,0.0,0.0,0.0,0.0,0.0,0.0,0.0,0.0,0.0,-6.869962962962963e-05,0.01104,0.0019380119052869488,-9.125081018518517e-06,0.009105,0.0020052458174506225,0.006571664155092593,0.897839,0.1851494589710929,-1.0039409722222228e-05,0.009105,0.0020052361141991402,0.0,0.0,86400.0,86401.0,0.0,0.0,1.0,1.1573940116433837e-05,0.0,0.0
2025-12-29,0.0,0.0,0.0,0.0,0.0,0.0,0.0,0.0,0.0,0.0,0.0,0.0,-4.216505787037037e-05,0.009032,0.0018492960804106036,-2.9895833333333356e-06,0.00892,0.0021735982440476936,0.004025653738425925,0.918708,0.176680562296486,-3.5793171296296245e-06,0.008918,0.0021736757045119474,0.0,0.0,86400.0,86401.0,0.0,0.0,1.0,1.1573940116433837e-05,0.0,0.0
2025-12-30,0.0,0.0,0.0,0.0,0.0,0.0,0.0,0.0,0.0,0.0,0.0,0.0,-5.721407103132576e-05,0.008295,0.0017516700912025502,-2.188937162782283e-05,0.009222000000000001,0.0021585826334995836,0.0054598133144309275,0.8305355,0.16733696083569988,-2.275771439143524e-05,0.009222999999999999,0.002158807731933792,0.0,0.0,43200.0,43200.5,0.0,0.0,0.5,7.001918525676036e-06,0.0,0.0
2025-12-31,0.0,0.0,0.0,0.0,0.0,0.0,0.0,0.0,0.0,0.0,0.0,0.0,-4.8615034722222216e-05,0.009037,0.001759606415085954,1.4932824074074072e-05,0.009187,0.0022946985609437203,0.00465743662037037,0.838723,0.16809815125704453,1.4322395833333331e-05,0.009186,0.002294767119344162,0.0,0.0,86400.0,86401.0,0.0,0.0,1.0,1.1573940116433837e-05,0.0,0.0
2026-01-01,0.0,0.0,0.0,0.0,0.0,0.0,0.0,0.0,0.0,0.0,0.0,0.0,-3.973834222442084e-05,0.008879,0.001716713770315182,3.160767516741592e-05,0.009004,0.002272155676416178,0.003800847760272126,0.8235675,0.16400947664476961,3.090494170151198e-05,0.0090065,0.002272010371292822,0.0,0.0,43200.0,43200.5,0.0,0.0,0.5,1.1309402637352695e-05,0.0,0.0
2026-01-02,0.0,0.0,0.0,0.0,0.0,0.0,0.0,0.0,0.0,0.0,0.0,0.0,-5.104493055555555e-05,0.008542,0.001681372680804424,-3.628140046296296e-05,0.009345,0.002242432950824844,0.004846975659722222,0.83927,0.16061669529244102,-3.689829861111112e-05,0.009345,0.0022424637833205413,0.0,0.0,86400.0,86401.0,0.0,0.0,1.0,1.1573940116433837e-05,0.0,0.0
2026-01-03,0.0,0.0,0.0,0.0,0.0,0.0,0.0,0.0,0.0,0.0,0.0,0.0,-5.413927969739156e-05,0.008523,0.001652755970852794,-5.7223402151972155e-05,0.0086655,0.0022366052118583364,0.005165636725750582,0.8466285,0.1579064494798682,-5.78536964660065e-05,0.0086665,0.002236586557799926,0.0,0.0,43200.0,43200.5,0.0,0.0,0.5,2.9389290542526303e-05,0.0,0.0
2026-01-04,0.0,0.0,0.0,0.0,0.0,0.0,0.0,0.0,0.0,0.0,0.0,0.0,-6.132810185185186e-05,0.008897,0.0016754467704362872,-3.779489583333334e-05,0.008917,0.0022481355395343747,0.005844309293981481,0.834618,0.16008542486018115,-3.850578703703704e-05,0.008914,0.0022480460146700656,0.0,0.0,86400.0,86401.0,0.0,0.0,1.0,1.1573940116433837e-05,0.0,0.0
2026-01-05,0.09940971847050135,4.743217,0.40570799358722864,0.24826048212966978,6.477462,0.8880255182826456,-3.461111957706689e-05,0.18177,0.0066038659994503346,0.00043586417611271957,1.041679,0.02051000196343492,-0.0003704699269713631,5.191953,0.26873166609806426,0.002830875804428608,5.23407,0.41147714435282723,37.977391140395504,1439.995962,288.6960306963091,0.005298884197446928,6.946736,0.4012098558731447,8406.0,1367.0,77615.0,85310.0,7603.0,0.08912202555386238,11.0,0.00012894150744344155,0.0,0.0
2026-01-06,0.10500850217642427,4.018052,0.42464464982718125,0.24288936331505495,6.465926,0.8646338466855885,-5.8348449824973674e-05,0.0894835,0.0054073877164785835,0.0002400875439193952,0.9047784999999999,0.016975163522684016,-0.0008065449969060423,5.1413405,0.2210843103413256,-0.004348863241800008,5.2455035,0.36070851148090993,-42.26267975983914,1439.8017225,257.3359993267657,0.008281245136213174,6.400265,0.34738525571654166,4434.0,477.5,38910.0,43005.5,4046.0,0.08941755904562682,7.5,0.00013800624569351618,0.0,0.0
2026-01-07,0.07510392535527127,4.234993,0.3366012358283169,0.2742952326837941,7.654775,0.9688948853488607,-1.4753674719094593e-05,0.175509,0.004655068182375036,8.390550888323398e-05,1.080609,0.013946024110602686,-0.0008825491453736302,5.109953,0.20177507485682725,0.0011612291746551859,5.252707,0.36260352412058827,14.452349852279198,1439.999898,194.73301992202775,0.004010700363695518,6.448522,0.3552532719522018,8398.0,662.0,78245.0,86062.0,7729.0,0.08980734819083916,8.0,9.295624084962004e-05,0.0,0.0
2026-01-08,0.014805881067775426,2.4363385,0.11036837427157252,0.047183266306150044,7.326319,0.3009514764819749,-4.575389638548073e-06,0.019548,0.0009164238148428932,7.4378006785195e-05,0.299392,0.003344260893407583,-0.0007144067078340454,2.553753,0.1002957959010961,-0.001582405067343893,2.6181829999999997,0.13327795316483762,9.187480118084936,717.508374,80.4193316583849,-0.0006082173280896452,2.7680855,0.10540492873190575,634.5,253.0,42580.5,43177.5,542.0,0.013825472540366809,1.5,3.611225599143352e-05,0.0,0.0
2026-01-09,0.06548866250677603,4.276009,0.32382112293593235,0.20512284827594335,6.674856,0.8220068994568283,-8.11429682528459e-06,0.180789,0.005681367179178492,0.0002743308821796413,0.958959,0.014984004897277239,0.0016573874472648425,5.144627,0.2341482065760637,0.0021693208890145887,5.285408,0.34689452837011875,27.134783027068746,1439.998416,195.5578350251448,0.0044354501402342735,6.56377,0.3366636220870664,6482.0,392.0,78834.0,84859.0,5928.0,0.06985705700043601,11.0,0.0001296267926796215,0.0,0.0
2026-01-10,0.11647074153047593,4.291711,0.429635874918855,0.31795541831698837,6.884106,1.00278323126097,-2.9312609312973005e-05,0.2109265,0.00694097418614275,0.0004048971501084853,1.343661,0.02059457413369752,0.000466046207028045,5.136112000000001,0.2911523127090071,-0.0006193037507129311,5.297714,0.4252518970159338,-7.612944245546833,1439.347544,197.41093329963152,0.004132918967843618,6.3834115,0.426536914286613,4791.0,388.5,38554.5,42989.0,4377.0,0.10977670627545352,6.5,0.00015692559855247812,0.0,0.0
2026-01-11,0.1136410573229919,4.527238,0.4348520057327896,0.27598830835055616,6.990173,0.9251398313658246,-3.725543970461883e-05,0.216542,0.006454395565011114,0.00019993190209692774,0.597016,0.013396544217906042,-0.00028577185751108795,5.214882,0.24551762315820455,-8.48862712769664e-05,5.252654,0.38979930302758276,7.709372321470868,1439.995618,281.53639666121984,0.004120781912546734,6.579438,0.3797571050223158,9353.0,521.0,77407.0,86127.0,8642.0,0.10034019529299755,16.0,0.00018577217365053932,0.0,0.0
2026-01-12,0.07433222972110351,4.49968,0.33166062392602597,0.2707276435278142,6.917753,0.957130162493187,-2.7517182948201613e-05,0.176463,0.004589478920517128,0.0001260137649284479,0.50528,0.011454513467148092,-0.0010403275263750425,5.143022,0.2083705567978513,0.0010428134422766678,5.290169,0.35633910048985706,3.0928027413330854,1439.992711,68.9740533472005,0.004386633755411382,6.706685,0.3557602887321353,8407.0,347.0,78339.0,86162.0,7760.0,0.09006290476079942,11.0,0.00012766648870731877,0.0,0.0
2026-01-13,0.08063999438727715,3.8510999999999997,0.35532255123667855,0.2415562439452431,6.2547535,0.9071344191081794,9.123717179907716e-06,0.096993,0.004354816137247269,7.847424758008418e-05,0.15774,0.009108450707593965,0.0005928389144013226,5.1209625,0.19546629880626432,-0.001795956904946311,5.2533625,0.3242480627238822,14.751237309576526,1435.018044,143.1522230516357,0.005315571983735616,6.021107000000001,0.31887626171747496,4482.0,126.0,38952.0,43087.5,4095.5,0.08068228716515675,7.0,9.1559520228114e-05,0.0,0.0
2026-01-14,0.069517087282143,4.65862,0.32563853947955446,0.23789305842806216,7.143986,0.8901151433686996,3.7794085203720416e-06,0.154872,0.005878458992257455,-0.0001483244777817772,0.61374,0.013303811258058889,0.00119401882191749,5.173319,0.20381796019871226,-0.0008098323444376064,5.232237,0.348753103458217,14.018932951638938,1439.999157,124.7462085856541,0.004879062166900828,6.948014,0.3443001234791642,7459.0,609.0,79199.0,86124.0,6835.0,0.07936231480191352,12.0,0.00013933398355858994,0.0,0.0
2026-01-15,0.09586007624350415,3.742149,0.3893636939783722,0.26744756832862815,6.704657,0.9360728798927476,1.9852317461721677e-05,0.16203299999999998,0.005069088285867097,-1.956862550610103e-05,0.20591349999999997,0.012378241038004298,-0.0001611512720303299,5.1356839999999995,0.22735946737146306,0.0005546217067737283,5.2162299999999995,0.36379065883041606,-2.884814959875009,1439.9976040000001,153.00523274583009,0.004496053264666259,6.435513,0.35990161316189917,4405.5,182.0,39008.0,43100.5,4056.5,0.092570981401162,5.5,0.00012208648454073857,0.0,0.0
2026-01-16,0.0864287530249233,3.933134,0.38980396612956514,0.18863924478610086,6.265969,0.7610999252685526,-4.802680202695715e-05,0.14866,0.004536169998363354,-5.5522682615739976e-05,0.307269,0.022434576971807833,-0.001281761608466338,5.141367,0.23832852413938746,-0.002373540091006239,5.212507,0.3359187063364481,36.522817882588164,1439.997644,234.65250000636627,0.004711611430935228,7.009133,0.3370151367315009,4506.0,212.0,53835.0,58024.0,4124.0,0.07107403832896732,12.0,0.00020681097476906108,0.0,0.0
2026-01-17,0.08553311334114942,4.022217,0.36386288716187215,0.27234271701858453,7.02414,0.9512797504028857,-4.6739248029530936e-05,0.17242,0.004737403805371448,-2.0454513796185554e-05,1.918804,0.0206688354433823,-0.0010289929306882418,5.156141,0.22276334895028632,0.0009720519693082757,5.311771,0.36505222932303555,3.006680185972814,1439.996466,69.03124179622898,0.004279083554853912,6.990463,0.36489410895614643,8731.0,607.0,78076.0,86148.0,7990.0,0.09274736499976784,11.0,0.00012768723591958026,0.0,0.0
2026-01-18,0.08547928391188814,3.5143135,0.36549314370848274,0.2633815250174707,6.6892759999999996,0.9548701095013729,6.558445966341832e-06,0.11522199999999999,0.004690959127792722,2.794166261658629e-05,0.5181935,0.010790492144448936,0.000724014193028114,5.0851095,0.17973079873784537,-0.0043231810905498096,5.210228000000001,0.3164971640878618,26.853049881171515,1437.861605,190.0847611634951,0.007840828728808256,6.140297500000001,0.3025863411160332,4066.5,271.0,39234.0,43009.0,3734.0,0.086039160489463,6.5,0.00014690212967134189,0.0,0.0
2026-01-19,0.06608380459036187,3.704978,0.3167427841164179,0.24623615389437753,6.812006,0.9219178045149171,6.278695566365235e-06,0.099415,0.004368720022943695,-2.562290304979277e-05,0.657657,0.011937369651475117,0.0009688692547917846,5.169456,0.17689428055741083,-0.0010584931794699142,5.393344,0.33504013363398844,0.11889589291477534,1439.99685,22.947386543806797,0.004658128539419762,6.899882,0.3253413234219315,7428.0,127.0,79258.0,86138.0,6791.0,0.07883860781536604,13.0,0.00015092061575611228,0.0,0.0
2026-01-20,0.07669381380808099,3.7418285,0.3342573299359701,0.2690999963068845,6.473937,0.9574019796397747,2.0442935555201904e-05,0.1539835,0.004880008125848741,-6.826862651315995e-05,0.3178525,0.010112275154527305,-0.00013501408262129184,5.143860500000001,0.20762158625459431,-0.001220716279269304,5.2750045,0.35472045925712603,17.87803004468859,1439.9960385,155.7230542139083,0.0030396741126548976,6.4328295,0.35166425855504013,4096.0,109.5,39250.0,43023.5,3722.5,0.08698196176667004,7.0,0.00015506242184082426,0.0,0.0
2026-01-21,0.10968891324544738,3.956847,0.42960324741243616,0.28929761521708913,6.810083,0.9655913596706283,-1.1793719012093988e-05,0.218719,0.005618703190692761,-1.7884296371808565e-05,0.207074,0.012677627393256945,-0.00019077028404615185,5.159458,0.25306456416489725,-0.0006634510217320783,5.248272,0.4076573613071158,32.55512801236041,1439.99746,286.9380563910876,0.004151463231546268,7.005857,0.4047935748043178,9539.0,137.0,77476.0,86325.0,8751.0,0.101372719374457,11.0,0.00012742542716478425,0.0,0.0
2026-01-22,0.09506992521267149,3.8094419999999998,0.3800674220586663,0.3156580821097429,6.3896605,1.0213265096492818,-2.6552614897345917e-05,0.1926095,0.0049897813222478365,-7.192278635440547e-05,0.40990750000000004,0.012253615640425392,-0.001634884383934726,5.1077015,0.22236384425409467,-0.0011549831358863036,5.19701,0.3963227866802584,4.09791158981063,1439.995394,77.26040483355666,0.00397565972563911,6.1128350000000005,0.38545112390021535,4604.5,61.5,38870.5,43133.5,4221.0,0.10479819210607755,7.5,0.0001852571731347744,0.0,0.0
2026-01-23,0.099934279707626,3.929289,0.3831977503287379,0.334983944441799,7.253578,1.0656590477047834,2.3658591462108036e-05,0.152227,0.00494667127644226,-8.307768862646126e-05,0.797197,0.011715386010855665,0.0012023113497297685,5.097552,0.24895431193533774,0.00014400226185090888,5.1759,0.44845575913192876,24.650608791933525,1439.99589,173.7219865616386,0.003061156341515679,6.738677,0.456283320908286,9998.0,56.0,74516.0,84006.0,8922.0,0.10620669952146275,19.0,0.00022617432088184176,0.0,0.0
2026-01-24,0.07349865014421907,4.81756,0.32989861463709225,0.2684775688834316,6.950438,0.9630676905947437,2.987848529428798e-05,0.199462,0.0048206606890371425,-0.00025307392820322726,0.151739,0.013224527559107694,0.00040447510048999773,5.13818,0.19920382588996713,-0.0005993508519930034,5.137122,0.36511231045843223,0.6121926127167631,1439.99818,31.500117031126187,0.004589498349299756,6.848379,0.35114605705259905,8207.0,34.0,78767.0,86328.0,7471.0,0.08654202576220925,12.0,0.00013900472616068947,0.0,0.0
2026-01-25,0.07279252612132094,3.3534499999999996,0.2992791127820027,0.32140337109865585,7.000107,1.0655178113576282,1.52654266638242e-05,0.07963200000000001,0.003932539775431218,-0.00020407531948327123,0.160767,0.0086459647853297,0.00024223254410075904,5.153622,0.1793022702491628,-0.003163886141599958,5.141166999999999,0.35246325904494447,0.6664394826330524,1433.3701780000001,31.02907411807695,0.005530676051750124,6.0020245,0.3486964654844188,4152.0,0.0,39361.0,43168.5,3762.5,0.09787052773979293,7.0,0.00016527488070310016,0.0,0.0
2026-01-26,0.10295888885414496,4.454176,0.413146689833564,0.280127859530262,6.820978,0.9529699667336535,-3.052690338869201e-05,0.205028,0.005921120868311938,-9.63343409075116e-05,0.295781,0.013353108056975791,-0.0005003888541449521,5.18564,0.2452376265410106,-0.0006936734880596667,5.13423,0.3905123726348881,-12.591081610891063,1439.998541,293.2397177321386,0.0037819723090820653,6.668624,0.38799596251134005,9276.0,11.0,77806.0,86347.0,8435.0,0.09768723869966531,16.0,0.00018529885230523352,0.0,0.0
2026-01-27,0.09648649754501352,4.0129245000000004,0.3924379038873894,0.2920992544452977,6.839885000000001,0.9889816553407809,-5.2484886692297176e-05,0.18123499999999998,0.005069462179992589,0.000152203553241461,0.438424,0.017042707304132012,-0.0005322242205644418,5.1351375,0.23243602895398344,0.0006320874806986288,5.1302875,0.3821155765914187,12.433721362624429,1439.9930795,130.3922328628731,0.0046043324835952915,6.149373499999999,0.37729289037526437,4775.5,0.0,38779.0,43163.5,4332.0,0.09905885874180903,8.0,0.00018444054872546626,0.0,0.0
2026-01-28,0.08352173429005298,4.647725,0.3556187805081229,0.2733309138140888,6.788934,0.9740022491934057,-2.7010965954536496e-05,0.202112,0.004679960833064449,1.6651570125308638e-05,1.490087,0.01377415556320393,-0.0005723532984802993,5.114086,0.21043431853168992,-0.00039219036247927993,5.149436,0.3650324816486382,11.533602130548182,1439.996876,128.79416082933767,0.004129763014826062,6.768878,0.35297672592035145,8472.0,0.0,78439.0,86268.0,7720.0,0.08948857050122873,13.0,0.0001506931886678722,0.0,0.0
2026-01-29,0.00787652847908181,1.72367,0.08175442021901558,0.02290420651869197,3.0608845,0.1995101470606583,4.985612044656254e-06,0.0338695,0.0011056067031251777,-3.1640919509902534e-05,0.0687095,0.0027146980811609375,0.0002202508994462938,2.5288114999999998,0.04232489506435242,-0.0007493049874970906,2.5755540000000003,0.07415372193962314,-0.03740129901798857,27.397737,7.2440399991555635,0.0008634479610308672,3.3119805,0.06831226363027279,527.5,5.5,42696.5,43178.5,475.0,0.00783285511691567,2.0,4.417923628414541e-05,0.0,0.0
2026-01-30,0.060054456849323,3.768426,0.29216049678855904,0.2572107990548664,7.083102,0.9542938877726546,-1.1511055515016722e-05,0.137306,0.003533821828364168,-5.254785317998078e-05,0.17462,0.006951209801712827,-5.8226669909772086e-05,5.122345,0.15024269659356193,-0.00034381879147989786,5.12424,0.31988625394601955,1.2286299170691595,1439.997854,44.555685643610474,0.0026789923902845827,6.474347,0.3109703308822044,7585.0,0.0,79303.0,86338.0,6950.0,0.0804975792814288,12.0,0.00013898862609743103,0.0,0.0
2026-01-31,0.0992317407836504,4.151677,0.4048166705303198,0.2861797552077299,7.318308,0.9717541779518504,-6.947761660912482e-05,0.174346,0.006237766988476617,-2.3576186945339094e-05,1.086742,0.01749215112686537,-0.0009769751952174624,5.12431,0.21809860982340276,0.0004726471371967461,5.149624,0.3802436327466154,-20.453324956820452,1439.995092,275.5307438575974,0.004881375118752462,6.88362,0.3679010591203602,9153.0,110.0,77806.0,86315.0,8391.0,0.09721369402768927,17.0,0.00019695302091177663,0.0,0.0
2026-02-01,0.05405006637617495,2.418073,0.20974931322723725,0.15543018389542296,3.556612,0.5026686591356685,-1.3287799348164948e-05,0.122837,0.0028247750102397867,-7.756738581077888e-05,0.257176,0.007659470001040705,-0.00022857860177247143,2.5922285,0.12341148991078583,0.00022101832257187269,2.5722165,0.20310403341983063,25.986741464091555,1435.9235684999999,173.42099421378447,0.0026218863861011315,3.4116965,0.19844565308032866,5015.0,0.0,38557.5,43158.5,4544.5,0.05366357678455452,8.0,9.446773336482258e-05,0.0,0.0
2026-02-02,0.08575827950425667,4.559923,0.3637086403098002,0.2772729850582035,6.954924,0.9796575961019295,-1.574736781143219e-05,0.220215,0.004621404102754968,1.4822933920194571e-05,1.514037,0.015837379873598546,-0.00019063874442578377,5.165577,0.21607194949032332,0.0002046702727746566,5.146679,0.3624675600187344,6.900503905472867,1439.993307,109.66838449899706,0.0035565319163722705,6.573779,0.3591038238288325,8677.0,0.0,78344.0,86336.0,7896.0,0.09145663454410674,13.0,0.00015057449962935509,0.0,0.0
2026-02-03,0.07905220812000663,3.863277,0.34544014506920173,0.28233533384025206,6.9171119999999995,0.9822922893225247,6.4647885730897e-06,0.150656,0.0042855737565692005,-4.793084171327984e-05,0.144427,0.009353923576125144,0.00010152519649354276,5.122569,0.17484634657585862,-0.00046543270612326126,5.1250374999999995,0.342112212625426,14.611944086365764,1439.6440165,114.57838879829144,0.005177917220238971,6.4758845,0.32458007393200594,4256.5,0.0,39205.5,43164.0,3909.5,0.0918131776174956,6.5,0.00014748242452644606,0.0,0.0
2026-02-04,0.057925784530386736,3.709464,0.284962909232184,0.25849907932867716,7.214484,0.9578379324911555,-1.4844099285358542e-05,0.133048,0.003451302922147535,-4.0262019759778525e-05,0.167603,0.007060290352080923,-0.0003705513395183989,5.12853,0.14075833178046807,-0.0002659913131102534,5.131362,0.30274477576885644,1.4880475636285715,1439.994332,47.24217146071892,0.002702708572222802,6.855911,0.29268290325586843,7537.0,0.0,79317.0,86338.0,6923.0,0.08018485487270959,11.0,0.00012740624058931178,0.0,0.0
2026-02-05,0.09486596746764804,3.864559,0.3859963412468412,0.2967466451120315,7.012284,0.9876036093066405,4.302051453775801e-06,0.17579,0.005092834208773834,-0.00012907432022207392,0.342995,0.012002103107284728,-0.0010364762826784908,5.121869,0.22543050120834504,-0.0007339481290182482,5.1160255,0.3869851224836073,25.503645674633763,1439.9966745,158.10780637650763,0.004272614240351062,6.449782000000001,0.37966463417214175,4517.0,11.5,38983.5,43163.5,4127.5,0.10001202819786154,8.5,0.00022096158842007955,0.0,0.0
2026-02-06,0.10809796791208282,4.172185,0.42016038701212055,0.3040228350393564,6.908139,0.9905490516606448,-9.145334616231756e-06,0.193082,0.005730122637457026,6.35033560159048e-05,0.517897,0.013736678098985893,-0.0006602434879380497,5.178001,0.237181416563164,-0.0005067440965419714,5.137473,0.39937985129912734,18.354535809582323,1439.996415,161.97672842659134,0.004002673440524906,6.768721,0.3856489234801862,9987.0,157.0,77027.0,86264.0,9132.0,0.10586107762218307,14.0,0.00016229249744968932,0.0,0.0
2026-02-07,0.04475383393253864,1.9934845,0.18684382699436677,0.14447173111607461,3.4598375,0.49894036731092184,1.2646616182126943e-07,0.0945755,0.0023811947150665235,-1.4388792670982536e-05,0.359675,0.009547968386452492,0.00016148062070323927,2.5738705,0.11194333238485962,8.709309229521532e-05,2.582442,0.18897894511394533,-9.761985846150251,1434.1166665,162.46765114770932,0.0014141097577814279,3.4073455,0.18681992508987466,4360.0,149.5,39141.5,43172.0,3987.5,0.04762786364396455,4.0,0.00023249914800118243,0.0,0.0
2026-02-08,0.08269944512145679,4.118351,0.35435622550796025,0.28838525953641386,6.826106,0.994527619629313,-9.170769284233183e-06,0.164815,0.004467072852363072,-3.593963649843038e-05,1.702972,0.016009093509293446,-4.2810013089762826e-05,5.143041,0.1982799698479641,-0.0004956326062529688,5.153162,0.3666149757707288,13.63164292305999,1439.999328,139.46942990256812,0.004394785953409708,6.685064,0.35505107448166456,8935.0,0.0,78080.0,86328.0,8135.0,0.0942336206097674,12.0,0.00013900472616068947,0.0,0.0
2026-02-09,0.08340450936825813,5.239906,0.3750718720891886,0.10084352245333461,7.222175,0.4771780665993009,-4.216689334959195e-06,0.036559,0.0016839622742674237,7.025124284776287e-05,0.657996,0.006313379609803843,-0.0009372768267517117,5.237134,0.3166723111203809,0.00038079330034705976,5.116712,0.3006464696559832,35.319992910514955,1440.0,271.1241422002946,-0.0017347090915486353,6.93228,0.4118756853664341,5126.0,131.0,80165.0,85291.0,2744.0,0.032172210432519256,17.0,0.00019931763023062224,0.0,0.0
2026-02-10,0.058966555686486656,4.5044865000000005,0.2782756724525077,0.2780759188580414,8.0047,0.99120569904382,-5.7087811355259505e-05,0.1201875,0.003261332468425908,-0.00014109307545308907,0.72462,0.01325530152860912,-0.000614534711655845,5.1252604999999996,0.26637794429712125,-0.0004272682111326274,5.137537,0.4020585570602417,0.4231455470555696,1439.9952859999999,127.98089123477283,0.0009642645598707244,6.471903,0.4415083224127978,3855.5,11.0,38861.5,42534.0,3552.5,0.08727196784700608,5.5,0.000158616267018447,0.0,0.0
2026-02-11,0.08599067006124154,3.778039,0.3694626969117511,0.27237388339751323,7.158727,0.9554869245966567,-1.517363366428492e-06,0.225211,0.005191269013742614,7.490564396399739e-05,0.471108,0.011131443640941945,-0.0011482842163867502,5.11945,0.19461301425257052,-0.0007602128375243577,5.152175,0.3582327740044244,-54.41984951086805,1439.997628,284.12383201043025,0.005374754778695368,6.882636,0.34554798954776994,8612.0,186.0,78228.0,86217.0,7837.0,0.09089854669032789,12.0,0.00013918368767180486,0.0,0.0
2026-02-12,0.08666233068535437,3.795984,0.3658760240849336,0.2846816428943282,7.76693,0.9810788348688737,-1.2609641291800232e-05,0.1802695,0.004829799632361015,6.716186992664294e-05,0.24392999999999998,0.011013845727958682,0.00011623122173528449,5.1129455,0.21838396647075825,-0.0006105232743168804,5.1298805000000005,0.3737629711938992,26.867767679618325,1439.9644050000002,352.19575127231985,0.0028955469953348563,6.3545145000000005,0.36972734313709654,4357.5,350.5,39083.0,43135.5,3979.0,0.09436454870009978,2.5,6.553164322590644e-05,0.0,0.0
2026-02-13,0.08587812098007414,3.797906,0.3618252908351127,0.2851832802479147,7.192694,0.984395823390127,-2.0304622335495838e-05,0.188389,0.004752299687554913,-1.579219184430028e-05,0.334273,0.009897743344618341,-0.000463575173772012,5.130193,0.19609766137873785,-0.0002955065569972205,5.26554,0.3678127248868387,30.789138164608435,1439.995404,327.99993096272016,0.0043409245829471735,6.79392,0.35504067618106855,8918.0,346.0,78049.0,86321.0,8100.0,0.09383579893652762,7.0,8.109266574761646e-05,0.0,0.0
2026-02-14,0.08873406144584148,3.918714,0.3906443274113096,0.21219566917674298,7.108417,0.8238475853007445,-0.00017160101563515494,0.1576545,0.004584690443213671,-0.00013692967803916362,0.4950005,0.010710198554485795,0.0009740388038270319,2.8271439999999997,0.11274696327982373,-0.01264659275847745,5.5072589999999995,0.2693085759804824,1.9430537233123881,735.5483735,78.47181658502267,0.0018157489147353947,3.853275,0.21812903375340817,3806.0,426.5,39541.0,43086.5,3477.0,0.07702394304947902,3.5,0.00015316104397941936,0.0,0.0
2026-02-15,0.06221371025427068,3.690237,0.2944606046958883,0.2521042061052778,7.806024,0.945846900941489,-1.9525508193681483e-05,0.184395,0.003944985433308924,0.00023428916626103886,1.276043,0.01426607332367243,-0.0015442728252555462,5.070378,0.17776619236754782,-0.0002449880861321641,5.143354,0.3395807326681519,55.74764429427717,1439.997377,359.5759573200042,0.004355275896437429,6.357583,0.33384793159167675,7454.0,324.0,79335.0,86287.0,6752.0,0.07825048964502185,7.0,8.112461900402147e-05,0.0,0.0
2026-02-16,0.08861703254166425,3.941465,0.3727893922110823,0.2779272108472214,7.258705,0.9579339791529633,-4.903106672086406e-05,0.22106,0.005643423754772061,4.7672225770861194e-05,0.474124,0.012266169261716654,-0.001607390859996516,5.162245,0.21607853257285264,-0.001445286951977238,5.15219,0.36678932560333066,-1.5248458691713604,1439.999492,71.67651421615079,0.006220493037570408,7.067785,0.3639450893847875,8796.0,628.0,77897.0,86106.0,8062.0,0.09362878312777274,12.0,0.00013936311058462825,0.0,0.0
2026-02-17,0.08369228005690335,3.7062595,0.36544542850103234,0.2604520766246087,6.7879725,0.9356255276726109,-1.837350068924677e-05,0.1665025,0.004653715968448179,0.0001061546502646068,0.25459,0.009354114427927334,0.0001436193459282954,5.125562,0.2058435623603879,-0.0010561601845507358,5.126447,0.3451194585112357,-86.83564733313777,1439.9962955,409.85392964376354,0.00292688981778403,6.0902695,0.3408727000590782,4360.0,188.0,39076.5,43129.5,3977.0,0.08735059444718624,4.5,9.849486888401812e-05,0.0,0.0
2026-02-18,0.0900153526284086,3.752403,0.37245288424176964,0.2826017072376804,6.628071,0.9758052528165025,-2.410105877719342e-05,0.165493,0.004657626469835797,-4.5293550031276705e-05,1.537932,0.01930185811490833,-0.0007318798044621554,5.230631,0.24794682917402674,-0.00030644439682135085,5.166092,0.37891643235148825,-1.4199617126242345,1439.998471,291.11064963667644,0.003381861188981303,6.879021,0.3835083337607887,9087.0,0.0,77973.0,86327.0,8182.0,0.09477915368308872,6.0,6.950316818608314e-05,0.0,0.0
2026-02-19,0.023945919511906638,2.4139075,0.13296084481014725,0.09092126477487777,3.3089085,0.40060998505921935,-2.0342059612048577e-05,0.0648565,0.0016780876581254569,7.572651198549123e-05,0.7940935,0.008752848192533037,0.0002593930245174935,2.5978685,0.11291399763643663,0.00031269644348937104,2.5900385,0.17266689693591594,-33.8423676019723,1155.028295,242.12186901980485,0.0008567441937475794,3.3989875,0.1659856614273818,1663.0,0.0,41605.0,43155.5,1446.5,0.0285136999802878,3.0,6.333294835233034e-05,0.0,0.0
2026-02-20,0.052884945093633826,3.673574,0.2656433514308539,0.23558504326728202,7.094638,0.9221692005742733,9.136866364783966e-06,0.12057,0.0031685787497928056,-2.3468099644457125e-07,0.212392,0.011479603213426877,-0.0005058866781706371,5.179192,0.15771535812233714,-0.0004017279812848162,5.1247,0.32631595638869093,-10.57761396758428,1439.999289,126.68644628677164,0.0025843698101844885,6.88802,0.3197151237530615,6909.0,0.0,79938.0,86348.0,6270.0,0.0726131468013156,6.0,6.948626488164173e-05,0.0,0.0
2026-02-21,0.10069675468763607,3.7242045,0.38851417608108696,0.3213883939888462,7.160328999999999,1.0300675320975066,-5.250101059679014e-05,0.159536,0.004616779089405573,-2.6885231743035885e-05,0.3144565,0.010811067331340626,-0.003793759984419338,5.091691,0.20983680762087914,-0.002039863943718287,5.138688999999999,0.3911641009921715,-4.482529135085786,1393.6471980000001,102.68864126118288,0.0059249628383344285,5.9660145,0.3716041183248495,4565.0,171.5,38931.0,43158.5,4152.0,0.10811839595141065,2.5,8.6253166575834e-05,0.0,0.0
2026-02-22,0.08209495110369908,3.738304,0.3559943022433099,0.2782461868992194,7.142064,0.9689286378128692,5.9928195863155225e-06,0.158217,0.004127105694890724,-7.297778704282769e-06,0.177076,0.008491817560893086,-6.078829360943151e-05,5.112501,0.19331337704340162,0.0004241643619854999,5.145141,0.3595922892541288,-84.77061663352094,1439.99951,423.03989149704216,0.002563218840479003,6.661743,0.3523505005652426,8653.0,112.0,78318.0,86347.0,7893.0,0.09141024007782551,4.0,4.632471307630838e-05,0.0,0.0
2026-02-23,0.09754776075605681,3.795343,0.39460815648517994,0.28724477679151583,6.137791,0.9780722831267497,-4.0486273554256014e-05,0.217266,0.005484650245523478,5.142535737491878e-05,0.675078,0.013205194570288781,-0.0003719914021164026,5.114239,0.23719351068469874,-0.0009304123155109997,5.160144,0.38938664212681545,10.66138806732108,1439.979455,155.69347608849628,0.004133532720690615,6.774025,0.3763583519755625,9302.0,266.0,77590.0,86185.0,8449.0,0.09803330045831642,8.0,9.28235771886059e-05,0.0,0.0
2026-02-24,0.06862289115252787,2.8535570000000003,0.28807963693303185,0.2639078866579191,6.975753,0.9610303351986924,-2.55187371410454e-05,0.1111075,0.004181044530273207,0.0001431346808665779,0.864987,0.01146759736064355,-8.593044969931508e-05,5.0412444999999995,0.1614903670629212,-0.0014594123016317218,5.115970000000001,0.32524792282610154,-20.751062875834265,1439.976004,146.27581489937702,0.004462222272590544,5.9759905,0.31138854993896525,4278.5,204.0,39045.0,43032.0,3917.0,0.08400761371643145,4.5,6.732294066604829e-05,0.0,0.0
2026-02-25,0.04335788276398417,3.765862,0.2243116865421168,0.22517754732968856,7.339457,0.90818800557114,-5.071595222342174e-06,0.219686,0.003752704064963305,-4.344354679574238e-05,0.524804,0.01135362795818989,-0.000339365787976924,5.117823,0.15021304132208646,0.0006341179672899919,5.175522,0.31974670300399555,1.6376075290594423,1439.999101,74.28918068743305,0.0039659850495061,6.556003,0.30457798556243854,6276.0,493.0,80218.0,86152.0,5793.0,0.06724161946327421,10.0,0.00011607391586962578,0.0,0.0
2026-02-26,0.08484570544647432,3.936018,0.36141089542845983,0.28194464575138933,7.456099,0.9716569803705786,-3.6011526094497906e-05,0.1985445,0.005205509820446172,4.352366223286529e-05,0.5181515,0.01163967105060159,-0.0014820765566742784,5.1277740000000005,0.20281571670002957,0.00048495621178498835,5.297688,0.35067261697232033,-4.392699833082128,1431.144383,129.63532964834988,0.005783570047340718,6.1122305,0.34582770527535645,4385.0,424.0,38875.0,42994.5,4050.5,0.0934334958840104,6.0,0.00013858909818688684,0.0,0.0
2026-02-27,0.07803758077450548,3.894681,0.34351975816232827,0.26050254587294575,6.87225,0.9364485828367246,-6.353734222821424e-06,0.206719,0.0051177733067171065,-0.00019389407498663448,0.467693,0.011358889097971551,-0.0002233931684526165,5.083567,0.1884198505184089,0.0014702723437391035,5.174293,0.34526847483707185,-3.9767569751516647,1439.996342,429.9147079772684,0.004416685595406895,6.879701,0.3385652996696788,7933.0,537.0,78564.0,86043.0,7358.0,0.08551538184396174,5.0,5.811047964389898e-05,0.0,0.0
2026-02-28,0.09190427861528583,3.8642385,0.37511088659141034,0.28294845818940806,7.681692,0.9852192540889066,6.675340526876259e-05,0.222562,0.006425379931566139,-0.00029985708181391377,0.225391,0.014232983472835494,-0.00036776147003899783,5.1022885,0.22843072145707088,-0.00037407127660236993,5.2354035,0.38480203756402787,18.838777832090273,1439.9945895,162.89031526002395,0.0031244326577929125,6.3019615,0.3790052835995435,4476.5,500.0,38737.0,42940.5,3873.0,0.0900475864119677,3.5,0.00012502913237543754,0.0,0.0
2026-03-01,0.09299641507631365,4.64452,0.3843796830507378,0.28103035907025514,7.868191,0.9664035383048204,-5.259196085284866e-05,0.198532,0.005803747050933432,-0.00013041878131189556,0.497992,0.01748605175180417,-0.0001637469299778627,5.143206,0.21297475906381064,0.00021234196667831734,5.125356,0.335741844152483,-16.224911780438074,1439.99955,222.25917217432965,0.007141351974833974,6.895015,0.3345994049525858,8705.0,2365.0,77602.0,85831.0,8061.0,0.09391711619344992,33.0,0.00038447647120504246,0.0,0.0
2026-03-03,0.07889450114153915,3.831874,0.34140116528464887,0.28723522293381415,7.922025,0.994789509931837,-4.154494151807142e-05,0.225011,0.0060370221707039306,0.00011551119879172475,0.644896,0.014284802994026655,-0.0016557907529475126,5.090536,0.18094628363066562,-0.00037694608422802697,5.121893,0.35193669337771344,-7.1300137985739545,1439.997344,104.92696153123916,0.006818107691046821,6.486598,0.3367264781479806,8551.0,389.0,77409.0,85414.0,7813.0,0.0914721240077739,15.0,0.00017561523871964784,0.0,0.0
2026-03-04,0.01521666853749031,5.6058535,0.13171618366809143,0.040771017382148986,6.537065,0.29436934391468106,-1.9523622709185668e-05,0.078926,0.002650138529914527,-6.014633189486073e-05,0.1831655,0.00619760611558125,0.000807196013154642,2.8342169999999998,0.05389281859643341,-0.0019854704377924026,2.8552855000000004,0.08387045546721396,11.169468442064343,1394.238402,179.54640003881707,0.0016799089186881832,2.7743365,0.07868589542266478,313.0,1715.0,41809.5,42112.0,249.5,0.013938194328257306,11.0,0.0003500560516464965,0.0,0.0
2026-03-05,1.0847668393782384e-05,0.018586,0.00041954654323752633,0.002949194818652849,8.497543,0.157932261580111,0.0,0.0,0.0,0.0,0.0,0.0,0.001007778238341969,2.363422,0.04397146551611601,0.0009135692573402416,2.123239,0.03954247578760366,0.0010078269430051803,4.454931,0.13751251185927293,-0.001360212780656304,0.007855,0.05905487704400978,1.0,34.0,2894.0,2895.0,1.0,0.0003454231433506045,0.0,0.0,0.0,0.0
2026-03-06,0.11692965144874178,4.509934,0.4349040832648888,0.3214495900861414,6.207007,1.0177059433368538,-1.5121848592166625e-05,0.220481,0.005091835615690989,2.062093107518969e-05,1.435345,0.014388298415164128,-0.0007381738957653964,5.221253,0.25975483023222357,-0.0002295476465981757,5.140928,0.4290563482239431,7.589053785020517,1439.997548,270.7031512981511,0.003511240179061912,6.864187,0.4159366985652234,10542.0,0.0,75798.0,85558.0,9512.0,0.11117604432081162,4.0,4.675191098436149e-05,0.0,0.0
2026-03-07,0.06018012332042855,3.7206795,0.28919991218363555,0.24564177005336257,6.878338,0.9263272262785198,-1.015828380913649e-05,0.1796065,0.004194840305248184,9.75848899015803e-06,0.4967635,0.0096617910017828,-0.0006298658093235031,5.1236619999999995,0.19529568931560473,0.0005017175141741102,5.1409015,0.33695055587339384,25.085076315987777,1438.1931375,319.13027510117064,0.0027767172277672453,6.321730499999999,0.3370101663950992,3746.0,0.0,39709.5,43179.0,3377.0,0.07776046800760392,2.5,5.748665184712205e-05,0.0,0.0
2026-03-08,0.0857528045344486,3.854946,0.3633715275790903,0.29235926256704936,7.570177,1.001304092082865,-2.7060706465702014e-05,0.16328,0.004314986822626132,2.934532015709534e-05,0.959319,0.011783875699905409,-0.001976624894285019,5.145259,0.21098907504693337,-0.00021770141455333358,5.142111,0.3582708927034227,-21.87659589058934,1439.993142,261.7303361377918,0.004811532826673772,6.846561,0.3509070678225812,9120.0,0.0,77887.0,86318.0,8224.0,0.0952756087953845,7.0,8.109548414004032e-05,0.0,0.0
2026-03-09,0.04124197760932126,3.019227,0.2558324352034028,0.1342335457289254,5.705191,0.706181491878271,3.694798905032637e-05,0.026858,0.0024859447770778425,-5.075714185442546e-05,0.039819,0.004123123447910237,0.0009155218642521237,5.061878,0.11350256679276237,-0.0030989814697831124,5.081172,0.21456499829201872,-1.0204369095248123,505.801495,66.18997785678427,0.00307168975924756,5.414053,0.20327036733172915,659.0,0.0,13635.0,14247.0,607.0,0.04260546079876465,1.0,7.019021548396153e-05,0.0,0.0
2026-03-10,0.10404313788984351,4.3019655,0.3979540352199893,0.31287707581910146,7.1622515,1.020919748529736,-1.5863061758909385e-05,0.1293845,0.004660775266738712,-0.00012702929079877706,1.0095435000000001,0.019910071746996827,-0.0007993374780244099,5.1404485,0.32532082937994855,-0.0006220765434886456,5.138253,0.44899277322897546,75.63183948905366,1439.9616325,316.5737866089314,0.0030401977065057104,6.908305500000001,0.44732621787574667,4715.0,0.0,38820.0,43168.5,4215.0,0.10446433651802779,3.0,6.993706786054094e-05,0.0,0.0
2026-03-11,0.1002064476096111,1.96176,0.2954487633084091,0.5564804669308893,5.87054,1.39130086086682,5.493683428288335e-05,0.023321,0.0032749721744667394,-0.00015370126331434232,0.033372,0.0068989714984771236,-8.681966807035079e-05,5.020998,0.16044250022777667,-0.011678973742878369,5.14051,0.3992091373322488,52.68640703492694,1428.314924,254.05874412653463,0.011256575675006195,5.162316,0.38483889943192884,704.0,0.0,3379.0,4037.0,651.0,0.16125836016844192,0.0,0.0,0.0,0.0
2026-03-12,0.06517417946784819,3.67806,0.30921282720006954,0.23177609408926417,7.751549,0.8958388025484094,-2.312836364479911e-05,0.180693,0.004333578741851787,5.747077108657205e-07,0.417692,0.016104584488267355,-0.0006166462953512113,5.101434,0.1941007125237077,0.0009676966920293219,5.128662,0.36051607294265264,32.24952829582676,1439.994531,299.70595971377287,0.0030995267583743156,6.312687,0.33771829722548824,7639.0,276.0,79129.0,86217.0,6519.0,0.07561153832770799,8.0,9.278912511453658e-05,0.0,0.0
2026-03-13,0.10769995235754803,3.7056185,0.4234663637326186,0.2377035801120157,6.721641,0.8293167323198133,-0.00012680586833936004,0.16826750000000001,0.005015092221558269,-3.681274533100115e-05,1.05361,0.018165409439511462,-0.005650939513552475,5.135161500000001,0.2333682789818298,-0.004657221501246104,5.122008,0.37384676965998426,-9.991461578117336,1394.588238,162.54864010782586,0.008431468125328858,6.2118985,0.34807008952880014,4518.5,0.0,39008.5,43159.0,4067.5,0.09209269498748957,3.0,0.00013788898617391566,0.0,0.0
2026-03-14,0.08982675857794871,4.497116,0.3770709960363731,0.27904807367421175,6.905576,0.9659252577760916,9.032354099576019e-06,0.140428,0.0044738347528208355,-2.4767069017445532e-05,1.59244,0.014689038710103275,8.640233533350286e-05,5.137262,0.2148120510030935,0.0004766545189166654,5.164,0.36997458449742576,-10.63297685890694,1439.996832,292.11935049958413,0.0029812982299654792,7.08156,0.3628984956100404,8891.0,0.0,78120.0,86327.0,8059.0,0.09335433873527402,8.0,9.267089091477753e-05,0.0,0.0
2026-03-15,0.07720334425451093,3.701773,0.3373934019880693,0.28176904075463827,7.125401,0.9884732938768623,-1.0254093993932582e-07,0.136222,0.003817460110480269,-2.785253514928311e-05,1.289397,0.012836262915968571,1.4071016607602344e-05,5.151951,0.1955797363012283,-0.0006053044147962851,5.118007,0.35719749822667257,12.823745412120996,1439.997893,378.3612016515816,0.002611539318555578,6.794165,0.35343935695845835,8589.0,0.0,78399.0,86347.0,7795.0,0.09027528460745596,5.0,5.7905891345385476e-05,0.0,0.0
2026-03-16,0.11048468799298927,3.8113655,0.4218235084190035,0.3015402265081879,6.3954284999999995,0.9928896581695843,-3.785388767343463e-05,0.1477915,0.004611391550781755,7.222686430130903e-06,0.741726,0.011937001080632875,-0.0017727862219026305,5.1321840000000005,0.22537595760018825,3.893712072620297e-05,5.106256,0.3842705757772673,76.33026231171212,1439.9971154999998,388.33150215924593,0.004310107384458896,6.044553,0.3740257555347944,5001.5,0.0,38546.0,43158.5,4547.5,0.10424304245111526,2.0,5.983131668032396e-05,0.0,0.0
2026-03-17,0.07397678622303033,4.525315,0.3369629732565921,0.24380227161337398,7.873318,0.9119305274380887,-1.1674001412903747e-05,0.162154,0.004491963450921298,0.00012896399411676144,0.941077,0.01481547452374727,0.00015473135140769254,5.151196,0.2092938444860048,0.000580626981829132,5.13099,0.3607171951070214,13.995743998089106,1439.995623,165.43974081647713,0.003088859775093518,6.761329,0.3409517887209481,7727.0,0.0,79218.0,86348.0,7004.0,0.08111363320516977,4.0,4.632417658776115e-05,0.0,0.0
2026-03-18,0.13050270224513383,4.1324505,0.4708248791275137,0.2805769127536656,7.0244605,0.9598288807518356,-8.963693189338034e-05,0.193148,0.00471034427485842,9.747990342438591e-05,1.3223734999999999,0.01879161656142455,-0.0023047067901817387,5.1439395,0.28973165247994215,-0.000829643617117523,5.122042499999999,0.3868845233658968,7.060811334725978,1439.9745865,93.77931703146994,0.004721927865479678,6.2737870000000004,0.4111697435339823,5311.0,0.0,38241.0,43158.5,4260.5,0.09928219897017926,4.5,0.00010507062808051327,0.0,0.0
2026-03-19,0.08552873258587786,4.163854,0.36901247668225573,0.18208685301576938,7.83166,0.772493052857989,1.7171240960224998e-05,0.102993,0.003396321921153194,4.325030132583368e-05,0.14147,0.006245835024825074,-1.4806963137806488e-05,5.100198,0.18653519286133863,0.0018366658296504622,5.146754,0.27856982738094477,-37.848968908334164,1439.995741,254.5452513704056,0.0032234241412213726,6.817865,0.29034206651485095,6584.0,0.0,73430.0,79652.0,4885.0,0.061329282378345805,5.0,6.277306282328128e-05,0.0,0.0
2026-03-20,0.0,0.0,0.0,0.0,0.0,0.0,0.0,0.0,0.0,0.0,0.0,0.0,0.0,0.0,0.0,0.0,0.0,0.0,0.0,0.0,0.0,0.0,0.0,0.0,0.0,0.0,70272.0,70273.0,0.0,0.0,1.0,1.4230216441592077e-05,0.0,0.0
2026-03-21,0.0,0.0,0.0,0.0,0.0,0.0,0.0,0.0,0.0,0.0,0.0,0.0,0.0,0.0,0.0,0.0,0.0,0.0,0.0,0.0,0.0,0.0,0.0,0.0,0.0,0.0,35132.5,35133.0,0.0,0.0,0.5,8.84830466482622e-06,0.0,0.0
2026-03-22,0.0,0.0,0.0,0.0,0.0,0.0,0.0,0.0,0.0,0.0,0.0,0.0,0.0,0.0,0.0,0.0,0.0,0.0,0.0,0.0,0.0,0.0,0.0,0.0,0.0,0.0,70262.0,70263.0,0.0,0.0,1.0,1.423224172039338e-05,0.0,0.0
2026-03-23,0.027819477535915224,1.844157,0.14152099549953354,0.10671474679084503,3.243858,0.43956961587329546,-2.570040148577047e-05,0.08145,0.0017951007238136446,2.3329805538864894e-05,0.2988875,0.004537007517513788,-0.0007453460900433391,2.572824,0.09740717436765328,0.0005069321788524625,2.5757555,0.15215181645023923,-2.291374677279786,959.5229225,58.376664325731994,0.0011078778601920558,3.179844,0.15285874023018436,2826.5,0.0,38308.5,40848.5,2483.0,0.033907331794780754,3.5,0.00010001319586863845,0.0,0.0
2026-03-24,0.20105930287938104,4.107456,0.6040728105760927,0.26090157470638653,6.406323,0.8961820687089342,-3.063761032222214e-06,0.179283,0.004757370901687251,6.372165211146856e-07,1.639,0.01578455627656464,-0.00033586225068915187,5.114575,0.3120359997662939,-5.716698325187036e-05,5.127666,0.3594308780205784,34.523977526234106,1439.996413,218.90094418272128,0.003643253607913085,6.81821,0.41724899955536543,12804.0,0.0,74137.0,86339.0,9506.0,0.11010088140932835,5.0,5.791125679009486e-05,0.0,0.0
2026-03-25,0.0723836308225048,3.667806,0.32447456594268587,0.282436656892039,6.281991,0.9932160339604187,1.3274037013874413e-05,0.185398,0.0039751089530711105,-6.549482315335974e-05,0.426882,0.009381594695021091,-0.0002048691080073194,5.225653,0.19155941484844477,-0.0007028768095800616,5.210147,0.35628442214477696,-11.286582560778735,1439.998248,438.6932432645477,0.0027423888888888884,6.966737,0.3522061562566613,8520.0,0.0,78471.0,86347.0,7702.0,0.0891982350284318,4.0,4.632471307630838e-05,0.0,0.0
2026-03-26,0.09092101973138708,3.6863915,0.3740748454944154,0.26401580800287905,6.682867,0.927954148734857,-3.2007485578992644e-05,0.152116,0.003917356112066292,-2.754282501570619e-05,0.290846,0.010076268535571543,-0.000744474819603732,5.1306325,0.20842336379734228,-0.0012128402813516533,5.1745785,0.34782239262560055,3.4678477658205265,1439.9945025,105.13252682809974,0.0030330797130263877,6.0981735,0.3448268901618726,4955.0,0.0,38598.0,43163.5,4498.0,0.08988822238364114,4.5,8.58067731629807e-05,0.0,0.0
2026-03-27,0.10533398811619718,4.414441,0.4173070916797134,0.2829719959113232,6.89404,0.9596442023834915,-1.2237594977761288e-05,0.174873,0.00503218502164097,-5.78955476278725e-05,0.697057,0.01730977125683009,0.00027789280253891755,5.285945,0.2879018316220425,-0.0001518888876019274,5.145823,0.43226087859143253,-12.52502395783914,1439.999176,196.3739735832019,0.003504381405207563,7.042716,0.449855505921727,9558.0,0.0,77561.0,86337.0,8546.0,0.09898421302570161,10.0,0.00011582519661327125,0.0,0.0
2026-03-28,0.0925352775288129,3.7206795,0.37468159804863077,0.2876188677754353,6.4966885,0.9831159169085204,-4.414230696475997e-05,0.1819265,0.004965657291942469,-1.5115463020738782e-05,0.48930549999999995,0.018598869322648842,-0.001145539327520112,5.18154,0.24707107520199784,6.495717965011047e-05,5.1325895,0.3789576910386242,20.518573875737836,1439.994821,167.83486465788894,0.003587134993220939,6.4627275,0.37747709919000744,4624.0,0.0,38917.5,43169.0,4160.0,0.09734409023810214,5.0,0.0001163908420750947,0.0,0.0
2026-03-29,0.10562992962722702,4.875881,0.4193198004182336,0.29033681937075734,7.046571,0.977149761331095,3.557607209878848e-06,0.192678,0.0050719553090196835,4.521368996594306e-05,0.339905,0.016841403468189638,-0.0003649604869911727,5.168369,0.2782125194407317,0.0007269869216690225,5.153765,0.419422703029946,4.26796040868336,1439.994221,194.97429320742702,0.0042958882491949115,6.836616,0.4301901707803733,9651.0,0.0,77452.0,86327.0,8646.0,0.10015406535614582,7.0,8.108702955043034e-05,0.0,0.0
2026-03-30,0.08230949711332962,3.649861,0.35184485128785503,0.30023904148644853,6.822901,1.0125078261871785,-2.3446714221293218e-05,0.1665325,0.004686302681541852,-1.054055345703786e-05,0.275889,0.01397907987017959,-0.0005024953312210156,5.1439245,0.23388703577760472,-0.00029095249617893976,5.1321145,0.39914469582287165,-5.961671509767939,1413.642825,205.85578264895835,0.0013054956608659638,6.339058,0.39709105003977074,4246.5,0.0,39249.5,43173.5,3838.5,0.09718609205832542,4.0,8.657919757712468e-05,0.0,0.0
2026-03-31,0.10634573709393391,3.725486,0.4200970645239639,0.2733981767459104,6.410169,0.9459096949866843,-3.6337237592103436e-05,0.182248,0.004612321485681308,-1.3503904258770087e-05,0.971805,0.0149117486258255,-0.0015538786551740113,5.134046,0.23356580524260082,-6.338362528384201e-05,5.139418,0.37257725240770445,-26.868514009048152,1439.999824,250.01435055657416,0.004744635281987117,6.646826,0.3645550386883458,9160.0,0.0,77897.0,86317.0,8275.0,0.09586755795497989,7.0,8.109642364771714e-05,0.0,0.0
2026-04-01,0.08225086308960994,3.802393,0.3706699625067368,0.21924649657095666,8.220679,0.8522623875003625,-1.1606683343107938e-06,0.179632,0.004029660856029482,-4.382782970880061e-05,0.318047,0.011056748531011145,-0.0007237710619860929,5.131383,0.18917047677776128,-0.0006209016887888842,5.197733,0.3224082318302293,-4.355652490251465,1439.993803,182.039590566105,0.002815519862120141,6.552658,0.3110787651837776,7038.0,0.0,77070.0,83553.0,6386.0,0.07643052912522591,5.0,5.9842255813675155e-05,0.0,0.0
2026-04-02,0.0,0.0,0.0,0.0,0.0,0.0,0.0,0.0,0.0,0.0,0.0,0.0,0.0,0.0,0.0,0.0,0.0,0.0,0.0,0.0,0.0,0.0,0.0,0.0,0.0,0.0,35107.0,35107.5,0.0,0.0,0.5,9.449116507606538e-06,0.0,0.0
2026-04-03,0.0,0.0,0.0,0.0,0.0,0.0,0.0,0.0,0.0,0.0,0.0,0.0,0.0,0.0,0.0,0.0,0.0,0.0,0.0,0.0,0.0,0.0,0.0,0.0,0.0,0.0,70231.0,70232.0,0.0,0.0,1.0,1.4238523749857615e-05,0.0,0.0
2026-04-04,0.0,0.0,0.0,0.0,0.0,0.0,0.0,0.0,0.0,0.0,0.0,0.0,0.0,0.0,0.0,0.0,0.0,0.0,0.0,0.0,0.0,0.0,0.0,0.0,0.0,0.0,70235.0,70236.0,0.0,0.0,1.0,1.4237712853807165e-05,0.0,0.0
2026-04-05,0.005348753539802422,1.7281565,0.06991120430158329,0.011754350622664042,2.9311045,0.13559474291580167,-5.898295621966162e-06,0.0615395,0.0006457572486636558,-4.642662179556777e-06,0.026204,0.0011832725272768597,0.00020240713543524466,2.5441225,0.04329298512464692,0.00021628806159954095,2.565033,0.06230349942775385,0.003326000783176438,359.173005,2.1517810573685376,0.0010862173973728694,3.5251635,0.06224774708857237,310.5,0.0,35261.5,35549.5,284.0,0.004404329890512081,0.5,7.754101919915635e-06,0.0,0.0
2026-04-06,0.09619332202094145,3.65627,0.4023384093554871,0.24269691804114163,7.163854,0.8850856127419473,-5.4235892327650045e-06,0.187737,0.004509254154514919,-9.662122405485567e-06,0.259625,0.010085116481087219,-0.00018649356004447735,5.149929,0.214890846750604,-0.00023134248749073324,5.190749,0.35588931837185245,31.003750090738514,1439.983374,279.44938688694145,0.0023090926380652335,6.343583,0.34128707934761393,8175.0,0.0,78761.0,86337.0,7459.0,0.08639401415383903,6.0,6.949511796796275e-05,0.0,0.0
2026-04-07,0.0783600735638495,3.802713,0.3513270509023906,0.24807552256078536,6.7453535,0.916293832426891,-4.79470671458263e-05,0.1779595,0.004043561529277507,-6.137233144962126e-06,0.880425,0.013720259034018724,-0.0016388046032187829,5.176721000000001,0.2191265857239188,-0.0003149726667655387,5.1522245,0.3492327073252947,7.816644412530881,1439.8206945,100.85530478794581,0.0034251122082009874,6.0231259999999995,0.34927651696371687,4026.5,0.0,39462.0,43168.5,3621.0,0.08414821042768172,1.5,3.378983228105521e-05,0.0,0.0
2026-04-08,0.0722860890124328,3.756249,0.34446625529700636,0.2029094071433785,7.515702,0.8282763372337709,-2.424694046373566e-05,0.164607,0.003789399078648554,-4.929563757572797e-06,0.283393,0.012996670563001621,-0.0010232356876961632,5.171354,0.19198108865000177,0.0010643406486460184,5.16766,0.312715184138676,-4.2968464326658715,1439.994637,75.80111330210936,0.003935957482786307,6.56496,0.3045132767645364,6334.0,0.0,76330.0,82204.0,5740.0,0.06982628582550728,4.0,4.865943263101552e-05,0.0,0.0
2026-04-09,0.0,0.0,0.0,0.0,0.0,0.0,0.0,0.0,0.0,0.0,0.0,0.0,0.0,0.0,0.0,0.0,0.0,0.0,0.0,0.0,0.0,0.0,0.0,0.0,0.0,0.0,70242.0,70243.0,0.0,0.0,1.0,1.4236294007943853e-05,0.0,0.0
2026-04-10,0.0,0.0,0.0,0.0,0.0,0.0,0.0,0.0,0.0,0.0,0.0,0.0,-1.131601802364664e-05,0.01115,0.002104514222779316,2.5582513119938825e-05,0.009656,0.002062080251716046,0.024456087037749305,66.73440099999999,10.781349957129375,-2.3236392408044917e-05,0.0095935,0.0020615985716081484,0.0,0.0,40075.0,40076.0,0.0,0.0,1.0,1.4335889900365565e-05,0.0,0.0
2026-04-11,0.0,0.0,0.0,0.0,0.0,0.0,0.0,0.0,0.0,0.0,0.0,0.0,0.0,0.0,0.0,0.0,0.0,0.0,0.0,0.0,0.0,0.0,0.0,0.0,0.0,0.0,70259.0,70260.0,0.0,0.0,1.0,1.4232849416453174e-05,0.0,0.0
2026-04-12,0.0,0.0,0.0,0.0,0.0,0.0,0.0,0.0,0.0,0.0,0.0,0.0,6.232047692168737e-07,0.0054715,0.0006079828876205715,2.0936094300424532e-05,0.0042205,0.0005377075693019558,-0.02185438555686026,17.220185,3.1600912765733287,1.1858684852316864e-05,0.0042235,0.0005401956928743885,0.0,0.0,35528.0,35528.5,0.0,0.0,0.5,4.515895953757225e-05,0.0,0.0
2026-04-13,0.0,0.0,0.0,0.0,0.0,0.0,0.0,0.0,0.0,0.0,0.0,0.0,-0.0011875612998522897,0.012125,0.002701496017891943,-0.00010535513821481328,0.010817,0.0018349185973862302,6.1618909502004655,33.667104,14.086193523138007,7.360540198354084e-05,0.010252,0.0018167176555873438,0.0,0.0,4739.0,4740.0,0.0,0.0,1.0,0.0002109704641350211,0.0,0.0
2026-04-14,0.0,0.0,0.0,0.0,0.0,0.0,0.0,0.0,0.0,0.0,0.0,0.0,0.0,0.0,0.0,0.0,0.0,0.0,0.0,0.0,0.0,0.0,0.0,0.0,0.0,0.0,55934.0,55936.0,0.0,0.0,2.0,3.5755148741418764e-05,0.0,0.0
2026-04-15,0.0,0.0,0.0,0.0,0.0,0.0,0.0,0.0,0.0,0.0,0.0,0.0,-2.2413483146067415e-05,0.00511,0.0003748041945147688,3.7011235955056175e-05,0.006377,0.00048061013573613833,0.0650372254681648,28.644103,2.066746785132275,3.954756554307116e-05,0.006347,0.00046820186731036704,0.0,0.0,1335.0,1336.0,0.0,0.0,1.0,0.0007485029940119761,0.0,0.0
2026-04-16,0.0,0.0,0.0,0.0,0.0,0.0,0.0,0.0,0.0,0.0,0.0,0.0,0.0,0.0,0.0,0.0,0.0,0.0,0.0,0.0,0.0,0.0,0.0,0.0,0.0,0.0,44351.0,44352.0,0.0,0.0,1.0,2.2546897546897547e-05,0.0,0.0
2026-04-17,0.07462016012928294,3.053514,0.3053057818750854,0.20724065986822343,6.336786999999999,0.7850660146920119,4.044529638326916e-05,0.10151,0.0025353787658568866,0.0002831563836538928,0.4432475,0.00714432738380212,-0.018078014429447956,2.620099,0.2917665453397641,0.020763305861834093,5.1249725,0.41879235594514475,10.978968251932745,1093.308719,146.64952621240744,0.02449235784805798,5.920011,0.4241500801857444,4199.0,0.0,38257.0,42132.5,3564.5,0.07570400697617832,3.5,0.00033028018725309445,0.0,0.0
2026-04-18,0.08008905330884504,3.675497,0.3555859061547252,0.23573045129440945,6.000641,0.8956558926665111,-6.530573330369791e-06,0.201814,0.004361037959453418,1.384956073137347e-05,0.664332,0.009352832190539225,-0.0004052437560684576,5.243731,0.20906423741270486,-0.00017030618953476113,5.133341,0.338734619546319,5.40313668038089,1439.991348,306.1724988685976,0.0031024738018085476,6.525075,0.3351709725399498,7546.0,0.0,78537.0,85484.0,6839.0,0.08000327546675401,5.0,5.849047775022226e-05,0.0,0.0
2026-04-19,0.08580035331186434,3.949797,0.3712036074088546,0.2502469545212334,7.873959,0.9073250578667678,-8.008236220837301e-06,0.189371,0.004528807146141306,7.837016657785601e-05,0.195542,0.010767308096834396,7.019366123763371e-05,5.18632,0.22895321625963413,-0.00042640197622964175,5.134213,0.3568131173571084,-0.04394618359474507,1439.991895,110.64878749848188,0.004349778340245118,7.004933,0.35523770737677807,8306.0,0.0,78714.0,86327.0,7465.0,0.08647352508485179,8.0,9.267089091477753e-05,0.0,0.0
2026-04-20,0.07342025956143837,3.701453,0.3320922043483392,0.26828793624205494,6.997543,0.9532667585494172,-2.8711242478989263e-06,0.1333055,0.0035672036536036206,2.9527461661934742e-05,0.15700550000000002,0.0075897481173268335,-0.0010608420348703603,5.148070000000001,0.18799408647009244,-0.0002797569598413694,5.1108899999999995,0.341694765835422,-9.939950829875299,1439.992882,226.54159881386866,0.003175655568639901,6.2618705,0.3367475606300657,4021.0,0.0,39446.0,43169.0,3648.5,0.08734002465642612,2.5,6.281560137129293e-05,0.0,0.0
2026-04-21,0.08830163136682649,3.62038,0.3851259640853564,0.23178747133625185,7.2978,0.8708564764700949,9.94069209922868e-06,0.199322,0.0042405885307761895,-2.439053343524893e-05,0.186536,0.008646834064324592,-3.933181618140981e-05,5.144825,0.21370726157564185,-0.0004884954717068544,5.148847,0.34524708512628643,-0.4192155046325264,1439.998724,287.1832912233695,0.0027272987283718988,6.97534,0.3403765502031131,7741.0,0.0,79206.0,86347.0,7058.0,0.08173995622314614,6.0,6.948706961446257e-05,0.0,0.0
2026-04-22,0.10290399056640379,4.1481520000000005,0.41267450557750884,0.2678003100904168,6.466567,0.9251421122888366,-2.5437610333576407e-05,0.171406,0.004771678812669079,-0.00014173363573209802,0.5670695,0.012469373059760248,-0.0007976267553529974,5.1341845,0.23851729899815455,-0.0009210383942228467,5.160611,0.3752824633121127,31.121603601497693,1439.995791,205.5629197869764,0.004951580425271356,6.5074355,0.36993533122138766,4454.5,0.0,39075.0,43158.5,4031.0,0.09566465459560768,3.5,8.330662142309251e-05,0.0,0.0
2026-04-23,0.06500608384863012,3.85815,0.337992870923065,0.1563029929595405,6.849818,0.7175304388052702,-1.4683457236156457e-05,0.162902,0.0038613937153995667,-1.8252981773547348e-05,0.213532,0.011254276713505582,-0.0005155315431112345,5.143556,0.19677435712524763,-6.875747469834925e-05,5.135782,0.30062677959663614,24.15219643982028,1439.992476,183.54161854491534,0.002573634463512355,6.919374,0.2972697670996105,5473.0,0.0,81390.0,86359.0,4896.0,0.05669356986532961,6.0,6.947741405064903e-05,0.0,0.0
2026-04-24,0.09088994080905081,3.5806449999999996,0.39332729249566467,0.23769392329192904,6.2576374999999995,0.8793476390876103,8.903009565605115e-05,0.1073475,0.005248285813654294,8.627937030472642e-05,0.145799,0.010925591667262072,-0.0003527857529635388,5.1336995000000005,0.2433101428117643,-0.000569812031347334,3.2572615000000003,0.3803376153704924,7.842686802564177,1439.98991,107.21094776675852,0.0019358591884293971,6.5066375,0.3738573292159092,4108.5,0.0,39379.5,43164.0,3721.0,0.0845543960881575,3.0,0.00012695123985746016,0.0,0.0
2026-04-25,0.07601294813816512,3.657552,0.35439166216036944,0.2339862221556687,7.227302,0.8778761265797015,-2.2700742071811246e-05,0.176931,0.004255427954739435,-3.2401417590096537e-06,0.186646,0.008954612014648665,-0.0015275729093873745,5.229906,0.20309806688010296,-0.0009658572094106677,5.173159,0.35594669980320953,47.81548846264683,1439.997149,248.7814848303103,0.004285209127816045,6.281166,0.34961201692044935,5422.0,0.0,55144.0,60105.0,4776.0,0.079460943349139,5.0,8.318775476249896e-05,0.0,0.0
2026-04-26,0.09263700671871743,4.025422,0.39379529523952866,0.2431464353844728,6.581927,0.8886723643073546,-1.5882040173296572e-05,0.172767,0.0046987390808439404,8.618585362463194e-06,0.431721,0.010408575812987967,-0.00010705231332391197,5.180108,0.23591245643691583,0.0003798247920672796,5.144636,0.35920693518029556,30.804750653314176,1439.992886,227.0267618028155,0.00451072286449042,6.238722,0.35509224635110287,8219.0,0.0,78802.0,86327.0,7384.0,0.08553523231433967,8.0,9.267089091477753e-05,0.0,0.0
2026-04-27,0.05243211150405615,3.0628070000000003,0.22462888008785353,0.14418209901737242,5.6202735,0.5485782243289616,-2.9230701300209534e-05,0.092889,0.003265962919093938,1.357824372440237e-05,0.4861875,0.007620313386960832,-0.0012934091902808823,5.0252505,0.15590084921682137,0.0020629475562342283,5.124157500000001,0.25054920721275376,2.7171882995648584,1420.765635,64.3316263786285,0.0036160913171705633,6.325535,0.24267522611274717,2651.5,0.0,38025.0,40470.0,2407.0,0.05009114900141777,1.5,4.10379001268019e-05,0.0,0.0
2026-04-28,0.08365217085910175,3.69985,0.3652052513526073,0.24197405048294074,7.956633,0.902125251008419,3.802492298427065e-07,0.185022,0.004077903122917906,1.4185613693743776e-05,0.62342,0.009517234206203843,-0.00017677520672642615,5.157892,0.20684273093615582,0.0005733638732541163,5.145387,0.3433242461940587,-6.158950769346584,1439.996857,302.4532023420963,0.002853405832348921,6.393589,0.33812107344941666,7858.0,0.0,79088.0,86347.0,7144.0,0.08273593755428678,6.0,6.948706961446257e-05,0.0,0.0
2026-04-29,0.08965443743091409,3.5985899999999997,0.3908272335399626,0.2315333141009689,6.372997,0.8628251435393806,9.39447393001324e-05,0.10811699999999999,0.005298467615042287,9.482593209815955e-05,0.14189249999999998,0.011253312287731677,-0.00021334677231164194,5.1572605,0.24646471115608698,-0.00036760991669400377,3.2247139999999996,0.37943394015543047,1.6801595757883594,1416.204925,140.78455926609323,0.0025333883823739707,6.6743784999999995,0.3746091811326388,4150.5,0.0,39337.0,43164.0,3754.0,0.08327962182788454,3.0,0.00012610813469382846,0.0,0.0
2026-04-30,0.07832541029353844,3.686392,0.34891906602978845,0.2524647795565646,6.301859,0.9176278673397336,-3.202304056715241e-05,0.176652,0.004313540760727663,6.182270694808057e-05,0.270278,0.01072697424588526,-0.0009975305585802655,5.16679,0.22699483244670124,0.0005685499501888191,5.149613,0.355479550715859,87.2638117491254,1439.998473,381.93110625983473,0.004237605993559299,6.772354,0.35631143667248383,8169.0,0.0,78849.0,86327.0,7332.0,0.08493287152339361,5.0,5.791930682173596e-05,0.0,0.0
2026-05-01,0.08462231274471191,4.519547,0.37215485072089954,0.23581232618214676,7.765007,0.8809586404171357,-3.2537729073512015e-05,0.184135,0.004562570468139689,6.511527233973541e-05,1.265727,0.013230967183196173,-0.000331825985218821,5.198755,0.2410090708208645,0.0005803589996061445,5.161054,0.35667079322817113,-12.451196907270116,1439.996843,138.574363193867,0.004099183548409518,6.458264,0.3587741278237814,7901.0,0.0,79121.0,86327.0,7049.0,0.08165463875728335,7.0,8.108702955043034e-05,0.0,0.0
2026-05-02,0.0964339618390905,3.6546675,0.3995854795391089,0.2584317900315234,7.6442,0.9127047115727839,-1.4890871953211548e-05,0.1430345,0.00409247013847947,5.735588645450465e-06,0.647523,0.010653883618412924,-0.0010723719110239836,5.1154875,0.21241808268260814,-0.0005458057681354479,5.131445,0.3556425112461976,37.98292195293893,1439.989661,225.49988744347613,0.003134869311626769,6.2742555,0.34991452152047836,4421.5,0.0,39081.5,43158.0,4020.0,0.09127112307777116,2.5,5.377039807057563e-05,0.0,0.0
2026-05-03,0.0539240373468484,3.936979,0.29951854183848386,0.15946829603158982,6.596667,0.743007502766123,-1.2713305122275272e-06,0.174772,0.003216648323339321,1.617962407124933e-05,0.328881,0.006931287266299534,-7.914997785760239e-06,5.152847,0.15959765363013884,0.0012311747650445306,5.122272,0.2741079279824687,-17.565860241106137,1439.99713,170.90188295918713,0.002402325431776805,6.431888,0.26759995193368413,4846.0,0.0,76816.0,81294.0,4410.0,0.054247545944350134,4.0,4.9204123305533005e-05,0.0,0.0
2026-05-04,0.0,0.0,0.0,0.0,0.0,0.0,0.0,0.0,0.0,0.0,0.0,0.0,-5.619354841766994e-06,0.012358000000000001,0.002219526155464809,-1.765932905749246e-07,0.008594000000000001,0.0020461569969375355,0.3093845647328899,1405.199858,23.005288426792006,-4.311549424669493e-05,0.008679,0.002047909219501297,0.0,0.0,43200.0,43200.5,0.0,0.0,0.5,1.5667596277379124e-05,0.0,0.0
2026-05-05,0.08463134405736993,4.082461,0.3669048581226864,0.2544519329911837,7.484298,0.9146078194423485,-3.034987314202302e-05,0.172869,0.004546173368263903,-3.0322161335542235e-05,0.229643,0.010500979104774943,-0.0004349953543334455,5.182023,0.21878125998415673,-0.00015092385045819445,5.138095,0.35627012886079323,43.948761602129366,1439.996671,259.1075974739108,0.004969305049990152,6.444533,0.3497685416319629,8346.0,0.0,78663.0,86318.0,7531.0,0.08724715586552052,5.0,5.792534581431451e-05,0.0,0.0
2026-05-06,0.08773681132292266,4.041444,0.383578317229462,0.2246648635183455,6.0637685,0.8502879784309185,0.00010629339125006804,0.110999,0.005568230392034867,0.00021529141080907883,0.2084095,0.012890904814164744,-4.9215776883981105e-05,5.1001365,0.2704379020646184,-0.000421931350705529,3.229367,0.38870572340581844,-5.943821817882293,1439.8439635,99.37798592171946,0.0022787313713222056,6.632532,0.3902119247833104,3723.5,0.0,39762.5,43164.0,3322.5,0.0808134123554601,3.0,0.00014024710782857924,0.0,0.0
2026-05-07,0.1005604533744179,4.815638,0.41166330831494247,0.25319094744341214,7.659902,0.8960044330588575,-2.3192271158167864e-05,0.167711,0.00460189091649104,-2.4961633806732626e-05,1.200007,0.013313711256203233,-0.0017549799712716905,5.163049,0.25954815951869487,-0.000595756376989551,5.156254,0.3897396622457241,24.534995893473575,1439.996336,287.33048941557564,0.00416624944976021,6.784697,0.37035739603226675,8739.0,0.0,78229.0,86327.0,7852.0,0.09095647943285415,2.0,2.3167722728694383e-05,0.0,0.0
2026-05-08,0.08390352954734989,3.702414,0.37231940199962593,0.24590971266910674,7.000427,0.9021165114388883,3.7772771497405476e-06,0.158384,0.004047454784015169,1.1513215808005927e-05,0.224698,0.008354707742319951,-0.00029691121895848813,5.169018,0.20291091181290977,0.0010161322391586355,5.141475,0.3479484033526003,-3.960093224159096,1439.995199,336.5405794219511,0.0023585782176612307,6.53983,0.3409669249087792,8016.0,0.0,78956.0,86337.0,7249.0,0.08396168502496033,8.0,9.2660157290617e-05,0.0,0.0
2026-05-09,0.09950671723184737,3.707862,0.4032398916025872,0.26510021226311403,6.5899385,0.9282389757243779,-3.373524623402397e-05,0.165611,0.004474944591409893,-1.8513524128459903e-05,0.8278869999999999,0.016520194460534352,-0.0011827562572511406,5.135752500000001,0.23799083551403355,-0.0021026065248935435,5.1210445,0.3593892468299824,-43.639767667684026,1439.996265,267.31117068403626,0.00524037627531161,6.7746545,0.356446036550189,4196.5,0.0,39276.0,43168.5,3816.0,0.09350463752961133,3.0,6.128488287388051e-05,0.0,0.0
2026-05-10,0.09134494623307111,3.69921,0.38542387206598416,0.2624369615255396,7.639393,0.9239491944173862,-5.069650242710013e-06,0.159494,0.004579916559581095,-2.419350765202686e-05,0.186065,0.010213589617706393,-0.0006081571301134193,5.133999,0.21397571627563636,-0.00022013664747384695,5.13036,0.36196116985460847,-2.070522406571127,1439.99632,63.24163286367168,0.004868403605315291,6.895332,0.3500347629014396,8667.0,0.0,78338.0,86318.0,7829.0,0.09069950647605367,5.0,5.792534581431451e-05,0.0,0.0
2026-05-11,0.017193121620277446,2.7228155000000003,0.14937528584914964,0.05959221062191429,6.3140350000000005,0.4616795566419898,-4.817180311448688e-06,0.0403035,0.0013346777650265146,-2.541109546966733e-05,0.069821,0.002713113725571697,0.0003252494008639756,5.0316995,0.09489186295352361,-0.0012931770530658824,5.0735735,0.1538197951942335,-219.19503960127852,1419.738192,559.4778525625376,-0.00036757274049667454,3.8007535,0.16371406418594925,982.0,5.5,42186.5,43107.5,882.0,0.019341912209149416,1.5,3.768186281003125e-05,0.0,0.0
2026-05-12,0.07588180699863477,4.129246,0.35317089048313943,0.22602135553639432,6.542192,0.8702052137132804,-3.997760532681835e-06,0.160872,0.0038085791941542906,-0.00012155125625733515,1.309409,0.012773230795423831,-0.000605346255179517,5.154981,0.20520071341553622,0.0010169446001293378,5.129518,0.3298456499075371,-13.249395443761824,1439.998625,292.25568551087434,0.004244900349692222,6.078798,0.3285325384819358,7057.0,0.0,76995.0,83505.0,6389.0,0.07651038859948506,5.0,5.9876654092569307e-05,0.0,0.0
2026-05-13,0.09855915834180085,3.935377,0.4186135847276675,0.23458110709949564,6.2419355,0.8642876925951931,0.00014017562603788896,0.11753250000000001,0.00520308800305492,6.237789862848521e-05,0.1537555,0.011338429840891907,0.00017870954055383096,5.104775500000001,0.2630262473997245,0.003216432796035362,5.135408999999999,0.3876728152753961,10.53643398170628,1422.0617735,113.48769267934419,-0.0003555199169630978,6.5612245,0.3908194033556329,4629.5,0.0,38859.5,43168.5,3980.5,0.08220089165674582,1.5,1.865625233203154e-05,0.0,0.0
2026-05-14,0.07587650627707132,3.984405,0.3541221248515675,0.20585352305839294,6.557573,0.82629444742508,-9.773759062376954e-06,0.186658,0.004055862242252562,6.786417436823933e-06,0.591601,0.0098881221930581,-0.00034219521460171823,5.16737,0.20032833992960855,-0.0014139782155513855,5.152726,0.3186173226208111,10.036744582551595,1439.956015,135.4274740634444,0.003718981933152664,6.756388,0.30882199774885044,6797.0,0.0,80010.0,86347.0,6203.0,0.07183804880308522,5.0,5.7905891345385476e-05,0.0,0.0
2026-05-15,0.09490291440851745,3.804956,0.39596689310311767,0.2659323616784643,7.382397,0.9261646120214976,-4.657738336596476e-06,0.155418,0.004592152943703695,-6.6718491143112315e-06,0.193926,0.009618703747496564,-0.0007932990604400059,5.142389,0.20923449724284315,-2.1978972855868345e-05,5.171631,0.36304144269274247,2.4085664679842913,1439.998163,182.61058002345595,0.0051181832431618345,6.797516,0.3496779075597349,8836.0,0.0,78174.0,86318.0,7946.0,0.09205495956810862,7.0,8.109548414004032e-05,0.0,0.0
2026-05-16,0.06014593235113729,3.9462725,0.30224827126489995,0.2100540953392056,6.7764365,0.8490714840498244,1.346621823996989e-05,0.09623999999999999,0.003531510012350981,9.156374132528793e-05,0.1503855,0.00909776916724286,0.00039238609555933003,5.0947960000000005,0.18600041819720836,-0.00033076182329763043,5.11329,0.308921356645249,22.19702057432412,1439.9791089999999,253.52121776113597,0.002589310744600619,6.329458499999999,0.31069090342148986,3547.0,0.0,39925.0,43173.5,3169.5,0.06875968816557684,2.5,3.8492925000384926e-05,0.0,0.0
2026-05-17,0.10681073304203811,3.637684,0.42061673236140384,0.3067604649564819,7.973296,1.0012036148741088,-9.675746150322395e-06,0.152935,0.003997800472389147,8.131297790619822e-05,0.221122,0.008069979753611468,-0.00126521448958737,5.096258,0.19962283401597922,0.0014683523027590806,5.105325,0.36227682454819554,-27.669114945945946,1439.995799,197.63337776502811,0.005885639733605836,6.2248,0.350113084893305,3232.0,0.0,25376.0,28380.0,2950.0,0.10394644115574349,1.0,3.5236081747709655e-05,0.0,0.0
2026-05-20,0.1544381650881316,3.811365,0.48967128816661354,0.4762907687779084,8.700705,1.2115945306136469,1.0696357226792106e-06,0.143208,0.005247987484593367,1.9202961222091634e-05,0.180198,0.011869701326772822,-0.00019040974148061025,5.116703,0.2921315820264458,1.2358390129258577e-05,5.138804,0.4942205515928631,-11.363455579142189,1439.998297,146.07684033988505,-0.0003986798589894246,6.796183,0.48532265827593996,15012.0,0.0,71068.0,85101.0,13806.0,0.1622307610956393,10.0,0.00011750743234509583,0.0,0.0
2026-05-21,0.06797084917276458,3.493484,0.3067981440035511,0.2871053102172926,6.765541499999999,1.0077897923222192,1.5265079325112787e-05,0.094443,0.0035454616458973683,4.082356033111008e-06,0.12299199999999999,0.007710879670319611,-0.00011345474507899446,5.1131205,0.18512290417368732,-7.725523164458923e-05,5.1246,0.3626055719674609,13.176013979379462,1439.9981895,361.2920978459724,-3.104524077840265e-05,6.186837000000001,0.35925151818736534,4208.0,0.0,39292.0,43200.5,3832.5,0.08950695833773105,3.5,8.491937669613691e-05,0.0,0.0
2026-05-22,0.0988721133976445,3.810083,0.39039442872625946,0.32128385585575153,7.480453,1.035428121620188,-2.012078609396532e-06,0.167837,0.004452117705596564,8.701138377088834e-06,0.229246,0.009849051697774492,0.00011247735405496123,5.147254,0.2466905151282517,-2.4244953735335052e-05,5.151654,0.41801836854476637,18.80984916840569,1439.995238,150.22510465450662,-0.0005678120577642415,6.586789,0.4170368275730638,10189.0,0.0,76931.0,86353.0,9245.0,0.10706055377346473,11.0,0.0001273841094113696,0.0,0.0
2026-05-23,0.10452177957645253,3.6319165,0.4074376916768233,0.3079252951874899,7.330805,0.9953250438508292,2.8750487611974948e-05,0.1624855,0.0046959634344282825,-3.279783929788292e-07,0.24541999999999997,0.010886731559812988,0.0006122245250376014,5.1560515,0.25105785549968174,0.000726826821233569,5.1284935,0.41867979629111773,-54.569696941695305,1439.9539340000001,251.01692005855352,-0.0010833512434238082,6.7506450000000005,0.4136381067802976,5083.0,0.0,38507.5,43200.5,4635.5,0.10533104661624915,4.5,0.0001013644050284467,0.0,0.0
2026-05-24,0.10069675918981483,3.799829,0.39654573923265507,0.3124101640046296,7.359966,1.0193015836956063,1.0405902777777658e-06,0.171276,0.004413928634385908,1.9963240740740733e-05,0.249739,0.009842531721712459,-0.0005464781134259266,5.109351,0.23203935857578786,-0.000661590486111111,5.194314,0.40112904080810335,15.573274829004632,1439.99872,196.80498037529827,0.00081651369212963,6.737925,0.39855007296044936,9898.0,0.0,77192.0,86401.0,9081.0,0.10510295019733568,9.0,0.00010416546104790454,0.0,0.0
