date,fault_event_day,rul_days,rul_prediction_days,degradation_state,total_episode_count,motion_event_count,track_event_count,rolling_7d_episode_count
2016-02-11,0,2479.0,60.0,100.0,0.0,2,0,
2016-02-12,0,2478.0,60.0,100.0,0.0,0,0,
2016-02-13,0,2477.0,60.0,100.0,0.0,0,0,
2016-02-14,0,2476.0,60.0,100.0,0.0,0,0,
2016-02-15,0,2475.0,60.0,100.0,0.0,0,0,
2016-02-16,0,2474.0,60.0,100.0,0.0,0,0,
2016-02-17,0,2473.0,60.0,95.5,0.0,0,0,0.0
2016-02-18,0,2472.0,60.0,91.202,0.0,0,0,0.0
2016-02-19,0,2471.0,60.0,87.098,0.0,0,0,0.0
2016-02-20,0,2470.0,60.0,83.179,0.0,0,0,0.0
2016-02-21,0,2469.0,60.0,79.436,0.0,0,0,0.0
2016-02-22,0,2468.0,59.995625,75.861,0.0,0,0,0.0
2016-02-23,0,2467.0,59.98455357142857,72.448,0.0,0,0,0.0
2016-02-24,0,2466.0,59.918011904761904,69.187,0.0,0,0,0.0
2016-02-25,0,2465.0,59.72108892496392,66.074,0.0,0,0,0.0
2016-02-26,0,2464.0,59.533202020202005,63.101,0.0,0,0,0.0
2016-02-27,0,2463.0,59.42498773448772,60.261,0.0,0,0,0.0
2016-02-28,0,2462.0,59.37907503607504,57.549,0.0,0,0,0.0
2016-02-29,0,2461.0,59.254269570707066,54.96,0.0,0,0,0.0
2016-03-01,0,2460.0,59.106515422077926,52.486,0.0,0,0,0.0
2016-03-02,0,2459.0,58.6207913961039,50.125,0.0,0,0,0.0
2016-03-03,0,2458.0,57.577549332611845,47.869,0.0,0,0,0.0
2016-03-04,0,2457.0,55.92569426406927,45.715,0.0,0,0,0.0
2016-03-05,0,2456.0,53.36476406926405,43.658,0.0,0,0,0.0
2016-03-06,0,2455.0,51.85850018037516,41.693,0.0,0,0,0.0
2016-03-07,0,2454.0,50.93024404761904,39.817,0.0,0,0,0.0
2016-03-08,0,2453.0,50.55063356782105,38.025,0.0,0,0,0.0
2016-03-09,0,2452.0,50.58409307359307,36.314,0.0,0,0,0.0
2016-03-10,0,2451.0,50.43468831168827,34.68,0.0,0,0,0.0
2016-03-11,0,2450.0,50.08553670634917,33.119,0.0,0,0,0.0
2016-03-12,0,2449.0,50.290290113724915,31.629,0.0,0,0,0.0
2016-03-13,0,2448.0,48.123668996061554,30.206,0.0,0,0,0.0
2016-03-14,0,2447.0,48.6260841788013,28.846,0.0,0,0,0.0
2016-03-15,0,2446.0,50.81862704216033,27.548,0.0,0,0,0.0
2016-03-16,0,2445.0,51.46214627185536,26.309,0.0,0,0,0.0
2016-03-17,0,2444.0,52.49304258718952,25.125,0.0,0,0,0.0
2016-03-18,0,2443.0,52.850075863037794,23.994,0.0,0,0,0.0
2016-03-19,0,2442.0,52.28294981283742,22.914,0.0,0,0,0.0
2016-03-20,0,2441.0,50.3657491556311,21.883,0.0,0,0,0.0
2016-03-21,0,2440.0,50.11399171825833,20.898,0.0,0,0,0.0
2016-03-22,0,2439.0,49.44211606287434,19.958,0.0,0,0,0.0
2016-03-23,0,2438.0,48.48192535083231,19.06,0.0,0,0,0.0
2016-03-24,0,2437.0,47.837210897779045,18.202,0.0,0,0,0.0
2016-03-25,0,2436.0,44.7646923585781,17.383,0.0,0,0,0.0
2016-03-26,0,2435.0,44.04807706185434,16.601,0.0,0,0,0.0
2016-03-27,0,2434.0,43.71368787273613,15.854,0.0,0,0,0.0
2016-03-28,0,2433.0,42.0993964045212,15.14,0.0,0,0,0.0
2016-03-29,0,2432.0,39.19975292271676,14.459,0.0,0,0,0.0
2016-03-30,0,2431.0,41.131462541737434,13.808,0.0,0,0,0.0
2016-03-31,0,2430.0,41.67080444631616,13.187,0.0,0,0,0.0
2016-04-01,0,2429.0,44.4930869479856,12.594,0.0,0,0,0.0
2016-04-02,0,2428.0,46.51158803884648,12.027,0.0,0,0,0.0
2016-04-03,0,2427.0,47.31570362229351,11.486,0.0,0,0,0.0
2016-04-04,0,2426.0,46.59919944421638,10.969,0.0,0,0,0.0
2016-04-05,0,2425.0,45.27651943416198,10.475,0.0,0,0,0.0
2016-04-06,0,2424.0,42.84000065023238,10.004,0.0,0,0,0.0
2016-04-07,0,2423.0,41.74694414911576,9.554,0.0,0,0,0.0
2016-04-08,0,2422.0,40.572793387148685,9.124,0.0,0,0,0.0
2016-04-09,0,2421.0,41.1408296638015,8.713,0.0,0,0,0.0
2016-04-10,0,2420.0,40.105190068701894,8.321,0.0,0,0,0.0
2016-04-11,0,2419.0,40.81633250220045,7.947,0.0,0,0,0.0
2016-04-12,0,2418.0,41.98538662605159,7.589,0.0,0,0,0.0
2016-04-13,0,2417.0,42.67532246424318,7.248,0.0,0,0,0.0
2016-04-14,0,2416.0,42.421971669443,6.921,0.0,0,0,0.0
2016-04-15,0,2415.0,43.40905466965098,6.61,0.0,0,0,0.0
2016-04-16,0,2414.0,42.41301078532358,6.313,0.0,0,0,0.0
2016-04-17,0,2413.0,41.94658338599927,6.028,0.0,0,0,0.0
2016-04-18,0,2412.0,43.96985524797379,5.757,0.0,0,0,0.0
2016-04-19,0,2411.0,51.09697434090836,5.498,0.0,0,0,0.0
2016-04-20,0,2410.0,53.6952976935209,5.251,0.0,0,0,0.0
2016-04-21,0,2409.0,53.941462239967365,5.014,0.0,0,0,0.0
2016-04-22,0,2408.0,51.62525324635165,4.789,0.0,0,0,0.0
2016-04-23,0,2407.0,50.62678350432751,4.573,0.0,0,0,0.0
2016-04-24,0,2406.0,50.14476140332954,4.367,0.0,0,0,0.0
2016-04-25,0,2405.0,49.70373055993237,4.171,0.0,0,0,0.0
2016-04-26,0,2404.0,49.74835188512777,3.983,0.0,0,0,0.0
2016-04-27,0,2403.0,50.127819450809554,3.804,0.0,0,0,0.0
2016-04-28,0,2402.0,49.086922618560806,3.633,0.0,0,0,0.0
2016-04-29,0,2401.0,48.68638370181614,3.469,0.0,0,0,0.0
2016-04-30,0,2400.0,48.323546767241034,3.313,0.0,0,0,0.0
2016-05-01,0,2399.0,48.839030347177726,3.164,0.0,0,0,0.0
2016-05-02,0,2398.0,48.45250528016,3.022,0.0,0,0,0.0
2016-05-03,0,2397.0,47.82929336845875,2.886,0.0,0,0,0.0
2016-05-04,0,2396.0,47.64315163893554,2.756,0.0,0,0,0.0
2016-05-05,0,2395.0,47.27775006310204,2.632,0.0,0,0,0.0
2016-05-06,0,2394.0,46.70822891509726,2.513,0.0,0,0,0.0
2016-05-07,0,2393.0,45.06651623910728,2.4,0.0,0,0,0.0
2016-05-08,0,2392.0,43.82391256284803,2.292,0.0,0,0,0.0
2016-05-09,0,2391.0,46.461539520082894,2.189,0.0,0,0,0.0
2016-05-10,0,2390.0,55.08348843699434,2.091,0.0,0,0,0.0
2016-05-11,0,2389.0,60.0,1.997,0.0,0,0,0.0
2016-05-12,0,2388.0,60.0,1.907,0.0,0,0,0.0
2016-05-13,0,2387.0,60.0,1.821,0.0,0,0,0.0
2016-05-14,0,2386.0,60.0,1.739,0.0,0,0,0.0
2016-05-15,0,2385.0,60.0,1.661,0.0,0,0,0.0
2016-05-16,0,2384.0,60.0,1.586,0.0,0,0,0.0
2016-05-17,0,2383.0,60.0,1.515,0.0,0,0,0.0
2016-05-18,0,2382.0,60.0,1.446,0.0,0,0,0.0
2016-05-19,0,2381.0,60.0,1.381,0.0,0,0,0.0
2016-05-20,0,2380.0,60.0,1.319,0.0,0,0,0.0
2016-05-21,0,2379.0,60.0,1.26,0.0,0,0,0.0
2016-05-22,0,2378.0,60.0,1.203,0.0,0,0,0.0
2016-05-23,0,2377.0,60.0,1.149,0.0,0,0,0.0
2016-05-24,0,2376.0,60.0,1.097,0.0,0,0,0.0
2016-05-25,0,2375.0,60.0,1.048,0.0,0,0,0.0
2016-05-26,0,2374.0,60.0,1.001,0.0,0,0,0.0
2016-05-27,0,2373.0,60.0,0.956,0.0,0,0,0.0
2016-05-28,0,2372.0,60.0,0.913,0.0,0,0,0.0
2016-05-29,0,2371.0,60.0,0.872,0.0,0,0,0.0
2016-05-30,0,2370.0,60.0,0.832,0.0,0,0,0.0
2016-05-31,0,2369.0,60.0,0.795,0.0,0,0,0.0
2016-06-01,0,2368.0,60.0,0.759,0.0,0,0,0.0
2016-06-02,0,2367.0,60.0,0.725,0.0,0,0,0.0
2016-06-03,0,2366.0,60.0,0.692,0.0,0,0,0.0
2016-06-04,0,2365.0,60.0,0.661,0.0,0,0,0.0
2016-06-05,0,2364.0,60.0,0.631,0.0,0,0,0.0
2016-06-06,0,2363.0,60.0,0.603,0.0,0,0,0.0
2016-06-07,0,2362.0,60.0,0.576,0.0,0,0,0.0
2016-06-08,0,2361.0,60.0,0.55,0.0,0,0,0.0
2016-06-09,0,2360.0,60.0,0.525,0.0,0,0,0.0
2016-06-10,0,2359.0,60.0,0.502,0.0,0,0,0.0
2016-06-11,0,2358.0,60.0,0.479,0.0,0,0,0.0
2016-06-12,0,2357.0,60.0,0.458,0.0,0,0,0.0
2016-06-13,0,2356.0,60.0,0.437,0.0,0,0,0.0
2016-06-14,0,2355.0,60.0,0.417,0.0,0,0,0.0
2016-06-15,0,2354.0,60.0,0.398,0.0,0,0,0.0
2016-06-16,0,2353.0,60.0,0.381,0.0,0,0,0.0
2016-06-17,0,2352.0,60.0,0.363,0.0,0,0,0.0
2016-06-18,0,2351.0,60.0,0.347,0.0,0,0,0.0
2016-06-19,0,2350.0,60.0,0.331,0.0,0,0,0.0
2016-06-20,0,2349.0,60.0,0.317,0.0,0,0,0.0
2016-06-21,0,2348.0,60.0,0.302,0.0,0,0,0.0
2016-06-22,0,2347.0,60.0,0.289,0.0,0,0,0.0
2016-06-23,0,2346.0,60.0,0.276,0.0,0,0,0.0
2016-06-24,0,2345.0,60.0,0.263,0.0,0,0,0.0
2016-06-25,0,2344.0,60.0,0.251,0.0,0,0,0.0
2016-06-26,0,2343.0,60.0,0.24,0.0,0,0,0.0
2016-06-27,0,2342.0,60.0,0.229,0.0,0,0,0.0
2016-06-28,0,2341.0,60.0,0.219,0.0,0,0,0.0
2016-06-29,0,2340.0,60.0,0.209,0.0,0,0,0.0
2016-06-30,0,2339.0,60.0,0.2,0.0,0,0,0.0
2016-07-01,0,2338.0,60.0,0.191,0.0,0,0,0.0
2016-07-02,0,2337.0,60.0,0.182,0.0,0,0,0.0
2016-07-03,0,2336.0,60.0,0.174,0.0,0,0,0.0
2016-07-04,0,2335.0,60.0,0.166,0.0,0,0,0.0
2016-07-05,0,2334.0,60.0,0.159,0.0,0,0,0.0
2016-07-06,0,2333.0,60.0,0.152,0.0,0,0,0.0
2016-07-07,0,2332.0,60.0,0.145,0.0,0,0,0.0
2016-07-08,0,2331.0,60.0,0.138,0.0,0,0,0.0
2016-07-09,0,2330.0,60.0,0.132,0.0,0,0,0.0
2016-07-10,0,2329.0,60.0,0.126,0.0,0,0,0.0
2016-07-11,0,2328.0,60.0,0.12,0.0,0,0,0.0
2016-07-12,0,2327.0,60.0,0.115,0.0,0,0,0.0
2016-07-13,0,2326.0,60.0,0.11,0.0,0,0,0.0
2016-07-14,0,2325.0,60.0,0.105,0.0,0,0,0.0
2016-07-15,0,2324.0,60.0,0.1,0.0,0,0,0.0
2016-07-16,0,2323.0,60.0,0.096,0.0,0,0,0.0
2016-07-17,0,2322.0,60.0,0.091,0.0,0,0,0.0
2016-07-18,0,2321.0,60.0,0.087,0.0,0,0,0.0
2016-07-19,0,2320.0,60.0,0.083,0.0,0,0,0.0
2016-07-20,0,2319.0,60.0,0.08,0.0,0,0,0.0
2016-07-21,0,2318.0,60.0,0.076,0.0,0,0,0.0
2016-07-22,0,2317.0,60.0,0.073,0.0,0,0,0.0
2016-07-23,0,2316.0,60.0,0.069,0.0,0,0,0.0
2016-07-24,0,2315.0,60.0,0.066,0.0,0,0,0.0
2016-07-25,0,2314.0,60.0,0.063,0.0,0,0,0.0
2016-07-26,0,2313.0,60.0,0.06,0.0,0,0,0.0
2016-07-27,0,2312.0,60.0,0.058,0.0,0,0,0.0
2016-07-28,0,2311.0,60.0,0.055,0.0,0,0,0.0
2016-07-29,0,2310.0,60.0,0.053,0.0,0,0,0.0
2016-07-30,0,2309.0,60.0,0.05,0.0,0,0,0.0
2016-07-31,0,2308.0,60.0,0.048,0.0,0,0,0.0
2016-08-01,0,2307.0,60.0,0.046,0.0,0,0,0.0
2016-08-02,0,2306.0,60.0,0.044,0.0,0,0,0.0
2016-08-03,0,2305.0,60.0,0.042,0.0,0,0,0.0
2016-08-04,0,2304.0,60.0,0.04,0.0,0,0,0.0
2016-08-05,0,2303.0,60.0,0.038,0.0,0,0,0.0
2016-08-06,0,2302.0,60.0,0.036,0.0,0,0,0.0
2016-08-07,0,2301.0,60.0,0.035,0.0,0,0,0.0
2016-08-08,0,2300.0,60.0,0.033,0.0,0,0,0.0
2016-08-09,0,2299.0,60.0,0.032,0.0,0,0,0.0
2016-08-10,0,2298.0,60.0,0.03,0.0,0,0,0.0
2016-08-11,0,2297.0,60.0,0.029,0.0,0,0,0.0
2016-08-12,0,2296.0,60.0,0.028,0.0,0,0,0.0
2016-08-13,0,2295.0,60.0,0.026,0.0,0,0,0.0
2016-08-14,0,2294.0,60.0,0.025,0.0,0,0,0.0
2016-08-15,0,2293.0,60.0,0.024,0.0,0,0,0.0
2016-08-16,0,2292.0,60.0,0.023,0.0,0,0,0.0
2016-08-17,0,2291.0,60.0,0.022,0.0,0,0,0.0
2016-08-18,0,2290.0,60.0,0.021,0.0,0,0,0.0
2016-08-19,0,2289.0,60.0,0.02,0.0,0,0,0.0
2016-08-20,0,2288.0,60.0,0.019,0.0,0,0,0.0
2016-08-21,0,2287.0,60.0,0.018,0.0,0,0,0.0
2016-08-22,0,2286.0,60.0,0.017,0.0,0,0,0.0
2016-08-23,0,2285.0,60.0,0.017,0.0,0,0,0.0
2016-08-24,0,2284.0,60.0,0.016,0.0,0,0,0.0
2016-08-25,0,2283.0,60.0,0.015,0.0,0,0,0.0
2016-08-26,0,2282.0,60.0,0.014,0.0,0,0,0.0
2016-08-27,0,2281.0,60.0,0.014,0.0,0,0,0.0
2016-08-28,0,2280.0,60.0,0.013,0.0,0,0,0.0
2016-08-29,0,2279.0,60.0,0.013,0.0,0,0,0.0
2016-08-30,0,2278.0,60.0,0.012,0.0,0,0,0.0
2016-08-31,0,2277.0,60.0,0.011,0.0,0,0,0.0
2016-09-01,0,2276.0,60.0,0.011,0.0,0,0,0.0
2016-09-02,0,2275.0,60.0,0.01,0.0,0,0,0.0
2016-09-03,0,2274.0,60.0,0.01,0.0,0,0,0.0
2016-09-04,0,2273.0,60.0,0.01,0.0,0,0,0.0
2016-09-05,0,2272.0,60.0,0.009,0.0,0,0,0.0
2016-09-06,0,2271.0,60.0,0.009,0.0,0,0,0.0
2016-09-07,0,2270.0,60.0,0.008,0.0,0,0,0.0
2016-09-08,0,2269.0,60.0,0.008,0.0,0,0,0.0
2016-09-09,0,2268.0,60.0,0.008,0.0,0,0,0.0
2016-09-10,0,2267.0,60.0,0.007,0.0,0,0,0.0
2016-09-11,0,2266.0,60.0,0.007,0.0,0,0,0.0
2016-09-12,0,2265.0,60.0,0.007,0.0,0,0,0.0
2016-09-13,0,2264.0,60.0,0.006,0.0,0,0,0.0
2016-09-14,0,2263.0,60.0,0.006,0.0,0,0,0.0
2016-09-15,0,2262.0,60.0,0.006,0.0,0,0,0.0
2016-09-16,0,2261.0,60.0,0.006,0.0,0,0,0.0
2016-09-17,0,2260.0,60.0,0.005,0.0,0,0,0.0
2016-09-18,0,2259.0,60.0,0.005,0.0,0,0,0.0
2016-09-19,0,2258.0,60.0,0.005,0.0,0,0,0.0
2016-09-20,0,2257.0,60.0,0.005,0.0,0,0,0.0
2016-09-21,0,2256.0,60.0,0.004,0.0,0,0,0.0
2016-09-22,0,2255.0,60.0,0.004,0.0,0,0,0.0
2016-09-23,0,2254.0,60.0,0.004,0.0,0,0,0.0
2016-09-24,0,2253.0,60.0,0.004,0.0,0,0,0.0
2016-09-25,0,2252.0,60.0,0.004,0.0,0,0,0.0
2016-09-26,0,2251.0,60.0,0.003,0.0,0,0,0.0
2016-09-27,0,2250.0,60.0,0.003,0.0,0,0,0.0
2016-09-28,0,2249.0,60.0,0.003,0.0,0,0,0.0
2016-09-29,0,2248.0,60.0,0.003,0.0,0,0,0.0
2016-09-30,0,2247.0,60.0,0.003,0.0,0,0,0.0
2016-10-01,0,2246.0,60.0,0.003,0.0,0,0,0.0
2016-10-02,0,2245.0,60.0,0.003,0.0,0,0,0.0
2016-10-03,0,2244.0,60.0,0.003,0.0,0,0,0.0
2016-10-04,0,2243.0,60.0,0.002,0.0,0,0,0.0
2016-10-05,0,2242.0,60.0,0.002,0.0,0,0,0.0
2016-10-06,0,2241.0,60.0,0.002,0.0,0,0,0.0
2016-10-07,0,2240.0,60.0,0.002,0.0,0,0,0.0
2016-10-08,0,2239.0,60.0,0.002,0.0,0,0,0.0
2016-10-09,0,2238.0,60.0,0.002,0.0,0,0,0.0
2016-10-10,0,2237.0,60.0,0.002,0.0,0,0,0.0
2016-10-11,0,2236.0,60.0,0.002,0.0,0,0,0.0
2016-10-12,0,2235.0,60.0,0.002,0.0,0,0,0.0
2016-10-13,0,2234.0,60.0,0.002,0.0,0,0,0.0
2016-10-14,0,2233.0,60.0,0.002,0.0,0,0,0.0
2016-10-15,0,2232.0,60.0,0.001,0.0,0,0,0.0
2016-10-16,0,2231.0,60.0,0.001,0.0,0,0,0.0
2016-10-17,0,2230.0,60.0,0.001,0.0,0,0,0.0
2016-10-18,0,2229.0,60.0,0.001,0.0,0,0,0.0
2016-10-19,0,2228.0,60.0,0.001,0.0,0,0,0.0
2016-10-20,0,2227.0,60.0,0.001,0.0,0,0,0.0
2016-10-21,0,2226.0,60.0,0.001,0.0,0,0,0.0
2016-10-22,0,2225.0,60.0,0.001,0.0,0,0,0.0
2016-10-23,0,2224.0,60.0,0.001,0.0,0,0,0.0
2016-10-24,0,2223.0,60.0,0.001,0.0,0,0,0.0
2016-10-25,0,2222.0,60.0,0.001,0.0,0,0,0.0
2016-10-26,0,2221.0,60.0,0.001,0.0,0,0,0.0
2016-10-27,0,2220.0,60.0,0.001,0.0,0,0,0.0
2016-10-28,0,2219.0,60.0,0.001,0.0,0,0,0.0
2016-10-29,0,2218.0,60.0,0.001,0.0,0,0,0.0
2016-10-30,0,2217.0,60.0,0.001,0.0,0,0,0.0
2016-10-31,0,2216.0,60.0,0.001,0.0,0,0,0.0
2016-11-01,0,2215.0,60.0,0.001,0.0,0,0,0.0
2016-11-02,0,2214.0,60.0,0.001,0.0,0,0,0.0
2016-11-03,0,2213.0,60.0,0.001,0.0,0,0,0.0
2016-11-04,0,2212.0,60.0,0.001,0.0,0,0,0.0
2016-11-05,0,2211.0,60.0,0.001,0.0,0,0,0.0
2016-11-06,0,2210.0,60.0,0.001,0.0,0,0,0.0
2016-11-07,0,2209.0,60.0,0.001,0.0,0,0,0.0
2016-11-08,0,2208.0,59.07687961386178,0.0,0.0,0,0,0.0
2016-11-09,0,2207.0,59.07687961386178,0.0,0.0,0,0,0.0
2016-11-10,0,2206.0,59.07687961386178,0.0,0.0,0,0,0.0
2016-11-11,0,2205.0,59.07687961386178,0.0,0.0,0,0,0.0
2016-11-12,0,2204.0,59.07687961386178,0.0,0.0,0,0,0.0
2016-11-13,0,2203.0,59.07687961386178,0.0,0.0,0,0,0.0
2016-11-14,0,2202.0,59.07687961386178,0.0,0.0,0,0,0.0
2016-11-15,0,2201.0,59.07687961386178,0.0,0.0,0,0,0.0
2016-11-16,0,2200.0,59.07687961386178,0.0,0.0,0,0,0.0
2016-11-17,0,2199.0,59.07687961386178,0.0,0.0,0,0,0.0
2016-11-18,0,2198.0,59.07687961386178,0.0,0.0,0,0,0.0
2016-11-19,0,2197.0,59.07687961386178,0.0,0.0,0,0,0.0
2016-11-20,0,2196.0,59.07687961386178,0.0,0.0,0,0,0.0
2016-11-21,0,2195.0,59.07687961386178,0.0,0.0,0,0,0.0
2016-11-22,0,2194.0,59.07687961386178,0.0,0.0,0,0,0.0
2016-11-23,0,2193.0,59.07687961386178,0.0,0.0,0,0,0.0
2016-11-24,0,2192.0,59.07687961386178,0.0,0.0,0,0,0.0
2016-11-25,0,2191.0,59.07687961386178,0.0,0.0,0,0,0.0
2016-11-26,0,2190.0,59.07687961386178,0.0,0.0,0,0,0.0
2016-11-27,0,2189.0,59.07687961386178,0.0,0.0,0,0,0.0
2016-11-28,0,2188.0,59.07687961386178,0.0,0.0,0,0,0.0
2016-11-29,0,2187.0,59.07687961386178,0.0,0.0,0,0,0.0
2016-11-30,0,2186.0,59.07687961386178,0.0,0.0,0,0,0.0
2016-12-01,0,2185.0,59.07687961386178,0.0,0.0,0,0,0.0
2016-12-02,0,2184.0,59.07687961386178,0.0,0.0,0,0,0.0
2016-12-03,0,2183.0,59.07687961386178,0.0,0.0,0,0,0.0
2016-12-04,0,2182.0,59.07687961386178,0.0,0.0,0,0,0.0
2016-12-05,0,2181.0,59.07687961386178,0.0,0.0,0,0,0.0
2016-12-06,0,2180.0,59.07687961386178,0.0,0.0,0,0,0.0
2016-12-07,0,2179.0,59.07687961386178,0.0,0.0,0,0,0.0
2016-12-08,0,2178.0,59.07687961386178,0.0,0.0,0,0,0.0
2016-12-09,0,2177.0,59.07687961386178,0.0,0.0,0,0,0.0
2016-12-10,0,2176.0,59.07687961386178,0.0,0.0,0,0,0.0
2016-12-11,0,2175.0,59.07687961386178,0.0,0.0,0,0,0.0
2016-12-12,0,2174.0,59.07687961386178,0.0,0.0,0,0,0.0
2016-12-13,0,2173.0,59.07687961386178,0.0,0.0,0,0,0.0
2016-12-14,0,2172.0,59.07687961386178,0.0,0.0,0,0,0.0
2016-12-15,0,2171.0,59.07687961386178,0.0,0.0,0,0,0.0
2016-12-16,0,2170.0,59.07687961386178,0.0,0.0,0,0,0.0
2016-12-17,0,2169.0,59.07687961386178,0.0,0.0,0,0,0.0
2016-12-18,0,2168.0,59.07687961386178,0.0,0.0,0,0,0.0
2016-12-19,0,2167.0,59.07687961386178,0.0,0.0,0,0,0.0
2016-12-20,0,2166.0,59.07687961386178,0.0,0.0,0,0,0.0
2016-12-21,0,2165.0,59.07687961386178,0.0,0.0,0,0,0.0
2016-12-22,0,2164.0,59.07687961386178,0.0,0.0,0,0,0.0
2016-12-23,0,2163.0,59.07687961386178,0.0,0.0,0,0,0.0
2016-12-24,0,2162.0,59.07687961386178,0.0,0.0,0,0,0.0
2016-12-25,0,2161.0,59.07687961386178,0.0,0.0,0,0,0.0
2016-12-26,0,2160.0,59.07687961386178,0.0,0.0,0,0,0.0
2016-12-27,0,2159.0,59.07687961386178,0.0,0.0,0,0,0.0
2016-12-28,0,2158.0,59.07687961386178,0.0,0.0,0,0,0.0
2016-12-29,0,2157.0,59.07687961386178,0.0,0.0,0,0,0.0
2016-12-30,0,2156.0,59.07687961386178,0.0,0.0,0,0,0.0
2016-12-31,0,2155.0,59.07687961386178,0.0,0.0,0,0,0.0
2017-01-01,0,2154.0,59.07687961386178,0.0,0.0,0,0,0.0
2017-01-02,0,2153.0,59.07687961386178,0.0,0.0,0,0,0.0
2017-01-03,0,2152.0,59.07687961386178,0.0,0.0,0,0,0.0
2017-01-04,0,2151.0,59.07687961386178,0.0,0.0,0,0,0.0
2017-01-05,0,2150.0,59.07687961386178,0.0,0.0,0,0,0.0
2017-01-06,0,2149.0,59.07687961386178,0.0,0.0,0,0,0.0
2017-01-07,0,2148.0,59.07687961386178,0.0,0.0,0,0,0.0
2017-01-08,0,2147.0,59.07687961386178,0.0,0.0,0,0,0.0
2017-01-09,0,2146.0,59.07687961386178,0.0,0.0,0,0,0.0
2017-01-10,0,2145.0,59.07687961386178,0.0,0.0,0,0,0.0
2017-01-11,0,2144.0,59.07687961386178,0.0,0.0,0,0,0.0
2017-01-12,0,2143.0,59.07687961386178,0.0,0.0,0,0,0.0
2017-01-13,0,2142.0,59.07687961386178,0.0,0.0,0,0,0.0
2017-01-14,0,2141.0,59.07687961386178,0.0,0.0,0,0,0.0
2017-01-15,0,2140.0,59.07687961386178,0.0,0.0,0,0,0.0
2017-01-16,0,2139.0,59.07687961386178,0.0,0.0,0,0,0.0
2017-01-17,0,2138.0,59.07687961386178,0.0,0.0,0,0,0.0
2017-01-18,0,2137.0,59.07687961386178,0.0,0.0,0,0,0.0
2017-01-19,0,2136.0,59.07687961386178,0.0,0.0,0,0,0.0
2017-01-20,0,2135.0,59.07687961386178,0.0,0.0,0,0,0.0
2017-01-21,0,2134.0,59.07687961386178,0.0,0.0,0,0,0.0
2017-01-22,0,2133.0,59.07687961386178,0.0,0.0,0,0,0.0
2017-01-23,0,2132.0,59.07687961386178,0.0,0.0,0,0,0.0
2017-01-24,0,2131.0,59.07687961386178,0.0,0.0,0,0,0.0
2017-01-25,0,2130.0,59.07687961386178,0.0,0.0,0,0,0.0
2017-01-26,0,2129.0,59.07687961386178,0.0,0.0,0,0,0.0
2017-01-27,0,2128.0,59.07687961386178,0.0,0.0,0,0,0.0
2017-01-28,0,2127.0,59.07687961386178,0.0,0.0,0,0,0.0
2017-01-29,0,2126.0,59.07687961386178,0.0,0.0,0,0,0.0
2017-01-30,0,2125.0,59.07687961386178,0.0,0.0,0,0,0.0
2017-01-31,0,2124.0,59.07687961386178,0.0,0.0,0,0,0.0
2017-02-01,0,2123.0,59.07687961386178,0.0,0.0,0,0,0.0
2017-02-02,0,2122.0,59.07687961386178,0.0,0.0,0,0,0.0
2017-02-03,0,2121.0,59.07687961386178,0.0,0.0,0,0,0.0
2017-02-04,0,2120.0,59.07687961386178,0.0,0.0,0,0,0.0
2017-02-05,0,2119.0,59.07687961386178,0.0,0.0,0,0,0.0
2017-02-06,0,2118.0,59.07687961386178,0.0,0.0,0,0,0.0
2017-02-07,0,2117.0,59.07687961386178,0.0,0.0,0,0,0.0
2017-02-08,0,2116.0,59.07687961386178,0.0,0.0,0,0,0.0
2017-02-09,0,2115.0,59.07687961386178,0.0,0.0,0,0,0.0
2017-02-10,0,2114.0,59.07687961386178,0.0,0.0,0,0,0.0
2017-02-11,0,2113.0,59.07687961386178,0.0,0.0,0,0,0.0
2017-02-12,0,2112.0,59.07687961386178,0.0,0.0,0,0,0.0
2017-02-13,0,2111.0,59.07687961386178,0.0,0.0,0,0,0.0
2017-02-14,0,2110.0,59.07687961386178,0.0,0.0,0,0,0.0
2017-02-15,0,2109.0,59.07687961386178,0.0,0.0,0,0,0.0
2017-02-16,0,2108.0,59.07687961386178,0.0,0.0,0,0,0.0
2017-02-17,0,2107.0,59.07687961386178,0.0,0.0,0,0,0.0
2017-02-18,0,2106.0,59.07687961386178,0.0,0.0,0,0,0.0
2017-02-19,0,2105.0,59.07687961386178,0.0,0.0,0,0,0.0
2017-02-20,0,2104.0,59.07687961386178,0.0,0.0,0,0,0.0
2017-02-21,0,2103.0,59.07687961386178,0.0,0.0,0,0,0.0
2017-02-22,0,2102.0,59.07687961386178,0.0,0.0,0,0,0.0
2017-02-23,0,2101.0,59.07687961386178,0.0,0.0,0,0,0.0
2017-02-24,0,2100.0,59.07687961386178,0.0,0.0,0,0,0.0
2017-02-25,0,2099.0,59.07687961386178,0.0,0.0,0,0,0.0
2017-02-26,0,2098.0,59.07687961386178,0.0,0.0,0,0,0.0
2017-02-27,0,2097.0,59.07687961386178,0.0,0.0,0,0,0.0
2017-02-28,0,2096.0,59.07687961386178,0.0,0.0,0,0,0.0
2017-03-01,0,2095.0,59.07687961386178,0.0,0.0,0,0,0.0
2017-03-02,0,2094.0,59.07687961386178,0.0,0.0,0,0,0.0
2017-03-03,0,2093.0,59.07687961386178,0.0,0.0,0,0,0.0
2017-03-04,0,2092.0,59.07687961386178,0.0,0.0,0,0,0.0
2017-03-05,0,2091.0,59.07687961386178,0.0,0.0,0,0,0.0
2017-03-06,0,2090.0,59.07687961386178,0.0,0.0,0,0,0.0
2017-03-07,0,2089.0,59.07687961386178,0.0,0.0,0,0,0.0
2017-03-08,0,2088.0,59.07687961386178,0.0,0.0,0,0,0.0
2017-03-09,0,2087.0,59.07687961386178,0.0,0.0,0,0,0.0
2017-03-10,0,2086.0,59.07687961386178,0.0,0.0,0,0,0.0
2017-03-11,0,2085.0,59.07687961386178,0.0,0.0,0,0,0.0
2017-03-12,0,2084.0,59.07687961386178,0.0,0.0,0,0,0.0
2017-03-13,0,2083.0,59.07687961386178,0.0,0.0,0,0,0.0
2017-03-14,0,2082.0,59.07687961386178,0.0,0.0,0,0,0.0
2017-03-15,0,2081.0,59.07687961386178,0.0,0.0,0,0,0.0
2017-03-16,0,2080.0,59.07687961386178,0.0,0.0,0,0,0.0
2017-03-17,0,2079.0,59.07687961386178,0.0,0.0,0,0,0.0
2017-03-18,0,2078.0,59.07687961386178,0.0,0.0,0,0,0.0
2017-03-19,0,2077.0,59.07687961386178,0.0,0.0,0,0,0.0
2017-03-20,0,2076.0,59.07687961386178,0.0,0.0,0,0,0.0
2017-03-21,0,2075.0,59.07687961386178,0.0,0.0,0,0,0.0
2017-03-22,0,2074.0,59.07687961386178,0.0,0.0,0,0,0.0
2017-03-23,0,2073.0,59.07687961386178,0.0,0.0,0,0,0.0
2017-03-24,0,2072.0,59.07687961386178,0.0,0.0,0,0,0.0
2017-03-25,0,2071.0,59.07687961386178,0.0,0.0,0,0,0.0
2017-03-26,0,2070.0,59.07687961386178,0.0,0.0,0,0,0.0
2017-03-27,0,2069.0,59.07687961386178,0.0,0.0,0,0,0.0
2017-03-28,0,2068.0,59.07687961386178,0.0,0.0,0,0,0.0
2017-03-29,0,2067.0,59.07687961386178,0.0,0.0,0,0,0.0
2017-03-30,0,2066.0,59.07687961386178,0.0,0.0,0,0,0.0
2017-03-31,0,2065.0,59.07687961386178,0.0,0.0,0,0,0.0
2017-04-01,0,2064.0,59.07687961386178,0.0,0.0,0,0,0.0
2017-04-02,0,2063.0,59.07687961386178,0.0,0.0,0,0,0.0
2017-04-03,0,2062.0,59.07687961386178,0.0,0.0,0,0,0.0
2017-04-04,0,2061.0,59.07687961386178,0.0,0.0,0,0,0.0
2017-04-05,0,2060.0,59.07687961386178,0.0,0.0,0,0,0.0
2017-04-06,0,2059.0,59.07687961386178,0.0,0.0,0,0,0.0
2017-04-07,0,2058.0,59.07687961386178,0.0,0.0,0,0,0.0
2017-04-08,0,2057.0,59.07687961386178,0.0,0.0,0,0,0.0
2017-04-09,0,2056.0,59.07687961386178,0.0,0.0,0,0,0.0
2017-04-10,0,2055.0,59.07687961386178,0.0,0.0,0,0,0.0
2017-04-11,0,2054.0,59.07687961386178,0.0,0.0,0,0,0.0
2017-04-12,0,2053.0,59.07687961386178,0.0,0.0,0,0,0.0
2017-04-13,0,2052.0,59.07687961386178,0.0,0.0,0,0,0.0
2017-04-14,0,2051.0,59.07687961386178,0.0,0.0,0,0,0.0
2017-04-15,0,2050.0,59.07687961386178,0.0,0.0,0,0,0.0
2017-04-16,0,2049.0,59.07687961386178,0.0,0.0,0,0,0.0
2017-04-17,0,2048.0,59.07687961386178,0.0,0.0,0,0,0.0
2017-04-18,0,2047.0,59.07687961386178,0.0,0.0,0,0,0.0
2017-04-19,0,2046.0,59.07687961386178,0.0,0.0,0,0,0.0
2017-04-20,0,2045.0,59.07687961386178,0.0,0.0,0,0,0.0
2017-04-21,0,2044.0,59.07687961386178,0.0,0.0,0,0,0.0
2017-04-22,0,2043.0,59.07687961386178,0.0,0.0,0,0,0.0
2017-04-23,0,2042.0,59.07687961386178,0.0,0.0,0,0,0.0
2017-04-24,0,2041.0,59.07687961386178,0.0,0.0,0,0,0.0
2017-04-25,0,2040.0,59.07687961386178,0.0,0.0,0,0,0.0
2017-04-26,0,2039.0,59.07687961386178,0.0,0.0,0,0,0.0
2017-04-27,0,2038.0,59.07687961386178,0.0,0.0,0,0,0.0
2017-04-28,0,2037.0,59.07687961386178,0.0,0.0,0,0,0.0
2017-04-29,0,2036.0,59.07687961386178,0.0,0.0,0,0,0.0
2017-04-30,0,2035.0,59.07687961386178,0.0,0.0,0,0,0.0
2017-05-01,0,2034.0,59.07687961386178,0.0,0.0,0,0,0.0
2017-05-02,0,2033.0,59.07687961386178,0.0,0.0,0,0,0.0
2017-05-03,0,2032.0,59.07687961386178,0.0,0.0,0,0,0.0
2017-05-04,0,2031.0,59.07687961386178,0.0,0.0,0,0,0.0
2017-05-05,0,2030.0,59.07687961386178,0.0,0.0,0,0,0.0
2017-05-06,0,2029.0,59.07687961386178,0.0,0.0,0,0,0.0
2017-05-07,0,2028.0,59.07687961386178,0.0,0.0,0,0,0.0
2017-05-08,0,2027.0,59.07687961386178,0.0,0.0,0,0,0.0
2017-05-09,0,2026.0,59.07687961386178,0.0,0.0,0,0,0.0
2017-05-10,0,2025.0,59.07687961386178,0.0,0.0,0,0,0.0
2017-05-11,0,2024.0,59.07687961386178,0.0,0.0,0,0,0.0
2017-05-12,0,2023.0,59.07687961386178,0.0,0.0,0,0,0.0
2017-05-13,0,2022.0,59.07687961386178,0.0,0.0,0,0,0.0
2017-05-14,0,2021.0,59.07687961386178,0.0,0.0,0,0,0.0
2017-05-15,0,2020.0,59.07687961386178,0.0,0.0,0,0,0.0
2017-05-16,0,2019.0,59.07687961386178,0.0,0.0,0,0,0.0
2017-05-17,0,2018.0,59.07687961386178,0.0,0.0,0,0,0.0
2017-05-18,0,2017.0,59.07687961386178,0.0,0.0,0,0,0.0
2017-05-19,0,2016.0,59.07687961386178,0.0,0.0,0,0,0.0
2017-05-20,0,2015.0,59.07687961386178,0.0,0.0,0,0,0.0
2017-05-21,0,2014.0,59.07687961386178,0.0,0.0,0,0,0.0
2017-05-22,0,2013.0,59.07687961386178,0.0,0.0,0,0,0.0
2017-05-23,0,2012.0,59.07687961386178,0.0,0.0,0,0,0.0
2017-05-24,0,2011.0,59.07687961386178,0.0,0.0,0,0,0.0
2017-05-25,0,2010.0,59.07687961386178,0.0,0.0,0,0,0.0
2017-05-26,0,2009.0,59.07687961386178,0.0,0.0,0,0,0.0
2017-05-27,0,2008.0,59.07687961386178,0.0,0.0,0,0,0.0
2017-05-28,0,2007.0,59.07687961386178,0.0,0.0,0,0,0.0
2017-05-29,0,2006.0,59.07687961386178,0.0,0.0,0,0,0.0
2017-05-30,0,2005.0,59.07687961386178,0.0,0.0,0,0,0.0
2017-05-31,0,2004.0,59.07687961386178,0.0,0.0,0,0,0.0
2017-06-01,0,2003.0,59.07687961386178,0.0,0.0,0,0,0.0
2017-06-02,0,2002.0,59.07687961386178,0.0,0.0,0,0,0.0
2017-06-03,0,2001.0,59.07687961386178,0.0,0.0,0,0,0.0
2017-06-04,0,2000.0,59.07687961386178,0.0,0.0,0,0,0.0
2017-06-05,0,1999.0,59.07687961386178,0.0,0.0,0,0,0.0
2017-06-06,0,1998.0,59.07687961386178,0.0,0.0,0,0,0.0
2017-06-07,0,1997.0,59.07687961386178,0.0,0.0,0,0,0.0
2017-06-08,0,1996.0,59.07687961386178,0.0,0.0,0,0,0.0
2017-06-09,0,1995.0,59.07687961386178,0.0,0.0,0,0,0.0
2017-06-10,0,1994.0,59.07687961386178,0.0,0.0,0,0,0.0
2017-06-11,0,1993.0,59.07687961386178,0.0,0.0,0,0,0.0
2017-06-12,0,1992.0,59.07687961386178,0.0,0.0,0,0,0.0
2017-06-13,0,1991.0,59.07687961386178,0.0,0.0,0,0,0.0
2017-06-14,0,1990.0,59.07687961386178,0.0,0.0,0,0,0.0
2017-06-15,0,1989.0,59.07687961386178,0.0,0.0,0,0,0.0
2017-06-16,0,1988.0,59.07687961386178,0.0,0.0,0,0,0.0
2017-06-17,0,1987.0,59.07687961386178,0.0,0.0,0,0,0.0
2017-06-18,0,1986.0,59.07687961386178,0.0,0.0,0,0,0.0
2017-06-19,0,1985.0,59.07687961386178,0.0,0.0,0,0,0.0
2017-06-20,0,1984.0,59.07687961386178,0.0,0.0,0,0,0.0
2017-06-21,0,1983.0,59.07687961386178,0.0,0.0,0,0,0.0
2017-06-22,0,1982.0,59.07687961386178,0.0,0.0,0,0,0.0
2017-06-23,0,1981.0,59.07687961386178,0.0,0.0,0,0,0.0
2017-06-24,0,1980.0,59.07687961386178,0.0,0.0,0,0,0.0
2017-06-25,0,1979.0,59.07687961386178,0.0,0.0,0,0,0.0
2017-06-26,0,1978.0,59.07687961386178,0.0,0.0,0,0,0.0
2017-06-27,0,1977.0,59.07687961386178,0.0,0.0,0,0,0.0
2017-06-28,0,1976.0,59.07687961386178,0.0,0.0,0,0,0.0
2017-06-29,0,1975.0,59.07687961386178,0.0,0.0,0,0,0.0
2017-06-30,0,1974.0,59.07687961386178,0.0,0.0,0,0,0.0
2017-07-01,0,1973.0,59.07687961386178,0.0,0.0,0,0,0.0
2017-07-02,0,1972.0,59.07687961386178,0.0,0.0,0,0,0.0
2017-07-03,0,1971.0,59.07687961386178,0.0,0.0,0,0,0.0
2017-07-04,0,1970.0,59.07687961386178,0.0,0.0,0,0,0.0
2017-07-05,0,1969.0,59.07687961386178,0.0,0.0,0,0,0.0
2017-07-06,0,1968.0,59.07687961386178,0.0,0.0,0,0,0.0
2017-07-07,0,1967.0,59.07687961386178,0.0,0.0,0,0,0.0
2017-07-08,0,1966.0,59.07687961386178,0.0,0.0,0,0,0.0
2017-07-09,0,1965.0,59.07687961386178,0.0,0.0,0,0,0.0
2017-07-10,0,1964.0,59.07687961386178,0.0,0.0,0,0,0.0
2017-07-11,0,1963.0,59.07687961386178,0.0,0.0,0,0,0.0
2017-07-12,0,1962.0,59.07687961386178,0.0,0.0,0,0,0.0
2017-07-13,0,1961.0,59.07687961386178,0.0,0.0,0,0,0.0
2017-07-14,0,1960.0,59.07687961386178,0.0,0.0,0,0,0.0
2017-07-15,0,1959.0,59.07687961386178,0.0,0.0,0,0,0.0
2017-07-16,0,1958.0,59.07687961386178,0.0,0.0,0,0,0.0
2017-07-17,0,1957.0,59.07687961386178,0.0,0.0,0,0,0.0
2017-07-18,0,1956.0,59.07687961386178,0.0,0.0,0,0,0.0
2017-07-19,0,1955.0,59.07687961386178,0.0,0.0,0,0,0.0
2017-07-20,0,1954.0,59.07687961386178,0.0,0.0,0,0,0.0
2017-07-21,0,1953.0,59.07687961386178,0.0,0.0,0,0,0.0
2017-07-22,0,1952.0,59.07687961386178,0.0,0.0,0,0,0.0
2017-07-23,0,1951.0,59.07687961386178,0.0,0.0,0,0,0.0
2017-07-24,0,1950.0,59.07687961386178,0.0,0.0,0,0,0.0
2017-07-25,0,1949.0,59.07687961386178,0.0,0.0,0,0,0.0
2017-07-26,0,1948.0,59.07687961386178,0.0,0.0,0,0,0.0
2017-07-27,0,1947.0,59.07687961386178,0.0,0.0,0,0,0.0
2017-07-28,0,1946.0,59.07687961386178,0.0,0.0,0,0,0.0
2017-07-29,0,1945.0,59.07687961386178,0.0,0.0,0,0,0.0
2017-07-30,0,1944.0,59.07687961386178,0.0,0.0,0,0,0.0
2017-07-31,0,1943.0,59.07687961386178,0.0,0.0,0,0,0.0
2017-08-01,0,1942.0,59.07687961386178,0.0,0.0,0,0,0.0
2017-08-02,0,1941.0,59.07687961386178,0.0,0.0,0,0,0.0
2017-08-03,0,1940.0,59.07687961386178,0.0,0.0,0,0,0.0
2017-08-04,0,1939.0,59.07687961386178,0.0,0.0,0,0,0.0
2017-08-05,0,1938.0,59.07687961386178,0.0,0.0,0,0,0.0
2017-08-06,0,1937.0,59.07687961386178,0.0,0.0,0,0,0.0
2017-08-07,0,1936.0,59.07687961386178,0.0,0.0,0,0,0.0
2017-08-08,0,1935.0,59.07687961386178,0.0,0.0,0,0,0.0
2017-08-09,0,1934.0,59.07687961386178,0.0,0.0,0,0,0.0
2017-08-10,0,1933.0,59.07687961386178,0.0,0.0,0,0,0.0
2017-08-11,0,1932.0,59.07687961386178,0.0,0.0,0,0,0.0
2017-08-12,0,1931.0,59.07687961386178,0.0,0.0,0,0,0.0
2017-08-13,0,1930.0,59.07687961386178,0.0,0.0,0,0,0.0
2017-08-14,0,1929.0,59.07687961386178,0.0,0.0,0,0,0.0
2017-08-15,0,1928.0,59.07687961386178,0.0,0.0,0,0,0.0
2017-08-16,0,1927.0,59.07687961386178,0.0,0.0,0,0,0.0
2017-08-17,0,1926.0,59.07687961386178,0.0,0.0,0,0,0.0
2017-08-18,0,1925.0,59.07687961386178,0.0,0.0,0,0,0.0
2017-08-19,0,1924.0,59.07687961386178,0.0,0.0,0,0,0.0
2017-08-20,0,1923.0,59.07687961386178,0.0,0.0,0,0,0.0
2017-08-21,0,1922.0,59.07687961386178,0.0,0.0,0,0,0.0
2017-08-22,0,1921.0,59.07687961386178,0.0,0.0,0,0,0.0
2017-08-23,0,1920.0,59.07687961386178,0.0,0.0,0,0,0.0
2017-08-24,0,1919.0,59.07687961386178,0.0,0.0,0,0,0.0
2017-08-25,0,1918.0,59.07687961386178,0.0,0.0,0,0,0.0
2017-08-26,0,1917.0,59.07687961386178,0.0,0.0,0,0,0.0
2017-08-27,0,1916.0,59.07687961386178,0.0,0.0,0,0,0.0
2017-08-28,0,1915.0,59.07687961386178,0.0,0.0,0,0,0.0
2017-08-29,0,1914.0,59.07687961386178,0.0,0.0,0,0,0.0
2017-08-30,0,1913.0,59.07687961386178,0.0,0.0,0,0,0.0
2017-08-31,0,1912.0,59.07687961386178,0.0,0.0,0,0,0.0
2017-09-01,0,1911.0,59.07687961386178,0.0,0.0,0,0,0.0
2017-09-02,0,1910.0,59.07687961386178,0.0,0.0,0,0,0.0
2017-09-03,0,1909.0,59.07687961386178,0.0,0.0,0,0,0.0
2017-09-04,0,1908.0,59.07687961386178,0.0,0.0,0,0,0.0
2017-09-05,0,1907.0,59.07687961386178,0.0,0.0,0,0,0.0
2017-09-06,0,1906.0,59.07687961386178,0.0,0.0,0,0,0.0
2017-09-07,0,1905.0,59.07687961386178,0.0,0.0,0,0,0.0
2017-09-08,0,1904.0,59.07687961386178,0.0,0.0,0,0,0.0
2017-09-09,0,1903.0,59.07687961386178,0.0,0.0,0,0,0.0
2017-09-10,0,1902.0,59.07687961386178,0.0,0.0,0,0,0.0
2017-09-11,0,1901.0,59.07687961386178,0.0,0.0,0,0,0.0
2017-09-12,0,1900.0,59.07687961386178,0.0,0.0,0,0,0.0
2017-09-13,0,1899.0,59.07687961386178,0.0,0.0,0,0,0.0
2017-09-14,0,1898.0,59.07687961386178,0.0,0.0,0,0,0.0
2017-09-15,0,1897.0,59.07687961386178,0.0,0.0,0,0,0.0
2017-09-16,0,1896.0,59.07687961386178,0.0,0.0,0,0,0.0
2017-09-17,0,1895.0,59.07687961386178,0.0,0.0,0,0,0.0
2017-09-18,0,1894.0,59.07687961386178,0.0,0.0,0,0,0.0
2017-09-19,0,1893.0,59.07687961386178,0.0,0.0,0,0,0.0
2017-09-20,0,1892.0,59.07687961386178,0.0,0.0,0,0,0.0
2017-09-21,0,1891.0,59.07687961386178,0.0,0.0,0,0,0.0
2017-09-22,0,1890.0,59.07687961386178,0.0,0.0,0,0,0.0
2017-09-23,0,1889.0,59.07687961386178,0.0,0.0,0,0,0.0
2017-09-24,0,1888.0,59.07687961386178,0.0,0.0,0,0,0.0
2017-09-25,0,1887.0,59.07687961386178,0.0,0.0,0,0,0.0
2017-09-26,0,1886.0,59.07687961386178,0.0,0.0,0,0,0.0
2017-09-27,0,1885.0,59.07687961386178,0.0,0.0,0,0,0.0
2017-09-28,0,1884.0,59.07687961386178,0.0,0.0,0,0,0.0
2017-09-29,0,1883.0,59.07687961386178,0.0,0.0,0,0,0.0
2017-09-30,0,1882.0,59.07687961386178,0.0,0.0,0,0,0.0
2017-10-01,0,1881.0,59.07687961386178,0.0,0.0,0,0,0.0
2017-10-02,0,1880.0,59.07687961386178,0.0,0.0,0,0,0.0
2017-10-03,0,1879.0,59.07687961386178,0.0,0.0,0,0,0.0
2017-10-04,0,1878.0,59.07687961386178,0.0,0.0,0,0,0.0
2017-10-05,0,1877.0,59.07687961386178,0.0,0.0,0,0,0.0
2017-10-06,0,1876.0,59.07687961386178,0.0,0.0,0,0,0.0
2017-10-07,0,1875.0,59.07687961386178,0.0,0.0,0,0,0.0
2017-10-08,0,1874.0,59.07687961386178,0.0,0.0,0,0,0.0
2017-10-09,0,1873.0,59.07687961386178,0.0,0.0,0,0,0.0
2017-10-10,0,1872.0,59.07687961386178,0.0,0.0,0,0,0.0
2017-10-11,0,1871.0,59.07687961386178,0.0,0.0,0,0,0.0
2017-10-12,0,1870.0,59.07687961386178,0.0,0.0,0,0,0.0
2017-10-13,0,1869.0,59.07687961386178,0.0,0.0,0,0,0.0
2017-10-14,0,1868.0,59.07687961386178,0.0,0.0,0,0,0.0
2017-10-15,0,1867.0,59.07687961386178,0.0,0.0,0,0,0.0
2017-10-16,0,1866.0,59.07687961386178,0.0,0.0,0,0,0.0
2017-10-17,0,1865.0,59.07687961386178,0.0,0.0,0,0,0.0
2017-10-18,0,1864.0,59.07687961386178,0.0,0.0,0,0,0.0
2017-10-19,0,1863.0,59.07687961386178,0.0,0.0,0,0,0.0
2017-10-20,0,1862.0,59.07687961386178,0.0,0.0,0,0,0.0
2017-10-21,0,1861.0,59.07687961386178,0.0,0.0,0,0,0.0
2017-10-22,0,1860.0,59.07687961386178,0.0,0.0,0,0,0.0
2017-10-23,0,1859.0,59.07687961386178,0.0,0.0,0,0,0.0
2017-10-24,0,1858.0,59.07687961386178,0.0,0.0,0,0,0.0
2017-10-25,0,1857.0,59.07687961386178,0.0,0.0,0,0,0.0
2017-10-26,0,1856.0,59.07687961386178,0.0,0.0,0,0,0.0
2017-10-27,0,1855.0,59.07687961386178,0.0,0.0,0,0,0.0
2017-10-28,0,1854.0,59.07687961386178,0.0,0.0,0,0,0.0
2017-10-29,0,1853.0,59.07687961386178,0.0,0.0,0,0,0.0
2017-10-30,0,1852.0,59.07687961386178,0.0,0.0,0,0,0.0
2017-10-31,0,1851.0,59.07687961386178,0.0,0.0,0,0,0.0
2017-11-01,0,1850.0,59.07687961386178,0.0,0.0,0,0,0.0
2017-11-02,0,1849.0,59.07687961386178,0.0,0.0,0,0,0.0
2017-11-03,0,1848.0,59.07687961386178,0.0,0.0,0,0,0.0
2017-11-04,0,1847.0,59.07687961386178,0.0,0.0,0,0,0.0
2017-11-05,0,1846.0,59.07687961386178,0.0,0.0,0,0,0.0
2017-11-06,0,1845.0,59.07687961386178,0.0,0.0,0,0,0.0
2017-11-07,0,1844.0,59.07687961386178,0.0,0.0,0,0,0.0
2017-11-08,0,1843.0,59.07687961386178,0.0,0.0,0,0,0.0
2017-11-09,0,1842.0,59.07687961386178,0.0,0.0,0,0,0.0
2017-11-10,0,1841.0,59.07687961386178,0.0,0.0,0,0,0.0
2017-11-11,0,1840.0,59.07687961386178,0.0,0.0,0,0,0.0
2017-11-12,0,1839.0,59.07687961386178,0.0,0.0,0,0,0.0
2017-11-13,0,1838.0,59.07687961386178,0.0,0.0,0,0,0.0
2017-11-14,0,1837.0,59.07687961386178,0.0,0.0,0,0,0.0
2017-11-15,0,1836.0,59.07687961386178,0.0,0.0,0,0,0.0
2017-11-16,0,1835.0,59.07687961386178,0.0,0.0,0,0,0.0
2017-11-17,0,1834.0,59.07687961386178,0.0,0.0,0,0,0.0
2017-11-18,0,1833.0,59.07687961386178,0.0,0.0,0,0,0.0
2017-11-19,0,1832.0,59.07687961386178,0.0,0.0,0,0,0.0
2017-11-20,0,1831.0,59.07687961386178,0.0,0.0,0,0,0.0
2017-11-21,0,1830.0,59.07687961386178,0.0,0.0,0,0,0.0
2017-11-22,0,1829.0,59.07687961386178,0.0,0.0,0,0,0.0
2017-11-23,0,1828.0,59.07687961386178,0.0,0.0,0,0,0.0
2017-11-24,0,1827.0,59.07687961386178,0.0,0.0,0,0,0.0
2017-11-25,0,1826.0,59.07687961386178,0.0,0.0,0,0,0.0
2017-11-26,0,1825.0,59.07687961386178,0.0,0.0,0,0,0.0
2017-11-27,0,1824.0,59.07687961386178,0.0,0.0,0,0,0.0
2017-11-28,0,1823.0,59.07687961386178,0.0,0.0,0,0,0.0
2017-11-29,0,1822.0,59.07687961386178,0.0,0.0,0,0,0.0
2017-11-30,0,1821.0,59.07687961386178,0.0,0.0,0,0,0.0
2017-12-01,0,1820.0,59.07687961386178,0.0,0.0,0,0,0.0
2017-12-02,0,1819.0,59.07687961386178,0.0,0.0,0,0,0.0
2017-12-03,0,1818.0,59.07687961386178,0.0,0.0,0,0,0.0
2017-12-04,0,1817.0,59.07687961386178,0.0,0.0,0,0,0.0
2017-12-05,0,1816.0,59.07687961386178,0.0,0.0,0,0,0.0
2017-12-06,0,1815.0,59.07687961386178,0.0,0.0,0,0,0.0
2017-12-07,0,1814.0,59.07687961386178,0.0,0.0,0,0,0.0
2017-12-08,0,1813.0,59.07687961386178,0.0,0.0,0,0,0.0
2017-12-09,0,1812.0,59.07687961386178,0.0,0.0,0,0,0.0
2017-12-10,0,1811.0,59.07687961386178,0.0,0.0,0,0,0.0
2017-12-11,0,1810.0,59.07687961386178,0.0,0.0,0,0,0.0
2017-12-12,0,1809.0,59.07687961386178,0.0,0.0,0,0,0.0
2017-12-13,0,1808.0,59.07687961386178,0.0,0.0,0,0,0.0
2017-12-14,0,1807.0,59.07687961386178,0.0,0.0,0,0,0.0
2017-12-15,0,1806.0,59.07687961386178,0.0,0.0,0,0,0.0
2017-12-16,0,1805.0,59.07687961386178,0.0,0.0,0,0,0.0
2017-12-17,0,1804.0,59.07687961386178,0.0,0.0,0,0,0.0
2017-12-18,0,1803.0,59.07687961386178,0.0,0.0,0,0,0.0
2017-12-19,0,1802.0,59.07687961386178,0.0,0.0,0,0,0.0
2017-12-20,0,1801.0,59.07687961386178,0.0,0.0,0,0,0.0
2017-12-21,0,1800.0,59.07687961386178,0.0,0.0,0,0,0.0
2017-12-22,0,1799.0,59.07687961386178,0.0,0.0,0,0,0.0
2017-12-23,0,1798.0,59.07687961386178,0.0,0.0,0,0,0.0
2017-12-24,0,1797.0,59.07687961386178,0.0,0.0,0,0,0.0
2017-12-25,0,1796.0,59.07687961386178,0.0,0.0,0,0,0.0
2017-12-26,0,1795.0,59.07687961386178,0.0,0.0,0,0,0.0
2017-12-27,0,1794.0,59.07687961386178,0.0,0.0,0,0,0.0
2017-12-28,0,1793.0,59.07687961386178,0.0,0.0,0,0,0.0
2017-12-29,0,1792.0,59.07687961386178,0.0,0.0,0,0,0.0
2017-12-30,0,1791.0,59.07687961386178,0.0,0.0,0,0,0.0
2017-12-31,0,1790.0,59.07687961386178,0.0,0.0,0,0,0.0
2018-01-01,0,1789.0,59.07687961386178,0.0,0.0,0,0,0.0
2018-01-02,0,1788.0,59.07687961386178,0.0,0.0,0,0,0.0
2018-01-03,0,1787.0,59.07687961386178,0.0,0.0,0,0,0.0
2018-01-04,0,1786.0,59.07687961386178,0.0,0.0,0,0,0.0
2018-01-05,0,1785.0,59.07687961386178,0.0,0.0,0,0,0.0
2018-01-06,0,1784.0,59.07687961386178,0.0,0.0,0,0,0.0
2018-01-07,0,1783.0,59.07687961386178,0.0,0.0,0,0,0.0
2018-01-08,0,1782.0,59.07687961386178,0.0,0.0,0,0,0.0
2018-01-09,0,1781.0,59.07687961386178,0.0,0.0,0,0,0.0
2018-01-10,0,1780.0,59.07687961386178,0.0,0.0,0,0,0.0
2018-01-11,0,1779.0,59.07687961386178,0.0,0.0,0,0,0.0
2018-01-12,0,1778.0,59.07687961386178,0.0,0.0,0,0,0.0
2018-01-13,0,1777.0,59.07687961386178,0.0,0.0,0,0,0.0
2018-01-14,0,1776.0,59.07687961386178,0.0,0.0,0,0,0.0
2018-01-15,0,1775.0,59.07687961386178,0.0,0.0,0,0,0.0
2018-01-16,0,1774.0,59.07687961386178,0.0,0.0,0,0,0.0
2018-01-17,0,1773.0,59.07687961386178,0.0,0.0,0,0,0.0
2018-01-18,0,1772.0,59.07687961386178,0.0,0.0,0,0,0.0
2018-01-19,0,1771.0,59.07687961386178,0.0,0.0,0,0,0.0
2018-01-20,0,1770.0,59.07687961386178,0.0,0.0,0,0,0.0
2018-01-21,0,1769.0,59.07687961386178,0.0,0.0,0,0,0.0
2018-01-22,0,1768.0,59.07687961386178,0.0,0.0,0,0,0.0
2018-01-23,0,1767.0,59.07687961386178,0.0,0.0,0,0,0.0
2018-01-24,0,1766.0,59.07687961386178,0.0,0.0,0,0,0.0
2018-01-25,0,1765.0,59.07687961386178,0.0,0.0,0,0,0.0
2018-01-26,0,1764.0,59.07687961386178,0.0,0.0,0,0,0.0
2018-01-27,0,1763.0,59.07687961386178,0.0,0.0,0,0,0.0
2018-01-28,0,1762.0,59.07687961386178,0.0,0.0,0,0,0.0
2018-01-29,0,1761.0,59.07687961386178,0.0,0.0,0,0,0.0
2018-01-30,0,1760.0,59.07687961386178,0.0,0.0,0,0,0.0
2018-01-31,0,1759.0,59.07687961386178,0.0,0.0,0,0,0.0
2018-02-01,0,1758.0,59.07687961386178,0.0,0.0,0,0,0.0
2018-02-02,0,1757.0,59.07687961386178,0.0,0.0,0,0,0.0
2018-02-03,0,1756.0,59.07687961386178,0.0,0.0,0,0,0.0
2018-02-04,0,1755.0,59.07687961386178,0.0,0.0,0,0,0.0
2018-02-05,0,1754.0,59.07687961386178,0.0,0.0,0,0,0.0
2018-02-06,0,1753.0,59.07687961386178,0.0,0.0,0,0,0.0
2018-02-07,0,1752.0,59.07687961386178,0.0,0.0,0,0,0.0
2018-02-08,0,1751.0,59.07687961386178,0.0,0.0,0,0,0.0
2018-02-09,0,1750.0,59.07687961386178,0.0,0.0,0,0,0.0
2018-02-10,0,1749.0,59.07687961386178,0.0,0.0,0,0,0.0
2018-02-11,0,1748.0,59.07687961386178,0.0,0.0,0,0,0.0
2018-02-12,0,1747.0,59.07687961386178,0.0,0.0,0,0,0.0
2018-02-13,0,1746.0,59.07687961386178,0.0,0.0,0,0,0.0
2018-02-14,0,1745.0,59.07687961386178,0.0,0.0,0,0,0.0
2018-02-15,0,1744.0,59.07687961386178,0.0,0.0,0,0,0.0
2018-02-16,0,1743.0,59.07687961386178,0.0,0.0,0,0,0.0
2018-02-17,0,1742.0,59.07687961386178,0.0,0.0,0,0,0.0
2018-02-18,0,1741.0,59.07687961386178,0.0,0.0,0,0,0.0
2018-02-19,0,1740.0,59.07687961386178,0.0,0.0,0,0,0.0
2018-02-20,0,1739.0,59.07687961386178,0.0,0.0,0,0,0.0
2018-02-21,0,1738.0,59.07687961386178,0.0,0.0,0,0,0.0
2018-02-22,0,1737.0,59.07687961386178,0.0,0.0,0,0,0.0
2018-02-23,0,1736.0,59.07687961386178,0.0,0.0,0,0,0.0
2018-02-24,0,1735.0,59.07687961386178,0.0,0.0,0,0,0.0
2018-02-25,0,1734.0,59.07687961386178,0.0,0.0,0,0,0.0
2018-02-26,0,1733.0,59.07687961386178,0.0,0.0,0,0,0.0
2018-02-27,0,1732.0,59.07687961386178,0.0,0.0,0,0,0.0
2018-02-28,0,1731.0,59.07687961386178,0.0,0.0,0,0,0.0
2018-03-01,0,1730.0,59.07687961386178,0.0,0.0,0,0,0.0
2018-03-02,0,1729.0,59.07687961386178,0.0,0.0,0,0,0.0
2018-03-03,0,1728.0,59.07687961386178,0.0,0.0,0,0,0.0
2018-03-04,0,1727.0,59.07687961386178,0.0,0.0,0,0,0.0
2018-03-05,0,1726.0,59.07687961386178,0.0,0.0,0,0,0.0
2018-03-06,0,1725.0,59.07687961386178,0.0,0.0,0,0,0.0
2018-03-07,0,1724.0,59.07687961386178,0.0,0.0,0,0,0.0
2018-03-08,0,1723.0,59.07687961386178,0.0,0.0,0,0,0.0
2018-03-09,0,1722.0,59.07687961386178,0.0,0.0,0,0,0.0
2018-03-10,0,1721.0,59.07687961386178,0.0,0.0,0,0,0.0
2018-03-11,0,1720.0,59.07687961386178,0.0,0.0,0,0,0.0
2018-03-12,0,1719.0,59.07687961386178,0.0,0.0,0,0,0.0
2018-03-13,0,1718.0,59.07687961386178,0.0,0.0,0,0,0.0
2018-03-14,0,1717.0,59.07687961386178,0.0,0.0,0,0,0.0
2018-03-15,0,1716.0,59.07687961386178,0.0,0.0,0,0,0.0
2018-03-16,0,1715.0,59.07687961386178,0.0,0.0,0,0,0.0
2018-03-17,0,1714.0,59.07687961386178,0.0,0.0,0,0,0.0
2018-03-18,0,1713.0,59.07687961386178,0.0,0.0,0,0,0.0
2018-03-19,0,1712.0,59.07687961386178,0.0,0.0,0,0,0.0
2018-03-20,0,1711.0,59.07687961386178,0.0,0.0,0,0,0.0
2018-03-21,0,1710.0,59.07687961386178,0.0,0.0,0,0,0.0
2018-03-22,0,1709.0,59.07687961386178,0.0,0.0,0,0,0.0
2018-03-23,0,1708.0,59.07687961386178,0.0,0.0,0,0,0.0
2018-03-24,0,1707.0,59.07687961386178,0.0,0.0,0,0,0.0
2018-03-25,0,1706.0,59.07687961386178,0.0,0.0,0,0,0.0
2018-03-26,0,1705.0,59.07687961386178,0.0,0.0,0,0,0.0
2018-03-27,0,1704.0,59.07687961386178,0.0,0.0,0,0,0.0
2018-03-28,0,1703.0,59.07687961386178,0.0,0.0,0,0,0.0
2018-03-29,0,1702.0,59.07687961386178,0.0,0.0,0,0,0.0
2018-03-30,0,1701.0,59.07687961386178,0.0,0.0,0,0,0.0
2018-03-31,0,1700.0,59.07687961386178,0.0,0.0,0,0,0.0
2018-04-01,0,1699.0,59.07687961386178,0.0,0.0,0,0,0.0
2018-04-02,0,1698.0,59.07687961386178,0.0,0.0,0,0,0.0
2018-04-03,0,1697.0,59.07687961386178,0.0,0.0,0,0,0.0
2018-04-04,0,1696.0,59.07687961386178,0.0,0.0,0,0,0.0
2018-04-05,0,1695.0,59.07687961386178,0.0,0.0,0,0,0.0
2018-04-06,0,1694.0,59.07687961386178,0.0,0.0,0,0,0.0
2018-04-07,0,1693.0,59.07687961386178,0.0,0.0,0,0,0.0
2018-04-08,0,1692.0,59.07687961386178,0.0,0.0,0,0,0.0
2018-04-09,0,1691.0,59.07687961386178,0.0,0.0,0,0,0.0
2018-04-10,0,1690.0,59.07687961386178,0.0,0.0,0,0,0.0
2018-04-11,0,1689.0,59.07687961386178,0.0,0.0,0,0,0.0
2018-04-12,0,1688.0,59.07687961386178,0.0,0.0,0,0,0.0
2018-04-13,0,1687.0,59.07687961386178,0.0,0.0,0,0,0.0
2018-04-14,0,1686.0,59.07687961386178,0.0,0.0,0,0,0.0
2018-04-15,0,1685.0,59.07687961386178,0.0,0.0,0,0,0.0
2018-04-16,0,1684.0,59.07687961386178,0.0,0.0,0,0,0.0
2018-04-17,0,1683.0,59.07687961386178,0.0,0.0,0,0,0.0
2018-04-18,0,1682.0,59.07687961386178,0.0,0.0,0,0,0.0
2018-04-19,0,1681.0,59.07687961386178,0.0,0.0,0,0,0.0
2018-04-20,0,1680.0,59.07687961386178,0.0,0.0,0,0,0.0
2018-04-21,0,1679.0,59.07687961386178,0.0,0.0,0,0,0.0
2018-04-22,0,1678.0,59.07687961386178,0.0,0.0,0,0,0.0
2018-04-23,0,1677.0,59.07687961386178,0.0,0.0,0,0,0.0
2018-04-24,0,1676.0,59.07687961386178,0.0,0.0,0,0,0.0
2018-04-25,0,1675.0,59.07687961386178,0.0,0.0,0,0,0.0
2018-04-26,0,1674.0,59.07687961386178,0.0,0.0,0,0,0.0
2018-04-27,0,1673.0,59.07687961386178,0.0,0.0,0,0,0.0
2018-04-28,0,1672.0,59.07687961386178,0.0,0.0,0,0,0.0
2018-04-29,0,1671.0,59.07687961386178,0.0,0.0,0,0,0.0
2018-04-30,0,1670.0,59.07687961386178,0.0,0.0,0,0,0.0
2018-05-01,0,1669.0,60.0,0.034,0.0,32,0,0.0
2018-05-02,0,1668.0,60.0,0.056,0.0,20,0,0.0
2018-05-03,0,1667.0,60.0,0.112,0.0,30,5,0.0
2018-05-04,0,1666.0,60.0,0.126,0.0,12,0,0.0
2018-05-05,0,1665.0,60.0,0.147,0.0,20,0,0.0
2018-05-06,0,1664.0,60.0,0.152,0.0,10,0,0.0
2018-05-07,0,1663.0,60.0,0.166,0.0,13,0,0.0
2018-05-08,0,1662.0,60.0,0.178,0.0,11,0,0.0
2018-05-09,0,1661.0,60.0,0.179,0.0,8,0,0.0
2018-05-10,0,1660.0,60.0,0.194,0.0,14,0,0.0
2018-05-11,0,1659.0,60.0,0.216,0.0,20,0,0.0
2018-05-12,0,1658.0,60.0,0.215,0.0,8,0,0.0
2018-05-13,0,1657.0,60.0,0.232,0.0,16,0,0.0
2018-05-14,0,1656.0,60.0,0.303,0.0,31,8,0.0
2018-05-15,0,1655.0,60.0,0.339,0.0,20,3,0.0
2018-05-16,0,1654.0,60.0,0.379,0.0,24,3,0.0
2018-05-17,0,1653.0,60.0,0.424,0.0,24,4,0.0
2018-05-18,0,1652.0,60.0,0.467,0.0,40,0,0.0
2018-05-19,0,1651.0,60.0,0.502,0.0,33,0,0.0
2018-05-20,0,1650.0,60.0,0.536,0.0,32,0,0.0
2018-05-21,0,1649.0,60.0,0.587,0.0,48,0,0.0
2018-05-22,0,1648.0,60.0,0.623,0.0,34,0,0.0
2018-05-23,0,1647.0,60.0,0.652,0.0,27,0,0.0
2018-05-24,0,1646.0,60.0,0.692,0.0,11,6,0.0
2018-05-25,0,1645.0,60.0,0.661,0.0,0,0,0.0
2018-05-26,0,1644.0,60.0,0.631,0.0,0,0,0.0
2018-05-27,0,1643.0,60.0,0.603,0.0,0,0,0.0
2018-05-28,0,1642.0,60.0,0.576,0.0,0,0,0.0
2018-05-29,0,1641.0,60.0,0.55,0.0,0,0,0.0
2018-05-30,0,1640.0,60.0,0.525,0.0,0,0,0.0
2018-05-31,0,1639.0,60.0,0.501,0.0,0,0,0.0
2018-06-01,0,1638.0,60.0,0.479,0.0,0,0,0.0
2018-06-02,0,1637.0,60.0,0.457,0.0,0,0,0.0
2018-06-03,0,1636.0,60.0,0.437,0.0,0,0,0.0
2018-06-04,0,1635.0,60.0,0.417,0.0,0,0,0.0
2018-06-05,0,1634.0,60.0,0.398,0.0,0,0,0.0
2018-06-06,0,1633.0,60.0,0.38,0.0,0,0,0.0
2018-06-07,0,1632.0,60.0,0.363,0.0,0,0,0.0
2018-06-08,0,1631.0,60.0,0.347,0.0,0,0,0.0
2018-06-09,0,1630.0,60.0,0.331,0.0,0,0,0.0
2018-06-10,0,1629.0,60.0,0.316,0.0,0,0,0.0
2018-06-11,0,1628.0,60.0,0.302,0.0,0,0,0.0
2018-06-12,0,1627.0,60.0,0.289,0.0,0,0,0.0
2018-06-13,0,1626.0,60.0,0.276,0.0,0,0,0.0
2018-06-14,0,1625.0,60.0,0.263,0.0,0,0,0.0
2018-06-15,0,1624.0,60.0,0.251,0.0,0,0,0.0
2018-06-16,0,1623.0,60.0,0.24,0.0,0,0,0.0
2018-06-17,0,1622.0,60.0,0.229,0.0,0,0,0.0
2018-06-18,0,1621.0,60.0,0.219,0.0,0,0,0.0
2018-06-19,0,1620.0,60.0,0.209,0.0,0,0,0.0
2018-06-20,0,1619.0,60.0,0.2,0.0,0,0,0.0
2018-06-21,0,1618.0,60.0,0.191,0.0,0,0,0.0
2018-06-22,0,1617.0,60.0,0.182,0.0,0,0,0.0
2018-06-23,0,1616.0,60.0,0.174,0.0,0,0,0.0
2018-06-24,0,1615.0,60.0,0.166,0.0,0,0,0.0
2018-06-25,0,1614.0,60.0,0.159,0.0,0,0,0.0
2018-06-26,0,1613.0,60.0,0.151,0.0,0,0,0.0
2018-06-27,0,1612.0,60.0,0.145,0.0,0,0,0.0
2018-06-28,0,1611.0,60.0,0.138,0.0,0,0,0.0
2018-06-29,0,1610.0,60.0,0.132,0.0,0,0,0.0
2018-06-30,0,1609.0,60.0,0.126,0.0,0,0,0.0
2018-07-01,0,1608.0,60.0,0.12,0.0,0,0,0.0
2018-07-02,0,1607.0,60.0,0.115,0.0,0,0,0.0
2018-07-03,0,1606.0,60.0,0.11,0.0,0,0,0.0
2018-07-04,0,1605.0,60.0,0.105,0.0,0,0,0.0
2018-07-05,0,1604.0,60.0,0.1,0.0,0,0,0.0
2018-07-06,0,1603.0,60.0,0.096,0.0,0,0,0.0
2018-07-07,0,1602.0,60.0,0.091,0.0,0,0,0.0
2018-07-08,0,1601.0,60.0,0.087,0.0,0,0,0.0
2018-07-09,0,1600.0,60.0,0.083,0.0,0,0,0.0
2018-07-10,0,1599.0,60.0,0.08,0.0,0,0,0.0
2018-07-11,0,1598.0,60.0,0.076,0.0,0,0,0.0
2018-07-12,0,1597.0,60.0,0.073,0.0,0,0,0.0
2018-07-13,0,1596.0,60.0,0.069,0.0,0,0,0.0
2018-07-14,0,1595.0,60.0,0.066,0.0,0,0,0.0
2018-07-15,0,1594.0,60.0,0.063,0.0,0,0,0.0
2018-07-16,0,1593.0,60.0,0.06,0.0,0,0,0.0
2018-07-17,0,1592.0,60.0,0.058,0.0,0,0,0.0
2018-07-18,0,1591.0,60.0,0.055,0.0,0,0,0.0
2018-07-19,0,1590.0,60.0,0.053,0.0,0,0,0.0
2018-07-20,0,1589.0,60.0,0.05,0.0,0,0,0.0
2018-07-21,0,1588.0,60.0,0.048,0.0,0,0,0.0
2018-07-22,0,1587.0,60.0,0.046,0.0,0,0,0.0
2018-07-23,0,1586.0,60.0,0.044,0.0,0,0,0.0
2018-07-24,0,1585.0,60.0,0.042,0.0,0,0,0.0
2018-07-25,0,1584.0,60.0,0.04,0.0,0,0,0.0
2018-07-26,0,1583.0,60.0,0.038,0.0,0,0,0.0
2018-07-27,0,1582.0,60.0,0.036,0.0,0,0,0.0
2018-07-28,0,1581.0,60.0,0.035,0.0,0,0,0.0
2018-07-29,0,1580.0,60.0,0.033,0.0,0,0,0.0
2018-07-30,0,1579.0,60.0,0.032,0.0,0,0,0.0
2018-07-31,0,1578.0,60.0,0.03,0.0,0,0,0.0
2018-08-01,0,1577.0,60.0,0.029,0.0,0,0,0.0
2018-08-02,0,1576.0,60.0,0.028,0.0,0,0,0.0
2018-08-03,0,1575.0,60.0,0.026,0.0,0,0,0.0
2018-08-04,0,1574.0,60.0,0.025,0.0,0,0,0.0
2018-08-05,0,1573.0,60.0,0.024,0.0,0,0,0.0
2018-08-06,0,1572.0,60.0,0.023,0.0,0,0,0.0
2018-08-07,0,1571.0,60.0,0.022,0.0,0,0,0.0
2018-08-08,0,1570.0,60.0,0.021,0.0,0,0,0.0
2018-08-09,0,1569.0,60.0,0.02,0.0,0,0,0.0
2018-08-10,0,1568.0,60.0,0.019,0.0,0,0,0.0
2018-08-11,0,1567.0,60.0,0.018,0.0,0,0,0.0
2018-08-12,0,1566.0,60.0,0.017,0.0,0,0,0.0
2018-08-13,0,1565.0,60.0,0.017,0.0,0,0,0.0
2018-08-14,0,1564.0,60.0,0.016,0.0,0,0,0.0
2018-08-15,0,1563.0,60.0,0.015,0.0,0,0,0.0
2018-08-16,0,1562.0,60.0,0.014,0.0,0,0,0.0
2018-08-17,0,1561.0,60.0,0.014,0.0,0,0,0.0
2018-08-18,0,1560.0,60.0,0.013,0.0,0,0,0.0
2018-08-19,0,1559.0,60.0,0.013,0.0,0,0,0.0
2018-08-20,0,1558.0,60.0,0.012,0.0,0,0,0.0
2018-08-21,0,1557.0,60.0,0.011,0.0,0,0,0.0
2018-08-22,0,1556.0,60.0,0.011,0.0,0,0,0.0
2018-08-23,0,1555.0,60.0,0.01,0.0,0,0,0.0
2018-08-24,0,1554.0,60.0,0.01,0.0,0,0,0.0
2018-08-25,0,1553.0,60.0,0.01,0.0,0,0,0.0
2018-08-26,0,1552.0,60.0,0.009,0.0,0,0,0.0
2018-08-27,0,1551.0,60.0,0.009,0.0,0,0,0.0
2018-08-28,0,1550.0,60.0,0.008,0.0,0,0,0.0
2018-08-29,0,1549.0,60.0,0.008,0.0,0,0,0.0
2018-08-30,0,1548.0,60.0,0.008,0.0,0,0,0.0
2018-08-31,0,1547.0,60.0,0.007,0.0,0,0,0.0
2018-09-01,0,1546.0,60.0,0.007,0.0,0,0,0.0
2018-09-02,0,1545.0,60.0,0.007,0.0,0,0,0.0
2018-09-03,0,1544.0,60.0,0.006,0.0,0,0,0.0
2018-09-04,0,1543.0,60.0,0.006,0.0,0,0,0.0
2018-09-05,0,1542.0,60.0,0.006,0.0,0,0,0.0
2018-09-06,0,1541.0,60.0,0.006,0.0,0,0,0.0
2018-09-07,0,1540.0,60.0,0.005,0.0,0,0,0.0
2018-09-08,0,1539.0,60.0,0.005,0.0,0,0,0.0
2018-09-09,0,1538.0,60.0,0.005,0.0,0,0,0.0
2018-09-10,0,1537.0,60.0,0.005,0.0,0,0,0.0
2018-09-11,0,1536.0,60.0,0.004,0.0,0,0,0.0
2018-09-12,0,1535.0,60.0,0.004,0.0,0,0,0.0
2018-09-13,0,1534.0,60.0,0.004,0.0,0,0,0.0
2018-09-14,0,1533.0,60.0,0.004,0.0,0,0,0.0
2018-09-15,0,1532.0,60.0,0.004,0.0,0,0,0.0
2018-09-16,0,1531.0,60.0,0.003,0.0,0,0,0.0
2018-09-17,0,1530.0,60.0,0.003,0.0,0,0,0.0
2018-09-18,0,1529.0,60.0,0.003,0.0,0,0,0.0
2018-09-19,0,1528.0,60.0,0.003,0.0,0,0,0.0
2018-09-20,0,1527.0,60.0,0.003,0.0,0,0,0.0
2018-09-21,0,1526.0,60.0,0.003,0.0,0,0,0.0
2018-09-22,0,1525.0,60.0,0.003,0.0,0,0,0.0
2018-09-23,0,1524.0,60.0,0.003,0.0,0,0,0.0
2018-09-24,0,1523.0,60.0,0.002,0.0,0,0,0.0
2018-09-25,0,1522.0,60.0,0.002,0.0,0,0,0.0
2018-09-26,0,1521.0,60.0,0.002,0.0,0,0,0.0
2018-09-27,0,1520.0,60.0,0.002,0.0,0,0,0.0
2018-09-28,0,1519.0,60.0,0.002,0.0,0,0,0.0
2018-09-29,0,1518.0,60.0,0.002,0.0,0,0,0.0
2018-09-30,0,1517.0,60.0,0.002,0.0,0,0,0.0
2018-10-01,0,1516.0,60.0,0.002,0.0,0,0,0.0
2018-10-02,0,1515.0,60.0,0.002,0.0,0,0,0.0
2018-10-03,0,1514.0,60.0,0.002,0.0,0,0,0.0
2018-10-04,0,1513.0,60.0,0.002,0.0,0,0,0.0
2018-10-05,0,1512.0,60.0,0.001,0.0,0,0,0.0
2018-10-06,0,1511.0,60.0,0.001,0.0,0,0,0.0
2018-10-07,0,1510.0,60.0,0.001,0.0,0,0,0.0
2018-10-08,0,1509.0,60.0,0.001,0.0,0,0,0.0
2018-10-09,0,1508.0,60.0,0.001,0.0,0,0,0.0
2018-10-10,0,1507.0,60.0,0.001,0.0,0,0,0.0
2018-10-11,0,1506.0,60.0,0.001,0.0,0,0,0.0
2018-10-12,0,1505.0,60.0,0.001,0.0,0,0,0.0
2018-10-13,0,1504.0,60.0,0.001,0.0,0,0,0.0
2018-10-14,0,1503.0,60.0,0.001,0.0,0,0,0.0
2018-10-15,0,1502.0,60.0,0.001,0.0,0,0,0.0
2018-10-16,0,1501.0,60.0,0.001,0.0,0,0,0.0
2018-10-17,0,1500.0,60.0,0.001,0.0,0,0,0.0
2018-10-18,0,1499.0,60.0,0.001,0.0,0,0,0.0
2018-10-19,0,1498.0,60.0,0.001,0.0,0,0,0.0
2018-10-20,0,1497.0,60.0,0.001,0.0,0,0,0.0
2018-10-21,0,1496.0,60.0,0.001,0.0,0,0,0.0
2018-10-22,0,1495.0,60.0,0.001,0.0,0,0,0.0
2018-10-23,0,1494.0,60.0,0.001,0.0,0,0,0.0
2018-10-24,0,1493.0,60.0,0.001,0.0,0,0,0.0
2018-10-25,0,1492.0,60.0,0.001,0.0,0,0,0.0
2018-10-26,0,1491.0,60.0,0.001,0.0,0,0,0.0
2018-10-27,0,1490.0,60.0,0.001,0.0,0,0,0.0
2018-10-28,0,1489.0,60.0,0.001,0.0,0,0,0.0
2018-10-29,0,1488.0,59.07687961386178,0.0,0.0,0,0,0.0
2018-10-30,0,1487.0,59.07687961386178,0.0,0.0,0,0,0.0
2018-10-31,0,1486.0,59.07687961386178,0.0,0.0,0,0,0.0
2018-11-01,0,1485.0,59.07687961386178,0.0,0.0,0,0,0.0
2018-11-02,0,1484.0,59.07687961386178,0.0,0.0,0,0,0.0
2018-11-03,0,1483.0,59.07687961386178,0.0,0.0,0,0,0.0
2018-11-04,0,1482.0,59.07687961386178,0.0,0.0,0,0,0.0
2018-11-05,0,1481.0,59.07687961386178,0.0,0.0,0,0,0.0
2018-11-06,0,1480.0,59.07687961386178,0.0,0.0,0,0,0.0
2018-11-07,0,1479.0,59.07687961386178,0.0,0.0,0,0,0.0
2018-11-08,0,1478.0,59.07687961386178,0.0,0.0,0,0,0.0
2018-11-09,0,1477.0,59.07687961386178,0.0,0.0,0,0,0.0
2018-11-10,0,1476.0,59.07687961386178,0.0,0.0,0,0,0.0
2018-11-11,0,1475.0,59.07687961386178,0.0,0.0,0,0,0.0
2018-11-12,0,1474.0,59.07687961386178,0.0,0.0,0,0,0.0
2018-11-13,0,1473.0,59.07687961386178,0.0,0.0,0,0,0.0
2018-11-14,0,1472.0,59.07687961386178,0.0,0.0,0,0,0.0
2018-11-15,0,1471.0,59.07687961386178,0.0,0.0,0,0,0.0
2018-11-16,0,1470.0,59.07687961386178,0.0,0.0,0,0,0.0
2018-11-17,0,1469.0,59.07687961386178,0.0,0.0,0,0,0.0
2018-11-18,0,1468.0,59.07687961386178,0.0,0.0,0,0,0.0
2018-11-19,0,1467.0,59.07687961386178,0.0,0.0,0,0,0.0
2018-11-20,0,1466.0,59.07687961386178,0.0,0.0,0,0,0.0
2018-11-21,0,1465.0,59.07687961386178,0.0,0.0,0,0,0.0
2018-11-22,0,1464.0,59.07687961386178,0.0,0.0,0,0,0.0
2018-11-23,0,1463.0,59.07687961386178,0.0,0.0,0,0,0.0
2018-11-24,0,1462.0,59.07687961386178,0.0,0.0,0,0,0.0
2018-11-25,0,1461.0,59.07687961386178,0.0,0.0,0,0,0.0
2018-11-26,0,1460.0,59.07687961386178,0.0,0.0,0,0,0.0
2018-11-27,0,1459.0,59.07687961386178,0.0,0.0,0,0,0.0
2018-11-28,0,1458.0,59.07687961386178,0.0,0.0,0,0,0.0
2018-11-29,0,1457.0,59.07687961386178,0.0,0.0,0,0,0.0
2018-11-30,0,1456.0,59.07687961386178,0.0,0.0,0,0,0.0
2018-12-01,0,1455.0,59.07687961386178,0.0,0.0,0,0,0.0
2018-12-02,0,1454.0,59.07687961386178,0.0,0.0,0,0,0.0
2018-12-03,0,1453.0,59.07687961386178,0.0,0.0,0,0,0.0
2018-12-04,0,1452.0,59.07687961386178,0.0,0.0,0,0,0.0
2018-12-05,0,1451.0,59.07687961386178,0.0,0.0,0,0,0.0
2018-12-06,0,1450.0,59.07687961386178,0.0,0.0,0,0,0.0
2018-12-07,0,1449.0,59.07687961386178,0.0,0.0,0,0,0.0
2018-12-08,0,1448.0,59.07687961386178,0.0,0.0,0,0,0.0
2018-12-09,0,1447.0,59.07687961386178,0.0,0.0,0,0,0.0
2018-12-10,0,1446.0,59.07687961386178,0.0,0.0,0,0,0.0
2018-12-11,0,1445.0,59.07687961386178,0.0,0.0,0,0,0.0
2018-12-12,0,1444.0,59.07687961386178,0.0,0.0,0,0,0.0
2018-12-13,0,1443.0,59.07687961386178,0.0,0.0,0,0,0.0
2018-12-14,0,1442.0,59.07687961386178,0.0,0.0,0,0,0.0
2018-12-15,0,1441.0,59.07687961386178,0.0,0.0,0,0,0.0
2018-12-16,0,1440.0,59.07687961386178,0.0,0.0,0,0,0.0
2018-12-17,0,1439.0,59.07687961386178,0.0,0.0,0,0,0.0
2018-12-18,0,1438.0,59.07687961386178,0.0,0.0,0,0,0.0
2018-12-19,0,1437.0,59.07687961386178,0.0,0.0,0,0,0.0
2018-12-20,0,1436.0,59.07687961386178,0.0,0.0,0,0,0.0
2018-12-21,0,1435.0,59.07687961386178,0.0,0.0,0,0,0.0
2018-12-22,0,1434.0,59.07687961386178,0.0,0.0,0,0,0.0
2018-12-23,0,1433.0,59.07687961386178,0.0,0.0,0,0,0.0
2018-12-24,0,1432.0,59.07687961386178,0.0,0.0,0,0,0.0
2018-12-25,0,1431.0,59.07687961386178,0.0,0.0,0,0,0.0
2018-12-26,0,1430.0,59.07687961386178,0.0,0.0,0,0,0.0
2018-12-27,0,1429.0,59.07687961386178,0.0,0.0,0,0,0.0
2018-12-28,0,1428.0,59.07687961386178,0.0,0.0,0,0,0.0
2018-12-29,0,1427.0,59.07687961386178,0.0,0.0,0,0,0.0
2018-12-30,0,1426.0,59.07687961386178,0.0,0.0,0,0,0.0
2018-12-31,0,1425.0,59.07687961386178,0.0,0.0,0,0,0.0
2019-01-01,0,1424.0,59.07687961386178,0.0,0.0,0,0,0.0
2019-01-02,0,1423.0,59.07687961386178,0.0,0.0,0,0,0.0
2019-01-03,0,1422.0,59.07687961386178,0.0,0.0,0,0,0.0
2019-01-04,0,1421.0,59.07687961386178,0.0,0.0,0,0,0.0
2019-01-05,0,1420.0,59.07687961386178,0.0,0.0,0,0,0.0
2019-01-06,0,1419.0,59.07687961386178,0.0,0.0,0,0,0.0
2019-01-07,0,1418.0,59.07687961386178,0.0,0.0,0,0,0.0
2019-01-08,0,1417.0,59.07687961386178,0.0,0.0,0,0,0.0
2019-01-09,0,1416.0,59.07687961386178,0.0,0.0,0,0,0.0
2019-01-10,0,1415.0,59.07687961386178,0.0,0.0,0,0,0.0
2019-01-11,0,1414.0,59.07687961386178,0.0,0.0,0,0,0.0
2019-01-12,0,1413.0,59.07687961386178,0.0,0.0,0,0,0.0
2019-01-13,0,1412.0,59.07687961386178,0.0,0.0,0,0,0.0
2019-01-14,0,1411.0,59.07687961386178,0.0,0.0,0,0,0.0
2019-01-15,0,1410.0,59.07687961386178,0.0,0.0,0,0,0.0
2019-01-16,0,1409.0,59.07687961386178,0.0,0.0,0,0,0.0
2019-01-17,0,1408.0,59.07687961386178,0.0,0.0,0,0,0.0
2019-01-18,0,1407.0,59.07687961386178,0.0,0.0,0,0,0.0
2019-01-19,0,1406.0,59.07687961386178,0.0,0.0,0,0,0.0
2019-01-20,0,1405.0,59.07687961386178,0.0,0.0,0,0,0.0
2019-01-21,0,1404.0,59.07687961386178,0.0,0.0,0,0,0.0
2019-01-22,0,1403.0,59.07687961386178,0.0,0.0,0,0,0.0
2019-01-23,0,1402.0,59.07687961386178,0.0,0.0,0,0,0.0
2019-01-24,0,1401.0,59.07687961386178,0.0,0.0,0,0,0.0
2019-01-25,0,1400.0,59.07687961386178,0.0,0.0,0,0,0.0
2019-01-26,0,1399.0,59.07687961386178,0.0,0.0,0,0,0.0
2019-01-27,0,1398.0,59.07687961386178,0.0,0.0,0,0,0.0
2019-01-28,0,1397.0,59.07687961386178,0.0,0.0,0,0,0.0
2019-01-29,0,1396.0,59.07687961386178,0.0,0.0,0,0,0.0
2019-01-30,0,1395.0,59.07687961386178,0.0,0.0,0,0,0.0
2019-01-31,0,1394.0,59.07687961386178,0.0,0.0,0,0,0.0
2019-02-01,0,1393.0,59.07687961386178,0.0,0.0,0,0,0.0
2019-02-02,0,1392.0,59.07687961386178,0.0,0.0,0,0,0.0
2019-02-03,0,1391.0,59.07687961386178,0.0,0.0,0,0,0.0
2019-02-04,0,1390.0,59.07687961386178,0.0,0.0,0,0,0.0
2019-02-05,0,1389.0,59.07687961386178,0.0,0.0,0,0,0.0
2019-02-06,0,1388.0,59.07687961386178,0.0,0.0,0,0,0.0
2019-02-07,0,1387.0,59.07687961386178,0.0,0.0,0,0,0.0
2019-02-08,0,1386.0,59.07687961386178,0.0,0.0,0,0,0.0
2019-02-09,0,1385.0,59.07687961386178,0.0,0.0,0,0,0.0
2019-02-10,0,1384.0,59.07687961386178,0.0,0.0,0,0,0.0
2019-02-11,0,1383.0,59.07687961386178,0.0,0.0,0,0,0.0
2019-02-12,0,1382.0,59.07687961386178,0.0,0.0,0,0,0.0
2019-02-13,0,1381.0,59.07687961386178,0.0,0.0,0,0,0.0
2019-02-14,0,1380.0,59.07687961386178,0.0,0.0,0,0,0.0
2019-02-15,0,1379.0,59.07687961386178,0.0,0.0,0,0,0.0
2019-02-16,0,1378.0,59.07687961386178,0.0,0.0,0,0,0.0
2019-02-17,0,1377.0,59.07687961386178,0.0,0.0,0,0,0.0
2019-02-18,0,1376.0,59.07687961386178,0.0,0.0,0,0,0.0
2019-02-19,0,1375.0,59.07687961386178,0.0,0.0,0,0,0.0
2019-02-20,0,1374.0,59.07687961386178,0.0,0.0,0,0,0.0
2019-02-21,0,1373.0,59.07687961386178,0.0,0.0,0,0,0.0
2019-02-22,0,1372.0,59.07687961386178,0.0,0.0,0,0,0.0
2019-02-23,0,1371.0,59.07687961386178,0.0,0.0,0,0,0.0
2019-02-24,0,1370.0,59.07687961386178,0.0,0.0,0,0,0.0
2019-02-25,0,1369.0,59.07687961386178,0.0,0.0,0,0,0.0
2019-02-26,0,1368.0,59.07687961386178,0.0,0.0,0,0,0.0
2019-02-27,0,1367.0,59.07687961386178,0.0,0.0,0,0,0.0
2019-02-28,0,1366.0,59.07687961386178,0.0,0.0,0,0,0.0
2019-03-01,0,1365.0,59.07687961386178,0.0,0.0,0,0,0.0
2019-03-02,0,1364.0,59.07687961386178,0.0,0.0,0,0,0.0
2019-03-03,0,1363.0,59.07687961386178,0.0,0.0,0,0,0.0
2019-03-04,0,1362.0,59.07687961386178,0.0,0.0,0,0,0.0
2019-03-05,0,1361.0,59.07687961386178,0.0,0.0,0,0,0.0
2019-03-06,0,1360.0,59.07687961386178,0.0,0.0,0,0,0.0
2019-03-07,0,1359.0,59.07687961386178,0.0,0.0,0,0,0.0
2019-03-08,0,1358.0,59.07687961386178,0.0,0.0,0,0,0.0
2019-03-09,0,1357.0,59.07687961386178,0.0,0.0,0,0,0.0
2019-03-10,0,1356.0,59.07687961386178,0.0,0.0,0,0,0.0
2019-03-11,0,1355.0,59.07687961386178,0.0,0.0,0,0,0.0
2019-03-12,0,1354.0,59.07687961386178,0.0,0.0,0,0,0.0
2019-03-13,0,1353.0,59.07687961386178,0.0,0.0,0,0,0.0
2019-03-14,0,1352.0,59.07687961386178,0.0,0.0,0,0,0.0
2019-03-15,0,1351.0,59.07687961386178,0.0,0.0,0,0,0.0
2019-03-16,0,1350.0,59.07687961386178,0.0,0.0,0,0,0.0
2019-03-17,0,1349.0,59.07687961386178,0.0,0.0,0,0,0.0
2019-03-18,0,1348.0,59.07687961386178,0.0,0.0,0,0,0.0
2019-03-19,0,1347.0,59.07687961386178,0.0,0.0,0,0,0.0
2019-03-20,0,1346.0,59.07687961386178,0.0,0.0,0,0,0.0
2019-03-21,0,1345.0,59.07687961386178,0.0,0.0,0,0,0.0
2019-03-22,0,1344.0,59.07687961386178,0.0,0.0,0,0,0.0
2019-03-23,0,1343.0,59.07687961386178,0.0,0.0,0,0,0.0
2019-03-24,0,1342.0,59.07687961386178,0.0,0.0,0,0,0.0
2019-03-25,0,1341.0,59.07687961386178,0.0,0.0,0,0,0.0
2019-03-26,0,1340.0,59.07687961386178,0.0,0.0,0,0,0.0
2019-03-27,0,1339.0,59.07687961386178,0.0,0.0,0,0,0.0
2019-03-28,0,1338.0,59.07687961386178,0.0,0.0,0,0,0.0
2019-03-29,0,1337.0,59.07687961386178,0.0,0.0,0,0,0.0
2019-03-30,0,1336.0,59.07687961386178,0.0,0.0,0,0,0.0
2019-03-31,0,1335.0,59.07687961386178,0.0,0.0,0,0,0.0
2019-04-01,0,1334.0,59.07687961386178,0.0,0.0,0,0,0.0
2019-04-02,0,1333.0,59.07687961386178,0.0,0.0,0,0,0.0
2019-04-03,0,1332.0,59.07687961386178,0.0,0.0,0,0,0.0
2019-04-04,0,1331.0,59.07687961386178,0.0,0.0,0,0,0.0
2019-04-05,0,1330.0,59.07687961386178,0.0,0.0,0,0,0.0
2019-04-06,0,1329.0,59.07687961386178,0.0,0.0,0,0,0.0
2019-04-07,0,1328.0,59.07687961386178,0.0,0.0,0,0,0.0
2019-04-08,0,1327.0,59.07687961386178,0.0,0.0,0,0,0.0
2019-04-09,0,1326.0,59.07687961386178,0.0,0.0,0,0,0.0
2019-04-10,0,1325.0,59.07687961386178,0.0,0.0,0,0,0.0
2019-04-11,0,1324.0,59.07687961386178,0.0,0.0,0,0,0.0
2019-04-12,0,1323.0,59.07687961386178,0.0,0.0,0,0,0.0
2019-04-13,0,1322.0,59.07687961386178,0.0,0.0,0,0,0.0
2019-04-14,0,1321.0,59.07687961386178,0.0,0.0,0,0,0.0
2019-04-15,0,1320.0,59.07687961386178,0.0,0.0,0,0,0.0
2019-04-16,0,1319.0,59.07687961386178,0.0,0.0,0,0,0.0
2019-04-17,0,1318.0,59.07687961386178,0.0,0.0,0,0,0.0
2019-04-18,0,1317.0,59.07687961386178,0.0,0.0,0,0,0.0
2019-04-19,0,1316.0,59.07687961386178,0.0,0.0,0,0,0.0
2019-04-20,0,1315.0,59.07687961386178,0.0,0.0,0,0,0.0
2019-04-21,0,1314.0,59.07687961386178,0.0,0.0,0,0,0.0
2019-04-22,0,1313.0,59.07687961386178,0.0,0.0,0,0,0.0
2019-04-23,0,1312.0,59.07687961386178,0.0,0.0,0,0,0.0
2019-04-24,0,1311.0,59.07687961386178,0.0,0.0,0,0,0.0
2019-04-25,0,1310.0,59.07687961386178,0.0,0.0,0,0,0.0
2019-04-26,0,1309.0,59.07687961386178,0.0,0.0,0,0,0.0
2019-04-27,0,1308.0,59.07687961386178,0.0,0.0,0,0,0.0
2019-04-28,0,1307.0,59.07687961386178,0.0,0.0,0,0,0.0
2019-04-29,0,1306.0,59.07687961386178,0.0,0.0,0,0,0.0
2019-04-30,0,1305.0,59.07687961386178,0.0,0.0,0,0,0.0
2019-05-01,0,1304.0,59.07687961386178,0.0,0.0,0,0,0.0
2019-05-02,0,1303.0,59.07687961386178,0.0,0.0,0,0,0.0
2019-05-03,0,1302.0,59.07687961386178,0.0,0.0,0,0,0.0
2019-05-04,0,1301.0,59.07687961386178,0.0,0.0,0,0,0.0
2019-05-05,0,1300.0,59.07687961386178,0.0,0.0,0,0,0.0
2019-05-06,0,1299.0,59.07687961386178,0.0,0.0,0,0,0.0
2019-05-07,0,1298.0,59.07687961386178,0.0,0.0,0,0,0.0
2019-05-08,0,1297.0,59.07687961386178,0.0,0.0,0,0,0.0
2019-05-09,0,1296.0,59.07687961386178,0.0,0.0,0,0,0.0
2019-05-10,0,1295.0,59.07687961386178,0.0,0.0,0,0,0.0
2019-05-11,0,1294.0,59.07687961386178,0.0,0.0,0,0,0.0
2019-05-12,0,1293.0,59.07687961386178,0.0,0.0,0,0,0.0
2019-05-13,0,1292.0,59.07687961386178,0.0,0.0,0,0,0.0
2019-05-14,0,1291.0,59.07687961386178,0.0,0.0,0,0,0.0
2019-05-15,0,1290.0,59.07687961386178,0.0,0.0,0,0,0.0
2019-05-16,0,1289.0,59.07687961386178,0.0,0.0,0,0,0.0
2019-05-17,0,1288.0,59.07687961386178,0.0,0.0,0,0,0.0
2019-05-18,0,1287.0,59.07687961386178,0.0,0.0,0,0,0.0
2019-05-19,0,1286.0,59.07687961386178,0.0,0.0,0,0,0.0
2019-05-20,0,1285.0,59.07687961386178,0.0,0.0,0,0,0.0
2019-05-21,0,1284.0,59.07687961386178,0.0,0.0,0,0,0.0
2019-05-22,0,1283.0,59.07687961386178,0.0,0.0,0,0,0.0
2019-05-23,0,1282.0,59.07687961386178,0.0,0.0,0,0,0.0
2019-05-24,0,1281.0,59.07687961386178,0.0,0.0,0,0,0.0
2019-05-25,0,1280.0,59.07687961386178,0.0,0.0,0,0,0.0
2019-05-26,0,1279.0,59.07687961386178,0.0,0.0,0,0,0.0
2019-05-27,0,1278.0,59.07687961386178,0.0,0.0,0,0,0.0
2019-05-28,0,1277.0,59.07687961386178,0.0,0.0,0,0,0.0
2019-05-29,0,1276.0,59.07687961386178,0.0,0.0,0,0,0.0
2019-05-30,0,1275.0,59.07687961386178,0.0,0.0,0,0,0.0
2019-05-31,0,1274.0,59.07687961386178,0.0,0.0,0,0,0.0
2019-06-01,0,1273.0,59.07687961386178,0.0,0.0,0,0,0.0
2019-06-02,0,1272.0,59.07687961386178,0.0,0.0,0,0,0.0
2019-06-03,0,1271.0,59.07687961386178,0.0,0.0,0,0,0.0
2019-06-04,0,1270.0,59.07687961386178,0.0,0.0,0,0,0.0
2019-06-05,0,1269.0,59.07687961386178,0.0,0.0,0,0,0.0
2019-06-06,0,1268.0,59.07687961386178,0.0,0.0,0,0,0.0
2019-06-07,0,1267.0,59.07687961386178,0.0,0.0,0,0,0.0
2019-06-08,0,1266.0,59.07687961386178,0.0,0.0,0,0,0.0
2019-06-09,0,1265.0,59.07687961386178,0.0,0.0,0,0,0.0
2019-06-10,0,1264.0,59.07687961386178,0.0,0.0,0,0,0.0
2019-06-11,0,1263.0,59.07687961386178,0.0,0.0,0,0,0.0
2019-06-12,0,1262.0,59.07687961386178,0.0,0.0,0,0,0.0
2019-06-13,0,1261.0,59.07687961386178,0.0,0.0,0,0,0.0
2019-06-14,0,1260.0,59.07687961386178,0.0,0.0,0,0,0.0
2019-06-15,0,1259.0,59.07687961386178,0.0,0.0,0,0,0.0
2019-06-16,0,1258.0,59.07687961386178,0.0,0.0,0,0,0.0
2019-06-17,0,1257.0,59.07687961386178,0.0,0.0,0,0,0.0
2019-06-18,0,1256.0,59.07687961386178,0.0,0.0,0,0,0.0
2019-06-19,0,1255.0,59.07687961386178,0.0,0.0,0,0,0.0
2019-06-20,0,1254.0,59.07687961386178,0.0,0.0,0,0,0.0
2019-06-21,0,1253.0,59.07687961386178,0.0,0.0,0,0,0.0
2019-06-22,0,1252.0,59.07687961386178,0.0,0.0,0,0,0.0
2019-06-23,0,1251.0,59.07687961386178,0.0,0.0,0,0,0.0
2019-06-24,0,1250.0,59.07687961386178,0.0,0.0,0,0,0.0
2019-06-25,0,1249.0,59.07687961386178,0.0,0.0,0,0,0.0
2019-06-26,0,1248.0,59.07687961386178,0.0,0.0,0,0,0.0
2019-06-27,0,1247.0,59.07687961386178,0.0,0.0,0,0,0.0
2019-06-28,0,1246.0,59.07687961386178,0.0,0.0,0,0,0.0
2019-06-29,0,1245.0,59.07687961386178,0.0,0.0,0,0,0.0
2019-06-30,0,1244.0,59.07687961386178,0.0,0.0,0,0,0.0
2019-07-01,0,1243.0,59.07687961386178,0.0,0.0,0,0,0.0
2019-07-02,0,1242.0,59.07687961386178,0.0,0.0,0,0,0.0
2019-07-03,0,1241.0,59.07687961386178,0.0,0.0,0,0,0.0
2019-07-04,0,1240.0,59.07687961386178,0.0,0.0,0,0,0.0
2019-07-05,0,1239.0,59.07687961386178,0.0,0.0,0,0,0.0
2019-07-06,0,1238.0,59.07687961386178,0.0,0.0,0,0,0.0
2019-07-07,0,1237.0,59.07687961386178,0.0,0.0,0,0,0.0
2019-07-08,0,1236.0,59.07687961386178,0.0,0.0,0,0,0.0
2019-07-09,0,1235.0,59.07687961386178,0.0,0.0,0,0,0.0
2019-07-10,0,1234.0,59.07687961386178,0.0,0.0,0,0,0.0
2019-07-11,0,1233.0,59.07687961386178,0.0,0.0,0,0,0.0
2019-07-12,0,1232.0,59.07687961386178,0.0,0.0,0,0,0.0
2019-07-13,0,1231.0,59.07687961386178,0.0,0.0,0,0,0.0
2019-07-14,0,1230.0,59.07687961386178,0.0,0.0,0,0,0.0
2019-07-15,0,1229.0,59.07687961386178,0.0,0.0,0,0,0.0
2019-07-16,0,1228.0,59.07687961386178,0.0,0.0,0,0,0.0
2019-07-17,0,1227.0,59.07687961386178,0.0,0.0,0,0,0.0
2019-07-18,0,1226.0,59.07687961386178,0.0,0.0,0,0,0.0
2019-07-19,0,1225.0,59.07687961386178,0.0,0.0,0,0,0.0
2019-07-20,0,1224.0,59.07687961386178,0.0,0.0,0,0,0.0
2019-07-21,0,1223.0,59.07687961386178,0.0,0.0,0,0,0.0
2019-07-22,0,1222.0,59.07687961386178,0.0,0.0,0,0,0.0
2019-07-23,0,1221.0,59.07687961386178,0.0,0.0,0,0,0.0
2019-07-24,0,1220.0,59.07687961386178,0.0,0.0,0,0,0.0
2019-07-25,0,1219.0,59.07687961386178,0.0,0.0,0,0,0.0
2019-07-26,0,1218.0,59.07687961386178,0.0,0.0,0,0,0.0
2019-07-27,0,1217.0,59.07687961386178,0.0,0.0,0,0,0.0
2019-07-28,0,1216.0,59.07687961386178,0.0,0.0,0,0,0.0
2019-07-29,0,1215.0,59.07687961386178,0.0,0.0,0,0,0.0
2019-07-30,0,1214.0,59.07687961386178,0.0,0.0,0,0,0.0
2019-07-31,0,1213.0,59.07687961386178,0.0,0.0,0,0,0.0
2019-08-01,0,1212.0,59.07687961386178,0.0,0.0,0,0,0.0
2019-08-02,0,1211.0,59.07687961386178,0.0,0.0,0,0,0.0
2019-08-03,0,1210.0,59.07687961386178,0.0,0.0,0,0,0.0
2019-08-04,0,1209.0,59.07687961386178,0.0,0.0,0,0,0.0
2019-08-05,0,1208.0,59.07687961386178,0.0,0.0,0,0,0.0
2019-08-06,0,1207.0,59.07687961386178,0.0,0.0,0,0,0.0
2019-08-07,0,1206.0,59.07687961386178,0.0,0.0,0,0,0.0
2019-08-08,0,1205.0,59.07687961386178,0.0,0.0,0,0,0.0
2019-08-09,0,1204.0,59.07687961386178,0.0,0.0,0,0,0.0
2019-08-10,0,1203.0,59.07687961386178,0.0,0.0,0,0,0.0
2019-08-11,0,1202.0,59.07687961386178,0.0,0.0,0,0,0.0
2019-08-12,0,1201.0,59.07687961386178,0.0,0.0,0,0,0.0
2019-08-13,0,1200.0,59.07687961386178,0.0,0.0,0,0,0.0
2019-08-14,0,1199.0,59.07687961386178,0.0,0.0,0,0,0.0
2019-08-15,0,1198.0,59.07687961386178,0.0,0.0,0,0,0.0
2019-08-16,0,1197.0,59.07687961386178,0.0,0.0,0,0,0.0
2019-08-17,0,1196.0,59.07687961386178,0.0,0.0,0,0,0.0
2019-08-18,0,1195.0,59.07687961386178,0.0,0.0,0,0,0.0
2019-08-19,0,1194.0,59.07687961386178,0.0,0.0,0,0,0.0
2019-08-20,0,1193.0,59.07687961386178,0.0,0.0,0,0,0.0
2019-08-21,0,1192.0,59.07687961386178,0.0,0.0,0,0,0.0
2019-08-22,0,1191.0,59.07687961386178,0.0,0.0,0,0,0.0
2019-08-23,0,1190.0,59.07687961386178,0.0,0.0,0,0,0.0
2019-08-24,0,1189.0,59.07687961386178,0.0,0.0,0,0,0.0
2019-08-25,0,1188.0,59.07687961386178,0.0,0.0,0,0,0.0
2019-08-26,0,1187.0,59.07687961386178,0.0,0.0,0,0,0.0
2019-08-27,0,1186.0,59.07687961386178,0.0,0.0,0,0,0.0
2019-08-28,0,1185.0,59.07687961386178,0.0,0.0,0,0,0.0
2019-08-29,0,1184.0,59.07687961386178,0.0,0.0,0,0,0.0
2019-08-30,0,1183.0,59.07687961386178,0.0,0.0,0,0,0.0
2019-08-31,0,1182.0,59.07687961386178,0.0,0.0,0,0,0.0
2019-09-01,0,1181.0,59.07687961386178,0.0,0.0,0,0,0.0
2019-09-02,0,1180.0,59.07687961386178,0.0,0.0,0,0,0.0
2019-09-03,0,1179.0,59.07687961386178,0.0,0.0,0,0,0.0
2019-09-04,0,1178.0,59.07687961386178,0.0,0.0,0,0,0.0
2019-09-05,0,1177.0,59.07687961386178,0.0,0.0,0,0,0.0
2019-09-06,0,1176.0,59.07687961386178,0.0,0.0,0,0,0.0
2019-09-07,0,1175.0,59.07687961386178,0.0,0.0,0,0,0.0
2019-09-08,0,1174.0,59.07687961386178,0.0,0.0,0,0,0.0
2019-09-09,0,1173.0,59.07687961386178,0.0,0.0,0,0,0.0
2019-09-10,0,1172.0,59.07687961386178,0.0,0.0,0,0,0.0
2019-09-11,0,1171.0,59.07687961386178,0.0,0.0,0,0,0.0
2019-09-12,0,1170.0,59.07687961386178,0.0,0.0,0,0,0.0
2019-09-13,0,1169.0,59.07687961386178,0.0,0.0,0,0,0.0
2019-09-14,0,1168.0,59.07687961386178,0.0,0.0,0,0,0.0
2019-09-15,0,1167.0,59.07687961386178,0.0,0.0,0,0,0.0
2019-09-16,0,1166.0,59.07687961386178,0.0,0.0,0,0,0.0
2019-09-17,0,1165.0,59.07687961386178,0.0,0.0,0,0,0.0
2019-09-18,0,1164.0,59.07687961386178,0.0,0.0,0,0,0.0
2019-09-19,0,1163.0,59.07687961386178,0.0,0.0,0,0,0.0
2019-09-20,0,1162.0,59.07687961386178,0.0,0.0,0,0,0.0
2019-09-21,0,1161.0,59.07687961386178,0.0,0.0,0,0,0.0
2019-09-22,0,1160.0,59.07687961386178,0.0,0.0,0,0,0.0
2019-09-23,0,1159.0,59.07687961386178,0.0,0.0,0,0,0.0
2019-09-24,0,1158.0,59.07687961386178,0.0,0.0,0,0,0.0
2019-09-25,0,1157.0,59.07687961386178,0.0,0.0,0,0,0.0
2019-09-26,0,1156.0,59.07687961386178,0.0,0.0,0,0,0.0
2019-09-27,0,1155.0,59.07687961386178,0.0,0.0,0,0,0.0
2019-09-28,0,1154.0,59.07687961386178,0.0,0.0,0,0,0.0
2019-09-29,0,1153.0,59.07687961386178,0.0,0.0,0,0,0.0
2019-09-30,0,1152.0,59.07687961386178,0.0,0.0,0,0,0.0
2019-10-01,0,1151.0,59.07687961386178,0.0,0.0,0,0,0.0
2019-10-02,0,1150.0,59.07687961386178,0.0,0.0,0,0,0.0
2019-10-03,0,1149.0,59.07687961386178,0.0,0.0,0,0,0.0
2019-10-04,0,1148.0,59.07687961386178,0.0,0.0,0,0,0.0
2019-10-05,0,1147.0,59.07687961386178,0.0,0.0,0,0,0.0
2019-10-06,0,1146.0,59.07687961386178,0.0,0.0,0,0,0.0
2019-10-07,0,1145.0,59.07687961386178,0.0,0.0,0,0,0.0
2019-10-08,0,1144.0,59.07687961386178,0.0,0.0,0,0,0.0
2019-10-09,0,1143.0,59.07687961386178,0.0,0.0,0,0,0.0
2019-10-10,0,1142.0,59.07687961386178,0.0,0.0,0,0,0.0
2019-10-11,0,1141.0,59.07687961386178,0.0,0.0,0,0,0.0
2019-10-12,0,1140.0,59.07687961386178,0.0,0.0,0,0,0.0
2019-10-13,0,1139.0,59.07687961386178,0.0,0.0,0,0,0.0
2019-10-14,0,1138.0,59.07687961386178,0.0,0.0,0,0,0.0
2019-10-15,0,1137.0,59.07687961386178,0.0,0.0,0,0,0.0
2019-10-16,0,1136.0,59.07687961386178,0.0,0.0,0,0,0.0
2019-10-17,0,1135.0,59.07687961386178,0.0,0.0,0,0,0.0
2019-10-18,0,1134.0,59.07687961386178,0.0,0.0,0,0,0.0
2019-10-19,0,1133.0,59.07687961386178,0.0,0.0,0,0,0.0
2019-10-20,0,1132.0,59.07687961386178,0.0,0.0,0,0,0.0
2019-10-21,0,1131.0,59.07687961386178,0.0,0.0,0,0,0.0
2019-10-22,0,1130.0,59.07687961386178,0.0,0.0,0,0,0.0
2019-10-23,0,1129.0,59.07687961386178,0.0,0.0,0,0,0.0
2019-10-24,0,1128.0,59.07687961386178,0.0,0.0,0,0,0.0
2019-10-25,0,1127.0,59.07687961386178,0.0,0.0,0,0,0.0
2019-10-26,0,1126.0,59.07687961386178,0.0,0.0,0,0,0.0
2019-10-27,0,1125.0,59.07687961386178,0.0,0.0,0,0,0.0
2019-10-28,0,1124.0,59.07687961386178,0.0,0.0,0,0,0.0
2019-10-29,0,1123.0,59.07687961386178,0.0,0.0,0,0,0.0
2019-10-30,0,1122.0,59.07687961386178,0.0,0.0,0,0,0.0
2019-10-31,0,1121.0,59.07687961386178,0.0,0.0,0,0,0.0
2019-11-01,0,1120.0,59.07687961386178,0.0,0.0,0,0,0.0
2019-11-02,0,1119.0,59.07687961386178,0.0,0.0,0,0,0.0
2019-11-03,0,1118.0,59.07687961386178,0.0,0.0,0,0,0.0
2019-11-04,0,1117.0,59.07687961386178,0.0,0.0,0,0,0.0
2019-11-05,0,1116.0,59.07687961386178,0.0,0.0,0,0,0.0
2019-11-06,0,1115.0,59.07687961386178,0.0,0.0,0,0,0.0
2019-11-07,0,1114.0,59.07687961386178,0.0,0.0,0,0,0.0
2019-11-08,0,1113.0,59.07687961386178,0.0,0.0,0,0,0.0
2019-11-09,0,1112.0,59.07687961386178,0.0,0.0,0,0,0.0
2019-11-10,0,1111.0,59.07687961386178,0.0,0.0,0,0,0.0
2019-11-11,0,1110.0,59.07687961386178,0.0,0.0,0,0,0.0
2019-11-12,0,1109.0,59.07687961386178,0.0,0.0,0,0,0.0
2019-11-13,0,1108.0,59.07687961386178,0.0,0.0,0,0,0.0
2019-11-14,0,1107.0,59.07687961386178,0.0,0.0,0,0,0.0
2019-11-15,0,1106.0,59.07687961386178,0.0,0.0,0,0,0.0
2019-11-16,0,1105.0,59.07687961386178,0.0,0.0,0,0,0.0
2019-11-17,0,1104.0,59.07687961386178,0.0,0.0,0,0,0.0
2019-11-18,0,1103.0,59.07687961386178,0.0,0.0,0,0,0.0
2019-11-19,0,1102.0,59.07687961386178,0.0,0.0,0,0,0.0
2019-11-20,0,1101.0,59.07687961386178,0.0,0.0,0,0,0.0
2019-11-21,0,1100.0,59.07687961386178,0.0,0.0,0,0,0.0
2019-11-22,0,1099.0,59.07687961386178,0.0,0.0,0,0,0.0
2019-11-23,0,1098.0,59.07687961386178,0.0,0.0,0,0,0.0
2019-11-24,0,1097.0,59.07687961386178,0.0,0.0,0,0,0.0
2019-11-25,0,1096.0,59.07687961386178,0.0,0.0,0,0,0.0
2019-11-26,0,1095.0,59.07687961386178,0.0,0.0,0,0,0.0
2019-11-27,0,1094.0,59.07687961386178,0.0,0.0,0,0,0.0
2019-11-28,0,1093.0,59.07687961386178,0.0,0.0,0,0,0.0
2019-11-29,0,1092.0,59.07687961386178,0.0,0.0,0,0,0.0
2019-11-30,0,1091.0,59.07687961386178,0.0,0.0,0,0,0.0
2019-12-01,0,1090.0,59.07687961386178,0.0,0.0,0,0,0.0
2019-12-02,0,1089.0,59.07687961386178,0.0,0.0,0,0,0.0
2019-12-03,0,1088.0,59.07687961386178,0.0,0.0,0,0,0.0
2019-12-04,0,1087.0,59.07687961386178,0.0,0.0,0,0,0.0
2019-12-05,0,1086.0,59.07687961386178,0.0,0.0,0,0,0.0
2019-12-06,0,1085.0,59.07687961386178,0.0,0.0,0,0,0.0
2019-12-07,0,1084.0,59.07687961386178,0.0,0.0,0,0,0.0
2019-12-08,0,1083.0,59.07687961386178,0.0,0.0,0,0,0.0
2019-12-09,0,1082.0,59.07687961386178,0.0,0.0,0,0,0.0
2019-12-10,0,1081.0,59.07687961386178,0.0,0.0,0,0,0.0
2019-12-11,0,1080.0,59.07687961386178,0.0,0.0,0,0,0.0
2019-12-12,0,1079.0,59.07687961386178,0.0,0.0,0,0,0.0
2019-12-13,0,1078.0,59.07687961386178,0.0,0.0,0,0,0.0
2019-12-14,0,1077.0,59.07687961386178,0.0,0.0,0,0,0.0
2019-12-15,0,1076.0,59.07687961386178,0.0,0.0,0,0,0.0
2019-12-16,0,1075.0,59.07687961386178,0.0,0.0,0,0,0.0
2019-12-17,0,1074.0,59.07687961386178,0.0,0.0,0,0,0.0
2019-12-18,0,1073.0,59.07687961386178,0.0,0.0,0,0,0.0
2019-12-19,0,1072.0,59.07687961386178,0.0,0.0,0,0,0.0
2019-12-20,0,1071.0,59.07687961386178,0.0,0.0,0,0,0.0
2019-12-21,0,1070.0,59.07687961386178,0.0,0.0,0,0,0.0
2019-12-22,0,1069.0,59.07687961386178,0.0,0.0,0,0,0.0
2019-12-23,0,1068.0,59.07687961386178,0.0,0.0,0,0,0.0
2019-12-24,0,1067.0,59.07687961386178,0.0,0.0,0,0,0.0
2019-12-25,0,1066.0,59.07687961386178,0.0,0.0,0,0,0.0
2019-12-26,0,1065.0,59.07687961386178,0.0,0.0,0,0,0.0
2019-12-27,0,1064.0,59.07687961386178,0.0,0.0,0,0,0.0
2019-12-28,0,1063.0,59.07687961386178,0.0,0.0,0,0,0.0
2019-12-29,0,1062.0,59.07687961386178,0.0,0.0,0,0,0.0
2019-12-30,0,1061.0,59.07687961386178,0.0,0.0,0,0,0.0
2019-12-31,0,1060.0,59.07687961386178,0.0,0.0,0,0,0.0
2020-01-01,0,1059.0,59.07687961386178,0.0,0.0,0,0,0.0
2020-01-02,0,1058.0,59.07687961386178,0.0,0.0,0,0,0.0
2020-01-03,0,1057.0,59.07687961386178,0.0,0.0,0,0,0.0
2020-01-04,0,1056.0,59.07687961386178,0.0,0.0,0,0,0.0
2020-01-05,0,1055.0,59.07687961386178,0.0,0.0,0,0,0.0
2020-01-06,0,1054.0,59.07687961386178,0.0,0.0,0,0,0.0
2020-01-07,0,1053.0,59.07687961386178,0.0,0.0,0,0,0.0
2020-01-08,0,1052.0,59.07687961386178,0.0,0.0,0,0,0.0
2020-01-09,0,1051.0,59.07687961386178,0.0,0.0,0,0,0.0
2020-01-10,0,1050.0,59.07687961386178,0.0,0.0,0,0,0.0
2020-01-11,0,1049.0,59.07687961386178,0.0,0.0,0,0,0.0
2020-01-12,0,1048.0,59.07687961386178,0.0,0.0,0,0,0.0
2020-01-13,0,1047.0,59.07687961386178,0.0,0.0,0,0,0.0
2020-01-14,0,1046.0,59.07687961386178,0.0,0.0,0,0,0.0
2020-01-15,0,1045.0,59.07687961386178,0.0,0.0,0,0,0.0
2020-01-16,0,1044.0,59.07687961386178,0.0,0.0,0,0,0.0
2020-01-17,0,1043.0,59.07687961386178,0.0,0.0,0,0,0.0
2020-01-18,0,1042.0,59.07687961386178,0.0,0.0,0,0,0.0
2020-01-19,0,1041.0,59.07687961386178,0.0,0.0,0,0,0.0
2020-01-20,0,1040.0,59.07687961386178,0.0,0.0,0,0,0.0
2020-01-21,0,1039.0,59.07687961386178,0.0,0.0,0,0,0.0
2020-01-22,0,1038.0,59.07687961386178,0.0,0.0,0,0,0.0
2020-01-23,0,1037.0,59.07687961386178,0.0,0.0,0,0,0.0
2020-01-24,0,1036.0,59.07687961386178,0.0,0.0,0,0,0.0
2020-01-25,0,1035.0,59.07687961386178,0.0,0.0,0,0,0.0
2020-01-26,0,1034.0,59.07687961386178,0.0,0.0,0,0,0.0
2020-01-27,0,1033.0,59.07687961386178,0.0,0.0,0,0,0.0
2020-01-28,0,1032.0,59.07687961386178,0.0,0.0,0,0,0.0
2020-01-29,0,1031.0,59.07687961386178,0.0,0.0,0,0,0.0
2020-01-30,0,1030.0,59.07687961386178,0.0,0.0,0,0,0.0
2020-01-31,0,1029.0,59.07687961386178,0.0,0.0,0,0,0.0
2020-02-01,0,1028.0,59.07687961386178,0.0,0.0,0,0,0.0
2020-02-02,0,1027.0,59.07687961386178,0.0,0.0,0,0,0.0
2020-02-03,0,1026.0,59.07687961386178,0.0,0.0,0,0,0.0
2020-02-04,0,1025.0,59.07687961386178,0.0,0.0,0,0,0.0
2020-02-05,0,1024.0,59.07687961386178,0.0,0.0,0,0,0.0
2020-02-06,0,1023.0,59.07687961386178,0.0,0.0,0,0,0.0
2020-02-07,0,1022.0,59.07687961386178,0.0,0.0,0,0,0.0
2020-02-08,0,1021.0,59.07687961386178,0.0,0.0,0,0,0.0
2020-02-09,0,1020.0,59.07687961386178,0.0,0.0,0,0,0.0
2020-02-10,0,1019.0,59.07687961386178,0.0,0.0,0,0,0.0
2020-02-11,0,1018.0,59.07687961386178,0.0,0.0,0,0,0.0
2020-02-12,0,1017.0,59.07687961386178,0.0,0.0,0,0,0.0
2020-02-13,0,1016.0,59.07687961386178,0.0,0.0,0,0,0.0
2020-02-14,0,1015.0,59.07687961386178,0.0,0.0,0,0,0.0
2020-02-15,0,1014.0,59.07687961386178,0.0,0.0,0,0,0.0
2020-02-16,0,1013.0,59.07687961386178,0.0,0.0,0,0,0.0
2020-02-17,0,1012.0,59.07687961386178,0.0,0.0,0,0,0.0
2020-02-18,0,1011.0,59.07687961386178,0.0,0.0,0,0,0.0
2020-02-19,0,1010.0,59.07687961386178,0.0,0.0,0,0,0.0
2020-02-20,0,1009.0,59.07687961386178,0.0,0.0,0,0,0.0
2020-02-21,0,1008.0,59.07687961386178,0.0,0.0,0,0,0.0
2020-02-22,0,1007.0,59.07687961386178,0.0,0.0,0,0,0.0
2020-02-23,0,1006.0,59.07687961386178,0.0,0.0,0,0,0.0
2020-02-24,0,1005.0,59.07687961386178,0.0,0.0,0,0,0.0
2020-02-25,0,1004.0,59.07687961386178,0.0,0.0,0,0,0.0
2020-02-26,0,1003.0,59.07687961386178,0.0,0.0,0,0,0.0
2020-02-27,0,1002.0,59.07687961386178,0.0,0.0,0,0,0.0
2020-02-28,0,1001.0,59.07687961386178,0.0,0.0,0,0,0.0
2020-02-29,0,1000.0,59.07687961386178,0.0,0.0,0,0,0.0
2020-03-01,0,999.0,59.07687961386178,0.0,0.0,0,0,0.0
2020-03-02,0,998.0,59.07687961386178,0.0,0.0,0,0,0.0
2020-03-03,0,997.0,59.07687961386178,0.0,0.0,0,0,0.0
2020-03-04,0,996.0,59.07687961386178,0.0,0.0,0,0,0.0
2020-03-05,0,995.0,59.07687961386178,0.0,0.0,0,0,0.0
2020-03-06,0,994.0,59.07687961386178,0.0,0.0,0,0,0.0
2020-03-07,0,993.0,59.07687961386178,0.0,0.0,0,0,0.0
2020-03-08,0,992.0,59.07687961386178,0.0,0.0,0,0,0.0
2020-03-09,0,991.0,59.07687961386178,0.0,0.0,0,0,0.0
2020-03-10,0,990.0,59.07687961386178,0.0,0.0,0,0,0.0
2020-03-11,0,989.0,59.07687961386178,0.0,0.0,0,0,0.0
2020-03-12,0,988.0,59.07687961386178,0.0,0.0,0,0,0.0
2020-03-13,0,987.0,59.07687961386178,0.0,0.0,0,0,0.0
2020-03-14,0,986.0,59.07687961386178,0.0,0.0,0,0,0.0
2020-03-15,0,985.0,59.07687961386178,0.0,0.0,0,0,0.0
2020-03-16,0,984.0,59.07687961386178,0.0,0.0,0,0,0.0
2020-03-17,0,983.0,59.07687961386178,0.0,0.0,0,0,0.0
2020-03-18,0,982.0,59.07687961386178,0.0,0.0,0,0,0.0
2020-03-19,0,981.0,59.07687961386178,0.0,0.0,0,0,0.0
2020-03-20,0,980.0,59.07687961386178,0.0,0.0,0,0,0.0
2020-03-21,0,979.0,59.07687961386178,0.0,0.0,0,0,0.0
2020-03-22,0,978.0,59.07687961386178,0.0,0.0,0,0,0.0
2020-03-23,0,977.0,59.07687961386178,0.0,0.0,0,0,0.0
2020-03-24,0,976.0,59.07687961386178,0.0,0.0,0,0,0.0
2020-03-25,0,975.0,59.07687961386178,0.0,0.0,0,0,0.0
2020-03-26,0,974.0,59.07687961386178,0.0,0.0,0,0,0.0
2020-03-27,0,973.0,59.07687961386178,0.0,0.0,0,0,0.0
2020-03-28,0,972.0,59.07687961386178,0.0,0.0,0,0,0.0
2020-03-29,0,971.0,59.07687961386178,0.0,0.0,0,0,0.0
2020-03-30,0,970.0,59.07687961386178,0.0,0.0,0,0,0.0
2020-03-31,0,969.0,59.07687961386178,0.0,0.0,0,0,0.0
2020-04-01,0,968.0,59.07687961386178,0.0,0.0,0,0,0.0
2020-04-02,0,967.0,59.07687961386178,0.0,0.0,0,0,0.0
2020-04-03,0,966.0,59.07687961386178,0.0,0.0,0,0,0.0
2020-04-04,0,965.0,59.07687961386178,0.0,0.0,0,0,0.0
2020-04-05,0,964.0,59.07687961386178,0.0,0.0,0,0,0.0
2020-04-06,0,963.0,59.07687961386178,0.0,0.0,0,0,0.0
2020-04-07,0,962.0,59.07687961386178,0.0,0.0,0,0,0.0
2020-04-08,0,961.0,59.07687961386178,0.0,0.0,0,0,0.0
2020-04-09,0,960.0,59.07687961386178,0.0,0.0,0,0,0.0
2020-04-10,0,959.0,59.07687961386178,0.0,0.0,0,0,0.0
2020-04-11,0,958.0,59.07687961386178,0.0,0.0,0,0,0.0
2020-04-12,0,957.0,59.07687961386178,0.0,0.0,0,0,0.0
2020-04-13,0,956.0,59.07687961386178,0.0,0.0,0,0,0.0
2020-04-14,0,955.0,59.07687961386178,0.0,0.0,0,0,0.0
2020-04-15,0,954.0,59.07687961386178,0.0,0.0,0,0,0.0
2020-04-16,0,953.0,59.07687961386178,0.0,0.0,0,0,0.0
2020-04-17,0,952.0,59.07687961386178,0.0,0.0,0,0,0.0
2020-04-18,0,951.0,59.07687961386178,0.0,0.0,0,0,0.0
2020-04-19,0,950.0,59.07687961386178,0.0,0.0,0,0,0.0
2020-04-20,0,949.0,59.07687961386178,0.0,0.0,0,0,0.0
2020-04-21,0,948.0,59.07687961386178,0.0,0.0,0,0,0.0
2020-04-22,0,947.0,59.07687961386178,0.0,0.0,0,0,0.0
2020-04-23,0,946.0,59.07687961386178,0.0,0.0,0,0,0.0
2020-04-24,0,945.0,59.07687961386178,0.0,0.0,0,0,0.0
2020-04-25,0,944.0,59.07687961386178,0.0,0.0,0,0,0.0
2020-04-26,0,943.0,59.07687961386178,0.0,0.0,0,0,0.0
2020-04-27,0,942.0,59.07687961386178,0.0,0.0,0,0,0.0
2020-04-28,0,941.0,59.07687961386178,0.0,0.0,0,0,0.0
2020-04-29,0,940.0,59.07687961386178,0.0,0.0,0,0,0.0
2020-04-30,0,939.0,59.07687961386178,0.0,0.0,0,0,0.0
2020-05-01,0,938.0,59.07687961386178,0.0,0.0,0,0,0.0
2020-05-02,0,937.0,59.07687961386178,0.0,0.0,0,0,0.0
2020-05-03,0,936.0,59.07687961386178,0.0,0.0,0,0,0.0
2020-05-04,0,935.0,59.07687961386178,0.0,0.0,0,0,0.0
2020-05-05,0,934.0,59.07687961386178,0.0,0.0,0,0,0.0
2020-05-06,0,933.0,59.07687961386178,0.0,0.0,0,0,0.0
2020-05-07,0,932.0,59.07687961386178,0.0,0.0,0,0,0.0
2020-05-08,0,931.0,59.07687961386178,0.0,0.0,0,0,0.0
2020-05-09,0,930.0,59.07687961386178,0.0,0.0,0,0,0.0
2020-05-10,0,929.0,59.07687961386178,0.0,0.0,0,0,0.0
2020-05-11,0,928.0,59.07687961386178,0.0,0.0,0,0,0.0
2020-05-12,0,927.0,59.07687961386178,0.0,0.0,0,0,0.0
2020-05-13,0,926.0,59.07687961386178,0.0,0.0,0,0,0.0
2020-05-14,0,925.0,59.07687961386178,0.0,0.0,0,0,0.0
2020-05-15,0,924.0,59.07687961386178,0.0,0.0,0,0,0.0
2020-05-16,0,923.0,59.07687961386178,0.0,0.0,0,0,0.0
2020-05-17,0,922.0,59.07687961386178,0.0,0.0,0,0,0.0
2020-05-18,0,921.0,59.07687961386178,0.0,0.0,0,0,0.0
2020-05-19,0,920.0,59.07687961386178,0.0,0.0,0,0,0.0
2020-05-20,0,919.0,59.07687961386178,0.0,0.0,0,0,0.0
2020-05-21,0,918.0,59.07687961386178,0.0,0.0,0,0,0.0
2020-05-22,0,917.0,59.07687961386178,0.0,0.0,0,0,0.0
2020-05-23,0,916.0,59.07687961386178,0.0,0.0,0,0,0.0
2020-05-24,0,915.0,59.07687961386178,0.0,0.0,0,0,0.0
2020-05-25,0,914.0,59.07687961386178,0.0,0.0,0,0,0.0
2020-05-26,0,913.0,59.07687961386178,0.0,0.0,0,0,0.0
2020-05-27,0,912.0,59.07687961386178,0.0,0.0,0,0,0.0
2020-05-28,0,911.0,59.07687961386178,0.0,0.0,0,0,0.0
2020-05-29,0,910.0,59.07687961386178,0.0,0.0,0,0,0.0
2020-05-30,0,909.0,59.07687961386178,0.0,0.0,0,0,0.0
2020-05-31,0,908.0,59.07687961386178,0.0,0.0,0,0,0.0
2020-06-01,0,907.0,59.07687961386178,0.0,0.0,0,0,0.0
2020-06-02,0,906.0,59.07687961386178,0.0,0.0,0,0,0.0
2020-06-03,0,905.0,59.07687961386178,0.0,0.0,0,0,0.0
2020-06-04,0,904.0,59.07687961386178,0.0,0.0,0,0,0.0
2020-06-05,0,903.0,59.07687961386178,0.0,0.0,0,0,0.0
2020-06-06,0,902.0,59.07687961386178,0.0,0.0,0,0,0.0
2020-06-07,0,901.0,59.07687961386178,0.0,0.0,0,0,0.0
2020-06-08,0,900.0,59.07687961386178,0.0,0.0,0,0,0.0
2020-06-09,0,899.0,59.07687961386178,0.0,0.0,0,0,0.0
2020-06-10,0,898.0,59.07687961386178,0.0,0.0,0,0,0.0
2020-06-11,0,897.0,59.07687961386178,0.0,0.0,0,0,0.0
2020-06-12,0,896.0,59.07687961386178,0.0,0.0,0,0,0.0
2020-06-13,0,895.0,59.07687961386178,0.0,0.0,0,0,0.0
2020-06-14,0,894.0,59.07687961386178,0.0,0.0,0,0,0.0
2020-06-15,0,893.0,59.07687961386178,0.0,0.0,0,0,0.0
2020-06-16,0,892.0,59.07687961386178,0.0,0.0,0,0,0.0
2020-06-17,0,891.0,59.07687961386178,0.0,0.0,0,0,0.0
2020-06-18,0,890.0,59.07687961386178,0.0,0.0,0,0,0.0
2020-06-19,0,889.0,59.07687961386178,0.0,0.0,0,0,0.0
2020-06-20,0,888.0,59.07687961386178,0.0,0.0,0,0,0.0
2020-06-21,0,887.0,59.07687961386178,0.0,0.0,0,0,0.0
2020-06-22,0,886.0,59.07687961386178,0.0,0.0,0,0,0.0
2020-06-23,0,885.0,59.07687961386178,0.0,0.0,0,0,0.0
2020-06-24,0,884.0,59.07687961386178,0.0,0.0,0,0,0.0
2020-06-25,0,883.0,59.07687961386178,0.0,0.0,0,0,0.0
2020-06-26,0,882.0,59.07687961386178,0.0,0.0,0,0,0.0
2020-06-27,0,881.0,59.07687961386178,0.0,0.0,0,0,0.0
2020-06-28,0,880.0,59.07687961386178,0.0,0.0,0,0,0.0
2020-06-29,0,879.0,59.07687961386178,0.0,0.0,0,0,0.0
2020-06-30,0,878.0,59.07687961386178,0.0,0.0,0,0,0.0
2020-07-01,0,877.0,59.07687961386178,0.0,0.0,0,0,0.0
2020-07-02,0,876.0,59.07687961386178,0.0,0.0,0,0,0.0
2020-07-03,0,875.0,59.07687961386178,0.0,0.0,0,0,0.0
2020-07-04,0,874.0,59.07687961386178,0.0,0.0,0,0,0.0
2020-07-05,0,873.0,59.07687961386178,0.0,0.0,0,0,0.0
2020-07-06,0,872.0,59.07687961386178,0.0,0.0,0,0,0.0
2020-07-07,0,871.0,59.07687961386178,0.0,0.0,0,0,0.0
2020-07-08,0,870.0,59.07687961386178,0.0,0.0,0,0,0.0
2020-07-09,0,869.0,59.07687961386178,0.0,0.0,0,0,0.0
2020-07-10,0,868.0,59.07687961386178,0.0,0.0,0,0,0.0
2020-07-11,0,867.0,59.07687961386178,0.0,0.0,0,0,0.0
2020-07-12,0,866.0,59.07687961386178,0.0,0.0,0,0,0.0
2020-07-13,0,865.0,59.07687961386178,0.0,0.0,0,0,0.0
2020-07-14,0,864.0,59.07687961386178,0.0,0.0,0,0,0.0
2020-07-15,0,863.0,59.07687961386178,0.0,0.0,0,0,0.0
2020-07-16,0,862.0,59.07687961386178,0.0,0.0,0,0,0.0
2020-07-17,0,861.0,59.07687961386178,0.0,0.0,0,0,0.0
2020-07-18,0,860.0,59.07687961386178,0.0,0.0,0,0,0.0
2020-07-19,0,859.0,59.07687961386178,0.0,0.0,0,0,0.0
2020-07-20,0,858.0,59.07687961386178,0.0,0.0,0,0,0.0
2020-07-21,0,857.0,59.07687961386178,0.0,0.0,0,0,0.0
2020-07-22,0,856.0,59.07687961386178,0.0,0.0,0,0,0.0
2020-07-23,0,855.0,59.07687961386178,0.0,0.0,0,0,0.0
2020-07-24,0,854.0,59.07687961386178,0.0,0.0,0,0,0.0
2020-07-25,0,853.0,59.07687961386178,0.0,0.0,0,0,0.0
2020-07-26,0,852.0,59.07687961386178,0.0,0.0,0,0,0.0
2020-07-27,0,851.0,59.07687961386178,0.0,0.0,0,0,0.0
2020-07-28,0,850.0,59.07687961386178,0.0,0.0,0,0,0.0
2020-07-29,0,849.0,59.07687961386178,0.0,0.0,0,0,0.0
2020-07-30,0,848.0,59.07687961386178,0.0,0.0,0,0,0.0
2020-07-31,0,847.0,59.07687961386178,0.0,0.0,0,0,0.0
2020-08-01,0,846.0,59.07687961386178,0.0,0.0,0,0,0.0
2020-08-02,0,845.0,59.07687961386178,0.0,0.0,0,0,0.0
2020-08-03,0,844.0,59.07687961386178,0.0,0.0,0,0,0.0
2020-08-04,0,843.0,59.07687961386178,0.0,0.0,0,0,0.0
2020-08-05,0,842.0,59.07687961386178,0.0,0.0,0,0,0.0
2020-08-06,0,841.0,59.07687961386178,0.0,0.0,0,0,0.0
2020-08-07,0,840.0,59.07687961386178,0.0,0.0,0,0,0.0
2020-08-08,0,839.0,59.07687961386178,0.0,0.0,0,0,0.0
2020-08-09,0,838.0,59.07687961386178,0.0,0.0,0,0,0.0
2020-08-10,0,837.0,59.07687961386178,0.0,0.0,0,0,0.0
2020-08-11,0,836.0,59.07687961386178,0.0,0.0,0,0,0.0
2020-08-12,0,835.0,59.07687961386178,0.0,0.0,0,0,0.0
2020-08-13,0,834.0,59.07687961386178,0.0,0.0,0,0,0.0
2020-08-14,0,833.0,59.07687961386178,0.0,0.0,0,0,0.0
2020-08-15,0,832.0,59.07687961386178,0.0,0.0,0,0,0.0
2020-08-16,0,831.0,59.07687961386178,0.0,0.0,0,0,0.0
2020-08-17,0,830.0,59.07687961386178,0.0,0.0,0,0,0.0
2020-08-18,0,829.0,59.07687961386178,0.0,0.0,0,0,0.0
2020-08-19,0,828.0,59.07687961386178,0.0,0.0,0,0,0.0
2020-08-20,0,827.0,59.07687961386178,0.0,0.0,0,0,0.0
2020-08-21,0,826.0,59.07687961386178,0.0,0.0,0,0,0.0
2020-08-22,0,825.0,59.07687961386178,0.0,0.0,0,0,0.0
2020-08-23,0,824.0,59.07687961386178,0.0,0.0,0,0,0.0
2020-08-24,0,823.0,59.07687961386178,0.0,0.0,0,0,0.0
2020-08-25,0,822.0,59.07687961386178,0.0,0.0,0,0,0.0
2020-08-26,0,821.0,59.07687961386178,0.0,0.0,0,0,0.0
2020-08-27,0,820.0,59.07687961386178,0.0,0.0,0,0,0.0
2020-08-28,0,819.0,59.07687961386178,0.0,0.0,0,0,0.0
2020-08-29,0,818.0,59.07687961386178,0.0,0.0,0,0,0.0
2020-08-30,0,817.0,59.07687961386178,0.0,0.0,0,0,0.0
2020-08-31,0,816.0,59.07687961386178,0.0,0.0,0,0,0.0
2020-09-01,0,815.0,59.07687961386178,0.0,0.0,0,0,0.0
2020-09-02,0,814.0,59.07687961386178,0.0,0.0,0,0,0.0
2020-09-03,0,813.0,59.07687961386178,0.0,0.0,0,0,0.0
2020-09-04,0,812.0,59.07687961386178,0.0,0.0,0,0,0.0
2020-09-05,0,811.0,59.07687961386178,0.0,0.0,0,0,0.0
2020-09-06,0,810.0,59.07687961386178,0.0,0.0,0,0,0.0
2020-09-07,0,809.0,59.07687961386178,0.0,0.0,0,0,0.0
2020-09-08,0,808.0,59.07687961386178,0.0,0.0,0,0,0.0
2020-09-09,0,807.0,59.07687961386178,0.0,0.0,0,0,0.0
2020-09-10,0,806.0,59.07687961386178,0.0,0.0,0,0,0.0
2020-09-11,0,805.0,59.07687961386178,0.0,0.0,0,0,0.0
2020-09-12,0,804.0,59.07687961386178,0.0,0.0,0,0,0.0
2020-09-13,0,803.0,59.07687961386178,0.0,0.0,0,0,0.0
2020-09-14,0,802.0,59.07687961386178,0.0,0.0,0,0,0.0
2020-09-15,0,801.0,59.07687961386178,0.0,0.0,0,0,0.0
2020-09-16,0,800.0,59.07687961386178,0.0,0.0,0,0,0.0
2020-09-17,0,799.0,59.07687961386178,0.0,0.0,0,0,0.0
2020-09-18,0,798.0,59.07687961386178,0.0,0.0,0,0,0.0
2020-09-19,0,797.0,59.07687961386178,0.0,0.0,0,0,0.0
2020-09-20,0,796.0,59.07687961386178,0.0,0.0,0,0,0.0
2020-09-21,0,795.0,59.07687961386178,0.0,0.0,0,0,0.0
2020-09-22,0,794.0,59.07687961386178,0.0,0.0,0,0,0.0
2020-09-23,0,793.0,59.07687961386178,0.0,0.0,0,0,0.0
2020-09-24,0,792.0,59.07687961386178,0.0,0.0,0,0,0.0
2020-09-25,0,791.0,59.07687961386178,0.0,0.0,0,0,0.0
2020-09-26,0,790.0,59.07687961386178,0.0,0.0,0,0,0.0
2020-09-27,0,789.0,59.07687961386178,0.0,0.0,0,0,0.0
2020-09-28,0,788.0,59.07687961386178,0.0,0.0,0,0,0.0
2020-09-29,0,787.0,59.07687961386178,0.0,0.0,0,0,0.0
2020-09-30,0,786.0,59.07687961386178,0.0,0.0,0,0,0.0
2020-10-01,0,785.0,59.07687961386178,0.0,0.0,0,0,0.0
2020-10-02,0,784.0,59.07687961386178,0.0,0.0,0,0,0.0
2020-10-03,0,783.0,59.07687961386178,0.0,0.0,0,0,0.0
2020-10-04,0,782.0,59.07687961386178,0.0,0.0,0,0,0.0
2020-10-05,0,781.0,59.07687961386178,0.0,0.0,0,0,0.0
2020-10-06,0,780.0,59.07687961386178,0.0,0.0,0,0,0.0
2020-10-07,0,779.0,59.07687961386178,0.0,0.0,0,0,0.0
2020-10-08,0,778.0,59.07687961386178,0.0,0.0,0,0,0.0
2020-10-09,0,777.0,59.07687961386178,0.0,0.0,0,0,0.0
2020-10-10,0,776.0,59.07687961386178,0.0,0.0,0,0,0.0
2020-10-11,0,775.0,59.07687961386178,0.0,0.0,0,0,0.0
2020-10-12,0,774.0,59.07687961386178,0.0,0.0,0,0,0.0
2020-10-13,0,773.0,59.07687961386178,0.0,0.0,0,0,0.0
2020-10-14,0,772.0,59.07687961386178,0.0,0.0,0,0,0.0
2020-10-15,0,771.0,59.07687961386178,0.0,0.0,0,0,0.0
2020-10-16,0,770.0,59.07687961386178,0.0,0.0,0,0,0.0
2020-10-17,0,769.0,59.07687961386178,0.0,0.0,0,0,0.0
2020-10-18,0,768.0,59.07687961386178,0.0,0.0,0,0,0.0
2020-10-19,0,767.0,59.07687961386178,0.0,0.0,0,0,0.0
2020-10-20,0,766.0,59.07687961386178,0.0,0.0,0,0,0.0
2020-10-21,0,765.0,59.07687961386178,0.0,0.0,0,0,0.0
2020-10-22,0,764.0,59.07687961386178,0.0,0.0,0,0,0.0
2020-10-23,0,763.0,59.07687961386178,0.0,0.0,0,0,0.0
2020-10-24,0,762.0,59.07687961386178,0.0,0.0,0,0,0.0
2020-10-25,0,761.0,59.07687961386178,0.0,0.0,0,0,0.0
2020-10-26,0,760.0,59.07687961386178,0.0,0.0,0,0,0.0
2020-10-27,0,759.0,59.07687961386178,0.0,0.0,0,0,0.0
2020-10-28,0,758.0,59.07687961386178,0.0,0.0,0,0,0.0
2020-10-29,0,757.0,59.07687961386178,0.0,0.0,0,0,0.0
2020-10-30,0,756.0,59.07687961386178,0.0,0.0,0,0,0.0
2020-10-31,0,755.0,59.07687961386178,0.0,0.0,0,0,0.0
2020-11-01,0,754.0,59.07687961386178,0.0,0.0,0,0,0.0
2020-11-02,0,753.0,59.07687961386178,0.0,0.0,0,0,0.0
2020-11-03,0,752.0,59.07687961386178,0.0,0.0,0,0,0.0
2020-11-04,0,751.0,59.07687961386178,0.0,0.0,0,0,0.0
2020-11-05,0,750.0,59.07687961386178,0.0,0.0,0,0,0.0
2020-11-06,0,749.0,59.07687961386178,0.0,0.0,0,0,0.0
2020-11-07,0,748.0,59.07687961386178,0.0,0.0,0,0,0.0
2020-11-08,0,747.0,59.07687961386178,0.0,0.0,0,0,0.0
2020-11-09,0,746.0,59.07687961386178,0.0,0.0,0,0,0.0
2020-11-10,0,745.0,59.07687961386178,0.0,0.0,0,0,0.0
2020-11-11,0,744.0,59.07687961386178,0.0,0.0,0,0,0.0
2020-11-12,0,743.0,59.07687961386178,0.0,0.0,0,0,0.0
2020-11-13,0,742.0,59.07687961386178,0.0,0.0,0,0,0.0
2020-11-14,0,741.0,59.07687961386178,0.0,0.0,0,0,0.0
2020-11-15,0,740.0,59.07687961386178,0.0,0.0,0,0,0.0
2020-11-16,0,739.0,59.07687961386178,0.0,0.0,0,0,0.0
2020-11-17,0,738.0,59.07687961386178,0.0,0.0,0,0,0.0
2020-11-18,0,737.0,59.07687961386178,0.0,0.0,0,0,0.0
2020-11-19,0,736.0,59.07687961386178,0.0,0.0,0,0,0.0
2020-11-20,0,735.0,59.07687961386178,0.0,0.0,0,0,0.0
2020-11-21,0,734.0,59.07687961386178,0.0,0.0,0,0,0.0
2020-11-22,0,733.0,59.07687961386178,0.0,0.0,0,0,0.0
2020-11-23,0,732.0,59.07687961386178,0.0,0.0,0,0,0.0
2020-11-24,0,731.0,59.07687961386178,0.0,0.0,0,0,0.0
2020-11-25,0,730.0,59.07687961386178,0.0,0.0,0,0,0.0
2020-11-26,0,729.0,59.07687961386178,0.0,0.0,0,0,0.0
2020-11-27,0,728.0,59.07687961386178,0.0,0.0,0,0,0.0
2020-11-28,0,727.0,59.07687961386178,0.0,0.0,0,0,0.0
2020-11-29,0,726.0,59.07687961386178,0.0,0.0,0,0,0.0
2020-11-30,0,725.0,59.07687961386178,0.0,0.0,0,0,0.0
2020-12-01,0,724.0,59.07687961386178,0.0,0.0,0,0,0.0
2020-12-02,0,723.0,59.07687961386178,0.0,0.0,0,0,0.0
2020-12-03,0,722.0,59.07687961386178,0.0,0.0,0,0,0.0
2020-12-04,0,721.0,59.07687961386178,0.0,0.0,0,0,0.0
2020-12-05,0,720.0,59.07687961386178,0.0,0.0,0,0,0.0
2020-12-06,0,719.0,59.07687961386178,0.0,0.0,0,0,0.0
2020-12-07,0,718.0,59.07687961386178,0.0,0.0,0,0,0.0
2020-12-08,0,717.0,59.07687961386178,0.0,0.0,0,0,0.0
2020-12-09,0,716.0,59.07687961386178,0.0,0.0,0,0,0.0
2020-12-10,0,715.0,59.07687961386178,0.0,0.0,0,0,0.0
2020-12-11,0,714.0,59.07687961386178,0.0,0.0,0,0,0.0
2020-12-12,0,713.0,59.07687961386178,0.0,0.0,0,0,0.0
2020-12-13,0,712.0,59.07687961386178,0.0,0.0,0,0,0.0
2020-12-14,0,711.0,59.07687961386178,0.0,0.0,0,0,0.0
2020-12-15,0,710.0,59.07687961386178,0.0,0.0,0,0,0.0
2020-12-16,0,709.0,59.07687961386178,0.0,0.0,0,0,0.0
2020-12-17,0,708.0,59.07687961386178,0.0,0.0,0,0,0.0
2020-12-18,0,707.0,59.07687961386178,0.0,0.0,0,0,0.0
2020-12-19,0,706.0,59.07687961386178,0.0,0.0,0,0,0.0
2020-12-20,0,705.0,59.07687961386178,0.0,0.0,0,0,0.0
2020-12-21,0,704.0,59.07687961386178,0.0,0.0,0,0,0.0
2020-12-22,0,703.0,59.07687961386178,0.0,0.0,0,0,0.0
2020-12-23,0,702.0,59.07687961386178,0.0,0.0,0,0,0.0
2020-12-24,0,701.0,59.07687961386178,0.0,0.0,0,0,0.0
2020-12-25,0,700.0,59.07687961386178,0.0,0.0,0,0,0.0
2020-12-26,0,699.0,59.07687961386178,0.0,0.0,0,0,0.0
2020-12-27,0,698.0,59.07687961386178,0.0,0.0,0,0,0.0
2020-12-28,0,697.0,59.07687961386178,0.0,0.0,0,0,0.0
2020-12-29,0,696.0,59.07687961386178,0.0,0.0,0,0,0.0
2020-12-30,0,695.0,59.07687961386178,0.0,0.0,0,0,0.0
2020-12-31,0,694.0,59.07687961386178,0.0,0.0,0,0,0.0
2021-01-01,0,693.0,59.07687961386178,0.0,0.0,0,0,0.0
2021-01-02,0,692.0,59.07687961386178,0.0,0.0,0,0,0.0
2021-01-03,0,691.0,59.07687961386178,0.0,0.0,0,0,0.0
2021-01-04,0,690.0,59.07687961386178,0.0,0.0,0,0,0.0
2021-01-05,0,689.0,59.07687961386178,0.0,0.0,0,0,0.0
2021-01-06,0,688.0,59.07687961386178,0.0,0.0,0,0,0.0
2021-01-07,0,687.0,59.07687961386178,0.0,0.0,0,0,0.0
2021-01-08,0,686.0,59.07687961386178,0.0,0.0,0,0,0.0
2021-01-09,0,685.0,59.07687961386178,0.0,0.0,0,0,0.0
2021-01-10,0,684.0,59.07687961386178,0.0,0.0,0,0,0.0
2021-01-11,0,683.0,59.07687961386178,0.0,0.0,0,0,0.0
2021-01-12,0,682.0,59.07687961386178,0.0,0.0,0,0,0.0
2021-01-13,0,681.0,59.07687961386178,0.0,0.0,0,0,0.0
2021-01-14,0,680.0,59.07687961386178,0.0,0.0,0,0,0.0
2021-01-15,0,679.0,59.07687961386178,0.0,0.0,0,0,0.0
2021-01-16,0,678.0,59.07687961386178,0.0,0.0,0,0,0.0
2021-01-17,0,677.0,59.07687961386178,0.0,0.0,0,0,0.0
2021-01-18,0,676.0,59.07687961386178,0.0,0.0,0,0,0.0
2021-01-19,0,675.0,59.07687961386178,0.0,0.0,0,0,0.0
2021-01-20,0,674.0,59.07687961386178,0.0,0.0,0,0,0.0
2021-01-21,0,673.0,59.07687961386178,0.0,0.0,0,0,0.0
2021-01-22,0,672.0,59.07687961386178,0.0,0.0,0,0,0.0
2021-01-23,0,671.0,59.07687961386178,0.0,0.0,0,0,0.0
2021-01-24,0,670.0,59.07687961386178,0.0,0.0,0,0,0.0
2021-01-25,0,669.0,59.07687961386178,0.0,0.0,0,0,0.0
2021-01-26,0,668.0,59.07687961386178,0.0,0.0,0,0,0.0
2021-01-27,0,667.0,59.07687961386178,0.0,0.0,0,0,0.0
2021-01-28,0,666.0,59.07687961386178,0.0,0.0,0,0,0.0
2021-01-29,0,665.0,59.07687961386178,0.0,0.0,0,0,0.0
2021-01-30,0,664.0,59.07687961386178,0.0,0.0,0,0,0.0
2021-01-31,0,663.0,59.07687961386178,0.0,0.0,0,0,0.0
2021-02-01,0,662.0,59.07687961386178,0.0,0.0,0,0,0.0
2021-02-02,0,661.0,59.07687961386178,0.0,0.0,0,0,0.0
2021-02-03,0,660.0,59.07687961386178,0.0,0.0,0,0,0.0
2021-02-04,0,659.0,59.07687961386178,0.0,0.0,0,0,0.0
2021-02-05,0,658.0,59.07687961386178,0.0,0.0,0,0,0.0
2021-02-06,0,657.0,59.07687961386178,0.0,0.0,0,0,0.0
2021-02-07,0,656.0,59.07687961386178,0.0,0.0,0,0,0.0
2021-02-08,0,655.0,59.07687961386178,0.0,0.0,0,0,0.0
2021-02-09,0,654.0,60.0,0.042,0.0,4,8,0.0
2021-02-10,0,653.0,60.0,0.094,0.0,5,10,0.0
2021-02-11,0,652.0,60.0,0.174,0.0,9,16,0.0
2021-02-12,0,651.0,60.0,0.278,0.0,12,22,0.0
2021-02-13,0,650.0,60.0,0.365,0.0,9,18,0.0
2021-02-14,0,649.0,60.0,0.468,0.0,11,22,0.0
2021-02-15,0,648.0,60.0,0.52,0.0,6,10,0.0
2021-02-16,0,647.0,60.0,0.568,0.0,9,8,0.0
2021-02-17,0,646.0,60.0,0.624,0.0,10,10,0.0
2021-02-18,0,645.0,60.0,0.667,0.0,5,8,0.0
2021-02-19,0,644.0,60.0,0.689,0.0,3,4,0.0
2021-02-20,0,643.0,60.0,0.712,0.0,3,4,0.0
2021-02-21,0,642.0,60.0,0.733,0.0,2,4,0.0
2021-02-22,0,641.0,60.0,0.754,0.0,2,4,0.0
2021-02-23,0,640.0,60.0,0.775,0.0,2,4,0.0
2021-02-24,0,639.0,60.0,0.796,0.0,2,4,0.0
2021-02-25,0,638.0,60.0,0.817,0.0,2,4,0.0
2021-02-26,0,637.0,60.0,0.848,0.0,3,6,0.0
2021-02-27,0,636.0,60.0,0.88,0.0,3,6,0.0
2021-02-28,0,635.0,60.0,0.921,0.0,4,8,0.0
2021-03-01,0,634.0,60.0,0.963,0.0,4,8,0.0
2021-03-02,0,633.0,60.0,1.004,0.0,4,8,0.0
2021-03-03,0,632.0,60.0,1.046,0.0,4,8,0.0
2021-03-04,0,631.0,60.0,1.087,0.0,4,8,0.0
2021-03-05,0,630.0,60.0,1.129,0.0,4,8,0.0
2021-03-06,0,629.0,60.0,1.16,0.0,3,6,0.0
2021-03-07,0,628.0,60.0,1.181,0.0,2,4,0.0
2021-03-08,0,627.0,60.0,1.202,0.0,2,4,0.0
2021-03-09,0,626.0,60.0,1.223,0.0,2,4,0.0
2021-03-10,0,625.0,60.0,1.244,0.0,2,4,0.0
2021-03-11,0,624.0,60.0,1.265,0.0,2,4,0.0
2021-03-12,0,623.0,60.0,1.286,0.0,2,4,0.0
2021-03-13,0,622.0,60.0,1.307,0.0,2,4,0.0
2021-03-14,0,621.0,60.0,1.328,0.0,2,4,0.0
2021-03-15,0,620.0,60.0,1.359,0.0,3,6,0.0
2021-03-16,0,619.0,60.0,1.39,0.0,3,6,0.0
2021-03-17,0,618.0,60.0,1.431,0.0,4,8,0.0
2021-03-18,0,617.0,60.0,1.473,0.0,4,8,0.0
2021-03-19,0,616.0,60.0,1.514,0.0,4,8,0.0
2021-03-20,0,615.0,60.0,1.555,0.0,4,8,0.0
2021-03-21,0,614.0,60.0,1.596,0.0,4,8,0.0
2021-03-22,0,613.0,60.0,1.628,0.0,3,6,0.0
2021-03-23,0,612.0,60.0,1.662,0.0,6,6,0.0
2021-03-24,0,611.0,60.0,1.683,0.0,2,4,0.0
2021-03-25,0,610.0,60.0,1.704,0.0,2,4,0.0
2021-03-26,0,609.0,60.0,1.735,0.0,3,6,0.0
2021-03-27,0,608.0,60.0,1.756,0.0,2,4,0.0
2021-03-28,0,607.0,60.0,1.777,0.0,2,4,0.0
2021-03-29,0,606.0,60.0,1.798,0.0,2,4,0.0
2021-03-30,0,605.0,60.0,1.818,0.0,2,4,0.0
2021-03-31,0,604.0,60.0,1.839,0.0,2,4,0.0
2021-04-01,0,603.0,60.0,1.87,0.0,3,6,0.0
2021-04-02,0,602.0,60.0,1.911,0.0,4,8,0.0
2021-04-03,0,601.0,60.0,1.952,0.0,4,8,0.0
2021-04-04,0,600.0,60.0,1.994,0.0,4,8,0.0
2021-04-05,0,599.0,60.0,2.035,0.0,4,8,0.0
2021-04-06,0,598.0,60.0,2.076,0.0,4,8,0.0
2021-04-07,0,597.0,59.768249999999995,2.117,0.0,4,8,0.0
2021-04-08,0,596.0,59.926875,2.148,0.0,3,6,0.0
2021-04-09,0,595.0,59.9625,2.168,0.0,2,4,0.0
2021-04-10,0,594.0,60.0,2.189,0.0,2,4,0.0
2021-04-11,0,593.0,60.0,2.21,0.0,2,4,0.0
2021-04-12,0,592.0,60.0,2.231,0.0,2,4,0.0
2021-04-13,0,591.0,59.93704545454546,2.251,0.0,2,4,0.0
2021-04-14,0,590.0,59.93704545454546,2.272,0.0,2,4,0.0
2021-04-15,0,589.0,59.93704545454546,2.293,0.0,2,4,0.0
2021-04-16,0,588.0,59.93704545454546,2.314,0.0,2,4,0.0
2021-04-17,0,587.0,59.93704545454546,2.335,0.0,2,4,0.0
2021-04-18,0,586.0,59.93061688311689,2.365,0.0,3,6,0.0
2021-04-19,0,585.0,59.99357142857143,2.406,0.0,4,8,0.0
2021-04-20,0,584.0,59.99357142857143,2.447,0.0,4,8,0.0
2021-04-21,0,583.0,59.99357142857143,2.498,0.0,5,10,0.0
2021-04-22,0,582.0,59.99357142857143,2.539,0.0,4,8,0.0
2021-04-23,0,581.0,59.99357142857143,2.579,0.0,4,8,0.0
2021-04-24,0,580.0,59.99357142857143,2.61,0.0,3,6,0.0
2021-04-25,0,579.0,57.80729603848599,2.621,0.0,1,2,0.0
2021-04-26,0,578.0,59.867,2.642,0.0,3,4,0.0
2021-04-27,0,577.0,59.957652671755724,2.663,0.0,2,4,0.0
2021-04-28,0,576.0,59.957652671755724,2.684,0.0,2,4,0.0
2021-04-29,0,575.0,59.957652671755724,2.704,0.0,2,4,0.0
2021-04-30,0,574.0,59.957652671755724,2.725,0.0,2,4,0.0
2021-05-01,0,573.0,59.94390267175572,2.746,0.0,2,4,0.0
2021-05-02,0,572.0,59.914902671755726,2.766,0.0,2,4,0.0
2021-05-03,0,571.0,59.914902671755726,2.787,0.0,2,4,0.0
2021-05-04,0,570.0,59.99357142857143,2.818,0.0,3,6,0.0
2021-05-05,0,569.0,59.99357142857143,2.858,0.0,4,8,0.0
2021-05-06,0,568.0,59.99357142857143,2.899,0.0,4,8,0.0
2021-05-07,0,567.0,59.99357142857143,2.94,0.0,4,8,0.0
2021-05-08,0,566.0,59.99357142857143,2.98,0.0,4,8,0.0
2021-05-09,0,565.0,59.99357142857143,3.021,0.0,4,8,0.0
2021-05-10,0,564.0,59.99357142857143,3.062,0.0,4,8,0.0
2021-05-11,0,563.0,59.99357142857143,3.092,0.0,3,6,0.0
2021-05-12,0,562.0,59.99357142857143,3.152,0.0,6,12,0.0
2021-05-13,0,561.0,59.99357142857143,3.219,0.0,6,14,0.0
2021-05-14,0,560.0,59.60717261904762,3.312,0.0,10,20,0.0
2021-05-15,0,559.0,59.99357142857143,3.372,0.0,7,12,0.0
2021-05-16,0,558.0,59.85881910235358,3.463,0.0,9,20,0.0
2021-05-17,0,557.0,59.991676245210726,3.531,0.0,7,14,0.0
2021-05-18,0,556.0,59.991676245210726,3.608,0.0,8,16,0.0
2021-05-19,0,555.0,59.99165073500665,3.685,0.0,9,16,0.0
2021-05-20,0,554.0,59.99165073500665,3.753,0.0,7,14,0.0
2021-05-21,0,553.0,59.89259517945109,3.845,0.0,10,20,0.0
2021-05-22,0,552.0,48.88138808628528,3.673,0.0,1,0,0.0
2021-05-23,0,551.0,59.87998406833998,3.772,0.0,11,22,0.0
2021-05-24,0,550.0,59.94626184611776,3.849,0.0,8,16,0.0
2021-05-25,0,549.0,59.73709517945109,3.942,0.0,11,20,0.0
2021-05-26,0,548.0,59.758220179451094,4.033,0.0,10,20,0.0
2021-05-27,0,547.0,59.70477375087967,4.118,0.0,9,18,0.0
2021-05-28,0,546.0,59.72843670283608,4.209,0.0,10,20,0.0
2021-05-29,0,545.0,59.93412693521698,4.277,0.0,7,14,0.0
2021-05-30,0,544.0,59.99965391941567,4.368,0.0,10,20,0.0
2021-05-31,0,543.0,54.55429039496992,4.4,0.0,4,6,0.0
2021-06-01,0,542.0,59.97115391941566,4.441,0.0,5,8,0.0
2021-06-02,0,541.0,59.99965391941567,4.508,0.0,7,14,0.0
2021-06-03,0,540.0,59.99965391941567,4.58,0.0,8,15,0.0
2021-06-04,0,539.0,59.99965391941567,4.664,0.0,9,18,0.0
2021-06-05,0,538.0,59.99965391941567,4.731,0.0,7,14,0.0
2021-06-06,0,537.0,59.99965391941567,4.822,0.0,10,20,0.0
2021-06-07,0,536.0,59.99965391941567,4.898,0.0,8,16,0.0
2021-06-08,0,535.0,59.99965391941567,4.995,0.0,11,22,0.0
2021-06-09,0,534.0,59.99965391941567,5.093,0.0,11,22,0.0
2021-06-10,0,533.0,59.99965391941567,5.22,0.0,16,32,0.0
2021-06-11,0,532.0,59.99965391941567,5.333,0.0,14,27,0.0
2021-06-12,0,531.0,59.99965391941567,5.443,0.0,13,26,0.0
2021-06-13,0,530.0,59.99965391941567,5.559,0.0,14,28,0.0
2021-06-14,0,529.0,59.99965391941567,5.649,0.0,10,20,0.0
2021-06-15,0,528.0,59.99965391941567,5.759,0.0,13,26,0.0
2021-06-16,0,527.0,59.99965391941567,5.841,0.0,9,18,0.0
2021-06-17,0,526.0,59.99965391941567,5.957,0.0,14,28,0.0
2021-06-18,0,525.0,59.99965391941567,6.039,0.0,9,18,0.0
2021-06-19,0,524.0,59.99965391941567,6.148,0.0,13,26,0.0
2021-06-20,0,523.0,59.99965391941567,6.257,0.0,13,26,0.0
2021-06-21,0,522.0,59.99965391941567,6.34,0.0,9,18,0.0
2021-06-22,0,521.0,59.99965391941567,6.448,0.0,13,26,0.0
2021-06-23,0,520.0,59.99965391941567,6.537,0.0,9,20,0.0
2021-06-24,0,519.0,59.99965391941567,6.659,0.0,16,31,0.0
2021-06-25,0,518.0,59.99965391941567,6.748,0.0,10,20,0.0
2021-06-26,0,517.0,59.99965391941567,6.868,0.0,15,30,0.0
2021-06-27,0,516.0,59.99965391941567,6.976,0.0,13,26,0.0
2021-06-28,0,515.0,59.99965391941567,7.084,0.0,13,26,0.0
2021-06-29,0,514.0,59.99965391941567,7.203,0.0,15,30,0.0
2021-06-30,0,513.0,59.99965391941567,7.292,0.0,10,20,0.0
2021-07-01,0,512.0,59.99965391941567,7.397,0.0,13,25,0.0
2021-07-02,0,511.0,59.99965391941567,7.47,0.0,8,16,0.0
2021-07-03,0,510.0,59.99965391941567,7.584,0.0,14,28,0.0
2021-07-04,0,509.0,59.99965391941567,7.665,0.0,9,18,0.0
2021-07-05,0,508.0,59.99965391941567,7.772,0.0,13,26,0.0
2021-07-06,0,507.0,59.99965391941567,7.879,0.0,13,26,0.0
2021-07-07,0,506.0,59.99965391941567,8.006,0.0,17,34,0.0
2021-07-08,0,505.0,59.99965391941567,8.141,0.0,19,38,0.0
2021-07-09,0,504.0,59.99965391941567,8.269,0.0,19,34,0.0
2021-07-10,0,503.0,59.99965391941567,8.413,0.0,22,44,0.0
2021-07-11,0,502.0,59.99965391941567,8.53,0.0,15,30,0.0
2021-07-12,0,501.0,59.99965391941567,8.677,0.0,23,46,0.0
2021-07-13,0,500.0,59.99965391941567,8.807,0.0,18,36,0.0
2021-07-14,0,499.0,59.99965391941567,8.94,0.0,19,38,0.0
2021-07-15,0,498.0,59.99965391941567,9.075,0.0,20,39,0.0
2021-07-16,0,497.0,59.99965391941567,9.187,0.0,14,28,0.0
2021-07-17,0,496.0,59.99965391941567,9.326,0.0,21,42,0.0
2021-07-18,0,495.0,59.99965391941567,9.432,0.0,13,26,0.0
2021-07-19,0,494.0,59.99965391941567,9.564,0.0,19,38,0.0
2021-07-20,0,493.0,59.99965391941567,9.675,0.0,14,28,0.0
2021-07-21,0,492.0,59.99965391941567,9.795,0.0,16,32,0.0
2021-07-22,0,491.0,59.99965391941567,9.927,0.0,19,38,0.0
2021-07-23,0,490.0,59.99965391941567,10.027,0.0,13,24,0.0
2021-07-24,0,489.0,59.99965391941567,10.155,0.0,18,36,0.0
2021-07-25,0,488.0,59.99965391941567,10.27,0.0,15,30,0.0
2021-07-26,0,487.0,59.99965391941567,10.397,0.0,18,36,0.0
2021-07-27,0,486.0,59.99965391941567,10.517,0.0,16,32,0.0
2021-07-28,0,485.0,59.99965391941567,10.657,0.0,22,44,0.0
2021-07-29,0,484.0,59.99965391941567,10.784,0.0,18,36,0.0
2021-07-30,0,483.0,59.99965391941567,10.918,0.0,20,40,0.0
2021-07-31,0,482.0,59.99965391941567,11.055,0.0,21,42,0.0
2021-08-01,0,481.0,59.99965391941567,11.185,0.0,19,38,0.0
2021-08-02,0,480.0,59.99965391941567,11.299,0.0,15,30,0.0
2021-08-03,0,479.0,59.99965391941567,11.376,0.0,9,18,0.0
2021-08-04,0,478.0,59.99965391941567,11.485,0.0,14,28,0.0
2021-08-05,0,477.0,59.99965391941567,11.562,0.0,9,18,0.0
2021-08-06,0,476.0,59.99965391941567,11.659,0.0,12,24,0.0
2021-08-07,0,475.0,59.99965391941567,11.762,0.0,13,26,0.0
2021-08-08,0,474.0,59.99965391941567,11.84,0.0,9,18,0.0
2021-08-09,0,473.0,59.99965391941567,11.942,0.0,13,26,0.0
2021-08-10,0,472.0,59.99965391941567,12.013,0.0,9,16,0.0
2021-08-11,0,471.0,59.99965391941567,12.12,0.0,14,28,0.0
2021-08-12,0,470.0,59.99965391941567,12.197,0.0,9,18,0.0
2021-08-13,0,469.0,59.99965391941567,12.314,0.0,16,32,0.0
2021-08-14,0,468.0,59.99965391941567,12.416,0.0,13,26,0.0
2021-08-15,0,467.0,59.99965391941567,12.518,0.0,13,26,0.0
2021-08-16,0,466.0,59.99965391941567,12.63,0.0,15,30,0.0
2021-08-17,0,465.0,59.99965391941567,12.72,0.0,11,22,0.0
2021-08-18,0,464.0,59.99965391941567,12.831,0.0,15,30,0.0
2021-08-19,0,463.0,59.99965391941567,12.915,0.0,10,20,0.0
2021-08-20,0,462.0,59.99965391941567,13.021,0.0,14,28,0.0
2021-08-21,0,461.0,59.99965391941567,13.097,0.0,9,18,0.0
2021-08-22,0,460.0,59.99965391941567,13.193,0.0,12,24,0.0
2021-08-23,0,459.0,59.99965391941567,13.294,0.0,13,26,0.0
2021-08-24,0,458.0,59.99965391941567,13.37,0.0,9,18,0.0
2021-08-25,0,457.0,59.99965391941567,13.471,0.0,13,26,0.0
2021-08-26,0,456.0,59.99965391941567,13.539,0.0,8,16,0.0
2021-08-27,0,455.0,59.99965391941567,13.645,0.0,14,28,0.0
2021-08-28,0,454.0,59.99965391941567,13.721,0.0,9,18,0.0
2021-08-29,0,453.0,59.99965391941567,13.831,0.0,15,30,0.0
2021-08-30,0,452.0,59.99965391941567,13.931,0.0,13,26,0.0
2021-08-31,0,451.0,59.99965391941567,14.031,0.0,13,26,0.0
2021-09-01,0,450.0,59.99965391941567,14.132,0.0,14,26,0.0
2021-09-02,0,449.0,59.99965391941567,14.221,0.0,11,22,0.0
2021-09-03,0,448.0,59.99965391941567,14.335,0.0,16,32,0.0
2021-09-04,0,447.0,59.99965391941567,14.416,0.0,10,20,0.0
2021-09-05,0,446.0,59.99965391941567,14.526,0.0,15,30,0.0
2021-09-06,0,445.0,59.99965391941567,14.601,0.0,9,18,0.0
2021-09-07,0,444.0,59.99965391941567,14.695,0.0,12,24,0.0
2021-09-08,0,443.0,59.99965391941567,14.794,0.0,13,26,0.0
2021-09-09,0,442.0,59.99965391941567,14.869,0.0,9,18,0.0
2021-09-10,0,441.0,59.99965391941567,14.967,0.0,13,26,0.0
2021-09-11,0,440.0,59.99965391941567,15.039,0.0,9,17,0.0
2021-09-12,0,439.0,59.99965391941567,15.143,0.0,14,28,0.0
2021-09-13,0,438.0,59.99965391941567,15.21,0.0,8,16,0.0
2021-09-14,0,437.0,59.99965391941567,15.319,0.0,15,30,0.0
2021-09-15,0,436.0,59.99965391941567,15.417,0.0,13,26,0.0
2021-09-16,0,435.0,59.99965391941567,15.515,0.0,13,26,0.0
2021-09-17,0,434.0,59.99965391941567,15.623,0.0,15,30,0.0
2021-09-18,0,433.0,59.99965391941567,15.71,0.0,11,22,0.0
2021-09-19,0,432.0,59.99965391941567,15.822,0.0,16,32,0.0
2021-09-20,0,431.0,59.99965391941567,15.909,0.0,11,22,0.0
2021-09-21,0,430.0,59.99965391941567,16.017,0.0,15,30,0.0
2021-09-22,0,429.0,59.99965391941567,16.097,0.0,10,20,0.0
2021-09-23,0,428.0,59.99965391941567,16.189,0.0,12,24,0.0
2021-09-24,0,427.0,59.99965391941567,16.286,0.0,13,26,0.0
2021-09-25,0,426.0,59.99965391941567,16.36,0.0,9,18,0.0
2021-09-26,0,425.0,59.99965391941567,16.457,0.0,13,26,0.0
2021-09-27,0,424.0,59.99965391941567,16.523,0.0,8,16,0.0
2021-09-28,0,423.0,59.99965391941567,16.625,0.0,14,28,0.0
2021-09-29,0,422.0,59.99965391941567,16.692,0.0,8,16,0.0
2021-09-30,0,421.0,59.99965391941567,16.798,0.0,15,30,0.0
2021-10-01,0,420.0,59.99965391941567,16.889,0.0,12,24,0.0
2021-10-02,0,419.0,59.99965391941567,16.986,0.0,13,26,0.0
2021-10-03,0,418.0,59.99965391941567,17.092,0.0,15,30,0.0
2021-10-04,0,417.0,49.59305267480034,17.11,0.0,2,4,0.0
2021-10-05,0,416.0,43.37458539094359,16.34,0.0,0,0,0.0
2021-10-06,0,415.0,43.543075655722305,15.605,0.0,0,0,0.0
2021-10-07,0,414.0,41.54187645363,14.902,0.0,0,0,0.0
2021-10-08,0,413.0,38.84679259338966,14.232,0.0,0,0,0.0
2021-10-09,0,412.0,41.029387963525295,13.591,0.0,0,0,0.0
2021-10-10,0,411.0,41.596203343827874,12.98,0.0,0,0,0.0
2021-10-11,0,410.0,45.594368564826084,12.396,0.0,0,0,0.0
2021-10-12,0,409.0,47.02632579050124,11.838,0.0,0,0,0.0
2021-10-13,0,408.0,47.59625937721111,11.305,0.0,0,0,0.0
2021-10-14,0,407.0,46.69623369079172,10.796,0.0,0,0,0.0
2021-10-15,0,406.0,45.260432245802896,10.311,0.0,0,0,0.0
2021-10-16,0,405.0,42.96155087019218,9.847,0.0,0,0,0.0
2021-10-17,0,404.0,42.245278912976275,9.404,0.0,0,0,0.0
2021-10-18,0,403.0,40.84745031101921,8.98,0.0,0,0,0.0
2021-10-19,0,402.0,41.49203458448632,8.576,0.0,0,0,0.0
2021-10-20,0,401.0,40.30730863254259,8.19,0.0,0,0,0.0
2021-10-21,0,400.0,41.57938689372668,7.822,0.0,0,0,0.0
2021-10-22,0,399.0,42.3129264100565,7.47,0.0,0,0,0.0
2021-10-23,0,398.0,43.11442563884635,7.134,0.0,0,0,0.0
2021-10-24,0,397.0,43.056630132117135,6.813,0.0,0,0,0.0
2021-10-25,0,396.0,43.910368524725406,6.506,0.0,0,0,0.0
2021-10-26,0,395.0,43.104334143215084,6.213,0.0,0,0,0.0
2021-10-27,0,394.0,42.96333060654338,5.934,0.0,0,0,0.0
2021-10-28,0,393.0,59.99965391941567,6.069,0.0,19,36,0.0
2021-10-29,0,392.0,59.99965391941567,6.183,0.0,14,28,0.0
2021-10-30,0,391.0,59.99965391941567,6.331,0.0,22,44,0.0
2021-10-31,0,390.0,59.99965391941567,6.439,0.0,13,26,0.0
2021-11-01,0,389.0,59.99965391941567,6.583,0.0,21,42,0.0
2021-11-02,0,388.0,59.99965391941567,6.716,0.0,18,36,0.0
2021-11-03,0,387.0,59.99965391941567,6.835,0.0,15,30,0.0
2021-11-04,0,386.0,59.99965391941567,6.979,0.0,21,42,0.0
2021-11-05,0,385.0,59.99965391941567,7.092,0.0,14,28,0.0
2021-11-06,0,384.0,59.99965391941567,7.238,0.0,22,44,0.0
2021-11-07,0,383.0,59.99965391941567,7.366,0.0,17,34,0.0
2021-11-08,0,382.0,59.99965391941567,7.505,0.0,20,40,0.0
2021-11-09,0,381.0,59.99965391941567,7.57,0.0,7,14,0.0
2021-11-10,0,380.0,59.99965391941567,7.659,0.0,10,20,0.0
2021-11-11,0,379.0,59.99965391941567,7.732,0.0,8,16,0.0
2021-11-12,0,378.0,59.99965391941567,7.797,0.0,7,14,0.0
2021-11-13,0,377.0,59.99965391941567,7.878,0.0,9,18,0.0
2021-11-14,0,376.0,59.99965391941567,7.978,0.0,22,20,0.0
2021-11-15,0,375.0,59.99965391941567,8.066,0.0,10,20,0.0
2021-11-16,0,374.0,59.99965391941567,8.122,0.0,6,12,0.0
2021-11-17,0,373.0,59.99965391941567,8.203,0.0,9,18,0.0
2021-11-18,0,372.0,59.99965391941567,8.275,0.0,8,16,0.0
2021-11-19,0,371.0,59.99965391941567,8.356,0.0,9,18,0.0
2021-11-20,0,370.0,59.99965391941567,8.443,0.0,10,20,0.0
2021-11-21,0,369.0,59.99965391941567,8.516,0.0,8,16,0.0
2021-11-22,0,368.0,59.99965391941567,8.61,0.0,11,22,0.0
2021-11-23,0,367.0,59.99965391941567,8.69,0.0,9,18,0.0
2021-11-24,0,366.0,59.99965391941567,8.778,0.0,11,20,0.0
2021-11-25,0,365.0,59.99965391941567,8.834,0.0,6,12,0.0
2021-11-26,0,364.0,59.99965391941567,8.899,0.0,7,14,0.0
2021-11-27,0,363.0,59.99965391941567,8.963,0.0,7,14,0.0
2021-11-28,0,362.0,59.97115391941566,9.001,0.0,4,8,0.0
2021-11-29,0,361.0,59.99965391941567,9.057,0.0,6,12,0.0
2021-11-30,0,360.0,54.55429039496992,9.086,0.0,3,6,0.0
2021-12-01,0,359.0,59.99965391941567,9.142,0.0,6,12,0.0
2021-12-02,0,358.0,59.97115391941566,9.18,0.0,4,8,0.0
2021-12-03,0,357.0,59.99965391941567,9.235,0.0,6,12,0.0
2021-12-04,0,356.0,59.99965391941567,9.282,0.0,5,10,0.0
2021-12-05,0,355.0,59.99965391941567,9.329,0.0,5,10,0.0
2021-12-06,0,354.0,59.99965391941567,9.404,0.0,11,16,0.0
2021-12-07,0,353.0,59.99965391941567,9.533,0.0,24,32,0.0
2021-12-08,0,352.0,59.99965391941567,9.646,0.0,21,26,0.0
2021-12-09,0,351.0,59.99965391941567,9.741,0.0,16,21,0.0
2021-12-10,0,350.0,59.99965391941567,9.872,0.0,21,36,0.0
2021-12-11,0,349.0,59.99965391941567,9.951,0.0,9,18,0.0
2021-12-12,0,348.0,59.99965391941567,10.05,0.0,12,24,0.0
2021-12-13,0,347.0,59.99965391941567,10.149,0.0,12,24,0.0
2021-12-14,0,346.0,59.99965391941567,10.221,0.0,9,16,0.0
2021-12-15,0,345.0,59.99965391941567,10.314,0.0,12,22,0.0
2021-12-16,0,344.0,59.99965391941567,10.393,0.0,9,18,0.0
2021-12-17,0,343.0,59.99965391941567,10.503,0.0,14,28,0.0
2021-12-18,0,342.0,59.99965391941567,10.574,0.0,8,16,0.0
2021-12-19,0,341.0,59.99965391941567,10.683,0.0,14,28,0.0
2021-12-20,0,340.0,59.99965391941567,10.775,0.0,11,22,0.0
2021-12-21,0,339.0,59.99965391941567,10.867,0.0,11,22,0.0
2021-12-22,0,338.0,59.99965391941567,10.964,0.0,12,24,0.0
2021-12-23,0,337.0,59.99965391941567,11.044,0.0,10,18,0.0
2021-12-24,0,336.0,59.99965391941567,11.141,0.0,12,24,0.0
2021-12-25,0,335.0,59.99965391941567,11.233,0.0,11,22,0.0
2021-12-26,0,334.0,59.99965391941567,11.331,0.0,13,24,0.0
2021-12-27,0,333.0,59.99965391941567,11.422,0.0,11,22,0.0
2021-12-28,0,332.0,59.99965391941567,11.516,0.0,14,22,0.0
2021-12-29,0,331.0,59.99965391941567,11.608,0.0,12,22,0.0
2021-12-30,0,330.0,59.99965391941567,11.7,0.0,12,22,0.0
2021-12-31,0,329.0,59.99965391941567,11.797,0.0,12,24,0.0
2022-01-01,0,328.0,59.99965391941567,11.861,0.0,8,14,0.0
2022-01-02,0,327.0,59.99965391941567,11.952,0.0,12,22,0.0
2022-01-03,0,326.0,59.99965391941567,12.022,0.0,8,16,0.0
2022-01-04,0,325.0,59.99965391941567,12.119,0.0,12,24,0.0
2022-01-05,0,324.0,59.99965391941567,12.203,0.0,10,20,0.0
2022-01-06,0,323.0,59.99965391941567,12.287,0.0,11,20,0.0
2022-01-07,0,322.0,59.99965391941567,12.384,0.0,12,24,0.0
2022-01-08,0,321.0,59.99965391941567,12.48,0.0,12,24,0.0
2022-01-09,0,320.0,59.99965391941567,12.592,0.0,15,30,0.0
2022-01-10,0,319.0,59.99965391941567,12.742,0.0,29,54,0.0
2022-01-11,0,318.0,59.99965391941567,12.854,0.0,15,30,0.0
2022-01-12,0,317.0,59.99965391941567,12.94,0.0,13,20,0.0
2022-01-13,0,316.0,59.99965391941567,13.031,0.0,13,22,0.0
2022-01-14,0,315.0,59.99965391941567,13.139,0.0,15,28,0.0
2022-01-15,0,314.0,59.99965391941567,13.222,0.0,10,20,0.0
2022-01-16,0,313.0,59.99965391941567,13.311,0.0,11,22,0.0
2022-01-17,0,312.0,59.99965391941567,13.394,0.0,10,20,0.0
2022-01-18,0,311.0,59.99965391941567,13.495,0.0,13,26,0.0
2022-01-19,0,310.0,59.99965391941567,13.577,0.0,10,20,0.0
2022-01-20,0,309.0,59.99965391941567,13.683,0.0,14,28,0.0
2022-01-21,0,308.0,59.99965391941567,13.772,0.0,11,22,0.0
2022-01-22,0,307.0,59.99965391941567,13.86,0.0,11,22,0.0
2022-01-23,0,306.0,59.99965391941567,13.955,0.0,12,24,0.0
2022-01-24,0,305.0,59.99965391941567,14.044,0.0,11,22,0.0
2022-01-25,0,304.0,59.99965391941567,14.143,0.0,13,26,0.0
2022-01-26,0,303.0,59.99965391941567,14.232,0.0,11,22,0.0
2022-01-27,0,302.0,59.99965391941567,14.332,0.0,14,26,0.0
2022-01-28,0,301.0,59.99965391941567,14.421,0.0,11,22,0.0
2022-01-29,0,300.0,59.99965391941567,14.52,0.0,13,26,0.0
2022-01-30,0,299.0,59.99965391941567,14.625,0.0,14,28,0.0
2022-01-31,0,298.0,59.99965391941567,14.718,0.0,12,24,0.0
2022-02-01,0,297.0,59.99965391941567,14.813,0.0,13,24,0.0
2022-02-02,0,296.0,59.99965391941567,14.888,0.0,9,18,0.0
2022-02-03,0,295.0,59.99965391941567,14.987,0.0,13,26,0.0
2022-02-04,0,294.0,59.99965391941567,15.053,0.0,14,14,0.0
2022-02-05,0,293.0,59.99965391941567,15.141,0.0,11,22,0.0
2022-02-06,0,292.0,59.99965391941567,15.222,0.0,10,20,0.0
2022-02-07,0,291.0,59.99965391941567,15.303,0.0,10,20,0.0
2022-02-08,0,290.0,59.99965391941567,15.384,0.0,10,20,0.0
2022-02-09,0,289.0,59.99965391941567,15.464,0.0,10,20,0.0
2022-02-10,0,288.0,59.99965391941567,15.557,0.0,12,24,0.0
2022-02-11,0,287.0,59.99965391941567,15.655,0.0,13,26,0.0
2022-02-12,0,286.0,59.99965391941567,15.768,0.0,16,32,0.0
2022-02-13,0,285.0,59.99965391941567,15.871,0.0,14,28,0.0
2022-02-14,0,284.0,59.99965391941567,15.968,0.0,13,26,0.0
2022-02-15,0,283.0,59.99965391941567,16.067,0.0,14,26,0.0
2022-02-16,0,282.0,59.99965391941567,16.151,0.0,11,21,0.0
2022-02-17,0,281.0,59.99965391941567,16.238,0.0,12,22,0.0
2022-02-18,0,280.0,59.99965391941567,16.318,0.0,10,20,0.0
2022-02-19,0,279.0,59.99965391941567,16.398,0.0,10,20,0.0
2022-02-20,0,278.0,59.99965391941567,16.471,0.0,9,18,0.0
2022-02-21,0,277.0,59.99965391941567,16.568,0.0,13,26,0.0
2022-02-22,0,276.0,59.99965391941567,16.641,0.0,9,18,0.0
2022-02-23,0,275.0,59.99965391941567,16.762,0.0,20,36,0.0
2022-02-24,0,274.0,59.99965391941567,16.873,0.0,16,32,0.0
2022-02-25,0,273.0,59.99965391941567,16.953,0.0,11,20,0.0
2022-02-26,0,272.0,59.99965391941567,17.071,0.0,18,36,0.0
2022-02-27,0,271.0,59.99965391941567,17.167,0.0,13,26,0.0
2022-02-28,0,270.0,59.99965391941567,17.261,0.0,15,24,0.0
2022-03-01,0,269.0,59.99965391941567,17.362,0.0,14,28,0.0
2022-03-02,0,268.0,59.99965391941567,17.471,0.0,16,31,0.0
2022-03-03,0,267.0,59.99965391941567,17.53,0.0,8,14,0.0
2022-03-04,0,266.0,59.99965391941567,17.592,0.0,8,15,0.0
2022-03-05,0,265.0,59.99965391941567,17.65,0.0,7,14,0.0
2022-03-06,0,264.0,59.99965391941567,17.705,0.0,7,13,0.0
2022-03-07,0,263.0,59.99965391941567,17.812,0.0,17,30,0.0
2022-03-08,0,262.0,59.99965391941567,17.897,0.0,11,22,0.0
2022-03-09,0,261.0,59.99965391941567,18.006,0.0,16,32,0.0
2022-03-10,0,260.0,59.99965391941567,18.1,0.0,12,26,0.0
2022-03-11,0,259.0,59.99965391941567,18.185,0.0,12,22,0.0
2022-03-12,0,258.0,59.99965391941567,18.286,0.0,14,28,0.0
2022-03-13,0,257.0,59.99965391941567,18.37,0.0,11,22,0.0
2022-03-14,0,256.0,59.99965391941567,18.465,0.0,14,26,0.0
2022-03-15,0,255.0,59.99965391941567,18.571,0.0,16,30,0.0
2022-03-16,0,254.0,59.99965391941567,18.69,0.0,19,38,0.0
2022-03-17,0,253.0,59.99965391941567,18.798,0.0,16,32,0.0
2022-03-18,0,252.0,59.99965391941567,18.91,0.0,17,34,0.0
2022-03-19,0,251.0,59.99965391941567,19.025,0.0,18,36,0.0
2022-03-20,0,250.0,59.99965391941567,19.133,0.0,16,32,0.0
2022-03-21,0,249.0,59.99965391941567,19.248,0.0,18,36,0.0
2022-03-22,0,248.0,59.99965391941567,19.335,0.0,13,23,0.0
2022-03-23,0,247.0,59.99965391941567,19.434,0.0,14,28,0.0
2022-03-24,0,246.0,59.99965391941567,19.505,0.0,10,18,0.0
2022-03-25,0,245.0,59.99965391941567,19.612,0.0,16,32,0.0
2022-03-26,0,244.0,59.99965391941567,19.704,0.0,13,25,0.0
2022-03-27,0,243.0,59.99965391941567,19.797,0.0,13,26,0.0
2022-03-28,0,242.0,59.99965391941567,19.9,0.0,15,30,0.0
2022-03-29,0,241.0,59.99965391941567,19.982,0.0,11,22,0.0
2022-03-30,0,240.0,59.99965391941567,20.089,0.0,16,32,0.0
2022-03-31,0,239.0,59.99965391941567,20.216,0.0,27,42,0.0
2022-04-01,0,238.0,59.99965391941567,20.334,0.0,20,38,0.0
2022-04-02,0,237.0,59.99965391941567,20.432,0.0,14,28,0.0
2022-04-03,0,236.0,59.99965391941567,20.538,0.0,17,32,0.0
2022-04-04,0,235.0,59.99965391941567,20.644,0.0,16,32,0.0
2022-04-05,0,234.0,59.99965391941567,20.76,0.0,22,36,0.0
2022-04-06,0,233.0,59.99965391941567,20.878,0.0,21,38,0.0
2022-04-07,0,232.0,59.99965391941567,20.975,0.0,14,28,0.0
2022-04-08,0,231.0,59.99965391941567,21.082,0.0,17,33,0.0
2022-04-09,0,230.0,59.99965391941567,21.169,0.0,12,24,0.0
2022-04-10,0,229.0,59.99965391941567,21.281,0.0,18,36,0.0
2022-04-11,0,228.0,59.99965391941567,21.363,0.0,12,22,0.0
2022-04-12,0,227.0,59.99965391941567,21.404,0.0,5,10,0.0
2022-04-13,0,226.0,59.99965391941567,21.436,0.0,4,8,0.0
2022-04-14,0,225.0,59.99965391941567,21.469,0.0,4,8,0.0
2022-04-15,0,224.0,59.99965391941567,21.502,0.0,4,8,0.0
2022-04-16,0,223.0,59.99965391941567,21.535,0.0,4,8,0.0
2022-04-17,0,222.0,59.99965391941567,21.576,0.0,5,10,0.0
2022-04-18,0,221.0,59.99965391941567,21.631,0.0,7,14,0.0
2022-04-19,0,220.0,59.99965391941567,21.686,0.0,7,14,0.0
2022-04-20,0,219.0,59.99965391941567,21.749,0.0,8,16,0.0
2022-04-21,0,218.0,59.99965391941567,21.811,0.0,8,16,0.0
2022-04-22,0,217.0,59.99965391941567,21.873,0.0,8,16,0.0
2022-04-23,0,216.0,59.99965391941567,21.928,0.0,7,14,0.0
2022-04-24,0,215.0,59.99965391941567,21.976,0.0,6,12,0.0
2022-04-25,0,214.0,59.99965391941567,22.008,0.0,4,8,0.0
2022-04-26,0,213.0,59.99965391941567,22.041,0.0,4,8,0.0
2022-04-27,0,212.0,59.99965391941567,22.074,0.0,4,8,0.0
2022-04-28,0,211.0,59.63167450271842,22.412,1.0,6,8,0.1428571428571428
2022-04-29,0,210.0,59.92882058608234,22.456,0.0,5,10,0.1428571428571428
2022-04-30,0,209.0,59.92882058608234,22.501,0.0,5,10,0.1428571428571428
2022-05-01,0,208.0,59.92882058608234,22.556,0.0,7,13,0.1428571428571428
2022-05-02,0,207.0,59.92882058608234,22.608,0.0,6,12,0.1428571428571428
2022-05-03,0,206.0,59.92882058608234,22.666,0.0,7,14,0.1428571428571428
2022-05-04,0,205.0,59.92882058608234,22.718,0.0,6,12,0.1428571428571428
2022-05-05,0,204.0,59.99965391941567,22.78,0.0,9,16,0.0
2022-05-06,0,203.0,59.99965763412592,22.827,0.0,6,12,0.0
2022-05-07,0,202.0,59.99965763412592,22.878,0.0,7,13,0.0
2022-05-08,0,201.0,59.99965763412592,22.926,0.0,6,12,0.0
2022-05-09,0,200.0,59.99965763412592,22.973,0.0,6,12,0.0
2022-05-10,0,199.0,59.99966149811355,23.02,0.0,6,12,0.0
2022-05-11,0,198.0,59.99966889456326,23.068,0.0,6,12,0.0
2022-05-12,0,197.0,59.932168894563254,23.107,0.0,5,10,0.0
2022-05-13,0,196.0,59.99965391941567,23.155,0.0,6,12,0.0
2022-05-14,0,195.0,59.99965391941567,23.202,0.0,6,12,0.0
2022-05-15,0,194.0,59.99965391941567,23.249,0.0,6,12,0.0
2022-05-16,0,193.0,59.99965391941567,23.289,0.0,5,10,0.0
2022-05-17,0,192.0,57.889024544687835,23.317,0.0,4,7,0.0
2022-05-18,0,191.0,59.99965391941567,23.35,0.0,5,8,0.0
2022-05-19,0,190.0,59.99965391941567,23.382,0.0,4,8,0.0
2022-05-20,0,189.0,59.99965391941567,23.423,0.0,6,10,0.0
2022-05-21,0,188.0,59.99965391941567,23.463,0.0,5,10,0.0
2022-05-22,0,187.0,59.99965391941567,23.517,0.0,7,14,0.0
2022-05-23,0,186.0,59.99965391941567,23.571,0.0,7,14,0.0
2022-05-24,0,185.0,59.99965391941567,23.631,0.0,8,16,0.0
2022-05-25,0,184.0,59.99965391941567,23.714,0.0,16,22,0.0
2022-05-26,0,183.0,59.99965391941567,23.792,0.0,11,22,0.0
2022-05-27,0,182.0,59.99965391941567,23.863,0.0,10,19,0.0
2022-05-28,0,181.0,59.99965391941567,23.929,0.0,9,18,0.0
2022-05-29,0,180.0,59.99965391941567,23.99,0.0,8,16,0.0
2022-05-30,0,179.0,59.99965391941567,24.029,0.0,5,10,0.0
2022-05-31,0,178.0,59.99965391941567,24.089,0.0,8,16,0.0
2022-06-01,0,177.0,59.99965391941567,24.13,0.0,6,10,0.0
2022-06-02,0,176.0,59.99965391941567,24.19,0.0,8,16,0.0
2022-06-03,0,175.0,59.99965391941567,24.251,0.0,9,16,0.0
2022-06-04,0,174.0,59.99965391941567,24.317,0.0,9,18,0.0
2022-06-05,0,173.0,59.99965391941567,24.372,0.0,9,14,0.0
2022-06-06,0,172.0,59.99965391941567,24.432,0.0,8,16,0.0
2022-06-07,0,171.0,59.99965391941567,24.51,0.0,11,22,0.0
2022-06-08,0,170.0,59.99965391941567,24.571,0.0,9,16,0.0
2022-06-09,0,169.0,59.99965391941567,24.648,0.0,11,22,0.0
2022-06-10,0,168.0,59.99965391941567,24.71,0.0,10,16,0.0
2022-06-11,0,167.0,59.99965391941567,24.776,0.0,9,18,0.0
2022-06-12,0,166.0,59.99965391941567,24.843,0.0,10,18,0.0
2022-06-13,0,165.0,59.99965391941567,24.902,0.0,8,16,0.0
2022-06-14,0,164.0,59.99965391941567,24.969,0.0,10,18,0.0
2022-06-15,0,163.0,59.99965391941567,25.022,0.0,7,14,0.0
2022-06-16,0,162.0,59.99965391941567,25.094,0.0,11,20,0.0
2022-06-17,0,161.0,59.99965391941567,25.147,0.0,7,14,0.0
2022-06-18,0,160.0,59.99965391941567,25.219,0.0,10,20,0.0
2022-06-19,0,159.0,59.99965391941567,25.278,0.0,8,16,0.0
2022-06-20,0,158.0,59.99965391941567,25.317,0.0,6,10,0.0
2022-06-21,0,157.0,59.99965391941567,25.349,0.0,4,8,0.0
2022-06-22,0,156.0,59.99965391941567,25.38,0.0,4,8,0.0
2022-06-23,0,155.0,59.99965391941567,25.423,0.0,6,11,0.0
2022-06-24,0,154.0,59.99965391941567,25.468,0.0,6,12,0.0
2022-06-25,0,153.0,59.99965391941567,25.514,0.0,6,12,0.0
2022-06-26,0,152.0,59.99965391941567,25.567,0.0,7,14,0.0
2022-06-27,0,151.0,59.99965391941567,25.619,0.0,7,14,0.0
2022-06-28,0,150.0,59.99965391941567,25.678,0.0,8,16,0.0
2022-06-29,0,149.0,59.99965391941567,25.737,0.0,8,16,0.0
2022-06-30,0,148.0,59.99965391941567,25.79,0.0,7,14,0.0
2022-07-01,0,147.0,59.99965391941567,25.828,0.0,5,10,0.0
2022-07-02,0,146.0,59.99965391941567,25.866,0.0,5,10,0.0
2022-07-03,0,145.0,59.99965391941567,25.897,0.0,4,8,0.0
2022-07-04,0,144.0,59.99965391941567,25.929,0.0,4,8,0.0
2022-07-05,0,143.0,59.99965391941567,25.96,0.0,4,8,0.0
2022-07-06,0,142.0,59.99965391941567,25.991,0.0,4,8,0.0
2022-07-07,0,141.0,59.99965391941567,26.029,0.0,5,10,0.0
2022-07-08,0,140.0,59.99965391941567,26.06,0.0,4,8,0.0
2022-07-09,0,139.0,59.99965391941567,26.112,0.0,7,14,0.0
2022-07-10,0,138.0,59.99965391941567,26.164,0.0,7,14,0.0
2022-07-11,0,137.0,59.99965391941567,26.223,0.0,8,16,0.0
2022-07-12,0,136.0,59.99965391941567,26.281,0.0,8,16,0.0
2022-07-13,0,135.0,59.99965391941567,26.337,0.0,8,15,0.0
2022-07-14,0,134.0,59.99965391941567,26.382,0.0,6,12,0.0
2022-07-15,0,133.0,59.99965391941567,26.427,0.0,6,12,0.0
2022-07-16,0,132.0,59.99965391941567,26.465,0.0,5,10,0.0
2022-07-17,0,131.0,59.99965391941567,26.504,0.0,5,10,0.0
2022-07-18,0,130.0,59.99965391941567,26.534,0.0,4,8,0.0
2022-07-19,0,129.0,59.99965391941567,26.572,0.0,5,10,0.0
2022-07-20,0,128.0,59.99965391941567,26.61,0.0,5,10,0.0
2022-07-21,0,127.0,59.99965391941567,26.655,0.0,6,12,0.0
2022-07-22,0,126.0,59.99965391941567,26.7,0.0,6,12,0.0
2022-07-23,0,125.0,59.99965391941567,26.749,0.0,7,13,0.0
2022-07-24,0,124.0,59.99965391941567,26.787,0.0,5,10,0.0
2022-07-25,0,123.0,54.58279039496992,26.81,0.0,3,6,0.0
2022-07-26,0,122.0,59.99965391941567,26.848,0.0,5,10,0.0
2022-07-27,0,121.0,59.99965391941567,26.893,0.0,6,12,0.0
2022-07-28,0,120.0,59.99965391941567,26.938,0.0,6,12,0.0
2022-07-29,0,119.0,59.99965391941567,26.983,0.0,6,12,0.0
2022-07-30,0,118.0,59.99965391941567,27.028,0.0,6,12,0.0
2022-07-31,0,117.0,59.99965391941567,27.079,0.0,7,14,0.0
2022-08-01,0,116.0,59.99965391941567,27.131,0.0,7,14,0.0
2022-08-02,0,115.0,59.99965391941567,27.182,0.0,7,14,0.0
2022-08-03,0,114.0,59.99965391941567,27.227,0.0,6,12,0.0
2022-08-04,0,113.0,59.99965391941567,27.271,0.0,6,12,0.0
2022-08-05,0,112.0,59.99965391941567,27.313,0.0,6,11,0.0
2022-08-06,0,111.0,59.99965391941567,27.351,0.0,5,10,0.0
2022-08-07,0,110.0,59.99965391941567,27.389,0.0,6,10,0.0
2022-08-08,0,109.0,59.99965391941567,27.424,0.0,5,9,0.0
2022-08-09,0,108.0,59.99965391941567,27.458,0.0,5,9,0.0
2022-08-10,0,107.0,59.99965391941567,27.496,0.0,6,10,0.0
2022-08-11,0,106.0,59.99965391941567,27.541,0.0,6,12,0.0
2022-08-12,0,105.0,59.99965391941567,27.585,0.0,6,12,0.0
2022-08-13,0,104.0,59.99965391941567,27.646,0.0,9,17,0.0
2022-08-14,0,103.0,59.99965391941567,27.704,0.0,8,16,0.0
2022-08-15,0,102.0,59.99965391941567,27.761,0.0,8,16,0.0
2022-08-16,0,101.0,59.99965391941567,27.812,0.0,7,14,0.0
2022-08-17,0,100.0,59.99965391941567,27.863,0.0,7,14,0.0
2022-08-18,0,99.0,59.99965391941567,27.931,0.0,12,19,0.0
2022-08-19,0,98.0,59.99965391941567,27.988,0.0,8,16,0.0
2022-08-20,0,97.0,59.99965391941567,28.05,0.0,11,17,0.0
2022-08-21,0,96.0,59.99965391941567,28.101,0.0,7,14,0.0
2022-08-22,0,95.0,59.99965391941567,28.152,0.0,7,14,0.0
2022-08-23,0,94.0,59.99965391941567,28.202,0.0,7,14,0.0
2022-08-24,0,93.0,59.99965391941567,28.265,0.0,9,18,0.0
2022-08-25,0,92.0,59.99965391941567,28.306,0.0,6,11,0.0
2022-08-26,0,91.0,59.99965391941567,28.375,0.0,10,20,0.0
2022-08-27,0,90.0,59.99965391941567,28.432,0.0,8,16,0.0
2022-08-28,0,89.0,59.99965391941567,28.489,0.0,8,16,0.0
2022-08-29,0,88.0,59.99965391941567,28.565,0.0,12,23,0.0
2022-08-30,0,87.0,59.99965391941567,28.628,0.0,10,18,0.0
2022-08-31,0,86.0,59.99965391941567,28.697,0.0,10,20,0.0
2022-09-01,0,85.0,59.99965391941567,28.753,0.0,8,16,0.0
2022-09-02,0,84.0,59.99965391941567,28.821,0.0,10,20,0.0
2022-09-03,0,83.0,59.99965391941567,28.878,0.0,8,16,0.0
2022-09-04,0,82.0,59.99965391941567,28.946,0.0,10,20,0.0
2022-09-05,0,81.0,59.99965391941567,29.02,0.0,12,22,0.0
2022-09-06,0,80.0,59.99965391941567,29.076,0.0,8,16,0.0
2022-09-07,0,79.0,59.99965391941567,29.144,0.0,10,20,0.0
2022-09-08,0,78.0,59.99965391941567,29.2,0.0,8,16,0.0
2022-09-09,0,77.0,59.99965391941567,29.262,0.0,9,18,0.0
2022-09-10,0,76.0,59.99965391941567,29.312,0.0,7,14,0.0
2022-09-11,0,75.0,59.99965391941567,29.362,0.0,7,14,0.0
2022-09-12,0,74.0,59.99965391941567,29.412,0.0,7,14,0.0
2022-09-13,0,73.0,59.99965391941567,29.452,0.0,6,11,0.0
2022-09-14,0,72.0,59.99965391941567,29.514,0.0,12,17,0.0
2022-09-15,0,71.0,59.99965391941567,29.569,0.0,8,16,0.0
2022-09-16,0,70.0,59.99965391941567,29.642,0.0,11,22,0.0
2022-09-17,0,69.0,59.99965391941567,29.704,0.0,9,18,0.0
2022-09-18,0,68.0,59.99965391941567,29.781,0.0,12,24,0.0
2022-09-19,0,67.0,59.99965391941567,29.857,0.0,13,23,0.0
2022-09-20,0,66.0,59.99965391941567,29.924,0.0,10,20,0.0
2022-09-21,0,65.0,59.99965391941567,29.991,0.0,10,20,0.0
2022-09-22,0,64.0,59.99965391941567,30.04,0.0,7,14,0.0
2022-09-23,0,63.0,59.99902891941567,30.089,0.0,7,14,0.0
2022-09-24,0,62.0,59.996737252749,30.132,0.0,6,12,0.0
2022-09-25,0,61.0,59.986153919415656,30.188,0.0,8,16,0.0
2022-09-26,0,60.0,59.94434439560614,30.231,0.0,6,12,0.0
2022-09-27,0,59.0,59.57955620116172,30.292,0.0,9,18,0.0
2022-09-28,0,58.0,59.06333884295035,30.353,0.0,9,18,0.0
2022-09-29,0,57.0,58.285133440610096,30.408,0.0,8,16,0.0
2022-09-30,0,56.0,57.931356660066506,30.48,0.0,11,22,0.0
2022-10-01,0,55.0,57.58516803749568,30.546,0.0,10,20,0.0
2022-10-02,0,54.0,57.07910033378126,30.622,0.0,12,24,0.0
2022-10-03,0,53.0,55.76703990617892,30.683,0.0,9,18,0.0
2022-10-04,0,52.0,55.16881319060522,30.744,0.0,9,18,0.0
2022-10-05,0,51.0,54.58155877597745,30.805,0.0,9,18,0.0
2022-10-06,0,50.0,54.040048944088596,30.865,0.0,9,18,0.0
2022-10-07,0,49.0,54.14126763205909,30.92,0.0,8,16,0.0
2022-10-08,0,48.0,54.650330011930684,30.969,0.0,7,14,0.0
2022-10-09,0,47.0,54.24146895912256,31.029,0.0,9,18,0.0
2022-10-10,0,46.0,53.368322919146024,31.078,0.0,7,14,0.0
2022-10-11,0,45.0,53.18925469669219,31.144,0.0,10,20,0.0
2022-10-12,0,44.0,51.367667936230426,31.204,0.0,9,18,0.0
2022-10-13,0,43.0,44.236939040126515,31.259,0.0,8,16,0.0
2022-10-14,0,42.0,41.06224937562436,31.319,0.0,9,18,0.0
2022-10-15,0,41.0,40.68515125152624,31.368,0.0,7,14,0.0
2022-10-16,0,40.0,40.401530219780206,31.416,0.0,7,14,0.0
2022-10-17,0,39.0,39.82823530636031,31.464,0.0,7,14,0.0
2022-10-18,0,38.0,38.66346771284271,31.53,0.0,10,20,0.0
2022-10-19,0,37.0,38.083481240981236,31.584,0.0,8,16,0.0
2022-10-20,0,36.0,35.929274801587304,31.65,0.0,10,20,0.0
2022-10-21,0,35.0,34.41171987734487,31.72,0.0,11,22,0.0
2022-10-22,0,34.0,34.17764393939393,31.78,0.0,9,18,0.0
2022-10-23,0,33.0,33.083022035834546,31.855,0.0,12,24,0.0
2022-10-24,0,32.0,32.696595448532946,31.914,0.0,9,18,0.0
2022-10-25,0,31.0,31.002067927442944,31.984,0.0,11,22,0.0
2022-10-26,0,30.0,30.11976333966959,32.045,0.0,10,18,0.0
2022-10-27,0,29.0,27.9920172197764,32.115,0.0,11,22,0.0
2022-10-28,0,28.0,27.091641519088192,32.18,0.0,10,20,0.0
2022-10-29,0,27.0,26.53179826511993,32.244,0.0,10,20,0.0
2022-10-30,0,26.0,25.192765749841104,32.314,0.0,11,22,0.0
2022-10-31,0,25.0,24.813122022041135,32.379,0.0,10,20,0.0
2022-11-01,0,24.0,23.838237524594128,32.438,0.0,9,18,0.0
2022-11-02,0,23.0,24.06766460591924,32.492,0.0,8,16,0.0
2022-11-03,0,22.0,22.6542822084964,32.551,0.0,9,18,0.0
2022-11-04,0,21.0,20.97273779804573,32.625,0.0,12,24,0.0
2022-11-05,0,20.0,19.512086164956603,32.699,0.0,12,24,0.0
2022-11-06,0,19.0,18.99623393099776,32.768,0.0,11,22,0.0
2022-11-07,0,18.0,17.7358373692262,32.829,0.0,12,18,0.0
2022-11-08,0,17.0,17.464501247015082,32.896,0.0,11,21,0.0
2022-11-09,0,16.0,16.72366733820875,32.944,0.0,7,14,0.0
2022-11-10,0,15.0,18.476094944983778,32.997,0.0,8,16,0.0
2022-11-11,0,14.0,15.993592919571823,33.044,0.0,7,14,0.0
2022-11-12,0,13.0,15.752417490833897,33.091,0.0,7,14,0.0
2022-11-13,0,12.0,17.98784567668672,33.144,0.0,8,16,0.0
2022-11-14,0,11.0,16.733218886809933,33.198,0.0,9,16,0.0
2022-11-15,0,10.0,15.927013474167014,33.259,0.0,12,18,0.0
2022-11-16,0,9.0,16.827125560541955,33.306,0.0,7,14,0.0
2022-11-17,0,8.0,11.806488101019346,33.37,0.0,10,20,0.0
2022-11-18,0,7.0,10.215536075036079,33.423,0.0,8,16,0.0
2022-11-19,0,6.0,7.621899142524147,33.486,0.0,10,20,0.0
2022-11-20,0,5.0,7.95851061438562,33.555,0.0,11,22,0.0
2022-11-21,0,4.0,9.608242604617608,33.607,0.0,8,16,0.0
2022-11-22,0,3.0,8.968740412365415,33.666,0.0,9,18,0.0
2022-11-23,0,2.0,13.294238629426129,34.05,1.0,26,32,0.1428571428571428
2022-11-24,0,1.0,10.124760073875784,34.719,2.0,39,56,0.4285714285714285
2022-11-25,1,0.0,20.015431096681084,35.477,8.0,32,10,1.5714285714285714
2022-11-26,0,100.0,51.05268641774894,34.26,1.0,4,0,1.7142857142857142
2022-11-27,0,99.0,57.73020579530118,32.756,0.0,0,0,1.7142857142857142
2022-11-28,0,98.0,49.750858995865265,31.748,1.0,7,0,1.8571428571428568
2022-11-29,0,97.0,53.16267077129741,30.362,0.0,0,0,1.8571428571428568
2022-11-30,0,96.0,57.963243944651815,29.036,0.0,0,0,1.7142857142857142
2022-12-01,0,95.0,57.88006487956487,29.128,0.0,9,16,1.4285714285714286
2022-12-02,0,94.0,48.46377449696387,29.203,0.0,10,20,0.2857142857142857
2022-12-03,0,93.0,47.89084493347185,29.28,0.0,11,22,0.1428571428571428
2022-12-04,0,92.0,48.08003229760493,29.351,0.0,10,20,0.1428571428571428
2022-12-05,0,91.0,59.931193071695745,29.418,0.0,10,20,0.0
2022-12-06,0,90.0,59.604704976457654,29.496,0.0,12,24,0.0
2022-12-07,0,89.0,59.10625259550527,29.563,0.0,10,20,0.0
2022-12-08,0,88.0,52.38879972060538,29.636,0.0,11,22,0.0
2022-12-09,0,87.0,57.59561271455289,29.697,0.0,8,18,0.0
2022-12-10,0,86.0,59.991598741294965,29.774,0.0,12,24,0.0
2022-12-11,0,85.0,59.99966889456326,29.846,0.0,11,22,0.0
2022-12-12,0,84.0,59.99966889456326,29.913,0.0,10,20,0.0
2022-12-13,0,83.0,59.99965391941567,29.98,0.0,10,20,0.0
2022-12-14,0,82.0,59.99965391941567,30.029,0.0,7,14,0.0
2022-12-15,0,81.0,59.99965391941567,30.085,0.0,8,16,0.0
2022-12-16,0,80.0,59.998403919415665,30.128,0.0,6,12,0.0
2022-12-17,0,79.0,59.98877891941565,30.183,0.0,8,16,0.0
2022-12-18,0,78.0,59.958933681320424,30.226,0.0,6,12,0.0
2022-12-19,0,77.0,59.81247782814583,30.281,0.0,8,16,0.0
2022-12-20,0,76.0,59.39980900619882,30.343,0.0,9,18,0.0
2022-12-21,0,75.0,58.81992038052539,30.392,0.0,7,14,0.0
2022-12-22,0,74.0,58.391513204199676,30.463,0.0,11,22,0.0
2022-12-23,0,73.0,57.50021186389044,30.524,0.0,9,18,0.0
2022-12-24,0,72.0,57.49390208816727,30.601,0.0,12,24,0.0
2022-12-25,0,71.0,57.249688244134795,30.667,0.0,10,20,0.0
2022-12-26,0,70.0,56.80339049327456,30.733,0.0,10,20,0.0
2022-12-27,0,69.0,56.22276118029824,30.799,0.0,10,20,0.0
2022-12-28,0,68.0,54.67562917145927,30.86,0.0,9,18,0.0
2022-12-29,0,67.0,55.13153068477437,30.921,0.0,9,18,0.0
2022-12-30,0,66.0,54.650330011930684,30.969,0.0,7,14,0.0
2022-12-31,0,65.0,55.168347285861174,31.024,0.0,8,16,0.0
2023-01-01,0,64.0,54.01260394367704,31.073,0.0,7,14,0.0
2023-01-02,0,63.0,54.24670443892056,31.133,0.0,9,18,0.0
2023-01-03,0,62.0,53.090246038683524,31.194,0.0,9,18,0.0
2023-01-04,0,61.0,50.24280087967586,31.254,0.0,9,18,0.0
2023-01-05,0,60.0,43.152306845931854,32.04,3.0,43,50,0.4285714285714285
2023-01-06,0,59.0,49.438614836552304,32.83,3.0,44,52,0.8571428571428571
2023-01-07,0,58.0,56.540738997113976,32.909,0.0,9,18,0.8571428571428571
2023-01-08,0,57.0,55.81517306998558,32.982,0.0,8,16,0.8571428571428571
2023-01-09,0,56.0,54.109749909812436,33.067,0.0,10,20,0.8571428571428571
2023-01-10,0,55.0,53.745487734487725,33.146,0.0,9,18,0.8571428571428571
2023-01-11,0,54.0,52.16521208448415,33.224,0.0,9,18,0.8571428571428571
2023-01-12,0,53.0,50.530995211079826,33.298,0.0,10,20,0.4285714285714285
2023-01-13,0,52.0,20.112957432985958,33.351,0.0,8,16,0.0
2023-01-14,0,51.0,31.896022352647357,33.42,0.0,11,22,0.0
2023-01-15,0,50.0,39.3513975746476,33.467,0.0,7,14,0.0
2023-01-16,0,49.0,45.5109508755134,33.535,0.0,11,22,0.0
2023-01-17,0,48.0,46.10705206598959,33.588,0.0,8,16,0.0
2023-01-18,0,47.0,45.259806034243546,33.652,0.0,10,20,0.0
2023-01-19,0,46.0,44.592606629481644,33.71,0.0,9,18,0.0
2023-01-20,0,45.0,44.54118599456101,33.756,0.0,7,14,0.0
2023-01-21,0,44.0,37.28091206709957,33.807,0.0,8,15,0.0
2023-01-22,0,43.0,37.01344182900434,33.846,0.0,5,12,0.0
2023-01-23,0,42.0,37.18451623376624,33.899,0.0,8,16,0.0
2023-01-24,0,41.0,32.48914176264909,34.608,2.0,84,59,0.2857142857142857
2023-01-25,0,40.0,41.344989916129634,34.672,0.0,9,18,0.2857142857142857
2023-01-26,0,39.0,38.454195765835486,34.746,0.0,11,22,0.2857142857142857
2023-01-27,0,38.0,38.983281117983324,34.81,0.0,9,18,0.2857142857142857
2023-01-28,0,37.0,34.01850667918684,34.888,0.0,12,24,0.2857142857142857
2023-01-29,0,36.0,34.68677531822754,34.957,0.0,10,20,0.2857142857142857
2023-01-30,0,35.0,30.94262374267891,35.035,0.0,12,24,0.2857142857142857
2023-01-31,0,34.0,34.542507998945524,35.092,0.0,9,18,0.0
2023-02-01,0,33.0,33.84464110195361,35.154,0.0,10,20,0.0
2023-02-02,0,32.0,32.98143279637032,35.2,0.0,7,14,0.0
2023-02-03,0,31.0,31.497804827117353,35.266,0.0,16,20,0.0
2023-02-04,0,30.0,31.319920898545917,35.328,0.0,10,20,0.0
2023-02-05,0,29.0,30.839888340825865,35.379,0.0,8,16,0.0
2023-02-06,0,28.0,31.286963945776453,35.45,0.0,12,24,0.0
2023-02-07,0,27.0,33.521356712731716,35.506,0.0,9,18,0.0
2023-02-08,0,26.0,25.720557331557334,35.577,0.0,12,24,0.0
2023-02-09,0,25.0,24.678148601398604,35.639,0.0,11,20,0.0
2023-02-10,0,24.0,23.76090710678212,35.685,0.0,7,14,0.0
2023-02-11,0,23.0,23.35799143217894,35.73,0.0,7,14,0.0
2023-02-12,0,22.0,22.736051767676773,35.781,0.0,8,16,0.0
2023-02-13,0,21.0,21.793741251803766,35.827,0.0,7,14,0.0
2023-02-14,0,20.0,20.45388997113997,35.872,0.0,7,14,0.0
2023-02-15,0,19.0,19.546579455266954,35.911,0.0,6,12,0.0
2023-02-16,0,18.0,17.339747113997113,35.951,0.0,6,12,0.0
2023-02-17,0,17.0,16.100585227272738,35.984,0.0,5,10,0.0
2023-02-18,0,16.0,15.329214375901895,36.017,0.0,5,10,0.0
2023-02-19,0,15.0,14.967321518759034,36.044,0.0,4,8,0.0
2023-02-20,0,14.0,14.303647366522377,36.077,0.0,5,10,0.0
2023-02-21,0,13.0,13.398654310966824,36.11,0.0,5,10,0.0
2023-02-22,0,12.0,12.543630321067837,36.149,0.0,6,12,0.0
2023-02-23,0,11.0,11.20717595598846,36.188,0.0,6,12,0.0
2023-02-24,0,10.0,9.870628336940838,36.227,0.0,6,12,0.0
2023-02-25,0,9.0,9.075487463924969,36.261,0.0,5,10,0.0
2023-02-26,0,8.0,8.856845598845604,36.294,0.0,5,10,0.0
2023-02-27,0,7.0,8.415070075757582,36.327,0.0,5,10,0.0
2023-02-28,0,6.0,5.691186417748918,36.378,0.0,17,14,0.0
2023-03-01,0,5.0,5.296557359307359,36.425,0.0,17,12,0.0
2023-03-02,0,4.0,4.191813505938504,36.485,0.0,15,18,0.0
2023-03-03,0,3.0,3.7084097360972335,36.551,0.0,12,22,0.0
2023-03-04,0,2.0,3.2424411630036616,36.632,0.0,15,30,0.0
2023-03-05,0,1.0,3.188777472527471,36.702,0.0,12,24,0.0
2023-03-06,1,0.0,1.8364977453102456,37.607,19.0,4340,471,2.7142857142857144
2023-03-07,0,25.0,18.64166363359615,37.72,0.0,10,20,2.7142857142857144
2023-03-08,0,24.0,12.646842081529575,38.584,4.0,374,62,3.2857142857142856
2023-03-09,0,23.0,21.39128534112086,38.707,0.0,11,22,3.2857142857142856
2023-03-10,0,22.0,21.83427974949026,38.835,0.0,12,24,3.2857142857142856
2023-03-11,0,21.0,21.57852172279474,38.962,0.0,12,24,3.2857142857142856
2023-03-12,0,20.0,19.703316996965015,39.076,0.0,9,18,3.2857142857142856
2023-03-13,0,19.0,23.711186056998567,39.146,0.0,10,20,0.5714285714285714
2023-03-14,0,18.0,20.55756356633562,39.217,0.0,10,20,0.5714285714285714
2023-03-15,0,17.0,13.21868855450105,39.279,0.0,11,22,0.0
2023-03-16,0,16.0,13.50596696359196,39.342,0.0,11,22,0.0
2023-03-17,0,15.0,13.039272970085467,39.416,0.0,14,28,0.0
2023-03-18,0,14.0,12.85694558913309,39.49,0.0,14,28,0.0
2023-03-19,0,13.0,12.05481070318571,39.556,0.0,16,22,0.0
2023-03-20,0,12.0,11.246252171439679,39.633,0.0,15,30,0.0
2023-03-21,0,11.0,9.49152451714952,39.707,0.0,14,28,0.0
2023-03-22,0,10.0,11.250024891774885,40.31,2.0,33,33,0.2857142857142857
2023-03-23,0,9.0,9.23118366172226,40.377,0.0,11,22,0.2857142857142857
2023-03-24,0,8.0,10.934692821067822,40.471,0.0,48,24,0.2857142857142857
2023-03-25,0,7.0,8.266018979182581,40.538,0.0,11,22,0.2857142857142857
2023-03-26,0,6.0,9.816556642907745,40.601,0.0,10,20,0.2857142857142857
2023-03-27,0,5.0,9.554460412749014,40.664,0.0,10,20,0.2857142857142857
2023-03-28,0,4.0,9.547636684394037,40.727,0.0,10,20,0.2857142857142857
2023-03-29,0,3.0,4.31587112193362,40.788,0.0,11,22,0.0
2023-03-30,0,2.0,4.318369137806634,40.847,0.0,11,21,0.0
2023-03-31,0,1.0,3.047617063492061,40.912,0.0,12,24,0.0
2023-04-01,1,0.0,5.115084415584416,41.741,12.0,1117,163,1.7142857142857142
2023-04-02,0,2.0,21.708358989329376,41.843,0.0,13,26,1.7142857142857142
2023-04-03,0,1.0,6.807395452616768,42.573,4.0,102,28,2.2857142857142856
2023-04-04,1,0.0,0.12333333333333332,43.426,35.0,1624,213,7.285714285714286
2023-04-05,1,0.0,0.40672619047619046,44.268,17.0,1092,68,9.714285714285714
2023-04-06,0,5.0,6.697890111534535,42.358,0.0,0,0,9.714285714285714
2023-04-07,0,4.0,6.656690663322892,40.537,0.0,0,0,9.714285714285714
2023-04-08,0,3.0,4.038607314036927,38.798,0.0,0,0,8.0
2023-04-09,0,2.0,3.899968818312794,37.14,0.0,0,0,8.0
2023-04-10,0,1.0,3.401015388264513,35.558,0.0,0,0,7.428571428571429
2023-04-11,1,0.0,0.013333333333333332,36.494,10.0,663,98,3.857142857142857
2023-04-12,0,42.0,39.451454659719396,34.883,0.0,0,0,1.4285714285714286
2023-04-13,0,41.0,38.42968930701653,33.345,0.0,0,0,1.4285714285714286
2023-04-14,0,40.0,38.83568732288954,31.877,0.0,0,0,1.4285714285714286
2023-04-15,0,39.0,37.90043541507512,30.477,0.0,0,0,1.4285714285714286
2023-04-16,0,38.0,37.7036506928529,29.139,0.0,0,0,1.4285714285714286
2023-04-17,0,37.0,36.333398708725916,27.863,0.0,0,0,1.4285714285714286
2023-04-18,0,36.0,19.033652153402144,26.609,0.0,0,0,0.0
2023-04-19,0,35.0,26.597211482961466,25.412,0.0,0,0,0.0
2023-04-20,0,34.0,29.133674375935517,24.269,0.0,1,0,0.0
2023-04-21,0,33.0,31.813444327580413,23.177,0.0,0,0,0.0
2023-04-22,0,32.0,31.348898936860024,22.134,0.0,0,0,0.0
2023-04-23,0,31.0,30.18053993927548,21.138,0.0,0,0,0.0
2023-04-24,0,30.0,28.430751625234464,20.187,0.0,0,0,0.0
2023-04-25,0,29.0,24.618072257399458,19.906,2.0,0,0,0.2857142857142857
2023-04-26,0,28.0,27.56469877177077,19.018,0.0,0,0,0.2857142857142857
2023-04-27,0,27.0,26.70820474928597,18.172,0.0,1,0,0.2857142857142857
2023-04-28,0,26.0,26.047250511697513,17.362,0.0,0,0,0.2857142857142857
2023-04-29,0,25.0,25.590042268551766,16.589,0.0,0,0,0.2857142857142857
2023-04-30,0,24.0,26.50200556220255,15.851,0.0,0,0,0.2857142857142857
2023-05-01,0,23.0,27.35200682482881,15.147,0.0,0,0,0.2857142857142857
2023-05-02,0,22.0,37.781178789747216,14.465,0.0,0,0,0.0
2023-05-03,0,21.0,31.7216333226107,13.814,0.0,0,0,0.0
2023-05-04,0,20.0,26.312683723595732,13.193,0.0,0,0,0.0
2023-05-05,0,19.0,25.816373186085958,12.599,0.0,0,0,0.0
2023-05-06,0,18.0,22.81521899468627,12.032,0.0,0,0,0.0
2023-05-07,0,17.0,20.377042255025373,11.49,0.0,0,0,0.0
2023-05-08,0,16.0,19.92427882273438,10.973,0.0,0,0,0.0
2023-05-09,0,15.0,19.286277290328613,10.48,0.0,0,0,0.0
2023-05-10,0,14.0,42.28145328916261,10.008,0.0,0,0,0.0
2023-05-11,0,13.0,40.955478920208265,9.558,0.0,0,0,0.0
2023-05-12,0,12.0,39.75821551664874,9.128,0.0,0,0,0.0
2023-05-13,0,11.0,39.5437340052792,8.717,0.0,0,0,0.0
2023-05-14,0,10.0,38.95503203082443,8.325,0.0,0,0,0.0
2023-05-15,0,9.0,39.17894885507133,7.95,0.0,0,0,0.0
2023-05-16,0,8.0,40.306821393824244,7.592,0.0,0,0,0.0
2023-05-17,0,7.0,40.90298079238401,7.251,0.0,0,0,0.0
2023-05-18,0,6.0,40.53525433889382,6.924,0.0,0,0,0.0
2023-05-19,0,5.0,41.53411930713716,6.613,0.0,0,0,0.0
2023-05-20,0,4.0,40.36199612592461,6.315,0.0,0,0,0.0
2023-05-21,0,3.0,38.903056096429566,6.031,0.0,0,0,0.0
2023-05-22,0,2.0,39.371305704418226,5.76,0.0,0,0,0.0
2023-05-23,0,1.0,45.364319173915035,5.5,0.0,0,0,0.0
2023-05-24,1,0.0,0.013500000000000002,6.862,23.0,850,73,3.2857142857142856
2023-05-25,0,5.0,5.549801015353714,7.662,2.0,11,0,3.571428571428572
2023-05-26,0,4.0,5.871270644916689,8.36,1.0,19,0,3.7142857142857135
2023-05-27,0,3.0,3.5428399082108184,8.081,0.0,0,0,3.7142857142857135
2023-05-28,0,2.0,3.0706154726694916,7.816,0.0,0,0,3.7142857142857135
2023-05-29,0,1.0,2.907203278583384,7.562,0.0,0,0,3.7142857142857135
2023-05-30,1,0.0,0.11283333333333333,8.845,28.0,1771,10,7.714285714285714
2023-05-31,1,0.0,0.013333333333333332,10.145,16.0,250,24,6.714285714285714
2023-06-01,0,8.0,6.811601244481452,10.322,1.0,1,0,6.571428571428571
2023-06-02,0,7.0,5.417632342459695,9.981,0.0,0,0,6.428571428571429
2023-06-03,0,6.0,5.26350876078608,9.654,0.0,0,0,6.428571428571429
2023-06-04,0,5.0,4.6579095857663955,9.343,0.0,0,0,6.428571428571429
2023-06-05,0,4.0,5.655831368789292,9.945,4.0,3,0,7.0
2023-06-06,0,3.0,4.900080711925961,9.581,0.0,0,0,3.0
2023-06-07,0,2.0,9.619534029330659,9.173,0.0,0,0,0.7142857142857143
2023-06-08,0,1.0,7.485445687117319,8.778,0.0,0,0,0.5714285714285714
2023-06-09,1,0.0,23.134435245310236,9.381,6.0,10,0,1.4285714285714286
2023-06-10,0,47.0,41.996567684358126,9.003,0.0,0,0,1.4285714285714286
2023-06-11,0,46.0,42.552996075411514,8.643,0.0,0,0,1.4285714285714286
2023-06-12,0,45.0,42.46061746790789,8.282,0.0,0,0,0.8571428571428571
2023-06-13,0,44.0,41.626291384269315,7.937,0.0,0,0,0.8571428571428571
2023-06-14,0,43.0,42.29538234886029,7.608,0.0,0,0,0.8571428571428571
2023-06-15,0,42.0,41.362829769495214,7.293,0.0,0,0,0.8571428571428571
2023-06-16,0,41.0,32.82693435858675,6.965,0.0,0,0,0.0
2023-06-17,0,40.0,37.115194996916856,6.653,0.0,1,0,0.0
2023-06-18,0,39.0,37.76826178215751,6.353,0.0,0,0,0.0
2023-06-19,0,38.0,37.04669837078818,6.067,0.0,0,0,0.0
2023-06-20,0,37.0,36.13314547229777,5.794,0.0,0,0,0.0
2023-06-21,0,36.0,37.09401655821395,5.534,0.0,0,0,0.0
2023-06-22,0,35.0,37.731688521671316,5.285,0.0,0,0,0.0
2023-06-23,0,34.0,37.52870593645865,5.047,0.0,0,0,0.0
2023-06-24,0,33.0,51.539737133208526,4.82,0.0,0,0,0.0
2023-06-25,0,32.0,50.45803142554742,4.603,0.0,0,0,0.0
2023-06-26,0,31.0,49.7195062079931,4.396,0.0,0,0,0.0
2023-06-27,0,30.0,49.2733381314928,4.198,0.0,0,0,0.0
2023-06-28,0,29.0,49.08554402707903,4.009,0.0,0,0,0.0
2023-06-29,0,28.0,49.41162724301963,3.829,0.0,0,0,0.0
2023-06-30,0,27.0,47.707805750578,3.657,0.0,1,0,0.0
2023-07-01,0,26.0,48.16802111528124,3.493,0.0,0,0,0.0
2023-07-02,0,25.0,47.78187305818032,3.336,0.0,0,0,0.0
2023-07-03,0,24.0,48.06059451177131,3.185,0.0,0,0,0.0
2023-07-04,0,23.0,47.72025077529896,3.042,0.0,0,0,0.0
2023-07-05,0,22.0,46.968587250494636,2.905,0.0,0,0,0.0
2023-07-06,0,21.0,46.36831322476387,2.774,0.0,0,0,0.0
2023-07-07,0,20.0,46.11165433744943,2.65,0.0,0,0,0.0
2023-07-08,0,19.0,45.39170471495855,2.53,0.0,0,0,0.0
2023-07-09,0,18.0,44.11335824628418,2.417,0.0,0,0,0.0
2023-07-10,0,17.0,42.45408425340701,2.308,0.0,0,0,0.0
2023-07-11,0,16.0,42.025997476263996,2.204,0.0,0,0,0.0
2023-07-12,0,15.0,45.4190756116061,2.106,0.0,1,0,0.0
2023-07-13,0,14.0,14.817129162504159,2.234,0.0,44,20,0.0
2023-07-14,0,13.0,11.958876186313683,2.361,0.0,49,18,0.0
2023-07-15,0,12.0,11.197856525419029,2.515,0.0,66,22,0.0
2023-07-16,0,11.0,11.067354541292046,2.658,0.0,60,20,0.0
2023-07-17,0,10.0,10.479308906371408,2.818,0.0,67,24,0.0
2023-07-18,0,9.0,9.623130966255964,2.984,0.0,73,24,0.0
2023-07-19,0,8.0,8.86935544316794,3.142,0.0,62,25,0.0
2023-07-20,0,7.0,6.293666576479073,3.306,0.0,72,24,0.0
2023-07-21,0,6.0,6.063410624098124,3.447,0.0,60,20,0.0
2023-07-22,0,5.0,5.616025361372342,3.622,0.0,68,30,0.0
2023-07-23,0,4.0,6.065061359104767,3.777,0.0,66,23,0.0
2023-07-24,0,3.0,7.758304924242424,3.96,0.0,80,30,0.0
2023-07-25,0,2.0,11.616006434862351,4.129,0.0,73,26,0.0
2023-07-26,0,1.0,25.2951453067322,4.27,0.0,61,20,0.0
2023-07-27,1,0.0,22.83054021672771,5.503,8.0,85,36,1.1428571428571428
2023-07-28,0,586.0,57.488633200133194,5.69,0.0,66,22,1.1428571428571428
2023-07-29,0,585.0,55.20313590576089,5.897,0.0,78,26,1.1428571428571428
2023-07-30,0,584.0,58.877001706626686,6.068,0.0,55,20,1.1428571428571428
2023-07-31,0,583.0,59.25946058108557,6.243,0.0,60,20,1.1428571428571428
2023-08-01,0,582.0,57.18615403346652,6.443,0.0,71,26,1.1428571428571428
2023-08-02,0,581.0,56.56858981990231,6.634,0.0,66,24,1.1428571428571428
2023-08-03,0,580.0,59.99965391941567,6.809,0.0,76,30,0.0
2023-08-04,0,579.0,59.99965763412592,6.962,0.0,67,24,0.0
2023-08-05,0,578.0,59.74431807169575,7.122,0.0,68,26,0.0
2023-08-06,0,577.0,59.99994307169575,7.253,0.0,55,20,0.0
2023-08-07,0,576.0,59.68390140502908,7.412,0.0,68,26,0.0
2023-08-08,0,575.0,59.580151405029085,7.584,0.0,80,28,0.0
2023-08-09,0,574.0,59.67626747645765,7.734,0.0,64,24,0.0
2023-08-10,0,573.0,59.36239247645765,7.826,0.0,42,12,0.0
2023-08-11,0,572.0,59.99965391941567,7.95,0.0,55,18,0.0
2023-08-12,0,571.0,40.69860096147882,7.593,0.0,0,0,0.0
2023-08-13,0,570.0,40.90298079238401,7.251,0.0,0,0,0.0
2023-08-14,0,569.0,40.87750913765751,6.925,0.0,0,0,0.0
2023-08-15,0,568.0,41.53411930713716,6.613,0.0,0,0,0.0
2023-08-16,0,567.0,41.168887006991106,6.316,0.0,0,0,0.0
2023-08-17,0,566.0,38.903056096429566,6.031,0.0,0,0,0.0
2023-08-18,0,565.0,39.371305704418226,5.76,0.0,0,0,0.0
2023-08-19,0,564.0,45.91593910497117,5.501,0.0,0,0,0.0
2023-08-20,0,563.0,59.99965391941567,5.657,0.0,68,24,0.0
2023-08-21,0,562.0,59.99965391941567,5.796,0.0,60,20,0.0
2023-08-22,0,561.0,59.99965391941567,5.938,0.0,52,24,0.0
2023-08-23,0,560.0,59.99965391941567,6.095,0.0,69,24,0.0
2023-08-24,0,559.0,59.99965391941567,6.263,0.0,78,26,0.0
2023-08-25,0,558.0,59.99965391941567,6.409,0.0,63,22,0.0
2023-08-26,0,557.0,59.99965391941567,6.557,0.0,66,22,0.0
2023-08-27,0,556.0,59.99965391941567,6.689,0.0,55,20,0.0
2023-08-28,0,555.0,59.99965391941567,6.826,0.0,60,20,0.0
2023-08-29,0,554.0,59.99965391941567,7.002,0.0,84,28,0.0
2023-08-30,0,553.0,59.99965391941567,7.151,0.0,62,24,0.0
2023-08-31,0,552.0,59.99965391941567,7.318,0.0,78,26,0.0
2023-09-01,0,551.0,59.99965391941567,7.454,0.0,60,20,0.0
2023-09-02,0,550.0,59.99965391941567,7.619,0.0,71,28,0.0
2023-09-03,0,549.0,59.99965391941567,7.781,0.0,73,26,0.0
2023-09-04,0,548.0,59.99965391941567,7.933,0.0,67,24,0.0
2023-09-05,0,547.0,59.99965391941567,8.087,0.0,70,24,0.0
2023-09-06,0,546.0,59.99965391941567,8.218,0.0,55,20,0.0
2023-09-07,0,545.0,59.99965391941567,8.359,0.0,61,22,0.0
2023-09-08,0,544.0,59.99965391941567,8.504,0.0,66,22,0.0
2023-09-09,0,543.0,59.99965391941567,8.65,0.0,62,24,0.0
2023-09-10,0,542.0,59.99965391941567,8.814,0.0,78,26,0.0
2023-09-11,0,541.0,59.99965391941567,8.949,0.0,61,20,0.0
2023-09-12,0,540.0,59.99965391941567,9.093,0.0,66,22,0.0
2023-09-13,0,539.0,59.99965391941567,9.237,0.0,66,22,0.0
2023-09-14,0,538.0,59.99965391941567,9.396,0.0,73,26,0.0
2023-09-15,0,537.0,59.99965391941567,9.544,0.0,66,24,0.0
2023-09-16,0,536.0,59.99965391941567,9.704,0.0,74,26,0.0
2023-09-17,0,535.0,59.99965391941567,9.852,0.0,67,24,0.0
2023-09-18,0,534.0,59.99965391941567,9.996,0.0,61,24,0.0
2023-09-19,0,533.0,59.99965391941567,10.151,0.0,63,28,0.0
2023-09-20,0,532.0,59.99965391941567,10.299,0.0,67,24,0.0
2023-09-21,0,531.0,59.99965391941567,10.46,0.0,78,26,0.0
2023-09-22,0,530.0,59.99965391941567,10.573,0.0,46,18,0.0
2023-09-23,0,529.0,59.99965391941567,10.704,0.0,60,20,0.0
2023-09-24,0,528.0,59.99965391941567,10.864,0.0,78,26,0.0
2023-09-25,0,527.0,59.99965391941567,11.0,0.0,60,22,0.0
2023-09-26,0,526.0,59.99965391941567,11.165,0.0,79,28,0.0
2023-09-27,0,525.0,59.99965391941567,11.248,0.0,36,12,0.0
2023-09-28,0,524.0,59.99965391941567,11.381,0.0,63,20,0.0
2023-09-29,0,523.0,59.99965391941567,11.521,0.0,66,22,0.0
2023-09-30,0,522.0,59.99965391941567,11.663,0.0,62,24,0.0
2023-10-01,0,521.0,59.92856616938508,11.838,0.0,90,30,0.0
2023-10-02,0,520.0,59.99965391941567,11.973,0.0,61,22,0.0
2023-10-03,0,519.0,59.99965391941567,12.107,0.0,59,22,0.0
2023-10-04,0,518.0,59.99965391941567,12.252,0.0,68,24,0.0
2023-10-05,0,517.0,59.99965391941567,12.417,0.0,72,32,0.0
2023-10-06,0,516.0,59.99965391941567,12.561,0.0,66,24,0.0
2023-10-07,0,515.0,59.99965391941567,12.695,0.0,60,22,0.0
2023-10-08,0,514.0,59.99965391941567,12.829,0.0,61,22,0.0
2023-10-09,0,513.0,59.99965391941567,12.946,0.0,54,18,0.0
2023-10-10,0,512.0,59.99965391941567,13.095,0.0,68,26,0.0
2023-10-11,0,511.0,59.99965391941567,13.242,0.0,72,24,0.0
2023-10-12,0,510.0,59.99965391941567,13.4,0.0,75,28,0.0
2023-10-13,0,509.0,59.99965391941567,13.532,0.0,60,22,0.0
2023-10-14,0,508.0,59.99965391941567,13.659,0.0,60,20,0.0
2023-10-15,0,507.0,59.99965391941567,13.809,0.0,72,26,0.0
2023-10-16,0,506.0,59.99965391941567,13.951,0.0,66,24,0.0
2023-10-17,0,505.0,36.61827717900408,14.854,2.0,103,28,0.2857142857142857
2023-10-18,0,504.0,57.86749099574286,14.993,0.0,61,22,0.2857142857142857
2023-10-19,0,503.0,57.586731075107956,15.13,0.0,64,20,0.2857142857142857
2023-10-20,0,502.0,57.526466194155574,15.277,0.0,63,25,0.2857142857142857
2023-10-21,0,501.0,58.17213881320319,15.42,0.0,66,22,0.2857142857142857
2023-10-22,0,500.0,53.397737027488894,15.58,0.0,78,26,0.2857142857142857
2023-10-23,0,499.0,56.025810440187314,15.715,0.0,56,22,0.2857142857142857
2023-10-24,0,498.0,59.99965391941567,15.848,0.0,66,22,0.0
2023-10-25,0,497.0,59.99965763412592,15.958,0.0,50,18,0.0
2023-10-26,0,496.0,59.99965763412592,16.098,0.0,63,26,0.0
2023-10-27,0,495.0,59.99966889456326,16.253,0.0,79,28,0.0
2023-10-28,0,494.0,59.93781940476734,16.391,0.0,67,24,0.0
2023-10-29,0,493.0,59.8343070746283,16.533,0.0,72,24,0.0
2023-10-30,0,492.0,59.9999320746283,16.665,0.0,66,22,0.0
2023-10-31,0,491.0,59.93806807169575,16.802,0.0,67,24,0.0
2023-11-01,0,490.0,59.99965391941567,16.952,0.0,78,26,0.0
2023-11-02,0,489.0,59.99965391941567,17.083,0.0,66,22,0.0
2023-11-03,0,488.0,59.99965391941567,17.232,0.0,73,28,0.0
2023-11-04,0,487.0,59.99965391941567,17.35,0.0,55,20,0.0
2023-11-05,0,486.0,59.99965391941567,17.488,0.0,63,26,0.0
2023-11-06,0,485.0,59.99965391941567,17.618,0.0,66,22,0.0
2023-11-07,0,484.0,59.99965391941567,17.759,0.0,68,26,0.0
2023-11-08,0,483.0,59.99965391941567,17.9,0.0,69,26,0.0
2023-11-09,0,482.0,59.99965391941567,18.022,0.0,55,22,0.0
2023-11-10,0,481.0,59.99965391941567,18.154,0.0,62,24,0.0
2023-11-11,0,480.0,59.99965391941567,18.297,0.0,73,26,0.0
2023-11-12,0,479.0,59.99965391941567,18.445,0.0,74,28,0.0
2023-11-13,0,478.0,59.99965391941567,18.579,0.0,67,24,0.0
2023-11-14,0,477.0,59.856299502718414,18.76,0.0,166,24,0.0
2023-11-15,0,476.0,59.952290659180996,18.915,0.0,100,24,0.0
2023-11-16,0,475.0,59.99965391941567,19.047,0.0,71,22,0.0
2023-11-17,0,474.0,59.99965391941567,19.165,0.0,60,20,0.0
2023-11-18,0,473.0,59.99965391941567,19.27,0.0,49,18,0.0
2023-11-19,0,472.0,59.99965391941567,19.423,0.0,84,28,0.0
2023-11-20,0,471.0,59.99965391941567,19.52,0.0,48,16,0.0
2023-11-21,0,470.0,59.99965391941567,19.67,0.0,103,22,0.0
2023-11-22,0,469.0,59.99965391941567,19.814,0.0,78,26,0.0
2023-11-23,0,468.0,59.99965391941567,19.946,0.0,81,20,0.0
2023-11-24,0,467.0,59.99965391941567,20.09,0.0,78,26,0.0
2023-11-25,0,466.0,59.99965391941567,20.194,0.0,50,18,0.0
2023-11-26,0,465.0,59.99965391941567,20.326,0.0,67,24,0.0
2023-11-27,0,464.0,59.99965391941567,20.469,0.0,78,26,0.0
2023-11-28,0,463.0,59.99965391941567,20.6,0.0,68,24,0.0
2023-11-29,0,462.0,59.92856616938508,20.758,0.0,90,30,0.0
2023-11-30,0,461.0,59.99965391941567,20.879,0.0,61,22,0.0
2023-12-01,0,460.0,59.99965391941567,21.015,0.0,69,26,0.0
2023-12-02,0,459.0,59.99965391941567,21.132,0.0,61,20,0.0
2023-12-03,0,458.0,59.99965391941567,21.272,0.0,70,28,0.0
2023-12-04,0,457.0,59.99965391941567,21.417,0.0,78,28,0.0
2023-12-05,0,456.0,59.99965391941567,21.532,0.0,60,20,0.0
2023-12-06,0,455.0,59.99965391941567,21.653,0.0,61,22,0.0
2023-12-07,0,454.0,59.99965391941567,21.768,0.0,60,20,0.0
2023-12-08,0,453.0,59.99965391941567,21.897,0.0,67,24,0.0
2023-12-09,0,452.0,59.99965391941567,22.02,0.0,66,22,0.0
2023-12-10,0,451.0,59.99965391941567,22.157,0.0,73,26,0.0
2023-12-11,0,450.0,59.99965391941567,22.285,0.0,67,24,0.0
2023-12-12,0,449.0,59.99965391941567,22.399,0.0,60,20,0.0
2023-12-13,0,448.0,59.99965391941567,22.541,0.0,71,30,0.0
2023-12-14,0,447.0,59.99965391941567,22.68,0.0,78,26,0.0
2023-12-15,0,446.0,59.99965391941567,22.826,0.0,84,28,0.0
2023-12-16,0,445.0,59.99965391941567,22.954,0.0,67,24,0.0
2023-12-17,0,444.0,59.99965391941567,23.066,0.0,60,20,0.0
2023-12-18,0,443.0,59.99965391941567,23.201,0.0,73,26,0.0
2023-12-19,0,442.0,59.99965391941567,23.329,0.0,68,24,0.0
2023-12-20,0,441.0,59.99965391941567,23.471,0.0,79,28,0.0
2023-12-21,0,440.0,59.99965391941567,23.57,0.0,49,18,0.0
2023-12-22,0,439.0,59.99965391941567,23.69,0.0,66,22,0.0
2023-12-23,0,438.0,59.99965391941567,23.799,0.0,56,20,0.0
2023-12-24,0,437.0,59.99965391941567,23.907,0.0,55,20,0.0
2023-12-25,0,436.0,59.99965391941567,24.048,0.0,79,28,0.0
2023-12-26,0,435.0,59.99965391941567,24.174,0.0,67,24,0.0
2023-12-27,0,434.0,59.99965391941567,24.299,0.0,67,24,0.0
2023-12-28,0,433.0,59.99965391941567,24.415,0.0,61,22,0.0
2023-12-29,0,432.0,59.99965391941567,24.536,0.0,62,24,0.0
2023-12-30,0,431.0,59.92856616938508,24.692,0.0,96,32,0.0
2023-12-31,0,430.0,59.99965391941567,24.808,0.0,61,22,0.0
2024-01-01,0,429.0,59.99965391941567,24.942,0.0,77,26,0.0
2024-01-02,0,428.0,59.99965391941567,25.057,0.0,61,22,0.0
2024-01-03,0,427.0,59.99965391941567,25.189,0.0,67,28,0.0
2024-01-04,0,426.0,59.99965391941567,25.311,0.0,66,24,0.0
2024-01-05,0,425.0,59.99965391941567,25.424,0.0,65,20,0.0
2024-01-06,0,424.0,59.99965391941567,25.55,0.0,72,24,0.0
2024-01-07,0,423.0,59.99965391941567,25.65,0.0,54,18,0.0
2024-01-08,0,422.0,59.99965391941567,25.759,0.0,60,20,0.0
2024-01-09,0,421.0,59.99965391941567,25.88,0.0,72,22,0.0
2024-01-10,0,420.0,59.99965391941567,26.011,0.0,69,28,0.0
2024-01-11,0,419.0,59.0518126627143,26.051,0.0,23,6,0.0
2024-01-12,0,418.0,52.48868544433239,24.879,0.0,0,0,0.0
2024-01-13,0,417.0,52.864971696371114,23.759,0.0,0,0,0.0
2024-01-14,0,416.0,52.23965814617075,22.69,0.0,0,0,0.0
2024-01-15,0,415.0,59.85731616938508,22.841,0.0,86,30,0.0
2024-01-16,0,414.0,59.99965391941567,22.963,0.0,66,22,0.0
2024-01-17,0,413.0,59.99965391941567,23.091,0.0,72,23,0.0
2024-01-18,0,412.0,59.99965391941567,23.213,0.0,61,24,0.0
2024-01-19,0,411.0,59.99965391941567,23.34,0.0,67,24,0.0
2024-01-20,0,410.0,59.99965391941567,23.47,0.0,72,24,0.0
2024-01-21,0,409.0,59.99965391941567,23.587,0.0,61,22,0.0
2024-01-22,0,408.0,59.99965391941567,23.713,0.0,67,24,0.0
2024-01-23,0,407.0,59.99965391941567,23.822,0.0,56,20,0.0
2024-01-24,0,406.0,59.99965391941567,23.934,0.0,60,20,0.0
2024-01-25,0,405.0,59.99965391941567,24.077,0.0,83,28,0.0
2024-01-26,0,404.0,59.99965391941567,24.198,0.0,61,24,0.0
2024-01-27,0,403.0,59.99965391941567,24.342,0.0,84,28,0.0
2024-01-28,0,402.0,59.99965391941567,24.458,0.0,61,22,0.0
2024-01-29,0,401.0,59.99965391941567,24.568,0.0,60,20,0.0
2024-01-30,0,400.0,59.85731616938508,24.715,0.0,85,30,0.0
2024-01-31,0,399.0,59.99965391941567,24.839,0.0,67,24,0.0
2024-02-01,0,398.0,59.99965391941567,24.979,0.0,80,28,0.0
2024-02-02,0,397.0,59.99965391941567,25.094,0.0,61,22,0.0
2024-02-03,0,396.0,59.99965391941567,25.223,0.0,69,26,0.0
2024-02-04,0,395.0,59.99965391941567,25.341,0.0,66,22,0.0
2024-02-05,0,394.0,59.99965391941567,25.448,0.0,56,20,0.0
2024-02-06,0,393.0,59.99965391941567,25.582,0.0,78,26,0.0
2024-02-07,0,392.0,59.99965391941567,25.678,0.0,49,18,0.0
2024-02-08,0,391.0,59.99965391941567,25.797,0.0,62,24,0.0
2024-02-09,0,390.0,59.99965391941567,25.906,0.0,60,20,0.0
2024-02-10,0,389.0,59.99965391941567,26.042,0.0,71,30,0.0
2024-02-11,0,388.0,59.99965391941567,26.175,0.0,73,28,0.0
2024-02-12,0,387.0,59.99965391941567,26.309,0.0,74,28,0.0
2024-02-13,0,386.0,59.99965391941567,26.43,0.0,67,24,0.0
2024-02-14,0,385.0,59.99965391941567,26.538,0.0,60,20,0.0
2024-02-15,0,384.0,59.99965391941567,26.675,0.0,75,30,0.0
2024-02-16,0,383.0,59.99965391941567,26.799,0.0,73,24,0.0
2024-02-17,0,382.0,59.99965391941567,26.935,0.0,79,28,0.0
2024-02-18,0,381.0,59.99965391941567,27.051,0.0,60,24,0.0
2024-02-19,0,380.0,59.99965391941567,27.158,0.0,60,20,0.0
2024-02-20,0,379.0,59.99965391941567,27.278,0.0,67,24,0.0
2024-02-21,0,378.0,59.99965391941567,27.393,0.0,66,22,0.0
2024-02-22,0,377.0,59.99965391941567,27.516,0.0,72,24,0.0
2024-02-23,0,376.0,59.99965391941567,27.632,0.0,62,24,0.0
2024-02-24,0,375.0,59.99965391941567,27.729,0.0,54,18,0.0
2024-02-25,0,374.0,59.99965391941567,27.848,0.0,67,24,0.0
2024-02-26,0,373.0,59.99965391941567,27.977,0.0,78,26,0.0
2024-02-27,0,372.0,59.99965391941567,28.111,0.0,80,28,0.0
2024-02-28,0,371.0,59.99965391941567,28.23,0.0,67,24,0.0
2024-02-29,0,370.0,59.92856616938508,28.373,0.0,126,22,0.0
2024-03-01,0,369.0,59.99965391941567,28.491,0.0,67,24,0.0
2024-03-02,0,368.0,59.99965391941567,28.615,0.0,70,26,0.0
2024-03-03,0,367.0,59.99965391941567,28.743,0.0,72,28,0.0
2024-03-04,0,366.0,59.99965391941567,28.855,0.0,62,23,0.0
2024-03-05,0,365.0,59.99965391941567,28.942,0.0,49,16,0.0
2024-03-06,0,364.0,50.69053126293955,27.64,0.0,0,0,0.0
2024-03-07,0,363.0,51.45170264440438,26.396,0.0,0,0,0.0
2024-03-08,0,362.0,52.45754258718951,25.208,0.0,0,0,0.0
2024-03-09,0,361.0,52.84674252970445,24.074,0.0,0,0,0.0
2024-03-10,0,360.0,52.30121904360665,22.991,0.0,0,0,0.0
2024-03-11,0,359.0,50.3663741556311,21.956,0.0,0,0,0.0
2024-03-12,0,358.0,50.16450097751759,20.968,0.0,0,0,0.0
2024-03-13,0,357.0,49.55450002776566,20.024,0.0,0,0,0.0
2024-03-14,0,356.0,48.48192535083231,19.123,0.0,0,0,0.0
2024-03-15,0,355.0,47.86918059474875,18.263,0.0,0,0,0.0
2024-03-16,0,354.0,44.937278792977025,17.441,0.0,0,0,0.0
2024-03-17,0,353.0,43.99906535886808,16.656,0.0,0,0,0.0
2024-03-18,0,352.0,43.608537872736136,15.907,0.0,0,0,0.0
2024-03-19,0,351.0,59.99965391941567,16.025,0.0,69,16,0.0
2024-03-20,0,350.0,59.99965391941567,16.168,0.0,67,26,0.0
2024-03-21,0,349.0,49.34889201980842,16.181,0.0,6,2,0.0
2024-03-22,0,348.0,42.78242007342248,15.453,0.0,0,0,0.0
2024-03-23,0,347.0,39.449386368810025,14.758,0.0,0,0,0.0
2024-03-24,0,346.0,39.45350473125147,14.094,0.0,0,0,0.0
2024-03-25,0,345.0,40.3624953749397,13.459,0.0,0,0,0.0
2024-03-26,0,344.0,41.72074677674177,12.854,0.0,0,0,0.0
2024-03-27,0,343.0,45.594368564826084,12.275,0.0,0,0,0.0
2024-03-28,0,342.0,46.98799245716791,11.723,0.0,0,0,0.0
2024-03-29,0,341.0,47.59625937721111,11.195,0.0,0,0,0.0
2024-03-30,0,340.0,46.550722930718464,10.692,0.0,0,0,0.0
2024-03-31,0,339.0,45.031533193977864,10.21,0.0,0,0,0.0
2024-04-01,0,338.0,42.79562185784649,9.751,0.0,0,0,0.0
2024-04-02,0,337.0,42.145409438794296,9.312,0.0,0,0,0.0
2024-04-03,0,336.0,40.722294061019205,8.893,0.0,0,0,0.0
2024-04-04,0,335.0,41.46709664923316,8.493,0.0,0,0,0.0
2024-04-05,0,334.0,39.88636147152831,8.111,0.0,0,0,0.0
2024-04-06,0,333.0,41.65515393918122,7.746,0.0,0,0,0.0
2024-04-07,0,332.0,42.29919902910413,7.397,0.0,0,0,0.0
2024-04-08,0,331.0,42.99130023483859,7.064,0.0,0,0,0.0
2024-04-09,0,330.0,42.98412252278026,6.746,0.0,0,0,0.0
2024-04-10,0,329.0,43.73522710523389,6.443,0.0,0,0,0.0
2024-04-11,0,328.0,42.482558407294334,6.153,0.0,0,0,0.0
2024-04-12,0,327.0,42.3942050590631,5.876,0.0,0,0,0.0
2024-04-13,0,326.0,45.91497669527413,5.612,0.0,0,0,0.0
2024-04-14,0,325.0,53.4109550566117,5.359,0.0,0,0,0.0
2024-04-15,0,324.0,53.94338852201864,5.118,0.0,0,0,0.0
2024-04-16,0,323.0,53.39455023140805,4.888,0.0,0,0,0.0
2024-04-17,0,322.0,51.28235459606948,4.668,0.0,0,0,0.0
2024-04-18,0,321.0,50.420947216406596,4.458,0.0,0,0,0.0
2024-04-19,0,320.0,49.86030000361815,4.257,0.0,0,0,0.0
2024-04-20,0,319.0,49.767023903887114,4.065,0.0,0,0,0.0
2024-04-21,0,318.0,49.77704497420329,3.883,0.0,0,0,0.0
2024-04-22,0,317.0,50.20238119608183,3.708,0.0,0,0,0.0
2024-04-23,0,316.0,48.958800205051794,3.541,0.0,0,0,0.0
2024-04-24,0,315.0,48.714475233993326,3.382,0.0,0,0,0.0
2024-04-25,0,314.0,48.51555211666642,3.229,0.0,0,0,0.0
2024-04-26,0,313.0,48.61492607327669,3.084,0.0,0,0,0.0
2024-04-27,0,312.0,48.31284687576857,2.945,0.0,0,0,0.0
2024-04-28,0,311.0,47.659113236020765,2.813,0.0,0,0,0.0
2024-04-29,0,310.0,47.567062440172,2.686,0.0,0,0,0.0
2024-04-30,0,309.0,47.08227773271042,2.565,0.0,0,0,0.0
2024-05-01,0,308.0,46.57203185696839,2.45,0.0,0,0,0.0
2024-05-02,0,307.0,45.06321975649481,2.34,0.0,0,0,0.0
2024-05-03,0,306.0,42.99259343691937,2.234,0.0,0,0,0.0
2024-05-04,0,305.0,46.92617101358938,2.134,0.0,0,0,0.0
2024-05-05,0,304.0,59.851375,2.038,0.0,0,0,0.0
2024-05-06,0,303.0,60.0,1.946,0.0,0,0,0.0
2024-05-07,0,302.0,60.0,1.859,0.0,0,0,0.0
2024-05-08,0,301.0,60.0,1.775,0.0,0,0,0.0
2024-05-09,0,300.0,60.0,1.695,0.0,0,0,0.0
2024-05-10,0,299.0,60.0,1.619,0.0,0,0,0.0
2024-05-11,0,298.0,60.0,1.546,0.0,0,0,0.0
2024-05-12,0,297.0,60.0,1.476,0.0,0,0,0.0
2024-05-13,0,296.0,60.0,1.41,0.0,0,0,0.0
2024-05-14,0,295.0,60.0,1.346,0.0,0,0,0.0
2024-05-15,0,294.0,60.0,1.286,0.0,0,0,0.0
2024-05-16,0,293.0,60.0,1.228,0.0,0,0,0.0
2024-05-17,0,292.0,60.0,1.173,0.0,0,0,0.0
2024-05-18,0,291.0,60.0,1.12,0.0,0,0,0.0
2024-05-19,0,290.0,60.0,1.07,0.0,0,0,0.0
2024-05-20,0,289.0,60.0,1.021,0.0,0,0,0.0
2024-05-21,0,288.0,60.0,0.975,0.0,0,0,0.0
2024-05-22,0,287.0,60.0,0.932,0.0,0,0,0.0
2024-05-23,0,286.0,60.0,0.89,0.0,0,0,0.0
2024-05-24,0,285.0,60.0,0.85,0.0,0,0,0.0
2024-05-25,0,284.0,60.0,0.811,0.0,0,0,0.0
2024-05-26,0,283.0,60.0,0.775,0.0,0,0,0.0
2024-05-27,0,282.0,60.0,0.74,0.0,0,0,0.0
2024-05-28,0,281.0,60.0,0.707,0.0,0,0,0.0
2024-05-29,0,280.0,60.0,0.675,0.0,0,0,0.0
2024-05-30,0,279.0,60.0,0.645,0.0,0,0,0.0
2024-05-31,0,278.0,60.0,0.616,0.0,0,0,0.0
2024-06-01,0,277.0,60.0,0.588,0.0,0,0,0.0
2024-06-02,0,276.0,60.0,0.561,0.0,0,0,0.0
2024-06-03,0,275.0,60.0,0.536,0.0,0,0,0.0
2024-06-04,0,274.0,60.0,0.512,0.0,0,0,0.0
2024-06-05,0,273.0,60.0,0.489,0.0,0,0,0.0
2024-06-06,0,272.0,60.0,0.467,0.0,0,0,0.0
2024-06-07,0,271.0,60.0,0.446,0.0,0,0,0.0
2024-06-08,0,270.0,60.0,0.426,0.0,0,0,0.0
2024-06-09,0,269.0,60.0,0.407,0.0,0,0,0.0
2024-06-10,0,268.0,60.0,0.388,0.0,0,0,0.0
2024-06-11,0,267.0,60.0,0.371,0.0,0,0,0.0
2024-06-12,0,266.0,60.0,0.354,0.0,0,0,0.0
2024-06-13,0,265.0,60.0,0.338,0.0,0,0,0.0
2024-06-14,0,264.0,60.0,0.323,0.0,0,0,0.0
2024-06-15,0,263.0,60.0,0.309,0.0,0,0,0.0
2024-06-16,0,262.0,60.0,0.295,0.0,0,0,0.0
2024-06-17,0,261.0,60.0,0.281,0.0,0,0,0.0
2024-06-18,0,260.0,60.0,0.269,0.0,0,0,0.0
2024-06-19,0,259.0,60.0,0.257,0.0,0,0,0.0
2024-06-20,0,258.0,60.0,0.245,0.0,0,0,0.0
2024-06-21,0,257.0,60.0,0.234,0.0,0,0,0.0
2024-06-22,0,256.0,60.0,0.224,0.0,0,0,0.0
2024-06-23,0,255.0,60.0,0.213,0.0,0,0,0.0
2024-06-24,0,254.0,60.0,0.204,0.0,0,0,0.0
2024-06-25,0,253.0,60.0,0.195,0.0,0,0,0.0
2024-06-26,0,252.0,60.0,0.186,0.0,0,0,0.0
2024-06-27,0,251.0,60.0,0.178,0.0,0,0,0.0
2024-06-28,0,250.0,60.0,0.17,0.0,0,0,0.0
2024-06-29,0,249.0,60.0,0.162,0.0,0,0,0.0
2024-06-30,0,248.0,60.0,0.155,0.0,0,0,0.0
2024-07-01,0,247.0,60.0,0.148,0.0,0,0,0.0
2024-07-02,0,246.0,60.0,0.141,0.0,0,0,0.0
2024-07-03,0,245.0,60.0,0.135,0.0,0,0,0.0
2024-07-04,0,244.0,60.0,0.129,0.0,0,0,0.0
2024-07-05,0,243.0,60.0,0.123,0.0,0,0,0.0
2024-07-06,0,242.0,60.0,0.117,0.0,0,0,0.0
2024-07-07,0,241.0,60.0,0.112,0.0,0,0,0.0
2024-07-08,0,240.0,60.0,0.107,0.0,0,0,0.0
2024-07-09,0,239.0,60.0,0.102,0.0,0,0,0.0
2024-07-10,0,238.0,60.0,0.098,0.0,0,0,0.0
2024-07-11,0,237.0,60.0,0.093,0.0,0,0,0.0
2024-07-12,0,236.0,60.0,0.089,0.0,0,0,0.0
2024-07-13,0,235.0,60.0,0.085,0.0,0,0,0.0
2024-07-14,0,234.0,60.0,0.081,0.0,0,0,0.0
2024-07-15,0,233.0,60.0,0.078,0.0,0,0,0.0
2024-07-16,0,232.0,60.0,0.074,0.0,0,0,0.0
2024-07-17,0,231.0,60.0,0.071,0.0,0,0,0.0
2024-07-18,0,230.0,60.0,0.068,0.0,0,0,0.0
2024-07-19,0,229.0,60.0,0.064,0.0,0,0,0.0
2024-07-20,0,228.0,60.0,0.062,0.0,0,0,0.0
2024-07-21,0,227.0,60.0,0.059,0.0,0,0,0.0
2024-07-22,0,226.0,60.0,0.056,0.0,0,0,0.0
2024-07-23,0,225.0,60.0,0.054,0.0,0,0,0.0
2024-07-24,0,224.0,60.0,0.051,0.0,0,0,0.0
2024-07-25,0,223.0,60.0,0.049,0.0,0,0,0.0
2024-07-26,0,222.0,60.0,0.047,0.0,0,0,0.0
2024-07-27,0,221.0,60.0,0.045,0.0,0,0,0.0
2024-07-28,0,220.0,60.0,0.043,0.0,0,0,0.0
2024-07-29,0,219.0,60.0,0.041,0.0,0,0,0.0
2024-07-30,0,218.0,60.0,0.039,0.0,0,0,0.0
2024-07-31,0,217.0,60.0,0.037,0.0,0,0,0.0
2024-08-01,0,216.0,60.0,0.035,0.0,0,0,0.0
2024-08-02,0,215.0,60.0,0.034,0.0,0,0,0.0
2024-08-03,0,214.0,60.0,0.032,0.0,0,0,0.0
2024-08-04,0,213.0,60.0,0.031,0.0,0,0,0.0
2024-08-05,0,212.0,60.0,0.029,0.0,0,0,0.0
2024-08-06,0,211.0,60.0,0.028,0.0,0,0,0.0
2024-08-07,0,210.0,60.0,0.027,0.0,0,0,0.0
2024-08-08,0,209.0,60.0,0.026,0.0,0,0,0.0
2024-08-09,0,208.0,60.0,0.025,0.0,0,0,0.0
2024-08-10,0,207.0,60.0,0.023,0.0,0,0,0.0
2024-08-11,0,206.0,60.0,0.022,0.0,0,0,0.0
2024-08-12,0,205.0,60.0,0.021,0.0,0,0,0.0
2024-08-13,0,204.0,60.0,0.02,0.0,0,0,0.0
2024-08-14,0,203.0,60.0,0.019,0.0,0,0,0.0
2024-08-15,0,202.0,60.0,0.019,0.0,0,0,0.0
2024-08-16,0,201.0,60.0,0.018,0.0,0,0,0.0
2024-08-17,0,200.0,60.0,0.017,0.0,0,0,0.0
2024-08-18,0,199.0,60.0,0.016,0.0,0,0,0.0
2024-08-19,0,198.0,60.0,0.015,0.0,0,0,0.0
2024-08-20,0,197.0,60.0,0.015,0.0,0,0,0.0
2024-08-21,0,196.0,60.0,0.014,0.0,0,0,0.0
2024-08-22,0,195.0,60.0,0.013,0.0,0,0,0.0
2024-08-23,0,194.0,60.0,0.013,0.0,0,0,0.0
2024-08-24,0,193.0,60.0,0.012,0.0,0,0,0.0
2024-08-25,0,192.0,60.0,0.012,0.0,0,0,0.0
2024-08-26,0,191.0,60.0,0.011,0.0,0,0,0.0
2024-08-27,0,190.0,60.0,0.011,0.0,0,0,0.0
2024-08-28,0,189.0,60.0,0.01,0.0,0,0,0.0
2024-08-29,0,188.0,60.0,0.01,0.0,0,0,0.0
2024-08-30,0,187.0,60.0,0.009,0.0,0,0,0.0
2024-08-31,0,186.0,60.0,0.009,0.0,0,0,0.0
2024-09-01,0,185.0,60.0,0.009,0.0,0,0,0.0
2024-09-02,0,184.0,60.0,0.008,0.0,0,0,0.0
2024-09-03,0,183.0,60.0,0.008,0.0,0,0,0.0
2024-09-04,0,182.0,60.0,0.007,0.0,0,0,0.0
2024-09-05,0,181.0,60.0,0.007,0.0,0,0,0.0
2024-09-06,0,180.0,60.0,0.007,0.0,0,0,0.0
2024-09-07,0,179.0,60.0,0.006,0.0,0,0,0.0
2024-09-08,0,178.0,60.0,0.006,0.0,0,0,0.0
2024-09-09,0,177.0,60.0,0.006,0.0,0,0,0.0
2024-09-10,0,176.0,60.0,0.006,0.0,0,0,0.0
2024-09-11,0,175.0,60.0,0.005,0.0,0,0,0.0
2024-09-12,0,174.0,60.0,0.005,0.0,0,0,0.0
2024-09-13,0,173.0,60.0,0.005,0.0,0,0,0.0
2024-09-14,0,172.0,60.0,0.005,0.0,0,0,0.0
2024-09-15,0,171.0,60.0,0.004,0.0,0,0,0.0
2024-09-16,0,170.0,60.0,0.004,0.0,0,0,0.0
2024-09-17,0,169.0,60.0,0.004,0.0,0,0,0.0
2024-09-18,0,168.0,60.0,0.004,0.0,0,0,0.0
2024-09-19,0,167.0,60.0,0.004,0.0,0,0,0.0
2024-09-20,0,166.0,60.0,0.004,0.0,0,0,0.0
2024-09-21,0,165.0,60.0,0.003,0.0,0,0,0.0
2024-09-22,0,164.0,60.0,0.003,0.0,0,0,0.0
2024-09-23,0,163.0,60.0,0.003,0.0,0,0,0.0
2024-09-24,0,162.0,60.0,0.003,0.0,0,0,0.0
2024-09-25,0,161.0,60.0,0.003,0.0,0,0,0.0
2024-09-26,0,160.0,60.0,0.003,0.0,0,0,0.0
2024-09-27,0,159.0,60.0,0.003,0.0,0,0,0.0
2024-09-28,0,158.0,60.0,0.002,0.0,0,0,0.0
2024-09-29,0,157.0,60.0,0.002,0.0,0,0,0.0
2024-09-30,0,156.0,60.0,0.002,0.0,0,0,0.0
2024-10-01,0,155.0,60.0,0.002,0.0,0,0,0.0
2024-10-02,0,154.0,60.0,0.002,0.0,0,0,0.0
2024-10-03,0,153.0,60.0,0.002,0.0,0,0,0.0
2024-10-04,0,152.0,60.0,0.002,0.0,0,0,0.0
2024-10-05,0,151.0,60.0,0.002,0.0,0,0,0.0
2024-10-06,0,150.0,60.0,0.002,0.0,0,0,0.0
2024-10-07,0,149.0,60.0,0.002,0.0,0,0,0.0
2024-10-08,0,148.0,60.0,0.002,0.0,0,0,0.0
2024-10-09,0,147.0,60.0,0.001,0.0,0,0,0.0
2024-10-10,0,146.0,60.0,0.001,0.0,0,0,0.0
2024-10-11,0,145.0,60.0,0.001,0.0,0,0,0.0
2024-10-12,0,144.0,60.0,0.001,0.0,0,0,0.0
2024-10-13,0,143.0,60.0,0.001,0.0,0,0,0.0
2024-10-14,0,142.0,60.0,0.001,0.0,0,0,0.0
2024-10-15,0,141.0,60.0,0.001,0.0,0,0,0.0
2024-10-16,0,140.0,60.0,0.001,0.0,0,0,0.0
2024-10-17,0,139.0,60.0,0.001,0.0,0,0,0.0
2024-10-18,0,138.0,60.0,0.001,0.0,0,0,0.0
2024-10-19,0,137.0,60.0,0.001,0.0,0,0,0.0
2024-10-20,0,136.0,60.0,0.001,0.0,0,0,0.0
2024-10-21,0,135.0,60.0,0.001,0.0,0,0,0.0
2024-10-22,0,134.0,60.0,0.001,0.0,0,0,0.0
2024-10-23,0,133.0,60.0,0.001,0.0,0,0,0.0
2024-10-24,0,132.0,60.0,0.001,0.0,0,0,0.0
2024-10-25,0,131.0,60.0,0.001,0.0,0,0,0.0
2024-10-26,0,130.0,60.0,0.001,0.0,0,0,0.0
2024-10-27,0,129.0,60.0,0.001,0.0,0,0,0.0
2024-10-28,0,128.0,60.0,0.001,0.0,0,0,0.0
2024-10-29,0,127.0,60.0,0.001,0.0,0,0,0.0
2024-10-30,0,126.0,60.0,0.001,0.0,0,0,0.0
2024-10-31,0,125.0,60.0,0.001,0.0,0,0,0.0
2024-11-01,0,124.0,60.0,0.001,0.0,0,0,0.0
2024-11-02,0,123.0,59.07687961386178,0.0,0.0,0,0,0.0
2024-11-03,0,122.0,59.07687961386178,0.0,0.0,0,0,0.0
2024-11-04,0,121.0,59.07687961386178,0.0,0.0,0,0,0.0
2024-11-05,0,120.0,59.07687961386178,0.0,0.0,0,0,0.0
2024-11-06,0,119.0,59.07687961386178,0.0,0.0,0,0,0.0
2024-11-07,0,118.0,59.07687961386178,0.0,0.0,0,0,0.0
2024-11-08,0,117.0,59.07687961386178,0.0,0.0,0,0,0.0
2024-11-09,0,116.0,59.07687961386178,0.0,0.0,0,0,0.0
2024-11-10,0,115.0,59.07687961386178,0.0,0.0,0,0,0.0
2024-11-11,0,114.0,59.07687961386178,0.0,0.0,0,0,0.0
2024-11-12,0,113.0,59.07687961386178,0.0,0.0,0,0,0.0
2024-11-13,0,112.0,59.07687961386178,0.0,0.0,0,0,0.0
2024-11-14,0,111.0,59.07687961386178,0.0,0.0,0,0,0.0
2024-11-15,0,110.0,59.07687961386178,0.0,0.0,0,0,0.0
2024-11-16,0,109.0,59.07687961386178,0.0,0.0,0,0,0.0
2024-11-17,0,108.0,59.07687961386178,0.0,0.0,0,0,0.0
2024-11-18,0,107.0,59.07687961386178,0.0,0.0,0,0,0.0
2024-11-19,0,106.0,59.07687961386178,0.0,0.0,0,0,0.0
2024-11-20,0,105.0,59.07687961386178,0.0,0.0,0,0,0.0
2024-11-21,0,104.0,59.07687961386178,0.0,0.0,0,0,0.0
2024-11-22,0,103.0,59.07687961386178,0.0,0.0,0,0,0.0
2024-11-23,0,102.0,59.07687961386178,0.0,0.0,0,0,0.0
2024-11-24,0,101.0,59.07687961386178,0.0,0.0,0,0,0.0
2024-11-25,0,100.0,59.07687961386178,0.0,0.0,0,0,0.0
2024-11-26,0,99.0,59.07687961386178,0.0,0.0,0,0,0.0
2024-11-27,0,98.0,59.07687961386178,0.0,0.0,0,0,0.0
2024-11-28,0,97.0,59.07687961386178,0.0,0.0,0,0,0.0
2024-11-29,0,96.0,59.07687961386178,0.0,0.0,0,0,0.0
2024-11-30,0,95.0,59.07687961386178,0.0,0.0,0,0,0.0
2024-12-01,0,94.0,59.07687961386178,0.0,0.0,0,0,0.0
2024-12-02,0,93.0,59.07687961386178,0.0,0.0,0,0,0.0
2024-12-03,0,92.0,59.07687961386178,0.0,0.0,0,0,0.0
2024-12-04,0,91.0,59.07687961386178,0.0,0.0,0,0,0.0
2024-12-05,0,90.0,59.07687961386178,0.0,0.0,0,0,0.0
2024-12-06,0,89.0,59.07687961386178,0.0,0.0,0,0,0.0
2024-12-07,0,88.0,59.07687961386178,0.0,0.0,0,0,0.0
2024-12-08,0,87.0,59.07687961386178,0.0,0.0,0,0,0.0
2024-12-09,0,86.0,59.07687961386178,0.0,0.0,0,0,0.0
2024-12-10,0,85.0,59.07687961386178,0.0,0.0,0,0,0.0
2024-12-11,0,84.0,59.07687961386178,0.0,0.0,0,0,0.0
2024-12-12,0,83.0,59.07687961386178,0.0,0.0,0,0,0.0
2024-12-13,0,82.0,59.07687961386178,0.0,0.0,0,0,0.0
2024-12-14,0,81.0,59.07687961386178,0.0,0.0,0,0,0.0
2024-12-15,0,80.0,59.07687961386178,0.0,0.0,0,0,0.0
2024-12-16,0,79.0,59.07687961386178,0.0,0.0,0,0,0.0
2024-12-17,0,78.0,59.07687961386178,0.0,0.0,0,0,0.0
2024-12-18,0,77.0,59.07687961386178,0.0,0.0,0,0,0.0
2024-12-19,0,76.0,59.07687961386178,0.0,0.0,0,0,0.0
2024-12-20,0,75.0,59.07687961386178,0.0,0.0,0,0,0.0
2024-12-21,0,74.0,59.07687961386178,0.0,0.0,0,0,0.0
2024-12-22,0,73.0,59.07687961386178,0.0,0.0,0,0,0.0
2024-12-23,0,72.0,59.07687961386178,0.0,0.0,0,0,0.0
2024-12-24,0,71.0,59.07687961386178,0.0,0.0,0,0,0.0
2024-12-25,0,70.0,59.07687961386178,0.0,0.0,0,0,0.0
2024-12-26,0,69.0,59.07687961386178,0.0,0.0,0,0,0.0
2024-12-27,0,68.0,59.07687961386178,0.0,0.0,0,0,0.0
2024-12-28,0,67.0,59.07687961386178,0.0,0.0,0,0,0.0
2024-12-29,0,66.0,59.07687961386178,0.0,0.0,0,0,0.0
2024-12-30,0,65.0,59.07687961386178,0.0,0.0,0,0,0.0
2024-12-31,0,64.0,59.07687961386178,0.0,0.0,0,0,0.0
2025-01-01,0,63.0,59.07687961386178,0.0,0.0,0,0,0.0
2025-01-02,0,62.0,59.07687961386178,0.0,0.0,0,0,0.0
2025-01-03,0,61.0,59.07687961386178,0.0,0.0,0,0,0.0
2025-01-04,0,60.0,59.07687961386178,0.0,0.0,0,0,0.0
2025-01-05,0,59.0,59.07687961386178,0.0,0.0,0,0,0.0
2025-01-06,0,58.0,59.07687961386178,0.0,0.0,0,0,0.0
2025-01-07,0,57.0,59.07687961386178,0.0,0.0,0,0,0.0
2025-01-08,0,56.0,59.07687961386178,0.0,0.0,0,0,0.0
2025-01-09,0,55.0,59.07687961386178,0.0,0.0,0,0,0.0
2025-01-10,0,54.0,59.07687961386178,0.0,0.0,0,0,0.0
2025-01-11,0,53.0,59.07687961386178,0.0,0.0,0,0,0.0
2025-01-12,0,52.0,59.07687961386178,0.0,0.0,0,0,0.0
2025-01-13,0,51.0,59.07687961386178,0.0,0.0,0,0,0.0
2025-01-14,0,50.0,59.07687961386178,0.0,0.0,0,0,0.0
2025-01-15,0,49.0,59.07687961386178,0.0,0.0,0,0,0.0
2025-01-16,0,48.0,59.07687961386178,0.0,0.0,0,0,0.0
2025-01-17,0,47.0,59.07687961386178,0.0,0.0,0,0,0.0
2025-01-18,0,46.0,59.07687961386178,0.0,0.0,0,0,0.0
2025-01-19,0,45.0,59.07687961386178,0.0,0.0,0,0,0.0
2025-01-20,0,44.0,59.07687961386178,0.0,0.0,0,0,0.0
2025-01-21,0,43.0,59.07687961386178,0.0,0.0,0,0,0.0
2025-01-22,0,42.0,59.07687961386178,0.0,0.0,0,0,0.0
2025-01-23,0,41.0,59.07687961386178,0.0,0.0,0,0,0.0
2025-01-24,0,40.0,59.07687961386178,0.0,0.0,0,0,0.0
2025-01-25,0,39.0,59.07687961386178,0.0,0.0,0,0,0.0
2025-01-26,0,38.0,59.07687961386178,0.0,0.0,0,0,0.0
2025-01-27,0,37.0,59.07687961386178,0.0,0.0,0,0,0.0
2025-01-28,0,36.0,59.07687961386178,0.0,0.0,0,0,0.0
2025-01-29,0,35.0,59.07687961386178,0.0,0.0,0,0,0.0
2025-01-30,0,34.0,59.07687961386178,0.0,0.0,0,0,0.0
2025-01-31,0,33.0,59.07687961386178,0.0,0.0,0,0,0.0
2025-02-01,0,32.0,59.07687961386178,0.0,0.0,0,0,0.0
2025-02-02,0,31.0,59.07687961386178,0.0,0.0,0,0,0.0
2025-02-03,0,30.0,59.07687961386178,0.0,0.0,0,0,0.0
2025-02-04,0,29.0,59.07687961386178,0.0,0.0,0,0,0.0
2025-02-05,0,28.0,59.07687961386178,0.0,0.0,0,0,0.0
2025-02-06,0,27.0,59.07687961386178,0.0,0.0,0,0,0.0
2025-02-07,0,26.0,59.07687961386178,0.0,0.0,0,0,0.0
2025-02-08,0,25.0,59.07687961386178,0.0,0.0,0,0,0.0
2025-02-09,0,24.0,59.07687961386178,0.0,0.0,0,0,0.0
2025-02-10,0,23.0,59.07687961386178,0.0,0.0,0,0,0.0
2025-02-11,0,22.0,59.07687961386178,0.0,0.0,0,0,0.0
2025-02-12,0,21.0,59.07687961386178,0.0,0.0,0,0,0.0
2025-02-13,0,20.0,59.07687961386178,0.0,0.0,0,0,0.0
2025-02-14,0,19.0,59.07687961386178,0.0,0.0,0,0,0.0
2025-02-15,0,18.0,59.07687961386178,0.0,0.0,0,0,0.0
2025-02-16,0,17.0,59.07687961386178,0.0,0.0,0,0,0.0
2025-02-17,0,16.0,59.07687961386178,0.0,0.0,0,0,0.0
2025-02-18,0,15.0,59.07687961386178,0.0,0.0,0,0,0.0
2025-02-19,0,14.0,59.07687961386178,0.0,0.0,0,0,0.0
2025-02-20,0,13.0,59.07687961386178,0.0,0.0,0,0,0.0
2025-02-21,0,12.0,59.07687961386178,0.0,0.0,0,0,0.0
2025-02-22,0,11.0,59.07687961386178,0.0,0.0,0,0,0.0
2025-02-23,0,10.0,59.07687961386178,0.0,0.0,0,0,0.0
2025-02-24,0,9.0,59.07687961386178,0.0,0.0,0,0,0.0
2025-02-25,0,8.0,59.07687961386178,0.0,0.0,0,0,0.0
2025-02-26,0,7.0,5.87830014430014,1.281,4.0,270,58,0.5714285714285714
2025-02-27,0,6.0,4.032464676527175,2.466,4.0,231,41,1.1428571428571428
2025-02-28,0,5.0,18.467426587301574,2.641,0.0,73,15,1.1428571428571428
2025-03-01,0,4.0,6.5805932243818255,2.561,0.0,0,0,1.1428571428571428
2025-03-02,0,3.0,6.5623848910484925,2.485,0.0,0,0,1.1428571428571428
2025-03-03,0,2.0,4.308521764426951,3.099,1.0,109,27,1.2857142857142858
2025-03-04,0,1.0,2.2243462877860756,4.256,4.0,114,31,1.8571428571428568
2025-03-05,1,0.0,0.6730462662337664,5.488,5.0,169,47,2.0
2025-03-06,0,2.0,2.684833779743647,6.646,4.0,252,74,2.0
2025-03-07,0,1.0,2.941877851229189,7.573,2.0,158,36,2.2857142857142856
2025-03-08,1,0.0,0.0,8.873,8.0,259,59,3.4285714285714284
2025-03-09,0,3.0,5.9195471357963845,9.206,0.0,175,46,3.4285714285714284
2025-03-10,0,2.0,5.254539292224084,9.522,0.0,155,40,3.2857142857142856
2025-03-11,0,1.0,1.9223162990547968,10.658,4.0,209,50,3.2857142857142856
2025-03-12,1,0.0,0.02188392857142857,11.855,6.0,129,31,3.4285714285714284
2025-03-13,0,4.0,4.939057420582636,12.098,0.0,1084,8,2.857142857142857
2025-03-14,0,3.0,5.135141024478738,12.377,0.0,852,20,2.571428571428572
2025-03-15,0,2.0,7.570561860836531,12.476,0.0,24,8,1.4285714285714286
2025-03-16,0,1.0,5.9764895303891965,12.574,0.0,24,8,1.4285714285714286
2025-03-17,1,0.0,0.013500000000000002,13.836,13.0,490,146,3.2857142857142856
2025-03-18,1,0.0,0.0,15.075,9.0,996,97,4.0
2025-03-19,1,0.0,0.003214285714285714,16.259,5.0,693,63,3.857142857142857
2025-03-20,0,17.0,12.369242769056656,16.577,0.0,185,52,3.857142857142857
2025-03-21,0,16.0,12.044554291488533,16.878,0.0,162,40,3.857142857142857
2025-03-22,0,15.0,13.107919533105267,17.191,0.0,177,50,3.857142857142857
2025-03-23,0,14.0,10.128352756782197,17.87,1.0,209,64,4.0
2025-03-24,0,13.0,8.836527031720486,18.126,0.0,143,37,2.142857142857143
2025-03-25,0,12.0,8.107027236652232,18.699,1.0,258,64,1.0
2025-03-26,0,11.0,13.192249931360037,18.937,0.0,225,60,0.2857142857142857
2025-03-27,0,10.0,12.96350344173855,19.168,0.0,201,52,0.2857142857142857
2025-03-28,0,9.0,8.25049828643579,19.708,1.0,221,49,0.4285714285714285
2025-03-29,0,8.0,8.082403152403153,19.931,0.0,166,48,0.4285714285714285
2025-03-30,0,7.0,10.597547598235105,20.147,0.0,162,46,0.2857142857142857
2025-03-31,0,6.0,6.939502733377733,20.701,1.0,159,41,0.4285714285714285
2025-04-01,0,5.0,6.8824129967254954,21.217,1.0,159,47,0.4285714285714285
2025-04-02,0,4.0,4.581070917508414,22.076,2.0,2377,90,0.7142857142857143
2025-04-03,0,3.0,4.684748923005386,22.622,1.0,530,64,0.8571428571428571
2025-04-04,0,2.0,3.77371450545928,23.513,2.0,217,67,1.0
2025-04-05,0,1.0,4.525631323163569,23.725,0.0,143,38,1.0
2025-04-06,1,0.0,1.5542886904761903,24.765,7.0,227,74,2.0
2025-04-07,1,0.0,0.0,25.852,11.0,386,133,3.4285714285714284
2025-04-08,1,0.0,0.003214285714285714,26.892,5.0,348,94,4.0
2025-04-09,1,0.0,0.0,27.941,8.0,274,73,4.857142857142857
2025-04-10,1,0.0,0.01075,28.922,6.0,262,69,5.571428571428571
2025-04-11,0,1.0,3.494589620512725,29.489,1.0,252,62,5.428571428571429
2025-04-12,1,0.0,0.0,30.519,9.0,291,92,6.714285714285714
2025-04-13,1,0.0,0.0,31.537,12.0,332,98,7.428571428571429
2025-04-14,1,0.0,0.0,32.539,11.0,378,111,7.428571428571429
2025-04-15,1,0.0,0.0,33.521,8.0,330,96,7.857142857142857
2025-04-16,1,0.0,0.0,34.494,10.0,347,103,8.142857142857142
2025-04-17,1,0.0,0.0,35.455,11.0,281,85,8.857142857142858
2025-04-18,1,0.0,0.0,36.408,18.0,432,138,11.285714285714286
2025-04-19,1,0.0,0.0,37.346,14.0,373,113,12.0
2025-04-20,1,0.0,0.0,38.281,17.0,380,111,12.714285714285714
2025-04-21,1,0.0,0.0,39.186,8.0,301,92,12.285714285714286
2025-04-22,1,0.0,0.0,40.079,8.0,314,86,12.285714285714286
2025-04-23,1,0.0,0.0,40.964,15.0,389,102,13.0
2025-04-24,0,1.0,3.173530673529094,41.731,3.0,348,106,11.857142857142858
2025-04-25,1,0.0,0.0,42.586,10.0,369,119,10.714285714285714
2025-04-26,1,0.0,0.0,43.431,12.0,299,85,10.428571428571429
2025-04-27,1,0.0,0.0,44.263,13.0,302,93,9.857142857142858
2025-04-28,1,0.0,0.0,45.061,6.0,187,54,9.571428571428571
2025-04-29,1,0.0,0.0,45.847,6.0,327,90,9.285714285714286
2025-04-30,1,0.0,0.0,46.636,8.0,358,112,8.285714285714286
2025-05-01,1,0.0,0.0,47.422,11.0,343,109,9.428571428571429
2025-05-02,1,0.0,0.0,48.208,28.0,568,170,12.0
2025-05-03,1,0.0,0.0,48.973,28.0,635,221,14.285714285714286
2025-05-04,1,0.0,0.0,49.701,6.0,168,49,13.285714285714286
2025-05-05,0,8.0,7.001577353301077,49.859,0.0,76,22,12.428571428571429
2025-05-06,0,7.0,5.464617599446959,49.997,0.0,53,16,11.571428571428571
2025-05-07,0,6.0,5.712993144935098,50.135,0.0,55,16,10.428571428571429
2025-05-08,0,5.0,5.607581935896023,50.3,0.0,97,23,8.857142857142858
2025-05-09,0,4.0,5.28981139999172,50.691,1.0,124,29,5.0
2025-05-10,0,3.0,16.38944732181302,50.781,0.0,60,20,1.0
2025-05-11,0,2.0,8.374344918969916,50.849,0.0,54,18,0.1428571428571428
2025-05-12,0,1.0,8.217558212620713,50.911,0.0,48,16,0.1428571428571428
2025-05-13,1,0.0,4.7434890873015885,51.571,7.0,652,63,1.1428571428571428
2025-05-14,1,0.0,0.28160714285714283,52.245,8.0,368,103,2.2857142857142856
2025-05-15,1,0.0,0.0,52.934,14.0,414,120,4.285714285714286
2025-05-16,0,1.0,3.3935120157620156,53.552,4.0,262,78,4.714285714285714
2025-05-17,1,0.0,0.0,54.214,6.0,252,77,5.571428571428571
2025-05-18,1,0.0,0.0,54.886,13.0,351,102,7.428571428571429
2025-05-19,1,0.0,0.0,55.55,11.0,378,110,9.0
2025-05-20,1,0.0,0.0,56.206,18.0,465,137,10.571428571428571
2025-05-21,1,0.0,0.0,56.85,10.0,361,107,10.857142857142858
2025-05-22,1,0.0,0.0,57.485,13.0,319,110,10.714285714285714
2025-05-23,0,3.0,3.4691411689366016,57.603,0.0,49,18,10.142857142857142
2025-05-24,0,2.0,4.297411493155119,57.732,0.0,66,22,9.285714285714286
2025-05-25,0,1.0,4.2759989055385486,58.021,1.0,65,24,7.571428571428571
2025-05-26,1,0.0,0.0,58.639,16.0,433,109,8.285714285714286
2025-05-27,1,0.0,0.0,59.239,7.0,290,87,6.714285714285714
2025-05-28,1,0.0,0.006999999999999999,59.807,9.0,330,97,6.571428571428571
2025-05-29,1,0.0,0.0,60.397,16.0,395,120,7.0
2025-05-30,1,0.0,0.0,60.98,13.0,402,124,8.857142857142858
2025-05-31,1,0.0,0.0,61.556,20.0,534,173,11.714285714285714
2025-06-01,1,0.0,0.0,62.125,19.0,500,151,14.285714285714286
2025-06-02,1,0.0,0.0,62.684,13.0,399,119,13.857142857142858
2025-06-03,1,0.0,0.0,63.225,7.0,313,92,13.857142857142858
2025-06-04,1,0.0,0.0,63.768,23.0,443,125,15.857142857142858
2025-06-05,1,0.0,0.0,64.31,39.0,789,169,19.142857142857142
2025-06-06,0,3.0,6.934731427547112,61.47,0.0,0,0,17.285714285714285
2025-06-07,0,2.0,5.694174614371901,61.558,0.0,30,10,14.428571428571429
2025-06-08,0,1.0,6.9290584890650795,61.666,0.0,54,18,11.714285714285714
2025-06-09,1,0.0,0.0,62.228,6.0,482,123,10.714285714285714
2025-06-10,1,0.0,0.0,62.782,9.0,395,120,11.0
2025-06-11,1,0.0,0.0,63.328,9.0,331,101,9.0
2025-06-12,1,0.0,0.0,63.859,10.0,348,96,4.857142857142857
2025-06-13,1,0.0,0.0,64.382,10.0,304,88,6.285714285714286
2025-06-14,1,0.0,0.0,64.892,7.0,314,96,7.285714285714286
2025-06-15,1,0.0,0.0,65.41,13.0,418,117,9.142857142857142
2025-06-16,1,0.0,0.0,65.919,10.0,427,107,9.714285714285714
2025-06-17,0,2.0,2.1890761848492994,66.319,2.0,282,73,8.714285714285714
2025-06-18,0,1.0,3.2323834382440526,66.767,4.0,308,79,8.0
2025-06-19,1,0.0,0.0020833333333333333,67.234,6.0,317,87,7.428571428571429
2025-06-20,1,0.0,0.0,67.703,6.0,1005,88,6.857142857142857
2025-06-21,1,0.0,0.0,68.174,8.0,351,99,7.0
2025-06-22,1,0.0,0.0,68.64,13.0,327,94,7.0
2025-06-23,1,0.0,0.0,69.096,9.0,264,80,6.857142857142857
2025-06-24,0,1.0,1.8398815452114028,69.446,2.0,312,37,6.857142857142857
2025-06-25,1,0.0,0.0,69.896,15.0,918,123,8.428571428571429
2025-06-26,0,1.0,3.1275273743761454,70.214,2.0,1453,89,7.857142857142857
2025-06-27,1,0.0,0.0,70.641,7.0,313,94,8.0
2025-06-28,1,0.0,0.0,71.074,15.0,395,120,9.0
2025-06-29,1,0.0,0.0,71.5,13.0,371,107,9.0
2025-06-30,1,0.0,0.05524107142857142,71.885,5.0,328,100,8.428571428571429
2025-07-01,1,0.0,0.013964285714285714,72.267,5.0,379,118,8.857142857142858
2025-07-02,1,0.0,0.0,72.67,7.0,322,94,7.714285714285714
2025-07-03,1,0.0,0.003214285714285714,73.055,5.0,287,41,8.142857142857142
2025-07-04,1,0.0,0.0,73.452,13.0,2525,158,9.0
2025-07-05,1,0.0,0.0,73.843,9.0,394,138,8.142857142857142
2025-07-06,0,1.0,6.273986390019375,73.954,0.0,248,78,6.285714285714286
2025-07-07,1,0.0,0.0,74.331,6.0,299,95,6.428571428571429
2025-07-08,0,1.0,4.353499284994767,74.677,4.0,309,95,6.285714285714286
2025-07-09,1,0.0,0.17600000000000002,75.043,7.0,310,87,6.285714285714286
2025-07-10,0,2.0,3.739527059759412,75.343,3.0,1199,113,6.0
2025-07-11,0,1.0,7.6306103867585025,75.54,1.0,1203,103,4.285714285714286
2025-07-12,1,0.0,3.5968333333333344,75.884,6.0,279,80,3.857142857142857
2025-07-13,1,0.0,7.989110119047618,76.224,5.0,269,77,4.571428571428571
2025-07-14,0,59.0,27.85531903445138,76.298,0.0,91,34,3.7142857142857135
2025-07-15,0,58.0,31.116922977485483,76.355,0.0,55,20,3.142857142857143
2025-07-16,0,57.0,39.025004308191825,76.403,0.0,56,18,2.142857142857143
2025-07-17,0,56.0,40.50201302170053,72.979,0.0,0,0,1.7142857142857142
2025-07-18,0,55.0,39.07165416527917,69.709,0.0,0,0,1.5714285714285714
2025-07-19,0,54.0,34.627598020035514,66.58,0.0,0,0,0.7142857142857143
2025-07-20,0,53.0,52.875496683871695,63.584,0.0,0,0,0.0
2025-07-21,0,52.0,52.27547125097126,60.723,0.0,0,0,0.0
2025-07-22,0,51.0,51.751293671606184,57.99,0.0,0,0,0.0
2025-07-23,0,50.0,51.070153520091026,55.381,0.0,0,0,0.0
2025-07-24,0,49.0,50.32081694000448,52.889,0.0,0,0,0.0
2025-07-25,0,48.0,49.891632957320496,50.509,0.0,0,0,0.0
2025-07-26,0,47.0,49.56393652874906,48.236,0.0,0,0,0.0
2025-07-27,0,46.0,49.96299476911982,46.065,0.0,0,0,0.0
2025-07-28,0,45.0,53.63626235569985,43.992,0.0,0,0,0.0
2025-07-29,0,44.0,51.619003336940835,42.013,0.0,0,0,0.0
2025-07-30,0,43.0,50.39317974386724,40.122,0.0,0,0,0.0
2025-07-31,0,42.0,49.767034722222206,38.316,0.0,0,0,0.0
2025-08-01,0,41.0,49.406037968975454,36.592,0.0,0,0,0.0
2025-08-02,0,40.0,49.48941450216449,34.946,0.0,0,0,0.0
2025-08-03,0,39.0,49.560446248196214,33.373,0.0,0,0,0.0
2025-08-04,0,38.0,50.08182458513705,31.871,0.0,0,0,0.0
2025-08-05,0,37.0,48.123668996061554,30.437,0.0,0,0,0.0
2025-08-06,0,36.0,47.969299948442504,29.067,0.0,0,0,0.0
2025-08-07,0,35.0,48.77508300817242,27.759,0.0,0,0,0.0
2025-08-08,0,34.0,50.052019771095345,26.51,0.0,0,0,0.0
2025-08-09,0,33.0,50.7457029381395,25.317,0.0,0,0,0.0
2025-08-10,0,32.0,51.39819572724222,24.178,0.0,0,0,0.0
2025-08-11,0,31.0,51.12780906147457,23.09,0.0,0,0,0.0
2025-08-12,0,30.0,49.574194611212754,22.051,0.0,0,0,0.0
2025-08-13,0,29.0,48.69859572427209,21.059,0.0,0,0,0.0
2025-08-14,0,28.0,48.60920590743959,20.111,0.0,0,0,0.0
2025-08-15,0,27.0,47.46304507176968,19.206,0.0,0,0,0.0
2025-08-16,0,26.0,47.00436925022427,18.342,0.0,0,0,0.0
2025-08-17,0,25.0,44.283822842677345,17.516,0.0,0,0,0.0
2025-08-18,0,24.0,41.763866412146996,16.728,0.0,0,0,0.0
2025-08-19,0,23.0,41.23426708009401,15.975,0.0,0,0,0.0
2025-08-20,0,22.0,41.484267256057954,15.256,0.0,0,0,0.0
2025-08-21,0,21.0,37.800003190147194,14.57,0.0,0,0,0.0
2025-08-22,0,20.0,39.47613135968424,13.914,0.0,0,0,0.0
2025-08-23,0,19.0,40.118370253382516,13.288,0.0,0,0,0.0
2025-08-24,0,18.0,41.5630047352865,12.69,0.0,0,0,0.0
2025-08-25,0,17.0,45.15599909782045,12.119,0.0,0,0,0.0
2025-08-26,0,16.0,46.52527202676214,11.574,0.0,0,0,0.0
2025-08-27,0,15.0,46.26762905214169,11.053,0.0,0,0,0.0
2025-08-28,0,14.0,44.92516037698572,10.556,0.0,0,0,0.0
2025-08-29,0,13.0,42.12369816143603,10.081,0.0,0,0,0.0
2025-08-30,0,12.0,40.862347451439966,9.627,0.0,0,0,0.0
2025-08-31,0,11.0,39.3847577404103,9.194,0.0,0,0,0.0
2025-09-01,0,10.0,39.44436756304842,8.78,0.0,0,0,0.0
2025-09-02,0,9.0,38.69024326899515,8.385,0.0,0,0,0.0
2025-09-03,0,8.0,38.619813832529644,8.008,0.0,0,0,0.0
2025-09-04,0,7.0,39.72395356588324,7.647,0.0,0,0,0.0
2025-09-05,0,6.0,40.51127609395063,7.303,0.0,0,0,0.0
2025-09-06,0,5.0,40.6382287497469,6.974,0.0,0,0,0.0
2025-09-07,0,4.0,40.24305555833848,6.661,0.0,0,0,0.0
2025-09-08,0,3.0,40.53720196969198,6.361,0.0,0,0,0.0
2025-09-09,0,2.0,37.85688365438293,6.075,0.0,0,0,0.0
2025-09-10,0,1.0,37.834447633605734,5.801,0.0,0,0,0.0
2025-09-11,1,0.0,2.349120941558441,7.075,7.0,285,85,1.0
2025-09-12,0,1.0,3.009712260699684,7.945,2.0,212,69,1.2857142857142858
2025-09-13,1,0.0,0.0008333333333333333,9.245,12.0,259,79,3.0
2025-09-14,1,0.0,0.00125,10.493,6.0,249,73,3.857142857142857
2025-09-15,0,1.0,1.9520774464754593,11.575,3.0,634,70,4.285714285714286
2025-09-16,1,0.0,0.0,12.843,7.0,259,73,5.285714285714286
2025-09-17,0,9.0,6.675995896453678,13.147,0.0,1174,16,5.285714285714286
2025-09-18,0,8.0,5.475222806361997,12.656,0.0,0,0,4.285714285714286
2025-09-19,0,7.0,6.3572752713597005,12.952,0.0,1543,18,4.0
2025-09-20,0,6.0,6.414776385429502,12.434,0.0,0,0,2.2857142857142856
2025-09-21,0,5.0,11.0992321801006,11.917,0.0,0,0,1.4285714285714286
2025-09-22,0,4.0,5.332676670551669,12.544,1.0,1003,59,1.1428571428571428
2025-09-23,0,3.0,4.324080116642617,13.658,4.0,248,71,0.7142857142857143
2025-09-24,0,2.0,5.262089285714286,13.857,0.0,654,12,0.7142857142857143
2025-09-25,0,1.0,6.528327763374395,13.92,0.0,27,4,0.7142857142857143
2025-09-26,1,0.0,0.028083333333333335,15.127,11.0,1933,85,2.2857142857142856
2025-09-27,0,3.0,4.713655721947123,14.509,0.0,0,0,2.2857142857142856
2025-09-28,0,2.0,4.099615871519772,13.92,0.0,0,0,2.2857142857142856
2025-09-29,0,1.0,13.266060195129107,13.356,0.0,2,0,2.142857142857143
2025-09-30,1,0.0,0.0,14.652,104.0,1291,277,16.428571428571427
2025-10-01,1,0.0,0.0,15.931,41.0,2742,192,22.285714285714285
2025-10-02,1,0.0,0.0,17.191,44.0,767,203,28.571428571428573
2025-10-03,1,0.0,0.0,18.422,21.0,861,49,30.0
2025-10-04,0,2.0,7.265293854672767,17.717,0.0,2,0,30.0
2025-10-05,0,1.0,7.12420325988109,17.043,0.0,0,0,30.0
2025-10-06,1,0.0,0.0,18.256,32.0,374,46,34.57142857142857
2025-10-07,0,7.0,7.157592039776091,18.812,1.0,20,0,19.857142857142858
2025-10-08,0,6.0,5.3843688618331536,19.832,2.0,208,46,14.285714285714286
2025-10-09,0,5.0,4.311317826623241,20.875,3.0,212,63,8.428571428571429
2025-10-10,0,4.0,7.669845043653761,21.018,0.0,22,6,5.428571428571429
2025-10-11,0,3.0,6.7604822718284945,20.174,0.0,0,0,5.428571428571429
2025-10-12,0,2.0,7.146935614781841,19.37,0.0,0,0,5.428571428571429
2025-10-13,0,1.0,18.487115945576182,18.522,0.0,0,0,0.8571428571428571
2025-10-14,1,0.0,0.0,19.743,91.0,1138,266,13.714285714285714
2025-10-15,0,1.0,5.25687331521913,20.05,0.0,128,36,13.428571428571429
2025-10-16,1,0.0,0.0,21.214,17.0,272,44,15.428571428571429
2025-10-17,0,2.0,2.964552659336312,22.098,3.0,144,31,15.857142857142858
2025-10-18,0,1.0,3.5450426436246896,22.741,1.0,149,40,16.0
2025-10-19,1,0.0,0.0,23.841,7.0,237,51,17.0
2025-10-20,1,0.0,0.0,24.98,117.0,1266,342,33.714285714285715
2025-10-21,0,1.0,6.138100925047314,25.145,0.0,35,7,20.714285714285715
2025-10-22,1,0.0,0.0,26.265,103.0,1227,294,35.42857142857143
2025-10-23,1,0.0,0.0,27.346,14.0,184,55,35.0
2025-10-24,1,0.0,0.0,28.433,45.0,641,127,41.0
2025-10-25,1,0.0,0.0,29.492,12.0,243,59,42.57142857142857
2025-10-26,1,0.0,0.0,30.534,54.0,639,119,49.285714285714285
2025-10-27,1,0.0,0.0,31.573,59.0,792,139,41.0
2025-10-28,1,0.0,0.0,32.561,7.0,200,50,42.0
2025-10-29,0,23.0,10.651498025939205,33.315,3.0,53,2,27.714285714285715
2025-10-30,0,22.0,12.049150823279621,31.916,0.0,1,0,25.714285714285715
2025-10-31,0,21.0,14.832834686310424,30.582,0.0,0,0,19.285714285714285
2025-11-01,0,20.0,14.462150951752925,29.31,0.0,0,0,17.571428571428573
2025-11-02,0,19.0,11.704781912849128,28.095,0.0,0,0,9.857142857142858
2025-11-03,0,18.0,20.47840062787015,26.866,0.0,0,0,1.4285714285714286
2025-11-04,0,17.0,15.801312716695065,25.673,0.0,5,0,0.4285714285714285
2025-11-05,0,16.0,13.311818868631374,24.523,0.0,7,0,0.0
2025-11-06,0,15.0,13.511562735875241,23.426,0.0,8,0,0.0
2025-11-07,0,14.0,12.903381188256192,22.372,0.0,0,0,0.0
2025-11-08,0,13.0,11.704978681041187,21.365,0.0,0,0,0.0
2025-11-09,0,12.0,12.157913204850711,20.404,0.0,0,0,0.0
2025-11-10,0,11.0,9.620810606060614,19.486,0.0,0,0,0.0
2025-11-11,0,10.0,21.2817052114552,18.618,0.0,10,0,0.0
2025-11-12,0,9.0,20.742643171188504,17.78,0.0,0,0,0.0
2025-11-13,0,8.0,40.869776456119546,16.98,0.0,0,0,0.0
2025-11-14,0,7.0,40.500515007709545,16.216,0.0,0,0,0.0
2025-11-15,0,6.0,41.80687945591888,15.486,0.0,0,0,0.0
2025-11-16,0,5.0,38.84326116957167,14.789,0.0,0,0,0.0
2025-11-17,0,4.0,37.270691019585406,14.124,0.0,0,0,0.0
2025-11-18,0,3.0,48.24788942557296,14.155,0.0,16,4,0.0
2025-11-19,0,2.0,39.13942273051399,13.518,0.0,0,0,0.0
2025-11-20,0,1.0,40.152650631527315,12.91,0.0,0,0,0.0
2025-11-21,1,0.0,0.0,14.205,54.0,919,143,7.714285714285714
2025-11-22,0,1.0,4.03246332493767,15.341,4.0,199,52,8.285714285714286
2025-11-23,1,0.0,0.0,16.535,6.0,159,39,9.142857142857142
2025-11-24,0,3.0,3.980091833528959,17.388,2.0,113,33,9.428571428571429
2025-11-25,0,2.0,2.900930024741093,18.413,4.0,133,29,10.0
2025-11-26,0,1.0,3.786971466093234,19.229,2.0,67,17,10.285714285714286
2025-11-27,1,0.0,0.0,20.392,12.0,181,47,12.0
2025-11-28,0,3.0,3.6523640382117906,21.329,3.0,65,16,4.714285714285714
2025-11-29,0,2.0,3.6464021138951295,20.459,0.0,0,0,4.142857142857143
2025-11-30,0,1.0,4.832823811247223,19.616,0.0,0,0,3.2857142857142856
2025-12-01,1,0.0,0.0,20.745,8.0,223,39,4.142857142857143
2025-12-02,0,1.0,2.0191367657440025,21.694,3.0,211,35,4.0
2025-12-03,1,0.0,0.0,22.812,8.0,221,59,4.857142857142857
2025-12-04,1,0.0,0.0,23.919,10.0,243,68,4.571428571428571
2025-12-05,1,0.0,0.003214285714285714,24.977,5.0,224,45,4.857142857142857
2025-12-06,1,0.0,0.0,26.067,11.0,250,62,6.428571428571429
2025-12-07,1,0.0,0.0,27.088,6.0,177,35,7.285714285714286
2025-12-08,1,0.0,0.0,28.156,10.0,301,86,7.571428571428571
2025-12-09,1,0.0,0.0,29.213,12.0,1325,75,8.857142857142858
2025-12-10,1,0.0,0.0,30.255,25.0,353,70,11.285714285714286
2025-12-11,1,0.0,0.0,31.285,22.0,1296,86,13.0
2025-12-12,1,0.0,0.0029166666666666664,32.23,6.0,168,45,13.142857142857142
2025-12-13,1,0.0,0.0,33.227,16.0,1989,57,13.857142857142858
2025-12-14,1,0.0,0.003214285714285714,34.156,5.0,156,47,13.714285714285714
2025-12-15,0,5.0,6.23967493558778,34.288,0.0,21,6,12.285714285714286
2025-12-16,0,4.0,4.920352630673586,32.842,0.0,0,0,10.571428571428571
2025-12-17,0,3.0,3.85642546411693,31.458,0.0,0,0,7.0
2025-12-18,0,2.0,6.098324325796191,30.117,0.0,0,0,3.857142857142857
2025-12-19,0,1.0,3.318370345256087,30.994,4.0,143,39,3.571428571428572
2025-12-20,1,0.0,0.0,31.973,15.0,270,64,3.4285714285714284
2025-12-21,1,0.0,0.0,32.938,8.0,224,62,3.857142857142857
2025-12-22,1,0.0,0.0,33.902,10.0,233,64,5.285714285714286
2025-12-23,1,0.0,0.0,34.863,10.0,232,69,6.714285714285714
2025-12-24,1,0.0,0.0,35.834,20.0,379,116,9.571428571428571
2025-12-25,1,0.0,0.0,36.792,24.0,413,114,13.0
2025-12-26,1,0.0,0.0,37.726,39.0,508,153,18.0
2025-12-27,0,9.0,7.620422257412103,36.125,0.0,4,0,15.857142857142858
2025-12-28,0,8.0,7.395348494075893,34.595,0.0,0,0,14.714285714285714
2025-12-29,0,7.0,6.951341726150397,33.136,0.0,0,0,13.285714285714286
2025-12-30,0,6.0,6.379946345263175,31.744,0.0,0,0,11.857142857142858
2025-12-31,0,5.0,4.747649309496761,30.415,0.0,0,0,9.0
2026-01-01,0,4.0,4.192257259088528,29.137,0.0,0,0,5.571428571428571
2026-01-02,0,3.0,19.30311156898656,27.826,0.0,0,0,0.0
2026-01-03,0,2.0,11.967198197635698,26.574,0.0,0,0,0.0
2026-01-04,0,1.0,9.95010395160396,25.378,0.0,0,0,0.0
2026-01-05,1,0.0,0.0,26.476,54.0,661,235,7.714285714285714
2026-01-06,1,0.0,0.0,27.574,21.0,469,148,10.714285714285714
2026-01-07,1,0.0,0.0,28.643,23.0,360,89,14.0
2026-01-08,1,0.0,0.0,29.674,9.0,150,40,15.285714285714286
2026-01-09,1,0.0,0.0,30.71,14.0,278,90,17.285714285714285
2026-01-10,1,0.0,0.0,31.734,25.0,442,120,20.857142857142858
2026-01-11,1,0.0,0.0,32.74,15.0,305,80,23.0
2026-01-12,1,0.0,0.0,33.724,12.0,237,66,17.0
2026-01-13,1,0.0,0.0,34.689,9.0,218,56,15.285714285714286
2026-01-14,1,0.0,0.0,35.651,17.0,318,82,14.428571428571429
2026-01-15,1,0.0,0.0,36.592,15.0,228,63,15.285714285714286
2026-01-16,1,0.0,0.003214285714285714,37.511,5.0,204,58,14.0
2026-01-17,1,0.0,0.0,38.431,18.0,323,73,13.0
2026-01-18,1,0.0,0.0,39.339,14.0,322,100,12.857142857142858
2026-01-19,0,1.0,7.25756803680321,39.941,2.0,175,60,11.428571428571429
2026-01-20,1,0.0,0.0,40.811,6.0,244,77,11.0
2026-01-21,0,16.0,10.106570208833894,41.399,2.0,172,42,8.857142857142858
2026-01-22,0,15.0,7.631762864450367,42.169,4.0,161,44,7.285714285714286
2026-01-23,0,14.0,11.192414056545308,42.406,0.0,311,38,6.571428571428571
2026-01-24,0,13.0,11.18766098646044,42.601,0.0,118,36,4.0
2026-01-25,0,12.0,12.242161383755134,42.761,0.0,104,32,2.0
2026-01-26,0,11.0,9.658905462592973,42.923,0.0,119,34,1.7142857142857142
2026-01-27,0,10.0,8.852237533300043,43.067,0.0,119,33,0.8571428571428571
2026-01-28,0,9.0,9.1703867937618,43.231,0.0,165,56,0.5714285714285714
2026-01-29,0,8.0,12.250430416805411,43.255,0.0,22,4,0.0
2026-01-30,0,7.0,9.362905164280164,43.354,0.0,79,24,0.0
2026-01-31,0,6.0,5.484231178543674,43.847,1.0,159,48,0.1428571428571428
2026-02-01,0,5.0,4.988789210789211,43.983,0.0,131,38,0.1428571428571428
2026-02-02,0,4.0,4.332182303807304,44.107,0.0,111,32,0.1428571428571428
2026-02-03,0,3.0,7.084057720057718,44.22,0.0,96,28,0.1428571428571428
2026-02-04,0,2.0,9.266863095238094,44.32,0.0,78,24,0.1428571428571428
2026-02-05,0,1.0,3.1188171828171836,44.443,0.0,115,31,0.1428571428571428
2026-02-06,1,0.0,1.4765303030303034,45.159,6.0,176,47,1.0
2026-02-07,1,0.0,1.9692499999999997,45.893,7.0,188,35,1.8571428571428568
2026-02-08,0,4.0,5.688453289024787,46.04,0.0,105,30,1.8571428571428568
2026-02-09,0,3.0,2.46419595808818,46.712,3.0,1633,29,2.2857142857142856
2026-02-10,0,2.0,3.858596090610433,46.868,0.0,131,28,2.2857142857142856
2026-02-11,0,1.0,1.6434973493543694,47.539,4.0,177,47,2.857142857142857
2026-02-12,1,0.0,0.0,48.295,16.0,305,53,5.142857142857143
2026-02-13,1,0.0,0.0,49.034,11.0,202,43,5.857142857142857
2026-02-14,1,0.0,0.0,49.783,27.0,354,76,8.714285714285714
2026-02-15,1,0.0,0.0,50.505,7.0,193,51,9.714285714285714
2026-02-16,1,0.0,0.0,51.234,13.0,327,78,11.142857142857142
2026-02-17,1,0.0,0.0,51.94,9.0,217,47,12.428571428571429
2026-02-18,0,3.0,4.36471159762795,52.123,0.0,127,36,11.857142857142858
2026-02-19,0,2.0,3.3981552301305102,52.251,0.0,63,12,9.571428571428571
2026-02-20,0,1.0,4.582639020418678,52.404,0.0,83,24,8.0
2026-02-21,1,0.0,0.0,53.073,8.0,201,34,5.285714285714286
2026-02-22,1,0.0,0.27118145743145744,53.68,5.0,128,31,5.0
2026-02-23,1,0.0,0.00825,54.314,10.0,222,56,4.571428571428571
2026-02-24,1,0.0,0.0,54.975,14.0,266,75,5.285714285714286
2026-02-25,1,0.0,0.0,55.632,13.0,257,72,7.142857142857143
2026-02-26,1,0.0,0.0,56.286,27.0,395,85,11.0
2026-02-27,1,0.0,0.0,56.931,21.0,306,98,14.0
2026-02-28,1,0.0,0.0,57.568,31.0,624,126,17.285714285714285
2026-03-01,1,0.0,0.0,58.202,23.0,833,121,19.857142857142858
2026-03-02,1,0.0,0.0,58.8,6.0,215,45,19.285714285714285
2026-03-03,1,0.0,0.0,59.406,12.0,281,95,19.0
2026-03-04,1,0.0,1.6145683483183482,59.951,7.0,98,12,18.142857142857142
2026-03-05,0,,5.366430332207791,57.579,2.0,6,0,14.571428571428571
