date,total_episode_count,total_fault_duration_sec,unique_error_codes,motion_event_count,track_event_count,active_flag,rolling_7d_episode_count,rolling_7d_fault_duration,episode_trend_slope_14d,degradation_state,daily_stress,daily_damage,daily_recovery,servo_stress_index,fault_event,rul_days,rul_prediction
2016-02-11,0.0,0.0,0.0,2,0,False,,,0.0,100.0,,,4.5,2.069149838060287e-05,0,2479.0,2477.93184920635
2016-02-12,0.0,0.0,0.0,0,0,False,,,0.0,100.0,,,4.5,,0,2478.0,2476.0024202020213
2016-02-13,0.0,0.0,0.0,0,0,False,,,0.0,100.0,,,4.5,,0,2477.0,2476.0024202020213
2016-02-14,0.0,0.0,0.0,0,0,False,,,0.0,100.0,,,4.5,,0,2476.0,2476.0024202020213
2016-02-15,0.0,0.0,0.0,0,0,False,,,0.0,100.0,,,4.5,,0,2475.0,2476.0024202020213
2016-02-16,0.0,0.0,0.0,0,0,False,,,0.0,100.0,,,4.5,,0,2474.0,2476.0024202020213
2016-02-17,0.0,0.0,0.0,0,0,False,0.0,0.0,0.0,95.5,0.0,0.0,4.5,,0,2473.0,2473.2850412698413
2016-02-18,0.0,0.0,0.0,0,0,False,0.0,0.0,0.0,91.202,0.0,0.0,4.5,,0,2472.0,2471.860277777778
2016-02-19,0.0,0.0,0.0,0,0,False,0.0,0.0,0.0,87.098,0.0,0.0,4.5,,0,2471.0,2470.841
2016-02-20,0.0,0.0,0.0,0,0,False,0.0,0.0,0.0,83.179,0.0,0.0,4.5,,0,2470.0,2469.838
2016-02-21,0.0,0.0,0.0,0,0,False,0.0,0.0,0.0,79.436,0.0,0.0,4.5,,0,2469.0,2468.826
2016-02-22,0.0,0.0,0.0,0,0,False,0.0,0.0,0.0,75.861,0.0,0.0,4.5,,0,2468.0,2467.764
2016-02-23,0.0,0.0,0.0,0,0,False,0.0,0.0,0.0,72.448,0.0,0.0,4.5,,0,2467.0,2466.868
2016-02-24,0.0,0.0,0.0,0,0,False,0.0,0.0,0.0,69.187,0.0,0.0,4.5,,0,2466.0,2465.792
2016-02-25,0.0,0.0,0.0,0,0,False,0.0,0.0,0.0,66.074,0.0,0.0,4.5,,0,2465.0,2464.716
2016-02-26,0.0,0.0,0.0,0,0,False,0.0,0.0,0.0,63.101,0.0,0.0,4.5,,0,2464.0,2463.738
2016-02-27,0.0,0.0,0.0,0,0,False,0.0,0.0,0.0,60.261,0.0,0.0,4.5,,0,2463.0,2462.838
2016-02-28,0.0,0.0,0.0,0,0,False,0.0,0.0,0.0,57.549,0.0,0.0,4.5,,0,2462.0,2461.858
2016-02-29,0.0,0.0,0.0,0,0,False,0.0,0.0,0.0,54.96,0.0,0.0,4.5,,0,2461.0,2460.778
2016-03-01,0.0,0.0,0.0,0,0,False,0.0,0.0,0.0,52.486,0.0,0.0,4.5,,0,2460.0,2459.752
2016-03-02,0.0,0.0,0.0,0,0,False,0.0,0.0,0.0,50.125,0.0,0.0,4.5,,0,2459.0,2458.818
2016-03-03,0.0,0.0,0.0,0,0,False,0.0,0.0,0.0,47.869,0.0,0.0,4.5,,0,2458.0,2457.812
2016-03-04,0.0,0.0,0.0,0,0,False,0.0,0.0,0.0,45.715,0.0,0.0,4.5,,0,2457.0,2456.844
2016-03-05,0.0,0.0,0.0,0,0,False,0.0,0.0,0.0,43.658,0.0,0.0,4.5,,0,2456.0,2455.766
2016-03-06,0.0,0.0,0.0,0,0,False,0.0,0.0,0.0,41.693,0.0,0.0,4.5,,0,2455.0,2454.868
2016-03-07,0.0,0.0,0.0,0,0,False,0.0,0.0,0.0,39.817,0.0,0.0,4.5,,0,2454.0,2453.766
2016-03-08,0.0,0.0,0.0,0,0,False,0.0,0.0,0.0,38.025,0.0,0.0,4.5,,0,2453.0,2452.816
2016-03-09,0.0,0.0,0.0,0,0,False,0.0,0.0,0.0,36.314,0.0,0.0,4.5,,0,2452.0,2451.808
2016-03-10,0.0,0.0,0.0,0,0,False,0.0,0.0,0.0,34.68,0.0,0.0,4.5,,0,2451.0,2442.8388433734935
2016-03-11,0.0,0.0,0.0,0,0,False,0.0,0.0,0.0,33.119,0.0,0.0,4.5,,0,2450.0,2413.1753100401606
2016-03-12,0.0,0.0,0.0,0,0,False,0.0,0.0,0.0,31.629,0.0,0.0,4.5,,0,2449.0,2348.069081226601
2016-03-13,0.0,0.0,0.0,0,0,False,0.0,0.0,0.0,30.206,0.0,0.0,4.5,,0,2448.0,1878.8337300444437
2016-03-14,0.0,0.0,0.0,0,0,False,0.0,0.0,0.0,28.846,0.0,0.0,4.5,,0,2447.0,1533.0369210883334
2016-03-15,0.0,0.0,0.0,0,0,False,0.0,0.0,0.0,27.548,0.0,0.0,4.5,,0,2446.0,1403.1070465946
2016-03-16,0.0,0.0,0.0,0,0,False,0.0,0.0,0.0,26.309,0.0,0.0,4.5,,0,2445.0,1376.2265693888626
2016-03-17,0.0,0.0,0.0,0,0,False,0.0,0.0,0.0,25.125,0.0,0.0,4.5,,0,2444.0,1338.7961190109554
2016-03-18,0.0,0.0,0.0,0,0,False,0.0,0.0,0.0,23.994,0.0,0.0,4.5,,0,2443.0,1293.8115017607342
2016-03-19,0.0,0.0,0.0,0,0,False,0.0,0.0,0.0,22.914,0.0,0.0,4.5,,0,2442.0,1327.7159892454
2016-03-20,0.0,0.0,0.0,0,0,False,0.0,0.0,0.0,21.883,0.0,0.0,4.5,,0,2441.0,1261.9084683031217
2016-03-21,0.0,0.0,0.0,0,0,False,0.0,0.0,0.0,20.898,0.0,0.0,4.5,,0,2440.0,1279.5763699841687
2016-03-22,0.0,0.0,0.0,0,0,False,0.0,0.0,0.0,19.958,0.0,0.0,4.5,,0,2439.0,1261.1597137086048
2016-03-23,0.0,0.0,0.0,0,0,False,0.0,0.0,0.0,19.06,0.0,0.0,4.5,,0,2438.0,1227.7297338190315
2016-03-24,0.0,0.0,0.0,0,0,False,0.0,0.0,0.0,18.202,0.0,0.0,4.5,,0,2437.0,1283.3974345355512
2016-03-25,0.0,0.0,0.0,0,0,False,0.0,0.0,0.0,17.383,0.0,0.0,4.5,,0,2436.0,1242.9311056538895
2016-03-26,0.0,0.0,0.0,0,0,False,0.0,0.0,0.0,16.601,0.0,0.0,4.5,,0,2435.0,1187.4357967975452
2016-03-27,0.0,0.0,0.0,0,0,False,0.0,0.0,0.0,15.854,0.0,0.0,4.5,,0,2434.0,1101.8208054429444
2016-03-28,0.0,0.0,0.0,0,0,False,0.0,0.0,0.0,15.14,0.0,0.0,4.5,,0,2433.0,1165.635348804151
2016-03-29,0.0,0.0,0.0,0,0,False,0.0,0.0,0.0,14.459,0.0,0.0,4.5,,0,2432.0,1158.9470175976198
2016-03-30,0.0,0.0,0.0,0,0,False,0.0,0.0,0.0,13.808,0.0,0.0,4.5,,0,2431.0,1076.7482889091013
2016-03-31,0.0,0.0,0.0,0,0,False,0.0,0.0,0.0,13.187,0.0,0.0,4.5,,0,2430.0,1082.1190214147293
2016-04-01,0.0,0.0,0.0,0,0,False,0.0,0.0,0.0,12.594,0.0,0.0,4.5,,0,2429.0,1085.51378243446
2016-04-02,0.0,0.0,0.0,0,0,False,0.0,0.0,0.0,12.027,0.0,0.0,4.5,,0,2428.0,1148.4811691885445
2016-04-03,0.0,0.0,0.0,0,0,False,0.0,0.0,0.0,11.486,0.0,0.0,4.5,,0,2427.0,1129.0914827296933
2016-04-04,0.0,0.0,0.0,0,0,False,0.0,0.0,0.0,10.969,0.0,0.0,4.5,,0,2426.0,1122.8283358370534
2016-04-05,0.0,0.0,0.0,0,0,False,0.0,0.0,0.0,10.475,0.0,0.0,4.5,,0,2425.0,1128.7552424047153
2016-04-06,0.0,0.0,0.0,0,0,False,0.0,0.0,0.0,10.004,0.0,0.0,4.5,,0,2424.0,1048.5027078055332
2016-04-07,0.0,0.0,0.0,0,0,False,0.0,0.0,0.0,9.554,0.0,0.0,4.5,,0,2423.0,1134.3037370544
2016-04-08,0.0,0.0,0.0,0,0,False,0.0,0.0,0.0,9.124,0.0,0.0,4.5,,0,2422.0,1094.2233294679615
2016-04-09,0.0,0.0,0.0,0,0,False,0.0,0.0,0.0,8.713,0.0,0.0,4.5,,0,2421.0,1145.8623387349178
2016-04-10,0.0,0.0,0.0,0,0,False,0.0,0.0,0.0,8.321,0.0,0.0,4.5,,0,2420.0,1143.1944883096303
2016-04-11,0.0,0.0,0.0,0,0,False,0.0,0.0,0.0,7.947,0.0,0.0,4.5,,0,2419.0,1168.4367904643161
2016-04-12,0.0,0.0,0.0,0,0,False,0.0,0.0,0.0,7.589,0.0,0.0,4.5,,0,2418.0,1221.0468655346033
2016-04-13,0.0,0.0,0.0,0,0,False,0.0,0.0,0.0,7.248,0.0,0.0,4.5,,0,2417.0,1232.0341215259732
2016-04-14,0.0,0.0,0.0,0,0,False,0.0,0.0,0.0,6.921,0.0,0.0,4.5,,0,2416.0,1171.1707112632394
2016-04-15,0.0,0.0,0.0,0,0,False,0.0,0.0,0.0,6.61,0.0,0.0,4.5,,0,2415.0,1236.2417745798061
2016-04-16,0.0,0.0,0.0,0,0,False,0.0,0.0,0.0,6.313,0.0,0.0,4.5,,0,2414.0,1304.4376241238692
2016-04-17,0.0,0.0,0.0,0,0,False,0.0,0.0,0.0,6.028,0.0,0.0,4.5,,0,2413.0,1267.7773379517728
2016-04-18,0.0,0.0,0.0,0,0,False,0.0,0.0,0.0,5.757,0.0,0.0,4.5,,0,2412.0,1314.9859791775332
2016-04-19,0.0,0.0,0.0,0,0,False,0.0,0.0,0.0,5.498,0.0,0.0,4.5,,0,2411.0,1565.2975361347624
2016-04-20,0.0,0.0,0.0,0,0,False,0.0,0.0,0.0,5.251,0.0,0.0,4.5,,0,2410.0,1497.5742665874968
2016-04-21,0.0,0.0,0.0,0,0,False,0.0,0.0,0.0,5.014,0.0,0.0,4.5,,0,2409.0,1507.5017355518512
2016-04-22,0.0,0.0,0.0,0,0,False,0.0,0.0,0.0,4.789,0.0,0.0,4.5,,0,2408.0,1535.926787872018
2016-04-23,0.0,0.0,0.0,0,0,False,0.0,0.0,0.0,4.573,0.0,0.0,4.5,,0,2407.0,1536.6084699351843
2016-04-24,0.0,0.0,0.0,0,0,False,0.0,0.0,0.0,4.367,0.0,0.0,4.5,,0,2406.0,1503.192594436758
2016-04-25,0.0,0.0,0.0,0,0,False,0.0,0.0,0.0,4.171,0.0,0.0,4.5,,0,2405.0,1512.928566035849
2016-04-26,0.0,0.0,0.0,0,0,False,0.0,0.0,0.0,3.983,0.0,0.0,4.5,,0,2404.0,1521.4839560341295
2016-04-27,0.0,0.0,0.0,0,0,False,0.0,0.0,0.0,3.804,0.0,0.0,4.5,,0,2403.0,1460.3503553836451
2016-04-28,0.0,0.0,0.0,0,0,False,0.0,0.0,0.0,3.633,0.0,0.0,4.5,,0,2402.0,1552.5811465102945
2016-04-29,0.0,0.0,0.0,0,0,False,0.0,0.0,0.0,3.469,0.0,0.0,4.5,,0,2401.0,1508.0775773170267
2016-04-30,0.0,0.0,0.0,0,0,False,0.0,0.0,0.0,3.313,0.0,0.0,4.5,,0,2400.0,1481.2526918319754
2016-05-01,0.0,0.0,0.0,0,0,False,0.0,0.0,0.0,3.164,0.0,0.0,4.5,,0,2399.0,1461.589292866588
2016-05-02,0.0,0.0,0.0,0,0,False,0.0,0.0,0.0,3.022,0.0,0.0,4.5,,0,2398.0,1490.0213126674125
2016-05-03,0.0,0.0,0.0,0,0,False,0.0,0.0,0.0,2.886,0.0,0.0,4.5,,0,2397.0,1488.740334093768
2016-05-04,0.0,0.0,0.0,0,0,False,0.0,0.0,0.0,2.756,0.0,0.0,4.5,,0,2396.0,1449.5037040163277
2016-05-05,0.0,0.0,0.0,0,0,False,0.0,0.0,0.0,2.632,0.0,0.0,4.5,,0,2395.0,1462.6264474710447
2016-05-06,0.0,0.0,0.0,0,0,False,0.0,0.0,0.0,2.513,0.0,0.0,4.5,,0,2394.0,1479.7008615845646
2016-05-07,0.0,0.0,0.0,0,0,False,0.0,0.0,0.0,2.4,0.0,0.0,4.5,,0,2393.0,1439.6750276844557
2016-05-08,0.0,0.0,0.0,0,0,False,0.0,0.0,0.0,2.292,0.0,0.0,4.5,,0,2392.0,1477.4959351707262
2016-05-09,0.0,0.0,0.0,0,0,False,0.0,0.0,0.0,2.189,0.0,0.0,4.5,,0,2391.0,1479.0944628663406
2016-05-10,0.0,0.0,0.0,0,0,False,0.0,0.0,0.0,2.091,0.0,0.0,4.5,,0,2390.0,1442.8227444293875
2016-05-11,0.0,0.0,0.0,0,0,False,0.0,0.0,0.0,1.997,0.0,0.0,4.5,,0,2389.0,1447.2824169134976
2016-05-12,0.0,0.0,0.0,0,0,False,0.0,0.0,0.0,1.907,0.0,0.0,4.5,,0,2388.0,1431.8721989998737
2016-05-13,0.0,0.0,0.0,0,0,False,0.0,0.0,0.0,1.821,0.0,0.0,4.5,,0,2387.0,1419.40676257489
2016-05-14,0.0,0.0,0.0,0,0,False,0.0,0.0,0.0,1.739,0.0,0.0,4.5,,0,2386.0,1443.163118635575
2016-05-15,0.0,0.0,0.0,0,0,False,0.0,0.0,0.0,1.661,0.0,0.0,4.5,,0,2385.0,1466.1477024215267
2016-05-16,0.0,0.0,0.0,0,0,False,0.0,0.0,0.0,1.586,0.0,0.0,4.5,,0,2384.0,1461.5857992951694
2016-05-17,0.0,0.0,0.0,0,0,False,0.0,0.0,0.0,1.515,0.0,0.0,4.5,,0,2383.0,1411.5819480834443
2016-05-18,0.0,0.0,0.0,0,0,False,0.0,0.0,0.0,1.446,0.0,0.0,4.5,,0,2382.0,1416.2515722519393
2016-05-19,0.0,0.0,0.0,0,0,False,0.0,0.0,0.0,1.381,0.0,0.0,4.5,,0,2381.0,1426.8766770622938
2016-05-20,0.0,0.0,0.0,0,0,False,0.0,0.0,0.0,1.319,0.0,0.0,4.5,,0,2380.0,1467.3451581433021
2016-05-21,0.0,0.0,0.0,0,0,False,0.0,0.0,0.0,1.26,0.0,0.0,4.5,,0,2379.0,1409.3459393468197
2016-05-22,0.0,0.0,0.0,0,0,False,0.0,0.0,0.0,1.203,0.0,0.0,4.5,,0,2378.0,1367.0408778322767
2016-05-23,0.0,0.0,0.0,0,0,False,0.0,0.0,0.0,1.149,0.0,0.0,4.5,,0,2377.0,1422.4292726647725
2016-05-24,0.0,0.0,0.0,0,0,False,0.0,0.0,0.0,1.097,0.0,0.0,4.5,,0,2376.0,1427.6471902958801
2016-05-25,0.0,0.0,0.0,0,0,False,0.0,0.0,0.0,1.048,0.0,0.0,4.5,,0,2375.0,1421.5882399760885
2016-05-26,0.0,0.0,0.0,0,0,False,0.0,0.0,0.0,1.001,0.0,0.0,4.5,,0,2374.0,1412.581552992853
2016-05-27,0.0,0.0,0.0,0,0,False,0.0,0.0,0.0,0.956,0.0,0.0,4.5,,0,2373.0,1401.9831637881707
2016-05-28,0.0,0.0,0.0,0,0,False,0.0,0.0,0.0,0.913,0.0,0.0,4.5,,0,2372.0,1420.251808028595
2016-05-29,0.0,0.0,0.0,0,0,False,0.0,0.0,0.0,0.872,0.0,0.0,4.5,,0,2371.0,1448.413772417458
2016-05-30,0.0,0.0,0.0,0,0,False,0.0,0.0,0.0,0.832,0.0,0.0,4.5,,0,2370.0,1421.826808324389
2016-05-31,0.0,0.0,0.0,0,0,False,0.0,0.0,0.0,0.795,0.0,0.0,4.5,,0,2369.0,1412.9633468489897
2016-06-01,0.0,0.0,0.0,0,0,False,0.0,0.0,0.0,0.759,0.0,0.0,4.5,,0,2368.0,1391.4784011822371
2016-06-02,0.0,0.0,0.0,0,0,False,0.0,0.0,0.0,0.725,0.0,0.0,4.5,,0,2367.0,1416.3378509302825
2016-06-03,0.0,0.0,0.0,0,0,False,0.0,0.0,0.0,0.692,0.0,0.0,4.5,,0,2366.0,1449.353758625674
2016-06-04,0.0,0.0,0.0,0,0,False,0.0,0.0,0.0,0.661,0.0,0.0,4.5,,0,2365.0,1457.685029603706
2016-06-05,0.0,0.0,0.0,0,0,False,0.0,0.0,0.0,0.631,0.0,0.0,4.5,,0,2364.0,1448.9315706376628
2016-06-06,0.0,0.0,0.0,0,0,False,0.0,0.0,0.0,0.603,0.0,0.0,4.5,,0,2363.0,1447.4423394226264
2016-06-07,0.0,0.0,0.0,0,0,False,0.0,0.0,0.0,0.576,0.0,0.0,4.5,,0,2362.0,1476.070848659158
2016-06-08,0.0,0.0,0.0,0,0,False,0.0,0.0,0.0,0.55,0.0,0.0,4.5,,0,2361.0,1451.1093609786672
2016-06-09,0.0,0.0,0.0,0,0,False,0.0,0.0,0.0,0.525,0.0,0.0,4.5,,0,2360.0,1478.4946062101353
2016-06-10,0.0,0.0,0.0,0,0,False,0.0,0.0,0.0,0.502,0.0,0.0,4.5,,0,2359.0,1480.6889877686008
2016-06-11,0.0,0.0,0.0,0,0,False,0.0,0.0,0.0,0.479,0.0,0.0,4.5,,0,2358.0,1455.5912156346858
2016-06-12,0.0,0.0,0.0,0,0,False,0.0,0.0,0.0,0.458,0.0,0.0,4.5,,0,2357.0,1459.0436219638104
2016-06-13,0.0,0.0,0.0,0,0,False,0.0,0.0,0.0,0.437,0.0,0.0,4.5,,0,2356.0,1455.6131668975627
2016-06-14,0.0,0.0,0.0,0,0,False,0.0,0.0,0.0,0.417,0.0,0.0,4.5,,0,2355.0,1456.7674040317818
2016-06-15,0.0,0.0,0.0,0,0,False,0.0,0.0,0.0,0.398,0.0,0.0,4.5,,0,2354.0,1445.3954168818793
2016-06-16,0.0,0.0,0.0,0,0,False,0.0,0.0,0.0,0.381,0.0,0.0,4.5,,0,2353.0,1459.930026027408
2016-06-17,0.0,0.0,0.0,0,0,False,0.0,0.0,0.0,0.363,0.0,0.0,4.5,,0,2352.0,1441.9386439473853
2016-06-18,0.0,0.0,0.0,0,0,False,0.0,0.0,0.0,0.347,0.0,0.0,4.5,,0,2351.0,1433.9253466413943
2016-06-19,0.0,0.0,0.0,0,0,False,0.0,0.0,0.0,0.331,0.0,0.0,4.5,,0,2350.0,1477.1257915255387
2016-06-20,0.0,0.0,0.0,0,0,False,0.0,0.0,0.0,0.317,0.0,0.0,4.5,,0,2349.0,1458.282669287466
2016-06-21,0.0,0.0,0.0,0,0,False,0.0,0.0,0.0,0.302,0.0,0.0,4.5,,0,2348.0,1433.7513189325841
2016-06-22,0.0,0.0,0.0,0,0,False,0.0,0.0,0.0,0.289,0.0,0.0,4.5,,0,2347.0,1459.837321848395
2016-06-23,0.0,0.0,0.0,0,0,False,0.0,0.0,0.0,0.276,0.0,0.0,4.5,,0,2346.0,1469.9071982087385
2016-06-24,0.0,0.0,0.0,0,0,False,0.0,0.0,0.0,0.263,0.0,0.0,4.5,,0,2345.0,1448.546239725172
2016-06-25,0.0,0.0,0.0,0,0,False,0.0,0.0,0.0,0.251,0.0,0.0,4.5,,0,2344.0,1461.9566180748416
2016-06-26,0.0,0.0,0.0,0,0,False,0.0,0.0,0.0,0.24,0.0,0.0,4.5,,0,2343.0,1474.4384932453593
2016-06-27,0.0,0.0,0.0,0,0,False,0.0,0.0,0.0,0.229,0.0,0.0,4.5,,0,2342.0,1462.0911415975663
2016-06-28,0.0,0.0,0.0,0,0,False,0.0,0.0,0.0,0.219,0.0,0.0,4.5,,0,2341.0,1482.5535487177674
2016-06-29,0.0,0.0,0.0,0,0,False,0.0,0.0,0.0,0.209,0.0,0.0,4.5,,0,2340.0,1476.4887600702866
2016-06-30,0.0,0.0,0.0,0,0,False,0.0,0.0,0.0,0.2,0.0,0.0,4.5,,0,2339.0,1460.6136495757073
2016-07-01,0.0,0.0,0.0,0,0,False,0.0,0.0,0.0,0.191,0.0,0.0,4.5,,0,2338.0,1488.9927180884783
2016-07-02,0.0,0.0,0.0,0,0,False,0.0,0.0,0.0,0.182,0.0,0.0,4.5,,0,2337.0,1482.7293043070001
2016-07-03,0.0,0.0,0.0,0,0,False,0.0,0.0,0.0,0.174,0.0,0.0,4.5,,0,2336.0,1475.9716353619908
2016-07-04,0.0,0.0,0.0,0,0,False,0.0,0.0,0.0,0.166,0.0,0.0,4.5,,0,2335.0,1485.1179191005936
2016-07-05,0.0,0.0,0.0,0,0,False,0.0,0.0,0.0,0.159,0.0,0.0,4.5,,0,2334.0,1460.233069248345
2016-07-06,0.0,0.0,0.0,0,0,False,0.0,0.0,0.0,0.152,0.0,0.0,4.5,,0,2333.0,1487.1371884665039
2016-07-07,0.0,0.0,0.0,0,0,False,0.0,0.0,0.0,0.145,0.0,0.0,4.5,,0,2332.0,1482.590132686359
2016-07-08,0.0,0.0,0.0,0,0,False,0.0,0.0,0.0,0.138,0.0,0.0,4.5,,0,2331.0,1486.809008289909
2016-07-09,0.0,0.0,0.0,0,0,False,0.0,0.0,0.0,0.132,0.0,0.0,4.5,,0,2330.0,1481.0009000165771
2016-07-10,0.0,0.0,0.0,0,0,False,0.0,0.0,0.0,0.126,0.0,0.0,4.5,,0,2329.0,1484.235803564809
2016-07-11,0.0,0.0,0.0,0,0,False,0.0,0.0,0.0,0.12,0.0,0.0,4.5,,0,2328.0,1444.4443605946553
2016-07-12,0.0,0.0,0.0,0,0,False,0.0,0.0,0.0,0.115,0.0,0.0,4.5,,0,2327.0,1441.908996263519
2016-07-13,0.0,0.0,0.0,0,0,False,0.0,0.0,0.0,0.11,0.0,0.0,4.5,,0,2326.0,1439.7176515545768
2016-07-14,0.0,0.0,0.0,0,0,False,0.0,0.0,0.0,0.105,0.0,0.0,4.5,,0,2325.0,1429.8820959763
2016-07-15,0.0,0.0,0.0,0,0,False,0.0,0.0,0.0,0.1,0.0,0.0,4.5,,0,2324.0,1445.1032842387524
2016-07-16,0.0,0.0,0.0,0,0,False,0.0,0.0,0.0,0.096,0.0,0.0,4.5,,0,2323.0,1444.4889166083196
2016-07-17,0.0,0.0,0.0,0,0,False,0.0,0.0,0.0,0.091,0.0,0.0,4.5,,0,2322.0,1454.3768565326538
2016-07-18,0.0,0.0,0.0,0,0,False,0.0,0.0,0.0,0.087,0.0,0.0,4.5,,0,2321.0,1452.1291389128282
2016-07-19,0.0,0.0,0.0,0,0,False,0.0,0.0,0.0,0.083,0.0,0.0,4.5,,0,2320.0,1422.5417686670141
2016-07-20,0.0,0.0,0.0,0,0,False,0.0,0.0,0.0,0.08,0.0,0.0,4.5,,0,2319.0,1432.077996308171
2016-07-21,0.0,0.0,0.0,0,0,False,0.0,0.0,0.0,0.076,0.0,0.0,4.5,,0,2318.0,1409.6090452541032
2016-07-22,0.0,0.0,0.0,0,0,False,0.0,0.0,0.0,0.073,0.0,0.0,4.5,,0,2317.0,1409.4878063221834
2016-07-23,0.0,0.0,0.0,0,0,False,0.0,0.0,0.0,0.069,0.0,0.0,4.5,,0,2316.0,1443.785841225468
2016-07-24,0.0,0.0,0.0,0,0,False,0.0,0.0,0.0,0.066,0.0,0.0,4.5,,0,2315.0,1433.781673194968
2016-07-25,0.0,0.0,0.0,0,0,False,0.0,0.0,0.0,0.063,0.0,0.0,4.5,,0,2314.0,1429.5315566928793
2016-07-26,0.0,0.0,0.0,0,0,False,0.0,0.0,0.0,0.06,0.0,0.0,4.5,,0,2313.0,1439.194575869545
2016-07-27,0.0,0.0,0.0,0,0,False,0.0,0.0,0.0,0.058,0.0,0.0,4.5,,0,2312.0,1434.5591998168047
2016-07-28,0.0,0.0,0.0,0,0,False,0.0,0.0,0.0,0.055,0.0,0.0,4.5,,0,2311.0,1426.5886987047088
2016-07-29,0.0,0.0,0.0,0,0,False,0.0,0.0,0.0,0.053,0.0,0.0,4.5,,0,2310.0,1445.9478403298112
2016-07-30,0.0,0.0,0.0,0,0,False,0.0,0.0,0.0,0.05,0.0,0.0,4.5,,0,2309.0,1445.2332148053845
2016-07-31,0.0,0.0,0.0,0,0,False,0.0,0.0,0.0,0.048,0.0,0.0,4.5,,0,2308.0,1442.2716619141247
2016-08-01,0.0,0.0,0.0,0,0,False,0.0,0.0,0.0,0.046,0.0,0.0,4.5,,0,2307.0,1416.3878781603787
2016-08-02,0.0,0.0,0.0,0,0,False,0.0,0.0,0.0,0.044,0.0,0.0,4.5,,0,2306.0,1449.6496918710427
2016-08-03,0.0,0.0,0.0,0,0,False,0.0,0.0,0.0,0.042,0.0,0.0,4.5,,0,2305.0,1419.9434413325039
2016-08-04,0.0,0.0,0.0,0,0,False,0.0,0.0,0.0,0.04,0.0,0.0,4.5,,0,2304.0,1416.2776726219752
2016-08-05,0.0,0.0,0.0,0,0,False,0.0,0.0,0.0,0.038,0.0,0.0,4.5,,0,2303.0,1428.4780139614757
2016-08-06,0.0,0.0,0.0,0,0,False,0.0,0.0,0.0,0.036,0.0,0.0,4.5,,0,2302.0,1432.3879824236808
2016-08-07,0.0,0.0,0.0,0,0,False,0.0,0.0,0.0,0.035,0.0,0.0,4.5,,0,2301.0,1382.6273955248075
2016-08-08,0.0,0.0,0.0,0,0,False,0.0,0.0,0.0,0.033,0.0,0.0,4.5,,0,2300.0,1446.4822410166853
2016-08-09,0.0,0.0,0.0,0,0,False,0.0,0.0,0.0,0.032,0.0,0.0,4.5,,0,2299.0,1361.5444172577666
2016-08-10,0.0,0.0,0.0,0,0,False,0.0,0.0,0.0,0.03,0.0,0.0,4.5,,0,2298.0,1435.4383155273083
2016-08-11,0.0,0.0,0.0,0,0,False,0.0,0.0,0.0,0.029,0.0,0.0,4.5,,0,2297.0,1374.2906293516853
2016-08-12,0.0,0.0,0.0,0,0,False,0.0,0.0,0.0,0.028,0.0,0.0,4.5,,0,2296.0,1328.9648470400018
2016-08-13,0.0,0.0,0.0,0,0,False,0.0,0.0,0.0,0.026,0.0,0.0,4.5,,0,2295.0,1366.3743837413745
2016-08-14,0.0,0.0,0.0,0,0,False,0.0,0.0,0.0,0.025,0.0,0.0,4.5,,0,2294.0,1378.4004637751875
2016-08-15,0.0,0.0,0.0,0,0,False,0.0,0.0,0.0,0.024,0.0,0.0,4.5,,0,2293.0,1473.6037656027695
2016-08-16,0.0,0.0,0.0,0,0,False,0.0,0.0,0.0,0.023,0.0,0.0,4.5,,0,2292.0,1363.733052559474
2016-08-17,0.0,0.0,0.0,0,0,False,0.0,0.0,0.0,0.022,0.0,0.0,4.5,,0,2291.0,1356.4904236096584
2016-08-18,0.0,0.0,0.0,0,0,False,0.0,0.0,0.0,0.021,0.0,0.0,4.5,,0,2290.0,1339.537755163916
2016-08-19,0.0,0.0,0.0,0,0,False,0.0,0.0,0.0,0.02,0.0,0.0,4.5,,0,2289.0,1336.9779637052607
2016-08-20,0.0,0.0,0.0,0,0,False,0.0,0.0,0.0,0.019,0.0,0.0,4.5,,0,2288.0,1279.205097082732
2016-08-21,0.0,0.0,0.0,0,0,False,0.0,0.0,0.0,0.018,0.0,0.0,4.5,,0,2287.0,1338.5926441614988
2016-08-22,0.0,0.0,0.0,0,0,False,0.0,0.0,0.0,0.017,0.0,0.0,4.5,,0,2286.0,1421.728156085703
2016-08-23,0.0,0.0,0.0,0,0,False,0.0,0.0,0.0,0.017,0.0,0.0,4.5,,0,2285.0,1421.728156085703
2016-08-24,0.0,0.0,0.0,0,0,False,0.0,0.0,0.0,0.016,0.0,0.0,4.5,,0,2284.0,1355.1058558662053
2016-08-25,0.0,0.0,0.0,0,0,False,0.0,0.0,0.0,0.015,0.0,0.0,4.5,,0,2283.0,1280.783661301864
2016-08-26,0.0,0.0,0.0,0,0,False,0.0,0.0,0.0,0.014,0.0,0.0,4.5,,0,2282.0,1405.9468767932553
2016-08-27,0.0,0.0,0.0,0,0,False,0.0,0.0,0.0,0.014,0.0,0.0,4.5,,0,2281.0,1405.9468767932553
2016-08-28,0.0,0.0,0.0,0,0,False,0.0,0.0,0.0,0.013,0.0,0.0,4.5,,0,2280.0,1342.919624171868
2016-08-29,0.0,0.0,0.0,0,0,False,0.0,0.0,0.0,0.013,0.0,0.0,4.5,,0,2279.0,1342.919624171868
2016-08-30,0.0,0.0,0.0,0,0,False,0.0,0.0,0.0,0.012,0.0,0.0,4.5,,0,2278.0,1252.6890821315483
2016-08-31,0.0,0.0,0.0,0,0,False,0.0,0.0,0.0,0.011,0.0,0.0,4.5,,0,2277.0,1320.765273982942
2016-09-01,0.0,0.0,0.0,0,0,False,0.0,0.0,0.0,0.011,0.0,0.0,4.5,,0,2276.0,1320.765273982942
2016-09-02,0.0,0.0,0.0,0,0,False,0.0,0.0,0.0,0.01,0.0,0.0,4.5,,0,2275.0,1397.4669845657609
2016-09-03,0.0,0.0,0.0,0,0,False,0.0,0.0,0.0,0.01,0.0,0.0,4.5,,0,2274.0,1397.4669845657609
2016-09-04,0.0,0.0,0.0,0,0,False,0.0,0.0,0.0,0.01,0.0,0.0,4.5,,0,2273.0,1397.4669845657609
2016-09-05,0.0,0.0,0.0,0,0,False,0.0,0.0,0.0,0.009,0.0,0.0,4.5,,0,2272.0,1309.3386471019494
2016-09-06,0.0,0.0,0.0,0,0,False,0.0,0.0,0.0,0.009,0.0,0.0,4.5,,0,2271.0,1309.3386471019494
2016-09-07,0.0,0.0,0.0,0,0,False,0.0,0.0,0.0,0.008,0.0,0.0,4.5,,0,2270.0,1381.5604448306315
2016-09-08,0.0,0.0,0.0,0,0,False,0.0,0.0,0.0,0.008,0.0,0.0,4.5,,0,2269.0,1381.5604448306315
2016-09-09,0.0,0.0,0.0,0,0,False,0.0,0.0,0.0,0.008,0.0,0.0,4.5,,0,2268.0,1381.5604448306315
2016-09-10,0.0,0.0,0.0,0,0,False,0.0,0.0,0.0,0.007,0.0,0.0,4.5,,0,2267.0,1337.3536366344656
2016-09-11,0.0,0.0,0.0,0,0,False,0.0,0.0,0.0,0.007,0.0,0.0,4.5,,0,2266.0,1337.3536366344656
2016-09-12,0.0,0.0,0.0,0,0,False,0.0,0.0,0.0,0.007,0.0,0.0,4.5,,0,2265.0,1337.3536366344656
2016-09-13,0.0,0.0,0.0,0,0,False,0.0,0.0,0.0,0.006,0.0,0.0,4.5,,0,2264.0,1327.2700168956999
2016-09-14,0.0,0.0,0.0,0,0,False,0.0,0.0,0.0,0.006,0.0,0.0,4.5,,0,2263.0,1327.2700168956999
2016-09-15,0.0,0.0,0.0,0,0,False,0.0,0.0,0.0,0.006,0.0,0.0,4.5,,0,2262.0,1327.2700168956999
2016-09-16,0.0,0.0,0.0,0,0,False,0.0,0.0,0.0,0.006,0.0,0.0,4.5,,0,2261.0,1327.2700168956999
2016-09-17,0.0,0.0,0.0,0,0,False,0.0,0.0,0.0,0.005,0.0,0.0,4.5,,0,2260.0,1316.9362856933824
2016-09-18,0.0,0.0,0.0,0,0,False,0.0,0.0,0.0,0.005,0.0,0.0,4.5,,0,2259.0,1316.9362856933824
2016-09-19,0.0,0.0,0.0,0,0,False,0.0,0.0,0.0,0.005,0.0,0.0,4.5,,0,2258.0,1316.9362856933824
2016-09-20,0.0,0.0,0.0,0,0,False,0.0,0.0,0.0,0.005,0.0,0.0,4.5,,0,2257.0,1316.9362856933824
2016-09-21,0.0,0.0,0.0,0,0,False,0.0,0.0,0.0,0.004,0.0,0.0,4.5,,0,2256.0,1285.6540914609634
2016-09-22,0.0,0.0,0.0,0,0,False,0.0,0.0,0.0,0.004,0.0,0.0,4.5,,0,2255.0,1285.6540914609634
2016-09-23,0.0,0.0,0.0,0,0,False,0.0,0.0,0.0,0.004,0.0,0.0,4.5,,0,2254.0,1285.6540914609634
2016-09-24,0.0,0.0,0.0,0,0,False,0.0,0.0,0.0,0.004,0.0,0.0,4.5,,0,2253.0,1285.6540914609634
2016-09-25,0.0,0.0,0.0,0,0,False,0.0,0.0,0.0,0.004,0.0,0.0,4.5,,0,2252.0,1285.6540914609634
2016-09-26,0.0,0.0,0.0,0,0,False,0.0,0.0,0.0,0.003,0.0,0.0,4.5,,0,2251.0,1336.741476759556
2016-09-27,0.0,0.0,0.0,0,0,False,0.0,0.0,0.0,0.003,0.0,0.0,4.5,,0,2250.0,1336.741476759556
2016-09-28,0.0,0.0,0.0,0,0,False,0.0,0.0,0.0,0.003,0.0,0.0,4.5,,0,2249.0,1336.741476759556
2016-09-29,0.0,0.0,0.0,0,0,False,0.0,0.0,0.0,0.003,0.0,0.0,4.5,,0,2248.0,1336.741476759556
2016-09-30,0.0,0.0,0.0,0,0,False,0.0,0.0,0.0,0.003,0.0,0.0,4.5,,0,2247.0,1336.741476759556
2016-10-01,0.0,0.0,0.0,0,0,False,0.0,0.0,0.0,0.003,0.0,0.0,4.5,,0,2246.0,1336.741476759556
2016-10-02,0.0,0.0,0.0,0,0,False,0.0,0.0,0.0,0.003,0.0,0.0,4.5,,0,2245.0,1336.741476759556
2016-10-03,0.0,0.0,0.0,0,0,False,0.0,0.0,0.0,0.003,0.0,0.0,4.5,,0,2244.0,1336.741476759556
2016-10-04,0.0,0.0,0.0,0,0,False,0.0,0.0,0.0,0.002,0.0,0.0,4.5,,0,2243.0,1306.997567775399
2016-10-05,0.0,0.0,0.0,0,0,False,0.0,0.0,0.0,0.002,0.0,0.0,4.5,,0,2242.0,1306.997567775399
2016-10-06,0.0,0.0,0.0,0,0,False,0.0,0.0,0.0,0.002,0.0,0.0,4.5,,0,2241.0,1306.997567775399
2016-10-07,0.0,0.0,0.0,0,0,False,0.0,0.0,0.0,0.002,0.0,0.0,4.5,,0,2240.0,1306.997567775399
2016-10-08,0.0,0.0,0.0,0,0,False,0.0,0.0,0.0,0.002,0.0,0.0,4.5,,0,2239.0,1306.997567775399
2016-10-09,0.0,0.0,0.0,0,0,False,0.0,0.0,0.0,0.002,0.0,0.0,4.5,,0,2238.0,1306.997567775399
2016-10-10,0.0,0.0,0.0,0,0,False,0.0,0.0,0.0,0.002,0.0,0.0,4.5,,0,2237.0,1306.997567775399
2016-10-11,0.0,0.0,0.0,0,0,False,0.0,0.0,0.0,0.002,0.0,0.0,4.5,,0,2236.0,1306.997567775399
2016-10-12,0.0,0.0,0.0,0,0,False,0.0,0.0,0.0,0.002,0.0,0.0,4.5,,0,2235.0,1306.997567775399
2016-10-13,0.0,0.0,0.0,0,0,False,0.0,0.0,0.0,0.002,0.0,0.0,4.5,,0,2234.0,1306.997567775399
2016-10-14,0.0,0.0,0.0,0,0,False,0.0,0.0,0.0,0.002,0.0,0.0,4.5,,0,2233.0,1306.997567775399
2016-10-15,0.0,0.0,0.0,0,0,False,0.0,0.0,0.0,0.001,0.0,0.0,4.5,,0,2232.0,1294.785274891293
2016-10-16,0.0,0.0,0.0,0,0,False,0.0,0.0,0.0,0.001,0.0,0.0,4.5,,0,2231.0,1294.785274891293
2016-10-17,0.0,0.0,0.0,0,0,False,0.0,0.0,0.0,0.001,0.0,0.0,4.5,,0,2230.0,1294.785274891293
2016-10-18,0.0,0.0,0.0,0,0,False,0.0,0.0,0.0,0.001,0.0,0.0,4.5,,0,2229.0,1294.785274891293
2016-10-19,0.0,0.0,0.0,0,0,False,0.0,0.0,0.0,0.001,0.0,0.0,4.5,,0,2228.0,1294.785274891293
2016-10-20,0.0,0.0,0.0,0,0,False,0.0,0.0,0.0,0.001,0.0,0.0,4.5,,0,2227.0,1294.785274891293
2016-10-21,0.0,0.0,0.0,0,0,False,0.0,0.0,0.0,0.001,0.0,0.0,4.5,,0,2226.0,1294.785274891293
2016-10-22,0.0,0.0,0.0,0,0,False,0.0,0.0,0.0,0.001,0.0,0.0,4.5,,0,2225.0,1294.785274891293
2016-10-23,0.0,0.0,0.0,0,0,False,0.0,0.0,0.0,0.001,0.0,0.0,4.5,,0,2224.0,1294.785274891293
2016-10-24,0.0,0.0,0.0,0,0,False,0.0,0.0,0.0,0.001,0.0,0.0,4.5,,0,2223.0,1294.785274891293
2016-10-25,0.0,0.0,0.0,0,0,False,0.0,0.0,0.0,0.001,0.0,0.0,4.5,,0,2222.0,1294.785274891293
2016-10-26,0.0,0.0,0.0,0,0,False,0.0,0.0,0.0,0.001,0.0,0.0,4.5,,0,2221.0,1294.785274891293
2016-10-27,0.0,0.0,0.0,0,0,False,0.0,0.0,0.0,0.001,0.0,0.0,4.5,,0,2220.0,1294.785274891293
2016-10-28,0.0,0.0,0.0,0,0,False,0.0,0.0,0.0,0.001,0.0,0.0,4.5,,0,2219.0,1294.785274891293
2016-10-29,0.0,0.0,0.0,0,0,False,0.0,0.0,0.0,0.001,0.0,0.0,4.5,,0,2218.0,1294.785274891293
2016-10-30,0.0,0.0,0.0,0,0,False,0.0,0.0,0.0,0.001,0.0,0.0,4.5,,0,2217.0,1294.785274891293
2016-10-31,0.0,0.0,0.0,0,0,False,0.0,0.0,0.0,0.001,0.0,0.0,4.5,,0,2216.0,1294.785274891293
2016-11-01,0.0,0.0,0.0,0,0,False,0.0,0.0,0.0,0.001,0.0,0.0,4.5,,0,2215.0,1294.785274891293
2016-11-02,0.0,0.0,0.0,0,0,False,0.0,0.0,0.0,0.001,0.0,0.0,4.5,,0,2214.0,1294.785274891293
2016-11-03,0.0,0.0,0.0,0,0,False,0.0,0.0,0.0,0.001,0.0,0.0,4.5,,0,2213.0,1294.785274891293
2016-11-04,0.0,0.0,0.0,0,0,False,0.0,0.0,0.0,0.001,0.0,0.0,4.5,,0,2212.0,1294.785274891293
2016-11-05,0.0,0.0,0.0,0,0,False,0.0,0.0,0.0,0.001,0.0,0.0,4.5,,0,2211.0,1294.785274891293
2016-11-06,0.0,0.0,0.0,0,0,False,0.0,0.0,0.0,0.001,0.0,0.0,4.5,,0,2210.0,1294.785274891293
2016-11-07,0.0,0.0,0.0,0,0,False,0.0,0.0,0.0,0.001,0.0,0.0,4.5,,0,2209.0,1294.785274891293
2016-11-08,0.0,0.0,0.0,0,0,False,0.0,0.0,0.0,0.0,0.0,0.0,4.5,,0,2208.0,1307.3356996150403
2016-11-09,0.0,0.0,0.0,0,0,False,0.0,0.0,0.0,0.0,0.0,0.0,4.5,,0,2207.0,1307.3356996150403
2016-11-10,0.0,0.0,0.0,0,0,False,0.0,0.0,0.0,0.0,0.0,0.0,4.5,,0,2206.0,1307.3356996150403
2016-11-11,0.0,0.0,0.0,0,0,False,0.0,0.0,0.0,0.0,0.0,0.0,4.5,,0,2205.0,1307.3356996150403
2016-11-12,0.0,0.0,0.0,0,0,False,0.0,0.0,0.0,0.0,0.0,0.0,4.5,,0,2204.0,1307.3356996150403
2016-11-13,0.0,0.0,0.0,0,0,False,0.0,0.0,0.0,0.0,0.0,0.0,4.5,,0,2203.0,1307.3356996150403
2016-11-14,0.0,0.0,0.0,0,0,False,0.0,0.0,0.0,0.0,0.0,0.0,4.5,,0,2202.0,1307.3356996150403
2016-11-15,0.0,0.0,0.0,0,0,False,0.0,0.0,0.0,0.0,0.0,0.0,4.5,,0,2201.0,1307.3356996150403
2016-11-16,0.0,0.0,0.0,0,0,False,0.0,0.0,0.0,0.0,0.0,0.0,4.5,,0,2200.0,1307.3356996150403
2016-11-17,0.0,0.0,0.0,0,0,False,0.0,0.0,0.0,0.0,0.0,0.0,4.5,,0,2199.0,1307.3356996150403
2016-11-18,0.0,0.0,0.0,0,0,False,0.0,0.0,0.0,0.0,0.0,0.0,4.5,,0,2198.0,1307.3356996150403
2016-11-19,0.0,0.0,0.0,0,0,False,0.0,0.0,0.0,0.0,0.0,0.0,4.5,,0,2197.0,1307.3356996150403
2016-11-20,0.0,0.0,0.0,0,0,False,0.0,0.0,0.0,0.0,0.0,0.0,4.5,,0,2196.0,1307.3356996150403
2016-11-21,0.0,0.0,0.0,0,0,False,0.0,0.0,0.0,0.0,0.0,0.0,4.5,,0,2195.0,1307.3356996150403
2016-11-22,0.0,0.0,0.0,0,0,False,0.0,0.0,0.0,0.0,0.0,0.0,4.5,,0,2194.0,1307.3356996150403
2016-11-23,0.0,0.0,0.0,0,0,False,0.0,0.0,0.0,0.0,0.0,0.0,4.5,,0,2193.0,1307.3356996150403
2016-11-24,0.0,0.0,0.0,0,0,False,0.0,0.0,0.0,0.0,0.0,0.0,4.5,,0,2192.0,1307.3356996150403
2016-11-25,0.0,0.0,0.0,0,0,False,0.0,0.0,0.0,0.0,0.0,0.0,4.5,,0,2191.0,1307.3356996150403
2016-11-26,0.0,0.0,0.0,0,0,False,0.0,0.0,0.0,0.0,0.0,0.0,4.5,,0,2190.0,1307.3356996150403
2016-11-27,0.0,0.0,0.0,0,0,False,0.0,0.0,0.0,0.0,0.0,0.0,4.5,,0,2189.0,1307.3356996150403
2016-11-28,0.0,0.0,0.0,0,0,False,0.0,0.0,0.0,0.0,0.0,0.0,4.5,,0,2188.0,1307.3356996150403
2016-11-29,0.0,0.0,0.0,0,0,False,0.0,0.0,0.0,0.0,0.0,0.0,4.5,,0,2187.0,1307.3356996150403
2016-11-30,0.0,0.0,0.0,0,0,False,0.0,0.0,0.0,0.0,0.0,0.0,4.5,,0,2186.0,1307.3356996150403
2016-12-01,0.0,0.0,0.0,0,0,False,0.0,0.0,0.0,0.0,0.0,0.0,4.5,,0,2185.0,1307.3356996150403
2016-12-02,0.0,0.0,0.0,0,0,False,0.0,0.0,0.0,0.0,0.0,0.0,4.5,,0,2184.0,1307.3356996150403
2016-12-03,0.0,0.0,0.0,0,0,False,0.0,0.0,0.0,0.0,0.0,0.0,4.5,,0,2183.0,1307.3356996150403
2016-12-04,0.0,0.0,0.0,0,0,False,0.0,0.0,0.0,0.0,0.0,0.0,4.5,,0,2182.0,1307.3356996150403
2016-12-05,0.0,0.0,0.0,0,0,False,0.0,0.0,0.0,0.0,0.0,0.0,4.5,,0,2181.0,1307.3356996150403
2016-12-06,0.0,0.0,0.0,0,0,False,0.0,0.0,0.0,0.0,0.0,0.0,4.5,,0,2180.0,1307.3356996150403
2016-12-07,0.0,0.0,0.0,0,0,False,0.0,0.0,0.0,0.0,0.0,0.0,4.5,,0,2179.0,1307.3356996150403
2016-12-08,0.0,0.0,0.0,0,0,False,0.0,0.0,0.0,0.0,0.0,0.0,4.5,,0,2178.0,1307.3356996150403
2016-12-09,0.0,0.0,0.0,0,0,False,0.0,0.0,0.0,0.0,0.0,0.0,4.5,,0,2177.0,1307.3356996150403
2016-12-10,0.0,0.0,0.0,0,0,False,0.0,0.0,0.0,0.0,0.0,0.0,4.5,,0,2176.0,1307.3356996150403
2016-12-11,0.0,0.0,0.0,0,0,False,0.0,0.0,0.0,0.0,0.0,0.0,4.5,,0,2175.0,1307.3356996150403
2016-12-12,0.0,0.0,0.0,0,0,False,0.0,0.0,0.0,0.0,0.0,0.0,4.5,,0,2174.0,1307.3356996150403
2016-12-13,0.0,0.0,0.0,0,0,False,0.0,0.0,0.0,0.0,0.0,0.0,4.5,,0,2173.0,1307.3356996150403
2016-12-14,0.0,0.0,0.0,0,0,False,0.0,0.0,0.0,0.0,0.0,0.0,4.5,,0,2172.0,1307.3356996150403
2016-12-15,0.0,0.0,0.0,0,0,False,0.0,0.0,0.0,0.0,0.0,0.0,4.5,,0,2171.0,1307.3356996150403
2016-12-16,0.0,0.0,0.0,0,0,False,0.0,0.0,0.0,0.0,0.0,0.0,4.5,,0,2170.0,1307.3356996150403
2016-12-17,0.0,0.0,0.0,0,0,False,0.0,0.0,0.0,0.0,0.0,0.0,4.5,,0,2169.0,1307.3356996150403
2016-12-18,0.0,0.0,0.0,0,0,False,0.0,0.0,0.0,0.0,0.0,0.0,4.5,,0,2168.0,1307.3356996150403
2016-12-19,0.0,0.0,0.0,0,0,False,0.0,0.0,0.0,0.0,0.0,0.0,4.5,,0,2167.0,1307.3356996150403
2016-12-20,0.0,0.0,0.0,0,0,False,0.0,0.0,0.0,0.0,0.0,0.0,4.5,,0,2166.0,1307.3356996150403
2016-12-21,0.0,0.0,0.0,0,0,False,0.0,0.0,0.0,0.0,0.0,0.0,4.5,,0,2165.0,1307.3356996150403
2016-12-22,0.0,0.0,0.0,0,0,False,0.0,0.0,0.0,0.0,0.0,0.0,4.5,,0,2164.0,1307.3356996150403
2016-12-23,0.0,0.0,0.0,0,0,False,0.0,0.0,0.0,0.0,0.0,0.0,4.5,,0,2163.0,1307.3356996150403
2016-12-24,0.0,0.0,0.0,0,0,False,0.0,0.0,0.0,0.0,0.0,0.0,4.5,,0,2162.0,1307.3356996150403
2016-12-25,0.0,0.0,0.0,0,0,False,0.0,0.0,0.0,0.0,0.0,0.0,4.5,,0,2161.0,1307.3356996150403
2016-12-26,0.0,0.0,0.0,0,0,False,0.0,0.0,0.0,0.0,0.0,0.0,4.5,,0,2160.0,1307.3356996150403
2016-12-27,0.0,0.0,0.0,0,0,False,0.0,0.0,0.0,0.0,0.0,0.0,4.5,,0,2159.0,1307.3356996150403
2016-12-28,0.0,0.0,0.0,0,0,False,0.0,0.0,0.0,0.0,0.0,0.0,4.5,,0,2158.0,1307.3356996150403
2016-12-29,0.0,0.0,0.0,0,0,False,0.0,0.0,0.0,0.0,0.0,0.0,4.5,,0,2157.0,1307.3356996150403
2016-12-30,0.0,0.0,0.0,0,0,False,0.0,0.0,0.0,0.0,0.0,0.0,4.5,,0,2156.0,1307.3356996150403
2016-12-31,0.0,0.0,0.0,0,0,False,0.0,0.0,0.0,0.0,0.0,0.0,4.5,,0,2155.0,1307.3356996150403
2017-01-01,0.0,0.0,0.0,0,0,False,0.0,0.0,0.0,0.0,0.0,0.0,4.5,,0,2154.0,1307.3356996150403
2017-01-02,0.0,0.0,0.0,0,0,False,0.0,0.0,0.0,0.0,0.0,0.0,4.5,,0,2153.0,1307.3356996150403
2017-01-03,0.0,0.0,0.0,0,0,False,0.0,0.0,0.0,0.0,0.0,0.0,4.5,,0,2152.0,1307.3356996150403
2017-01-04,0.0,0.0,0.0,0,0,False,0.0,0.0,0.0,0.0,0.0,0.0,4.5,,0,2151.0,1307.3356996150403
2017-01-05,0.0,0.0,0.0,0,0,False,0.0,0.0,0.0,0.0,0.0,0.0,4.5,,0,2150.0,1307.3356996150403
2017-01-06,0.0,0.0,0.0,0,0,False,0.0,0.0,0.0,0.0,0.0,0.0,4.5,,0,2149.0,1307.3356996150403
2017-01-07,0.0,0.0,0.0,0,0,False,0.0,0.0,0.0,0.0,0.0,0.0,4.5,,0,2148.0,1307.3356996150403
2017-01-08,0.0,0.0,0.0,0,0,False,0.0,0.0,0.0,0.0,0.0,0.0,4.5,,0,2147.0,1307.3356996150403
2017-01-09,0.0,0.0,0.0,0,0,False,0.0,0.0,0.0,0.0,0.0,0.0,4.5,,0,2146.0,1307.3356996150403
2017-01-10,0.0,0.0,0.0,0,0,False,0.0,0.0,0.0,0.0,0.0,0.0,4.5,,0,2145.0,1307.3356996150403
2017-01-11,0.0,0.0,0.0,0,0,False,0.0,0.0,0.0,0.0,0.0,0.0,4.5,,0,2144.0,1307.3356996150403
2017-01-12,0.0,0.0,0.0,0,0,False,0.0,0.0,0.0,0.0,0.0,0.0,4.5,,0,2143.0,1307.3356996150403
2017-01-13,0.0,0.0,0.0,0,0,False,0.0,0.0,0.0,0.0,0.0,0.0,4.5,,0,2142.0,1307.3356996150403
2017-01-14,0.0,0.0,0.0,0,0,False,0.0,0.0,0.0,0.0,0.0,0.0,4.5,,0,2141.0,1307.3356996150403
2017-01-15,0.0,0.0,0.0,0,0,False,0.0,0.0,0.0,0.0,0.0,0.0,4.5,,0,2140.0,1307.3356996150403
2017-01-16,0.0,0.0,0.0,0,0,False,0.0,0.0,0.0,0.0,0.0,0.0,4.5,,0,2139.0,1307.3356996150403
2017-01-17,0.0,0.0,0.0,0,0,False,0.0,0.0,0.0,0.0,0.0,0.0,4.5,,0,2138.0,1307.3356996150403
2017-01-18,0.0,0.0,0.0,0,0,False,0.0,0.0,0.0,0.0,0.0,0.0,4.5,,0,2137.0,1307.3356996150403
2017-01-19,0.0,0.0,0.0,0,0,False,0.0,0.0,0.0,0.0,0.0,0.0,4.5,,0,2136.0,1307.3356996150403
2017-01-20,0.0,0.0,0.0,0,0,False,0.0,0.0,0.0,0.0,0.0,0.0,4.5,,0,2135.0,1307.3356996150403
2017-01-21,0.0,0.0,0.0,0,0,False,0.0,0.0,0.0,0.0,0.0,0.0,4.5,,0,2134.0,1307.3356996150403
2017-01-22,0.0,0.0,0.0,0,0,False,0.0,0.0,0.0,0.0,0.0,0.0,4.5,,0,2133.0,1307.3356996150403
2017-01-23,0.0,0.0,0.0,0,0,False,0.0,0.0,0.0,0.0,0.0,0.0,4.5,,0,2132.0,1307.3356996150403
2017-01-24,0.0,0.0,0.0,0,0,False,0.0,0.0,0.0,0.0,0.0,0.0,4.5,,0,2131.0,1307.3356996150403
2017-01-25,0.0,0.0,0.0,0,0,False,0.0,0.0,0.0,0.0,0.0,0.0,4.5,,0,2130.0,1307.3356996150403
2017-01-26,0.0,0.0,0.0,0,0,False,0.0,0.0,0.0,0.0,0.0,0.0,4.5,,0,2129.0,1307.3356996150403
2017-01-27,0.0,0.0,0.0,0,0,False,0.0,0.0,0.0,0.0,0.0,0.0,4.5,,0,2128.0,1307.3356996150403
2017-01-28,0.0,0.0,0.0,0,0,False,0.0,0.0,0.0,0.0,0.0,0.0,4.5,,0,2127.0,1307.3356996150403
2017-01-29,0.0,0.0,0.0,0,0,False,0.0,0.0,0.0,0.0,0.0,0.0,4.5,,0,2126.0,1307.3356996150403
2017-01-30,0.0,0.0,0.0,0,0,False,0.0,0.0,0.0,0.0,0.0,0.0,4.5,,0,2125.0,1307.3356996150403
2017-01-31,0.0,0.0,0.0,0,0,False,0.0,0.0,0.0,0.0,0.0,0.0,4.5,,0,2124.0,1307.3356996150403
2017-02-01,0.0,0.0,0.0,0,0,False,0.0,0.0,0.0,0.0,0.0,0.0,4.5,,0,2123.0,1307.3356996150403
2017-02-02,0.0,0.0,0.0,0,0,False,0.0,0.0,0.0,0.0,0.0,0.0,4.5,,0,2122.0,1307.3356996150403
2017-02-03,0.0,0.0,0.0,0,0,False,0.0,0.0,0.0,0.0,0.0,0.0,4.5,,0,2121.0,1307.3356996150403
2017-02-04,0.0,0.0,0.0,0,0,False,0.0,0.0,0.0,0.0,0.0,0.0,4.5,,0,2120.0,1307.3356996150403
2017-02-05,0.0,0.0,0.0,0,0,False,0.0,0.0,0.0,0.0,0.0,0.0,4.5,,0,2119.0,1307.3356996150403
2017-02-06,0.0,0.0,0.0,0,0,False,0.0,0.0,0.0,0.0,0.0,0.0,4.5,,0,2118.0,1307.3356996150403
2017-02-07,0.0,0.0,0.0,0,0,False,0.0,0.0,0.0,0.0,0.0,0.0,4.5,,0,2117.0,1307.3356996150403
2017-02-08,0.0,0.0,0.0,0,0,False,0.0,0.0,0.0,0.0,0.0,0.0,4.5,,0,2116.0,1307.3356996150403
2017-02-09,0.0,0.0,0.0,0,0,False,0.0,0.0,0.0,0.0,0.0,0.0,4.5,,0,2115.0,1307.3356996150403
2017-02-10,0.0,0.0,0.0,0,0,False,0.0,0.0,0.0,0.0,0.0,0.0,4.5,,0,2114.0,1307.3356996150403
2017-02-11,0.0,0.0,0.0,0,0,False,0.0,0.0,0.0,0.0,0.0,0.0,4.5,,0,2113.0,1307.3356996150403
2017-02-12,0.0,0.0,0.0,0,0,False,0.0,0.0,0.0,0.0,0.0,0.0,4.5,,0,2112.0,1307.3356996150403
2017-02-13,0.0,0.0,0.0,0,0,False,0.0,0.0,0.0,0.0,0.0,0.0,4.5,,0,2111.0,1307.3356996150403
2017-02-14,0.0,0.0,0.0,0,0,False,0.0,0.0,0.0,0.0,0.0,0.0,4.5,,0,2110.0,1307.3356996150403
2017-02-15,0.0,0.0,0.0,0,0,False,0.0,0.0,0.0,0.0,0.0,0.0,4.5,,0,2109.0,1307.3356996150403
2017-02-16,0.0,0.0,0.0,0,0,False,0.0,0.0,0.0,0.0,0.0,0.0,4.5,,0,2108.0,1307.3356996150403
2017-02-17,0.0,0.0,0.0,0,0,False,0.0,0.0,0.0,0.0,0.0,0.0,4.5,,0,2107.0,1307.3356996150403
2017-02-18,0.0,0.0,0.0,0,0,False,0.0,0.0,0.0,0.0,0.0,0.0,4.5,,0,2106.0,1307.3356996150403
2017-02-19,0.0,0.0,0.0,0,0,False,0.0,0.0,0.0,0.0,0.0,0.0,4.5,,0,2105.0,1307.3356996150403
2017-02-20,0.0,0.0,0.0,0,0,False,0.0,0.0,0.0,0.0,0.0,0.0,4.5,,0,2104.0,1307.3356996150403
2017-02-21,0.0,0.0,0.0,0,0,False,0.0,0.0,0.0,0.0,0.0,0.0,4.5,,0,2103.0,1307.3356996150403
2017-02-22,0.0,0.0,0.0,0,0,False,0.0,0.0,0.0,0.0,0.0,0.0,4.5,,0,2102.0,1307.3356996150403
2017-02-23,0.0,0.0,0.0,0,0,False,0.0,0.0,0.0,0.0,0.0,0.0,4.5,,0,2101.0,1307.3356996150403
2017-02-24,0.0,0.0,0.0,0,0,False,0.0,0.0,0.0,0.0,0.0,0.0,4.5,,0,2100.0,1307.3356996150403
2017-02-25,0.0,0.0,0.0,0,0,False,0.0,0.0,0.0,0.0,0.0,0.0,4.5,,0,2099.0,1307.3356996150403
2017-02-26,0.0,0.0,0.0,0,0,False,0.0,0.0,0.0,0.0,0.0,0.0,4.5,,0,2098.0,1307.3356996150403
2017-02-27,0.0,0.0,0.0,0,0,False,0.0,0.0,0.0,0.0,0.0,0.0,4.5,,0,2097.0,1307.3356996150403
2017-02-28,0.0,0.0,0.0,0,0,False,0.0,0.0,0.0,0.0,0.0,0.0,4.5,,0,2096.0,1307.3356996150403
2017-03-01,0.0,0.0,0.0,0,0,False,0.0,0.0,0.0,0.0,0.0,0.0,4.5,,0,2095.0,1307.3356996150403
2017-03-02,0.0,0.0,0.0,0,0,False,0.0,0.0,0.0,0.0,0.0,0.0,4.5,,0,2094.0,1307.3356996150403
2017-03-03,0.0,0.0,0.0,0,0,False,0.0,0.0,0.0,0.0,0.0,0.0,4.5,,0,2093.0,1307.3356996150403
2017-03-04,0.0,0.0,0.0,0,0,False,0.0,0.0,0.0,0.0,0.0,0.0,4.5,,0,2092.0,1307.3356996150403
2017-03-05,0.0,0.0,0.0,0,0,False,0.0,0.0,0.0,0.0,0.0,0.0,4.5,,0,2091.0,1307.3356996150403
2017-03-06,0.0,0.0,0.0,0,0,False,0.0,0.0,0.0,0.0,0.0,0.0,4.5,,0,2090.0,1307.3356996150403
2017-03-07,0.0,0.0,0.0,0,0,False,0.0,0.0,0.0,0.0,0.0,0.0,4.5,,0,2089.0,1307.3356996150403
2017-03-08,0.0,0.0,0.0,0,0,False,0.0,0.0,0.0,0.0,0.0,0.0,4.5,,0,2088.0,1307.3356996150403
2017-03-09,0.0,0.0,0.0,0,0,False,0.0,0.0,0.0,0.0,0.0,0.0,4.5,,0,2087.0,1307.3356996150403
2017-03-10,0.0,0.0,0.0,0,0,False,0.0,0.0,0.0,0.0,0.0,0.0,4.5,,0,2086.0,1307.3356996150403
2017-03-11,0.0,0.0,0.0,0,0,False,0.0,0.0,0.0,0.0,0.0,0.0,4.5,,0,2085.0,1307.3356996150403
2017-03-12,0.0,0.0,0.0,0,0,False,0.0,0.0,0.0,0.0,0.0,0.0,4.5,,0,2084.0,1307.3356996150403
2017-03-13,0.0,0.0,0.0,0,0,False,0.0,0.0,0.0,0.0,0.0,0.0,4.5,,0,2083.0,1307.3356996150403
2017-03-14,0.0,0.0,0.0,0,0,False,0.0,0.0,0.0,0.0,0.0,0.0,4.5,,0,2082.0,1307.3356996150403
2017-03-15,0.0,0.0,0.0,0,0,False,0.0,0.0,0.0,0.0,0.0,0.0,4.5,,0,2081.0,1307.3356996150403
2017-03-16,0.0,0.0,0.0,0,0,False,0.0,0.0,0.0,0.0,0.0,0.0,4.5,,0,2080.0,1307.3356996150403
2017-03-17,0.0,0.0,0.0,0,0,False,0.0,0.0,0.0,0.0,0.0,0.0,4.5,,0,2079.0,1307.3356996150403
2017-03-18,0.0,0.0,0.0,0,0,False,0.0,0.0,0.0,0.0,0.0,0.0,4.5,,0,2078.0,1307.3356996150403
2017-03-19,0.0,0.0,0.0,0,0,False,0.0,0.0,0.0,0.0,0.0,0.0,4.5,,0,2077.0,1307.3356996150403
2017-03-20,0.0,0.0,0.0,0,0,False,0.0,0.0,0.0,0.0,0.0,0.0,4.5,,0,2076.0,1307.3356996150403
2017-03-21,0.0,0.0,0.0,0,0,False,0.0,0.0,0.0,0.0,0.0,0.0,4.5,,0,2075.0,1307.3356996150403
2017-03-22,0.0,0.0,0.0,0,0,False,0.0,0.0,0.0,0.0,0.0,0.0,4.5,,0,2074.0,1307.3356996150403
2017-03-23,0.0,0.0,0.0,0,0,False,0.0,0.0,0.0,0.0,0.0,0.0,4.5,,0,2073.0,1307.3356996150403
2017-03-24,0.0,0.0,0.0,0,0,False,0.0,0.0,0.0,0.0,0.0,0.0,4.5,,0,2072.0,1307.3356996150403
2017-03-25,0.0,0.0,0.0,0,0,False,0.0,0.0,0.0,0.0,0.0,0.0,4.5,,0,2071.0,1307.3356996150403
2017-03-26,0.0,0.0,0.0,0,0,False,0.0,0.0,0.0,0.0,0.0,0.0,4.5,,0,2070.0,1307.3356996150403
2017-03-27,0.0,0.0,0.0,0,0,False,0.0,0.0,0.0,0.0,0.0,0.0,4.5,,0,2069.0,1307.3356996150403
2017-03-28,0.0,0.0,0.0,0,0,False,0.0,0.0,0.0,0.0,0.0,0.0,4.5,,0,2068.0,1307.3356996150403
2017-03-29,0.0,0.0,0.0,0,0,False,0.0,0.0,0.0,0.0,0.0,0.0,4.5,,0,2067.0,1307.3356996150403
2017-03-30,0.0,0.0,0.0,0,0,False,0.0,0.0,0.0,0.0,0.0,0.0,4.5,,0,2066.0,1307.3356996150403
2017-03-31,0.0,0.0,0.0,0,0,False,0.0,0.0,0.0,0.0,0.0,0.0,4.5,,0,2065.0,1307.3356996150403
2017-04-01,0.0,0.0,0.0,0,0,False,0.0,0.0,0.0,0.0,0.0,0.0,4.5,,0,2064.0,1307.3356996150403
2017-04-02,0.0,0.0,0.0,0,0,False,0.0,0.0,0.0,0.0,0.0,0.0,4.5,,0,2063.0,1307.3356996150403
2017-04-03,0.0,0.0,0.0,0,0,False,0.0,0.0,0.0,0.0,0.0,0.0,4.5,,0,2062.0,1307.3356996150403
2017-04-04,0.0,0.0,0.0,0,0,False,0.0,0.0,0.0,0.0,0.0,0.0,4.5,,0,2061.0,1307.3356996150403
2017-04-05,0.0,0.0,0.0,0,0,False,0.0,0.0,0.0,0.0,0.0,0.0,4.5,,0,2060.0,1307.3356996150403
2017-04-06,0.0,0.0,0.0,0,0,False,0.0,0.0,0.0,0.0,0.0,0.0,4.5,,0,2059.0,1307.3356996150403
2017-04-07,0.0,0.0,0.0,0,0,False,0.0,0.0,0.0,0.0,0.0,0.0,4.5,,0,2058.0,1307.3356996150403
2017-04-08,0.0,0.0,0.0,0,0,False,0.0,0.0,0.0,0.0,0.0,0.0,4.5,,0,2057.0,1307.3356996150403
2017-04-09,0.0,0.0,0.0,0,0,False,0.0,0.0,0.0,0.0,0.0,0.0,4.5,,0,2056.0,1307.3356996150403
2017-04-10,0.0,0.0,0.0,0,0,False,0.0,0.0,0.0,0.0,0.0,0.0,4.5,,0,2055.0,1307.3356996150403
2017-04-11,0.0,0.0,0.0,0,0,False,0.0,0.0,0.0,0.0,0.0,0.0,4.5,,0,2054.0,1307.3356996150403
2017-04-12,0.0,0.0,0.0,0,0,False,0.0,0.0,0.0,0.0,0.0,0.0,4.5,,0,2053.0,1307.3356996150403
2017-04-13,0.0,0.0,0.0,0,0,False,0.0,0.0,0.0,0.0,0.0,0.0,4.5,,0,2052.0,1307.3356996150403
2017-04-14,0.0,0.0,0.0,0,0,False,0.0,0.0,0.0,0.0,0.0,0.0,4.5,,0,2051.0,1307.3356996150403
2017-04-15,0.0,0.0,0.0,0,0,False,0.0,0.0,0.0,0.0,0.0,0.0,4.5,,0,2050.0,1307.3356996150403
2017-04-16,0.0,0.0,0.0,0,0,False,0.0,0.0,0.0,0.0,0.0,0.0,4.5,,0,2049.0,1307.3356996150403
2017-04-17,0.0,0.0,0.0,0,0,False,0.0,0.0,0.0,0.0,0.0,0.0,4.5,,0,2048.0,1307.3356996150403
2017-04-18,0.0,0.0,0.0,0,0,False,0.0,0.0,0.0,0.0,0.0,0.0,4.5,,0,2047.0,1307.3356996150403
2017-04-19,0.0,0.0,0.0,0,0,False,0.0,0.0,0.0,0.0,0.0,0.0,4.5,,0,2046.0,1307.3356996150403
2017-04-20,0.0,0.0,0.0,0,0,False,0.0,0.0,0.0,0.0,0.0,0.0,4.5,,0,2045.0,1307.3356996150403
2017-04-21,0.0,0.0,0.0,0,0,False,0.0,0.0,0.0,0.0,0.0,0.0,4.5,,0,2044.0,1307.3356996150403
2017-04-22,0.0,0.0,0.0,0,0,False,0.0,0.0,0.0,0.0,0.0,0.0,4.5,,0,2043.0,1307.3356996150403
2017-04-23,0.0,0.0,0.0,0,0,False,0.0,0.0,0.0,0.0,0.0,0.0,4.5,,0,2042.0,1307.3356996150403
2017-04-24,0.0,0.0,0.0,0,0,False,0.0,0.0,0.0,0.0,0.0,0.0,4.5,,0,2041.0,1307.3356996150403
2017-04-25,0.0,0.0,0.0,0,0,False,0.0,0.0,0.0,0.0,0.0,0.0,4.5,,0,2040.0,1307.3356996150403
2017-04-26,0.0,0.0,0.0,0,0,False,0.0,0.0,0.0,0.0,0.0,0.0,4.5,,0,2039.0,1307.3356996150403
2017-04-27,0.0,0.0,0.0,0,0,False,0.0,0.0,0.0,0.0,0.0,0.0,4.5,,0,2038.0,1307.3356996150403
2017-04-28,0.0,0.0,0.0,0,0,False,0.0,0.0,0.0,0.0,0.0,0.0,4.5,,0,2037.0,1307.3356996150403
2017-04-29,0.0,0.0,0.0,0,0,False,0.0,0.0,0.0,0.0,0.0,0.0,4.5,,0,2036.0,1307.3356996150403
2017-04-30,0.0,0.0,0.0,0,0,False,0.0,0.0,0.0,0.0,0.0,0.0,4.5,,0,2035.0,1307.3356996150403
2017-05-01,0.0,0.0,0.0,0,0,False,0.0,0.0,0.0,0.0,0.0,0.0,4.5,,0,2034.0,1307.3356996150403
2017-05-02,0.0,0.0,0.0,0,0,False,0.0,0.0,0.0,0.0,0.0,0.0,4.5,,0,2033.0,1307.3356996150403
2017-05-03,0.0,0.0,0.0,0,0,False,0.0,0.0,0.0,0.0,0.0,0.0,4.5,,0,2032.0,1307.3356996150403
2017-05-04,0.0,0.0,0.0,0,0,False,0.0,0.0,0.0,0.0,0.0,0.0,4.5,,0,2031.0,1307.3356996150403
2017-05-05,0.0,0.0,0.0,0,0,False,0.0,0.0,0.0,0.0,0.0,0.0,4.5,,0,2030.0,1307.3356996150403
2017-05-06,0.0,0.0,0.0,0,0,False,0.0,0.0,0.0,0.0,0.0,0.0,4.5,,0,2029.0,1307.3356996150403
2017-05-07,0.0,0.0,0.0,0,0,False,0.0,0.0,0.0,0.0,0.0,0.0,4.5,,0,2028.0,1307.3356996150403
2017-05-08,0.0,0.0,0.0,0,0,False,0.0,0.0,0.0,0.0,0.0,0.0,4.5,,0,2027.0,1307.3356996150403
2017-05-09,0.0,0.0,0.0,0,0,False,0.0,0.0,0.0,0.0,0.0,0.0,4.5,,0,2026.0,1307.3356996150403
2017-05-10,0.0,0.0,0.0,0,0,False,0.0,0.0,0.0,0.0,0.0,0.0,4.5,,0,2025.0,1307.3356996150403
2017-05-11,0.0,0.0,0.0,0,0,False,0.0,0.0,0.0,0.0,0.0,0.0,4.5,,0,2024.0,1307.3356996150403
2017-05-12,0.0,0.0,0.0,0,0,False,0.0,0.0,0.0,0.0,0.0,0.0,4.5,,0,2023.0,1307.3356996150403
2017-05-13,0.0,0.0,0.0,0,0,False,0.0,0.0,0.0,0.0,0.0,0.0,4.5,,0,2022.0,1307.3356996150403
2017-05-14,0.0,0.0,0.0,0,0,False,0.0,0.0,0.0,0.0,0.0,0.0,4.5,,0,2021.0,1307.3356996150403
2017-05-15,0.0,0.0,0.0,0,0,False,0.0,0.0,0.0,0.0,0.0,0.0,4.5,,0,2020.0,1307.3356996150403
2017-05-16,0.0,0.0,0.0,0,0,False,0.0,0.0,0.0,0.0,0.0,0.0,4.5,,0,2019.0,1307.3356996150403
2017-05-17,0.0,0.0,0.0,0,0,False,0.0,0.0,0.0,0.0,0.0,0.0,4.5,,0,2018.0,1307.3356996150403
2017-05-18,0.0,0.0,0.0,0,0,False,0.0,0.0,0.0,0.0,0.0,0.0,4.5,,0,2017.0,1307.3356996150403
2017-05-19,0.0,0.0,0.0,0,0,False,0.0,0.0,0.0,0.0,0.0,0.0,4.5,,0,2016.0,1307.3356996150403
2017-05-20,0.0,0.0,0.0,0,0,False,0.0,0.0,0.0,0.0,0.0,0.0,4.5,,0,2015.0,1307.3356996150403
2017-05-21,0.0,0.0,0.0,0,0,False,0.0,0.0,0.0,0.0,0.0,0.0,4.5,,0,2014.0,1307.3356996150403
2017-05-22,0.0,0.0,0.0,0,0,False,0.0,0.0,0.0,0.0,0.0,0.0,4.5,,0,2013.0,1307.3356996150403
2017-05-23,0.0,0.0,0.0,0,0,False,0.0,0.0,0.0,0.0,0.0,0.0,4.5,,0,2012.0,1307.3356996150403
2017-05-24,0.0,0.0,0.0,0,0,False,0.0,0.0,0.0,0.0,0.0,0.0,4.5,,0,2011.0,1307.3356996150403
2017-05-25,0.0,0.0,0.0,0,0,False,0.0,0.0,0.0,0.0,0.0,0.0,4.5,,0,2010.0,1307.3356996150403
2017-05-26,0.0,0.0,0.0,0,0,False,0.0,0.0,0.0,0.0,0.0,0.0,4.5,,0,2009.0,1307.3356996150403
2017-05-27,0.0,0.0,0.0,0,0,False,0.0,0.0,0.0,0.0,0.0,0.0,4.5,,0,2008.0,1307.3356996150403
2017-05-28,0.0,0.0,0.0,0,0,False,0.0,0.0,0.0,0.0,0.0,0.0,4.5,,0,2007.0,1307.3356996150403
2017-05-29,0.0,0.0,0.0,0,0,False,0.0,0.0,0.0,0.0,0.0,0.0,4.5,,0,2006.0,1307.3356996150403
2017-05-30,0.0,0.0,0.0,0,0,False,0.0,0.0,0.0,0.0,0.0,0.0,4.5,,0,2005.0,1307.3356996150403
2017-05-31,0.0,0.0,0.0,0,0,False,0.0,0.0,0.0,0.0,0.0,0.0,4.5,,0,2004.0,1307.3356996150403
2017-06-01,0.0,0.0,0.0,0,0,False,0.0,0.0,0.0,0.0,0.0,0.0,4.5,,0,2003.0,1307.3356996150403
2017-06-02,0.0,0.0,0.0,0,0,False,0.0,0.0,0.0,0.0,0.0,0.0,4.5,,0,2002.0,1307.3356996150403
2017-06-03,0.0,0.0,0.0,0,0,False,0.0,0.0,0.0,0.0,0.0,0.0,4.5,,0,2001.0,1307.3356996150403
2017-06-04,0.0,0.0,0.0,0,0,False,0.0,0.0,0.0,0.0,0.0,0.0,4.5,,0,2000.0,1307.3356996150403
2017-06-05,0.0,0.0,0.0,0,0,False,0.0,0.0,0.0,0.0,0.0,0.0,4.5,,0,1999.0,1307.3356996150403
2017-06-06,0.0,0.0,0.0,0,0,False,0.0,0.0,0.0,0.0,0.0,0.0,4.5,,0,1998.0,1307.3356996150403
2017-06-07,0.0,0.0,0.0,0,0,False,0.0,0.0,0.0,0.0,0.0,0.0,4.5,,0,1997.0,1307.3356996150403
2017-06-08,0.0,0.0,0.0,0,0,False,0.0,0.0,0.0,0.0,0.0,0.0,4.5,,0,1996.0,1307.3356996150403
2017-06-09,0.0,0.0,0.0,0,0,False,0.0,0.0,0.0,0.0,0.0,0.0,4.5,,0,1995.0,1307.3356996150403
2017-06-10,0.0,0.0,0.0,0,0,False,0.0,0.0,0.0,0.0,0.0,0.0,4.5,,0,1994.0,1307.3356996150403
2017-06-11,0.0,0.0,0.0,0,0,False,0.0,0.0,0.0,0.0,0.0,0.0,4.5,,0,1993.0,1307.3356996150403
2017-06-12,0.0,0.0,0.0,0,0,False,0.0,0.0,0.0,0.0,0.0,0.0,4.5,,0,1992.0,1307.3356996150403
2017-06-13,0.0,0.0,0.0,0,0,False,0.0,0.0,0.0,0.0,0.0,0.0,4.5,,0,1991.0,1307.3356996150403
2017-06-14,0.0,0.0,0.0,0,0,False,0.0,0.0,0.0,0.0,0.0,0.0,4.5,,0,1990.0,1307.3356996150403
2017-06-15,0.0,0.0,0.0,0,0,False,0.0,0.0,0.0,0.0,0.0,0.0,4.5,,0,1989.0,1307.3356996150403
2017-06-16,0.0,0.0,0.0,0,0,False,0.0,0.0,0.0,0.0,0.0,0.0,4.5,,0,1988.0,1307.3356996150403
2017-06-17,0.0,0.0,0.0,0,0,False,0.0,0.0,0.0,0.0,0.0,0.0,4.5,,0,1987.0,1307.3356996150403
2017-06-18,0.0,0.0,0.0,0,0,False,0.0,0.0,0.0,0.0,0.0,0.0,4.5,,0,1986.0,1307.3356996150403
2017-06-19,0.0,0.0,0.0,0,0,False,0.0,0.0,0.0,0.0,0.0,0.0,4.5,,0,1985.0,1307.3356996150403
2017-06-20,0.0,0.0,0.0,0,0,False,0.0,0.0,0.0,0.0,0.0,0.0,4.5,,0,1984.0,1307.3356996150403
2017-06-21,0.0,0.0,0.0,0,0,False,0.0,0.0,0.0,0.0,0.0,0.0,4.5,,0,1983.0,1307.3356996150403
2017-06-22,0.0,0.0,0.0,0,0,False,0.0,0.0,0.0,0.0,0.0,0.0,4.5,,0,1982.0,1307.3356996150403
2017-06-23,0.0,0.0,0.0,0,0,False,0.0,0.0,0.0,0.0,0.0,0.0,4.5,,0,1981.0,1307.3356996150403
2017-06-24,0.0,0.0,0.0,0,0,False,0.0,0.0,0.0,0.0,0.0,0.0,4.5,,0,1980.0,1307.3356996150403
2017-06-25,0.0,0.0,0.0,0,0,False,0.0,0.0,0.0,0.0,0.0,0.0,4.5,,0,1979.0,1307.3356996150403
2017-06-26,0.0,0.0,0.0,0,0,False,0.0,0.0,0.0,0.0,0.0,0.0,4.5,,0,1978.0,1307.3356996150403
2017-06-27,0.0,0.0,0.0,0,0,False,0.0,0.0,0.0,0.0,0.0,0.0,4.5,,0,1977.0,1307.3356996150403
2017-06-28,0.0,0.0,0.0,0,0,False,0.0,0.0,0.0,0.0,0.0,0.0,4.5,,0,1976.0,1307.3356996150403
2017-06-29,0.0,0.0,0.0,0,0,False,0.0,0.0,0.0,0.0,0.0,0.0,4.5,,0,1975.0,1307.3356996150403
2017-06-30,0.0,0.0,0.0,0,0,False,0.0,0.0,0.0,0.0,0.0,0.0,4.5,,0,1974.0,1307.3356996150403
2017-07-01,0.0,0.0,0.0,0,0,False,0.0,0.0,0.0,0.0,0.0,0.0,4.5,,0,1973.0,1307.3356996150403
2017-07-02,0.0,0.0,0.0,0,0,False,0.0,0.0,0.0,0.0,0.0,0.0,4.5,,0,1972.0,1307.3356996150403
2017-07-03,0.0,0.0,0.0,0,0,False,0.0,0.0,0.0,0.0,0.0,0.0,4.5,,0,1971.0,1307.3356996150403
2017-07-04,0.0,0.0,0.0,0,0,False,0.0,0.0,0.0,0.0,0.0,0.0,4.5,,0,1970.0,1307.3356996150403
2017-07-05,0.0,0.0,0.0,0,0,False,0.0,0.0,0.0,0.0,0.0,0.0,4.5,,0,1969.0,1307.3356996150403
2017-07-06,0.0,0.0,0.0,0,0,False,0.0,0.0,0.0,0.0,0.0,0.0,4.5,,0,1968.0,1307.3356996150403
2017-07-07,0.0,0.0,0.0,0,0,False,0.0,0.0,0.0,0.0,0.0,0.0,4.5,,0,1967.0,1307.3356996150403
2017-07-08,0.0,0.0,0.0,0,0,False,0.0,0.0,0.0,0.0,0.0,0.0,4.5,,0,1966.0,1307.3356996150403
2017-07-09,0.0,0.0,0.0,0,0,False,0.0,0.0,0.0,0.0,0.0,0.0,4.5,,0,1965.0,1307.3356996150403
2017-07-10,0.0,0.0,0.0,0,0,False,0.0,0.0,0.0,0.0,0.0,0.0,4.5,,0,1964.0,1307.3356996150403
2017-07-11,0.0,0.0,0.0,0,0,False,0.0,0.0,0.0,0.0,0.0,0.0,4.5,,0,1963.0,1307.3356996150403
2017-07-12,0.0,0.0,0.0,0,0,False,0.0,0.0,0.0,0.0,0.0,0.0,4.5,,0,1962.0,1307.3356996150403
2017-07-13,0.0,0.0,0.0,0,0,False,0.0,0.0,0.0,0.0,0.0,0.0,4.5,,0,1961.0,1307.3356996150403
2017-07-14,0.0,0.0,0.0,0,0,False,0.0,0.0,0.0,0.0,0.0,0.0,4.5,,0,1960.0,1307.3356996150403
2017-07-15,0.0,0.0,0.0,0,0,False,0.0,0.0,0.0,0.0,0.0,0.0,4.5,,0,1959.0,1307.3356996150403
2017-07-16,0.0,0.0,0.0,0,0,False,0.0,0.0,0.0,0.0,0.0,0.0,4.5,,0,1958.0,1307.3356996150403
2017-07-17,0.0,0.0,0.0,0,0,False,0.0,0.0,0.0,0.0,0.0,0.0,4.5,,0,1957.0,1307.3356996150403
2017-07-18,0.0,0.0,0.0,0,0,False,0.0,0.0,0.0,0.0,0.0,0.0,4.5,,0,1956.0,1307.3356996150403
2017-07-19,0.0,0.0,0.0,0,0,False,0.0,0.0,0.0,0.0,0.0,0.0,4.5,,0,1955.0,1307.3356996150403
2017-07-20,0.0,0.0,0.0,0,0,False,0.0,0.0,0.0,0.0,0.0,0.0,4.5,,0,1954.0,1307.3356996150403
2017-07-21,0.0,0.0,0.0,0,0,False,0.0,0.0,0.0,0.0,0.0,0.0,4.5,,0,1953.0,1307.3356996150403
2017-07-22,0.0,0.0,0.0,0,0,False,0.0,0.0,0.0,0.0,0.0,0.0,4.5,,0,1952.0,1307.3356996150403
2017-07-23,0.0,0.0,0.0,0,0,False,0.0,0.0,0.0,0.0,0.0,0.0,4.5,,0,1951.0,1307.3356996150403
2017-07-24,0.0,0.0,0.0,0,0,False,0.0,0.0,0.0,0.0,0.0,0.0,4.5,,0,1950.0,1307.3356996150403
2017-07-25,0.0,0.0,0.0,0,0,False,0.0,0.0,0.0,0.0,0.0,0.0,4.5,,0,1949.0,1307.3356996150403
2017-07-26,0.0,0.0,0.0,0,0,False,0.0,0.0,0.0,0.0,0.0,0.0,4.5,,0,1948.0,1307.3356996150403
2017-07-27,0.0,0.0,0.0,0,0,False,0.0,0.0,0.0,0.0,0.0,0.0,4.5,,0,1947.0,1307.3356996150403
2017-07-28,0.0,0.0,0.0,0,0,False,0.0,0.0,0.0,0.0,0.0,0.0,4.5,,0,1946.0,1307.3356996150403
2017-07-29,0.0,0.0,0.0,0,0,False,0.0,0.0,0.0,0.0,0.0,0.0,4.5,,0,1945.0,1307.3356996150403
2017-07-30,0.0,0.0,0.0,0,0,False,0.0,0.0,0.0,0.0,0.0,0.0,4.5,,0,1944.0,1307.3356996150403
2017-07-31,0.0,0.0,0.0,0,0,False,0.0,0.0,0.0,0.0,0.0,0.0,4.5,,0,1943.0,1307.3356996150403
2017-08-01,0.0,0.0,0.0,0,0,False,0.0,0.0,0.0,0.0,0.0,0.0,4.5,,0,1942.0,1307.3356996150403
2017-08-02,0.0,0.0,0.0,0,0,False,0.0,0.0,0.0,0.0,0.0,0.0,4.5,,0,1941.0,1307.3356996150403
2017-08-03,0.0,0.0,0.0,0,0,False,0.0,0.0,0.0,0.0,0.0,0.0,4.5,,0,1940.0,1307.3356996150403
2017-08-04,0.0,0.0,0.0,0,0,False,0.0,0.0,0.0,0.0,0.0,0.0,4.5,,0,1939.0,1307.3356996150403
2017-08-05,0.0,0.0,0.0,0,0,False,0.0,0.0,0.0,0.0,0.0,0.0,4.5,,0,1938.0,1307.3356996150403
2017-08-06,0.0,0.0,0.0,0,0,False,0.0,0.0,0.0,0.0,0.0,0.0,4.5,,0,1937.0,1307.3356996150403
2017-08-07,0.0,0.0,0.0,0,0,False,0.0,0.0,0.0,0.0,0.0,0.0,4.5,,0,1936.0,1307.3356996150403
2017-08-08,0.0,0.0,0.0,0,0,False,0.0,0.0,0.0,0.0,0.0,0.0,4.5,,0,1935.0,1307.3356996150403
2017-08-09,0.0,0.0,0.0,0,0,False,0.0,0.0,0.0,0.0,0.0,0.0,4.5,,0,1934.0,1307.3356996150403
2017-08-10,0.0,0.0,0.0,0,0,False,0.0,0.0,0.0,0.0,0.0,0.0,4.5,,0,1933.0,1307.3356996150403
2017-08-11,0.0,0.0,0.0,0,0,False,0.0,0.0,0.0,0.0,0.0,0.0,4.5,,0,1932.0,1307.3356996150403
2017-08-12,0.0,0.0,0.0,0,0,False,0.0,0.0,0.0,0.0,0.0,0.0,4.5,,0,1931.0,1307.3356996150403
2017-08-13,0.0,0.0,0.0,0,0,False,0.0,0.0,0.0,0.0,0.0,0.0,4.5,,0,1930.0,1307.3356996150403
2017-08-14,0.0,0.0,0.0,0,0,False,0.0,0.0,0.0,0.0,0.0,0.0,4.5,,0,1929.0,1307.3356996150403
2017-08-15,0.0,0.0,0.0,0,0,False,0.0,0.0,0.0,0.0,0.0,0.0,4.5,,0,1928.0,1307.3356996150403
2017-08-16,0.0,0.0,0.0,0,0,False,0.0,0.0,0.0,0.0,0.0,0.0,4.5,,0,1927.0,1307.3356996150403
2017-08-17,0.0,0.0,0.0,0,0,False,0.0,0.0,0.0,0.0,0.0,0.0,4.5,,0,1926.0,1307.3356996150403
2017-08-18,0.0,0.0,0.0,0,0,False,0.0,0.0,0.0,0.0,0.0,0.0,4.5,,0,1925.0,1307.3356996150403
2017-08-19,0.0,0.0,0.0,0,0,False,0.0,0.0,0.0,0.0,0.0,0.0,4.5,,0,1924.0,1307.3356996150403
2017-08-20,0.0,0.0,0.0,0,0,False,0.0,0.0,0.0,0.0,0.0,0.0,4.5,,0,1923.0,1307.3356996150403
2017-08-21,0.0,0.0,0.0,0,0,False,0.0,0.0,0.0,0.0,0.0,0.0,4.5,,0,1922.0,1307.3356996150403
2017-08-22,0.0,0.0,0.0,0,0,False,0.0,0.0,0.0,0.0,0.0,0.0,4.5,,0,1921.0,1307.3356996150403
2017-08-23,0.0,0.0,0.0,0,0,False,0.0,0.0,0.0,0.0,0.0,0.0,4.5,,0,1920.0,1307.3356996150403
2017-08-24,0.0,0.0,0.0,0,0,False,0.0,0.0,0.0,0.0,0.0,0.0,4.5,,0,1919.0,1307.3356996150403
2017-08-25,0.0,0.0,0.0,0,0,False,0.0,0.0,0.0,0.0,0.0,0.0,4.5,,0,1918.0,1307.3356996150403
2017-08-26,0.0,0.0,0.0,0,0,False,0.0,0.0,0.0,0.0,0.0,0.0,4.5,,0,1917.0,1307.3356996150403
2017-08-27,0.0,0.0,0.0,0,0,False,0.0,0.0,0.0,0.0,0.0,0.0,4.5,,0,1916.0,1307.3356996150403
2017-08-28,0.0,0.0,0.0,0,0,False,0.0,0.0,0.0,0.0,0.0,0.0,4.5,,0,1915.0,1307.3356996150403
2017-08-29,0.0,0.0,0.0,0,0,False,0.0,0.0,0.0,0.0,0.0,0.0,4.5,,0,1914.0,1307.3356996150403
2017-08-30,0.0,0.0,0.0,0,0,False,0.0,0.0,0.0,0.0,0.0,0.0,4.5,,0,1913.0,1307.3356996150403
2017-08-31,0.0,0.0,0.0,0,0,False,0.0,0.0,0.0,0.0,0.0,0.0,4.5,,0,1912.0,1307.3356996150403
2017-09-01,0.0,0.0,0.0,0,0,False,0.0,0.0,0.0,0.0,0.0,0.0,4.5,,0,1911.0,1307.3356996150403
2017-09-02,0.0,0.0,0.0,0,0,False,0.0,0.0,0.0,0.0,0.0,0.0,4.5,,0,1910.0,1307.3356996150403
2017-09-03,0.0,0.0,0.0,0,0,False,0.0,0.0,0.0,0.0,0.0,0.0,4.5,,0,1909.0,1307.3356996150403
2017-09-04,0.0,0.0,0.0,0,0,False,0.0,0.0,0.0,0.0,0.0,0.0,4.5,,0,1908.0,1307.3356996150403
2017-09-05,0.0,0.0,0.0,0,0,False,0.0,0.0,0.0,0.0,0.0,0.0,4.5,,0,1907.0,1307.3356996150403
2017-09-06,0.0,0.0,0.0,0,0,False,0.0,0.0,0.0,0.0,0.0,0.0,4.5,,0,1906.0,1307.3356996150403
2017-09-07,0.0,0.0,0.0,0,0,False,0.0,0.0,0.0,0.0,0.0,0.0,4.5,,0,1905.0,1307.3356996150403
2017-09-08,0.0,0.0,0.0,0,0,False,0.0,0.0,0.0,0.0,0.0,0.0,4.5,,0,1904.0,1307.3356996150403
2017-09-09,0.0,0.0,0.0,0,0,False,0.0,0.0,0.0,0.0,0.0,0.0,4.5,,0,1903.0,1307.3356996150403
2017-09-10,0.0,0.0,0.0,0,0,False,0.0,0.0,0.0,0.0,0.0,0.0,4.5,,0,1902.0,1307.3356996150403
2017-09-11,0.0,0.0,0.0,0,0,False,0.0,0.0,0.0,0.0,0.0,0.0,4.5,,0,1901.0,1307.3356996150403
2017-09-12,0.0,0.0,0.0,0,0,False,0.0,0.0,0.0,0.0,0.0,0.0,4.5,,0,1900.0,1307.3356996150403
2017-09-13,0.0,0.0,0.0,0,0,False,0.0,0.0,0.0,0.0,0.0,0.0,4.5,,0,1899.0,1307.3356996150403
2017-09-14,0.0,0.0,0.0,0,0,False,0.0,0.0,0.0,0.0,0.0,0.0,4.5,,0,1898.0,1307.3356996150403
2017-09-15,0.0,0.0,0.0,0,0,False,0.0,0.0,0.0,0.0,0.0,0.0,4.5,,0,1897.0,1307.3356996150403
2017-09-16,0.0,0.0,0.0,0,0,False,0.0,0.0,0.0,0.0,0.0,0.0,4.5,,0,1896.0,1307.3356996150403
2017-09-17,0.0,0.0,0.0,0,0,False,0.0,0.0,0.0,0.0,0.0,0.0,4.5,,0,1895.0,1307.3356996150403
2017-09-18,0.0,0.0,0.0,0,0,False,0.0,0.0,0.0,0.0,0.0,0.0,4.5,,0,1894.0,1307.3356996150403
2017-09-19,0.0,0.0,0.0,0,0,False,0.0,0.0,0.0,0.0,0.0,0.0,4.5,,0,1893.0,1307.3356996150403
2017-09-20,0.0,0.0,0.0,0,0,False,0.0,0.0,0.0,0.0,0.0,0.0,4.5,,0,1892.0,1307.3356996150403
2017-09-21,0.0,0.0,0.0,0,0,False,0.0,0.0,0.0,0.0,0.0,0.0,4.5,,0,1891.0,1307.3356996150403
2017-09-22,0.0,0.0,0.0,0,0,False,0.0,0.0,0.0,0.0,0.0,0.0,4.5,,0,1890.0,1307.3356996150403
2017-09-23,0.0,0.0,0.0,0,0,False,0.0,0.0,0.0,0.0,0.0,0.0,4.5,,0,1889.0,1307.3356996150403
2017-09-24,0.0,0.0,0.0,0,0,False,0.0,0.0,0.0,0.0,0.0,0.0,4.5,,0,1888.0,1307.3356996150403
2017-09-25,0.0,0.0,0.0,0,0,False,0.0,0.0,0.0,0.0,0.0,0.0,4.5,,0,1887.0,1307.3356996150403
2017-09-26,0.0,0.0,0.0,0,0,False,0.0,0.0,0.0,0.0,0.0,0.0,4.5,,0,1886.0,1307.3356996150403
2017-09-27,0.0,0.0,0.0,0,0,False,0.0,0.0,0.0,0.0,0.0,0.0,4.5,,0,1885.0,1307.3356996150403
2017-09-28,0.0,0.0,0.0,0,0,False,0.0,0.0,0.0,0.0,0.0,0.0,4.5,,0,1884.0,1307.3356996150403
2017-09-29,0.0,0.0,0.0,0,0,False,0.0,0.0,0.0,0.0,0.0,0.0,4.5,,0,1883.0,1307.3356996150403
2017-09-30,0.0,0.0,0.0,0,0,False,0.0,0.0,0.0,0.0,0.0,0.0,4.5,,0,1882.0,1307.3356996150403
2017-10-01,0.0,0.0,0.0,0,0,False,0.0,0.0,0.0,0.0,0.0,0.0,4.5,,0,1881.0,1307.3356996150403
2017-10-02,0.0,0.0,0.0,0,0,False,0.0,0.0,0.0,0.0,0.0,0.0,4.5,,0,1880.0,1307.3356996150403
2017-10-03,0.0,0.0,0.0,0,0,False,0.0,0.0,0.0,0.0,0.0,0.0,4.5,,0,1879.0,1307.3356996150403
2017-10-04,0.0,0.0,0.0,0,0,False,0.0,0.0,0.0,0.0,0.0,0.0,4.5,,0,1878.0,1307.3356996150403
2017-10-05,0.0,0.0,0.0,0,0,False,0.0,0.0,0.0,0.0,0.0,0.0,4.5,,0,1877.0,1307.3356996150403
2017-10-06,0.0,0.0,0.0,0,0,False,0.0,0.0,0.0,0.0,0.0,0.0,4.5,,0,1876.0,1307.3356996150403
2017-10-07,0.0,0.0,0.0,0,0,False,0.0,0.0,0.0,0.0,0.0,0.0,4.5,,0,1875.0,1307.3356996150403
2017-10-08,0.0,0.0,0.0,0,0,False,0.0,0.0,0.0,0.0,0.0,0.0,4.5,,0,1874.0,1307.3356996150403
2017-10-09,0.0,0.0,0.0,0,0,False,0.0,0.0,0.0,0.0,0.0,0.0,4.5,,0,1873.0,1307.3356996150403
2017-10-10,0.0,0.0,0.0,0,0,False,0.0,0.0,0.0,0.0,0.0,0.0,4.5,,0,1872.0,1307.3356996150403
2017-10-11,0.0,0.0,0.0,0,0,False,0.0,0.0,0.0,0.0,0.0,0.0,4.5,,0,1871.0,1307.3356996150403
2017-10-12,0.0,0.0,0.0,0,0,False,0.0,0.0,0.0,0.0,0.0,0.0,4.5,,0,1870.0,1307.3356996150403
2017-10-13,0.0,0.0,0.0,0,0,False,0.0,0.0,0.0,0.0,0.0,0.0,4.5,,0,1869.0,1307.3356996150403
2017-10-14,0.0,0.0,0.0,0,0,False,0.0,0.0,0.0,0.0,0.0,0.0,4.5,,0,1868.0,1307.3356996150403
2017-10-15,0.0,0.0,0.0,0,0,False,0.0,0.0,0.0,0.0,0.0,0.0,4.5,,0,1867.0,1307.3356996150403
2017-10-16,0.0,0.0,0.0,0,0,False,0.0,0.0,0.0,0.0,0.0,0.0,4.5,,0,1866.0,1307.3356996150403
2017-10-17,0.0,0.0,0.0,0,0,False,0.0,0.0,0.0,0.0,0.0,0.0,4.5,,0,1865.0,1307.3356996150403
2017-10-18,0.0,0.0,0.0,0,0,False,0.0,0.0,0.0,0.0,0.0,0.0,4.5,,0,1864.0,1307.3356996150403
2017-10-19,0.0,0.0,0.0,0,0,False,0.0,0.0,0.0,0.0,0.0,0.0,4.5,,0,1863.0,1307.3356996150403
2017-10-20,0.0,0.0,0.0,0,0,False,0.0,0.0,0.0,0.0,0.0,0.0,4.5,,0,1862.0,1307.3356996150403
2017-10-21,0.0,0.0,0.0,0,0,False,0.0,0.0,0.0,0.0,0.0,0.0,4.5,,0,1861.0,1307.3356996150403
2017-10-22,0.0,0.0,0.0,0,0,False,0.0,0.0,0.0,0.0,0.0,0.0,4.5,,0,1860.0,1307.3356996150403
2017-10-23,0.0,0.0,0.0,0,0,False,0.0,0.0,0.0,0.0,0.0,0.0,4.5,,0,1859.0,1307.3356996150403
2017-10-24,0.0,0.0,0.0,0,0,False,0.0,0.0,0.0,0.0,0.0,0.0,4.5,,0,1858.0,1307.3356996150403
2017-10-25,0.0,0.0,0.0,0,0,False,0.0,0.0,0.0,0.0,0.0,0.0,4.5,,0,1857.0,1307.3356996150403
2017-10-26,0.0,0.0,0.0,0,0,False,0.0,0.0,0.0,0.0,0.0,0.0,4.5,,0,1856.0,1307.3356996150403
2017-10-27,0.0,0.0,0.0,0,0,False,0.0,0.0,0.0,0.0,0.0,0.0,4.5,,0,1855.0,1307.3356996150403
2017-10-28,0.0,0.0,0.0,0,0,False,0.0,0.0,0.0,0.0,0.0,0.0,4.5,,0,1854.0,1307.3356996150403
2017-10-29,0.0,0.0,0.0,0,0,False,0.0,0.0,0.0,0.0,0.0,0.0,4.5,,0,1853.0,1307.3356996150403
2017-10-30,0.0,0.0,0.0,0,0,False,0.0,0.0,0.0,0.0,0.0,0.0,4.5,,0,1852.0,1307.3356996150403
2017-10-31,0.0,0.0,0.0,0,0,False,0.0,0.0,0.0,0.0,0.0,0.0,4.5,,0,1851.0,1307.3356996150403
2017-11-01,0.0,0.0,0.0,0,0,False,0.0,0.0,0.0,0.0,0.0,0.0,4.5,,0,1850.0,1307.3356996150403
2017-11-02,0.0,0.0,0.0,0,0,False,0.0,0.0,0.0,0.0,0.0,0.0,4.5,,0,1849.0,1307.3356996150403
2017-11-03,0.0,0.0,0.0,0,0,False,0.0,0.0,0.0,0.0,0.0,0.0,4.5,,0,1848.0,1307.3356996150403
2017-11-04,0.0,0.0,0.0,0,0,False,0.0,0.0,0.0,0.0,0.0,0.0,4.5,,0,1847.0,1307.3356996150403
2017-11-05,0.0,0.0,0.0,0,0,False,0.0,0.0,0.0,0.0,0.0,0.0,4.5,,0,1846.0,1307.3356996150403
2017-11-06,0.0,0.0,0.0,0,0,False,0.0,0.0,0.0,0.0,0.0,0.0,4.5,,0,1845.0,1307.3356996150403
2017-11-07,0.0,0.0,0.0,0,0,False,0.0,0.0,0.0,0.0,0.0,0.0,4.5,,0,1844.0,1307.3356996150403
2017-11-08,0.0,0.0,0.0,0,0,False,0.0,0.0,0.0,0.0,0.0,0.0,4.5,,0,1843.0,1307.3356996150403
2017-11-09,0.0,0.0,0.0,0,0,False,0.0,0.0,0.0,0.0,0.0,0.0,4.5,,0,1842.0,1307.3356996150403
2017-11-10,0.0,0.0,0.0,0,0,False,0.0,0.0,0.0,0.0,0.0,0.0,4.5,,0,1841.0,1307.3356996150403
2017-11-11,0.0,0.0,0.0,0,0,False,0.0,0.0,0.0,0.0,0.0,0.0,4.5,,0,1840.0,1307.3356996150403
2017-11-12,0.0,0.0,0.0,0,0,False,0.0,0.0,0.0,0.0,0.0,0.0,4.5,,0,1839.0,1307.3356996150403
2017-11-13,0.0,0.0,0.0,0,0,False,0.0,0.0,0.0,0.0,0.0,0.0,4.5,,0,1838.0,1307.3356996150403
2017-11-14,0.0,0.0,0.0,0,0,False,0.0,0.0,0.0,0.0,0.0,0.0,4.5,,0,1837.0,1307.3356996150403
2017-11-15,0.0,0.0,0.0,0,0,False,0.0,0.0,0.0,0.0,0.0,0.0,4.5,,0,1836.0,1307.3356996150403
2017-11-16,0.0,0.0,0.0,0,0,False,0.0,0.0,0.0,0.0,0.0,0.0,4.5,,0,1835.0,1307.3356996150403
2017-11-17,0.0,0.0,0.0,0,0,False,0.0,0.0,0.0,0.0,0.0,0.0,4.5,,0,1834.0,1307.3356996150403
2017-11-18,0.0,0.0,0.0,0,0,False,0.0,0.0,0.0,0.0,0.0,0.0,4.5,,0,1833.0,1307.3356996150403
2017-11-19,0.0,0.0,0.0,0,0,False,0.0,0.0,0.0,0.0,0.0,0.0,4.5,,0,1832.0,1307.3356996150403
2017-11-20,0.0,0.0,0.0,0,0,False,0.0,0.0,0.0,0.0,0.0,0.0,4.5,,0,1831.0,1307.3356996150403
2017-11-21,0.0,0.0,0.0,0,0,False,0.0,0.0,0.0,0.0,0.0,0.0,4.5,,0,1830.0,1307.3356996150403
2017-11-22,0.0,0.0,0.0,0,0,False,0.0,0.0,0.0,0.0,0.0,0.0,4.5,,0,1829.0,1307.3356996150403
2017-11-23,0.0,0.0,0.0,0,0,False,0.0,0.0,0.0,0.0,0.0,0.0,4.5,,0,1828.0,1307.3356996150403
2017-11-24,0.0,0.0,0.0,0,0,False,0.0,0.0,0.0,0.0,0.0,0.0,4.5,,0,1827.0,1307.3356996150403
2017-11-25,0.0,0.0,0.0,0,0,False,0.0,0.0,0.0,0.0,0.0,0.0,4.5,,0,1826.0,1307.3356996150403
2017-11-26,0.0,0.0,0.0,0,0,False,0.0,0.0,0.0,0.0,0.0,0.0,4.5,,0,1825.0,1307.3356996150403
2017-11-27,0.0,0.0,0.0,0,0,False,0.0,0.0,0.0,0.0,0.0,0.0,4.5,,0,1824.0,1307.3356996150403
2017-11-28,0.0,0.0,0.0,0,0,False,0.0,0.0,0.0,0.0,0.0,0.0,4.5,,0,1823.0,1307.3356996150403
2017-11-29,0.0,0.0,0.0,0,0,False,0.0,0.0,0.0,0.0,0.0,0.0,4.5,,0,1822.0,1307.3356996150403
2017-11-30,0.0,0.0,0.0,0,0,False,0.0,0.0,0.0,0.0,0.0,0.0,4.5,,0,1821.0,1307.3356996150403
2017-12-01,0.0,0.0,0.0,0,0,False,0.0,0.0,0.0,0.0,0.0,0.0,4.5,,0,1820.0,1307.3356996150403
2017-12-02,0.0,0.0,0.0,0,0,False,0.0,0.0,0.0,0.0,0.0,0.0,4.5,,0,1819.0,1307.3356996150403
2017-12-03,0.0,0.0,0.0,0,0,False,0.0,0.0,0.0,0.0,0.0,0.0,4.5,,0,1818.0,1307.3356996150403
2017-12-04,0.0,0.0,0.0,0,0,False,0.0,0.0,0.0,0.0,0.0,0.0,4.5,,0,1817.0,1307.3356996150403
2017-12-05,0.0,0.0,0.0,0,0,False,0.0,0.0,0.0,0.0,0.0,0.0,4.5,,0,1816.0,1307.3356996150403
2017-12-06,0.0,0.0,0.0,0,0,False,0.0,0.0,0.0,0.0,0.0,0.0,4.5,,0,1815.0,1307.3356996150403
2017-12-07,0.0,0.0,0.0,0,0,False,0.0,0.0,0.0,0.0,0.0,0.0,4.5,,0,1814.0,1307.3356996150403
2017-12-08,0.0,0.0,0.0,0,0,False,0.0,0.0,0.0,0.0,0.0,0.0,4.5,,0,1813.0,1307.3356996150403
2017-12-09,0.0,0.0,0.0,0,0,False,0.0,0.0,0.0,0.0,0.0,0.0,4.5,,0,1812.0,1307.3356996150403
2017-12-10,0.0,0.0,0.0,0,0,False,0.0,0.0,0.0,0.0,0.0,0.0,4.5,,0,1811.0,1307.3356996150403
2017-12-11,0.0,0.0,0.0,0,0,False,0.0,0.0,0.0,0.0,0.0,0.0,4.5,,0,1810.0,1307.3356996150403
2017-12-12,0.0,0.0,0.0,0,0,False,0.0,0.0,0.0,0.0,0.0,0.0,4.5,,0,1809.0,1307.3356996150403
2017-12-13,0.0,0.0,0.0,0,0,False,0.0,0.0,0.0,0.0,0.0,0.0,4.5,,0,1808.0,1307.3356996150403
2017-12-14,0.0,0.0,0.0,0,0,False,0.0,0.0,0.0,0.0,0.0,0.0,4.5,,0,1807.0,1307.3356996150403
2017-12-15,0.0,0.0,0.0,0,0,False,0.0,0.0,0.0,0.0,0.0,0.0,4.5,,0,1806.0,1307.3356996150403
2017-12-16,0.0,0.0,0.0,0,0,False,0.0,0.0,0.0,0.0,0.0,0.0,4.5,,0,1805.0,1307.3356996150403
2017-12-17,0.0,0.0,0.0,0,0,False,0.0,0.0,0.0,0.0,0.0,0.0,4.5,,0,1804.0,1307.3356996150403
2017-12-18,0.0,0.0,0.0,0,0,False,0.0,0.0,0.0,0.0,0.0,0.0,4.5,,0,1803.0,1307.3356996150403
2017-12-19,0.0,0.0,0.0,0,0,False,0.0,0.0,0.0,0.0,0.0,0.0,4.5,,0,1802.0,1307.3356996150403
2017-12-20,0.0,0.0,0.0,0,0,False,0.0,0.0,0.0,0.0,0.0,0.0,4.5,,0,1801.0,1307.3356996150403
2017-12-21,0.0,0.0,0.0,0,0,False,0.0,0.0,0.0,0.0,0.0,0.0,4.5,,0,1800.0,1307.3356996150403
2017-12-22,0.0,0.0,0.0,0,0,False,0.0,0.0,0.0,0.0,0.0,0.0,4.5,,0,1799.0,1307.3356996150403
2017-12-23,0.0,0.0,0.0,0,0,False,0.0,0.0,0.0,0.0,0.0,0.0,4.5,,0,1798.0,1307.3356996150403
2017-12-24,0.0,0.0,0.0,0,0,False,0.0,0.0,0.0,0.0,0.0,0.0,4.5,,0,1797.0,1307.3356996150403
2017-12-25,0.0,0.0,0.0,0,0,False,0.0,0.0,0.0,0.0,0.0,0.0,4.5,,0,1796.0,1307.3356996150403
2017-12-26,0.0,0.0,0.0,0,0,False,0.0,0.0,0.0,0.0,0.0,0.0,4.5,,0,1795.0,1307.3356996150403
2017-12-27,0.0,0.0,0.0,0,0,False,0.0,0.0,0.0,0.0,0.0,0.0,4.5,,0,1794.0,1307.3356996150403
2017-12-28,0.0,0.0,0.0,0,0,False,0.0,0.0,0.0,0.0,0.0,0.0,4.5,,0,1793.0,1307.3356996150403
2017-12-29,0.0,0.0,0.0,0,0,False,0.0,0.0,0.0,0.0,0.0,0.0,4.5,,0,1792.0,1307.3356996150403
2017-12-30,0.0,0.0,0.0,0,0,False,0.0,0.0,0.0,0.0,0.0,0.0,4.5,,0,1791.0,1307.3356996150403
2017-12-31,0.0,0.0,0.0,0,0,False,0.0,0.0,0.0,0.0,0.0,0.0,4.5,,0,1790.0,1307.3356996150403
2018-01-01,0.0,0.0,0.0,0,0,False,0.0,0.0,0.0,0.0,0.0,0.0,4.5,,0,1789.0,1307.3356996150403
2018-01-02,0.0,0.0,0.0,0,0,False,0.0,0.0,0.0,0.0,0.0,0.0,4.5,,0,1788.0,1307.3356996150403
2018-01-03,0.0,0.0,0.0,0,0,False,0.0,0.0,0.0,0.0,0.0,0.0,4.5,,0,1787.0,1307.3356996150403
2018-01-04,0.0,0.0,0.0,0,0,False,0.0,0.0,0.0,0.0,0.0,0.0,4.5,,0,1786.0,1307.3356996150403
2018-01-05,0.0,0.0,0.0,0,0,False,0.0,0.0,0.0,0.0,0.0,0.0,4.5,,0,1785.0,1307.3356996150403
2018-01-06,0.0,0.0,0.0,0,0,False,0.0,0.0,0.0,0.0,0.0,0.0,4.5,,0,1784.0,1307.3356996150403
2018-01-07,0.0,0.0,0.0,0,0,False,0.0,0.0,0.0,0.0,0.0,0.0,4.5,,0,1783.0,1307.3356996150403
2018-01-08,0.0,0.0,0.0,0,0,False,0.0,0.0,0.0,0.0,0.0,0.0,4.5,,0,1782.0,1307.3356996150403
2018-01-09,0.0,0.0,0.0,0,0,False,0.0,0.0,0.0,0.0,0.0,0.0,4.5,,0,1781.0,1307.3356996150403
2018-01-10,0.0,0.0,0.0,0,0,False,0.0,0.0,0.0,0.0,0.0,0.0,4.5,,0,1780.0,1307.3356996150403
2018-01-11,0.0,0.0,0.0,0,0,False,0.0,0.0,0.0,0.0,0.0,0.0,4.5,,0,1779.0,1307.3356996150403
2018-01-12,0.0,0.0,0.0,0,0,False,0.0,0.0,0.0,0.0,0.0,0.0,4.5,,0,1778.0,1307.3356996150403
2018-01-13,0.0,0.0,0.0,0,0,False,0.0,0.0,0.0,0.0,0.0,0.0,4.5,,0,1777.0,1307.3356996150403
2018-01-14,0.0,0.0,0.0,0,0,False,0.0,0.0,0.0,0.0,0.0,0.0,4.5,,0,1776.0,1307.3356996150403
2018-01-15,0.0,0.0,0.0,0,0,False,0.0,0.0,0.0,0.0,0.0,0.0,4.5,,0,1775.0,1307.3356996150403
2018-01-16,0.0,0.0,0.0,0,0,False,0.0,0.0,0.0,0.0,0.0,0.0,4.5,,0,1774.0,1307.3356996150403
2018-01-17,0.0,0.0,0.0,0,0,False,0.0,0.0,0.0,0.0,0.0,0.0,4.5,,0,1773.0,1307.3356996150403
2018-01-18,0.0,0.0,0.0,0,0,False,0.0,0.0,0.0,0.0,0.0,0.0,4.5,,0,1772.0,1307.3356996150403
2018-01-19,0.0,0.0,0.0,0,0,False,0.0,0.0,0.0,0.0,0.0,0.0,4.5,,0,1771.0,1307.3356996150403
2018-01-20,0.0,0.0,0.0,0,0,False,0.0,0.0,0.0,0.0,0.0,0.0,4.5,,0,1770.0,1307.3356996150403
2018-01-21,0.0,0.0,0.0,0,0,False,0.0,0.0,0.0,0.0,0.0,0.0,4.5,,0,1769.0,1307.3356996150403
2018-01-22,0.0,0.0,0.0,0,0,False,0.0,0.0,0.0,0.0,0.0,0.0,4.5,,0,1768.0,1307.3356996150403
2018-01-23,0.0,0.0,0.0,0,0,False,0.0,0.0,0.0,0.0,0.0,0.0,4.5,,0,1767.0,1307.3356996150403
2018-01-24,0.0,0.0,0.0,0,0,False,0.0,0.0,0.0,0.0,0.0,0.0,4.5,,0,1766.0,1307.3356996150403
2018-01-25,0.0,0.0,0.0,0,0,False,0.0,0.0,0.0,0.0,0.0,0.0,4.5,,0,1765.0,1307.3356996150403
2018-01-26,0.0,0.0,0.0,0,0,False,0.0,0.0,0.0,0.0,0.0,0.0,4.5,,0,1764.0,1307.3356996150403
2018-01-27,0.0,0.0,0.0,0,0,False,0.0,0.0,0.0,0.0,0.0,0.0,4.5,,0,1763.0,1307.3356996150403
2018-01-28,0.0,0.0,0.0,0,0,False,0.0,0.0,0.0,0.0,0.0,0.0,4.5,,0,1762.0,1307.3356996150403
2018-01-29,0.0,0.0,0.0,0,0,False,0.0,0.0,0.0,0.0,0.0,0.0,4.5,,0,1761.0,1307.3356996150403
2018-01-30,0.0,0.0,0.0,0,0,False,0.0,0.0,0.0,0.0,0.0,0.0,4.5,,0,1760.0,1307.3356996150403
2018-01-31,0.0,0.0,0.0,0,0,False,0.0,0.0,0.0,0.0,0.0,0.0,4.5,,0,1759.0,1307.3356996150403
2018-02-01,0.0,0.0,0.0,0,0,False,0.0,0.0,0.0,0.0,0.0,0.0,4.5,,0,1758.0,1307.3356996150403
2018-02-02,0.0,0.0,0.0,0,0,False,0.0,0.0,0.0,0.0,0.0,0.0,4.5,,0,1757.0,1307.3356996150403
2018-02-03,0.0,0.0,0.0,0,0,False,0.0,0.0,0.0,0.0,0.0,0.0,4.5,,0,1756.0,1307.3356996150403
2018-02-04,0.0,0.0,0.0,0,0,False,0.0,0.0,0.0,0.0,0.0,0.0,4.5,,0,1755.0,1307.3356996150403
2018-02-05,0.0,0.0,0.0,0,0,False,0.0,0.0,0.0,0.0,0.0,0.0,4.5,,0,1754.0,1307.3356996150403
2018-02-06,0.0,0.0,0.0,0,0,False,0.0,0.0,0.0,0.0,0.0,0.0,4.5,,0,1753.0,1307.3356996150403
2018-02-07,0.0,0.0,0.0,0,0,False,0.0,0.0,0.0,0.0,0.0,0.0,4.5,,0,1752.0,1307.3356996150403
2018-02-08,0.0,0.0,0.0,0,0,False,0.0,0.0,0.0,0.0,0.0,0.0,4.5,,0,1751.0,1307.3356996150403
2018-02-09,0.0,0.0,0.0,0,0,False,0.0,0.0,0.0,0.0,0.0,0.0,4.5,,0,1750.0,1307.3356996150403
2018-02-10,0.0,0.0,0.0,0,0,False,0.0,0.0,0.0,0.0,0.0,0.0,4.5,,0,1749.0,1307.3356996150403
2018-02-11,0.0,0.0,0.0,0,0,False,0.0,0.0,0.0,0.0,0.0,0.0,4.5,,0,1748.0,1307.3356996150403
2018-02-12,0.0,0.0,0.0,0,0,False,0.0,0.0,0.0,0.0,0.0,0.0,4.5,,0,1747.0,1307.3356996150403
2018-02-13,0.0,0.0,0.0,0,0,False,0.0,0.0,0.0,0.0,0.0,0.0,4.5,,0,1746.0,1307.3356996150403
2018-02-14,0.0,0.0,0.0,0,0,False,0.0,0.0,0.0,0.0,0.0,0.0,4.5,,0,1745.0,1307.3356996150403
2018-02-15,0.0,0.0,0.0,0,0,False,0.0,0.0,0.0,0.0,0.0,0.0,4.5,,0,1744.0,1307.3356996150403
2018-02-16,0.0,0.0,0.0,0,0,False,0.0,0.0,0.0,0.0,0.0,0.0,4.5,,0,1743.0,1307.3356996150403
2018-02-17,0.0,0.0,0.0,0,0,False,0.0,0.0,0.0,0.0,0.0,0.0,4.5,,0,1742.0,1307.3356996150403
2018-02-18,0.0,0.0,0.0,0,0,False,0.0,0.0,0.0,0.0,0.0,0.0,4.5,,0,1741.0,1307.3356996150403
2018-02-19,0.0,0.0,0.0,0,0,False,0.0,0.0,0.0,0.0,0.0,0.0,4.5,,0,1740.0,1307.3356996150403
2018-02-20,0.0,0.0,0.0,0,0,False,0.0,0.0,0.0,0.0,0.0,0.0,4.5,,0,1739.0,1307.3356996150403
2018-02-21,0.0,0.0,0.0,0,0,False,0.0,0.0,0.0,0.0,0.0,0.0,4.5,,0,1738.0,1307.3356996150403
2018-02-22,0.0,0.0,0.0,0,0,False,0.0,0.0,0.0,0.0,0.0,0.0,4.5,,0,1737.0,1307.3356996150403
2018-02-23,0.0,0.0,0.0,0,0,False,0.0,0.0,0.0,0.0,0.0,0.0,4.5,,0,1736.0,1307.3356996150403
2018-02-24,0.0,0.0,0.0,0,0,False,0.0,0.0,0.0,0.0,0.0,0.0,4.5,,0,1735.0,1307.3356996150403
2018-02-25,0.0,0.0,0.0,0,0,False,0.0,0.0,0.0,0.0,0.0,0.0,4.5,,0,1734.0,1307.3356996150403
2018-02-26,0.0,0.0,0.0,0,0,False,0.0,0.0,0.0,0.0,0.0,0.0,4.5,,0,1733.0,1307.3356996150403
2018-02-27,0.0,0.0,0.0,0,0,False,0.0,0.0,0.0,0.0,0.0,0.0,4.5,,0,1732.0,1307.3356996150403
2018-02-28,0.0,0.0,0.0,0,0,False,0.0,0.0,0.0,0.0,0.0,0.0,4.5,,0,1731.0,1307.3356996150403
2018-03-01,0.0,0.0,0.0,0,0,False,0.0,0.0,0.0,0.0,0.0,0.0,4.5,,0,1730.0,1307.3356996150403
2018-03-02,0.0,0.0,0.0,0,0,False,0.0,0.0,0.0,0.0,0.0,0.0,4.5,,0,1729.0,1307.3356996150403
2018-03-03,0.0,0.0,0.0,0,0,False,0.0,0.0,0.0,0.0,0.0,0.0,4.5,,0,1728.0,1307.3356996150403
2018-03-04,0.0,0.0,0.0,0,0,False,0.0,0.0,0.0,0.0,0.0,0.0,4.5,,0,1727.0,1307.3356996150403
2018-03-05,0.0,0.0,0.0,0,0,False,0.0,0.0,0.0,0.0,0.0,0.0,4.5,,0,1726.0,1307.3356996150403
2018-03-06,0.0,0.0,0.0,0,0,False,0.0,0.0,0.0,0.0,0.0,0.0,4.5,,0,1725.0,1307.3356996150403
2018-03-07,0.0,0.0,0.0,0,0,False,0.0,0.0,0.0,0.0,0.0,0.0,4.5,,0,1724.0,1307.3356996150403
2018-03-08,0.0,0.0,0.0,0,0,False,0.0,0.0,0.0,0.0,0.0,0.0,4.5,,0,1723.0,1307.3356996150403
2018-03-09,0.0,0.0,0.0,0,0,False,0.0,0.0,0.0,0.0,0.0,0.0,4.5,,0,1722.0,1307.3356996150403
2018-03-10,0.0,0.0,0.0,0,0,False,0.0,0.0,0.0,0.0,0.0,0.0,4.5,,0,1721.0,1307.3356996150403
2018-03-11,0.0,0.0,0.0,0,0,False,0.0,0.0,0.0,0.0,0.0,0.0,4.5,,0,1720.0,1307.3356996150403
2018-03-12,0.0,0.0,0.0,0,0,False,0.0,0.0,0.0,0.0,0.0,0.0,4.5,,0,1719.0,1307.3356996150403
2018-03-13,0.0,0.0,0.0,0,0,False,0.0,0.0,0.0,0.0,0.0,0.0,4.5,,0,1718.0,1307.3356996150403
2018-03-14,0.0,0.0,0.0,0,0,False,0.0,0.0,0.0,0.0,0.0,0.0,4.5,,0,1717.0,1307.3356996150403
2018-03-15,0.0,0.0,0.0,0,0,False,0.0,0.0,0.0,0.0,0.0,0.0,4.5,,0,1716.0,1307.3356996150403
2018-03-16,0.0,0.0,0.0,0,0,False,0.0,0.0,0.0,0.0,0.0,0.0,4.5,,0,1715.0,1307.3356996150403
2018-03-17,0.0,0.0,0.0,0,0,False,0.0,0.0,0.0,0.0,0.0,0.0,4.5,,0,1714.0,1307.3356996150403
2018-03-18,0.0,0.0,0.0,0,0,False,0.0,0.0,0.0,0.0,0.0,0.0,4.5,,0,1713.0,1307.3356996150403
2018-03-19,0.0,0.0,0.0,0,0,False,0.0,0.0,0.0,0.0,0.0,0.0,4.5,,0,1712.0,1307.3356996150403
2018-03-20,0.0,0.0,0.0,0,0,False,0.0,0.0,0.0,0.0,0.0,0.0,4.5,,0,1711.0,1307.3356996150403
2018-03-21,0.0,0.0,0.0,0,0,False,0.0,0.0,0.0,0.0,0.0,0.0,4.5,,0,1710.0,1307.3356996150403
2018-03-22,0.0,0.0,0.0,0,0,False,0.0,0.0,0.0,0.0,0.0,0.0,4.5,,0,1709.0,1307.3356996150403
2018-03-23,0.0,0.0,0.0,0,0,False,0.0,0.0,0.0,0.0,0.0,0.0,4.5,,0,1708.0,1307.3356996150403
2018-03-24,0.0,0.0,0.0,0,0,False,0.0,0.0,0.0,0.0,0.0,0.0,4.5,,0,1707.0,1307.3356996150403
2018-03-25,0.0,0.0,0.0,0,0,False,0.0,0.0,0.0,0.0,0.0,0.0,4.5,,0,1706.0,1307.3356996150403
2018-03-26,0.0,0.0,0.0,0,0,False,0.0,0.0,0.0,0.0,0.0,0.0,4.5,,0,1705.0,1307.3356996150403
2018-03-27,0.0,0.0,0.0,0,0,False,0.0,0.0,0.0,0.0,0.0,0.0,4.5,,0,1704.0,1307.3356996150403
2018-03-28,0.0,0.0,0.0,0,0,False,0.0,0.0,0.0,0.0,0.0,0.0,4.5,,0,1703.0,1307.3356996150403
2018-03-29,0.0,0.0,0.0,0,0,False,0.0,0.0,0.0,0.0,0.0,0.0,4.5,,0,1702.0,1307.3356996150403
2018-03-30,0.0,0.0,0.0,0,0,False,0.0,0.0,0.0,0.0,0.0,0.0,4.5,,0,1701.0,1307.3356996150403
2018-03-31,0.0,0.0,0.0,0,0,False,0.0,0.0,0.0,0.0,0.0,0.0,4.5,,0,1700.0,1307.3356996150403
2018-04-01,0.0,0.0,0.0,0,0,False,0.0,0.0,0.0,0.0,0.0,0.0,4.5,,0,1699.0,1307.3356996150403
2018-04-02,0.0,0.0,0.0,0,0,False,0.0,0.0,0.0,0.0,0.0,0.0,4.5,,0,1698.0,1307.3356996150403
2018-04-03,0.0,0.0,0.0,0,0,False,0.0,0.0,0.0,0.0,0.0,0.0,4.5,,0,1697.0,1307.3356996150403
2018-04-04,0.0,0.0,0.0,0,0,False,0.0,0.0,0.0,0.0,0.0,0.0,4.5,,0,1696.0,1307.3356996150403
2018-04-05,0.0,0.0,0.0,0,0,False,0.0,0.0,0.0,0.0,0.0,0.0,4.5,,0,1695.0,1307.3356996150403
2018-04-06,0.0,0.0,0.0,0,0,False,0.0,0.0,0.0,0.0,0.0,0.0,4.5,,0,1694.0,1307.3356996150403
2018-04-07,0.0,0.0,0.0,0,0,False,0.0,0.0,0.0,0.0,0.0,0.0,4.5,,0,1693.0,1307.3356996150403
2018-04-08,0.0,0.0,0.0,0,0,False,0.0,0.0,0.0,0.0,0.0,0.0,4.5,,0,1692.0,1307.3356996150403
2018-04-09,0.0,0.0,0.0,0,0,False,0.0,0.0,0.0,0.0,0.0,0.0,4.5,,0,1691.0,1307.3356996150403
2018-04-10,0.0,0.0,0.0,0,0,False,0.0,0.0,0.0,0.0,0.0,0.0,4.5,,0,1690.0,1307.3356996150403
2018-04-11,0.0,0.0,0.0,0,0,False,0.0,0.0,0.0,0.0,0.0,0.0,4.5,,0,1689.0,1307.3356996150403
2018-04-12,0.0,0.0,0.0,0,0,False,0.0,0.0,0.0,0.0,0.0,0.0,4.5,,0,1688.0,1307.3356996150403
2018-04-13,0.0,0.0,0.0,0,0,False,0.0,0.0,0.0,0.0,0.0,0.0,4.5,,0,1687.0,1307.3356996150403
2018-04-14,0.0,0.0,0.0,0,0,False,0.0,0.0,0.0,0.0,0.0,0.0,4.5,,0,1686.0,1307.3356996150403
2018-04-15,0.0,0.0,0.0,0,0,False,0.0,0.0,0.0,0.0,0.0,0.0,4.5,,0,1685.0,1307.3356996150403
2018-04-16,0.0,0.0,0.0,0,0,False,0.0,0.0,0.0,0.0,0.0,0.0,4.5,,0,1684.0,1307.3356996150403
2018-04-17,0.0,0.0,0.0,0,0,False,0.0,0.0,0.0,0.0,0.0,0.0,4.5,,0,1683.0,1307.3356996150403
2018-04-18,0.0,0.0,0.0,0,0,False,0.0,0.0,0.0,0.0,0.0,0.0,4.5,,0,1682.0,1307.3356996150403
2018-04-19,0.0,0.0,0.0,0,0,False,0.0,0.0,0.0,0.0,0.0,0.0,4.5,,0,1681.0,1307.3356996150403
2018-04-20,0.0,0.0,0.0,0,0,False,0.0,0.0,0.0,0.0,0.0,0.0,4.5,,0,1680.0,1307.3356996150403
2018-04-21,0.0,0.0,0.0,0,0,False,0.0,0.0,0.0,0.0,0.0,0.0,4.5,,0,1679.0,1307.3356996150403
2018-04-22,0.0,0.0,0.0,0,0,False,0.0,0.0,0.0,0.0,0.0,0.0,4.5,,0,1678.0,1307.3356996150403
2018-04-23,0.0,0.0,0.0,0,0,False,0.0,0.0,0.0,0.0,0.0,0.0,4.5,,0,1677.0,1307.3356996150403
2018-04-24,0.0,0.0,0.0,0,0,False,0.0,0.0,0.0,0.0,0.0,0.0,4.5,,0,1676.0,1307.3356996150403
2018-04-25,0.0,0.0,0.0,0,0,False,0.0,0.0,0.0,0.0,0.0,0.0,4.5,,0,1675.0,1307.3356996150403
2018-04-26,0.0,0.0,0.0,0,0,False,0.0,0.0,0.0,0.0,0.0,0.0,4.5,,0,1674.0,1307.3356996150403
2018-04-27,0.0,0.0,0.0,0,0,False,0.0,0.0,0.0,0.0,0.0,0.0,4.5,,0,1673.0,1307.3356996150403
2018-04-28,0.0,0.0,0.0,0,0,False,0.0,0.0,0.0,0.0,0.0,0.0,4.5,,0,1672.0,1307.3356996150403
2018-04-29,0.0,0.0,0.0,0,0,False,0.0,0.0,0.0,0.0,0.0,0.0,4.5,,0,1671.0,1307.3356996150403
2018-04-30,0.0,0.0,0.0,0,0,False,0.0,0.0,0.0,0.0,0.0,0.0,4.5,,0,1670.0,1307.3356996150403
2018-05-01,0.0,0.0,0.0,32,0,True,0.0,0.0,0.0,0.034,0.022996,0.034494,0.0,0.0,0,1669.0,1391.1155488483257
2018-05-02,0.0,0.0,0.0,20,0,True,0.0,0.0,0.0,0.056,0.014531,0.021796,0.0,0.0,0,1668.0,1404.666332845093
2018-05-03,0.0,0.0,0.0,30,5,True,0.0,0.0,0.0,0.112,0.037429,0.056143,0.0,0.0,0,1667.0,1394.082407430187
2018-05-04,0.0,0.0,0.0,12,0,True,0.0,0.0,0.0,0.126,0.008758,0.013137,0.0,0.0,0,1666.0,1527.6657177044544
2018-05-05,0.0,0.0,0.0,20,0,True,0.0,0.0,0.0,0.147,0.014531,0.021796,0.0,0.0,0,1665.0,1500.0225181166522
2018-05-06,0.0,0.0,0.0,10,0,False,0.0,0.0,0.0,0.152,0.007304,0.010956,4.5,0.0,0,1664.0,1537.6538069573526
2018-05-07,0.0,0.0,0.0,13,0,True,0.0,0.0,0.0,0.166,0.009484,0.014225,0.0,0.0,0,1663.0,1539.1505852565876
2018-05-08,0.0,0.0,0.0,11,0,True,0.0,0.0,0.0,0.178,0.008031,0.012047,0.0,0.0,0,1662.0,1501.4484718787887
2018-05-09,0.0,0.0,0.0,8,0,False,0.0,0.0,0.0,0.179,0.005847,0.00877,4.5,0.0,0,1661.0,1508.5615089264063
2018-05-10,0.0,0.0,0.0,14,0,True,0.0,0.0,0.0,0.194,0.010208,0.015312,0.0,0.0,0,1660.0,1492.4604813048786
2018-05-11,0.0,0.0,0.0,20,0,True,0.0,0.0,0.0,0.216,0.014531,0.021796,0.0,0.0,0,1659.0,1517.712060153677
2018-05-12,0.0,0.0,0.0,8,0,False,0.0,0.0,0.0,0.215,0.005847,0.00877,4.5,0.0,0,1658.0,1506.498744399032
2018-05-13,0.0,0.0,0.0,16,0,True,0.0,0.0,0.0,0.232,0.011654,0.017481,0.0,0.0,0,1657.0,1479.2641213402603
2018-05-14,0.0,0.0,0.0,31,8,True,0.0,0.0,0.0,0.303,0.047293,0.070939,0.0,0.0,0,1656.0,1393.1572686979996
2018-05-15,0.0,0.0,0.0,20,3,True,0.0,0.0,0.0,0.339,0.024076,0.036114,0.0,0.1390884014764685,0,1655.0,1638.0315555555555
2018-05-16,0.0,0.0,0.0,24,3,True,0.0,0.0,0.0,0.379,0.026928,0.040392,0.0,0.1550033285436264,0,1654.0,1639.5535555555555
2018-05-17,0.0,0.0,0.0,24,4,True,0.0,0.0,0.0,0.424,0.03008,0.04512,0.0,0.1708543327261728,0,1653.0,1561.891922222222
2018-05-18,0.0,0.0,0.0,40,0,True,0.0,0.0,0.0,0.467,0.02846,0.04269,0.0,0.1915821441192689,0,1652.0,1641.522
2018-05-19,0.0,0.0,0.0,33,0,True,0.0,0.0,0.0,0.502,0.023688,0.035532,0.0,0.1857085014223063,0,1651.0,1650.768
2018-05-20,0.0,0.0,0.0,32,0,True,0.0,0.0,0.0,0.536,0.022996,0.034494,0.0,0.1860128020131805,0,1650.0,1650.136
2018-05-21,0.0,0.0,0.0,48,0,True,0.0,0.0,0.0,0.587,0.033746,0.050618,0.0,0.1802530607670259,0,1649.0,1622.996
2018-05-22,0.0,0.0,0.0,34,0,True,0.0,0.0,0.0,0.623,0.024377,0.036566,0.0,0.1697029902482225,0,1648.0,1638.4916
2018-05-23,0.0,0.0,0.0,27,0,True,0.0,0.0,0.0,0.652,0.019503,0.029255,0.0,0.1737503781374586,0,1647.0,1596.2907666666665
2018-05-24,0.0,0.0,0.0,11,6,True,0.0,0.0,0.0,0.692,0.02695,0.040425,0.0,0.1701190245135379,0,1646.0,1242.7889001066103
2018-05-25,0.0,0.0,0.0,0,0,False,0.0,0.0,0.0,0.661,0.0,0.0,4.5,,0,1645.0,1457.685029603706
2018-05-26,0.0,0.0,0.0,0,0,False,0.0,0.0,0.0,0.631,0.0,0.0,4.5,,0,1644.0,1448.9315706376628
2018-05-27,0.0,0.0,0.0,0,0,False,0.0,0.0,0.0,0.603,0.0,0.0,4.5,,0,1643.0,1447.4423394226264
2018-05-28,0.0,0.0,0.0,0,0,False,0.0,0.0,0.0,0.576,0.0,0.0,4.5,,0,1642.0,1476.070848659158
2018-05-29,0.0,0.0,0.0,0,0,False,0.0,0.0,0.0,0.55,0.0,0.0,4.5,,0,1641.0,1451.1093609786672
2018-05-30,0.0,0.0,0.0,0,0,False,0.0,0.0,0.0,0.525,0.0,0.0,4.5,,0,1640.0,1478.4946062101353
2018-05-31,0.0,0.0,0.0,0,0,False,0.0,0.0,0.0,0.501,0.0,0.0,4.5,,0,1639.0,1443.270837377151
2018-06-01,0.0,0.0,0.0,0,0,False,0.0,0.0,0.0,0.479,0.0,0.0,4.5,,0,1638.0,1455.5912156346858
2018-06-02,0.0,0.0,0.0,0,0,False,0.0,0.0,0.0,0.457,0.0,0.0,4.5,,0,1637.0,1422.0205218798399
2018-06-03,0.0,0.0,0.0,0,0,False,0.0,0.0,0.0,0.437,0.0,0.0,4.5,,0,1636.0,1455.6131668975627
2018-06-04,0.0,0.0,0.0,0,0,False,0.0,0.0,0.0,0.417,0.0,0.0,4.5,,0,1635.0,1456.7674040317818
2018-06-05,0.0,0.0,0.0,0,0,False,0.0,0.0,0.0,0.398,0.0,0.0,4.5,,0,1634.0,1445.3954168818793
2018-06-06,0.0,0.0,0.0,0,0,False,0.0,0.0,0.0,0.38,0.0,0.0,4.5,,0,1633.0,1420.3126430897164
2018-06-07,0.0,0.0,0.0,0,0,False,0.0,0.0,0.0,0.363,0.0,0.0,4.5,,0,1632.0,1441.9386439473853
2018-06-08,0.0,0.0,0.0,0,0,False,0.0,0.0,0.0,0.347,0.0,0.0,4.5,,0,1631.0,1433.9253466413943
2018-06-09,0.0,0.0,0.0,0,0,False,0.0,0.0,0.0,0.331,0.0,0.0,4.5,,0,1630.0,1477.1257915255387
2018-06-10,0.0,0.0,0.0,0,0,False,0.0,0.0,0.0,0.316,0.0,0.0,4.5,,0,1629.0,1409.9169887627108
2018-06-11,0.0,0.0,0.0,0,0,False,0.0,0.0,0.0,0.302,0.0,0.0,4.5,,0,1628.0,1433.7513189325841
2018-06-12,0.0,0.0,0.0,0,0,False,0.0,0.0,0.0,0.289,0.0,0.0,4.5,,0,1627.0,1459.837321848395
2018-06-13,0.0,0.0,0.0,0,0,False,0.0,0.0,0.0,0.276,0.0,0.0,4.5,,0,1626.0,1469.9071982087385
2018-06-14,0.0,0.0,0.0,0,0,False,0.0,0.0,0.0,0.263,0.0,0.0,4.5,,0,1625.0,1448.546239725172
2018-06-15,0.0,0.0,0.0,0,0,False,0.0,0.0,0.0,0.251,0.0,0.0,4.5,,0,1624.0,1461.9566180748416
2018-06-16,0.0,0.0,0.0,0,0,False,0.0,0.0,0.0,0.24,0.0,0.0,4.5,,0,1623.0,1474.4384932453593
2018-06-17,0.0,0.0,0.0,0,0,False,0.0,0.0,0.0,0.229,0.0,0.0,4.5,,0,1622.0,1462.0911415975663
2018-06-18,0.0,0.0,0.0,0,0,False,0.0,0.0,0.0,0.219,0.0,0.0,4.5,,0,1621.0,1482.5535487177674
2018-06-19,0.0,0.0,0.0,0,0,False,0.0,0.0,0.0,0.209,0.0,0.0,4.5,,0,1620.0,1476.4887600702866
2018-06-20,0.0,0.0,0.0,0,0,False,0.0,0.0,0.0,0.2,0.0,0.0,4.5,,0,1619.0,1460.6136495757073
2018-06-21,0.0,0.0,0.0,0,0,False,0.0,0.0,0.0,0.191,0.0,0.0,4.5,,0,1618.0,1488.9927180884783
2018-06-22,0.0,0.0,0.0,0,0,False,0.0,0.0,0.0,0.182,0.0,0.0,4.5,,0,1617.0,1482.7293043070001
2018-06-23,0.0,0.0,0.0,0,0,False,0.0,0.0,0.0,0.174,0.0,0.0,4.5,,0,1616.0,1475.9716353619908
2018-06-24,0.0,0.0,0.0,0,0,False,0.0,0.0,0.0,0.166,0.0,0.0,4.5,,0,1615.0,1485.1179191005936
2018-06-25,0.0,0.0,0.0,0,0,False,0.0,0.0,0.0,0.159,0.0,0.0,4.5,,0,1614.0,1460.233069248345
2018-06-26,0.0,0.0,0.0,0,0,False,0.0,0.0,0.0,0.151,0.0,0.0,4.5,,0,1613.0,1459.980873236046
2018-06-27,0.0,0.0,0.0,0,0,False,0.0,0.0,0.0,0.145,0.0,0.0,4.5,,0,1612.0,1482.590132686359
2018-06-28,0.0,0.0,0.0,0,0,False,0.0,0.0,0.0,0.138,0.0,0.0,4.5,,0,1611.0,1486.809008289909
2018-06-29,0.0,0.0,0.0,0,0,False,0.0,0.0,0.0,0.132,0.0,0.0,4.5,,0,1610.0,1481.0009000165771
2018-06-30,0.0,0.0,0.0,0,0,False,0.0,0.0,0.0,0.126,0.0,0.0,4.5,,0,1609.0,1484.235803564809
2018-07-01,0.0,0.0,0.0,0,0,False,0.0,0.0,0.0,0.12,0.0,0.0,4.5,,0,1608.0,1444.4443605946553
2018-07-02,0.0,0.0,0.0,0,0,False,0.0,0.0,0.0,0.115,0.0,0.0,4.5,,0,1607.0,1441.908996263519
2018-07-03,0.0,0.0,0.0,0,0,False,0.0,0.0,0.0,0.11,0.0,0.0,4.5,,0,1606.0,1439.7176515545768
2018-07-04,0.0,0.0,0.0,0,0,False,0.0,0.0,0.0,0.105,0.0,0.0,4.5,,0,1605.0,1429.8820959763
2018-07-05,0.0,0.0,0.0,0,0,False,0.0,0.0,0.0,0.1,0.0,0.0,4.5,,0,1604.0,1445.1032842387524
2018-07-06,0.0,0.0,0.0,0,0,False,0.0,0.0,0.0,0.096,0.0,0.0,4.5,,0,1603.0,1444.4889166083196
2018-07-07,0.0,0.0,0.0,0,0,False,0.0,0.0,0.0,0.091,0.0,0.0,4.5,,0,1602.0,1454.3768565326538
2018-07-08,0.0,0.0,0.0,0,0,False,0.0,0.0,0.0,0.087,0.0,0.0,4.5,,0,1601.0,1452.1291389128282
2018-07-09,0.0,0.0,0.0,0,0,False,0.0,0.0,0.0,0.083,0.0,0.0,4.5,,0,1600.0,1422.5417686670141
2018-07-10,0.0,0.0,0.0,0,0,False,0.0,0.0,0.0,0.08,0.0,0.0,4.5,,0,1599.0,1432.077996308171
2018-07-11,0.0,0.0,0.0,0,0,False,0.0,0.0,0.0,0.076,0.0,0.0,4.5,,0,1598.0,1409.6090452541032
2018-07-12,0.0,0.0,0.0,0,0,False,0.0,0.0,0.0,0.073,0.0,0.0,4.5,,0,1597.0,1409.4878063221834
2018-07-13,0.0,0.0,0.0,0,0,False,0.0,0.0,0.0,0.069,0.0,0.0,4.5,,0,1596.0,1443.785841225468
2018-07-14,0.0,0.0,0.0,0,0,False,0.0,0.0,0.0,0.066,0.0,0.0,4.5,,0,1595.0,1433.781673194968
2018-07-15,0.0,0.0,0.0,0,0,False,0.0,0.0,0.0,0.063,0.0,0.0,4.5,,0,1594.0,1429.5315566928793
2018-07-16,0.0,0.0,0.0,0,0,False,0.0,0.0,0.0,0.06,0.0,0.0,4.5,,0,1593.0,1439.194575869545
2018-07-17,0.0,0.0,0.0,0,0,False,0.0,0.0,0.0,0.058,0.0,0.0,4.5,,0,1592.0,1434.5591998168047
2018-07-18,0.0,0.0,0.0,0,0,False,0.0,0.0,0.0,0.055,0.0,0.0,4.5,,0,1591.0,1426.5886987047088
2018-07-19,0.0,0.0,0.0,0,0,False,0.0,0.0,0.0,0.053,0.0,0.0,4.5,,0,1590.0,1445.9478403298112
2018-07-20,0.0,0.0,0.0,0,0,False,0.0,0.0,0.0,0.05,0.0,0.0,4.5,,0,1589.0,1445.2332148053845
2018-07-21,0.0,0.0,0.0,0,0,False,0.0,0.0,0.0,0.048,0.0,0.0,4.5,,0,1588.0,1442.2716619141247
2018-07-22,0.0,0.0,0.0,0,0,False,0.0,0.0,0.0,0.046,0.0,0.0,4.5,,0,1587.0,1416.3878781603787
2018-07-23,0.0,0.0,0.0,0,0,False,0.0,0.0,0.0,0.044,0.0,0.0,4.5,,0,1586.0,1449.6496918710427
2018-07-24,0.0,0.0,0.0,0,0,False,0.0,0.0,0.0,0.042,0.0,0.0,4.5,,0,1585.0,1419.9434413325039
2018-07-25,0.0,0.0,0.0,0,0,False,0.0,0.0,0.0,0.04,0.0,0.0,4.5,,0,1584.0,1416.2776726219752
2018-07-26,0.0,0.0,0.0,0,0,False,0.0,0.0,0.0,0.038,0.0,0.0,4.5,,0,1583.0,1428.4780139614757
2018-07-27,0.0,0.0,0.0,0,0,False,0.0,0.0,0.0,0.036,0.0,0.0,4.5,,0,1582.0,1432.3879824236808
2018-07-28,0.0,0.0,0.0,0,0,False,0.0,0.0,0.0,0.035,0.0,0.0,4.5,,0,1581.0,1382.6273955248075
2018-07-29,0.0,0.0,0.0,0,0,False,0.0,0.0,0.0,0.033,0.0,0.0,4.5,,0,1580.0,1446.4822410166853
2018-07-30,0.0,0.0,0.0,0,0,False,0.0,0.0,0.0,0.032,0.0,0.0,4.5,,0,1579.0,1361.5444172577666
2018-07-31,0.0,0.0,0.0,0,0,False,0.0,0.0,0.0,0.03,0.0,0.0,4.5,,0,1578.0,1435.4383155273083
2018-08-01,0.0,0.0,0.0,0,0,False,0.0,0.0,0.0,0.029,0.0,0.0,4.5,,0,1577.0,1374.2906293516853
2018-08-02,0.0,0.0,0.0,0,0,False,0.0,0.0,0.0,0.028,0.0,0.0,4.5,,0,1576.0,1328.9648470400018
2018-08-03,0.0,0.0,0.0,0,0,False,0.0,0.0,0.0,0.026,0.0,0.0,4.5,,0,1575.0,1366.3743837413745
2018-08-04,0.0,0.0,0.0,0,0,False,0.0,0.0,0.0,0.025,0.0,0.0,4.5,,0,1574.0,1378.4004637751875
2018-08-05,0.0,0.0,0.0,0,0,False,0.0,0.0,0.0,0.024,0.0,0.0,4.5,,0,1573.0,1473.6037656027695
2018-08-06,0.0,0.0,0.0,0,0,False,0.0,0.0,0.0,0.023,0.0,0.0,4.5,,0,1572.0,1363.733052559474
2018-08-07,0.0,0.0,0.0,0,0,False,0.0,0.0,0.0,0.022,0.0,0.0,4.5,,0,1571.0,1356.4904236096584
2018-08-08,0.0,0.0,0.0,0,0,False,0.0,0.0,0.0,0.021,0.0,0.0,4.5,,0,1570.0,1339.537755163916
2018-08-09,0.0,0.0,0.0,0,0,False,0.0,0.0,0.0,0.02,0.0,0.0,4.5,,0,1569.0,1336.9779637052607
2018-08-10,0.0,0.0,0.0,0,0,False,0.0,0.0,0.0,0.019,0.0,0.0,4.5,,0,1568.0,1279.205097082732
2018-08-11,0.0,0.0,0.0,0,0,False,0.0,0.0,0.0,0.018,0.0,0.0,4.5,,0,1567.0,1338.5926441614988
2018-08-12,0.0,0.0,0.0,0,0,False,0.0,0.0,0.0,0.017,0.0,0.0,4.5,,0,1566.0,1421.728156085703
2018-08-13,0.0,0.0,0.0,0,0,False,0.0,0.0,0.0,0.017,0.0,0.0,4.5,,0,1565.0,1421.728156085703
2018-08-14,0.0,0.0,0.0,0,0,False,0.0,0.0,0.0,0.016,0.0,0.0,4.5,,0,1564.0,1355.1058558662053
2018-08-15,0.0,0.0,0.0,0,0,False,0.0,0.0,0.0,0.015,0.0,0.0,4.5,,0,1563.0,1280.783661301864
2018-08-16,0.0,0.0,0.0,0,0,False,0.0,0.0,0.0,0.014,0.0,0.0,4.5,,0,1562.0,1405.9468767932553
2018-08-17,0.0,0.0,0.0,0,0,False,0.0,0.0,0.0,0.014,0.0,0.0,4.5,,0,1561.0,1405.9468767932553
2018-08-18,0.0,0.0,0.0,0,0,False,0.0,0.0,0.0,0.013,0.0,0.0,4.5,,0,1560.0,1342.919624171868
2018-08-19,0.0,0.0,0.0,0,0,False,0.0,0.0,0.0,0.013,0.0,0.0,4.5,,0,1559.0,1342.919624171868
2018-08-20,0.0,0.0,0.0,0,0,False,0.0,0.0,0.0,0.012,0.0,0.0,4.5,,0,1558.0,1252.6890821315483
2018-08-21,0.0,0.0,0.0,0,0,False,0.0,0.0,0.0,0.011,0.0,0.0,4.5,,0,1557.0,1320.765273982942
2018-08-22,0.0,0.0,0.0,0,0,False,0.0,0.0,0.0,0.011,0.0,0.0,4.5,,0,1556.0,1320.765273982942
2018-08-23,0.0,0.0,0.0,0,0,False,0.0,0.0,0.0,0.01,0.0,0.0,4.5,,0,1555.0,1397.4669845657609
2018-08-24,0.0,0.0,0.0,0,0,False,0.0,0.0,0.0,0.01,0.0,0.0,4.5,,0,1554.0,1397.4669845657609
2018-08-25,0.0,0.0,0.0,0,0,False,0.0,0.0,0.0,0.01,0.0,0.0,4.5,,0,1553.0,1397.4669845657609
2018-08-26,0.0,0.0,0.0,0,0,False,0.0,0.0,0.0,0.009,0.0,0.0,4.5,,0,1552.0,1309.3386471019494
2018-08-27,0.0,0.0,0.0,0,0,False,0.0,0.0,0.0,0.009,0.0,0.0,4.5,,0,1551.0,1309.3386471019494
2018-08-28,0.0,0.0,0.0,0,0,False,0.0,0.0,0.0,0.008,0.0,0.0,4.5,,0,1550.0,1381.5604448306315
2018-08-29,0.0,0.0,0.0,0,0,False,0.0,0.0,0.0,0.008,0.0,0.0,4.5,,0,1549.0,1381.5604448306315
2018-08-30,0.0,0.0,0.0,0,0,False,0.0,0.0,0.0,0.008,0.0,0.0,4.5,,0,1548.0,1381.5604448306315
2018-08-31,0.0,0.0,0.0,0,0,False,0.0,0.0,0.0,0.007,0.0,0.0,4.5,,0,1547.0,1337.3536366344656
2018-09-01,0.0,0.0,0.0,0,0,False,0.0,0.0,0.0,0.007,0.0,0.0,4.5,,0,1546.0,1337.3536366344656
2018-09-02,0.0,0.0,0.0,0,0,False,0.0,0.0,0.0,0.007,0.0,0.0,4.5,,0,1545.0,1337.3536366344656
2018-09-03,0.0,0.0,0.0,0,0,False,0.0,0.0,0.0,0.006,0.0,0.0,4.5,,0,1544.0,1327.2700168956999
2018-09-04,0.0,0.0,0.0,0,0,False,0.0,0.0,0.0,0.006,0.0,0.0,4.5,,0,1543.0,1327.2700168956999
2018-09-05,0.0,0.0,0.0,0,0,False,0.0,0.0,0.0,0.006,0.0,0.0,4.5,,0,1542.0,1327.2700168956999
2018-09-06,0.0,0.0,0.0,0,0,False,0.0,0.0,0.0,0.006,0.0,0.0,4.5,,0,1541.0,1327.2700168956999
2018-09-07,0.0,0.0,0.0,0,0,False,0.0,0.0,0.0,0.005,0.0,0.0,4.5,,0,1540.0,1316.9362856933824
2018-09-08,0.0,0.0,0.0,0,0,False,0.0,0.0,0.0,0.005,0.0,0.0,4.5,,0,1539.0,1316.9362856933824
2018-09-09,0.0,0.0,0.0,0,0,False,0.0,0.0,0.0,0.005,0.0,0.0,4.5,,0,1538.0,1316.9362856933824
2018-09-10,0.0,0.0,0.0,0,0,False,0.0,0.0,0.0,0.005,0.0,0.0,4.5,,0,1537.0,1316.9362856933824
2018-09-11,0.0,0.0,0.0,0,0,False,0.0,0.0,0.0,0.004,0.0,0.0,4.5,,0,1536.0,1285.6540914609634
2018-09-12,0.0,0.0,0.0,0,0,False,0.0,0.0,0.0,0.004,0.0,0.0,4.5,,0,1535.0,1285.6540914609634
2018-09-13,0.0,0.0,0.0,0,0,False,0.0,0.0,0.0,0.004,0.0,0.0,4.5,,0,1534.0,1285.6540914609634
2018-09-14,0.0,0.0,0.0,0,0,False,0.0,0.0,0.0,0.004,0.0,0.0,4.5,,0,1533.0,1285.6540914609634
2018-09-15,0.0,0.0,0.0,0,0,False,0.0,0.0,0.0,0.004,0.0,0.0,4.5,,0,1532.0,1285.6540914609634
2018-09-16,0.0,0.0,0.0,0,0,False,0.0,0.0,0.0,0.003,0.0,0.0,4.5,,0,1531.0,1336.741476759556
2018-09-17,0.0,0.0,0.0,0,0,False,0.0,0.0,0.0,0.003,0.0,0.0,4.5,,0,1530.0,1336.741476759556
2018-09-18,0.0,0.0,0.0,0,0,False,0.0,0.0,0.0,0.003,0.0,0.0,4.5,,0,1529.0,1336.741476759556
2018-09-19,0.0,0.0,0.0,0,0,False,0.0,0.0,0.0,0.003,0.0,0.0,4.5,,0,1528.0,1336.741476759556
2018-09-20,0.0,0.0,0.0,0,0,False,0.0,0.0,0.0,0.003,0.0,0.0,4.5,,0,1527.0,1336.741476759556
2018-09-21,0.0,0.0,0.0,0,0,False,0.0,0.0,0.0,0.003,0.0,0.0,4.5,,0,1526.0,1336.741476759556
2018-09-22,0.0,0.0,0.0,0,0,False,0.0,0.0,0.0,0.003,0.0,0.0,4.5,,0,1525.0,1336.741476759556
2018-09-23,0.0,0.0,0.0,0,0,False,0.0,0.0,0.0,0.003,0.0,0.0,4.5,,0,1524.0,1336.741476759556
2018-09-24,0.0,0.0,0.0,0,0,False,0.0,0.0,0.0,0.002,0.0,0.0,4.5,,0,1523.0,1306.997567775399
2018-09-25,0.0,0.0,0.0,0,0,False,0.0,0.0,0.0,0.002,0.0,0.0,4.5,,0,1522.0,1306.997567775399
2018-09-26,0.0,0.0,0.0,0,0,False,0.0,0.0,0.0,0.002,0.0,0.0,4.5,,0,1521.0,1306.997567775399
2018-09-27,0.0,0.0,0.0,0,0,False,0.0,0.0,0.0,0.002,0.0,0.0,4.5,,0,1520.0,1306.997567775399
2018-09-28,0.0,0.0,0.0,0,0,False,0.0,0.0,0.0,0.002,0.0,0.0,4.5,,0,1519.0,1306.997567775399
2018-09-29,0.0,0.0,0.0,0,0,False,0.0,0.0,0.0,0.002,0.0,0.0,4.5,,0,1518.0,1306.997567775399
2018-09-30,0.0,0.0,0.0,0,0,False,0.0,0.0,0.0,0.002,0.0,0.0,4.5,,0,1517.0,1306.997567775399
2018-10-01,0.0,0.0,0.0,0,0,False,0.0,0.0,0.0,0.002,0.0,0.0,4.5,,0,1516.0,1306.997567775399
2018-10-02,0.0,0.0,0.0,0,0,False,0.0,0.0,0.0,0.002,0.0,0.0,4.5,,0,1515.0,1306.997567775399
2018-10-03,0.0,0.0,0.0,0,0,False,0.0,0.0,0.0,0.002,0.0,0.0,4.5,,0,1514.0,1306.997567775399
2018-10-04,0.0,0.0,0.0,0,0,False,0.0,0.0,0.0,0.002,0.0,0.0,4.5,,0,1513.0,1306.997567775399
2018-10-05,0.0,0.0,0.0,0,0,False,0.0,0.0,0.0,0.001,0.0,0.0,4.5,,0,1512.0,1294.785274891293
2018-10-06,0.0,0.0,0.0,0,0,False,0.0,0.0,0.0,0.001,0.0,0.0,4.5,,0,1511.0,1294.785274891293
2018-10-07,0.0,0.0,0.0,0,0,False,0.0,0.0,0.0,0.001,0.0,0.0,4.5,,0,1510.0,1294.785274891293
2018-10-08,0.0,0.0,0.0,0,0,False,0.0,0.0,0.0,0.001,0.0,0.0,4.5,,0,1509.0,1294.785274891293
2018-10-09,0.0,0.0,0.0,0,0,False,0.0,0.0,0.0,0.001,0.0,0.0,4.5,,0,1508.0,1294.785274891293
2018-10-10,0.0,0.0,0.0,0,0,False,0.0,0.0,0.0,0.001,0.0,0.0,4.5,,0,1507.0,1294.785274891293
2018-10-11,0.0,0.0,0.0,0,0,False,0.0,0.0,0.0,0.001,0.0,0.0,4.5,,0,1506.0,1294.785274891293
2018-10-12,0.0,0.0,0.0,0,0,False,0.0,0.0,0.0,0.001,0.0,0.0,4.5,,0,1505.0,1294.785274891293
2018-10-13,0.0,0.0,0.0,0,0,False,0.0,0.0,0.0,0.001,0.0,0.0,4.5,,0,1504.0,1294.785274891293
2018-10-14,0.0,0.0,0.0,0,0,False,0.0,0.0,0.0,0.001,0.0,0.0,4.5,,0,1503.0,1294.785274891293
2018-10-15,0.0,0.0,0.0,0,0,False,0.0,0.0,0.0,0.001,0.0,0.0,4.5,,0,1502.0,1294.785274891293
2018-10-16,0.0,0.0,0.0,0,0,False,0.0,0.0,0.0,0.001,0.0,0.0,4.5,,0,1501.0,1294.785274891293
2018-10-17,0.0,0.0,0.0,0,0,False,0.0,0.0,0.0,0.001,0.0,0.0,4.5,,0,1500.0,1294.785274891293
2018-10-18,0.0,0.0,0.0,0,0,False,0.0,0.0,0.0,0.001,0.0,0.0,4.5,,0,1499.0,1294.785274891293
2018-10-19,0.0,0.0,0.0,0,0,False,0.0,0.0,0.0,0.001,0.0,0.0,4.5,,0,1498.0,1294.785274891293
2018-10-20,0.0,0.0,0.0,0,0,False,0.0,0.0,0.0,0.001,0.0,0.0,4.5,,0,1497.0,1294.785274891293
2018-10-21,0.0,0.0,0.0,0,0,False,0.0,0.0,0.0,0.001,0.0,0.0,4.5,,0,1496.0,1294.785274891293
2018-10-22,0.0,0.0,0.0,0,0,False,0.0,0.0,0.0,0.001,0.0,0.0,4.5,,0,1495.0,1294.785274891293
2018-10-23,0.0,0.0,0.0,0,0,False,0.0,0.0,0.0,0.001,0.0,0.0,4.5,,0,1494.0,1294.785274891293
2018-10-24,0.0,0.0,0.0,0,0,False,0.0,0.0,0.0,0.001,0.0,0.0,4.5,,0,1493.0,1294.785274891293
2018-10-25,0.0,0.0,0.0,0,0,False,0.0,0.0,0.0,0.001,0.0,0.0,4.5,,0,1492.0,1294.785274891293
2018-10-26,0.0,0.0,0.0,0,0,False,0.0,0.0,0.0,0.001,0.0,0.0,4.5,,0,1491.0,1294.785274891293
2018-10-27,0.0,0.0,0.0,0,0,False,0.0,0.0,0.0,0.001,0.0,0.0,4.5,,0,1490.0,1294.785274891293
2018-10-28,0.0,0.0,0.0,0,0,False,0.0,0.0,0.0,0.001,0.0,0.0,4.5,,0,1489.0,1294.785274891293
2018-10-29,0.0,0.0,0.0,0,0,False,0.0,0.0,0.0,0.0,0.0,0.0,4.5,,0,1488.0,1307.3356996150403
2018-10-30,0.0,0.0,0.0,0,0,False,0.0,0.0,0.0,0.0,0.0,0.0,4.5,,0,1487.0,1307.3356996150403
2018-10-31,0.0,0.0,0.0,0,0,False,0.0,0.0,0.0,0.0,0.0,0.0,4.5,,0,1486.0,1307.3356996150403
2018-11-01,0.0,0.0,0.0,0,0,False,0.0,0.0,0.0,0.0,0.0,0.0,4.5,,0,1485.0,1307.3356996150403
2018-11-02,0.0,0.0,0.0,0,0,False,0.0,0.0,0.0,0.0,0.0,0.0,4.5,,0,1484.0,1307.3356996150403
2018-11-03,0.0,0.0,0.0,0,0,False,0.0,0.0,0.0,0.0,0.0,0.0,4.5,,0,1483.0,1307.3356996150403
2018-11-04,0.0,0.0,0.0,0,0,False,0.0,0.0,0.0,0.0,0.0,0.0,4.5,,0,1482.0,1307.3356996150403
2018-11-05,0.0,0.0,0.0,0,0,False,0.0,0.0,0.0,0.0,0.0,0.0,4.5,,0,1481.0,1307.3356996150403
2018-11-06,0.0,0.0,0.0,0,0,False,0.0,0.0,0.0,0.0,0.0,0.0,4.5,,0,1480.0,1307.3356996150403
2018-11-07,0.0,0.0,0.0,0,0,False,0.0,0.0,0.0,0.0,0.0,0.0,4.5,,0,1479.0,1307.3356996150403
2018-11-08,0.0,0.0,0.0,0,0,False,0.0,0.0,0.0,0.0,0.0,0.0,4.5,,0,1478.0,1307.3356996150403
2018-11-09,0.0,0.0,0.0,0,0,False,0.0,0.0,0.0,0.0,0.0,0.0,4.5,,0,1477.0,1307.3356996150403
2018-11-10,0.0,0.0,0.0,0,0,False,0.0,0.0,0.0,0.0,0.0,0.0,4.5,,0,1476.0,1307.3356996150403
2018-11-11,0.0,0.0,0.0,0,0,False,0.0,0.0,0.0,0.0,0.0,0.0,4.5,,0,1475.0,1307.3356996150403
2018-11-12,0.0,0.0,0.0,0,0,False,0.0,0.0,0.0,0.0,0.0,0.0,4.5,,0,1474.0,1307.3356996150403
2018-11-13,0.0,0.0,0.0,0,0,False,0.0,0.0,0.0,0.0,0.0,0.0,4.5,,0,1473.0,1307.3356996150403
2018-11-14,0.0,0.0,0.0,0,0,False,0.0,0.0,0.0,0.0,0.0,0.0,4.5,,0,1472.0,1307.3356996150403
2018-11-15,0.0,0.0,0.0,0,0,False,0.0,0.0,0.0,0.0,0.0,0.0,4.5,,0,1471.0,1307.3356996150403
2018-11-16,0.0,0.0,0.0,0,0,False,0.0,0.0,0.0,0.0,0.0,0.0,4.5,,0,1470.0,1307.3356996150403
2018-11-17,0.0,0.0,0.0,0,0,False,0.0,0.0,0.0,0.0,0.0,0.0,4.5,,0,1469.0,1307.3356996150403
2018-11-18,0.0,0.0,0.0,0,0,False,0.0,0.0,0.0,0.0,0.0,0.0,4.5,,0,1468.0,1307.3356996150403
2018-11-19,0.0,0.0,0.0,0,0,False,0.0,0.0,0.0,0.0,0.0,0.0,4.5,,0,1467.0,1307.3356996150403
2018-11-20,0.0,0.0,0.0,0,0,False,0.0,0.0,0.0,0.0,0.0,0.0,4.5,,0,1466.0,1307.3356996150403
2018-11-21,0.0,0.0,0.0,0,0,False,0.0,0.0,0.0,0.0,0.0,0.0,4.5,,0,1465.0,1307.3356996150403
2018-11-22,0.0,0.0,0.0,0,0,False,0.0,0.0,0.0,0.0,0.0,0.0,4.5,,0,1464.0,1307.3356996150403
2018-11-23,0.0,0.0,0.0,0,0,False,0.0,0.0,0.0,0.0,0.0,0.0,4.5,,0,1463.0,1307.3356996150403
2018-11-24,0.0,0.0,0.0,0,0,False,0.0,0.0,0.0,0.0,0.0,0.0,4.5,,0,1462.0,1307.3356996150403
2018-11-25,0.0,0.0,0.0,0,0,False,0.0,0.0,0.0,0.0,0.0,0.0,4.5,,0,1461.0,1307.3356996150403
2018-11-26,0.0,0.0,0.0,0,0,False,0.0,0.0,0.0,0.0,0.0,0.0,4.5,,0,1460.0,1307.3356996150403
2018-11-27,0.0,0.0,0.0,0,0,False,0.0,0.0,0.0,0.0,0.0,0.0,4.5,,0,1459.0,1307.3356996150403
2018-11-28,0.0,0.0,0.0,0,0,False,0.0,0.0,0.0,0.0,0.0,0.0,4.5,,0,1458.0,1307.3356996150403
2018-11-29,0.0,0.0,0.0,0,0,False,0.0,0.0,0.0,0.0,0.0,0.0,4.5,,0,1457.0,1307.3356996150403
2018-11-30,0.0,0.0,0.0,0,0,False,0.0,0.0,0.0,0.0,0.0,0.0,4.5,,0,1456.0,1307.3356996150403
2018-12-01,0.0,0.0,0.0,0,0,False,0.0,0.0,0.0,0.0,0.0,0.0,4.5,,0,1455.0,1307.3356996150403
2018-12-02,0.0,0.0,0.0,0,0,False,0.0,0.0,0.0,0.0,0.0,0.0,4.5,,0,1454.0,1307.3356996150403
2018-12-03,0.0,0.0,0.0,0,0,False,0.0,0.0,0.0,0.0,0.0,0.0,4.5,,0,1453.0,1307.3356996150403
2018-12-04,0.0,0.0,0.0,0,0,False,0.0,0.0,0.0,0.0,0.0,0.0,4.5,,0,1452.0,1307.3356996150403
2018-12-05,0.0,0.0,0.0,0,0,False,0.0,0.0,0.0,0.0,0.0,0.0,4.5,,0,1451.0,1307.3356996150403
2018-12-06,0.0,0.0,0.0,0,0,False,0.0,0.0,0.0,0.0,0.0,0.0,4.5,,0,1450.0,1307.3356996150403
2018-12-07,0.0,0.0,0.0,0,0,False,0.0,0.0,0.0,0.0,0.0,0.0,4.5,,0,1449.0,1307.3356996150403
2018-12-08,0.0,0.0,0.0,0,0,False,0.0,0.0,0.0,0.0,0.0,0.0,4.5,,0,1448.0,1307.3356996150403
2018-12-09,0.0,0.0,0.0,0,0,False,0.0,0.0,0.0,0.0,0.0,0.0,4.5,,0,1447.0,1307.3356996150403
2018-12-10,0.0,0.0,0.0,0,0,False,0.0,0.0,0.0,0.0,0.0,0.0,4.5,,0,1446.0,1307.3356996150403
2018-12-11,0.0,0.0,0.0,0,0,False,0.0,0.0,0.0,0.0,0.0,0.0,4.5,,0,1445.0,1307.3356996150403
2018-12-12,0.0,0.0,0.0,0,0,False,0.0,0.0,0.0,0.0,0.0,0.0,4.5,,0,1444.0,1307.3356996150403
2018-12-13,0.0,0.0,0.0,0,0,False,0.0,0.0,0.0,0.0,0.0,0.0,4.5,,0,1443.0,1307.3356996150403
2018-12-14,0.0,0.0,0.0,0,0,False,0.0,0.0,0.0,0.0,0.0,0.0,4.5,,0,1442.0,1307.3356996150403
2018-12-15,0.0,0.0,0.0,0,0,False,0.0,0.0,0.0,0.0,0.0,0.0,4.5,,0,1441.0,1307.3356996150403
2018-12-16,0.0,0.0,0.0,0,0,False,0.0,0.0,0.0,0.0,0.0,0.0,4.5,,0,1440.0,1307.3356996150403
2018-12-17,0.0,0.0,0.0,0,0,False,0.0,0.0,0.0,0.0,0.0,0.0,4.5,,0,1439.0,1307.3356996150403
2018-12-18,0.0,0.0,0.0,0,0,False,0.0,0.0,0.0,0.0,0.0,0.0,4.5,,0,1438.0,1307.3356996150403
2018-12-19,0.0,0.0,0.0,0,0,False,0.0,0.0,0.0,0.0,0.0,0.0,4.5,,0,1437.0,1307.3356996150403
2018-12-20,0.0,0.0,0.0,0,0,False,0.0,0.0,0.0,0.0,0.0,0.0,4.5,,0,1436.0,1307.3356996150403
2018-12-21,0.0,0.0,0.0,0,0,False,0.0,0.0,0.0,0.0,0.0,0.0,4.5,,0,1435.0,1307.3356996150403
2018-12-22,0.0,0.0,0.0,0,0,False,0.0,0.0,0.0,0.0,0.0,0.0,4.5,,0,1434.0,1307.3356996150403
2018-12-23,0.0,0.0,0.0,0,0,False,0.0,0.0,0.0,0.0,0.0,0.0,4.5,,0,1433.0,1307.3356996150403
2018-12-24,0.0,0.0,0.0,0,0,False,0.0,0.0,0.0,0.0,0.0,0.0,4.5,,0,1432.0,1307.3356996150403
2018-12-25,0.0,0.0,0.0,0,0,False,0.0,0.0,0.0,0.0,0.0,0.0,4.5,,0,1431.0,1307.3356996150403
2018-12-26,0.0,0.0,0.0,0,0,False,0.0,0.0,0.0,0.0,0.0,0.0,4.5,,0,1430.0,1307.3356996150403
2018-12-27,0.0,0.0,0.0,0,0,False,0.0,0.0,0.0,0.0,0.0,0.0,4.5,,0,1429.0,1307.3356996150403
2018-12-28,0.0,0.0,0.0,0,0,False,0.0,0.0,0.0,0.0,0.0,0.0,4.5,,0,1428.0,1307.3356996150403
2018-12-29,0.0,0.0,0.0,0,0,False,0.0,0.0,0.0,0.0,0.0,0.0,4.5,,0,1427.0,1307.3356996150403
2018-12-30,0.0,0.0,0.0,0,0,False,0.0,0.0,0.0,0.0,0.0,0.0,4.5,,0,1426.0,1307.3356996150403
2018-12-31,0.0,0.0,0.0,0,0,False,0.0,0.0,0.0,0.0,0.0,0.0,4.5,,0,1425.0,1307.3356996150403
2019-01-01,0.0,0.0,0.0,0,0,False,0.0,0.0,0.0,0.0,0.0,0.0,4.5,,0,1424.0,1307.3356996150403
2019-01-02,0.0,0.0,0.0,0,0,False,0.0,0.0,0.0,0.0,0.0,0.0,4.5,,0,1423.0,1307.3356996150403
2019-01-03,0.0,0.0,0.0,0,0,False,0.0,0.0,0.0,0.0,0.0,0.0,4.5,,0,1422.0,1307.3356996150403
2019-01-04,0.0,0.0,0.0,0,0,False,0.0,0.0,0.0,0.0,0.0,0.0,4.5,,0,1421.0,1307.3356996150403
2019-01-05,0.0,0.0,0.0,0,0,False,0.0,0.0,0.0,0.0,0.0,0.0,4.5,,0,1420.0,1307.3356996150403
2019-01-06,0.0,0.0,0.0,0,0,False,0.0,0.0,0.0,0.0,0.0,0.0,4.5,,0,1419.0,1307.3356996150403
2019-01-07,0.0,0.0,0.0,0,0,False,0.0,0.0,0.0,0.0,0.0,0.0,4.5,,0,1418.0,1307.3356996150403
2019-01-08,0.0,0.0,0.0,0,0,False,0.0,0.0,0.0,0.0,0.0,0.0,4.5,,0,1417.0,1307.3356996150403
2019-01-09,0.0,0.0,0.0,0,0,False,0.0,0.0,0.0,0.0,0.0,0.0,4.5,,0,1416.0,1307.3356996150403
2019-01-10,0.0,0.0,0.0,0,0,False,0.0,0.0,0.0,0.0,0.0,0.0,4.5,,0,1415.0,1307.3356996150403
2019-01-11,0.0,0.0,0.0,0,0,False,0.0,0.0,0.0,0.0,0.0,0.0,4.5,,0,1414.0,1307.3356996150403
2019-01-12,0.0,0.0,0.0,0,0,False,0.0,0.0,0.0,0.0,0.0,0.0,4.5,,0,1413.0,1307.3356996150403
2019-01-13,0.0,0.0,0.0,0,0,False,0.0,0.0,0.0,0.0,0.0,0.0,4.5,,0,1412.0,1307.3356996150403
2019-01-14,0.0,0.0,0.0,0,0,False,0.0,0.0,0.0,0.0,0.0,0.0,4.5,,0,1411.0,1307.3356996150403
2019-01-15,0.0,0.0,0.0,0,0,False,0.0,0.0,0.0,0.0,0.0,0.0,4.5,,0,1410.0,1307.3356996150403
2019-01-16,0.0,0.0,0.0,0,0,False,0.0,0.0,0.0,0.0,0.0,0.0,4.5,,0,1409.0,1307.3356996150403
2019-01-17,0.0,0.0,0.0,0,0,False,0.0,0.0,0.0,0.0,0.0,0.0,4.5,,0,1408.0,1307.3356996150403
2019-01-18,0.0,0.0,0.0,0,0,False,0.0,0.0,0.0,0.0,0.0,0.0,4.5,,0,1407.0,1307.3356996150403
2019-01-19,0.0,0.0,0.0,0,0,False,0.0,0.0,0.0,0.0,0.0,0.0,4.5,,0,1406.0,1307.3356996150403
2019-01-20,0.0,0.0,0.0,0,0,False,0.0,0.0,0.0,0.0,0.0,0.0,4.5,,0,1405.0,1307.3356996150403
2019-01-21,0.0,0.0,0.0,0,0,False,0.0,0.0,0.0,0.0,0.0,0.0,4.5,,0,1404.0,1307.3356996150403
2019-01-22,0.0,0.0,0.0,0,0,False,0.0,0.0,0.0,0.0,0.0,0.0,4.5,,0,1403.0,1307.3356996150403
2019-01-23,0.0,0.0,0.0,0,0,False,0.0,0.0,0.0,0.0,0.0,0.0,4.5,,0,1402.0,1307.3356996150403
2019-01-24,0.0,0.0,0.0,0,0,False,0.0,0.0,0.0,0.0,0.0,0.0,4.5,,0,1401.0,1307.3356996150403
2019-01-25,0.0,0.0,0.0,0,0,False,0.0,0.0,0.0,0.0,0.0,0.0,4.5,,0,1400.0,1307.3356996150403
2019-01-26,0.0,0.0,0.0,0,0,False,0.0,0.0,0.0,0.0,0.0,0.0,4.5,,0,1399.0,1307.3356996150403
2019-01-27,0.0,0.0,0.0,0,0,False,0.0,0.0,0.0,0.0,0.0,0.0,4.5,,0,1398.0,1307.3356996150403
2019-01-28,0.0,0.0,0.0,0,0,False,0.0,0.0,0.0,0.0,0.0,0.0,4.5,,0,1397.0,1307.3356996150403
2019-01-29,0.0,0.0,0.0,0,0,False,0.0,0.0,0.0,0.0,0.0,0.0,4.5,,0,1396.0,1307.3356996150403
2019-01-30,0.0,0.0,0.0,0,0,False,0.0,0.0,0.0,0.0,0.0,0.0,4.5,,0,1395.0,1307.3356996150403
2019-01-31,0.0,0.0,0.0,0,0,False,0.0,0.0,0.0,0.0,0.0,0.0,4.5,,0,1394.0,1307.3356996150403
2019-02-01,0.0,0.0,0.0,0,0,False,0.0,0.0,0.0,0.0,0.0,0.0,4.5,,0,1393.0,1307.3356996150403
2019-02-02,0.0,0.0,0.0,0,0,False,0.0,0.0,0.0,0.0,0.0,0.0,4.5,,0,1392.0,1307.3356996150403
2019-02-03,0.0,0.0,0.0,0,0,False,0.0,0.0,0.0,0.0,0.0,0.0,4.5,,0,1391.0,1307.3356996150403
2019-02-04,0.0,0.0,0.0,0,0,False,0.0,0.0,0.0,0.0,0.0,0.0,4.5,,0,1390.0,1307.3356996150403
2019-02-05,0.0,0.0,0.0,0,0,False,0.0,0.0,0.0,0.0,0.0,0.0,4.5,,0,1389.0,1307.3356996150403
2019-02-06,0.0,0.0,0.0,0,0,False,0.0,0.0,0.0,0.0,0.0,0.0,4.5,,0,1388.0,1307.3356996150403
2019-02-07,0.0,0.0,0.0,0,0,False,0.0,0.0,0.0,0.0,0.0,0.0,4.5,,0,1387.0,1307.3356996150403
2019-02-08,0.0,0.0,0.0,0,0,False,0.0,0.0,0.0,0.0,0.0,0.0,4.5,,0,1386.0,1307.3356996150403
2019-02-09,0.0,0.0,0.0,0,0,False,0.0,0.0,0.0,0.0,0.0,0.0,4.5,,0,1385.0,1307.3356996150403
2019-02-10,0.0,0.0,0.0,0,0,False,0.0,0.0,0.0,0.0,0.0,0.0,4.5,,0,1384.0,1307.3356996150403
2019-02-11,0.0,0.0,0.0,0,0,False,0.0,0.0,0.0,0.0,0.0,0.0,4.5,,0,1383.0,1307.3356996150403
2019-02-12,0.0,0.0,0.0,0,0,False,0.0,0.0,0.0,0.0,0.0,0.0,4.5,,0,1382.0,1307.3356996150403
2019-02-13,0.0,0.0,0.0,0,0,False,0.0,0.0,0.0,0.0,0.0,0.0,4.5,,0,1381.0,1307.3356996150403
2019-02-14,0.0,0.0,0.0,0,0,False,0.0,0.0,0.0,0.0,0.0,0.0,4.5,,0,1380.0,1307.3356996150403
2019-02-15,0.0,0.0,0.0,0,0,False,0.0,0.0,0.0,0.0,0.0,0.0,4.5,,0,1379.0,1307.3356996150403
2019-02-16,0.0,0.0,0.0,0,0,False,0.0,0.0,0.0,0.0,0.0,0.0,4.5,,0,1378.0,1307.3356996150403
2019-02-17,0.0,0.0,0.0,0,0,False,0.0,0.0,0.0,0.0,0.0,0.0,4.5,,0,1377.0,1307.3356996150403
2019-02-18,0.0,0.0,0.0,0,0,False,0.0,0.0,0.0,0.0,0.0,0.0,4.5,,0,1376.0,1307.3356996150403
2019-02-19,0.0,0.0,0.0,0,0,False,0.0,0.0,0.0,0.0,0.0,0.0,4.5,,0,1375.0,1307.3356996150403
2019-02-20,0.0,0.0,0.0,0,0,False,0.0,0.0,0.0,0.0,0.0,0.0,4.5,,0,1374.0,1307.3356996150403
2019-02-21,0.0,0.0,0.0,0,0,False,0.0,0.0,0.0,0.0,0.0,0.0,4.5,,0,1373.0,1307.3356996150403
2019-02-22,0.0,0.0,0.0,0,0,False,0.0,0.0,0.0,0.0,0.0,0.0,4.5,,0,1372.0,1307.3356996150403
2019-02-23,0.0,0.0,0.0,0,0,False,0.0,0.0,0.0,0.0,0.0,0.0,4.5,,0,1371.0,1307.3356996150403
2019-02-24,0.0,0.0,0.0,0,0,False,0.0,0.0,0.0,0.0,0.0,0.0,4.5,,0,1370.0,1307.3356996150403
2019-02-25,0.0,0.0,0.0,0,0,False,0.0,0.0,0.0,0.0,0.0,0.0,4.5,,0,1369.0,1307.3356996150403
2019-02-26,0.0,0.0,0.0,0,0,False,0.0,0.0,0.0,0.0,0.0,0.0,4.5,,0,1368.0,1307.3356996150403
2019-02-27,0.0,0.0,0.0,0,0,False,0.0,0.0,0.0,0.0,0.0,0.0,4.5,,0,1367.0,1307.3356996150403
2019-02-28,0.0,0.0,0.0,0,0,False,0.0,0.0,0.0,0.0,0.0,0.0,4.5,,0,1366.0,1307.3356996150403
2019-03-01,0.0,0.0,0.0,0,0,False,0.0,0.0,0.0,0.0,0.0,0.0,4.5,,0,1365.0,1307.3356996150403
2019-03-02,0.0,0.0,0.0,0,0,False,0.0,0.0,0.0,0.0,0.0,0.0,4.5,,0,1364.0,1307.3356996150403
2019-03-03,0.0,0.0,0.0,0,0,False,0.0,0.0,0.0,0.0,0.0,0.0,4.5,,0,1363.0,1307.3356996150403
2019-03-04,0.0,0.0,0.0,0,0,False,0.0,0.0,0.0,0.0,0.0,0.0,4.5,,0,1362.0,1307.3356996150403
2019-03-05,0.0,0.0,0.0,0,0,False,0.0,0.0,0.0,0.0,0.0,0.0,4.5,,0,1361.0,1307.3356996150403
2019-03-06,0.0,0.0,0.0,0,0,False,0.0,0.0,0.0,0.0,0.0,0.0,4.5,,0,1360.0,1307.3356996150403
2019-03-07,0.0,0.0,0.0,0,0,False,0.0,0.0,0.0,0.0,0.0,0.0,4.5,,0,1359.0,1307.3356996150403
2019-03-08,0.0,0.0,0.0,0,0,False,0.0,0.0,0.0,0.0,0.0,0.0,4.5,,0,1358.0,1307.3356996150403
2019-03-09,0.0,0.0,0.0,0,0,False,0.0,0.0,0.0,0.0,0.0,0.0,4.5,,0,1357.0,1307.3356996150403
2019-03-10,0.0,0.0,0.0,0,0,False,0.0,0.0,0.0,0.0,0.0,0.0,4.5,,0,1356.0,1307.3356996150403
2019-03-11,0.0,0.0,0.0,0,0,False,0.0,0.0,0.0,0.0,0.0,0.0,4.5,,0,1355.0,1307.3356996150403
2019-03-12,0.0,0.0,0.0,0,0,False,0.0,0.0,0.0,0.0,0.0,0.0,4.5,,0,1354.0,1307.3356996150403
2019-03-13,0.0,0.0,0.0,0,0,False,0.0,0.0,0.0,0.0,0.0,0.0,4.5,,0,1353.0,1307.3356996150403
2019-03-14,0.0,0.0,0.0,0,0,False,0.0,0.0,0.0,0.0,0.0,0.0,4.5,,0,1352.0,1307.3356996150403
2019-03-15,0.0,0.0,0.0,0,0,False,0.0,0.0,0.0,0.0,0.0,0.0,4.5,,0,1351.0,1307.3356996150403
2019-03-16,0.0,0.0,0.0,0,0,False,0.0,0.0,0.0,0.0,0.0,0.0,4.5,,0,1350.0,1307.3356996150403
2019-03-17,0.0,0.0,0.0,0,0,False,0.0,0.0,0.0,0.0,0.0,0.0,4.5,,0,1349.0,1307.3356996150403
2019-03-18,0.0,0.0,0.0,0,0,False,0.0,0.0,0.0,0.0,0.0,0.0,4.5,,0,1348.0,1307.3356996150403
2019-03-19,0.0,0.0,0.0,0,0,False,0.0,0.0,0.0,0.0,0.0,0.0,4.5,,0,1347.0,1307.3356996150403
2019-03-20,0.0,0.0,0.0,0,0,False,0.0,0.0,0.0,0.0,0.0,0.0,4.5,,0,1346.0,1307.3356996150403
2019-03-21,0.0,0.0,0.0,0,0,False,0.0,0.0,0.0,0.0,0.0,0.0,4.5,,0,1345.0,1307.3356996150403
2019-03-22,0.0,0.0,0.0,0,0,False,0.0,0.0,0.0,0.0,0.0,0.0,4.5,,0,1344.0,1307.3356996150403
2019-03-23,0.0,0.0,0.0,0,0,False,0.0,0.0,0.0,0.0,0.0,0.0,4.5,,0,1343.0,1307.3356996150403
2019-03-24,0.0,0.0,0.0,0,0,False,0.0,0.0,0.0,0.0,0.0,0.0,4.5,,0,1342.0,1307.3356996150403
2019-03-25,0.0,0.0,0.0,0,0,False,0.0,0.0,0.0,0.0,0.0,0.0,4.5,,0,1341.0,1307.3356996150403
2019-03-26,0.0,0.0,0.0,0,0,False,0.0,0.0,0.0,0.0,0.0,0.0,4.5,,0,1340.0,1307.3356996150403
2019-03-27,0.0,0.0,0.0,0,0,False,0.0,0.0,0.0,0.0,0.0,0.0,4.5,,0,1339.0,1307.3356996150403
2019-03-28,0.0,0.0,0.0,0,0,False,0.0,0.0,0.0,0.0,0.0,0.0,4.5,,0,1338.0,1307.3356996150403
2019-03-29,0.0,0.0,0.0,0,0,False,0.0,0.0,0.0,0.0,0.0,0.0,4.5,,0,1337.0,1307.3356996150403
2019-03-30,0.0,0.0,0.0,0,0,False,0.0,0.0,0.0,0.0,0.0,0.0,4.5,,0,1336.0,1307.3356996150403
2019-03-31,0.0,0.0,0.0,0,0,False,0.0,0.0,0.0,0.0,0.0,0.0,4.5,,0,1335.0,1307.3356996150403
2019-04-01,0.0,0.0,0.0,0,0,False,0.0,0.0,0.0,0.0,0.0,0.0,4.5,,0,1334.0,1307.3356996150403
2019-04-02,0.0,0.0,0.0,0,0,False,0.0,0.0,0.0,0.0,0.0,0.0,4.5,,0,1333.0,1307.3356996150403
2019-04-03,0.0,0.0,0.0,0,0,False,0.0,0.0,0.0,0.0,0.0,0.0,4.5,,0,1332.0,1307.3356996150403
2019-04-04,0.0,0.0,0.0,0,0,False,0.0,0.0,0.0,0.0,0.0,0.0,4.5,,0,1331.0,1307.3356996150403
2019-04-05,0.0,0.0,0.0,0,0,False,0.0,0.0,0.0,0.0,0.0,0.0,4.5,,0,1330.0,1307.3356996150403
2019-04-06,0.0,0.0,0.0,0,0,False,0.0,0.0,0.0,0.0,0.0,0.0,4.5,,0,1329.0,1307.3356996150403
2019-04-07,0.0,0.0,0.0,0,0,False,0.0,0.0,0.0,0.0,0.0,0.0,4.5,,0,1328.0,1307.3356996150403
2019-04-08,0.0,0.0,0.0,0,0,False,0.0,0.0,0.0,0.0,0.0,0.0,4.5,,0,1327.0,1307.3356996150403
2019-04-09,0.0,0.0,0.0,0,0,False,0.0,0.0,0.0,0.0,0.0,0.0,4.5,,0,1326.0,1307.3356996150403
2019-04-10,0.0,0.0,0.0,0,0,False,0.0,0.0,0.0,0.0,0.0,0.0,4.5,,0,1325.0,1307.3356996150403
2019-04-11,0.0,0.0,0.0,0,0,False,0.0,0.0,0.0,0.0,0.0,0.0,4.5,,0,1324.0,1307.3356996150403
2019-04-12,0.0,0.0,0.0,0,0,False,0.0,0.0,0.0,0.0,0.0,0.0,4.5,,0,1323.0,1307.3356996150403
2019-04-13,0.0,0.0,0.0,0,0,False,0.0,0.0,0.0,0.0,0.0,0.0,4.5,,0,1322.0,1307.3356996150403
2019-04-14,0.0,0.0,0.0,0,0,False,0.0,0.0,0.0,0.0,0.0,0.0,4.5,,0,1321.0,1307.3356996150403
2019-04-15,0.0,0.0,0.0,0,0,False,0.0,0.0,0.0,0.0,0.0,0.0,4.5,,0,1320.0,1307.3356996150403
2019-04-16,0.0,0.0,0.0,0,0,False,0.0,0.0,0.0,0.0,0.0,0.0,4.5,,0,1319.0,1307.3356996150403
2019-04-17,0.0,0.0,0.0,0,0,False,0.0,0.0,0.0,0.0,0.0,0.0,4.5,,0,1318.0,1307.3356996150403
2019-04-18,0.0,0.0,0.0,0,0,False,0.0,0.0,0.0,0.0,0.0,0.0,4.5,,0,1317.0,1307.3356996150403
2019-04-19,0.0,0.0,0.0,0,0,False,0.0,0.0,0.0,0.0,0.0,0.0,4.5,,0,1316.0,1307.3356996150403
2019-04-20,0.0,0.0,0.0,0,0,False,0.0,0.0,0.0,0.0,0.0,0.0,4.5,,0,1315.0,1307.3356996150403
2019-04-21,0.0,0.0,0.0,0,0,False,0.0,0.0,0.0,0.0,0.0,0.0,4.5,,0,1314.0,1307.3356996150403
2019-04-22,0.0,0.0,0.0,0,0,False,0.0,0.0,0.0,0.0,0.0,0.0,4.5,,0,1313.0,1307.3356996150403
2019-04-23,0.0,0.0,0.0,0,0,False,0.0,0.0,0.0,0.0,0.0,0.0,4.5,,0,1312.0,1307.3356996150403
2019-04-24,0.0,0.0,0.0,0,0,False,0.0,0.0,0.0,0.0,0.0,0.0,4.5,,0,1311.0,1307.3356996150403
2019-04-25,0.0,0.0,0.0,0,0,False,0.0,0.0,0.0,0.0,0.0,0.0,4.5,,0,1310.0,1307.3356996150403
2019-04-26,0.0,0.0,0.0,0,0,False,0.0,0.0,0.0,0.0,0.0,0.0,4.5,,0,1309.0,1307.3356996150403
2019-04-27,0.0,0.0,0.0,0,0,False,0.0,0.0,0.0,0.0,0.0,0.0,4.5,,0,1308.0,1307.3356996150403
2019-04-28,0.0,0.0,0.0,0,0,False,0.0,0.0,0.0,0.0,0.0,0.0,4.5,,0,1307.0,1307.3356996150403
2019-04-29,0.0,0.0,0.0,0,0,False,0.0,0.0,0.0,0.0,0.0,0.0,4.5,,0,1306.0,1307.3356996150403
2019-04-30,0.0,0.0,0.0,0,0,False,0.0,0.0,0.0,0.0,0.0,0.0,4.5,,0,1305.0,1307.3356996150403
2019-05-01,0.0,0.0,0.0,0,0,False,0.0,0.0,0.0,0.0,0.0,0.0,4.5,,0,1304.0,1307.3356996150403
2019-05-02,0.0,0.0,0.0,0,0,False,0.0,0.0,0.0,0.0,0.0,0.0,4.5,,0,1303.0,1307.3356996150403
2019-05-03,0.0,0.0,0.0,0,0,False,0.0,0.0,0.0,0.0,0.0,0.0,4.5,,0,1302.0,1307.3356996150403
2019-05-04,0.0,0.0,0.0,0,0,False,0.0,0.0,0.0,0.0,0.0,0.0,4.5,,0,1301.0,1307.3356996150403
2019-05-05,0.0,0.0,0.0,0,0,False,0.0,0.0,0.0,0.0,0.0,0.0,4.5,,0,1300.0,1307.3356996150403
2019-05-06,0.0,0.0,0.0,0,0,False,0.0,0.0,0.0,0.0,0.0,0.0,4.5,,0,1299.0,1307.3356996150403
2019-05-07,0.0,0.0,0.0,0,0,False,0.0,0.0,0.0,0.0,0.0,0.0,4.5,,0,1298.0,1307.3356996150403
2019-05-08,0.0,0.0,0.0,0,0,False,0.0,0.0,0.0,0.0,0.0,0.0,4.5,,0,1297.0,1307.3356996150403
2019-05-09,0.0,0.0,0.0,0,0,False,0.0,0.0,0.0,0.0,0.0,0.0,4.5,,0,1296.0,1307.3356996150403
2019-05-10,0.0,0.0,0.0,0,0,False,0.0,0.0,0.0,0.0,0.0,0.0,4.5,,0,1295.0,1307.3356996150403
2019-05-11,0.0,0.0,0.0,0,0,False,0.0,0.0,0.0,0.0,0.0,0.0,4.5,,0,1294.0,1307.3356996150403
2019-05-12,0.0,0.0,0.0,0,0,False,0.0,0.0,0.0,0.0,0.0,0.0,4.5,,0,1293.0,1307.3356996150403
2019-05-13,0.0,0.0,0.0,0,0,False,0.0,0.0,0.0,0.0,0.0,0.0,4.5,,0,1292.0,1307.3356996150403
2019-05-14,0.0,0.0,0.0,0,0,False,0.0,0.0,0.0,0.0,0.0,0.0,4.5,,0,1291.0,1307.3356996150403
2019-05-15,0.0,0.0,0.0,0,0,False,0.0,0.0,0.0,0.0,0.0,0.0,4.5,,0,1290.0,1307.3356996150403
2019-05-16,0.0,0.0,0.0,0,0,False,0.0,0.0,0.0,0.0,0.0,0.0,4.5,,0,1289.0,1307.3356996150403
2019-05-17,0.0,0.0,0.0,0,0,False,0.0,0.0,0.0,0.0,0.0,0.0,4.5,,0,1288.0,1307.3356996150403
2019-05-18,0.0,0.0,0.0,0,0,False,0.0,0.0,0.0,0.0,0.0,0.0,4.5,,0,1287.0,1307.3356996150403
2019-05-19,0.0,0.0,0.0,0,0,False,0.0,0.0,0.0,0.0,0.0,0.0,4.5,,0,1286.0,1307.3356996150403
2019-05-20,0.0,0.0,0.0,0,0,False,0.0,0.0,0.0,0.0,0.0,0.0,4.5,,0,1285.0,1307.3356996150403
2019-05-21,0.0,0.0,0.0,0,0,False,0.0,0.0,0.0,0.0,0.0,0.0,4.5,,0,1284.0,1307.3356996150403
2019-05-22,0.0,0.0,0.0,0,0,False,0.0,0.0,0.0,0.0,0.0,0.0,4.5,,0,1283.0,1307.3356996150403
2019-05-23,0.0,0.0,0.0,0,0,False,0.0,0.0,0.0,0.0,0.0,0.0,4.5,,0,1282.0,1307.3356996150403
2019-05-24,0.0,0.0,0.0,0,0,False,0.0,0.0,0.0,0.0,0.0,0.0,4.5,,0,1281.0,1307.3356996150403
2019-05-25,0.0,0.0,0.0,0,0,False,0.0,0.0,0.0,0.0,0.0,0.0,4.5,,0,1280.0,1307.3356996150403
2019-05-26,0.0,0.0,0.0,0,0,False,0.0,0.0,0.0,0.0,0.0,0.0,4.5,,0,1279.0,1307.3356996150403
2019-05-27,0.0,0.0,0.0,0,0,False,0.0,0.0,0.0,0.0,0.0,0.0,4.5,,0,1278.0,1307.3356996150403
2019-05-28,0.0,0.0,0.0,0,0,False,0.0,0.0,0.0,0.0,0.0,0.0,4.5,,0,1277.0,1307.3356996150403
2019-05-29,0.0,0.0,0.0,0,0,False,0.0,0.0,0.0,0.0,0.0,0.0,4.5,,0,1276.0,1307.3356996150403
2019-05-30,0.0,0.0,0.0,0,0,False,0.0,0.0,0.0,0.0,0.0,0.0,4.5,,0,1275.0,1307.3356996150403
2019-05-31,0.0,0.0,0.0,0,0,False,0.0,0.0,0.0,0.0,0.0,0.0,4.5,,0,1274.0,1307.3356996150403
2019-06-01,0.0,0.0,0.0,0,0,False,0.0,0.0,0.0,0.0,0.0,0.0,4.5,,0,1273.0,1307.3356996150403
2019-06-02,0.0,0.0,0.0,0,0,False,0.0,0.0,0.0,0.0,0.0,0.0,4.5,,0,1272.0,1307.3356996150403
2019-06-03,0.0,0.0,0.0,0,0,False,0.0,0.0,0.0,0.0,0.0,0.0,4.5,,0,1271.0,1307.3356996150403
2019-06-04,0.0,0.0,0.0,0,0,False,0.0,0.0,0.0,0.0,0.0,0.0,4.5,,0,1270.0,1307.3356996150403
2019-06-05,0.0,0.0,0.0,0,0,False,0.0,0.0,0.0,0.0,0.0,0.0,4.5,,0,1269.0,1307.3356996150403
2019-06-06,0.0,0.0,0.0,0,0,False,0.0,0.0,0.0,0.0,0.0,0.0,4.5,,0,1268.0,1307.3356996150403
2019-06-07,0.0,0.0,0.0,0,0,False,0.0,0.0,0.0,0.0,0.0,0.0,4.5,,0,1267.0,1307.3356996150403
2019-06-08,0.0,0.0,0.0,0,0,False,0.0,0.0,0.0,0.0,0.0,0.0,4.5,,0,1266.0,1307.3356996150403
2019-06-09,0.0,0.0,0.0,0,0,False,0.0,0.0,0.0,0.0,0.0,0.0,4.5,,0,1265.0,1307.3356996150403
2019-06-10,0.0,0.0,0.0,0,0,False,0.0,0.0,0.0,0.0,0.0,0.0,4.5,,0,1264.0,1307.3356996150403
2019-06-11,0.0,0.0,0.0,0,0,False,0.0,0.0,0.0,0.0,0.0,0.0,4.5,,0,1263.0,1307.3356996150403
2019-06-12,0.0,0.0,0.0,0,0,False,0.0,0.0,0.0,0.0,0.0,0.0,4.5,,0,1262.0,1307.3356996150403
2019-06-13,0.0,0.0,0.0,0,0,False,0.0,0.0,0.0,0.0,0.0,0.0,4.5,,0,1261.0,1307.3356996150403
2019-06-14,0.0,0.0,0.0,0,0,False,0.0,0.0,0.0,0.0,0.0,0.0,4.5,,0,1260.0,1307.3356996150403
2019-06-15,0.0,0.0,0.0,0,0,False,0.0,0.0,0.0,0.0,0.0,0.0,4.5,,0,1259.0,1307.3356996150403
2019-06-16,0.0,0.0,0.0,0,0,False,0.0,0.0,0.0,0.0,0.0,0.0,4.5,,0,1258.0,1307.3356996150403
2019-06-17,0.0,0.0,0.0,0,0,False,0.0,0.0,0.0,0.0,0.0,0.0,4.5,,0,1257.0,1307.3356996150403
2019-06-18,0.0,0.0,0.0,0,0,False,0.0,0.0,0.0,0.0,0.0,0.0,4.5,,0,1256.0,1307.3356996150403
2019-06-19,0.0,0.0,0.0,0,0,False,0.0,0.0,0.0,0.0,0.0,0.0,4.5,,0,1255.0,1307.3356996150403
2019-06-20,0.0,0.0,0.0,0,0,False,0.0,0.0,0.0,0.0,0.0,0.0,4.5,,0,1254.0,1307.3356996150403
2019-06-21,0.0,0.0,0.0,0,0,False,0.0,0.0,0.0,0.0,0.0,0.0,4.5,,0,1253.0,1307.3356996150403
2019-06-22,0.0,0.0,0.0,0,0,False,0.0,0.0,0.0,0.0,0.0,0.0,4.5,,0,1252.0,1307.3356996150403
2019-06-23,0.0,0.0,0.0,0,0,False,0.0,0.0,0.0,0.0,0.0,0.0,4.5,,0,1251.0,1307.3356996150403
2019-06-24,0.0,0.0,0.0,0,0,False,0.0,0.0,0.0,0.0,0.0,0.0,4.5,,0,1250.0,1307.3356996150403
2019-06-25,0.0,0.0,0.0,0,0,False,0.0,0.0,0.0,0.0,0.0,0.0,4.5,,0,1249.0,1307.3356996150403
2019-06-26,0.0,0.0,0.0,0,0,False,0.0,0.0,0.0,0.0,0.0,0.0,4.5,,0,1248.0,1307.3356996150403
2019-06-27,0.0,0.0,0.0,0,0,False,0.0,0.0,0.0,0.0,0.0,0.0,4.5,,0,1247.0,1307.3356996150403
2019-06-28,0.0,0.0,0.0,0,0,False,0.0,0.0,0.0,0.0,0.0,0.0,4.5,,0,1246.0,1307.3356996150403
2019-06-29,0.0,0.0,0.0,0,0,False,0.0,0.0,0.0,0.0,0.0,0.0,4.5,,0,1245.0,1307.3356996150403
2019-06-30,0.0,0.0,0.0,0,0,False,0.0,0.0,0.0,0.0,0.0,0.0,4.5,,0,1244.0,1307.3356996150403
2019-07-01,0.0,0.0,0.0,0,0,False,0.0,0.0,0.0,0.0,0.0,0.0,4.5,,0,1243.0,1307.3356996150403
2019-07-02,0.0,0.0,0.0,0,0,False,0.0,0.0,0.0,0.0,0.0,0.0,4.5,,0,1242.0,1307.3356996150403
2019-07-03,0.0,0.0,0.0,0,0,False,0.0,0.0,0.0,0.0,0.0,0.0,4.5,,0,1241.0,1307.3356996150403
2019-07-04,0.0,0.0,0.0,0,0,False,0.0,0.0,0.0,0.0,0.0,0.0,4.5,,0,1240.0,1307.3356996150403
2019-07-05,0.0,0.0,0.0,0,0,False,0.0,0.0,0.0,0.0,0.0,0.0,4.5,,0,1239.0,1307.3356996150403
2019-07-06,0.0,0.0,0.0,0,0,False,0.0,0.0,0.0,0.0,0.0,0.0,4.5,,0,1238.0,1307.3356996150403
2019-07-07,0.0,0.0,0.0,0,0,False,0.0,0.0,0.0,0.0,0.0,0.0,4.5,,0,1237.0,1307.3356996150403
2019-07-08,0.0,0.0,0.0,0,0,False,0.0,0.0,0.0,0.0,0.0,0.0,4.5,,0,1236.0,1307.3356996150403
2019-07-09,0.0,0.0,0.0,0,0,False,0.0,0.0,0.0,0.0,0.0,0.0,4.5,,0,1235.0,1307.3356996150403
2019-07-10,0.0,0.0,0.0,0,0,False,0.0,0.0,0.0,0.0,0.0,0.0,4.5,,0,1234.0,1307.3356996150403
2019-07-11,0.0,0.0,0.0,0,0,False,0.0,0.0,0.0,0.0,0.0,0.0,4.5,,0,1233.0,1307.3356996150403
2019-07-12,0.0,0.0,0.0,0,0,False,0.0,0.0,0.0,0.0,0.0,0.0,4.5,,0,1232.0,1307.3356996150403
2019-07-13,0.0,0.0,0.0,0,0,False,0.0,0.0,0.0,0.0,0.0,0.0,4.5,,0,1231.0,1307.3356996150403
2019-07-14,0.0,0.0,0.0,0,0,False,0.0,0.0,0.0,0.0,0.0,0.0,4.5,,0,1230.0,1307.3356996150403
2019-07-15,0.0,0.0,0.0,0,0,False,0.0,0.0,0.0,0.0,0.0,0.0,4.5,,0,1229.0,1307.3356996150403
2019-07-16,0.0,0.0,0.0,0,0,False,0.0,0.0,0.0,0.0,0.0,0.0,4.5,,0,1228.0,1307.3356996150403
2019-07-17,0.0,0.0,0.0,0,0,False,0.0,0.0,0.0,0.0,0.0,0.0,4.5,,0,1227.0,1307.3356996150403
2019-07-18,0.0,0.0,0.0,0,0,False,0.0,0.0,0.0,0.0,0.0,0.0,4.5,,0,1226.0,1307.3356996150403
2019-07-19,0.0,0.0,0.0,0,0,False,0.0,0.0,0.0,0.0,0.0,0.0,4.5,,0,1225.0,1307.3356996150403
2019-07-20,0.0,0.0,0.0,0,0,False,0.0,0.0,0.0,0.0,0.0,0.0,4.5,,0,1224.0,1307.3356996150403
2019-07-21,0.0,0.0,0.0,0,0,False,0.0,0.0,0.0,0.0,0.0,0.0,4.5,,0,1223.0,1307.3356996150403
2019-07-22,0.0,0.0,0.0,0,0,False,0.0,0.0,0.0,0.0,0.0,0.0,4.5,,0,1222.0,1307.3356996150403
2019-07-23,0.0,0.0,0.0,0,0,False,0.0,0.0,0.0,0.0,0.0,0.0,4.5,,0,1221.0,1307.3356996150403
2019-07-24,0.0,0.0,0.0,0,0,False,0.0,0.0,0.0,0.0,0.0,0.0,4.5,,0,1220.0,1307.3356996150403
2019-07-25,0.0,0.0,0.0,0,0,False,0.0,0.0,0.0,0.0,0.0,0.0,4.5,,0,1219.0,1307.3356996150403
2019-07-26,0.0,0.0,0.0,0,0,False,0.0,0.0,0.0,0.0,0.0,0.0,4.5,,0,1218.0,1307.3356996150403
2019-07-27,0.0,0.0,0.0,0,0,False,0.0,0.0,0.0,0.0,0.0,0.0,4.5,,0,1217.0,1307.3356996150403
2019-07-28,0.0,0.0,0.0,0,0,False,0.0,0.0,0.0,0.0,0.0,0.0,4.5,,0,1216.0,1307.3356996150403
2019-07-29,0.0,0.0,0.0,0,0,False,0.0,0.0,0.0,0.0,0.0,0.0,4.5,,0,1215.0,1307.3356996150403
2019-07-30,0.0,0.0,0.0,0,0,False,0.0,0.0,0.0,0.0,0.0,0.0,4.5,,0,1214.0,1307.3356996150403
2019-07-31,0.0,0.0,0.0,0,0,False,0.0,0.0,0.0,0.0,0.0,0.0,4.5,,0,1213.0,1307.3356996150403
2019-08-01,0.0,0.0,0.0,0,0,False,0.0,0.0,0.0,0.0,0.0,0.0,4.5,,0,1212.0,1307.3356996150403
2019-08-02,0.0,0.0,0.0,0,0,False,0.0,0.0,0.0,0.0,0.0,0.0,4.5,,0,1211.0,1307.3356996150403
2019-08-03,0.0,0.0,0.0,0,0,False,0.0,0.0,0.0,0.0,0.0,0.0,4.5,,0,1210.0,1307.3356996150403
2019-08-04,0.0,0.0,0.0,0,0,False,0.0,0.0,0.0,0.0,0.0,0.0,4.5,,0,1209.0,1307.3356996150403
2019-08-05,0.0,0.0,0.0,0,0,False,0.0,0.0,0.0,0.0,0.0,0.0,4.5,,0,1208.0,1307.3356996150403
2019-08-06,0.0,0.0,0.0,0,0,False,0.0,0.0,0.0,0.0,0.0,0.0,4.5,,0,1207.0,1307.3356996150403
2019-08-07,0.0,0.0,0.0,0,0,False,0.0,0.0,0.0,0.0,0.0,0.0,4.5,,0,1206.0,1307.3356996150403
2019-08-08,0.0,0.0,0.0,0,0,False,0.0,0.0,0.0,0.0,0.0,0.0,4.5,,0,1205.0,1307.3356996150403
2019-08-09,0.0,0.0,0.0,0,0,False,0.0,0.0,0.0,0.0,0.0,0.0,4.5,,0,1204.0,1307.3356996150403
2019-08-10,0.0,0.0,0.0,0,0,False,0.0,0.0,0.0,0.0,0.0,0.0,4.5,,0,1203.0,1307.3356996150403
2019-08-11,0.0,0.0,0.0,0,0,False,0.0,0.0,0.0,0.0,0.0,0.0,4.5,,0,1202.0,1307.3356996150403
2019-08-12,0.0,0.0,0.0,0,0,False,0.0,0.0,0.0,0.0,0.0,0.0,4.5,,0,1201.0,1307.3356996150403
2019-08-13,0.0,0.0,0.0,0,0,False,0.0,0.0,0.0,0.0,0.0,0.0,4.5,,0,1200.0,1307.3356996150403
2019-08-14,0.0,0.0,0.0,0,0,False,0.0,0.0,0.0,0.0,0.0,0.0,4.5,,0,1199.0,1307.3356996150403
2019-08-15,0.0,0.0,0.0,0,0,False,0.0,0.0,0.0,0.0,0.0,0.0,4.5,,0,1198.0,1307.3356996150403
2019-08-16,0.0,0.0,0.0,0,0,False,0.0,0.0,0.0,0.0,0.0,0.0,4.5,,0,1197.0,1307.3356996150403
2019-08-17,0.0,0.0,0.0,0,0,False,0.0,0.0,0.0,0.0,0.0,0.0,4.5,,0,1196.0,1307.3356996150403
2019-08-18,0.0,0.0,0.0,0,0,False,0.0,0.0,0.0,0.0,0.0,0.0,4.5,,0,1195.0,1307.3356996150403
2019-08-19,0.0,0.0,0.0,0,0,False,0.0,0.0,0.0,0.0,0.0,0.0,4.5,,0,1194.0,1307.3356996150403
2019-08-20,0.0,0.0,0.0,0,0,False,0.0,0.0,0.0,0.0,0.0,0.0,4.5,,0,1193.0,1307.3356996150403
2019-08-21,0.0,0.0,0.0,0,0,False,0.0,0.0,0.0,0.0,0.0,0.0,4.5,,0,1192.0,1307.3356996150403
2019-08-22,0.0,0.0,0.0,0,0,False,0.0,0.0,0.0,0.0,0.0,0.0,4.5,,0,1191.0,1307.3356996150403
2019-08-23,0.0,0.0,0.0,0,0,False,0.0,0.0,0.0,0.0,0.0,0.0,4.5,,0,1190.0,1307.3356996150403
2019-08-24,0.0,0.0,0.0,0,0,False,0.0,0.0,0.0,0.0,0.0,0.0,4.5,,0,1189.0,1307.3356996150403
2019-08-25,0.0,0.0,0.0,0,0,False,0.0,0.0,0.0,0.0,0.0,0.0,4.5,,0,1188.0,1307.3356996150403
2019-08-26,0.0,0.0,0.0,0,0,False,0.0,0.0,0.0,0.0,0.0,0.0,4.5,,0,1187.0,1307.3356996150403
2019-08-27,0.0,0.0,0.0,0,0,False,0.0,0.0,0.0,0.0,0.0,0.0,4.5,,0,1186.0,1307.3356996150403
2019-08-28,0.0,0.0,0.0,0,0,False,0.0,0.0,0.0,0.0,0.0,0.0,4.5,,0,1185.0,1307.3356996150403
2019-08-29,0.0,0.0,0.0,0,0,False,0.0,0.0,0.0,0.0,0.0,0.0,4.5,,0,1184.0,1307.3356996150403
2019-08-30,0.0,0.0,0.0,0,0,False,0.0,0.0,0.0,0.0,0.0,0.0,4.5,,0,1183.0,1307.3356996150403
2019-08-31,0.0,0.0,0.0,0,0,False,0.0,0.0,0.0,0.0,0.0,0.0,4.5,,0,1182.0,1307.3356996150403
2019-09-01,0.0,0.0,0.0,0,0,False,0.0,0.0,0.0,0.0,0.0,0.0,4.5,,0,1181.0,1307.3356996150403
2019-09-02,0.0,0.0,0.0,0,0,False,0.0,0.0,0.0,0.0,0.0,0.0,4.5,,0,1180.0,1307.3356996150403
2019-09-03,0.0,0.0,0.0,0,0,False,0.0,0.0,0.0,0.0,0.0,0.0,4.5,,0,1179.0,1307.3356996150403
2019-09-04,0.0,0.0,0.0,0,0,False,0.0,0.0,0.0,0.0,0.0,0.0,4.5,,0,1178.0,1307.3356996150403
2019-09-05,0.0,0.0,0.0,0,0,False,0.0,0.0,0.0,0.0,0.0,0.0,4.5,,0,1177.0,1307.3356996150403
2019-09-06,0.0,0.0,0.0,0,0,False,0.0,0.0,0.0,0.0,0.0,0.0,4.5,,0,1176.0,1307.3356996150403
2019-09-07,0.0,0.0,0.0,0,0,False,0.0,0.0,0.0,0.0,0.0,0.0,4.5,,0,1175.0,1307.3356996150403
2019-09-08,0.0,0.0,0.0,0,0,False,0.0,0.0,0.0,0.0,0.0,0.0,4.5,,0,1174.0,1307.3356996150403
2019-09-09,0.0,0.0,0.0,0,0,False,0.0,0.0,0.0,0.0,0.0,0.0,4.5,,0,1173.0,1307.3356996150403
2019-09-10,0.0,0.0,0.0,0,0,False,0.0,0.0,0.0,0.0,0.0,0.0,4.5,,0,1172.0,1307.3356996150403
2019-09-11,0.0,0.0,0.0,0,0,False,0.0,0.0,0.0,0.0,0.0,0.0,4.5,,0,1171.0,1307.3356996150403
2019-09-12,0.0,0.0,0.0,0,0,False,0.0,0.0,0.0,0.0,0.0,0.0,4.5,,0,1170.0,1307.3356996150403
2019-09-13,0.0,0.0,0.0,0,0,False,0.0,0.0,0.0,0.0,0.0,0.0,4.5,,0,1169.0,1307.3356996150403
2019-09-14,0.0,0.0,0.0,0,0,False,0.0,0.0,0.0,0.0,0.0,0.0,4.5,,0,1168.0,1307.3356996150403
2019-09-15,0.0,0.0,0.0,0,0,False,0.0,0.0,0.0,0.0,0.0,0.0,4.5,,0,1167.0,1307.3356996150403
2019-09-16,0.0,0.0,0.0,0,0,False,0.0,0.0,0.0,0.0,0.0,0.0,4.5,,0,1166.0,1307.3356996150403
2019-09-17,0.0,0.0,0.0,0,0,False,0.0,0.0,0.0,0.0,0.0,0.0,4.5,,0,1165.0,1307.3356996150403
2019-09-18,0.0,0.0,0.0,0,0,False,0.0,0.0,0.0,0.0,0.0,0.0,4.5,,0,1164.0,1307.3356996150403
2019-09-19,0.0,0.0,0.0,0,0,False,0.0,0.0,0.0,0.0,0.0,0.0,4.5,,0,1163.0,1307.3356996150403
2019-09-20,0.0,0.0,0.0,0,0,False,0.0,0.0,0.0,0.0,0.0,0.0,4.5,,0,1162.0,1307.3356996150403
2019-09-21,0.0,0.0,0.0,0,0,False,0.0,0.0,0.0,0.0,0.0,0.0,4.5,,0,1161.0,1307.3356996150403
2019-09-22,0.0,0.0,0.0,0,0,False,0.0,0.0,0.0,0.0,0.0,0.0,4.5,,0,1160.0,1307.3356996150403
2019-09-23,0.0,0.0,0.0,0,0,False,0.0,0.0,0.0,0.0,0.0,0.0,4.5,,0,1159.0,1307.3356996150403
2019-09-24,0.0,0.0,0.0,0,0,False,0.0,0.0,0.0,0.0,0.0,0.0,4.5,,0,1158.0,1307.3356996150403
2019-09-25,0.0,0.0,0.0,0,0,False,0.0,0.0,0.0,0.0,0.0,0.0,4.5,,0,1157.0,1307.3356996150403
2019-09-26,0.0,0.0,0.0,0,0,False,0.0,0.0,0.0,0.0,0.0,0.0,4.5,,0,1156.0,1307.3356996150403
2019-09-27,0.0,0.0,0.0,0,0,False,0.0,0.0,0.0,0.0,0.0,0.0,4.5,,0,1155.0,1307.3356996150403
2019-09-28,0.0,0.0,0.0,0,0,False,0.0,0.0,0.0,0.0,0.0,0.0,4.5,,0,1154.0,1307.3356996150403
2019-09-29,0.0,0.0,0.0,0,0,False,0.0,0.0,0.0,0.0,0.0,0.0,4.5,,0,1153.0,1307.3356996150403
2019-09-30,0.0,0.0,0.0,0,0,False,0.0,0.0,0.0,0.0,0.0,0.0,4.5,,0,1152.0,1307.3356996150403
2019-10-01,0.0,0.0,0.0,0,0,False,0.0,0.0,0.0,0.0,0.0,0.0,4.5,,0,1151.0,1307.3356996150403
2019-10-02,0.0,0.0,0.0,0,0,False,0.0,0.0,0.0,0.0,0.0,0.0,4.5,,0,1150.0,1307.3356996150403
2019-10-03,0.0,0.0,0.0,0,0,False,0.0,0.0,0.0,0.0,0.0,0.0,4.5,,0,1149.0,1307.3356996150403
2019-10-04,0.0,0.0,0.0,0,0,False,0.0,0.0,0.0,0.0,0.0,0.0,4.5,,0,1148.0,1307.3356996150403
2019-10-05,0.0,0.0,0.0,0,0,False,0.0,0.0,0.0,0.0,0.0,0.0,4.5,,0,1147.0,1307.3356996150403
2019-10-06,0.0,0.0,0.0,0,0,False,0.0,0.0,0.0,0.0,0.0,0.0,4.5,,0,1146.0,1307.3356996150403
2019-10-07,0.0,0.0,0.0,0,0,False,0.0,0.0,0.0,0.0,0.0,0.0,4.5,,0,1145.0,1307.3356996150403
2019-10-08,0.0,0.0,0.0,0,0,False,0.0,0.0,0.0,0.0,0.0,0.0,4.5,,0,1144.0,1307.3356996150403
2019-10-09,0.0,0.0,0.0,0,0,False,0.0,0.0,0.0,0.0,0.0,0.0,4.5,,0,1143.0,1307.3356996150403
2019-10-10,0.0,0.0,0.0,0,0,False,0.0,0.0,0.0,0.0,0.0,0.0,4.5,,0,1142.0,1307.3356996150403
2019-10-11,0.0,0.0,0.0,0,0,False,0.0,0.0,0.0,0.0,0.0,0.0,4.5,,0,1141.0,1307.3356996150403
2019-10-12,0.0,0.0,0.0,0,0,False,0.0,0.0,0.0,0.0,0.0,0.0,4.5,,0,1140.0,1307.3356996150403
2019-10-13,0.0,0.0,0.0,0,0,False,0.0,0.0,0.0,0.0,0.0,0.0,4.5,,0,1139.0,1307.3356996150403
2019-10-14,0.0,0.0,0.0,0,0,False,0.0,0.0,0.0,0.0,0.0,0.0,4.5,,0,1138.0,1307.3356996150403
2019-10-15,0.0,0.0,0.0,0,0,False,0.0,0.0,0.0,0.0,0.0,0.0,4.5,,0,1137.0,1307.3356996150403
2019-10-16,0.0,0.0,0.0,0,0,False,0.0,0.0,0.0,0.0,0.0,0.0,4.5,,0,1136.0,1307.3356996150403
2019-10-17,0.0,0.0,0.0,0,0,False,0.0,0.0,0.0,0.0,0.0,0.0,4.5,,0,1135.0,1307.3356996150403
2019-10-18,0.0,0.0,0.0,0,0,False,0.0,0.0,0.0,0.0,0.0,0.0,4.5,,0,1134.0,1307.3356996150403
2019-10-19,0.0,0.0,0.0,0,0,False,0.0,0.0,0.0,0.0,0.0,0.0,4.5,,0,1133.0,1307.3356996150403
2019-10-20,0.0,0.0,0.0,0,0,False,0.0,0.0,0.0,0.0,0.0,0.0,4.5,,0,1132.0,1307.3356996150403
2019-10-21,0.0,0.0,0.0,0,0,False,0.0,0.0,0.0,0.0,0.0,0.0,4.5,,0,1131.0,1307.3356996150403
2019-10-22,0.0,0.0,0.0,0,0,False,0.0,0.0,0.0,0.0,0.0,0.0,4.5,,0,1130.0,1307.3356996150403
2019-10-23,0.0,0.0,0.0,0,0,False,0.0,0.0,0.0,0.0,0.0,0.0,4.5,,0,1129.0,1307.3356996150403
2019-10-24,0.0,0.0,0.0,0,0,False,0.0,0.0,0.0,0.0,0.0,0.0,4.5,,0,1128.0,1307.3356996150403
2019-10-25,0.0,0.0,0.0,0,0,False,0.0,0.0,0.0,0.0,0.0,0.0,4.5,,0,1127.0,1307.3356996150403
2019-10-26,0.0,0.0,0.0,0,0,False,0.0,0.0,0.0,0.0,0.0,0.0,4.5,,0,1126.0,1307.3356996150403
2019-10-27,0.0,0.0,0.0,0,0,False,0.0,0.0,0.0,0.0,0.0,0.0,4.5,,0,1125.0,1307.3356996150403
2019-10-28,0.0,0.0,0.0,0,0,False,0.0,0.0,0.0,0.0,0.0,0.0,4.5,,0,1124.0,1307.3356996150403
2019-10-29,0.0,0.0,0.0,0,0,False,0.0,0.0,0.0,0.0,0.0,0.0,4.5,,0,1123.0,1307.3356996150403
2019-10-30,0.0,0.0,0.0,0,0,False,0.0,0.0,0.0,0.0,0.0,0.0,4.5,,0,1122.0,1307.3356996150403
2019-10-31,0.0,0.0,0.0,0,0,False,0.0,0.0,0.0,0.0,0.0,0.0,4.5,,0,1121.0,1307.3356996150403
2019-11-01,0.0,0.0,0.0,0,0,False,0.0,0.0,0.0,0.0,0.0,0.0,4.5,,0,1120.0,1307.3356996150403
2019-11-02,0.0,0.0,0.0,0,0,False,0.0,0.0,0.0,0.0,0.0,0.0,4.5,,0,1119.0,1307.3356996150403
2019-11-03,0.0,0.0,0.0,0,0,False,0.0,0.0,0.0,0.0,0.0,0.0,4.5,,0,1118.0,1307.3356996150403
2019-11-04,0.0,0.0,0.0,0,0,False,0.0,0.0,0.0,0.0,0.0,0.0,4.5,,0,1117.0,1307.3356996150403
2019-11-05,0.0,0.0,0.0,0,0,False,0.0,0.0,0.0,0.0,0.0,0.0,4.5,,0,1116.0,1307.3356996150403
2019-11-06,0.0,0.0,0.0,0,0,False,0.0,0.0,0.0,0.0,0.0,0.0,4.5,,0,1115.0,1307.3356996150403
2019-11-07,0.0,0.0,0.0,0,0,False,0.0,0.0,0.0,0.0,0.0,0.0,4.5,,0,1114.0,1307.3356996150403
2019-11-08,0.0,0.0,0.0,0,0,False,0.0,0.0,0.0,0.0,0.0,0.0,4.5,,0,1113.0,1307.3356996150403
2019-11-09,0.0,0.0,0.0,0,0,False,0.0,0.0,0.0,0.0,0.0,0.0,4.5,,0,1112.0,1307.3356996150403
2019-11-10,0.0,0.0,0.0,0,0,False,0.0,0.0,0.0,0.0,0.0,0.0,4.5,,0,1111.0,1307.3356996150403
2019-11-11,0.0,0.0,0.0,0,0,False,0.0,0.0,0.0,0.0,0.0,0.0,4.5,,0,1110.0,1307.3356996150403
2019-11-12,0.0,0.0,0.0,0,0,False,0.0,0.0,0.0,0.0,0.0,0.0,4.5,,0,1109.0,1307.3356996150403
2019-11-13,0.0,0.0,0.0,0,0,False,0.0,0.0,0.0,0.0,0.0,0.0,4.5,,0,1108.0,1307.3356996150403
2019-11-14,0.0,0.0,0.0,0,0,False,0.0,0.0,0.0,0.0,0.0,0.0,4.5,,0,1107.0,1307.3356996150403
2019-11-15,0.0,0.0,0.0,0,0,False,0.0,0.0,0.0,0.0,0.0,0.0,4.5,,0,1106.0,1307.3356996150403
2019-11-16,0.0,0.0,0.0,0,0,False,0.0,0.0,0.0,0.0,0.0,0.0,4.5,,0,1105.0,1307.3356996150403
2019-11-17,0.0,0.0,0.0,0,0,False,0.0,0.0,0.0,0.0,0.0,0.0,4.5,,0,1104.0,1307.3356996150403
2019-11-18,0.0,0.0,0.0,0,0,False,0.0,0.0,0.0,0.0,0.0,0.0,4.5,,0,1103.0,1307.3356996150403
2019-11-19,0.0,0.0,0.0,0,0,False,0.0,0.0,0.0,0.0,0.0,0.0,4.5,,0,1102.0,1307.3356996150403
2019-11-20,0.0,0.0,0.0,0,0,False,0.0,0.0,0.0,0.0,0.0,0.0,4.5,,0,1101.0,1307.3356996150403
2019-11-21,0.0,0.0,0.0,0,0,False,0.0,0.0,0.0,0.0,0.0,0.0,4.5,,0,1100.0,1307.3356996150403
2019-11-22,0.0,0.0,0.0,0,0,False,0.0,0.0,0.0,0.0,0.0,0.0,4.5,,0,1099.0,1307.3356996150403
2019-11-23,0.0,0.0,0.0,0,0,False,0.0,0.0,0.0,0.0,0.0,0.0,4.5,,0,1098.0,1307.3356996150403
2019-11-24,0.0,0.0,0.0,0,0,False,0.0,0.0,0.0,0.0,0.0,0.0,4.5,,0,1097.0,1307.3356996150403
2019-11-25,0.0,0.0,0.0,0,0,False,0.0,0.0,0.0,0.0,0.0,0.0,4.5,,0,1096.0,1307.3356996150403
2019-11-26,0.0,0.0,0.0,0,0,False,0.0,0.0,0.0,0.0,0.0,0.0,4.5,,0,1095.0,1307.3356996150403
2019-11-27,0.0,0.0,0.0,0,0,False,0.0,0.0,0.0,0.0,0.0,0.0,4.5,,0,1094.0,1307.3356996150403
2019-11-28,0.0,0.0,0.0,0,0,False,0.0,0.0,0.0,0.0,0.0,0.0,4.5,,0,1093.0,1307.3356996150403
2019-11-29,0.0,0.0,0.0,0,0,False,0.0,0.0,0.0,0.0,0.0,0.0,4.5,,0,1092.0,1307.3356996150403
2019-11-30,0.0,0.0,0.0,0,0,False,0.0,0.0,0.0,0.0,0.0,0.0,4.5,,0,1091.0,1307.3356996150403
2019-12-01,0.0,0.0,0.0,0,0,False,0.0,0.0,0.0,0.0,0.0,0.0,4.5,,0,1090.0,1307.3356996150403
2019-12-02,0.0,0.0,0.0,0,0,False,0.0,0.0,0.0,0.0,0.0,0.0,4.5,,0,1089.0,1307.3356996150403
2019-12-03,0.0,0.0,0.0,0,0,False,0.0,0.0,0.0,0.0,0.0,0.0,4.5,,0,1088.0,1307.3356996150403
2019-12-04,0.0,0.0,0.0,0,0,False,0.0,0.0,0.0,0.0,0.0,0.0,4.5,,0,1087.0,1307.3356996150403
2019-12-05,0.0,0.0,0.0,0,0,False,0.0,0.0,0.0,0.0,0.0,0.0,4.5,,0,1086.0,1307.3356996150403
2019-12-06,0.0,0.0,0.0,0,0,False,0.0,0.0,0.0,0.0,0.0,0.0,4.5,,0,1085.0,1307.3356996150403
2019-12-07,0.0,0.0,0.0,0,0,False,0.0,0.0,0.0,0.0,0.0,0.0,4.5,,0,1084.0,1307.3356996150403
2019-12-08,0.0,0.0,0.0,0,0,False,0.0,0.0,0.0,0.0,0.0,0.0,4.5,,0,1083.0,1307.3356996150403
2019-12-09,0.0,0.0,0.0,0,0,False,0.0,0.0,0.0,0.0,0.0,0.0,4.5,,0,1082.0,1307.3356996150403
2019-12-10,0.0,0.0,0.0,0,0,False,0.0,0.0,0.0,0.0,0.0,0.0,4.5,,0,1081.0,1307.3356996150403
2019-12-11,0.0,0.0,0.0,0,0,False,0.0,0.0,0.0,0.0,0.0,0.0,4.5,,0,1080.0,1307.3356996150403
2019-12-12,0.0,0.0,0.0,0,0,False,0.0,0.0,0.0,0.0,0.0,0.0,4.5,,0,1079.0,1307.3356996150403
2019-12-13,0.0,0.0,0.0,0,0,False,0.0,0.0,0.0,0.0,0.0,0.0,4.5,,0,1078.0,1307.3356996150403
2019-12-14,0.0,0.0,0.0,0,0,False,0.0,0.0,0.0,0.0,0.0,0.0,4.5,,0,1077.0,1307.3356996150403
2019-12-15,0.0,0.0,0.0,0,0,False,0.0,0.0,0.0,0.0,0.0,0.0,4.5,,0,1076.0,1307.3356996150403
2019-12-16,0.0,0.0,0.0,0,0,False,0.0,0.0,0.0,0.0,0.0,0.0,4.5,,0,1075.0,1307.3356996150403
2019-12-17,0.0,0.0,0.0,0,0,False,0.0,0.0,0.0,0.0,0.0,0.0,4.5,,0,1074.0,1307.3356996150403
2019-12-18,0.0,0.0,0.0,0,0,False,0.0,0.0,0.0,0.0,0.0,0.0,4.5,,0,1073.0,1307.3356996150403
2019-12-19,0.0,0.0,0.0,0,0,False,0.0,0.0,0.0,0.0,0.0,0.0,4.5,,0,1072.0,1307.3356996150403
2019-12-20,0.0,0.0,0.0,0,0,False,0.0,0.0,0.0,0.0,0.0,0.0,4.5,,0,1071.0,1307.3356996150403
2019-12-21,0.0,0.0,0.0,0,0,False,0.0,0.0,0.0,0.0,0.0,0.0,4.5,,0,1070.0,1307.3356996150403
2019-12-22,0.0,0.0,0.0,0,0,False,0.0,0.0,0.0,0.0,0.0,0.0,4.5,,0,1069.0,1307.3356996150403
2019-12-23,0.0,0.0,0.0,0,0,False,0.0,0.0,0.0,0.0,0.0,0.0,4.5,,0,1068.0,1307.3356996150403
2019-12-24,0.0,0.0,0.0,0,0,False,0.0,0.0,0.0,0.0,0.0,0.0,4.5,,0,1067.0,1307.3356996150403
2019-12-25,0.0,0.0,0.0,0,0,False,0.0,0.0,0.0,0.0,0.0,0.0,4.5,,0,1066.0,1307.3356996150403
2019-12-26,0.0,0.0,0.0,0,0,False,0.0,0.0,0.0,0.0,0.0,0.0,4.5,,0,1065.0,1307.3356996150403
2019-12-27,0.0,0.0,0.0,0,0,False,0.0,0.0,0.0,0.0,0.0,0.0,4.5,,0,1064.0,1307.3356996150403
2019-12-28,0.0,0.0,0.0,0,0,False,0.0,0.0,0.0,0.0,0.0,0.0,4.5,,0,1063.0,1307.3356996150403
2019-12-29,0.0,0.0,0.0,0,0,False,0.0,0.0,0.0,0.0,0.0,0.0,4.5,,0,1062.0,1307.3356996150403
2019-12-30,0.0,0.0,0.0,0,0,False,0.0,0.0,0.0,0.0,0.0,0.0,4.5,,0,1061.0,1307.3356996150403
2019-12-31,0.0,0.0,0.0,0,0,False,0.0,0.0,0.0,0.0,0.0,0.0,4.5,,0,1060.0,1307.3356996150403
2020-01-01,0.0,0.0,0.0,0,0,False,0.0,0.0,0.0,0.0,0.0,0.0,4.5,,0,1059.0,1307.3356996150403
2020-01-02,0.0,0.0,0.0,0,0,False,0.0,0.0,0.0,0.0,0.0,0.0,4.5,,0,1058.0,1307.3356996150403
2020-01-03,0.0,0.0,0.0,0,0,False,0.0,0.0,0.0,0.0,0.0,0.0,4.5,,0,1057.0,1307.3356996150403
2020-01-04,0.0,0.0,0.0,0,0,False,0.0,0.0,0.0,0.0,0.0,0.0,4.5,,0,1056.0,1307.3356996150403
2020-01-05,0.0,0.0,0.0,0,0,False,0.0,0.0,0.0,0.0,0.0,0.0,4.5,,0,1055.0,1307.3356996150403
2020-01-06,0.0,0.0,0.0,0,0,False,0.0,0.0,0.0,0.0,0.0,0.0,4.5,,0,1054.0,1307.3356996150403
2020-01-07,0.0,0.0,0.0,0,0,False,0.0,0.0,0.0,0.0,0.0,0.0,4.5,,0,1053.0,1307.3356996150403
2020-01-08,0.0,0.0,0.0,0,0,False,0.0,0.0,0.0,0.0,0.0,0.0,4.5,,0,1052.0,1307.3356996150403
2020-01-09,0.0,0.0,0.0,0,0,False,0.0,0.0,0.0,0.0,0.0,0.0,4.5,,0,1051.0,1307.3356996150403
2020-01-10,0.0,0.0,0.0,0,0,False,0.0,0.0,0.0,0.0,0.0,0.0,4.5,,0,1050.0,1307.3356996150403
2020-01-11,0.0,0.0,0.0,0,0,False,0.0,0.0,0.0,0.0,0.0,0.0,4.5,,0,1049.0,1307.3356996150403
2020-01-12,0.0,0.0,0.0,0,0,False,0.0,0.0,0.0,0.0,0.0,0.0,4.5,,0,1048.0,1307.3356996150403
2020-01-13,0.0,0.0,0.0,0,0,False,0.0,0.0,0.0,0.0,0.0,0.0,4.5,,0,1047.0,1307.3356996150403
2020-01-14,0.0,0.0,0.0,0,0,False,0.0,0.0,0.0,0.0,0.0,0.0,4.5,,0,1046.0,1307.3356996150403
2020-01-15,0.0,0.0,0.0,0,0,False,0.0,0.0,0.0,0.0,0.0,0.0,4.5,,0,1045.0,1307.3356996150403
2020-01-16,0.0,0.0,0.0,0,0,False,0.0,0.0,0.0,0.0,0.0,0.0,4.5,,0,1044.0,1307.3356996150403
2020-01-17,0.0,0.0,0.0,0,0,False,0.0,0.0,0.0,0.0,0.0,0.0,4.5,,0,1043.0,1307.3356996150403
2020-01-18,0.0,0.0,0.0,0,0,False,0.0,0.0,0.0,0.0,0.0,0.0,4.5,,0,1042.0,1307.3356996150403
2020-01-19,0.0,0.0,0.0,0,0,False,0.0,0.0,0.0,0.0,0.0,0.0,4.5,,0,1041.0,1307.3356996150403
2020-01-20,0.0,0.0,0.0,0,0,False,0.0,0.0,0.0,0.0,0.0,0.0,4.5,,0,1040.0,1307.3356996150403
2020-01-21,0.0,0.0,0.0,0,0,False,0.0,0.0,0.0,0.0,0.0,0.0,4.5,,0,1039.0,1307.3356996150403
2020-01-22,0.0,0.0,0.0,0,0,False,0.0,0.0,0.0,0.0,0.0,0.0,4.5,,0,1038.0,1307.3356996150403
2020-01-23,0.0,0.0,0.0,0,0,False,0.0,0.0,0.0,0.0,0.0,0.0,4.5,,0,1037.0,1307.3356996150403
2020-01-24,0.0,0.0,0.0,0,0,False,0.0,0.0,0.0,0.0,0.0,0.0,4.5,,0,1036.0,1307.3356996150403
2020-01-25,0.0,0.0,0.0,0,0,False,0.0,0.0,0.0,0.0,0.0,0.0,4.5,,0,1035.0,1307.3356996150403
2020-01-26,0.0,0.0,0.0,0,0,False,0.0,0.0,0.0,0.0,0.0,0.0,4.5,,0,1034.0,1307.3356996150403
2020-01-27,0.0,0.0,0.0,0,0,False,0.0,0.0,0.0,0.0,0.0,0.0,4.5,,0,1033.0,1307.3356996150403
2020-01-28,0.0,0.0,0.0,0,0,False,0.0,0.0,0.0,0.0,0.0,0.0,4.5,,0,1032.0,1307.3356996150403
2020-01-29,0.0,0.0,0.0,0,0,False,0.0,0.0,0.0,0.0,0.0,0.0,4.5,,0,1031.0,1307.3356996150403
2020-01-30,0.0,0.0,0.0,0,0,False,0.0,0.0,0.0,0.0,0.0,0.0,4.5,,0,1030.0,1307.3356996150403
2020-01-31,0.0,0.0,0.0,0,0,False,0.0,0.0,0.0,0.0,0.0,0.0,4.5,,0,1029.0,1307.3356996150403
2020-02-01,0.0,0.0,0.0,0,0,False,0.0,0.0,0.0,0.0,0.0,0.0,4.5,,0,1028.0,1307.3356996150403
2020-02-02,0.0,0.0,0.0,0,0,False,0.0,0.0,0.0,0.0,0.0,0.0,4.5,,0,1027.0,1307.3356996150403
2020-02-03,0.0,0.0,0.0,0,0,False,0.0,0.0,0.0,0.0,0.0,0.0,4.5,,0,1026.0,1307.3356996150403
2020-02-04,0.0,0.0,0.0,0,0,False,0.0,0.0,0.0,0.0,0.0,0.0,4.5,,0,1025.0,1307.3356996150403
2020-02-05,0.0,0.0,0.0,0,0,False,0.0,0.0,0.0,0.0,0.0,0.0,4.5,,0,1024.0,1307.3356996150403
2020-02-06,0.0,0.0,0.0,0,0,False,0.0,0.0,0.0,0.0,0.0,0.0,4.5,,0,1023.0,1307.3356996150403
2020-02-07,0.0,0.0,0.0,0,0,False,0.0,0.0,0.0,0.0,0.0,0.0,4.5,,0,1022.0,1307.3356996150403
2020-02-08,0.0,0.0,0.0,0,0,False,0.0,0.0,0.0,0.0,0.0,0.0,4.5,,0,1021.0,1307.3356996150403
2020-02-09,0.0,0.0,0.0,0,0,False,0.0,0.0,0.0,0.0,0.0,0.0,4.5,,0,1020.0,1307.3356996150403
2020-02-10,0.0,0.0,0.0,0,0,False,0.0,0.0,0.0,0.0,0.0,0.0,4.5,,0,1019.0,1307.3356996150403
2020-02-11,0.0,0.0,0.0,0,0,False,0.0,0.0,0.0,0.0,0.0,0.0,4.5,,0,1018.0,1307.3356996150403
2020-02-12,0.0,0.0,0.0,0,0,False,0.0,0.0,0.0,0.0,0.0,0.0,4.5,,0,1017.0,1307.3356996150403
2020-02-13,0.0,0.0,0.0,0,0,False,0.0,0.0,0.0,0.0,0.0,0.0,4.5,,0,1016.0,1307.3356996150403
2020-02-14,0.0,0.0,0.0,0,0,False,0.0,0.0,0.0,0.0,0.0,0.0,4.5,,0,1015.0,1307.3356996150403
2020-02-15,0.0,0.0,0.0,0,0,False,0.0,0.0,0.0,0.0,0.0,0.0,4.5,,0,1014.0,1307.3356996150403
2020-02-16,0.0,0.0,0.0,0,0,False,0.0,0.0,0.0,0.0,0.0,0.0,4.5,,0,1013.0,1307.3356996150403
2020-02-17,0.0,0.0,0.0,0,0,False,0.0,0.0,0.0,0.0,0.0,0.0,4.5,,0,1012.0,1307.3356996150403
2020-02-18,0.0,0.0,0.0,0,0,False,0.0,0.0,0.0,0.0,0.0,0.0,4.5,,0,1011.0,1307.3356996150403
2020-02-19,0.0,0.0,0.0,0,0,False,0.0,0.0,0.0,0.0,0.0,0.0,4.5,,0,1010.0,1307.3356996150403
2020-02-20,0.0,0.0,0.0,0,0,False,0.0,0.0,0.0,0.0,0.0,0.0,4.5,,0,1009.0,1307.3356996150403
2020-02-21,0.0,0.0,0.0,0,0,False,0.0,0.0,0.0,0.0,0.0,0.0,4.5,,0,1008.0,1307.3356996150403
2020-02-22,0.0,0.0,0.0,0,0,False,0.0,0.0,0.0,0.0,0.0,0.0,4.5,,0,1007.0,1307.3356996150403
2020-02-23,0.0,0.0,0.0,0,0,False,0.0,0.0,0.0,0.0,0.0,0.0,4.5,,0,1006.0,1307.3356996150403
2020-02-24,0.0,0.0,0.0,0,0,False,0.0,0.0,0.0,0.0,0.0,0.0,4.5,,0,1005.0,1307.3356996150403
2020-02-25,0.0,0.0,0.0,0,0,False,0.0,0.0,0.0,0.0,0.0,0.0,4.5,,0,1004.0,1307.3356996150403
2020-02-26,0.0,0.0,0.0,0,0,False,0.0,0.0,0.0,0.0,0.0,0.0,4.5,,0,1003.0,1307.3356996150403
2020-02-27,0.0,0.0,0.0,0,0,False,0.0,0.0,0.0,0.0,0.0,0.0,4.5,,0,1002.0,1307.3356996150403
2020-02-28,0.0,0.0,0.0,0,0,False,0.0,0.0,0.0,0.0,0.0,0.0,4.5,,0,1001.0,1307.3356996150403
2020-02-29,0.0,0.0,0.0,0,0,False,0.0,0.0,0.0,0.0,0.0,0.0,4.5,,0,1000.0,1307.3356996150403
2020-03-01,0.0,0.0,0.0,0,0,False,0.0,0.0,0.0,0.0,0.0,0.0,4.5,,0,999.0,1307.3356996150403
2020-03-02,0.0,0.0,0.0,0,0,False,0.0,0.0,0.0,0.0,0.0,0.0,4.5,,0,998.0,1307.3356996150403
2020-03-03,0.0,0.0,0.0,0,0,False,0.0,0.0,0.0,0.0,0.0,0.0,4.5,,0,997.0,1307.3356996150403
2020-03-04,0.0,0.0,0.0,0,0,False,0.0,0.0,0.0,0.0,0.0,0.0,4.5,,0,996.0,1307.3356996150403
2020-03-05,0.0,0.0,0.0,0,0,False,0.0,0.0,0.0,0.0,0.0,0.0,4.5,,0,995.0,1307.3356996150403
2020-03-06,0.0,0.0,0.0,0,0,False,0.0,0.0,0.0,0.0,0.0,0.0,4.5,,0,994.0,1307.3356996150403
2020-03-07,0.0,0.0,0.0,0,0,False,0.0,0.0,0.0,0.0,0.0,0.0,4.5,,0,993.0,1307.3356996150403
2020-03-08,0.0,0.0,0.0,0,0,False,0.0,0.0,0.0,0.0,0.0,0.0,4.5,,0,992.0,1307.3356996150403
2020-03-09,0.0,0.0,0.0,0,0,False,0.0,0.0,0.0,0.0,0.0,0.0,4.5,,0,991.0,1307.3356996150403
2020-03-10,0.0,0.0,0.0,0,0,False,0.0,0.0,0.0,0.0,0.0,0.0,4.5,,0,990.0,1307.3356996150403
2020-03-11,0.0,0.0,0.0,0,0,False,0.0,0.0,0.0,0.0,0.0,0.0,4.5,,0,989.0,1307.3356996150403
2020-03-12,0.0,0.0,0.0,0,0,False,0.0,0.0,0.0,0.0,0.0,0.0,4.5,,0,988.0,1307.3356996150403
2020-03-13,0.0,0.0,0.0,0,0,False,0.0,0.0,0.0,0.0,0.0,0.0,4.5,,0,987.0,1307.3356996150403
2020-03-14,0.0,0.0,0.0,0,0,False,0.0,0.0,0.0,0.0,0.0,0.0,4.5,,0,986.0,1307.3356996150403
2020-03-15,0.0,0.0,0.0,0,0,False,0.0,0.0,0.0,0.0,0.0,0.0,4.5,,0,985.0,1307.3356996150403
2020-03-16,0.0,0.0,0.0,0,0,False,0.0,0.0,0.0,0.0,0.0,0.0,4.5,,0,984.0,1307.3356996150403
2020-03-17,0.0,0.0,0.0,0,0,False,0.0,0.0,0.0,0.0,0.0,0.0,4.5,,0,983.0,1307.3356996150403
2020-03-18,0.0,0.0,0.0,0,0,False,0.0,0.0,0.0,0.0,0.0,0.0,4.5,,0,982.0,1307.3356996150403
2020-03-19,0.0,0.0,0.0,0,0,False,0.0,0.0,0.0,0.0,0.0,0.0,4.5,,0,981.0,1307.3356996150403
2020-03-20,0.0,0.0,0.0,0,0,False,0.0,0.0,0.0,0.0,0.0,0.0,4.5,,0,980.0,1307.3356996150403
2020-03-21,0.0,0.0,0.0,0,0,False,0.0,0.0,0.0,0.0,0.0,0.0,4.5,,0,979.0,1307.3356996150403
2020-03-22,0.0,0.0,0.0,0,0,False,0.0,0.0,0.0,0.0,0.0,0.0,4.5,,0,978.0,1307.3356996150403
2020-03-23,0.0,0.0,0.0,0,0,False,0.0,0.0,0.0,0.0,0.0,0.0,4.5,,0,977.0,1307.3356996150403
2020-03-24,0.0,0.0,0.0,0,0,False,0.0,0.0,0.0,0.0,0.0,0.0,4.5,,0,976.0,1307.3356996150403
2020-03-25,0.0,0.0,0.0,0,0,False,0.0,0.0,0.0,0.0,0.0,0.0,4.5,,0,975.0,1307.3356996150403
2020-03-26,0.0,0.0,0.0,0,0,False,0.0,0.0,0.0,0.0,0.0,0.0,4.5,,0,974.0,1307.3356996150403
2020-03-27,0.0,0.0,0.0,0,0,False,0.0,0.0,0.0,0.0,0.0,0.0,4.5,,0,973.0,1307.3356996150403
2020-03-28,0.0,0.0,0.0,0,0,False,0.0,0.0,0.0,0.0,0.0,0.0,4.5,,0,972.0,1307.3356996150403
2020-03-29,0.0,0.0,0.0,0,0,False,0.0,0.0,0.0,0.0,0.0,0.0,4.5,,0,971.0,1307.3356996150403
2020-03-30,0.0,0.0,0.0,0,0,False,0.0,0.0,0.0,0.0,0.0,0.0,4.5,,0,970.0,1307.3356996150403
2020-03-31,0.0,0.0,0.0,0,0,False,0.0,0.0,0.0,0.0,0.0,0.0,4.5,,0,969.0,1307.3356996150403
2020-04-01,0.0,0.0,0.0,0,0,False,0.0,0.0,0.0,0.0,0.0,0.0,4.5,,0,968.0,1307.3356996150403
2020-04-02,0.0,0.0,0.0,0,0,False,0.0,0.0,0.0,0.0,0.0,0.0,4.5,,0,967.0,1307.3356996150403
2020-04-03,0.0,0.0,0.0,0,0,False,0.0,0.0,0.0,0.0,0.0,0.0,4.5,,0,966.0,1307.3356996150403
2020-04-04,0.0,0.0,0.0,0,0,False,0.0,0.0,0.0,0.0,0.0,0.0,4.5,,0,965.0,1307.3356996150403
2020-04-05,0.0,0.0,0.0,0,0,False,0.0,0.0,0.0,0.0,0.0,0.0,4.5,,0,964.0,1307.3356996150403
2020-04-06,0.0,0.0,0.0,0,0,False,0.0,0.0,0.0,0.0,0.0,0.0,4.5,,0,963.0,1307.3356996150403
2020-04-07,0.0,0.0,0.0,0,0,False,0.0,0.0,0.0,0.0,0.0,0.0,4.5,,0,962.0,1307.3356996150403
2020-04-08,0.0,0.0,0.0,0,0,False,0.0,0.0,0.0,0.0,0.0,0.0,4.5,,0,961.0,1307.3356996150403
2020-04-09,0.0,0.0,0.0,0,0,False,0.0,0.0,0.0,0.0,0.0,0.0,4.5,,0,960.0,1307.3356996150403
2020-04-10,0.0,0.0,0.0,0,0,False,0.0,0.0,0.0,0.0,0.0,0.0,4.5,,0,959.0,1307.3356996150403
2020-04-11,0.0,0.0,0.0,0,0,False,0.0,0.0,0.0,0.0,0.0,0.0,4.5,,0,958.0,1307.3356996150403
2020-04-12,0.0,0.0,0.0,0,0,False,0.0,0.0,0.0,0.0,0.0,0.0,4.5,,0,957.0,1307.3356996150403
2020-04-13,0.0,0.0,0.0,0,0,False,0.0,0.0,0.0,0.0,0.0,0.0,4.5,,0,956.0,1307.3356996150403
2020-04-14,0.0,0.0,0.0,0,0,False,0.0,0.0,0.0,0.0,0.0,0.0,4.5,,0,955.0,1307.3356996150403
2020-04-15,0.0,0.0,0.0,0,0,False,0.0,0.0,0.0,0.0,0.0,0.0,4.5,,0,954.0,1307.3356996150403
2020-04-16,0.0,0.0,0.0,0,0,False,0.0,0.0,0.0,0.0,0.0,0.0,4.5,,0,953.0,1307.3356996150403
2020-04-17,0.0,0.0,0.0,0,0,False,0.0,0.0,0.0,0.0,0.0,0.0,4.5,,0,952.0,1307.3356996150403
2020-04-18,0.0,0.0,0.0,0,0,False,0.0,0.0,0.0,0.0,0.0,0.0,4.5,,0,951.0,1307.3356996150403
2020-04-19,0.0,0.0,0.0,0,0,False,0.0,0.0,0.0,0.0,0.0,0.0,4.5,,0,950.0,1307.3356996150403
2020-04-20,0.0,0.0,0.0,0,0,False,0.0,0.0,0.0,0.0,0.0,0.0,4.5,,0,949.0,1307.3356996150403
2020-04-21,0.0,0.0,0.0,0,0,False,0.0,0.0,0.0,0.0,0.0,0.0,4.5,,0,948.0,1307.3356996150403
2020-04-22,0.0,0.0,0.0,0,0,False,0.0,0.0,0.0,0.0,0.0,0.0,4.5,,0,947.0,1307.3356996150403
2020-04-23,0.0,0.0,0.0,0,0,False,0.0,0.0,0.0,0.0,0.0,0.0,4.5,,0,946.0,1307.3356996150403
2020-04-24,0.0,0.0,0.0,0,0,False,0.0,0.0,0.0,0.0,0.0,0.0,4.5,,0,945.0,1307.3356996150403
2020-04-25,0.0,0.0,0.0,0,0,False,0.0,0.0,0.0,0.0,0.0,0.0,4.5,,0,944.0,1307.3356996150403
2020-04-26,0.0,0.0,0.0,0,0,False,0.0,0.0,0.0,0.0,0.0,0.0,4.5,,0,943.0,1307.3356996150403
2020-04-27,0.0,0.0,0.0,0,0,False,0.0,0.0,0.0,0.0,0.0,0.0,4.5,,0,942.0,1307.3356996150403
2020-04-28,0.0,0.0,0.0,0,0,False,0.0,0.0,0.0,0.0,0.0,0.0,4.5,,0,941.0,1307.3356996150403
2020-04-29,0.0,0.0,0.0,0,0,False,0.0,0.0,0.0,0.0,0.0,0.0,4.5,,0,940.0,1307.3356996150403
2020-04-30,0.0,0.0,0.0,0,0,False,0.0,0.0,0.0,0.0,0.0,0.0,4.5,,0,939.0,1307.3356996150403
2020-05-01,0.0,0.0,0.0,0,0,False,0.0,0.0,0.0,0.0,0.0,0.0,4.5,,0,938.0,1307.3356996150403
2020-05-02,0.0,0.0,0.0,0,0,False,0.0,0.0,0.0,0.0,0.0,0.0,4.5,,0,937.0,1307.3356996150403
2020-05-03,0.0,0.0,0.0,0,0,False,0.0,0.0,0.0,0.0,0.0,0.0,4.5,,0,936.0,1307.3356996150403
2020-05-04,0.0,0.0,0.0,0,0,False,0.0,0.0,0.0,0.0,0.0,0.0,4.5,,0,935.0,1307.3356996150403
2020-05-05,0.0,0.0,0.0,0,0,False,0.0,0.0,0.0,0.0,0.0,0.0,4.5,,0,934.0,1307.3356996150403
2020-05-06,0.0,0.0,0.0,0,0,False,0.0,0.0,0.0,0.0,0.0,0.0,4.5,,0,933.0,1307.3356996150403
2020-05-07,0.0,0.0,0.0,0,0,False,0.0,0.0,0.0,0.0,0.0,0.0,4.5,,0,932.0,1307.3356996150403
2020-05-08,0.0,0.0,0.0,0,0,False,0.0,0.0,0.0,0.0,0.0,0.0,4.5,,0,931.0,1307.3356996150403
2020-05-09,0.0,0.0,0.0,0,0,False,0.0,0.0,0.0,0.0,0.0,0.0,4.5,,0,930.0,1307.3356996150403
2020-05-10,0.0,0.0,0.0,0,0,False,0.0,0.0,0.0,0.0,0.0,0.0,4.5,,0,929.0,1307.3356996150403
2020-05-11,0.0,0.0,0.0,0,0,False,0.0,0.0,0.0,0.0,0.0,0.0,4.5,,0,928.0,1307.3356996150403
2020-05-12,0.0,0.0,0.0,0,0,False,0.0,0.0,0.0,0.0,0.0,0.0,4.5,,0,927.0,1307.3356996150403
2020-05-13,0.0,0.0,0.0,0,0,False,0.0,0.0,0.0,0.0,0.0,0.0,4.5,,0,926.0,1307.3356996150403
2020-05-14,0.0,0.0,0.0,0,0,False,0.0,0.0,0.0,0.0,0.0,0.0,4.5,,0,925.0,1307.3356996150403
2020-05-15,0.0,0.0,0.0,0,0,False,0.0,0.0,0.0,0.0,0.0,0.0,4.5,,0,924.0,1307.3356996150403
2020-05-16,0.0,0.0,0.0,0,0,False,0.0,0.0,0.0,0.0,0.0,0.0,4.5,,0,923.0,1307.3356996150403
2020-05-17,0.0,0.0,0.0,0,0,False,0.0,0.0,0.0,0.0,0.0,0.0,4.5,,0,922.0,1307.3356996150403
2020-05-18,0.0,0.0,0.0,0,0,False,0.0,0.0,0.0,0.0,0.0,0.0,4.5,,0,921.0,1307.3356996150403
2020-05-19,0.0,0.0,0.0,0,0,False,0.0,0.0,0.0,0.0,0.0,0.0,4.5,,0,920.0,1307.3356996150403
2020-05-20,0.0,0.0,0.0,0,0,False,0.0,0.0,0.0,0.0,0.0,0.0,4.5,,0,919.0,1307.3356996150403
2020-05-21,0.0,0.0,0.0,0,0,False,0.0,0.0,0.0,0.0,0.0,0.0,4.5,,0,918.0,1307.3356996150403
2020-05-22,0.0,0.0,0.0,0,0,False,0.0,0.0,0.0,0.0,0.0,0.0,4.5,,0,917.0,1307.3356996150403
2020-05-23,0.0,0.0,0.0,0,0,False,0.0,0.0,0.0,0.0,0.0,0.0,4.5,,0,916.0,1307.3356996150403
2020-05-24,0.0,0.0,0.0,0,0,False,0.0,0.0,0.0,0.0,0.0,0.0,4.5,,0,915.0,1307.3356996150403
2020-05-25,0.0,0.0,0.0,0,0,False,0.0,0.0,0.0,0.0,0.0,0.0,4.5,,0,914.0,1307.3356996150403
2020-05-26,0.0,0.0,0.0,0,0,False,0.0,0.0,0.0,0.0,0.0,0.0,4.5,,0,913.0,1307.3356996150403
2020-05-27,0.0,0.0,0.0,0,0,False,0.0,0.0,0.0,0.0,0.0,0.0,4.5,,0,912.0,1307.3356996150403
2020-05-28,0.0,0.0,0.0,0,0,False,0.0,0.0,0.0,0.0,0.0,0.0,4.5,,0,911.0,1307.3356996150403
2020-05-29,0.0,0.0,0.0,0,0,False,0.0,0.0,0.0,0.0,0.0,0.0,4.5,,0,910.0,1307.3356996150403
2020-05-30,0.0,0.0,0.0,0,0,False,0.0,0.0,0.0,0.0,0.0,0.0,4.5,,0,909.0,1307.3356996150403
2020-05-31,0.0,0.0,0.0,0,0,False,0.0,0.0,0.0,0.0,0.0,0.0,4.5,,0,908.0,1307.3356996150403
2020-06-01,0.0,0.0,0.0,0,0,False,0.0,0.0,0.0,0.0,0.0,0.0,4.5,,0,907.0,1307.3356996150403
2020-06-02,0.0,0.0,0.0,0,0,False,0.0,0.0,0.0,0.0,0.0,0.0,4.5,,0,906.0,1307.3356996150403
2020-06-03,0.0,0.0,0.0,0,0,False,0.0,0.0,0.0,0.0,0.0,0.0,4.5,,0,905.0,1307.3356996150403
2020-06-04,0.0,0.0,0.0,0,0,False,0.0,0.0,0.0,0.0,0.0,0.0,4.5,,0,904.0,1307.3356996150403
2020-06-05,0.0,0.0,0.0,0,0,False,0.0,0.0,0.0,0.0,0.0,0.0,4.5,,0,903.0,1307.3356996150403
2020-06-06,0.0,0.0,0.0,0,0,False,0.0,0.0,0.0,0.0,0.0,0.0,4.5,,0,902.0,1307.3356996150403
2020-06-07,0.0,0.0,0.0,0,0,False,0.0,0.0,0.0,0.0,0.0,0.0,4.5,,0,901.0,1307.3356996150403
2020-06-08,0.0,0.0,0.0,0,0,False,0.0,0.0,0.0,0.0,0.0,0.0,4.5,,0,900.0,1307.3356996150403
2020-06-09,0.0,0.0,0.0,0,0,False,0.0,0.0,0.0,0.0,0.0,0.0,4.5,,0,899.0,1307.3356996150403
2020-06-10,0.0,0.0,0.0,0,0,False,0.0,0.0,0.0,0.0,0.0,0.0,4.5,,0,898.0,1307.3356996150403
2020-06-11,0.0,0.0,0.0,0,0,False,0.0,0.0,0.0,0.0,0.0,0.0,4.5,,0,897.0,1307.3356996150403
2020-06-12,0.0,0.0,0.0,0,0,False,0.0,0.0,0.0,0.0,0.0,0.0,4.5,,0,896.0,1307.3356996150403
2020-06-13,0.0,0.0,0.0,0,0,False,0.0,0.0,0.0,0.0,0.0,0.0,4.5,,0,895.0,1307.3356996150403
2020-06-14,0.0,0.0,0.0,0,0,False,0.0,0.0,0.0,0.0,0.0,0.0,4.5,,0,894.0,1307.3356996150403
2020-06-15,0.0,0.0,0.0,0,0,False,0.0,0.0,0.0,0.0,0.0,0.0,4.5,,0,893.0,1307.3356996150403
2020-06-16,0.0,0.0,0.0,0,0,False,0.0,0.0,0.0,0.0,0.0,0.0,4.5,,0,892.0,1307.3356996150403
2020-06-17,0.0,0.0,0.0,0,0,False,0.0,0.0,0.0,0.0,0.0,0.0,4.5,,0,891.0,1307.3356996150403
2020-06-18,0.0,0.0,0.0,0,0,False,0.0,0.0,0.0,0.0,0.0,0.0,4.5,,0,890.0,1307.3356996150403
2020-06-19,0.0,0.0,0.0,0,0,False,0.0,0.0,0.0,0.0,0.0,0.0,4.5,,0,889.0,1307.3356996150403
2020-06-20,0.0,0.0,0.0,0,0,False,0.0,0.0,0.0,0.0,0.0,0.0,4.5,,0,888.0,1307.3356996150403
2020-06-21,0.0,0.0,0.0,0,0,False,0.0,0.0,0.0,0.0,0.0,0.0,4.5,,0,887.0,1307.3356996150403
2020-06-22,0.0,0.0,0.0,0,0,False,0.0,0.0,0.0,0.0,0.0,0.0,4.5,,0,886.0,1307.3356996150403
2020-06-23,0.0,0.0,0.0,0,0,False,0.0,0.0,0.0,0.0,0.0,0.0,4.5,,0,885.0,1307.3356996150403
2020-06-24,0.0,0.0,0.0,0,0,False,0.0,0.0,0.0,0.0,0.0,0.0,4.5,,0,884.0,1307.3356996150403
2020-06-25,0.0,0.0,0.0,0,0,False,0.0,0.0,0.0,0.0,0.0,0.0,4.5,,0,883.0,1307.3356996150403
2020-06-26,0.0,0.0,0.0,0,0,False,0.0,0.0,0.0,0.0,0.0,0.0,4.5,,0,882.0,1307.3356996150403
2020-06-27,0.0,0.0,0.0,0,0,False,0.0,0.0,0.0,0.0,0.0,0.0,4.5,,0,881.0,1307.3356996150403
2020-06-28,0.0,0.0,0.0,0,0,False,0.0,0.0,0.0,0.0,0.0,0.0,4.5,,0,880.0,1307.3356996150403
2020-06-29,0.0,0.0,0.0,0,0,False,0.0,0.0,0.0,0.0,0.0,0.0,4.5,,0,879.0,1307.3356996150403
2020-06-30,0.0,0.0,0.0,0,0,False,0.0,0.0,0.0,0.0,0.0,0.0,4.5,,0,878.0,1307.3356996150403
2020-07-01,0.0,0.0,0.0,0,0,False,0.0,0.0,0.0,0.0,0.0,0.0,4.5,,0,877.0,1307.3356996150403
2020-07-02,0.0,0.0,0.0,0,0,False,0.0,0.0,0.0,0.0,0.0,0.0,4.5,,0,876.0,1307.3356996150403
2020-07-03,0.0,0.0,0.0,0,0,False,0.0,0.0,0.0,0.0,0.0,0.0,4.5,,0,875.0,1307.3356996150403
2020-07-04,0.0,0.0,0.0,0,0,False,0.0,0.0,0.0,0.0,0.0,0.0,4.5,,0,874.0,1307.3356996150403
2020-07-05,0.0,0.0,0.0,0,0,False,0.0,0.0,0.0,0.0,0.0,0.0,4.5,,0,873.0,1307.3356996150403
2020-07-06,0.0,0.0,0.0,0,0,False,0.0,0.0,0.0,0.0,0.0,0.0,4.5,,0,872.0,1307.3356996150403
2020-07-07,0.0,0.0,0.0,0,0,False,0.0,0.0,0.0,0.0,0.0,0.0,4.5,,0,871.0,1307.3356996150403
2020-07-08,0.0,0.0,0.0,0,0,False,0.0,0.0,0.0,0.0,0.0,0.0,4.5,,0,870.0,1307.3356996150403
2020-07-09,0.0,0.0,0.0,0,0,False,0.0,0.0,0.0,0.0,0.0,0.0,4.5,,0,869.0,1307.3356996150403
2020-07-10,0.0,0.0,0.0,0,0,False,0.0,0.0,0.0,0.0,0.0,0.0,4.5,,0,868.0,1307.3356996150403
2020-07-11,0.0,0.0,0.0,0,0,False,0.0,0.0,0.0,0.0,0.0,0.0,4.5,,0,867.0,1307.3356996150403
2020-07-12,0.0,0.0,0.0,0,0,False,0.0,0.0,0.0,0.0,0.0,0.0,4.5,,0,866.0,1307.3356996150403
2020-07-13,0.0,0.0,0.0,0,0,False,0.0,0.0,0.0,0.0,0.0,0.0,4.5,,0,865.0,1307.3356996150403
2020-07-14,0.0,0.0,0.0,0,0,False,0.0,0.0,0.0,0.0,0.0,0.0,4.5,,0,864.0,1307.3356996150403
2020-07-15,0.0,0.0,0.0,0,0,False,0.0,0.0,0.0,0.0,0.0,0.0,4.5,,0,863.0,1307.3356996150403
2020-07-16,0.0,0.0,0.0,0,0,False,0.0,0.0,0.0,0.0,0.0,0.0,4.5,,0,862.0,1307.3356996150403
2020-07-17,0.0,0.0,0.0,0,0,False,0.0,0.0,0.0,0.0,0.0,0.0,4.5,,0,861.0,1307.3356996150403
2020-07-18,0.0,0.0,0.0,0,0,False,0.0,0.0,0.0,0.0,0.0,0.0,4.5,,0,860.0,1307.3356996150403
2020-07-19,0.0,0.0,0.0,0,0,False,0.0,0.0,0.0,0.0,0.0,0.0,4.5,,0,859.0,1307.3356996150403
2020-07-20,0.0,0.0,0.0,0,0,False,0.0,0.0,0.0,0.0,0.0,0.0,4.5,,0,858.0,1307.3356996150403
2020-07-21,0.0,0.0,0.0,0,0,False,0.0,0.0,0.0,0.0,0.0,0.0,4.5,,0,857.0,1307.3356996150403
2020-07-22,0.0,0.0,0.0,0,0,False,0.0,0.0,0.0,0.0,0.0,0.0,4.5,,0,856.0,1307.3356996150403
2020-07-23,0.0,0.0,0.0,0,0,False,0.0,0.0,0.0,0.0,0.0,0.0,4.5,,0,855.0,1307.3356996150403
2020-07-24,0.0,0.0,0.0,0,0,False,0.0,0.0,0.0,0.0,0.0,0.0,4.5,,0,854.0,1307.3356996150403
2020-07-25,0.0,0.0,0.0,0,0,False,0.0,0.0,0.0,0.0,0.0,0.0,4.5,,0,853.0,1307.3356996150403
2020-07-26,0.0,0.0,0.0,0,0,False,0.0,0.0,0.0,0.0,0.0,0.0,4.5,,0,852.0,1307.3356996150403
2020-07-27,0.0,0.0,0.0,0,0,False,0.0,0.0,0.0,0.0,0.0,0.0,4.5,,0,851.0,1307.3356996150403
2020-07-28,0.0,0.0,0.0,0,0,False,0.0,0.0,0.0,0.0,0.0,0.0,4.5,,0,850.0,1307.3356996150403
2020-07-29,0.0,0.0,0.0,0,0,False,0.0,0.0,0.0,0.0,0.0,0.0,4.5,,0,849.0,1307.3356996150403
2020-07-30,0.0,0.0,0.0,0,0,False,0.0,0.0,0.0,0.0,0.0,0.0,4.5,,0,848.0,1307.3356996150403
2020-07-31,0.0,0.0,0.0,0,0,False,0.0,0.0,0.0,0.0,0.0,0.0,4.5,,0,847.0,1307.3356996150403
2020-08-01,0.0,0.0,0.0,0,0,False,0.0,0.0,0.0,0.0,0.0,0.0,4.5,,0,846.0,1307.3356996150403
2020-08-02,0.0,0.0,0.0,0,0,False,0.0,0.0,0.0,0.0,0.0,0.0,4.5,,0,845.0,1307.3356996150403
2020-08-03,0.0,0.0,0.0,0,0,False,0.0,0.0,0.0,0.0,0.0,0.0,4.5,,0,844.0,1307.3356996150403
2020-08-04,0.0,0.0,0.0,0,0,False,0.0,0.0,0.0,0.0,0.0,0.0,4.5,,0,843.0,1307.3356996150403
2020-08-05,0.0,0.0,0.0,0,0,False,0.0,0.0,0.0,0.0,0.0,0.0,4.5,,0,842.0,1307.3356996150403
2020-08-06,0.0,0.0,0.0,0,0,False,0.0,0.0,0.0,0.0,0.0,0.0,4.5,,0,841.0,1307.3356996150403
2020-08-07,0.0,0.0,0.0,0,0,False,0.0,0.0,0.0,0.0,0.0,0.0,4.5,,0,840.0,1307.3356996150403
2020-08-08,0.0,0.0,0.0,0,0,False,0.0,0.0,0.0,0.0,0.0,0.0,4.5,,0,839.0,1307.3356996150403
2020-08-09,0.0,0.0,0.0,0,0,False,0.0,0.0,0.0,0.0,0.0,0.0,4.5,,0,838.0,1307.3356996150403
2020-08-10,0.0,0.0,0.0,0,0,False,0.0,0.0,0.0,0.0,0.0,0.0,4.5,,0,837.0,1307.3356996150403
2020-08-11,0.0,0.0,0.0,0,0,False,0.0,0.0,0.0,0.0,0.0,0.0,4.5,,0,836.0,1307.3356996150403
2020-08-12,0.0,0.0,0.0,0,0,False,0.0,0.0,0.0,0.0,0.0,0.0,4.5,,0,835.0,1307.3356996150403
2020-08-13,0.0,0.0,0.0,0,0,False,0.0,0.0,0.0,0.0,0.0,0.0,4.5,,0,834.0,1307.3356996150403
2020-08-14,0.0,0.0,0.0,0,0,False,0.0,0.0,0.0,0.0,0.0,0.0,4.5,,0,833.0,1307.3356996150403
2020-08-15,0.0,0.0,0.0,0,0,False,0.0,0.0,0.0,0.0,0.0,0.0,4.5,,0,832.0,1307.3356996150403
2020-08-16,0.0,0.0,0.0,0,0,False,0.0,0.0,0.0,0.0,0.0,0.0,4.5,,0,831.0,1307.3356996150403
2020-08-17,0.0,0.0,0.0,0,0,False,0.0,0.0,0.0,0.0,0.0,0.0,4.5,,0,830.0,1307.3356996150403
2020-08-18,0.0,0.0,0.0,0,0,False,0.0,0.0,0.0,0.0,0.0,0.0,4.5,,0,829.0,1307.3356996150403
2020-08-19,0.0,0.0,0.0,0,0,False,0.0,0.0,0.0,0.0,0.0,0.0,4.5,,0,828.0,1307.3356996150403
2020-08-20,0.0,0.0,0.0,0,0,False,0.0,0.0,0.0,0.0,0.0,0.0,4.5,,0,827.0,1307.3356996150403
2020-08-21,0.0,0.0,0.0,0,0,False,0.0,0.0,0.0,0.0,0.0,0.0,4.5,,0,826.0,1307.3356996150403
2020-08-22,0.0,0.0,0.0,0,0,False,0.0,0.0,0.0,0.0,0.0,0.0,4.5,,0,825.0,1307.3356996150403
2020-08-23,0.0,0.0,0.0,0,0,False,0.0,0.0,0.0,0.0,0.0,0.0,4.5,,0,824.0,1307.3356996150403
2020-08-24,0.0,0.0,0.0,0,0,False,0.0,0.0,0.0,0.0,0.0,0.0,4.5,,0,823.0,1307.3356996150403
2020-08-25,0.0,0.0,0.0,0,0,False,0.0,0.0,0.0,0.0,0.0,0.0,4.5,,0,822.0,1307.3356996150403
2020-08-26,0.0,0.0,0.0,0,0,False,0.0,0.0,0.0,0.0,0.0,0.0,4.5,,0,821.0,1307.3356996150403
2020-08-27,0.0,0.0,0.0,0,0,False,0.0,0.0,0.0,0.0,0.0,0.0,4.5,,0,820.0,1307.3356996150403
2020-08-28,0.0,0.0,0.0,0,0,False,0.0,0.0,0.0,0.0,0.0,0.0,4.5,,0,819.0,1307.3356996150403
2020-08-29,0.0,0.0,0.0,0,0,False,0.0,0.0,0.0,0.0,0.0,0.0,4.5,,0,818.0,1307.3356996150403
2020-08-30,0.0,0.0,0.0,0,0,False,0.0,0.0,0.0,0.0,0.0,0.0,4.5,,0,817.0,1307.3356996150403
2020-08-31,0.0,0.0,0.0,0,0,False,0.0,0.0,0.0,0.0,0.0,0.0,4.5,,0,816.0,1307.3356996150403
2020-09-01,0.0,0.0,0.0,0,0,False,0.0,0.0,0.0,0.0,0.0,0.0,4.5,,0,815.0,1307.3356996150403
2020-09-02,0.0,0.0,0.0,0,0,False,0.0,0.0,0.0,0.0,0.0,0.0,4.5,,0,814.0,1307.3356996150403
2020-09-03,0.0,0.0,0.0,0,0,False,0.0,0.0,0.0,0.0,0.0,0.0,4.5,,0,813.0,1307.3356996150403
2020-09-04,0.0,0.0,0.0,0,0,False,0.0,0.0,0.0,0.0,0.0,0.0,4.5,,0,812.0,1307.3356996150403
2020-09-05,0.0,0.0,0.0,0,0,False,0.0,0.0,0.0,0.0,0.0,0.0,4.5,,0,811.0,1307.3356996150403
2020-09-06,0.0,0.0,0.0,0,0,False,0.0,0.0,0.0,0.0,0.0,0.0,4.5,,0,810.0,1307.3356996150403
2020-09-07,0.0,0.0,0.0,0,0,False,0.0,0.0,0.0,0.0,0.0,0.0,4.5,,0,809.0,1307.3356996150403
2020-09-08,0.0,0.0,0.0,0,0,False,0.0,0.0,0.0,0.0,0.0,0.0,4.5,,0,808.0,1307.3356996150403
2020-09-09,0.0,0.0,0.0,0,0,False,0.0,0.0,0.0,0.0,0.0,0.0,4.5,,0,807.0,1307.3356996150403
2020-09-10,0.0,0.0,0.0,0,0,False,0.0,0.0,0.0,0.0,0.0,0.0,4.5,,0,806.0,1307.3356996150403
2020-09-11,0.0,0.0,0.0,0,0,False,0.0,0.0,0.0,0.0,0.0,0.0,4.5,,0,805.0,1307.3356996150403
2020-09-12,0.0,0.0,0.0,0,0,False,0.0,0.0,0.0,0.0,0.0,0.0,4.5,,0,804.0,1307.3356996150403
2020-09-13,0.0,0.0,0.0,0,0,False,0.0,0.0,0.0,0.0,0.0,0.0,4.5,,0,803.0,1307.3356996150403
2020-09-14,0.0,0.0,0.0,0,0,False,0.0,0.0,0.0,0.0,0.0,0.0,4.5,,0,802.0,1307.3356996150403
2020-09-15,0.0,0.0,0.0,0,0,False,0.0,0.0,0.0,0.0,0.0,0.0,4.5,,0,801.0,1307.3356996150403
2020-09-16,0.0,0.0,0.0,0,0,False,0.0,0.0,0.0,0.0,0.0,0.0,4.5,,0,800.0,1307.3356996150403
2020-09-17,0.0,0.0,0.0,0,0,False,0.0,0.0,0.0,0.0,0.0,0.0,4.5,,0,799.0,1307.3356996150403
2020-09-18,0.0,0.0,0.0,0,0,False,0.0,0.0,0.0,0.0,0.0,0.0,4.5,,0,798.0,1307.3356996150403
2020-09-19,0.0,0.0,0.0,0,0,False,0.0,0.0,0.0,0.0,0.0,0.0,4.5,,0,797.0,1307.3356996150403
2020-09-20,0.0,0.0,0.0,0,0,False,0.0,0.0,0.0,0.0,0.0,0.0,4.5,,0,796.0,1307.3356996150403
2020-09-21,0.0,0.0,0.0,0,0,False,0.0,0.0,0.0,0.0,0.0,0.0,4.5,,0,795.0,1307.3356996150403
2020-09-22,0.0,0.0,0.0,0,0,False,0.0,0.0,0.0,0.0,0.0,0.0,4.5,,0,794.0,1307.3356996150403
2020-09-23,0.0,0.0,0.0,0,0,False,0.0,0.0,0.0,0.0,0.0,0.0,4.5,,0,793.0,1307.3356996150403
2020-09-24,0.0,0.0,0.0,0,0,False,0.0,0.0,0.0,0.0,0.0,0.0,4.5,,0,792.0,1307.3356996150403
2020-09-25,0.0,0.0,0.0,0,0,False,0.0,0.0,0.0,0.0,0.0,0.0,4.5,,0,791.0,1307.3356996150403
2020-09-26,0.0,0.0,0.0,0,0,False,0.0,0.0,0.0,0.0,0.0,0.0,4.5,,0,790.0,1307.3356996150403
2020-09-27,0.0,0.0,0.0,0,0,False,0.0,0.0,0.0,0.0,0.0,0.0,4.5,,0,789.0,1307.3356996150403
2020-09-28,0.0,0.0,0.0,0,0,False,0.0,0.0,0.0,0.0,0.0,0.0,4.5,,0,788.0,1307.3356996150403
2020-09-29,0.0,0.0,0.0,0,0,False,0.0,0.0,0.0,0.0,0.0,0.0,4.5,,0,787.0,1307.3356996150403
2020-09-30,0.0,0.0,0.0,0,0,False,0.0,0.0,0.0,0.0,0.0,0.0,4.5,,0,786.0,1307.3356996150403
2020-10-01,0.0,0.0,0.0,0,0,False,0.0,0.0,0.0,0.0,0.0,0.0,4.5,,0,785.0,1307.3356996150403
2020-10-02,0.0,0.0,0.0,0,0,False,0.0,0.0,0.0,0.0,0.0,0.0,4.5,,0,784.0,1307.3356996150403
2020-10-03,0.0,0.0,0.0,0,0,False,0.0,0.0,0.0,0.0,0.0,0.0,4.5,,0,783.0,1307.3356996150403
2020-10-04,0.0,0.0,0.0,0,0,False,0.0,0.0,0.0,0.0,0.0,0.0,4.5,,0,782.0,1307.3356996150403
2020-10-05,0.0,0.0,0.0,0,0,False,0.0,0.0,0.0,0.0,0.0,0.0,4.5,,0,781.0,1307.3356996150403
2020-10-06,0.0,0.0,0.0,0,0,False,0.0,0.0,0.0,0.0,0.0,0.0,4.5,,0,780.0,1307.3356996150403
2020-10-07,0.0,0.0,0.0,0,0,False,0.0,0.0,0.0,0.0,0.0,0.0,4.5,,0,779.0,1307.3356996150403
2020-10-08,0.0,0.0,0.0,0,0,False,0.0,0.0,0.0,0.0,0.0,0.0,4.5,,0,778.0,1307.3356996150403
2020-10-09,0.0,0.0,0.0,0,0,False,0.0,0.0,0.0,0.0,0.0,0.0,4.5,,0,777.0,1307.3356996150403
2020-10-10,0.0,0.0,0.0,0,0,False,0.0,0.0,0.0,0.0,0.0,0.0,4.5,,0,776.0,1307.3356996150403
2020-10-11,0.0,0.0,0.0,0,0,False,0.0,0.0,0.0,0.0,0.0,0.0,4.5,,0,775.0,1307.3356996150403
2020-10-12,0.0,0.0,0.0,0,0,False,0.0,0.0,0.0,0.0,0.0,0.0,4.5,,0,774.0,1307.3356996150403
2020-10-13,0.0,0.0,0.0,0,0,False,0.0,0.0,0.0,0.0,0.0,0.0,4.5,,0,773.0,1307.3356996150403
2020-10-14,0.0,0.0,0.0,0,0,False,0.0,0.0,0.0,0.0,0.0,0.0,4.5,,0,772.0,1307.3356996150403
2020-10-15,0.0,0.0,0.0,0,0,False,0.0,0.0,0.0,0.0,0.0,0.0,4.5,,0,771.0,1307.3356996150403
2020-10-16,0.0,0.0,0.0,0,0,False,0.0,0.0,0.0,0.0,0.0,0.0,4.5,,0,770.0,1307.3356996150403
2020-10-17,0.0,0.0,0.0,0,0,False,0.0,0.0,0.0,0.0,0.0,0.0,4.5,,0,769.0,1307.3356996150403
2020-10-18,0.0,0.0,0.0,0,0,False,0.0,0.0,0.0,0.0,0.0,0.0,4.5,,0,768.0,1307.3356996150403
2020-10-19,0.0,0.0,0.0,0,0,False,0.0,0.0,0.0,0.0,0.0,0.0,4.5,,0,767.0,1307.3356996150403
2020-10-20,0.0,0.0,0.0,0,0,False,0.0,0.0,0.0,0.0,0.0,0.0,4.5,,0,766.0,1307.3356996150403
2020-10-21,0.0,0.0,0.0,0,0,False,0.0,0.0,0.0,0.0,0.0,0.0,4.5,,0,765.0,1307.3356996150403
2020-10-22,0.0,0.0,0.0,0,0,False,0.0,0.0,0.0,0.0,0.0,0.0,4.5,,0,764.0,1307.3356996150403
2020-10-23,0.0,0.0,0.0,0,0,False,0.0,0.0,0.0,0.0,0.0,0.0,4.5,,0,763.0,1307.3356996150403
2020-10-24,0.0,0.0,0.0,0,0,False,0.0,0.0,0.0,0.0,0.0,0.0,4.5,,0,762.0,1307.3356996150403
2020-10-25,0.0,0.0,0.0,0,0,False,0.0,0.0,0.0,0.0,0.0,0.0,4.5,,0,761.0,1307.3356996150403
2020-10-26,0.0,0.0,0.0,0,0,False,0.0,0.0,0.0,0.0,0.0,0.0,4.5,,0,760.0,1307.3356996150403
2020-10-27,0.0,0.0,0.0,0,0,False,0.0,0.0,0.0,0.0,0.0,0.0,4.5,,0,759.0,1307.3356996150403
2020-10-28,0.0,0.0,0.0,0,0,False,0.0,0.0,0.0,0.0,0.0,0.0,4.5,,0,758.0,1307.3356996150403
2020-10-29,0.0,0.0,0.0,0,0,False,0.0,0.0,0.0,0.0,0.0,0.0,4.5,,0,757.0,1307.3356996150403
2020-10-30,0.0,0.0,0.0,0,0,False,0.0,0.0,0.0,0.0,0.0,0.0,4.5,,0,756.0,1307.3356996150403
2020-10-31,0.0,0.0,0.0,0,0,False,0.0,0.0,0.0,0.0,0.0,0.0,4.5,,0,755.0,1307.3356996150403
2020-11-01,0.0,0.0,0.0,0,0,False,0.0,0.0,0.0,0.0,0.0,0.0,4.5,,0,754.0,1307.3356996150403
2020-11-02,0.0,0.0,0.0,0,0,False,0.0,0.0,0.0,0.0,0.0,0.0,4.5,,0,753.0,1307.3356996150403
2020-11-03,0.0,0.0,0.0,0,0,False,0.0,0.0,0.0,0.0,0.0,0.0,4.5,,0,752.0,1307.3356996150403
2020-11-04,0.0,0.0,0.0,0,0,False,0.0,0.0,0.0,0.0,0.0,0.0,4.5,,0,751.0,1307.3356996150403
2020-11-05,0.0,0.0,0.0,0,0,False,0.0,0.0,0.0,0.0,0.0,0.0,4.5,,0,750.0,1307.3356996150403
2020-11-06,0.0,0.0,0.0,0,0,False,0.0,0.0,0.0,0.0,0.0,0.0,4.5,,0,749.0,1307.3356996150403
2020-11-07,0.0,0.0,0.0,0,0,False,0.0,0.0,0.0,0.0,0.0,0.0,4.5,,0,748.0,1307.3356996150403
2020-11-08,0.0,0.0,0.0,0,0,False,0.0,0.0,0.0,0.0,0.0,0.0,4.5,,0,747.0,1307.3356996150403
2020-11-09,0.0,0.0,0.0,0,0,False,0.0,0.0,0.0,0.0,0.0,0.0,4.5,,0,746.0,1307.3356996150403
2020-11-10,0.0,0.0,0.0,0,0,False,0.0,0.0,0.0,0.0,0.0,0.0,4.5,,0,745.0,1307.3356996150403
2020-11-11,0.0,0.0,0.0,0,0,False,0.0,0.0,0.0,0.0,0.0,0.0,4.5,,0,744.0,1307.3356996150403
2020-11-12,0.0,0.0,0.0,0,0,False,0.0,0.0,0.0,0.0,0.0,0.0,4.5,,0,743.0,1307.3356996150403
2020-11-13,0.0,0.0,0.0,0,0,False,0.0,0.0,0.0,0.0,0.0,0.0,4.5,,0,742.0,1307.3356996150403
2020-11-14,0.0,0.0,0.0,0,0,False,0.0,0.0,0.0,0.0,0.0,0.0,4.5,,0,741.0,1307.3356996150403
2020-11-15,0.0,0.0,0.0,0,0,False,0.0,0.0,0.0,0.0,0.0,0.0,4.5,,0,740.0,1307.3356996150403
2020-11-16,0.0,0.0,0.0,0,0,False,0.0,0.0,0.0,0.0,0.0,0.0,4.5,,0,739.0,1307.3356996150403
2020-11-17,0.0,0.0,0.0,0,0,False,0.0,0.0,0.0,0.0,0.0,0.0,4.5,,0,738.0,1307.3356996150403
2020-11-18,0.0,0.0,0.0,0,0,False,0.0,0.0,0.0,0.0,0.0,0.0,4.5,,0,737.0,1307.3356996150403
2020-11-19,0.0,0.0,0.0,0,0,False,0.0,0.0,0.0,0.0,0.0,0.0,4.5,,0,736.0,1307.3356996150403
2020-11-20,0.0,0.0,0.0,0,0,False,0.0,0.0,0.0,0.0,0.0,0.0,4.5,,0,735.0,1307.3356996150403
2020-11-21,0.0,0.0,0.0,0,0,False,0.0,0.0,0.0,0.0,0.0,0.0,4.5,,0,734.0,1307.3356996150403
2020-11-22,0.0,0.0,0.0,0,0,False,0.0,0.0,0.0,0.0,0.0,0.0,4.5,,0,733.0,1307.3356996150403
2020-11-23,0.0,0.0,0.0,0,0,False,0.0,0.0,0.0,0.0,0.0,0.0,4.5,,0,732.0,1307.3356996150403
2020-11-24,0.0,0.0,0.0,0,0,False,0.0,0.0,0.0,0.0,0.0,0.0,4.5,,0,731.0,1307.3356996150403
2020-11-25,0.0,0.0,0.0,0,0,False,0.0,0.0,0.0,0.0,0.0,0.0,4.5,,0,730.0,1307.3356996150403
2020-11-26,0.0,0.0,0.0,0,0,False,0.0,0.0,0.0,0.0,0.0,0.0,4.5,,0,729.0,1307.3356996150403
2020-11-27,0.0,0.0,0.0,0,0,False,0.0,0.0,0.0,0.0,0.0,0.0,4.5,,0,728.0,1307.3356996150403
2020-11-28,0.0,0.0,0.0,0,0,False,0.0,0.0,0.0,0.0,0.0,0.0,4.5,,0,727.0,1307.3356996150403
2020-11-29,0.0,0.0,0.0,0,0,False,0.0,0.0,0.0,0.0,0.0,0.0,4.5,,0,726.0,1307.3356996150403
2020-11-30,0.0,0.0,0.0,0,0,False,0.0,0.0,0.0,0.0,0.0,0.0,4.5,,0,725.0,1307.3356996150403
2020-12-01,0.0,0.0,0.0,0,0,False,0.0,0.0,0.0,0.0,0.0,0.0,4.5,,0,724.0,1307.3356996150403
2020-12-02,0.0,0.0,0.0,0,0,False,0.0,0.0,0.0,0.0,0.0,0.0,4.5,,0,723.0,1307.3356996150403
2020-12-03,0.0,0.0,0.0,0,0,False,0.0,0.0,0.0,0.0,0.0,0.0,4.5,,0,722.0,1307.3356996150403
2020-12-04,0.0,0.0,0.0,0,0,False,0.0,0.0,0.0,0.0,0.0,0.0,4.5,,0,721.0,1307.3356996150403
2020-12-05,0.0,0.0,0.0,0,0,False,0.0,0.0,0.0,0.0,0.0,0.0,4.5,,0,720.0,1307.3356996150403
2020-12-06,0.0,0.0,0.0,0,0,False,0.0,0.0,0.0,0.0,0.0,0.0,4.5,,0,719.0,1307.3356996150403
2020-12-07,0.0,0.0,0.0,0,0,False,0.0,0.0,0.0,0.0,0.0,0.0,4.5,,0,718.0,1307.3356996150403
2020-12-08,0.0,0.0,0.0,0,0,False,0.0,0.0,0.0,0.0,0.0,0.0,4.5,,0,717.0,1307.3356996150403
2020-12-09,0.0,0.0,0.0,0,0,False,0.0,0.0,0.0,0.0,0.0,0.0,4.5,,0,716.0,1307.3356996150403
2020-12-10,0.0,0.0,0.0,0,0,False,0.0,0.0,0.0,0.0,0.0,0.0,4.5,,0,715.0,1307.3356996150403
2020-12-11,0.0,0.0,0.0,0,0,False,0.0,0.0,0.0,0.0,0.0,0.0,4.5,,0,714.0,1307.3356996150403
2020-12-12,0.0,0.0,0.0,0,0,False,0.0,0.0,0.0,0.0,0.0,0.0,4.5,,0,713.0,1307.3356996150403
2020-12-13,0.0,0.0,0.0,0,0,False,0.0,0.0,0.0,0.0,0.0,0.0,4.5,,0,712.0,1307.3356996150403
2020-12-14,0.0,0.0,0.0,0,0,False,0.0,0.0,0.0,0.0,0.0,0.0,4.5,,0,711.0,1307.3356996150403
2020-12-15,0.0,0.0,0.0,0,0,False,0.0,0.0,0.0,0.0,0.0,0.0,4.5,,0,710.0,1307.3356996150403
2020-12-16,0.0,0.0,0.0,0,0,False,0.0,0.0,0.0,0.0,0.0,0.0,4.5,,0,709.0,1307.3356996150403
2020-12-17,0.0,0.0,0.0,0,0,False,0.0,0.0,0.0,0.0,0.0,0.0,4.5,,0,708.0,1307.3356996150403
2020-12-18,0.0,0.0,0.0,0,0,False,0.0,0.0,0.0,0.0,0.0,0.0,4.5,,0,707.0,1307.3356996150403
2020-12-19,0.0,0.0,0.0,0,0,False,0.0,0.0,0.0,0.0,0.0,0.0,4.5,,0,706.0,1307.3356996150403
2020-12-20,0.0,0.0,0.0,0,0,False,0.0,0.0,0.0,0.0,0.0,0.0,4.5,,0,705.0,1307.3356996150403
2020-12-21,0.0,0.0,0.0,0,0,False,0.0,0.0,0.0,0.0,0.0,0.0,4.5,,0,704.0,1307.3356996150403
2020-12-22,0.0,0.0,0.0,0,0,False,0.0,0.0,0.0,0.0,0.0,0.0,4.5,,0,703.0,1307.3356996150403
2020-12-23,0.0,0.0,0.0,0,0,False,0.0,0.0,0.0,0.0,0.0,0.0,4.5,,0,702.0,1307.3356996150403
2020-12-24,0.0,0.0,0.0,0,0,False,0.0,0.0,0.0,0.0,0.0,0.0,4.5,,0,701.0,1307.3356996150403
2020-12-25,0.0,0.0,0.0,0,0,False,0.0,0.0,0.0,0.0,0.0,0.0,4.5,,0,700.0,1307.3356996150403
2020-12-26,0.0,0.0,0.0,0,0,False,0.0,0.0,0.0,0.0,0.0,0.0,4.5,,0,699.0,1307.3356996150403
2020-12-27,0.0,0.0,0.0,0,0,False,0.0,0.0,0.0,0.0,0.0,0.0,4.5,,0,698.0,1307.3356996150403
2020-12-28,0.0,0.0,0.0,0,0,False,0.0,0.0,0.0,0.0,0.0,0.0,4.5,,0,697.0,1307.3356996150403
2020-12-29,0.0,0.0,0.0,0,0,False,0.0,0.0,0.0,0.0,0.0,0.0,4.5,,0,696.0,1307.3356996150403
2020-12-30,0.0,0.0,0.0,0,0,False,0.0,0.0,0.0,0.0,0.0,0.0,4.5,,0,695.0,1307.3356996150403
2020-12-31,0.0,0.0,0.0,0,0,False,0.0,0.0,0.0,0.0,0.0,0.0,4.5,,0,694.0,1307.3356996150403
2021-01-01,0.0,0.0,0.0,0,0,False,0.0,0.0,0.0,0.0,0.0,0.0,4.5,,0,693.0,1307.3356996150403
2021-01-02,0.0,0.0,0.0,0,0,False,0.0,0.0,0.0,0.0,0.0,0.0,4.5,,0,692.0,1307.3356996150403
2021-01-03,0.0,0.0,0.0,0,0,False,0.0,0.0,0.0,0.0,0.0,0.0,4.5,,0,691.0,1307.3356996150403
2021-01-04,0.0,0.0,0.0,0,0,False,0.0,0.0,0.0,0.0,0.0,0.0,4.5,,0,690.0,1307.3356996150403
2021-01-05,0.0,0.0,0.0,0,0,False,0.0,0.0,0.0,0.0,0.0,0.0,4.5,,0,689.0,1307.3356996150403
2021-01-06,0.0,0.0,0.0,0,0,False,0.0,0.0,0.0,0.0,0.0,0.0,4.5,,0,688.0,1307.3356996150403
2021-01-07,0.0,0.0,0.0,0,0,False,0.0,0.0,0.0,0.0,0.0,0.0,4.5,,0,687.0,1307.3356996150403
2021-01-08,0.0,0.0,0.0,0,0,False,0.0,0.0,0.0,0.0,0.0,0.0,4.5,,0,686.0,1307.3356996150403
2021-01-09,0.0,0.0,0.0,0,0,False,0.0,0.0,0.0,0.0,0.0,0.0,4.5,,0,685.0,1307.3356996150403
2021-01-10,0.0,0.0,0.0,0,0,False,0.0,0.0,0.0,0.0,0.0,0.0,4.5,,0,684.0,1307.3356996150403
2021-01-11,0.0,0.0,0.0,0,0,False,0.0,0.0,0.0,0.0,0.0,0.0,4.5,,0,683.0,1307.3356996150403
2021-01-12,0.0,0.0,0.0,0,0,False,0.0,0.0,0.0,0.0,0.0,0.0,4.5,,0,682.0,1307.3356996150403
2021-01-13,0.0,0.0,0.0,0,0,False,0.0,0.0,0.0,0.0,0.0,0.0,4.5,,0,681.0,1307.3356996150403
2021-01-14,0.0,0.0,0.0,0,0,False,0.0,0.0,0.0,0.0,0.0,0.0,4.5,,0,680.0,1307.3356996150403
2021-01-15,0.0,0.0,0.0,0,0,False,0.0,0.0,0.0,0.0,0.0,0.0,4.5,,0,679.0,1307.3356996150403
2021-01-16,0.0,0.0,0.0,0,0,False,0.0,0.0,0.0,0.0,0.0,0.0,4.5,,0,678.0,1307.3356996150403
2021-01-17,0.0,0.0,0.0,0,0,False,0.0,0.0,0.0,0.0,0.0,0.0,4.5,,0,677.0,1307.3356996150403
2021-01-18,0.0,0.0,0.0,0,0,False,0.0,0.0,0.0,0.0,0.0,0.0,4.5,,0,676.0,1307.3356996150403
2021-01-19,0.0,0.0,0.0,0,0,False,0.0,0.0,0.0,0.0,0.0,0.0,4.5,,0,675.0,1307.3356996150403
2021-01-20,0.0,0.0,0.0,0,0,False,0.0,0.0,0.0,0.0,0.0,0.0,4.5,,0,674.0,1307.3356996150403
2021-01-21,0.0,0.0,0.0,0,0,False,0.0,0.0,0.0,0.0,0.0,0.0,4.5,,0,673.0,1307.3356996150403
2021-01-22,0.0,0.0,0.0,0,0,False,0.0,0.0,0.0,0.0,0.0,0.0,4.5,,0,672.0,1307.3356996150403
2021-01-23,0.0,0.0,0.0,0,0,False,0.0,0.0,0.0,0.0,0.0,0.0,4.5,,0,671.0,1307.3356996150403
2021-01-24,0.0,0.0,0.0,0,0,False,0.0,0.0,0.0,0.0,0.0,0.0,4.5,,0,670.0,1307.3356996150403
2021-01-25,0.0,0.0,0.0,0,0,False,0.0,0.0,0.0,0.0,0.0,0.0,4.5,,0,669.0,1307.3356996150403
2021-01-26,0.0,0.0,0.0,0,0,False,0.0,0.0,0.0,0.0,0.0,0.0,4.5,,0,668.0,1307.3356996150403
2021-01-27,0.0,0.0,0.0,0,0,False,0.0,0.0,0.0,0.0,0.0,0.0,4.5,,0,667.0,1307.3356996150403
2021-01-28,0.0,0.0,0.0,0,0,False,0.0,0.0,0.0,0.0,0.0,0.0,4.5,,0,666.0,1307.3356996150403
2021-01-29,0.0,0.0,0.0,0,0,False,0.0,0.0,0.0,0.0,0.0,0.0,4.5,,0,665.0,1307.3356996150403
2021-01-30,0.0,0.0,0.0,0,0,False,0.0,0.0,0.0,0.0,0.0,0.0,4.5,,0,664.0,1307.3356996150403
2021-01-31,0.0,0.0,0.0,0,0,False,0.0,0.0,0.0,0.0,0.0,0.0,4.5,,0,663.0,1307.3356996150403
2021-02-01,0.0,0.0,0.0,0,0,False,0.0,0.0,0.0,0.0,0.0,0.0,4.5,,0,662.0,1307.3356996150403
2021-02-02,0.0,0.0,0.0,0,0,False,0.0,0.0,0.0,0.0,0.0,0.0,4.5,,0,661.0,1307.3356996150403
2021-02-03,0.0,0.0,0.0,0,0,False,0.0,0.0,0.0,0.0,0.0,0.0,4.5,,0,660.0,1307.3356996150403
2021-02-04,0.0,0.0,0.0,0,0,False,0.0,0.0,0.0,0.0,0.0,0.0,4.5,,0,659.0,1307.3356996150403
2021-02-05,0.0,0.0,0.0,0,0,False,0.0,0.0,0.0,0.0,0.0,0.0,4.5,,0,658.0,1307.3356996150403
2021-02-06,0.0,0.0,0.0,0,0,False,0.0,0.0,0.0,0.0,0.0,0.0,4.5,,0,657.0,1307.3356996150403
2021-02-07,0.0,0.0,0.0,0,0,False,0.0,0.0,0.0,0.0,0.0,0.0,4.5,,0,656.0,1307.3356996150403
2021-02-08,0.0,0.0,0.0,0,0,False,0.0,0.0,0.0,0.0,0.0,0.0,4.5,,0,655.0,1307.3356996150403
2021-02-09,0.0,0.0,0.0,4,8,True,0.0,0.0,0.0,0.042,0.027917,0.041876,0.0,0.2022553064542731,0,654.0,670.6096082112331
2021-02-10,0.0,0.0,0.0,5,10,True,0.0,0.0,0.0,0.094,0.034531,0.051796,0.0,0.2057764791015966,0,653.0,654.410385989011
2021-02-11,0.0,0.0,0.0,9,16,True,0.0,0.0,0.0,0.174,0.05362,0.08043,0.0,0.2091133266923887,0,652.0,657.4051301587302
2021-02-12,0.0,0.0,0.0,12,22,True,0.0,0.0,0.0,0.278,0.06933,0.103994,0.0,0.2057622321797844,0,651.0,728.8637968253968
2021-02-13,0.0,0.0,0.0,9,18,True,0.0,0.0,0.0,0.365,0.058439,0.087659,0.0,0.2066393994829983,0,650.0,655.7457134920636
2021-02-14,0.0,0.0,0.0,11,22,True,0.0,0.0,0.0,0.468,0.068603,0.102905,0.0,0.2063417343720371,0,649.0,745.073546825397
2021-02-15,0.0,0.0,0.0,6,10,True,0.0,0.0,0.0,0.52,0.035261,0.052892,0.0,0.2079112334985967,0,648.0,649.7229359890109
2021-02-16,0.0,0.0,0.0,9,8,True,0.0,0.0,0.0,0.568,0.031567,0.047351,0.0,0.204204300263281,0,647.0,661.1279915445665
2021-02-17,0.0,0.0,0.0,10,10,True,0.0,0.0,0.0,0.624,0.038178,0.057267,0.0,0.2064996602350225,0,646.0,652.285085989011
2021-02-18,0.0,0.0,0.0,5,8,True,0.0,0.0,0.0,0.667,0.028648,0.042972,0.0,0.2047272651004391,0,645.0,654.0434694289538
2021-02-19,0.0,0.0,0.0,3,4,True,0.0,0.0,0.0,0.689,0.014892,0.022338,0.0,0.1094168924377535,0,644.0,753.8801851953601
2021-02-20,0.0,0.0,0.0,3,4,True,0.0,0.0,0.0,0.712,0.014892,0.022338,0.0,0.2043106487916761,0,643.0,689.0754996031744
2021-02-21,0.0,0.0,0.0,2,4,True,0.0,0.0,0.0,0.733,0.01416,0.021241,0.0,0.2044465170227031,0,642.0,651.7565845959591
2021-02-22,0.0,0.0,0.0,2,4,True,0.0,0.0,0.0,0.754,0.01416,0.021241,0.0,0.2034087733950172,0,641.0,640.8862417388165
2021-02-23,0.0,0.0,0.0,2,4,True,0.0,0.0,0.0,0.775,0.01416,0.021241,0.0,0.1081754846388348,0,640.0,640.1419877705628
2021-02-24,0.0,0.0,0.0,2,4,True,0.0,0.0,0.0,0.796,0.01416,0.021241,0.0,0.1337123621886273,0,639.0,638.9324528499278
2021-02-25,0.0,0.0,0.0,2,4,True,0.0,0.0,0.0,0.817,0.01416,0.021241,0.0,0.2020526499759903,0,638.0,638.4982496753248
2021-02-26,0.0,0.0,0.0,3,6,True,0.0,0.0,0.0,0.848,0.021113,0.03167,0.0,0.2060889133152517,0,637.0,637.0646900793652
2021-02-27,0.0,0.0,0.0,3,6,True,0.0,0.0,0.0,0.88,0.021113,0.03167,0.0,0.2050807923966721,0,636.0,636.1303729437233
2021-02-28,0.0,0.0,0.0,4,8,True,0.0,0.0,0.0,0.921,0.027917,0.041876,0.0,0.2052380410403425,0,635.0,635.1002863636368
2021-03-01,0.0,0.0,0.0,4,8,True,0.0,0.0,0.0,0.963,0.027917,0.041876,0.0,0.2020830451720945,0,634.0,633.970406998557
2021-03-02,0.0,0.0,0.0,4,8,True,0.0,0.0,0.0,1.004,0.027917,0.041876,0.0,0.2052852298321509,0,633.0,633.3696450937953
2021-03-03,0.0,0.0,0.0,4,8,True,0.0,0.0,0.0,1.046,0.027917,0.041876,0.0,0.2058812483279841,0,632.0,631.8596124098123
2021-03-04,0.0,0.0,0.0,4,8,True,0.0,0.0,0.0,1.087,0.027917,0.041876,0.0,0.1629379574710497,0,631.0,631.0357131313132
2021-03-05,0.0,0.0,0.0,4,8,True,0.0,0.0,0.0,1.129,0.027917,0.041876,0.0,0.2037074993548873,0,630.0,630.02863997114
2021-03-06,0.0,0.0,0.0,3,6,True,0.0,0.0,0.0,1.16,0.021113,0.03167,0.0,0.2055067040901772,0,629.0,629.0220094516594
2021-03-07,0.0,0.0,0.0,2,4,True,0.0,0.0,0.0,1.181,0.01416,0.021241,0.0,0.2019200395533499,0,628.0,628.1836666666663
2021-03-08,0.0,0.0,0.0,2,4,True,0.0,0.0,0.0,1.202,0.01416,0.021241,0.0,0.109825913478957,0,627.0,627.0259277777773
2021-03-09,0.0,0.0,0.0,2,4,True,0.0,0.0,0.0,1.223,0.01416,0.021241,0.0,0.1834479375533008,0,626.0,625.8629117382615
2021-03-10,0.0,0.0,0.0,2,4,True,0.0,0.0,0.0,1.244,0.01416,0.021241,0.0,0.1095478350191829,0,625.0,625.126016500166
2021-03-11,0.0,0.0,0.0,2,4,True,0.0,0.0,0.0,1.265,0.01416,0.021241,0.0,0.1070512585867836,0,624.0,624.1655569763565
2021-03-12,0.0,0.0,0.0,2,4,True,0.0,0.0,0.0,1.286,0.01416,0.021241,0.0,0.1087833614131831,0,623.0,623.1498486790982
2021-03-13,0.0,0.0,0.0,2,4,True,0.0,0.0,0.0,1.307,0.01416,0.021241,0.0,0.1083085698539771,0,622.0,622.1090585636583
2021-03-14,0.0,0.0,0.0,2,4,True,0.0,0.0,0.0,1.328,0.01416,0.021241,0.0,0.1130354586874042,0,621.0,621.6394014208013
2021-03-15,0.0,0.0,0.0,3,6,True,0.0,0.0,0.0,1.359,0.021113,0.03167,0.0,0.2039598915231335,0,620.0,620.0041969141968
2021-03-16,0.0,0.0,0.0,3,6,True,0.0,0.0,0.0,1.39,0.021113,0.03167,0.0,0.2047377955225999,0,619.0,619.2169834221336
2021-03-17,0.0,0.0,0.0,4,8,True,0.0,0.0,0.0,1.431,0.027917,0.041876,0.0,0.2046721561895242,0,618.0,617.9780708902211
2021-03-18,0.0,0.0,0.0,4,8,True,0.0,0.0,0.0,1.473,0.027917,0.041876,0.0,0.2034302243270557,0,617.0,616.7230412809413
2021-03-19,0.0,0.0,0.0,4,8,True,0.0,0.0,0.0,1.514,0.027917,0.041876,0.0,0.2054037310922718,0,616.0,615.7630952491954
2021-03-20,0.0,0.0,0.0,4,8,True,0.0,0.0,0.0,1.555,0.027917,0.041876,0.0,0.2045964408326278,0,615.0,615.1834809634813
2021-03-21,0.0,0.0,0.0,4,8,True,0.0,0.0,0.0,1.596,0.027917,0.041876,0.0,0.2038705454682834,0,614.0,614.0446135031638
2021-03-22,0.0,0.0,0.0,3,6,True,0.0,0.0,0.0,1.628,0.021113,0.03167,0.0,0.2066796163766337,0,613.0,613.0408833444335
2021-03-23,0.0,0.0,0.0,6,6,True,0.0,0.0,0.0,1.662,0.023306,0.034959,0.0,0.2037431322890786,0,612.0,592.3413412432507
2021-03-24,0.0,0.0,0.0,2,4,True,0.0,0.0,0.0,1.683,0.01416,0.021241,0.0,0.2004283977970167,0,611.0,610.8767478021978
2021-03-25,0.0,0.0,0.0,2,4,True,0.0,0.0,0.0,1.704,0.01416,0.021241,0.0,0.108087558428202,0,610.0,609.9102172105676
2021-03-26,0.0,0.0,0.0,3,6,True,0.0,0.0,0.0,1.735,0.021113,0.03167,0.0,0.1888761034398051,0,609.0,608.7089282495283
2021-03-27,0.0,0.0,0.0,2,4,True,0.0,0.0,0.0,1.756,0.01416,0.021241,0.0,0.130781523300291,0,608.0,607.693635880786
2021-03-28,0.0,0.0,0.0,2,4,True,0.0,0.0,0.0,1.777,0.01416,0.021241,0.0,0.1080133461474615,0,607.0,607.0560081030083
2021-03-29,0.0,0.0,0.0,2,4,True,0.0,0.0,0.0,1.798,0.01416,0.021241,0.0,0.109276606597586,0,606.0,606.0668859529362
2021-03-30,0.0,0.0,0.0,2,4,True,0.0,0.0,0.0,1.818,0.01416,0.021241,0.0,0.2052927424668977,0,605.0,605.1266959096461
2021-03-31,0.0,0.0,0.0,2,4,True,0.0,0.0,0.0,1.839,0.01416,0.021241,0.0,0.2050422508752948,0,604.0,604.3748522588527
2021-04-01,0.0,0.0,0.0,3,6,True,0.0,0.0,0.0,1.87,0.021113,0.03167,0.0,0.2041767622247448,0,603.0,603.1368565323569
2021-04-02,0.0,0.0,0.0,4,8,True,0.0,0.0,0.0,1.911,0.027917,0.041876,0.0,0.208229150542814,0,602.0,601.9756801587307
2021-04-03,0.0,0.0,0.0,4,8,True,0.0,0.0,0.0,1.952,0.027917,0.041876,0.0,0.2050230008160461,0,601.0,601.0825058441563
2021-04-04,0.0,0.0,0.0,4,8,True,0.0,0.0,0.0,1.994,0.027917,0.041876,0.0,0.2042622540967459,0,600.0,599.7406481240985
2021-04-05,0.0,0.0,0.0,4,8,True,0.0,0.0,0.0,2.035,0.027917,0.041876,0.0,0.2060536907345169,0,599.0,598.8475907647909
2021-04-06,0.0,0.0,0.0,4,8,True,0.0,0.0,0.0,2.076,0.027917,0.041876,0.0,0.2044142590575759,0,598.0,596.6955012378536
2021-04-07,0.0,0.0,0.0,4,8,True,0.0,0.0,0.0,2.117,0.027917,0.041876,0.0,0.207103246359383,0,597.0,596.6357563279704
2021-04-08,0.0,0.0,0.0,3,6,True,0.0,0.0,0.0,2.148,0.021113,0.03167,0.0,0.2062869589357409,0,596.0,595.630141741216
2021-04-09,0.0,0.0,0.0,2,4,True,0.0,0.0,0.0,2.168,0.01416,0.021241,0.0,0.205713074749405,0,595.0,594.6137519976262
2021-04-10,0.0,0.0,0.0,2,4,True,0.0,0.0,0.0,2.189,0.01416,0.021241,0.0,0.2013394901495894,0,594.0,593.7248753187495
2021-04-11,0.0,0.0,0.0,2,4,True,0.0,0.0,0.0,2.21,0.01416,0.021241,0.0,0.108873896217107,0,593.0,592.3280130060621
2021-04-12,0.0,0.0,0.0,2,4,True,0.0,0.0,0.0,2.231,0.01416,0.021241,0.0,0.2029283241537154,0,592.0,587.9954882946624
2021-04-13,0.0,0.0,0.0,2,4,True,0.0,0.0,0.0,2.251,0.01416,0.021241,0.0,0.1104948134031397,0,591.0,583.8135389700979
2021-04-14,0.0,0.0,0.0,2,4,True,0.0,0.0,0.0,2.272,0.01416,0.021241,0.0,0.1074638739125457,0,590.0,584.85824743908
2021-04-15,0.0,0.0,0.0,2,4,True,0.0,0.0,0.0,2.293,0.01416,0.021241,0.0,0.1519183314425879,0,589.0,585.31484763333
2021-04-16,0.0,0.0,0.0,2,4,True,0.0,0.0,0.0,2.314,0.01416,0.021241,0.0,0.1925048510143128,0,588.0,584.3021348491172
2021-04-17,0.0,0.0,0.0,2,4,True,0.0,0.0,0.0,2.335,0.01416,0.021241,0.0,0.2058689327654067,0,587.0,581.23977752866
2021-04-18,0.0,0.0,0.0,3,6,True,0.0,0.0,0.0,2.365,0.021113,0.03167,0.0,0.2048243033422668,0,586.0,578.3495564896102
2021-04-19,0.0,0.0,0.0,4,8,True,0.0,0.0,0.0,2.406,0.027917,0.041876,0.0,0.1643224129689592,0,585.0,581.6071256648797
2021-04-20,0.0,0.0,0.0,4,8,True,0.0,0.0,0.0,2.447,0.027917,0.041876,0.0,0.2052653664819166,0,584.0,581.8571608546899
2021-04-21,0.0,0.0,0.0,5,10,True,0.0,0.0,0.0,2.498,0.034531,0.051796,0.0,0.2036956584509791,0,583.0,477.973056526196
2021-04-22,0.0,0.0,0.0,4,8,True,0.0,0.0,0.0,2.539,0.027917,0.041876,0.0,0.2076778549801412,0,582.0,576.7839658007094
2021-04-23,0.0,0.0,0.0,4,8,True,0.0,0.0,0.0,2.579,0.027917,0.041876,0.0,0.2070174498826301,0,581.0,578.009455266799
2021-04-24,0.0,0.0,0.0,3,6,True,0.0,0.0,0.0,2.61,0.021113,0.03167,0.0,0.2060097457365828,0,580.0,578.5234284408472
2021-04-25,0.0,0.0,0.0,1,2,True,0.0,0.0,0.0,2.621,0.007106,0.010659,0.0,0.2021321874670848,0,579.0,576.6436550754415
2021-04-26,0.0,0.0,0.0,3,4,True,0.0,0.0,0.0,2.642,0.014892,0.022338,0.0,0.2049954697408385,0,578.0,575.1378918967813
2021-04-27,0.0,0.0,0.0,2,4,True,0.0,0.0,0.0,2.663,0.01416,0.021241,0.0,0.1102966226882936,0,577.0,573.3819880471851
2021-04-28,0.0,0.0,0.0,2,4,True,0.0,0.0,0.0,2.684,0.01416,0.021241,0.0,0.2040853259510024,0,576.0,574.2120097882382
2021-04-29,0.0,0.0,0.0,2,4,True,0.0,0.0,0.0,2.704,0.01416,0.021241,0.0,0.1226685179847148,0,575.0,573.8928961518745
2021-04-30,0.0,0.0,0.0,2,4,True,0.0,0.0,0.0,2.725,0.01416,0.021241,0.0,0.2069471996906008,0,574.0,572.9241388203171
2021-05-01,0.0,0.0,0.0,2,4,True,0.0,0.0,0.0,2.746,0.01416,0.021241,0.0,0.2025995609043098,0,573.0,571.7750555652875
2021-05-02,0.0,0.0,0.0,2,4,True,0.0,0.0,0.0,2.766,0.01416,0.021241,0.0,0.2010494867811888,0,572.0,571.2359654775973
2021-05-03,0.0,0.0,0.0,2,4,True,0.0,0.0,0.0,2.787,0.01416,0.021241,0.0,0.2023329344490024,0,571.0,568.9971356626407
2021-05-04,0.0,0.0,0.0,3,6,True,0.0,0.0,0.0,2.818,0.021113,0.03167,0.0,0.204586170036476,0,570.0,564.0676855515321
2021-05-05,0.0,0.0,0.0,4,8,True,0.0,0.0,0.0,2.858,0.027917,0.041876,0.0,0.2048333219223478,0,569.0,563.460233244063
2021-05-06,0.0,0.0,0.0,4,8,True,0.0,0.0,0.0,2.899,0.027917,0.041876,0.0,0.2048842649548363,0,568.0,564.3603447348711
2021-05-07,0.0,0.0,0.0,4,8,True,0.0,0.0,0.0,2.94,0.027917,0.041876,0.0,0.2067966392572273,0,567.0,563.0764341343603
2021-05-08,0.0,0.0,0.0,4,8,True,0.0,0.0,0.0,2.98,0.027917,0.041876,0.0,0.204559862291991,0,566.0,562.8390845311858
2021-05-09,0.0,0.0,0.0,4,8,True,0.0,0.0,0.0,3.021,0.027917,0.041876,0.0,0.2035649013996345,0,565.0,560.7500903094717
2021-05-10,0.0,0.0,0.0,4,8,True,0.0,0.0,0.0,3.062,0.027917,0.041876,0.0,0.20530660597662,0,564.0,562.5810011149683
2021-05-11,0.0,0.0,0.0,3,6,True,0.0,0.0,0.0,3.092,0.021113,0.03167,0.0,0.2050969789315625,0,563.0,563.8660746801562
2021-05-12,0.0,0.0,0.0,6,12,True,0.0,0.0,0.0,3.152,0.040917,0.061375,0.0,0.1997036880521731,0,562.0,515.3652864268175
2021-05-13,0.0,0.0,0.0,6,14,True,0.0,0.0,0.0,3.219,0.046315,0.069472,0.0,0.2048580232539431,0,561.0,525.7654955273985
2021-05-14,0.0,0.0,0.0,10,20,True,0.0,0.0,0.0,3.312,0.063678,0.095517,0.0,0.2100812413754224,0,560.0,507.7626700830764
2021-05-15,0.0,0.0,0.0,7,12,True,0.0,0.0,0.0,3.372,0.041647,0.06247,0.0,0.2062584938965857,0,559.0,536.3341192679139
2021-05-16,0.0,0.0,0.0,9,20,True,0.0,0.0,0.0,3.463,0.06295,0.094425,0.0,0.2079233499312452,0,558.0,534.8702848449396
2021-05-17,0.0,0.0,0.0,7,14,True,0.0,0.0,0.0,3.531,0.047045,0.070567,0.0,0.2049267532624972,0,557.0,539.4068685362224
2021-05-18,0.0,0.0,0.0,8,16,True,0.0,0.0,0.0,3.608,0.052891,0.079337,0.0,0.2068435259425281,0,556.0,537.2479288414232
2021-05-19,0.0,0.0,0.0,9,16,True,0.0,0.0,0.0,3.685,0.05362,0.08043,0.0,0.2070138167742127,0,555.0,535.8486779863819
2021-05-20,0.0,0.0,0.0,7,14,True,0.0,0.0,0.0,3.753,0.047045,0.070567,0.0,0.2074824326995579,0,554.0,536.1995776866856
2021-05-21,0.0,0.0,0.0,10,20,True,0.0,0.0,0.0,3.845,0.063678,0.095517,0.0,0.2077786807088404,0,553.0,534.4538556145759
2021-05-22,0.0,0.0,0.0,1,0,False,0.0,0.0,0.0,3.673,0.000732,0.001098,4.5,0.2044289476678742,0,552.0,417.7468797220324
2021-05-23,0.0,0.0,0.0,11,22,True,0.0,0.0,0.0,3.772,0.068603,0.102905,0.0,0.2057968014596118,0,551.0,535.3789733797414
2021-05-24,0.0,0.0,0.0,8,16,True,0.0,0.0,0.0,3.849,0.052891,0.079337,0.0,0.2078762976927074,0,550.0,534.3152103230823
2021-05-25,0.0,0.0,0.0,11,20,True,0.0,0.0,0.0,3.942,0.064405,0.096608,0.0,0.2062561518284661,0,549.0,533.7919426617427
2021-05-26,0.0,0.0,0.0,10,20,True,0.0,0.0,0.0,4.033,0.063678,0.095517,0.0,0.2076509309061191,0,548.0,533.2670693857666
2021-05-27,0.0,0.0,0.0,9,18,True,0.0,0.0,0.0,4.118,0.058439,0.087659,0.0,0.2054677262015037,0,547.0,533.3411345257335
2021-05-28,0.0,0.0,0.0,10,20,True,0.0,0.0,0.0,4.209,0.063678,0.095517,0.0,0.2070848945651891,0,546.0,532.4632274021681
2021-05-29,0.0,0.0,0.0,7,14,True,0.0,0.0,0.0,4.277,0.047045,0.070567,0.0,0.2062148255469173,0,545.0,530.5613144415737
2021-05-30,0.0,0.0,0.0,10,20,True,0.0,0.0,0.0,4.368,0.063678,0.095517,0.0,0.2082959726954258,0,544.0,530.1795880437946
2021-05-31,0.0,0.0,0.0,4,6,True,0.0,0.0,0.0,4.4,0.021844,0.032766,0.0,0.2035550324417911,0,543.0,547.3065252049898
2021-06-01,0.0,0.0,0.0,5,8,True,0.0,0.0,0.0,4.441,0.028648,0.042972,0.0,0.2036922074625886,0,542.0,537.4491999787647
2021-06-02,0.0,0.0,0.0,7,14,True,0.0,0.0,0.0,4.508,0.047045,0.070567,0.0,0.2042068601459324,0,541.0,528.5697212694315
2021-06-03,0.0,0.0,0.0,8,15,True,0.0,0.0,0.0,4.58,0.050369,0.075554,0.0,0.20572013363568,0,540.0,528.174927501709
2021-06-04,0.0,0.0,0.0,9,18,True,0.0,0.0,0.0,4.664,0.058439,0.087659,0.0,0.1029360645252768,0,539.0,526.1008913044485
2021-06-05,0.0,0.0,0.0,7,14,True,0.0,0.0,0.0,4.731,0.047045,0.070567,0.0,0.2082095013922206,0,538.0,527.1491117774666
2021-06-06,0.0,0.0,0.0,10,20,True,0.0,0.0,0.0,4.822,0.063678,0.095517,0.0,0.2070276521749694,0,537.0,526.5308969802624
2021-06-07,0.0,0.0,0.0,8,16,True,0.0,0.0,0.0,4.898,0.052891,0.079337,0.0,0.2052022330381414,0,536.0,526.2002351454496
2021-06-08,0.0,0.0,0.0,11,22,True,0.0,0.0,0.0,4.995,0.068603,0.102905,0.0,0.2080862243093828,0,535.0,525.7338188649051
2021-06-09,0.0,0.0,0.0,11,22,True,0.0,0.0,0.0,5.093,0.068603,0.102905,0.0,0.2070149176366358,0,534.0,525.6552731939094
2021-06-10,0.0,0.0,0.0,16,32,True,0.0,0.0,0.0,5.22,0.088693,0.133039,0.0,0.2091423439189047,0,533.0,510.6209862294562
2021-06-11,0.0,0.0,0.0,14,27,True,0.0,0.0,0.0,5.333,0.079922,0.119882,0.0,0.2058110624383449,0,532.0,521.1005334784901
2021-06-12,0.0,0.0,0.0,13,26,True,0.0,0.0,0.0,5.443,0.07752,0.11628,0.0,0.2060937852814918,0,531.0,521.5590451668018
2021-06-13,0.0,0.0,0.0,14,28,True,0.0,0.0,0.0,5.559,0.081526,0.122289,0.0,0.206504894876364,0,530.0,516.0746540292531
2021-06-14,0.0,0.0,0.0,10,20,True,0.0,0.0,0.0,5.649,0.063678,0.095517,0.0,0.2072400725306787,0,529.0,523.9120747475531
2021-06-15,0.0,0.0,0.0,13,26,True,0.0,0.0,0.0,5.759,0.07752,0.11628,0.0,0.2060439549802769,0,528.0,520.9309149303716
2021-06-16,0.0,0.0,0.0,9,18,True,0.0,0.0,0.0,5.841,0.058439,0.087659,0.0,0.2053284344948594,0,527.0,523.8486141299442
2021-06-17,0.0,0.0,0.0,14,28,True,0.0,0.0,0.0,5.957,0.081526,0.122289,0.0,0.205553187059002,0,526.0,513.0992810419815
2021-06-18,0.0,0.0,0.0,9,18,True,0.0,0.0,0.0,6.039,0.058439,0.087659,0.0,0.204878287847892,0,525.0,516.6838084876578
2021-06-19,0.0,0.0,0.0,13,26,True,0.0,0.0,0.0,6.148,0.07752,0.11628,0.0,0.2080985802032824,0,524.0,501.07690813359307
2021-06-20,0.0,0.0,0.0,13,26,True,0.0,0.0,0.0,6.257,0.07752,0.11628,0.0,0.2061636815103743,0,523.0,495.08250228215087
2021-06-21,0.0,0.0,0.0,9,18,True,0.0,0.0,0.0,6.34,0.058439,0.087659,0.0,0.2070593027737838,0,522.0,489.1258558750059
2021-06-22,0.0,0.0,0.0,13,26,True,0.0,0.0,0.0,6.448,0.07752,0.11628,0.0,0.2066341356792079,0,521.0,490.1575876504694
2021-06-23,0.0,0.0,0.0,9,20,True,0.0,0.0,0.0,6.537,0.06295,0.094425,0.0,0.2086724561064721,0,520.0,486.82536758419735
2021-06-24,0.0,0.0,0.0,16,31,True,0.0,0.0,0.0,6.659,0.087363,0.131045,0.0,0.2059226293639782,0,519.0,479.7132568030586
2021-06-25,0.0,0.0,0.0,10,20,True,0.0,0.0,0.0,6.748,0.063678,0.095517,0.0,0.2080233590913337,0,518.0,482.29157525130296
2021-06-26,0.0,0.0,0.0,15,30,True,0.0,0.0,0.0,6.868,0.085245,0.127868,0.0,0.2084371251085873,0,517.0,475.55419178971846
2021-06-27,0.0,0.0,0.0,13,26,True,0.0,0.0,0.0,6.976,0.07752,0.11628,0.0,0.103417597566361,0,516.0,481.3905275042738
2021-06-28,0.0,0.0,0.0,13,26,True,0.0,0.0,0.0,7.084,0.07752,0.11628,0.0,0.2064790242693756,0,515.0,481.545360536045
2021-06-29,0.0,0.0,0.0,15,30,True,0.0,0.0,0.0,7.203,0.085245,0.127868,0.0,0.2091739274166869,0,514.0,472.94615624811604
2021-06-30,0.0,0.0,0.0,10,20,True,0.0,0.0,0.0,7.292,0.063678,0.095517,0.0,0.207611243474293,0,513.0,467.49124351589893
2021-07-01,0.0,0.0,0.0,13,25,True,0.0,0.0,0.0,7.397,0.075768,0.113652,0.0,0.2058566790254232,0,512.0,476.4576619898469
2021-07-02,0.0,0.0,0.0,8,16,True,0.0,0.0,0.0,7.47,0.052891,0.079337,0.0,0.2048840051954719,0,511.0,459.9522062897529
2021-07-03,0.0,0.0,0.0,14,28,True,0.0,0.0,0.0,7.584,0.081526,0.122289,0.0,0.2084256595225772,0,510.0,466.76922965667933
2021-07-04,0.0,0.0,0.0,9,18,True,0.0,0.0,0.0,7.665,0.058439,0.087659,0.0,0.2052052637068643,0,509.0,436.15970014947123
2021-07-05,0.0,0.0,0.0,13,26,True,0.0,0.0,0.0,7.772,0.07752,0.11628,0.0,0.2064891436090712,0,508.0,467.71789487659026
2021-07-06,0.0,0.0,0.0,13,26,True,0.0,0.0,0.0,7.879,0.07752,0.11628,0.0,0.2066540712686913,0,507.0,463.6456435252296
2021-07-07,0.0,0.0,0.0,17,34,True,0.0,0.0,0.0,8.006,0.091884,0.137826,0.0,0.2061570643138562,0,506.0,463.7160701780211
2021-07-08,0.0,0.0,0.0,19,38,True,0.0,0.0,0.0,8.141,0.097564,0.146346,0.0,0.2070992505423818,0,505.0,463.1152204303676
2021-07-09,0.0,0.0,0.0,19,34,True,0.0,0.0,0.0,8.269,0.093322,0.139983,0.0,0.2086653276478846,0,504.0,463.9410135726125
2021-07-10,0.0,0.0,0.0,22,44,True,0.0,0.0,0.0,8.413,0.104587,0.15688,0.0,0.208035000086722,0,503.0,460.7696826505163
2021-07-11,0.0,0.0,0.0,15,30,True,0.0,0.0,0.0,8.53,0.085245,0.127868,0.0,0.2082416880751176,0,502.0,459.81968353483376
2021-07-12,0.0,0.0,0.0,23,46,True,0.0,0.0,0.0,8.677,0.106593,0.15989,0.0,0.2083265020344636,0,501.0,466.9315878543236
2021-07-13,0.0,0.0,0.0,18,36,True,0.0,0.0,0.0,8.807,0.094835,0.142253,0.0,0.2074500321664595,0,500.0,461.454206870144
2021-07-14,0.0,0.0,0.0,19,38,True,0.0,0.0,0.0,8.94,0.097564,0.146346,0.0,0.2096032823395611,0,499.0,463.7081059623994
2021-07-15,0.0,0.0,0.0,20,39,True,0.0,0.0,0.0,9.075,0.099209,0.148814,0.0,0.2071118884805813,0,498.0,463.36148335139825
2021-07-16,0.0,0.0,0.0,14,28,True,0.0,0.0,0.0,9.187,0.081526,0.122289,0.0,0.2067913280281811,0,497.0,446.9919874032298
2021-07-17,0.0,0.0,0.0,21,42,True,0.0,0.0,0.0,9.326,0.102423,0.153635,0.0,0.2073248289615719,0,496.0,458.9773973498125
2021-07-18,0.0,0.0,0.0,13,26,True,0.0,0.0,0.0,9.432,0.07752,0.11628,0.0,0.2068255798444108,0,495.0,445.4790863579533
2021-07-19,0.0,0.0,0.0,19,38,True,0.0,0.0,0.0,9.564,0.097564,0.146346,0.0,0.2091983886384842,0,494.0,460.92077329467884
2021-07-20,0.0,0.0,0.0,14,28,True,0.0,0.0,0.0,9.675,0.081526,0.122289,0.0,0.2060783830796299,0,493.0,444.7990501281872
2021-07-21,0.0,0.0,0.0,16,32,True,0.0,0.0,0.0,9.795,0.088693,0.133039,0.0,0.1992477690121465,0,492.0,454.5141608772051
2021-07-22,0.0,0.0,0.0,19,38,True,0.0,0.0,0.0,9.927,0.097564,0.146346,0.0,0.2080807414625186,0,491.0,460.47001065882654
2021-07-23,0.0,0.0,0.0,13,24,True,0.0,0.0,0.0,10.027,0.073941,0.110911,0.0,0.2070854504554268,0,490.0,403.85145500997453
2021-07-24,0.0,0.0,0.0,18,36,True,0.0,0.0,0.0,10.155,0.094835,0.142253,0.0,0.2089464014301724,0,489.0,458.50150091851935
2021-07-25,0.0,0.0,0.0,15,30,True,0.0,0.0,0.0,10.27,0.085245,0.127868,0.0,0.2076068810157239,0,488.0,453.4056921617758
2021-07-26,0.0,0.0,0.0,18,36,True,0.0,0.0,0.0,10.397,0.094835,0.142253,0.0,0.2046766955951502,0,487.0,457.3863989560594
2021-07-27,0.0,0.0,0.0,16,32,True,0.0,0.0,0.0,10.517,0.088693,0.133039,0.0,0.2085554795194218,0,486.0,453.76167893340397
2021-07-28,0.0,0.0,0.0,22,44,True,0.0,0.0,0.0,10.657,0.104587,0.15688,0.0,0.2107102726588839,0,485.0,456.1446768789208
2021-07-29,0.0,0.0,0.0,18,36,True,0.0,0.0,0.0,10.784,0.094835,0.142253,0.0,0.2102296204538699,0,484.0,455.19680952115647
2021-07-30,0.0,0.0,0.0,20,40,True,0.0,0.0,0.0,10.918,0.100088,0.150132,0.0,0.208446618754804,0,483.0,458.27113045800957
2021-07-31,0.0,0.0,0.0,21,42,True,0.0,0.0,0.0,11.055,0.102423,0.153635,0.0,0.2095803082532027,0,482.0,456.25532016299036
2021-08-01,0.0,0.0,0.0,19,38,True,0.0,0.0,0.0,11.185,0.097564,0.146346,0.0,0.208358156117449,0,481.0,457.7538235587099
2021-08-02,0.0,0.0,0.0,15,30,True,0.0,0.0,0.0,11.299,0.085245,0.127868,0.0,0.205691596397578,0,480.0,451.76648848673614
2021-08-03,0.0,0.0,0.0,9,18,True,0.0,0.0,0.0,11.376,0.058439,0.087659,0.0,0.2074269098748208,0,479.0,386.4618289010738
2021-08-04,0.0,0.0,0.0,14,28,True,0.0,0.0,0.0,11.485,0.081526,0.122289,0.0,0.2064209274446544,0,478.0,439.15111405722377
2021-08-05,0.0,0.0,0.0,9,18,True,0.0,0.0,0.0,11.562,0.058439,0.087659,0.0,0.2056971156866138,0,477.0,389.21333675032173
2021-08-06,0.0,0.0,0.0,12,24,True,0.0,0.0,0.0,11.659,0.073215,0.109823,0.0,0.2346438612189721,0,476.0,388.09071681918726
2021-08-07,0.0,0.0,0.0,13,26,True,0.0,0.0,0.0,11.762,0.07752,0.11628,0.0,0.2076498473574667,0,475.0,436.34426500437723
2021-08-08,0.0,0.0,0.0,9,18,True,0.0,0.0,0.0,11.84,0.058439,0.087659,0.0,0.2056447742337695,0,474.0,389.299064375654
2021-08-09,0.0,0.0,0.0,13,26,True,0.0,0.0,0.0,11.942,0.07752,0.11628,0.0,0.2058569525147639,0,473.0,436.2446895766316
2021-08-10,0.0,0.0,0.0,9,16,True,0.0,0.0,0.0,12.013,0.05362,0.08043,0.0,0.2046531699876427,0,472.0,387.8697408603212
2021-08-11,0.0,0.0,0.0,14,28,True,0.0,0.0,0.0,12.12,0.081526,0.122289,0.0,0.2081020565039205,0,471.0,433.6362324242736
2021-08-12,0.0,0.0,0.0,9,18,True,0.0,0.0,0.0,12.197,0.058439,0.087659,0.0,0.2090152312374458,0,470.0,389.8971938773047
2021-08-13,0.0,0.0,0.0,16,32,True,0.0,0.0,0.0,12.314,0.088693,0.133039,0.0,0.2019743810134941,0,469.0,445.503767968825
2021-08-14,0.0,0.0,0.0,13,26,True,0.0,0.0,0.0,12.416,0.07752,0.11628,0.0,0.2057748410812079,0,468.0,432.92996375395086
2021-08-15,0.0,0.0,0.0,13,26,True,0.0,0.0,0.0,12.518,0.07752,0.11628,0.0,0.2088854383463445,0,467.0,422.7231928908232
2021-08-16,0.0,0.0,0.0,15,30,True,0.0,0.0,0.0,12.63,0.085245,0.127868,0.0,0.2068487846422018,0,466.0,428.4855532516828
2021-08-17,0.0,0.0,0.0,11,22,True,0.0,0.0,0.0,12.72,0.068603,0.102905,0.0,0.2058360732648324,0,465.0,372.74265798643205
2021-08-18,0.0,0.0,0.0,15,30,True,0.0,0.0,0.0,12.831,0.085245,0.127868,0.0,0.208937826384547,0,464.0,423.5145256470757
2021-08-19,0.0,0.0,0.0,10,20,True,0.0,0.0,0.0,12.915,0.063678,0.095517,0.0,0.2060191431565901,0,463.0,371.9237653593
2021-08-20,0.0,0.0,0.0,14,28,True,0.0,0.0,0.0,13.021,0.081526,0.122289,0.0,0.2071363442767639,0,462.0,414.266965530141
2021-08-21,0.0,0.0,0.0,9,18,True,0.0,0.0,0.0,13.097,0.058439,0.087659,0.0,0.2049260833962781,0,461.0,393.79177930031426
2021-08-22,0.0,0.0,0.0,12,24,True,0.0,0.0,0.0,13.193,0.073215,0.109823,0.0,0.2053896745006876,0,460.0,372.03197952930174
2021-08-23,0.0,0.0,0.0,13,26,True,0.0,0.0,0.0,13.294,0.07752,0.11628,0.0,0.2074190726766909,0,459.0,407.5312059695462
2021-08-24,0.0,0.0,0.0,9,18,True,0.0,0.0,0.0,13.37,0.058439,0.087659,0.0,0.2052574715653223,0,458.0,395.1406646400856
2021-08-25,0.0,0.0,0.0,13,26,True,0.0,0.0,0.0,13.471,0.07752,0.11628,0.0,0.2061741208726601,0,457.0,407.29563305557815
2021-08-26,0.0,0.0,0.0,8,16,True,0.0,0.0,0.0,13.539,0.052891,0.079337,0.0,0.2091583396334309,0,456.0,393.2319057009696
2021-08-27,0.0,0.0,0.0,14,28,True,0.0,0.0,0.0,13.645,0.081526,0.122289,0.0,0.2087778274476437,0,455.0,406.40223929773833
2021-08-28,0.0,0.0,0.0,9,18,True,0.0,0.0,0.0,13.721,0.058439,0.087659,0.0,0.2056869250508382,0,454.0,393.55397966819453
2021-08-29,0.0,0.0,0.0,15,30,True,0.0,0.0,0.0,13.831,0.085245,0.127868,0.0,0.2084554183810284,0,453.0,416.49894838725305
2021-08-30,0.0,0.0,0.0,13,26,True,0.0,0.0,0.0,13.931,0.07752,0.11628,0.0,0.2080828120455523,0,452.0,396.33207644340644
2021-08-31,0.0,0.0,0.0,13,26,True,0.0,0.0,0.0,14.031,0.07752,0.11628,0.0,0.2079096012422472,0,451.0,389.9160707654391
2021-09-01,0.0,0.0,0.0,14,26,True,0.0,0.0,0.0,14.132,0.078244,0.117367,0.0,0.2067499387725363,0,450.0,381.90917120466844
2021-09-02,0.0,0.0,0.0,11,22,True,0.0,0.0,0.0,14.221,0.068603,0.102905,0.0,0.2073825062564765,0,449.0,353.6768481622595
2021-09-03,0.0,0.0,0.0,16,32,True,0.0,0.0,0.0,14.335,0.088693,0.133039,0.0,0.2079519832875964,0,448.0,389.9680242966547
2021-09-04,0.0,0.0,0.0,10,20,True,0.0,0.0,0.0,14.416,0.063678,0.095517,0.0,0.2064300149246443,0,447.0,355.5190718435964
2021-09-05,0.0,0.0,0.0,15,30,True,0.0,0.0,0.0,14.526,0.085245,0.127868,0.0,0.2029239170580609,0,446.0,400.30503175949235
2021-09-06,0.0,0.0,0.0,9,18,True,0.0,0.0,0.0,14.601,0.058439,0.087659,0.0,0.2053837684027682,0,445.0,384.1750716550191
2021-09-07,0.0,0.0,0.0,12,24,True,0.0,0.0,0.0,14.695,0.073215,0.109823,0.0,0.2076519784827468,0,444.0,362.2958964427552
2021-09-08,0.0,0.0,0.0,13,26,True,0.0,0.0,0.0,14.794,0.07752,0.11628,0.0,0.209794909326806,0,443.0,385.37730121182307
2021-09-09,0.0,0.0,0.0,9,18,True,0.0,0.0,0.0,14.869,0.058439,0.087659,0.0,0.2085996898138495,0,442.0,385.53977127864283
2021-09-10,0.0,0.0,0.0,13,26,True,0.0,0.0,0.0,14.967,0.07752,0.11628,0.0,0.208807293441406,0,441.0,384.9692436394834
2021-09-11,0.0,0.0,0.0,9,17,True,0.0,0.0,0.0,15.039,0.056068,0.084102,0.0,0.2092801180826257,0,440.0,391.7088941413928
2021-09-12,0.0,0.0,0.0,14,28,True,0.0,0.0,0.0,15.143,0.081526,0.122289,0.0,0.2093803335703689,0,439.0,391.9502593273129
2021-09-13,0.0,0.0,0.0,8,16,True,0.0,0.0,0.0,15.21,0.052891,0.079337,0.0,0.7707372436108946,0,438.0,374.2829533379451
2021-09-14,0.0,0.0,0.0,15,30,True,0.0,0.0,0.0,15.319,0.085245,0.127868,0.0,0.2093592291959888,0,437.0,405.4252744429438
2021-09-15,0.0,0.0,0.0,13,26,True,0.0,0.0,0.0,15.417,0.07752,0.11628,0.0,0.2083009398236182,0,436.0,380.5859208683242
2021-09-16,0.0,0.0,0.0,13,26,True,0.0,0.0,0.0,15.515,0.07752,0.11628,0.0,0.2067603126104219,0,435.0,373.2060131286872
2021-09-17,0.0,0.0,0.0,15,30,True,0.0,0.0,0.0,15.623,0.085245,0.127868,0.0,0.2067894976840982,0,434.0,395.70841816313043
2021-09-18,0.0,0.0,0.0,11,22,True,0.0,0.0,0.0,15.71,0.068603,0.102905,0.0,0.2058935062480815,0,433.0,345.44367354224505
2021-09-19,0.0,0.0,0.0,16,32,True,0.0,0.0,0.0,15.822,0.088693,0.133039,0.0,0.2075876773161127,0,432.0,375.3921752837933
2021-09-20,0.0,0.0,0.0,11,22,True,0.0,0.0,0.0,15.909,0.068603,0.102905,0.0,0.20714620269637,0,431.0,352.24995315741876
2021-09-21,0.0,0.0,0.0,15,30,True,0.0,0.0,0.0,16.017,0.085245,0.127868,0.0,0.2080661740961551,0,430.0,388.9745533327586
2021-09-22,0.0,0.0,0.0,10,20,True,0.0,0.0,0.0,16.097,0.063678,0.095517,0.0,0.2067150977633263,0,429.0,349.22534859290414
2021-09-23,0.0,0.0,0.0,12,24,True,0.0,0.0,0.0,16.189,0.073215,0.109823,0.0,0.2076357136679304,0,428.0,360.55744180355765
2021-09-24,0.0,0.0,0.0,13,26,True,0.0,0.0,0.0,16.286,0.07752,0.11628,0.0,0.2073625922416792,0,427.0,371.3683846917476
2021-09-25,0.0,0.0,0.0,9,18,True,0.0,0.0,0.0,16.36,0.058439,0.087659,0.0,0.2052436857516394,0,426.0,370.02466070720675
2021-09-26,0.0,0.0,0.0,13,26,True,0.0,0.0,0.0,16.457,0.07752,0.11628,0.0,0.2073133730038934,0,425.0,370.66960892429717
2021-09-27,0.0,0.0,0.0,8,16,True,0.0,0.0,0.0,16.523,0.052891,0.079337,0.0,0.1032399362767433,0,424.0,386.4292878237622
2021-09-28,0.0,0.0,0.0,14,28,True,0.0,0.0,0.0,16.625,0.081526,0.122289,0.0,0.2075987198635108,0,423.0,373.1008318875609
2021-09-29,0.0,0.0,0.0,8,16,True,0.0,0.0,0.0,16.692,0.052891,0.079337,0.0,0.2048522031011513,0,422.0,383.3272265688078
2021-09-30,0.0,0.0,0.0,15,30,True,0.0,0.0,0.0,16.798,0.085245,0.127868,0.0,0.2066617234760407,0,421.0,385.6160727701458
2021-10-01,0.0,0.0,0.0,12,24,True,0.0,0.0,0.0,16.889,0.073215,0.109823,0.0,0.2063209161906459,0,420.0,356.9554532806887
2021-10-02,0.0,0.0,0.0,13,26,True,0.0,0.0,0.0,16.986,0.07752,0.11628,0.0,0.2046976936912193,0,419.0,367.41064245581873
2021-10-03,0.0,0.0,0.0,15,30,True,0.0,0.0,0.0,17.092,0.085245,0.127868,0.0,0.2065227911755336,0,418.0,369.9051020448093
2021-10-04,0.0,0.0,0.0,2,4,True,0.0,0.0,0.0,17.11,0.01416,0.021241,0.0,0.1939904328005033,0,417.0,358.8082280382617
2021-10-05,0.0,0.0,0.0,0,0,False,0.0,0.0,0.0,16.34,0.0,0.0,4.5,,0,416.0,866.3085751766612
2021-10-06,0.0,0.0,0.0,0,0,False,0.0,0.0,0.0,15.605,0.0,0.0,4.5,,0,415.0,685.8861142020475
2021-10-07,0.0,0.0,0.0,0,0,False,0.0,0.0,0.0,14.902,0.0,0.0,4.5,,0,414.0,708.1630220890452
2021-10-08,0.0,0.0,0.0,0,0,False,0.0,0.0,0.0,14.232,0.0,0.0,4.5,,0,413.0,688.2426865119419
2021-10-09,0.0,0.0,0.0,0,0,False,0.0,0.0,0.0,13.591,0.0,0.0,4.5,,0,412.0,666.6603791225059
2021-10-10,0.0,0.0,0.0,0,0,False,0.0,0.0,0.0,12.98,0.0,0.0,4.5,,0,411.0,693.6991345676478
2021-10-11,0.0,0.0,0.0,0,0,False,0.0,0.0,0.0,12.396,0.0,0.0,4.5,,0,410.0,705.819867345354
2021-10-12,0.0,0.0,0.0,0,0,False,0.0,0.0,0.0,11.838,0.0,0.0,4.5,,0,409.0,726.4449651356405
2021-10-13,0.0,0.0,0.0,0,0,False,0.0,0.0,0.0,11.305,0.0,0.0,4.5,,0,408.0,701.8757929207434
2021-10-14,0.0,0.0,0.0,0,0,False,0.0,0.0,0.0,10.796,0.0,0.0,4.5,,0,407.0,693.1026791857385
2021-10-15,0.0,0.0,0.0,0,0,False,0.0,0.0,0.0,10.311,0.0,0.0,4.5,,0,406.0,694.9407937804597
2021-10-16,0.0,0.0,0.0,0,0,False,0.0,0.0,0.0,9.847,0.0,0.0,4.5,,0,405.0,684.3545616453456
2021-10-17,0.0,0.0,0.0,0,0,False,0.0,0.0,0.0,9.404,0.0,0.0,4.5,,0,404.0,656.4763976717784
2021-10-18,0.0,0.0,0.0,0,0,False,0.0,0.0,0.0,8.98,0.0,0.0,4.5,,0,403.0,680.7680808674395
2021-10-19,0.0,0.0,0.0,0,0,False,0.0,0.0,0.0,8.576,0.0,0.0,4.5,,0,402.0,667.5517917022363
2021-10-20,0.0,0.0,0.0,0,0,False,0.0,0.0,0.0,8.19,0.0,0.0,4.5,,0,401.0,691.9494781175632
2021-10-21,0.0,0.0,0.0,0,0,False,0.0,0.0,0.0,7.822,0.0,0.0,4.5,,0,400.0,661.4362709901483
2021-10-22,0.0,0.0,0.0,0,0,False,0.0,0.0,0.0,7.47,0.0,0.0,4.5,,0,399.0,607.8476556238878
2021-10-23,0.0,0.0,0.0,0,0,False,0.0,0.0,0.0,7.134,0.0,0.0,4.5,,0,398.0,655.6161432023061
2021-10-24,0.0,0.0,0.0,0,0,False,0.0,0.0,0.0,6.813,0.0,0.0,4.5,,0,397.0,649.5009554283341
2021-10-25,0.0,0.0,0.0,0,0,False,0.0,0.0,0.0,6.506,0.0,0.0,4.5,,0,396.0,613.8677536883964
2021-10-26,0.0,0.0,0.0,0,0,False,0.0,0.0,0.0,6.213,0.0,0.0,4.5,,0,395.0,650.9739468379008
2021-10-27,0.0,0.0,0.0,0,0,False,0.0,0.0,0.0,5.934,0.0,0.0,4.5,,0,394.0,653.4300410447556
2021-10-28,0.0,0.0,0.0,19,36,True,0.0,0.0,0.0,6.069,0.095554,0.143331,0.0,0.207130852086394,0,393.0,455.20565849444966
2021-10-29,0.0,0.0,0.0,14,28,True,0.0,0.0,0.0,6.183,0.081526,0.122289,0.0,0.2065175585596847,0,392.0,484.44917120491203
2021-10-30,0.0,0.0,0.0,22,44,True,0.0,0.0,0.0,6.331,0.104587,0.15688,0.0,0.2079352102136962,0,391.0,437.43540199644127
2021-10-31,0.0,0.0,0.0,13,26,True,0.0,0.0,0.0,6.439,0.07752,0.11628,0.0,0.2057524524341793,0,390.0,487.45777646786865
2021-11-01,0.0,0.0,0.0,21,42,True,0.0,0.0,0.0,6.583,0.102423,0.153635,0.0,0.2077960216612372,0,389.0,436.52792546279204
2021-11-02,0.0,0.0,0.0,18,36,True,0.0,0.0,0.0,6.716,0.094835,0.142253,0.0,0.2091195463274156,0,388.0,448.2974389393121
2021-11-03,0.0,0.0,0.0,15,30,True,0.0,0.0,0.0,6.835,0.085245,0.127868,0.0,0.2093163616103077,0,387.0,472.0571073172988
2021-11-04,0.0,0.0,0.0,21,42,True,0.0,0.0,0.0,6.979,0.102423,0.153635,0.0,0.2059794876942312,0,386.0,438.9737541947673
2021-11-05,0.0,0.0,0.0,14,28,True,0.0,0.0,0.0,7.092,0.081526,0.122289,0.0,0.2071297053166686,0,385.0,473.3206469533449
2021-11-06,0.0,0.0,0.0,22,44,True,0.0,0.0,0.0,7.238,0.104587,0.15688,0.0,0.208266061205311,0,384.0,439.15690326778304
2021-11-07,0.0,0.0,0.0,17,34,True,0.0,0.0,0.0,7.366,0.091884,0.137826,0.0,0.2078276125106422,0,383.0,453.4974468901893
2021-11-08,0.0,0.0,0.0,20,40,True,0.0,0.0,0.0,7.505,0.100088,0.150132,0.0,0.2073147819437575,0,382.0,442.6903428568441
2021-11-09,0.0,0.0,0.0,7,14,True,0.0,0.0,0.0,7.57,0.047045,0.070567,0.0,0.2080696474939865,0,381.0,433.41565141086505
2021-11-10,0.0,0.0,0.0,10,20,True,0.0,0.0,0.0,7.659,0.063678,0.095517,0.0,0.206697487808156,0,380.0,432.84197758489347
2021-11-11,0.0,0.0,0.0,8,16,True,0.0,0.0,0.0,7.732,0.052891,0.079337,0.0,0.2060596443785928,0,379.0,423.6818411643919
2021-11-12,0.0,0.0,0.0,7,14,True,0.0,0.0,0.0,7.797,0.047045,0.070567,0.0,0.2044907899046128,0,378.0,416.34336715517486
2021-11-13,0.0,0.0,0.0,9,18,True,0.0,0.0,0.0,7.878,0.058439,0.087659,0.0,0.1027920192257188,0,377.0,415.55243598621774
2021-11-14,0.0,0.0,0.0,22,20,True,0.0,0.0,0.0,7.978,0.072334,0.108501,0.0,0.2080673273717188,0,376.0,407.8993141366248
2021-11-15,0.0,0.0,0.0,10,20,True,0.0,0.0,0.0,8.066,0.063678,0.095517,0.0,0.2076745009048581,0,375.0,399.7432525149586
2021-11-16,0.0,0.0,0.0,6,12,True,0.0,0.0,0.0,8.122,0.040917,0.061375,0.0,0.2076651512598267,0,374.0,400.1470725892033
2021-11-17,0.0,0.0,0.0,9,18,True,0.0,0.0,0.0,8.203,0.058439,0.087659,0.0,0.2076498518223201,0,373.0,399.8435030838189
2021-11-18,0.0,0.0,0.0,8,16,True,0.0,0.0,0.0,8.275,0.052891,0.079337,0.0,0.2040410552637152,0,372.0,395.9157887514462
2021-11-19,0.0,0.0,0.0,9,18,True,0.0,0.0,0.0,8.356,0.058439,0.087659,0.0,0.2054942374453191,0,371.0,394.9384809228208
2021-11-20,0.0,0.0,0.0,10,20,True,0.0,0.0,0.0,8.443,0.063678,0.095517,0.0,0.207985629322477,0,370.0,389.49907864012573
2021-11-21,0.0,0.0,0.0,8,16,True,0.0,0.0,0.0,8.516,0.052891,0.079337,0.0,0.2055428828434019,0,369.0,392.0143289282846
2021-11-22,0.0,0.0,0.0,11,22,True,0.0,0.0,0.0,8.61,0.068603,0.102905,0.0,0.206434924141254,0,368.0,385.1944889120307
2021-11-23,0.0,0.0,0.0,9,18,True,0.0,0.0,0.0,8.69,0.058439,0.087659,0.0,0.2086690896136935,0,367.0,388.22342487896776
2021-11-24,0.0,0.0,0.0,11,20,True,0.0,0.0,0.0,8.778,0.064405,0.096608,0.0,0.2087397317129136,0,366.0,380.36977023639054
2021-11-25,0.0,0.0,0.0,6,12,True,0.0,0.0,0.0,8.834,0.040917,0.061375,0.0,0.2050746897909895,0,365.0,383.74017895230486
2021-11-26,0.0,0.0,0.0,7,14,True,0.0,0.0,0.0,8.899,0.047045,0.070567,0.0,0.20786514383696,0,364.0,383.5670211448245
2021-11-27,0.0,0.0,0.0,7,14,True,0.0,0.0,0.0,8.963,0.047045,0.070567,0.0,0.2062461484211332,0,363.0,382.43189027573055
2021-11-28,0.0,0.0,0.0,4,8,True,0.0,0.0,0.0,9.001,0.027917,0.041876,0.0,0.2033621938403202,0,362.0,374.3458657026086
2021-11-29,0.0,0.0,0.0,6,12,True,0.0,0.0,0.0,9.057,0.040917,0.061375,0.0,0.2062828665136372,0,361.0,381.3185439499029
2021-11-30,0.0,0.0,0.0,3,6,True,0.0,0.0,0.0,9.086,0.021113,0.03167,0.0,0.1129644548048523,0,360.0,374.4380413640039
2021-12-01,0.0,0.0,0.0,6,12,True,0.0,0.0,0.0,9.142,0.040917,0.061375,0.0,0.2056430705698055,0,359.0,381.31385269835613
2021-12-02,0.0,0.0,0.0,4,8,True,0.0,0.0,0.0,9.18,0.027917,0.041876,0.0,0.2038031352082819,0,358.0,372.45319355525913
2021-12-03,0.0,0.0,0.0,6,12,True,0.0,0.0,0.0,9.235,0.040917,0.061375,0.0,0.2061752156162126,0,357.0,380.7664981862104
2021-12-04,0.0,0.0,0.0,5,10,True,0.0,0.0,0.0,9.282,0.034531,0.051796,0.0,0.2048037330127798,0,356.0,377.53907670454794
2021-12-05,0.0,0.0,0.0,5,10,True,0.0,0.0,0.0,9.329,0.034531,0.051796,0.0,0.2077675819381489,0,355.0,376.7741051221067
2021-12-06,0.0,0.0,0.0,11,16,True,0.0,0.0,0.0,9.404,0.055076,0.082614,0.0,0.2020197276550343,0,354.0,378.65087848838476
2021-12-07,0.0,0.0,0.0,24,32,True,0.0,0.0,0.0,9.533,0.094421,0.141632,0.0,0.2013247378770734,0,353.0,442.097574785984
2021-12-08,0.0,0.0,0.0,21,26,True,0.0,0.0,0.0,9.646,0.083282,0.124923,0.0,0.208349215557663,0,352.0,438.6922680496669
2021-12-09,0.0,0.0,0.0,16,21,True,0.0,0.0,0.0,9.741,0.070166,0.105249,0.0,0.2071311100867403,0,351.0,378.5328867941286
2021-12-10,0.0,0.0,0.0,21,36,True,0.0,0.0,0.0,9.872,0.096986,0.145479,0.0,0.2073295399837064,0,350.0,449.27909149934317
2021-12-11,0.0,0.0,0.0,9,18,True,0.0,0.0,0.0,9.951,0.058439,0.087659,0.0,0.20602053154976,0,349.0,382.2516428096941
2021-12-12,0.0,0.0,0.0,12,24,True,0.0,0.0,0.0,10.05,0.073215,0.109823,0.0,0.2054397934846128,0,348.0,375.06382910969904
2021-12-13,0.0,0.0,0.0,12,24,True,0.0,0.0,0.0,10.149,0.073215,0.109823,0.0,0.2084582997676528,0,347.0,374.67181285733744
2021-12-14,0.0,0.0,0.0,9,16,True,0.0,0.0,0.0,10.221,0.05362,0.08043,0.0,0.2050505110983987,0,346.0,381.40163407546197
2021-12-15,0.0,0.0,0.0,12,22,True,0.0,0.0,0.0,10.314,0.06933,0.103994,0.0,0.2056157733016649,0,345.0,373.1535385532406
2021-12-16,0.0,0.0,0.0,9,18,True,0.0,0.0,0.0,10.393,0.058439,0.087659,0.0,0.2071997882221011,0,344.0,380.7841021685542
2021-12-17,0.0,0.0,0.0,14,28,True,0.0,0.0,0.0,10.503,0.081526,0.122289,0.0,0.2079458739587578,0,343.0,437.604461204644
2021-12-18,0.0,0.0,0.0,8,16,True,0.0,0.0,0.0,10.574,0.052891,0.079337,0.0,0.2062521542929477,0,342.0,379.66639906508107
2021-12-19,0.0,0.0,0.0,14,28,True,0.0,0.0,0.0,10.683,0.081526,0.122289,0.0,0.2064361573242388,0,341.0,439.9230058456724
2021-12-20,0.0,0.0,0.0,11,22,True,0.0,0.0,0.0,10.775,0.068603,0.102905,0.0,0.2056316947270938,0,340.0,372.3020914394174
2021-12-21,0.0,0.0,0.0,11,22,True,0.0,0.0,0.0,10.867,0.068603,0.102905,0.0,0.2086684581742608,0,339.0,371.47603181725736
2021-12-22,0.0,0.0,0.0,12,24,True,0.0,0.0,0.0,10.964,0.073215,0.109823,0.0,0.2072747373338468,0,338.0,372.5595649224928
2021-12-23,0.0,0.0,0.0,10,18,True,0.0,0.0,0.0,11.044,0.059167,0.088751,0.0,0.2049111632799373,0,337.0,374.90251425913846
2021-12-24,0.0,0.0,0.0,12,24,True,0.0,0.0,0.0,11.141,0.073215,0.109823,0.0,0.2078247387844174,0,336.0,371.557193475794
2021-12-25,0.0,0.0,0.0,11,22,True,0.0,0.0,0.0,11.233,0.068603,0.102905,0.0,0.2067110445756707,0,335.0,371.21593166118004
2021-12-26,0.0,0.0,0.0,13,24,True,0.0,0.0,0.0,11.331,0.073941,0.110911,0.0,0.2086258794102833,0,334.0,395.3503385927078
2021-12-27,0.0,0.0,0.0,11,22,True,0.0,0.0,0.0,11.422,0.068603,0.102905,0.0,0.2056114985085236,0,333.0,371.4470141675578
2021-12-28,0.0,0.0,0.0,14,22,True,0.0,0.0,0.0,11.516,0.07078,0.10617,0.0,0.2073933585832324,0,332.0,372.74661576007526
2021-12-29,0.0,0.0,0.0,12,22,True,0.0,0.0,0.0,11.608,0.06933,0.103994,0.0,0.2069399593934757,0,331.0,370.76748396298296
2021-12-30,0.0,0.0,0.0,12,22,True,0.0,0.0,0.0,11.7,0.06933,0.103994,0.0,0.2025585063817157,0,330.0,371.932306123134
2021-12-31,0.0,0.0,0.0,12,24,True,0.0,0.0,0.0,11.797,0.073215,0.109823,0.0,0.2059970916498321,0,329.0,371.36381654002435
2022-01-01,0.0,0.0,0.0,8,14,True,0.0,0.0,0.0,11.861,0.047774,0.071661,0.0,0.206111411487782,0,328.0,379.3522008754709
2022-01-02,0.0,0.0,0.0,12,22,True,0.0,0.0,0.0,11.952,0.06933,0.103994,0.0,0.2060462404521056,0,327.0,368.67192773838946
2022-01-03,0.0,0.0,0.0,8,16,True,0.0,0.0,0.0,12.022,0.052891,0.079337,0.0,0.2059582500792363,0,326.0,382.911446547937
2022-01-04,0.0,0.0,0.0,12,24,True,0.0,0.0,0.0,12.119,0.073215,0.109823,0.0,0.2070392321093858,0,325.0,369.2676871483927
2022-01-05,0.0,0.0,0.0,10,20,True,0.0,0.0,0.0,12.203,0.063678,0.095517,0.0,0.2054668393076595,0,324.0,370.2817195561751
2022-01-06,0.0,0.0,0.0,11,20,True,0.0,0.0,0.0,12.287,0.064405,0.096608,0.0,0.2064167373344451,0,323.0,367.0645997214635
2022-01-07,0.0,0.0,0.0,12,24,True,0.0,0.0,0.0,12.384,0.073215,0.109823,0.0,0.2091271562951136,0,322.0,369.5197285096639
2022-01-08,0.0,0.0,0.0,12,24,True,0.0,0.0,0.0,12.48,0.073215,0.109823,0.0,0.2089691154987374,0,321.0,367.21121933595197
2022-01-09,0.0,0.0,0.0,15,30,True,0.0,0.0,0.0,12.592,0.085245,0.127868,0.0,0.207652232773396,0,320.0,423.35137843601956
2022-01-10,0.0,0.0,0.0,29,54,True,0.0,0.0,0.0,12.742,0.114734,0.172101,0.0,0.2090587955454854,0,319.0,400.1566219846155
2022-01-11,0.0,0.0,0.0,15,30,True,0.0,0.0,0.0,12.854,0.085245,0.127868,0.0,0.2077287985373465,0,318.0,418.24514317847553
2022-01-12,0.0,0.0,0.0,13,20,True,0.0,0.0,0.0,12.94,0.065858,0.098786,0.0,0.2051335415306014,0,317.0,368.1997790906105
2022-01-13,0.0,0.0,0.0,13,22,True,0.0,0.0,0.0,13.031,0.070055,0.105083,0.0,0.2095959994470013,0,316.0,365.68332269896456
2022-01-14,0.0,0.0,0.0,15,28,True,0.0,0.0,0.0,13.139,0.082249,0.123374,0.0,0.2090130673865587,0,315.0,406.00403513444695
2022-01-15,0.0,0.0,0.0,10,20,True,0.0,0.0,0.0,13.222,0.063678,0.095517,0.0,0.2088060369916522,0,314.0,361.9441475918786
2022-01-16,0.0,0.0,0.0,11,22,True,0.0,0.0,0.0,13.311,0.068603,0.102905,0.0,0.2093115778149455,0,313.0,363.02429504524787
2022-01-17,0.0,0.0,0.0,10,20,True,0.0,0.0,0.0,13.394,0.063678,0.095517,0.0,0.2070616000720093,0,312.0,361.2037921241786
2022-01-18,0.0,0.0,0.0,13,26,True,0.0,0.0,0.0,13.495,0.07752,0.11628,0.0,0.2084039316016909,0,311.0,400.4087605056305
2022-01-19,0.0,0.0,0.0,10,20,True,0.0,0.0,0.0,13.577,0.063678,0.095517,0.0,0.2062098533186701,0,310.0,359.72560274097157
2022-01-20,0.0,0.0,0.0,14,28,True,0.0,0.0,0.0,13.683,0.081526,0.122289,0.0,0.2073110006222131,0,309.0,397.3613352503726
2022-01-21,0.0,0.0,0.0,11,22,True,0.0,0.0,0.0,13.772,0.068603,0.102905,0.0,0.2046802346970953,0,308.0,354.9939072617877
2022-01-22,0.0,0.0,0.0,11,22,True,0.0,0.0,0.0,13.86,0.068603,0.102905,0.0,0.200507710739927,0,307.0,352.33224726329723
2022-01-23,0.0,0.0,0.0,12,24,True,0.0,0.0,0.0,13.955,0.073215,0.109823,0.0,0.207613043084275,0,306.0,358.40502499471637
2022-01-24,0.0,0.0,0.0,11,22,True,0.0,0.0,0.0,14.044,0.068603,0.102905,0.0,0.2079405632941338,0,305.0,351.2355722628911
2022-01-25,0.0,0.0,0.0,13,26,True,0.0,0.0,0.0,14.143,0.07752,0.11628,0.0,0.2068501611516291,0,304.0,372.63148524372605
2022-01-26,0.0,0.0,0.0,11,22,True,0.0,0.0,0.0,14.232,0.068603,0.102905,0.0,0.2052638439171649,0,303.0,346.527234613205
2022-01-27,0.0,0.0,0.0,14,26,True,0.0,0.0,0.0,14.332,0.078244,0.117367,0.0,0.2103541355467241,0,302.0,371.4534825756469
2022-01-28,0.0,0.0,0.0,11,22,True,0.0,0.0,0.0,14.421,0.068603,0.102905,0.0,0.2076758160648443,0,301.0,351.1225232105711
2022-01-29,0.0,0.0,0.0,13,26,True,0.0,0.0,0.0,14.52,0.07752,0.11628,0.0,0.2071915858955447,0,300.0,371.67251929844355
2022-01-30,0.0,0.0,0.0,14,28,True,0.0,0.0,0.0,14.625,0.081526,0.122289,0.0,0.2062162708539825,0,299.0,371.6806401116914
2022-01-31,0.0,0.0,0.0,12,24,True,0.0,0.0,0.0,14.718,0.073215,0.109823,0.0,0.2058817801239788,0,298.0,347.17316694213014
2022-02-01,0.0,0.0,0.0,13,24,True,0.0,0.0,0.0,14.813,0.073941,0.110911,0.0,0.2073331020698812,0,297.0,356.2724986374124
2022-02-02,0.0,0.0,0.0,9,18,True,0.0,0.0,0.0,14.888,0.058439,0.087659,0.0,0.2050089406676528,0,296.0,369.97328860424597
2022-02-03,0.0,0.0,0.0,13,26,True,0.0,0.0,0.0,14.987,0.07752,0.11628,0.0,0.2100223793543982,0,295.0,373.1289291946113
2022-02-04,0.0,0.0,0.0,14,14,True,0.0,0.0,0.0,15.053,0.052135,0.078203,0.0,0.2059307650041263,0,294.0,343.87810098944493
2022-02-05,0.0,0.0,0.0,11,22,True,0.0,0.0,0.0,15.141,0.068603,0.102905,0.0,0.2071333051597289,0,293.0,346.5607369782592
2022-02-06,0.0,0.0,0.0,10,20,True,0.0,0.0,0.0,15.222,0.063678,0.095517,0.0,0.2078467330651525,0,292.0,344.84621227120624
2022-02-07,0.0,0.0,0.0,10,20,True,0.0,0.0,0.0,15.303,0.063678,0.095517,0.0,0.2067986277895126,0,291.0,343.9167717242661
2022-02-08,0.0,0.0,0.0,10,20,True,0.0,0.0,0.0,15.384,0.063678,0.095517,0.0,0.2051452044441304,0,290.0,338.1792716073609
2022-02-09,0.0,0.0,0.0,10,20,True,0.0,0.0,0.0,15.464,0.063678,0.095517,0.0,0.2056272823953057,0,289.0,337.2597775495543
2022-02-10,0.0,0.0,0.0,12,24,True,0.0,0.0,0.0,15.557,0.073215,0.109823,0.0,0.2062462065873473,0,288.0,345.32413487876505
2022-02-11,0.0,0.0,0.0,13,26,True,0.0,0.0,0.0,15.655,0.07752,0.11628,0.0,0.207044148321744,0,287.0,365.5879211489461
2022-02-12,0.0,0.0,0.0,16,32,True,0.0,0.0,0.0,15.768,0.088693,0.133039,0.0,0.2075226570959747,0,286.0,365.0918874367326
2022-02-13,0.0,0.0,0.0,14,28,True,0.0,0.0,0.0,15.871,0.081526,0.122289,0.0,0.2065468666448962,0,285.0,366.5552568924911
2022-02-14,0.0,0.0,0.0,13,26,True,0.0,0.0,0.0,15.968,0.07752,0.11628,0.0,0.2017727296189274,0,284.0,356.3552924438399
2022-02-15,0.0,0.0,0.0,14,26,True,0.0,0.0,0.0,16.067,0.078244,0.117367,0.0,0.2086994442116382,0,283.0,363.4910750719179
2022-02-16,0.0,0.0,0.0,11,21,True,0.0,0.0,0.0,16.151,0.066543,0.099815,0.0,0.2088108721196914,0,282.0,340.7076826746148
2022-02-17,0.0,0.0,0.0,12,22,True,0.0,0.0,0.0,16.238,0.06933,0.103994,0.0,0.2078318782912982,0,281.0,342.39907163406514
2022-02-18,0.0,0.0,0.0,10,20,True,0.0,0.0,0.0,16.318,0.063678,0.095517,0.0,0.2055306254676815,0,280.0,337.16892927309686
2022-02-19,0.0,0.0,0.0,10,20,True,0.0,0.0,0.0,16.398,0.063678,0.095517,0.0,0.2064289830490216,0,279.0,337.9223753159654
2022-02-20,0.0,0.0,0.0,9,18,True,0.0,0.0,0.0,16.471,0.058439,0.087659,0.0,0.2073898442776658,0,278.0,353.00423474521506
2022-02-21,0.0,0.0,0.0,13,26,True,0.0,0.0,0.0,16.568,0.07752,0.11628,0.0,0.2062247554912614,0,277.0,356.20347437901023
2022-02-22,0.0,0.0,0.0,9,18,True,0.0,0.0,0.0,16.641,0.058439,0.087659,0.0,0.2082799082196171,0,276.0,339.23310496605137
2022-02-23,0.0,0.0,0.0,20,36,True,0.0,0.0,0.0,16.762,0.096271,0.144406,0.0,0.209248233258999,0,275.0,329.0944956203334
2022-02-24,0.0,0.0,0.0,16,32,True,0.0,0.0,0.0,16.873,0.088693,0.133039,0.0,0.2082128793438294,0,274.0,338.75808168786835
2022-02-25,0.0,0.0,0.0,11,20,True,0.0,0.0,0.0,16.953,0.064405,0.096608,0.0,0.2064529354260878,0,273.0,333.18410156330003
2022-02-26,0.0,0.0,0.0,18,36,True,0.0,0.0,0.0,17.071,0.094835,0.142253,0.0,0.2074733089185965,0,272.0,323.543941717825
2022-02-27,0.0,0.0,0.0,13,26,True,0.0,0.0,0.0,17.167,0.07752,0.11628,0.0,0.2096991079232203,0,271.0,306.97004080499016
2022-02-28,0.0,0.0,0.0,15,24,True,0.0,0.0,0.0,17.261,0.075389,0.113084,0.0,0.2093908084361063,0,270.0,283.84499079780085
2022-03-01,0.0,0.0,0.0,14,28,True,0.0,0.0,0.0,17.362,0.081526,0.122289,0.0,0.2086604730253166,0,269.0,276.5862867432276
2022-03-02,0.0,0.0,0.0,16,31,True,0.0,0.0,0.0,17.471,0.087363,0.131045,0.0,0.2080403751824494,0,268.0,274.6134614910694
2022-03-03,0.0,0.0,0.0,8,14,True,0.0,0.0,0.0,17.53,0.047774,0.071661,0.0,0.2059288264531777,0,267.0,271.09652657511134
2022-03-04,0.0,0.0,0.0,8,15,True,0.0,0.0,0.0,17.592,0.050369,0.075554,0.0,0.2093379250085507,0,266.0,268.47570458153047
2022-03-05,0.0,0.0,0.0,7,14,True,0.0,0.0,0.0,17.65,0.047045,0.070567,0.0,0.2045534352705111,0,265.0,267.9421918926292
2022-03-06,0.0,0.0,0.0,7,13,True,0.0,0.0,0.0,17.705,0.044379,0.066569,0.0,0.2090867502692114,0,264.0,265.7986126290524
2022-03-07,0.0,0.0,0.0,17,30,True,0.0,0.0,0.0,17.812,0.086689,0.130033,0.0,0.2088815028564159,0,263.0,264.56175689038486
2022-03-08,0.0,0.0,0.0,11,22,True,0.0,0.0,0.0,17.897,0.068603,0.102905,0.0,0.2089756574680969,0,262.0,263.17837950032424
2022-03-09,0.0,0.0,0.0,16,32,True,0.0,0.0,0.0,18.006,0.088693,0.133039,0.0,0.2017907766610257,0,261.0,264.074861700881
2022-03-10,0.0,0.0,0.0,12,26,True,0.0,0.0,0.0,18.1,0.076794,0.115191,0.0,0.208494423583006,0,260.0,261.2483729137511
2022-03-11,0.0,0.0,0.0,12,22,True,0.0,0.0,0.0,18.185,0.06933,0.103994,0.0,0.207203856676898,0,259.0,259.9748881181355
2022-03-12,0.0,0.0,0.0,14,28,True,0.0,0.0,0.0,18.286,0.081526,0.122289,0.0,0.207192052916182,0,258.0,258.9385626856819
2022-03-13,0.0,0.0,0.0,11,22,True,0.0,0.0,0.0,18.37,0.068603,0.102905,0.0,0.2061777297897058,0,257.0,258.9182045847134
2022-03-14,0.0,0.0,0.0,14,26,True,0.0,0.0,0.0,18.465,0.078244,0.117367,0.0,0.2070673748276343,0,256.0,256.6588959093713
2022-03-15,0.0,0.0,0.0,16,30,True,0.0,0.0,0.0,18.571,0.085968,0.128952,0.0,0.2087267260945778,0,255.0,255.41423915764352
2022-03-16,0.0,0.0,0.0,19,38,True,0.0,0.0,0.0,18.69,0.097564,0.146346,0.0,0.2095357638484822,0,254.0,254.92162137547717
2022-03-17,0.0,0.0,0.0,16,32,True,0.0,0.0,0.0,18.798,0.088693,0.133039,0.0,0.2105337912550585,0,253.0,253.2429576615068
2022-03-18,0.0,0.0,0.0,17,34,True,0.0,0.0,0.0,18.91,0.091884,0.137826,0.0,0.2082079494280951,0,252.0,252.5006905502656
2022-03-19,0.0,0.0,0.0,18,36,True,0.0,0.0,0.0,19.025,0.094835,0.142253,0.0,0.2067139842861914,0,251.0,251.30816240190597
2022-03-20,0.0,0.0,0.0,16,32,True,0.0,0.0,0.0,19.133,0.088693,0.133039,0.0,0.209148924728861,0,250.0,250.30739287927176
2022-03-21,0.0,0.0,0.0,18,36,True,0.0,0.0,0.0,19.248,0.094835,0.142253,0.0,0.2082825523411812,0,249.0,249.03275518787817
2022-03-22,0.0,0.0,0.0,13,23,True,0.0,0.0,0.0,19.335,0.072037,0.108055,0.0,0.2066536484414003,0,248.0,248.189093183216
2022-03-23,0.0,0.0,0.0,14,28,True,0.0,0.0,0.0,19.434,0.081526,0.122289,0.0,0.2109643680277683,0,247.0,246.9653938915721
2022-03-24,0.0,0.0,0.0,10,18,True,0.0,0.0,0.0,19.505,0.059167,0.088751,0.0,0.2087955997318412,0,246.0,246.51886979566802
2022-03-25,0.0,0.0,0.0,16,32,True,0.0,0.0,0.0,19.612,0.088693,0.133039,0.0,0.2103805571805966,0,245.0,245.30640087347908
2022-03-26,0.0,0.0,0.0,13,25,True,0.0,0.0,0.0,19.704,0.075768,0.113652,0.0,0.2080455660194894,0,244.0,244.62997008777356
2022-03-27,0.0,0.0,0.0,13,26,True,0.0,0.0,0.0,19.797,0.07752,0.11628,0.0,0.2100961657626339,0,243.0,243.35037205849292
2022-03-28,0.0,0.0,0.0,15,30,True,0.0,0.0,0.0,19.9,0.085245,0.127868,0.0,0.2084375818277287,0,242.0,242.21768729325817
2022-03-29,0.0,0.0,0.0,11,22,True,0.0,0.0,0.0,19.982,0.068603,0.102905,0.0,0.2100687853047197,0,241.0,241.80449047793903
2022-03-30,0.0,0.0,0.0,16,32,True,0.0,0.0,0.0,20.089,0.088693,0.133039,0.0,0.2101184388871392,0,240.0,240.43344042393394
2022-03-31,0.0,0.0,0.0,27,42,True,0.0,0.0,0.0,20.216,0.10668,0.160021,0.0,0.2087915321543329,0,239.0,270.99822139223613
2022-04-01,0.0,0.0,0.0,20,38,True,0.0,0.0,0.0,20.334,0.098281,0.147422,0.0,0.103996514454578,0,238.0,238.8269619724146
2022-04-02,0.0,0.0,0.0,14,28,True,0.0,0.0,0.0,20.432,0.081526,0.122289,0.0,0.2109025785618187,0,237.0,237.11648794498004
2022-04-03,0.0,0.0,0.0,17,32,True,0.0,0.0,0.0,20.538,0.089414,0.134121,0.0,0.2101017309388319,0,236.0,235.70010541509157
2022-04-04,0.0,0.0,0.0,16,32,True,0.0,0.0,0.0,20.644,0.088693,0.133039,0.0,0.2085768328521839,0,235.0,234.9864693261805
2022-04-05,0.0,0.0,0.0,22,36,True,0.0,0.0,0.0,20.76,0.0977,0.14655,0.0,0.2095206356974323,0,234.0,240.51272637775978
2022-04-06,0.0,0.0,0.0,21,38,True,0.0,0.0,0.0,20.878,0.098997,0.148495,0.0,0.2088746536565954,0,233.0,232.60845059739978
2022-04-07,0.0,0.0,0.0,14,28,True,0.0,0.0,0.0,20.975,0.081526,0.122289,0.0,0.2079778815788358,0,232.0,230.36757300782062
2022-04-08,0.0,0.0,0.0,17,33,True,0.0,0.0,0.0,21.082,0.09068,0.13602,0.0,0.2093543981689177,0,231.0,229.34779127416627
2022-04-09,0.0,0.0,0.0,12,24,True,0.0,0.0,0.0,21.169,0.073215,0.109823,0.0,0.2101200141394297,0,230.0,228.29634878887376
2022-04-10,0.0,0.0,0.0,18,36,True,0.0,0.0,0.0,21.281,0.094835,0.142253,0.0,0.2111358846530778,0,229.0,228.36405587971223
2022-04-11,0.0,0.0,0.0,12,22,True,0.0,0.0,0.0,21.363,0.06933,0.103994,0.0,0.2077866296798138,0,228.0,226.92182084938315
2022-04-12,0.0,0.0,0.0,5,10,True,0.0,0.0,0.0,21.404,0.034531,0.051796,0.0,0.2086330793005337,0,227.0,224.76076519580982
2022-04-13,0.0,0.0,0.0,4,8,True,0.0,0.0,0.0,21.436,0.027917,0.041876,0.0,0.2079400481947201,0,226.0,224.3703297989844
2022-04-14,0.0,0.0,0.0,4,8,True,0.0,0.0,0.0,21.469,0.027917,0.041876,0.0,0.1096462464981131,0,225.0,223.77517997658455
2022-04-15,0.0,0.0,0.0,4,8,True,0.0,0.0,0.0,21.502,0.027917,0.041876,0.0,0.2047319483557344,0,224.0,222.57165002695913
2022-04-16,0.0,0.0,0.0,4,8,True,0.0,0.0,0.0,21.535,0.027917,0.041876,0.0,0.1151817340082436,0,223.0,222.00472215205625
2022-04-17,0.0,0.0,0.0,5,10,True,0.0,0.0,0.0,21.576,0.034531,0.051796,0.0,0.2025658117579785,0,222.0,221.32017397066255
2022-04-18,0.0,0.0,0.0,7,14,True,0.0,0.0,0.0,21.631,0.047045,0.070567,0.0,0.2085936998529907,0,221.0,220.31215676842038
2022-04-19,0.0,0.0,0.0,7,14,True,0.0,0.0,0.0,21.686,0.047045,0.070567,0.0,0.2063502996393305,0,220.0,219.48175221741587
2022-04-20,0.0,0.0,0.0,8,16,True,0.0,0.0,0.0,21.749,0.052891,0.079337,0.0,0.2072250926983326,0,219.0,218.46062080093267
2022-04-21,0.0,0.0,0.0,8,16,True,0.0,0.0,0.0,21.811,0.052891,0.079337,0.0,0.2098009035353889,0,218.0,217.44355171373329
2022-04-22,0.0,0.0,0.0,8,16,True,0.0,0.0,0.0,21.873,0.052891,0.079337,0.0,0.2080684717203165,0,217.0,216.26132686635847
2022-04-23,0.0,0.0,0.0,7,14,True,0.0,0.0,0.0,21.928,0.047045,0.070567,0.0,0.2076486594957089,0,216.0,215.4916308852393
2022-04-24,0.0,0.0,0.0,6,12,True,0.0,0.0,0.0,21.976,0.040917,0.061375,0.0,0.2074290361194356,0,215.0,214.61115175851802
2022-04-25,0.0,0.0,0.0,4,8,True,0.0,0.0,0.0,22.008,0.027917,0.041876,0.0,0.1049718622448459,0,214.0,214.61961276140397
2022-04-26,0.0,0.0,0.0,4,8,True,0.0,0.0,0.0,22.041,0.027917,0.041876,0.0,0.2051416170834046,0,213.0,213.45942215756332
2022-04-27,0.0,0.0,0.0,4,8,True,0.0,0.0,0.0,22.074,0.027917,0.041876,0.0,0.2051652134814392,0,212.0,213.35874676073792
2022-04-28,1.0,13.168,1.0,6,8,True,0.1428571428571428,1.881142857142857,0.0,22.412,0.289608,0.434412,0.0,0.2083295298461771,0,211.0,202.3326005634561
2022-04-29,0.0,0.0,0.0,5,10,True,0.1428571428571428,1.881142857142857,0.0285714285714285,22.456,0.037938,0.056908,0.0,0.2047306780442892,0,210.0,209.91259633330657
2022-04-30,0.0,0.0,0.0,5,10,True,0.1428571428571428,1.881142857142857,0.0241758241758241,22.501,0.037938,0.056908,0.0,0.2085624839330345,0,209.0,208.72076991938235
2022-05-01,0.0,0.0,0.0,7,13,True,0.1428571428571428,1.881142857142857,0.0197802197802197,22.556,0.047787,0.071681,0.0,0.2092772613342284,0,208.0,207.35852331998933
2022-05-02,0.0,0.0,0.0,6,12,True,0.1428571428571428,1.881142857142857,0.0153846153846153,22.608,0.044324,0.066487,0.0,0.2094846812249162,0,207.0,206.65357589471944
2022-05-03,0.0,0.0,0.0,7,14,True,0.1428571428571428,1.881142857142857,0.0109890109890109,22.666,0.050452,0.075679,0.0,0.2072840705618313,0,206.0,205.36721022469064
2022-05-04,0.0,0.0,0.0,6,12,True,0.1428571428571428,1.881142857142857,0.0065934065934065,22.718,0.044324,0.066487,0.0,0.2074334901357277,0,205.0,204.73482561485596
2022-05-05,0.0,0.0,0.0,9,16,True,0.0,0.0,0.0021978021978021,22.78,0.05362,0.08043,0.0,0.2104658302200031,0,204.0,202.62157401114237
2022-05-06,0.0,0.0,0.0,6,12,True,0.0,0.0,-0.0021978021978021,22.827,0.040917,0.061375,0.0,0.2044734406642874,0,203.0,201.94446660145917
2022-05-07,0.0,0.0,0.0,7,13,True,0.0,0.0,-0.0065934065934065,22.878,0.044379,0.066569,0.0,0.2057557609445906,0,202.0,201.26559706821462
2022-05-08,0.0,0.0,0.0,6,12,True,0.0,0.0,-0.0109890109890109,22.926,0.040917,0.061375,0.0,0.2057643093390009,0,201.0,200.54829023517837
2022-05-09,0.0,0.0,0.0,6,12,True,0.0,0.0,-0.0153846153846153,22.973,0.040917,0.061375,0.0,0.2051779736090853,0,200.0,200.18813882697873
2022-05-10,0.0,0.0,0.0,6,12,True,0.0,0.0,-0.0197802197802197,23.02,0.040917,0.061375,0.0,0.2069786782194166,0,199.0,199.32036303332796
2022-05-11,0.0,0.0,0.0,6,12,True,0.0,0.0,-0.0241758241758241,23.068,0.040917,0.061375,0.0,0.2076646932496678,0,198.0,198.24508589613902
2022-05-12,0.0,0.0,0.0,5,10,True,0.0,0.0,-0.0285714285714285,23.107,0.034531,0.051796,0.0,0.2043880294850004,0,197.0,197.92028455303767
2022-05-13,0.0,0.0,0.0,6,12,True,0.0,0.0,0.0,23.155,0.040917,0.061375,0.0,0.2058031946052514,0,196.0,196.45867229372834
2022-05-14,0.0,0.0,0.0,6,12,True,0.0,0.0,0.0,23.202,0.040917,0.061375,0.0,0.2084679439924495,0,195.0,195.80788323654372
2022-05-15,0.0,0.0,0.0,6,12,True,0.0,0.0,0.0,23.249,0.040917,0.061375,0.0,0.2067538291854069,0,194.0,194.73145312349902
2022-05-16,0.0,0.0,0.0,5,10,True,0.0,0.0,0.0,23.289,0.034531,0.051796,0.0,0.205443070140836,0,193.0,193.81069106714293
2022-05-17,0.0,0.0,0.0,4,7,True,0.0,0.0,0.0,23.317,0.024902,0.037353,0.0,0.2060648511890312,0,192.0,195.37396257328766
2022-05-18,0.0,0.0,0.0,5,8,True,0.0,0.0,0.0,23.35,0.028648,0.042972,0.0,0.2007350913498231,0,191.0,191.80698503503456
2022-05-19,0.0,0.0,0.0,4,8,True,0.0,0.0,0.0,23.382,0.027917,0.041876,0.0,0.2045952746877956,0,190.0,191.20823899218863
2022-05-20,0.0,0.0,0.0,6,10,True,0.0,0.0,0.0,23.423,0.035261,0.052892,0.0,0.205323014726114,0,189.0,189.65525765107498
2022-05-21,0.0,0.0,0.0,5,10,True,0.0,0.0,0.0,23.463,0.034531,0.051796,0.0,0.2034835301474868,0,188.0,188.83570647352124
2022-05-22,0.0,0.0,0.0,7,14,True,0.0,0.0,0.0,23.517,0.047045,0.070567,0.0,0.204125538086107,0,187.0,187.4347540452735
2022-05-23,0.0,0.0,0.0,7,14,True,0.0,0.0,0.0,23.571,0.047045,0.070567,0.0,0.2078502729265225,0,186.0,186.7527359076777
2022-05-24,0.0,0.0,0.0,8,16,True,0.0,0.0,0.0,23.631,0.052891,0.079337,0.0,0.2078591337915456,0,185.0,185.48311580844378
2022-05-25,0.0,0.0,0.0,16,22,True,0.0,0.0,0.0,23.714,0.072226,0.108339,0.0,0.2091670058081289,0,184.0,184.81142301736213
2022-05-26,0.0,0.0,0.0,11,22,True,0.0,0.0,0.0,23.792,0.068603,0.102905,0.0,0.208624144496491,0,183.0,182.35612986831654
2022-05-27,0.0,0.0,0.0,10,19,True,0.0,0.0,0.0,23.863,0.061462,0.092192,0.0,0.2089494121049888,0,182.0,181.5410738794998
2022-05-28,0.0,0.0,0.0,9,18,True,0.0,0.0,0.0,23.929,0.058439,0.087659,0.0,0.2065099532609892,0,181.0,180.51969717342806
2022-05-29,0.0,0.0,0.0,8,16,True,0.0,0.0,0.0,23.99,0.052891,0.079337,0.0,0.2083817821658596,0,180.0,179.5198455893614
2022-05-30,0.0,0.0,0.0,5,10,True,0.0,0.0,0.0,24.029,0.034531,0.051796,0.0,0.2063430243460378,0,179.0,179.28874850019332
2022-05-31,0.0,0.0,0.0,8,16,True,0.0,0.0,0.0,24.089,0.052891,0.079337,0.0,0.2066871935593404,0,178.0,177.78576069395527
2022-06-01,0.0,0.0,0.0,6,10,True,0.0,0.0,0.0,24.13,0.035261,0.052892,0.0,0.2035867858827315,0,177.0,177.18129170183624
2022-06-02,0.0,0.0,0.0,8,16,True,0.0,0.0,0.0,24.19,0.052891,0.079337,0.0,0.5089566433136613,0,176.0,181.94437211315332
2022-06-03,0.0,0.0,0.0,9,16,True,0.0,0.0,0.0,24.251,0.05362,0.08043,0.0,0.2088418430375303,0,175.0,175.0582539564376
2022-06-04,0.0,0.0,0.0,9,18,True,0.0,0.0,0.0,24.317,0.058439,0.087659,0.0,0.2071208733124778,0,174.0,173.46599210737963
2022-06-05,0.0,0.0,0.0,9,14,True,0.0,0.0,0.0,24.372,0.048503,0.072755,0.0,0.2071647892506997,0,173.0,173.12529262597081
2022-06-06,0.0,0.0,0.0,8,16,True,0.0,0.0,0.0,24.432,0.052891,0.079337,0.0,0.2082396433439532,0,172.0,171.9152902119748
2022-06-07,0.0,0.0,0.0,11,22,True,0.0,0.0,0.0,24.51,0.068603,0.102905,0.0,0.2067344418680198,0,171.0,170.60030097643644
2022-06-08,0.0,0.0,0.0,9,16,True,0.0,0.0,0.0,24.571,0.05362,0.08043,0.0,0.2070374906632745,0,170.0,170.07819202631057
2022-06-09,0.0,0.0,0.0,11,22,True,0.0,0.0,0.0,24.648,0.068603,0.102905,0.0,0.2021127309322694,0,169.0,168.8247365153715
2022-06-10,0.0,0.0,0.0,10,16,True,0.0,0.0,0.0,24.71,0.054348,0.081522,0.0,0.2089014496703259,0,168.0,168.03001084882365
2022-06-11,0.0,0.0,0.0,9,18,True,0.0,0.0,0.0,24.776,0.058439,0.087659,0.0,0.2061819254777111,0,167.0,167.5044853273167
2022-06-12,0.0,0.0,0.0,10,18,True,0.0,0.0,0.0,24.843,0.059167,0.088751,0.0,0.2060610026939648,0,166.0,166.40381992796097
2022-06-13,0.0,0.0,0.0,8,16,True,0.0,0.0,0.0,24.902,0.052891,0.079337,0.0,0.2068976566424996,0,165.0,165.0040708425768
2022-06-14,0.0,0.0,0.0,10,18,True,0.0,0.0,0.0,24.969,0.059167,0.088751,0.0,0.2087323979282542,0,164.0,163.57670427006047
2022-06-15,0.0,0.0,0.0,7,14,True,0.0,0.0,0.0,25.022,0.047045,0.070567,0.0,0.2043084754371697,0,163.0,163.01574978618052
2022-06-16,0.0,0.0,0.0,11,20,True,0.0,0.0,0.0,25.094,0.064405,0.096608,0.0,0.2086067390603288,0,162.0,161.90730563834407
2022-06-17,0.0,0.0,0.0,7,14,True,0.0,0.0,0.0,25.147,0.047045,0.070567,0.0,0.2083014960055973,0,161.0,161.17924027858086
2022-06-18,0.0,0.0,0.0,10,20,True,0.0,0.0,0.0,25.219,0.063678,0.095517,0.0,0.2074998699850805,0,160.0,160.1056333722185
2022-06-19,0.0,0.0,0.0,8,16,True,0.0,0.0,0.0,25.278,0.052891,0.079337,0.0,0.2065721390854919,0,159.0,159.02401466502022
2022-06-20,0.0,0.0,0.0,6,10,True,0.0,0.0,0.0,25.317,0.035261,0.052892,0.0,0.2067118223818339,0,158.0,157.94388968280091
2022-06-21,0.0,0.0,0.0,4,8,True,0.0,0.0,0.0,25.349,0.027917,0.041876,0.0,0.2068171104774398,0,157.0,157.02866587254687
2022-06-22,0.0,0.0,0.0,4,8,True,0.0,0.0,0.0,25.38,0.027917,0.041876,0.0,0.1437085992093819,0,156.0,156.42288619389223
2022-06-23,0.0,0.0,0.0,6,11,True,0.0,0.0,0.0,25.423,0.038119,0.057179,0.0,0.2075652140818653,0,155.0,155.52173487474357
2022-06-24,0.0,0.0,0.0,6,12,True,0.0,0.0,0.0,25.468,0.040917,0.061375,0.0,0.2060875689303762,0,154.0,154.36318567773623
2022-06-25,0.0,0.0,0.0,6,12,True,0.0,0.0,0.0,25.514,0.040917,0.061375,0.0,0.2073048007478018,0,153.0,153.6599381480919
2022-06-26,0.0,0.0,0.0,7,14,True,0.0,0.0,0.0,25.567,0.047045,0.070567,0.0,0.2086073815201333,0,152.0,152.62535446128066
2022-06-27,0.0,0.0,0.0,7,14,True,0.0,0.0,0.0,25.619,0.047045,0.070567,0.0,0.2080601590538351,0,151.0,151.9183764074504
2022-06-28,0.0,0.0,0.0,8,16,True,0.0,0.0,0.0,25.678,0.052891,0.079337,0.0,0.2079124943060716,0,150.0,150.97839889052295
2022-06-29,0.0,0.0,0.0,8,16,True,0.0,0.0,0.0,25.737,0.052891,0.079337,0.0,0.2075372126598355,0,149.0,149.58116287177728
2022-06-30,0.0,0.0,0.0,7,14,True,0.0,0.0,0.0,25.79,0.047045,0.070567,0.0,0.2066019988056813,0,148.0,148.73763170555787
2022-07-01,0.0,0.0,0.0,5,10,True,0.0,0.0,0.0,25.828,0.034531,0.051796,0.0,0.2064898829711058,0,147.0,147.70831191309549
2022-07-02,0.0,0.0,0.0,5,10,True,0.0,0.0,0.0,25.866,0.034531,0.051796,0.0,0.1038912245748407,0,146.0,146.85294132072485
2022-07-03,0.0,0.0,0.0,4,8,True,0.0,0.0,0.0,25.897,0.027917,0.041876,0.0,0.2068038051375803,0,145.0,146.30166231639583
2022-07-04,0.0,0.0,0.0,4,8,True,0.0,0.0,0.0,25.929,0.027917,0.041876,0.0,0.2030281949951199,0,144.0,145.27772892821534
2022-07-05,0.0,0.0,0.0,4,8,True,0.0,0.0,0.0,25.96,0.027917,0.041876,0.0,0.1479529068535128,0,143.0,144.92277120815763
2022-07-06,0.0,0.0,0.0,4,8,True,0.0,0.0,0.0,25.991,0.027917,0.041876,0.0,0.1893440142803072,0,142.0,144.39700850974492
2022-07-07,0.0,0.0,0.0,5,10,True,0.0,0.0,0.0,26.029,0.034531,0.051796,0.0,0.2078579990594052,0,141.0,149.52256436500076
2022-07-08,0.0,0.0,0.0,4,8,True,0.0,0.0,0.0,26.06,0.027917,0.041876,0.0,0.210218032652948,0,140.0,141.15983308354924
2022-07-09,0.0,0.0,0.0,7,14,True,0.0,0.0,0.0,26.112,0.047045,0.070567,0.0,0.204775508095091,0,139.0,140.32033857805473
2022-07-10,0.0,0.0,0.0,7,14,True,0.0,0.0,0.0,26.164,0.047045,0.070567,0.0,0.2068283172310968,0,138.0,139.25008778440397
2022-07-11,0.0,0.0,0.0,8,16,True,0.0,0.0,0.0,26.223,0.052891,0.079337,0.0,0.2062861651794116,0,137.0,137.43933721238187
2022-07-12,0.0,0.0,0.0,8,16,True,0.0,0.0,0.0,26.281,0.052891,0.079337,0.0,0.2048159300714495,0,136.0,136.52565955670426
2022-07-13,0.0,0.0,0.0,8,15,True,0.0,0.0,0.0,26.337,0.050369,0.075554,0.0,0.205348438105538,0,135.0,135.5670162426109
2022-07-14,0.0,0.0,0.0,6,12,True,0.0,0.0,0.0,26.382,0.040917,0.061375,0.0,0.2076923499990003,0,134.0,134.46223433007899
2022-07-15,0.0,0.0,0.0,6,12,True,0.0,0.0,0.0,26.427,0.040917,0.061375,0.0,0.2036499765602719,0,133.0,133.601434330079
2022-07-16,0.0,0.0,0.0,5,10,True,0.0,0.0,0.0,26.465,0.034531,0.051796,0.0,0.2030658934295506,0,132.0,132.0357921801817
2022-07-17,0.0,0.0,0.0,5,10,True,0.0,0.0,0.0,26.504,0.034531,0.051796,0.0,0.2070102495339223,0,131.0,130.976506465896
2022-07-18,0.0,0.0,0.0,4,8,True,0.0,0.0,0.0,26.534,0.027917,0.041876,0.0,0.2067819561406973,0,130.0,130.30080774794726
2022-07-19,0.0,0.0,0.0,5,10,True,0.0,0.0,0.0,26.572,0.034531,0.051796,0.0,0.2102152000094314,0,129.0,128.9839529955359
2022-07-20,0.0,0.0,0.0,5,10,True,0.0,0.0,0.0,26.61,0.034531,0.051796,0.0,0.2046256651549931,0,128.0,128.02205974156766
2022-07-21,0.0,0.0,0.0,6,12,True,0.0,0.0,0.0,26.655,0.040917,0.061375,0.0,0.2064724537992092,0,127.0,127.38465815426608
2022-07-22,0.0,0.0,0.0,6,12,True,0.0,0.0,0.0,26.7,0.040917,0.061375,0.0,0.2065920266067414,0,126.0,126.22473053743846
2022-07-23,0.0,0.0,0.0,7,13,True,0.0,0.0,0.0,26.749,0.044379,0.066569,0.0,0.2060609636810203,0,125.0,124.71901148981941
2022-07-24,0.0,0.0,0.0,5,10,True,0.0,0.0,0.0,26.787,0.034531,0.051796,0.0,0.2066546640619498,0,124.0,124.14654612185407
2022-07-25,0.0,0.0,0.0,3,6,True,0.0,0.0,0.0,26.81,0.021113,0.03167,0.0,0.2074938142111238,0,123.0,123.41422975343987
2022-07-26,0.0,0.0,0.0,5,10,True,0.0,0.0,0.0,26.848,0.034531,0.051796,0.0,0.1025925137114557,0,122.0,118.13250398555694
2022-07-27,0.0,0.0,0.0,6,12,True,0.0,0.0,0.0,26.893,0.040917,0.061375,0.0,0.2063307878858901,0,121.0,121.14893731889023
2022-07-28,0.0,0.0,0.0,6,12,True,0.0,0.0,0.0,26.938,0.040917,0.061375,0.0,0.2070673989616689,0,120.0,120.2454368304898
2022-07-29,0.0,0.0,0.0,6,12,True,0.0,0.0,0.0,26.983,0.040917,0.061375,0.0,0.204729572193431,0,119.0,119.1797122273152
2022-07-30,0.0,0.0,0.0,6,12,True,0.0,0.0,0.0,27.028,0.040917,0.061375,0.0,0.2056146116045744,0,118.0,118.25114599354895
2022-07-31,0.0,0.0,0.0,7,14,True,0.0,0.0,0.0,27.079,0.047045,0.070567,0.0,0.2053258680967202,0,117.0,117.16736266021562
2022-08-01,0.0,0.0,0.0,7,14,True,0.0,0.0,0.0,27.131,0.047045,0.070567,0.0,0.2063000541896161,0,116.0,115.7973086919616
2022-08-02,0.0,0.0,0.0,7,14,True,0.0,0.0,0.0,27.182,0.047045,0.070567,0.0,0.2064252328041561,0,115.0,114.9986975808505
2022-08-03,0.0,0.0,0.0,6,12,True,0.0,0.0,0.0,27.227,0.040917,0.061375,0.0,0.2056514267982228,0,114.0,113.87703376623375
2022-08-04,0.0,0.0,0.0,6,12,True,0.0,0.0,0.0,27.271,0.040917,0.061375,0.0,0.2045875838874508,0,113.0,113.00309567099568
2022-08-05,0.0,0.0,0.0,6,11,True,0.0,0.0,0.0,27.313,0.038119,0.057179,0.0,0.2064235688771714,0,112.0,111.92985916305919
2022-08-06,0.0,0.0,0.0,5,10,True,0.0,0.0,0.0,27.351,0.034531,0.051796,0.0,0.2066001092471292,0,111.0,110.9113388888889
2022-08-07,0.0,0.0,0.0,6,10,True,0.0,0.0,0.0,27.389,0.035261,0.052892,0.0,0.2046177880613713,0,110.0,109.71153888888891
2022-08-08,0.0,0.0,0.0,5,9,True,0.0,0.0,0.0,27.424,0.031616,0.047423,0.0,0.2070386258867094,0,109.0,108.97358809523813
2022-08-09,0.0,0.0,0.0,5,9,True,0.0,0.0,0.0,27.458,0.031616,0.047423,0.0,0.2030334423439195,0,108.0,108.24380714285718
2022-08-10,0.0,0.0,0.0,6,10,True,0.0,0.0,0.0,27.496,0.035261,0.052892,0.0,0.1600336269085452,0,107.0,107.50312936507939
2022-08-11,0.0,0.0,0.0,6,12,True,0.0,0.0,0.0,27.541,0.040917,0.061375,0.0,0.2061911805722179,0,106.0,106.08159365079368
2022-08-12,0.0,0.0,0.0,6,12,True,0.0,0.0,0.0,27.585,0.040917,0.061375,0.0,0.2082256175555777,0,105.0,106.01621031746033
2022-08-13,0.0,0.0,0.0,9,17,True,0.0,0.0,0.0,27.646,0.056068,0.084102,0.0,0.2077881013498871,0,104.0,103.48030454545453
2022-08-14,0.0,0.0,0.0,8,16,True,0.0,0.0,0.0,27.704,0.052891,0.079337,0.0,0.2074253037417603,0,103.0,102.63597121212122
2022-08-15,0.0,0.0,0.0,8,16,True,0.0,0.0,0.0,27.761,0.052891,0.079337,0.0,0.2062311310913134,0,102.0,101.72526883116885
2022-08-16,0.0,0.0,0.0,7,14,True,0.0,0.0,0.0,27.812,0.047045,0.070567,0.0,0.2103806028219355,0,101.0,101.23580692640692
2022-08-17,0.0,0.0,0.0,7,14,True,0.0,0.0,0.0,27.863,0.047045,0.070567,0.0,0.205981476202984,0,100.0,100.20045930735931
2022-08-18,0.0,0.0,0.0,12,19,True,0.0,0.0,0.0,27.931,0.062916,0.094373,0.0,0.1664819591779111,0,99.0,99.52389652014655
2022-08-19,0.0,0.0,0.0,8,16,True,0.0,0.0,0.0,27.988,0.052891,0.079337,0.0,0.2081149287812267,0,98.0,97.97287076257076
2022-08-20,0.0,0.0,0.0,11,17,True,0.0,0.0,0.0,28.05,0.057523,0.086285,0.0,0.2066483487661357,0,97.0,96.65625604395605
2022-08-21,0.0,0.0,0.0,7,14,True,0.0,0.0,0.0,28.101,0.047045,0.070567,0.0,0.2057646854378121,0,96.0,96.02690604395606
2022-08-22,0.0,0.0,0.0,7,14,True,0.0,0.0,0.0,28.152,0.047045,0.070567,0.0,0.2040800669852451,0,95.0,94.83116556776557
2022-08-23,0.0,0.0,0.0,7,14,True,0.0,0.0,0.0,28.202,0.047045,0.070567,0.0,0.2044939236745424,0,94.0,94.23135445665446
2022-08-24,0.0,0.0,0.0,9,18,True,0.0,0.0,0.0,28.265,0.058439,0.087659,0.0,0.2062307951895061,0,93.0,92.89014175824175
2022-08-25,0.0,0.0,0.0,6,11,True,0.0,0.0,0.0,28.306,0.038119,0.057179,0.0,0.2070961900901098,0,92.0,92.51289652014653
2022-08-26,0.0,0.0,0.0,10,20,True,0.0,0.0,0.0,28.375,0.063678,0.095517,0.0,0.2083516979872998,0,91.0,90.52289695304694
2022-08-27,0.0,0.0,0.0,8,16,True,0.0,0.0,0.0,28.432,0.052891,0.079337,0.0,0.2080206122548158,0,90.0,90.06149695304694
2022-08-28,0.0,0.0,0.0,8,16,True,0.0,0.0,0.0,28.489,0.052891,0.079337,0.0,0.2066702186421632,0,89.0,89.57916630591632
2022-08-29,0.0,0.0,0.0,12,23,True,0.0,0.0,0.0,28.565,0.071311,0.106967,0.0,0.2106483682566912,0,88.0,88.56117142857141
2022-08-30,0.0,0.0,0.0,10,18,True,0.0,0.0,0.0,28.628,0.059167,0.088751,0.0,0.2082519142046175,0,87.0,87.02331392496389
2022-08-31,0.0,0.0,0.0,10,20,True,0.0,0.0,0.0,28.697,0.063678,0.095517,0.0,0.2034787447346038,0,86.0,86.2628468253968
2022-09-01,0.0,0.0,0.0,8,16,True,0.0,0.0,0.0,28.753,0.052891,0.079337,0.0,0.2077061883977777,0,85.0,85.26806227661226
2022-09-02,0.0,0.0,0.0,10,20,True,0.0,0.0,0.0,28.821,0.063678,0.095517,0.0,0.2098234260530981,0,84.0,84.18446003996002
2022-09-03,0.0,0.0,0.0,8,16,True,0.0,0.0,0.0,28.878,0.052891,0.079337,0.0,0.2075670777078352,0,83.0,83.60820024566074
2022-09-04,0.0,0.0,0.0,10,20,True,0.0,0.0,0.0,28.946,0.063678,0.095517,0.0,0.2090889070135197,0,82.0,82.84471477002529
2022-09-05,0.0,0.0,0.0,12,22,True,0.0,0.0,0.0,29.02,0.06933,0.103994,0.0,0.2106047575665594,0,81.0,80.56497632922633
2022-09-06,0.0,0.0,0.0,8,16,True,0.0,0.0,0.0,29.076,0.052891,0.079337,0.0,0.2091258379983959,0,80.0,80.16603593822904
2022-09-07,0.0,0.0,0.0,10,20,True,0.0,0.0,0.0,29.144,0.063678,0.095517,0.0,0.2078735885134266,0,79.0,79.0772732999414
2022-09-08,0.0,0.0,0.0,8,16,True,0.0,0.0,0.0,29.2,0.052891,0.079337,0.0,0.2075776124427591,0,78.0,77.86656205193019
2022-09-09,0.0,0.0,0.0,9,18,True,0.0,0.0,0.0,29.262,0.058439,0.087659,0.0,0.2073783636644837,0,77.0,76.48958332521829
2022-09-10,0.0,0.0,0.0,7,14,True,0.0,0.0,0.0,29.312,0.047045,0.070567,0.0,0.199952338136844,0,76.0,74.36207009859424
2022-09-11,0.0,0.0,0.0,7,14,True,0.0,0.0,0.0,29.362,0.047045,0.070567,0.0,0.2059671511622847,0,75.0,74.5299559511218
2022-09-12,0.0,0.0,0.0,7,14,True,0.0,0.0,0.0,29.412,0.047045,0.070567,0.0,0.2064118018255195,0,74.0,73.40894089003909
2022-09-13,0.0,0.0,0.0,6,11,True,0.0,0.0,0.0,29.452,0.038119,0.057179,0.0,0.2056229230840712,0,73.0,73.01040737516816
2022-09-14,0.0,0.0,0.0,12,17,True,0.0,0.0,0.0,29.514,0.05825,0.087375,0.0,0.2072875318769329,0,72.0,72.90831434735978
2022-09-15,0.0,0.0,0.0,8,16,True,0.0,0.0,0.0,29.569,0.052891,0.079337,0.0,0.2078169125504293,0,71.0,73.20093378347921
2022-09-16,0.0,0.0,0.0,11,22,True,0.0,0.0,0.0,29.642,0.068603,0.102905,0.0,0.2066059597896637,0,70.0,71.92521920275746
2022-09-17,0.0,0.0,0.0,9,18,True,0.0,0.0,0.0,29.704,0.058439,0.087659,0.0,0.2055684914569321,0,69.0,71.62552720168667
2022-09-18,0.0,0.0,0.0,12,24,True,0.0,0.0,0.0,29.781,0.073215,0.109823,0.0,0.2086805679838594,0,68.0,69.61626266506
2022-09-19,0.0,0.0,0.0,13,23,True,0.0,0.0,0.0,29.857,0.072037,0.108055,0.0,0.2091714004719656,0,67.0,62.4462734514958
2022-09-20,0.0,0.0,0.0,10,20,True,0.0,0.0,0.0,29.924,0.063678,0.095517,0.0,0.2063825183604974,0,66.0,71.06925475526111
2022-09-21,0.0,0.0,0.0,10,20,True,0.0,0.0,0.0,29.991,0.063678,0.095517,0.0,0.208715309132754,0,65.0,70.23326334687879
2022-09-22,0.0,0.0,0.0,7,14,True,0.0,0.0,0.0,30.04,0.047045,0.070567,0.0,0.2068261824781686,0,64.0,70.9878731404673
2022-09-23,0.0,0.0,0.0,7,14,True,0.0,0.0,0.0,30.089,0.047045,0.070567,0.0,0.2046818492458533,0,63.0,69.65903381325647
2022-09-24,0.0,0.0,0.0,6,12,True,0.0,0.0,0.0,30.132,0.040917,0.061375,0.0,0.205863822240941,0,62.0,69.73705402086848
2022-09-25,0.0,0.0,0.0,8,16,True,0.0,0.0,0.0,30.188,0.052891,0.079337,0.0,0.2041240216149717,0,61.0,66.69285778907134
2022-09-26,0.0,0.0,0.0,6,12,True,0.0,0.0,0.0,30.231,0.040917,0.061375,0.0,0.2028351092708909,0,60.0,64.75557041494451
2022-09-27,0.0,0.0,0.0,9,18,True,0.0,0.0,0.0,30.292,0.058439,0.087659,0.0,0.2078085214799268,0,59.0,64.73096409903425
2022-09-28,0.0,0.0,0.0,9,18,True,0.0,0.0,0.0,30.353,0.058439,0.087659,0.0,0.2065101419934344,0,58.0,64.14047703351267
2022-09-29,0.0,0.0,0.0,8,16,True,0.0,0.0,0.0,30.408,0.052891,0.079337,0.0,0.2100313900349306,0,57.0,59.86778646911373
2022-09-30,0.0,0.0,0.0,11,22,True,0.0,0.0,0.0,30.48,0.068603,0.102905,0.0,0.2064976967062651,0,56.0,62.03484534164813
2022-10-01,0.0,0.0,0.0,10,20,True,0.0,0.0,0.0,30.546,0.063678,0.095517,0.0,0.2052197545757285,0,55.0,60.05302139629372
2022-10-02,0.0,0.0,0.0,12,24,True,0.0,0.0,0.0,30.622,0.073215,0.109823,0.0,0.2085988748451309,0,54.0,58.56712925802418
2022-10-03,0.0,0.0,0.0,9,18,True,0.0,0.0,0.0,30.683,0.058439,0.087659,0.0,0.2012499225186499,0,53.0,54.80560967219914
2022-10-04,0.0,0.0,0.0,9,18,True,0.0,0.0,0.0,30.744,0.058439,0.087659,0.0,0.2069533500841934,0,52.0,57.97185335353654
2022-10-05,0.0,0.0,0.0,9,18,True,0.0,0.0,0.0,30.805,0.058439,0.087659,0.0,0.2058613610191643,0,51.0,57.84797053700514
2022-10-06,0.0,0.0,0.0,9,18,True,0.0,0.0,0.0,30.865,0.058439,0.087659,0.0,0.2063401588377087,0,50.0,54.47038098453124
2022-10-07,0.0,0.0,0.0,8,16,True,0.0,0.0,0.0,30.92,0.052891,0.079337,0.0,0.207846047715308,0,49.0,54.81377626820354
2022-10-08,0.0,0.0,0.0,7,14,True,0.0,0.0,0.0,30.969,0.047045,0.070567,0.0,0.2031432231649812,0,48.0,51.259063797313786
2022-10-09,0.0,0.0,0.0,9,18,True,0.0,0.0,0.0,31.029,0.058439,0.087659,0.0,0.2062678264395863,0,47.0,53.39504651263768
2022-10-10,0.0,0.0,0.0,7,14,True,0.0,0.0,0.0,31.078,0.047045,0.070567,0.0,0.2044576220731851,0,46.0,51.679668102657565
2022-10-11,0.0,0.0,0.0,10,20,True,0.0,0.0,0.0,31.144,0.063678,0.095517,0.0,0.2051791014096556,0,45.0,50.21815051892551
2022-10-12,0.0,0.0,0.0,9,18,True,0.0,0.0,0.0,31.204,0.058439,0.087659,0.0,0.2055423888785737,0,44.0,50.38206037214417
2022-10-13,0.0,0.0,0.0,8,16,True,0.0,0.0,0.0,31.259,0.052891,0.079337,0.0,0.2074195856163687,0,43.0,46.093320565044
2022-10-14,0.0,0.0,0.0,9,18,True,0.0,0.0,0.0,31.319,0.058439,0.087659,0.0,0.2062459937237016,0,42.0,40.349153471299424
2022-10-15,0.0,0.0,0.0,7,14,True,0.0,0.0,0.0,31.368,0.047045,0.070567,0.0,0.2050122613446672,0,41.0,39.40117508514346
2022-10-16,0.0,0.0,0.0,7,14,True,0.0,0.0,0.0,31.416,0.047045,0.070567,0.0,0.2064644255559161,0,40.0,38.990682370201505
2022-10-17,0.0,0.0,0.0,7,14,True,0.0,0.0,0.0,31.464,0.047045,0.070567,0.0,0.207641451043795,0,39.0,38.407168140345334
2022-10-18,0.0,0.0,0.0,10,20,True,0.0,0.0,0.0,31.53,0.063678,0.095517,0.0,0.2079934267962387,0,38.0,36.97906023801257
2022-10-19,0.0,0.0,0.0,8,16,True,0.0,0.0,0.0,31.584,0.052891,0.079337,0.0,0.2040202783748658,0,37.0,36.61501851360469
2022-10-20,0.0,0.0,0.0,10,20,True,0.0,0.0,0.0,31.65,0.063678,0.095517,0.0,0.205403755078674,0,36.0,35.00008362476828
2022-10-21,0.0,0.0,0.0,11,22,True,0.0,0.0,0.0,31.72,0.068603,0.102905,0.0,0.2061737428652442,0,35.0,34.70144220297495
2022-10-22,0.0,0.0,0.0,9,18,True,0.0,0.0,0.0,31.78,0.058439,0.087659,0.0,0.2070612328995192,0,34.0,33.71248312774824
2022-10-23,0.0,0.0,0.0,12,24,True,0.0,0.0,0.0,31.855,0.073215,0.109823,0.0,0.2057325000537777,0,33.0,31.46074569559397
2022-10-24,0.0,0.0,0.0,9,18,True,0.0,0.0,0.0,31.914,0.058439,0.087659,0.0,0.2081764277562497,0,32.0,30.495107601621523
2022-10-25,0.0,0.0,0.0,11,22,True,0.0,0.0,0.0,31.984,0.068603,0.102905,0.0,0.2066383151655303,0,31.0,28.867048234552886
2022-10-26,0.0,0.0,0.0,10,18,True,0.0,0.0,0.0,32.045,0.059167,0.088751,0.0,0.2012909612592203,0,30.0,28.34762643053258
2022-10-27,0.0,0.0,0.0,11,22,True,0.0,0.0,0.0,32.115,0.068603,0.102905,0.0,0.2079256157728752,0,29.0,25.96544579561441
2022-10-28,0.0,0.0,0.0,10,20,True,0.0,0.0,0.0,32.18,0.063678,0.095517,0.0,0.2052645671787928,0,28.0,25.229986319429795
2022-10-29,0.0,0.0,0.0,10,20,True,0.0,0.0,0.0,32.244,0.063678,0.095517,0.0,0.2074722197450707,0,27.0,24.080652936122465
2022-10-30,0.0,0.0,0.0,11,22,True,0.0,0.0,0.0,32.314,0.068603,0.102905,0.0,0.2054977818552659,0,26.0,23.18477727587221
2022-10-31,0.0,0.0,0.0,10,20,True,0.0,0.0,0.0,32.379,0.063678,0.095517,0.0,0.2078485935276507,0,25.0,22.18970289212513
2022-11-01,0.0,0.0,0.0,9,18,True,0.0,0.0,0.0,32.438,0.058439,0.087659,0.0,0.206707226783236,0,24.0,21.70064427054405
2022-11-02,0.0,0.0,0.0,8,16,True,0.0,0.0,0.0,32.492,0.052891,0.079337,0.0,0.2046873559215414,0,23.0,22.99735926038769
2022-11-03,0.0,0.0,0.0,9,18,True,0.0,0.0,0.0,32.551,0.058439,0.087659,0.0,0.2070075004536658,0,22.0,20.910879735790882
2022-11-04,0.0,0.0,0.0,12,24,True,0.0,0.0,0.0,32.625,0.073215,0.109823,0.0,0.2087958998643983,0,21.0,20.781624531970834
2022-11-05,0.0,0.0,0.0,12,24,True,0.0,0.0,0.0,32.699,0.073215,0.109823,0.0,0.2055840038713065,0,20.0,20.248993518307095
2022-11-06,0.0,0.0,0.0,11,22,True,0.0,0.0,0.0,32.768,0.068603,0.102905,0.0,0.2054081375369044,0,19.0,19.80827933789414
2022-11-07,0.0,0.0,0.0,12,18,True,0.0,0.0,0.0,32.829,0.060621,0.090932,0.0,0.2076730657724511,0,18.0,18.723764686827614
2022-11-08,0.0,0.0,0.0,11,21,True,0.0,0.0,0.0,32.896,0.066543,0.099815,0.0,0.2063607093619692,0,17.0,18.838514343130853
2022-11-09,0.0,0.0,0.0,7,14,True,0.0,0.0,0.0,32.944,0.047045,0.070567,0.0,0.205785956192418,0,16.0,18.600351781680853
2022-11-10,0.0,0.0,0.0,8,16,True,0.0,0.0,0.0,32.997,0.052891,0.079337,0.0,0.2056633214424869,0,15.0,18.33563597286978
2022-11-11,0.0,0.0,0.0,7,14,True,0.0,0.0,0.0,33.044,0.047045,0.070567,0.0,0.2074877656711596,0,14.0,18.04604849407631
2022-11-12,0.0,0.0,0.0,7,14,True,0.0,0.0,0.0,33.091,0.047045,0.070567,0.0,0.2067893751813945,0,13.0,17.89783474785142
2022-11-13,0.0,0.0,0.0,8,16,True,0.0,0.0,0.0,33.144,0.052891,0.079337,0.0,0.2031151351467003,0,12.0,19.969635493094746
2022-11-14,0.0,0.0,0.0,9,16,True,0.0,0.0,0.0,33.198,0.05362,0.08043,0.0,0.2054078337098034,0,11.0,17.639116963405247
2022-11-15,0.0,0.0,0.0,12,18,True,0.0,0.0,0.0,33.259,0.060621,0.090932,0.0,0.2077995556155153,0,10.0,16.485363147012073
2022-11-16,0.0,0.0,0.0,7,14,True,0.0,0.0,0.0,33.306,0.047045,0.070567,0.0,0.2062693427574493,0,9.0,18.512376048098506
2022-11-17,0.0,0.0,0.0,10,20,True,0.0,0.0,0.0,33.37,0.063678,0.095517,0.0,0.206993337054257,0,8.0,16.793386438860797
2022-11-18,0.0,0.0,0.0,8,16,True,0.0,0.0,0.0,33.423,0.052891,0.079337,0.0,0.1644393845423711,0,7.0,17.05716408927078
2022-11-19,0.0,0.0,0.0,10,20,True,0.0,0.0,0.0,33.486,0.063678,0.095517,0.0,0.2061499637933364,0,6.0,14.888139619167703
2022-11-20,0.0,0.0,0.0,11,22,True,0.0,0.0,0.0,33.555,0.068603,0.102905,0.0,0.2077064411905359,0,5.0,14.07972787427558
2022-11-21,0.0,0.0,0.0,8,16,True,0.0,0.0,0.0,33.607,0.052891,0.079337,0.0,0.205476801407856,0,4.0,15.576262584108584
2022-11-22,0.0,0.0,0.0,9,18,True,0.0,0.0,0.0,33.666,0.058439,0.087659,0.0,0.2063397389746319,0,3.0,16.410078976016084
2022-11-23,1.0,24.862,1.0,26,32,True,0.1428571428571428,3.5517142857142856,0.0,34.05,0.386295,0.579442,0.0,0.207867937230992,0,2.0,7.315669653393092
2022-11-24,2.0,120.1,2.0,39,56,True,0.4285714285714285,20.70885714285714,0.0285714285714285,34.719,0.676794,1.015192,0.0,0.2084686335345164,0,1.0,9.95634141027194
2022-11-25,8.0,402.81,2.0,32,10,True,1.5714285714285714,78.25314285714285,0.0813186813186813,35.477,0.773741,1.160612,0.0,0.2076720602990381,1,0.0,10.970175174152184
2022-11-26,1.0,55.494,1.0,4,0,False,1.7142857142857142,86.18085714285714,0.2967032967032967,34.26,0.391738,0.587607,4.5,0.0017921136652977,0,100.0,95.59966362033681
2022-11-27,0.0,0.0,0.0,0,0,False,1.7142857142857142,86.18085714285714,0.2769230769230769,32.756,0.03877,0.058155,4.5,,0,99.0,135.228
2022-11-28,1.0,152.856,1.0,7,0,False,1.8571428571428568,108.01742857142855,0.2241758241758241,31.748,0.461761,0.692641,4.5,6.782213358086497e-05,0,98.0,86.87559345437052
2022-11-29,0.0,0.0,0.0,0,0,False,1.8571428571428568,108.01742857142855,0.2,30.362,0.041628,0.062442,4.5,,0,97.0,103.336
2022-11-30,0.0,0.0,0.0,0,0,False,1.7142857142857142,104.46571428571428,0.1428571428571428,29.036,0.03877,0.058155,4.5,,0,96.0,86.072
2022-12-01,0.0,0.0,0.0,9,16,True,1.4285714285714286,87.30857142857143,0.0857142857142857,29.128,0.086449,0.129673,0.0,0.2047290482215755,0,95.0,75.8103543604607
2022-12-02,0.0,0.0,0.0,10,20,True,0.2857142857142857,29.764285714285712,0.0285714285714285,29.203,0.070486,0.105728,0.0,0.2068232319438208,0,94.0,88.51421083137137
2022-12-03,0.0,0.0,0.0,11,22,True,0.1428571428571428,21.83657142857143,-0.0285714285714285,29.28,0.072011,0.108016,0.0,0.2072220099393084,0,93.0,91.9976404040404
2022-12-04,0.0,0.0,0.0,10,20,True,0.1428571428571428,21.83657142857143,-0.0857142857142857,29.351,0.067086,0.100629,0.0,0.2063590287137311,0,92.0,91.52227171717172
2022-12-05,0.0,0.0,0.0,10,20,True,0.0,0.0,-0.1428571428571428,29.418,0.063678,0.095517,0.0,0.2071473521390586,0,91.0,89.96769488844488
2022-12-06,0.0,0.0,0.0,12,24,True,0.0,0.0,-0.1999999999999999,29.496,0.073215,0.109823,0.0,0.206667928941909,0,90.0,89.5011451048951
2022-12-07,0.0,0.0,0.0,10,20,True,0.0,0.0,-0.2571428571428571,29.563,0.063678,0.095517,0.0,0.20780619770417,0,89.0,88.6355464035964
2022-12-08,0.0,0.0,0.0,11,22,True,0.0,0.0,-0.2813186813186813,29.636,0.068603,0.102905,0.0,0.2065408398821416,0,88.0,87.48206660561662
2022-12-09,0.0,0.0,0.0,8,18,True,0.0,0.0,-0.2681318681318681,29.697,0.05771,0.086565,0.0,0.2061741203823886,0,87.0,86.37875945165946
2022-12-10,0.0,0.0,0.0,12,24,True,0.0,0.0,-0.0483516483516483,29.774,0.073215,0.109823,0.0,0.2060946529560973,0,86.0,85.29165827505827
2022-12-11,0.0,0.0,0.0,11,22,True,0.0,0.0,-0.0241758241758241,29.846,0.068603,0.102905,0.0,0.2078579938005458,0,85.0,84.31831111111111
2022-12-12,0.0,0.0,0.0,10,20,True,0.0,0.0,-0.0285714285714285,29.913,0.063678,0.095517,0.0,0.2070778100893599,0,84.0,83.6391431018257
2022-12-13,0.0,0.0,0.0,10,20,True,0.0,0.0,0.0,29.98,0.063678,0.095517,0.0,0.2056979728528057,0,83.0,75.5111620935111
2022-12-14,0.0,0.0,0.0,7,14,True,0.0,0.0,0.0,30.029,0.047045,0.070567,0.0,0.2084157082925289,0,82.0,74.82192870468347
2022-12-15,0.0,0.0,0.0,8,16,True,0.0,0.0,0.0,30.085,0.052891,0.079337,0.0,0.2073595628727146,0,81.0,75.77370583058415
2022-12-16,0.0,0.0,0.0,6,12,True,0.0,0.0,0.0,30.128,0.040917,0.061375,0.0,0.2058981756140405,0,80.0,73.84994903107135
2022-12-17,0.0,0.0,0.0,8,16,True,0.0,0.0,0.0,30.183,0.052891,0.079337,0.0,0.103872869930802,0,79.0,72.32022158511938
2022-12-18,0.0,0.0,0.0,6,12,True,0.0,0.0,0.0,30.226,0.040917,0.061375,0.0,0.2041353510090117,0,78.0,70.55031834688586
2022-12-19,0.0,0.0,0.0,8,16,True,0.0,0.0,0.0,30.281,0.052891,0.079337,0.0,0.2068357673974666,0,77.0,72.91811056453122
2022-12-20,0.0,0.0,0.0,9,18,True,0.0,0.0,0.0,30.343,0.058439,0.087659,0.0,0.2059263842449667,0,76.0,70.14429772178401
2022-12-21,0.0,0.0,0.0,7,14,True,0.0,0.0,0.0,30.392,0.047045,0.070567,0.0,0.2069077068335407,0,75.0,69.83648097300285
2022-12-22,0.0,0.0,0.0,11,22,True,0.0,0.0,0.0,30.463,0.068603,0.102905,0.0,0.2076992458965244,0,74.0,66.86642907427547
2022-12-23,0.0,0.0,0.0,9,18,True,0.0,0.0,0.0,30.524,0.058439,0.087659,0.0,0.20632156061556,0,73.0,66.20414944894432
2022-12-24,0.0,0.0,0.0,12,24,True,0.0,0.0,0.0,30.601,0.073215,0.109823,0.0,0.2058311476835229,0,72.0,67.17106075628014
2022-12-25,0.0,0.0,0.0,10,20,True,0.0,0.0,0.0,30.667,0.063678,0.095517,0.0,0.2063994380507986,0,71.0,66.37874105981886
2022-12-26,0.0,0.0,0.0,10,20,True,0.0,0.0,0.0,30.733,0.063678,0.095517,0.0,0.2068299934147992,0,70.0,64.93347873603157
2022-12-27,0.0,0.0,0.0,10,20,True,0.0,0.0,0.0,30.799,0.063678,0.095517,0.0,0.2054358178061277,0,69.0,65.37139438000078
2022-12-28,0.0,0.0,0.0,9,18,True,0.0,0.0,0.0,30.86,0.058439,0.087659,0.0,0.2055809759659516,0,68.0,63.247939204130915
2022-12-29,0.0,0.0,0.0,9,18,True,0.0,0.0,0.0,30.921,0.058439,0.087659,0.0,0.2055142443115422,0,67.0,62.804209180697164
2022-12-30,0.0,0.0,0.0,7,14,True,0.0,0.0,0.0,30.969,0.047045,0.070567,0.0,0.2056697838046604,0,66.0,63.20839838267165
2022-12-31,0.0,0.0,0.0,8,16,True,0.0,0.0,0.0,31.024,0.052891,0.079337,0.0,0.2072861845964218,0,65.0,60.11374890112618
2023-01-01,0.0,0.0,0.0,7,14,True,0.0,0.0,0.0,31.073,0.047045,0.070567,0.0,0.2050908346663619,0,64.0,59.12049957641257
2023-01-02,0.0,0.0,0.0,9,18,True,0.0,0.0,0.0,31.133,0.058439,0.087659,0.0,0.2054480669031976,0,63.0,59.100880728593715
2023-01-03,0.0,0.0,0.0,9,18,True,0.0,0.0,0.0,31.194,0.058439,0.087659,0.0,0.2083197520712897,0,62.0,57.57193140603955
2023-01-04,0.0,0.0,0.0,9,18,True,0.0,0.0,0.0,31.254,0.058439,0.087659,0.0,0.2075011699885226,0,61.0,54.17004426010036
2023-01-05,3.0,492.2240000000001,3.0,43,50,True,0.4285714285714285,70.31771428571429,0.0,32.04,0.762718,1.144077,0.0,0.2050254047331488,0,60.0,51.170429437275224
2023-01-06,3.0,635.363,3.0,44,52,True,0.8571428571428571,161.08385714285714,0.0857142857142857,32.83,0.774276,1.161414,0.0,0.2061055741426152,0,59.0,50.34604538305153
2023-01-07,0.0,0.0,0.0,9,18,True,0.8571428571428571,161.08385714285714,0.1582417582417582,32.909,0.078613,0.11792,0.0,0.2066087602320995,0,58.0,55.266949947751584
2023-01-08,0.0,0.0,0.0,8,16,True,0.8571428571428571,161.08385714285714,0.1318681318681318,32.982,0.073065,0.109598,0.0,0.2064399809171564,0,57.0,54.304232272681546
2023-01-09,0.0,0.0,0.0,10,20,True,0.8571428571428571,161.08385714285714,0.1054945054945055,33.067,0.083852,0.125778,0.0,0.1643993504798748,0,56.0,48.23390749853589
2023-01-10,0.0,0.0,0.0,9,18,True,0.8571428571428571,161.08385714285714,0.0791208791208791,33.146,0.078613,0.11792,0.0,0.2056011515001479,0,55.0,52.88996171875665
2023-01-11,0.0,0.0,0.0,9,18,True,0.8571428571428571,161.08385714285714,0.0527472527472527,33.224,0.078613,0.11792,0.0,0.2071533498153416,0,54.0,51.84820612583823
2023-01-12,0.0,0.0,0.0,10,20,True,0.4285714285714285,90.76614285714288,0.0263736263736263,33.298,0.07387,0.110805,0.0,0.2087238631416168,0,53.0,43.98722409892238
2023-01-13,0.0,0.0,0.0,8,16,True,0.0,0.0,-1.830037952678829e-18,33.351,0.052891,0.079337,0.0,0.2043084201590072,0,52.0,24.046850215888764
2023-01-14,0.0,0.0,0.0,11,22,True,0.0,0.0,-0.0263736263736263,33.42,0.068603,0.102905,0.0,0.2071135481282462,0,51.0,34.149830513146014
2023-01-15,0.0,0.0,0.0,7,14,True,0.0,0.0,-0.0527472527472527,33.467,0.047045,0.070567,0.0,0.2061913548696579,0,50.0,40.04061311536558
2023-01-16,0.0,0.0,0.0,11,22,True,0.0,0.0,-0.0791208791208791,33.535,0.068603,0.102905,0.0,0.2065870455964319,0,49.0,45.04171469814922
2023-01-17,0.0,0.0,0.0,8,16,True,0.0,0.0,-0.1054945054945055,33.588,0.052891,0.079337,0.0,0.205129059132925,0,48.0,45.28741402881644
2023-01-18,0.0,0.0,0.0,10,20,True,0.0,0.0,-0.1318681318681318,33.652,0.063678,0.095517,0.0,0.2059382020193067,0,47.0,44.53150294234207
2023-01-19,0.0,0.0,0.0,9,18,True,0.0,0.0,-0.1582417582417582,33.71,0.058439,0.087659,0.0,0.2057975038687179,0,46.0,44.70113575043444
2023-01-20,0.0,0.0,0.0,7,14,True,0.0,0.0,-0.0857142857142857,33.756,0.047045,0.070567,0.0,0.2051224217707095,0,45.0,44.898809741316825
2023-01-21,0.0,0.0,0.0,8,15,True,0.0,0.0,0.0,33.807,0.050369,0.075554,0.0,0.2066637803261248,0,44.0,32.96133918472546
2023-01-22,0.0,0.0,0.0,5,12,True,0.0,0.0,0.0,33.846,0.040186,0.060279,0.0,0.2062067828291269,0,43.0,33.98479387943687
2023-01-23,0.0,0.0,0.0,8,16,True,0.0,0.0,0.0,33.899,0.052891,0.079337,0.0,0.2048382602834544,0,42.0,34.10378618871772
2023-01-24,2.0,1555.0,2.0,84,59,True,0.2857142857142857,222.14285714285717,0.0,34.608,0.715096,1.072644,0.0,0.2075978671608696,0,41.0,31.00779266571533
2023-01-25,0.0,0.0,0.0,9,18,True,0.2857142857142857,222.14285714285717,0.0571428571428571,34.672,0.065247,0.09787,0.0,0.2052534250362914,0,40.0,38.64219582241069
2023-01-26,0.0,0.0,0.0,11,22,True,0.2857142857142857,222.14285714285717,0.0483516483516483,34.746,0.075411,0.113116,0.0,0.2056019162461682,0,39.0,38.32514405578968
2023-01-27,0.0,0.0,0.0,9,18,True,0.2857142857142857,222.14285714285717,0.0395604395604395,34.81,0.065247,0.09787,0.0,0.2072758715245511,0,38.0,37.405731258245346
2023-01-28,0.0,0.0,0.0,12,24,True,0.2857142857142857,222.14285714285717,0.0307692307692307,34.888,0.080023,0.120034,0.0,0.2059375263175682,0,37.0,37.2063192148425
2023-01-29,0.0,0.0,0.0,10,20,True,0.2857142857142857,222.14285714285717,0.0219780219780219,34.957,0.070486,0.105728,0.0,0.2066970134025575,0,36.0,36.17887922602645
2023-01-30,0.0,0.0,0.0,12,24,True,0.2857142857142857,222.14285714285717,0.0131868131868131,35.035,0.080023,0.120034,0.0,0.2075719538738114,0,35.0,35.002868213214725
2023-01-31,0.0,0.0,0.0,9,18,True,0.0,0.0,0.0043956043956043,35.092,0.058439,0.087659,0.0,0.2060212430001863,0,34.0,31.640901049425068
2023-02-01,0.0,0.0,0.0,10,20,True,0.0,0.0,-0.0043956043956043,35.154,0.063678,0.095517,0.0,0.2008554202837569,0,33.0,31.32993017853058
2023-02-02,0.0,0.0,0.0,7,14,True,0.0,0.0,-0.0131868131868131,35.2,0.047045,0.070567,0.0,0.2065540545017865,0,32.0,30.988979380907818
2023-02-03,0.0,0.0,0.0,16,20,True,0.0,0.0,-0.0219780219780219,35.266,0.068028,0.102042,0.0,0.2050188485999184,0,31.0,26.249999356162597
2023-02-04,0.0,0.0,0.0,10,20,True,0.0,0.0,-0.0307692307692307,35.328,0.063678,0.095517,0.0,0.2055081304238382,0,30.0,30.22629927126121
2023-02-05,0.0,0.0,0.0,8,16,True,0.0,0.0,-0.0395604395604395,35.379,0.052891,0.079337,0.0,0.206035864474385,0,29.0,30.187618050185726
2023-02-06,0.0,0.0,0.0,12,24,True,0.0,0.0,-0.0483516483516483,35.45,0.073215,0.109823,0.0,0.2063182826214621,0,28.0,29.169169292886554
2023-02-07,0.0,0.0,0.0,9,18,True,0.0,0.0,-0.0571428571428571,35.506,0.058439,0.087659,0.0,0.209343246494324,0,27.0,29.23301962522332
2023-02-08,0.0,0.0,0.0,12,24,True,0.0,0.0,0.0,35.577,0.073215,0.109823,0.0,0.2066293369599047,0,26.0,23.828248926672604
2023-02-09,0.0,0.0,0.0,11,20,True,0.0,0.0,0.0,35.639,0.064405,0.096608,0.0,0.2077209981847788,0,25.0,23.65290023256646
2023-02-10,0.0,0.0,0.0,7,14,True,0.0,0.0,0.0,35.685,0.047045,0.070567,0.0,0.2063071141285437,0,24.0,23.91524472114246
2023-02-11,0.0,0.0,0.0,7,14,True,0.0,0.0,0.0,35.73,0.047045,0.070567,0.0,0.2064641676018858,0,23.0,23.789207971291006
2023-02-12,0.0,0.0,0.0,8,16,True,0.0,0.0,0.0,35.781,0.052891,0.079337,0.0,0.2066717421807749,0,22.0,22.930729411108143
2023-02-13,0.0,0.0,0.0,7,14,True,0.0,0.0,0.0,35.827,0.047045,0.070567,0.0,0.2044363750223542,0,21.0,21.722146003427536
2023-02-14,0.0,0.0,0.0,7,14,True,0.0,0.0,0.0,35.872,0.047045,0.070567,0.0,0.2065525036759714,0,20.0,20.73722566695065
2023-02-15,0.0,0.0,0.0,6,12,True,0.0,0.0,0.0,35.911,0.040917,0.061375,0.0,0.2043778797736246,0,19.0,18.719246885249994
2023-02-16,0.0,0.0,0.0,6,12,True,0.0,0.0,0.0,35.951,0.040917,0.061375,0.0,0.2052617157476755,0,18.0,17.593391006459715
2023-02-17,0.0,0.0,0.0,5,10,True,0.0,0.0,0.0,35.984,0.034531,0.051796,0.0,0.2052220239667884,0,17.0,16.095044358271302
2023-02-18,0.0,0.0,0.0,5,10,True,0.0,0.0,0.0,36.017,0.034531,0.051796,0.0,0.2053431705880626,0,16.0,15.290535269099736
2023-02-19,0.0,0.0,0.0,4,8,True,0.0,0.0,0.0,36.044,0.027917,0.041876,0.0,0.2056070439202815,0,15.0,15.805254918607316
2023-02-20,0.0,0.0,0.0,5,10,True,0.0,0.0,0.0,36.077,0.034531,0.051796,0.0,0.2028017284680017,0,14.0,13.776260855548427
2023-02-21,0.0,0.0,0.0,5,10,True,0.0,0.0,0.0,36.11,0.034531,0.051796,0.0,0.2068389513423007,0,13.0,13.125439647475448
2023-02-22,0.0,0.0,0.0,6,12,True,0.0,0.0,0.0,36.149,0.040917,0.061375,0.0,0.2077421175527383,0,12.0,12.588248955790423
2023-02-23,0.0,0.0,0.0,6,12,True,0.0,0.0,0.0,36.188,0.040917,0.061375,0.0,0.2058011415081615,0,11.0,11.520606513247612
2023-02-24,0.0,0.0,0.0,6,12,True,0.0,0.0,0.0,36.227,0.040917,0.061375,0.0,0.2000493937593443,0,10.0,10.543215438988518
2023-02-25,0.0,0.0,0.0,5,10,True,0.0,0.0,0.0,36.261,0.034531,0.051796,0.0,0.2045306663381979,0,9.0,9.616678810406366
2023-02-26,0.0,0.0,0.0,5,10,True,0.0,0.0,0.0,36.294,0.034531,0.051796,0.0,0.2048864886423651,0,8.0,9.457492552220112
2023-02-27,0.0,0.0,0.0,5,10,True,0.0,0.0,0.0,36.327,0.034531,0.051796,0.0,0.2061491637190177,0,7.0,9.416268778075443
2023-02-28,0.0,0.0,0.0,17,14,True,0.0,0.0,0.0,36.378,0.054302,0.081454,0.0,0.2071378987983203,0,6.0,5.707868648822823
2023-03-01,0.0,0.0,0.0,17,12,True,0.0,0.0,0.0,36.425,0.048904,0.073357,0.0,0.2081545815447271,0,5.0,5.541055569745039
2023-03-02,0.0,0.0,0.0,15,18,True,0.0,0.0,0.0,36.485,0.062795,0.094193,0.0,0.2048625259942056,0,4.0,6.387112716743208
2023-03-03,0.0,0.0,0.0,12,22,True,0.0,0.0,0.0,36.551,0.06933,0.103994,0.0,0.206100107985808,0,3.0,7.051879168637491
2023-03-04,0.0,0.0,0.0,15,30,True,0.0,0.0,0.0,36.632,0.085245,0.127868,0.0,0.206684158583256,0,2.0,4.724838959278459
2023-03-05,0.0,0.0,0.0,12,24,True,0.0,0.0,0.0,36.702,0.073215,0.109823,0.0,0.207023243686896,0,1.0,7.129049711588191
2023-03-06,19.0,54619.052,3.0,4340,471,True,2.7142857142857144,7802.7217142857135,0.0,37.607,0.953717,1.430576,0.0,0.2122294953947689,1,0.0,1.4212638528138526
2023-03-07,0.0,0.0,0.0,10,20,True,2.7142857142857144,7802.7217142857135,0.5428571428571428,37.72,0.120692,0.181038,0.0,0.2066895833615962,0,25.0,20.330779223126473
2023-03-08,4.0,5081.348,3.0,374,62,True,3.2857142857142856,8528.628571428571,0.4593406593406593,38.584,0.924424,1.386636,0.0,0.2069244229186809,0,24.0,16.800933333333333
2023-03-09,0.0,0.0,0.0,11,22,True,3.2857142857142856,8528.628571428571,0.49010989010989,38.707,0.134108,0.201162,0.0,0.2067763629179808,0,23.0,21.813700272601608
2023-03-10,0.0,0.0,0.0,12,24,True,3.2857142857142856,8528.628571428571,0.389010989010989,38.835,0.13872,0.20808,0.0,0.2092892694585844,0,22.0,20.65261396218515
2023-03-11,0.0,0.0,0.0,12,24,True,3.2857142857142856,8528.628571428571,0.2879120879120878,38.962,0.13872,0.20808,0.0,0.2069973742358498,0,21.0,20.380085770287618
2023-03-12,0.0,0.0,0.0,9,18,True,3.2857142857142856,8528.628571428571,0.1868131868131868,39.076,0.123944,0.185916,0.0,0.2067753286918062,0,20.0,20.40452162563454
2023-03-13,0.0,0.0,0.0,10,20,True,0.5714285714285714,725.9068571428571,0.0857142857142857,39.146,0.07723,0.115846,0.0,0.2060041172395792,0,19.0,14.831034355155973
2023-03-14,0.0,0.0,0.0,10,20,True,0.5714285714285714,725.9068571428571,-0.0153846153846154,39.217,0.07723,0.115846,0.0,0.208759362485826,0,18.0,17.24309800023224
2023-03-15,0.0,0.0,0.0,11,22,True,0.0,0.0,-0.1164835164835165,39.279,0.068603,0.102905,0.0,0.2074983603509129,0,17.0,18.167402463526354
2023-03-16,0.0,0.0,0.0,11,22,True,0.0,0.0,-0.2175824175824176,39.342,0.068603,0.102905,0.0,0.2059447278582902,0,16.0,17.21107181802806
2023-03-17,0.0,0.0,0.0,14,28,True,0.0,0.0,-0.3186813186813186,39.416,0.081526,0.122289,0.0,0.2070634052867985,0,15.0,13.199392747342397
2023-03-18,0.0,0.0,0.0,14,28,True,0.0,0.0,-0.4197802197802198,39.49,0.081526,0.122289,0.0,0.2055864437652651,0,14.0,13.25614303398386
2023-03-19,0.0,0.0,0.0,16,22,True,0.0,0.0,-0.5208791208791209,39.556,0.072226,0.108339,0.0,0.2012536329654184,0,13.0,12.750292012411109
2023-03-20,0.0,0.0,0.0,15,30,True,0.0,0.0,-0.6219780219780218,39.633,0.085245,0.127868,0.0,0.3430343941125263,0,12.0,10.655606711979788
2023-03-21,0.0,0.0,0.0,14,28,True,0.0,0.0,-0.0967032967032967,39.707,0.081526,0.122289,0.0,0.2082762131883056,0,11.0,11.3282642231619
2023-03-22,2.0,283.81600000000003,2.0,33,33,True,0.2857142857142857,40.545142857142864,-0.1142857142857142,40.31,0.666722,1.000083,0.0,0.2067193106285378,0,10.0,9.376857469885117
2023-03-23,0.0,0.0,0.0,11,22,True,0.2857142857142857,40.545142857142864,0.0571428571428571,40.377,0.075411,0.113116,0.0,0.2050538701373905,0,9.0,7.957043742282496
2023-03-24,0.0,0.0,0.0,48,24,True,0.2857142857142857,40.545142857142864,0.0483516483516483,40.471,0.105011,0.157516,0.0,0.2064611038975939,0,8.0,6.381819897289584
2023-03-25,0.0,0.0,0.0,11,22,True,0.2857142857142857,40.545142857142864,0.0395604395604395,40.538,0.075411,0.113116,0.0,0.2052142197785454,0,7.0,6.575181289887551
2023-03-26,0.0,0.0,0.0,10,20,True,0.2857142857142857,40.545142857142864,0.0307692307692307,40.601,0.070486,0.105728,0.0,0.2045277231096811,0,6.0,5.7212629137515165
2023-03-27,0.0,0.0,0.0,10,20,True,0.2857142857142857,40.545142857142864,0.0219780219780219,40.664,0.070486,0.105728,0.0,0.204896813585027,0,5.0,5.518754977243581
2023-03-28,0.0,0.0,0.0,10,20,True,0.2857142857142857,40.545142857142864,0.0131868131868131,40.727,0.070486,0.105728,0.0,0.2057619436680711,0,4.0,5.112736040195077
2023-03-29,0.0,0.0,0.0,11,22,True,0.0,0.0,0.0043956043956043,40.788,0.068603,0.102905,0.0,0.2066035435583838,0,3.0,4.32229029945976
2023-03-30,0.0,0.0,0.0,11,21,True,0.0,0.0,-0.0043956043956043,40.847,0.066543,0.099815,0.0,0.2077293510691142,0,2.0,3.974921949690787
2023-03-31,0.0,0.0,0.0,12,24,True,0.0,0.0,-0.0131868131868131,40.912,0.073215,0.109823,0.0,0.2073156134870018,0,1.0,3.3078750325804602
2023-04-01,12.0,15217.988,3.0,1117,163,True,1.7142857142857142,2173.998285714286,-0.0219780219780219,41.741,0.935382,1.403072,0.0,0.2101138700774427,1,0.0,0.4765377705627706
2023-04-02,0.0,0.0,0.0,13,26,True,1.7142857142857142,2173.998285714286,0.3120879120879121,41.843,0.11629,0.174435,0.0,0.2064130834214639,0,2.0,4.819173966412737
2023-04-03,4.0,1405.24,2.0,102,28,True,2.2857142857142856,2374.7468571428576,0.2505494505494505,42.573,0.836898,1.255348,0.0,0.2071617295807333,0,1.0,6.361909928973077
2023-04-04,35.0,22409.963,3.0,1624,213,True,7.285714285714286,5576.170142857144,0.3032967032967033,43.426,0.99071,1.486066,0.0,0.2106086474019595,1,0.0,0.096
2023-04-05,17.0,14468.095,3.0,1092,68,True,9.714285714285714,7643.040857142858,1.224175824175824,44.268,0.992209,1.488314,0.0,0.2062579661322837,1,0.0,1.1623095238095238
2023-04-06,0.0,0.0,0.0,0,0,False,9.714285714285714,7643.040857142858,1.5428571428571427,42.358,0.09808,0.14712,4.5,0.0099554353121559,0,5.0,5.598294383343718
2023-04-07,0.0,0.0,0.0,0,0,False,9.714285714285714,7643.040857142858,1.2439560439560438,40.537,0.09808,0.14712,4.5,0.0099736469118657,0,4.0,5.618424681906524
2023-04-08,0.0,0.0,0.0,0,0,False,8.0,5469.042571428573,0.945054945054945,38.798,0.095701,0.143551,4.5,0.0099503476271576,0,3.0,4.814258986674145
2023-04-09,0.0,0.0,0.0,0,0,False,8.0,5469.042571428573,0.6461538461538462,37.14,0.095701,0.143551,4.5,0.0099319192226893,0,2.0,4.166508844564791
2023-04-10,0.0,0.0,0.0,0,0,False,7.428571428571429,5268.294000000001,0.3472527472527472,35.558,0.094391,0.141586,4.5,0.0049834051675746,0,1.0,16.3928797303161
2023-04-11,10.0,8901.619,3.0,663,98,True,3.857142857142857,3338.5305714285714,0.0483516483516483,36.494,0.968533,1.452799,0.0,0.1329475127139057,1,0.0,0.6284761904761905
2023-04-12,0.0,0.0,0.0,0,0,False,1.4285714285714286,1271.6598571428572,0.0351648351648351,34.883,0.032829,0.049243,4.5,0.0099732422096499,0,42.0,38.36253395642438
2023-04-13,0.0,0.0,0.0,0,0,False,1.4285714285714286,1271.6598571428572,-0.3076923076923076,33.345,0.032829,0.049243,4.5,0.0099609662424381,0,41.0,41.13855850067807
2023-04-14,0.0,0.0,0.0,0,0,False,1.4285714285714286,1271.6598571428572,-0.6505494505494506,31.877,0.032829,0.049243,4.5,0.0099538357748269,0,40.0,41.13297860015802
2023-04-15,0.0,0.0,0.0,0,0,False,1.4285714285714286,1271.6598571428572,-0.9934065934065934,30.477,0.032829,0.049243,4.5,0.0099319192226893,0,39.0,40.29602380952382
2023-04-16,0.0,0.0,0.0,0,0,False,1.4285714285714286,1271.6598571428572,-0.9406593406593406,29.139,0.032829,0.049243,4.5,0.0099584802145412,0,38.0,46.866
2023-04-17,0.0,0.0,0.0,0,0,False,1.4285714285714286,1271.6598571428572,-1.2307692307692308,27.863,0.032829,0.049243,4.5,0.0099934387773704,0,37.0,34.214
2023-04-18,0.0,0.0,0.0,0,0,False,0.0,0.0,-1.3890109890109887,26.609,0.0,0.0,4.5,0.0099449130545458,0,36.0,33.02271428571429
2023-04-19,0.0,0.0,0.0,0,0,False,0.0,0.0,-0.5076923076923077,25.412,0.0,0.0,4.5,0.0099319192226893,0,35.0,79.6277119047619
2023-04-20,0.0,0.0,0.0,1,0,False,0.0,0.0,-0.0659340659340659,24.269,0.000732,0.001098,4.5,0.0099471494590546,0,34.0,68.7309154566194
2023-04-21,0.0,0.0,0.0,0,0,False,0.0,0.0,-0.1098901098901098,23.177,0.0,0.0,4.5,0.0099434098748872,0,33.0,37.43485697066091
2023-04-22,0.0,0.0,0.0,0,0,False,0.0,0.0,-0.1538461538461538,22.134,0.0,0.0,4.5,0.0099432749741486,0,32.0,38.59918078018472
2023-04-23,0.0,0.0,0.0,0,0,False,0.0,0.0,-0.1978021978021978,21.138,0.0,0.0,4.5,0.00995271802585,0,31.0,30.89122644563039
2023-04-24,0.0,0.0,0.0,0,0,False,0.0,0.0,-0.2417582417582418,20.187,0.0,0.0,4.5,0.0100123826953754,0,30.0,26.33250500566685
2023-04-25,2.0,288.41700000000003,1.0,0,0,False,0.2857142857142857,41.20242857142858,-0.2857142857142857,19.906,0.524248,0.786372,4.5,0.0098043216493423,0,29.0,32.12998113275612
2023-04-26,0.0,0.0,0.0,0,0,False,0.2857142857142857,41.20242857142858,0.0571428571428571,19.018,0.006808,0.010211,4.5,0.0099319192226893,0,28.0,28.553747799422798
2023-04-27,0.0,0.0,0.0,1,0,False,0.2857142857142857,41.20242857142858,0.0483516483516483,18.172,0.007539,0.011309,4.5,0.0099826680328926,0,27.0,27.439670823620823
2023-04-28,0.0,0.0,0.0,0,0,False,0.2857142857142857,41.20242857142858,0.0395604395604395,17.362,0.006808,0.010211,4.5,0.009936761195628,0,26.0,27.308509423909424
2023-04-29,0.0,0.0,0.0,0,0,False,0.2857142857142857,41.20242857142858,0.0307692307692307,16.589,0.006808,0.010211,4.5,0.0099319192226893,0,25.0,27.970754134754138
2023-04-30,0.0,0.0,0.0,0,0,False,0.2857142857142857,41.20242857142858,0.0219780219780219,15.851,0.006808,0.010211,4.5,0.0099319192226893,0,24.0,37.55716603951603
2023-05-01,0.0,0.0,0.0,0,0,False,0.2857142857142857,41.20242857142858,0.0131868131868131,15.147,0.006808,0.010211,4.5,0.0099319192226893,0,23.0,59.68277080142079
2023-05-02,0.0,0.0,0.0,0,0,False,0.0,0.0,0.0043956043956043,14.465,0.0,0.0,4.5,0.0099319192226893,0,22.0,36.42484161949162
2023-05-03,0.0,0.0,0.0,0,0,False,0.0,0.0,-0.0043956043956043,13.814,0.0,0.0,4.5,0.0049659596113446,0,21.0,30.242353049581997
2023-05-04,0.0,0.0,0.0,0,0,False,0.0,0.0,-0.0131868131868131,13.193,0.0,0.0,4.5,0.0099409045754562,0,20.0,19.065649705411552
2023-05-05,0.0,0.0,0.0,0,0,False,0.0,0.0,-0.0219780219780219,12.599,0.0,0.0,4.5,0.0099427931857965,0,19.0,20.51661222067407
2023-05-06,0.0,0.0,0.0,0,0,False,0.0,0.0,-0.0307692307692307,12.032,0.0,0.0,4.5,0.0099338704655154,0,18.0,20.5193696440986
2023-05-07,0.0,0.0,0.0,0,0,False,0.0,0.0,-0.0395604395604395,11.49,0.0,0.0,4.5,0.0099850942031119,0,17.0,16.46323460384645
2023-05-08,0.0,0.0,0.0,0,0,False,0.0,0.0,-0.0483516483516483,10.973,0.0,0.0,4.5,0.0099319192226893,0,16.0,18.71120908243803
2023-05-09,0.0,0.0,0.0,0,0,False,0.0,0.0,-0.0571428571428571,10.48,0.0,0.0,4.5,0.0099906251333941,0,15.0,15.563592562554414
2023-05-10,0.0,0.0,0.0,0,0,False,0.0,0.0,0.0,10.008,0.0,0.0,4.5,0.0099815289693062,0,14.0,12.958105591338489
2023-05-11,0.0,0.0,0.0,0,0,False,0.0,0.0,0.0,9.558,0.0,0.0,4.5,0.010025063364803,0,13.0,12.166965019337388
2023-05-12,0.0,0.0,0.0,0,0,False,0.0,0.0,0.0,9.128,0.0,0.0,4.5,0.0099319192226893,0,12.0,52.63912009102009
2023-05-13,0.0,0.0,0.0,0,0,False,0.0,0.0,0.0,8.717,0.0,0.0,4.5,0.0099437953055689,0,11.0,11.770125540833437
2023-05-14,0.0,0.0,0.0,0,0,False,0.0,0.0,0.0,8.325,0.0,0.0,4.5,0.0099448745114776,0,10.0,12.45723445414235
2023-05-15,0.0,0.0,0.0,0,0,False,0.0,0.0,0.0,7.95,0.0,0.0,4.5,0.0099445468953982,0,9.0,34.98827254938044
2023-05-16,0.0,0.0,0.0,0,0,False,0.0,0.0,0.0,7.592,0.0,0.0,4.5,0.0099319192226893,0,8.0,171.45628563691204
2023-05-17,0.0,0.0,0.0,0,0,False,0.0,0.0,0.0,7.251,0.0,0.0,4.5,0.0099426390135238,0,7.0,98.8265910784004
2023-05-18,0.0,0.0,0.0,0,0,False,0.0,0.0,0.0,6.924,0.0,0.0,4.5,0.0099590005459615,0,6.0,95.3271550144644
2023-05-19,0.0,0.0,0.0,0,0,False,0.0,0.0,0.0,6.613,0.0,0.0,4.5,0.0099382836468207,0,5.0,103.07100243232003
2023-05-20,0.0,0.0,0.0,0,0,False,0.0,0.0,0.0,6.315,0.0,0.0,4.5,0.0099389774220478,0,4.0,74.82983078204046
2023-05-21,0.0,0.0,0.0,0,0,False,0.0,0.0,0.0,6.031,0.0,0.0,4.5,0.0099511763031232,0,3.0,95.31237581968263
2023-05-22,0.0,0.0,0.0,0,0,False,0.0,0.0,0.0,5.76,0.0,0.0,4.5,0.0099319192226893,0,2.0,170.15983930929744
2023-05-23,0.0,0.0,0.0,0,0,False,0.0,0.0,0.0,5.5,0.0,0.0,4.5,0.0099798523458409,0,1.0,112.2265292793378
2023-05-24,23.0,10861.677,3.0,850,73,True,3.2857142857142856,1551.6681428571428,0.0,6.862,0.960332,1.440497,0.0,0.2052952723898703,1,0.0,19.6575
2023-05-25,2.0,102.547,1.0,11,0,True,3.571428571428572,1566.3177142857144,0.6571428571428571,7.662,0.572843,0.859265,0.0,0.0100020831828986,0,5.0,27.594028441932185
2023-05-26,1.0,204.548,1.0,19,0,True,3.7142857142857135,1595.538857142857,0.6131868131868131,8.36,0.504101,0.756151,0.0,0.0099778176356766,0,4.0,15.004977438979054
2023-05-27,0.0,0.0,0.0,0,0,False,3.7142857142857135,1595.538857142857,0.531868131868132,8.081,0.070959,0.106439,4.5,0.0049659596113446,0,3.0,6.842883870955642
2023-05-28,0.0,0.0,0.0,0,0,False,3.7142857142857135,1595.538857142857,0.4175824175824176,7.816,0.070959,0.106439,4.5,0.0099319192226893,0,2.0,9.879105325593194
2023-05-29,0.0,0.0,0.0,0,0,False,3.7142857142857135,1595.538857142857,0.3032967032967034,7.562,0.070959,0.106439,4.5,0.0099581718699959,0,1.0,10.002454835113602
2023-05-30,28.0,21129.233,4.0,1771,10,True,7.714285714285714,4614.000714285714,0.189010989010989,8.845,0.92522,1.38783,0.0,0.1239027989409216,1,0.0,3.1672380952380954
2023-05-31,16.0,4044.661,4.0,250,24,True,6.714285714285714,3640.1412857142855,0.8747252747252747,10.145,0.950888,1.426331,0.0,0.1335133634763564,1,0.0,1.021
2023-06-01,1.0,76.495,1.0,1,0,False,6.571428571428571,3636.419571428571,1.0945054945054944,10.322,0.470305,0.705457,4.5,0.0099376668611284,0,8.0,7.260066890654104
2023-06-02,0.0,0.0,0.0,0,0,False,6.428571428571429,3607.198428571428,0.8153846153846154,9.981,0.091112,0.136668,4.5,0.0099428702719328,0,7.0,6.535303338193493
2023-06-03,0.0,0.0,0.0,0,0,False,6.428571428571429,3607.198428571428,0.5032967032967033,9.654,0.091112,0.136668,4.5,0.0099395555680703,0,6.0,5.893892515682672
2023-06-04,0.0,0.0,0.0,0,0,False,6.428571428571429,3607.198428571428,0.1912087912087912,9.343,0.091112,0.136668,4.5,0.0099319192226893,0,5.0,6.182699742393159
2023-06-05,4.0,144.78,3.0,3,0,False,7.0,3627.881285714285,-0.1208791208791209,9.945,0.751779,1.127668,4.5,0.0177834405351475,0,4.0,3.998362418023863
2023-06-06,0.0,0.0,0.0,0,0,False,3.0,609.419428571428,-0.3186813186813186,9.581,0.061437,0.092155,4.5,0.0099840342687372,0,3.0,5.5106733750785954
2023-06-07,0.0,0.0,0.0,0,0,False,0.7142857142857143,31.610714285713765,-0.6483516483516483,9.173,0.016882,0.025323,4.5,0.0099942096387338,0,2.0,9.077804171559436
2023-06-08,0.0,0.0,0.0,0,0,False,0.5714285714285714,20.682857142856623,-0.2197802197802198,8.778,0.013552,0.020329,4.5,0.0099417525229559,0,1.0,12.039043543298806
2023-06-09,6.0,574.956,3.0,10,0,False,1.4285714285714286,102.81942857142803,-0.3824175824175824,9.381,0.729146,1.093719,4.5,0.0100178711763746,1,0.0,3.4301747151541275
2023-06-10,0.0,0.0,0.0,0,0,False,1.4285714285714286,102.81942857142803,-0.3978021978021978,9.003,0.032829,0.049243,4.5,0.0099319192226893,0,47.0,40.20645692640692
2023-06-11,0.0,0.0,0.0,0,0,False,1.4285714285714286,102.81942857142803,-0.6395604395604395,8.643,0.032829,0.049243,4.5,0.0099319192226893,0,46.0,43.344609307359306
2023-06-12,0.0,0.0,0.0,0,0,False,0.8571428571428571,82.13657142857092,-0.8813186813186813,8.282,0.020174,0.030261,4.5,0.0099322901997205,0,45.0,43.445333766233766
2023-06-13,0.0,0.0,0.0,0,0,False,0.8571428571428571,82.13657142857092,-1.123076923076923,7.937,0.020174,0.030261,4.5,0.0099619298191423,0,44.0,39.15042706007441
2023-06-14,0.0,0.0,0.0,0,0,False,0.8571428571428571,82.13657142857092,-0.4417582417582417,7.608,0.020174,0.030261,4.5,0.0099462042473294,0,43.0,68.03464394319131
2023-06-15,0.0,0.0,0.0,0,0,False,0.8571428571428571,82.13657142857092,-0.0329670329670329,7.293,0.020174,0.030261,4.5,0.0099319192226893,0,42.0,87.81300463458112
2023-06-16,0.0,0.0,0.0,0,0,False,0.0,0.0,-0.0483516483516483,6.965,0.0,0.0,4.5,0.0099330032464816,0,41.0,126.66036297068948
2023-06-17,0.0,0.0,0.0,1,0,False,0.0,0.0,-0.0923076923076922,6.653,0.000732,0.001098,4.5,0.0099550306099401,0,40.0,69.2518155937973
2023-06-18,0.0,0.0,0.0,0,0,False,0.0,0.0,-0.1362637362637362,6.353,0.0,0.0,4.5,0.0099587885590866,0,39.0,62.153747897596034
2023-06-19,0.0,0.0,0.0,0,0,False,0.0,0.0,-0.1802197802197802,6.067,0.0,0.0,4.5,0.0049659596113446,0,38.0,82.98972486295955
2023-06-20,0.0,0.0,0.0,0,0,False,0.0,0.0,-0.0923076923076922,5.794,0.0,0.0,4.5,0.0099319192226893,0,37.0,66.29327536801004
2023-06-21,0.0,0.0,0.0,0,0,False,0.0,0.0,-0.1186813186813186,5.534,0.0,0.0,4.5,0.0099644736616415,0,36.0,108.04899131729981
2023-06-22,0.0,0.0,0.0,0,0,False,0.0,0.0,-0.145054945054945,5.285,0.0,0.0,4.5,0.0099319192226893,0,35.0,45.47766542411839
2023-06-23,0.0,0.0,0.0,0,0,False,0.0,0.0,-0.1714285714285714,5.047,0.0,0.0,4.5,0.0099319192226893,0,34.0,34.04225974646268
2023-06-24,0.0,0.0,0.0,0,0,False,0.0,0.0,0.0,4.82,0.0,0.0,4.5,0.0099319192226893,0,33.0,37.83725481662129
2023-06-25,0.0,0.0,0.0,0,0,False,0.0,0.0,0.0,4.603,0.0,0.0,4.5,0.0099620261768128,0,32.0,31.374612015322143
2023-06-26,0.0,0.0,0.0,0,0,False,0.0,0.0,0.0,4.396,0.0,0.0,4.5,0.0099787153253299,0,31.0,32.77515248596261
2023-06-27,0.0,0.0,0.0,0,0,False,0.0,0.0,0.0,4.198,0.0,0.0,4.5,0.0099348533137537,0,30.0,52.54665778381235
2023-06-28,0.0,0.0,0.0,0,0,False,0.0,0.0,0.0,4.009,0.0,0.0,4.5,0.0099319192226893,0,29.0,31.142926611493085
2023-06-29,0.0,0.0,0.0,0,0,False,0.0,0.0,0.0,3.829,0.0,0.0,4.5,0.0099917621539051,0,28.0,28.196515112225242
2023-06-30,0.0,0.0,0.0,1,0,False,0.0,0.0,0.0,3.657,0.000732,0.001098,4.5,0.0095921652912734,0,27.0,33.20093844410491
2023-07-01,0.0,0.0,0.0,0,0,False,0.0,0.0,0.0,3.493,0.0,0.0,4.5,0.0099924944722003,0,26.0,25.549001864361987
2023-07-02,0.0,0.0,0.0,0,0,False,0.0,0.0,0.0,3.336,0.0,0.0,4.5,0.009956610875735,0,25.0,24.886147396607516
2023-07-03,0.0,0.0,0.0,0,0,False,0.0,0.0,0.0,3.185,0.0,0.0,4.5,0.009995404473847,0,24.0,23.677766627376762
2023-07-04,0.0,0.0,0.0,0,0,False,0.0,0.0,0.0,3.042,0.0,0.0,4.5,0.0099842462556121,0,23.0,22.630668864029005
2023-07-05,0.0,0.0,0.0,0,0,False,0.0,0.0,0.0,2.905,0.0,0.0,4.5,0.0099532576288043,0,22.0,21.91737483963234
2023-07-06,0.0,0.0,0.0,0,0,False,0.0,0.0,0.0,2.774,0.0,0.0,4.5,0.0099508101439756,0,21.0,21.26664075574238
2023-07-07,0.0,0.0,0.0,0,0,False,0.0,0.0,0.0,2.65,0.0,0.0,4.5,0.0099319192226893,0,20.0,22.160862353528834
2023-07-08,0.0,0.0,0.0,0,0,False,0.0,0.0,0.0,2.53,0.0,0.0,4.5,0.0099654565098798,0,19.0,24.81141593362606
2023-07-09,0.0,0.0,0.0,0,0,False,0.0,0.0,0.0,2.417,0.0,0.0,4.5,0.009958653658348,0,18.0,18.844886207796325
2023-07-10,0.0,0.0,0.0,0,0,False,0.0,0.0,0.0,2.308,0.0,0.0,4.5,0.0099629126673807,0,17.0,23.965312258216496
2023-07-11,0.0,0.0,0.0,0,0,False,0.0,0.0,0.0,2.204,0.0,0.0,4.5,0.0099955779176538,0,16.0,52.89222495107918
2023-07-12,0.0,0.0,0.0,1,0,False,0.0,0.0,0.0,2.106,0.000732,0.001098,4.5,0.0048458339679684,0,15.0,132.31267544566543
2023-07-13,0.0,0.0,0.0,44,20,True,0.0,0.0,0.0,2.234,0.087501,0.131251,0.0,0.0099513304753959,0,14.0,145.37377967032967
2023-07-14,0.0,0.0,0.0,49,18,True,0.0,0.0,0.0,2.361,0.086256,0.129384,0.0,0.2019512749740026,0,13.0,91.72935395021365
2023-07-15,0.0,0.0,0.0,66,22,True,0.0,0.0,0.0,2.515,0.10543,0.158145,0.0,0.2484741855034817,0,12.0,46.3195824612035
2023-07-16,0.0,0.0,0.0,60,20,True,0.0,0.0,0.0,2.658,0.097657,0.146486,0.0,0.0674414536916125,0,11.0,44.06306075658536
2023-07-17,0.0,0.0,0.0,67,24,True,0.0,0.0,0.0,2.818,0.109898,0.164847,0.0,0.2305007061820788,0,10.0,34.68877086633274
2023-07-18,0.0,0.0,0.0,73,24,True,0.0,0.0,0.0,2.984,0.113312,0.169968,0.0,0.3181099033500151,0,9.0,27.51420344028274
2023-07-19,0.0,0.0,0.0,62,25,True,0.0,0.0,0.0,3.142,0.108775,0.163162,0.0,0.2771118022494848,0,8.0,67.2761784535733
2023-07-20,0.0,0.0,0.0,72,24,True,0.0,0.0,0.0,3.306,0.112753,0.169129,0.0,0.3562302383720946,0,7.0,80.55454170126785
2023-07-21,0.0,0.0,0.0,60,20,True,0.0,0.0,0.0,3.447,0.097657,0.146486,0.0,0.3933465644821293,0,6.0,126.71426091053304
2023-07-22,0.0,0.0,0.0,68,30,True,0.0,0.0,0.0,3.622,0.120333,0.1805,0.0,0.4000338313860151,0,5.0,77.52087534816685
2023-07-23,0.0,0.0,0.0,66,23,True,0.0,0.0,0.0,3.777,0.107412,0.161118,0.0,0.3658950183959162,0,4.0,125.6574099861803
2023-07-24,0.0,0.0,0.0,80,30,True,0.0,0.0,0.0,3.96,0.126969,0.190454,0.0,0.4992791148781252,0,3.0,56.452098967170826
2023-07-25,0.0,0.0,0.0,73,26,True,0.0,0.0,0.0,4.129,0.116891,0.175336,0.0,0.5787178474626432,0,2.0,60.763447383370156
2023-07-26,0.0,0.0,0.0,61,20,True,0.0,0.0,0.0,4.27,0.098263,0.147394,0.0,0.5236043162693971,0,1.0,138.3110928329427
2023-07-27,8.0,730.955,3.0,85,36,True,1.1428571428571428,104.42214285714236,0.0,5.503,0.858578,1.287867,0.0,0.2754234060496405,1,0.0,148.28428338857606
2023-07-28,0.0,0.0,0.0,66,22,True,1.1428571428571428,104.42214285714236,0.2285714285714285,5.69,0.132046,0.198069,0.0,0.2833817937068861,0,586.0,558.5486495320688
2023-07-29,0.0,0.0,0.0,78,26,True,1.1428571428571428,104.42214285714236,0.1934065934065934,5.897,0.146242,0.219363,0.0,0.2101837094907982,0,585.0,550.2670206018711
2023-07-30,0.0,0.0,0.0,55,20,True,1.1428571428571428,104.42214285714236,0.1582417582417582,6.068,0.121193,0.18179,0.0,0.2234456456948979,0,584.0,568.0418068096353
2023-07-31,0.0,0.0,0.0,60,20,True,1.1428571428571428,104.42214285714236,0.123076923076923,6.243,0.124274,0.18641,0.0,0.3192424881353182,0,583.0,574.8577579262607
2023-08-01,0.0,0.0,0.0,71,26,True,1.1428571428571428,104.42214285714236,0.0879120879120879,6.443,0.142385,0.213577,0.0,0.3663181118369396,0,582.0,567.3860178163484
2023-08-02,0.0,0.0,0.0,66,24,True,1.1428571428571428,104.42214285714236,0.0527472527472527,6.634,0.135932,0.203898,0.0,0.3597055030224319,0,581.0,535.3566135043715
2023-08-03,0.0,0.0,0.0,76,30,True,0.0,0.0,0.0175824175824175,6.809,0.124821,0.187232,0.0,0.2568099465312304,0,580.0,531.3101956207724
2023-08-04,0.0,0.0,0.0,67,24,True,0.0,0.0,-0.0175824175824175,6.962,0.109898,0.164847,0.0,0.3659628167037632,0,579.0,549.344098716392
2023-08-05,0.0,0.0,0.0,68,26,True,0.0,0.0,-0.0527472527472527,7.122,0.114056,0.171084,0.0,0.7148368766390053,0,578.0,497.93813401230045
2023-08-06,0.0,0.0,0.0,55,20,True,0.0,0.0,-0.0879120879120879,7.253,0.094577,0.141866,0.0,0.4089297463378691,0,577.0,539.6386450415295
2023-08-07,0.0,0.0,0.0,68,26,True,0.0,0.0,-0.123076923076923,7.412,0.114056,0.171084,0.0,0.4938272986023285,0,576.0,553.1003797355834
2023-08-08,0.0,0.0,0.0,80,28,True,0.0,0.0,-0.1582417582417582,7.584,0.123973,0.18596,0.0,0.5741906521332274,0,575.0,508.7650575335082
2023-08-09,0.0,0.0,0.0,64,24,True,0.0,0.0,-0.1934065934065934,7.734,0.108139,0.162209,0.0,0.4958953570249728,0,574.0,545.146979369832
2023-08-10,0.0,0.0,0.0,42,12,True,0.0,0.0,-0.2285714285714285,7.826,0.066329,0.099493,0.0,0.5408412606528659,0,573.0,524.0065969367463
2023-08-11,0.0,0.0,0.0,55,18,True,0.0,0.0,0.0,7.95,0.090067,0.1351,0.0,0.0984926421710306,0,572.0,523.5197199521867
2023-08-12,0.0,0.0,0.0,0,0,False,0.0,0.0,0.0,7.593,0.0,0.0,4.5,0.0099319192226893,0,571.0,379.6558623876124
2023-08-13,0.0,0.0,0.0,0,0,False,0.0,0.0,0.0,7.251,0.0,0.0,4.5,0.0099319192226893,0,570.0,393.6867700025465
2023-08-14,0.0,0.0,0.0,0,0,False,0.0,0.0,0.0,6.925,0.0,0.0,4.5,0.0099319192226893,0,569.0,423.47163010355655
2023-08-15,0.0,0.0,0.0,0,0,False,0.0,0.0,0.0,6.613,0.0,0.0,4.5,0.0099658419405615,0,568.0,374.26941401902195
2023-08-16,0.0,0.0,0.0,0,0,False,0.0,0.0,0.0,6.316,0.0,0.0,4.5,0.0099319192226893,0,567.0,362.01401768125254
2023-08-17,0.0,0.0,0.0,0,0,False,0.0,0.0,0.0,6.031,0.0,0.0,4.5,0.0100142520341816,0,566.0,434.8702357826384
2023-08-18,0.0,0.0,0.0,0,0,False,0.0,0.0,0.0,5.76,0.0,0.0,4.5,0.0099432171595463,0,565.0,344.91727165407696
2023-08-19,0.0,0.0,0.0,0,0,False,0.0,0.0,0.0,5.501,0.0,0.0,4.5,0.0099345064261402,0,564.0,358.724941953145
2023-08-20,0.0,0.0,0.0,68,24,True,0.0,0.0,0.0,5.657,0.110477,0.165715,0.0,0.3569564425531834,0,563.0,546.6432870013655
2023-08-21,0.0,0.0,0.0,60,20,True,0.0,0.0,0.0,5.796,0.097657,0.146486,0.0,0.5000291906849241,0,562.0,528.6770924295336
2023-08-22,0.0,0.0,0.0,52,24,True,0.0,0.0,0.0,5.938,0.10077,0.151156,0.0,0.2657288663493565,0,561.0,539.9085017539717
2023-08-23,0.0,0.0,0.0,69,24,True,0.0,0.0,0.0,6.095,0.111052,0.166578,0.0,0.5405992723540021,0,560.0,537.2811124095758
2023-08-24,0.0,0.0,0.0,78,26,True,0.0,0.0,0.0,6.263,0.119626,0.179439,0.0,0.0099319192226893,0,559.0,542.8975601729958
2023-08-25,0.0,0.0,0.0,63,22,True,0.0,0.0,0.0,6.409,0.10366,0.155489,0.0,0.2539723435336996,0,558.0,542.0744655817739
2023-08-26,0.0,0.0,0.0,66,22,True,0.0,0.0,0.0,6.557,0.10543,0.158145,0.0,0.2228478052099738,0,557.0,542.4030869171554
2023-08-27,0.0,0.0,0.0,55,20,True,0.0,0.0,0.0,6.689,0.094577,0.141866,0.0,0.2220109652554683,0,556.0,539.9887802008801
2023-08-28,0.0,0.0,0.0,60,20,True,0.0,0.0,0.0,6.826,0.097657,0.146486,0.0,0.2665573073049546,0,555.0,536.2413900733192
2023-08-29,0.0,0.0,0.0,84,28,True,0.0,0.0,0.0,7.002,0.126056,0.189083,0.0,0.3619946722464973,0,554.0,511.88549326624604
2023-08-30,0.0,0.0,0.0,62,24,True,0.0,0.0,0.0,7.151,0.106947,0.160421,0.0,0.297351145014577,0,553.0,540.1561393338017
2023-08-31,0.0,0.0,0.0,78,26,True,0.0,0.0,0.0,7.318,0.119626,0.179439,0.0,0.2883060452324915,0,552.0,546.80035891737
2023-09-01,0.0,0.0,0.0,60,20,True,0.0,0.0,0.0,7.454,0.097657,0.146486,0.0,0.3755243198148473,0,551.0,534.9111751277903
2023-09-02,0.0,0.0,0.0,71,28,True,0.0,0.0,0.0,7.619,0.11905,0.178575,0.0,0.4064160132998069,0,550.0,547.0758665708083
2023-09-03,0.0,0.0,0.0,73,26,True,0.0,0.0,0.0,7.781,0.116891,0.175336,0.0,0.1814271563951621,0,549.0,540.7532899427367
2023-09-04,0.0,0.0,0.0,67,24,True,0.0,0.0,0.0,7.933,0.109898,0.164847,0.0,0.5111590207195762,0,548.0,542.2963769066978
2023-09-05,0.0,0.0,0.0,70,24,True,0.0,0.0,0.0,8.087,0.111623,0.167434,0.0,0.5134585524354975,0,547.0,539.0194103382983
2023-09-06,0.0,0.0,0.0,55,20,True,0.0,0.0,0.0,8.218,0.094577,0.141866,0.0,0.5536186025409178,0,546.0,519.05130297129
2023-09-07,0.0,0.0,0.0,61,22,True,0.0,0.0,0.0,8.359,0.10246,0.153691,0.0,0.2622006403648852,0,545.0,531.5974212322549
2023-09-08,0.0,0.0,0.0,66,22,True,0.0,0.0,0.0,8.504,0.10543,0.158145,0.0,0.2238999169393608,0,544.0,532.0045652963802
2023-09-09,0.0,0.0,0.0,62,24,True,0.0,0.0,0.0,8.65,0.106947,0.160421,0.0,0.2084211105038242,0,543.0,531.0380056521634
2023-09-10,0.0,0.0,0.0,78,26,True,0.0,0.0,0.0,8.814,0.119626,0.179439,0.0,0.3227596875027918,0,542.0,533.7119617927533
2023-09-11,0.0,0.0,0.0,61,20,True,0.0,0.0,0.0,8.949,0.098263,0.147394,0.0,0.2261450668683749,0,541.0,521.2266763653599
2023-09-12,0.0,0.0,0.0,66,22,True,0.0,0.0,0.0,9.093,0.10543,0.158145,0.0,0.342291205973857,0,540.0,529.8598418072494
2023-09-13,0.0,0.0,0.0,66,22,True,0.0,0.0,0.0,9.237,0.10543,0.158145,0.0,0.3327706342239778,0,539.0,529.1603287923473
2023-09-14,0.0,0.0,0.0,73,26,True,0.0,0.0,0.0,9.396,0.116891,0.175336,0.0,0.4608439427259373,0,538.0,528.7224888894494
2023-09-15,0.0,0.0,0.0,66,24,True,0.0,0.0,0.0,9.544,0.109316,0.163974,0.0,0.3082027142670906,0,537.0,528.8915066498959
2023-09-16,0.0,0.0,0.0,74,26,True,0.0,0.0,0.0,9.704,0.117446,0.176168,0.0,0.2819429178488517,0,536.0,526.8680836894756
2023-09-17,0.0,0.0,0.0,67,24,True,0.0,0.0,0.0,9.852,0.109898,0.164847,0.0,0.4768885610952403,0,535.0,529.2945873194236
2023-09-18,0.0,0.0,0.0,61,24,True,0.0,0.0,0.0,9.996,0.106346,0.159519,0.0,0.5130366676274889,0,534.0,526.493951714078
2023-09-19,0.0,0.0,0.0,63,28,True,0.0,0.0,0.0,10.151,0.114405,0.171608,0.0,0.4895019679566032,0,533.0,528.5746569394523
2023-09-20,0.0,0.0,0.0,67,24,True,0.0,0.0,0.0,10.299,0.109898,0.164847,0.0,0.4856600070515949,0,532.0,528.2243423970698
2023-09-21,0.0,0.0,0.0,78,26,True,0.0,0.0,0.0,10.46,0.119626,0.179439,0.0,0.4893789845530164,0,531.0,528.5934792656623
2023-09-22,0.0,0.0,0.0,46,18,True,0.0,0.0,0.0,10.573,0.084306,0.126459,0.0,0.2731744713944397,0,530.0,514.3233976654316
2023-09-23,0.0,0.0,0.0,60,20,True,0.0,0.0,0.0,10.704,0.097657,0.146486,0.0,0.274863575467309,0,529.0,519.7235315458889
2023-09-24,0.0,0.0,0.0,78,26,True,0.0,0.0,0.0,10.864,0.119626,0.179439,0.0,0.3409093348514384,0,528.0,526.2108263454841
2023-09-25,0.0,0.0,0.0,60,22,True,0.0,0.0,0.0,11.0,0.101855,0.152783,0.0,0.2804003485227797,0,527.0,521.7820822221624
2023-09-26,0.0,0.0,0.0,79,28,True,0.0,0.0,0.0,11.165,0.123442,0.185163,0.0,0.2205026406100736,0,526.0,520.7792384501182
2023-09-27,0.0,0.0,0.0,36,12,True,0.0,0.0,0.0,11.248,0.062278,0.093417,0.0,0.4297365339313366,0,525.0,471.4352756096446
2023-09-28,0.0,0.0,0.0,63,20,True,0.0,0.0,0.0,11.381,0.099462,0.149193,0.0,0.0099384378190934,0,524.0,514.397360374228
2023-09-29,0.0,0.0,0.0,66,22,True,0.0,0.0,0.0,11.521,0.10543,0.158145,0.0,0.0099319192226893,0,523.0,518.5593161647812
2023-09-30,0.0,0.0,0.0,62,24,True,0.0,0.0,0.0,11.663,0.106947,0.160421,0.0,0.0099416947083537,0,522.0,518.7955904499652
2023-10-01,0.0,0.0,0.0,90,30,True,0.0,0.0,0.0,11.838,0.132052,0.198079,0.0,0.00993903523665,0,521.0,488.1926538607134
2023-10-02,0.0,0.0,0.0,61,22,True,0.0,0.0,0.0,11.973,0.10246,0.153691,0.0,0.0099331381472202,0,520.0,513.1598610638107
2023-10-03,0.0,0.0,0.0,59,22,True,0.0,0.0,0.0,12.107,0.101246,0.15187,0.0,0.0099319192226893,0,519.0,512.4136149169094
2023-10-04,0.0,0.0,0.0,68,24,True,0.0,0.0,0.0,12.252,0.110477,0.165715,0.0,0.0099204239458112,0,518.0,518.0244244998446
2023-10-05,0.0,0.0,0.0,72,32,True,0.0,0.0,0.0,12.417,0.125334,0.188001,0.0,0.537286439991342,0,517.0,512.8784735807019
2023-10-06,0.0,0.0,0.0,66,24,True,0.0,0.0,0.0,12.561,0.109316,0.163974,0.0,0.2935638680024238,0,516.0,515.7922953306677
2023-10-07,0.0,0.0,0.0,60,22,True,0.0,0.0,0.0,12.695,0.101855,0.152783,0.0,0.1971382315151076,0,515.0,513.722963793522
2023-10-08,0.0,0.0,0.0,61,22,True,0.0,0.0,0.0,12.829,0.10246,0.153691,0.0,0.2769122810342952,0,514.0,513.4906816832
2023-10-09,0.0,0.0,0.0,54,18,True,0.0,0.0,0.0,12.946,0.08944,0.13416,0.0,0.3349064205925848,0,513.0,502.7886459281371
2023-10-10,0.0,0.0,0.0,68,26,True,0.0,0.0,0.0,13.095,0.114056,0.171084,0.0,0.3044620742402958,0,512.0,513.146255365059
2023-10-11,0.0,0.0,0.0,72,24,True,0.0,0.0,0.0,13.242,0.112753,0.169129,0.0,0.358271363483383,0,511.0,512.7157871033285
2023-10-12,0.0,0.0,0.0,75,28,True,0.0,0.0,0.0,13.4,0.121278,0.181917,0.0,0.2565781965321605,0,510.0,511.7607962162171
2023-10-13,0.0,0.0,0.0,60,22,True,0.0,0.0,0.0,13.532,0.101855,0.152783,0.0,0.3639566982941662,0,509.0,509.7694550842889
2023-10-14,0.0,0.0,0.0,60,20,True,0.0,0.0,0.0,13.659,0.097657,0.146486,0.0,0.3279624427648235,0,508.0,505.93050842694157
2023-10-15,0.0,0.0,0.0,72,26,True,0.0,0.0,0.0,13.809,0.116332,0.174497,0.0,0.4192055242554771,0,507.0,507.2781314850765
2023-10-16,0.0,0.0,0.0,66,24,True,0.0,0.0,0.0,13.951,0.109316,0.163974,0.0,0.3958355395092934,0,506.0,505.58653111653956
2023-10-17,2.0,281.634,2.0,103,28,True,0.2857142857142857,40.23342857142806,0.0,14.854,0.69977,1.049656,0.0,0.4736343749048934,0,505.0,421.8502278046412
2023-10-18,0.0,0.0,0.0,61,22,True,0.2857142857142857,40.23342857142806,0.0571428571428571,14.993,0.109268,0.163902,0.0,0.4218019872804069,0,504.0,502.6418328274807
2023-10-19,0.0,0.0,0.0,64,20,True,0.2857142857142857,40.23342857142806,0.0483516483516483,15.13,0.106863,0.160295,0.0,0.4711634814550209,0,503.0,500.1910765871027
2023-10-20,0.0,0.0,0.0,63,25,True,0.2857142857142857,40.23342857142806,0.0395604395604395,15.277,0.11618,0.17427,0.0,0.5014046368454896,0,502.0,496.76109530490544
2023-10-21,0.0,0.0,0.0,66,22,True,0.2857142857142857,40.23342857142806,0.0307692307692307,15.42,0.112238,0.168357,0.0,0.3397413016097127,0,501.0,496.2618727154743
2023-10-22,0.0,0.0,0.0,78,26,True,0.2857142857142857,40.23342857142806,0.0219780219780219,15.58,0.126433,0.18965,0.0,0.1401605532827826,0,500.0,485.7759266293104
2023-10-23,0.0,0.0,0.0,56,22,True,0.2857142857142857,40.23342857142806,0.0131868131868131,15.715,0.106206,0.159309,0.0,0.2701085620233586,0,499.0,479.5045526831514
2023-10-24,0.0,0.0,0.0,66,22,True,0.0,0.0,0.0043956043956043,15.848,0.10543,0.158145,0.0,0.2583395036563047,0,498.0,490.059104341634
2023-10-25,0.0,0.0,0.0,50,18,True,0.0,0.0,-0.0043956043956043,15.958,0.086899,0.130349,0.0,0.2739437254237483,0,497.0,471.5149041864866
2023-10-26,0.0,0.0,0.0,63,26,True,0.0,0.0,-0.0131868131868131,16.098,0.111124,0.166686,0.0,0.2711840617619313,0,496.0,471.36464193547204
2023-10-27,0.0,0.0,0.0,79,28,True,0.0,0.0,-0.0219780219780219,16.253,0.123442,0.185163,0.0,0.3347217366604109,0,495.0,477.59999570630504
2023-10-28,0.0,0.0,0.0,67,24,True,0.0,0.0,-0.0307692307692307,16.391,0.109898,0.164847,0.0,0.3715932383158973,0,494.0,490.1158917729834
2023-10-29,0.0,0.0,0.0,72,24,True,0.0,0.0,-0.0395604395604395,16.533,0.112753,0.169129,0.0,0.4564073592835299,0,493.0,489.47926300845296
2023-10-30,0.0,0.0,0.0,66,22,True,0.0,0.0,-0.0483516483516483,16.665,0.10543,0.158145,0.0,0.4603121394418574,0,492.0,490.46095989489976
2023-10-31,0.0,0.0,0.0,67,24,True,0.0,0.0,-0.0571428571428571,16.802,0.109898,0.164847,0.0,0.4332808654362261,0,491.0,490.1034789615722
2023-11-01,0.0,0.0,0.0,78,26,True,0.0,0.0,0.0,16.952,0.119626,0.179439,0.0,0.5480375302639646,0,490.0,487.71014816266853
2023-11-02,0.0,0.0,0.0,66,22,True,0.0,0.0,0.0,17.083,0.10543,0.158145,0.0,0.6340224259243499,0,489.0,487.78213558404724
2023-11-03,0.0,0.0,0.0,73,28,True,0.0,0.0,0.0,17.232,0.120172,0.180258,0.0,0.5647445053036014,0,488.0,487.01583694563163
2023-11-04,0.0,0.0,0.0,55,20,True,0.0,0.0,0.0,17.35,0.094577,0.141866,0.0,0.3723147293339973,0,487.0,481.3626779419875
2023-11-05,0.0,0.0,0.0,63,26,True,0.0,0.0,0.0,17.488,0.111124,0.166686,0.0,0.35142077163456,0,486.0,485.3749667939667
2023-11-06,0.0,0.0,0.0,66,22,True,0.0,0.0,0.0,17.618,0.10543,0.158145,0.0,0.3937452496386209,0,485.0,484.7876170787208
2023-11-07,0.0,0.0,0.0,68,26,True,0.0,0.0,0.0,17.759,0.114056,0.171084,0.0,0.2861053090062827,0,484.0,479.6837905100028
2023-11-08,0.0,0.0,0.0,69,26,True,0.0,0.0,0.0,17.9,0.114631,0.171946,0.0,0.3395882059920454,0,483.0,481.9724318378172
2023-11-09,0.0,0.0,0.0,55,22,True,0.0,0.0,0.0,18.022,0.098775,0.148163,0.0,0.3887732891247656,0,482.0,482.3333097959702
2023-11-10,0.0,0.0,0.0,62,24,True,0.0,0.0,0.0,18.154,0.106947,0.160421,0.0,0.4480722063280673,0,481.0,481.31742972066485
2023-11-11,0.0,0.0,0.0,73,26,True,0.0,0.0,0.0,18.297,0.116891,0.175336,0.0,0.4606686194687341,0,480.0,480.41041493235883
2023-11-12,0.0,0.0,0.0,74,28,True,0.0,0.0,0.0,18.445,0.120727,0.181091,0.0,0.3410104895379179,0,479.0,479.45031059122215
2023-11-13,0.0,0.0,0.0,67,24,True,0.0,0.0,0.0,18.579,0.109898,0.164847,0.0,0.4697730744804239,0,478.0,478.9836657206949
2023-11-14,0.0,0.0,0.0,166,24,True,0.0,0.0,0.0,18.76,0.148264,0.222396,0.0,0.4591699584840879,0,477.0,430.87989079356817
2023-11-15,0.0,0.0,0.0,100,24,True,0.0,0.0,0.0,18.915,0.126868,0.190302,0.0,0.7014427863446265,0,476.0,469.9874469227873
2023-11-16,0.0,0.0,0.0,71,22,True,0.0,0.0,0.0,19.047,0.108304,0.162456,0.0,0.5545080074298745,0,475.0,475.8141451829029
2023-11-17,0.0,0.0,0.0,60,20,True,0.0,0.0,0.0,19.165,0.097657,0.146486,0.0,0.6479336221684555,0,474.0,475.16084318875323
2023-11-18,0.0,0.0,0.0,49,18,True,0.0,0.0,0.0,19.27,0.086256,0.129384,0.0,0.6427122698097498,0,473.0,473.61650404479576
2023-11-19,0.0,0.0,0.0,84,28,True,0.0,0.0,0.0,19.423,0.126056,0.189083,0.0,0.4935682773767599,0,472.0,472.710650171079
2023-11-20,0.0,0.0,0.0,48,16,True,0.0,0.0,0.0,19.52,0.08079,0.121185,0.0,0.3772658453852777,0,471.0,457.1454528716245
2023-11-21,0.0,0.0,0.0,103,22,True,0.0,0.0,0.0,19.67,0.124304,0.186456,0.0,0.4885185497476583,0,470.0,470.30254440958913
2023-11-22,0.0,0.0,0.0,78,26,True,0.0,0.0,0.0,19.814,0.119626,0.179439,0.0,0.2105942408597776,0,469.0,468.4274885133869
2023-11-23,0.0,0.0,0.0,81,20,True,0.0,0.0,0.0,19.946,0.109556,0.164334,0.0,0.2375518688778068,0,468.0,467.73390988221286
2023-11-24,0.0,0.0,0.0,78,26,True,0.0,0.0,0.0,20.09,0.119626,0.179439,0.0,0.1648607707298471,0,467.0,466.54722994512224
2023-11-25,0.0,0.0,0.0,50,18,True,0.0,0.0,0.0,20.194,0.086899,0.130349,0.0,0.1756204785520308,0,466.0,464.03629641091356
2023-11-26,0.0,0.0,0.0,67,24,True,0.0,0.0,0.0,20.326,0.109898,0.164847,0.0,0.1570864150106713,0,465.0,463.63320451680573
2023-11-27,0.0,0.0,0.0,78,26,True,0.0,0.0,0.0,20.469,0.119626,0.179439,0.0,0.3224342720164718,0,464.0,463.5447593701963
2023-11-28,0.0,0.0,0.0,68,24,True,0.0,0.0,0.0,20.6,0.110477,0.165715,0.0,0.3883370908964326,0,463.0,463.2313306148936
2023-11-29,0.0,0.0,0.0,90,30,True,0.0,0.0,0.0,20.758,0.132052,0.198079,0.0,0.3687715571625192,0,462.0,461.4489865087367
2023-11-30,0.0,0.0,0.0,61,22,True,0.0,0.0,0.0,20.879,0.10246,0.153691,0.0,0.2795548738466451,0,461.0,461.02818470479355
2023-12-01,0.0,0.0,0.0,69,26,True,0.0,0.0,0.0,21.015,0.114631,0.171946,0.0,0.5109306213693916,0,460.0,460.170383417029
2023-12-02,0.0,0.0,0.0,61,20,True,0.0,0.0,0.0,21.132,0.098263,0.147394,0.0,0.5605003040341727,0,459.0,459.48749158108706
2023-12-03,0.0,0.0,0.0,70,28,True,0.0,0.0,0.0,21.272,0.118483,0.177724,0.0,0.5131811141640437,0,458.0,458.60759883608694
2023-12-04,0.0,0.0,0.0,78,28,True,0.0,0.0,0.0,21.417,0.122907,0.184361,0.0,0.5344513036817398,0,457.0,457.30099116919223
2023-12-05,0.0,0.0,0.0,60,20,True,0.0,0.0,0.0,21.532,0.097657,0.146486,0.0,0.1951702588313324,0,456.0,456.64174574859993
2023-12-06,0.0,0.0,0.0,61,22,True,0.0,0.0,0.0,21.653,0.10246,0.153691,0.0,0.2232956580797794,0,455.0,455.5412390275433
2023-12-07,0.0,0.0,0.0,60,20,True,0.0,0.0,0.0,21.768,0.097657,0.146486,0.0,0.3111881357047433,0,454.0,454.85866976445374
2023-12-08,0.0,0.0,0.0,67,24,True,0.0,0.0,0.0,21.897,0.109898,0.164847,0.0,0.2760300428250173,0,453.0,453.6664872965297
2023-12-09,0.0,0.0,0.0,66,22,True,0.0,0.0,0.0,22.02,0.10543,0.158145,0.0,0.308103357397373,0,452.0,453.178585614878
2023-12-10,0.0,0.0,0.0,73,26,True,0.0,0.0,0.0,22.157,0.116891,0.175336,0.0,0.2681909121706218,0,451.0,451.52747021091034
2023-12-11,0.0,0.0,0.0,67,24,True,0.0,0.0,0.0,22.285,0.109898,0.164847,0.0,0.3154928920441809,0,450.0,451.09526080920097
2023-12-12,0.0,0.0,0.0,60,20,True,0.0,0.0,0.0,22.399,0.097657,0.146486,0.0,0.3622039918050684,0,449.0,450.5944177356077
2023-12-13,0.0,0.0,0.0,71,30,True,0.0,0.0,0.0,22.541,0.122046,0.183069,0.0,0.3841542486382808,0,448.0,448.6849492940334
2023-12-14,0.0,0.0,0.0,78,26,True,0.0,0.0,0.0,22.68,0.119626,0.179439,0.0,0.2993468404324584,0,447.0,447.46887622696636
2023-12-15,0.0,0.0,0.0,84,28,True,0.0,0.0,0.0,22.826,0.126056,0.189083,0.0,0.3525872079173918,0,446.0,440.88451465367837
2023-12-16,0.0,0.0,0.0,67,24,True,0.0,0.0,0.0,22.954,0.109898,0.164847,0.0,0.3759534761545132,0,445.0,434.36149696896643
2023-12-17,0.0,0.0,0.0,60,20,True,0.0,0.0,0.0,23.066,0.097657,0.146486,0.0,0.4786841956949093,0,444.0,431.6251451653771
2023-12-18,0.0,0.0,0.0,73,26,True,0.0,0.0,0.0,23.201,0.116891,0.175336,0.0,0.4396260347437728,0,443.0,430.7413111181519
2023-12-19,0.0,0.0,0.0,68,24,True,0.0,0.0,0.0,23.329,0.110477,0.165715,0.0,0.3409305957626088,0,442.0,429.4452402397568
2023-12-20,0.0,0.0,0.0,79,28,True,0.0,0.0,0.0,23.471,0.123442,0.185163,0.0,0.3088679061135303,0,441.0,429.8125061193228
2023-12-21,0.0,0.0,0.0,49,18,True,0.0,0.0,0.0,23.57,0.086256,0.129384,0.0,0.2112089061899377,0,440.0,429.77936731913917
2023-12-22,0.0,0.0,0.0,66,22,True,0.0,0.0,0.0,23.69,0.10543,0.158145,0.0,0.2523243595295913,0,439.0,424.7856132376294
2023-12-23,0.0,0.0,0.0,56,20,True,0.0,0.0,0.0,23.799,0.095201,0.142801,0.0,0.3399209824782798,0,438.0,427.49769179794373
2023-12-24,0.0,0.0,0.0,55,20,True,0.0,0.0,0.0,23.907,0.094577,0.141866,0.0,0.1971819423576331,0,437.0,424.412366590458
2023-12-25,0.0,0.0,0.0,79,28,True,0.0,0.0,0.0,24.048,0.123442,0.185163,0.0,0.2788683005246519,0,436.0,425.2698349286486
2023-12-26,0.0,0.0,0.0,67,24,True,0.0,0.0,0.0,24.174,0.109898,0.164847,0.0,0.2854617686755968,0,435.0,425.0173488961334
2023-12-27,0.0,0.0,0.0,67,24,True,0.0,0.0,0.0,24.299,0.109898,0.164847,0.0,0.2918492626671696,0,434.0,423.8537596066167
2023-12-28,0.0,0.0,0.0,61,22,True,0.0,0.0,0.0,24.415,0.10246,0.153691,0.0,0.3445848493944443,0,433.0,421.59651742490416
2023-12-29,0.0,0.0,0.0,62,24,True,0.0,0.0,0.0,24.536,0.106947,0.160421,0.0,0.3809526392981704,0,432.0,421.0610447227136
2023-12-30,0.0,0.0,0.0,96,32,True,0.0,0.0,0.0,24.692,0.13763,0.206445,0.0,0.3783167493125309,0,431.0,418.27182875847166
2023-12-31,0.0,0.0,0.0,61,22,True,0.0,0.0,0.0,24.808,0.10246,0.153691,0.0,0.5275031385919253,0,430.0,422.319469001409
2024-01-01,0.0,0.0,0.0,77,26,True,0.0,0.0,0.0,24.942,0.119087,0.17863,0.0,0.4352504953450417,0,429.0,417.8230953817242
2024-01-02,0.0,0.0,0.0,61,22,True,0.0,0.0,0.0,25.057,0.10246,0.153691,0.0,0.5450301385854703,0,428.0,420.58279017985944
2024-01-03,0.0,0.0,0.0,67,28,True,0.0,0.0,0.0,25.189,0.116759,0.175138,0.0,0.474792573226399,0,427.0,418.39981804325697
2024-01-04,0.0,0.0,0.0,66,24,True,0.0,0.0,0.0,25.311,0.109316,0.163974,0.0,0.2313228205138288,0,426.0,410.70140852845304
2024-01-05,0.0,0.0,0.0,65,20,True,0.0,0.0,0.0,25.424,0.100646,0.150969,0.0,0.4168338632858246,0,425.0,414.23843120803497
2024-01-06,0.0,0.0,0.0,72,24,True,0.0,0.0,0.0,25.55,0.112753,0.169129,0.0,0.2626345256255751,0,424.0,415.4862836220494
2024-01-07,0.0,0.0,0.0,54,18,True,0.0,0.0,0.0,25.65,0.08944,0.13416,0.0,0.2692596998379494,0,423.0,414.20021294902733
2024-01-08,0.0,0.0,0.0,60,20,True,0.0,0.0,0.0,25.759,0.097657,0.146486,0.0,0.2618338349491201,0,422.0,412.60889060867805
2024-01-09,0.0,0.0,0.0,72,22,True,0.0,0.0,0.0,25.88,0.108867,0.163301,0.0,0.2814719854097153,0,421.0,413.9878098759304
2024-01-10,0.0,0.0,0.0,69,28,True,0.0,0.0,0.0,26.011,0.117912,0.176868,0.0,0.2686733032585719,0,420.0,411.3949541980838
2024-01-11,0.0,0.0,0.0,23,6,True,0.0,0.0,0.0,26.051,0.03559,0.053386,0.0,0.4011706010434464,0,419.0,329.80090355104386
2024-01-12,0.0,0.0,0.0,0,0,False,0.0,0.0,0.0,24.879,0.0,0.0,4.5,0.0099511570315891,0,418.0,271.5590071428572
2024-01-13,0.0,0.0,0.0,0,0,False,0.0,0.0,0.0,23.759,0.0,0.0,4.5,0.4585262291706923,0,417.0,361.3691594516594
2024-01-14,0.0,0.0,0.0,0,0,False,0.0,0.0,0.0,22.69,0.0,0.0,4.5,0.4367829702627647,0,416.0,359.0700809523809
2024-01-15,0.0,0.0,0.0,86,30,True,0.0,0.0,0.0,22.841,0.130068,0.195103,0.0,0.2960116682548099,0,415.0,428.3653127162945
2024-01-16,0.0,0.0,0.0,66,22,True,0.0,0.0,0.0,22.963,0.10543,0.158145,0.0,0.2878286114533717,0,414.0,426.0024943695989
2024-01-17,0.0,0.0,0.0,72,23,True,0.0,0.0,0.0,23.091,0.110849,0.166273,0.0,0.3718186247640489,0,413.0,424.9475754163305
2024-01-18,0.0,0.0,0.0,61,24,True,0.0,0.0,0.0,23.213,0.106346,0.159519,0.0,0.4176421910237024,0,412.0,422.90133188927734
2024-01-19,0.0,0.0,0.0,67,24,True,0.0,0.0,0.0,23.34,0.109898,0.164847,0.0,0.4414096320454007,0,411.0,422.9855843128001
2024-01-20,0.0,0.0,0.0,72,24,True,0.0,0.0,0.0,23.47,0.112753,0.169129,0.0,0.1063415437343109,0,410.0,415.4016101844992
2024-01-21,0.0,0.0,0.0,61,22,True,0.0,0.0,0.0,23.587,0.10246,0.153691,0.0,0.1242373880401972,0,409.0,415.08004171751884
2024-01-22,0.0,0.0,0.0,67,24,True,0.0,0.0,0.0,23.713,0.109898,0.164847,0.0,0.4050164500052238,0,408.0,422.00606271416365
2024-01-23,0.0,0.0,0.0,56,20,True,0.0,0.0,0.0,23.822,0.095201,0.142801,0.0,0.2346183978561211,0,407.0,418.0366919051749
2024-01-24,0.0,0.0,0.0,60,20,True,0.0,0.0,0.0,23.934,0.097657,0.146486,0.0,0.327484738096101,0,406.0,421.73645899212124
2024-01-25,0.0,0.0,0.0,83,28,True,0.0,0.0,0.0,24.077,0.125541,0.188312,0.0,0.2668635275346879,0,405.0,415.94200158999126
2024-01-26,0.0,0.0,0.0,61,24,True,0.0,0.0,0.0,24.198,0.106346,0.159519,0.0,0.2361028989466192,0,404.0,411.9210625778668
2024-01-27,0.0,0.0,0.0,84,28,True,0.0,0.0,0.0,24.342,0.126056,0.189083,0.0,0.2139599676436474,0,403.0,407.5462248034496
2024-01-28,0.0,0.0,0.0,61,22,True,0.0,0.0,0.0,24.458,0.10246,0.153691,0.0,0.2120813245342754,0,402.0,409.08035863822295
2024-01-29,0.0,0.0,0.0,60,20,True,0.0,0.0,0.0,24.568,0.097657,0.146486,0.0,0.4016345660702936,0,401.0,414.9261351917489
2024-01-30,0.0,0.0,0.0,85,30,True,0.0,0.0,0.0,24.715,0.129562,0.194343,0.0,0.3456061001431446,0,400.0,410.7213663464605
2024-01-31,0.0,0.0,0.0,67,24,True,0.0,0.0,0.0,24.839,0.109898,0.164847,0.0,0.2963639702518781,0,399.0,412.7334292818596
2024-02-01,0.0,0.0,0.0,80,28,True,0.0,0.0,0.0,24.979,0.123973,0.18596,0.0,0.3583364965211045,0,398.0,408.7347566593592
2024-02-02,0.0,0.0,0.0,61,22,True,0.0,0.0,0.0,25.094,0.10246,0.153691,0.0,0.2745686568310203,0,397.0,409.72143064699384
2024-02-03,0.0,0.0,0.0,69,26,True,0.0,0.0,0.0,25.223,0.114631,0.171946,0.0,0.4524231436580982,0,396.0,410.57531013334756
2024-02-04,0.0,0.0,0.0,66,22,True,0.0,0.0,0.0,25.341,0.10543,0.158145,0.0,0.4624291017423094,0,395.0,409.85804571247303
2024-02-05,0.0,0.0,0.0,56,20,True,0.0,0.0,0.0,25.448,0.095201,0.142801,0.0,0.206922345451545,0,394.0,401.82891956317485
2024-02-06,0.0,0.0,0.0,78,26,True,0.0,0.0,0.0,25.582,0.119626,0.179439,0.0,0.2313969827778777,0,393.0,401.08694973195605
2024-02-07,0.0,0.0,0.0,49,18,True,0.0,0.0,0.0,25.678,0.086256,0.129384,0.0,0.3061430680654615,0,392.0,407.13571462136514
2024-02-08,0.0,0.0,0.0,62,24,True,0.0,0.0,0.0,25.797,0.106947,0.160421,0.0,0.2077155950404709,0,391.0,397.8004642068337
2024-02-09,0.0,0.0,0.0,60,20,True,0.0,0.0,0.0,25.906,0.097657,0.146486,0.0,0.2424627120844754,0,390.0,398.19016864611837
2024-02-10,0.0,0.0,0.0,71,30,True,0.0,0.0,0.0,26.042,0.122046,0.183069,0.0,0.2393736958111131,0,389.0,393.9001473754808
2024-02-11,0.0,0.0,0.0,73,28,True,0.0,0.0,0.0,26.175,0.120172,0.180258,0.0,0.2814481824876327,0,388.0,390.31644713495166
2024-02-12,0.0,0.0,0.0,74,28,True,0.0,0.0,0.0,26.309,0.120727,0.181091,0.0,0.2254750451312112,0,387.0,386.5489744810744
2024-02-13,0.0,0.0,0.0,67,24,True,0.0,0.0,0.0,26.43,0.109898,0.164847,0.0,0.263418853190653,0,386.0,385.77729208569207
2024-02-14,0.0,0.0,0.0,60,20,True,0.0,0.0,0.0,26.538,0.097657,0.146486,0.0,0.2333346198263038,0,385.0,383.19799287934285
2024-02-15,0.0,0.0,0.0,75,30,True,0.0,0.0,0.0,26.675,0.124274,0.186411,0.0,0.2471235475222072,0,384.0,383.9750373237873
2024-02-16,0.0,0.0,0.0,73,24,True,0.0,0.0,0.0,26.799,0.113312,0.169968,0.0,0.1848471067770182,0,383.0,380.6749399211899
2024-02-17,0.0,0.0,0.0,79,28,True,0.0,0.0,0.0,26.935,0.123442,0.185163,0.0,0.3269448410993648,0,382.0,381.79138686868686
2024-02-18,0.0,0.0,0.0,60,24,True,0.0,0.0,0.0,27.051,0.105741,0.158611,0.0,0.3288969127142257,0,381.0,380.64015353535353
2024-02-19,0.0,0.0,0.0,60,20,True,0.0,0.0,0.0,27.158,0.097657,0.146486,0.0,0.375170968515045,0,380.0,379.0779565656565
2024-02-20,0.0,0.0,0.0,67,24,True,0.0,0.0,0.0,27.278,0.109898,0.164847,0.0,0.3889888930919273,0,379.0,378.833651010101
2024-02-21,0.0,0.0,0.0,66,22,True,0.0,0.0,0.0,27.393,0.10543,0.158145,0.0,0.2368205732465989,0,378.0,378.234651010101
2024-02-22,0.0,0.0,0.0,72,24,True,0.0,0.0,0.0,27.516,0.112753,0.169129,0.0,0.469662119636801,0,377.0,376.8076722222222
2024-02-23,0.0,0.0,0.0,62,24,True,0.0,0.0,0.0,27.632,0.106947,0.160421,0.0,0.1307010611239756,0,376.0,368.3921642857143
2024-02-24,0.0,0.0,0.0,54,18,True,0.0,0.0,0.0,27.729,0.08944,0.13416,0.0,0.1661928472823234,0,375.0,365.45374761904765
2024-02-25,0.0,0.0,0.0,67,24,True,0.0,0.0,0.0,27.848,0.109898,0.164847,0.0,0.2432890749311568,0,374.0,374.22429761904766
2024-02-26,0.0,0.0,0.0,78,26,True,0.0,0.0,0.0,27.977,0.119626,0.179439,0.0,0.2014462314141585,0,373.0,369.5557976190476
2024-02-27,0.0,0.0,0.0,80,28,True,0.0,0.0,0.0,28.111,0.123973,0.18596,0.0,0.3680097248935861,0,372.0,371.70184890109897
2024-02-28,0.0,0.0,0.0,67,24,True,0.0,0.0,0.0,28.23,0.109898,0.164847,0.0,0.5263549695561708,0,371.0,371.00201556776557
2024-02-29,0.0,0.0,0.0,126,22,True,0.0,0.0,0.0,28.373,0.133254,0.19988,0.0,0.2604903952409126,0,370.0,370.30643223443224
2024-03-01,0.0,0.0,0.0,67,24,True,0.0,0.0,0.0,28.491,0.109898,0.164847,0.0,0.5611475155013996,0,369.0,368.93505128205123
2024-03-02,0.0,0.0,0.0,70,26,True,0.0,0.0,0.0,28.615,0.115202,0.172802,0.0,0.4828364742745994,0,368.0,363.9528131868132
2024-03-03,0.0,0.0,0.0,72,28,True,0.0,0.0,0.0,28.743,0.119613,0.179419,0.0,0.3269081189644978,0,367.0,356.08686794871795
2024-03-04,0.0,0.0,0.0,62,23,True,0.0,0.0,0.0,28.855,0.105043,0.157565,0.0,0.5336589300764237,0,366.0,330.71397178558277
2024-03-05,0.0,0.0,0.0,49,16,True,0.0,0.0,0.0,28.942,0.081437,0.122155,0.0,0.2334733226878826,0,365.0,257.2131235168341
2024-03-06,0.0,0.0,0.0,0,0,False,0.0,0.0,0.0,27.64,0.0,0.0,4.5,,0,364.0,786.8573174526274
2024-03-07,0.0,0.0,0.0,0,0,False,0.0,0.0,0.0,26.396,0.0,0.0,4.5,,0,363.0,806.9124406009839
2024-03-08,0.0,0.0,0.0,0,0,False,0.0,0.0,0.0,25.208,0.0,0.0,4.5,,0,362.0,833.8985767611
2024-03-09,0.0,0.0,0.0,0,0,False,0.0,0.0,0.0,24.074,0.0,0.0,4.5,,0,361.0,889.4894776223208
2024-03-10,0.0,0.0,0.0,0,0,False,0.0,0.0,0.0,22.991,0.0,0.0,4.5,,0,360.0,899.7736933407803
2024-03-11,0.0,0.0,0.0,0,0,False,0.0,0.0,0.0,21.956,0.0,0.0,4.5,,0,359.0,857.5421263451732
2024-03-12,0.0,0.0,0.0,0,0,False,0.0,0.0,0.0,20.968,0.0,0.0,4.5,,0,358.0,849.6241876679125
2024-03-13,0.0,0.0,0.0,0,0,False,0.0,0.0,0.0,20.024,0.0,0.0,4.5,,0,357.0,855.1936100289519
2024-03-14,0.0,0.0,0.0,0,0,False,0.0,0.0,0.0,19.123,0.0,0.0,4.5,,0,356.0,829.0607357714376
2024-03-15,0.0,0.0,0.0,0,0,False,0.0,0.0,0.0,18.263,0.0,0.0,4.5,,0,355.0,871.3681218713564
2024-03-16,0.0,0.0,0.0,0,0,False,0.0,0.0,0.0,17.441,0.0,0.0,4.5,,0,354.0,878.900076068615
2024-03-17,0.0,0.0,0.0,0,0,False,0.0,0.0,0.0,16.656,0.0,0.0,4.5,,0,353.0,844.704647507926
2024-03-18,0.0,0.0,0.0,0,0,False,0.0,0.0,0.0,15.907,0.0,0.0,4.5,,0,352.0,818.9359174880223
2024-03-19,0.0,0.0,0.0,69,16,True,0.0,0.0,0.0,16.025,0.093639,0.140458,0.0,0.471078811134335,0,351.0,405.6790946487189
2024-03-20,0.0,0.0,0.0,67,26,True,0.0,0.0,0.0,16.168,0.113477,0.170216,0.0,0.3001141277847038,0,350.0,423.66575271892447
2024-03-21,0.0,0.0,0.0,6,2,True,0.0,0.0,0.0,16.181,0.010762,0.016143,0.0,0.4537996077833049,0,349.0,333.28563507820076
2024-03-22,0.0,0.0,0.0,0,0,False,0.0,0.0,0.0,15.453,0.0,0.0,4.5,,0,348.0,637.207497535381
2024-03-23,0.0,0.0,0.0,0,0,False,0.0,0.0,0.0,14.758,0.0,0.0,4.5,,0,347.0,653.4504554223785
2024-03-24,0.0,0.0,0.0,0,0,False,0.0,0.0,0.0,14.094,0.0,0.0,4.5,,0,346.0,633.696976465484
2024-03-25,0.0,0.0,0.0,0,0,False,0.0,0.0,0.0,13.459,0.0,0.0,4.5,,0,345.0,616.7478457891723
2024-03-26,0.0,0.0,0.0,0,0,False,0.0,0.0,0.0,12.854,0.0,0.0,4.5,,0,344.0,656.6823577361462
2024-03-27,0.0,0.0,0.0,0,0,False,0.0,0.0,0.0,12.275,0.0,0.0,4.5,,0,343.0,644.7509387739257
2024-03-28,0.0,0.0,0.0,0,0,False,0.0,0.0,0.0,11.723,0.0,0.0,4.5,,0,342.0,648.6972192236911
2024-03-29,0.0,0.0,0.0,0,0,False,0.0,0.0,0.0,11.195,0.0,0.0,4.5,,0,341.0,676.1948766869773
2024-03-30,0.0,0.0,0.0,0,0,False,0.0,0.0,0.0,10.692,0.0,0.0,4.5,,0,340.0,633.1076670721212
2024-03-31,0.0,0.0,0.0,0,0,False,0.0,0.0,0.0,10.21,0.0,0.0,4.5,,0,339.0,635.6350197877857
2024-04-01,0.0,0.0,0.0,0,0,False,0.0,0.0,0.0,9.751,0.0,0.0,4.5,,0,338.0,655.393993030627
2024-04-02,0.0,0.0,0.0,0,0,False,0.0,0.0,0.0,9.312,0.0,0.0,4.5,,0,337.0,599.9425881479689
2024-04-03,0.0,0.0,0.0,0,0,False,0.0,0.0,0.0,8.893,0.0,0.0,4.5,,0,336.0,619.9500364229954
2024-04-04,0.0,0.0,0.0,0,0,False,0.0,0.0,0.0,8.493,0.0,0.0,4.5,,0,335.0,596.427604400649
2024-04-05,0.0,0.0,0.0,0,0,False,0.0,0.0,0.0,8.111,0.0,0.0,4.5,,0,334.0,619.1372153316844
2024-04-06,0.0,0.0,0.0,0,0,False,0.0,0.0,0.0,7.746,0.0,0.0,4.5,,0,333.0,592.3929225774498
2024-04-07,0.0,0.0,0.0,0,0,False,0.0,0.0,0.0,7.397,0.0,0.0,4.5,,0,332.0,559.58660800484
2024-04-08,0.0,0.0,0.0,0,0,False,0.0,0.0,0.0,7.064,0.0,0.0,4.5,,0,331.0,582.0979265356394
2024-04-09,0.0,0.0,0.0,0,0,False,0.0,0.0,0.0,6.746,0.0,0.0,4.5,,0,330.0,576.0048766404552
2024-04-10,0.0,0.0,0.0,0,0,False,0.0,0.0,0.0,6.443,0.0,0.0,4.5,,0,329.0,558.103639539929
2024-04-11,0.0,0.0,0.0,0,0,False,0.0,0.0,0.0,6.153,0.0,0.0,4.5,,0,328.0,551.1423756267269
2024-04-12,0.0,0.0,0.0,0,0,False,0.0,0.0,0.0,5.876,0.0,0.0,4.5,,0,327.0,568.8153458066603
2024-04-13,0.0,0.0,0.0,0,0,False,0.0,0.0,0.0,5.612,0.0,0.0,4.5,,0,326.0,1097.4154840677918
2024-04-14,0.0,0.0,0.0,0,0,False,0.0,0.0,0.0,5.359,0.0,0.0,4.5,,0,325.0,1127.279536178518
2024-04-15,0.0,0.0,0.0,0,0,False,0.0,0.0,0.0,5.118,0.0,0.0,4.5,,0,324.0,1093.4287278233942
2024-04-16,0.0,0.0,0.0,0,0,False,0.0,0.0,0.0,4.888,0.0,0.0,4.5,,0,323.0,1164.0062347925254
2024-04-17,0.0,0.0,0.0,0,0,False,0.0,0.0,0.0,4.668,0.0,0.0,4.5,,0,322.0,1208.1904211818262
2024-04-18,0.0,0.0,0.0,0,0,False,0.0,0.0,0.0,4.458,0.0,0.0,4.5,,0,321.0,1179.729819837232
2024-04-19,0.0,0.0,0.0,0,0,False,0.0,0.0,0.0,4.257,0.0,0.0,4.5,,0,320.0,1225.0879887804294
2024-04-20,0.0,0.0,0.0,0,0,False,0.0,0.0,0.0,4.065,0.0,0.0,4.5,,0,319.0,1201.0801722355543
2024-04-21,0.0,0.0,0.0,0,0,False,0.0,0.0,0.0,3.883,0.0,0.0,4.5,,0,318.0,1248.9624610294218
2024-04-22,0.0,0.0,0.0,0,0,False,0.0,0.0,0.0,3.708,0.0,0.0,4.5,,0,317.0,1158.269341539347
2024-04-23,0.0,0.0,0.0,0,0,False,0.0,0.0,0.0,3.541,0.0,0.0,4.5,,0,316.0,1270.5819990968819
2024-04-24,0.0,0.0,0.0,0,0,False,0.0,0.0,0.0,3.382,0.0,0.0,4.5,,0,315.0,1279.25582046834
2024-04-25,0.0,0.0,0.0,0,0,False,0.0,0.0,0.0,3.229,0.0,0.0,4.5,,0,314.0,1164.4038244930439
2024-04-26,0.0,0.0,0.0,0,0,False,0.0,0.0,0.0,3.084,0.0,0.0,4.5,,0,313.0,1198.201956930486
2024-04-27,0.0,0.0,0.0,0,0,False,0.0,0.0,0.0,2.945,0.0,0.0,4.5,,0,312.0,1196.8700253744016
2024-04-28,0.0,0.0,0.0,0,0,False,0.0,0.0,0.0,2.813,0.0,0.0,4.5,,0,311.0,1222.8653571608006
2024-04-29,0.0,0.0,0.0,0,0,False,0.0,0.0,0.0,2.686,0.0,0.0,4.5,,0,310.0,1203.4453432288772
2024-04-30,0.0,0.0,0.0,0,0,False,0.0,0.0,0.0,2.565,0.0,0.0,4.5,,0,309.0,1215.3973669681318
2024-05-01,0.0,0.0,0.0,0,0,False,0.0,0.0,0.0,2.45,0.0,0.0,4.5,,0,308.0,1230.6551888593895
2024-05-02,0.0,0.0,0.0,0,0,False,0.0,0.0,0.0,2.34,0.0,0.0,4.5,,0,307.0,1243.1547316531446
2024-05-03,0.0,0.0,0.0,0,0,False,0.0,0.0,0.0,2.234,0.0,0.0,4.5,,0,306.0,1265.4729763771638
2024-05-04,0.0,0.0,0.0,0,0,False,0.0,0.0,0.0,2.134,0.0,0.0,4.5,,0,305.0,1260.6346824264344
2024-05-05,0.0,0.0,0.0,0,0,False,0.0,0.0,0.0,2.038,0.0,0.0,4.5,,0,304.0,1242.237720498887
2024-05-06,0.0,0.0,0.0,0,0,False,0.0,0.0,0.0,1.946,0.0,0.0,4.5,,0,303.0,1227.5067744871658
2024-05-07,0.0,0.0,0.0,0,0,False,0.0,0.0,0.0,1.859,0.0,0.0,4.5,,0,302.0,1263.9987224521046
2024-05-08,0.0,0.0,0.0,0,0,False,0.0,0.0,0.0,1.775,0.0,0.0,4.5,,0,301.0,1225.3808733452447
2024-05-09,0.0,0.0,0.0,0,0,False,0.0,0.0,0.0,1.695,0.0,0.0,4.5,,0,300.0,1240.8547596097405
2024-05-10,0.0,0.0,0.0,0,0,False,0.0,0.0,0.0,1.619,0.0,0.0,4.5,,0,299.0,1247.5317389354132
2024-05-11,0.0,0.0,0.0,0,0,False,0.0,0.0,0.0,1.546,0.0,0.0,4.5,,0,298.0,1257.083420322317
2024-05-12,0.0,0.0,0.0,0,0,False,0.0,0.0,0.0,1.476,0.0,0.0,4.5,,0,297.0,1223.4525041853528
2024-05-13,0.0,0.0,0.0,0,0,False,0.0,0.0,0.0,1.41,0.0,0.0,4.5,,0,296.0,1255.8364134886704
2024-05-14,0.0,0.0,0.0,0,0,False,0.0,0.0,0.0,1.346,0.0,0.0,4.5,,0,295.0,1264.0031811120216
2024-05-15,0.0,0.0,0.0,0,0,False,0.0,0.0,0.0,1.286,0.0,0.0,4.5,,0,294.0,1286.7517827097074
2024-05-16,0.0,0.0,0.0,0,0,False,0.0,0.0,0.0,1.228,0.0,0.0,4.5,,0,293.0,1210.1075872801143
2024-05-17,0.0,0.0,0.0,0,0,False,0.0,0.0,0.0,1.173,0.0,0.0,4.5,,0,292.0,1198.4949994978674
2024-05-18,0.0,0.0,0.0,0,0,False,0.0,0.0,0.0,1.12,0.0,0.0,4.5,,0,291.0,1176.9960239394281
2024-05-19,0.0,0.0,0.0,0,0,False,0.0,0.0,0.0,1.07,0.0,0.0,4.5,,0,290.0,1230.2367390629474
2024-05-20,0.0,0.0,0.0,0,0,False,0.0,0.0,0.0,1.021,0.0,0.0,4.5,,0,289.0,1240.1784759805716
2024-05-21,0.0,0.0,0.0,0,0,False,0.0,0.0,0.0,0.975,0.0,0.0,4.5,,0,288.0,1218.1541231299734
2024-05-22,0.0,0.0,0.0,0,0,False,0.0,0.0,0.0,0.932,0.0,0.0,4.5,,0,287.0,1251.956045561014
2024-05-23,0.0,0.0,0.0,0,0,False,0.0,0.0,0.0,0.89,0.0,0.0,4.5,,0,286.0,1261.6217312713031
2024-05-24,0.0,0.0,0.0,0,0,False,0.0,0.0,0.0,0.85,0.0,0.0,4.5,,0,285.0,1278.6402016568509
2024-05-25,0.0,0.0,0.0,0,0,False,0.0,0.0,0.0,0.811,0.0,0.0,4.5,,0,284.0,1214.2016322483835
2024-05-26,0.0,0.0,0.0,0,0,False,0.0,0.0,0.0,0.775,0.0,0.0,4.5,,0,283.0,1224.1720106040054
2024-05-27,0.0,0.0,0.0,0,0,False,0.0,0.0,0.0,0.74,0.0,0.0,4.5,,0,282.0,1240.942123121593
2024-05-28,0.0,0.0,0.0,0,0,False,0.0,0.0,0.0,0.707,0.0,0.0,4.5,,0,281.0,1301.060661093976
2024-05-29,0.0,0.0,0.0,0,0,False,0.0,0.0,0.0,0.675,0.0,0.0,4.5,,0,280.0,1284.0834363501922
2024-05-30,0.0,0.0,0.0,0,0,False,0.0,0.0,0.0,0.645,0.0,0.0,4.5,,0,279.0,1336.949274592833
2024-05-31,0.0,0.0,0.0,0,0,False,0.0,0.0,0.0,0.616,0.0,0.0,4.5,,0,278.0,1341.8112518850746
2024-06-01,0.0,0.0,0.0,0,0,False,0.0,0.0,0.0,0.588,0.0,0.0,4.5,,0,277.0,1353.8954940157846
2024-06-02,0.0,0.0,0.0,0,0,False,0.0,0.0,0.0,0.561,0.0,0.0,4.5,,0,276.0,1324.8598693151994
2024-06-03,0.0,0.0,0.0,0,0,False,0.0,0.0,0.0,0.536,0.0,0.0,4.5,,0,275.0,1317.0041319007812
2024-06-04,0.0,0.0,0.0,0,0,False,0.0,0.0,0.0,0.512,0.0,0.0,4.5,,0,274.0,1363.8055618280605
2024-06-05,0.0,0.0,0.0,0,0,False,0.0,0.0,0.0,0.489,0.0,0.0,4.5,,0,273.0,1346.3080138995147
2024-06-06,0.0,0.0,0.0,0,0,False,0.0,0.0,0.0,0.467,0.0,0.0,4.5,,0,272.0,1364.8004136508312
2024-06-07,0.0,0.0,0.0,0,0,False,0.0,0.0,0.0,0.446,0.0,0.0,4.5,,0,271.0,1396.8218994935894
2024-06-08,0.0,0.0,0.0,0,0,False,0.0,0.0,0.0,0.426,0.0,0.0,4.5,,0,270.0,1362.843308891903
2024-06-09,0.0,0.0,0.0,0,0,False,0.0,0.0,0.0,0.407,0.0,0.0,4.5,,0,269.0,1360.2223221987317
2024-06-10,0.0,0.0,0.0,0,0,False,0.0,0.0,0.0,0.388,0.0,0.0,4.5,,0,268.0,1341.4401120766104
2024-06-11,0.0,0.0,0.0,0,0,False,0.0,0.0,0.0,0.371,0.0,0.0,4.5,,0,267.0,1337.2170709270445
2024-06-12,0.0,0.0,0.0,0,0,False,0.0,0.0,0.0,0.354,0.0,0.0,4.5,,0,266.0,1306.65483589078
2024-06-13,0.0,0.0,0.0,0,0,False,0.0,0.0,0.0,0.338,0.0,0.0,4.5,,0,265.0,1369.1463939128412
2024-06-14,0.0,0.0,0.0,0,0,False,0.0,0.0,0.0,0.323,0.0,0.0,4.5,,0,264.0,1388.2694438992246
2024-06-15,0.0,0.0,0.0,0,0,False,0.0,0.0,0.0,0.309,0.0,0.0,4.5,,0,263.0,1363.0714511471365
2024-06-16,0.0,0.0,0.0,0,0,False,0.0,0.0,0.0,0.295,0.0,0.0,4.5,,0,262.0,1366.4761183363967
2024-06-17,0.0,0.0,0.0,0,0,False,0.0,0.0,0.0,0.281,0.0,0.0,4.5,,0,261.0,1383.129763801151
2024-06-18,0.0,0.0,0.0,0,0,False,0.0,0.0,0.0,0.269,0.0,0.0,4.5,,0,260.0,1391.9472696475382
2024-06-19,0.0,0.0,0.0,0,0,False,0.0,0.0,0.0,0.257,0.0,0.0,4.5,,0,259.0,1356.3949049439866
2024-06-20,0.0,0.0,0.0,0,0,False,0.0,0.0,0.0,0.245,0.0,0.0,4.5,,0,258.0,1365.8427764856126
2024-06-21,0.0,0.0,0.0,0,0,False,0.0,0.0,0.0,0.234,0.0,0.0,4.5,,0,257.0,1368.3160922284694
2024-06-22,0.0,0.0,0.0,0,0,False,0.0,0.0,0.0,0.224,0.0,0.0,4.5,,0,256.0,1407.5621561295977
2024-06-23,0.0,0.0,0.0,0,0,False,0.0,0.0,0.0,0.213,0.0,0.0,4.5,,0,255.0,1400.2509422731207
2024-06-24,0.0,0.0,0.0,0,0,False,0.0,0.0,0.0,0.204,0.0,0.0,4.5,,0,254.0,1397.4573786074372
2024-06-25,0.0,0.0,0.0,0,0,False,0.0,0.0,0.0,0.195,0.0,0.0,4.5,,0,253.0,1362.1412672414367
2024-06-26,0.0,0.0,0.0,0,0,False,0.0,0.0,0.0,0.186,0.0,0.0,4.5,,0,252.0,1397.6821378782208
2024-06-27,0.0,0.0,0.0,0,0,False,0.0,0.0,0.0,0.178,0.0,0.0,4.5,,0,251.0,1423.7413551268717
2024-06-28,0.0,0.0,0.0,0,0,False,0.0,0.0,0.0,0.17,0.0,0.0,4.5,,0,250.0,1430.0030839332298
2024-06-29,0.0,0.0,0.0,0,0,False,0.0,0.0,0.0,0.162,0.0,0.0,4.5,,0,249.0,1387.57525983842
2024-06-30,0.0,0.0,0.0,0,0,False,0.0,0.0,0.0,0.155,0.0,0.0,4.5,,0,248.0,1379.2369233466438
2024-07-01,0.0,0.0,0.0,0,0,False,0.0,0.0,0.0,0.148,0.0,0.0,4.5,,0,247.0,1371.0656286374667
2024-07-02,0.0,0.0,0.0,0,0,False,0.0,0.0,0.0,0.141,0.0,0.0,4.5,,0,246.0,1384.9582802202144
2024-07-03,0.0,0.0,0.0,0,0,False,0.0,0.0,0.0,0.135,0.0,0.0,4.5,,0,245.0,1371.1342080814238
2024-07-04,0.0,0.0,0.0,0,0,False,0.0,0.0,0.0,0.129,0.0,0.0,4.5,,0,244.0,1390.7575137525193
2024-07-05,0.0,0.0,0.0,0,0,False,0.0,0.0,0.0,0.123,0.0,0.0,4.5,,0,243.0,1349.7048338202394
2024-07-06,0.0,0.0,0.0,0,0,False,0.0,0.0,0.0,0.117,0.0,0.0,4.5,,0,242.0,1360.0778125021386
2024-07-07,0.0,0.0,0.0,0,0,False,0.0,0.0,0.0,0.112,0.0,0.0,4.5,,0,241.0,1375.1949147872808
2024-07-08,0.0,0.0,0.0,0,0,False,0.0,0.0,0.0,0.107,0.0,0.0,4.5,,0,240.0,1350.9572845275109
2024-07-09,0.0,0.0,0.0,0,0,False,0.0,0.0,0.0,0.102,0.0,0.0,4.5,,0,239.0,1333.4343670939797
2024-07-10,0.0,0.0,0.0,0,0,False,0.0,0.0,0.0,0.098,0.0,0.0,4.5,,0,238.0,1303.9470712610735
2024-07-11,0.0,0.0,0.0,0,0,False,0.0,0.0,0.0,0.093,0.0,0.0,4.5,,0,237.0,1309.227994710167
2024-07-12,0.0,0.0,0.0,0,0,False,0.0,0.0,0.0,0.089,0.0,0.0,4.5,,0,236.0,1312.3501843007418
2024-07-13,0.0,0.0,0.0,0,0,False,0.0,0.0,0.0,0.085,0.0,0.0,4.5,,0,235.0,1300.0839583704717
2024-07-14,0.0,0.0,0.0,0,0,False,0.0,0.0,0.0,0.081,0.0,0.0,4.5,,0,234.0,1321.6611697982812
2024-07-15,0.0,0.0,0.0,0,0,False,0.0,0.0,0.0,0.078,0.0,0.0,4.5,,0,233.0,1276.4333972390878
2024-07-16,0.0,0.0,0.0,0,0,False,0.0,0.0,0.0,0.074,0.0,0.0,4.5,,0,232.0,1298.5793759045844
2024-07-17,0.0,0.0,0.0,0,0,False,0.0,0.0,0.0,0.071,0.0,0.0,4.5,,0,231.0,1289.516929372602
2024-07-18,0.0,0.0,0.0,0,0,False,0.0,0.0,0.0,0.068,0.0,0.0,4.5,,0,230.0,1321.616253143098
2024-07-19,0.0,0.0,0.0,0,0,False,0.0,0.0,0.0,0.064,0.0,0.0,4.5,,0,229.0,1312.3730430868507
2024-07-20,0.0,0.0,0.0,0,0,False,0.0,0.0,0.0,0.062,0.0,0.0,4.5,,0,228.0,1290.7506286796377
2024-07-21,0.0,0.0,0.0,0,0,False,0.0,0.0,0.0,0.059,0.0,0.0,4.5,,0,227.0,1295.946602858983
2024-07-22,0.0,0.0,0.0,0,0,False,0.0,0.0,0.0,0.056,0.0,0.0,4.5,,0,226.0,1309.80815207023
2024-07-23,0.0,0.0,0.0,0,0,False,0.0,0.0,0.0,0.054,0.0,0.0,4.5,,0,225.0,1332.5402590080187
2024-07-24,0.0,0.0,0.0,0,0,False,0.0,0.0,0.0,0.051,0.0,0.0,4.5,,0,224.0,1297.3747195698325
2024-07-25,0.0,0.0,0.0,0,0,False,0.0,0.0,0.0,0.049,0.0,0.0,4.5,,0,223.0,1326.7505448099841
2024-07-26,0.0,0.0,0.0,0,0,False,0.0,0.0,0.0,0.047,0.0,0.0,4.5,,0,222.0,1294.1640147654302
2024-07-27,0.0,0.0,0.0,0,0,False,0.0,0.0,0.0,0.045,0.0,0.0,4.5,,0,221.0,1291.5554986916175
2024-07-28,0.0,0.0,0.0,0,0,False,0.0,0.0,0.0,0.043,0.0,0.0,4.5,,0,220.0,1289.0688148058548
2024-07-29,0.0,0.0,0.0,0,0,False,0.0,0.0,0.0,0.041,0.0,0.0,4.5,,0,219.0,1274.2620340749654
2024-07-30,0.0,0.0,0.0,0,0,False,0.0,0.0,0.0,0.039,0.0,0.0,4.5,,0,218.0,1278.0703484124776
2024-07-31,0.0,0.0,0.0,0,0,False,0.0,0.0,0.0,0.037,0.0,0.0,4.5,,0,217.0,1287.3675342913946
2024-08-01,0.0,0.0,0.0,0,0,False,0.0,0.0,0.0,0.035,0.0,0.0,4.5,,0,216.0,1382.6273955248075
2024-08-02,0.0,0.0,0.0,0,0,False,0.0,0.0,0.0,0.034,0.0,0.0,4.5,,0,215.0,1306.5681747637464
2024-08-03,0.0,0.0,0.0,0,0,False,0.0,0.0,0.0,0.032,0.0,0.0,4.5,,0,214.0,1361.5444172577666
2024-08-04,0.0,0.0,0.0,0,0,False,0.0,0.0,0.0,0.031,0.0,0.0,4.5,,0,213.0,1305.0488213250533
2024-08-05,0.0,0.0,0.0,0,0,False,0.0,0.0,0.0,0.029,0.0,0.0,4.5,,0,212.0,1374.2906293516853
2024-08-06,0.0,0.0,0.0,0,0,False,0.0,0.0,0.0,0.028,0.0,0.0,4.5,,0,211.0,1328.9648470400018
2024-08-07,0.0,0.0,0.0,0,0,False,0.0,0.0,0.0,0.027,0.0,0.0,4.5,,0,210.0,1210.724750237595
2024-08-08,0.0,0.0,0.0,0,0,False,0.0,0.0,0.0,0.026,0.0,0.0,4.5,,0,209.0,1366.3743837413745
2024-08-09,0.0,0.0,0.0,0,0,False,0.0,0.0,0.0,0.025,0.0,0.0,4.5,,0,208.0,1378.4004637751875
2024-08-10,0.0,0.0,0.0,0,0,False,0.0,0.0,0.0,0.023,0.0,0.0,4.5,,0,207.0,1363.733052559474
2024-08-11,0.0,0.0,0.0,0,0,False,0.0,0.0,0.0,0.022,0.0,0.0,4.5,,0,206.0,1356.4904236096584
2024-08-12,0.0,0.0,0.0,0,0,False,0.0,0.0,0.0,0.021,0.0,0.0,4.5,,0,205.0,1339.537755163916
2024-08-13,0.0,0.0,0.0,0,0,False,0.0,0.0,0.0,0.02,0.0,0.0,4.5,,0,204.0,1336.9779637052607
2024-08-14,0.0,0.0,0.0,0,0,False,0.0,0.0,0.0,0.019,0.0,0.0,4.5,,0,203.0,1279.205097082732
2024-08-15,0.0,0.0,0.0,0,0,False,0.0,0.0,0.0,0.019,0.0,0.0,4.5,,0,202.0,1279.205097082732
2024-08-16,0.0,0.0,0.0,0,0,False,0.0,0.0,0.0,0.018,0.0,0.0,4.5,,0,201.0,1338.5926441614988
2024-08-17,0.0,0.0,0.0,0,0,False,0.0,0.0,0.0,0.017,0.0,0.0,4.5,,0,200.0,1421.728156085703
2024-08-18,0.0,0.0,0.0,0,0,False,0.0,0.0,0.0,0.016,0.0,0.0,4.5,,0,199.0,1355.1058558662053
2024-08-19,0.0,0.0,0.0,0,0,False,0.0,0.0,0.0,0.015,0.0,0.0,4.5,,0,198.0,1280.783661301864
2024-08-20,0.0,0.0,0.0,0,0,False,0.0,0.0,0.0,0.015,0.0,0.0,4.5,,0,197.0,1280.783661301864
2024-08-21,0.0,0.0,0.0,0,0,False,0.0,0.0,0.0,0.014,0.0,0.0,4.5,,0,196.0,1405.9468767932553
2024-08-22,0.0,0.0,0.0,0,0,False,0.0,0.0,0.0,0.013,0.0,0.0,4.5,,0,195.0,1342.919624171868
2024-08-23,0.0,0.0,0.0,0,0,False,0.0,0.0,0.0,0.013,0.0,0.0,4.5,,0,194.0,1342.919624171868
2024-08-24,0.0,0.0,0.0,0,0,False,0.0,0.0,0.0,0.012,0.0,0.0,4.5,,0,193.0,1252.6890821315483
2024-08-25,0.0,0.0,0.0,0,0,False,0.0,0.0,0.0,0.012,0.0,0.0,4.5,,0,192.0,1252.6890821315483
2024-08-26,0.0,0.0,0.0,0,0,False,0.0,0.0,0.0,0.011,0.0,0.0,4.5,,0,191.0,1320.765273982942
2024-08-27,0.0,0.0,0.0,0,0,False,0.0,0.0,0.0,0.011,0.0,0.0,4.5,,0,190.0,1320.765273982942
2024-08-28,0.0,0.0,0.0,0,0,False,0.0,0.0,0.0,0.01,0.0,0.0,4.5,,0,189.0,1397.4669845657609
2024-08-29,0.0,0.0,0.0,0,0,False,0.0,0.0,0.0,0.01,0.0,0.0,4.5,,0,188.0,1397.4669845657609
2024-08-30,0.0,0.0,0.0,0,0,False,0.0,0.0,0.0,0.009,0.0,0.0,4.5,,0,187.0,1309.3386471019494
2024-08-31,0.0,0.0,0.0,0,0,False,0.0,0.0,0.0,0.009,0.0,0.0,4.5,,0,186.0,1309.3386471019494
2024-09-01,0.0,0.0,0.0,0,0,False,0.0,0.0,0.0,0.009,0.0,0.0,4.5,,0,185.0,1309.3386471019494
2024-09-02,0.0,0.0,0.0,0,0,False,0.0,0.0,0.0,0.008,0.0,0.0,4.5,,0,184.0,1381.5604448306315
2024-09-03,0.0,0.0,0.0,0,0,False,0.0,0.0,0.0,0.008,0.0,0.0,4.5,,0,183.0,1381.5604448306315
2024-09-04,0.0,0.0,0.0,0,0,False,0.0,0.0,0.0,0.007,0.0,0.0,4.5,,0,182.0,1337.3536366344656
2024-09-05,0.0,0.0,0.0,0,0,False,0.0,0.0,0.0,0.007,0.0,0.0,4.5,,0,181.0,1337.3536366344656
2024-09-06,0.0,0.0,0.0,0,0,False,0.0,0.0,0.0,0.007,0.0,0.0,4.5,,0,180.0,1337.3536366344656
2024-09-07,0.0,0.0,0.0,0,0,False,0.0,0.0,0.0,0.006,0.0,0.0,4.5,,0,179.0,1327.2700168956999
2024-09-08,0.0,0.0,0.0,0,0,False,0.0,0.0,0.0,0.006,0.0,0.0,4.5,,0,178.0,1327.2700168956999
2024-09-09,0.0,0.0,0.0,0,0,False,0.0,0.0,0.0,0.006,0.0,0.0,4.5,,0,177.0,1327.2700168956999
2024-09-10,0.0,0.0,0.0,0,0,False,0.0,0.0,0.0,0.006,0.0,0.0,4.5,,0,176.0,1327.2700168956999
2024-09-11,0.0,0.0,0.0,0,0,False,0.0,0.0,0.0,0.005,0.0,0.0,4.5,,0,175.0,1316.9362856933824
2024-09-12,0.0,0.0,0.0,0,0,False,0.0,0.0,0.0,0.005,0.0,0.0,4.5,,0,174.0,1316.9362856933824
2024-09-13,0.0,0.0,0.0,0,0,False,0.0,0.0,0.0,0.005,0.0,0.0,4.5,,0,173.0,1316.9362856933824
2024-09-14,0.0,0.0,0.0,0,0,False,0.0,0.0,0.0,0.005,0.0,0.0,4.5,,0,172.0,1316.9362856933824
2024-09-15,0.0,0.0,0.0,0,0,False,0.0,0.0,0.0,0.004,0.0,0.0,4.5,,0,171.0,1285.6540914609634
2024-09-16,0.0,0.0,0.0,0,0,False,0.0,0.0,0.0,0.004,0.0,0.0,4.5,,0,170.0,1285.6540914609634
2024-09-17,0.0,0.0,0.0,0,0,False,0.0,0.0,0.0,0.004,0.0,0.0,4.5,,0,169.0,1285.6540914609634
2024-09-18,0.0,0.0,0.0,0,0,False,0.0,0.0,0.0,0.004,0.0,0.0,4.5,,0,168.0,1285.6540914609634
2024-09-19,0.0,0.0,0.0,0,0,False,0.0,0.0,0.0,0.004,0.0,0.0,4.5,,0,167.0,1285.6540914609634
2024-09-20,0.0,0.0,0.0,0,0,False,0.0,0.0,0.0,0.004,0.0,0.0,4.5,,0,166.0,1285.6540914609634
2024-09-21,0.0,0.0,0.0,0,0,False,0.0,0.0,0.0,0.003,0.0,0.0,4.5,,0,165.0,1336.741476759556
2024-09-22,0.0,0.0,0.0,0,0,False,0.0,0.0,0.0,0.003,0.0,0.0,4.5,,0,164.0,1336.741476759556
2024-09-23,0.0,0.0,0.0,0,0,False,0.0,0.0,0.0,0.003,0.0,0.0,4.5,,0,163.0,1336.741476759556
2024-09-24,0.0,0.0,0.0,0,0,False,0.0,0.0,0.0,0.003,0.0,0.0,4.5,,0,162.0,1336.741476759556
2024-09-25,0.0,0.0,0.0,0,0,False,0.0,0.0,0.0,0.003,0.0,0.0,4.5,,0,161.0,1336.741476759556
2024-09-26,0.0,0.0,0.0,0,0,False,0.0,0.0,0.0,0.003,0.0,0.0,4.5,,0,160.0,1336.741476759556
2024-09-27,0.0,0.0,0.0,0,0,False,0.0,0.0,0.0,0.003,0.0,0.0,4.5,,0,159.0,1336.741476759556
2024-09-28,0.0,0.0,0.0,0,0,False,0.0,0.0,0.0,0.002,0.0,0.0,4.5,,0,158.0,1306.997567775399
2024-09-29,0.0,0.0,0.0,0,0,False,0.0,0.0,0.0,0.002,0.0,0.0,4.5,,0,157.0,1306.997567775399
2024-09-30,0.0,0.0,0.0,0,0,False,0.0,0.0,0.0,0.002,0.0,0.0,4.5,,0,156.0,1306.997567775399
2024-10-01,0.0,0.0,0.0,0,0,False,0.0,0.0,0.0,0.002,0.0,0.0,4.5,,0,155.0,1306.997567775399
2024-10-02,0.0,0.0,0.0,0,0,False,0.0,0.0,0.0,0.002,0.0,0.0,4.5,,0,154.0,1306.997567775399
2024-10-03,0.0,0.0,0.0,0,0,False,0.0,0.0,0.0,0.002,0.0,0.0,4.5,,0,153.0,1306.997567775399
2024-10-04,0.0,0.0,0.0,0,0,False,0.0,0.0,0.0,0.002,0.0,0.0,4.5,,0,152.0,1306.997567775399
2024-10-05,0.0,0.0,0.0,0,0,False,0.0,0.0,0.0,0.002,0.0,0.0,4.5,,0,151.0,1306.997567775399
2024-10-06,0.0,0.0,0.0,0,0,False,0.0,0.0,0.0,0.002,0.0,0.0,4.5,,0,150.0,1306.997567775399
2024-10-07,0.0,0.0,0.0,0,0,False,0.0,0.0,0.0,0.002,0.0,0.0,4.5,,0,149.0,1306.997567775399
2024-10-08,0.0,0.0,0.0,0,0,False,0.0,0.0,0.0,0.002,0.0,0.0,4.5,,0,148.0,1306.997567775399
2024-10-09,0.0,0.0,0.0,0,0,False,0.0,0.0,0.0,0.001,0.0,0.0,4.5,,0,147.0,1294.785274891293
2024-10-10,0.0,0.0,0.0,0,0,False,0.0,0.0,0.0,0.001,0.0,0.0,4.5,,0,146.0,1294.785274891293
2024-10-11,0.0,0.0,0.0,0,0,False,0.0,0.0,0.0,0.001,0.0,0.0,4.5,,0,145.0,1294.785274891293
2024-10-12,0.0,0.0,0.0,0,0,False,0.0,0.0,0.0,0.001,0.0,0.0,4.5,,0,144.0,1294.785274891293
2024-10-13,0.0,0.0,0.0,0,0,False,0.0,0.0,0.0,0.001,0.0,0.0,4.5,,0,143.0,1294.785274891293
2024-10-14,0.0,0.0,0.0,0,0,False,0.0,0.0,0.0,0.001,0.0,0.0,4.5,,0,142.0,1294.785274891293
2024-10-15,0.0,0.0,0.0,0,0,False,0.0,0.0,0.0,0.001,0.0,0.0,4.5,,0,141.0,1294.785274891293
2024-10-16,0.0,0.0,0.0,0,0,False,0.0,0.0,0.0,0.001,0.0,0.0,4.5,,0,140.0,1294.785274891293
2024-10-17,0.0,0.0,0.0,0,0,False,0.0,0.0,0.0,0.001,0.0,0.0,4.5,,0,139.0,1294.785274891293
2024-10-18,0.0,0.0,0.0,0,0,False,0.0,0.0,0.0,0.001,0.0,0.0,4.5,,0,138.0,1294.785274891293
2024-10-19,0.0,0.0,0.0,0,0,False,0.0,0.0,0.0,0.001,0.0,0.0,4.5,,0,137.0,1294.785274891293
2024-10-20,0.0,0.0,0.0,0,0,False,0.0,0.0,0.0,0.001,0.0,0.0,4.5,,0,136.0,1294.785274891293
2024-10-21,0.0,0.0,0.0,0,0,False,0.0,0.0,0.0,0.001,0.0,0.0,4.5,,0,135.0,1294.785274891293
2024-10-22,0.0,0.0,0.0,0,0,False,0.0,0.0,0.0,0.001,0.0,0.0,4.5,,0,134.0,1294.785274891293
2024-10-23,0.0,0.0,0.0,0,0,False,0.0,0.0,0.0,0.001,0.0,0.0,4.5,,0,133.0,1294.785274891293
2024-10-24,0.0,0.0,0.0,0,0,False,0.0,0.0,0.0,0.001,0.0,0.0,4.5,,0,132.0,1294.785274891293
2024-10-25,0.0,0.0,0.0,0,0,False,0.0,0.0,0.0,0.001,0.0,0.0,4.5,,0,131.0,1294.785274891293
2024-10-26,0.0,0.0,0.0,0,0,False,0.0,0.0,0.0,0.001,0.0,0.0,4.5,,0,130.0,1294.785274891293
2024-10-27,0.0,0.0,0.0,0,0,False,0.0,0.0,0.0,0.001,0.0,0.0,4.5,,0,129.0,1294.785274891293
2024-10-28,0.0,0.0,0.0,0,0,False,0.0,0.0,0.0,0.001,0.0,0.0,4.5,,0,128.0,1294.785274891293
2024-10-29,0.0,0.0,0.0,0,0,False,0.0,0.0,0.0,0.001,0.0,0.0,4.5,,0,127.0,1294.785274891293
2024-10-30,0.0,0.0,0.0,0,0,False,0.0,0.0,0.0,0.001,0.0,0.0,4.5,,0,126.0,1294.785274891293
2024-10-31,0.0,0.0,0.0,0,0,False,0.0,0.0,0.0,0.001,0.0,0.0,4.5,,0,125.0,1294.785274891293
2024-11-01,0.0,0.0,0.0,0,0,False,0.0,0.0,0.0,0.001,0.0,0.0,4.5,,0,124.0,1294.785274891293
2024-11-02,0.0,0.0,0.0,0,0,False,0.0,0.0,0.0,0.0,0.0,0.0,4.5,,0,123.0,1307.3356996150403
2024-11-03,0.0,0.0,0.0,0,0,False,0.0,0.0,0.0,0.0,0.0,0.0,4.5,,0,122.0,1307.3356996150403
2024-11-04,0.0,0.0,0.0,0,0,False,0.0,0.0,0.0,0.0,0.0,0.0,4.5,,0,121.0,1307.3356996150403
2024-11-05,0.0,0.0,0.0,0,0,False,0.0,0.0,0.0,0.0,0.0,0.0,4.5,,0,120.0,1307.3356996150403
2024-11-06,0.0,0.0,0.0,0,0,False,0.0,0.0,0.0,0.0,0.0,0.0,4.5,,0,119.0,1307.3356996150403
2024-11-07,0.0,0.0,0.0,0,0,False,0.0,0.0,0.0,0.0,0.0,0.0,4.5,,0,118.0,1307.3356996150403
2024-11-08,0.0,0.0,0.0,0,0,False,0.0,0.0,0.0,0.0,0.0,0.0,4.5,,0,117.0,1307.3356996150403
2024-11-09,0.0,0.0,0.0,0,0,False,0.0,0.0,0.0,0.0,0.0,0.0,4.5,,0,116.0,1307.3356996150403
2024-11-10,0.0,0.0,0.0,0,0,False,0.0,0.0,0.0,0.0,0.0,0.0,4.5,,0,115.0,1307.3356996150403
2024-11-11,0.0,0.0,0.0,0,0,False,0.0,0.0,0.0,0.0,0.0,0.0,4.5,,0,114.0,1307.3356996150403
2024-11-12,0.0,0.0,0.0,0,0,False,0.0,0.0,0.0,0.0,0.0,0.0,4.5,,0,113.0,1307.3356996150403
2024-11-13,0.0,0.0,0.0,0,0,False,0.0,0.0,0.0,0.0,0.0,0.0,4.5,,0,112.0,1307.3356996150403
2024-11-14,0.0,0.0,0.0,0,0,False,0.0,0.0,0.0,0.0,0.0,0.0,4.5,,0,111.0,1307.3356996150403
2024-11-15,0.0,0.0,0.0,0,0,False,0.0,0.0,0.0,0.0,0.0,0.0,4.5,,0,110.0,1307.3356996150403
2024-11-16,0.0,0.0,0.0,0,0,False,0.0,0.0,0.0,0.0,0.0,0.0,4.5,,0,109.0,1307.3356996150403
2024-11-17,0.0,0.0,0.0,0,0,False,0.0,0.0,0.0,0.0,0.0,0.0,4.5,,0,108.0,1307.3356996150403
2024-11-18,0.0,0.0,0.0,0,0,False,0.0,0.0,0.0,0.0,0.0,0.0,4.5,,0,107.0,1307.3356996150403
2024-11-19,0.0,0.0,0.0,0,0,False,0.0,0.0,0.0,0.0,0.0,0.0,4.5,,0,106.0,1307.3356996150403
2024-11-20,0.0,0.0,0.0,0,0,False,0.0,0.0,0.0,0.0,0.0,0.0,4.5,,0,105.0,1307.3356996150403
2024-11-21,0.0,0.0,0.0,0,0,False,0.0,0.0,0.0,0.0,0.0,0.0,4.5,,0,104.0,1307.3356996150403
2024-11-22,0.0,0.0,0.0,0,0,False,0.0,0.0,0.0,0.0,0.0,0.0,4.5,,0,103.0,1307.3356996150403
2024-11-23,0.0,0.0,0.0,0,0,False,0.0,0.0,0.0,0.0,0.0,0.0,4.5,,0,102.0,1307.3356996150403
2024-11-24,0.0,0.0,0.0,0,0,False,0.0,0.0,0.0,0.0,0.0,0.0,4.5,,0,101.0,1307.3356996150403
2024-11-25,0.0,0.0,0.0,0,0,False,0.0,0.0,0.0,0.0,0.0,0.0,4.5,,0,100.0,1307.3356996150403
2024-11-26,0.0,0.0,0.0,0,0,False,0.0,0.0,0.0,0.0,0.0,0.0,4.5,,0,99.0,1307.3356996150403
2024-11-27,0.0,0.0,0.0,0,0,False,0.0,0.0,0.0,0.0,0.0,0.0,4.5,,0,98.0,1307.3356996150403
2024-11-28,0.0,0.0,0.0,0,0,False,0.0,0.0,0.0,0.0,0.0,0.0,4.5,,0,97.0,1307.3356996150403
2024-11-29,0.0,0.0,0.0,0,0,False,0.0,0.0,0.0,0.0,0.0,0.0,4.5,,0,96.0,1307.3356996150403
2024-11-30,0.0,0.0,0.0,0,0,False,0.0,0.0,0.0,0.0,0.0,0.0,4.5,,0,95.0,1307.3356996150403
2024-12-01,0.0,0.0,0.0,0,0,False,0.0,0.0,0.0,0.0,0.0,0.0,4.5,,0,94.0,1307.3356996150403
2024-12-02,0.0,0.0,0.0,0,0,False,0.0,0.0,0.0,0.0,0.0,0.0,4.5,,0,93.0,1307.3356996150403
2024-12-03,0.0,0.0,0.0,0,0,False,0.0,0.0,0.0,0.0,0.0,0.0,4.5,,0,92.0,1307.3356996150403
2024-12-04,0.0,0.0,0.0,0,0,False,0.0,0.0,0.0,0.0,0.0,0.0,4.5,,0,91.0,1307.3356996150403
2024-12-05,0.0,0.0,0.0,0,0,False,0.0,0.0,0.0,0.0,0.0,0.0,4.5,,0,90.0,1307.3356996150403
2024-12-06,0.0,0.0,0.0,0,0,False,0.0,0.0,0.0,0.0,0.0,0.0,4.5,,0,89.0,1307.3356996150403
2024-12-07,0.0,0.0,0.0,0,0,False,0.0,0.0,0.0,0.0,0.0,0.0,4.5,,0,88.0,1307.3356996150403
2024-12-08,0.0,0.0,0.0,0,0,False,0.0,0.0,0.0,0.0,0.0,0.0,4.5,,0,87.0,1307.3356996150403
2024-12-09,0.0,0.0,0.0,0,0,False,0.0,0.0,0.0,0.0,0.0,0.0,4.5,,0,86.0,1307.3356996150403
2024-12-10,0.0,0.0,0.0,0,0,False,0.0,0.0,0.0,0.0,0.0,0.0,4.5,,0,85.0,1307.3356996150403
2024-12-11,0.0,0.0,0.0,0,0,False,0.0,0.0,0.0,0.0,0.0,0.0,4.5,,0,84.0,1307.3356996150403
2024-12-12,0.0,0.0,0.0,0,0,False,0.0,0.0,0.0,0.0,0.0,0.0,4.5,,0,83.0,1307.3356996150403
2024-12-13,0.0,0.0,0.0,0,0,False,0.0,0.0,0.0,0.0,0.0,0.0,4.5,,0,82.0,1307.3356996150403
2024-12-14,0.0,0.0,0.0,0,0,False,0.0,0.0,0.0,0.0,0.0,0.0,4.5,,0,81.0,1307.3356996150403
2024-12-15,0.0,0.0,0.0,0,0,False,0.0,0.0,0.0,0.0,0.0,0.0,4.5,,0,80.0,1307.3356996150403
2024-12-16,0.0,0.0,0.0,0,0,False,0.0,0.0,0.0,0.0,0.0,0.0,4.5,,0,79.0,1307.3356996150403
2024-12-17,0.0,0.0,0.0,0,0,False,0.0,0.0,0.0,0.0,0.0,0.0,4.5,,0,78.0,1307.3356996150403
2024-12-18,0.0,0.0,0.0,0,0,False,0.0,0.0,0.0,0.0,0.0,0.0,4.5,,0,77.0,1307.3356996150403
2024-12-19,0.0,0.0,0.0,0,0,False,0.0,0.0,0.0,0.0,0.0,0.0,4.5,,0,76.0,1307.3356996150403
2024-12-20,0.0,0.0,0.0,0,0,False,0.0,0.0,0.0,0.0,0.0,0.0,4.5,,0,75.0,1307.3356996150403
2024-12-21,0.0,0.0,0.0,0,0,False,0.0,0.0,0.0,0.0,0.0,0.0,4.5,,0,74.0,1307.3356996150403
2024-12-22,0.0,0.0,0.0,0,0,False,0.0,0.0,0.0,0.0,0.0,0.0,4.5,,0,73.0,1307.3356996150403
2024-12-23,0.0,0.0,0.0,0,0,False,0.0,0.0,0.0,0.0,0.0,0.0,4.5,,0,72.0,1307.3356996150403
2024-12-24,0.0,0.0,0.0,0,0,False,0.0,0.0,0.0,0.0,0.0,0.0,4.5,,0,71.0,1307.3356996150403
2024-12-25,0.0,0.0,0.0,0,0,False,0.0,0.0,0.0,0.0,0.0,0.0,4.5,,0,70.0,1307.3356996150403
2024-12-26,0.0,0.0,0.0,0,0,False,0.0,0.0,0.0,0.0,0.0,0.0,4.5,,0,69.0,1307.3356996150403
2024-12-27,0.0,0.0,0.0,0,0,False,0.0,0.0,0.0,0.0,0.0,0.0,4.5,,0,68.0,1307.3356996150403
2024-12-28,0.0,0.0,0.0,0,0,False,0.0,0.0,0.0,0.0,0.0,0.0,4.5,,0,67.0,1307.3356996150403
2024-12-29,0.0,0.0,0.0,0,0,False,0.0,0.0,0.0,0.0,0.0,0.0,4.5,,0,66.0,1307.3356996150403
2024-12-30,0.0,0.0,0.0,0,0,False,0.0,0.0,0.0,0.0,0.0,0.0,4.5,,0,65.0,1307.3356996150403
2024-12-31,0.0,0.0,0.0,0,0,False,0.0,0.0,0.0,0.0,0.0,0.0,4.5,,0,64.0,1307.3356996150403
2025-01-01,0.0,0.0,0.0,0,0,False,0.0,0.0,0.0,0.0,0.0,0.0,4.5,,0,63.0,1307.3356996150403
2025-01-02,0.0,0.0,0.0,0,0,False,0.0,0.0,0.0,0.0,0.0,0.0,4.5,,0,62.0,1307.3356996150403
2025-01-03,0.0,0.0,0.0,0,0,False,0.0,0.0,0.0,0.0,0.0,0.0,4.5,,0,61.0,1307.3356996150403
2025-01-04,0.0,0.0,0.0,0,0,False,0.0,0.0,0.0,0.0,0.0,0.0,4.5,,0,60.0,1307.3356996150403
2025-01-05,0.0,0.0,0.0,0,0,False,0.0,0.0,0.0,0.0,0.0,0.0,4.5,,0,59.0,1307.3356996150403
2025-01-06,0.0,0.0,0.0,0,0,False,0.0,0.0,0.0,0.0,0.0,0.0,4.5,,0,58.0,1307.3356996150403
2025-01-07,0.0,0.0,0.0,0,0,False,0.0,0.0,0.0,0.0,0.0,0.0,4.5,,0,57.0,1307.3356996150403
2025-01-08,0.0,0.0,0.0,0,0,False,0.0,0.0,0.0,0.0,0.0,0.0,4.5,,0,56.0,1307.3356996150403
2025-01-09,0.0,0.0,0.0,0,0,False,0.0,0.0,0.0,0.0,0.0,0.0,4.5,,0,55.0,1307.3356996150403
2025-01-10,0.0,0.0,0.0,0,0,False,0.0,0.0,0.0,0.0,0.0,0.0,4.5,,0,54.0,1307.3356996150403
2025-01-11,0.0,0.0,0.0,0,0,False,0.0,0.0,0.0,0.0,0.0,0.0,4.5,,0,53.0,1307.3356996150403
2025-01-12,0.0,0.0,0.0,0,0,False,0.0,0.0,0.0,0.0,0.0,0.0,4.5,,0,52.0,1307.3356996150403
2025-01-13,0.0,0.0,0.0,0,0,False,0.0,0.0,0.0,0.0,0.0,0.0,4.5,,0,51.0,1307.3356996150403
2025-01-14,0.0,0.0,0.0,0,0,False,0.0,0.0,0.0,0.0,0.0,0.0,4.5,,0,50.0,1307.3356996150403
2025-01-15,0.0,0.0,0.0,0,0,False,0.0,0.0,0.0,0.0,0.0,0.0,4.5,,0,49.0,1307.3356996150403
2025-01-16,0.0,0.0,0.0,0,0,False,0.0,0.0,0.0,0.0,0.0,0.0,4.5,,0,48.0,1307.3356996150403
2025-01-17,0.0,0.0,0.0,0,0,False,0.0,0.0,0.0,0.0,0.0,0.0,4.5,,0,47.0,1307.3356996150403
2025-01-18,0.0,0.0,0.0,0,0,False,0.0,0.0,0.0,0.0,0.0,0.0,4.5,,0,46.0,1307.3356996150403
2025-01-19,0.0,0.0,0.0,0,0,False,0.0,0.0,0.0,0.0,0.0,0.0,4.5,,0,45.0,1307.3356996150403
2025-01-20,0.0,0.0,0.0,0,0,False,0.0,0.0,0.0,0.0,0.0,0.0,4.5,,0,44.0,1307.3356996150403
2025-01-21,0.0,0.0,0.0,0,0,False,0.0,0.0,0.0,0.0,0.0,0.0,4.5,,0,43.0,1307.3356996150403
2025-01-22,0.0,0.0,0.0,0,0,False,0.0,0.0,0.0,0.0,0.0,0.0,4.5,,0,42.0,1307.3356996150403
2025-01-23,0.0,0.0,0.0,0,0,False,0.0,0.0,0.0,0.0,0.0,0.0,4.5,,0,41.0,1307.3356996150403
2025-01-24,0.0,0.0,0.0,0,0,False,0.0,0.0,0.0,0.0,0.0,0.0,4.5,,0,40.0,1307.3356996150403
2025-01-25,0.0,0.0,0.0,0,0,False,0.0,0.0,0.0,0.0,0.0,0.0,4.5,,0,39.0,1307.3356996150403
2025-01-26,0.0,0.0,0.0,0,0,False,0.0,0.0,0.0,0.0,0.0,0.0,4.5,,0,38.0,1307.3356996150403
2025-01-27,0.0,0.0,0.0,0,0,False,0.0,0.0,0.0,0.0,0.0,0.0,4.5,,0,37.0,1307.3356996150403
2025-01-28,0.0,0.0,0.0,0,0,False,0.0,0.0,0.0,0.0,0.0,0.0,4.5,,0,36.0,1307.3356996150403
2025-01-29,0.0,0.0,0.0,0,0,False,0.0,0.0,0.0,0.0,0.0,0.0,4.5,,0,35.0,1307.3356996150403
2025-01-30,0.0,0.0,0.0,0,0,False,0.0,0.0,0.0,0.0,0.0,0.0,4.5,,0,34.0,1307.3356996150403
2025-01-31,0.0,0.0,0.0,0,0,False,0.0,0.0,0.0,0.0,0.0,0.0,4.5,,0,33.0,1307.3356996150403
2025-02-01,0.0,0.0,0.0,0,0,False,0.0,0.0,0.0,0.0,0.0,0.0,4.5,,0,32.0,1307.3356996150403
2025-02-02,0.0,0.0,0.0,0,0,False,0.0,0.0,0.0,0.0,0.0,0.0,4.5,,0,31.0,1307.3356996150403
2025-02-03,0.0,0.0,0.0,0,0,False,0.0,0.0,0.0,0.0,0.0,0.0,4.5,,0,30.0,1307.3356996150403
2025-02-04,0.0,0.0,0.0,0,0,False,0.0,0.0,0.0,0.0,0.0,0.0,4.5,,0,29.0,1307.3356996150403
2025-02-05,0.0,0.0,0.0,0,0,False,0.0,0.0,0.0,0.0,0.0,0.0,4.5,,0,28.0,1307.3356996150403
2025-02-06,0.0,0.0,0.0,0,0,False,0.0,0.0,0.0,0.0,0.0,0.0,4.5,,0,27.0,1307.3356996150403
2025-02-07,0.0,0.0,0.0,0,0,False,0.0,0.0,0.0,0.0,0.0,0.0,4.5,,0,26.0,1307.3356996150403
2025-02-08,0.0,0.0,0.0,0,0,False,0.0,0.0,0.0,0.0,0.0,0.0,4.5,,0,25.0,1307.3356996150403
2025-02-09,0.0,0.0,0.0,0,0,False,0.0,0.0,0.0,0.0,0.0,0.0,4.5,,0,24.0,1307.3356996150403
2025-02-10,0.0,0.0,0.0,0,0,False,0.0,0.0,0.0,0.0,0.0,0.0,4.5,,0,23.0,1307.3356996150403
2025-02-11,0.0,0.0,0.0,0,0,False,0.0,0.0,0.0,0.0,0.0,0.0,4.5,,0,22.0,1307.3356996150403
2025-02-12,0.0,0.0,0.0,0,0,False,0.0,0.0,0.0,0.0,0.0,0.0,4.5,,0,21.0,1307.3356996150403
2025-02-13,0.0,0.0,0.0,0,0,False,0.0,0.0,0.0,0.0,0.0,0.0,4.5,,0,20.0,1307.3356996150403
2025-02-14,0.0,0.0,0.0,0,0,False,0.0,0.0,0.0,0.0,0.0,0.0,4.5,,0,19.0,1307.3356996150403
2025-02-15,0.0,0.0,0.0,0,0,False,0.0,0.0,0.0,0.0,0.0,0.0,4.5,,0,18.0,1307.3356996150403
2025-02-16,0.0,0.0,0.0,0,0,False,0.0,0.0,0.0,0.0,0.0,0.0,4.5,,0,17.0,1307.3356996150403
2025-02-17,0.0,0.0,0.0,0,0,False,0.0,0.0,0.0,0.0,0.0,0.0,4.5,,0,16.0,1307.3356996150403
2025-02-18,0.0,0.0,0.0,0,0,False,0.0,0.0,0.0,0.0,0.0,0.0,4.5,,0,15.0,1307.3356996150403
2025-02-19,0.0,0.0,0.0,0,0,False,0.0,0.0,0.0,0.0,0.0,0.0,4.5,,0,14.0,1307.3356996150403
2025-02-20,0.0,0.0,0.0,0,0,False,0.0,0.0,0.0,0.0,0.0,0.0,4.5,,0,13.0,1307.3356996150403
2025-02-21,0.0,0.0,0.0,0,0,False,0.0,0.0,0.0,0.0,0.0,0.0,4.5,,0,12.0,1307.3356996150403
2025-02-22,0.0,0.0,0.0,0,0,False,0.0,0.0,0.0,0.0,0.0,0.0,4.5,,0,11.0,1307.3356996150403
2025-02-23,0.0,0.0,0.0,0,0,False,0.0,0.0,0.0,0.0,0.0,0.0,4.5,,0,10.0,1307.3356996150403
2025-02-24,0.0,0.0,0.0,0,0,False,0.0,0.0,0.0,0.0,0.0,0.0,4.5,,0,9.0,1307.3356996150403
2025-02-25,0.0,0.0,0.0,0,0,False,0.0,0.0,0.0,0.0,0.0,0.0,4.5,,0,8.0,1307.3356996150403
2025-02-26,4.0,173.26600000000002,2.0,270,58,True,0.5714285714285714,24.7522857142852,0.0,1.281,0.854292,1.281438,0.0,,0,7.0,213.51501206164238
2025-02-27,4.0,108.565,1.0,231,41,True,1.1428571428571428,40.26157142857091,0.1142857142857142,2.466,0.799732,1.199598,0.0,,0,6.0,9.638
2025-02-28,0.0,0.0,0.0,73,15,True,1.1428571428571428,40.26157142857091,0.210989010989011,2.641,0.119993,0.179989,0.0,,0,5.0,28.45533065749235
2025-03-01,0.0,0.0,0.0,0,0,False,1.1428571428571428,40.26157142857091,0.1758241758241758,2.561,0.026616,0.039924,4.5,,0,4.0,58.57930882456564
2025-03-02,0.0,0.0,0.0,0,0,False,1.1428571428571428,40.26157142857091,0.1406593406593406,2.485,0.026616,0.039924,4.5,,0,3.0,67.37530882456564
2025-03-03,1.0,12.063,1.0,109,27,True,1.2857142857142858,41.98485714285663,0.1054945054945055,3.099,0.419583,0.629375,0.0,,0,2.0,4.156
2025-03-04,4.0,77.588,2.0,114,31,True,1.8571428571428568,53.06885714285663,0.0989010989010989,4.256,0.796527,1.194791,0.0,,0,1.0,2.234
2025-03-05,5.0,88.291,2.0,169,47,True,2.0,40.92957142857091,0.1736263736263736,5.488,0.857252,1.285878,0.0,,1,0.0,10.608
2025-03-06,4.0,54.013,2.0,252,74,True,2.0,33.13642857142805,0.2593406593406593,6.646,0.817258,1.225887,0.0,,0,2.0,5.692266666666667
2025-03-07,2.0,35.116,2.0,158,36,True,2.2857142857142856,38.15299999999947,0.2945054945054945,7.573,0.661871,0.992807,0.0,,0,1.0,6.708
2025-03-08,8.0,161.203,2.0,259,59,True,3.4285714285714284,61.18199999999948,0.2549450549450549,8.873,0.937986,1.406979,0.0,,1,0.0,2.3616666666666664
2025-03-09,0.0,0.0,0.0,175,46,True,3.4285714285714284,61.18199999999948,0.378021978021978,9.206,0.242991,0.364486,0.0,,0,3.0,4.283666666666666
2025-03-10,0.0,0.0,0.0,155,40,True,3.2857142857142856,59.45871428571377,0.2373626373626374,9.522,0.232306,0.348459,0.0,,0,2.0,8.573666666666668
2025-03-11,4.0,100.355,1.0,209,50,True,3.2857142857142856,62.71114285714234,0.0967032967032966,10.658,0.837425,1.256138,0.0,,0,1.0,3.8376666666666663
2025-03-12,6.0,188.114,2.0,129,31,True,3.4285714285714284,76.9715714285709,0.0703296703296703,11.855,0.892743,1.339115,0.0,4.368205213682828e-05,1,0.0,3.9426682352941174
2025-03-13,0.0,0.0,0.0,1084,8,True,2.857142857142857,69.25542857142806,0.2153846153846154,12.098,0.184261,0.276392,0.0,,0,4.0,7.371948016415868
2025-03-14,0.0,0.0,0.0,852,20,True,2.571428571428572,64.23885714285663,0.1802197802197802,12.377,0.211041,0.316562,0.0,0.7004689830327602,0,3.0,5.793558283003346
2025-03-15,0.0,0.0,0.0,24,8,True,1.4285714285714286,41.20985714285662,0.0307692307692307,12.476,0.075203,0.112804,0.0,0.4097188962441251,0,2.0,37.08547873074313
2025-03-16,0.0,0.0,0.0,24,8,True,1.4285714285714286,41.20985714285662,-0.1186813186813186,12.574,0.075203,0.112804,0.0,0.4258313806845967,0,1.0,29.672488458609735
2025-03-17,13.0,1543.615,3.0,490,146,True,3.2857142857142856,261.7262857142852,-0.2681318681318681,13.836,0.961996,1.442995,0.0,0.5712072283346594,1,0.0,1.628
2025-03-18,9.0,267.333,2.0,996,97,True,4.0,285.5802857142852,-0.0131868131868131,15.075,0.958488,1.437732,0.0,0.454324024665745,1,0.0,0.076
2025-03-19,5.0,134.887,2.0,693,63,True,3.857142857142857,277.9764285714281,0.1736263736263736,16.259,0.929501,1.394251,0.0,0.5394706921005559,1,0.0,0.7806904761904763
2025-03-20,0.0,0.0,0.0,185,52,True,3.857142857142857,277.9764285714281,0.2571428571428571,16.577,0.253119,0.379678,0.0,0.5872670557844497,0,17.0,14.492529572782253
2025-03-21,0.0,0.0,0.0,162,40,True,3.857142857142857,277.9764285714281,0.1648351648351648,16.878,0.241082,0.361624,0.0,0.7279977839592874,0,16.0,13.139659995550058
2025-03-22,0.0,0.0,0.0,177,50,True,3.857142857142857,277.9764285714281,0.0241758241758241,17.191,0.25076,0.37614,0.0,0.6935183296081399,0,15.0,13.467571846736368
2025-03-23,1.0,23.856,1.0,209,64,True,4.0,281.38442857142803,0.0901098901098901,17.87,0.54646,0.81969,0.0,,0,14.0,15.42
2025-03-24,0.0,0.0,0.0,143,37,True,2.142857142857143,60.86799999999948,-0.0439560439560439,18.126,0.207911,0.311866,0.0,,0,13.0,14.572
2025-03-25,1.0,10.968,1.0,258,64,True,1.0,24.244428571428053,-0.210989010989011,18.699,0.466518,0.699777,0.0,0.5861472137053012,0,12.0,10.501627162002086
2025-03-26,0.0,0.0,0.0,225,60,True,0.2857142857142857,4.974857142856623,-0.2175824175824176,18.937,0.195392,0.293089,0.0,0.6833935262415327,0,11.0,44.38472488563725
2025-03-27,0.0,0.0,0.0,201,52,True,0.2857142857142857,4.974857142856623,-0.1736263736263736,19.168,0.189795,0.284693,0.0,0.704889096657439,0,10.0,33.398243478417
2025-03-28,1.0,11.241,1.0,221,49,True,0.4285714285714285,6.580714285713766,-0.3010989010989011,19.708,0.445843,0.668764,0.0,0.7156665093788293,0,9.0,7.988380738052798
2025-03-29,0.0,0.0,0.0,166,48,True,0.4285714285714285,6.580714285713766,-0.4000000000000001,19.931,0.185073,0.27761,0.0,0.6992469737922286,0,8.0,7.509463155635216
2025-03-30,0.0,0.0,0.0,162,46,True,0.2857142857142857,3.172714285713766,-0.531868131868132,20.147,0.179642,0.269464,0.0,0.705736955113049,0,7.0,49.2494276592473
2025-03-31,1.0,23.308,1.0,159,41,True,0.4285714285714285,6.502428571428051,-0.6637362637362637,20.701,0.461984,0.692976,0.0,0.700095430942689,0,6.0,5.946973482073486
2025-04-01,1.0,10.968,1.0,159,47,True,0.4285714285714285,6.502428571428051,-0.3384615384615385,21.217,0.433809,0.650714,0.0,0.7048459091495558,0,5.0,5.905194439547383
2025-04-02,2.0,146.12900000000002,1.0,2377,90,True,0.7142857142857143,27.37799999999948,-0.0923076923076923,22.076,0.726991,1.090487,0.0,0.7047205092772683,0,4.0,4.019162171162171
2025-04-03,1.0,10.965,1.0,530,64,True,0.8571428571428571,28.944428571428052,0.0857142857142857,22.622,0.467659,0.701489,0.0,0.7047218390131201,0,3.0,4.325350242557008
2025-04-04,2.0,172.44899999999998,2.0,217,67,True,1.0,51.97414285714234,0.0835164835164835,23.513,0.767417,1.151126,0.0,0.7045125308814288,0,2.0,2.754935980477497
2025-04-05,0.0,0.0,0.0,143,38,True,1.0,51.97414285714234,0.1054945054945055,23.725,0.185209,0.277814,0.0,0.6979264362638696,0,1.0,2.860955033303843
2025-04-06,7.0,133.496,2.0,227,74,True,2.0,71.04499999999949,0.0615384615384615,24.765,0.908174,1.362261,0.0,0.3569050785485294,1,0.0,0.034
2025-04-07,11.0,966.732,3.0,386,133,True,3.4285714285714284,205.81985714285665,0.2505494505494505,25.852,0.963186,1.444779,0.0,0.3547652123766148,1,0.0,0.776
2025-04-08,5.0,145.577,2.0,348,94,True,4.0,225.04971428571372,0.4945054945054944,26.892,0.935225,1.402838,0.0,0.543417711220483,1,0.0,15.24
2025-04-09,8.0,169.69299999999998,2.0,274,73,True,4.857142857142857,228.41599999999949,0.5516483516483516,27.941,0.957096,1.435644,0.0,0.3794044695329829,1,0.0,14.1
2025-04-10,6.0,131.319,1.0,262,69,True,5.571428571428571,245.60942857142803,0.6439560439560439,28.922,0.90764,1.36146,0.0,0.704620046770086,1,0.0,15.826
2025-04-11,1.0,12.072,1.0,252,62,True,5.428571428571429,222.69842857142808,0.643956043956044,29.489,0.531294,0.796941,0.0,0.420150797131247,0,1.0,3.959916025633061
2025-04-12,9.0,285.397,2.0,291,92,True,6.714285714285714,263.46942857142807,0.5076923076923077,30.519,0.973658,1.460487,0.0,0.7051046680377078,1,0.0,0.034
2025-04-13,12.0,233.853,2.0,332,98,True,7.428571428571429,277.80614285714233,0.567032967032967,31.537,0.977544,1.466316,0.0,0.4127726547580036,1,0.0,0.0
2025-04-14,11.0,168.34,2.0,378,111,True,7.428571428571429,163.75014285714232,0.6725274725274726,32.539,0.975308,1.462962,0.0,0.7045824672786214,1,0.0,0.0
2025-04-15,8.0,143.401,2.0,330,96,True,7.857142857142857,163.4392857142852,0.7296703296703296,33.521,0.970071,1.455106,0.0,0.550901038538385,1,0.0,0.0
2025-04-16,10.0,169.686,2.0,347,103,True,8.142857142857142,163.4382857142852,0.6571428571428571,34.494,0.976265,1.464398,0.0,0.42514928866548,1,0.0,0.0
2025-04-17,11.0,222.638,2.0,281,85,True,8.857142857142858,176.4838571428566,0.6439560439560439,35.455,0.977784,1.466677,0.0,0.5712756854800326,1,0.0,0.0
2025-04-18,18.0,454.787,2.0,432,138,True,11.285714285714286,239.7288571428566,0.5912087912087911,36.408,0.98447,1.476705,0.0,0.4234418837702784,1,0.0,0.0
2025-04-19,14.0,225.638,2.0,373,113,True,12.0,231.1918571428566,0.7274725274725274,37.346,0.983344,1.475016,0.0,0.5872865282991586,1,0.0,0.0
2025-04-20,17.0,576.321,3.0,380,111,True,12.714285714285714,280.1158571428566,0.6131868131868131,38.281,0.995306,1.49296,0.0,0.7316255750987112,1,0.0,0.0
2025-04-21,8.0,171.341,2.0,301,92,True,12.285714285714286,280.5445714285709,0.7538461538461538,39.186,0.977077,1.465616,0.0,0.5804643726135615,1,0.0,0.0
2025-04-22,8.0,203.443,2.0,314,86,True,12.285714285714286,289.12199999999945,0.7252747252747253,40.079,0.97924,1.468861,0.0,0.7048304919222883,1,0.0,0.0
2025-04-23,15.0,366.588,2.0,389,102,True,13.0,317.2508571428566,0.512087912087912,40.964,0.984376,1.476563,0.0,0.7042947625462745,1,0.0,0.0
2025-04-24,3.0,132.156,1.0,348,106,True,11.857142857142858,304.3248571428566,0.5846153846153846,41.731,0.866403,1.299605,0.0,0.6773019558373052,0,1.0,3.152287974580551
2025-04-25,10.0,155.744,2.0,369,119,True,10.714285714285714,261.60442857142806,0.2175824175824175,42.586,0.97794,1.46691,0.0,0.7061916018316051,1,0.0,0.0
2025-04-26,12.0,277.739,2.0,299,85,True,10.428571428571429,269.04742857142804,-0.1010989010989011,43.431,0.980775,1.471162,0.0,0.6737657692323693,1,0.0,0.0
2025-04-27,13.0,237.977,2.0,302,93,True,9.857142857142858,220.71257142857093,-0.1384615384615384,44.263,0.980488,1.470731,0.0,0.7064944925328105,1,0.0,0.0
2025-04-28,6.0,173.565,2.0,187,54,True,9.571428571428571,221.0302857142852,-0.0615384615384615,45.061,0.954466,1.431699,0.0,0.7038242082499623,1,0.0,0.0
2025-04-29,6.0,107.207,2.0,327,90,True,9.285714285714286,207.2822857142852,-0.2219780219780219,45.847,0.953985,1.430977,0.0,0.7196258845995486,1,0.0,0.0
2025-04-30,8.0,143.923,2.0,358,112,True,8.285714285714286,175.47299999999947,-0.4593406593406593,46.636,0.971817,1.457726,0.0,0.7226623075098951,1,0.0,0.0
2025-05-01,11.0,294.739,2.0,343,109,True,9.428571428571429,198.6991428571423,-0.5648351648351648,47.422,0.981776,1.472665,0.0,0.7393647148424827,1,0.0,0.0
2025-05-02,28.0,1400.811,3.0,568,170,True,12.0,376.5658571428567,-0.5428571428571428,48.208,0.996002,1.494003,0.0,0.7042904071795715,1,0.0,0.0
2025-05-03,28.0,1229.199,2.0,635,221,True,14.285714285714286,512.4887142857139,0.1956043956043956,48.973,0.985535,1.478303,0.0,0.7045437700381798,1,0.0,0.0
2025-05-04,6.0,172.474,2.0,168,49,True,13.285714285714286,503.1311428571424,0.7582417582417582,49.701,0.950253,1.425379,0.0,0.7101681819292276,1,0.0,0.19932467532467532
2025-05-05,0.0,0.0,0.0,76,22,True,12.428571428571429,478.3361428571424,0.7296703296703296,49.859,0.21055,0.315825,0.0,0.4531022979845605,0,8.0,6.191657441068968
2025-05-06,0.0,0.0,0.0,53,16,True,11.571428571428571,463.02085714285664,0.2813186813186813,49.997,0.183195,0.274793,0.0,0.3900892194247173,0,7.0,5.915438683548573
2025-05-07,0.0,0.0,0.0,55,16,True,10.428571428571429,442.46042857142805,-0.1318681318681319,50.135,0.183879,0.275818,0.0,0.5580276562722906,0,6.0,6.6275248384062175
2025-05-08,0.0,0.0,0.0,97,23,True,8.857142857142858,400.3548571428566,-0.2791208791208791,50.3,0.220729,0.331094,0.0,0.3667105099720031,0,5.0,4.511734423603902
2025-05-09,1.0,28.791,1.0,124,29,True,5.0,204.35199999999955,-0.756043956043956,50.691,0.524558,0.786837,0.0,0.7242730905125224,0,4.0,4.489952927848925
2025-05-10,0.0,0.0,0.0,60,20,True,1.0,28.752142857142367,-0.9604395604395604,50.781,0.121078,0.181617,0.0,0.4698890684742145,0,3.0,3.4452773627014857
2025-05-11,0.0,0.0,0.0,54,18,True,0.1428571428571428,4.112999999999513,-1.0879120879120878,50.849,0.092848,0.139272,0.0,0.5580651521865377,0,2.0,3.267656503868366
2025-05-12,0.0,0.0,0.0,48,16,True,0.1428571428571428,4.112999999999513,-1.1296703296703297,50.911,0.084198,0.126297,0.0,0.5732263021945672,0,1.0,5.299167799723716
2025-05-13,7.0,136.012,2.0,652,63,True,1.1428571428571428,23.543285714285226,-1.3450549450549452,51.571,0.896208,1.344311,0.0,0.7038267533410335,1,0.0,0.8536900432900434
2025-05-14,8.0,155.491,2.0,368,103,True,2.2857142857142856,45.75628571428523,-1.334065934065934,52.245,0.927274,1.390911,0.0,0.7219055143663986,1,0.0,0.40027575757575756
2025-05-15,14.0,349.326,2.0,414,120,True,4.285714285714286,95.65999999999951,-1.2329670329670326,52.934,0.962265,1.443397,0.0,0.5046846822937305,1,0.0,0.052
2025-05-16,4.0,126.121,1.0,262,78,True,4.714285714285714,109.56428571428522,-0.8615384615384617,53.552,0.875661,1.313491,0.0,0.7018565858685116,0,1.0,1.8509630119540226
2025-05-17,6.0,132.973,2.0,252,77,True,5.571428571428571,128.56042857142808,-0.2285714285714284,54.214,0.948895,1.423342,0.0,0.5873031826107086,1,0.0,0.0
2025-05-18,13.0,327.069,2.0,351,102,True,7.428571428571429,175.28457142857093,0.567032967032967,54.886,0.978611,1.467916,0.0,0.3670561267914425,1,0.0,0.0
2025-05-19,11.0,248.691,2.0,378,110,True,9.0,210.81185714285667,0.934065934065934,55.55,0.981529,1.472294,0.0,0.6169906872209799,1,0.0,0.0
2025-05-20,18.0,500.905,2.0,465,137,True,10.571428571428571,262.9394285714281,1.015384615384615,56.206,0.984238,1.476357,0.0,0.515340219686992,1,0.0,0.0
2025-05-21,10.0,180.422,2.0,361,107,True,10.857142857142858,266.5009999999995,1.2483516483516484,56.85,0.980376,1.470565,0.0,0.3928403459702804,1,0.0,0.0
2025-05-22,13.0,209.7,2.0,319,110,True,10.714285714285714,246.5544285714281,1.1736263736263737,57.485,0.98131,1.471965,0.0,0.7059446563938468,1,0.0,0.0
2025-05-23,0.0,0.0,0.0,49,18,True,10.142857142857142,228.5371428571424,1.1406593406593406,57.603,0.184688,0.277032,0.0,0.3786843434138937,0,3.0,3.143372340497138
2025-05-24,0.0,0.0,0.0,66,22,True,9.285714285714286,209.5409999999995,0.7120879120879121,57.732,0.203079,0.304619,0.0,0.6128948687015257,0,2.0,2.8930230754633572
2025-05-25,1.0,11.518,1.0,65,24,True,7.571428571428571,164.46228571428523,0.2549450549450549,58.021,0.455857,0.683785,0.0,0.7095765118928009,0,1.0,4.869769426132301
2025-05-26,16.0,415.672,2.0,433,109,True,8.285714285714286,188.31671428571377,-0.1736263736263736,58.639,0.981459,1.472189,0.0,0.3305494047789873,1,0.0,0.0
2025-05-27,7.0,160.937,2.0,290,87,True,6.714285714285714,139.74985714285663,-0.178021978021978,59.239,0.966164,1.449245,0.0,0.3166765521554651,1,0.0,0.0
2025-05-28,9.0,157.382,1.0,330,97,True,6.571428571428571,136.4584285714281,-0.2791208791208791,59.807,0.929113,1.39367,0.0,0.3515751229156133,1,0.0,0.004
2025-05-29,16.0,427.458,2.0,395,120,True,7.0,167.5667142857138,-0.2901098901098901,60.397,0.978216,1.467325,0.0,0.3148260424069959,1,0.0,0.0
2025-05-30,13.0,342.162,2.0,402,124,True,8.857142857142858,216.44699999999952,0.0923076923076923,60.98,0.982196,1.473294,0.0,0.3822654331942288,1,0.0,0.0
2025-05-31,20.0,520.656,2.0,534,173,True,11.714285714285714,290.8264285714281,0.0505494505494505,61.556,0.984944,1.477416,0.0,0.3279438400380399,1,0.0,0.0
2025-06-01,19.0,815.082,2.0,500,151,True,14.285714285714286,405.6212857142852,0.2351648351648351,62.125,0.985408,1.478111,0.0,0.3632844302722728,1,0.0,0.0
2025-06-02,13.0,319.99,2.0,399,119,True,13.857142857142858,391.9524285714281,0.5604395604395603,62.684,0.984726,1.47709,0.0,0.3257552646869872,1,0.0,0.0
2025-06-03,7.0,121.445,2.0,313,92,True,13.857142857142858,386.3107142857138,0.6219780219780218,63.225,0.965943,1.448915,0.0,0.3712842328724725,1,0.0,0.0
2025-06-04,23.0,873.249,2.0,443,125,True,15.857142857142858,488.5774285714281,0.734065934065934,63.768,0.985295,1.477943,0.0,0.4145855962134303,1,0.0,0.0
2025-06-05,39.0,6545.362,3.0,789,169,True,19.142857142857142,1362.5637142857138,1.0879120879120878,64.31,0.996676,1.495014,0.0,0.4047158210619971,1,0.0,0.0
2025-06-06,0.0,0.0,0.0,0,0,False,17.285714285714285,1313.683428571428,1.9406593406593409,61.47,0.099948,0.149922,4.5,0.5827968375104997,0,3.0,10.820568738697204
2025-06-07,0.0,0.0,0.0,30,10,True,14.428571428571429,1239.3039999999996,1.136263736263736,61.558,0.152275,0.228412,0.0,0.1407904561811595,0,2.0,3.271329990805305
2025-06-08,0.0,0.0,0.0,54,18,True,11.714285714285714,1122.863714285714,0.3318681318681319,61.666,0.188696,0.283045,0.0,0.1859331135015665,0,1.0,2.660398200868413
2025-06-09,6.0,288.714,2.0,482,123,True,10.714285714285714,1118.395714285714,-0.4395604395604395,62.228,0.976502,1.464753,0.0,0.1900536788814646,1,0.0,0.36830952380952386
2025-06-10,9.0,154.313,2.0,395,120,True,11.0,1123.0911428571424,-0.5406593406593406,62.782,0.97774,1.46661,0.0,0.3687059973081876,1,0.0,0.0
2025-06-11,9.0,183.98,2.0,331,101,True,9.0,1024.6241428571425,-0.8087912087912088,63.328,0.977968,1.466953,0.0,0.2876998263276846,1,0.0,0.0
2025-06-12,10.0,282.669,2.0,348,96,True,4.857142857142857,129.9537142857139,-1.0197802197802197,63.859,0.965646,1.448469,0.0,0.363415884718845,1,0.0,0.002
2025-06-13,10.0,143.397,2.0,304,88,True,6.285714285714286,150.4389999999996,-0.9714285714285714,64.382,0.965509,1.448264,0.0,0.2860759712028021,1,0.0,0.0
2025-06-14,7.0,106.933,2.0,314,96,True,7.285714285714286,165.71514285714244,-0.9956043956043956,64.892,0.954097,1.431145,0.0,0.3520907234197951,1,0.0,0.0
2025-06-15,13.0,283.488,2.0,418,117,True,9.142857142857142,206.21342857142815,-0.8615384615384616,65.41,0.982509,1.473764,0.0,0.292806361298532,1,0.0,0.0
2025-06-16,10.0,197.127,2.0,427,107,True,9.714285714285714,193.12957142857104,-0.5318681318681318,65.919,0.981183,1.471774,0.0,0.3347766050375584,1,0.0,0.0
2025-06-17,2.0,96.235,1.0,282,73,True,8.714285714285714,184.83271428571388,-0.4593406593406593,66.319,0.783524,1.175286,0.0,0.3193307608462472,0,2.0,1.9574554376863302
2025-06-18,4.0,109.114,1.0,308,79,True,8.0,174.13757142857102,-0.8000000000000002,66.767,0.885815,1.328722,0.0,0.4388913957058805,0,1.0,1.7161429907574688
2025-06-19,6.0,86.924,2.0,317,87,True,7.428571428571429,146.1739999999996,-0.5340659340659341,67.234,0.936853,1.405279,0.0,0.351098711463533,1,0.0,0.0
2025-06-20,6.0,116.807,2.0,1005,88,True,6.857142857142857,142.37542857142816,0.4,67.703,0.954978,1.432466,0.0,0.3487951923543512,1,0.0,0.0
2025-06-21,8.0,171.919,2.0,351,99,True,7.0,151.65914285714248,0.1934065934065934,68.174,0.972306,1.458459,0.0,0.326220060972539,1,0.0,0.0
2025-06-22,13.0,264.62,2.0,327,94,True,7.0,148.96371428571388,0.0175824175824175,68.64,0.976482,1.464723,0.0,0.3491075438242075,1,0.0,0.0
2025-06-23,9.0,169.988,2.0,264,80,True,6.857142857142857,145.0867142857139,-0.0505494505494505,69.096,0.968781,1.453171,0.0,0.363678370350531,1,0.0,0.0
2025-06-24,2.0,82.801,1.0,312,37,True,6.857142857142857,143.16757142857105,-0.0923076923076923,69.446,0.754426,1.131639,0.0,0.3352558065182308,0,1.0,1.864133329618586
2025-06-25,15.0,297.54200000000003,2.0,918,123,True,8.428571428571429,170.08585714285678,-0.2483516483516483,69.896,0.982063,1.473095,0.0,0.4626216818390369,1,0.0,0.0
2025-06-26,2.0,36.192,1.0,1453,89,True,7.857142857142857,162.8384285714282,-0.0021978021978021,70.214,0.705028,1.057542,0.0,0.3551267421890043,0,1.0,1.6764734375924535
2025-06-27,7.0,108.019,2.0,313,94,True,8.0,161.58299999999963,-0.1208791208791209,70.641,0.956256,1.434385,0.0,0.3401684426749418,1,0.0,0.0
2025-06-28,15.0,516.22,2.0,395,120,True,9.0,210.7688571428568,-0.0615384615384615,71.074,0.982364,1.473546,0.0,0.2814810077128787,1,0.0,0.0
2025-06-29,13.0,323.52500000000003,2.0,371,107,True,9.0,219.1838571428568,0.1406593406593406,71.5,0.981902,1.472853,0.0,0.3416108999485824,1,0.0,0.0
2025-06-30,5.0,60.057,2.0,328,100,True,8.428571428571429,203.4794285714282,0.4483516483516483,71.885,0.900609,1.350914,0.0,0.3009520357343329,1,0.0,0.2738979076479076
2025-07-01,5.0,104.456,1.0,379,118,True,8.857142857142858,206.57299999999964,0.4285714285714285,72.267,0.904514,1.356771,0.0,0.3371433371027464,1,0.0,0.008
2025-07-02,7.0,160.633,2.0,322,94,True,7.714285714285714,187.01457142857103,0.167032967032967,72.67,0.970339,1.455508,0.0,0.2791323563121826,1,0.0,0.0
2025-07-03,5.0,130.227,2.0,287,41,True,8.142857142857142,200.4481428571425,0.0153846153846153,73.055,0.938589,1.407883,0.0,0.3478926763183984,1,0.0,0.1192
2025-07-04,13.0,537.3720000000001,2.0,2525,158,True,9.0,261.7842857142854,-0.1406593406593406,73.452,0.983034,1.47455,0.0,0.2963190151718698,1,0.0,0.0
2025-07-05,9.0,353.403,2.0,394,138,True,8.142857142857142,238.52471428571397,-0.0637362637362637,73.843,0.980256,1.470383,0.0,0.3487809225416522,1,0.0,0.0
2025-07-06,0.0,0.0,0.0,248,78,True,6.285714285714286,192.3068571428568,-0.0659340659340659,73.954,0.283978,0.425967,0.0,0.2989617574742172,0,1.0,1.7187593298056603
2025-07-07,6.0,235.517,2.0,299,95,True,6.428571428571429,217.37257142857104,-0.1648351648351648,74.331,0.965664,1.448495,0.0,0.3457848073945534,1,0.0,0.0
2025-07-08,4.0,176.829,1.0,309,95,True,6.285714285714286,227.71157142857103,-0.167032967032967,74.677,0.897032,1.345549,0.0,0.3202466833595547,0,1.0,1.618438074486441
2025-07-09,7.0,154.902,2.0,310,87,True,6.285714285714286,226.89285714285677,-0.4439560439560439,75.043,0.964369,1.446554,0.0,0.389285775501119,1,0.0,0.0
2025-07-10,3.0,36.726,2.0,1199,113,True,6.0,213.53557142857105,-0.2153846153846154,75.343,0.801972,1.202958,0.0,0.2824141993885417,0,2.0,2.062071426609315
2025-07-11,1.0,12.069,1.0,1203,103,True,4.285714285714286,138.49228571428532,-0.4945054945054944,75.54,0.530684,0.796026,0.0,0.3859382859218889,0,1.0,1.8388363713901805
2025-07-12,6.0,141.502,2.0,279,80,True,3.857142857142857,108.2207142857139,-0.6703296703296704,75.884,0.938428,1.407642,0.0,0.4642463877336724,1,0.0,1.5212
2025-07-13,5.0,163.68699999999998,2.0,269,77,True,4.571428571428571,131.60457142857103,-0.4131868131868131,76.224,0.939901,1.409852,0.0,0.3434569547776617,1,0.0,13.244
2025-07-14,0.0,0.0,0.0,91,34,True,3.7142857142857135,97.95928571428531,-0.210989010989011,76.298,0.208692,0.313039,0.0,0.6522530408612042,0,59.0,48.3976466459073
2025-07-15,0.0,0.0,0.0,55,20,True,3.142857142857143,72.69799999999961,-0.3802197802197802,76.355,0.158092,0.237138,0.0,0.4364983781619672,0,58.0,50.50672944496569
2025-07-16,0.0,0.0,0.0,56,18,True,2.142857142857143,50.56914285714247,-0.5274725274725274,76.403,0.137791,0.206686,0.0,0.7048613704041923,0,57.0,53.57851763276356
2025-07-17,0.0,0.0,0.0,0,0,False,1.7142857142857142,45.32257142857104,-0.5868131868131867,72.979,0.03877,0.058155,4.5,0.6809929204189463,0,56.0,54.15066666666667
2025-07-18,0.0,0.0,0.0,0,0,False,1.5714285714285714,43.59842857142818,-0.6813186813186813,69.709,0.035836,0.053754,4.5,0.7003064992959627,0,55.0,53.39433333333333
2025-07-19,0.0,0.0,0.0,0,0,False,0.7142857142857143,23.38385714285675,-0.4901098901098901,66.58,0.016882,0.025323,4.5,0.7003064992959627,0,54.0,53.44299999999999
2025-07-20,0.0,0.0,0.0,0,0,False,0.0,0.0,-0.3736263736263737,63.584,0.0,0.0,4.5,0.7003064992959627,0,53.0,52.280100000000004
2025-07-21,0.0,0.0,0.0,0,0,False,0.0,0.0,-0.5142857142857142,60.723,0.0,0.0,4.5,0.7003064992959627,0,52.0,51.83936666666667
2025-07-22,0.0,0.0,0.0,0,0,False,0.0,0.0,-0.4571428571428571,57.99,0.0,0.0,4.5,0.7003064992959627,0,51.0,50.89139047619049
2025-07-23,0.0,0.0,0.0,0,0,False,0.0,0.0,-0.4395604395604395,55.381,0.0,0.0,4.5,0.7003064992959627,0,50.0,50.07547142857143
2025-07-24,0.0,0.0,0.0,0,0,False,0.0,0.0,-0.3054945054945055,52.889,0.0,0.0,4.5,0.7003064992959627,0,49.0,48.655311111111104
2025-07-25,0.0,0.0,0.0,0,0,False,0.0,0.0,-0.2725274725274725,50.509,0.0,0.0,4.5,0.7003064992959627,0,48.0,47.81013174603174
2025-07-26,0.0,0.0,0.0,0,0,False,0.0,0.0,-0.2923076923076923,48.236,0.0,0.0,4.5,0.7003064992959627,0,47.0,47.12622871572871
2025-07-27,0.0,0.0,0.0,0,0,False,0.0,0.0,-0.1428571428571428,46.065,0.0,0.0,4.5,0.7003064992959627,0,46.0,46.06016204906204
2025-07-28,0.0,0.0,0.0,0,0,False,0.0,0.0,0.0,43.992,0.0,0.0,4.5,0.7003064992959627,0,45.0,43.97008730158731
2025-07-29,0.0,0.0,0.0,0,0,False,0.0,0.0,0.0,42.013,0.0,0.0,4.5,0.7003064992959627,0,44.0,43.236253968253976
2025-07-30,0.0,0.0,0.0,0,0,False,0.0,0.0,0.0,40.122,0.0,0.0,4.5,0.7003064992959627,0,43.0,42.38674761904763
2025-07-31,0.0,0.0,0.0,0,0,False,0.0,0.0,0.0,38.316,0.0,0.0,4.5,0.7003064992959627,0,42.0,41.39729523809524
2025-08-01,0.0,0.0,0.0,0,0,False,0.0,0.0,0.0,36.592,0.0,0.0,4.5,0.7003064992959627,0,41.0,40.64974761904762
2025-08-02,0.0,0.0,0.0,0,0,False,0.0,0.0,0.0,34.946,0.0,0.0,4.5,0.7003064992959627,0,40.0,39.355403217621735
2025-08-03,0.0,0.0,0.0,0,0,False,0.0,0.0,0.0,33.373,0.0,0.0,4.5,0.7003064992959627,0,39.0,35.84317276437624
2025-08-04,0.0,0.0,0.0,0,0,False,0.0,0.0,0.0,31.871,0.0,0.0,4.5,0.7003064992959627,0,38.0,37.66604854056916
2025-08-05,0.0,0.0,0.0,0,0,False,0.0,0.0,0.0,30.437,0.0,0.0,4.5,0.7003064992959627,0,37.0,44.46000013926711
2025-08-06,0.0,0.0,0.0,0,0,False,0.0,0.0,0.0,29.067,0.0,0.0,4.5,,0,36.0,889.2692959972286
2025-08-07,0.0,0.0,0.0,0,0,False,0.0,0.0,0.0,27.759,0.0,0.0,4.5,,0,35.0,447.87981896092265
2025-08-08,0.0,0.0,0.0,0,0,False,0.0,0.0,0.0,26.51,0.0,0.0,4.5,,0,34.0,518.8501406009834
2025-08-09,0.0,0.0,0.0,0,0,False,0.0,0.0,0.0,25.317,0.0,0.0,4.5,,0,33.0,581.3235872228602
2025-08-10,0.0,0.0,0.0,0,0,False,0.0,0.0,0.0,24.178,0.0,0.0,4.5,,0,32.0,635.9331421688855
2025-08-11,0.0,0.0,0.0,0,0,False,0.0,0.0,0.0,23.09,0.0,0.0,4.5,,0,31.0,624.5658180274978
2025-08-12,0.0,0.0,0.0,0,0,False,0.0,0.0,0.0,22.051,0.0,0.0,4.5,,0,30.0,684.013839043586
2025-08-13,0.0,0.0,0.0,0,0,False,0.0,0.0,0.0,21.059,0.0,0.0,4.5,,0,29.0,648.3522019536267
2025-08-14,0.0,0.0,0.0,0,0,False,0.0,0.0,0.0,20.111,0.0,0.0,4.5,,0,28.0,680.564989790857
2025-08-15,0.0,0.0,0.0,0,0,False,0.0,0.0,0.0,19.206,0.0,0.0,4.5,,0,27.0,613.4776355666248
2025-08-16,0.0,0.0,0.0,0,0,False,0.0,0.0,0.0,18.342,0.0,0.0,4.5,,0,26.0,666.3244629127298
2025-08-17,0.0,0.0,0.0,0,0,False,0.0,0.0,0.0,17.516,0.0,0.0,4.5,,0,25.0,668.5905778779169
2025-08-18,0.0,0.0,0.0,0,0,False,0.0,0.0,0.0,16.728,0.0,0.0,4.5,,0,24.0,640.2965810083438
2025-08-19,0.0,0.0,0.0,0,0,False,0.0,0.0,0.0,15.975,0.0,0.0,4.5,,0,23.0,625.3479504357675
2025-08-20,0.0,0.0,0.0,0,0,False,0.0,0.0,0.0,15.256,0.0,0.0,4.5,,0,22.0,728.856094183522
2025-08-21,0.0,0.0,0.0,0,0,False,0.0,0.0,0.0,14.57,0.0,0.0,4.5,,0,21.0,740.180944730472
2025-08-22,0.0,0.0,0.0,0,0,False,0.0,0.0,0.0,13.914,0.0,0.0,4.5,,0,20.0,697.3069579030121
2025-08-23,0.0,0.0,0.0,0,0,False,0.0,0.0,0.0,13.288,0.0,0.0,4.5,,0,19.0,706.7147660899244
2025-08-24,0.0,0.0,0.0,0,0,False,0.0,0.0,0.0,12.69,0.0,0.0,4.5,,0,18.0,730.7722160857188
2025-08-25,0.0,0.0,0.0,0,0,False,0.0,0.0,0.0,12.119,0.0,0.0,4.5,,0,17.0,703.1918135274009
2025-08-26,0.0,0.0,0.0,0,0,False,0.0,0.0,0.0,11.574,0.0,0.0,4.5,,0,16.0,744.6137640526642
2025-08-27,0.0,0.0,0.0,0,0,False,0.0,0.0,0.0,11.053,0.0,0.0,4.5,,0,15.0,744.0407604866815
2025-08-28,0.0,0.0,0.0,0,0,False,0.0,0.0,0.0,10.556,0.0,0.0,4.5,,0,14.0,720.1112091603707
2025-08-29,0.0,0.0,0.0,0,0,False,0.0,0.0,0.0,10.081,0.0,0.0,4.5,,0,13.0,693.3117708007904
2025-08-30,0.0,0.0,0.0,0,0,False,0.0,0.0,0.0,9.627,0.0,0.0,4.5,,0,12.0,754.5375686835415
2025-08-31,0.0,0.0,0.0,0,0,False,0.0,0.0,0.0,9.194,0.0,0.0,4.5,,0,11.0,723.3108869824673
2025-09-01,0.0,0.0,0.0,0,0,False,0.0,0.0,0.0,8.78,0.0,0.0,4.5,,0,10.0,681.2465528894456
2025-09-02,0.0,0.0,0.0,0,0,False,0.0,0.0,0.0,8.385,0.0,0.0,4.5,,0,9.0,696.7826999468746
2025-09-03,0.0,0.0,0.0,0,0,False,0.0,0.0,0.0,8.008,0.0,0.0,4.5,,0,8.0,677.7059170784728
2025-09-04,0.0,0.0,0.0,0,0,False,0.0,0.0,0.0,7.647,0.0,0.0,4.5,,0,7.0,712.2839935969176
2025-09-05,0.0,0.0,0.0,0,0,False,0.0,0.0,0.0,7.303,0.0,0.0,4.5,,0,6.0,667.4782576574097
2025-09-06,0.0,0.0,0.0,0,0,False,0.0,0.0,0.0,6.974,0.0,0.0,4.5,,0,5.0,658.0451401063714
2025-09-07,0.0,0.0,0.0,0,0,False,0.0,0.0,0.0,6.661,0.0,0.0,4.5,,0,4.0,672.712577245355
2025-09-08,0.0,0.0,0.0,0,0,False,0.0,0.0,0.0,6.361,0.0,0.0,4.5,,0,3.0,699.3589138012911
2025-09-09,0.0,0.0,0.0,0,0,False,0.0,0.0,0.0,6.075,0.0,0.0,4.5,,0,2.0,657.1248260250466
2025-09-10,0.0,0.0,0.0,0,0,False,0.0,0.0,0.0,5.801,0.0,0.0,4.5,,0,1.0,683.2987800997794
2025-09-11,7.0,294.699,2.0,285,85,True,1.0,42.09985714285676,0.0,7.075,0.901508,1.352262,0.0,0.3015103020969484,1,0.0,12.809449494949495
2025-09-12,2.0,33.977000000000004,1.0,212,69,True,1.2857142857142858,46.9537142857139,0.2,7.945,0.624149,0.936224,0.0,0.2506376434381919,0,1.0,8.328864222164917
2025-09-13,12.0,442.445,2.0,259,79,True,3.0,110.16014285714246,0.2263736263736263,9.245,0.94142,1.412129,0.0,0.3015170369795472,1,0.0,0.008
2025-09-14,6.0,94.575,2.0,249,73,True,3.857142857142857,123.67085714285676,0.5296703296703296,10.493,0.916658,1.374987,0.0,0.2518847490473138,1,0.0,0.06
2025-09-15,3.0,45.787,2.0,634,70,True,4.285714285714286,130.21185714285676,0.6087912087912087,11.575,0.806138,1.209207,0.0,0.3015912207399313,0,1.0,2.061853566592416
2025-09-16,7.0,157.67,2.0,259,73,True,5.285714285714286,152.73614285714248,0.5758241758241758,12.843,0.955987,1.433981,0.0,0.2515876894687515,1,0.0,0.024
2025-09-17,0.0,0.0,0.0,1174,16,True,5.285714285714286,152.73614285714248,0.6439560439560439,13.147,0.232188,0.348282,0.0,0.2997523766414414,0,9.0,7.340776053753037
2025-09-18,0.0,0.0,0.0,0,0,False,4.285714285714286,110.63628571428532,0.4813186813186814,12.656,0.077098,0.115646,4.5,0.0993386420226685,0,8.0,5.533100426578117
2025-09-19,0.0,0.0,0.0,1543,18,True,4.0,105.78242857142816,0.3186813186813186,12.952,0.226047,0.33907,0.0,0.2151124784132405,0,7.0,6.792869300549811
2025-09-20,0.0,0.0,0.0,0,0,False,2.2857142857142856,42.57599999999961,0.156043956043956,12.434,0.049711,0.074566,4.5,0.0993416619107002,0,6.0,4.5580215644884605
2025-09-21,0.0,0.0,0.0,0,0,False,1.4285714285714286,29.065285714285324,-0.0065934065934065,11.917,0.032829,0.049243,4.5,0.0496830832956123,0,5.0,7.177725665562507
2025-09-22,1.0,11.513,1.0,1003,59,True,1.1428571428571428,24.16899999999961,-0.1692307692307692,12.544,0.474455,0.711682,0.0,0.3012698608280146,0,4.0,9.22471128467744
2025-09-23,4.0,121.736,2.0,248,71,True,0.7142857142857143,19.03557142857104,-0.3032967032967033,13.658,0.848945,1.273417,0.0,0.2518472421627019,0,3.0,6.65843928325461
2025-09-24,0.0,0.0,0.0,654,12,True,0.7142857142857143,19.03557142857104,-0.356043956043956,13.857,0.153397,0.230096,0.0,0.2979681532657729,0,2.0,56.21374579112153
2025-09-25,0.0,0.0,0.0,27,4,True,0.7142857142857143,19.03557142857104,-0.5406593406593406,13.92,0.049082,0.073624,0.0,0.2067456076360283,0,1.0,46.684937751464176
2025-09-26,11.0,682.933,2.0,1933,85,True,2.2857142857142856,116.59742857142818,-0.4945054945054944,15.127,0.934423,1.401635,0.0,0.233427068412065,1,0.0,0.128
2025-09-27,0.0,0.0,0.0,0,0,False,2.2857142857142856,116.59742857142818,-0.2681318681318682,14.509,0.049711,0.074566,4.5,,0,3.0,17.671038502673795
2025-09-28,0.0,0.0,0.0,0,0,False,2.2857142857142856,116.59742857142818,-0.0659340659340659,13.92,0.049711,0.074566,4.5,,0,2.0,11.4628
2025-09-29,0.0,0.0,0.0,2,0,False,2.142857142857143,114.9527142857139,-0.0087912087912087,13.356,0.048564,0.072846,4.5,0.0283232126999818,0,1.0,2.642827709577199
2025-09-30,104.0,4963.513,3.0,1291,277,True,16.428571428571427,806.6351428571425,-0.0241758241758241,14.652,0.996625,1.494938,0.0,0.3014793906366531,1,0.0,0.016
2025-10-01,41.0,4944.408,4.0,2742,192,True,22.285714285714285,1512.9791428571425,3.076923076923077,15.931,0.999252,1.498879,0.0,0.3019986551322818,1,0.0,0.016
2025-10-02,44.0,3566.89,4.0,767,203,True,28.571428571428573,2022.5348571428567,3.720879120879121,17.191,0.999255,1.498882,0.0,0.2430369998741196,1,0.0,0.222
2025-10-03,21.0,1834.31,4.0,861,49,True,30.0,2187.0172857142857,4.270329670329669,18.422,0.990861,1.486292,0.0,0.2994600088663391,1,0.0,0.0
2025-10-04,0.0,0.0,0.0,2,0,False,30.0,2187.0172857142857,3.969230769230769,17.717,0.101463,0.152195,4.5,0.0458159756514406,0,2.0,2.7235446448848606
2025-10-05,0.0,0.0,0.0,0,0,False,30.0,2187.0172857142857,2.975824175824175,17.043,0.1,0.15,4.5,0.0993577979275484,0,1.0,2.6521548933246257
2025-10-06,32.0,1201.685,2.0,374,46,True,34.57142857142857,2358.686571428571,1.9824175824175816,18.256,0.974857,1.462286,0.0,0.2996602580047796,1,0.0,0.0
2025-10-07,1.0,48.801,1.0,20,0,True,19.857142857142858,1656.584857142857,1.936263736263736,18.812,0.453102,0.679653,0.0,0.2461973573606064,0,7.0,11.048926377760482
2025-10-08,2.0,239.622,2.0,208,46,True,14.285714285714286,984.4725714285712,0.9670329670329668,19.832,0.838162,1.257243,0.0,0.3005095466078364,0,6.0,4.706836315186195
2025-10-09,3.0,82.787,2.0,212,63,True,8.428571428571429,486.74357142857104,-0.0923076923076924,20.875,0.866815,1.300222,0.0,0.2504958129589745,0,5.0,3.61806271400524
2025-10-10,0.0,0.0,0.0,22,6,True,5.428571428571429,224.6992857142853,-1.1318681318681318,21.018,0.120933,0.1814,0.0,0.2965007919315947,0,4.0,34.2583497961187
2025-10-11,0.0,0.0,0.0,0,0,False,5.428571428571429,224.6992857142853,-1.907692307692308,20.174,0.086055,0.129082,4.5,0.0496857716746171,0,3.0,3.257979451407258
2025-10-12,0.0,0.0,0.0,0,0,False,5.428571428571429,224.6992857142853,-2.997802197802197,19.37,0.086055,0.129082,4.5,0.0994096576257697,0,2.0,2.6513751597013524
2025-10-13,0.0,0.0,0.0,0,0,False,0.8571428571428571,53.02999999999962,-4.087912087912088,18.522,0.020174,0.030261,4.5,0.0994477189055865,0,1.0,6.948674903453957
2025-10-14,91.0,7266.73,4.0,1138,266,True,13.714285714285714,1084.162714285714,-5.1780219780219765,19.743,0.998971,1.498457,0.0,0.2293537980754089,1,0.0,0.036
2025-10-15,0.0,0.0,0.0,128,36,True,13.428571428571429,1049.9309999999996,-0.2395604395604391,20.05,0.254776,0.382164,0.0,0.2993757352979251,0,1.0,3.146395681662178
2025-10-16,17.0,955.922,2.0,272,44,True,15.428571428571429,1174.6645714285712,0.0791208791208792,21.214,0.970603,1.455905,0.0,0.2499607698975124,1,0.0,0.0
2025-10-17,3.0,47.425,1.0,144,31,True,15.857142857142858,1181.439571428571,1.1626373626373625,22.098,0.747827,1.12174,0.0,0.2996439733202772,0,2.0,1.9572957926395778
2025-10-18,1.0,24.127,1.0,149,40,True,16.0,1184.8862857142851,1.2065934065934063,22.741,0.550388,0.825581,0.0,0.249952696001215,0,1.0,1.9453542275607236
2025-10-19,7.0,108.018,2.0,237,51,True,17.0,1200.3174285714283,0.5802197802197803,23.841,0.949546,1.424319,0.0,0.3008958392903742,1,0.0,0.022
2025-10-20,117.0,8685.726,3.0,1266,342,True,33.714285714285715,2441.1354285714283,0.1208791208791209,24.98,0.996704,1.495056,0.0,0.3006549391369122,1,0.0,0.0
2025-10-21,0.0,0.0,0.0,35,7,True,20.714285714285715,1403.0311428571426,3.828571428571429,25.145,0.14703,0.220545,0.0,0.2058734195848169,0,1.0,32.44150199231123
2025-10-22,103.0,5695.038,3.0,1227,294,True,35.42857142857143,2216.608,2.797802197802198,26.265,0.996704,1.495056,0.0,0.300511383820256,1,0.0,0.0
2025-10-23,14.0,916.549,3.0,184,55,True,35.0,2210.9832857142856,4.747252747252747,27.346,0.978201,1.467302,0.0,0.148893334010618,1,0.0,4.118
2025-10-24,45.0,3089.986,3.0,641,127,True,41.0,2645.6348571428566,3.7428571428571424,28.433,0.996627,1.49494,0.0,0.300359432660197,1,0.0,0.0
2025-10-25,12.0,316.909,3.0,243,59,True,42.57142857142857,2687.4608571428566,3.476923076923077,29.492,0.986481,1.479721,0.0,0.2491371655837753,1,0.0,0.496
2025-10-26,54.0,2298.726,2.0,639,119,True,49.285714285714285,3000.4191428571426,2.0703296703296705,30.534,0.985654,1.478482,0.0,0.3005323124167876,1,0.0,0.204
2025-10-27,59.0,3547.221,3.0,792,139,True,41.0,2266.347,1.8109890109890112,31.573,0.996674,1.495011,0.0,0.3008533968194653,1,0.0,0.084
2025-10-28,7.0,200.943,2.0,200,50,True,42.0,2295.0531428571426,1.457142857142857,32.561,0.962539,1.443809,0.0,0.2507191661547328,1,0.0,0.136
2025-10-29,3.0,112.668,2.0,53,2,True,27.714285714285715,1497.571714285714,2.3582417582417583,33.315,0.745516,1.118274,0.0,0.2944223237068533,0,23.0,18.837515267639436
2025-10-30,0.0,0.0,0.0,1,0,False,25.714285714285715,1366.6361428571424,0.5142857142857142,31.916,0.100731,0.151096,4.5,0.0420397721784749,0,22.0,20.134652811022796
2025-10-31,0.0,0.0,0.0,0,0,False,19.285714285714285,925.2095714285712,-0.8681318681318684,30.582,0.09998,0.14997,4.5,0.0807566191241173,0,21.0,18.026752999724554
2025-11-01,0.0,0.0,0.0,0,0,False,17.571428571428573,879.936857142857,-2.6373626373626373,29.31,0.099954,0.149932,4.5,0.0807439743195514,0,20.0,19.98520669383986
2025-11-02,0.0,0.0,0.0,0,0,False,9.857142857142858,551.5474285714283,-4.45934065934066,28.095,0.098205,0.147308,4.5,0.0403656647574927,0,19.0,42.35836594202898
2025-11-03,0.0,0.0,0.0,0,0,False,1.4285714285714286,44.801571428571165,-6.079120879120879,26.866,0.032829,0.049243,4.5,0.0807439743195514,0,18.0,21.8245
2025-11-04,0.0,0.0,0.0,5,0,False,0.4285714285714285,16.09542857142831,-4.041758241758241,25.673,0.013849,0.020773,4.5,0.0806359187168972,0,17.0,19.543688123249296
2025-11-05,0.0,0.0,0.0,7,0,False,0.0,0.0,-5.347252747252746,24.523,0.005117,0.007676,4.5,0.1243442080663705,0,16.0,32.25296357239253
2025-11-06,0.0,0.0,0.0,8,0,False,0.0,0.0,-3.2571428571428567,23.426,0.005847,0.00877,4.5,0.2936014762186569,0,15.0,47.49897425060319
2025-11-07,0.0,0.0,0.0,0,0,False,0.0,0.0,-3.648351648351648,22.372,0.0,0.0,4.5,0.0497112871857449,0,14.0,14.929543581272535
2025-11-08,0.0,0.0,0.0,0,0,False,0.0,0.0,-2.956043956043956,21.365,0.0,0.0,4.5,0.0993902126478785,0,13.0,12.720861474490425
2025-11-09,0.0,0.0,0.0,0,0,False,0.0,0.0,-3.1538461538461537,20.404,0.0,0.0,4.5,0.0496802503801019,0,12.0,12.724667162954008
2025-11-10,0.0,0.0,0.0,0,0,False,0.0,0.0,-1.914285714285714,19.486,0.0,0.0,4.5,0.0993331546584168,0,11.0,10.570323548235391
2025-11-11,0.0,0.0,0.0,10,0,False,0.0,0.0,-0.2725274725274725,18.618,0.007304,0.010956,4.5,0.2977754713543102,0,10.0,55.850047411266054
2025-11-12,0.0,0.0,0.0,0,0,False,0.0,0.0,-0.0857142857142857,17.78,0.0,0.0,4.5,0.0497172131824758,0,9.0,12.142558901770744
2025-11-13,0.0,0.0,0.0,0,0,False,0.0,0.0,0.0,16.98,0.0,0.0,4.5,0.0994044928546351,0,8.0,10.749797059519434
2025-11-14,0.0,0.0,0.0,0,0,False,0.0,0.0,0.0,16.216,0.0,0.0,4.5,0.0497467660799944,0,7.0,7.017903747276116
2025-11-15,0.0,0.0,0.0,0,0,False,0.0,0.0,0.0,15.486,0.0,0.0,4.5,0.0994262678528989,0,6.0,6.135191415163784
2025-11-16,0.0,0.0,0.0,0,0,False,0.0,0.0,0.0,14.789,0.0,0.0,4.5,0.0497331121980955,0,5.0,5.362187080609448
2025-11-17,0.0,0.0,0.0,0,0,False,0.0,0.0,0.0,14.124,0.0,0.0,4.5,0.0993601683262408,0,4.0,4.418465507737876
2025-11-18,0.0,0.0,0.0,16,4,True,0.0,0.0,0.0,14.155,0.024351,0.036527,0.0,0.296454400688465,0,3.0,143.3984635882853
2025-11-19,0.0,0.0,0.0,0,0,False,0.0,0.0,0.0,13.518,0.0,0.0,4.5,0.0497153823867378,0,2.0,4.2723022321246
2025-11-20,0.0,0.0,0.0,0,0,False,0.0,0.0,0.0,12.91,0.0,0.0,4.5,0.0993912918537872,0,1.0,3.247940116462484
2025-11-21,54.0,4671.869,3.0,919,143,True,7.714285714285714,667.4098571428568,0.0,14.205,0.99177,1.487655,0.0,0.2174855362722363,1,0.0,0.0
2025-11-22,4.0,71.006,2.0,199,52,True,8.285714285714286,677.5535714285712,1.5428571428571427,15.341,0.882543,1.323815,0.0,0.301036017261227,0,1.0,1.6532928615845863
2025-11-23,6.0,183.917,2.0,159,39,True,9.142857142857142,703.8274285714282,1.4197802197802194,16.535,0.94004,1.41006,0.0,0.2501207616678516,1,0.0,0.276
2025-11-24,2.0,49.902,1.0,113,33,True,9.428571428571429,710.9562857142854,1.3362637362637362,17.388,0.681423,1.022134,0.0,0.3006807887617281,0,3.0,12.394530575156931
2025-11-25,4.0,55.106,2.0,133,29,True,10.0,718.8285714285711,1.112087912087912,18.413,0.827473,1.241209,0.0,0.2998685373064751,0,2.0,2.2912630504111475
2025-11-26,2.0,47.143,2.0,67,17,True,10.285714285714286,725.5632857142854,0.9362637362637364,19.229,0.66639,0.999585,0.0,0.1486629886803907,0,1.0,18.82091462593046
2025-11-27,12.0,188.621,2.0,181,47,True,12.0,752.5091428571425,0.6857142857142857,20.392,0.960213,1.440319,0.0,0.3001800362744545,1,0.0,0.016
2025-11-28,3.0,147.494,2.0,65,16,True,4.714285714285714,106.1698571428569,0.7120879120879121,21.329,0.784696,1.177044,0.0,0.1486425940241966,0,3.0,18.568344137409834
2025-11-29,0.0,0.0,0.0,0,0,False,4.142857142857143,96.0261428571426,0.4285714285714285,20.459,0.075678,0.113517,4.5,0.0993588771334571,0,2.0,2.998381045161445
2025-11-30,0.0,0.0,0.0,0,0,False,3.2857142857142856,69.75228571428546,0.046153846153846,19.616,0.065505,0.098257,4.5,0.0497159882047803,0,1.0,2.2469389212241686
2025-12-01,8.0,214.129,2.0,223,39,True,4.142857142857143,93.21328571428546,-0.3362637362637363,20.745,0.935978,1.403967,0.0,0.3010033586201562,1,0.0,0.0
2025-12-02,3.0,57.848,2.0,211,35,True,4.0,93.60499999999976,-0.4901098901098901,21.694,0.798204,1.197307,0.0,0.1506056272642937,0,1.0,1.938382524394859
2025-12-03,8.0,192.483,2.0,221,59,True,4.857142857142857,114.36785714285688,-0.8219780219780219,22.812,0.9521,1.42815,0.0,0.3011189205576577,1,0.0,0.0
2025-12-04,10.0,227.576,2.0,243,68,True,4.571428571428571,119.93285714285688,-1.024175824175824,23.919,0.956258,1.434387,0.0,0.3008950698525881,1,0.0,0.0
2025-12-05,5.0,148.33100000000002,2.0,224,45,True,4.857142857142857,120.05242857142832,-1.2043956043956046,24.977,0.927359,1.391039,0.0,0.2512402617253878,1,0.0,0.19085714285714286
2025-12-06,11.0,474.291,2.0,250,62,True,6.428571428571429,187.80828571428543,0.2087912087912088,26.067,0.967926,1.451888,0.0,0.3006983446606392,1,0.0,0.0
2025-12-07,6.0,109.668,2.0,177,35,True,7.285714285714286,203.4751428571426,0.3604395604395604,27.088,0.920561,1.380841,0.0,0.2500506136656916,1,0.0,16.082
2025-12-08,10.0,264.041,2.0,301,86,True,7.571428571428571,210.60542857142832,0.4043956043956044,28.156,0.976636,1.464954,0.0,0.3003057428490372,1,0.0,0.78
2025-12-09,12.0,268.682,2.0,1325,75,True,8.857142857142858,240.72457142857115,0.4307692307692308,29.213,0.980924,1.471386,0.0,0.1511648549993135,1,0.0,0.916
2025-12-10,25.0,543.373,2.0,353,70,True,11.285714285714286,290.851714285714,0.545054945054945,30.255,0.981458,1.472186,0.0,0.3006549875792188,1,0.0,0.2
2025-12-11,22.0,493.994,2.0,1296,86,True,13.0,328.9114285714283,0.9296703296703296,31.285,0.984546,1.476819,0.0,0.3011839422224378,1,0.0,0.006
2025-12-12,6.0,85.55499999999999,2.0,168,45,True,13.142857142857142,319.9434285714283,1.457142857142857,32.23,0.917135,1.375703,0.0,0.2401878072999219,1,0.0,0.5033246753246754
2025-12-13,16.0,318.044,2.0,1989,57,True,13.857142857142858,297.6224285714283,1.1868131868131868,33.227,0.980316,1.470474,0.0,0.3010347799210168,1,0.0,0.0
2025-12-14,5.0,120.354,2.0,156,47,True,13.714285714285714,299.1489999999998,1.0901098901098902,34.156,0.927695,1.391543,0.0,0.2504528460481671,1,0.0,0.45646198319386744
2025-12-15,0.0,0.0,0.0,21,6,True,12.285714285714286,261.4288571428569,0.6087912087912087,34.288,0.133598,0.200397,0.0,,0,5.0,202.19
2025-12-16,0.0,0.0,0.0,0,0,False,10.571428571428571,223.04571428571404,0.2263736263736264,32.842,0.098721,0.148081,4.5,,0,4.0,42.32
2025-12-17,0.0,0.0,0.0,0,0,False,7.0,145.42099999999974,-0.2857142857142857,31.458,0.093161,0.139742,4.5,,0,3.0,22.628
2025-12-18,0.0,0.0,0.0,0,0,False,3.857142857142857,74.85042857142831,-0.6197802197802198,30.117,0.072611,0.108917,4.5,,0,2.0,8.176
2025-12-19,4.0,71.834,2.0,143,39,True,3.571428571428572,72.89028571428545,-0.8527472527472526,30.994,0.83652,1.25478,0.0,0.3008345681451363,0,1.0,11.00493195959608
2025-12-20,15.0,313.651,2.0,270,64,True,3.4285714285714284,72.26271428571403,-1.0923076923076922,31.973,0.946022,1.419033,0.0,0.2499841145028714,1,0.0,2.8343247863247862
2025-12-21,8.0,232.202,2.0,224,62,True,3.857142857142857,88.24099999999974,-0.8153846153846152,32.938,0.944999,1.417498,0.0,0.3010595589556549,1,0.0,0.082
2025-12-22,10.0,193.852,2.0,233,64,True,5.285714285714286,115.9341428571426,-0.9208791208791208,33.902,0.958982,1.438473,0.0,0.3006942287617499,1,0.0,0.0
2025-12-23,10.0,310.91900000000004,2.0,232,69,True,6.714285714285714,160.3511428571426,-0.8461538461538461,34.863,0.968609,1.452914,0.0,0.2500998093771369,1,0.0,0.0
2025-12-24,20.0,726.8199999999999,3.0,379,116,True,9.571428571428571,264.1825714285712,-0.7054945054945053,35.834,0.993751,1.490626,0.0,0.3010239974625039,1,0.0,0.0
2025-12-25,24.0,1453.362,3.0,413,114,True,13.0,471.8057142857141,0.1582417582417582,36.792,0.995689,1.493534,0.0,0.2514342768912426,1,0.0,0.0
2025-12-26,39.0,1403.194,2.0,508,153,True,18.0,661.9999999999998,1.0593406593406594,37.726,0.985606,1.478408,0.0,0.3008803612434009,1,0.0,0.0
2025-12-27,0.0,0.0,0.0,4,0,False,15.857142857142858,617.192714285714,1.852747252747253,36.125,0.102823,0.154234,4.5,0.0994019934896837,0,9.0,7.559120370598078
2025-12-28,0.0,0.0,0.0,0,0,False,14.714285714285714,584.0209999999997,1.7164835164835162,34.595,0.099822,0.149733,4.5,0.0993983452352621,0,8.0,9.657709819564904
2025-12-29,0.0,0.0,0.0,0,0,False,13.285714285714286,556.3278571428569,1.2879120879120878,33.136,0.099648,0.149472,4.5,0.0993560827610149,0,7.0,10.009758000516166
2025-12-30,0.0,0.0,0.0,0,0,False,11.857142857142858,511.9108571428569,0.7164835164835165,31.744,0.099305,0.148958,4.5,0.0496881035302413,0,6.0,10.110083025697568
2025-12-31,0.0,0.0,0.0,0,0,False,9.0,408.0794285714284,0.1450549450549451,30.415,0.097311,0.145966,4.5,0.0993613246182859,0,5.0,8.183261428135975
2026-01-01,0.0,0.0,0.0,0,0,False,5.571428571428571,200.45628571428543,-0.4263736263736263,29.137,0.086914,0.130371,4.5,0.0496951569117162,0,4.0,14.817467966654371
2026-01-02,0.0,0.0,0.0,0,0,False,0.0,0.0,-0.9978021978021976,27.826,0.0,0.0,4.5,0.0993548301112994,0,3.0,14.407733333333333
2026-01-03,0.0,0.0,0.0,0,0,False,0.0,0.0,-1.4373626373626371,26.574,0.0,0.0,4.5,0.0496790844522897,0,2.0,11.982733333333334
2026-01-04,0.0,0.0,0.0,0,0,False,0.0,0.0,-1.4967032967032965,25.378,0.0,0.0,4.5,0.0993534232893113,0,1.0,42.084567460317466
2026-01-05,54.0,2553.821,2.0,661,235,True,7.714285714285714,364.8315714285712,-1.7208791208791203,26.476,0.980848,1.471272,0.0,0.3009377773115985,1,0.0,2.604
2026-01-06,21.0,1149.861,3.0,469,148,True,10.714285714285714,529.0974285714283,-0.3010989010989011,27.574,0.995284,1.492925,0.0,0.251124772921263,1,0.0,3.024
2026-01-07,23.0,556.828,2.0,360,89,True,14.0,608.6442857142855,-0.0175824175824175,28.643,0.983817,1.475725,0.0,0.3003315449777543,1,0.0,4.228
2026-01-08,9.0,650.63,4.0,150,40,True,15.285714285714286,701.5914285714282,0.6043956043956044,29.674,0.963824,1.445735,0.0,0.1494896886963232,1,0.0,2.4186254381169974
2026-01-09,14.0,284.031,2.0,278,90,True,17.285714285714285,742.1672857142854,0.9450549450549453,30.71,0.981548,1.472321,0.0,0.2992522613541001,1,0.0,0.04
2026-01-10,25.0,602.8969999999999,2.0,442,120,True,20.857142857142858,828.2954285714283,1.9890109890109888,31.734,0.985359,1.478038,0.0,0.251332557317944,1,0.0,0.04
2026-01-11,15.0,401.354,2.0,305,80,True,23.0,885.631714285714,2.1714285714285717,32.74,0.982271,1.473407,0.0,0.3010461640366604,1,0.0,0.092
2026-01-12,12.0,210.248,2.0,237,66,True,17.0,550.8355714285711,1.9582417582417584,33.724,0.975493,1.463239,0.0,0.3009255603859078,1,0.0,0.0
2026-01-13,9.0,214.132,2.0,218,56,True,15.285714285714286,417.1599999999997,1.5934065934065933,34.689,0.970407,1.455611,0.0,0.2505158214076691,1,0.0,0.0
2026-01-14,17.0,383.044,2.0,318,82,True,14.428571428571429,392.333714285714,1.09010989010989,35.651,0.982608,1.473912,0.0,0.3008248249269303,1,0.0,0.0
2026-01-15,15.0,265.969,2.0,228,63,True,15.285714285714286,337.3821428571426,0.7758241758241757,36.592,0.974987,1.462481,0.0,0.2502736572055257,1,0.0,0.0
2026-01-16,5.0,693.663,3.0,204,58,True,14.0,395.9009999999997,0.3296703296703296,37.511,0.965936,1.448904,0.0,0.2672717671256025,1,0.0,0.002
2026-01-17,18.0,417.015,2.0,323,73,True,13.0,369.3464285714284,-0.4681318681318681,38.431,0.981733,1.472599,0.0,0.3009584168162233,1,0.0,0.0
2026-01-18,14.0,479.462,2.0,322,100,True,12.857142857142858,380.5047142857141,-0.9164835164835164,39.339,0.983202,1.474803,0.0,0.2490320644148901,1,0.0,0.0
2026-01-19,2.0,23.574,1.0,175,60,True,11.428571428571429,353.8369999999997,-1.5582417582417578,39.941,0.661288,0.991933,0.0,0.3006299205337671,0,1.0,5.297418008567131
2026-01-20,6.0,164.212,2.0,244,77,True,11.0,346.70557142857115,-0.8241758241758241,40.811,0.965945,1.448918,0.0,0.2508727904668698,1,0.0,0.0
2026-01-21,2.0,28.504,1.0,172,42,True,8.857142857142858,296.05699999999973,-0.8351648351648352,41.399,0.662129,0.993193,0.0,0.3010677671218614,0,16.0,11.082809779889516
2026-01-22,4.0,77.306,2.0,161,44,True,7.285714285714286,269.1051428571426,-0.8285714285714285,42.169,0.875945,1.313918,0.0,0.2494642482311588,0,15.0,10.180897881019272
2026-01-23,0.0,0.0,0.0,311,38,True,6.571428571428571,170.0104285714283,-1.134065934065934,42.406,0.273336,0.410003,0.0,0.2960568208521122,0,14.0,11.55397813057353
2026-01-24,0.0,0.0,0.0,118,36,True,4.0,110.43685714285688,-1.3670329670329668,42.601,0.225725,0.338587,0.0,0.2986312097915939,0,13.0,12.03156367738206
2026-01-25,0.0,0.0,0.0,104,32,True,2.0,41.942285714285454,-1.175824175824176,42.761,0.185609,0.278414,0.0,0.2490341297440949,0,12.0,11.470807625968733
2026-01-26,0.0,0.0,0.0,119,34,True,1.7142857142857142,38.57457142857117,-1.2043956043956043,42.923,0.188453,0.28268,0.0,0.2995974950879148,0,11.0,10.73666575994003
2026-01-27,0.0,0.0,0.0,119,33,True,0.8571428571428571,15.115714285714024,-1.265934065934066,43.067,0.168653,0.252979,0.0,0.2486534189180865,0,10.0,10.141626690675961
2026-01-28,0.0,0.0,0.0,165,56,True,0.5714285714285714,11.043714285714028,-1.3736263736263732,43.231,0.191687,0.28753,0.0,0.2983466340922076,0,9.0,9.044221790623853
2026-01-29,0.0,0.0,0.0,22,4,True,0.0,0.0,-1.178021978021978,43.255,0.028657,0.042985,0.0,0.147833955765609,0,8.0,10.786089714072768
2026-01-30,0.0,0.0,0.0,79,24,True,0.0,0.0,-0.9736263736263736,43.354,0.116582,0.174873,0.0,0.2978882347457659,0,7.0,6.9325412072597565
2026-01-31,1.0,109.938,1.0,159,48,True,0.1428571428571428,15.705428571428312,-1.032967032967033,43.847,0.579299,0.868948,0.0,0.2987178981938516,0,6.0,5.605484688867976
2026-02-01,0.0,0.0,0.0,131,38,True,0.1428571428571428,15.705428571428312,-0.6131868131868132,43.983,0.161521,0.242281,0.0,0.2491843191715172,0,5.0,4.374498275880785
2026-02-02,0.0,0.0,0.0,111,32,True,0.1428571428571428,15.705428571428312,-0.2791208791208791,44.107,0.147526,0.221289,0.0,0.2993955235524432,0,4.0,3.687214318312587
2026-02-03,0.0,0.0,0.0,96,28,True,0.1428571428571428,15.705428571428312,-0.2791208791208791,44.22,0.135317,0.202975,0.0,0.2480920560196644,0,3.0,3.0981503713765353
2026-02-04,0.0,0.0,0.0,78,24,True,0.1428571428571428,15.705428571428312,-0.1384615384615384,44.32,0.119455,0.179182,0.0,0.2981032012284301,0,2.0,3.0878148119593973
2026-02-05,0.0,0.0,0.0,115,31,True,0.1428571428571428,15.705428571428312,-0.1032967032967032,44.443,0.147775,0.221663,0.0,0.2480827805326923,0,1.0,2.3503870080833047
2026-02-06,6.0,107.495,2.0,176,47,True,1.0,31.061857142856883,0.0065934065934065,45.159,0.858568,1.287852,0.0,0.299589547320809,1,0.0,0.2852267454767455
2026-02-07,7.0,341.646,2.0,188,35,True,1.8571428571428568,64.16299999999974,0.1736263736263736,45.893,0.892365,1.338547,0.0,0.1497141445821517,1,0.0,0.44190194805194805
2026-02-08,0.0,0.0,0.0,105,30,True,1.8571428571428568,64.16299999999974,0.3428571428571428,46.04,0.180535,0.270802,0.0,0.2991079404580319,0,4.0,3.672530006607094
2026-02-09,3.0,128.007,2.0,1633,29,True,2.2857142857142856,82.44971428571402,0.2813186813186813,46.712,0.830426,1.24564,0.0,0.2979144659982427,0,3.0,2.600641117068581
2026-02-10,0.0,0.0,0.0,131,28,True,2.2857142857142856,82.44971428571402,0.3054945054945055,46.868,0.19539,0.293086,0.0,0.2474731258986509,0,2.0,2.7496034799184166
2026-02-11,4.0,73.474,2.0,177,47,True,2.857142857142857,92.94599999999976,0.2307692307692307,47.539,0.842297,1.263446,0.0,0.2986007758025368,0,1.0,1.8035477626873513
2026-02-12,16.0,427.676,2.0,305,53,True,5.142857142857143,154.04257142857116,0.2703296703296703,48.295,0.961099,1.441649,0.0,0.2484373897632392,1,0.0,0.0
2026-02-13,11.0,332.263,2.0,202,43,True,5.857142857142857,186.15228571428543,0.6351648351648351,49.034,0.952068,1.428102,0.0,0.3009931742521861,1,0.0,0.14286666666666667
2026-02-14,27.0,920.617,2.0,354,76,True,8.714285714285714,268.8624285714283,0.7868131868131868,49.783,0.980025,1.470038,0.0,0.2117087578201079,1,0.0,0.0
2026-02-15,7.0,176.854,2.0,193,51,True,9.714285714285714,294.12728571428545,1.3802197802197802,50.505,0.958626,1.43794,0.0,0.2973701950950546,1,0.0,0.0
2026-02-16,13.0,303.502,2.0,327,78,True,11.142857142857142,319.1979999999997,1.2549450549450551,51.234,0.981644,1.472466,0.0,0.2994480055333169,1,0.0,0.0
2026-02-17,9.0,201.485,2.0,217,47,True,12.428571428571429,347.9815714285712,1.2703296703296705,51.94,0.96543,1.448145,0.0,0.2483978714735694,1,0.0,0.0
2026-02-18,0.0,0.0,0.0,127,36,True,11.857142857142858,337.48528571428545,1.1142857142857143,52.123,0.254071,0.381106,0.0,0.3009978855098818,0,3.0,3.0524652046347494
2026-02-19,0.0,0.0,0.0,63,12,True,9.571428571428571,276.388714285714,0.6615384615384615,52.251,0.177563,0.266345,0.0,0.149705785612379,0,2.0,2.4376532146418346
2026-02-20,0.0,0.0,0.0,83,24,True,8.0,228.9225714285712,0.2087912087912088,52.404,0.214382,0.321573,0.0,0.2988675682690391,0,1.0,1.905902919294635
2026-02-21,8.0,200.956,2.0,201,34,True,5.285714285714286,126.11385714285689,-0.0461538461538462,53.073,0.937153,1.40573,0.0,0.2475247416359681,1,0.0,0.0579948717948718
2026-02-22,5.0,79.499,2.0,128,31,True,5.0,112.20599999999976,-0.0131868131868131,53.68,0.862202,1.293303,0.0,0.298335546605551,1,0.0,0.4383900202737466
2026-02-23,10.0,435.626,1.0,222,56,True,4.571428571428571,131.0808571428569,-0.3010989010989011,54.314,0.911677,1.367515,0.0,0.2987248765542664,1,0.0,0.006
2026-02-24,14.0,370.942,2.0,266,75,True,5.285714285714286,155.28899999999976,-0.3692307692307691,54.975,0.965233,1.44785,0.0,0.246345416218297,1,0.0,0.0
2026-02-25,13.0,275.857,2.0,257,72,True,7.142857142857143,194.6971428571426,-0.4527472527472527,55.632,0.972594,1.458891,0.0,0.2987725673921578,1,0.0,0.0
2026-02-26,27.0,584.526,2.0,395,85,True,11.0,278.2008571428569,-0.4945054945054944,56.286,0.983236,1.474854,0.0,0.2511999277575062,1,0.0,0.0
2026-02-27,21.0,515.656,2.0,306,98,True,14.0,351.8659999999997,0.2197802197802197,56.931,0.982893,1.474339,0.0,0.2982845183725057,1,0.0,0.0
2026-02-28,31.0,856.236,2.0,624,126,True,17.285714285714285,445.4774285714283,0.5494505494505495,57.568,0.985634,1.478451,0.0,0.2502611535193295,1,0.0,0.0
2026-03-01,23.0,3423.482,3.0,833,121,True,19.857142857142858,923.1892857142856,1.6483516483516485,58.202,0.996599,1.494899,0.0,0.2985854033745019,1,0.0,0.0
2026-03-02,6.0,156.27,2.0,215,45,True,19.285714285714285,883.2812857142854,1.8417582417582417,58.8,0.953931,1.430897,0.0,,1,0.0,367.212
2026-03-03,12.0,220.63,2.0,281,95,True,19.0,861.8081428571425,1.676923076923077,59.406,0.9811,1.471649,0.0,0.2967426476509666,1,0.0,0.0
2026-03-04,7.0,360.791,4.0,98,12,True,18.142857142857142,873.9415714285711,1.5824175824175823,59.951,0.89359,1.340385,0.0,0.1598659237396233,1,0.0,1.4918919137466307
2026-03-05,2.0,50.726,1.0,6,0,False,14.571428571428571,797.6844285714284,1.0351648351648353,57.579,0.54309,0.814635,4.5,0.0895306529635156,0,,30.6977284112307
