date,servo_stress_index,stress_slope,stress_volatility,stress_trend,instability_score,instability_flag
2016-02-11,0.1855720043862052,,,,0.0927860021931026,False
2018-05-01,,,,,,False
2018-05-02,,,,,,False
2018-05-03,,,,,,False
2018-05-04,,,,,,False
2018-05-05,,,,,,False
2018-05-06,,,,,,False
2018-05-07,,,,,,False
2018-05-08,,,,,,False
2018-05-09,,,,,,False
2018-05-10,,,,,,False
2018-05-11,,,,,,False
2018-05-12,,,,,,False
2018-05-13,,,,,,False
2018-05-14,,,,,,False
2018-05-15,,,,,,False
2018-05-16,,,,,,False
2018-05-17,,,,,,False
2018-05-18,,,,,,False
2018-05-19,,,,,,False
2018-05-20,,,,,,False
2018-05-21,,,,,,False
2018-05-22,,,,,,False
2018-05-23,,,,,,False
2018-05-24,,,,,,False
2021-02-09,0.3377523335362931,,,,0.16887616676814654,False
2021-02-10,0.413409670087128,0.0756573365508349,,,0.22940203600881445,False
2021-02-11,0.307514817271168,-0.10589485281596,,0.35289227363152964,0.121988952790796,False
2021-02-12,0.41255745012991,0.10504263285874205,,0.37782731249606866,0.2377915149225776,False
2021-02-13,0.3074462207113116,-0.1051112294185984,0.05370178517314828,0.3425061627041299,0.13293009856470595,False
2021-02-14,0.4117521883814236,0.10430596767011197,0.057564567586462494,0.37725195307421505,0.24868079800903786,False
2021-02-15,0.3538054998910748,-0.057946688490348786,0.052406947666641085,0.35766796966126996,0.17000013293176097,False
2021-02-16,0.4138555511249957,0.06005005123392093,0.04786575522814415,0.3931377464658314,0.23451594197830297,False
2021-02-17,0.4065525234586939,-0.007303027666301809,0.04690671232333469,0.39140452482492144,0.21046669589412334,False
2021-02-18,0.3919722837898403,-0.014580239668853634,0.024869941209783576,0.40412678612451,0.19658605823622077,False
2021-02-19,0.4093344923958674,0.017362208606027107,0.0244978061795833,0.40261976654813386,0.2147754700156585,False
2021-02-20,0.407166245032366,-0.0021682473635014077,0.008231348088485684,0.40282434040602455,0.2045789179248297,False
2021-02-21,0.4083008799052211,0.0011346348728551447,0.007175440715124845,0.4082672057778181,0.2059259185574921,False
2021-02-22,0.4100902734785969,0.0017893935733757638,0.007571550276675254,0.4085191328053947,0.20709626486664623,False
2021-02-23,0.4095883561963602,-0.0005019172822366968,0.0011666342602361325,0.40932650319339275,0.2048769297655563,False
2021-02-24,0.4100211712939405,0.000432815097580308,0.001267231571192078,0.4098999336562992,0.20539387649048274,False
2021-02-25,0.4106571541003475,0.0006359828064069761,0.0008855263071537694,0.4100888938635494,0.20569647715352657,False
2021-02-26,0.411895802244996,0.0012386481446485242,0.0008928861498080441,0.41085804254642794,0.20649807279585417,False
2021-02-27,0.4119508104317738,5.5008186777782964e-05,0.0010744347238378724,0.41150125559237244,0.20620679461668778,False
2021-02-28,0.4116457511192354,-0.0003050593125383805,0.0008551378482412062,0.41183078793200173,0.20590238533550442,False
2021-03-01,0.4121355414499796,0.0004897903307441998,0.0005856985916542283,0.41191070100032956,0.2063318475425439,False
2021-03-02,0.4120501371501449,-8.540429983472375e-05,0.00018636183491833584,0.41194380990645324,0.20603671965210568,False
2021-03-03,0.4124254846715238,0.00037534752137891036,0.0002833744814546265,0.4122037210905494,0.20638202148846652,False
2021-03-04,0.3614183672024557,-0.05100711746906811,0.022651233601160663,0.39529799634137475,0.16993729508073954,False
2021-03-05,0.4137804961268753,0.052362128924419604,0.022898793407666512,0.3958747826669516,0.22717864542229682,False
2021-03-06,0.4116096604463823,-0.0021708356804929774,0.022843821729269992,0.39560284125857104,0.20972234386489724,False
2021-03-07,0.3072340036689165,-0.1043756567774658,0.04696675651891387,0.37754138674739135,0.13169765610500128,False
2021-03-08,0.4084682646746879,0.10123426100577138,0.04634015842054888,0.37577064292999557,0.24387244232318514,False
2021-03-09,0.4099196334005253,0.0014513687258373986,0.046422955829587435,0.3752073005813766,0.21467981848393133,False
2021-03-10,0.4081767359747236,-0.0017428974258016927,0.04577453755565824,0.4088548780166456,0.21272040627075295,False
2021-03-11,0.3059881268388218,-0.10218860913590178,0.05600686532246343,0.37469483207135684,0.13353885374313307,False
2021-03-12,0.4093605781268065,0.10337245128798467,0.046065199244872235,0.37450848031345063,0.2449050642987731,False
2021-03-13,0.4100756038100107,0.0007150256832041957,0.04624566436156978,0.37514143625854635,0.21450144248228056,False
2021-03-14,0.4112215424672353,0.001145938657224621,0.04639839210724389,0.41021924146801747,0.21523423125223382,False
2021-03-15,0.4125350039796418,0.0013134615124065219,0.04688790557064916,0.41127738341896264,0.21603912155767271,False
2021-03-16,0.4112669734491206,-0.0012680305305212136,0.0012206986808085258,0.4116745066319993,0.20549721730156564,False
2021-03-17,0.4117671011754366,0.0005001277263159687,0.0008976339137739732,0.41185635953473304,0.20621311568836787,False
2021-03-18,0.4121660973053119,0.0003989961298753175,0.0005687038291293927,0.4117333906432897,0.20631648825744442,False
2021-03-19,0.4128155392730337,0.00064944196772182,0.0006143765586418395,0.41224957925126077,0.20672547753856177,False
2021-03-20,0.4165911756858841,0.0037756364128503916,0.0021282901132655607,0.4138576040880766,0.2098539367894503,False
2021-03-21,0.4178305268442408,0.0012393511583567163,0.002777819500793799,0.41574574726771957,0.2098426326697862,False
2021-03-22,0.4115938144149778,-0.006236712429263047,0.0028170968960335224,0.4153385056483676,0.2044893128579167,False
2021-03-23,0.4139519727977549,0.0023581583827771424,0.0025996663312021434,0.41445877135232445,0.20820336717995103,False
2021-03-24,0.3072664185177645,-0.10668555427999044,0.048236559414952744,0.3776040685768323,0.13127485485787568,False
2021-03-25,0.4099376150196729,0.10267119650190842,0.04752497578333838,0.37705200211173073,0.24527516161707666,False
2021-03-26,0.4104021753868554,0.00046456036718250937,0.04662779633445523,0.37586873630809764,0.2146660150704735,False
2021-03-27,0.3563588688363815,-0.0540433065504739,0.046961416983604634,0.39223288641430326,0.17135872584976952,False
2021-03-28,0.3058442710162077,-0.05051459782017381,0.05181772437344775,0.35753510507981484,0.14813130103674124,False
2021-03-29,0.4096570228401089,0.1038127518239012,0.04675975604764276,0.357286720897566,0.24532428817675336,False
2021-03-30,0.4099839092953546,0.0003268864552457007,0.04676755599901172,0.37516173438389044,0.21444353178405337,False
2021-03-31,0.4110765978363707,0.0010926885410160736,0.04688358079893336,0.4102391766572781,0.21524282164027683,False
2021-04-01,0.4113749567855652,0.00029835894919449935,0.04681933964372786,0.4108118213057635,0.21514085400628652,False
2021-04-02,0.4114209348724837,4.5978086918530003e-05,0.0008242710277031605,0.4112908298314732,0.20588911506785804,False
2021-04-03,0.411916687839114,0.0004957529666302918,0.0007205675391280931,0.41157085983238767,0.20625118331737172,False
2021-04-04,0.4130337206208207,0.0011170327817067172,0.0007708878632033642,0.4121237811108061,0.20700614771756304,False
2021-04-05,0.4136638134369355,0.0006300928161147579,0.0010212866621678704,0.4128714072989567,0.20722519189573574,False
2021-04-06,0.4079349140327853,-0.005728899404150167,0.0022293447593469498,0.41154414936351386,0.20269465614701698,False
2021-04-07,0.3103974228798392,-0.09753749115294613,0.045330591347149674,0.37733205011652,0.13500358236346569,False
2021-04-08,0.4114046318316747,0.10100720895183551,0.04527316389468026,0.37657898958143304,0.24505911138032407,False
2021-04-09,0.4128347786296964,0.0014301467980217253,0.04524935476640553,0.3782122777804034,0.21589630430753584,False
2021-04-10,0.3073642448925431,-0.10547053373715332,0.05582097208463532,0.3772012184513047,0.13320515674205263,False
2021-04-11,0.409203283860467,0.1018390389679239,0.05603899129724605,0.3764674357942355,0.2463611518800599,False
2021-04-12,0.305979339437323,-0.10322394442314403,0.05724044998643435,0.3408489560634444,0.13347057638900514,False
2021-04-13,0.4084262966282617,0.10244695719093871,0.05670650421723592,0.37453630664201726,0.24628853631485964,False
2021-04-14,0.3057696618362498,-0.10265663479201187,0.05611474719842636,0.3400584326339448,0.13331078992020662,False
2021-04-15,0.4098897449819986,0.10412008314574878,0.05658139502096571,0.37469523448217007,0.24749717643891705,False
2021-04-16,0.410370371257045,0.0004806262750464141,0.05679661953343628,0.37534325935843116,0.21668869741772367,False
2021-04-17,0.30730389407351,-0.10306647718353501,0.05643646276740801,0.37585467010418455,0.1340192964351761,False
2021-04-18,0.4123153638283794,0.10501146975486941,0.05714914808524819,0.3766632097196448,0.24909095245770016,False
2021-04-19,0.3056295789280795,-0.1066857849002999,0.05718799601512421,0.3417496122766563,0.13224665319697462,False
2021-04-20,0.3063533921015604,0.0007238131734808584,0.05747089823044365,0.34143277828600643,0.16488801964891317,False
2021-04-21,0.3064936320391028,0.00014023993754241904,0.04735034177346894,0.30615886768958084,0.1627589563555079,False
2021-04-22,0.4115174683185126,0.10502383627940981,0.057927409790898464,0.34145483081972533,0.24885136700125893,False
2021-04-23,0.4112858159963927,-0.00023165232211991293,0.05764483233157863,0.37643230545133605,0.2171023787678761,False
2021-04-24,0.4135705498180941,0.0022847338217014124,0.05790172632511576,0.4121246113776665,0.21905104032058065,False
2021-04-25,0.4093882581961376,-0.004182291621956491,0.04695705115212607,0.41141487467020815,0.2128308518419071,False
2021-04-26,0.4087952924237618,-0.0005929657723758308,0.001895814870934192,0.41058470014599785,0.20459891945435496,False
2021-04-27,0.4107361272292203,0.0019408348054585356,0.0018653337038335499,0.4096398926163732,0.20632338079701443,False
2021-04-28,0.4118302287247724,0.0010941014955520578,0.0019191616775244389,0.4104538827925848,0.20662717714655668,False
2021-04-29,0.4094120008778504,-0.002418227846921972,0.0012306166162230198,0.410659452277281,0.20422665540809323,False
2021-04-30,0.4094813095274167,6.93086495662798e-05,0.0012190901119924033,0.41024117971001317,0.20500526538097671,False
2021-05-01,0.410319043690672,0.0008377341632553326,0.0009969240498659342,0.4097374513653131,0.2056102269042858,False
2021-05-02,0.4106414019528147,0.0003223582621426635,0.0009887548175775687,0.4101472517236345,0.20561515941856565,False
2021-05-03,0.4106330214460802,-8.380506734462223e-06,0.0006085420694055173,0.4105311556965223,0.20543570498490085,False
2021-05-04,0.4118592388730291,0.0012262174269488946,0.0008541108105871183,0.41104455409064133,0.20646830682671663,False
2021-05-05,0.4120442572627122,0.00018501838968310036,0.0007915708268844339,0.41151217252727385,0.20623594831363792,False
2021-05-06,0.4134398322915282,0.0013955750288159874,0.001164816127741384,0.4124477761424232,0.20737155187995718,False
2021-05-07,0.4191860645135484,0.005746232222020198,0.003366860816017333,0.41489005135592955,0.21199027408658372,False
2021-05-08,0.4127729595398081,-0.006413104973740313,0.0030424137923777636,0.4151329521149616,0.2050710310362575,False
2021-05-09,0.413412249076472,0.0006392895366639229,0.0028608885433356952,0.41512375770994286,0.20747008910790232,False
2021-05-10,0.4187897808337218,0.005377531757249809,0.0031799150343178087,0.41499166315000063,0.21164413295089943,False
2021-05-11,0.4105093912216567,-0.00828038961206512,0.0038571389335451513,0.4142371403772835,0.20354200651391782,False
2021-05-12,0.3064797945275068,-0.1040295966941499,0.04812282235666739,0.37859298886096177,0.1316555827268419,False
2021-05-13,0.3064555461530954,-2.4248374411395268e-05,0.05910248259380777,0.3411482439674196,0.16504099508298584,False
2021-05-14,0.4112192720475515,0.1047637258944561,0.0587171403237269,0.3413848709093846,0.24878218185685794,False
2021-05-15,0.3270702440960947,-0.08414902795145679,0.05407760310797135,0.34824835409891386,0.14910593428420457,False
2021-05-16,0.307021529151139,-0.020048714944955692,0.04535169384992437,0.3484370150982617,0.15656648886206767,False
2021-05-17,0.3064099710630216,-0.0006115580881174143,0.04536139129656499,0.31350058143675175,0.1620937963643886,False
2021-05-18,0.3062563694177145,-0.00015360164530708875,0.04538911065954033,0.30656262321062505,0.1621599263471732,False
2021-05-19,0.4126766334740301,0.1064202640563156,0.046028431111461134,0.3417809913182554,0.24747008217620198,False
2021-05-20,0.3069317738826673,-0.10574485959136282,0.04741548908997482,0.3419549255914706,0.13122552688191977,False
2021-05-21,0.4121960894328906,0.10526431555022331,0.05800661069314359,0.3772681655965293,0.249278661520141,False
2021-05-22,0.3505680033846777,-0.061628086048212904,0.0530730062189091,0.3565652889000785,0.16741017712165682,False
2021-05-23,0.4136999481577119,0.06313194477303419,0.04858538879147802,0.39215468032509343,0.23550663526906182,False
2021-05-24,0.4117851031871618,-0.0019148449705500559,0.04843328103624134,0.39201768490985045,0.21500475430966415,False
2021-05-25,0.4123007114497107,0.0005156082625488723,0.027704201655247816,0.4125952542648615,0.21184587853466957,False
2021-05-26,0.4110472946825791,-0.0012534167671315877,0.027583409879798303,0.41171103643981716,0.21066430428710975,False
2021-05-27,0.4138821090640798,0.002834814381500683,0.001224947737317279,0.41241003839878987,0.20803648839395356,False
2021-05-28,0.414236704010038,0.0003545949459581865,0.0013669706420425098,0.4130553692522323,0.20749812461721492,False
2021-05-29,0.4132314177534359,-0.001005286256602067,0.0012888907762806043,0.41378341027585125,0.20657190115499346,False
2021-05-30,0.4168044477491182,0.003573029995682264,0.0020686150115546277,0.414757523170864,0.2098878558755747,False
2021-05-31,0.4121316867645681,-0.004672760984550106,0.0017320339367588938,0.41405585075570733,0.2050104218742708,False
2021-06-01,0.4116139387022479,-0.0005177480623201891,0.002056091393275184,0.413516691071978,0.20606286321108291,False
2021-06-02,0.4102997812433496,-0.0013141574588982907,0.002466012967962947,0.41134846890338855,0.2052488459775979,False
2021-06-03,0.4121970143925275,0.0018972331491778904,0.002465865945001265,0.411370244779375,0.20716085033001735,False
2021-06-04,0.3553139272742534,-0.056883087118274056,0.025165823557367305,0.39260357430337683,0.16562520221311797,False
2021-06-05,0.4117065036860576,0.056392576411804174,0.02511656646094299,0.3930724817842795,0.22779433805875865,False
2021-06-06,0.4148392120755066,0.0031327083894490126,0.025520317794830577,0.3939532143452726,0.21346348211355412,False
2021-06-07,0.4125340085533226,-0.002305203522183996,0.025745245649023033,0.4130265747716289,0.21072449234981072,False
2021-06-08,0.412668247192348,0.0001342386390253969,0.025795839362605814,0.41334715594039234,0.21153356306040277,False
2021-06-09,0.4116452259841469,-0.0010230212082011358,0.0012944198990586368,0.41228249390993915,0.20577459060942482,False
2021-06-10,0.4126420586649122,0.000996832680765336,0.0011814534477281795,0.4123185106138023,0.20685636982623135,False
2021-06-11,0.412753456884603,0.00011139821969080588,0.0004558819185231066,0.4123469138445541,0.20650132429191337,False
2021-06-12,0.4118874097464776,-0.0008660471381254364,0.000513647366180931,0.4124276417653309,0.20578662020503735,False
2021-06-13,0.4138023027755779,0.0019148930291003063,0.0008478940379593788,0.41281438980221946,0.20764519810411092,False
2021-06-14,0.4132463938627764,-0.0005559089128014949,0.0007144607076186049,0.4129787021282773,0.20659931639907148,False
2021-06-15,0.4161064993137172,0.0028601054509407864,0.001588221100133115,0.41438506531735714,0.20922892551216743,False
2021-06-16,0.4111978464515113,-0.004908652862205876,0.0019060828839977072,0.413516913209335,0.20450754394389342,False
2021-06-17,0.4126788364788,0.0014809900272886867,0.0017944312975547187,0.4133277274146761,0.20714260150709754,False
2021-06-18,0.4097332535002838,-0.0029455829785162146,0.0023928837932957006,0.4112033121435317,0.20446152861524616,False
2021-06-19,0.4132037232091246,0.0034704697088407954,0.002390043382940366,0.4118719377294027,0.20812101119380258,False
2021-06-20,0.412330534820821,-0.0008731883883035807,0.001383305026192599,0.41175583717674313,0.20617997189915793,False
2021-06-21,0.4133976178445349,0.0010670830237138884,0.0014789564130774462,0.4129772919581602,0.20731472511199708,False
2021-06-22,0.4166138639636089,0.0032162461190740066,0.0024679882853581784,0.4141140055429882,0.20976540347459827,False
2021-06-23,0.4121274249527712,-0.004486439010837673,0.0018055487173605947,0.4140463022536383,0.2050788905166064,False
2021-06-24,0.4148978348470666,0.002770409894295389,0.0018851286403424737,0.41454637458781557,0.2086570661198904,False
2021-06-25,0.4115480334696412,-0.00334980137742541,0.0020687774983908433,0.4128577644231597,0.20518283182127114,False
2021-06-26,0.4124229194488602,0.0008748859792190311,0.002150692084998689,0.41295626258852264,0.20690406393519556,False
2021-06-27,0.303134112017035,-0.10928880743182523,0.04903799740180138,0.3757016883118454,0.1285880132593302,False
2021-06-28,0.4124861299813943,0.10935201796435928,0.049077198122079745,0.3760143871490966,0.24886411000442088,False
2021-06-29,0.4128240382315211,0.00033790825012680603,0.04883181250626926,0.37614809340998345,0.21627975409205244,False
2021-06-30,0.4116968235648817,-0.0011272146666393978,0.04884790139857598,0.41233566392593235,0.21527982766216422,False
2021-07-01,0.4139417670002115,0.002244943435329827,0.04902262653845513,0.4128208762655381,0.21744889183839572,False
2021-07-02,0.4111370940482525,-0.0028046729519590197,0.0010784464148421986,0.4122585615377819,0.204942834421507,False
2021-07-03,0.4134476934242875,0.002310599376035005,0.001175211447966008,0.4128421848242505,0.20765206881454745,False
2021-07-04,0.4107948256476666,-0.002652867776620882,0.0014096006027227827,0.4117932043734022,0.20488347261139161,False
2021-07-05,0.4117954554356984,0.0010006297880317816,0.001401401207883594,0.41201265816921745,0.20647819689583546,False
2021-07-06,0.4120160913798494,0.00022063594415100418,0.0010251976776702342,0.4115354574877381,0.20627927600870405,False
2021-07-07,0.386177851317544,-0.025838240062305395,0.011592830794017676,0.40332979937769725,0.18765601979888394,False
2021-07-08,0.4126489455163633,0.026471094198819267,0.011484116604835387,0.40361429607125227,0.2165626243387945,False
2021-07-09,0.4125987023192856,-5.024319707769287e-05,0.01167223475035571,0.4038084997177309,0.20861872515059063,False
2021-07-10,0.3084826237958281,-0.1041160785234575,0.045007579909950655,0.3779100905438257,0.13200800432286694,False
2021-07-11,0.4127963216446246,0.10431369784879652,0.045119875211608644,0.37795921591991277,0.24671624521927296,False
2021-07-12,0.3076676594923167,-0.10512866215230787,0.057295935798731344,0.34298220164425647,0.13375441826021228,False
2021-07-13,0.3067504988894024,-0.000917160602914302,0.057549182476524005,0.34240482667544797,0.1646099377591317,False
2021-07-14,0.3077474640838512,0.0009969651944487512,0.04702148899106298,0.3073885408218568,0.1635771193984728,False
2021-07-15,0.3069289281881424,-0.000818535895708794,0.04719322443729086,0.3071422970537987,0.16265754821281675,False
2021-07-16,0.3066834697046247,-0.00024545848351770205,0.0005125675695344116,0.30711995399220604,0.1533706108211639,False
2021-07-17,0.4130236132695255,0.10634014356490085,0.047404769468789264,0.34221200372076416,0.24789480359799088,False
2021-07-18,0.4127823843968216,-0.00024122887270394688,0.05794116189071076,0.37749648912365724,0.21790705591474177,False
2021-07-19,0.4127458865191848,-3.6497877636765264e-05,0.058083088787772394,0.412850628061844,0.21797861165385587,False
2021-07-20,0.4126637666299048,-8.211988928003011e-05,0.04745869382328653,0.41273067918197043,0.2157989861128257,False
2021-07-21,0.306230647788561,-0.10643311884134377,0.04766120113764408,0.3772134336458835,0.1307176284694062,False
2021-07-22,0.413465398669336,0.107234750880775,0.04771148614586381,0.3774532710292673,0.24844542182807328,False
2021-07-23,0.413206383093916,-0.0002590155754200185,0.04775894955024076,0.3776341431839377,0.21607727678438016,False
2021-07-24,0.4127513473631801,-0.00045503573073590875,0.04775955228932556,0.41314104304214405,0.21579107342023437,False
2021-07-25,0.4123485094291405,-0.00040283793403961266,0.04772509267705626,0.4127687466287455,0.2155984218697696,False
2021-07-26,0.4130376845763886,0.0006891751472481444,0.0004300019169645846,0.4127125137895697,0.20681159521576165,False
2021-07-27,0.4129792369281241,-5.844764826451465e-05,0.00033131978929480915,0.4127884769778844,0.20653834812744168,False
2021-07-28,0.3073443007812889,-0.10563493614683522,0.04715269494547842,0.3777870740952672,0.13141220853568955,False
2021-07-29,0.4132113631915389,0.10586706241025001,0.04720447786445156,0.37784496696698394,0.24780669589173476,False
2021-07-30,0.3072014867803905,-0.1060098764111484,0.057950884791324535,0.34258571691773937,0.13338795742511564,False
2021-07-31,0.413812200305575,0.10661071352518448,0.058093023651844274,0.37807501675916816,0.25050791894071167,False
2021-08-01,0.4129755899527976,-0.0008366103527773783,0.05809236340883649,0.37799642567958774,0.21785528455233288,False
2021-08-02,0.4185843231737197,0.005608733220922091,0.04810532794562825,0.41512403781069745,0.22059584714226213,False
2021-08-03,0.4131482479792056,-0.005436075194514112,0.0480987578377649,0.4149027203685743,0.21456305299880155,False
2021-08-04,0.4152014452860902,0.0020531973068846354,0.0023183661754061875,0.4156446721463385,0.20868035507019173,False
2021-08-05,0.4113331344477966,-0.003868310838293587,0.0027855734643440436,0.41322760923769747,0.20506318866527906,False
2021-08-06,0.6000968173093606,0.18876368286156398,0.08301524807658364,0.4755437990144158,0.3732805631284662,True
2021-08-07,0.4124325142749375,-0.1876643030344231,0.08367124558228217,0.4746208220106982,0.16665121534359825,False
2021-08-08,0.4114635359227269,-0.0009689783522106032,0.08386214860616818,0.4746642891690083,0.2222135041769339,False
2021-08-09,0.4157779756663177,0.004314439743590803,0.08380253471926,0.413224675287994,0.22594382670008809,False
2021-08-10,0.4121104500702676,-0.003667525596050103,0.08371303169787923,0.4131173205531041,0.2216975736958946,False
2021-08-11,0.414976073825102,0.002865623754834401,0.0019023781472374789,0.4142881665205624,0.2087281996684488,False
2021-08-12,0.4127895848095628,-0.0021864890155391947,0.0018655728955003239,0.41329203623497746,0.20611196027921969,False
2021-08-13,0.359732250903857,-0.05305733390570577,0.024277600470792367,0.3958326365128406,0.16880444537437525,False
2021-08-14,0.4134633496158978,0.05373109871204079,0.023995305538059418,0.3953283951097726,0.22765006552917302,False
2021-08-15,0.4123465825617912,-0.0011167670541066266,0.024018888596749187,0.39518072769384865,0.21064203888401345,False
2021-08-16,0.412599075277309,0.0002524927155178047,0.023736074928654594,0.41280300248499935,0.21112250043904074,False
2021-08-17,0.412723906313218,0.00012483103590898992,0.023728756974110685,0.41255652138410603,0.21114515386220384,False
2021-08-18,0.4159032126091212,0.003179306295903239,0.0014558585869844413,0.4137420647332161,0.2091965699107285,False
2021-08-19,0.4128829773339941,-0.0030202352751271255,0.0014732970225497112,0.41383669875211115,0.20583007748896887,False
2021-08-20,0.4135542064550805,0.0006712291210864141,0.0013754757765973354,0.41411346546606526,0.20725356711918563,False
2021-08-21,0.3074620758830126,-0.1060921305720679,0.04755762431094875,0.37796641989069574,0.1314149236320757,False
2021-08-22,0.4118850711871701,0.1044229953041575,0.04746986739188899,0.37763378450842106,0.2467634076632101,False
2021-08-23,0.4121978725048524,0.0003128013176822986,0.047036950851001964,0.37718167319167833,0.2156001668179313,False
2021-08-24,0.4126971316494522,0.0004992591445998062,0.04701599352980437,0.4122600251138249,0.2159015422740669,False
2021-08-25,0.4169805859277791,0.004283454278326881,0.04743978456536222,0.4139585300273612,0.21926328616046006,False
2021-08-26,0.4135886752079977,-0.003391910719781399,0.0020655465660610853,0.4144221309284097,0.20618987370127664,False
2021-08-27,0.4148471993318099,0.0012585241238122213,0.0019168042851824432,0.4151388201558623,0.20818451776008512,False
2021-08-28,0.4125272714557196,-0.002319927876090311,0.001840861302862501,0.41365438199850907,0.20593582962560522,False
2021-08-29,0.4125285289606486,1.2575049290197704e-06,0.0018748585000988862,0.41330099991605934,0.20663961343182277,False
2021-08-30,0.4112961441744673,-0.0012323847861813175,0.0013321562989651917,0.41211731486361186,0.20554478791117228,False
2021-08-31,0.4120601328263211,0.0007639886518537864,0.0013264948247228008,0.4119616019871457,0.20652456197366126,False
2021-09-01,0.4124161085341724,0.00035597570785128596,0.0005225789290847227,0.41192412851165355,0.20641936276525852,False
2021-09-02,0.4127207600687103,0.00030465153453790306,0.0005617493765114654,0.41239900047640127,0.2065641253700188,False
2021-09-03,0.416010277021466,0.0032895169527557,0.0018178166223283866,0.4137157152081162,0.2093555569210254,False
2021-09-04,0.4111197976752299,-0.0048904793462360985,0.0018579974237940377,0.41328361158846877,0.20446435451850292,False
2021-09-05,0.41306837259458,0.0019485749193501323,0.0018026383562103616,0.4133994824304253,0.2074792864443371,False
2021-09-06,0.4127924282361476,-0.0002759443584324228,0.0017763290286320634,0.4123268661686525,0.2066686966162705,False
2021-09-07,0.4124234854861761,-0.00036894274997151255,0.0017987995546812183,0.4127614287723012,0.2064608198290328,False
2021-09-08,0.4125271444347309,0.00010365894855479674,0.000750901326345076,0.41258101938568487,0.2064448501672009,False
2021-09-09,0.4123054160775156,-0.0002217283572152895,0.00030696737268417573,0.4124186819994742,0.20614758300613006,False
2021-09-10,0.4182946436418372,0.005989227564321631,0.002592270148913537,0.4143757347180279,0.2114625441199978,False
2021-09-11,0.4119535707730671,-0.0063410728687701146,0.002688513045029876,0.4141845434974733,0.2046121661349085,False
2021-09-12,0.4138290649168142,0.0018754941437471029,0.0026203188616695824,0.4146924264439062,0.20800124447386514,False
2021-09-13,0.676659387724027,0.2628303228072128,0.11744920085914583,0.500814007804636,0.4406686308760065,True
2021-09-14,0.4117195176698811,-0.26493987005414593,0.11751719643786841,0.5007359901035741,0.14988123710627044,False
2021-09-15,0.4114032876001109,-0.00031623006977016255,0.11826182629429051,0.499927397664673,0.2292591400379825,False
2021-09-16,0.4121347183384078,0.000731430738296901,0.11824149556675395,0.4117525078694666,0.22993508750404376,False
2021-09-17,0.4126179779388296,0.0004832596004217815,0.118374073136704,0.41205199462578274,0.23012878147688215,False
2021-09-18,0.4114973308103061,-0.0011206471285234998,0.0005021927551400871,0.41208334236251454,0.20551290981762402,False
2021-09-19,0.4166181364428429,0.005120805632536807,0.0021614181119562867,0.4135778150639928,0.21027759353357375,False
2021-09-20,0.4112728106989898,-0.005345325743853102,0.002183985865823477,0.4131294259840463,0.20446960479950366,False
2021-09-21,0.4135415284650425,0.002268717766052697,0.0021628273906978425,0.4138108252022918,0.20788394504047664,False
2021-09-22,0.411146037924423,-0.0023954905406194937,0.0023394296641605665,0.41198679236281843,0.20532225773285778,False
2021-09-23,0.4132187671627927,0.0020727292383697082,0.002220655895632707,0.4126354445174194,0.2076753335320338,False
2021-09-24,0.4125530649262707,-0.0006657022365220144,0.00109835445069787,0.41230595667116215,0.2062964926823183,False
2021-09-25,0.3081858085836728,-0.10436725634259791,0.04671114525618582,0.37798588022424545,0.13212495644029418,False
2021-09-26,0.4176639085894887,0.10947810000581593,0.047225941772163424,0.37946759403314406,0.2511205726509218,False
2021-09-27,0.4074040784301236,-0.010259830159365102,0.04688607254995185,0.37775126520109503,0.21000130467724265,False
2021-09-28,0.4149038852697366,0.007499806839612988,0.0470841160199976,0.41332395742978295,0.21911870789075172,False
2021-09-29,0.4119625220723548,-0.0029413631973818077,0.04702081421384779,0.411423495257405,0.21450301491973242,False
2021-09-30,0.4125545268182978,0.0005920047459430089,0.0038050534543422796,0.4131403113867964,0.20721587552380025,False
2021-10-01,0.4126876494847685,0.00013312266647069748,0.002751786305607147,0.41240156612514034,0.2069341188034469,False
2021-10-02,0.4115853680328186,-0.0011022814519499047,0.0012900755723396023,0.41227584811196155,0.20572001469529222,False
2021-10-03,0.4116711502010786,8.578216825999574e-05,0.0005047980060257773,0.4119813892395552,0.20596226935222245,False
2021-10-04,0.4105764527800538,-0.001094697421024804,0.0008537915224170592,0.41127765700465035,0.20513057546820285,False
2021-10-28,0.4131268927024932,0.002550439922439418,0.0010030513613601645,0.4117914985612085,0.20752918860025046,False
2021-10-29,0.4118258455671501,-0.0013010471353431252,0.0009099265199123384,0.41184306368323237,0.20570459394695456,False
2021-10-30,0.4125436828649484,0.0007178372977983405,0.0009640192080700896,0.4124988070448639,0.20667999646342772,False
2021-10-31,0.4111893176902715,-0.001354365174676908,0.0010211058020919935,0.4118529487074567,0.2053925704531511,False
2021-11-01,0.3071426263405045,-0.10404669134976702,0.04697599366628001,0.3769585422985748,0.13175250449857814,False
2021-11-02,0.4130039565905308,0.10586133025002631,0.046961655529930466,0.37711196687376897,0.24765270847625936,False
2021-11-03,0.3075107035308825,-0.1054932530596483,0.05747051448986798,0.34255242882063924,0.13360147874552036,False
2021-11-04,0.4125432566787767,0.10503255314789423,0.05747043613244898,0.37768597226673,0.24927548151024642,False
2021-11-05,0.3091691722975165,-0.10337408438126022,0.057424579520931884,0.3430743775023919,0.13505727673856655,False
2021-11-06,0.4123735997143205,0.10320442741680402,0.057131119866259406,0.3780286762302046,0.24857435205545336,False
2021-11-07,0.4126449682136027,0.0002713684992821652,0.05706519807024095,0.37806258007514654,0.21781693427063417,False
2021-11-08,0.4130000023667135,0.00035503415311083364,0.04627433229618837,0.4126728567648789,0.2158613778885277,False
2021-11-09,0.306210815487288,-0.10678918687942551,0.057511422975327964,0.3772852620225347,0.13257093627488195,False
2021-11-10,0.3071858644779721,0.0009750489906840687,0.058046082050692754,0.34213222744399124,0.1654946633463298,False
2021-11-11,0.4122408199092341,0.10505495543126203,0.05802203702078212,0.34187916662483137,0.24924130398815209,False
2021-11-12,0.3062170729239502,-0.10602374698528394,0.0581057494271591,0.3418812524370521,0.13292256225182172,False
2021-11-13,0.3549645241653929,0.04874745124144275,0.04681796782647472,0.35780747233285903,0.20147009102042424,False
2021-11-14,0.4127347702677004,0.057770246102307465,0.0529350744796116,0.35797212245234783,0.23428547386046475,False
2021-11-15,0.5977417477142796,0.18500697744657918,0.1104869178583442,0.4551470140491243,0.3764703506627824,True
2021-11-16,0.3066624097575843,-0.29107933795669527,0.12114589394712517,0.4390463092465214,0.0902365822812086,False
2021-11-17,0.3071612171383439,0.0004988073807595805,0.12097223009025304,0.40385512487006925,0.1779246968014504,False
2021-11-18,0.3070350732731016,-0.0001261438652422897,0.12678172745552443,0.3069529000563433,0.17883603896808298,False
2021-11-19,0.3070772918282343,4.221855513270034e-05,0.13003095915347448,0.30709119407989327,0.17955750331135184,False
2021-11-20,0.4132790858776279,0.10620179404939362,0.04753699271012319,0.3424638169929879,0.24800747969565667,False
2021-11-21,0.3071706969182101,-0.10610838895941782,0.047479814391613646,0.34250902487469076,0.13124879464960243,False
2021-11-22,0.3065923670359701,-0.0005783298822399918,0.04754390179896538,0.3423473832772694,0.16263146491310612,False
2021-11-23,0.3064940751575796,-9.829187839049958e-05,0.04760477482383291,0.30675237970391994,0.16273850498003922,False
2021-11-24,0.4114773586614008,0.10498328350382119,0.057857740982290864,0.34152126695165014,0.2488052125783049,False
2021-11-25,0.4110397460317437,-0.00043761262965708037,0.05724118100522199,0.37633705995024136,0.21683682542801913,False
2021-11-26,0.3059068400631345,-0.10513290596860919,0.057471941777719665,0.37614131491875963,0.13290793659652841,False
2021-11-27,0.411866652467339,0.10595981240420449,0.057654827636421935,0.37627107952073907,0.24925223548221523,False
2021-11-28,0.3056087255945782,-0.10625792687276081,0.057897009603853127,0.34112740604168396,0.13250638665623146,False
2021-11-29,0.41533803853401,0.10972931293943183,0.05862331646151498,0.3776044721986424,0.2523124764411376,False
2021-11-30,0.4094476013326873,-0.005890437201322707,0.058348019673366704,0.3767981218204252,0.21462627344062019,False
2021-12-01,0.4130783694535807,0.0036307681208933573,0.04782042556627168,0.41262133644009263,0.2171925002763127,False
2021-12-02,0.4093617403534684,-0.0037166291001122786,0.04756047168147922,0.4106292370465788,0.21307797578299636,False
2021-12-03,0.4115015003838985,0.0021397600304300934,0.0025350078025774673,0.41131387006364917,0.20689967976159376,False
2021-12-04,0.4127469192723347,0.0012454188884362116,0.001764831919712648,0.41120338666990053,0.20710005168664075,False
2021-12-05,0.3076642528464822,-0.10508266642585251,0.046536574051633944,0.37730422416757176,0.13161464130581213,False
2021-12-06,0.3509300440682152,0.04326579122173302,0.04741356768008236,0.3571137387290107,0.197927472936644,False
2021-12-07,0.3062579227858622,-0.04467212128235298,0.05272662566493488,0.32161740656685317,0.1502726501412122,False
2021-12-08,0.4120995501198412,0.10584162733397895,0.05287930268106402,0.35642917232463955,0.2483781237963271,False
2021-12-09,0.4126197252992584,0.0005201751794172149,0.052846365211959775,0.37699239940165397,0.21703518824584633,False
2021-12-10,0.3066913614361086,-0.1059283638631498,0.0530789180259316,0.37713687895173603,0.13218295516429568,False
2021-12-11,0.412220533340587,0.10552917190447841,0.05797072581215926,0.3771772066919847,0.24936316340406886,False
2021-12-12,0.4129697995934533,0.0007492662528663097,0.047310201284591624,0.37729389812338293,0.21617171992950487,False
2021-12-13,0.4128872862029928,-8.251339046050354e-05,0.047397927966659516,0.4126925397123444,0.21589847467769016,False
2021-12-14,0.3059831943358063,-0.10690409186718652,0.05825443846043953,0.37728009337741747,0.1325712572998351,False
2021-12-15,0.4134214260490053,0.107438231713199,0.047805286620761944,0.3774306355292681,0.24850323986261472,False
2021-12-16,0.3058196021151596,-0.10760182393384571,0.05871154969353455,0.3417414074999903,0.13237156381613296,False
2021-12-17,0.4123851597450714,0.10656555762991182,0.05860560312119506,0.3772087293030788,0.24988336778574827,False
2021-12-18,0.4179129583794149,0.005527798634343495,0.05955826814624731,0.3787059067465486,0.22252647240925993,False
2021-12-19,0.4081697872082192,-0.009743171171195664,0.048045256905813835,0.41282263511090184,0.2107709936339137,False
2021-12-20,0.414585831864823,0.006416044656603781,0.04818045525915863,0.4135561924841524,0.21885382038122436,False
2021-12-21,0.3062473124924614,-0.10833851937236161,0.04798969597124209,0.3763343105218346,0.13022003962877063,False
2021-12-22,0.3058361702836765,-0.00041114220878490926,0.058992304753386134,0.3422231048803203,0.16459320342988,False
2021-12-23,0.4122843955498692,0.10644822526619269,0.057906274531508026,0.34145595944200235,0.24965792026109399,False
2021-12-24,0.4122790907030657,-5.304846803499963e-06,0.05861844050609132,0.3767998855122037,0.21786164199871005,False
2021-12-25,0.4126406504650204,0.00036155976195473283,0.0582559383258012,0.41240137890598505,0.21807998082625688,False
2021-12-26,0.4125980443064676,-4.26061585527826e-05,0.04767969918885407,0.41250592849151785,0.2158221801434388,False
2021-12-27,0.3064075286580113,-0.10619051564845633,0.04742418157893721,0.3772154078098331,0.1308314459502562,False
2021-12-28,0.412048478533093,0.10564094987508171,0.047398122255620095,0.3770180171658573,0.24719614868019504,False
2021-12-29,0.41237348622449,0.0003250076913969835,0.04740863749071612,0.3769431644718648,0.2157659729178073,False
2021-12-30,0.3641657920591647,-0.04820769416532528,0.046885025133622485,0.3961959189389159,0.1769975928067093,False
2021-12-31,0.4145034123556401,0.05033762029647537,0.047207419909472935,0.3970142302130983,0.23179447624865726,False
2022-01-01,0.4125173194453287,-0.0019860929103113767,0.02179831832805805,0.3970621746200445,0.21002249551518254,False
2022-01-02,0.4122281886411367,-0.0002891308041920171,0.021816857185392707,0.41308297348070183,0.2103907265163893,False
2022-01-03,0.4112291636288521,-0.0009990250122846045,0.021701709647082665,0.41199155723843917,0.2096552162401572,False
2022-01-04,0.4123592825015741,0.001130118872722019,0.0011937237641657247,0.4119388782571876,0.2067574216654368,False
2022-01-05,0.3066455341673681,-0.10571374833420599,0.047155977513366226,0.37674466009926477,0.1310398380860955,False
2022-01-06,0.4125696191256418,0.10592408495827366,0.04716195017205714,0.3771914785981947,0.24749442508471442,False
2022-01-07,0.4130246908235911,0.00045507169794933855,0.047252809911599546,0.37741328137220037,0.21609942890350028,False
2022-01-08,0.4130550770018716,3.0386178280494835e-05,0.04745326066820379,0.41288312898370155,0.2160273064880607,False
2022-01-09,0.4140137460063886,0.000958669004517021,0.04764020724486635,0.4133645046106171,0.2168225151535227,False
2022-01-10,0.4172921954871064,0.00327844948071776,0.001918882348936701,0.4147870061651222,0.21001340905755586,False
2022-01-11,0.4185035632356665,0.0012113677485601215,0.002550893133453581,0.4166031682430538,0.21012537056909203,False
2022-01-12,0.307423871403907,-0.11107969183175953,0.04848197183555579,0.38107321004222666,0.13008442251953678,False
2022-01-13,0.4125390205965329,0.10511514919262593,0.04843194188182626,0.37948881841203547,0.2474904434324195,False
2022-01-14,0.3060359102046033,-0.10650311039192961,0.059954295079234506,0.3419996007350144,0.13305788100056967,False
2022-01-15,0.4107652155767911,0.10472930537218778,0.058791142811575076,0.376446715459309,0.24855962796236689,False
2022-01-16,0.30584294598268,-0.10492226959411105,0.057636842517544744,0.34088135725469143,0.13297216061661565,False
2022-01-17,0.306555580052775,0.0007126340700949751,0.0577927219685705,0.3410545805374154,0.16505012464113009,False
2022-01-18,0.4129974683502007,0.10644188829742568,0.05792024622588401,0.34179866479521853,0.25001534990950486,False
2022-01-19,0.412672317325191,-0.0003251510250096845,0.058035682175610885,0.3774084552427222,0.21784574979021476,False
2022-01-20,0.4137145451527201,0.0010422278275291075,0.05856909743038468,0.4131281102760373,0.21888376041069574,False
2022-01-21,0.4184491578244469,0.004734612671726812,0.048312042796855734,0.41494534010078593,0.22030737127311265,False
2022-01-22,0.4145266718465328,-0.003922485977914114,0.002334931076509494,0.4155634582745666,0.20655357634519406,False
2022-01-23,0.4121630815895273,-0.002363590257005499,0.0024912490081387133,0.4150463037535023,0.20587071351928973,False
2022-01-24,0.3074323204887016,-0.10473076110082569,0.04803350508799279,0.3780406913082539,0.13190363293170165,False
2022-01-25,0.4117648607692489,0.10433254028054728,0.04783341027142439,0.377120087615826,0.2467488745230735,False
2022-01-26,0.4121706134227238,0.0004057526534749223,0.04707027184116866,0.3771225982268915,0.2156210868756381,False
2022-01-27,0.4111163199234785,-0.0010542934992452957,0.04667828411019261,0.4116839313718171,0.21457752873400418,False
2022-01-28,0.4128474507286919,0.0017311308052133656,0.04675704978357872,0.4120447946916314,0.21629447456262568,False
2022-01-29,0.4124416141138287,-0.00040583661486320866,0.0006624289910634108,0.412135128255333,0.20623154187066806,False
2022-01-30,0.4158613401015828,0.003419725987754141,0.0017815125834793539,0.4137168016480344,0.20931289036381354,False
2022-01-31,0.4141296025222142,-0.0017317375793686196,0.001799766631262215,0.41414418557920857,0.20690523331354896,False
2022-02-01,0.4127207666054288,-0.0014088359167854225,0.001420860425582426,0.41423723640974197,0.20622190461279527,False
2022-02-02,0.413803746634019,0.001082980028590197,0.0013571443560567685,0.41355137192055397,0.20749819619679788,False
2022-02-03,0.4112735613290151,-0.0025301853050038736,0.0017038277554121287,0.4125993581894876,0.2052184906240888,False
2022-02-04,0.3068455803166312,-0.10442798101238393,0.04747872476758745,0.3773076294265551,0.1315901408081179,False
2022-02-05,0.417026696111577,0.11018111579494583,0.047836378410375746,0.3783819459190744,0.25113495847634737,False
2022-02-06,0.306676416902653,-0.11035027920892398,0.05879160602255629,0.34351623111028706,0.13199144589316059,False
2022-02-07,0.4119407368206225,0.10526431991796947,0.05845846238539939,0.37854794994495083,0.24924135686278195,False
2022-02-08,0.4111542841081747,-0.000786452712447816,0.05843781357946296,0.3765904792771501,0.21702876895624557,False
2022-02-09,0.4123255026096721,0.0011712185014974286,0.0476548564923729,0.4118068411794898,0.21604508815375986,False
2022-02-10,0.4124586676377443,0.00013316502807220187,0.0470913693642085,0.411979484785197,0.2156875572001355,False
2022-02-11,0.4128904016753536,0.0004317340376093215,0.0006537269990337622,0.4125581906409233,0.20670546644876636,False
2022-02-12,0.4138220259157436,0.00093162424038995,0.0009667887414858559,0.41305703174294717,0.20738385797828596,False
2022-02-13,0.4144998414383385,0.0006778155225949378,0.0009336316121287204,0.41373742300981187,0.2076399916983735,False
2022-02-14,0.4130801629990878,-0.0014196784392507267,0.0008098548579495553,0.41380067678439,0.20627614893935858,False
2022-02-15,0.4113211579750733,-0.0017590050240144928,0.0011923611923144919,0.4129670541374999,0.2053713497187952,False
2022-02-16,0.4139949130096421,0.002673755034568792,0.0012399259103666733,0.41279874466126776,0.20804756819726503,False
2022-02-17,0.4118886251792331,-0.002106287830409004,0.0013500181585921376,0.41240156538798284,0.20558242987221226,False
2022-02-18,0.4113548641607812,-0.0005337610184518726,0.0011724037915271882,0.4124128007832188,0.20575178453316048,False
2022-02-19,0.4120926155203382,0.000737751359557004,0.0010946026654355863,0.41177870162011754,0.20648655370112332,False
2022-02-20,0.4119108569918261,-0.00018175852851209928,0.0010144402389874916,0.41178611222431516,0.20610378898515694,False
2022-02-21,0.4122902621800798,0.00037940518825368974,0.00034876515245725864,0.41209791156408143,0.20632870567700745,False
2022-02-22,0.4121434529297799,-0.00014680925029991743,0.00036362987559214574,0.41211485736722864,0.20610040966491838,False
2022-02-23,0.412024470613943,-0.00011898231583690189,0.00014082625148964428,0.4121527285746009,0.20600470586251834,False
2022-02-24,0.4184115384508982,0.006387067836955196,0.0028295735226076097,0.41419315399820705,0.21168780428105718,False
2022-02-25,0.4120935132013527,-0.0063180252495455,0.0028073414809391905,0.41417650742206463,0.20471281732200053,False
2022-02-26,0.3064281242788429,-0.10566538892250976,0.048037381761097495,0.37897772531036455,0.13112192181488805,False
2022-02-27,0.4124427507857247,0.10601462650688176,0.04806859112526746,0.37698812942197346,0.24763948156998036,False
2022-02-28,0.4118126393249949,-0.0006301114607297764,0.048046926929346596,0.3768945047965208,0.21532667161014785,False
2022-03-01,0.3072265750336857,-0.10458606429130918,0.057670256669547004,0.37716065504813506,0.1337715195633595,False
2022-03-02,0.4125284892390495,0.10530191420536378,0.05774990063410585,0.3771892345325767,0.24940479900795506,False
2022-03-03,0.4127318933108537,0.00020340407180419184,0.04702682247454751,0.377495652527863,0.2158323323718776,False
2022-03-04,0.4137579116829443,0.001026018372090598,0.04717773996934503,0.4130060980776158,0.21662230934696833,False
2022-03-05,0.4125196280744784,-0.0012382836084658955,0.047254418880575216,0.41300314435609214,0.2153392127308145,False
2022-03-06,0.4180964007342386,0.0055767726597601985,0.0023862785531960705,0.41479131349722037,0.21119848787568657,False
2022-03-07,0.4092771423785114,-0.008819258355727166,0.0031751973636773637,0.4132977237290762,0.20262783315527302,False
2022-03-08,0.4188465719501466,0.009569429571635146,0.003986777979371856,0.41540670502096555,0.2130914704424382,False
2022-03-09,0.3061220862898134,-0.11272448566033316,0.048712431493349764,0.3780819335394905,0.1289861837454767,False
2022-03-10,0.4162539482494594,0.11013186195964597,0.049114029352184466,0.3804075354964731,0.2509893385830604,False
2022-03-11,0.4122853604932831,-0.003968587756176256,0.048457333363112386,0.378220465010852,0.21464357059241115,False
2022-03-12,0.4143225839713743,0.0020372234780911547,0.04894266695386763,0.4142872975713723,0.21756099241988802,False
2022-03-13,0.4116307022825951,-0.0026918816887792074,0.04811016675271037,0.41274621558241753,0.21462981998520583,False
2022-03-14,0.4167809042341807,0.005150201951585609,0.0022992918335386875,0.41424473016271673,0.21039537106927375,False
2022-03-15,0.4133656232241867,-0.003415281009993998,0.0020169252907915446,0.41392574324698755,0.20606161236725345,False
2022-03-16,0.4140421166647343,0.0006764934405475986,0.0018608626569983967,0.41472954804103385,0.2075961788959311,False
2022-03-17,0.411368910811297,-0.002673205853437277,0.0021847573414452708,0.412925550233406,0.2053194451179064,False
2022-03-18,0.4116165103493185,0.0002475995380215035,0.0021876990136111413,0.41234251260844995,0.20632007483878795,False
2022-03-19,0.4124161317413224,0.0007996213920039019,0.0011374583034558304,0.41180051763397935,0.20667544394895354,False
2022-03-20,0.3064935302521351,-0.1059226014891873,0.047356864936147,0.37684205744759197,0.13094135766654075,False
2022-03-21,0.4115280049910905,0.10503447473895539,0.04706598775481446,0.376812555661516,0.24668754246819477,False
2022-03-22,0.3476067694743587,-0.06392123551673179,0.04867126384469156,0.35520943490586143,0.16436126685109811,False
2022-03-23,0.4127168727718239,0.0651101032974652,0.048863755118215946,0.3906172157457577,0.2356642183987947,False
2022-03-24,0.4128151654574828,9.829268565891836e-05,0.04893398235890326,0.3910462692345551,0.21622386700621973,False
2022-03-25,0.412837438894642,2.2273437159159304e-05,0.0290148535587076,0.4127898257079829,0.21222837219021026,False
2022-03-26,0.306720499827819,-0.10611693906682296,0.049076637180914026,0.37745770139331464,0.13134049563004543,False
2022-03-27,0.3552394808651754,0.04851898103735641,0.047980394396954465,0.35826580652921214,0.20177151362318554,False
2022-03-28,0.4157443048902406,0.060504824025065185,0.048511603046464485,0.35923476186107833,0.23572592026193276,False
2022-03-29,0.4194596119309086,0.00371530704066797,0.049688974648059964,0.3968144658954415,0.22078219300726667,False
2022-03-30,0.4092534322842863,-0.010206179646622293,0.04915590410926783,0.4148191163684785,0.21139604307001003,False
2022-03-31,0.4134620006649372,0.004208568380650923,0.026750159870555696,0.41405834829337734,0.21334360282077502,False
2022-04-01,0.3019815816832565,-0.1114804189816807,0.05044659149432193,0.37489900487749334,0.12763598344598842,False
2022-04-02,0.3062822437616402,0.004300662078383699,0.06033748799291851,0.34057527536994464,0.16649881810291892,False
2022-04-03,0.3066080573208189,0.00032581355917871146,0.05832549017639014,0.30495729425523854,0.16506687076344112,False
2022-04-04,0.4129316319901037,0.10632357466928477,0.05931363457669995,0.341940644357521,0.25022561531117726,False
2022-04-05,0.4121283929332375,-0.0008032390568661896,0.05894897288011072,0.3772226940813867,0.21761301932558103,False
2022-04-06,0.3062054911411789,-0.1059229017920586,0.05814971737879759,0.37708850535484,0.1329558185087314,False
2022-04-07,0.4122480929312375,0.10604260179005859,0.058075603030527806,0.37686065900188465,0.2495519476087419,False
2022-04-08,0.4116538185468598,-0.0005942743843777021,0.047422490101438494,0.3767024675397587,0.21513312497840428,False
2022-04-09,0.4163205998668916,0.004666781320031843,0.04783613326313749,0.4134075037816629,0.21912756098208286,False
2022-04-10,0.4115670700496943,-0.004753529817197344,0.047776860148347866,0.4131804961544819,0.2139128481093575,False
2022-04-11,0.417248342093697,0.005681272044002705,0.0027497584343406803,0.415045337336761,0.21087850434691743,False
2022-04-12,0.4161640994955092,-0.0010842425981877901,0.0027522178206604766,0.41499317054630014,0.20830722053243034,False
2022-04-13,0.4193715170822056,0.003207417586696404,0.0028555143709133395,0.4175946528904706,0.21121908669129438,False
2022-04-14,0.4084882698157036,-0.010883247266502027,0.004437742761811588,0.4146746287978061,0.20186670928026348,False
2022-04-15,0.4090965650881502,0.0006082952724466018,0.004961952502989416,0.4123187839953531,0.20572316162640694,False
2022-04-16,0.4087245430984244,-0.00037202198972580147,0.005061842273089679,0.408769792667426,0.20526303340691238,False
2022-04-17,0.410751418354566,0.002026875256141647,0.004605522332699299,0.40952417551371356,0.20690487622066536,False
2022-04-18,0.412293315825406,0.0015418974708399924,0.0016177767075499793,0.4105897590927989,0.20693278249546498,False
2022-04-19,0.4118174373823416,-0.00047587844306440363,0.0015913824621261367,0.41162072385410453,0.2060842316506767,False
2022-04-20,0.4158017569975429,0.003984319615201293,0.0025877355065834747,0.4133041700684302,0.20961372148464852,False
2022-04-21,0.4168236704878909,0.0010219134903479699,0.0026545548003565015,0.4148142882892585,0.2092493202511211,False
2022-04-22,0.4092709943039428,-0.007552676183948059,0.00308507529595841,0.4139654739297922,0.20298670935597868,False
2022-04-23,0.4121663626855012,0.0028953683815584053,0.0030949244404272496,0.4127536758257783,0.20757077674530358,False
2022-04-24,0.3058476503260492,-0.106318712359452,0.048243998152177614,0.3757616691051644,0.13067701108562452,False
2022-04-25,0.3543144776567097,0.04846682733066049,0.04849038161489458,0.3574428302227534,0.20139536335053193,False
2022-04-26,0.4109038146741281,0.05658933701741842,0.04741726656595301,0.35702198088562903,0.2319121617554802,False
2022-04-27,0.4100750612886153,-0.0008287533855128038,0.04754889250359906,0.3917644512064844,0.21429868312937364,False
2022-04-28,0.4117004747322295,0.0016254134436141654,0.04746720790684575,0.4108931168983243,0.21583130298056813,False
2022-04-29,0.4149143279836895,0.0032138532514600082,0.02581751857867561,0.4122299546681781,0.21358482368301787,False
2022-04-30,0.4115314671924646,-0.0033828607912249065,0.0018409564997787422,0.41271542330279454,0.20511906665882057,False
2022-05-01,0.4214295260646416,0.00989805887217704,0.004549617776359449,0.4159584404135986,0.21459410424924583,False
2022-05-02,0.4084048965891981,-0.013024629475443528,0.004947347409420568,0.4137886299487681,0.2012845289338501,False
2022-05-03,0.4047489191848998,-0.003655977404298294,0.0063820041780490114,0.4115277806129132,0.20255406720677022,False
2022-05-04,0.4079549278405999,0.0032060086557000878,0.00640248840174529,0.4070362478715659,0.20621976419735902,False
2022-05-05,0.3086465201364102,-0.0993084077041897,0.046055871825764566,0.3737834557206366,0.1337419121221011,False
2022-05-06,0.4113335853050031,0.10268706516859288,0.044542898129206344,0.3759783444273377,0.24538149182892066,False
2022-05-07,0.4121362663505641,0.0008026810455610267,0.04499463540270286,0.37737212393065916,0.21530786456949091,False
2022-05-08,0.4120357884210787,-0.00010047792948542078,0.045745470477718014,0.4118352133588819,0.2151368449272373,False
2022-05-09,0.4108922982776951,-0.0011434901433836075,0.04604481410048884,0.41168811768311264,0.21431206491593024,False
2022-05-10,0.4120514811465971,0.0011591828689020423,0.0005506249432345734,0.41165985594845694,0.2064836204226161,False
2022-05-11,0.4125500186578041,0.0004985375112069867,0.0006184036716451542,0.4118312660273655,0.20654825131659318,False
2022-05-12,0.4156903722213168,0.0031403535635126656,0.0018082225418607294,0.4134306240085727,0.20914893668808432,False
2022-05-13,0.4095302170423959,-0.006160155178920879,0.0022993900860704534,0.41259020264050555,0.20337693998473577,False
2022-05-14,0.4092864704963094,-0.00024374654608649848,0.002609030230728076,0.41150235325334067,0.20509191733047438,False
2022-05-15,0.4101687467268245,0.0008822762305151222,0.0027017918686446816,0.40966181142184327,0.20588941460629573,False
2022-05-16,0.4136294784832575,0.0034607317564329665,0.0028511486382011226,0.4110282319021305,0.20842318849619887,False
2022-05-17,0.412369353176174,-0.0012601253070834706,0.0019089698144258778,0.41205585946208534,0.20618843295884715,False
2022-05-18,0.3591668019080801,-0.05320255126809392,0.023406650443857972,0.39505521118917053,0.16830396566238345,False
2022-05-19,0.4078689347883305,0.04870213288025038,0.023288328339160117,0.3931350299575282,0.22320277292607238,False
2022-05-20,0.4115735726706506,0.0037046378823201165,0.02343999986379265,0.3928697697890204,0.21158617767277987,False
2022-05-21,0.4105656873697711,-0.0010078853008794741,0.023061740121583452,0.41000273160958406,0.20959282611893842,False
2022-05-22,0.4136625273668416,0.0030968399970704996,0.02323739378952356,0.41193392913575444,0.2124077944404467,False
2022-05-23,0.4172632715682955,0.003600744201453898,0.003521233759230118,0.4138304954349694,0.21041610579642994,False
2022-05-24,0.4120324302818046,-0.005230841286490928,0.002622464976557853,0.41431940973898057,0.2049714557502666,False
2022-05-25,0.4114850386814739,-0.0005473916003306822,0.002634937754269552,0.41359358017719133,0.20610528941149164,False
2022-05-26,0.4117710594256843,0.00028602074421041346,0.0024010988473177636,0.4117628427963209,0.20645155570556883,False
2022-05-27,0.412782851419627,0.00101179199394269,0.0023948817065623136,0.41201298317559504,0.20717393964930877,False
2022-05-28,0.4120427653330291,-0.0007400860865979242,0.0004823717616362912,0.4121988920594468,0.20589583119286242,False
2022-05-29,0.41087635312044,-0.001166412212589063,0.0007031610783418974,0.4119006566243654,0.20522888511211165,False
2022-05-30,0.4103665289712119,-0.0005098241492281219,0.0009571320733960741,0.411095215808227,0.2052217436555167,False
2022-05-31,0.4126777884939951,0.0023112595227832156,0.001082881951766924,0.41130689019521566,0.2072488484941859,False
2022-06-01,0.412154568896899,-0.000523219597096114,0.0009627494997800162,0.411732962120702,0.20611286846927668,False
2022-06-02,0.5999901879176512,0.18783561902075224,0.08429213515697755,0.47494084843618173,0.3732042066964468,True
2022-06-03,0.332488159784467,-0.26750202813318424,0.09918003536122888,0.4482109721996724,0.10582947852452401,False
2022-06-04,0.4126715574121698,0.08018339762770282,0.09905069176028881,0.4483833017047627,0.2502009363464535,False
2022-06-05,0.4119363953198864,-0.0007351620922834146,0.09909113091971167,0.38569870417217444,0.2255658752162005,False
2022-06-06,0.4079956574781006,-0.00394073784178578,0.09933590703515126,0.41086787007005227,0.22268278879354483,False
2022-06-07,0.4123149649468948,0.004319307468794165,0.03526468575189653,0.4107490059149606,0.21450621186446495,False
2022-06-08,0.4123965661274066,8.160118051181442e-05,0.0019560526764804322,0.41090239618413404,0.20661397395315292,False
2022-06-09,0.3676400179620672,-0.044756548165339416,0.019549503496409763,0.3974505163454562,0.17430294523071374,False
2022-06-10,0.4124500661267968,0.04481004816472961,0.019613020538328457,0.3974955500720902,0.22359065162048297,False
2022-06-11,0.4138379384507945,0.0013878723239976742,0.02018358086560639,0.3979760075132195,0.21137204709571783,False
2022-06-12,0.3066298811945866,-0.10720805725620786,0.04677053078248075,0.37763929525739265,0.1305066295769271,False
2022-06-13,0.4175568935587113,0.11092701236412467,0.047641493042617715,0.3793415710680308,0.2515848490971166,False
2022-06-14,0.4121925521077682,-0.005364341450943111,0.048069296288839644,0.3787931089536887,0.21410083287636908,False
2022-06-15,0.4159366229060959,0.0037440707983277255,0.048454191144152316,0.41522868952419173,0.21878237092137673,False
2022-06-16,0.3356774856286847,-0.08025913727741119,0.05257649100568592,0.38793555354751624,0.1542762998322562,False
2022-06-17,0.4112734861996228,0.07559600057093807,0.03522965192601695,0.3876291982448012,0.23536147365629623,False
2022-06-18,0.4115497591129413,0.00027627291331849824,0.03451360845849833,0.38616691031374967,0.21276048312216586,False
2022-06-19,0.4083722646031887,-0.0031774945097525764,0.034142507239443655,0.4103985033052509,0.21006138539655733,False
2022-06-20,0.4120605375229011,0.0036882729197124098,0.03363282048769593,0.4106608537463437,0.21386331473490347,False
2022-06-21,0.3067719712983562,-0.10528856622454491,0.04655122275491811,0.3757349244748154,0.13110966033279825,False
2022-06-22,0.4152262132411923,0.1084542419428361,0.04703375614634604,0.37801957402081654,0.24955613043271618,False
2022-06-23,0.4109069434426325,-0.004319269798559788,0.04696367198998768,0.37763504266072695,0.21355042517974585,False
2022-06-24,0.4119102308088515,0.0010032873662189634,0.04732239644195369,0.41268112916422545,0.21572058090268215,False
2022-06-25,0.4126026702850509,0.0006924394761994024,0.04738222337333483,0.41180661484551156,0.21598551166005223,False
2022-06-26,0.4117948909536898,-0.0008077793313610582,0.0016450621625442804,0.4121025973491974,0.20598412410994543,False
2022-06-27,0.4160207399115839,0.004225848957894074,0.001979949592807774,0.4134727670501082,0.20967411456172172,False
2022-06-28,0.4174929602737278,0.0014722203621438945,0.0026201125820436585,0.4151028637130005,0.20971216876191578,False
2022-06-29,0.4101947834629028,-0.007298176810825008,0.003035681851034226,0.4145694945494049,0.20351507505841074,False
2022-06-30,0.4102107127654125,1.5929302509709586e-05,0.003402617683187742,0.4126328188340143,0.20579065871009672,False
2022-07-01,0.4123864154005803,0.002175702635167809,0.003353971017714199,0.4109306372096318,0.20751671269438335,False
2022-07-02,0.3545694333550794,-0.0578169820455009,0.02610958990686589,0.39238885384035743,0.1651615400452626,False
2022-07-03,0.3056701695071259,-0.04889926384795351,0.047526880498272736,0.3575420060875952,0.14767068169883144,False
2022-07-04,0.4113514521102189,0.10568128260309301,0.0477214904305366,0.35719701832414136,0.24692440892214468,False
2022-07-05,0.4129629549384029,0.0016115028281840083,0.04818743371387298,0.37666152551858256,0.21660241506043124,False
2022-07-06,0.4172366628619334,0.00427370792353049,0.04905872788803526,0.4138503566368517,0.2197121893856329,False
2022-07-07,0.4158247640671814,-0.001411898794752009,0.04865546402838491,0.4153414606225059,0.21721990520084208,False
2022-07-08,0.4144194092158575,-0.00140535485132387,0.0023144839183180605,0.41582694538165743,0.20725099493619523,False
2022-07-09,0.4119406514959907,-0.002478757719866831,0.0021307815415408157,0.4140616082596765,0.20565285474034345,False
2022-07-10,0.4106166891413779,-0.0013239623546127954,0.002723466155787803,0.41232558328440866,0.20545584909546266,False
2022-07-11,0.418184416224881,0.007567727083503117,0.003021105100421861,0.4135805856207499,0.2119667472575758,False
2022-07-12,0.4122747921866658,-0.005909624038215211,0.002959494545347676,0.41369196585097495,0.20495640779093785,False
2022-07-13,0.4109765140412293,-0.0012982781454364822,0.003086186923393732,0.4138119074842587,0.20571601096166248,False
2022-07-14,0.4113566936483647,0.000380179607135378,0.0031373966349145686,0.4115359999587533,0.20641988003330589,False
2022-07-15,0.4120153317544671,0.0006586381061023938,0.002964845212338269,0.4114495131480203,0.20679822635153192,False
2022-07-16,0.4114801638670013,-0.0005351678874657706,0.000521535262059814,0.4116173964232777,0.20568383861967288,False
2022-07-17,0.4127465860964346,0.001266422229433295,0.0006861599636334723,0.41208069390596763,0.206890451709774,False
2022-07-18,0.4104078818949404,-0.002338704201494235,0.0008634025039126407,0.41154487728612543,0.20467501018780446,False
2022-07-19,0.416413698697139,0.006005816802198638,0.0022894446033407795,0.4131893888961713,0.21046648330989723,False
2022-07-20,0.4162553080447599,-0.00015839065237910344,0.002751463967118566,0.4143589628789464,0.20863042962008996,False
2022-07-21,0.4093801849085284,-0.006875123136231509,0.0032453208618285455,0.4140163972168091,0.20327661968576047,False
2022-07-22,0.4160168987296984,0.006636713821169982,0.0034914355249657312,0.41388413056099554,0.21069775061619334,False
2022-07-23,0.4089095060208552,-0.0071073927088431965,0.0038860858607499852,0.4114355298863606,0.2030997523699246,False
2022-07-24,0.4091481837470664,0.00023867772621122274,0.0038332020393106584,0.4113581961658734,0.2054123355992587,False
2022-07-25,0.4111042777148611,0.00195609396779467,0.0029817968142236417,0.40972065582759426,0.20673532641061365,False
2022-07-26,0.3559889144471242,-0.05511536326773686,0.024897878931250245,0.3920804586363506,0.1664394240294911,False
2022-07-27,0.4123506010923347,0.05636168664521046,0.02436512891635042,0.39314793108477336,0.22795683232300057,False
2022-07-28,0.4123474946367606,-3.106455574053424e-06,0.024742631987808683,0.3935623367254066,0.21112134177926983,False
2022-07-29,0.4120619890932073,-0.0002855055435533327,0.025038972814591186,0.4122533616074342,0.21095313744645589,False
2022-07-30,0.4121832480647299,0.00012125897152259757,0.025154678114755316,0.4121975772648992,0.2111589373467728,False
2022-07-31,0.4111353819643198,-0.0010478661004100776,0.0005068089609560005,0.411793539707419,0.2053546929442281,False
2022-08-01,0.4176967975191528,0.006561415554832972,0.002620749361836425,0.4136718091827341,0.21134097329839358,False
2022-08-02,0.4137254916048524,-0.003971305914300394,0.0025961460850602853,0.41418589036277503,0.20619058324514813,False
2022-08-03,0.4094980621118925,-0.0042274294929599,0.0031176059812243005,0.4136401170786326,0.20410432340430315,False
2022-08-04,0.4108951250065973,0.0013970628947048147,0.0032371792009421663,0.41137289290778073,0.20651411721189852,False
2022-08-05,0.4117086494720827,0.0008135244654853824,0.0031824620154630523,0.4107006121968575,0.20673487447877956,False
2022-08-06,0.3062617053013293,-0.1054469441707534,0.047069560959832564,0.3762884932600031,0.13091068159140515,False
2022-08-07,0.3053136654615657,-0.0009480398397636036,0.05746959227806425,0.34109467341165917,0.1638663392344666,False
2022-08-08,0.4101980888365866,0.10488442337502091,0.0575944398878807,0.3405911531998272,0.2480832594083757,False
2022-08-09,0.4131393792397523,0.0029412904031657083,0.05801101845114644,0.3762170445126349,0.21905428043105515,False
2022-08-10,0.3054828605388255,-0.1076565187009268,0.058059506576670215,0.37627344287172143,0.13205637597446876,False
2022-08-11,0.4109409378945793,0.1054580773557538,0.058083957949347884,0.3765210592243857,0.24872468374388537,False
2022-08-12,0.41203616047877,0.0010952225841907026,0.047460535254952384,0.3761533196373916,0.21583875406563272,False
2022-08-13,0.4123229068296624,0.0002867463508923751,0.04769153056633364,0.4117666684010039,0.21578578343336563,False
2022-08-14,0.4116386952508732,-0.0006842115787891734,0.047520086861263376,0.41199925418643524,0.21511810152405253,False
2022-08-15,0.4113491778135634,-0.0002895174373098164,0.0005465865482344516,0.4117702599646997,0.20569705098523564,False
2022-08-16,0.4176121739397097,0.006262996126146281,0.0026094836854078578,0.4135333490013821,0.21120688254478032,False
2022-08-17,0.4115352641716691,-0.006076909768040595,0.002664381430262917,0.41349887197498064,0.20447743544147495,False
2022-08-18,0.3580559764722963,-0.05347928769937277,0.024728741857839794,0.39573447152789165,0.1679299502979043,False
2022-08-19,0.412681057850042,0.05462508137774569,0.024834080342091346,0.39409076616466915,0.22769486940676298,False
2022-08-20,0.306585026572765,-0.10609603127727701,0.048322167960142236,0.3591073536317011,0.13112813749522784,False
2022-08-21,0.4127439555114836,0.10615892893871859,0.04744859514021657,0.37733667997809683,0.2477093754654007,False
2022-08-22,0.4129307565725786,0.00018680106109503214,0.04768164021776763,0.37741991288560905,0.21605774664817134,False
2022-08-23,0.4128862672780038,-4.4489294574789895e-05,0.04750558896273224,0.41285365978735533,0.2159309046431759,False
2022-08-24,0.4118340119047102,-0.0010522553732936202,0.04741288347362132,0.4125503452517642,0.21508390603509128,False
2022-08-25,0.412773886157447,0.0009398742527367832,0.00045369105546150615,0.412498055113387,0.2067596435656368,False
2022-08-26,0.4192465730199061,0.006472686862459109,0.0030034766107174594,0.41461815702735444,0.21216578789083426,False
2022-08-27,0.409233632114043,-0.010012940905863077,0.003689136512166937,0.4137513637637987,0.20235076108769595,False
2022-08-28,0.411476249081007,0.002242616966963984,0.0037715950315868594,0.41331881807165205,0.20716522863691006,False
2022-08-29,0.3067046878099186,-0.10477156127108839,0.04776368621790979,0.37580485633498956,0.13147361276721475,False
2022-08-30,0.3064734161296348,-0.00023127168028380662,0.05857631857971328,0.3415514510068534,0.1648825902766749,False
2022-08-31,0.4116974749404769,0.10522405881084212,0.05708822626871074,0.3416251929600101,0.24883360036723323,False
2022-09-01,0.4130232715924851,0.0013257966520081599,0.057775007261200044,0.37706472088753223,0.218464376244085,False
2022-09-02,0.4129164352119879,-0.00010683638049718835,0.058037255688837545,0.4125457272483167,0.2180336178296123,False
2022-09-03,0.4137837726089579,0.0008673373969699805,0.047581268089293055,0.41324115980447695,0.21666834114142852,False
2022-09-04,0.4130557278887139,-0.0007280447202439588,0.0007527829994031223,0.41325197856988655,0.2064600071281644,False
2022-09-05,0.3219600529404587,-0.09109567494825521,0.040802869574438606,0.38293318447937685,0.14181189790064053,False
2022-09-06,0.4107152031127057,0.088755150172247,0.04055958516153747,0.38191032798062613,0.24009606364033445,False
2022-09-07,0.4153424939067267,0.004627290794020966,0.04084866546537782,0.3826725833199636,0.2172291672846452,False
2022-09-08,0.4176031824458553,0.0022606885391286413,0.041321387119042825,0.41455362648842925,0.2177440752084748,False
2022-09-09,0.4097611228880153,-0.007842059557840009,0.04100117055044182,0.4142355997468658,0.210728177686744,False
2022-09-10,0.3059857309060525,-0.10377539198196278,0.04812612497054475,0.3777833454133077,0.13148547285254636,False
2022-09-11,0.4121729264225787,0.10618719551652617,0.04827293264497891,0.3759732600722155,0.247597208395243,False
2022-09-12,0.4124774853406044,0.0003045589180257213,0.047945045755668964,0.3768787142230785,0.2159191194968437,False
2022-09-13,0.4109330852448707,-0.0015444000957337,0.04712646680417847,0.4118611656693513,0.21442851595455095,False
2022-09-14,0.4116625448617891,0.0007294596169183931,0.047330340325924834,0.41169103848242145,0.21551617838115503,False
2022-09-15,0.4131181050872184,0.0014555602254293087,0.0008266978359866845,0.4119045783979594,0.20716106017843533,False
2022-09-16,0.414670071518488,0.0015519664312695913,0.0014337204899410618,0.41315024048916515,0.20808736978661307,False
2022-09-17,0.4153413028501934,0.0006712313317053797,0.0018868328490585658,0.4143764931519666,0.20824938739442003,False
2022-09-18,0.4166992702405503,0.001357967390356929,0.001957727782148325,0.41557021486974394,0.20914857089381192,False
2022-09-19,0.4159218220970004,-0.0007774481435499081,0.0013593631438029018,0.4159874650625814,0.2079995492341958,False
2022-09-20,0.4200716293525032,0.004149807255502791,0.002110297422185306,0.4175642405633513,0.21170281633733948,False
2022-09-21,0.4134387332467019,-0.006632896105801311,0.0024307109276459136,0.4164773948987352,0.2052156399771397,False
2022-09-22,0.4122253438441018,-0.0012133894026000736,0.003055378481697755,0.41524523548110226,0.20635973079761044,False
2022-09-23,0.4120718036410062,-0.00015354020309560346,0.0033525686235343693,0.4125786269106033,0.20666035348428127,False
2022-09-24,0.4109981310145862,-0.001073672626419997,0.0036322502598898545,0.4117650928332314,0.20590341377134508,False
2022-09-25,0.4128378667359042,0.0018397357213180143,0.000913440023306645,0.4119692671304989,0.20715354208900885,False
2022-09-26,0.415287601697664,0.002449734961759764,0.0015991967318292302,0.4130411998160515,0.20869856068372578,False
2022-09-27,0.4138232301443831,-0.0014643715532808854,0.0016436297537315869,0.41398289952598377,0.2068010295569536,False
2022-09-28,0.414243640316292,0.0004204101719089137,0.0016226217658506055,0.41445149071944637,0.2075724675628888,False
2022-09-29,0.4141529582656488,-9.068205064322044e-05,0.0008801463296529829,0.414073276242108,0.20722530378356205,False
2022-09-30,0.4073432341504603,-0.006809724115188487,0.003193012803733981,0.411913277577467,0.2022673024014204,False
2022-10-01,0.4123094302830224,0.004966196132562106,0.0029186164732993665,0.41126854089971054,0.2082282972759397,False
2022-10-02,0.4099915479133961,-0.002317882369626323,0.002946038096368887,0.40988140411562624,0.20488961686508392,False
2022-10-03,0.3063885917607912,-0.1036029561526049,0.046830509599827944,0.3762298566524032,0.13147951095457971,False
2022-10-04,0.3071210226741131,0.0007324309133219242,0.05651267990986028,0.3411670541161002,0.1650827765930252,False
2022-10-05,0.4111499244260179,0.10402890175190477,0.057186225247132745,0.34155317962030735,0.24822087778800694,False
2022-10-06,0.4177409803536554,0.006591055927637535,0.05824704722258501,0.37867064248459553,0.222497216399636,False
2022-10-07,0.4132828494691721,-0.0044581308844833245,0.058820998494099906,0.41405791808294845,0.21706818516806103,False
2022-10-08,0.4152421997606391,0.001959350291466988,0.04801770810527436,0.4154220098611556,0.21781244658881452,False
2022-10-09,0.4168133980320379,0.0015711982713987882,0.002669876151700084,0.4151128157539497,0.20941203372777858,False
2022-10-10,0.413803135446584,-0.0030102625854538934,0.0019060645591213398,0.415286244413087,0.2063797018594801,False
2022-10-11,0.4083660130149187,-0.0054371224316652755,0.0031824017188613715,0.41299418216451356,0.20318835012173206,False
2022-10-12,0.4112037332219381,0.0028377202070193897,0.0033495589876380233,0.4111242938944803,0.20712309447060245,False
2022-10-13,0.4120139032899094,0.0008101700679712942,0.0031341678518121874,0.41052788317558875,0.20687683623570852,False
2022-10-14,0.4130030256323549,0.0009891223424455253,0.0020963606185484067,0.4120735540480675,0.2072175216426208,False
2022-10-15,0.3065860534909121,-0.1064169721414428,0.046792818029680695,0.3772009941377255,0.13072649870895936,False
2022-10-16,0.4117189603134016,0.10513290682248949,0.047140356356325214,0.37710267981222284,0.2468274234747127,False
2022-10-17,0.4100837493948515,-0.001635210918550123,0.04702230342509393,0.37612958773305505,0.2139557721068795,False
2022-10-18,0.4147772300511069,0.004693480656255411,0.04735080690316889,0.41219331325312,0.21826682060306385,False
2022-10-19,0.4126076391700001,-0.0021695908811067977,0.047305671464034964,0.4124895395386528,0.21511407661347498,False
2022-10-20,0.4116390128398636,-0.0009686263301365017,0.0017195124849957878,0.41300796068699014,0.20587282101789,False
2022-10-21,0.4152849966537653,0.0036459838139016876,0.0021689125675553177,0.4131772162212097,0.20917007598456422,False
2022-10-22,0.4138509061533195,-0.0014340905004457949,0.0015094024175732656,0.4135916385489828,0.20679710641004065,False
2022-10-23,0.4171028117306968,0.003251905577377312,0.00216602740782323,0.4154129048459272,0.20996018302012623,False
2022-10-24,0.419110103950525,0.002007292219828205,0.002881941681963289,0.41668794061151376,0.21073362797760362,False
2022-10-25,0.4159471453842016,-0.003162958566323426,0.0019802565226652168,0.41738668702180776,0.2074207364267368,False
2022-10-26,0.4092748448027223,-0.0066723005814792735,0.0037514442897684823,0.414777364712483,0.20338602108487105,False
2022-10-27,0.4111730180587623,0.00189817325603997,0.0041379536990357475,0.4121316694152288,0.20698355174600028,False
2022-10-28,0.4120759909472644,0.0009029728885021071,0.0039609043948798574,0.41084128460291636,0.2071010682191588,False
2022-10-29,0.4177536146680766,0.005677623720812208,0.0035018216507116695,0.41366754122470106,0.21128045878042429,False
2022-10-30,0.4137247407727122,-0.004028873895364382,0.0032012271596593405,0.4145181154626844,0.20629395364967865,False
2022-10-31,0.410140556064452,-0.0035841847082602185,0.002978535209032017,0.41387297050174693,0.2045907296615543,False
2022-11-01,0.408364957153348,-0.001775598911104015,0.00360232740853991,0.4107434179968374,0.20437026438505076,False
2022-11-02,0.4059867405136027,-0.002378216639745301,0.004627687659362522,0.4081640845771342,0.20320544279675024,False
2022-11-03,0.4157330536666525,0.009746313153049802,0.003950328938243691,0.41002825044453434,0.2115804865668899,False
2022-11-04,0.4162438828314367,0.0005108291647842322,0.00453550618826931,0.4126545590038973,0.20918229140280747,False
2022-11-05,0.4087273523295829,-0.007516530501853802,0.00466745718189754,0.4135680962758907,0.2030422084506148,False
2022-11-06,0.4198816465007988,0.011154294171215884,0.005751001686863693,0.4149509605539395,0.2144373118391369,False
2022-11-07,0.418149634985322,-0.0017320115154768057,0.004254130256573643,0.41558621127190126,0.20940604008933267,False
2022-11-08,0.415699115915079,-0.0024505190702429624,0.004254185372454605,0.4179101324670666,0.20796523931095756,False
2022-11-09,0.4161274085592797,0.0004282926442006896,0.004251056428295113,0.4166587198198936,0.2090424033585591,False
2022-11-10,0.4127628341044508,-0.003364574454828906,0.0026879623540117755,0.4148631195262698,0.20590963718657906,False
2022-11-11,0.4126828999660477,-7.993413840312602e-05,0.0023461819326616924,0.41385771420992606,0.20678670612803524,False
2022-11-12,0.4138698643491384,0.0011869643830907384,0.0016151037405013806,0.4131051994732123,0.20761404223759672,False
2022-11-13,0.4109855676486898,-0.0028842967004485964,0.0018936684623339732,0.41251277732129193,0.20500622850667713,False
2022-11-14,0.4109539095530019,-3.165809568794753e-05,0.0012602575306779578,0.41193644718361,0.20571950885393014,False
2022-11-15,0.4192526659227857,0.008298756369783833,0.0034165248427464423,0.41373071437482584,0.2127992648408773,False
2022-11-16,0.4126653314621398,-0.0065873344606459105,0.003417647086793838,0.41429063564597585,0.2050399948102349,False
2022-11-17,0.4115998314268484,-0.001065500035291378,0.0035132216078310992,0.41450594293725795,0.206182910024403,False
2022-11-18,0.3611031664026533,-0.05049666502419514,0.02371744148302994,0.39512277643054716,0.17014607199067408,False
2022-11-19,0.412657504628528,0.05155433822587474,0.02386995303340561,0.39512016748600987,0.22656904438870756,False
2022-11-20,0.3065720114681116,-0.10608549316041643,0.0471079017196187,0.360110894166431,0.1308819381298546,False
2022-11-21,0.4125766700711062,0.10600465860299463,0.04709297893388665,0.37726872872258194,0.24750832840322884,False
2022-11-22,0.4121688349926531,-0.0004078350784531004,0.047186301530021325,0.377105838843957,0.2153993272787949,False
2022-11-23,0.4153737858319301,0.0032049508392769654,0.04769985333286795,0.4133730969652298,0.2181883488343217,False
2022-11-24,0.4140549972828681,-0.0013187885490619777,0.04785595014575576,0.41386587270248376,0.21620305210586663,False
2022-11-25,0.4164402224150288,0.0023852251321607176,0.0018130434609248721,0.4152896685099423,0.20929828743934759,False
2022-11-26,0.297311784094731,-0.11912843832029779,0.052436619310849655,0.375935667930876,0.12340468441344613,False
2022-11-28,0.2962484297546673,-0.0010633543400637158,0.06491694703393967,0.33666681208814236,0.1607885979821025,False
2022-12-01,0.3544335733801985,0.05818514362553118,0.05924516246150469,0.3159979290765323,0.20652136227005952,False
2022-12-02,0.4126479528283235,0.05821437944812502,0.058901015657409635,0.35444331865439643,0.23556849338008118,False
2022-12-03,0.3074232233472587,-0.10522472948106482,0.05019913801898081,0.3581682498519269,0.13218402043310606,False
2022-12-04,0.4124667030544661,0.1050434797072074,0.05551534169511319,0.3775126264100161,0.2488494637784179,False
2022-12-05,0.4123272198269002,-0.00013948322756590636,0.04766014341192626,0.37740571540954165,0.21565379362756557,False
2022-12-06,0.4130616646055335,0.0007344447786333252,0.047048870759437374,0.4126185291622999,0.21616093988824422,False
2022-12-07,0.4141550795919933,0.0010934149864598175,0.04722205554730802,0.41318132134147567,0.2168499754013962,False
2022-12-08,0.4116914039673411,-0.0024636756246522173,0.0009287827846071294,0.4129693827216226,0.20529235585319633,False
2022-12-09,0.4147025031770373,0.0030110992096961664,0.0012475640993140304,0.4135163289121239,0.2085040941712903,False
2022-12-10,0.4177149933934202,0.003012490216382946,0.0022459607336628557,0.41470296684593294,0.21021043590835756,False
2022-12-11,0.4096902096799592,-0.008024783713460992,0.003057187297369086,0.41403590208347224,0.20304910718541513,False
2022-12-12,0.4093024244674733,-0.0003877852124859471,0.0035618831401312587,0.41223587584695087,0.2052472532980171,False
2022-12-13,0.4125221961033103,0.003219771635837032,0.003526923868959256,0.4105049434169143,0.2079324143161981,False
2022-12-14,0.3066041595295701,-0.10591803657374022,0.04739123668863192,0.3761429267001179,0.1310049161303894,False
2022-12-15,0.4119620095946786,0.1053578500651085,0.04664957670200685,0.377029455075853,0.24691827515727321,False
2022-12-16,0.4101006712052847,-0.0018613383893938962,0.04669319451746776,0.3762222801098445,0.21383057298931774,False
2022-12-17,0.3578716120764572,-0.052229059128827526,0.04706844000477418,0.39331143095880683,0.1726807763005352,False
2022-12-18,0.4113230766435696,0.05345146456711242,0.04686271421293347,0.3930984533084372,0.23106952053450522,False
2022-12-19,0.3064856810866342,-0.10483739555693539,0.04690884103246393,0.35856012326888703,0.13117339008272927,False
2022-12-20,0.4125280785974807,0.10604239751084649,0.04700720757703877,0.37677894544256146,0.24747820006740204,False
2022-12-21,0.4170929256476064,0.00456484705012572,0.048227315612589285,0.37870222844390716,0.21956138006135878,False
2022-12-22,0.413205320170646,-0.003887605476960432,0.04792369428665738,0.41427544147191103,0.21502111729956633,False
2022-12-23,0.4084093167257417,-0.004796003444904273,0.04764884172817116,0.412902520847998,0.21229562567503382,False
2022-12-24,0.4173354396996201,0.008926122973878403,0.003685674740754249,0.41298335886533594,0.21208269169012445,False
2022-12-25,0.4119360751282772,-0.005399364571342935,0.0037423776793047404,0.4125602771845463,0.20509670372859665,False
2022-12-26,0.4112364210601836,-0.0006996540680935803,0.003259555031739817,0.4135026452960269,0.20606022531601167,False
2022-12-27,0.4125774334843472,0.0013410124241636234,0.0032339478379181056,0.41191664322426935,0.20733781003700633,False
2022-12-28,0.306558656603141,-0.1060187768812062,0.047783365511074094,0.37679083704922395,0.13103036833942347,False
2022-12-29,0.4149075672682318,0.10834891066509078,0.04747195907827693,0.37801455245190674,0.24945284864929854,False
2022-12-30,0.41408800424127,-0.0008195630269617893,0.04771333810129179,0.37851807603754767,0.21634080083280482,False
2022-12-31,0.4171838775800974,0.003095873338827382,0.04838612197312985,0.41539314969653307,0.2191979251863229,False
2023-01-01,0.4113032377334365,-0.005880639846660873,0.04826084312513665,0.4141917065182679,0.21353959553774732,False
2023-01-02,0.3058299166609181,-0.10547332107251844,0.04858643802742136,0.3781056773248173,0.1309902496141878,False
2023-01-03,0.4145842495274374,0.10875433286651931,0.04854963190348703,0.3772391346405974,0.2496283510043719,False
2023-01-04,0.4123939661577034,-0.0021902833697339807,0.04836773870227563,0.3776027107820196,0.21521344580838664,False
2023-01-05,0.4138740876264208,0.0014801214687173991,0.047962288481093275,0.4136174344371872,0.2169735379500443,False
2023-01-06,0.4101418506089477,-0.0037322370174731057,0.04784566488328602,0.41213663479769064,0.21352038717588911,False
2023-01-07,0.4117126751199442,0.0015708245109964936,0.0017617923714548758,0.41190953778510425,0.20667994338756202,False
2023-01-08,0.3057716033228304,-0.10594107179711382,0.04753942064723414,0.37587537635057405,0.13061136425172787,False
2023-01-09,0.3056057146650908,-0.00016588865773958794,0.05819468789730601,0.3410299977026218,0.16439202831468475,False
2023-01-10,0.3258029813319749,0.020197266666884095,0.05459320060192323,0.312393433106632,0.17987931078643732,False
2023-01-11,0.4123604188620463,0.08655743753007139,0.05519159287065208,0.34792303828637067,0.243185759264175,False
2023-01-12,0.4171757403547006,0.004815321492654345,0.0566965900453933,0.385113046849574,0.22137178463422527,False
2023-01-13,0.4134672895481079,-0.0037084508065927113,0.0545210296706721,0.4143344829216183,0.21652531546621054,False
2023-01-14,0.4115824206390389,-0.0018848689090690263,0.039343311092677746,0.41407515018061586,0.2130944118653343,False
2023-01-15,0.4159046578875816,0.004322237248542693,0.0023707394292017655,0.41365145602490944,0.20972314800419395,False
2023-01-16,0.4099971076859403,-0.005907550201641298,0.002964928407387764,0.41249472873752024,0.2038192744639553,False
2023-01-17,0.4142738554671098,0.004276747781169543,0.0023073168063223164,0.4133918736802105,0.20888141542917024,False
2023-01-18,0.4162000884475699,0.0019262329804600742,0.002719241529910365,0.41349035053354005,0.20922176242390506,False
2023-01-19,0.4107990713750589,-0.005401017072511005,0.002881658635608803,0.41375767176324624,0.20435556229289792,False
2023-01-20,0.4122527119486318,0.0014536405735728897,0.0025419853945790306,0.41308395725708685,0.20707084522530356,False
2023-01-21,0.4109034980085772,-0.0013492139400546055,0.0023235728901649082,0.41131842711075595,0.2055116994003052,False
2023-01-22,0.3092897535135927,-0.10161374449498445,0.0462263107977473,0.3774819878236006,0.13340601556785048,False
2023-01-23,0.3061825752493479,-0.0031071782642448365,0.05674787274784771,0.34212527559050593,0.16350870869497003,False
2023-01-24,0.4150581978360259,0.10887562258667799,0.0575419593286948,0.34351017553298885,0.25170017755975527,False
2023-01-25,0.4115241523113515,-0.0035340455246744007,0.05741132321862378,0.3775883084655751,0.21618412714199817,False
2023-01-26,0.412113837734349,0.0005896854229975323,0.05762593637018813,0.4128987292939088,0.21775901176811138,False
2023-01-27,0.4154686157513865,0.0033547780170374852,0.04804378643755198,0.41303553526569564,0.2183494985683149,False
2023-01-28,0.418402934317328,0.002934318565941507,0.002785283635539248,0.4153284626010212,0.2106388194555543,False
2023-01-29,0.4122228201861787,-0.006180114131149328,0.0029314729483136616,0.4153647900849644,0.20484367044340726,False
2023-01-30,0.4085768696696732,-0.0036459505165054584,0.0037283319480365088,0.41306754139106,0.20394031606949226,False
2023-01-31,0.4101132985155536,0.0015364288458803999,0.0039930443921634695,0.41030432945713513,0.20631618678997363,False
2023-02-01,0.4115730010192766,0.0014597025037229594,0.0037532976006168697,0.4100877230681678,0.20697507078087854,False
2023-02-02,0.306207092578959,-0.10536590844031757,0.04671670659685976,0.37596446403792977,0.1308371150767562,False
2023-02-03,0.3117875104583544,0.005580417879395394,0.05541477219435944,0.34318920135219666,0.1686508350318677,False
2023-02-04,0.412621601270898,0.10083409081254358,0.056149712148679594,0.34353873476940383,0.24779097030894798,False
2023-02-05,0.307704744810511,-0.10491685646038695,0.056744160183754985,0.3440379521799211,0.13372614750389042,False
2023-02-06,0.4173097586079484,0.10960501379743737,0.05833658647151254,0.3792120348964525,0.2532037007375079,False
2023-02-07,0.413768380294842,-0.0035413783131064136,0.057456662531598784,0.37959429457110044,0.2173131091598088,False
2023-02-08,0.4116328112457602,-0.002135569049081798,0.047510496186696664,0.41423698338285014,0.21467783414549488,False
2023-02-09,0.4222106728245146,0.0105778615787544,0.04869903311708285,0.4158706214550389,0.2240185015093002,False
2023-02-10,0.4105887322112723,-0.011621940613242288,0.004732621515482833,0.4148107387605157,0.20275430822476004,False
2023-02-11,0.409665532379414,-0.0009231998318582901,0.00506423871058408,0.41415497913840027,0.20556865398226634,False
2023-02-12,0.4151421166231586,0.005476584243744587,0.005114488188802173,0.4117987937379483,0.2102369312224631,False
2023-02-13,0.4120082681136584,-0.003133848509500159,0.005076448970253965,0.41227197237207697,0.20607926929802997,False
2023-02-14,0.3065933186450118,-0.1054149494686466,0.047118458953363446,0.3779145677939429,0.13109586627258463,False
2023-02-15,0.4139267601794734,0.10733344153446156,0.047491115057111344,0.37750944897938116,0.24866163556149745,False
2023-02-16,0.4196125147177765,0.005685754538303112,0.04863850069971661,0.38004419784742055,0.2212396838603225,False
2023-02-17,0.3048663913511198,-0.11474612336665668,0.06001797723085363,0.37946855541612323,0.13001295411173364,False
2023-02-18,0.4114272462142276,0.10656085486310779,0.05992018343640466,0.37863538409437464,0.24966591625332707,False
2023-02-19,0.4128531370179331,0.0014258908037054763,0.04910786032749339,0.3763822581944269,0.21667590781557688,False
2023-02-20,0.4162415936692794,0.0033884566513462944,0.04937013530896608,0.41350732563381337,0.2190113608918368,False
2023-02-21,0.4113174696313758,-0.004924124037903599,0.048381779036403214,0.4134707334395294,0.21385785341159746,False
2023-02-22,0.4099073063966197,-0.0014101632347560678,0.0024125708066505746,0.4124887898990916,0.20501311838921313,False
2023-02-23,0.4099623181743124,5.501177769268173e-05,0.002631560184456025,0.4103956980674359,0.20552397465735522,False
2023-02-24,0.4178418987166909,0.007879580542378528,0.0037269438659287097,0.412570507762541,0.21203021229424476,False
2023-02-25,0.4144830003410238,-0.0033588983756671076,0.003421389097377121,0.4140957390773424,0.2069181084772872,False
2023-02-26,0.3066842024188269,-0.10779879792219693,0.04768422012587682,0.3796697004921805,0.13053930585792972,False
2023-02-27,0.4197214135715847,0.11303721115275783,0.04880594975319464,0.38029620544381176,0.2535330600822586,False
2023-02-28,0.4144150599034152,-0.005306353668169506,0.049214898159117455,0.3802735586312756,0.21545860348308024,False
2023-03-01,0.4114536393280333,-0.002961420575381901,0.048539916879071644,0.4151967042676777,0.21454637686721642,False
2023-03-02,0.3505838696732762,-0.0608697696547571,0.04997599305026847,0.3921508563015749,0.16702620255026465,False
2023-03-03,0.4126630553304126,0.06207918565713638,0.028786291088236392,0.3915668547772407,0.2307125415799945,False
2023-03-04,0.4118390901487857,-0.0008239651816268623,0.027754587333830075,0.39169533838415815,0.21122327298667082,False
2023-03-05,0.4119718273735476,0.00013273722476186967,0.027461510927043815,0.4121579909509154,0.21151803703961114,False
2023-03-06,0.3107642583204516,-0.10120756905309597,0.04679943533579061,0.3781917252809283,0.13437974551145515,False
2023-03-07,0.4184781732263933,0.10771391490594168,0.046133580963164694,0.3804047529734642,0.2507799772776121,False
2023-03-08,0.4158382693159449,-0.0026399039104483824,0.04648992815299331,0.3816935669542633,0.21642514911543662,False
2023-03-09,0.3389390904856915,-0.07689917883025343,0.05065452077547452,0.39108517767600987,0.1565306957488646,False
2023-03-10,0.4111202039153129,0.07218111342962141,0.050518018421612146,0.3886325212389831,0.2373180396708653,False
2023-03-11,0.3077947594209603,-0.1033254444943526,0.05152851949628509,0.3526180179406549,0.13320545026143138,False
2023-03-12,0.4185123362491192,0.11071757682815891,0.05153515856389416,0.3791424331951308,0.25277847288578614,False
2023-03-13,0.4121992967752463,-0.006313039473872906,0.05089672927034763,0.3795021308151086,0.2143850823995308,False
2023-03-14,0.4110350364727771,-0.0011642603024691889,0.04724739507173049,0.41391555649904754,0.2146177191599939,False
2023-03-15,0.4130273880648801,0.001992351592102981,0.04744629069481482,0.4120872404376345,0.21660065764903388,False
2023-03-16,0.4181705794836928,0.005143191418812698,0.0035000088923708983,0.4140776680071167,0.2113282489459644,False
2023-03-17,0.4166302771748695,-0.0015403023088232937,0.003044084084553764,0.41594274824114746,0.2084618647116985,False
2023-03-18,0.4123591930637179,-0.004271084111151624,0.003018378400718439,0.41572001657409335,0.20550194697865715,False
2023-03-19,0.360067419606478,-0.0522917734572399,0.024707072357643658,0.39635229661502175,0.16928759223759576,False
2023-03-20,0.6043902132843086,0.24432279367783066,0.09377239369246453,0.4589389419848348,0.3942464234839964,True
2023-03-21,0.4146999038599027,-0.18969030942440596,0.09400842768757697,0.4597191789168964,0.16924454464014496,False
2023-03-22,0.4198083597350987,0.0051084558751960385,0.09380767494019496,0.47963282562643667,0.23019825161814716,False
2023-03-23,0.4101407629256755,-0.009667596809423251,0.09398955343926074,0.4148830088402256,0.2209680131078629,False
2023-03-24,0.4130369793003797,0.002896216374704219,0.08502915169689128,0.41432870065371796,0.22439318490197935,False
2023-03-25,0.412756970025023,-0.0002800092753567074,0.0035900524330456447,0.41197823741702605,0.20701249271651362,False
2023-03-26,0.4123595677694537,-0.0003974022555692791,0.003642605822712358,0.4127178390316188,0.20678908437259855,False
2023-03-27,0.4156254566176581,0.00326588884820439,0.001956109007173853,0.41358066480404493,0.20918371676472514,False
2023-03-28,0.4135255042234487,-0.0020999523942094034,0.0012823453033570986,0.41383684287018685,0.20638923545413296,False
2023-03-29,0.4122219464543938,-0.001303557769054886,0.001396430461533729,0.4137909690985002,0.20599919198878716,False
2023-03-30,0.4144552377556735,0.002233291301279694,0.001437890140296955,0.4134008961445053,0.20818518429628005,False
2023-03-31,0.4147283281790211,0.0002730904233476106,0.0012946525333575167,0.41380183746302945,0.20770502172318633,False
2023-04-01,0.4170468530834627,0.0023185249044415657,0.001776600968784887,0.41541013967271906,0.20957430420682077,False
2023-04-02,0.4123019306310718,-0.004744922452390887,0.001997006417951483,0.4146923706311852,0.2051268898634089,False
2023-04-03,0.4186067430549497,0.006304812423877926,0.0024460789690476303,0.41598517558982806,0.21168403104844777,False
2023-04-04,0.4173331701562525,-0.0012735728986972283,0.002498057330482865,0.41608061461409135,0.20878412467461363,False
2023-04-05,0.3099920074317935,-0.10734116272445898,0.04761253086852726,0.38197730688099857,0.13231616107226452,False
2023-04-06,0.2977627403544458,-0.012229267077347727,0.061653237614702566,0.3416959726474973,0.1575432375769591,False
2023-04-07,0.2978252315044435,6.249114999773431e-05,0.06379231102460979,0.3018599930968942,0.16168982530214304,False
2023-04-08,0.2976755954709741,-0.00014963603346940246,0.05237776664865259,0.2977545224432878,0.15926846025517674,False
2023-04-09,0.2975993718460581,-7.622362491599421e-05,0.005490784243961758,0.2977000662738252,0.14987497568434663,False
2023-04-10,0.297140594964812,-0.0004587768812461257,0.0002710992489282889,0.2974718540939481,0.1484868842678178,False
2023-04-11,0.3082413861896436,0.011100791224831597,0.004783601622045139,0.3009937843335046,0.1584076507866803,False
2023-04-12,0.2978108304339838,-0.010430555755659765,0.004785014067947636,0.3010642705294798,0.14673325130388348,False
2023-04-13,0.2978508488893274,4.001845534357118e-05,0.004767145389156999,0.30130102183765156,0.14989085905909816,False
2023-04-14,0.2977956077196774,-5.524116964999992e-05,0.004745994180064779,0.29781909568099624,0.14983043034495666,False
2023-04-15,0.2977926321048355,-2.9756148419157746e-06,0.0046640064459039805,0.2978130295712801,0.14982822465714596,False
2023-04-16,0.2977858852067439,-6.746898091547493e-06,2.607356067007035e-05,0.2977913750104189,0.14889613324607853,False
2023-04-17,0.2976482881188348,-0.00013759708790911374,7.527019177768168e-05,0.29774226847680474,0.1487979189714002,False
2023-04-18,0.2978096550647773,0.00016136694594248713,6.660011833688103e-05,0.29774794279678535,0.1489665576398388,False
2023-04-19,0.2978588654498101,4.921038503280517e-05,7.848094902339895e-05,0.29777226954447406,0.1489598920302196,False
2023-04-20,0.2979573726754944,9.85072256842745e-05,0.0001127149555838029,0.29787529773002724,0.14903078149656923,False
2023-04-21,0.2979333016140397,-2.407106145468907e-05,0.00012298424936062357,0.297916513246448,0.14898402633845556,False
2023-04-22,0.297831651106234,-0.00010165050780569507,6.4310822452306e-05,0.29790744179858936,0.14889819256526574,False
2023-04-23,0.2978163358588767,-1.531524735731704e-05,6.257750499327667e-05,0.2978604295263835,0.14891608885622978,False
2023-04-24,0.2978209965240679,4.6606651912251e-06,6.777581050698075e-05,0.2978229944963929,0.1489254516236927,False
2023-04-25,0.2977533026304854,-6.769389358252109e-05,6.484204320585788e-05,0.29779687833781,0.14886931155580913,False
2023-04-26,0.297920466899633,0.00016716426914759053,5.984717942841864e-05,0.29783158868472875,0.14902235216644646,False
2023-04-27,0.2977563601912006,-0.00016410670843236552,6.781378497325734e-05,0.29781004324043964,0.14884251084006525,False
2023-04-28,0.297934309425938,0.00017794923473740676,8.68906623330662e-05,0.29787037883892387,0.14903791761585683,False
2023-04-29,0.2979753301929163,4.10207669782614e-05,0.00010522405626049964,0.2978886666033516,0.14902101613780372,False
2023-04-30,0.2976456663039344,-0.00032966388898186816,0.00013985541389848228,0.2978517686409296,0.14875190506805233,False
2023-05-01,0.2976872169086728,4.15506047383718e-05,0.00014766752913528006,0.2977694044685078,0.14888560714158494,False
2023-05-02,0.2976314468046193,-5.577010405349858e-05,0.00016624685140346007,0.29765477667240886,0.14883224174137427,False
2023-05-03,0.2973067867319138,-0.0003246600727054849,0.00023737136338688086,0.29754181681506864,0.14860346961682264,False
2023-05-04,0.2978344830910775,0.0005276963591637207,0.00019326612268456099,0.29759090554253687,0.1491142036778248,False
2023-05-05,0.297842426699633,7.94360855549403e-06,0.00021796696589644447,0.2976612321742081,0.14896718982556242,False
2023-05-06,0.2977481827568017,-9.424394283130688e-05,0.00022151349108268014,0.29780836418250406,0.148890120893768,False
2023-05-07,0.2977535487288225,5.365972020776599e-06,0.00022256140498751084,0.2977813860617524,0.14892289643701498,False
2023-05-08,0.2978653272260512,0.00011177849722870947,5.41129737370663e-05,0.2977890195705584,0.1489770197569416,False
2023-05-09,0.2978995005075024,3.417328145122189e-05,6.788811175445443e-05,0.29783945882079205,0.14897357986053744,False
2023-05-10,0.2979535902958848,5.408978838239431e-05,9.070220686685562e-05,0.29790613934314614,0.1490111625258305,False
2023-05-11,0.2978909854229851,-6.260487289971861e-05,7.390396885078226e-05,0.29791469207545745,0.14894149204339277,False
2023-05-12,0.2979546737883293,6.368836534420552e-05,3.9760775637541e-05,0.29793308316906636,0.1490043955588954,False
2023-05-13,0.2980215669954139,6.689320708458402e-05,5.2472068296671956e-05,0.29795574206890946,0.14904134587349163,False
2023-05-14,0.2979373603022799,-8.420669313397022e-05,4.686597638842581e-05,0.2979712003620077,0.14895279133847744,False
2023-05-15,0.2978283253309722,-0.00010903497130770878,7.219584200972553e-05,0.2979290842095553,0.14889589134249573,False
2023-05-16,0.2978060006088794,-2.232472209279246e-05,9.038430840817678e-05,0.29785722874737713,0.1489143797494935,False
2023-05-17,0.2978857583862115,7.975777733210121e-05,8.698015697991408e-05,0.2978400281086877,0.14898420255770137,False
2023-05-18,0.2978156778701157,-7.008051609580512e-05,5.564912464122008e-05,0.2978358122884022,0.14889794460515735,False
2023-05-19,0.2977304862862703,-8.519158384540093e-05,5.5661951983903317e-05,0.2978106408475325,0.1488508180583783,False
2023-05-20,0.2974506906125241,-0.00027979567374619707,0.00016962696578792157,0.2976656182563034,0.14867533199729577,False
2023-05-21,0.2977651398465823,0.0003144492340582117,0.0001664700732197803,0.2976487722484589,0.1490101987081526,False
2023-05-22,0.297724033090128,-4.110675645430106e-05,0.00014251990859581355,0.2976466211830781,0.14887818849984688,False
2023-05-23,0.2977297080741152,5.674983987180582e-06,0.00012921905638660984,0.2977396270036085,0.14889240034353107,False
2023-05-24,0.4130357346176498,0.11530602654353461,0.05159444500405393,0.33616315859396434,0.25142856427269605,False
2023-05-25,0.4128683458287278,-0.00016738878892202935,0.06310446734150181,0.3745445961734976,0.21900484974598763,False
2023-05-26,0.4089525030886251,-0.003915842740102704,0.062402605815304484,0.41161886117833424,0.21578201988534262,False
2023-05-27,0.2863088674434773,-0.1226436356451478,0.06565204787859777,0.3693765721202767,0.11949175260391386,False
2023-05-28,0.2894443262253315,0.003135458781854228,0.06780518295185657,0.32823523225247797,0.15922383733759332,False
2023-05-29,0.2916792122468835,0.002234886021551974,0.06673578012348294,0.28914413530523075,0.15985722795460391,False
2023-05-30,0.4112125622117832,0.11953334996489973,0.0662729668680999,0.3307787002279994,0.25472087946898153,False
2023-05-31,0.4155067452683842,0.004294183056601009,0.06807930945163358,0.37279950657568367,0.22265748944149913,False
2023-06-01,0.2979679274036311,-0.11753881786475312,0.06599851207987824,0.37489574496126615,0.12692202075836526,False
2023-06-02,0.2978783475548672,-8.95798487638988e-05,0.06443551432091138,0.33711767340896087,0.1617994026869867,False
2023-06-03,0.2979939269953997,0.00011557944053253166,0.06323250313897195,0.2979467339846327,0.161678137957654,False
2023-06-04,0.2979048822087978,-8.904478660193282e-05,0.05257913510801107,0.2979257189196882,0.15944155469002055,False
2023-06-05,0.3063575528614057,0.008452670652607908,0.0037663993656470046,0.3007521206885344,0.15646785749961462,False
2023-06-06,0.2977443471046589,-0.008613205756746789,0.0037921637903362546,0.3006689273916208,0.14704664458337266,False
2023-06-07,0.2977466427148762,2.2956102173066206e-06,0.003807329450434971,0.30061618089364694,0.1496354759305903,False
2023-06-08,0.2978008904009484,5.4247686072206314e-05,0.0038279692485656434,0.29776396007349454,0.149682313356009,False
2023-06-09,0.3056772097076731,0.007876319306724666,0.004527036443295633,0.3004082476078326,0.15610690793451307,False
2023-06-10,0.2978520321333289,-0.0078251775743442,0.003529344666446733,0.30044337741398347,0.1472843317276505,False
2023-06-11,0.2978535581901768,1.5260568478892012e-06,0.0035171302090240505,0.30046093334372626,0.14963066295394759,False
2023-06-12,0.2979587808766429,0.0001052226864661221,0.0034936103445251856,0.29788812373338286,0.1497096793131663,False
2023-06-13,0.2977691415236121,-0.0001896393530307905,0.0034973350047257713,0.29786049353014393,0.14952714595684197,False
2023-06-14,0.2974776685725904,-0.00029147295102172066,0.00018307049944926105,0.29773519699094847,0.14868800650087854,False
2023-06-15,0.297783257340433,0.0003055887678425906,0.00017905503010098376,0.2976766891455452,0.14901911630658948,False
2023-06-16,0.2974823021786387,-0.0003009551617942918,0.00020936631938468233,0.297581076030554,0.148692737804658,False
2023-06-17,0.2976559415721285,0.0001736393934897995,0.00014872255281533477,0.2976405003637334,0.14890980711467425,False
2023-06-18,0.2976153867424582,-4.055482967030288e-05,0.00012818428244667384,0.29758454349774177,0.14882116377881735,False
2023-06-19,0.2975334619357467,-8.192480671148639e-05,0.00011644713039568781,0.29760159675011116,0.14876544295193903,False
2023-06-20,0.2978631656117614,0.0003297036760147032,0.00014695828094302138,0.29767067142998876,0.1490598855648737,False
2023-06-21,0.2976358422193153,-0.00022732339244607713,0.0001223475314326985,0.2976774899222745,0.14877419359821037,False
2023-06-22,0.2976035732601082,-3.22689592071046e-05,0.0001250742295127411,0.29770086036372834,0.14881712078819453,False
2023-06-23,0.2976970032580209,9.342999791267514e-05,0.0001247062067211262,0.2976454729124815,0.14890147186972846,False
2023-06-24,0.2978147087000985,0.00011770544207762024,0.00011246314883367496,0.29770509507274256,0.14896515861243928,False
2023-06-25,0.2975669087771004,-0.0002477999229981154,9.704704081132616e-05,0.2976928735784066,0.14872852381981302,False
2023-06-26,0.2977469162293851,0.00018000745228469173,0.00010170363325202406,0.29770951123552797,0.14894780107702837,False
2023-06-27,0.29785069881967,0.00010378259028492876,0.00011133260513773307,0.2977215079420518,0.14897875070794803,False
2023-06-28,0.2977594933310103,-9.12054886597069e-05,0.00010945784026943897,0.2977857027933552,0.14887427658696112,False
2023-06-29,0.2977166938445141,-4.2799486496214456e-05,0.0001030567362410058,0.29777562866506485,0.1488661184235564,False
2023-06-30,0.2978675295758955,0.0001508357313814157,6.678475556309232e-05,0.29778123891714,0.1489923724584748,False
2023-07-01,0.2976797001681395,-0.00018782940775602386,8.217968004701122e-05,0.29775464119618306,0.14879993719775234,False
2023-07-02,0.2977986985151338,0.00011899834699430345,7.294879797577421e-05,0.2977819760863896,0.14894963852126034,False
2023-07-03,0.2973460492807493,-0.00045264923438448346,0.00020131520755799372,0.2976081493213409,0.14857749291157094,False
2023-07-04,0.2975243090628993,0.00017825978214996985,0.000211109803755655,0.29755635228626076,0.14885785442684576,False
2023-07-05,0.2976845108731383,0.00016020181023901348,0.0001753382723076228,0.29751828973892896,0.14892538363410238,False
2023-07-06,0.2977929746583941,0.00010846378525580791,0.0001935119874370466,0.29766726486481054,0.1489677288622612,False
2023-07-07,0.2979684552970166,0.00017548063862249386,0.0002399748238232673,0.2978153136095163,0.1490848668048597,False
2023-07-08,0.2971006725348578,-0.0008677827621588197,0.00032946610184853345,0.29762070083008946,0.14835589465915094,False
2023-07-09,0.2976958392848299,0.0005951667499721203,0.000326686792053968,0.29758832237223476,0.1490918070258174,False
2023-07-10,0.2977601444804846,6.430519565470139e-05,0.0003305004128176164,0.2975188854333907,0.14896546388150222,False
2023-07-11,0.2978421414733423,8.199699285771356e-05,0.0003359970890706579,0.29776604174621896,0.1490128692523426,False
2023-07-12,0.2974039142069681,-0.0004382272663742137,0.00030555562456713325,0.29766873338693167,0.1486316000484852,False
2023-07-13,0.2975830971082846,0.00017918290131652137,0.0001702488551913852,0.2976097175961983,0.14887935319557555,False
2023-07-14,0.5448026100115945,0.24721951290330985,0.11053133294799711,0.37992987377561577,0.3686734254663896,True
2023-07-15,0.6116469106520296,0.06684430064043512,0.1555055786780742,0.4846775392573029,0.3569778612537602,True
2023-07-16,0.4385217550570053,-0.17312515559502428,0.1423415653653661,0.5316570919068765,0.19579164392306858,False
2023-07-17,0.5894628499465763,0.15094109488957097,0.12957952111036028,0.5465438385518704,0.3659296576622315,True
2023-07-18,0.5927868965623899,0.0033240466158136472,0.06981151728816672,0.5402571671886571,0.3113529657235724,False
2023-07-19,0.5914153523641793,-0.001371544198210617,0.07113494602660332,0.5912216996243819,0.30952320212794715,False
2023-07-20,0.6377322124881784,0.04631686012399905,0.07620833729267411,0.6073114871382492,0.3480028317398237,True
2023-07-21,0.5461588272002162,-0.0915733852879621,0.032400046452243654,0.591768797350858,0.25208740730416823,False
2023-07-22,0.554260900217175,0.008102073016958755,0.03651919917832056,0.5793839799685233,0.28686491184933927,False
2023-07-23,0.5941269183472632,0.039866018130088166,0.036600312707381004,0.5648488819215515,0.31634332715413427,True
2023-07-24,0.6419280456680416,0.04780112732077846,0.04492787090778212,0.59677195474416,0.3442899352118108,True
2023-07-25,0.5321407160498476,-0.10978732961819404,0.04454181020982798,0.5893985600217174,0.24204252118143119,False
2023-07-26,0.5877742954956421,0.0556335794457945,0.0419141100547377,0.5872810190711771,0.3189600435925069,True
2023-07-27,0.5831419244467664,-0.004632371048875705,0.03901771052265313,0.567685645330752,0.2979847930132511,False
2023-07-28,0.6346660826929065,0.051524158246140095,0.044484344006167985,0.6018607675451051,0.34168715762152885,True
2023-07-29,0.6277057702142232,-0.006960312478683228,0.04113653560175294,0.6151712591179654,0.31999209848385723,True
2023-07-30,0.5884034284843535,-0.039302341729869794,0.02471530790480026,0.6169250937971611,0.28735407330417584,False
2023-07-31,0.5500614188623727,-0.038342009621980755,0.034751068931238395,0.5887235391869832,0.2704783203308398,False
2023-08-01,0.6365083060226289,0.08644688716025617,0.03758861482974848,0.591657717789785,0.351705942125341,True
2023-08-02,0.6370261008882518,0.000517794865622978,0.038027762299696045,0.6078652752577512,0.32627394136375204,True
2023-08-03,0.5900853210958247,-0.04694077979242717,0.03684278314500396,0.6212065760022352,0.28832898323918493,False
2023-08-04,0.5713371729826295,-0.01874814811319514,0.03896350473217536,0.599482864988902,0.2878368430037913,False
2023-08-05,0.6641659751379999,0.09282880215537037,0.03799950827672098,0.608529489738818,0.3675315298709553,True
2023-08-06,0.4944472265744153,-0.1697187485635846,0.06553760969807149,0.5766501248983483,0.20941551065774655,False
2023-08-07,0.5923787048483765,0.0979314782739612,0.060626635133323684,0.5836639688535973,0.33769412293304135,True
2023-08-08,0.549427318313831,-0.042951386534545555,0.062061691022887236,0.5454177499122076,0.2742405814011292,False
2023-08-09,0.6207584234111198,0.0713311050972888,0.06531205886458721,0.5875214821911091,0.344840955007664,True
2023-08-10,0.5239952186931907,-0.0967632047179291,0.05092423512025004,0.5647269868060472,0.2431534949552666,False
2023-08-11,0.606399475743773,0.0824042570505823,0.04053616714699127,0.5837177059493611,0.3360282484164594,True
2023-08-12,0.2975384025104213,-0.30886107323335166,0.13037207593717226,0.4759776989824617,0.08218529447263961,False
2023-08-13,0.2977832965291619,0.00024489401874061567,0.16097166911768473,0.4005737249277854,0.1811594502937401,False
2023-08-14,0.2975414960600719,-0.0002418004690900033,0.14942535797105114,0.29762106503321845,0.17858327948351918,False
2023-08-15,0.2976118864459565,7.03903858845778e-05,0.13809096526144748,0.29764555967839684,0.17644525339103312,False
2023-08-16,0.2976079311856349,-3.955260321597542e-06,9.954967038500823e-05,0.2975871045638878,0.14882268894879797,False
2023-08-17,0.2973880020385712,-0.00021992914706370215,0.00014253020172541164,0.29753593989005417,0.14865652831551154,False
2023-08-18,0.2976898063938921,0.00030180435532090044,0.0001134227575535132,0.29756191320603276,0.148958129055053,False
2023-08-19,0.2976132860415409,-7.65203523511726e-05,0.0001137999376539626,0.29756369815800143,0.1488064469025959,False
2023-08-20,0.550966437428603,0.25335315138706205,0.11332026066016206,0.382089843288012,0.3741532162624525,True
2023-08-21,0.6412539158814659,0.09028747845286289,0.16660729530968565,0.4966112131172033,0.3810346605385289,True
2023-08-22,0.4278535249759908,-0.21340039090547508,0.15284232317907837,0.5400246260953532,0.18047510985216855,False
2023-08-23,0.5998983825644698,0.17204485758847904,0.14020839747355013,0.5563352744739755,0.37960432805348865,True
2023-08-24,0.2977965605405953,-0.30210182202387453,0.14014111809162824,0.44184948936035195,0.08629595728146093,False
2023-08-25,0.5506721260351881,0.25287556549459284,0.14011628477397176,0.4827890230467511,0.37922198962076625,True
2023-08-26,0.6304331746506597,0.07976104861547162,0.13751604861362146,0.49296728707548104,0.3666481116326957,True
2023-08-27,0.6329818626768375,0.0025486880261778033,0.14067714708829243,0.6046957211208951,0.34539096716393064,True
2023-08-28,0.591269509627975,-0.04171235304886256,0.13984523612325936,0.6182281823184907,0.3110900961239806,False
2023-08-29,0.635808303767712,0.04453879413973705,0.03696878938170016,0.6200198920241748,0.33865954800211717,True
2023-08-30,0.6292517323806583,-0.006556571387053678,0.018441449756840214,0.6187765152587817,0.3163471847255811,True
2023-08-31,0.6343491887234376,0.00509745634277925,0.018863995473546696,0.6331364082906027,0.32247663035926194,True
2023-09-01,0.5508924371799419,-0.08345675154349574,0.036945591608630104,0.6048311194280126,0.25779831144864823,False
2023-09-02,0.551464046228493,0.000571609048551136,0.04495673815302709,0.5789018907106241,0.2848948534594173,False
2023-09-03,0.47065347343415,-0.080810572794343,0.06744283698333703,0.5243366522808616,0.22457213227543948,False
2023-09-04,0.5553283188228878,0.08467484538873782,0.05790033122271767,0.5258152794951769,0.3146466792726088,True
2023-09-05,0.5977978943801948,0.042469575557307016,0.04609214782960841,0.5412598955457443,0.3208582494232112,True
2023-09-06,0.6446517637118405,0.0468538693316457,0.06440676339384106,0.5992593256383077,0.3492633953341822,True
2023-09-07,0.5907073790397027,-0.0539443846721378,0.06488969724212436,0.6110523457105793,0.29214831356663484,False
2023-09-08,0.5899039288114422,-0.0008034502282605605,0.03197290738305291,0.6084210238543285,0.3011055108138535,False
2023-09-09,0.589676703264723,-0.0002272255467191675,0.023775163204542902,0.5900960037052893,0.29952521660925435,False
2023-09-10,0.5937994003518073,0.004122697087084348,0.024040625591139092,0.5911266774759909,0.30294463442025676,False
2023-09-11,0.5486038026914998,-0.04519559766030756,0.01904143921827674,0.5773599687693434,0.26455150989131293,False
2023-09-12,0.6358676673614044,0.08726386466990466,0.030901893291616706,0.5927569568015705,0.3502933717399969,True
2023-09-13,0.5503374281274528,-0.08553023923395164,0.03606930623790216,0.5782696327267857,0.25672350354112133,False
2023-09-14,0.5541437025062851,0.0038062743788322972,0.03803373012357294,0.5801162659983808,0.2858204795915068,False
2023-09-15,0.5786726201566134,0.024528917650328275,0.036903490431720004,0.5610512502634504,0.30407568345974917,False
2023-09-16,0.5450851895373894,-0.03358743061922398,0.03752582894206119,0.5593005040667626,0.2699715313713398,False
2023-09-17,0.6401484692466168,0.09506327970922746,0.03932934462679976,0.5879687596468732,0.3564590874614366,True
2023-09-18,0.6410038834436217,0.0008554141970048557,0.04618223252286957,0.6087458474092093,0.3299950124854862,True
2023-09-19,0.6418310295497525,0.0008271461061307717,0.04493494967156525,0.6409944607466637,0.33015064854102855,True
2023-09-20,0.5601190289008694,-0.08171200064888307,0.04870901654481637,0.6143179806314145,0.26528771756473307,False
2023-09-21,0.5614976960186171,0.0013786671177477006,0.043926468186775175,0.587815918156413,0.2899477417819879,False
2023-09-22,0.5896642120347384,0.0281665160161213,0.04063242740358644,0.5704269789847417,0.3114085463029229,False
2023-09-23,0.5433826025055613,-0.04628160952917715,0.03870541843166006,0.5648481701863056,0.2655479020803595,False
2023-09-24,0.5915839670485701,0.04820136454300883,0.0207854590955519,0.5748769271962899,0.3144094847062981,True
2023-09-25,0.587714089428929,-0.0038698776196410822,0.021409222630618105,0.5742268863276868,0.2969779259546958,False
2023-09-26,0.4763265257599738,-0.11138756366895519,0.04974259729782342,0.5518748607458243,0.21469551323886502,False
2023-09-27,0.6246792695487061,0.1483527437887323,0.05725863298284462,0.5629066282458696,0.3682971845075417,True
2023-09-28,0.2964110103419335,-0.3282682592067726,0.13459028646062987,0.46580560188353787,0.07664308470106095,False
2023-09-29,0.2961190913303895,-0.00029191901154401734,0.15592041484596067,0.40573645707367634,0.17915605293092368,False
2023-09-30,0.2962777855517551,0.0001586942213656073,0.1488001849975917,0.29626929574135935,0.17794653804180557,False
2023-10-01,0.2960203318260699,-0.0002574537256851972,0.1468973161029228,0.29613906956940483,0.17731239301591398,False
2023-10-02,0.2953097390716042,-0.000710592754465722,0.00042817756310249114,0.29586928548314306,0.14752732722208287,False
2023-10-03,0.2951552295660362,-0.00015450950556800125,0.0005079253583320644,0.2954951001545701,0.1476328470030141,False
2023-10-04,0.2947209210776965,-0.0004343084883396964,0.0006398582379763971,0.29506196323844563,0.14735813963994163,False
2023-10-05,0.5976501148558138,0.3029291937781173,0.13521519550801206,0.3958420884998488,0.4167468546629445,True
2023-10-06,0.6343488358913825,0.036698721035568704,0.17626304809761711,0.5089066239416309,0.36343664387588526,True
2023-10-07,0.6235162501588039,-0.010832585732578615,0.17772582677416046,0.6185050669686667,0.34405351471446044,True
2023-10-08,0.5900235701920887,-0.03349267996671512,0.14277623943294523,0.6159628854140916,0.31351922899261886,True
2023-10-09,0.634070022226211,0.044046452034122274,0.020803617955255985,0.6158699475257011,0.3344096703143934,True
2023-10-10,0.5922493009435371,-0.04182072128267389,0.022089933278606474,0.6054476311206123,0.28799642074268766,False
2023-10-11,0.5719373097609881,-0.020311991182549005,0.025656705970606403,0.5994188776435787,0.2850063987198506,False
2023-10-12,0.5871907665554915,0.015253456794503406,0.023192807512533647,0.5837924590866722,0.3028099818186035,False
2023-10-13,0.6378834556234374,0.050692689067945884,0.02957499469648872,0.5990038439799723,0.3400645334714002,True
2023-10-14,0.6257937077153288,-0.012089747908108572,0.027689384743526693,0.6169559766314192,0.3148078064339372,True
2023-10-15,0.6351918138383151,0.009398106122986305,0.03007405331431106,0.6329563257256937,0.3264301494189156,True
2023-10-16,0.5489437393761469,-0.0862480744621682,0.03829068024104123,0.6033097536432637,0.25625558339763127,False
2023-10-17,0.6373076331311907,0.08836389375504372,0.03836809150052698,0.6071477287818843,0.3528366029922138,True
2023-10-18,0.6396022510831885,0.0022946179519978127,0.0386086493633865,0.6086178745301754,0.32821124079987085,True
2023-10-19,0.5918460083862969,-0.047756242696891604,0.039725274895156835,0.622918630866892,0.2895411863631123,False
2023-10-20,0.6404708734823851,0.04862486509608821,0.04060343941154152,0.6239730443172902,0.3429435841523273,True
2023-10-21,0.5858053991944563,-0.054665474287928784,0.027657915525822467,0.6060407603543795,0.282034640416014,False
2023-10-22,0.4667299425348853,-0.11907545665957098,0.0708761015790333,0.5643354050705756,0.21181755458537804,False
2023-10-23,0.534356150605206,0.06762620807032071,0.06602796123644633,0.5289638307781824,0.3006715299709885,False
2023-10-24,0.631036051914105,0.09667990130889892,0.0722191739962084,0.5440407150180654,0.3589658311489638,True
2023-10-25,0.590220084359854,-0.04081596755425099,0.06318410927358722,0.5852040956263883,0.2955020737683691,False
2023-10-26,0.54900312273428,-0.04121696162557398,0.06179198641912693,0.590086419669413,0.27449487016329316,False
2023-10-27,0.5553320384296114,0.00632891569533145,0.038861816258021306,0.5648517485079152,0.2873370571750094,False
2023-10-28,0.5926634553912018,0.03733141696159037,0.03306115299653808,0.5656662055183643,0.3141433833833856,True
2023-10-29,0.6143111193799156,0.02164766398871376,0.02743589254110674,0.5874355377335762,0.31913703739479327,True
2023-10-30,0.661621697347663,0.0473105779677474,0.046111911231246985,0.6228654240395933,0.3542264043104051,True
2023-10-31,0.5762872999150916,-0.08533439743257132,0.04066133374382606,0.6174067055475567,0.27067559747653963,False
2023-11-01,0.6650270258883839,0.08873972597329227,0.04009552638010565,0.6343120077170462,0.36715453601220077,True
2023-11-02,0.6231773438431879,-0.04184968204519601,0.03669546959793236,0.6214972232155546,0.30637286122762164,False
2023-11-03,0.4976548820987299,-0.12552246174445802,0.06979750410665433,0.5952864172767672,0.22513020334735842,False
2023-11-04,0.6163013742299501,0.11864649213122025,0.06319682565186452,0.5790445333906226,0.35638399988471403,True
2023-11-05,0.6594098710678854,0.04310849683793527,0.06759679888964111,0.5911220424655218,0.3561568443632515,True
2023-11-06,0.6605390269162498,0.0011291558483643716,0.06674629478248094,0.6454167574046951,0.34395751916913037,True
2023-11-07,0.6570651705855671,-0.0034738563306826453,0.06988576073102533,0.6590046895232341,0.3414675805397838,True
2023-11-08,0.6594024122938535,0.0023372417082864194,0.019183709141689195,0.6590022032652234,0.3342391204877505,True
2023-11-09,0.6605808632910711,0.0011784509972175838,0.0014268278339032308,0.6590161487234972,0.3309293325114815,True
2023-11-10,0.6621858287250255,0.0016049654339543862,0.0018951158104767705,0.6607230347699834,0.3319534271547944,True
2023-11-11,0.6187987429059583,-0.04338708581906725,0.018434910165883417,0.6471884783073516,0.3000702277404356,False
2023-11-12,0.5739723973632327,-0.044826345542725576,0.03865157136786174,0.6183189896647389,0.281268609292371,False
2023-11-13,0.6635898296872551,0.08961743232402242,0.03935184146922742,0.618786989985482,0.36655051283467976,True
2023-11-14,0.6614018917480153,-0.00218793793923977,0.039482460158001845,0.632988039599501,0.3379410565238361,True
2023-11-15,0.6552639862791172,-0.006137905468898142,0.038441961899023935,0.6600852359047958,0.33347901387869394,True
2023-11-16,0.6665854640828859,0.011321477803768687,0.039456623621450394,0.6610837807033395,0.34458050010686364,True
2023-11-17,0.6705804069250956,0.003994942842209692,0.005742235419981939,0.6641432857623663,0.33763713339920703,True
2023-11-18,0.5872140752374587,-0.08336633168763685,0.034577378265003726,0.6414599820818134,0.27551261376543906,False
2023-11-19,0.6205731486199547,0.033359073382495996,0.035491845711626155,0.6261225435941696,0.3273926654670514,True
2023-11-20,0.5750959112064139,-0.045477237413540816,0.0439881036528389,0.5942943783546091,0.2827024051097125,False
2023-11-21,0.5372134891259398,-0.0378824220804741,0.05028246263483886,0.5776275163174361,0.26729851046579545,False
2023-11-22,0.6088951052449473,0.07168161611900747,0.032479924192239544,0.5737348351924337,0.3324480222966238,True
2023-11-23,0.6029257561286994,-0.005969349116247913,0.033398182625872026,0.5830114501665288,0.3063517098546497,False
2023-11-24,0.6130802673932674,0.010154511264568011,0.03175150546234847,0.608300376255638,0.3159367881684738,True
2023-11-25,0.6070059677785039,-0.006074299614763468,0.0318563111004696,0.6076706637668235,0.3080519562249168,False
2023-11-26,0.4199208607781052,-0.1870851070003987,0.08418040963097001,0.5466690319832921,0.170670980215127,False
2023-11-27,0.6240131189691958,0.20409225819109056,0.08615855785985738,0.550313315841935,0.3904659485138965,True
2023-11-28,0.5491744022275292,-0.07483871674166653,0.08489595753251299,0.5310361273249434,0.26911477759776725,False
2023-11-29,0.6333296812218372,0.08415527899430797,0.08831780783873651,0.6021724008061874,0.3595749858769583,True
2023-11-30,0.6350307476710526,0.001701066449215416,0.09231496427275312,0.6058449437068063,0.33648868662484155,True
2023-12-01,0.5979770126503393,-0.037053735020713296,0.03601923148194241,0.6221124805144097,0.2950762321153442,False
2023-12-02,0.5594094456538141,-0.03856756699652519,0.040147103123371816,0.5974724019917353,0.2761638733526239,False
2023-12-03,0.5721785676818917,0.012769122028077562,0.03450680317499023,0.5765216753286817,0.2968213810843671,False
2023-12-04,0.6409613790915791,0.06878281140968745,0.036484685644535435,0.5908497974757616,0.3484124700976029,True
2023-12-05,0.6306693076970824,-0.010292071394496727,0.03551011384829025,0.6146030848235177,0.31934905519985024,True
2023-12-06,0.6330234148846718,0.002354107187589438,0.038301155206614465,0.6348847005577778,0.3248781706399357,True
2023-12-07,0.6346775992453142,0.0016541843606423523,0.02827829082231405,0.6327901072756895,0.3234907130953126,True
2023-12-08,0.5714577896503882,-0.06321980959492601,0.028597720010953124,0.613052934593458,0.2724824959489069,False
2023-12-09,0.6355981591663771,0.0641403695159889,0.027805733464458585,0.6139111826873598,0.3426023371308769,True
2023-12-10,0.6332059681277638,-0.0023921910386133227,0.02804641665972265,0.6134206389815097,0.3214946100842424,True
2023-12-11,0.6344556011059033,0.0012496329781395143,0.028199242127835193,0.6344199094666814,0.3232425388719605,True
2023-12-12,0.6359275315675632,0.0014719304616599427,0.028346223725979034,0.6345297002670768,0.3240745896674754,True
2023-12-13,0.6362336785031412,0.0003061469355779556,0.0012469517355040724,0.6355389370588692,0.31845807367934476,True
2023-12-14,0.6318019275423287,-0.004431750960812497,0.0018605338376381805,0.6346543792043443,0.3149435452504482,True
2023-12-15,0.5894498232558187,-0.04235210428650993,0.020269746091281824,0.6191618097670961,0.28607322956021275,False
2023-12-16,0.6376829283001207,0.048233105044302005,0.020670706694624088,0.619644893032756,0.3374455370022758,True
2023-12-17,0.6334434611063987,-0.004239467193722035,0.020407207528177075,0.620192070887446,0.3195313319007182,True
2023-12-18,0.6391988801018479,0.00575541899544918,0.02082778641310822,0.6367750898361224,0.3254916230321803,True
2023-12-19,0.4321250541282149,-0.207073825973633,0.08865777752039039,0.5682557984454871,0.1716719347760956,False
2023-12-20,0.549777971047323,0.11765291691910806,0.09007819093365173,0.5403673017591285,0.32820049878612423,True
2023-12-21,0.5882488909751276,0.0384709199278046,0.08449057106423276,0.5233839720502218,0.3225638356787517,True
2023-12-22,0.6287245085806982,0.04047561760557061,0.08360631916961148,0.588917123534383,0.34322620340594256,True
2023-12-23,0.6132148298674315,-0.015509678713266695,0.07870852560058277,0.6100627431410858,0.3176962164398523,True
2023-12-24,0.6169208593927586,0.0037060295253271702,0.03140241742444888,0.6196200659469627,0.3158527220388673,True
2023-12-25,0.6157618121393418,-0.0011590472534168672,0.014849392681697082,0.6152991671331772,0.3105030704299852,False
2023-12-26,0.5436198653115945,-0.07214194682774733,0.03408315460306022,0.592100845614565,0.25698397952808505,False
2023-12-27,0.6327869671064688,0.0891671017948743,0.034869722077490214,0.5973895481858017,0.3501175585071947,True
2023-12-28,0.5489353038694254,-0.0838516632370434,0.041963301953079256,0.5751140454291629,0.2577048133542155,False
2023-12-29,0.55048906157054,0.0015537577011146553,0.04245780446581021,0.577403777515478,0.28420221898876646,False
2023-12-30,0.6355737336652081,0.08508467209466808,0.047456069974769116,0.5783326997017245,0.35280348245595833,True
2023-12-31,0.5745209685724124,-0.06105276509279567,0.042961826869963075,0.5868612546027202,0.2775370201323601,False
2024-01-01,0.5946548664857348,0.02013389791332243,0.035936232614117984,0.6015831895744518,0.3105548491396877,False
2024-01-02,0.6430505628108246,0.048395696325089776,0.039520060197655964,0.604075465956324,0.3439480023424704,True
2024-01-03,0.5556485299885299,-0.08740203282229475,0.03795150596124251,0.5977846530950298,0.259193956339825,False
2024-01-04,0.5464582614827792,-0.009190268505750665,0.03839632996461424,0.5817191180940445,0.27815131618258726,False
2024-01-05,0.5789705643601238,0.032512302877344634,0.03820563450349403,0.5603591186104776,0.3068800999439641,False
2024-01-06,0.538695454104363,-0.040275110255760804,0.04220225323319193,0.5547080933157553,0.2657056446220917,False
2024-01-07,0.6243705941232214,0.08567514001885834,0.03453232299123615,0.5806788708625694,0.34479430366551544,True
2024-01-08,0.6233033866709712,-0.0010672074522501962,0.04076845165338804,0.5954564782995185,0.31948522143048813,True
2024-01-09,0.5442070217952794,-0.07909636487569183,0.041273376212663665,0.5972936675298239,0.2566292766774648,False
2024-01-10,0.6307782434543496,0.08657122165907027,0.046520656386940376,0.5994295506402001,0.35066461950228395,True
2024-01-11,0.4260007506618353,-0.20477749279251434,0.08788075703213206,0.5336620053038214,0.16914327889958974,False
2024-01-12,0.2867175555117901,-0.13928319515004517,0.14594690327797774,0.44783218320932505,0.13076319986647705,False
2024-01-13,0.4835856136535022,0.1968680581417121,0.1294011563607364,0.39876797327570923,0.32673345554141203,True
2024-01-14,0.426567746248755,-0.057017867404747236,0.12408897366981317,0.3989569718046824,0.22099630763691597,False
2024-01-15,0.6117093367888751,0.18514159054012008,0.11727802982374032,0.5072875655637108,0.3848527515212216,True
2024-01-16,0.6129797065998455,0.0012703698109703954,0.1370802238778253,0.5504189298791585,0.33428700901877895,True
2024-01-17,0.6024318416427508,-0.0105478649570947,0.08680090252968124,0.6090402950104904,0.3154117418401832,True
2024-01-18,0.6152826043614243,0.01285076271867358,0.08244709276966429,0.6102313842013403,0.3279859495502471,True
2024-01-19,0.6119909630059126,-0.003291641355511743,0.004926588696895901,0.6099018030033626,0.30599330683568193,False
2024-01-20,0.605925015374327,-0.006065947631585633,0.005344264855807811,0.6110661942472214,0.3022115763688493,False
2024-01-21,0.5223747296611705,-0.08355028571315648,0.03902348660956845,0.58009690268047,0.243926976438552,False
2024-01-22,0.6149891859388815,0.09261445627771103,0.04027869159547745,0.581096310324793,0.3433346681718496,True
2024-01-23,0.6101453885984296,-0.0048437973404519274,0.039664511796263464,0.5825031013994938,0.3115524574563319,False
2024-01-24,0.5343300677193052,-0.07581532087912435,0.04522600596187667,0.5864882140855389,0.25346563878829065,False
2024-01-25,0.6132241840510236,0.07889411633171839,0.046471428836665024,0.5858998801229195,0.33957461269236033,True
2024-01-26,0.5427421340258621,-0.0704820500251615,0.040813914221685274,0.5634321285987304,0.2583892348497197,False
2024-01-27,0.6096533506443764,0.06691121661851429,0.03982907557804119,0.588539889573754,0.33286585542335073,True
2024-01-28,0.6097240273649822,7.0676720605789e-05,0.03975506371308766,0.5873731706784069,0.3128342294412904,False
2024-01-29,0.5261537160573453,-0.08357031130763692,0.04229009291738415,0.5818436980222347,0.2464637832198584,False
2024-01-30,0.6009929013362212,0.0748391852788759,0.040212151738117666,0.5789568815861829,0.33099063659939687,True
2024-01-31,0.6028545034904118,0.0018616021541906225,0.03583868129333209,0.5766670402946594,0.3091534686501295,False
2024-02-01,0.6140833935658562,0.011228890075444364,0.036498548656252475,0.6059769327974963,0.3177100735368119,True
2024-02-02,0.5676379647251262,-0.046445428840729996,0.0358798929075889,0.594858620593798,0.2770613322918619,False
2024-02-03,0.6186587408191437,0.05102077609401756,0.019995947062799113,0.6001266997033753,0.32863479265033696,True
2024-02-04,0.5711610789531048,-0.04749766186603899,0.023992223964887,0.5858192614991249,0.2761296857097181,False
2024-02-05,0.5601522434950698,-0.011008835458034993,0.027749600196951895,0.5833240210891061,0.28232339114951477,False
2024-02-06,0.526497641798985,-0.03365460169608481,0.033004128299551246,0.5526036547490532,0.2597532660505773,False
2024-02-07,0.5573465354327599,0.030848893633774965,0.03341474970319296,0.5479988069089382,0.29461088574715105,False
2024-02-08,0.5674455380180721,0.010099002585312156,0.01767022154381327,0.5504299050832723,0.29028651409339234,False
2024-02-09,0.6104726545148705,0.04302711649679847,0.03015106504177093,0.5784215759885675,0.324174675214829,True
2024-02-10,0.5692966175272116,-0.041176036987658926,0.030107593429744412,0.582404936686718,0.278317016353257,False
2024-02-11,0.614714697683056,0.045418080155844365,0.026668033810251283,0.5981613232417127,0.32631637965033156,True
2024-02-12,0.5683384229607343,-0.04637627472232164,0.024282878091604856,0.584116579390334,0.2751129046819917,False
2024-02-13,0.5696294237133604,0.0012910007526261147,0.0238808105955711,0.5842275147857169,0.2899781742015823,False
2024-02-14,0.6120890181791242,0.04245959446576375,0.024293984709583678,0.5833522882844063,0.3236411843712079,True
2024-02-15,0.5269837427893783,-0.08510527538974588,0.036316267309068596,0.5695673948939542,0.24522354223957912,False
2024-02-16,0.4371891421160768,-0.08979460067330153,0.06628875055859886,0.5254206343615265,0.20491394096776772,False
2024-02-17,0.5301817352254375,0.09299259310936075,0.06479992938501927,0.49811820671029755,0.30594863142253087,False
2024-02-18,0.613710918287835,0.08352918306239743,0.07311767665947859,0.527027265209783,0.3465377493945324,True
2024-02-19,0.5301166801615779,-0.0835942381262571,0.06245515519098323,0.55800311122495,0.2524710996811084,False
2024-02-20,0.5730019885058937,0.04288530834431581,0.06564422382725828,0.5722765289851021,0.31249543152169323,False
2024-02-21,0.6108190040634501,0.037817015557556455,0.04107845546774201,0.5713125575769739,0.32497029779254044,True
2024-02-22,0.6224803543462791,0.011661350282828997,0.03848880700590185,0.6021004489718743,0.3224363436591687,True
2024-02-23,0.5651145619704518,-0.057365792375827285,0.03712416928133538,0.5994713067933937,0.2727723771287448,False
2024-02-24,0.6104867464793792,0.04537218450892733,0.025557643997285794,0.5993605542653699,0.32396655739182495,True
2024-02-25,0.5657124579964365,-0.044774288482942626,0.027368410939562625,0.5804379221487559,0.274897624641248,False
2024-02-26,0.6051617274664687,0.03944926947003213,0.026654563705828183,0.5937869773140948,0.31974655731540963,True
2024-02-27,0.6226480027859804,0.017486275319511746,0.026699742247315528,0.5978407294162952,0.32190983243830684,True
2024-02-28,0.6955433335518983,0.07289533076591792,0.04735921402236849,0.6411176879347824,0.37911210881019825,True
2024-02-29,0.6221749229577487,-0.07336841059414967,0.04706532556366531,0.6467887530985424,0.29849000341336246,False
2024-03-01,0.6961556138969454,0.07398069093919668,0.043941838757097604,0.6712912901355308,0.3790603819816512,True
2024-03-02,0.6919526214278039,-0.004202992469141464,0.039545150691037596,0.6700943860941658,0.35262444311136704,True
2024-03-03,0.6802770365489189,-0.011675584878884981,0.03142713054354268,0.6894617572912227,0.3429212689195025,True
2024-03-04,0.6589965141952248,-0.021280522353694153,0.030331199278479656,0.6770753907239825,0.32918034024720005,True
2024-03-05,0.5842213954187677,-0.07477511877645704,0.04597780381742094,0.6411649820543037,0.27887372283993095,False
2024-03-19,0.667221469722713,0.08300007430394529,0.04233086726840857,0.6368131264455684,0.36697693060622183,True
2024-03-20,0.6648206418564366,-0.0024008278662763782,0.03819214472003391,0.6387545023326391,0.3393285015123422,True
2024-03-21,0.6062592776496922,-0.058561364206744404,0.03840352209856053,0.6461004630762806,0.2932419339825349,False
2025-03-12,0.2905608762986093,-0.3156984013510829,0.15634386159809777,0.5205469319349127,0.08183969006359935,False
2025-03-14,0.6965408294576133,0.405979953159004,0.16786853750848157,0.5311203278019715,0.5036381081782042,True
2025-03-15,0.6362066938800309,-0.06033413557758238,0.16461603540651332,0.5411027998787511,0.3329263133480434,True
2025-03-16,0.6374089460031347,0.0012022521231037642,0.1614645408120758,0.6567188231135929,0.35135805680091364,True
2025-03-17,0.6479110703910751,0.010502124387940404,0.164627438741872,0.6405089034247469,0.36003166026029404,True
2025-03-18,0.6691995059863168,0.02128843559524174,0.025544357785980104,0.6515065074601755,0.346095155228927,True
2025-03-19,0.6201998185819039,-0.04899968740441296,0.01805872679223894,0.6457701316530985,0.2990117484280758,False
2025-03-20,0.6497663440876806,0.029566525505776764,0.017954307644317533,0.6463885562186338,0.33734399122443687,True
2025-03-21,0.6540582851551803,0.004291941067499638,0.017761209023382574,0.6413414826082549,0.33186896670251653,True
2025-03-22,0.6575705479670966,0.0035122628119163,0.018237208298314097,0.6537983924033192,0.33348639448678596,True
2025-03-25,0.7186752546961346,0.061104706729038005,0.03596094851820062,0.6767680292728038,0.3848612290704188,True
2025-03-26,0.6678765275189473,-0.05079872717718725,0.02824436643652185,0.6813741100607261,0.32434751889362184,True
2025-03-27,0.7156981937313156,0.047821666212368275,0.03183804157703058,0.7007499919821325,0.3785632050447744,True
2025-03-28,0.7853681427346006,0.06966994900328505,0.050760937204987866,0.7229809546616212,0.4237372435092834,True
2025-03-29,0.7021044263493803,-0.08326371638522034,0.04274703877318084,0.7343902542717654,0.3346225060137602,True
2025-03-30,0.6961252990506389,-0.0059791272987413935,0.04382659332356443,0.7278659560448734,0.3550342300004099,True
2025-03-31,0.6905617317087236,-0.005563567341915321,0.03881942584971602,0.6962638190362475,0.3513756808217304,True
2025-04-01,0.7787755440985449,0.08821381238982129,0.04723345561548066,0.7218208582859691,0.425298606889315,True
2025-04-02,0.6570329386113364,-0.1217426054872085,0.044830921612848504,0.7087900714728682,0.3009598719820753,False
2025-04-03,0.7272248271101965,0.07019188849886016,0.04583289671703747,0.7210111032733592,0.3938365594481638,True
2025-04-04,0.6709020111918625,-0.05632281591833399,0.04901198492766157,0.6850532589711319,0.3283565578059634,True
2025-04-05,0.6873962176350819,0.016494206443219306,0.04926329084102919,0.695174351979047,0.35849902891871255,True
2025-04-06,0.6198125401092626,-0.06758367752581929,0.03947927472553271,0.659370256312069,0.297527021741992,False
2025-04-07,0.6185454391890864,-0.001267100920176123,0.04638975033465082,0.641918065644477,0.31817053938542056,True
2025-04-08,0.7073618228959248,0.08881638370683831,0.04013362831404701,0.6485732673980912,0.3883525522228232,True
2025-04-09,0.6639372606634727,-0.04342456223245206,0.039815113159426145,0.6632815075828279,0.32690428429388596,True
2025-04-10,0.6782116132076478,0.014274352544175084,0.03838745200452015,0.6831702322556817,0.35106560276798043,True
2025-04-11,0.6442629602839434,-0.033948652923704414,0.03363811138351597,0.6621372780516879,0.31867450654156354,True
2025-04-12,0.6608620838053818,0.01659912352143844,0.023673254512797018,0.661112219098991,0.34014542986168184,True
2025-04-13,0.6329001053065166,-0.02796197849886517,0.01768723343533871,0.6460083831319472,0.3115989057906665,False
2025-04-14,0.6691739591562226,0.03627385384970594,0.018412338758437584,0.6543120494227069,0.3491516034847106,True
2025-04-15,0.7358403339094689,0.06666637475324633,0.04015046996154352,0.6793047994574026,0.395950173373017,True
2025-04-16,0.6398396972017096,-0.09600063670775927,0.04086337358177344,0.6816179967558004,0.2992923323048817,False
2025-04-17,0.6493843392544624,0.009544642052752739,0.04165979236474649,0.675021456788547,0.3358875207160063,True
2025-04-18,0.7295074622143259,0.08012312295986357,0.04506587108077704,0.6729104995568326,0.3978038422112774,True
2025-04-19,0.6884222028745237,-0.04108525933980223,0.04421689833674643,0.6891046681144374,0.34072890330267047,True
2025-04-20,0.7459620112153695,0.05753980834084582,0.047060657812730784,0.7212972254347397,0.3996550796724847,True
2025-04-21,0.7378150424063454,-0.008146968809024102,0.040580492516958264,0.7240664188320795,0.37457952906385716,True
2025-04-22,0.758581448209287,0.020766405802941534,0.026648388333807442,0.7474528339436673,0.39085032351228743,True
2025-04-23,0.6913396646434914,-0.06724178356579558,0.0324061716893252,0.7292453850863746,0.33197853158987206,True
2025-04-24,0.7343531372204494,0.04301347257695798,0.02540256528440853,0.7280914166910759,0.3851611234401938,True
2025-04-25,0.7482083661860717,0.013855228965622302,0.02569382714192774,0.7246337226833375,0.38339951721110804,True
2025-04-26,0.7267542606085047,-0.021454105577566995,0.025765703754161182,0.7364385880050085,0.36209403938181445,True
2025-04-27,0.6656671714464105,-0.061087089162094155,0.03388946051491657,0.7135432660803289,0.3212853510775603,True
2025-04-28,0.7147586966389124,0.04909152519250193,0.03164579436706155,0.7023933762312758,0.3784359647506191,True
2025-04-29,0.7004798110878372,-0.01427888555107526,0.030872220402605868,0.6936352263910533,0.3521306839591172,True
2025-04-30,0.7015212671568979,0.0010414560690606978,0.022902173826690204,0.7055865916278825,0.35565350516450517,True
2025-05-01,0.7475825759206393,0.04606130876374137,0.029508871384356955,0.7165278847217914,0.39351145486631345,True
2025-05-02,0.7118620586658522,-0.03572051725478709,0.019129500525500866,0.7203219672477964,0.34904077426159014,True
2025-05-03,0.7115716556982465,-0.00029040296760562967,0.019202541717729782,0.7236720967615793,0.3595392153023875,True
2025-05-04,0.7454539093831442,0.03388225368489761,0.021346475504851182,0.722962541249081,0.3871609258980116,True
2025-05-05,0.7188638227751787,-0.02659008660796547,0.018010797764233023,0.7252964626188564,0.3550570449580463,True
2025-05-06,0.6250830290734745,-0.09378079370170422,0.04548659450689368,0.696466920410599,0.2935045953276047,False
2025-05-07,0.6442751398670516,0.01919211079357719,0.0516576506091055,0.6627406639052348,0.33822673329342007,True
2025-05-08,0.7156977038768281,0.07142256400977642,0.052138099768598185,0.6616852909391181,0.3897032410950666,True
2025-05-09,0.6965583836269201,-0.019139320249907943,0.04286897615534867,0.6855104091235998,0.3511111909695574,True
2025-05-10,0.6866242774242115,-0.009934106202708626,0.037692069334633156,0.6996267883093199,0.34787032071821977,True
2025-05-11,0.6806994982587399,-0.0059247791654716275,0.02624561809617982,0.6879607197699572,0.3438214389989644,True
2025-05-12,0.7362387139205859,0.05553921566184605,0.0227644506985813,0.7011874965345125,0.38933401179856303,True
2025-05-13,0.7166740931923253,-0.019564620728260596,0.022902617951479198,0.7112041017905503,0.3570481839679803,True
2025-05-14,0.7053178491093157,-0.011356244083009615,0.022585187698162208,0.7194102187407423,0.3537690888693874,True
2025-05-15,0.6381863596592421,-0.06713148945007363,0.03777649402795735,0.6867261006536277,0.3065090318001904,False
2025-05-16,0.6834882477533295,0.04530188809408742,0.03752450432074319,0.6756641521739625,0.3628395911690396,True
2025-05-17,0.7266179855208246,0.04312973776749507,0.03511333215929702,0.6827641976444654,0.3832705805225202,True
2025-05-18,0.6778871425135171,-0.048730843007307456,0.0330938931249444,0.6959977919292237,0.3309430969795552,True
2025-05-19,0.7388176708864189,0.060930528372901804,0.040474791457786714,0.7144409329735869,0.39578295224663734,True
2025-05-20,0.6397418526553255,-0.09907581823109346,0.039950743946347095,0.6854822220184205,0.2981383296476041,False
2025-05-21,0.6317778911749385,-0.007963961480386916,0.0488345398805519,0.6701124715722276,0.3232666651194636,True
2025-05-22,0.7069310341126143,0.07515314293767572,0.04508508545448112,0.659483592647626,0.3850284770285061,True
2025-05-23,0.7246325238068035,0.017701489694189276,0.04942624073767771,0.6877804830314521,0.3775119569591941,True
2025-05-24,0.7404378500763091,0.015805326269505593,0.0498431253471752,0.724000469331909,0.38492914798844124,True
2025-05-25,0.7447283334186816,0.004290483342372475,0.04602798616283655,0.7365995691005981,0.3828569089446199,True
2025-05-26,0.6196097268384567,-0.1251186065802249,0.05120822351092283,0.7015919701111492,0.28251092614734546,False
2025-05-27,0.5589384341047801,-0.06067129273367666,0.08383060566398381,0.6410921647873061,0.27803395036508377,False
2025-05-28,0.6052654381639625,0.04632700405918244,0.08410911656587361,0.5946045330357331,0.3333526436129107,True
2025-05-29,0.5644811313245983,-0.04078430683936418,0.07512579594255481,0.5762283345311136,0.28503043279900087,False
2025-05-30,0.6962407482274603,0.13175961690286198,0.05528451026052884,0.621995772572007,0.39870516123669447,True
2025-05-31,0.541578520222793,-0.15466222800466733,0.06210137926262525,0.6007667999249505,0.23681086756252134,False
2025-06-01,0.6422352863040559,0.10065676608126295,0.06175041458118917,0.6266848515847697,0.3636647558926447,True
2025-06-02,0.562262543868715,-0.07997274243534092,0.06545157135066296,0.5820254501318546,0.2702297634738878,False
2025-06-03,0.7048595755789326,0.14259703171021765,0.07507766283647815,0.6364524685839011,0.41022442986982727,True
2025-06-04,0.5343904086129784,-0.17046916696595427,0.07395622030134466,0.6005041760202086,0.23084569827697185,False
2025-06-05,0.5156387158129887,-0.018751692799989672,0.07952204027892686,0.5849629000016332,0.26809825812228283,False
2025-06-06,0.4129382006422625,-0.1027005151707262,0.10519370956016594,0.4876557750227432,0.1966976876819466,False
2025-06-07,0.5727810575400469,0.15984285689778444,0.1057037329977986,0.5004526579984326,0.3554841324389185,True
2025-06-08,0.5019991593184292,-0.07078189822161773,0.059209648991067114,0.49590613916691284,0.24160693999094268,False
2025-06-09,0.4746521270189583,-0.027347032299470886,0.058461956546021175,0.5164774479591449,0.24081434512884214,False
2025-06-10,0.6848438440916697,0.21019171707271134,0.10411073672110016,0.553831710143019,0.4263015845118683,True
2025-06-11,0.5559388741393045,-0.1289049699523651,0.08123275435889933,0.5718116150833108,0.25554449695572257,False
2025-06-12,0.6054332384338444,0.049494364294539905,0.08397980722632338,0.6154053188882728,0.33436088995054886,True
2025-06-13,0.5126998072849623,-0.0927334311488821,0.08210186401336915,0.558023973286037,0.24495024710049038,False
2025-06-14,0.6192389367962788,0.1065391295113165,0.06531729803329035,0.5791239941716952,0.3546446668581924,True
2025-06-15,0.5180173268841526,-0.10122160991212625,0.048898136608087575,0.5499853569884645,0.23842180779005595,False
2025-06-16,0.7015968696489059,0.1835795427647533,0.07857166358190938,0.6129510444431124,0.42158663037026084,True
2025-06-17,0.5493576731421368,-0.1522391965067691,0.0800553666645233,0.5896572898917317,0.24501815095194232,False
2025-06-18,0.6895413753444193,0.1401837022022825,0.08183282060923262,0.6468319727118206,0.4031923624547409,True
2025-06-19,0.5483886575889878,-0.14115271775543148,0.08700515673707156,0.595762568691848,0.24924954481527875,False
2025-06-20,0.6124688765966819,0.06408021900769412,0.07360184471223238,0.6167996365100296,0.3401788729430957,True
2025-06-21,0.5141008434150547,-0.09836803318162723,0.0694551351793789,0.5583194592002414,0.24143103878891495,False
2025-06-22,0.6927585881014007,0.178657744686346,0.08087641604990761,0.6064427693710458,0.41615190066658564,True
2025-06-23,0.508158076628176,-0.18460051147322465,0.07771029883959465,0.5716725027148771,0.21424094464003954,False
2025-06-24,0.6031147215445513,0.09495664491637523,0.076843498002989,0.6013437954247093,0.345413053847786,True
2025-06-25,0.5909965520774529,-0.012118169467098316,0.0755926708771397,0.5674231167500601,0.30698135937402493,False
2025-06-26,0.6989779854044758,0.10798143332702281,0.07930806543864109,0.6310297530088266,0.3977450357880729,True
2025-06-27,0.6587470996342979,-0.04023088577017786,0.07254946469560225,0.6495738790387421,0.33181417702521604,True
2025-06-28,0.5076448119284614,-0.15110228770583645,0.07273325530278751,0.621789965655745,0.22303837071303728,False
2025-06-29,0.7077407231392618,0.2000959112108004,0.083785793513166,0.6247108782340071,0.43065629363550423,True
2025-06-30,0.5580090233846715,-0.14973169975459033,0.08903675846487633,0.5911315194841316,0.2518923534589339,False
2025-07-01,0.6206536126971945,0.06264458931252304,0.07940578003657771,0.628801119740376,0.34500133914966974,True
2025-07-02,0.5358517360148174,-0.08480187668237715,0.07978025004670185,0.5715047906988944,0.2584413550120359,False
2025-07-03,0.6421316560446356,0.10627992002981823,0.06866371443930473,0.5995456682522159,0.3666825469191243,True
2025-07-04,0.5455782566154824,-0.0965533994291532,0.04777446520548,0.5745205495583118,0.25337800152009127,False
2025-07-05,0.6472488339123144,0.10167057729683193,0.05361029298568521,0.611652915524144,0.3648476487423438,True
2025-07-06,0.5597742551867867,-0.08747457872552766,0.054172570301442374,0.5842004485715279,0.2644792680360235,False
2025-07-07,0.7003723849744621,0.14059812978767539,0.06490950276006384,0.6357984913578544,0.4053475319755464,True
2025-07-08,0.544597602333053,-0.1557747826414091,0.07063135042761248,0.6015814141647672,0.23969263645962627,False
2025-07-09,0.686873169141407,0.14227556680835396,0.07191102987496256,0.6439477188163073,0.4005014605882022,True
2025-07-10,0.5095647604977743,-0.17730840864363262,0.08730313916577215,0.580345177324078,0.2190504854889518,False
2025-07-11,0.7031050285132147,0.19354026801544033,0.0939725625073836,0.6331809860507986,0.42840910716271613,True
2025-07-12,0.5158669890773543,-0.18723803943586037,0.09511051064547296,0.5761789260294478,0.22078418483701362,False
2025-07-13,0.6988718433307707,0.1830048542534164,0.10074480925213827,0.6392812869737798,0.4244863397918379,True
2025-07-14,0.6821104461870514,-0.01676139714371927,0.1000080303253732,0.6322830928650588,0.3560284100154845,True
2025-07-15,0.698080273272832,0.01596982708578054,0.08074898605083822,0.6930208542635513,0.36998088197231777,True
2025-07-16,0.6546337572454756,-0.043446516027356386,0.07704600685380862,0.6782748255684531,0.3296921251852926,True
2025-07-17,0.3086074240075331,-0.34602633323794246,0.1685779242696062,0.5537738181752802,0.08421139688630505,False
2025-07-18,0.3968519085284942,0.08824448452096112,0.1816830986035002,0.4533643632605009,0.26123591934123547,False
2025-07-19,0.4112610900738274,0.01440918154533316,0.17183261045470283,0.37224014086995155,0.2443198215914542,False
2025-07-20,0.4112610900738274,0.0,0.12921379637295213,0.4064580295587163,0.23147330431150412,False
2025-07-21,0.4112610900738274,0.0,0.044734376075535064,0.4112610900738274,0.2145774202520207,False
2025-07-22,0.4112610900738274,0.0,0.006443981887130027,0.4112610900738274,0.2069193414143397,False
2025-07-23,0.4112610900738274,0.0,1.9581666191278382e-08,0.4112610900738274,0.20563054895324692,False
2025-07-24,0.4112610900738274,0.0,1.9581666191278382e-08,0.4112610900738274,0.20563054895324692,False
2025-07-25,0.4112610900738274,0.0,1.9581666191278382e-08,0.4112610900738274,0.20563054895324692,False
2025-07-26,0.4112610900738274,0.0,1.9581666191278382e-08,0.4112610900738274,0.20563054895324692,False
2025-07-27,0.4112610900738274,0.0,1.9581666191278382e-08,0.4112610900738274,0.20563054895324692,False
2025-07-28,0.4112610900738274,0.0,1.9581666191278382e-08,0.4112610900738274,0.20563054895324692,False
2025-07-29,0.4112610900738274,0.0,1.9581666191278382e-08,0.4112610900738274,0.20563054895324692,False
2025-07-30,0.4112610900738274,0.0,1.9581666191278382e-08,0.4112610900738274,0.20563054895324692,False
2025-07-31,0.4112610900738274,0.0,1.9581666191278382e-08,0.4112610900738274,0.20563054895324692,False
2025-08-01,0.4112610900738274,0.0,1.9581666191278382e-08,0.4112610900738274,0.20563054895324692,False
2025-08-02,0.4112610900738274,0.0,1.9581666191278382e-08,0.4112610900738274,0.20563054895324692,False
2025-08-03,0.4112610900738274,0.0,1.9581666191278382e-08,0.4112610900738274,0.20563054895324692,False
2025-08-04,0.4112610900738274,0.0,1.9581666191278382e-08,0.4112610900738274,0.20563054895324692,False
2025-08-05,0.4112610900738274,0.0,1.9581666191278382e-08,0.4112610900738274,0.20563054895324692,False
2025-09-11,0.4145011273701049,0.0032400372962775315,0.0014489887289543524,0.4123411025059198,0.2085123726197266,False
2025-09-12,0.3611743740921894,-0.05332675327791553,0.02280490461906291,0.39564553051204054,0.1691501419865326,False
2025-09-13,0.4147850472250327,0.05361067313284329,0.023217577356856412,0.39682018289577564,0.22811924102374062,False
2025-09-14,0.4144508181617227,-0.0003342290633099876,0.023556518026837264,0.39680341315964823,0.2118364439672358,False
2025-09-15,0.4189750120436477,0.004524193881924987,0.024449309560107796,0.416070292476801,0.2157346260984229,False
2025-09-16,0.4157971236011065,-0.003177888442541188,0.024584663852061834,0.41640765126882556,0.21186212803820326,False
2025-09-17,0.418455751292085,0.002658627690978521,0.002096701541362747,0.4177426289789463,0.2104448042616086,False
2025-09-18,0.3387172301950593,-0.07973852109702573,0.03502298307802524,0.39099003502941687,0.15244165538402696,False
2025-09-19,0.3704180175905029,0.03170078739544363,0.036392237443369835,0.3758636663592157,0.2019976925025585,False
2025-09-20,0.33204286905884,-0.038375148531662906,0.041035105427928494,0.3470593722814674,0.1627159110555068,False
2025-09-21,0.3249152660303718,-0.00712760302846821,0.038546595561060784,0.3424587175599048,0.1680286712188576,False
2025-09-22,0.4114352038697695,0.08651993783939771,0.03577226028521915,0.3561311129863271,0.23882803534374789,False
2025-09-23,0.4138787116152729,0.0024435077455033927,0.0421732199520727,0.3834097271718047,0.216107052121702,False
2025-09-24,0.4220924260392727,0.008213714423999818,0.048057559411367225,0.41580211384143834,0.22312183922910975,False
2025-09-25,0.4167083158286708,-0.005384110210601922,0.04093981677069058,0.4175598178277388,0.21492688820529296,False
2025-09-26,0.4211569516630346,0.004448635834363779,0.0045823785475373234,0.4199858978436593,0.21282954229133388,False
2025-09-29,0.2905608762986093,-0.13059607536442525,0.0572950465326843,0.3761420479301049,0.11756062484651396,False
2025-09-30,0.4274429439594375,0.13688206766082817,0.05883824798674704,0.3797202573070271,0.2665537418753166,False
2025-10-01,0.4271460912046011,-0.0002968527548363742,0.059447529027057314,0.38171663715421594,0.2253734955812611,False
2025-10-02,0.42194500756326,-0.005201083641341142,0.0599344297744228,0.42551134757576614,0.22139906464411221,False
2025-10-03,0.4184268447434564,-0.0035181628198035497,0.05967862962707042,0.4225059811704392,0.22009369945120125,False
2025-10-04,0.3879950686135891,-0.030431776129867305,0.016423593186485792,0.40945564030676845,0.1881527201051315,False
2025-10-05,0.4053049205265485,0.017309851912959362,0.01573641163692551,0.4039089446278646,0.21099269816454713,False
2025-10-06,0.4157319691139914,0.010427048587442922,0.013718054491755852,0.4030106527513763,0.21373771003157976,False
2025-10-07,0.3068896294408552,-0.10884233967313622,0.046278557291129264,0.375975506360465,0.13004782427671258,False
2025-10-08,0.4215081273150868,0.11461849787423162,0.04682117027881106,0.38137657528997776,0.2545038470755751,False
2025-10-09,0.4166096970392082,-0.004898430275878607,0.048613430226258005,0.38166915126505,0.21655800548209214,False
2025-10-10,0.4127803792171229,-0.0038293178220852875,0.04918997725972671,0.41696606785713924,0.21507938971388119,False
2025-10-11,0.300660831883524,-0.11211954733359891,0.062113354045345355,0.3766836360466183,0.12911722255075142,False
2025-10-12,0.3011397491546941,0.0004789172711701095,0.0636472889788835,0.3381936534184469,0.16344300755447477,False
2025-10-13,0.3017736048024016,0.0006338556477075152,0.0621844982651814,0.3011913952802065,0.16351385874854935,False
2025-10-14,0.3868080966552379,0.08503449185283629,0.05478350016043469,0.32990715020411115,0.22987109591555677,False
2025-10-15,0.4152299582486802,0.028421861593442288,0.05559494494783352,0.36793721990210654,0.2272605265919395,False
2025-10-16,0.4156338509906969,0.0004038927420166871,0.05838287281628718,0.40589063529820496,0.2196146678812109,False
2025-10-17,0.4165273519842877,0.0008935009935908123,0.04937630619385402,0.4157970537412216,0.2184069875289919,False
2025-10-18,0.4129505165565181,-0.003576835427769598,0.012714600227159138,0.41503723984383417,0.20794512769536,False
2025-10-19,0.4184541104146782,0.005503593858160127,0.0020023181251860754,0.41597732631849466,0.21127859698982435,False
2025-10-20,0.4252513453857471,0.006797234971068877,0.004630686981780617,0.4188853241189811,0.21559098058055035,False
2025-10-21,0.4172987316822564,-0.007952613703490707,0.0044972075516173686,0.42033472916089387,0.20716302324040448,False
2025-10-22,0.4253634994595099,0.008064767777253512,0.005376630624159378,0.42263785884250443,0.21617650618776288,False
2025-10-23,0.355708143496003,-0.06965535596350692,0.02970030011967108,0.39945679154592306,0.16289752498288362,False
2025-10-24,0.4226498777113907,0.06694173421538768,0.030111281224660964,0.4012405068889678,0.23742971536524382,False
2025-10-25,0.4178611343158613,-0.004788743395529371,0.029300197989137654,0.39873971850775164,0.21335398373709935,False
2025-10-26,0.4182984743000589,0.00043733998419759335,0.029384715431369227,0.4196031621091036,0.21515738223156258,False
2025-10-27,0.4203122784225594,0.0020138041225005177,0.02871673704786411,0.4188239623461598,0.2165036278576027,False
2025-10-28,0.410099061515822,-0.010213216906737432,0.004727043775208492,0.4162366047461467,0.20293097444093147,False
2025-10-29,0.4360343793213208,0.025935317805498792,0.00950447013721161,0.42214857308656734,0.22769867902975233,False
2025-10-30,0.4168173627550177,-0.01921701656630309,0.009588588253987219,0.4209836011973868,0.20456129405841536,False
2025-10-31,0.2905608762986093,-0.12625648645640836,0.05902491983513412,0.3811375394583159,0.11920847617940898,False
2025-11-01,0.2905608762986093,0.0,0.07206674210931571,0.3326463717840787,0.1596937865711678,False
2025-11-02,0.2905608762986093,0.0,0.07472583726120667,0.2905608762986093,0.160225605601546,False
2025-11-03,0.2905608762986093,0.0,0.056463617263366454,0.2905608762986093,0.15657316160197796,False
2025-11-04,0.2905608762986093,0.0,0.0,0.2905608762986093,0.14528043814930466,False
2025-11-05,0.3300067031519625,0.03944582685335318,0.01764071005455687,0.303709485249727,0.18036524164289858,False
2025-11-06,0.3240140859150568,-0.005992617236905695,0.020076332995231146,0.31486055512187616,0.16422452438550292,False
2025-11-07,0.2927066603730221,-0.031307425542034695,0.01970627984284487,0.31557581648001376,0.14090235849246963,False
2025-11-08,0.2903553379915427,-0.002351322381479448,0.019745591228943392,0.3023586947598738,0.14842139052711617,False
2025-11-09,0.2875151187045967,-0.0028402192869459997,0.020360204617470033,0.2901923723563871,0.14697753448970854,False
2025-11-10,0.2959175162997026,0.008402397595105915,0.014810559431574307,0.2912626576652806,0.15344158931469795,False
2025-11-11,0.3054385605011664,0.009521044201463824,0.00690615778404896,0.29629039850182187,0.15695682506783215,False
2025-11-12,0.2933242392291797,-0.012114321271986694,0.006874048042985302,0.29822677201001624,0.1444026328415909,False
2025-11-13,0.2894003884998236,-0.0039238507293561375,0.0070298465261828804,0.2960543960767232,0.1449290083363415,False
2025-11-14,0.287992637806049,-0.0014077506937745787,0.006916633294300977,0.29023908851168406,0.14495732035375233,False
2025-11-15,0.2932473790755594,0.005254741269510421,0.006874542727852434,0.2902134684604773,0.14957502046420332,False
2025-11-16,0.2946304864187067,0.001383107343147283,0.0028570624439117425,0.29195683443343834,0.1483015879010799,False
2025-11-17,0.293002220079949,-0.001628266338757678,0.002815153709631869,0.293626695191405,0.14657566088027357,False
2025-11-18,0.4222910775717951,0.1292888574918461,0.05822481251361085,0.3366412613568169,0.2615771585361736,False
2025-11-19,0.429334079132829,0.007043001561033879,0.07244665732564488,0.38154245892819105,0.23126927149985366,False
2025-11-20,0.4219730781829288,-0.0073610009499002205,0.07165906341346914,0.4245327449625176,0.22311005148918814,False
2025-11-21,0.417748159723639,-0.004224918459289795,0.058212381440064166,0.4230184390131322,0.2192490806120454,False
2025-11-22,0.4146572612407744,-0.0030908984828645902,0.005537914151004922,0.4181261663824474,0.2075089439057288,False
2025-11-23,0.417613649983445,0.0029563887426706237,0.005700364088667022,0.4166730236492861,0.2108338144322571,False
2025-11-24,0.414691250545543,-0.0029223994379020124,0.002996656383834824,0.4156540539232541,0.20706823671816785,False
2025-11-25,0.422481374467789,0.007790123922245984,0.0031953019431077627,0.41826209166559236,0.21421678479918985,False
2025-11-26,0.3593501404596627,-0.06313123400812631,0.0261386539940031,0.39884092182433156,0.16596343082619408,False
2025-11-27,0.416633544541342,0.05728340408167931,0.026321158329835514,0.3994883531562645,0.2307660251611419,False
2025-11-28,0.4131246529444388,-0.0035088915969032075,0.02590583736011366,0.3963694459818144,0.21069082646517118,False
2025-11-29,0.3483922112952927,-0.0647324416491461,0.03517751116305161,0.3927168029270245,0.16181187538551284,False
2025-11-30,0.3323901076606114,-0.016002103634681297,0.038568496095877036,0.3646356573001142,0.16910812195907673,False
2025-12-01,0.4156569538850297,0.08326684622441832,0.041349637978393666,0.36547975761364454,0.24107845840551909,False
2025-12-02,0.4112304848364284,-0.004426469048601334,0.04038340262073938,0.38642584879402314,0.21236398222778166,False
2025-12-03,0.4158281541782685,0.004597669341840138,0.040883193241091874,0.4142385309665755,0.2174700165399047,False
2025-12-04,0.4183336946072448,0.0025055404289762717,0.03714972426631249,0.4151307778739805,0.21734845428557778,False
2025-12-05,0.4170468973580106,-0.001286797249234195,0.002679212043836648,0.41706958204784134,0.20867325191300237,False
2025-12-06,0.4185488472983003,0.0015019499402896819,0.002984178835680247,0.4179764797545185,0.2103218443983731,False
2025-12-07,0.4137979576006186,-0.004750889697681671,0.0019614331635394336,0.4164645674189765,0.20586599852371268,False
2025-12-08,0.4154881542245501,0.0016901966239314947,0.002005104125336915,0.41594498637448957,0.20865215692452188,False
2025-12-09,0.408579673220771,-0.00690848100377911,0.0038475487065910224,0.4126219283486465,0.20298680205056996,False
2025-12-10,0.4170908044000841,0.008511131179313125,0.003854310338760667,0.4137195439484684,0.2118696036215881,False
2025-12-11,0.4174502075914661,0.0003594031913820017,0.0036032567348380654,0.4143735617374404,0.20955357610011527,False
2025-12-12,0.3657221782795898,-0.05172802931187631,0.022173567773129576,0.40008773009038,0.17177739390085792,False
2025-12-13,0.4171648145652375,0.051442636285647714,0.022386023485496006,0.4001124001454311,0.22849240286541228,False
2025-12-14,0.4200624279684805,0.00289761340324296,0.023385891936131657,0.40098314027110254,0.21557767639243947,False
2025-12-19,0.4153960800193304,-0.0046663479491500515,0.02322382081815898,0.41754110751768275,0.210942899788552,False
2025-12-20,0.4164528323722596,0.00105675235292918,0.023117369612528964,0.41730378012002345,0.21316691581451433,False
2025-12-21,0.4159413101603624,-0.0005115222118972085,0.0018301874078179685,0.41593007418398414,0.2081832358981756,False
2025-12-22,0.411271696287376,-0.004669613872986422,0.0031336896900040984,0.414555279606666,0.2048617019197929,False
2025-12-23,0.4150576480706979,0.003785951783321917,0.002055614597266844,0.4140902181728121,0.20907573248979888,False
2025-12-24,0.4184561738042085,0.0033985257335106267,0.002640800627147586,0.4149285060540941,0.21077580474758698,False
2025-12-25,0.4187285155195221,0.0002723417153135954,0.0030276469528909473,0.4174141124648095,0.21005148966493334,False
2025-12-26,0.4177114476834895,-0.0010170678360326146,0.0031365252315325265,0.41829871233574,0.20917790853724147,False
2025-12-27,0.3008820740350731,-0.11682937364841639,0.05216816465617546,0.37910734574602817,0.12582585785424674,False
2025-12-28,0.2978766611980442,-0.0030054128370289312,0.06514453798276275,0.3388233943055356,0.16106561434446598,False
2025-12-29,0.2981909491444036,0.00031428794635940394,0.06532009468939977,0.2989832281258403,0.16225377989398956,False
2025-12-30,0.298006171965986,-0.00018477717841758334,0.053220614600686306,0.2980245941028112,0.15959177574960498,False
2025-12-31,0.2981631609275658,0.00015698896157978481,0.0012687622524982858,0.29812009401265177,0.1493824296027565,False
2026-01-01,0.2980937868385327,-6.937408903306963e-05,0.00012772344333325931,0.29808770657736144,0.1490516258812231,False
2026-01-02,0.2980732427463488,-2.054409218393838e-05,7.360386989940278e-05,0.2981100635041491,0.1490451789194991,False
2026-01-03,0.2974949299451812,-0.000578312801167602,0.0002693619142681385,0.2978873198433542,0.14862784351509392,False
2026-01-04,0.2979047896534179,0.0004098597082367039,0.0002694220759365926,0.2978243207816493,0.14912923715436727,False
2026-01-05,0.417846181094634,0.11994139144121613,0.05364581964302524,0.3377486335644109,0.25563467190828687,False
2026-01-06,0.4102342935825,-0.007611887512133986,0.06371129112028143,0.37532842144351725,0.21557583876166608,False
2026-01-07,0.4169310308134827,0.006696737230982686,0.06431736292859322,0.41500383516353884,0.2233380091617548,False
2026-01-08,0.3597123267368549,-0.057218704076627824,0.05210608958296083,0.39562588371094587,0.17311177006203127,False
2026-01-09,0.4170713667498942,0.05735904001303932,0.0251466140323953,0.3979049081000772,0.23077271818533795,False
2026-01-10,0.4138125109146797,-0.0032588558352145136,0.02466586622202357,0.3968654014671429,0.2108617719511802,False
2026-01-11,0.4156809638504378,0.0018684529357581026,0.025150258290671038,0.41552161383833713,0.21343106946408053,False
2026-01-12,0.4152058948593889,-0.000475068991048877,0.02495055662235062,0.41489978987483545,0.21245053805684994,False
2026-01-13,0.4139732606005075,-0.0012326342588814265,0.0013370006071161868,0.4149533731034447,0.20688424014401255,False
2026-01-14,0.4161168060583709,0.0021435454578634383,0.001025770068917302,0.4150986538394224,0.20890662068032795,False
2026-01-15,0.4136485813604142,-0.0024682246979567113,0.0010730607301750726,0.41457954933976415,0.2062984354168551,False
2026-01-16,0.416321803758837,0.00267322239842277,0.0012148201172983895,0.4153623970592073,0.20920583262240502,False
2026-01-17,0.4158147689717718,-0.0005070347870652081,0.0012634865737180014,0.4152617180303409,0.2080079713645099,False
2026-01-18,0.4161544598231242,0.0003396908513524366,0.0011123217429244903,0.4160970108512443,0.20840160151555273,False
2026-01-19,0.4143666363890457,-0.001787823434078517,0.0011863826289988336,0.41544528839464717,0.20688424769009905,False
2026-01-20,0.4152531576626504,0.0008865212736047234,0.0007928504111499858,0.41525808462494007,0.2080511052956366,False
2026-01-21,0.4168453501152406,0.0015921924525901798,0.0009365091758716176,0.4154883813889789,0.20908763462857166,False
2026-01-22,0.413898837637633,-0.002946512477607577,0.0012201186776036807,0.4153324484718413,0.206309488811055,False
2026-01-23,0.4171268000883003,0.0032279624506672544,0.0014461667944871037,0.41595699594705793,0.20982102213824771,False
2026-01-24,0.415355775864797,-0.0017710242235032814,0.0013143295756213277,0.41546047119691004,0.20740944658047178,False
2026-01-25,0.4130567133042229,-0.0022990625605741055,0.0017828790769746459,0.41517976308577337,0.20619521369933413,False
2026-01-26,0.4140719355941871,0.0010152222899642016,0.0015855675321363894,0.414161474921069,0.20765764799051006,False
2026-01-27,0.4156903465309077,0.0016184109367206045,0.001560922089488918,0.4142729984764392,0.2086428809643678,False
2026-01-28,0.4162075124963129,0.0005171659654051863,0.0012867199858166687,0.4153232648738025,0.20851625003494134,False
2026-01-29,0.3037350655263775,-0.11247244696993536,0.0496662991778894,0.3785443081845326,0.12805905850778604,False
2026-01-30,0.4142777442725,0.1105426787461225,0.04979515749748566,0.37807344076506344,0.2502607072595839,False
2026-01-31,0.4142777807614873,3.648898727615091e-08,0.04981722498590399,0.37743019685345497,0.21710234632462064,False
2026-02-01,0.4149216534449866,0.0006438726834993025,0.0497301794038733,0.4144923928263246,0.21760002440831777,False
2026-02-02,0.4163023848725681,0.0013807314275814941,0.049741415458039624,0.4151672730263473,0.2185136949561664,False
2026-02-03,0.4150574749817092,-0.001244909890858903,0.0008281893768698202,0.4154271710997546,0.20732090239897089,False
2026-02-04,0.414334794482668,-0.0007226804990411728,0.0008166246802940424,0.4152315514456484,0.20711391802768048,False
2026-02-05,0.4158987133240581,0.0015639188413900662,0.0007900591973438674,0.41509699426281177,0.20857654415391486,False
2026-02-06,0.4164540574533898,0.0005553441293317252,0.0008953514479044247,0.4155625217533719,0.20857270225507532,False
2026-02-07,0.4080889495953189,-0.00836510785807093,0.0033835209459167777,0.4134805734575889,0.20221164662942154,False
2026-02-08,0.4161786614417691,0.008089711846450243,0.0035087108683185485,0.4135738894968259,0.21121798644848333,False
2026-02-09,0.4187578929889057,0.0025792315471365734,0.004067154120437274,0.4143418346753312,0.21096614678268127,False
2026-02-10,0.4157770602306479,-0.0029808327582577787,0.004061359222777102,0.4169045382204409,0.20780655213240207,False
2026-02-11,0.4107438839420737,-0.005033176288574248,0.004360152556306988,0.4150929457205424,0.20473401959572596,False
2026-02-12,0.4165945968415026,0.0058507128994289,0.00295419323914624,0.41437184700474133,0.2106433509384092,False
2026-02-13,0.416286009042464,-0.00030858779903858435,0.002959740211958627,0.41454149660868006,0.20864237622391216,False
2026-02-14,0.3617919475097045,-0.054494061532759486,0.02384839519667544,0.39822418446455704,0.1693174343343595,False
2026-02-15,0.4195159317046394,0.05772398419493491,0.02435389105067228,0.39919796275226926,0.23194593932093463,False
2026-02-16,0.4147354888332761,-0.004780442871363311,0.02465338200846426,0.39868112268253997,0.2108642879569219,False
2026-02-17,0.4083291159820021,-0.006406372851273989,0.024016218962025698,0.41419351217330586,0.20704588992802397,False
2026-02-18,0.4138181413479477,0.005489025365945588,0.023727604860083136,0.4122942487210753,0.21330129925577415,False
2026-02-19,0.3854402227719677,-0.028377918575979988,0.013418362571390311,0.40252916003397243,0.18689040832746792,False
2026-02-20,0.4122750006642615,0.02683477789229377,0.01225467960276429,0.4038444549280589,0.21663886962037174,False
2026-02-21,0.4097439677763612,-0.0025310328879002975,0.011647043686675823,0.4024863970708634,0.20644208275914566,False
2026-02-22,0.4076207437539115,-0.002123224022449688,0.011614696132526936,0.40987990406484465,0.20549634389672625,False
2026-02-23,0.4144641864284665,0.006843442674555,0.011729504090799637,0.410609632652913,0.21163102683475968,False
2026-02-24,0.4121799697638998,-0.002284216664566685,0.0026308681582915172,0.4114216333154259,0.2059308935142382,False
2026-02-25,0.4148031013628809,0.0026231315989810877,0.0030800675436145454,0.4138157525184157,0.20880450366985767,False
2026-02-26,0.4134699502972979,-0.0013331510655830159,0.0029160067127300413,0.41348434047469285,0.20691823117152003,False
2026-02-27,0.4141213566434915,0.0006514063461935948,0.0010348622343411974,0.41413146943455675,0.20746307267247205,False
2026-02-28,0.4156801862607412,0.0015588296172497351,0.0013288366390267162,0.4144238310671768,0.20857350934335087,False
2026-03-01,0.4145749295971079,-0.0011052566636333139,0.0008200954482778121,0.4147921575004468,0.20711990688911952,False
2026-03-03,0.4146384440935397,6.351449643182683e-05,0.000809621547512321,0.4149645199837962,0.20750020070520186,False
2026-03-04,0.4974270554988353,0.08278861140529559,0.03697704216646919,0.4422134763964943,0.2809455196043002,False
2026-03-05,0.3040630835254979,-0.19336397197333743,0.06880809261832227,0.40537619437262423,0.10778396869441217,False
