date,upper_vel_spikes,lower_vel_spikes,upper_vel_flip_rate,lower_vel_flip_rate,upper_vel_deriv_std,lower_vel_deriv_std,upper_err_spikes,lower_err_spikes,upper_err_flip_rate,lower_err_flip_rate,upper_err_deriv_std,lower_err_deriv_std,upper_cur_spikes,lower_cur_spikes,upper_cur_flip_rate,lower_cur_flip_rate,upper_cur_deriv_std,lower_cur_deriv_std,upper_vel_spikes_norm,lower_vel_spikes_norm,upper_vel_flip_rate_norm,lower_vel_flip_rate_norm,upper_err_spikes_norm,lower_err_spikes_norm,upper_err_flip_rate_norm,lower_err_flip_rate_norm,upper_cur_spikes_norm,lower_cur_spikes_norm,upper_cur_flip_rate_norm,lower_cur_flip_rate_norm,upper_vel_deriv_std_norm,lower_vel_deriv_std_norm,upper_err_deriv_std_norm,lower_err_deriv_std_norm,upper_cur_deriv_std_norm,lower_cur_deriv_std_norm,oscillation_score
2016-02-11,0,0,0,0,0.0,0.0,0,0,0,0,0.0,0.0,1,1,0,0,13.018891098082387,13.018891098082387,0.0,0.0,0.0,0.0,0.0,0.0,0.0,0.0,0.0009380863039399625,0.0010995052226498076,0.0,0.0,0.0,0.0,0.0,0.0,1.0,1.0,0.0
2018-05-01,0,0,0,0,0.0,0.0,0,0,0,0,0.0,0.0,0,0,0,0,0.0,0.0,0.0,0.0,0.0,0.0,0.0,0.0,0.0,0.0,0.0,0.0,0.0,0.0,0.0,0.0,0.0,0.0,0.0,0.0,0.0
2018-05-02,0,0,0,0,0.0,0.0,0,0,0,0,0.0,0.0,0,0,0,0,0.0,0.0,0.0,0.0,0.0,0.0,0.0,0.0,0.0,0.0,0.0,0.0,0.0,0.0,0.0,0.0,0.0,0.0,0.0,0.0,0.0
2018-05-03,0,0,0,0,0.0,0.0,0,0,0,0,0.0,0.0,0,0,0,0,0.0,0.0,0.0,0.0,0.0,0.0,0.0,0.0,0.0,0.0,0.0,0.0,0.0,0.0,0.0,0.0,0.0,0.0,0.0,0.0,0.0
2018-05-04,0,0,0,0,0.0,0.0,0,0,0,0,0.0,0.0,0,0,0,0,0.0,0.0,0.0,0.0,0.0,0.0,0.0,0.0,0.0,0.0,0.0,0.0,0.0,0.0,0.0,0.0,0.0,0.0,0.0,0.0,0.0
2018-05-05,0,0,0,0,0.0,0.0,0,0,0,0,0.0,0.0,0,0,0,0,0.0,0.0,0.0,0.0,0.0,0.0,0.0,0.0,0.0,0.0,0.0,0.0,0.0,0.0,0.0,0.0,0.0,0.0,0.0,0.0,0.0
2018-05-06,0,0,0,0,0.0,0.0,0,0,0,0,0.0,0.0,0,0,0,0,0.0,0.0,0.0,0.0,0.0,0.0,0.0,0.0,0.0,0.0,0.0,0.0,0.0,0.0,0.0,0.0,0.0,0.0,0.0,0.0,0.0
2018-05-07,0,0,0,0,0.0,0.0,0,0,0,0,0.0,0.0,0,0,0,0,0.0,0.0,0.0,0.0,0.0,0.0,0.0,0.0,0.0,0.0,0.0,0.0,0.0,0.0,0.0,0.0,0.0,0.0,0.0,0.0,0.0
2018-05-08,0,0,0,0,0.0,0.0,0,0,0,0,0.0,0.0,0,0,0,0,0.0,0.0,0.0,0.0,0.0,0.0,0.0,0.0,0.0,0.0,0.0,0.0,0.0,0.0,0.0,0.0,0.0,0.0,0.0,0.0,0.0
2018-05-09,0,0,0,0,0.0,0.0,0,0,0,0,0.0,0.0,0,0,0,0,0.0,0.0,0.0,0.0,0.0,0.0,0.0,0.0,0.0,0.0,0.0,0.0,0.0,0.0,0.0,0.0,0.0,0.0,0.0,0.0,0.0
2018-05-10,0,0,0,0,0.0,0.0,0,0,0,0,0.0,0.0,0,0,0,0,0.0,0.0,0.0,0.0,0.0,0.0,0.0,0.0,0.0,0.0,0.0,0.0,0.0,0.0,0.0,0.0,0.0,0.0,0.0,0.0,0.0
2018-05-11,0,0,0,0,0.0,0.0,0,0,0,0,0.0,0.0,0,0,0,0,0.0,0.0,0.0,0.0,0.0,0.0,0.0,0.0,0.0,0.0,0.0,0.0,0.0,0.0,0.0,0.0,0.0,0.0,0.0,0.0,0.0
2018-05-12,0,0,0,0,0.0,0.0,0,0,0,0,0.0,0.0,0,0,0,0,0.0,0.0,0.0,0.0,0.0,0.0,0.0,0.0,0.0,0.0,0.0,0.0,0.0,0.0,0.0,0.0,0.0,0.0,0.0,0.0,0.0
2018-05-13,0,0,0,0,0.0,0.0,0,0,0,0,0.0,0.0,0,0,0,0,0.0,0.0,0.0,0.0,0.0,0.0,0.0,0.0,0.0,0.0,0.0,0.0,0.0,0.0,0.0,0.0,0.0,0.0,0.0,0.0,0.0
2018-05-14,0,0,0,0,0.0,0.0,0,0,0,0,0.0,0.0,0,0,0,0,0.0,0.0,0.0,0.0,0.0,0.0,0.0,0.0,0.0,0.0,0.0,0.0,0.0,0.0,0.0,0.0,0.0,0.0,0.0,0.0,0.0
2018-05-15,0,0,0,0,0.0,0.0,0,0,0,0,0.0,0.0,107,100,1588,409,2.2096789880927648,4.329106225624935,0.0,0.0,0.0,0.0,0.0,0.0,0.0,0.0,0.10037523452157598,0.10995052226498075,0.2852267624607095,0.08100613982966924,0.0,0.0,0.0,0.0,0.6049100458170957,0.7016280023823827,0.03257298323755441
2018-05-16,0,0,0,0,0.0,0.0,0,0,0,0,0.0,0.0,128,104,1767,507,2.204806705049363,4.685065024679198,0.0,0.0,0.0,0.0,0.0,0.0,0.0,0.0,0.1200750469043152,0.11434854315557999,0.317377638078132,0.10041592394533572,0.0,0.0,0.0,0.0,0.6035762353519105,0.7593190471602966,0.03675856000507999
2018-05-17,0,0,0,0,0.0,0.0,0,0,0,0,0.0,0.0,179,147,1746,616,3.0566266151749026,6.015581412341063,0.0,0.0,0.0,0.0,0.0,0.0,0.0,0.0,0.16791744840525327,0.1616272677295217,0.3136057476425685,0.12200435729847495,0.0,0.0,0.0,0.0,0.8367659536949819,0.974958836659215,0.037460792629180596
2018-05-18,0,0,0,0,0.0,0.0,0,0,0,0,0.0,0.0,226,199,2103,1126,3.5858611398305564,6.681125409090627,0.0,0.0,0.0,0.0,0.0,0.0,0.0,0.0,0.21200750469043153,0.21880153930731172,0.3777278850471486,0.22301445830857597,0.0,0.0,0.0,0.0,0.9816464011638522,1.0,0.04892351142014366
2018-05-19,0,0,0,0,0.0,0.0,0,0,0,0,0.0,0.0,218,186,2126,1057,3.0944305068014404,5.244036934179718,0.0,0.0,0.0,0.0,0.0,0.0,0.0,0.0,0.2045028142589118,0.2045079714128642,0.381859003143242,0.20934838581897405,0.0,0.0,0.0,0.0,0.8471149473447841,0.8499128842736607,0.0486533196052729
2018-05-20,0,0,0,0,0.0,0.0,0,0,0,0,0.0,0.0,224,167,2038,1020,3.141832164956463,5.481761296118764,0.0,0.0,0.0,0.0,0.0,0.0,0.0,0.0,0.2101313320825516,0.18361737218251786,0.36605298607992814,0.20202020202020202,0.0,0.0,0.0,0.0,0.8600913748534288,0.8884414073664018,0.04670630870900292
2018-05-21,0,0,0,0,0.0,0.0,0,0,0,0,0.0,0.0,208,217,1851,841,4.17968878471146,7.58022708045558,0.0,0.0,0.0,0.0,0.0,0.0,0.0,0.0,0.1951219512195122,0.23859263331500824,0.3324651998203862,0.16656763715587244,0.0,0.0,0.0,0.0,1.0,1.0,0.04157490183983224
2018-05-22,0,0,0,0,0.0,0.0,0,0,0,0,0.0,0.0,128,120,1759,670,2.75017846387496,4.887741337430344,0.0,0.0,0.0,0.0,0.0,0.0,0.0,0.0,0.1200750469043152,0.1319406267179769,0.3159407274360126,0.13269954446425034,0.0,0.0,0.0,0.0,0.7528743267924634,0.7921672539342678,0.038229049966813776
2018-05-23,0,0,0,0,0.0,0.0,0,0,0,0,0.0,0.0,138,132,1779,658,2.8802465308909917,4.891412026347137,0.0,0.0,0.0,0.0,0.0,0.0,0.0,0.0,0.1294559099437148,0.1451346893897746,0.3195330040413112,0.13032283620518914,0.0,0.0,0.0,0.0,0.7884810736556896,0.7927621707595496,0.03846944221439058
2018-05-24,0,0,0,0,0.0,0.0,0,0,0,0,0.0,0.0,20,0,227,60,0.014883830244430525,0.3517505756029022,0.0,0.0,0.0,0.0,0.0,0.0,0.0,0.0,0.01876172607879925,0.0,0.0407723394701392,0.011883541295306001,0.0,0.0,0.0,0.0,0.004074518734897059,0.05700900851918703,0.004671411011779221
2018-05-24,0,0,0,0,0.0,0.0,0,0,0,0,0.0,0.0,60,47,604,255,3.469501693018582,6.140110101001778,0.0,0.0,0.0,0.0,0.0,0.0,0.0,0.0,0.05628517823639775,0.05167674546454096,0.10848675348001796,0.050505050505050504,0.0,0.0,0.0,0.0,0.949792453743627,0.9951414818775597,0.013373927873254322
2021-02-09,8,17,3819,3798,0.18625175271015898,0.2639394437192307,94,77,117,121,0.000612438844944425,0.00138307197948477,69,66,123,114,0.08348569874284036,0.14053278339841196,0.02112676056338028,0.053497942386831275,0.06579258105992355,0.06522974686311371,0.26857142857142857,0.23088455772113944,0.036885245901639344,0.03788946297166119,0.0647279549718574,0.0725673446948873,0.022092501122586438,0.0225787284610814,0.6575966747843669,0.6614532789582609,0.00017607720913418926,0.032623239741486613,0.02285460382423825,0.022776464920499853,0.07082184981489957
2021-02-10,4,20,5773,5739,0.10423675554393429,0.24075688742553905,140,121,195,209,0.0006671150356312711,0.001492405385110562,106,96,199,193,0.06329142046749385,0.15366399197535896,0.007042253521126761,0.06584362139917696,0.09997463460714255,0.09917369824684126,0.4,0.36281859070464767,0.06147540983606557,0.06544543604196024,0.09943714821763602,0.10555250137438153,0.03574315222272115,0.03822539116656764,0.3662922652240966,0.6028866111517124,0.00019179670691213022,0.03520214377279534,0.017326324892045136,0.024904669488032667,0.07891734232391961
2021-02-11,19,29,5679,5691,0.22414675850194662,0.28527727161270533,178,142,289,280,0.000717565813545846,0.0019529040102895783,151,116,244,247,0.0777580609285796,0.16681274110845515,0.05985915492957746,0.102880658436214,0.09833025741500406,0.09833428059283872,0.5085714285714286,0.4257871064467766,0.09110970996216898,0.0876780961327697,0.14165103189493433,0.12754260582737767,0.04382577458464302,0.04892057833234304,0.7921937932246242,0.7153595635853144,0.0002063013913343818,0.046064164891491184,0.021286635955910606,0.027035716893031282,0.11188754762818849
2021-02-12,24,44,5736,5629,0.26134531044583953,0.35888566453625353,172,107,394,374,0.0009791592452233534,0.0030874661446334806,125,120,327,367,0.10106509353357479,0.19905706071014106,0.07746478873239436,0.1646090534979424,0.09932737975491783,0.09725003278975211,0.49142857142857144,0.32083958020989506,0.12421185372005045,0.11711288554877095,0.11726078799249531,0.1319406267179769,0.05873372249663224,0.07268766092295505,0.9243172168047116,0.9013182750195852,0.0002815099476789592,0.0728256733735748,0.027667046068384514,0.03226162643907023,0.1339621426231015
2021-02-13,20,37,5651,5645,0.23174715261174744,0.3223750769212101,196,174,320,322,0.0007606008277176652,0.0019350823325407908,144,121,297,318,0.08765047323651928,0.1988467911914751,0.06338028169014084,0.13580246913580246,0.09784044293223941,0.09752983867441962,0.56,0.5217391304347826,0.1008827238335435,0.10082981055268514,0.1350844277673546,0.13304013194062672,0.05334530758868433,0.0629827688651218,0.8191892013216773,0.8090806706250259,0.00021867403107298593,0.04564379568842859,0.02399473048669237,0.03222754758430103,0.11913122166649417
2021-02-14,14,40,5694,5669,0.1989466786420376,0.3394702563398928,202,159,350,368,0.0008528457646937698,0.0022377109087495725,131,130,339,355,0.0987293093469487,0.1949868292504461,0.04225352112676056,0.14814814814814814,0.09859265803077084,0.09794954750142089,0.5771428571428572,0.4767616191904048,0.11034047919293821,0.11523406920306874,0.12288930581613508,0.14293567894447498,0.060889088459811405,0.07031095266389384,0.7026870610645997,0.8522686470251857,0.0002451946072800447,0.05278205366829287,0.02702761412964377,0.03160195485342152,0.11914704552812493
2021-02-15,11,22,5721,5664,0.16718856968711207,0.23908757507025766,130,102,167,162,0.0004472183378648744,0.0015500284368773695,99,81,162,158,0.06424294127343237,0.13652215304128404,0.03169014084507042,0.07407407407407407,0.09906497913915105,0.0978621081624623,0.37142857142857144,0.3058470764617691,0.05264817150063052,0.050728041333959605,0.09287054409005628,0.08905992303463442,0.029097440502918726,0.03129332541097247,0.5898872378918304,0.5986693858837753,0.00012857603245598116,0.03656132873229755,0.0175868082008958,0.022126453019865655,0.08435208553800563
2021-02-16,12,18,5753,5667,0.1835985395956164,0.21002999352118412,93,70,124,127,0.0005174623263905598,0.0017020756016437046,86,81,113,117,0.061874926489316764,0.11342803666853656,0.035211267605633804,0.05761316872427984,0.0996247671194535,0.09791457176583745,0.26571428571428574,0.2098950524737631,0.03909205548549811,0.039768279317363396,0.08067542213883677,0.08905992303463442,0.020296362819937134,0.023172905525846704,0.6481728778389994,0.5252604958421981,0.00014877129857953844,0.04014774446608554,0.016938552984063916,0.018383537532718416,0.08106646894954744
2021-02-17,12,18,5754,5729,0.17382515208835994,0.21816682121884717,94,32,108,110,0.0004009087292827335,0.0029297078148729947,83,83,110,102,0.061214185212251374,0.10894482834611169,0.035211267605633804,0.05761316872427984,0.09964226049383795,0.09899881956892406,0.26857142857142857,0.095952023988006,0.034047919293820936,0.034444966337873806,0.07786116322701689,0.09125893347993402,0.019757521329142345,0.020202020202020204,0.6134593379307456,0.5458167657690755,0.00011526194125724278,0.06910454541398006,0.016757671942819165,0.017656933856211737,0.07717740506347455
2021-02-18,12,17,5754,5704,0.18107721886191902,0.21273676205624137,89,70,105,92,0.00031952317522288573,0.0011037813926749564,65,80,102,104,0.06527154253199047,0.11219003626760204,0.035211267605633804,0.053497942386831275,0.09964226049383795,0.09856162287413107,0.2542857142857143,0.2098950524737631,0.03310214375788146,0.028808517300767184,0.06097560975609756,0.0879604178119846,0.0183206106870229,0.02059813824519707,0.639217541948989,0.5320986724269371,9.186345610074026e-05,0.02603546708309522,0.017868392647231578,0.0181828920176893,0.07721345934478782
2021-02-19,67,8,5757,5723,0.004991615888337849,0.15270683120397943,67,61,76,83,0.00024635818706201823,0.0007986766065396919,51,57,71,75,0.04066880089121613,0.1042889982569697,0.22887323943661972,0.01646090534979424,0.09969474061699131,0.09889389236217375,0.19142857142857142,0.18290854572713644,0.02395964691046658,0.02599029278221387,0.04784240150093809,0.06267179769103903,0.012752581948810059,0.014854426619132501,0.013789091316703153,0.38044356700479715,7.082839761605094e-05,0.018838801448907712,0.011133276074487936,0.016902352980939978,0.04243130993599876
2021-02-20,2,8,5736,5775,0.07646445902855585,0.15082158615472874,67,58,78,82,0.0002134208910362917,0.0009644308200530561,65,73,81,80,0.03301275216103804,0.0926118004319047,0.0,0.01646090534979424,0.09932737975491783,0.09980326148734316,0.19142857142857142,0.17391304347826086,0.02459016393442623,0.025677156724596837,0.06097560975609756,0.08026388125343595,0.014548720251459363,0.015844721727074667,0.26764942284067017,0.37568082560843735,6.135886901166789e-05,0.02274853248663899,0.009037396621813557,0.01500980321283131,0.05548063173244831
2021-02-21,2,8,5791,5742,0.0770279859532731,0.15406333265859803,53,58,82,80,0.0001689986395546898,0.0009400827880023213,61,59,66,82,0.025383932409089045,0.1021369171073052,0.0,0.01646090534979424,0.10028951534606267,0.09922616185021642,0.15142857142857144,0.17391304347826086,0.025851197982345524,0.025050884609362768,0.05722326454033771,0.06487080813633865,0.011854512797485407,0.016240839770251536,0.2696509821133403,0.3838705303243412,4.8587396188046875e-05,0.022174222762628513,0.006948971230365655,0.01655356033892392,0.05568585255477192
2021-02-22,6,10,5753,5789,0.09358301350766615,0.14589725295673187,63,67,82,78,0.0001574569934705223,0.000690379050010031,41,70,80,82,0.033404282173911407,0.0973380571161115,0.014084507042253521,0.024691358024691357,0.0996247671194535,0.10004809163642722,0.18,0.20089955022488756,0.025851197982345524,0.024424612494128698,0.038461538461538464,0.07696536558548653,0.014369106421194431,0.016240839770251536,0.3284518440729197,0.36324036033264206,4.52691533167947e-05,0.016284330530192067,0.009144579809644119,0.01577579828508383,0.05873232570684879
2021-02-23,52,8,5763,5779,0.004268920957511871,0.15407877736169454,41,63,76,79,0.00018591348845905842,0.0007441484220536369,63,72,70,86,0.01966400073042345,0.09360056405731687,0.176056338028169,0.01646090534979424,0.09979970086329802,0.09987321295851004,0.11714285714285715,0.1889055472263868,0.02395964691046658,0.024737748551745733,0.05909943714821764,0.07916437603078615,0.012572968118545127,0.017033075856605268,0.01122219224469831,0.38390954866141175,5.345044400513625e-05,0.017552616737234742,0.005383112953006226,0.015170054361953011,0.042323240740209316
2021-02-24,9,9,5736,5727,0.017966174430815655,0.14763935878062598,72,56,84,78,0.00018471722536266583,0.0009550956719266366,73,63,73,80,0.025905070020769444,0.09664078533779114,0.02464788732394366,0.0205761316872428,0.09932737975491783,0.09896384383334061,0.2057142857142857,0.1679160419790105,0.02648171500630517,0.024424612494128698,0.06848030018761726,0.06926882902693787,0.013111809609339919,0.015844721727074667,0.059872688781949984,0.3676414855484848,5.310651633114597e-05,0.022528339481598193,0.0070916351097152506,0.015662789876547976,0.04514834309803156
2021-02-25,4,11,5804,5725,0.08046082218837865,0.14352939372595105,62,72,74,66,0.00024184568864272306,0.0005975855070999478,73,56,70,70,0.027134299614301714,0.08968747948261083,0.007042253521126761,0.02880658436213992,0.10051692921306056,0.09892886809775718,0.17714285714285713,0.2158920539730135,0.023329129886506934,0.020666979802724285,0.06848030018761726,0.061572292468389224,0.012572968118545127,0.013864131511190335,0.28184387813402495,0.3572583787416151,6.953104664876533e-05,0.01409556086258208,0.007428142509093264,0.014535851926112347,0.05497825249320337
2021-02-26,8,13,5720,5681,0.15190616571605098,0.18317654157831148,90,55,95,99,0.00028339050860222084,0.0014293246755888876,71,54,79,85,0.04640798962765593,0.10805507018002698,0.02112676056338028,0.037037037037037035,0.09904748576476659,0.09815940191492152,0.2571428571428571,0.16491754122938532,0.02994955863808323,0.031000469704086424,0.06660412757973734,0.05937328202308961,0.014189492590929501,0.016835016835016835,0.5356065353463108,0.4574199531741189,8.147525301783477e-05,0.033714226194886426,0.0127044060622466,0.017512728745009296,0.07081207185304036
2021-02-27,8,13,5737,5742,0.14154504726883516,0.18447313702183157,88,75,103,93,0.00028703036417884265,0.0009768949505373004,79,64,77,101,0.048672106181137216,0.10836628556571257,0.02112676056338028,0.037037037037037035,0.09934487312930228,0.09922616185021642,0.25142857142857145,0.22488755622188905,0.032471626733921816,0.02912165335838422,0.07410881801125703,0.07036833424958769,0.013830264930399641,0.020003961180431767,0.49880546729856107,0.46069557444979287,8.252171768426402e-05,0.023042530429615283,0.013324218648365155,0.01756316812394547,0.06960949558687822
2021-02-28,12,18,5761,5679,0.1822837326089965,0.21442587485495737,104,85,110,122,0.00035876228827176376,0.0012091889800940636,99,72,100,112,0.05578475054064847,0.12512201450487365,0.035211267605633804,0.05761316872427984,0.09976471411452913,0.09812442617933809,0.29714285714285715,0.25487256371814093,0.03467843631778058,0.03820259902927822,0.09287054409005628,0.07916437603078615,0.01796138302649304,0.022182610417904536,0.6435028895910359,0.536365920046955,0.00010314476781305391,0.028521770793930472,0.015271338591387412,0.02027880687507063,0.07925611215455415
2021-03-01,12,16,5821,5684,0.18073811350232122,0.21716049334862328,108,96,137,120,0.000491498452799151,0.0010499668695640916,106,63,112,114,0.05296010366988909,0.12454665130940187,0.035211267605633804,0.04938271604938271,0.10081431657759624,0.09821186551829668,0.30857142857142855,0.28785607196401797,0.04319041614123581,0.03757632691404415,0.09943714821763602,0.06926882902693787,0.020116748989672206,0.0225787284610814,0.6380130928851654,0.5432744546739046,0.00014130664078059856,0.02476611587429297,0.014498078186950583,0.020185556465299286,0.08147349957012211
2021-03-02,16,18,5651,5659,0.20788874227293408,0.2145324612560895,117,83,122,133,0.0003954427549561703,0.0012101973963506232,96,89,99,120,0.06260421107326417,0.1314235903807909,0.04929577464788732,0.05761316872427984,0.09784044293223941,0.09777466882350369,0.3342857142857143,0.24887556221889057,0.038461538461538464,0.041647095663065604,0.0900562851782364,0.09785596481583288,0.01778176919622811,0.023767082590612002,0.7344478689198902,0.536635191919682,0.00011369046434560483,0.028545556833836517,0.017138198078879292,0.021300117478980005,0.0849082979752252
2021-03-03,12,17,5701,5798,0.1751792550832438,0.2109523791820461,112,93,126,118,0.0003937172867956665,0.0009868201126381182,100,68,108,110,0.047904179905544596,0.11832006375658113,0.035211267605633804,0.053497942386831275,0.098715111651462,0.10020548244655271,0.32,0.27886056971514245,0.03972257250945776,0.036950054798810084,0.09380863039399624,0.07476635514018691,0.019398293668612482,0.02178649237472767,0.618268899438246,0.5275907416487802,0.0001131943893159764,0.023276640401829973,0.013113995208193048,0.019176399387913417,0.07919064031857516
2021-03-04,6,8,1045,1044,0.30051953157132405,0.34112803813203313,36,31,61,61,0.0007136756866305707,0.0015753286141907787,25,25,56,52,0.09765289125343689,0.20241507286181534,0.014084507042253521,0.01646090534979424,0.017265960517454014,0.017068158964718225,0.10285714285714286,0.09295352323838081,0.019230769230769232,0.01910129951463911,0.02345215759849906,0.02748763056624519,0.010058374494836103,0.010299069122598535,1.0,0.856456742345047,0.00020518297323260116,0.037158097202948624,0.026732939599192363,0.0328058670363577,0.0643742044377876
2021-03-04,6,9,4704,4627,0.14595177963219452,0.16486167018980255,61,48,62,59,0.00033124340132796256,0.000805780246684412,54,49,58,54,0.045642159956614595,0.0964506819908448,0.014084507042253521,0.0205761316872428,0.08127421739016348,0.07972718926244918,0.1742857142857143,0.14392803598200898,0.019546027742749054,0.018475027399405042,0.05065666041275797,0.05387575590984057,0.010417602155365963,0.0106951871657754,0.5144574896548721,0.4111506386541173,9.523304103160933e-05,0.019006358711953983,0.012494756577459873,0.01563197939867736,0.05919424081054778
2021-03-05,16,16,5662,5709,0.19370837638569818,0.21729788123428181,103,83,118,123,0.0004278716029254002,0.0011945508897493538,83,72,104,108,0.06712820900885148,0.12258909327373142,0.04929577464788732,0.04938271604938271,0.09803287005046839,0.09864906221308967,0.29428571428571426,0.24887556221889057,0.03720050441361917,0.03851573508689526,0.07786116322701689,0.07916437603078615,0.01867983834755276,0.0213903743315508,0.6840814328428675,0.5436215411020824,0.0001230138132693281,0.028176494526493616,0.018376663852975563,0.019868290622759983,0.08170284217264485
2021-03-06,6,13,5794,5701,0.13228481679915927,0.1844830489896752,89,66,99,96,0.0003617103527056657,0.0010388370679797444,64,70,85,99,0.053353223703315286,0.11781382894613167,0.014084507042253521,0.037037037037037035,0.10034199546921603,0.09850915927075592,0.2542857142857143,0.19790104947526238,0.03121059268600252,0.030061061531235323,0.0600375234521576,0.07696536558548653,0.015267175572519083,0.0196078431372549,0.46591458072212577,0.460720615300364,0.00010399234134983099,0.02450359144263136,0.014605696650407446,0.0190943527712955,0.06804436040646065
2021-03-07,2,9,5775,5765,0.07501195720477839,0.15251407723481233,83,65,84,79,0.00023747576374308677,0.0008361427092539175,68,57,82,72,0.03510801499989932,0.09826328150790617,0.0,0.0205761316872428,0.10000962135591145,0.09962838280942596,0.23714285714285716,0.19490254872563717,0.02648171500630517,0.024737748551745733,0.06378986866791744,0.06267179769103903,0.014728334081724293,0.0142602495543672,0.262490364122383,0.37995660786458896,6.827468581077214e-05,0.01972253394378529,0.00961098470708942,0.015925751487416404,0.05561304514705405
2021-03-08,68,8,5750,5719,0.005139054397405225,0.1532102715926333,72,60,76,77,0.00019204576613611677,0.0008168476562616627,63,68,70,72,0.030176701615747883,0.0852956154475647,0.2323943661971831,0.01646090534979424,0.09957228699630015,0.09882394089100686,0.2057142857142857,0.17991004497751126,0.02395964691046658,0.024111476436511663,0.05909943714821764,0.07476635514018691,0.012572968118545127,0.0142602495543672,0.014312769781792535,0.3817154209638325,5.521348426282975e-05,0.01926741147082079,0.008261014407683977,0.01382405262412141,0.0420949538085429
2021-03-09,2,8,5707,5771,0.0601196941875043,0.15258491503371327,61,69,82,80,0.00019378382092461097,0.0009089152238974002,66,61,84,84,0.025383880677674032,0.10200072757600441,0.0,0.01646090534979424,0.09882007189776872,0.09973331001617627,0.1742857142857143,0.20689655172413793,0.025851197982345524,0.025050884609362768,0.06191369606003752,0.06706981858163827,0.015087561742254153,0.016636957813428402,0.2095953810686029,0.3801355671555239,5.5713177969404066e-05,0.021439057181201746,0.006948957068646784,0.01653148779465916,0.05278372200428609
2021-03-10,64,8,5808,5702,0.003805840742316828,0.15060109298642954,44,67,80,79,0.00021907145867400626,0.0008772541494844481,66,64,70,82,0.02284016589817328,0.09689339600625718,0.21830985915492956,0.01646090534979424,0.10058690271059836,0.09852664713854763,0.12571428571428572,0.20089955022488756,0.025220680958385876,0.024737748551745733,0.06191369606003752,0.07036833424958769,0.012572968118545127,0.016240839770251536,0.009577403933689405,0.3751237882404355,6.298341681409057e-05,0.02069225091488467,0.006252603149319555,0.015703731056888433,0.04254038511706573
2021-03-11,54,9,5738,5730,0.004069313237723739,0.14726875675758563,50,62,84,74,0.00015759234825573435,0.0006858145458799982,75,63,83,66,0.020611622707992532,0.09271836308953213,0.18309859154929578,0.0205761316872428,0.09936236650368672,0.09901630743671577,0.14285714285714285,0.18590704647676162,0.02648171500630517,0.02317206826366056,0.07035647279549719,0.06926882902693787,0.014907947911989223,0.013071895424836602,0.01051321692352986,0.36670522445213,4.5308068047661026e-05,0.016176665191913332,0.0056425289392003876,0.015027074062910508,0.04254492425095631
2021-03-12,55,8,5808,5742,0.0044106277664259135,0.15225158888051074,50,58,87,83,0.00023567318465466059,0.0009395015721021457,73,63,86,77,0.022413738421900548,0.09918617742362054,0.18661971830985916,0.01646090534979424,0.10058690271059836,0.09922616185021642,0.14285714285714285,0.17391304347826086,0.02742749054224464,0.02599029278221387,0.06848030018761726,0.06926882902693787,0.015446789402784015,0.015250544662309368,0.01172551260960317,0.3792934770150522,6.775644125826905e-05,0.02216051332021753,0.006135866616275697,0.01607532730838302,0.043695670728034416
2021-03-13,61,8,5771,5782,0.005077362209473484,0.15108482643288237,69,72,79,85,0.00019896460339940115,0.0007745781854418264,70,63,80,76,0.022857065136345493,0.1027654620540379,0.20774647887323944,0.01646090534979424,0.09993964785837364,0.0999256765618852,0.19714285714285715,0.2158920539730135,0.024905422446406054,0.02661656489744794,0.06566604127579738,0.06926882902693787,0.014369106421194431,0.015052485640720936,0.014093648803911943,0.37634585606187887,5.7202661738800094e-05,0.018270379428558612,0.006257229395481153,0.01665543003497647,0.04309927520460693
2021-03-14,72,8,5700,5754,0.00545213855162587,0.1523053826371765,77,57,77,73,0.00017658966214130272,0.000786240933499735,71,52,66,66,0.027687657506170086,0.0882489999962062,0.24647887323943662,0.01646090534979424,0.09869761827707756,0.09943601626371705,0.22,0.17091454272863568,0.024274905422446407,0.022858932206043524,0.06660412757973734,0.057174271577789995,0.011854512797485407,0.013071895424836602,0.015424795604375634,0.3794293775187239,5.076982808726236e-05,0.01854547474650399,0.007579626842124038,0.014302714313886529,0.04179605428232322
2021-03-15,6,12,5719,5720,0.12870714975951852,0.18703152049381883,80,60,103,95,0.00033398877798562147,0.0009667516818236562,79,67,87,93,0.04417165790844708,0.10390959202853665,0.014084507042253521,0.03292181069958848,0.09902999239038214,0.09884142875879859,0.22857142857142856,0.17991004497751126,0.032471626733921816,0.02974792547361829,0.07410881801125703,0.07366684991753711,0.015626403233048945,0.0184194890077243,0.4532072683939486,0.46715888216389573,9.602234148812528e-05,0.02280327586303025,0.012092199705568307,0.016840861758439775,0.06742381728601685
2021-03-16,8,12,5679,5707,0.1505958783562715,0.18639481048659556,94,66,103,97,0.00035902317597767236,0.0011126457645452572,81,68,91,85,0.051064000384199774,0.10520380427625611,0.02112676056338028,0.03292181069958848,0.09833025741500406,0.09861408647750623,0.26857142857142857,0.19790104947526238,0.032471626733921816,0.030374197588852358,0.07598499061913697,0.07476635514018691,0.016344858554108666,0.016835016835016835,0.5309526001041837,0.4655503458571254,0.00010321977347204012,0.02624455564317887,0.01397901096877051,0.01705061765416052,0.07123568513227785
2021-03-17,12,16,5744,5768,0.1720082098550166,0.21714609723163977,107,78,124,115,0.0004217152425209277,0.0010668685480069967,104,67,100,114,0.054021171048763285,0.1150214158417974,0.035211267605633804,0.04938271604938271,0.09946732674999344,0.09968084641280112,0.3057142857142857,0.23388305847076463,0.03909205548549811,0.03601064662595898,0.0975609756097561,0.07366684991753711,0.01796138302649304,0.0225787284610814,0.6070058440238145,0.5432380854059776,0.00012124384918655978,0.02516478457415472,0.014788550386862215,0.01864178008628646,0.07832365216835993
2021-03-18,13,18,5676,5734,0.16608223989374435,0.20958965259377307,126,69,129,129,0.00035226847797412554,0.0014402140064407889,83,74,114,114,0.062294533189163934,0.12200453791842195,0.03873239436619718,0.05761316872427984,0.09827777729185071,0.09908625890788265,0.36,0.20689655172413793,0.04066834804539723,0.040394551432597466,0.07786116322701689,0.08136338647608576,0.020475976650202066,0.0225787284610814,0.5859577279440005,0.524148051619456,0.00010127778631229892,0.03397107851803036,0.01705342229738838,0.01977355041892761,0.07827499933930286
2021-03-19,10,16,5758,5667,0.168525804683545,0.21749133587014371,107,83,118,127,0.00040783707346241994,0.001221446865216555,93,74,108,112,0.053277611128199696,0.11925851057400738,0.028169014084507043,0.04938271604938271,0.09971223399137577,0.09791457176583745,0.3057142857142857,0.24887556221889057,0.03720050441361917,0.039768279317363396,0.08724202626641651,0.08136338647608576,0.019398293668612482,0.022182610417904536,0.5946368869138222,0.5441102703539658,0.00011725385198784152,0.028810903920048474,0.014584997351312875,0.019328495578567143,0.07779180159451458
2021-03-20,14,16,5722,5749,0.20091984667398974,0.21594419429237147,110,75,126,117,0.0003822092864429179,0.0013910013560025807,86,66,98,110,0.05599807925342146,0.12341972116054564,0.04225352112676056,0.04938271604938271,0.0990824725135355,0.09934857692475844,0.3142857142857143,0.22488755622188905,0.03972257250945776,0.03663691874119305,0.08067542213883677,0.0725673446948873,0.017602155365963178,0.02178649237472767,0.7096954445111789,0.5402016881559041,0.00010988581964970855,0.032810274078801015,0.015329738332758438,0.020002912356340666,0.08352283409658297
2021-03-21,12,17,5755,5749,0.17491622572865848,0.21315813235481906,108,76,118,122,0.00043435913889548083,0.001327637372224738,87,79,108,109,0.06279109032428508,0.12780191734662652,0.035211267605633804,0.053497942386831275,0.09965975386822241,0.09934857692475844,0.30857142857142855,0.22788605697151423,0.03720050441361917,0.03820259902927822,0.08161350844277673,0.0868609125893348,0.019398293668612482,0.021588433353139237,0.6173346604151171,0.5331631906788376,0.00012487899089024324,0.03131567476334797,0.01718935715533632,0.020713144768261624,0.07879579637827994
2021-03-22,6,12,5722,5820,0.1321484542302109,0.18812209646782596,93,67,103,94,0.00036890659169581074,0.0012404145627839776,91,77,81,89,0.04828605094433857,0.10822441186775433,0.014084507042253521,0.03292181069958848,0.0990824725135355,0.10059021553797054,0.26571428571428574,0.20089955022488756,0.032471626733921816,0.029434789416001254,0.08536585365853659,0.08466190214403518,0.014548720251459363,0.01762725292137057,0.4654302422595747,0.46991403133633014,0.0001060612722938869,0.02925830488996513,0.013218534206308998,0.017540174333980273,0.06802699406380738
2021-03-23,10,13,5765,5725,0.16000365348455964,0.18357544833274936,76,68,104,96,0.00034842527201436185,0.0010201010614167543,84,70,77,87,0.04589668470277511,0.10126524534319148,0.028169014084507043,0.037037037037037035,0.09983468761206693,0.09892886809775718,0.21714285714285714,0.20389805097451275,0.03278688524590164,0.030061061531235323,0.07879924953095685,0.07696536558548653,0.013830264930399641,0.0172311348781937,0.5643675421722469,0.45842772121647707,0.00010017285806499861,0.02406165548921107,0.012564433927288154,0.016412286531649774,0.07303868250471832
2021-03-24,4,9,5772,5740,0.104465097159688,0.14829640628116725,68,51,81,75,0.00026316221732597395,0.000994943671971396,60,61,68,76,0.036110590668364216,0.09165417718324426,0.007042253521126761,0.0205761316872428,0.09995714123275809,0.09919118611463297,0.19428571428571428,0.15292353823088456,0.0255359394703657,0.023485204321277594,0.05628517823639775,0.06706981858163827,0.012213740458015267,0.015052485640720936,0.3671032988381118,0.3693014009697964,7.565958488561787e-05,0.02346825503043552,0.00988544452537717,0.014854599054750029,0.06015404160202971
2021-03-25,61,9,5724,5811,0.004633258379581169,0.14779997513226564,64,65,80,76,0.00017967162104809043,0.0008426984684505321,59,59,73,68,0.033525832324855454,0.09456005485295417,0.20774647887323944,0.0205761316872428,0.0991174592623044,0.10043282472784505,0.18285714285714286,0.19490254872563717,0.025220680958385876,0.02379834037889463,0.055347091932457786,0.06487080813633865,0.013111809609339919,0.013468013468013467,0.012516261637903332,0.36804725462725285,5.165589651262927e-05,0.01987716805331174,0.009177854736804512,0.015325561197581675,0.042357255927557146
2021-03-26,2,9,5492,5495,0.06598835727393097,0.15026792441421621,52,63,78,81,0.00018743835029484056,0.0008900763523614,49,66,76,76,0.029703117433214965,0.09573361088440309,0.0,0.0205761316872428,0.09505899640511156,0.0949066585056617,0.14857142857142858,0.1889055472263868,0.02459016393442623,0.025364020666979802,0.04596622889305816,0.0725673446948873,0.013650651100134711,0.015052485640720936,0.23043995211497864,0.3742820962007311,5.388884437535464e-05,0.020994694898042083,0.0081313685038681,0.015515762068411643,0.05209968509747799
2021-03-27,2,5,2135,2165,0.12160087009758504,0.17265183608281234,25,31,37,42,0.00016810480513155455,0.0007251983764122442,37,32,31,41,0.015280026714229065,0.12195093507256899,0.0,0.00411522633744856,0.03633373859650657,0.03667205875923578,0.07142857142857142,0.09295352323838081,0.011664564943253467,0.013151714419915453,0.03470919324577861,0.035184167124793844,0.0055680287382128425,0.008120419885125768,0.4279668773360288,0.4308311282530128,4.833041727177973e-05,0.017105632132498865,0.004182979387322082,0.019764862884896862,0.03818885277063176
2021-03-27,2,5,3593,3568,0.04276007533234293,0.12871038634271662,29,43,45,37,0.00017312295865255987,0.0006287408369703781,21,32,41,43,0.03424119216847404,0.09761184935568015,0.0,0.00411522633744856,0.061839078449037424,0.06120753727101823,0.08285714285714285,0.12893553223388307,0.014186633039092055,0.01158603413183028,0.019699812382739212,0.035184167124793844,0.007364167040862147,0.008516537928302634,0.1479367369727563,0.3198207522934546,4.97731449404757e-05,0.014830437868742509,0.009373687868273318,0.015820172410389247,0.03233719056009007
2021-03-28,48,8,5796,5742,0.003912084958149808,0.15341315323746327,58,57,76,85,0.00012614850563319897,0.0010196260078473261,74,71,78,84,0.016736217836165888,0.10198677166430262,0.1619718309859155,0.01646090534979424,0.10037698221798494,0.09922616185021642,0.1657142857142857,0.17091454272863568,0.02395964691046658,0.02661656489744794,0.06941838649155722,0.07806487080813634,0.014009878760664571,0.016636957813428402,0.00995476672868766,0.3822279659026335,3.6267909835728686e-05,0.024050450153035235,0.004581618575654841,0.01652922592859757,0.0427146099850083
2021-03-29,63,8,5769,5701,0.0046182813857897536,0.15267359946840933,60,61,83,80,0.00019884666353960664,0.0009069462406588617,75,64,72,76,0.019837697299936976,0.10117021560189203,0.2147887323943662,0.01646090534979424,0.09990466110960473,0.09850915927075592,0.17142857142857143,0.18290854572713644,0.026166456494325346,0.025050884609362768,0.07035647279549719,0.07036833424958769,0.012932195779074989,0.015052485640720936,0.012463065704426023,0.3803596128457686,5.7168753828598575e-05,0.02139261374717184,0.005430663208219265,0.01639688484731129,0.04280580898452999
2021-03-30,2,9,5527,5673,0.07598946097133404,0.14676894806129823,77,68,83,82,0.00017448902678306408,0.0007325618228278595,71,69,76,80,0.028106652868848118,0.09671272451060263,0.0,0.0205761316872428,0.09567126450856737,0.09801949897258777,0.22,0.20389805097451275,0.026166456494325346,0.025677156724596837,0.06660412757973734,0.07586586036283673,0.013650651100134711,0.015844721727074667,0.2659623042235612,0.36544254532772924,5.01658918504601e-05,0.017279317581487354,0.007694328799014836,0.015674449220412997,0.05478982342797342
2021-03-31,4,9,5699,5686,0.08772482419046196,0.14730099166163133,78,70,80,80,0.0002079192325644779,0.0007819740291495704,72,65,76,74,0.03102512618684574,0.09556556151985038,0.007042253521126761,0.0205761316872428,0.09868012490269311,0.09824684125388013,0.22285714285714286,0.2098950524737631,0.025220680958385876,0.025050884609362768,0.0675422138836773,0.07146783947223749,0.013650651100134711,0.014656367597544068,0.3076444742124812,0.36678666029091767,5.9777132847603456e-05,0.01844482904936445,0.008493274635952758,0.015488525929170055,0.05710959695072701
2021-04-01,10,12,5690,5684,0.16983994287189358,0.18701060333983885,75,70,100,97,0.0004258867102038101,0.001016234964640195,87,82,79,93,0.04956314651211881,0.10964654855191326,0.028169014084507043,0.03292181069958848,0.09852268453323304,0.09821186551829668,0.21428571428571427,0.2098950524737631,0.031525851197982346,0.030374197588852358,0.08161350844277673,0.09015942825728422,0.014189492590929501,0.0184194890077243,0.5993044996951971,0.46710603863822564,0.00012244315323733736,0.023970463849241275,0.01356814514191623,0.017770663231414775,0.07428070890586247
2021-04-02,12,18,5489,5737,0.16726227256170842,0.2128581403527428,104,86,122,121,0.00042308338901857233,0.001173366317157352,96,79,82,116,0.05121654386282203,0.11897516761828214,0.035211267605633804,0.05761316872427984,0.0950065162819582,0.09913872251125781,0.29714285714285715,0.25787106446776614,0.038461538461538464,0.03788946297166119,0.0900562851782364,0.0868609125893348,0.014728334081724293,0.022974846504258267,0.5901490189454062,0.532405313432358,0.0001216371936306305,0.027676802969769824,0.014020770465575127,0.019282573547170022,0.07635516996866992
2021-04-03,15,17,5683,5711,0.17807701682065236,0.21239295367076239,107,87,125,132,0.00041387623299150633,0.0010760399848915637,97,85,110,110,0.06071914335187849,0.121177690811009,0.045774647887323945,0.053497942386831275,0.09840023091254188,0.09868403794867311,0.3057142857142857,0.2608695652173913,0.03940731399747793,0.04133395960544857,0.09099437148217636,0.09345794392523364,0.019757521329142345,0.02178649237472767,0.6285612947455493,0.5312301007626926,0.00011899012061968209,0.025381116036795298,0.016622151898480955,0.019639541444785132,0.0801054129185525
2021-04-04,14,17,5728,5707,0.1839516973832924,0.21162382548329015,117,78,134,128,0.00036832042899039605,0.00120616826233112,103,90,108,120,0.05784556064280424,0.11788175017035986,0.04225352112676056,0.053497942386831275,0.09918743275984221,0.09861408647750623,0.3342857142857143,0.23388305847076463,0.04224464060529634,0.04008141537498043,0.09662288930581614,0.09895547003848268,0.019398293668612482,0.023767082590612002,0.6494272389238637,0.5292870331179653,0.0001058927495195398,0.028450519549430106,0.015835495077480152,0.01910536091717848,0.0818824023748272
2021-04-05,10,16,5731,5740,0.15363855248850722,0.21743511602585952,117,80,118,119,0.00033313607171590583,0.0011120332748614883,104,78,119,114,0.06304762402092161,0.1286329754225725,0.028169014084507043,0.04938271604938271,0.09923991288299557,0.09919118611463297,0.3342857142857143,0.239880059970015,0.03720050441361917,0.03726319085642712,0.0975609756097561,0.08576140736668499,0.021374045801526718,0.0225787284610814,0.5417597015149028,0.5439682407648809,9.57771869858886e-05,0.026230108529732017,0.01725958446483342,0.020847836223564394,0.07502060971758175
2021-04-06,10,17,5778,5628,0.1539291872704522,0.21527656437161521,110,86,131,127,0.00045144421804765877,0.0010637438444660227,84,79,122,109,0.06708694579601625,0.126080520812742,0.028169014084507043,0.053497942386831275,0.1000621014790648,0.09723254492196039,0.3142857142857143,0.25787106446776614,0.04129886506935687,0.039768279317363396,0.07879924953095685,0.0868609125893348,0.02191288729232151,0.021588433353139237,0.5427919906873401,0.538515038103542,0.00012979098019298775,0.025091080562902723,0.01836536785382762,0.020434154152547863,0.07644892198222815
2021-04-07,14,17,5788,5767,0.18736996900878097,0.21495136329555686,116,87,121,120,0.0004530452372931821,0.001234521851621154,90,78,116,116,0.0684578646738653,0.12464475548566986,0.04225352112676056,0.053497942386831275,0.10023703522290932,0.0996633585450094,0.3314285714285714,0.2608695652173913,0.03814627994955864,0.03757632691404415,0.08442776735459662,0.08576140736668499,0.020835204310731926,0.022974846504258267,0.6615684037349946,0.537693474547282,0.0001302512759479826,0.029119310440042328,0.01874066336312102,0.020201456430241897,0.08151046999420972
2021-04-08,8,13,5698,5735,0.15199375184983033,0.18542714525455609,89,60,101,97,0.00035666053140318336,0.0010028373650479332,78,78,89,91,0.05268939483822512,0.11263983589624825,0.02112676056338028,0.037037037037037035,0.09866263152830865,0.09910374677567438,0.2542857142857143,0.17991004497751126,0.03184110970996217,0.030374197588852358,0.07317073170731707,0.08576140736668499,0.015985630893578805,0.018023370964547435,0.5359176275595379,0.4631057091451583,0.00010254050914012171,0.023654447683819704,0.014423970367377078,0.018255792057205844,0.07146517511552372
2021-04-09,4,10,5742,5670,0.10911021977811863,0.1511311598618487,62,51,60,54,0.0002602771035672407,0.0008365179581342432,59,50,48,49,0.044377043779261355,0.09127078661604286,0.007042253521126761,0.024691358024691357,0.09943234000122454,0.09796703536921261,0.17714285714285713,0.15292353823088456,0.018915510718789406,0.016909347111319868,0.055347091932457786,0.05497526113249038,0.008621463852716659,0.009704892057833234,0.3836020459996156,0.3764629093543731,7.483010977497478e-05,0.019731385134733537,0.012148425056487574,0.014792462081486239,0.05748342758268311
2021-04-10,4,8,5806,5762,0.10656210245601944,0.1529210815838924,72,51,76,80,0.0002816076692319025,0.000998280298228862,83,65,80,66,0.03082619572283504,0.09082980174396951,0.007042253521126761,0.01646090534979424,0.10055191596182946,0.0995759192060508,0.2057142857142857,0.15292353823088456,0.02395964691046658,0.025050884609362768,0.07786116322701689,0.07146783947223749,0.014369106421194431,0.013071895424836602,0.37455153282944526,0.38098483306143144,8.096268366784735e-05,0.02354695777327151,0.008438816483095453,0.014720990669433047,0.060641697855192356
2021-04-11,76,9,5721,5755,0.004541415005263379,0.14845194842036444,66,59,89,85,0.0002145105171825854,0.0009228296547359684,60,57,76,82,0.02987112525302128,0.1055814549828844,0.2605633802816901,0.0205761316872428,0.09906497913915105,0.09945350413150876,0.18857142857142858,0.17691154422788605,0.028058007566204288,0.02661656489744794,0.05628517823639775,0.06267179769103903,0.013650651100134711,0.016240839770251536,0.012190048373840884,0.36969435093963043,6.167213838121031e-05,0.02176726411464135,0.008177361437015546,0.01711182435528545,0.043558109598205566
2021-04-12,2,9,5659,5669,0.07677815801315593,0.147374010672604,56,64,83,84,0.00022648959563265785,0.0009539004180943929,67,65,70,78,0.02102118510327927,0.09483896540412098,0.0,0.0205761316872428,0.09798038992731503,0.09794954750142089,0.16,0.191904047976012,0.026166456494325346,0.026303428839830906,0.06285178236397748,0.07146783947223749,0.012572968118545127,0.015448603683897801,0.2687636324443525,0.36697113003208953,6.511614380134279e-05,0.02250014640640066,0.0057546485767734894,0.015370764859182815,0.05535258141780823
2021-04-13,53,8,5690,5763,0.003953022333069556,0.15266715459251004,49,64,84,81,0.0001597942718238364,0.0007042766060689403,60,67,80,80,0.020431079027820046,0.09933779638109463,0.1795774647887324,0.01646090534979424,0.09852268453323304,0.09959340707384252,0.14,0.191904047976012,0.02648171500630517,0.025364020666979802,0.05628517823639775,0.07366684991753711,0.014369106421194431,0.015844721727074667,0.010100169865211273,0.38034333099569706,4.594112481699999e-05,0.016612139429407452,0.0055931042551473475,0.01609990053452059,0.042827658799869564
2021-04-14,52,9,5790,5695,0.003997834440846052,0.14826716162105189,47,65,87,83,0.0001819961624564569,0.0008929232601960891,78,73,76,80,0.016253432356233187,0.08925598324534371,0.176056338028169,0.0205761316872428,0.10027202197167823,0.0984042320640056,0.13428571428571429,0.19490254872563717,0.02742749054224464,0.02599029278221387,0.07317073170731707,0.08026388125343595,0.013650651100134711,0.015844721727074667,0.010259335445263982,0.3692275194585259,5.2324206119507925e-05,0.021061846397161875,0.004449453773274207,0.014465918358486495,0.043325744542871795
2021-04-15,2,10,5728,5827,0.03672909235682439,0.1439742525420688,73,64,76,81,0.00014411217043028122,0.000878918597426967,66,59,82,78,0.026255977744721805,0.08968142749486145,0.0,0.024691358024691357,0.09918743275984221,0.10071263061251257,0.20857142857142857,0.191904047976012,0.02395964691046658,0.025364020666979802,0.06191369606003752,0.06487080813633865,0.014728334081724293,0.015448603683897801,0.12651563113292125,0.35838223661881874,4.143249400507436e-05,0.020731511116140605,0.007187697754342564,0.014534871066818597,0.04827845283929721
2021-04-16,2,8,5724,5693,0.06761384698483278,0.15168254332374503,67,63,79,86,0.00023599476146072965,0.0009739502929761037,87,63,82,76,0.022505992508739237,0.09133370425525855,0.0,0.01646090534979424,0.0991174592623044,0.09836925632842215,0.19142857142857142,0.1889055472263868,0.024905422446406054,0.026929700955064976,0.08161350844277673,0.06926882902693787,0.014728334081724293,0.015052485640720936,0.2362134366829394,0.3778558830902201,6.784889513672946e-05,0.02297307325674183,0.006161121607700752,0.01480265928506979,0.05396914265403347
2021-04-17,2,8,5674,5677,0.07710234922137318,0.15315549082805552,77,67,79,80,0.00023961707025285992,0.0008502942070137429,72,60,70,74,0.033803210244916164,0.09322775074087557,0.0,0.01646090534979424,0.09824279054308181,0.09808945044375464,0.22,0.20089955022488756,0.024905422446406054,0.025050884609362768,0.0675422138836773,0.06597031335898845,0.012572968118545127,0.014656367597544068,0.2699151087810882,0.3815770269575559,6.889031507278595e-05,0.02005633269827374,0.009253788250784024,0.015109631667557587,0.05493425111829116
2021-04-18,8,12,5777,5802,0.1495840063533816,0.1885868103242197,89,74,106,105,0.0003285474803779504,0.0009555481560532145,79,63,83,87,0.04439999888618328,0.1084560545862445,0.02112676056338028,0.03292181069958848,0.10004460810468035,0.10027543391771958,0.2542857142857143,0.22188905547226387,0.033417402269861285,0.03287928604978863,0.07410881801125703,0.06926882902693787,0.014907947911989223,0.0172311348781937,0.5273585894166627,0.4710880494949712,9.445795917512192e-05,0.022539012460560625,0.01215470912528431,0.017577717191413208,0.0720524352895009
2021-04-19,8,9,2641,2667,0.21811853295615363,0.2193113946257373,52,40,68,60,0.00034054210171226295,0.0016684422255579924,48,40,48,54,0.057649170171089135,0.12347545803398692,0.02112676056338028,0.0205761316872428,0.04518538603503923,0.04545096839067897,0.14857142857142858,0.1199400299850075,0.021437578814627996,0.018788163457022077,0.0450281425891182,0.0439802089059923,0.008621463852716659,0.0106951871657754,0.7707824813427951,0.5487083299974683,9.790643320089801e-05,0.03935441649210076,0.01578173225949465,0.02001194575703205,0.06170561372230634
2021-04-19,6,8,3069,3070,0.18056075386625967,0.20902695181656136,60,43,63,56,0.00039933780775213524,0.0010800324524046175,57,44,56,54,0.058122441354558275,0.12150905782523848,0.014084507042253521,0.01646090534979424,0.052672550271584635,0.052498579110741926,0.17142857142857143,0.12893553223388307,0.01986128625472888,0.017535619226553938,0.05347091932457786,0.04837822979659153,0.010058374494836103,0.0106951871657754,0.6373831392687797,0.5227264866688119,0.00011481029864645828,0.02547528844920074,0.015911292478340434,0.01969324684357462,0.056801267214132437
2021-04-20,13,16,5665,5686,0.18134783410713004,0.21681736646311225,103,82,122,124,0.0003715833343220783,0.0010881219047948504,87,74,104,112,0.06435986866258794,0.12749409145302307,0.03873239436619718,0.04938271604938271,0.09808535017362174,0.09824684125388013,0.29428571428571426,0.24587706146926536,0.038461538461538464,0.03882887114451229,0.08161350844277673,0.08136338647608576,0.01867983834755276,0.022182610417904536,0.6401787248661138,0.5424076046999573,0.00010683084034969251,0.02566609857956158,0.01761881762521151,0.020663254731946013,0.07987820313016498
2021-04-21,12,17,5692,5760,0.17388590984444818,0.2158454683539329,108,77,116,122,0.00034920392746791705,0.0011839551444112115,71,72,96,104,0.06901502577726522,0.11081964259321574,0.035211267605633804,0.053497942386831275,0.09855767128200194,0.09954094347046737,0.30857142857142855,0.23088455772113944,0.03656998738965952,0.03820259902927822,0.06660412757973734,0.07916437603078615,0.017242927705433318,0.02059813824519707,0.6136751399532417,0.5399522743653293,0.00010039672283169472,0.027926567157901618,0.018893188843247907,0.017960789226460536,0.07798651165800219
2021-04-22,14,17,5781,5695,0.19425381174696732,0.21191764364865953,110,77,129,137,0.0004249970774724843,0.0014756434585662783,93,76,109,112,0.06155137002117938,0.11291429221587575,0.04225352112676056,0.053497942386831275,0.10011458160221816,0.0984042320640056,0.3142857142857143,0.23088455772113944,0.04066834804539723,0.04289963989353374,0.08724202626641651,0.08356239692138538,0.019577907498877414,0.022182610417904536,0.6860187337190203,0.5300293132474178,0.00012218738231460876,0.0348067714738156,0.016849977874728993,0.01830027381146302,0.083845449217189
2021-04-23,12,16,5721,5692,0.18600249219137022,0.2181348691106484,104,82,120,123,0.00044295239712316355,0.0011417795163674532,100,89,106,120,0.05407086906150743,0.11950164304544136,0.035211267605633804,0.04938271604938271,0.09906497913915105,0.09835176846063044,0.29714285714285715,0.24587706146926536,0.03783102143757881,0.03851573508689526,0.09380863039399624,0.09785596481583288,0.01903906600808262,0.023767082590612002,0.6567113405069629,0.5457360443644602,0.0001273495672401759,0.026931748634116723,0.0148021554522713,0.019367900606153846,0.08082385100873327
2021-04-24,8,12,5749,5720,0.15136545532538875,0.18713941582961763,93,80,95,99,0.00033874394058311684,0.0009348457486365985,87,83,95,99,0.04704548982770787,0.10504736240205031,0.02112676056338028,0.03292181069958848,0.0995547936219157,0.09884142875879859,0.26571428571428574,0.239880059970015,0.02994955863808323,0.031000469704086424,0.08161350844277673,0.09125893347993402,0.01706331387516839,0.0196078431372549,0.533686016824854,0.46743146083078435,9.738945881919894e-05,0.022050693985169494,0.01287892474903317,0.01702526276703896,0.07131332504690097
2021-04-25,4,4,5769,5685,0.10649216779574697,0.10917684459836852,30,22,24,23,0.00015045416311276497,0.0008012439763900379,27,25,23,19,0.036182270100945726,0.05538579090527275,0.007042253521126761,0.0,0.09990466110960473,0.0982293533860884,0.08571428571428572,0.06596701649175413,0.007566204287515763,0.007202129325191796,0.025328330206378986,0.02748763056624519,0.004131118096093399,0.003763121410180234,0.3743031358822725,0.2704726805824031,4.325582768336598e-05,0.018899359339874532,0.009905067108150811,0.00897649995354991,0.05209648828818781
2021-04-26,2,8,5718,5732,0.07696049417685058,0.15359134901133936,79,56,80,79,0.0002432467949254236,0.0010794561065611366,66,66,58,62,0.028979727230417238,0.09208010646125571,0.0,0.01646090534979424,0.0990124990159977,0.09905128317229922,0.2257142857142857,0.1679160419790105,0.025220680958385876,0.024737748551745733,0.06191369606003752,0.0725673446948873,0.010417602155365963,0.012279659338482869,0.26941126190654585,0.38267814631246055,6.993386708707485e-05,0.025461693879355655,0.007933337023695631,0.014923630372743203,0.054856760307284536
2021-04-27,69,9,5687,5755,0.0046082970095471226,0.15117017554912107,65,56,80,77,0.0002530386373256561,0.0007152082874380054,56,53,86,76,0.03377305905543347,0.09397933229103594,0.23591549295774647,0.0205761316872428,0.09847020441007968,0.09945350413150876,0.18571428571428572,0.1679160419790105,0.025220680958385876,0.024111476436511663,0.0525328330206379,0.058273776800439804,0.015446789402784015,0.015052485640720936,0.01242760276561384,0.37656147565425724,7.274903842433909e-05,0.016869990696276014,0.009245534220443103,0.015231442183212087,0.04248724126467761
2021-04-28,2,9,5754,5688,0.07657184799822216,0.14714287890456726,64,73,85,82,0.00016448718150050785,0.0007131409376764483,48,50,81,66,0.03504758826645861,0.09344264067656,0.0,0.0205761316872428,0.09964226049383795,0.09828181698946356,0.18285714285714286,0.21889055472263869,0.026796973518284993,0.025677156724596837,0.0450281425891182,0.05497526113249038,0.014548720251459363,0.013071895424836602,0.2680308516217811,0.36638721610531383,4.729034432750005e-05,0.016821227039791622,0.009594442603783386,0.015144459363725883,0.05582218909788429
2021-04-29,14,8,5715,5746,0.010604930799331502,0.15211979863437597,64,57,80,78,0.00014192341216346372,0.0008008445722747235,68,68,78,68,0.024678967960676052,0.09236816167248008,0.04225352112676056,0.01646090534979424,0.09896001889284434,0.09929611332138329,0.18285714285714286,0.17091454272863568,0.025220680958385876,0.024424612494128698,0.06378986866791744,0.07476635514018691,0.014009878760664571,0.013468013468013467,0.03372670568385046,0.3789605320426456,4.080322228223715e-05,0.018889938386807078,0.006755983887368382,0.014970316130008956,0.043455281380310844
2021-04-30,6,8,5749,5724,0.12037165040625322,0.15252199758635493,51,76,73,82,0.00012189714747916121,0.0008355936113087592,61,65,86,82,0.02185466575661085,0.10463570358975839,0.014084507042253521,0.01646090534979424,0.0995547936219157,0.09891138022996546,0.1457142857142857,0.22788605697151423,0.023013871374527112,0.025677156724596837,0.05722326454033771,0.07146783947223749,0.015446789402784015,0.016240839770251536,0.42360088174039967,0.37997661724542814,3.504563713867144e-05,0.019709582084321598,0.005982817837064842,0.016958544295585933,0.06294740767922583
2021-05-01,4,8,5716,5674,0.10232771812713658,0.15112606735650894,63,74,83,78,0.00015974556349622387,0.0008114998890471849,61,67,84,70,0.02845981443783219,0.10032765135096754,0.007042253521126761,0.01646090534979424,0.09897751226722878,0.09803698684037948,0.18,0.22188905547226387,0.026166456494325346,0.024424612494128698,0.05722326454033771,0.07366684991753711,0.015087561742254153,0.013864131511190335,0.35951166366653486,0.3764500440316383,4.5927121090001926e-05,0.019141270897873482,0.007791008444350734,0.016260328560298576,0.059986645780405023
2021-05-02,4,8,5763,5741,0.07509747719712184,0.15242810165782547,61,61,76,82,0.0002054606720318864,0.0009078909781726435,74,68,64,82,0.028057314392282557,0.09479587160140499,0.007042253521126761,0.01646090534979424,0.09979970086329802,0.0992086739824247,0.1742857142857143,0.18290854572713644,0.02395964691046658,0.025677156724596837,0.06941838649155722,0.07476635514018691,0.011495285136955545,0.016240839770251536,0.2627941177252115,0.3797394056288616,5.907029251466303e-05,0.021414897763377825,0.007680822158330535,0.015363780549457239,0.054829476224928425
2021-05-03,4,9,5748,5720,0.09459625337542005,0.1482140545795007,71,70,82,73,0.00027059772791775003,0.0007457761685252294,58,49,76,76,0.03879714347096146,0.09118765217404612,0.007042253521126761,0.0205761316872428,0.09953730024753124,0.09884142875879859,0.20285714285714285,0.2098950524737631,0.025851197982345524,0.022858932206043524,0.054409005628517824,0.05387575590984057,0.013650651100134711,0.015052485640720936,0.3320507132019493,0.3690933538203058,7.779730682193045e-05,0.017591011241764366,0.01062090102727921,0.014778988295113872,0.058411247034708194
2021-05-04,6,12,5727,5754,0.10184324647747431,0.18580085241423183,87,59,104,93,0.00035101805003692467,0.0011017868563909957,86,67,77,95,0.03609203910318506,0.10948663286283983,0.014084507042253521,0.03292181069958848,0.09916993938545776,0.09943601626371705,0.24857142857142858,0.17691154422788605,0.03278688524590164,0.02912165335838422,0.08067542213883677,0.07366684991753711,0.013830264930399641,0.01881560705090117,0.35779089633458555,0.464049814825325,0.00010091828615449014,0.02598842091606277,0.009880365946903566,0.017744745335288768,0.06256600230962606
2021-05-05,16,17,5682,5766,0.20524615390303247,0.21231764589466265,113,77,127,119,0.00042619257381981896,0.0012111783045407215,104,74,112,112,0.052261517340965534,0.11541939549326531,0.04929577464788732,0.053497942386831275,0.09838273753815742,0.09964587067721768,0.32285714285714284,0.23088455772113944,0.04003783102143758,0.03726319085642712,0.0975609756097561,0.08136338647608576,0.020116748989672206,0.022182610417904536,0.7250618094014727,0.5310398488573286,0.00012253108954694134,0.02856869402663966,0.014306836884248471,0.018706281545316367,0.08462621995806749
2021-05-06,12,18,5714,5774,0.16319702044274148,0.2095375126725769,105,80,125,123,0.00032312369776371175,0.0012165606679338285,91,74,108,112,0.06198404103864133,0.12334033152963111,0.035211267605633804,0.05761316872427984,0.09894252551845989,0.09978577361955143,0.3,0.239880059970015,0.03940731399747793,0.03851573508689526,0.08536585365853659,0.08136338647608576,0.019398293668612482,0.022182610417904536,0.5757098808713151,0.5240163292414115,9.289861245250778e-05,0.028695650637686428,0.016968423606623532,0.01999004549993998,0.07724001502061838
2021-05-07,15,17,5695,5663,0.19615027244129912,0.21507624578886675,114,86,132,130,0.0004293760319557004,0.0011729933015143161,90,64,100,104,0.06028097195263281,0.11839327574115985,0.045774647887323945,0.053497942386831275,0.09861015140515529,0.09784462029467057,0.32571428571428573,0.25787106446776614,0.0416141235813367,0.0407076874902145,0.08442776735459662,0.07036833424958769,0.01796138302649304,0.02059813824519707,0.6927546647304781,0.5380089682921424,0.00012344633917323242,0.027668004455353664,0.016502200411128386,0.019188265019250056,0.08349229941471487
2021-05-08,14,16,5607,5665,0.19771915219619232,0.19793167440680284,97,84,87,90,0.00032746659087725777,0.0008748345910537021,58,67,107,104,0.07021530076668119,0.10612723224341325,0.04225352112676056,0.04938271604938271,0.09707073445932353,0.097879596030254,0.27714285714285714,0.2518740629685157,0.02742749054224464,0.028182245185533115,0.054409005628517824,0.07366684991753711,0.019218679838347554,0.02059813824519707,0.698327079611429,0.4946962117480236,9.414720160604304e-05,0.02063517952892241,0.019221769783173217,0.017200279705903536,0.0781638595051079
2021-05-09,10,17,5650,5713,0.16750540868115069,0.21354737541350666,118,85,122,124,0.0003873188895525416,0.0010760861209317583,90,91,108,108,0.06333122335197282,0.11483179001965979,0.028169014084507043,0.053497942386831275,0.09782294955785496,0.09871901368425655,0.33714285714285713,0.25487256371814093,0.038461538461538464,0.03882887114451229,0.08442776735459662,0.1000549752611325,0.019398293668612482,0.0213903743315508,0.5910126003166687,0.534146545086581,0.00011135483923060655,0.02538220427162495,0.017337221119417334,0.01861104700193778,0.0774473201502534
2021-05-10,17,17,5799,5670,0.19839159123016128,0.21385061788443527,114,91,121,120,0.0004082032088185283,0.0011818023479138187,85,86,99,116,0.06422093536527286,0.12261559775322015,0.0528169014084507,0.053497942386831275,0.1004294623411383,0.09796703536921261,0.32571428571428573,0.272863568215892,0.03814627994955864,0.03757632691404415,0.07973733583489681,0.09455744914788346,0.01778176919622811,0.022974846504258267,0.7007154776181813,0.5349126340732622,0.0001173591165251926,0.02787578802471779,0.017580783979737547,0.019872586263483184,0.08303004406704251
2021-05-11,7,13,5753,5733,0.11003611401142242,0.18461794027457135,92,86,101,87,0.0003607252865345738,0.0008210300183547447,77,74,81,99,0.05105997991124683,0.10474000670429758,0.017605633802816902,0.037037037037037035,0.0996247671194535,0.09906877104009093,0.26285714285714284,0.25787106446776614,0.03184110970996217,0.02724283701268201,0.07223264540337711,0.08136338647608576,0.014548720251459363,0.0196078431372549,0.38689067713132397,0.46106139450402156,0.00010370913315092241,0.019366063025672727,0.013977910345335489,0.016975448936424543,0.06366870245918262
2021-05-12,2,8,1778,1731,0.13467856685923377,0.2765365144166716,54,35,67,70,0.0005516687788947367,0.001697577409710731,33,31,68,66,0.08775784976627275,0.15628482907292132,0.0,0.01646090534979424,0.030088603941257248,0.02908232413762952,0.15428571428571428,0.10494752623688156,0.02112232030264817,0.021919524033192424,0.03095684803001876,0.034084661902144035,0.012213740458015267,0.013071895424836602,0.47441680558316657,0.6932775715654306,0.0001586057118291801,0.040041643268165755,0.024024125318196338,0.025329434462947754,0.04310613155003991
2021-05-12,8,15,3923,3943,0.1820368332011344,0.2393492217989349,86,71,105,99,0.00046074566772591393,0.0010753549858594882,67,57,89,101,0.05937292656658177,0.13993471043041994,0.02112676056338028,0.04526748971193416,0.06761189199590655,0.06776548769291305,0.24571428571428572,0.2128935532233883,0.03310214375788146,0.031000469704086424,0.06285178236397748,0.06267179769103903,0.015985630893578805,0.020003961180431767,0.642625941609409,0.5993303905135916,0.0001324651627889625,0.0253649586075526,0.016253618703540966,0.02267953388671572,0.06796783830868475
2021-05-13,8,28,5752,5705,0.15006470227289703,0.28656760290740463,147,161,291,282,0.0007086791629888961,0.001649245527268483,138,119,285,285,0.056889777934523995,0.18548655575334738,0.02112676056338028,0.09876543209876543,0.09960727374506906,0.09857911074192278,0.42,0.4827586206896552,0.09174022698612863,0.08830436824800376,0.1294559099437148,0.1308411214953271,0.051189941625505164,0.056446821152703504,0.5290659459471845,0.7186193595862245,0.0002037464641909859,0.038901613962779795,0.015573845052760492,0.03006222411722471,0.10037508497090283
2021-05-14,18,40,5772,5635,0.2019412813751638,0.3409584738607554,207,181,365,361,0.0009225701062894204,0.0020309264427388002,134,142,360,340,0.09673768226599018,0.20439936625816982,0.056338028169014086,0.14814814814814814,0.09995714123275809,0.09735495999650243,0.5914285714285714,0.5427286356821589,0.11506935687263556,0.11304211679974949,0.12570356472795496,0.1561297416162727,0.06466097889537495,0.06734006734006734,0.7133234204035248,0.8560283679146358,0.00026524047402776065,0.04790452067684453,0.026482396821932916,0.033127465939055856,0.12097637730844304
2021-05-15,8,24,5702,5745,0.13282185234502322,0.26526683147038893,133,134,234,237,0.0006524555324392647,0.0017357641965845883,98,109,221,226,0.05570194140742238,0.17085061160808218,0.02112676056338028,0.0823045267489712,0.09873260502584646,0.09927862545359158,0.38,0.4017991004497751,0.07377049180327869,0.0742132456552372,0.09193245778611632,0.11984606926882903,0.03969465648854962,0.04476133887898594,0.46782204677109374,0.6648066916055849,0.00018758207482167806,0.040942374915991474,0.015248669200564674,0.02769014366495072,0.08886638648847481
2021-05-16,16,41,5674,5671,0.205165412500946,0.33835499268597563,188,152,370,338,0.0007780381938262727,0.0019503700191920875,134,117,324,334,0.08898192432901042,0.201630918579079,0.04929577464788732,0.1522633744855967,0.09824279054308181,0.09798452323700432,0.5371428571428571,0.45577211394302847,0.11664564943253468,0.1058399874745577,0.12570356472795496,0.12864211105002749,0.05819488100583745,0.06615171321053674,0.7247750286019294,0.8494511287537665,0.00022368730347463008,0.04600439432256748,0.024359221503578585,0.03267877738452628,0.11987261483318865
2021-05-17,4,27,5700,5719,0.10427549784509152,0.27394938253266965,137,158,270,277,0.0006334984427352718,0.0015746989960306811,121,112,253,266,0.06579212689414163,0.1676460103589602,0.007042253521126761,0.09465020576131687,0.09869761827707756,0.09882394089100686,0.3914285714285714,0.4737631184407796,0.08511979823455233,0.08673868795991858,0.11350844277673545,0.12314458493677845,0.04544229905702739,0.05268369974252327,0.3664298718028146,0.6867416360239604,0.00018213187930266514,0.03714324607120195,0.01801090507191292,0.027170766718378113,0.08943079216804198
2021-05-18,18,32,5780,5643,0.227142830085835,0.3027820694750171,155,160,286,304,0.0008934954062454427,0.0019472448650548599,139,103,283,280,0.07829595394912599,0.17832031279590735,0.056338028169014086,0.11522633744855967,0.10009708822783371,0.09749486293883618,0.44285714285714284,0.47976011994003,0.09016393442622951,0.09519336151557851,0.1303939962476548,0.11324903793293019,0.0508307139649753,0.05545652604476134,0.8028353696911333,0.7595823692343088,0.0002568814483349638,0.045930679682866765,0.021433886707470793,0.02890077497073498,0.11461224610147028
2021-05-19,10,32,5809,5753,0.1703081172927862,0.30264925693206135,159,155,293,298,0.0009139585129882892,0.001797961562705893,138,118,278,282,0.08287299245846944,0.18281286211709083,0.028169014084507043,0.11522633744855967,0.10060439608498281,0.09941852839592533,0.4542857142857143,0.46476761619190404,0.09237074401008827,0.0933145451698763,0.1294559099437148,0.1297416162726773,0.04993264481365065,0.055852644087938205,0.600967381826046,0.7592468416080498,0.0002627646263130399,0.04240945661265069,0.02268687258881969,0.029628892563962037,0.10501314207428819
2021-05-20,14,29,5701,5769,0.19691076847660222,0.28483861575029423,165,133,263,251,0.0007705759958384069,0.0017033278165442987,139,93,249,231,0.06376074062446878,0.1714923907224172,0.04225352112676056,0.102880658436214,0.098715111651462,0.09969833428059284,0.4714285714285714,0.3988005997001499,0.08291298865069358,0.07859715046187568,0.1303939962476548,0.1022539857064321,0.04472384373596767,0.0457516339869281,0.6954558273981776,0.7142513763841377,0.0002215419088665702,0.040177281111694656,0.01745480349875155,0.02779415825237208,0.10378558712404513
2021-05-21,20,41,5744,5715,0.22879207033731674,0.3391861243495985,195,192,376,371,0.0008809904218757298,0.0018377388145956997,160,120,326,351,0.09452621548524855,0.20313762158250692,0.06338028169014084,0.1522633744855967,0.09946732674999344,0.09875398941983998,0.5571428571428572,0.5757121439280359,0.11853720050441362,0.11617347737591983,0.150093808630394,0.1319406267179769,0.05855410866636731,0.06951871657754011,0.8086932124550269,0.8515508373204247,0.00025328624406883743,0.04334770338787788,0.025876997359445358,0.032922972135909646,0.12662052196714602
2021-05-22,8,8,5682,5774,0.15093373189714432,0.15092346159823963,0,0,0,0,0.0,0.0,15,14,8,6,0.08899290337977143,0.1330583271550621,0.02112676056338028,0.01646090534979424,0.09838273753815742,0.09978577361955143,0.0,0.0,0.0,0.0,0.014071294559099437,0.015393073117097306,0.0014369106421194431,0.0011883541295306002,0.5321526029041878,0.37593819607190826,0.0,0.0,0.024362227070511455,0.02156506295215036,0.05646586378548449
2021-05-23,26,47,5668,5628,0.27276666669518634,0.3518733963357858,197,180,373,378,0.0008896146338879562,0.0019986957360067117,162,118,331,355,0.0984991955823688,0.20781548490231863,0.08450704225352113,0.17695473251028807,0.0981378302967751,0.09723254492196039,0.5628571428571428,0.5397301349325337,0.11759142496847415,0.11836542977923908,0.15196998123827393,0.1297416162726773,0.059452177817691965,0.07031095266389384,0.96488408327488,0.8836030076839044,0.0002557657196844512,0.047144278196080684,0.026964619401167254,0.03368112398653177,0.1342340374112318
2021-05-24,13,34,5757,5778,0.182663988656639,0.300640723280612,186,160,306,299,0.000842285202776035,0.001754945376660958,122,107,272,272,0.0748685241586099,0.17872038891057274,0.03873239436619718,0.12345679012345678,0.09969474061699131,0.09985572509071831,0.5314285714285715,0.47976011994003,0.09646910466582598,0.09362768122749335,0.11444652908067542,0.11764705882352941,0.04885496183206107,0.05387205387205387,0.6448534994461543,0.7541726331535352,0.00024215842777459176,0.041394811409129845,0.020495611635486025,0.02896561620828005,0.10793193867494456
2021-05-25,26,41,5658,5686,0.2579884146521858,0.33838790514446837,201,144,340,346,0.0007586322676028142,0.002259328111381313,149,118,312,320,0.0900405432764492,0.1926578299171213,0.08450704225352113,0.1522633744855967,0.09796289655293058,0.09824684125388013,0.5742857142857143,0.431784107946027,0.10718789407313997,0.10834507593549397,0.1397748592870544,0.1297416162726773,0.056039515042658285,0.06337888690829867,0.9123940493242113,0.8495342763151836,0.0002181080666931999,0.053291949895283366,0.024649023433835772,0.031224488682663677,0.1268804074671439
2021-05-26,13,35,5724,5094,0.18345482239046626,0.3129082531080353,183,163,323,329,0.0007762151927583346,0.001925601942914513,135,109,272,288,0.08764747186967463,0.17677820698735344,0.03873239436619718,0.12757201646090535,0.0991174592623044,0.08789402352118218,0.5228571428571429,0.48875562218890556,0.10182849936948297,0.10302176295600439,0.12664165103189493,0.11984606926882903,0.04885496183206107,0.0570409982174688,0.6476624168619044,0.7851643984751677,0.00022316318756829772,0.04542017679641982,0.023993908848361507,0.02865084240693845,0.1096662667462821
2021-05-27,22,38,5705,5429,0.23468708749010825,0.31974259052887394,186,153,322,338,0.0008616858548143439,0.0020488816969630127,145,121,284,307,0.08306698254895907,0.19200310367567355,0.07042253521126761,0.13991769547325103,0.09878508514899982,0.09375245923140821,0.5314285714285715,0.4587706146926537,0.10151324085750316,0.1058399874745577,0.13602251407129456,0.13304013194062672,0.051010327795240236,0.06080411962764904,0.8296313890126772,0.8024301548625702,0.0002477361482188247,0.048328040617863104,0.022739978291122374,0.03111837572517255,0.12003415311486244
2021-05-28,22,40,5715,5613,0.22744494748418972,0.326805847598894,186,182,333,350,0.0009132311299321147,0.0018629390197649363,147,123,317,329,0.1045088714532973,0.1976724920210345,0.07042253521126761,0.14814814814814814,0.09896001889284434,0.0969702269050846,0.5314285714285715,0.545727136431784,0.10498108448928122,0.10959762016596211,0.1378986866791745,0.13523914238592633,0.05693758419398293,0.06516141810259457,0.8039084433165246,0.820274236645936,0.00026255550244775943,0.04394211376345133,0.02860979651785197,0.03203722627125989,0.12134744765689096
2021-05-29,10,29,5710,5729,0.16973263770430605,0.2809509986821058,163,148,288,280,0.000660004233007852,0.0016232235887376659,125,122,279,299,0.06568176917672831,0.17963144677983447,0.028169014084507043,0.102880658436214,0.09887255202092207,0.09899881956892406,0.4657142857142857,0.44377811094452774,0.09079445145018916,0.0876780961327697,0.11726078799249531,0.13413963716327654,0.05011225864391558,0.05921964745494157,0.5989233685659293,0.7044299928185291,0.00018975233906875916,0.03828782093405737,0.017980694126225116,0.029113273410378983,0.10346207154288153
2021-05-30,14,42,5743,5699,0.16591888960962137,0.3386168081457416,202,173,386,379,0.00083750158662304,0.0020624334856146342,127,136,305,358,0.09587485475001513,0.20213723943923675,0.04225352112676056,0.15637860082304528,0.09944983337560899,0.09847418353517247,0.5771428571428572,0.5187406296851574,0.12168978562421186,0.11867856583685611,0.11913696060037524,0.14953271028037382,0.05478221823080377,0.07090512972865914,0.5853775333489619,0.8501125596531233,0.0002407831299979378,0.048647693721002756,0.026246193719566803,0.03276083794741434,0.11627804960018163
2021-05-31,4,11,5628,5703,0.1076746338793435,0.17160161494807036,87,103,117,124,0.0004603394577355596,0.001065227756821505,69,88,115,121,0.05070212929315483,0.11498413328048344,0.007042253521126761,0.02880658436213992,0.09743809532139702,0.09854413500633935,0.24857142857142858,0.30884557721139433,0.036885245901639344,0.03882887114451229,0.0647279549718574,0.09675645959318306,0.020655590480466997,0.023965141612200435,0.37850306999443256,0.4281779285134057,0.00013234837672613446,0.02512608237715847,0.013879947050688539,0.018635737617551558,0.06658987917805098
2021-06-01,6,17,5742,5702,0.11126713548136107,0.2119228853896122,114,108,150,147,0.0006540615460052046,0.0012545330020144756,93,80,144,140,0.0616519459259756,0.13130892414009765,0.014084507042253521,0.053497942386831275,0.09943234000122454,0.09852664713854763,0.32571428571428573,0.3238380809595202,0.04728877679697352,0.046031000469704084,0.08724202626641651,0.0879604178119846,0.025864391558149978,0.02772826302238067,0.3912630723620364,0.5300425555877885,0.0001880438064522836,0.02959132387568974,0.016877511003073074,0.02128153326293049,0.07202078728947975
2021-06-02,4,26,5704,5734,0.10546764409111158,0.2740942563802622,130,136,270,256,0.0006358009257479041,0.001493793822073321,124,119,240,250,0.06287507620857496,0.17946566050087584,0.007042253521126761,0.09053497942386832,0.09876759177461536,0.09908625890788265,0.37142857142857144,0.4077961019490255,0.08511979823455233,0.08016283074996086,0.11632270168855535,0.1308411214953271,0.0431073192635833,0.04951475539710834,0.3706641883340036,0.6871076344237191,0.00018279384708326857,0.03523489355919395,0.017212348687313386,0.029086404054519885,0.08830447691446583
2021-06-03,14,32,5719,5722,0.19891892732515198,0.30695310903089307,175,157,303,298,0.0007305507792928501,0.001979408495692989,149,121,270,298,0.07508770465908371,0.18479592675365605,0.04225352112676056,0.11522633744855967,0.09902999239038214,0.09887640449438202,0.5,0.4707646176911544,0.09552332912988651,0.0933145451698763,0.1397748592870544,0.13304013194062672,0.048495734171531205,0.05902158843335314,0.7025884927385714,0.7701197700706192,0.00021003459106249994,0.04668934000483728,0.02055561333134243,0.029950292318791927,0.1105227339203233
2021-06-04,6,39,4811,4688,0.1417031701776689,0.3458402241532125,168,138,332,328,0.0009740392078201683,0.002534878562882957,114,118,317,317,0.09813971183362669,0.21435215199504656,0.014084507042253521,0.1440329218106996,0.08314600844929983,0.08079394919774406,0.48,0.41379310344827586,0.10466582597730138,0.10270862689838735,0.10694183864915573,0.1297416162726773,0.05693758419398293,0.06278470984353338,0.49936709507625165,0.8683612549384305,0.0002800379282209229,0.05979150203252049,0.026866209029301525,0.03474053635376868,0.10011069959692746
2021-06-04,19,5,869,915,0.0022994307518700245,0.0032750995718854757,0,0,0,0,0.0,0.0,0,0,0,0,0.0,0.0,0.05985915492957746,0.00411522633744856,0.014187126625790481,0.014812224019586411,0.0,0.0,0.0,0.0,0.0,0.0,0.0,0.0,0.004226871860471043,0.0029304715815958657,0.0,0.0,0.0,0.0,0.00452999132014029
2021-06-05,4,24,5713,5682,0.10888669352649154,0.26530975295116926,150,161,304,285,0.0006868389928050887,0.001741452660122051,168,121,246,261,0.05225461124113159,0.1624957454254411,0.007042253521126761,0.0823045267489712,0.09892503214407543,0.09817688978271324,0.42857142857142855,0.4827586206896552,0.09583858764186633,0.08924377642085486,0.1575984990619137,0.13304013194062672,0.044185002245172876,0.05169340463458111,0.3828081158039042,0.664915125208626,0.00019746737813247588,0.04107655167070563,0.014304946306843574,0.026336051673583064,0.09311223176493602
2021-06-06,19,41,5659,5649,0.197806840741099,0.3396863894732649,199,189,370,362,0.0008036927240395278,0.0018253543349367124,141,102,343,329,0.08860515172120002,0.2017372954454345,0.05985915492957746,0.1522633744855967,0.09798038992731503,0.09759979014558649,0.5685714285714286,0.5667166416791605,0.11664564943253468,0.11335525285736653,0.13227016885553472,0.11214953271028037,0.061607543780871125,0.06516141810259457,0.6986385355729219,0.8528146695286504,0.0002310630245264334,0.04305558421043694,0.02425607822499316,0.03269601812299532,0.11989461565107587
2021-06-07,12,33,5682,5633,0.17573454419614498,0.30381490241823245,162,155,305,293,0.000872863953622178,0.0018118496214718906,156,132,304,277,0.07028946227983948,0.18774992337373742,0.035211267605633804,0.11934156378600823,0.09838273753815742,0.09731998426091899,0.46285714285714286,0.46476761619190404,0.09615384615384616,0.09174886488179114,0.14634146341463414,0.1451346893897746,0.054602604400538844,0.05486234897999604,0.6202411992950768,0.7621916407537491,0.00025094987063006114,0.042737041494267464,0.01924207184721247,0.030429053208354713,0.10644987004532414
2021-06-08,20,40,5649,5678,0.23668801790265906,0.34253404392060605,205,167,362,362,0.0008638692019905095,0.0022598722084383157,155,110,338,340,0.09771564343157674,0.2001682268454019,0.06338028169014084,0.14814814814814814,0.09780545618347052,0.09810693831154636,0.5857142857142857,0.5007496251874063,0.11412358133669609,0.11335525285736653,0.14540337711069418,0.12094557449147883,0.06070947462954648,0.06734006734006734,0.8367383800818586,0.8600087696931198,0.00024836386424390006,0.05330478379619129,0.026750118303953664,0.032441715638818494,0.1262056745511031
2021-06-09,18,40,5754,5716,0.22767443052257774,0.34508332827491855,195,147,384,371,0.0008014384366400267,0.002223624906424925,135,128,365,371,0.0935748644474389,0.19901126827706545,0.056338028169014086,0.14814814814814814,0.09964226049383795,0.0987714772876317,0.5571428571428572,0.4407796101949025,0.1210592686002522,0.11617347737591983,0.12664165103189493,0.14073666849917538,0.0655590480466996,0.07347989700930878,0.8047235310847559,0.8664490900802241,0.00023041491306654297,0.05244979978877511,0.025616560525420752,0.03225420475624044,0.12798555628466163
2021-06-10,33,57,5631,5625,0.2807218772889388,0.39164851872657674,221,191,471,472,0.0009478029067910532,0.0025875488598738716,146,122,427,439,0.1204108499596605,0.22205818407324496,0.10915492957746478,0.21810699588477367,0.09749057544455038,0.09718008131858523,0.6314285714285715,0.5727136431784108,0.14848675914249684,0.14780021919524033,0.13696060037523453,0.13413963716327654,0.07669510552312528,0.08694791047732224,0.9931397438858763,0.9840878873716615,0.0002724949470704862,0.06103386378337456,0.032963038141952894,0.03598947033956858,0.15020898865085835
2021-06-11,20,44,5767,5652,0.22291744651422551,0.3583074798932185,212,170,410,430,0.0010706664492709833,0.0028615713450297516,150,133,393,396,0.112988874194316,0.20839605044422757,0.06338028169014084,0.1646090534979424,0.09986967436083584,0.09765225374896165,0.6057142857142858,0.5097451274362819,0.12925598991172763,0.1346485047753249,0.14071294559099437,0.1462341946124244,0.07058823529411765,0.0784313725490196,0.7878274698066929,0.899857592794101,0.0003078184244148553,0.0674973749819229,0.030931237267499613,0.03377521755231458,0.13265298093093286
2021-06-12,28,49,5652,5606,0.2757396549670103,0.3755660749438077,201,93,443,438,0.0011191415254015965,0.004238714376592838,152,136,384,429,0.10438343313161769,0.2214564873183458,0.09154929577464789,0.18518518518518517,0.09785793630662387,0.09684781183054256,0.5742857142857143,0.27886056971514245,0.1396595208070618,0.13715359323626117,0.1425891181988743,0.14953271028037382,0.06897171082173327,0.08496732026143791,0.9754436714365186,0.9434584101642999,0.0003217550912153099,0.09998076553816614,0.028575457185612614,0.03589195199047357,0.14469418380777635
2021-06-13,17,47,5696,5642,0.21316859335975408,0.35563048303686434,215,200,475,475,0.0012664768850472246,0.003030891839971548,156,153,435,445,0.1232376639190552,0.22102018040384472,0.0528169014084507,0.17695473251028807,0.09862764477953975,0.09747737507104447,0.6142857142857143,0.5997001499250375,0.14974779319041615,0.14873962736809143,0.14634146341463414,0.16822429906542055,0.07813201616524472,0.08813626460685284,0.7532010720724186,0.8930946291407816,0.0003641142575995688,0.07149122575872133,0.03373689179712557,0.03582123874554671,0.13913763874207816
2021-06-14,17,38,5726,5698,0.20123695977257752,0.3220493102851397,204,165,371,345,0.0008785557523723976,0.0022309915581209816,145,140,352,352,0.08220767533695314,0.21232374027980408,0.0528169014084507,0.13991769547325103,0.0991524460110733,0.09845669566738076,0.5828571428571429,0.4947526236881559,0.1169609079445145,0.10803193987787693,0.13602251407129456,0.15393073117097306,0.0632240682532555,0.06971677559912855,0.7108217805123949,0.8082576782804592,0.0002525862724474264,0.052623560842384204,0.02250473888857272,0.034411787095700024,0.12049576999490935
2021-06-15,18,47,5752,5718,0.19357500310720288,0.3540568733483187,233,184,480,459,0.0010736018407489212,0.0024972043765922555,164,154,435,445,0.11299977720369113,0.21416268563717072,0.056338028169014086,0.17695473251028807,0.09960727374506906,0.09880645302321514,0.6657142857142857,0.5517241379310345,0.15132408575031525,0.14372945044621888,0.15384615384615385,0.16932380428807037,0.07813201616524472,0.08813626460685284,0.6836077118712696,0.8891191798970198,0.00030866235445524735,0.05890286136185573,0.03093422201774442,0.03470982911415229,0.1356238057317231
2021-06-16,6,30,5748,5726,0.10743196662253938,0.2963488201527137,181,158,328,296,0.0008163573252799366,0.0016754561983056868,138,129,307,294,0.06040297481212142,0.19053401927026473,0.014084507042253521,0.10699588477366255,0.09953730024753124,0.0989463559655489,0.5171428571428571,0.4737631184407796,0.1034047919293821,0.09268827305464224,0.1294559099437148,0.14183617372182517,0.055141445891333636,0.058229352346999406,0.37764115394974057,0.743329891673041,0.0002347041189142509,0.03951985872351197,0.016535599269388232,0.030880277904750206,0.09688767490246478
2021-06-17,17,50,5710,5643,0.2094072198585162,0.36973455566199187,195,195,495,484,0.0010622126450644791,0.0025036989798597614,175,141,472,460,0.11347025294972886,0.22873662606706327,0.0528169014084507,0.18930041152263374,0.09887255202092207,0.09749486293883618,0.5571428571428572,0.5847076461769115,0.1560529634300126,0.15155785188664475,0.16416510318949343,0.15503023639362287,0.08477772788504714,0.09110714993067934,0.7398412631987681,0.9287260981509551,0.00030538794133309845,0.05905605295460321,0.031063016972407567,0.03707186048453966,0.1413266475776783
2021-06-18,7,30,5752,5671,0.07661634900099354,0.29868680623018484,182,155,302,317,0.0007129970085043654,0.0017988783424976226,120,127,279,318,0.07430549950660376,0.18551068891956227,0.017605633802816902,0.10699588477366255,0.09960727374506906,0.09798452323700432,0.52,0.46476761619190404,0.09520807061790669,0.09926413026459997,0.1125703564727955,0.13963716327652556,0.05011225864391558,0.0629827688651218,0.2681889122056385,0.7492364039748292,0.00020498785211749048,0.042431081175492956,0.02034148098127043,0.030066135433861454,0.09000185297002225
2021-06-19,24,42,5768,5708,0.2534740743410273,0.3528538922539297,176,153,434,449,0.0010223955177980852,0.0028605820822061954,162,153,430,421,0.10161809809330123,0.21467882278710015,0.07746478873239436,0.15637860082304528,0.09988716773522029,0.09863157434529794,0.5028571428571429,0.4587706146926537,0.13682219419924338,0.14059808987004854,0.15196998123827393,0.16822429906542055,0.07723394701392007,0.08338284808873044,0.8963598204107984,0.8860800588768841,0.00029394044955056195,0.06747404072402531,0.0278184336750748,0.03479348062524637,0.1418757751832155
2021-06-20,11,46,5735,5683,0.1663943657579277,0.36796381734459715,209,121,458,446,0.0009664660001886886,0.0032702126501241045,142,146,424,426,0.10853543798550114,0.214000477380531,0.03169014084507042,0.1728395061728395,0.09930988638053337,0.09819437765050497,0.5971428571428572,0.36281859070464767,0.14438839848675913,0.13965868169719745,0.13320825515947468,0.1605277625068719,0.07615626403233049,0.0843731431966726,0.587066350070636,0.9242526379555666,0.0002778606181515956,0.07713621045983726,0.029712088098939653,0.03468353965643411,0.1279427040458402
2021-06-21,10,34,5705,5734,0.1597974847206305,0.3013936460222495,174,155,350,355,0.0007818218892709397,0.0021750878693531602,143,131,329,345,0.07062042631193548,0.19972245414953552,0.028169014084507043,0.12345679012345678,0.09878508514899982,0.09908625890788265,0.49714285714285716,0.46476761619190404,0.11034047919293821,0.11116330045404728,0.13414634146341464,0.1440351841671248,0.0590929501571621,0.06833036244800951,0.5636352630510951,0.756074760577916,0.00022477512234766575,0.051304931394200684,0.019332674812121774,0.03236946825337297,0.11145531158983608
2021-06-22,12,46,5723,5686,0.15184119920958625,0.35753352377696984,216,197,452,451,0.0010587026932446575,0.002451043963497578,160,137,415,452,0.11101935882394157,0.21519167580439494,0.035211267605633804,0.1728395061728395,0.09909996588791994,0.09824684125388013,0.6171428571428571,0.5907046476761619,0.1424968474148802,0.1412243619852826,0.150093808630394,0.15063221550302364,0.07453973955994611,0.08952267775797187,0.535375784502431,0.8979023282329829,0.00030437882421759983,0.05781405163590444,0.030392073144859796,0.034876599869562985,0.12518187840592093
2021-06-23,14,36,5733,5675,0.17554816124725198,0.3244430043863439,183,158,365,362,0.0007591666312905677,0.002045951702026611,158,123,355,318,0.07173292647539753,0.19497089313492658,0.04225352112676056,0.13168724279835392,0.09927489963176447,0.0980544747081712,0.5228571428571429,0.4737631184407796,0.11506935687263556,0.11335525285736653,0.14821763602251406,0.13523914238592633,0.06376290974405029,0.0629827688651218,0.6195791962864157,0.8143049271463605,0.00021826169716190544,0.04825892929996396,0.019637226979417447,0.03159937205126446,0.11595726994563196
2021-06-24,22,52,5744,5644,0.24211950155867026,0.3909621719512421,224,196,496,480,0.001088153887516998,0.002637324646410007,175,149,454,488,0.12408180274888173,0.23768316526140526,0.07042253521126761,0.19753086419753085,0.09946732674999344,0.0975123508066279,0.64,0.5877061469265368,0.15636822194199243,0.1503053076561766,0.16416510318949343,0.16382627817482134,0.0815446789402784,0.09665280253515547,0.856030158343386,0.9823539524646617,0.0003128460926411321,0.0622079512072947,0.03396797878350593,0.03852184625435193,0.1471024526118051
2021-06-25,12,38,5721,5731,0.17072588532223512,0.3222346860898256,170,159,362,351,0.0008964365482654015,0.0020936244380419726,158,122,354,340,0.07957107840133631,0.20011451483401524,0.035211267605633804,0.13991769547325103,0.09906497913915105,0.0990337953045075,0.4857142857142857,0.4767616191904048,0.11412358133669609,0.10991075622357914,0.14821763602251406,0.13413963716327654,0.06358329591378536,0.06734006734006734,0.6024512283584689,0.808725997780469,0.0002577270316659634,0.04938341097498213,0.021782958040893214,0.03243301041208368,0.11460755120546381
2021-06-26,25,53,5726,5617,0.23705937893704718,0.38929046360871766,226,172,460,474,0.0010224969409295475,0.002821240669171247,167,133,408,445,0.11927703464568717,0.22347511422231806,0.08098591549295775,0.20164609053497942,0.0991524460110733,0.09704017837625148,0.6457142857142857,0.5157421289355323,0.1450189155107188,0.1484264913104744,0.15666041275797374,0.1462341946124244,0.0732824427480916,0.08813626460685284,0.8380573962446815,0.9781306741546373,0.0002939696088732877,0.06654607430705975,0.032652650851663405,0.03621911540212789,0.14172053389236386
2021-06-27,20,46,5689,5640,0.2289749838451386,0.35634255937729853,220,161,455,437,0.0009204432625153281,0.002572401665038423,130,121,388,418,0.11062687806432729,0.21202844829482465,0.06338028169014084,0.1728395061728395,0.09850519115884859,0.09744239933546102,0.6285714285714286,0.4827586206896552,0.14344262295081966,0.13684045717864413,0.12195121951219512,0.13304013194062672,0.069690166142793,0.08278867102396514,0.8093428925530296,0.8948935652872003,0.0002646290028268433,0.060676579002931004,0.030284629685624335,0.03436392845820246,0.13743406017322907
2021-06-27,0,0,41,49,0.003420307284680982,0.004235355950448246,0,0,0,0,0.0,0.0,0,0,0,0,0.0,0.0,0.0,0.0,0.0,0.0,0.0,0.0,0.0,0.0,0.0,0.0,0.0,0.0,0.008208049545799604,0.005356391122992971,0.0,0.0,0.0,0.0,0.0004104024772899802
2021-06-28,32,49,5761,5690,0.2919225539185617,0.3747905088575684,222,153,436,430,0.0009382950176630674,0.0030071598233695194,152,130,384,447,0.10809565185053527,0.22449305343206638,0.1056338028169014,0.18518518518518517,0.09976471411452913,0.098316792725047,0.6342857142857142,0.4587706146926537,0.13745271122320302,0.1346485047753249,0.1425891181988743,0.14293567894447498,0.06897171082173327,0.0885323826500297,1.0,0.9414990782960035,0.0002697614127817443,0.07093144631221318,0.02959169457006714,0.03638409510395521,0.145695841973463
2021-06-29,23,54,5712,5623,0.23547412376060262,0.3881000648709429,226,182,514,484,0.0010922562850874495,0.0028030714749914293,137,139,439,457,0.13172359335511835,0.23503782393813205,0.07394366197183098,0.205761316872428,0.09890753876969098,0.0971451055830018,0.6457142857142857,0.545727136431784,0.16204287515762925,0.15155785188664475,0.12851782363977485,0.15283122594832327,0.07885047148630445,0.09051297286591405,0.8324268184341305,0.9751233402545549,0.0003140255389171591,0.06611750805278668,0.036059955007497244,0.03809310982435134,0.1468038541521668
2021-06-30,20,38,5659,5673,0.23823461020392708,0.3366727510486509,182,159,365,364,0.0008545487773255124,0.002106364628429412,126,111,343,346,0.08154646174523356,0.1981031149753954,0.06338028169014084,0.13991769547325103,0.09798038992731503,0.09801949897258777,0.52,0.4767616191904048,0.11506935687263556,0.1139815249726006,0.11819887429643527,0.12204507971412865,0.061607543780871125,0.06852842146959794,0.8422316334223205,0.8452012399194468,0.00024568422630697747,0.04968392048679833,0.02232372854896352,0.032107018303957034,0.12698592139208448
2021-07-01,12,45,5709,5653,0.1438591674009585,0.3587092138676651,211,197,473,478,0.0011052700629195127,0.002660684485598591,145,157,431,436,0.11417488740909772,0.21242280295669677,0.035211267605633804,0.16872427983539096,0.09885505864653762,0.09766974161675337,0.6028571428571429,0.5907046476761619,0.14911727616645648,0.14967903554094253,0.13602251407129456,0.1726223199560198,0.077413560844185,0.08635373341255695,0.5070248591419023,0.9008725033125936,0.0003177670221687154,0.062758951911145,0.03125591397934748,0.034427842406999025,0.1267112226780967
2021-07-02,8,29,5726,5714,0.1348816409639109,0.2844359987162644,186,162,286,290,0.0007944015625223293,0.0017394335844921837,127,141,285,299,0.06677957615919942,0.18099754594373194,0.02112676056338028,0.102880658436214,0.0991524460110733,0.09873650155204827,0.5314285714285715,0.48575712143928035,0.09016393442622951,0.09080945670894003,0.11913696060037524,0.15503023639362287,0.051189941625505164,0.05921964745494157,0.4751380929599137,0.7132342349702853,0.00022839179979425338,0.04102892668132952,0.018281223965918306,0.029334680180614393,0.0977262618335906
2021-07-03,18,50,5677,5673,0.21687652568208768,0.3707704144038146,229,189,496,506,0.00112223413617586,0.0026988469578527103,159,131,456,472,0.11929015841144126,0.22962098042327828,0.056338028169014086,0.18930041152263374,0.09829527066623517,0.09801949897258777,0.6542857142857142,0.5667166416791605,0.15636822194199243,0.1584468451542195,0.14915572232645402,0.1440351841671248,0.08190390660080826,0.09348385818974055,0.7663710662584533,0.9313430138205765,0.00032264422207068543,0.06365911003736036,0.03265624354444203,0.03721518978809808,0.14353548759383444
2021-07-04,7,31,5831,5668,0.11247202318640956,0.29489072781061026,163,154,287,301,0.0007483569255264025,0.0015565918192281143,104,142,286,280,0.0812789919477982,0.1886616405513824,0.017605633802816902,0.1111111111111111,0.10098925032144075,0.09793205963362916,0.4657142857142857,0.4617691154422789,0.09047919293820933,0.09425395334272742,0.0975609756097561,0.1561297416162727,0.05136955545577009,0.05545652604476134,0.395542644557768,0.7396462767709829,0.00021515388837703209,0.03671614265313424,0.022250507430288287,0.03057681726604919,0.0944573767281537
2021-07-05,18,46,5672,5625,0.22688039824941983,0.36599471818737445,210,104,457,444,0.0009675440791165913,0.004040815587155682,176,150,440,447,0.10216023399989098,0.2227544198114912,0.056338028169014086,0.1728395061728395,0.0982078037943129,0.09718008131858523,0.6,0.3118440779610195,0.14407313997477933,0.13903240958196336,0.1651031894934334,0.16492578339747113,0.07903008531656938,0.0885323826500297,0.8019032529588509,0.9192780538433478,0.0002781705676762191,0.0953128236319442,0.027966845936702612,0.03610231083475472,0.13868532269057904
2021-07-06,15,47,5699,5667,0.19742950782369187,0.3652579950548799,208,159,454,443,0.0008707115073648976,0.002483561297036575,137,139,420,450,0.11554754574455266,0.21204121820744148,0.045774647887323945,0.17695473251028807,0.09868012490269311,0.09791457176583745,0.5942857142857143,0.4767616191904048,0.14312736443883986,0.13871927352434632,0.12851782363977485,0.15283122594832327,0.07543780871127077,0.08912655971479501,0.6972983082180375,0.9174168518939342,0.0002503310386717002,0.05858105493257433,0.031631685673365335,0.03436599810671949,0.13300727166712017
2021-07-07,18,60,5647,5643,0.21226180409229123,0.4179522016213858,227,203,637,612,0.0007558288873854779,0.0024355456281922477,156,148,551,590,0.10680214791388161,0.2537970452603389,0.056338028169014086,0.23045267489711935,0.0977704694347016,0.09749486293883618,0.6485714285714286,0.6086956521739131,0.20081967213114754,0.19163926726162517,0.14634146341463414,0.16272677295217153,0.09896722047597666,0.11685482273717568,0.7499802987836202,1.0,0.00021730209011466432,0.05744848432215689,0.029237591766084235,0.041133459101215984,0.16151459663550352
2021-07-08,17,69,5705,5656,0.20957412108249,0.4417334087965641,231,207,683,677,0.0008857244666079053,0.0025696357145493175,145,131,582,631,0.12228869693720731,0.2602352362327382,0.0528169014084507,0.2674897119341564,0.09878508514899982,0.09772220522012853,0.66,0.6206896551724138,0.2153215636822194,0.21199311100673243,0.13602251407129456,0.1440351841671248,0.1045352492141895,0.12497524262230145,0.7404340701753511,1.0,0.00025464728997772894,0.06061133708692257,0.033477107609665845,0.04217691122169813,0.1689080504136769
2021-07-09,34,64,5692,5682,0.2923465117042236,0.41313409362627285,241,192,565,572,0.0009097095445066226,0.0025525065651622225,158,133,515,551,0.11137214120817632,0.26606738399526375,0.11267605633802817,0.24691358024691357,0.09855767128200194,0.09817688978271324,0.6885714285714286,0.5757121439280359,0.17812105926860025,0.17911382495694378,0.14821763602251406,0.1462341946124244,0.09250112258643915,0.10913052089522678,1.0,1.0,0.0002615430406508521,0.06020730291132521,0.030488648986581993,0.04312214055333204,0.1656593544028337
2021-07-10,33,80,5628,5622,0.29544093995284926,0.4749973263661342,247,208,724,699,0.0011492306646308918,0.002958082422239969,164,164,627,661,0.15163141630550536,0.27763439698422043,0.10915492957746478,0.31275720164609055,0.09743809532139702,0.09712761771521007,0.7057142857142857,0.623688155922039,0.22824716267339218,0.21888210427430718,0.15384615384615385,0.18031885651456844,0.11261787157611136,0.13091701326995445,1.0,1.0,0.0003304057698985425,0.06977383206892927,0.04150981544330263,0.044996832416731906,0.18693516554339323
2021-07-11,19,53,5641,5750,0.217686506215461,0.3896276358312212,237,192,491,523,0.0007916261726479598,0.002361801998201349,172,151,461,482,0.097016571982185,0.2488575435554947,0.05985915492957746,0.20164609053497942,0.0976655091883949,0.09936606479255017,0.6771428571428572,0.5757121439280359,0.15479192938209332,0.1637701581337091,0.16135084427767354,0.16602528862012095,0.08280197575213291,0.09546444840562487,0.7692479901038741,0.9789824807155183,0.0002275938704869074,0.055709054880822416,0.026558744197235123,0.04033290292788394,0.14427179327025064
2021-07-12,32,71,5667,5543,0.3025836445856141,0.44462198674698256,159,162,641,627,0.0014090319609707813,0.003641254566793181,163,153,588,632,0.13997870495051967,0.2582715198821396,0.1056338028169014,0.2757201646090535,0.09812033692239064,0.09574607615966424,0.4542857142857143,0.48575712143928035,0.20208070617906684,0.19633630812588068,0.1529080675422139,0.16822429906542055,0.10561293219577908,0.12517330164388987,1.0,1.0,0.0004050990842867298,0.08588816956332894,0.038319830745243914,0.04185864728717958,0.17602976597429443
2021-07-13,19,62,5735,5608,0.22454195838635196,0.41822539256679214,240,182,539,529,0.001053035301031642,0.002906118950942492,153,146,517,514,0.1180819908155226,0.2452410934219738,0.05985915492957746,0.23868312757201646,0.09930988638053337,0.096882787566126,0.6857142857142857,0.545727136431784,0.16992433795712483,0.1656489744794113,0.14352720450281425,0.1605277625068719,0.09286035024696902,0.10180233709645474,0.7935974812446538,1.0,0.0003027494393211745,0.06854814258415715,0.032325501966258004,0.039746776704443564,0.15096498757959664
2021-07-14,33,58,5670,5609,0.28433006439573094,0.4045727385995145,237,164,557,528,0.0009992423783978302,0.0029907681963126944,143,143,494,515,0.12013653033240902,0.23844406863083115,0.10915492957746478,0.2222222222222222,0.098172817045544,0.09690027543391772,0.6771428571428572,0.4917541229385307,0.17559899117276168,0.16533583842179428,0.13414634146341464,0.15722924683892248,0.08872923215087562,0.10200039611804318,1.0,1.0,0.0002872838826101327,0.07054480846027213,0.03288794185005556,0.038645167578263126,0.1620263859182109
2021-07-15,18,62,5638,5541,0.21447279197491154,0.42747180025208475,230,187,609,592,0.0010228098186842215,0.0030629909840186784,135,139,532,569,0.13696316685552623,0.24496047324181622,0.056338028169014086,0.23868312757201646,0.09761302906524154,0.09571110042408079,0.6571428571428571,0.56071964017991,0.19199243379571249,0.18537654610928447,0.12664165103189493,0.15283122594832327,0.09555455770094297,0.11269558328381858,0.7578333810483948,1.0,0.0002940595617596827,0.07224836500185468,0.037494312967758896,0.03970129595941894,0.15800961616365813
2021-07-16,16,49,5755,5708,0.19687861719537542,0.37516036117024226,219,174,505,475,0.0008242023283145187,0.002296491534088844,156,130,477,470,0.08393205193734209,0.22797633924759464,0.04929577464788732,0.18518518518518517,0.09965975386822241,0.09863157434529794,0.6257142857142857,0.5217391304347826,0.15920554854981084,0.14873962736809143,0.14634146341463414,0.14293567894447498,0.0856757970363718,0.09308774014656368,0.6953416310887466,0.942433445380437,0.00023695957062405188,0.054168542919063395,0.022976795116634845,0.036948639086269525,0.1399201836733058
2021-07-17,22,67,5672,5615,0.2376837843064494,0.43383135745036217,222,213,746,726,0.0012462544036733884,0.003069327485507728,152,147,633,669,0.1428928862779794,0.2652726200327637,0.07042253521126761,0.25925925925925924,0.0982078037943129,0.09700520264066803,0.6342857142857142,0.638680659670165,0.2351828499369483,0.2273367778299671,0.1425891181988743,0.1616272677295217,0.11369555455770095,0.1325014854426619,0.8402751862068188,1.0,0.00035830025982417247,0.07239782736553915,0.03911760162952721,0.04299333136679056,0.18228252924588811
2021-07-18,8,46,5685,5619,0.15230357491049537,0.3664872088378462,225,181,462,464,0.0007019408462242114,0.0023651606801323053,153,148,468,444,0.07090740906716875,0.23074577820098022,0.02112676056338028,0.1728395061728395,0.09843521766131078,0.09707515411183491,0.6428571428571429,0.5427286356821589,0.14564943253467844,0.14529513073430406,0.14352720450281425,0.16272677295217153,0.08405927256398743,0.08793820558526441,0.5370180704891677,0.9205222452068282,0.00020180918666526748,0.0557882778623261,0.019411237695034788,0.037397488298858056,0.12727510866604774
2021-07-19,30,71,5656,5659,0.28451840870710743,0.4438531451765041,221,213,702,667,0.0011760996323521237,0.003056264074007209,185,159,612,649,0.13408666229675234,0.27713381187031394,0.09859154929577464,0.2757201646090535,0.09792790980416168,0.09777466882350369,0.6314285714285715,0.638680659670165,0.22131147540983606,0.20886175043056207,0.17354596622889307,0.17482133040131942,0.1099236641221374,0.12854030501089325,1.0,1.0,0.0003381306437985651,0.07208969386884155,0.03670685627662076,0.044915701459165285,0.18347337498736432
2021-07-20,14,52,5636,5649,0.20081516338942496,0.3899631917009158,210,209,522,513,0.000883216338642578,0.0023997237174057323,140,154,501,496,0.10383658625696687,0.24995172663883955,0.04225352112676056,0.19753086419753085,0.09757804231647263,0.09759979014558649,0.6,0.6266866566716641,0.16456494325346785,0.16063879755753874,0.13133208255159476,0.16932380428807037,0.08998652896273013,0.09823727470786295,0.7093236258992832,0.979830203844149,0.00025392619892360694,0.056603534239355005,0.02842575527425694,0.04051023964613391,0.14391473347137362
2021-07-21,2,8,811,817,0.19967868379621842,0.39686398386975896,38,35,84,73,0.0012353616548008725,0.002096300374306909,33,22,78,80,0.08072128120645151,0.26292074543858684,0.0,0.01646090534979424,0.013172510911492272,0.0130984129759979,0.10857142857142857,0.10494752623688156,0.02648171500630517,0.022858932206043524,0.03095684803001876,0.024189114898295765,0.014009878760664571,0.015844721727074667,0.7052870285900699,0.997263846512134,0.00035516857600446597,0.049446529678562896,0.022097831484180885,0.04261215775095304,0.0514867043119052
2021-07-21,18,50,4901,4882,0.23351585163917488,0.4146523695761507,220,172,531,485,0.001035679165076148,0.002648458982404481,131,133,487,479,0.10559429995451654,0.25738849881781056,0.056338028169014086,0.18930041152263374,0.0847204121439005,0.08418659554933765,0.6285714285714286,0.5157421289355323,0.16740226986128626,0.1518709879442618,0.12288930581613508,0.1462341946124244,0.0874719353390211,0.09487027134085958,0.8254713429259783,1.0,0.0002977595207266505,0.062470582594451644,0.028906937689914446,0.04171553407324192,0.14478800783999135
2021-07-22,22,71,5707,5600,0.2505970782173755,0.451848599424373,248,203,678,669,0.0011559094932943055,0.003009809830842207,159,163,606,641,0.12924938755560422,0.27183839314459274,0.07042253521126761,0.2757201646090535,0.09882007189776872,0.09674288462379224,0.7085714285714285,0.6086956521739131,0.2137452711223203,0.20948802254579615,0.14915572232645402,0.17921935129191863,0.10884598114054782,0.1269558328381858,0.8861411813074038,1.0,0.00033232594449400933,0.07099395341985514,0.035382629499308,0.04405746101213867,0.17587050542016613
2021-07-23,6,44,5807,5695,0.13259513253673777,0.35983841452703325,199,190,481,477,0.0008040542668852207,0.0020901404219991746,191,155,428,456,0.06855895575183016,0.2265159177585356,0.014084507042253521,0.1646090534979424,0.1005694093362139,0.0984042320640056,0.5685714285714286,0.5697151424287856,0.15163934426229508,0.14936589948332551,0.17917448405253283,0.17042330951072018,0.07687471935339021,0.0903149138443256,0.467016773562898,0.9037252309870714,0.00023116696870923228,0.049301231672448854,0.01876833752255003,0.036711945284223384,0.12584619906428707
2021-07-24,18,64,5706,5620,0.22861635073724368,0.43304132040602733,245,177,652,651,0.0010549564373761903,0.00307344095443048,175,144,599,631,0.1184381671778647,0.26500430169257355,0.056338028169014086,0.24691358024691357,0.09880257852338427,0.09709264197962664,0.7,0.5307346326836582,0.2055485498108449,0.20385157350868952,0.16416510318949343,0.1583287520615723,0.10758868432869331,0.12497524262230145,0.8080690839893061,1.0,0.0003033017692863729,0.07249485390127021,0.03242300692549613,0.0429498444086938,0.16887606832203253
2021-07-25,10,55,5657,5655,0.16879289651760518,0.39528542982711734,232,212,522,561,0.0008728990296170913,0.00216661098390818,144,121,498,510,0.09347760508733058,0.2282632164647018,0.028169014084507043,0.20987654320987653,0.09794540317854612,0.09770471735233682,0.6628571428571428,0.6356821589205397,0.16456494325346785,0.1756693283231564,0.1350844277673546,0.13304013194062672,0.08944768747193534,0.10101010101010101,0.5955855552270282,0.9932759062238046,0.00025095995503823175,0.051104982678418204,0.02558993531682878,0.036995133923373884,0.14065083498733716
2021-07-26,12,62,5708,5640,0.1852993352907768,0.42590430020566766,218,215,586,606,0.0010960367482128074,0.0026206906476883324,173,144,570,572,0.1219410301563173,0.252201392600989,0.035211267605633804,0.23868312757201646,0.09883756527215318,0.09744239933546102,0.6228571428571429,0.6446776611694153,0.18474148802017654,0.18976045091592297,0.1622889305816135,0.1583287520615723,0.10237988325101033,0.11328976034858387,0.6542138374546803,1.0,0.0003151124284928981,0.06181559640855246,0.03338193218848904,0.040874848078633785,0.15280587208852286
2021-07-27,23,61,5699,5621,0.24845366659831808,0.41748457757936336,251,179,575,574,0.0009167053651839686,0.0025287656761494325,176,151,516,518,0.10258988122677873,0.25167705253422973,0.07394366197183098,0.2345679012345679,0.09868012490269311,0.09711012984741835,0.7171428571428572,0.5367316341829086,0.1812736443883985,0.17974009707217786,0.1651031894934334,0.16602528862012095,0.09268073641670409,0.10259457318280847,0.8785281193344984,1.0,0.00026355435098924536,0.059647314186639454,0.02808446389166456,0.04078986710232239,0.16007702732584145
2021-07-28,38,75,5634,5540,0.3285236422448791,0.4657750634588851,249,197,706,720,0.0012244958655697482,0.00345483565949645,175,157,659,703,0.1466717097176189,0.27824473356688884,0.1267605633802817,0.29218106995884774,0.09754305556770373,0.09569361255628907,0.7114285714285714,0.5907046476761619,0.22257250945775536,0.22545796148426492,0.16416510318949343,0.1726223199560198,0.11836551414458914,0.13923549217666864,1.0,1.0,0.0003520446431274939,0.08149100962133317,0.04015207237044692,0.04509575104218483,0.1873733244438533
2021-07-29,24,71,5640,5629,0.2617406588366134,0.4436112827593325,251,200,623,625,0.001006328093641371,0.002809788305862383,161,142,594,606,0.13195496171900123,0.26900367239783635,0.07746478873239436,0.2757201646090535,0.09764801581401045,0.09725003278975211,0.7171428571428572,0.5997001499250375,0.19640605296343,0.19571003601064663,0.15103189493433397,0.1561297416162727,0.10669061517736866,0.12002376708259062,0.9257214322960756,1.0,0.0002893210377891375,0.06627594144385847,0.03612329318845077,0.04359803143217463,0.1706978786746809
2021-07-30,44,77,5623,5583,0.33883361780189786,0.4703467492959426,242,189,668,712,0.0010793162830558915,0.0031598891265519104,157,146,593,646,0.13358123919792925,0.28743975279604944,0.14788732394366197,0.3004115226337449,0.09735062844947476,0.09644559087133302,0.6914285714285714,0.5667166416791605,0.21059268600252207,0.22295287302332864,0.1472795497185741,0.1605277625068719,0.10651100134710373,0.12794612794612795,1.0,1.0,0.0003103052663336749,0.07453395200040264,0.036568494319289574,0.046586008531233215,0.1822852242898082
2021-07-31,23,72,5610,5468,0.24615355102763303,0.44917133670001314,261,196,691,695,0.0011747731396269164,0.0034576193495882922,160,172,640,653,0.14316718233684914,0.27751736521422954,0.07394366197183098,0.27983539094650206,0.09712321458247689,0.09443448607528528,0.7457142857142857,0.5877061469265368,0.21784363177805802,0.21762956004383904,0.150093808630394,0.18911489829576691,0.11495285136955545,0.12933254109724698,0.8703584694973985,1.0,0.00033774927488488605,0.08155666997059857,0.039192691469468875,0.04497786481401799,0.17748704406929058
2021-08-01,33,70,5591,5572,0.30003187792501684,0.4538783713764033,254,224,654,634,0.001041079910940274,0.002510770686327957,163,158,590,624,0.1217861733057249,0.2686220021297932,0.10915492957746478,0.2716049382716049,0.0967908404691723,0.0962532243256241,0.7257142857142858,0.671664167916042,0.20617906683480455,0.19852826052919995,0.1529080675422139,0.1737218251786696,0.10597215985630894,0.12358882947118241,1.0,1.0,0.00029931224434444234,0.059222856981375055,0.03333953939519566,0.04353617327167241,0.1771140849981025
2021-08-02,14,48,5685,5625,0.17274642662441544,0.3632903716019857,258,187,480,486,0.0010006717307344405,0.002655897782925535,157,128,444,439,0.12155321912873061,0.21972088031373996,0.04225352112676056,0.18106995884773663,0.09843521766131078,0.09718008131858523,0.7371428571428571,0.56071964017991,0.15132408575031525,0.1521841240018788,0.1472795497185741,0.14073666849917538,0.0797485406376291,0.08694791047732224,0.6096278742325258,0.9124459958902162,0.0002876948238369626,0.06264604546000536,0.03327576709042277,0.03561065825174424,0.13289610448362033
2021-08-03,14,33,5669,5669,0.199780522617597,0.3031576044064408,191,152,319,304,0.0007283096692339093,0.0017370123906814466,122,118,317,291,0.07293982876433112,0.18426689602337207,0.04225352112676056,0.11934156378600823,0.09815532367115955,0.09794954750142089,0.5457142857142857,0.45577211394302847,0.10056746532156369,0.09519336151557851,0.11444652908067542,0.1297416162726773,0.05693758419398293,0.05763517528223411,0.7056487441147545,0.7605310924596429,0.00020939026811042354,0.04097181672080693,0.01996762217384599,0.02986455111607185,0.11272578345816045
2021-08-04,17,50,5680,5710,0.19635386273811978,0.37017392274114663,220,158,498,494,0.0009644122863206649,0.003015135815686009,149,153,428,478,0.1158528735849243,0.2182666920177152,0.0528169014084507,0.18930041152263374,0.09834775078938852,0.09866655008088139,0.6285714285714286,0.4737631184407796,0.15699873896595207,0.15468921246281508,0.1397748592870544,0.16822429906542055,0.07687471935339021,0.09467221231927114,0.6934777855407774,0.9298360821166576,0.00027727017192300175,0.07111958020067069,0.03171527060986684,0.03537497467734075,0.13911197062240988
2021-08-05,6,29,5653,5690,0.07652422850345587,0.28593145873235054,195,156,357,336,0.0007636043968736371,0.001972323449404672,126,136,322,336,0.07141040977957147,0.17593704628107742,0.014084507042253521,0.102880658436214,0.09787542968100832,0.098316792725047,0.5571428571428572,0.46776611694152925,0.11254728877679697,0.10521371535932363,0.11819887429643527,0.14953271028037382,0.05783565334530759,0.06654783125371361,0.2678617146433534,0.7170122527553181,0.00021953756231172218,0.04652222132477451,0.019548936512657246,0.02851451359557005,0.0958516410924194
2021-08-06,14,43,5693,5703,0.19922759644850907,0.34683530877412383,1,169,409,446,0.8969542105330954,0.0025134313244011435,1,5,394,405,1.0721179206907026,1.0878767870551334,0.04225352112676056,0.16049382716049382,0.0985751646563864,0.09854413500633935,0.002857142857142857,0.5067466266866567,0.1289407313997478,0.13965868169719745,0.0009380863039399625,0.005497526113249038,0.07076784912438258,0.08021390374331551,0.7036848370638267,0.8708751619335867,0.25787586044800753,0.059285614838532445,0.2934973378581614,0.1763146425979586,0.15481273953402389
2021-08-07,12,48,5776,5674,0.1866412027380698,0.3650609601158627,216,146,447,447,0.0010754926811096987,0.003008500070171871,144,149,424,430,0.10988732530262368,0.21243977675150763,0.035211267605633804,0.18106995884773663,0.1000271147302959,0.09803698684037948,0.6171428571428571,0.43778110944527737,0.1409205548549811,0.13997181775481446,0.1350844277673546,0.16382627817482134,0.07615626403233049,0.08516537928302634,0.658979940215735,0.916919077633257,0.0003092059742736052,0.07096305941217791,0.03008217362871427,0.03443059338817743,0.13088884598266304
2021-08-08,14,30,5681,5687,0.1851072489559072,0.297185165570638,163,164,324,310,0.0007156351530912472,0.0018065009481905514,166,120,320,312,0.062026757009026746,0.19812432655960557,0.04225352112676056,0.10699588477366255,0.09836524416377297,0.09826432912167184,0.4657142857142857,0.4917541229385307,0.1021437578814628,0.09707217786128072,0.15572232645403378,0.1319406267179769,0.057476425684777725,0.061794414735591205,0.6535315769133505,0.7454427718766978,0.0002057463231713518,0.04261087954944879,0.016980117305003345,0.03211045611321398,0.1111307646777216
2021-08-09,6,44,5695,5689,0.1274112262112945,0.3602985715761624,221,179,482,475,0.0010700992562378334,0.002721777706358417,172,156,430,453,0.10705753910497345,0.2173013338684126,0.014084507042253521,0.1646090534979424,0.09861015140515529,0.09829930485725528,0.6314285714285715,0.5367316341829086,0.15195460277427492,0.14873962736809143,0.16135084427767354,0.17152281473336997,0.07723394701392007,0.08972073677956031,0.4486043511581468,0.9048877371703313,0.0003076553554535348,0.06419998955559923,0.0293075063092994,0.035218516906480445,0.12452197019936176
2021-08-10,4,29,5765,5688,0.10628622427659258,0.2858465658863394,178,146,306,295,0.0007888972969444037,0.0018289770895302093,160,134,309,290,0.05551145927949859,0.18022708981759505,0.007042253521126761,0.102880658436214,0.09983468761206693,0.09828181698946356,0.5085714285714286,0.43778110944527737,0.09646910466582598,0.09237513699702521,0.150093808630394,0.14733369983507422,0.05550067355186349,0.057437116260645675,0.3735716567952411,0.716797785849749,0.00022680931408274946,0.04314103601148654,0.015196523819561086,0.029209810619894236,0.094891852876759
2021-08-11,17,44,5655,5636,0.1934402594872649,0.3581779404148563,219,185,469,475,0.0011364416262790566,0.002726313082550356,151,145,440,455,0.1212036226444119,0.22323525561273025,0.0528169014084507,0.1646090534979424,0.09791041642977723,0.09737244786429415,0.6257142857142857,0.5547226386806596,0.1478562421185372,0.14873962736809143,0.14165103189493433,0.1594282572842221,0.07903008531656938,0.09011685482273718,0.6831291236617437,0.8995303339922259,0.00032672889962963335,0.06430696783801847,0.03318006340383015,0.03618024097670881,0.13519231305307683
2021-08-12,10,32,5685,5710,0.16836653916040337,0.3069143145683425,208,171,337,356,0.0007749690147590007,0.001983115248577602,158,130,315,301,0.0683622678375948,0.1901899953739683,0.028169014084507043,0.11522633744855967,0.09843521766131078,0.09866655008088139,0.5942857142857143,0.512743628185907,0.1062421185372005,0.11147643651166432,0.14821763602251406,0.14293567894447498,0.05657835653345308,0.059615765498118437,0.5940712007492779,0.7700217626562447,0.00022280490927485105,0.04677677311736569,0.018714493278271602,0.03082452117655964,0.11120015810804267
2021-08-13,24,30,1597,1531,0.49586375807420874,0.5581820185909113,79,61,267,256,0.001526023881456925,0.00470574723130755,57,49,251,253,0.15217499689292038,0.3248807664847353,0.07746478873239436,0.10699588477366255,0.026922303177671456,0.02558475057928562,0.2257142857142857,0.18290854572713644,0.08417402269861286,0.08016283074996086,0.05347091932457786,0.05387575590984057,0.04508307139649753,0.05010893246187364,1.0,1.0,0.0004387344603254892,0.11099691293505347,0.04165862319312077,0.05265415799960804,0.09806849318938618
2021-08-13,8,24,4118,4061,0.15584615045602151,0.3136505644086226,141,135,276,284,0.0009097502568546732,0.002350472511541898,118,86,245,255,0.09811669234365052,0.19406737483325961,0.02112676056338028,0.0823045267489712,0.07102310000087467,0.06982905609233594,0.40285714285714286,0.4047976011994003,0.08701134930643127,0.08893064036323782,0.11069418386491557,0.09455744914788346,0.04400538841490795,0.050505050505050504,0.549600743332777,0.7870397179524411,0.00026155474552013206,0.055441820373203415,0.02685990733534,0.031452936803877334,0.0907119429984362
2021-08-14,22,49,5690,5727,0.24696464543921914,0.37390373818348643,216,161,422,443,0.0009095762166703657,0.002572220605336892,143,127,407,422,0.11148362552427832,0.21829155597629327,0.07042253521126761,0.18518518518518517,0.09852268453323304,0.09896384383334061,0.6171428571428571,0.4827586206896552,0.1330390920554855,0.13871927352434632,0.13414634146341464,0.13963716327652556,0.07310282891782667,0.08358090711031887,0.8732393496635692,0.9392588075151801,0.0002615047086712564,0.06067230825336902,0.030519168343974876,0.03537900443514276,0.1388460315338482
2021-08-15,30,50,5644,5736,0.2723895486689543,0.3710830057083744,219,174,441,432,0.0010102056938807286,0.0027399008723018674,151,131,393,425,0.10746558339126862,0.22791997483106421,0.09859154929577464,0.18930041152263374,0.09771798931154825,0.09912123464346609,0.6257142857142857,0.5217391304347826,0.13902900378310215,0.13527477689055895,0.14165103189493433,0.1440351841671248,0.07058823529411765,0.08417508417508418,0.9635446191797535,0.9321327209978798,0.00029043585445029504,0.06462747011786771,0.029419210357375294,0.0369395039782554,0.14397804108861434
2021-08-16,14,48,5727,5684,0.20009380600713933,0.3751961646157372,237,187,459,457,0.0010740941856978569,0.0025153965851894187,152,150,440,434,0.12642315196156595,0.2195255460144098,0.04225352112676056,0.18106995884773663,0.09916993938545776,0.09821186551829668,0.6771428571428572,0.56071964017991,0.14470365699873897,0.14310317833098482,0.1425891181988743,0.16492578339747113,0.07903008531656938,0.08595761536938007,0.7067614775899592,0.9425238965141285,0.0003088039044651063,0.05933197046918756,0.034608934174379734,0.035578999981631915,0.13486640899832408
2021-08-17,16,41,5716,5674,0.2013476023900298,0.3393608986152511,219,196,391,387,0.0009170896987604521,0.00200591645590371,140,145,356,373,0.08614339120774792,0.2094373516448777,0.04929577464788732,0.1522633744855967,0.09897751226722878,0.09803698684037948,0.6257142857142857,0.5877061469265368,0.12326607818411098,0.12118365429779239,0.13133208255159476,0.1594282572842221,0.06394252357431522,0.07387601505248564,0.7112147657402528,0.8519923738890384,0.00026366484754589326,0.04731459708027473,0.02358215967256652,0.03394398358465768,0.12426842671000332
2021-08-18,21,52,5724,5658,0.219140976297075,0.3816821724205851,225,185,489,482,0.0010874641454855123,0.0027343580776913005,156,147,435,454,0.12664708530463983,0.22408900700910875,0.06690140845070422,0.19753086419753085,0.0991174592623044,0.09775718095571198,0.6428571428571429,0.5547226386806596,0.15416141235813366,0.15093157977141067,0.14634146341463414,0.1616272677295217,0.07813201616524472,0.08991879580114874,0.7744140397653636,0.9589096591403395,0.0003126477906344435,0.06449672933206588,0.034670236983316574,0.03631861038959744,0.14184040817719062
2021-08-19,14,33,5721,5695,0.183888805794966,0.3052529394140352,182,172,353,365,0.0008147972673283595,0.0019571160101921974,131,144,323,339,0.0791784694884116,0.19879925409157617,0.04225352112676056,0.11934156378600823,0.09906497913915105,0.0984042320640056,0.52,0.5157421289355323,0.11128625472887768,0.11429466103021763,0.12288930581613508,0.1583287520615723,0.05801526717557252,0.06714200831847891,0.6492038578638534,0.7658245893362841,0.0002342555996009042,0.04616351552880613,0.021675479499084535,0.03221984313938727,0.11626142745761679
2021-08-20,18,49,5628,5654,0.21622574156372434,0.3739854457682155,222,187,483,490,0.0010977947504853083,0.0026447830162522334,164,140,442,469,0.11654673242536008,0.2247664600758305,0.056338028169014086,0.18518518518518517,0.09743809532139702,0.0976872294845451,0.6342857142857142,0.56071964017991,0.15226986128625472,0.15343666823234695,0.15384615384615385,0.15393073117097306,0.07938931297709924,0.09288968112497524,0.7640595831163298,0.9394652274160522,0.00031561785713503723,0.062383875664627914,0.03190521774029635,0.036428406734879584,0.14115726386463834
2021-08-21,10,28,5598,5691,0.15308529438232946,0.28806526087087764,182,174,343,329,0.0008142573871512616,0.0017653984798634303,128,134,310,332,0.07962607368010818,0.18542733609476433,0.028169014084507043,0.09876543209876543,0.09691329408986346,0.09833428059283872,0.52,0.5217391304347826,0.10813366960907944,0.10302176295600439,0.1200750469043152,0.14733369983507422,0.05568028738212842,0.06575559516735988,0.5397946154754812,0.7224029301003366,0.00023410038313213352,0.04164137420331196,0.02179801325786404,0.030052626253696337,0.1075717180315952
2021-08-22,22,42,5617,5717,0.2519230844251041,0.3516703156381888,217,165,440,432,0.0009580076548864437,0.0026051085400499293,163,133,389,403,0.10034380523840795,0.21260604436129388,0.07042253521126761,0.15637860082304528,0.09724566820316805,0.09878896515542343,0.62,0.4947526236881559,0.13871374527112232,0.13527477689055895,0.1529080675422139,0.1462341946124244,0.06986977997305792,0.07981778570013864,0.8908509474326498,0.8830899598731535,0.0002754288294970929,0.06144805311311628,0.027469589995340483,0.034457540754408524,0.1398456405444353
2021-08-23,14,46,5676,5714,0.195026798963478,0.36791796128716475,210,163,470,449,0.0008962137200865211,0.002971140984347787,132,150,420,430,0.11149000141216195,0.21085609668976107,0.04225352112676056,0.1728395061728395,0.09827777729185071,0.09873650155204827,0.6,0.48875562218890556,0.148171500630517,0.14059808987004854,0.12382739212007504,0.16492578339747113,0.07543780871127077,0.08516537928302634,0.6887642631036877,0.9241367906586363,0.00025766296818570313,0.07008185118047337,0.030520913773357423,0.03417392279147114,0.13392782353899282
2021-08-24,12,29,5684,5757,0.186496734863164,0.30431182198731466,167,173,306,318,0.0007562423927619546,0.0018506791164171544,153,113,300,286,0.05893703161700855,0.18725093330319867,0.035211267605633804,0.102880658436214,0.09841772428692633,0.09948847986709221,0.47714285714285715,0.5187406296851574,0.09646910466582598,0.099577266322217,0.14352720450281425,0.12424409015942826,0.05388414907947912,0.05664488017429194,0.6584668129773767,0.7634470210043268,0.00021742097361340554,0.04365293303240135,0.016134290405024013,0.03034818076306141,0.10985200062177622
2021-08-25,10,45,5667,5672,0.1197616578489423,0.35794419796596555,224,185,472,478,0.0010042361235175965,0.002963288423595121,159,137,474,458,0.11142078267344238,0.21466660580320732,0.028169014084507043,0.16872427983539096,0.09812033692239064,0.09800201110479605,0.64,0.5547226386806596,0.14880201765447668,0.14967903554094253,0.14915572232645402,0.15063221550302364,0.08513695554557701,0.09071103188750247,0.42143428382680737,0.898939824637561,0.0002887195928219755,0.06989662873665362,0.030501964817135328,0.034791500591133756,0.12322646153927366
2021-08-26,8,31,5730,5693,0.1398223864110209,0.2798502458051802,159,154,287,301,0.0007386221298396744,0.001803892297403635,137,138,304,302,0.060216589512868506,0.18327871654014607,0.02112676056338028,0.1111111111111111,0.09922241950861112,0.09836925632842215,0.4542857142857143,0.4617691154422789,0.09047919293820933,0.09425395334272742,0.12851782363977485,0.15173172072567345,0.054602604400538844,0.05981382451970687,0.49268684605370383,0.7016491334834632,0.00021235511806688598,0.04254934794351235,0.016484575414557615,0.02970439464019073,0.09954583025105701
2021-08-27,16,51,5684,5625,0.20118115573643697,0.3716755847009221,230,198,480,513,0.001063432690213242,0.0026819305752513074,151,144,423,464,0.11842050060414971,0.22105868751619098,0.04929577464788732,0.1934156378600823,0.09841772428692633,0.09718008131858523,0.6571428571428571,0.5937031484257871,0.15132408575031525,0.16063879755753874,0.14165103189493433,0.1583287520615723,0.07597665020206557,0.09189938601703307,0.710623573326384,0.9336297680260854,0.0003057387063875773,0.06326009450284721,0.03241817061761025,0.035827479680027155,0.1390827809184696
2021-08-28,8,35,5754,5685,0.14872713852755387,0.30109060646964625,196,158,349,336,0.0007712903831619067,0.0018257774316233538,148,141,327,329,0.07055115527445092,0.19142267579165728,0.02112676056338028,0.12757201646090535,0.09964226049383795,0.0982293533860884,0.56,0.4737631184407796,0.11002522068095838,0.10521371535932363,0.13883677298311445,0.15503023639362287,0.05873372249663224,0.06516141810259457,0.524315129260613,0.7553091842288405,0.0002217472964366126,0.043065564012534634,0.019313711538866078,0.03102430446991464,0.10840912425898183
2021-08-29,31,54,5734,5604,0.2904957353072615,0.39863331327387014,242,144,505,491,0.0010436349094507034,0.003327433721629751,189,157,478,492,0.1187702215722728,0.23040268608311262,0.10211267605633803,0.205761316872428,0.09929239300614892,0.09681283609495912,0.6914285714285714,0.431784107946027,0.15920554854981084,0.153749804289964,0.1772983114446529,0.1726223199560198,0.08585541086663673,0.0974450386215092,1.0,1.0,0.0003000468107599662,0.07848591370137706,0.0325139083822315,0.03734188258609738,0.15589141769048814
2021-08-30,16,50,5691,5681,0.21273172255636036,0.3739519253541742,225,164,443,415,0.0009090901204244687,0.0025751283058058952,145,128,383,431,0.10796183093820244,0.20881095401518063,0.04929577464788732,0.18930041152263374,0.09854017790761749,0.09815940191492152,0.6428571428571429,0.4917541229385307,0.1396595208070618,0.12995146391106935,0.13602251407129456,0.14073666849917538,0.06879209699146835,0.08536343830461478,0.7516493754823571,0.9393805439614311,0.0002613649551741445,0.06074089370004409,0.029555060464096658,0.033842461909116446,0.13268756244545435
2021-08-31,28,44,5678,5672,0.2750809909280268,0.35809501443577485,222,156,440,422,0.0009221742111761082,0.0026798053760372777,167,126,405,376,0.09649875631862899,0.19692346332323246,0.09154929577464789,0.1646090534979424,0.09831276404061962,0.09800201110479605,0.6342857142857142,0.46776611694152925,0.13871374527112232,0.1321434163143886,0.15666041275797374,0.13853765805387575,0.07274360125729681,0.07447019211725094,0.9731042000519644,0.8993208360314373,0.0002651266535096186,0.06320996632117185,0.026416989716853866,0.031915829502140405,0.14364229508308382
2021-09-01,18,46,5726,5696,0.22528347412614855,0.35480202979349895,213,168,438,421,0.0009761106767437123,0.002725481713732756,144,124,383,399,0.11276595237503174,0.1980058113010553,0.056338028169014086,0.1728395061728395,0.0991524460110733,0.09842171993179731,0.6085714285714285,0.5037481259370314,0.13808322824716268,0.13183028025677157,0.1350844277673546,0.13633864760857614,0.06879209699146835,0.07902554961378491,0.7962312288789224,0.89100168713375,0.0002806334790581643,0.06428735790834564,0.03087021136797144,0.03209124807816595,0.1346381222673888
2021-09-02,16,40,5766,5656,0.21218944389692923,0.3411049929715578,209,155,372,367,0.000861676116127144,0.0022630343789634432,150,120,388,363,0.08136887070775378,0.19475577465321542,0.04929577464788732,0.14814814814814814,0.09985218098645138,0.09772220522012853,0.5971428571428572,0.46476761619190404,0.11727616645649433,0.1149209331454517,0.14071294559099437,0.1319406267179769,0.069690166142793,0.0718954248366013,0.7497232867161459,0.8563985227837091,0.0002477333483296979,0.05337937156072913,0.02227511216477492,0.03156450731412654,0.1243745638319941
2021-09-03,24,51,5673,5663,0.2474853510105637,0.38198999027766506,99,74,479,480,0.0016418695692579006,0.005097853444605402,150,135,428,438,0.12061960936915896,0.2065489687689577,0.07746478873239436,0.1934156378600823,0.09822529716869735,0.09784462029467057,0.28285714285714286,0.22188905547226387,0.15100882723833545,0.1503053076561766,0.14071294559099437,0.14843320505772403,0.07687471935339021,0.08674985145573381,0.8750888142036685,0.9596873070387051,0.00047204029251854244,0.12024572658342741,0.033020187014999584,0.03347585686248313,0.14555413366877787
2021-09-04,14,38,5723,5709,0.19872578018966516,0.32036535317758563,186,154,376,339,0.0006999186338526252,0.0018911477542520687,149,118,336,336,0.07086463742125308,0.19144457215309973,0.04225352112676056,0.13991769547325103,0.09909996588791994,0.09864906221308967,0.5314285714285715,0.4617691154422789,0.11853720050441362,0.10615312353217474,0.1397748592870544,0.1297416162726773,0.06035024696901661,0.06654783125371361,0.7019024643997883,0.804003455611088,0.0002012277971704554,0.04460748788831827,0.019399528755215955,0.031027853262560887,0.11971983031411637
2021-09-05,12,24,2477,2404,0.2617418171564605,0.40592664918671356,100,89,240,232,0.0011226690023887918,0.0028347704813533434,77,70,237,225,0.13224456022169512,0.24015993124270643,0.035211267605633804,0.0823045267489712,0.042316472635989116,0.04085165916145674,0.2857142857142857,0.26686656671664166,0.07566204287515763,0.07264756536715203,0.07223264540337711,0.07696536558548653,0.04256847777278851,0.044563279857397504,0.9257255464665419,1.0,0.0003227692468462232,0.06686520903975691,0.03620257214456933,0.03892326129876519,0.09516467198536616
2021-09-05,10,28,3275,3212,0.22285614325266123,0.38340165485925215,126,99,261,260,0.0012200478014669244,0.0025785584122979977,103,93,274,246,0.1252476501073529,0.2189523115342572,0.028169014084507043,0.09876543209876543,0.05627618539478173,0.05498185633716609,0.36,0.29685157421289354,0.08228247162673392,0.081415374980429,0.09662288930581614,0.1022539857064321,0.04921418949259093,0.0487225193107546,0.7876097302342839,0.9632536303361309,0.0003507658171357392,0.0608218014099034,0.034287134997068536,0.03548609457754978,0.09630945487464539
2021-09-06,8,31,5792,5748,0.14526610281798652,0.28168545828005565,198,163,348,338,0.000786751731407031,0.0020573224340370267,125,149,318,332,0.08086562959768312,0.19313423158063517,0.02112676056338028,0.1111111111111111,0.10030700872044714,0.09933108905696673,0.5657142857142857,0.48875562218890556,0.10970996216897856,0.1058399874745577,0.11726078799249531,0.16382627817482134,0.05711719802424787,0.06575559516735988,0.5120220731284629,0.7062854763443974,0.00022619246034305996,0.04852713668317634,0.022137347537156935,0.031301700173923544,0.10792122177646464
2021-09-07,14,42,5704,5548,0.1882082027275683,0.34962950267618653,195,164,421,419,0.0009542835879054257,0.0024851433364235427,140,143,391,405,0.09625212210229733,0.21276482316124465,0.04225352112676056,0.15637860082304528,0.09876759177461536,0.09583351549862283,0.5571428571428572,0.4917541229385307,0.13272383354350567,0.1312040081415375,0.13133208255159476,0.15722924683892248,0.07022900763358779,0.08021390374331551,0.6645456784647609,0.877934203394589,0.00027435815390873124,0.05861837132027293,0.026349472436785044,0.03448327439235224,0.12648674520104589
2021-09-08,14,44,5682,5670,0.19783482101635297,0.35933086905854245,225,163,435,432,0.0009403107965552284,0.002708024570759379,147,167,421,430,0.11567526354034156,0.210396493987557,0.04225352112676056,0.1646090534979424,0.09838273753815742,0.09796703536921261,0.6428571428571429,0.48875562218890556,0.1371374527112232,0.13527477689055895,0.1378986866791745,0.18361737218251786,0.0756174225415357,0.08516537928302634,0.6987379171231727,0.9024430062628762,0.00027034095264028403,0.06387558717705366,0.03166664902239415,0.03409943394573014,0.13083277192566994
2021-09-09,7,32,5646,5765,0.08016555996992156,0.29314278299722,162,152,302,313,0.0006926254037995021,0.0018548453603252411,156,137,304,317,0.061241046624436475,0.19026605607307484,0.017605633802816902,0.11522633744855967,0.09775297606031716,0.09962838280942596,0.46285714285714286,0.45577211394302847,0.09520807061790669,0.09801158603413183,0.14634146341463414,0.15063221550302364,0.054602604400538844,0.06278470984353338,0.28079515303270264,0.7352304003709389,0.00019913098113089793,0.043751204399221796,0.016765025381107333,0.030836848505479877,0.09067635573458126
2021-09-10,15,44,5766,5618,0.18483830250094738,0.3602944969147117,213,174,464,466,0.0009364858353494297,0.0027432754741304024,150,127,430,453,0.10801993300145792,0.20748448691802643,0.045774647887323945,0.1646090534979424,0.09985218098645138,0.09705766624404319,0.6085714285714285,0.5217391304347826,0.14627994955863807,0.1459214028495381,0.14071294559099437,0.13963716327652556,0.07723394701392007,0.08972073677956031,0.6525763212775232,0.9048774432518961,0.00026924126979076675,0.06470706861029424,0.029570966177974254,0.03362747839725589,0.1329995723700101
2021-09-11,6,28,5760,5601,0.10074575343555649,0.27144312856173924,152,158,300,300,0.000649507228925148,0.0017414301093887235,98,109,296,287,0.05654854192363859,0.17881115317777685,0.014084507042253521,0.09876543209876543,0.09974722074014467,0.09676037249158397,0.4342857142857143,0.4737631184407796,0.09457755359394704,0.09394081728511038,0.09193245778611632,0.11984606926882903,0.0531656937584194,0.05684293919588037,0.35389277314225753,0.6804100243632452,0.00018673443254893277,0.041076019754803496,0.015480430085205726,0.02898032657761891,0.09323302082444436
2021-09-12,14,48,5726,5684,0.19115159001214843,0.37604043498088296,234,174,495,490,0.0009861533555498693,0.0028291013325595126,153,130,452,454,0.1125639090714355,0.2126555283999598,0.04225352112676056,0.18106995884773663,0.0991524460110733,0.09821186551829668,0.6685714285714286,0.5217391304347826,0.1560529634300126,0.15343666823234695,0.14352720450281425,0.14293567894447498,0.08118545127974854,0.08991879580114874,0.6750001285612968,0.9446567977088023,0.00028352076628858103,0.0667314878719691,0.03081490106059465,0.034465560744076015,0.1380732602691255
2021-09-13,8,33,5705,5787,0.09170333110363622,0.21758774298529426,7,4,317,306,1.6700038566889532,0.016487346886416763,1,11,287,289,0.8229118370453997,0.8328633391325856,0.02112676056338028,0.11934156378600823,0.09878508514899982,0.10001311590084379,0.02,0.01199400299850075,0.09993694829760404,0.09581963363081258,0.0009380863039399625,0.012094557449147883,0.05154916928603503,0.05723905723905724,0.3217755069176919,0.5443538260436697,0.48012894798631955,0.388895645458017,0.22527599698099926,0.13498403837590303,0.14123405067398018
2021-09-14,28,51,5725,5627,0.2759398631622041,0.38112642102249034,235,159,485,489,0.0011028264645685998,0.003235656407322203,178,160,471,480,0.12004729948254943,0.23179191806529328,0.09154929577464789,0.1934156378600823,0.09913495263668885,0.09721505705416868,0.6714285714285714,0.4767616191904048,0.15290037831021439,0.15312353217472993,0.1669793621013133,0.1759208356239692,0.08459811405478222,0.09506833036244801,0.9761547795521702,0.9575056505787775,0.00031706448348844496,0.07632111434755001,0.032863514484013825,0.03756703854432578,0.1527947939860757
2021-09-15,18,48,5742,5685,0.226941845683262,0.3777929099076457,201,186,446,439,0.0009717399842733985,0.002337001826943764,143,134,405,403,0.11349450260986327,0.22014713980504455,0.056338028169014086,0.18106995884773663,0.09943234000122454,0.0982293533860884,0.5742857142857143,0.5577211394302849,0.14060529634300126,0.13746672929387818,0.13414634146341464,0.14733369983507422,0.07274360125729681,0.07981778570013864,0.802121504608584,0.9490841186467847,0.0002793768975422964,0.05512408031365092,0.031069655431252494,0.03567974308815003,0.13687999914960583
2021-09-16,23,45,5701,5639,0.2409058375480453,0.3472055747912514,219,163,439,435,0.0009642476347991215,0.0027470393702750083,155,118,393,379,0.0990742146332268,0.20594625429609062,0.07394366197183098,0.16872427983539096,0.098715111651462,0.09742491146766931,0.6257142857142857,0.48875562218890556,0.13839848675914249,0.13621418506341004,0.14540337711069418,0.1297416162726773,0.07058823529411765,0.07506436918201624,0.8517194140864166,0.8718105741698581,0.0002772228343306325,0.06479584959068346,0.02712203357864488,0.03337817356954346,0.13794299790262296
2021-09-17,17,46,5663,5671,0.21088972101331557,0.36601795720659597,221,172,448,481,0.0009186347581703003,0.002723289569004182,144,131,415,426,0.11600950255250457,0.2053583764922162,0.0528169014084507,0.1728395061728395,0.09805036342485283,0.09798452323700432,0.6314285714285715,0.5157421289355323,0.14123581336696092,0.15061844371379365,0.1350844277673546,0.1440351841671248,0.07453973955994611,0.0843731431966726,0.7451068748367954,0.9193367631548515,0.0002641090547529937,0.06423565064792168,0.03175814852854454,0.03328289488898445,0.1362646306706236
2021-09-18,24,42,5664,5664,0.2560954999095374,0.33851811686654276,235,164,393,385,0.000822887345551258,0.0023435641229403023,140,148,381,380,0.08057923262041428,0.21230459917907923,0.07746478873239436,0.15637860082304528,0.09806785679923728,0.0978621081624623,0.6714285714285714,0.4917541229385307,0.12389659520807061,0.12055738218255832,0.13133208255159476,0.16272677295217153,0.06843286933093848,0.07526242820360468,0.9056707129771095,0.8498632334230469,0.00023658151084400068,0.055278868610084644,0.022058945013724737,0.03440868485436774,0.13437114044870904
2021-09-19,29,55,5696,5612,0.23989918877549377,0.39731798345183234,204,213,519,514,0.0012649458741773446,0.0027414135634321675,149,146,460,461,0.13329285856855896,0.22700294965852585,0.09507042253521127,0.20987654320987653,0.09862764477953975,0.09695273903729287,0.5828571428571429,0.638680659670165,0.16361916771752838,0.16095193361515578,0.1397748592870544,0.1605277625068719,0.08262236192186799,0.09130520895226778,0.8481439554940282,0.9984107969334228,0.00036367408937159327,0.06466315075208676,0.03648954876173793,0.036790879641866066,0.14973944665473146
2021-09-20,16,41,5729,5613,0.20349722516342525,0.33978203849546773,211,178,381,390,0.0008359704269638046,0.0019896406647920656,152,139,351,364,0.08423215469651177,0.2039077409489149,0.04929577464788732,0.1522633744855967,0.09920492613422666,0.0969702269050846,0.6028571428571429,0.5337331334332833,0.12011349306431274,0.1221230624706435,0.1425891181988743,0.15283122594832327,0.06304445442299057,0.07209348385818974,0.718849888759426,0.8530563100293098,0.0002403429189927696,0.04693069151115509,0.02305894966251115,0.033047787117221596,0.12376048891910761
2021-09-21,18,54,5664,5655,0.22785554841548822,0.3881583324289742,230,168,516,502,0.0011336309598121807,0.002878680731213079,171,139,487,477,0.1251467706320426,0.23402882932139962,0.056338028169014086,0.205761316872428,0.09806785679923728,0.09770471735233682,0.6571428571428571,0.5037481259370314,0.1626733921815889,0.15719430092375136,0.16041275797373358,0.15283122594832327,0.0874719353390211,0.0944741532976827,0.805366833440155,0.9752705430337432,0.00032592082824196774,0.06790094299253092,0.03425951876486431,0.037929579792872294,0.14740337123265929
2021-09-22,6,32,5750,5700,0.13178720115438444,0.30687121867091505,190,144,345,345,0.0008809150481546406,0.0023572043577823774,148,148,358,342,0.09077598665305112,0.1881824329522436,0.014084507042253521,0.11522633744855967,0.09957228699630015,0.09849167140296419,0.5428571428571428,0.431784107946027,0.10876418663303909,0.10803193987787693,0.13883677298311445,0.16272677295217153,0.06430175123484508,0.0677361853832442,0.46414712798058283,0.7699128884200956,0.0002532645739958807,0.05560060793962335,0.02485035452719071,0.030499151010478922,0.10620912942857322
2021-09-23,18,43,5755,5630,0.21248756048850795,0.34963583839845475,225,172,410,421,0.0009186534020911018,0.0025133137523195752,147,142,402,404,0.09914957802762062,0.20829257881894947,0.056338028169014086,0.16049382716049382,0.09965975386822241,0.09726752065754384,0.6428571428571429,0.5157421289355323,0.12925598991172763,0.13183028025677157,0.1378986866791745,0.1561297416162727,0.07220475976650202,0.08001584472172707,0.7507821501032157,0.8779502094871312,0.0002641144149119208,0.05928284160455706,0.027142664663341504,0.03375844767281442,0.13053402951523502
2021-09-24,13,46,5713,5693,0.16459588737856098,0.3588405209196517,191,179,438,427,0.0010499168474319945,0.0025839687946236306,136,154,380,400,0.11150160970716946,0.22313269400784838,0.03873239436619718,0.1728395061728395,0.09892503214407543,0.09836925632842215,0.5457142857142857,0.5367316341829086,0.13808322824716268,0.13370909660247376,0.1275797373358349,0.16932380428807037,0.06825325550067356,0.07922360863537334,0.5806784368778024,0.9012042275796215,0.00030185287860956544,0.06094941891811723,0.030524091598870852,0.036163618586265156,0.12404971672740617
2021-09-25,14,30,5686,5727,0.1773393488766932,0.2968012008226153,160,167,319,333,0.0007321712944064793,0.001862032393676522,141,120,322,308,0.06574582414313133,0.1851199602262661,0.04225352112676056,0.10699588477366255,0.09845271103569524,0.09896384383334061,0.45714285714285713,0.5007496251874063,0.10056746532156369,0.10427430718647253,0.13227016885553472,0.1319406267179769,0.05783565334530759,0.06100217864923747,0.625941213878741,0.7444727521962974,0.00021050049191272035,0.043920728701302036,0.017998229475418577,0.030002809153963736,0.11052172400895585
2021-09-26,14,45,5721,5606,0.1961385300320031,0.35651960805601485,214,181,454,468,0.0010334404261389857,0.002615406620127829,163,145,459,464,0.11337335415900739,0.21918516391935225,0.04225352112676056,0.16872427983539096,0.09906497913915105,0.09684781183054256,0.6114285714285714,0.5427286356821589,0.14312736443883986,0.1465476749647722,0.1529080675422139,0.1594282572842221,0.08244274809160305,0.09189938601703307,0.6927129575339288,0.8953408477620322,0.00029711587947611664,0.06169095929604937,0.031036490471386013,0.03552383348837557,0.13476637293996627
2021-09-27,5,27,4970,4889,0.08671863490532876,0.27987037349771116,109,164,309,307,0.0009312195923276696,0.0019606784462309576,143,118,301,289,0.04778398633393016,0.18821773209418155,0.01056338028169014,0.09465020576131687,0.08592745497642768,0.08430901062387969,0.31142857142857144,0.4917541229385307,0.09741488020176545,0.09613276968842963,0.13414634146341464,0.1297416162726773,0.05406376290974405,0.05723905723905724,0.3040706476473527,0.7016999825730648,0.00026772721596882463,0.04624754456466259,0.01308109165102298,0.030504872021965574,0.0878886618182711
2021-09-27,6,5,761,784,0.0027914983182014633,0.0034721235484779624,0,0,0,0,0.0,0.0,0,0,0,0,0.0,0.0,0.014084507042253521,0.00411522633744856,0.012297842192269677,0.012521313338871158,0.0,0.0,0.0,0.0,0.0,0.0,0.0,0.0,0.005974618697350403,0.0034282181476273828,0.0,0.0,0.0,0.0,0.004010430707208572
2021-09-28,23,49,5686,5637,0.24100695156395358,0.3752108344855538,234,198,485,497,0.0010134322416507553,0.0027284327920534483,164,160,455,473,0.1198809577430396,0.22934534383440808,0.07394366197183098,0.18518518518518517,0.09845271103569524,0.09738993573208586,0.6685714285714286,0.5937031484257871,0.15290037831021439,0.1556286206356662,0.15384615384615385,0.1759208356239692,0.08172429277054333,0.09368191721132897,0.8520785552157242,0.9425609573706376,0.00029136349241965995,0.0643569665310203,0.03281797764820627,0.0371705167449448,0.14648851270090013
2021-09-29,6,28,5779,5671,0.1304500248224724,0.2876185654670848,183,164,323,328,0.0007431050431244059,0.0016264889887188628,167,127,304,282,0.06112714409164433,0.18546847333330707,0.014084507042253521,0.09876543209876543,0.10007959485344925,0.09798452323700432,0.5228571428571429,0.4917541229385307,0.10182849936948297,0.10270862689838735,0.15666041275797374,0.13963716327652556,0.054602604400538844,0.055852644087938205,0.45939768732577024,0.7212744324060696,0.0002136439632576866,0.038364843625586495,0.016733844025489043,0.030059293458656895,0.1019219315785842
2021-09-30,28,56,5655,5649,0.2741091209529769,0.38267435818241413,244,173,477,470,0.0011019060849946408,0.002797574229112127,179,138,441,464,0.11570560663901773,0.2311633528022243,0.09154929577464789,0.2139917695473251,0.09791041642977723,0.09759979014558649,0.6971428571428572,0.5187406296851574,0.15037831021437578,0.14717394708000625,0.16791744840525327,0.15173172072567345,0.0792096991468343,0.09189938601703307,0.969652270294807,0.9614162426757903,0.00031679987279618633,0.06598784164865261,0.031674955588782,0.03746516555555882,0.150042964633664
2021-10-01,16,45,5588,5706,0.20779469612066337,0.357868303645557,204,163,436,416,0.00094522105582366,0.00238092565074532,155,156,390,414,0.10725974764799288,0.2123952556853898,0.04929577464788732,0.16872427983539096,0.09673836034601895,0.09859659860971451,0.5828571428571429,0.48875562218890556,0.13745271122320302,0.1302645999686864,0.14540337711069418,0.17152281473336997,0.07004939380332285,0.08199643493761141,0.734113831733946,0.8987480909307402,0.00027175266052793307,0.05616013444206641,0.0293628618517477,0.034423377758655734,0.13094782771124192
2021-10-02,21,45,5710,5642,0.22622394317648803,0.3552856390019965,227,158,380,395,0.0009167509310095247,0.0025339835891901095,139,137,377,389,0.10542703862017762,0.2112362038026986,0.06690140845070422,0.16872427983539096,0.09887255202092207,0.09747737507104447,0.6485714285714286,0.4737631184407796,0.11979823455233292,0.12368874275872867,0.1303939962476548,0.15063221550302364,0.06771441400987877,0.07704495939790057,0.7995716274753352,0.8922234410897609,0.00026356745124155956,0.059770391821499534,0.02886114911068479,0.034235527607902556,0.12865374545295521
2021-10-03,16,44,5707,5718,0.21265685067948972,0.3609827891446404,236,176,497,495,0.0011357991013833625,0.0028250177201869283,168,153,465,465,0.1156341924816105,0.2283813122063187,0.04929577464788732,0.1646090534979424,0.09882007189776872,0.09880645302321514,0.6742857142857143,0.527736131934033,0.15668348045397226,0.15500234852043213,0.1575984990619137,0.16822429906542055,0.08352043107319264,0.09209744503862151,0.7513834423160087,0.9066162930091609,0.0003265441726297591,0.06663516557825035,0.0316554056263386,0.03701427396636707,0.14262462396574688
2021-10-04,4,8,562,548,0.33189424938501927,0.4824710670246699,28,26,85,77,0.0010971506168127236,0.002710067857831302,20,17,80,64,0.10365212553584416,0.2813353373602147,0.007042253521126761,0.01646090534979424,0.008816660689763752,0.008394176540025357,0.08,0.07796101949025487,0.026796973518284993,0.024111476436511663,0.01876172607879925,0.018691588785046728,0.014369106421194431,0.012675777381659734,1.0,1.0,0.0003154326676090718,0.06392378325433437,0.0283752582817675,0.04559665216418343,0.06502095741496662
2021-10-28,16,58,5345,5329,0.21992417141741472,0.42678676156405776,218,191,547,559,0.0011000890620293453,0.0029575650848956436,152,145,486,552,0.13267316521074735,0.24575966627761056,0.04929577464788732,0.2222222222222222,0.09248747037059714,0.09200367245223626,0.6228571428571429,0.5727136431784108,0.17244640605296344,0.17504305620792235,0.1425891181988743,0.1594282572842221,0.08729232150875617,0.10932857991681522,0.7771958260237798,1.0,0.0003162774756045271,0.06976162936331345,0.03631990478200768,0.039830822975850916,0.1501530014592381
2021-10-29,23,50,5732,5686,0.2480821519905868,0.3708756107287668,185,135,483,462,0.000868801939190026,0.0029821604019116934,146,147,469,447,0.0859868201425374,0.2250020952183114,0.07394366197183098,0.18930041152263374,0.09925740625738001,0.09824684125388013,0.5285714285714286,0.4047976011994003,0.15226986128625472,0.14466885861906997,0.13696060037523453,0.1616272677295217,0.08423888639425235,0.0885323826500297,0.8772085577032417,0.9316087739093214,0.00024978203457495096,0.07034177192670438,0.02353929760493566,0.03646659665346633,0.14617987335183452
2021-10-30,26,62,5682,5636,0.2660990439100239,0.4285675690830796,231,196,622,617,0.0010513767660011645,0.002974511467930384,154,151,544,583,0.1288323425508094,0.24378048333708494,0.08450704225352113,0.23868312757201646,0.09838273753815742,0.09737244786429415,0.66,0.5877061469265368,0.1960907944514502,0.19320494754971035,0.14446529080675422,0.16602528862012095,0.09770992366412214,0.11546840958605664,0.9412017326595925,1.0,0.00030227260768022225,0.07016135253368623,0.03526846146208737,0.03951005233624624,0.1700519597788427
2021-10-31,12,36,5722,5689,0.17092191299773163,0.3267340040980897,172,117,404,410,0.0007750925365394401,0.002450452110841605,144,145,381,430,0.07581792027961765,0.20929592548723158,0.035211267605633804,0.13168724279835392,0.0990824725135355,0.09829930485725528,0.49142857142857144,0.35082458770614694,0.1273644388398487,0.1283857836229842,0.1350844277673546,0.1594282572842221,0.06843286933093848,0.08516537928302634,0.6031474879236829,0.8200927366253017,0.00022284042199672782,0.05780009129878978,0.020755513301814972,0.03392106232855948,0.1220266165774714
2021-11-01,30,65,5707,5679,0.27378998894410195,0.43251893417457365,226,172,610,588,0.0010543824466811838,0.003360242993048026,151,140,539,582,0.13685793698929077,0.24848750555881655,0.09859154929577464,0.25102880658436216,0.09882007189776872,0.09812442617933809,0.6457142857142857,0.5157421289355323,0.19230769230769232,0.18412400187881633,0.14165103189493433,0.15393073117097306,0.09681185451279749,0.11527035056446822,0.9685187634408267,1.0,0.0003031367459857119,0.07925980308898552,0.03746550579551857,0.040272930035817195,0.16917293518237614
2021-11-02,24,66,5745,5628,0.2335287427925254,0.4326671818900078,244,182,595,586,0.0009579593972527037,0.0024704188386573157,147,145,522,576,0.12816085445220013,0.252251850147412,0.07746478873239436,0.2551440329218107,0.0994848201243779,0.09723254492196039,0.6971428571428572,0.545727136431784,0.18757881462799494,0.18349772976358228,0.1378986866791745,0.1594282572842221,0.09375841939829367,0.1140819964349376,0.82551713028128,1.0,0.00027541495534534946,0.058271056915942684,0.035084638427753334,0.04088302584689744,0.16042292140978248
2021-11-03,28,58,5640,5612,0.2712117410805018,0.40242713036083066,225,130,569,533,0.0009069163444913274,0.0030806999517450245,158,127,497,531,0.0995587098694259,0.24846610494622162,0.09154929577464789,0.2222222222222222,0.09764801581401045,0.09695273903729287,0.6428571428571429,0.38980509745127434,0.17938209331651955,0.16690151870987943,0.14821763602251406,0.13963716327652556,0.08926807364167041,0.1051693404634581,0.9593612313118689,1.0,0.0002607399908977108,0.07266607565486499,0.027254666434868183,0.04026946159030392,0.16128503815416637
2021-11-04,30,77,5723,5574,0.2756257259590094,0.46890125555770035,263,193,748,703,0.001136831596673036,0.0029849149270820656,162,161,659,730,0.14166366501181288,0.27137341918911495,0.09859154929577464,0.3004115226337449,0.09909996588791994,0.09628820006120754,0.7514285714285714,0.5787106446776612,0.23581336696090793,0.22013464850477532,0.15196998123827393,0.17702034084661902,0.11836551414458914,0.14458308575955633,0.9750390134647549,1.0,0.00032684101678089457,0.07040674434776412,0.03878109650980485,0.043982101635274544,0.1892726926770006
2021-11-05,20,54,5624,5600,0.2327281531941221,0.3863913662692729,200,159,529,507,0.0008510993874982294,0.0022979328820587563,147,139,469,494,0.08735721295817458,0.23468570966102784,0.06338028169014084,0.205761316872428,0.09736812182385922,0.09674288462379224,0.5714285714285714,0.4767616191904048,0.16677175283732662,0.15875998121183654,0.1378986866791745,0.15283122594832327,0.08423888639425235,0.09784115666468608,0.8226735615643259,0.9708066125340338,0.0002446925208672956,0.054202540744968934,0.023914449102217177,0.038036041869910164,0.1491289420212208
2021-11-06,36,76,5671,5621,0.31044613347583633,0.4729133931051227,257,217,727,748,0.001079626952733409,0.0029848643673795624,147,159,646,718,0.14364515533484162,0.2723789308669505,0.11971830985915492,0.2962962962962963,0.09819031041992846,0.09711012984741835,0.7342857142857143,0.6506746626686657,0.22919293820933165,0.2342257710975419,0.1378986866791745,0.17482133040131942,0.11603053435114503,0.14220637750049514,1.0,1.0,0.0003103945843941335,0.07040555176970564,0.039323538832218397,0.044145067178997154,0.19052558705427036
2021-11-07,26,65,5662,5613,0.26465152156334126,0.431625566504462,227,205,613,604,0.0008618060176680888,0.002701766535006385,142,156,553,576,0.1146575794864941,0.2585091832105187,0.08450704225352113,0.25102880658436216,0.09803287005046839,0.0969702269050846,0.6485714285714286,0.6146926536731634,0.1932534678436318,0.1891341788006889,0.13320825515947468,0.17152281473336997,0.09932644813650651,0.1140819964349376,0.9360603602631383,1.0,0.0002477706952435663,0.0637279756255878,0.03138805321234323,0.04189716591842571,0.16845163019969223
2021-11-08,30,64,5673,5569,0.280391810039217,0.43411696108144443,243,221,696,702,0.0010589420489450063,0.00310503351282519,171,148,622,656,0.13065576357169148,0.2688316634267346,0.09859154929577464,0.24691358024691357,0.09822529716869735,0.09620076072224894,0.6942857142857143,0.6626686656671664,0.21941992433795712,0.21982151244715828,0.16041275797373358,0.16272677295217153,0.11171980242478671,0.1299267181620123,0.9919673967711099,1.0,0.0003044476393883808,0.07324004404454929,0.035767631567441754,0.043570153550575974,0.184390474210601
2021-11-09,9,26,5791,5756,0.14719372920776358,0.27324317567435713,157,112,223,217,0.0005524782036855214,0.0014661024393213223,116,95,201,212,0.07215810746181729,0.155219041025078,0.02464788732394366,0.09053497942386832,0.10028951534606267,0.09947099199930048,0.44857142857142857,0.335832083958021,0.07030264817150063,0.06795052450289651,0.10881801125703565,0.10445299615173172,0.03610237988325101,0.04198851257674787,0.5188686998032005,0.6849575280960203,0.00015883842283264088,0.03458172247938634,0.01975362227998449,0.025156699792094676,0.089442225437058
2021-11-10,16,42,5759,5705,0.21217477226168668,0.33776534684064674,184,142,351,344,0.0009391553044551807,0.002509576832541696,126,126,317,328,0.0970958103447392,0.2027267093860238,0.04929577464788732,0.15637860082304528,0.09972972736576022,0.09857911074192278,0.5257142857142857,0.4257871064467766,0.11065573770491803,0.1077188038202599,0.11819887429643527,0.13853765805387575,0.05693758419398293,0.06496335908100614,0.7496711753683523,0.8479614918082373,0.00027000874669705805,0.05919469692979192,0.026580436072743477,0.03285637467016338,0.12007809756314874
2021-11-11,14,32,5648,5739,0.20086678358879517,0.30630972532026496,199,160,307,284,0.0008309517967385066,0.002028870222389389,123,127,276,278,0.09078804280924606,0.1846304140970741,0.04225352112676056,0.11522633744855967,0.09778796280908605,0.09917369824684126,0.5685714285714286,0.47976011994003,0.0967843631778058,0.08893064036323782,0.11538461538461539,0.13963716327652556,0.04957341715312079,0.055060408001584474,0.709506972753133,0.7684943738211661,0.00023890005427077904,0.04785601953560591,0.024853654956816715,0.029923467309528072,0.11022024999391349
2021-11-12,10,28,5790,5729,0.16433911548544608,0.2864320227568278,156,158,306,289,0.0007106404093399805,0.0017307111496008304,161,130,281,298,0.0559581656338372,0.18434523075436873,0.028169014084507043,0.09876543209876543,0.10027202197167823,0.09899881956892406,0.44571428571428573,0.4737631184407796,0.09646910466582598,0.090496320651323,0.15103189493433397,0.14293567894447498,0.050471486304445444,0.05902158843335314,0.5797664233766142,0.7182768400840865,0.00020431032585125486,0.04082318606275656,0.015318811791128843,0.029877247002465447,0.10465299086891104
2021-11-13,12,38,5484,5531,0.18679453514806654,0.32407233218419745,179,195,349,342,0.0007515495377184068,0.001808813049280564,132,124,303,343,0.08608819006006767,0.19984846651882118,0.035211267605633804,0.13991769547325103,0.09491904941003595,0.0955362217461636,0.5114285714285715,0.5847076461769115,0.11002522068095838,0.10709253170502583,0.12382739212007504,0.13633864760857614,0.05442299057027391,0.06793424440483264,0.6595245528927314,0.8133684887547868,0.0002160717698100214,0.042665416283100305,0.023567048098010964,0.03238989136205393,0.11394446308150363
2021-11-13,1,2,159,152,0.0036868874263965034,0.0023402757176544083,0,0,0,0,0.0,0.0,0,0,0,0,0.0,0.0,0.0,0.0,0.0017668308128296407,0.0014689808945044375,0.0,0.0,0.0,0.0,0.0,0.0,0.0,0.0,0.009154900408033288,0.0005688028581476899,0.0,0.0,0.0,0.0,0.0009580092724180364
2021-11-14,8,24,5746,5708,0.15337654235112516,0.2660530210793868,148,162,275,280,0.000615455095462814,0.0014524838720178165,130,117,257,270,0.04875391676382366,0.1792492350029799,0.02112676056338028,0.0823045267489712,0.09950231349876235,0.09863157434529794,0.4228571428571429,0.48575712143928035,0.08669609079445145,0.0876780961327697,0.12195121951219512,0.12864211105002749,0.046160754378087115,0.053475935828877004,0.5408290825914613,0.6667928619433083,0.00017694438628618013,0.03426049423337462,0.013346614681267606,0.029051327486323313,0.09893837805026483
2021-11-15,16,41,5681,5673,0.20621645692269353,0.3383393728297429,1,169,384,379,0.9054579601311092,0.002267417879630851,1,9,358,344,1.079071210783339,1.095200439219292,0.04929577464788732,0.1522633744855967,0.09836524416377297,0.09801949897258777,0.002857142857142857,0.5067466266866567,0.1210592686002522,0.11867856583685611,0.0009380863039399625,0.009895547003848268,0.06430175123484508,0.06813230342642107,0.7285081735787956,0.8494116679229771,0.260320702914736,0.05348276747598228,0.2954008338189691,0.17750160340933027,0.1498358700208238
2021-11-16,2,22,5727,5823,0.07887585325541226,0.25201619310447754,155,153,238,250,0.0006586264415695854,0.00155706727643903,130,112,234,237,0.044258445553613614,0.15538481092811712,0.0,0.07407407407407407,0.09916993938545776,0.1006426791413457,0.44285714285714284,0.4587706146926537,0.07503152585119799,0.07828401440425865,0.12195121951219512,0.12314458493677845,0.042029636281993715,0.046939988116458706,0.276214317015424,0.631331274763301,0.00018935622168786217,0.03672735751021224,0.012115958232800969,0.025183566493871594,0.0807783539216267
2021-11-17,18,37,5735,5681,0.21945883045844689,0.3207753215149571,173,131,343,314,0.0008479926659308813,0.002240854908304884,124,110,283,315,0.08612067336468629,0.19137709508734904,0.056338028169014086,0.13580246913580246,0.09930988638053337,0.09815940191492152,0.4942857142857143,0.39280359820089955,0.10813366960907944,0.09832472209174886,0.11632270168855535,0.12094557449147883,0.0508307139649753,0.062388591800356503,0.7755430079053862,0.805039168805175,0.00024379933313491836,0.05285621282469358,0.02357594055587069,0.031016917102443343,0.11846407449872917
2021-11-18,6,33,5716,5741,0.1298041804190825,0.3037064288674513,171,166,300,289,0.0007497810462211731,0.0017909095383438947,122,112,282,296,0.0753882924764511,0.17808264562155113,0.014084507042253521,0.11934156378600823,0.09897751226722878,0.0992086739824247,0.48857142857142855,0.49775112443778113,0.09457755359394704,0.090496320651323,0.11444652908067542,0.12314458493677845,0.05065110013471037,0.05862547039017627,0.4571037492766597,0.761917601327988,0.00021556332549793874,0.04224311683797752,0.020637900664188323,0.02886225571616267,0.09780833367723607
2021-11-19,18,32,5706,5693,0.21165694947704916,0.3065173009058798,61,103,321,324,0.0014546279083331867,0.0028680984946466205,138,130,296,304,0.08043352265686754,0.18429583636030583,0.056338028169014086,0.11522633744855967,0.09880257852338427,0.09836925632842215,0.1742857142857143,0.30884557721139433,0.10119798234552332,0.10145608266791921,0.1294559099437148,0.14293567894447498,0.0531656937584194,0.06020994256288374,0.7478319500346007,0.7690187771791668,0.0004182079966714925,0.06765133426237842,0.02201905622390503,0.0298692415417008,0.11587583412947108
2021-11-20,17,40,5709,5737,0.21527365050840186,0.3427185370238055,204,142,373,354,0.0007442160913645867,0.002291424608819215,149,119,344,332,0.0950737638672525,0.1962849695142062,0.0528169014084507,0.14814814814814814,0.09885505864653762,0.09913872251125781,0.5828571428571429,0.4257871064467766,0.11759142496847415,0.11085016439643025,0.1397748592870544,0.1308411214953271,0.06178715761113606,0.06575559516735988,0.7606779049806077,0.8604748592024386,0.00021396339151564148,0.054049026711465234,0.02602689131174789,0.031812347371554445,0.12323205198967993
2021-11-21,20,33,5630,5709,0.23826856661329196,0.3012909438359689,190,145,273,277,0.0007074497296170026,0.001778012257838859,146,125,278,268,0.0755539504301467,0.18056013876392804,0.06338028169014084,0.11934156378600823,0.09747308207016593,0.09864906221308967,0.5428571428571428,0.43478260869565216,0.0860655737704918,0.08673868795991858,0.13696060037523453,0.13743815283122596,0.04993264481365065,0.05307981778570014,0.8423522412638447,0.7558153014936501,0.00020339300000639604,0.04193890195967038,0.020683250310403887,0.029263788613210266,0.11367192600579584
2021-11-22,18,37,5707,5673,0.2036001722955059,0.3219587835500527,202,168,386,387,0.0009391128379677008,0.0023829533810783383,151,125,333,360,0.09881069064685907,0.20082262670593787,0.056338028169014086,0.13580246913580246,0.09882007189776872,0.09801949897258777,0.5771428571428572,0.5037481259370314,0.12168978562421186,0.12118365429779239,0.14165103189493433,0.13743815283122596,0.05981140547822182,0.07130124777183601,0.7192155408299358,0.8080289783409751,0.0002699965375097099,0.05620796357443723,0.02704989264436139,0.03254777569901969,0.12369993845919611
2021-11-23,19,36,5715,5728,0.2220217482711464,0.3226913945696967,185,143,329,314,0.0006694844124963363,0.001964312701046542,129,106,304,285,0.08034880750029028,0.18417882715766024,0.05985915492957746,0.13168724279835392,0.09896001889284434,0.09898133170113234,0.5285714285714286,0.4287856071964018,0.10372005044136191,0.09832472209174886,0.12101313320825516,0.11654755360087961,0.054602604400538844,0.056446821152703504,0.7846460900973757,0.8098797917575519,0.0001924779067890349,0.04633326762744536,0.02199586505019939,0.0298502775965274,0.11790301166602166
2021-11-24,20,40,5788,5706,0.22639337122739686,0.34241799231947656,201,142,351,341,0.0007776441572377085,0.0021785277451467446,149,105,310,338,0.09835766992215635,0.19359056181293952,0.06338028169014084,0.14814814814814814,0.10023703522290932,0.09859659860971451,0.5742857142857143,0.4257871064467766,0.11065573770491803,0.10677939564740879,0.1397748592870544,0.11544804837822979,0.05568028738212842,0.06694394929689047,0.8001734093449718,0.8597155856505292,0.0002235740172855128,0.051386069537666536,0.026925876084122228,0.031375658643092816,0.12253416475092865
2021-11-25,10,27,5720,5721,0.16875142497503076,0.25606280665585035,144,116,204,206,0.0006088423996472673,0.0015935472033422563,117,93,178,191,0.06602357319667099,0.1555150663472024,0.028169014084507043,0.09465020576131687,0.09904748576476659,0.0988589166265903,0.4114285714285714,0.34782608695652173,0.06431273644388398,0.06450602786910913,0.10975609756097561,0.1022539857064321,0.03197126178715761,0.03782927312339077,0.5954382548107554,0.6415543350937624,0.00017504322499690815,0.03758782856216661,0.018074264588938547,0.025204677283196034,0.09032748400487248
2021-11-26,18,29,5694,5698,0.2269085765561931,0.2855490472511433,146,104,232,246,0.0006976122526583385,0.002218660443636739,136,111,213,231,0.07172104356673471,0.16859569809951316,0.056338028169014086,0.102880658436214,0.09859265803077084,0.09845669566738076,0.41714285714285715,0.3118440779610195,0.07313997477931904,0.07703147017379051,0.1275797373358349,0.12204507971412865,0.03825774584643017,0.0457516339869281,0.8020033378860059,0.7160461571314557,0.000200564708655999,0.05233270041713791,0.01963397397712055,0.027324684750776363,0.10563749504294591
2021-11-27,12,29,5720,5722,0.1771786395434249,0.28304314988376694,160,115,237,247,0.0006319443113454026,0.00203664246209467,106,90,193,229,0.08537084719232069,0.1594295981789211,0.035211267605633804,0.102880658436214,0.09904748576476659,0.09887640449438202,0.45714285714285713,0.3448275862068966,0.07471626733921816,0.07734460623140754,0.09943714821763602,0.09895547003848268,0.03466546924113157,0.045355515943751236,0.6253703995270236,0.7097154463671571,0.00018168506388588533,0.048039347405011625,0.02337067210433329,0.025839114279242386,0.09699890657594767
2021-11-28,6,16,5762,5701,0.12731607657171592,0.2152433410070631,105,107,155,161,0.00042961514570575036,0.0012487248434546344,91,78,158,146,0.04827261098318172,0.12832615660227786,0.014084507042253521,0.04938271604938271,0.09978220748891357,0.09850915927075592,0.3,0.32083958020989506,0.04886506935687263,0.05041490527634257,0.08536585365853659,0.08576140736668499,0.028378985181859002,0.02891661715191127,0.44826639455831746,0.5384311050924241,0.0001235150847828912,0.02945432381208867,0.013214854953547406,0.02079810940588956,0.07629526116770348
2021-11-29,7,26,5668,5685,0.12596240527024127,0.2612225894862653,153,112,229,215,0.0005988399443922962,0.0016691864930972015,104,112,219,230,0.07693535956571984,0.15787954219798636,0.017605633802816902,0.09053497942386832,0.0981378302967751,0.0982293533860884,0.43714285714285717,0.335832083958021,0.07219419924337957,0.06732425238766244,0.0975609756097561,0.12314458493677845,0.039335428828019756,0.04555357496533967,0.4434583663581147,0.6545896226243734,0.0001721675021058418,0.03937197191851643,0.02106141757723071,0.025587893213090997,0.0859990457661434
2021-11-30,59,13,5636,5739,0.007657239410122709,0.18516974708825082,92,91,125,121,0.0004619209382891345,0.0009691262859121322,95,94,129,123,0.03195245621198312,0.11727393647965882,0.2007042253521127,0.037037037037037035,0.09757804231647263,0.09917369824684126,0.26285714285714284,0.272863568215892,0.03940731399747793,0.03788946297166119,0.08911819887429644,0.10335349092908191,0.023170184104176022,0.0243612596553773,0.023256968082579422,0.4624554377639941,0.00013280305507397625,0.022859286887487795,0.008747135604453705,0.019006851182512483,0.04967943633592015
2021-12-01,8,25,5693,5658,0.12555684487043714,0.2630497832532216,141,142,227,230,0.0006010616033813802,0.001655979832389154,135,103,220,218,0.059771052078833514,0.1522062644928052,0.02112676056338028,0.08641975308641975,0.0985751646563864,0.09775718095571198,0.40285714285714286,0.4257871064467766,0.07156368221941993,0.07202129325191796,0.12664165103189493,0.11324903793293019,0.03951504265828469,0.043176866706278474,0.44201787941197085,0.6592057076243112,0.00017280623284226545,0.03906045952808856,0.01636260744043665,0.024668412309692245,0.08641338776451632
2021-12-02,4,16,5699,5764,0.10761259403369831,0.21360662713571957,113,109,165,167,0.00033676130070319567,0.0011521190468945387,104,98,165,154,0.033497623334488566,0.13076998627844835,0.007042253521126761,0.04938271604938271,0.09868012490269311,0.09961089494163425,0.32285714285714284,0.3268365817091454,0.05201765447667087,0.05229372162204478,0.0975609756097561,0.10775151181968114,0.029636281993713515,0.030501089324618737,0.3782827141908683,0.5342962341841873,9.681944648301811e-05,0.02717563253040185,0.009170132392632693,0.021194186389102594,0.07395808665697048
2021-12-03,14,25,5751,5704,0.18694148339763214,0.2618343665512266,148,128,220,235,0.0006100876969060958,0.0017198511018946152,125,116,210,214,0.07202515811794694,0.16593097190954514,0.04225352112676056,0.08641975308641975,0.0995897803706846,0.09856162287413107,0.4228571428571429,0.383808095952024,0.06935687263556116,0.07358697354000313,0.11726078799249531,0.12754260582737767,0.03771890435563539,0.042384630619924736,0.6600464900329457,0.6561351702197868,0.00017540125007596216,0.04056702445643451,0.019717226769991707,0.026892806571743373,0.09706236914465544
2021-12-04,4,20,5688,5707,0.10662159687048892,0.24221951783838133,118,115,183,171,0.0005796500361337909,0.0015053566026167714,115,95,185,180,0.06152393145197253,0.15679945695626787,0.007042253521126761,0.06584362139917696,0.09848769778446413,0.09861408647750623,0.33714285714285713,0.3448275862068966,0.057692307692307696,0.05354626585251292,0.10787992495309569,0.10445299615173172,0.03322855859901212,0.035650623885918005,0.3747628476606101,0.6065816906946012,0.0001666503708565897,0.0355076308912652,0.01684246643698373,0.025412841363805352,0.0758741594799106
2021-12-05,7,23,5792,5689,0.11234961763825758,0.23997259606316157,124,101,183,197,0.0005786584547650222,0.0019929074595121062,119,93,181,189,0.0561508775245757,0.15529593866948604,0.017605633802816902,0.07818930041152264,0.10030700872044714,0.09829930485725528,0.35428571428571426,0.3028485757121439,0.057692307692307696,0.06168780335055582,0.11163227016885553,0.1022539857064321,0.0325101032779524,0.0374331550802139,0.3951078792445528,0.6009052364015772,0.00016636528952727252,0.04700774710111636,0.015371567580220515,0.025169162766626132,0.07846227822846155
2021-12-06,16,33,5698,5758,0.18540728656258715,0.30324587022020005,187,141,271,291,0.0006585650043840934,0.001751473357910076,133,124,257,259,0.08171267096110904,0.18407984479543402,0.04929577464788732,0.11934156378600823,0.09866263152830865,0.09950596773488392,0.5342857142857143,0.42278860569715143,0.08543505674653215,0.09112259276655707,0.124765478424015,0.13633864760857614,0.046160754378087115,0.051297286591404236,0.654597263444835,0.7607540805774168,0.0001893385583925833,0.04131291509297488,0.022369229105801074,0.02983423530200739,0.10464001297622666
2021-12-07,6,8,687,712,0.36001546246670324,0.43347555147415207,22,28,71,76,0.0011366963252110618,0.0024195835561764243,15,19,67,80,0.09416424687001303,0.2727021257552109,0.014084507042253521,0.01646090534979424,0.011003332487820238,0.011262186857867354,0.06285714285714286,0.08395802098950525,0.022383354350567465,0.02379834037889463,0.014071294559099437,0.020890599230346345,0.012034126627750337,0.015844721727074667,1.0,1.0,0.00032680212600560076,0.057071978608884424,0.025777906743656202,0.04419744810291353,0.06452080378955617
2021-12-07,36,57,5010,4896,0.33573098329444906,0.41812893492422126,205,175,444,433,0.0009077431477287961,0.0026213270365816345,109,124,376,383,0.11105283414504809,0.24255306099210985,0.11971830985915492,0.21810699588477367,0.08662718995180575,0.08443142569842171,0.5857142857142857,0.5247376311844077,0.13997477931904162,0.135587912948176,0.1022514071294559,0.13633864760857614,0.06753480017961383,0.07585660526836997,1.0,1.0,0.00026097769823413855,0.06183060724511265,0.030401237171912326,0.039311121230585964,0.14167287038339343
2021-12-08,49,68,5632,5661,0.3530938073846649,0.42885194175535424,216,134,400,389,0.0008405873887576817,0.0028663239796446905,110,119,354,350,0.17440552024298953,0.26069615347911307,0.16549295774647887,0.26337448559670784,0.09750806881893483,0.09780964455908714,0.6171428571428571,0.4017991004497751,0.12610340479192939,0.12180992641302646,0.10318949343339587,0.1308411214953271,0.06358329591378536,0.06932065755595167,1.0,1.0,0.00024167030335784664,0.0676094778520169,0.04774433381927612,0.04225161311857544,0.13892844787914388
2021-12-09,28,42,5698,5684,0.2438361693861407,0.34899943409667444,184,142,340,336,0.0008548073821449931,0.002131249823656495,137,97,315,313,0.09800258803143885,0.19989493322224242,0.09154929577464789,0.15637860082304528,0.09866263152830865,0.09821186551829668,0.5257142857142857,0.4257871064467766,0.10718789407313997,0.10521371535932363,0.12851782363977485,0.10665200659703133,0.05657835653345308,0.06199247375717964,0.8621274932842,0.8763424454916148,0.0002457585756322345,0.050270900558659265,0.02682867074165385,0.032397422325398224,0.12402115354265245
2021-12-10,36,68,5685,5649,0.3149763115396156,0.4456868358057869,216,200,562,570,0.0009664403625741279,0.0025027790631189594,157,150,505,522,0.12260331555245944,0.26047719842162803,0.11971830985915492,0.26337448559670784,0.09843521766131078,0.09759979014558649,0.6171428571428571,0.5997001499250375,0.17717528373266078,0.17848755284170972,0.1472795497185741,0.16492578339747113,0.09070498428378986,0.10338680926916222,1.0,1.0,0.0002778532472938226,0.05903435439890796,0.0335632359396145,0.04221612657895547,0.16478160062280894
2021-12-11,16,38,5680,5689,0.19468771899989887,0.3196253951396314,169,113,323,320,0.0005975982771243946,0.002153772634435419,107,95,303,282,0.08541024509329839,0.18419428019937292,0.04929577464788732,0.13991769547325103,0.09834775078938852,0.09829930485725528,0.4828571428571429,0.33883058470764615,0.10182849936948297,0.10020353843745107,0.10037523452157598,0.10445299615173172,0.05442299057027391,0.055852644087938205,0.6875599042425401,0.8021340812396585,0.00017181052065535064,0.05080215783708862,0.02338145746556175,0.029852782105823896,0.11261724377720848
2021-12-12,28,46,5699,5592,0.2635021281850714,0.36411688526094443,206,149,401,381,0.0007660735089069295,0.0026713665825842973,125,130,341,361,0.1057941556828363,0.2082387898478921,0.09154929577464789,0.1728395061728395,0.09868012490269311,0.09660298168145849,0.5885714285714285,0.44677661169415295,0.12641866330390922,0.11930483795209018,0.11726078799249531,0.14293567894447498,0.06124831612034127,0.07149930679342444,0.9319778952143281,0.9145340378769828,0.00022024743621905284,0.06301091610106109,0.02896164913824073,0.03374972997305233,0.13521743112351897
2021-12-13,17,45,5712,5594,0.21010797466883688,0.3576338658890146,214,181,430,440,0.0008168784717455202,0.0023827315143660514,128,124,409,385,0.09730707959810063,0.2086052806796338,0.0528169014084507,0.16872427983539096,0.09890753876969098,0.09663795741704193,0.6114285714285714,0.5427286356821589,0.13556116015132408,0.13777986535149522,0.1200750469043152,0.13633864760857614,0.07346205657835653,0.07625272331154684,0.7423302344030621,0.8981558250030837,0.00023485394940911183,0.056202730288640854,0.026638272027386334,0.03380912796810367,0.1323014122747047
2021-12-14,14,32,5590,5673,0.2005558297875333,0.30516733387069295,161,157,334,315,0.0007400047610847905,0.001615166418572735,134,115,282,306,0.06703882940351222,0.19498097916005008,0.04225352112676056,0.11522633744855967,0.09677334709478785,0.09801949897258777,0.46,0.4707646176911544,0.10529634300126103,0.0986378581493659,0.12570356472795496,0.12644310060472788,0.05065110013471037,0.06060606060606061,0.7084025136102091,0.7656083219257445,0.00021275262690048042,0.03809777226137266,0.01835219576441961,0.03160100671608684,0.11381319777591109
2021-12-15,10,37,5749,5695,0.15268077766654872,0.32286063007128274,183,162,405,415,0.0008832164325511665,0.0023666616881083177,150,137,371,397,0.09026331040413882,0.20114158834474008,0.028169014084507043,0.13580246913580246,0.0995547936219157,0.0984042320640056,0.5228571428571429,0.48575712143928035,0.1276796973518285,0.12995146391106935,0.14071294559099437,0.15063221550302364,0.06663673102828918,0.07862943157060805,0.5383578355313335,0.8103073356089242,0.0002539262259224858,0.05582368291989481,0.024710006985810253,0.032599470530656004,0.1187024549359195
2021-12-16,14,38,5652,5657,0.20025667993887591,0.3069701138244184,186,144,314,303,0.0006362422041911969,0.0018044668057667747,134,120,276,312,0.07399951320995155,0.20224585050004135,0.04225352112676056,0.13991769547325103,0.09785793630662387,0.09773969308792026,0.5314285714285715,0.431784107946027,0.09899117276166457,0.09488022545796149,0.12570356472795496,0.1319406267179769,0.04957341715312079,0.061794414735591205,0.7073399802560159,0.7701627297028917,0.00018292071538593662,0.042562899171750795,0.02025771578925625,0.0327784407868129,0.11175773711565817
2021-12-17,30,57,5719,5581,0.2766088584586441,0.4037879419128453,217,161,515,493,0.0008615547632479754,0.002430055466231897,149,130,444,456,0.10833242078597963,0.2401840454453632,0.09859154929577464,0.21810699588477367,0.09902999239038214,0.09641061513574957,0.62,0.4827586206896552,0.16235813366960908,0.15437607640519807,0.1397748592870544,0.14293567894447498,0.0797485406376291,0.0903149138443256,0.9785309459432154,1.0,0.00024769845917062386,0.05731898501011181,0.029656511182959557,0.038927169541935334,0.1546349217688904
2021-12-18,12,33,5656,5732,0.17750603675692644,0.30317460569115934,175,172,299,315,0.0007315798254337722,0.0015375297517248965,139,137,303,297,0.0695502599111332,0.19259512958867986,0.035211267605633804,0.11934156378600823,0.09792790980416168,0.09905128317229922,0.5,0.5157421289355323,0.0942622950819672,0.0986378581493659,0.1303939962476548,0.15063221550302364,0.05442299057027391,0.058823529411764705,0.626533263091811,0.76057404322753,0.00021033044357750546,0.03626651573034925,0.019039711712038186,0.031214326699127055,0.1075831344975229
2021-12-19,34,53,5576,5675,0.2965972793087331,0.38804319404969323,205,185,473,484,0.0009631632185179748,0.0026094310219649695,172,144,451,479,0.10481310431467064,0.23123632308035463,0.11267605633802817,0.20164609053497942,0.09652843985340552,0.0980544747081712,0.5857142857142857,0.5547226386806596,0.14911727616645648,0.15155785188664475,0.16135084427767354,0.1583287520615723,0.08100583744948361,0.09487027134085958,1.0,0.9749796660861922,0.0002769110628061772,0.061550009747249765,0.028693081698687787,0.03747699201298665,0.151995920684381
2021-12-20,16,44,5620,5652,0.2145043071425677,0.35826230325425124,200,169,406,413,0.0007524237164751492,0.0021567465845114984,134,138,367,379,0.09041406845636743,0.21596923947496158,0.04929577464788732,0.1646090534979424,0.0972981483263214,0.09765225374896165,0.5714285714285714,0.5067466266866567,0.12799495586380832,0.1293251917958353,0.12570356472795496,0.15173172072567345,0.06591827570722945,0.07506436918201624,0.7579453179821688,0.8997434619289154,0.00021632309768878383,0.050872305947780076,0.024751277713717938,0.03500262136602696,0.1288863170141889
2021-12-21,20,40,5678,5648,0.23637905193402922,0.3435832983890137,139,118,392,391,0.0010221771866930488,0.0032321980270257978,132,141,372,360,0.09316709249652284,0.20991631230390556,0.06338028169014084,0.14814814814814814,0.09831276404061962,0.09758230227779478,0.39714285714285713,0.3538230884557721,0.1235813366960908,0.12243619852826053,0.12382739212007504,0.15503023639362287,0.0668163448585541,0.07130124777183601,0.8356409814087413,0.862659527319555,0.0002938776789866773,0.07623953972873018,0.025504931030439465,0.03402160981808764,0.13073968070194814
2021-12-22,16,50,5705,5775,0.2049447586507067,0.3693879697610713,226,179,443,429,0.0007875569819184292,0.0023887694827219516,147,140,400,400,0.10434960132751091,0.22549896702676386,0.04929577464788732,0.18930041152263374,0.09878508514899982,0.09980326148734316,0.6457142857142857,0.5367316341829086,0.1396595208070618,0.13433536871770785,0.1378986866791745,0.15393073117097306,0.07184553210597217,0.07922360863537334,0.7239913007255401,0.9278505095804587,0.00022642397123410042,0.05634515099569576,0.028566195569657272,0.036547125787249425,0.1321704697637222
2021-12-23,16,37,5723,5665,0.21352000269898377,0.3216272417677615,180,151,344,334,0.0005691875739397256,0.0019063542921493135,118,106,328,305,0.07612349740496793,0.1899015903567495,0.04929577464788732,0.13580246913580246,0.09909996588791994,0.097879596030254,0.5142857142857142,0.4527736131934033,0.10844892812105927,0.10458744324408956,0.11069418386491557,0.11654755360087961,0.05891333632689717,0.060408001584472175,0.7544492229425673,0.8071913961010595,0.00016364239518847193,0.04496617242449449,0.020839166481255233,0.030777778725448016,0.11905886039604818
2021-12-24,24,50,5712,5570,0.23413049270688124,0.37135388278538983,195,177,424,412,0.0008896205182183607,0.0023351021119223216,148,109,388,378,0.10053994879829616,0.21839956626263124,0.07746478873239436,0.18930041152263374,0.09890753876969098,0.09621824859004066,0.5571428571428572,0.5307346326836582,0.13366960907944514,0.12901205573821825,0.13883677298311445,0.11984606926882903,0.069690166142793,0.0748663101604278,0.8276544516195848,0.9328170444859798,0.00025576741143944654,0.05507927074516548,0.027523285220048713,0.03539650990566956,0.13429317468796015
2021-12-25,20,44,5647,5654,0.23797473315138015,0.36034711749123255,218,176,397,398,0.0006846714844918794,0.002095381704237965,140,120,377,374,0.07933077000787214,0.20981352053405028,0.06338028169014084,0.1646090534979424,0.0977704694347016,0.0976872294845451,0.6228571428571429,0.527736131934033,0.12515762925598992,0.12462815093157976,0.13133208255159476,0.1319406267179769,0.06771441400987877,0.07407407407407407,0.8413085908817348,0.9050103799214266,0.00019684421580742824,0.04942486052876663,0.021717172484672618,0.03400495012428803,0.13186670585948834
2021-12-26,26,47,5675,5614,0.25968967736074094,0.36518082409153374,197,135,389,389,0.0007958309563535024,0.002372766753437647,130,123,327,358,0.10353941526111815,0.20527976632695866,0.08450704225352113,0.17695473251028807,0.09826028391746626,0.09698771477287632,0.5628571428571428,0.4047976011994003,0.12263556116015133,0.12180992641302646,0.12195121951219512,0.13523914238592633,0.05873372249663224,0.07090512972865914,0.9184366676982403,0.917221892972349,0.00022880275295084068,0.05596768627823799,0.028344403312418574,0.033270154362339446,0.13364454990907598
2021-12-27,28,40,5648,5721,0.2613876570809674,0.3403690409617128,214,146,406,385,0.0007987247273562393,0.0025229980390173495,135,150,342,348,0.09701772036644105,0.20495429195770173,0.09154929577464789,0.14814814814814814,0.09778796280908605,0.0988589166265903,0.6114285714285714,0.43778110944527737,0.12799495586380832,0.12055738218255832,0.12664165103189493,0.16492578339747113,0.0614279299506062,0.0689245395127748,0.9244676254125151,0.8545392689405994,0.00022963471703385307,0.059511269923077745,0.026559058572842027,0.033217403997800765,0.1353611952308406
2021-12-28,23,44,5592,5680,0.24867856959651102,0.3563270279557935,214,126,323,316,0.0006650422432938293,0.002272104260996355,132,109,293,307,0.0937336792284674,0.1989969756059834,0.07394366197183098,0.1646090534979424,0.09680833384355675,0.0981419140471298,0.6114285714285714,0.3778110944527736,0.10182849936948297,0.09895099420698293,0.12382739212007504,0.11984606926882903,0.052626852267624605,0.06080411962764904,0.8793269395181307,0.8948543278712604,0.00019120077559114324,0.053593307596145674,0.02566003682084016,0.03225188831082714,0.12176399040845308
2021-12-29,24,45,5663,5691,0.2626327839954957,0.3572048617643551,199,123,347,344,0.0007129590890998687,0.0023440041845092007,136,117,299,328,0.09084125162530593,0.20030932510982818,0.07746478873239436,0.16872427983539096,0.09805036342485283,0.09833428059283872,0.5685714285714286,0.36881559220389803,0.10939470365699874,0.1077188038202599,0.1275797373358349,0.12864211105002749,0.05370453524921419,0.06496335908100614,0.9288901209706037,0.8970720212267329,0.00020497695022423057,0.05528924857170352,0.024868221121193572,0.03246458375252359,0.12803362245406746
2021-12-30,4,16,1532,1533,0.20559694265237258,0.4093686100520171,69,55,156,162,0.0007793261752847655,0.0023496657826267524,37,35,155,144,0.09194716584571014,0.2448230465845428,0.007042253521126761,0.04938271604938271,0.025785233842682085,0.02561972631486906,0.19714285714285715,0.16491754122938532,0.04918032786885246,0.050728041333959605,0.03470919324577861,0.038482682792743264,0.02784014369106421,0.0285204991087344,0.7263077560336454,1.0,0.00022405760033365537,0.05542279163775395,0.025170970355511947,0.03967902291135971,0.06817114045358916
2021-12-30,12,28,4113,4107,0.21832042799711732,0.33527472231788047,137,110,246,254,0.000793770653499754,0.0019391264236901153,89,95,210,233,0.08539471065193883,0.19327183494685382,0.035211267605633804,0.09876543209876543,0.07093563312895242,0.07063349801075504,0.3914285714285714,0.32983508245877063,0.07755359394703656,0.07953655863472679,0.08348968105065666,0.10445299615173172,0.03771890435563539,0.046147752030104974,0.7714995808701155,0.841669365210646,0.00022821041237764902,0.04573918577445288,0.023377204838965222,0.03132400186159977,0.09724643683064649
2021-12-31,22,45,5784,5640,0.23063179978994366,0.3548314223078057,216,181,465,439,0.0008846529873086683,0.002402532705779211,147,135,426,413,0.1110381810741559,0.22577733162115957,0.07042253521126761,0.16872427983539096,0.10016706172537151,0.09744239933546102,0.6171428571428571,0.5427286356821589,0.1465952080706179,0.13746672929387818,0.1378986866791745,0.14843320505772403,0.07651549169286034,0.08179837591602297,0.8152276429916999,0.891075942172737,0.00025433923785756694,0.05666979131237674,0.030397225824638576,0.03659224096440627,0.13957474772881456
2022-01-01,20,30,5753,5716,0.2296451045784281,0.2806444190182414,141,148,256,251,0.0005938202516902186,0.0014583257694287795,120,111,214,235,0.0745546469016023,0.1762591659622856,0.06338028169014084,0.10699588477366255,0.0996247671194535,0.0987714772876317,0.40285714285714286,0.44377811094452774,0.0807061790668348,0.07859715046187568,0.1125703564727955,0.12204507971412865,0.03843735967669511,0.04654387007328184,0.81172305631929,0.7036554729984403,0.00017072433191997078,0.03439829011284433,0.020409686255853713,0.028566720258256302,0.10854237320913403
2022-01-02,18,44,5733,5589,0.22815188603880907,0.3581422813528119,157,147,406,403,0.0009039427431018682,0.0024204585690758506,156,125,373,381,0.08593616902066264,0.20902991835446882,0.056338028169014086,0.1646090534979424,0.09927489963176447,0.09655051807808333,0.44857142857142857,0.4407796101949025,0.12799495586380832,0.12619383121966493,0.14634146341463414,0.13743815283122596,0.06699595868881904,0.0754604872251931,0.8064193782109244,0.899440247618032,0.0002598850754427954,0.057092617994265876,0.023525431621406356,0.033877949953059185,0.13125742303129512
2022-01-03,8,30,5670,5767,0.15307947902353639,0.29568603856787096,150,165,312,294,0.0005977325578357937,0.0013947342061855887,124,120,305,287,0.05552835077583968,0.17895917612896084,0.02112676056338028,0.10699588477366255,0.098172817045544,0.0996633585450094,0.42857142857142855,0.4947526236881559,0.09836065573770492,0.09206200093940817,0.11632270168855535,0.1319406267179769,0.05478221823080377,0.05684293919588037,0.5397739602329265,0.7416554900921272,0.00017184912658816973,0.03289832276191054,0.015201147946359897,0.02900431699091282,0.10332661504612672
2022-01-04,23,47,5628,5727,0.2396648300820136,0.36364432657406837,165,148,382,379,0.0008149920090140957,0.0022564732841380414,145,139,342,341,0.08557890837847416,0.2152295266457875,0.07394366197183098,0.17695473251028807,0.09743809532139702,0.09896384383334061,0.4714285714285714,0.44377811094452774,0.12042875157629256,0.11867856583685611,0.13602251407129456,0.15283122594832327,0.0614279299506062,0.06753812636165578,0.8473115501634374,0.9133402011282332,0.00023431158816663542,0.053224611596945144,0.02342762983544585,0.03488273444073095,0.12920168419734698
2022-01-05,8,42,5667,5722,0.13148707918430264,0.3386694412803511,179,175,391,398,0.0006907642255044569,0.0020271054142648464,130,134,371,384,0.08121180465789048,0.21034391087368762,0.02112676056338028,0.15637860082304528,0.09812033692239064,0.09887640449438202,0.5114285714285715,0.5247376311844077,0.12326607818411098,0.12462815093157976,0.12195121951219512,0.14733369983507422,0.06663673102828918,0.07605466428995841,0.4630811418035236,0.8502455280484652,0.00019859588920686684,0.04781439208642129,0.022232114592760567,0.03409091168196012,0.11266277301610474
2022-01-06,18,37,5696,5625,0.19561531016938216,0.32301123102439105,176,132,382,363,0.0005443226236565733,0.0020819504010716407,132,103,319,340,0.07743184309564788,0.1868354101291926,0.056338028169014086,0.13580246913580246,0.09862764477953975,0.09718008131858523,0.5028571428571429,0.39580209895052476,0.12042875157629256,0.11366838891498356,0.12382739212007504,0.11324903793293019,0.0572968118545128,0.06734006734006734,0.6908545626254697,0.8106878025376058,0.00015649367970894498,0.049108049379574796,0.021197332285409848,0.03028083598579636,0.12025604537078619
2022-01-07,16,42,5647,5645,0.20548571369300447,0.3461560162413139,47,142,410,396,0.0014952456957294674,0.002235912525031425,114,122,354,366,0.09440003040392848,0.19382542652338405,0.04929577464788732,0.15637860082304528,0.0977704694347016,0.09752983867441962,0.13428571428571429,0.4257871064467766,0.12925598991172763,0.1240018788163457,0.10694183864915573,0.13413963716327654,0.06358329591378536,0.07248960190136661,0.7259126882112438,0.8691590483347007,0.00042988567960258083,0.05273963425407976,0.025842453598232045,0.03141372369602312,0.12654278971973534
2022-01-08,28,46,5729,5569,0.26640967190582737,0.3613877999413293,189,160,444,436,0.00057904227159399,0.0020144520699097988,138,108,365,369,0.08300665259892319,0.20461024690931393,0.09154929577464789,0.1728395061728395,0.09920492613422666,0.09620076072224894,0.54,0.47976011994003,0.13997477931904162,0.13652732112102708,0.1294559099437148,0.11874656404617923,0.0655590480466996,0.07308377896613191,0.9423050345926159,0.9076394818450788,0.0001664756375181311,0.04751593105724183,0.02272346268272993,0.03316164384144308,0.14227584734334386
2022-01-09,34,58,5727,5580,0.3020215504103673,0.4129423197443057,235,148,484,467,0.0007322004863499887,0.0024213994318602423,122,124,395,441,0.11906046622855357,0.22136334235042252,0.11267605633802817,0.2222222222222222,0.09916993938545776,0.09639312726795786,0.6714285714285714,0.44377811094452774,0.15258511979823455,0.14623453890715515,0.11444652908067542,0.13633864760857614,0.0709474629546475,0.0873440285204991,1.0,1.0,0.00021050888464610877,0.05711481061520994,0.03259336422594231,0.03587685577560382,0.15103775999947355
2022-01-10,36,48,5713,5667,0.3127183270111212,0.37542542025639064,43,41,365,338,0.0016673611146719015,0.0046118385651772575,147,118,333,351,0.09529180222818036,0.212728538799281,0.11971830985915492,0.18106995884773663,0.09892503214407543,0.09791457176583745,0.12285714285714286,0.12293853073463268,0.11506935687263556,0.1058399874745577,0.1378986866791745,0.1297416162726773,0.05981140547822182,0.06951871657754011,1.0,0.9431030707336939,0.0004793691551634683,0.1087818402747621,0.026086580341516237,0.03447739370403566,0.13372481423695692
2022-01-11,28,54,5669,5623,0.2693318113075678,0.39741768715229187,246,186,459,469,0.0009305929559906914,0.002592283850294088,171,135,440,461,0.11228539241400244,0.23113040240831006,0.09154929577464789,0.205761316872428,0.09815532367115955,0.0971451055830018,0.7028571428571428,0.5577211394302849,0.14470365699873897,0.14686081102238924,0.16041275797373358,0.14843320505772403,0.07903008531656938,0.09130520895226778,0.9526840155410826,0.9986626808684781,0.00026754705695659345,0.061145550470650165,0.03073865581188815,0.03745982521095769,0.14767983565759535
2022-01-12,18,41,5756,5614,0.22727150172345753,0.3403012798515945,191,152,360,361,0.0008071514811637293,0.0020401208234562007,159,123,321,335,0.08439381740694371,0.19733549041036777,0.056338028169014086,0.1522633744855967,0.09967724724260686,0.09698771477287632,0.5457142857142857,0.45577211394302847,0.11349306431273644,0.11304211679974949,0.14915572232645402,0.13523914238592633,0.05765603951504266,0.06634977223212517,0.8032923911715928,0.8543680823649592,0.00023205742307990472,0.04812139332763021,0.023103205592038135,0.03198260766072727,0.1242347223879537
2022-01-13,22,44,5650,5612,0.2514459910551432,0.36137591266165875,206,169,393,396,0.0008159944160414838,0.002154447977284588,130,138,361,401,0.10104386391908372,0.2160854023014207,0.07042253521126761,0.1646090534979424,0.09782294955785496,0.09695273903729287,0.5885714285714285,0.5067466266866567,0.12389659520807061,0.1240018788163457,0.12195121951219512,0.15173172072567345,0.06484059272563987,0.07942166765696178,0.8891563865932476,0.9076094507151738,0.00023459978189121052,0.05081808750091158,0.027661234361279693,0.03502144813710437,0.13377071640303337
2022-01-14,20,48,5673,5726,0.23967553832959954,0.3758316965629762,203,151,466,436,0.0008587265578908899,0.0027423964065165065,144,148,416,460,0.1095829024766458,0.22051281110418647,0.06338028169014084,0.18106995884773663,0.09822529716869735,0.0989463559655489,0.58,0.4527736131934033,0.14691046658259774,0.13652732112102708,0.1350844277673546,0.16272677295217153,0.07471935339021105,0.09110714993067934,0.8473495841797543,0.9441294566586982,0.000246885345322205,0.06468633358424897,0.029998836444171915,0.03573900825970596,0.14116587042317286
2022-01-15,12,40,5701,5651,0.18695364700538308,0.344001648629693,195,158,378,396,0.0006775503555982996,0.001957417918251328,143,127,380,368,0.08086740601779557,0.20243975805087183,0.035211267605633804,0.14814814814814814,0.098715111651462,0.09763476588116994,0.5571428571428572,0.4737631184407796,0.11916771752837327,0.1240018788163457,0.13414634146341464,0.13963716327652556,0.06825325550067356,0.07288571994454347,0.6600896932603607,0.8637164159241705,0.00019479687914383017,0.046170636791574085,0.022137833840541906,0.03280986782058046,0.12139228602118152
2022-01-16,16,39,5589,5671,0.19973005837063615,0.3286213451047056,186,179,420,424,0.0008127418508959372,0.0021420633180508097,159,142,395,371,0.09129012525417399,0.20921140900528493,0.04929577464788732,0.1440329218106996,0.09675585372040339,0.09798452323700432,0.5314285714285715,0.5367316341829086,0.13240857503152584,0.13276968842962267,0.14915572232645402,0.1561297416162727,0.0709474629546475,0.07347989700930878,0.7054695030226036,0.8248607730908156,0.00023366466388215126,0.05052596408774643,0.024991102394386577,0.03390736455185776,0.12823280285355457
2022-01-17,20,39,5690,5679,0.21200509268898446,0.32981396624750314,169,146,355,363,0.0006885650240268056,0.00221499372141834,132,134,337,323,0.07489074418774158,0.19571933510945336,0.06338028169014084,0.1440329218106996,0.09852268453323304,0.09812442617933809,0.4828571428571429,0.43778110944527737,0.11191677175283733,0.11366838891498356,0.12382739212007504,0.14733369983507422,0.06052986079928154,0.06397306397306397,0.7490685001327453,0.8278737215079103,0.00019796361504316034,0.052246211528800504,0.020501694473270396,0.03172067372882044,0.12127129144676022
2022-01-18,30,54,5717,5591,0.2941037305948643,0.38819963109904604,236,181,481,458,0.0008909126955646745,0.002400889702198096,157,147,460,467,0.1089202083870111,0.2370124002800742,0.09859154929577464,0.205761316872428,0.09899500564161325,0.09658549381366677,0.6742857142857143,0.5427286356821589,0.15163934426229508,0.14341631438860183,0.1472795497185741,0.1616272677295217,0.08262236192186799,0.09249356308179837,1.0,0.9753748768897816,0.0002561389146233538,0.056631036930451656,0.029817420811275096,0.03841313386214181,0.15179236197129242
2022-01-19,8,39,5721,5633,0.15060922437672547,0.3289149793725166,190,163,340,348,0.0007037005377734905,0.001915301823659125,133,124,330,327,0.0770003352062041,0.19621970058569618,0.02112676056338028,0.1440329218106996,0.09906497913915105,0.09731998426091899,0.5428571428571428,0.48875562218890556,0.10718789407313997,0.10897134805072804,0.124765478424015,0.13633864760857614,0.05927256398742703,0.0647653000594177,0.5310000030761114,0.8256025886352985,0.00020231510097735227,0.04517722251434434,0.021079204965296635,0.03180176908921592,0.1084234230454332
2022-01-20,35,57,5727,5705,0.307320431047523,0.4022558944127197,241,173,511,496,0.0009014726289664775,0.0028203977841364577,149,157,455,453,0.11069319267307133,0.23724599223204276,0.11619718309859155,0.21810699588477367,0.09916993938545776,0.09857911074192278,0.6885714285714286,0.5187406296851574,0.16109709962168978,0.15531548457804917,0.1397748592870544,0.1726223199560198,0.08172429277054333,0.08972073677956031,1.0,1.0,0.00025917491342940783,0.06652619273836895,0.03030278362256715,0.03845099263623753,0.15594788015078892
2022-01-21,22,45,5693,5699,0.24995794605506585,0.35655894458263554,187,176,380,383,0.0006903398755564416,0.0022320562421389188,138,123,367,366,0.09335032988629481,0.20870796162228913,0.07042253521126761,0.16872427983539096,0.0985751646563864,0.09847418353517247,0.5342857142857143,0.527736131934033,0.11979823455233292,0.11993111006732425,0.1294559099437148,0.13523914238592633,0.06591827570722945,0.07248960190136661,0.8838710840860964,0.8954402246063314,0.00019847388787537138,0.05264867409930886,0.025555093130201312,0.03382576969988922,0.13193138569186003
2022-01-22,12,19,2407,2407,0.2832000468202265,0.34712563292867676,99,69,180,180,0.0007975683087323202,0.002392906671349701,70,49,160,158,0.08136899936474695,0.19519776218549442,0.035211267605633804,0.06172839506172839,0.041091936429077484,0.0409041227648319,0.28285714285714286,0.20689655172413793,0.05674653215636822,0.05636449037106623,0.06566604127579738,0.05387575590984057,0.028738212842388863,0.03129332541097247,1.0,0.8716086150567244,0.00022930224471343885,0.056442737020473074,0.022275147385233663,0.03163614122957893,0.08941152393630954
2022-01-22,16,25,3307,3236,0.27487641951434366,0.34540120044464984,112,85,232,217,0.0007947768574378045,0.0023629404195957535,81,76,204,204,0.09111729690611803,0.204833057579366,0.04929577464788732,0.08641975308641975,0.056835973375084184,0.05540156516416736,0.32,0.25487256371814093,0.07313997477931904,0.06795052450289651,0.07598499061913697,0.08356239692138538,0.0366412213740458,0.04040404040404041,0.9723775944684137,0.8672521384383839,0.0002284996977204947,0.05573590741968328,0.024943789818892857,0.03319775526888109,0.09971097741249715
2022-01-23,18,48,5668,5672,0.2051239077943841,0.37391715187140545,207,177,443,434,0.0008501767813714346,0.002323874672892191,139,120,386,426,0.10462383836495548,0.21771415745548925,0.056338028169014086,0.18106995884773663,0.0981378302967751,0.09800201110479605,0.5914285714285714,0.5307346326836582,0.1396595208070618,0.13590104900579303,0.1303939962476548,0.1319406267179769,0.06933093848226314,0.0843731431966726,0.7246276103923734,0.9392926948481586,0.00024442727003731133,0.054814443288174176,0.0286412692522054,0.035285424155607856,0.13213537897715139
2022-01-24,19,40,5680,5755,0.22328246976850655,0.34273938608976534,195,176,356,326,0.0007731486715742765,0.001894453199131707,135,127,314,350,0.07898284383192443,0.2057272742546917,0.05985915492957746,0.14814814814814814,0.09834775078938852,0.09945350413150876,0.5571428571428572,0.527736131934033,0.11223203026481715,0.10208235478315328,0.12664165103189493,0.13963716327652556,0.05639874270318815,0.06932065755595167,0.789123975168372,0.8605275307156522,0.0002222815575144614,0.04468545513974135,0.02162192605287523,0.03334268298072425,0.1215695954169923
2022-01-25,21,50,5663,5701,0.22299404084537158,0.3638630825621531,223,156,438,420,0.0009265855777162053,0.0025514334852373053,137,131,400,413,0.10903697443479418,0.21478993973288119,0.06690140845070422,0.18930041152263374,0.09805036342485283,0.09850915927075592,0.6371428571428571,0.46776611694152925,0.13808322824716268,0.13151714419915453,0.12851782363977485,0.1440351841671248,0.07184553210597217,0.08179837591602297,0.7880995208605379,0.9138928498147088,0.0002663949288896996,0.06018199161576603,0.029849386067629057,0.0348114895990705,0.13441545484602424
2022-01-26,17,44,5674,5663,0.21248218409299244,0.35691712045828144,181,180,401,412,0.000849959698286547,0.0019980384487541802,165,144,376,404,0.07966875104141968,0.21900574537325412,0.0528169014084507,0.1646090534979424,0.09824279054308181,0.09784462029467057,0.5171428571428571,0.5397301349325337,0.12641866330390922,0.12901205573821825,0.15478424015009382,0.1583287520615723,0.06753480017961383,0.08001584472172707,0.7507630539893911,0.896345093217865,0.0002443648582813413,0.04712877441902756,0.021809696386827754,0.03549475472025848,0.12870635576413889
2022-01-27,23,42,5714,5618,0.2486386789894048,0.34960577796476106,209,172,386,427,0.0008087844364505252,0.0022057763869716266,151,136,351,369,0.09534715515677396,0.2048383107433855,0.07394366197183098,0.15637860082304528,0.09894252551845989,0.09705766624404319,0.5971428571428572,0.5157421289355323,0.12168978562421186,0.13370909660247376,0.14165103189493433,0.14953271028037382,0.06304445442299057,0.07308377896613191,0.8791852543367421,0.8778742670668064,0.0002325269005010602,0.0520287974564363,0.02610173346681276,0.03319860666101265,0.13391423242201322
2022-01-28,22,45,5715,5697,0.2388598422861661,0.3570568760375419,207,163,403,398,0.0008289964689530617,0.0019743754465844357,132,139,379,380,0.09424299919542362,0.21725364859826,0.07042253521126761,0.16872427983539096,0.09896001889284434,0.09843920779958903,0.5914285714285714,0.48875562218890556,0.12704918032786885,0.12462815093157976,0.12382739212007504,0.15283122594832327,0.06807364167040862,0.07526242820360468,0.8444523597388214,0.8966981612092014,0.0002383378942081937,0.046570622851909216,0.025799465564203906,0.03521078844727975,0.13290937963381494
2022-01-29,31,54,5708,5646,0.2829251410244112,0.3857201568233655,231,136,434,428,0.0008706459930660419,0.003225880035397848,166,121,376,433,0.09901034762706604,0.2160861010867805,0.10211267605633803,0.205761316872428,0.09883756527215318,0.09754732654221134,0.66,0.4077961019490255,0.13682219419924338,0.1340222326600908,0.15572232645403378,0.13304013194062672,0.06753480017961383,0.08575955634779164,1.0,0.9691109194383689,0.0002503122031993978,0.07609051396678822,0.02710454968445432,0.03502156139082247,0.14489761821314717
2022-01-30,20,43,5718,5655,0.23004542986527973,0.3441144444747374,190,173,417,420,0.0009005890285947286,0.0026180512611877135,144,144,359,386,0.10595506290755902,0.21347201671340288,0.06338028169014084,0.16049382716049382,0.0990124990159977,0.09770471735233682,0.5428571428571428,0.5187406296851574,0.13146279949558637,0.13151714419915453,0.1350844277673546,0.1583287520615723,0.06448136506511001,0.07645078233313528,0.8131449489651192,0.864001374869292,0.00025892087682031324,0.06175333982331515,0.02900569824999127,0.03459789084513444,0.13312005820130876
2022-01-31,25,50,5659,5653,0.23704807824785962,0.3681358988985021,231,168,430,427,0.000824037701000142,0.0022281366149650484,141,126,410,410,0.10179077424790386,0.22894905599888637,0.08098591549295775,0.18930041152263374,0.09798038992731503,0.09766974161675337,0.66,0.5037481259370314,0.13556116015132408,0.13370909660247376,0.13227016885553472,0.13853765805387575,0.07364167040862146,0.08120419885125768,0.8380172579686935,0.9246873718596068,0.00023691223999128424,0.05255621980995361,0.027865704586892793,0.0371062894823381,0.13665863778119927
2022-02-01,26,49,5654,5612,0.25070359303874884,0.36029973120957054,217,189,397,389,0.0008143234337664607,0.002167182683092027,137,135,365,371,0.11080122755061254,0.21984957681662626,0.08450704225352113,0.18518518518518517,0.09789292305539277,0.09695273903729287,0.62,0.5667166416791605,0.12515762925598992,0.12180992641302646,0.12851782363977485,0.14843320505772403,0.0655590480466996,0.07347989700930878,0.8865195052508492,0.904890666781015,0.0002341193716462897,0.051118467645080316,0.030332358679883376,0.03563151638400702,0.13341404164560178
2022-02-02,20,35,5744,5659,0.235389238185665,0.31313869238962433,168,140,321,309,0.0007422152865608052,0.001956436588138802,110,113,266,287,0.0845960410721673,0.18117352778027437,0.06338028169014084,0.12757201646090535,0.09946732674999344,0.09777466882350369,0.48,0.4197901049475262,0.10119798234552332,0.0967590418036637,0.10318949343339587,0.12424409015942826,0.047777278850471484,0.05684293919588037,0.8321253181824477,0.7857465629562297,0.00021338815673296844,0.046147489646666706,0.023158565274261158,0.029363201953468563,0.11873176365891629
2022-02-03,29,52,5683,5703,0.27789164245541387,0.3911742093260594,245,169,471,461,0.00097679712944437,0.002617507854500595,162,135,458,459,0.10901604750923813,0.2289773770331751,0.09507042253521127,0.19753086419753085,0.09840023091254188,0.09854413500633935,0.7,0.5067466266866567,0.14848675914249684,0.14435572256145296,0.15196998123827393,0.14843320505772403,0.08226313426133812,0.09090909090909091,0.9830871935526011,0.9828896277515529,0.0002808308353766477,0.06174052220652156,0.02984365722304795,0.03711087953619166,0.15026371858574056
2022-02-04,14,29,5713,5702,0.18223235437863908,0.28329066630797894,147,137,265,263,0.0006213454815796514,0.001558431745723405,120,112,234,245,0.059376353074886166,0.16957394818387383,0.04225352112676056,0.102880658436214,0.09892503214407543,0.09852664713854763,0.42,0.4107946026986507,0.08354350567465321,0.0823547831532801,0.1125703564727955,0.12314458493677845,0.042029636281993715,0.04852446028916617,0.6433204021731775,0.710340753257814,0.00017863788230906814,0.03675954195848705,0.01625455672635178,0.027483231946605752,0.10168983557387264
2022-02-05,26,44,5696,5637,0.25491786089262225,0.3556947330697111,179,142,387,405,0.0008103160904694666,0.002544596871597582,149,115,370,391,0.09036231567887455,0.21041216563344853,0.08450704225352113,0.1646090534979424,0.09862764477953975,0.09738993573208586,0.5114285714285715,0.4257871064467766,0.12200504413619168,0.12682010333489901,0.1397748592870544,0.12644310060472788,0.06645711719802425,0.07744107744107744,0.9014879238488929,0.8932569455946974,0.0002329672536354843,0.060020732846087464,0.02473711014676678,0.034101973884698565,0.13460425757306382
2022-02-06,12,40,5660,5750,0.15362512816807392,0.3412338590320845,185,148,398,386,0.0006722643790889999,0.0021884619827513335,110,129,352,380,0.08249953154765202,0.2067080657878454,0.035211267605633804,0.14814814814814814,0.09799788330169948,0.09936606479255017,0.5285714285714286,0.44377811094452774,0.12547288776796975,0.12087051824017536,0.10318949343339587,0.14183617372182517,0.0632240682532555,0.07526242820360468,0.5417120204337263,0.8567240803133788,0.00019327715191067135,0.05162039357851951,0.022584635902907026,0.03350164207488712,0.11622543978999682
2022-02-07,12,38,5739,5701,0.15975344670029532,0.3313559578630061,190,148,374,364,0.0007260310806170754,0.0022897329743152986,139,134,353,359,0.07517961557731986,0.2056352281777677,0.035211267605633804,0.13991769547325103,0.09937985987807119,0.09850915927075592,0.5428571428571428,0.44377811094452774,0.11790668348045397,0.1139815249726006,0.1303939962476548,0.14733369983507422,0.06340368208352043,0.07110318875024757,0.5634788469082531,0.8317692932283689,0.00020873517000923525,0.05400912524661393,0.02058077437874385,0.0333277648655953,0.1143911310269714
2022-02-08,4,40,5739,5721,0.10539960005225321,0.3408797001871211,191,173,392,378,0.0007072457465569691,0.00207610446992897,147,129,347,358,0.08045500019607928,0.20497067882878162,0.007042253521126761,0.14814814814814814,0.09937985987807119,0.0988589166265903,0.5457142857142857,0.5187406296851574,0.1235813366960908,0.11836542977923908,0.1378986866791745,0.14183617372182517,0.062325999101930846,0.07090512972865914,0.37042250657763465,0.8558293600262392,0.00020333435452984304,0.04897015835437261,0.022024935801571565,0.033220059854927354,0.1067313274401426
2022-02-09,14,40,5725,5671,0.19911007401696124,0.32801853742182013,180,177,350,345,0.0007906290771387227,0.0018356983890147325,151,135,340,341,0.07379426996661881,0.20280170447649987,0.04225352112676056,0.14814814814814814,0.09913495263668885,0.09798452323700432,0.5142857142857142,0.5307346326836582,0.11034047919293821,0.10803193987787693,0.14165103189493433,0.14843320505772403,0.061068702290076333,0.06753812636165578,0.7032674158150917,0.8233378850681348,0.0002273072038328309,0.04329957480607598,0.020201529483282812,0.03286852929349134,0.1180852316891826
2022-02-10,20,45,5674,5688,0.22979026202306008,0.35519956874734454,163,175,427,448,0.0011269666583451578,0.0023860583354128316,174,127,385,403,0.09974078742188226,0.21478431406886833,0.06338028169014084,0.16872427983539096,0.09824279054308181,0.09828181698946356,0.4657142857142857,0.5247376311844077,0.1346153846153846,0.1402849538124315,0.16322701688555347,0.13963716327652556,0.0691513246519982,0.07981778570013864,0.8122386328011875,0.8920059996674966,0.0003240048302401611,0.05628120175086118,0.02730451102369405,0.03481057783502552,0.13572368290656373
2022-02-11,34,55,5750,5595,0.30356305839729164,0.3853281645321676,230,176,457,426,0.0007939228829725418,0.0024747456256724925,156,125,389,415,0.09513137336176987,0.22397791569370035,0.11267605633802817,0.20987654320987653,0.09957228699630015,0.09665544528483365,0.6571428571428571,0.527736131934033,0.14407313997477933,0.13339596054485675,0.14634146341463414,0.13743815283122596,0.06986977997305792,0.08219449395919984,1.0,0.9681206195762454,0.00022825417860988217,0.05837311509671723,0.026042662182610036,0.036300605569745556,0.1467272091162935
2022-02-12,41,62,5645,5690,0.31967454596559125,0.4143649565229913,231,200,543,534,0.0009654681490277547,0.002347407946815781,166,131,507,511,0.12289719150774321,0.24752025415557086,0.13732394366197184,0.23868312757201646,0.0977354826859327,0.098316792725047,0.66,0.5997001499250375,0.17118537200504413,0.16721465476749647,0.15572232645403378,0.1440351841671248,0.09106421194431971,0.10120816003168945,1.0,1.0,0.00027757373424637153,0.055369534887526335,0.03364368586855585,0.04011616542102356,0.16145190359551784
2022-02-13,30,54,5700,5640,0.27405846738483297,0.3863399111283667,226,145,468,459,0.0008790974985452941,0.002662485636748288,145,139,428,451,0.11469333346574483,0.22926527755241236,0.09859154929577464,0.205761316872428,0.09869761827707756,0.09744239933546102,0.6457142857142857,0.43478260869565216,0.14754098360655737,0.14372945044621888,0.13602251407129456,0.15283122594832327,0.07687471935339021,0.08932461873638345,0.9694723567635003,0.9706766201334454,0.00025274202539316156,0.06280143660220867,0.03139784103281093,0.03715754022217844,0.14858102197040632
2022-02-14,20,36,3325,3295,0.3090414538443982,0.4287719561292539,133,81,307,293,0.0009601016268171871,0.003489942961633248,86,71,279,286,0.11735140558189816,0.23347871887548466,0.06338028169014084,0.13168724279835392,0.05715085411400432,0.05643334936387881,0.38,0.24287856071964017,0.0967843631778058,0.09174886488179114,0.08067542213883677,0.07806487080813634,0.05011225864391558,0.05664488017429194,1.0,1.0,0.00027603084998716174,0.08231910385740628,0.032125500812458505,0.037840422153133095,0.11290299924401374
2022-02-14,10,16,2396,2454,0.25792866470217807,0.3335321173692779,85,46,128,134,0.0007701578276695609,0.0028033572755111363,60,41,128,114,0.0937674609977124,0.1914285443280739,0.028169014084507043,0.04938271604938271,0.040899509310848514,0.04172605255104271,0.24285714285714285,0.13793103448275862,0.0403530895334174,0.04196023172068264,0.05628517823639775,0.04507971412864211,0.02299057027391109,0.0225787284610814,0.9121818268708839,0.8372669790436543,0.0002214216848070956,0.06612424937862578,0.02566928473951608,0.031025255596837453,0.07779404122120082
2022-02-15,24,50,5756,5666,0.25422115528104444,0.3816040817005325,216,156,406,417,0.0008315917928358818,0.0026048085046240783,144,149,396,414,0.10811973214837031,0.22659378324996313,0.07746478873239436,0.18930041152263374,0.09967724724260686,0.09789708389804573,0.6171428571428571,0.46776611694152925,0.12799495586380832,0.13057773602630343,0.1350844277673546,0.16382627817482134,0.07112707678491244,0.08199643493761141,0.8990133347635983,0.9587123766145407,0.0002390840542368374,0.06144097602112566,0.029598286665183753,0.03672456511990249,0.13749766177719897
2022-02-16,22,43,5766,5634,0.24047387115825894,0.34954325563085253,198,157,377,387,0.0008409779925920057,0.002050254698570728,141,126,346,359,0.08437266446479078,0.20953733827790572,0.07042253521126761,0.16049382716049382,0.09985218098645138,0.0973374721287107,0.5657142857142857,0.4707646176911544,0.11885245901639344,0.12118365429779239,0.13227016885553472,0.13853765805387575,0.06214638527166592,0.07110318875024757,0.8501851372044513,0.8777163153416332,0.0002417826026242838,0.04836042632249622,0.023097414874347535,0.033960188643609834,0.12989807939409254
2022-02-17,21,46,5679,5687,0.22859058555132583,0.35581525006924847,215,174,407,417,0.000814365609770253,0.002221897221421544,149,147,387,397,0.09797199447199943,0.21785587810762466,0.06690140845070422,0.1728395061728395,0.09833025741500406,0.09826432912167184,0.6142857142857143,0.5217391304347826,0.12831021437578816,0.13057773602630343,0.1397748592870544,0.1616272677295217,0.06951055231252806,0.07862943157060805,0.8079775700890398,0.8935614106842039,0.00023413149731908378,0.052409047982000696,0.026820295610450656,0.03530839314109163,0.13246151685702767
2022-02-18,16,36,5790,5710,0.21489031134236802,0.3242583410478182,182,163,369,388,0.0007166886244350022,0.002169650539068664,151,145,371,379,0.07263652269049979,0.20444381344712356,0.04929577464788732,0.13168724279835392,0.10027202197167823,0.09866655008088139,0.52,0.48875562218890556,0.11633039092055486,0.12149679035540943,0.14165103189493433,0.1594282572842221,0.06663673102828918,0.07506436918201624,0.759316344372412,0.8138384075673086,0.00020604919797369728,0.05117667825043382,0.01988459070547136,0.033134669595139075,0.12563148938622165
2022-02-19,14,41,5709,5687,0.2014641328420749,0.3390163544525026,181,141,355,367,0.0007424211884273098,0.0022033270527600088,131,133,355,350,0.09259603044606778,0.20567252222190796,0.04225352112676056,0.1522633744855967,0.09885505864653762,0.09826432912167184,0.5171428571428571,0.42278860569715143,0.11191677175283733,0.1149209331454517,0.12288930581613508,0.1462341946124244,0.06376290974405029,0.06932065755595167,0.7116286636333417,0.8511219434124018,0.00021344735386964408,0.051971023733609234,0.025348600100486902,0.03333380919537774,0.12025987932075846
2022-02-20,12,34,5508,5682,0.166516887329688,0.3015082535099315,188,165,356,363,0.0006514486900632203,0.0018217131559614586,107,114,328,341,0.0747314920933326,0.18918872268186188,0.035211267605633804,0.12345679012345678,0.09533889039526279,0.09817688978271324,0.5371428571428571,0.4947526236881559,0.11223203026481715,0.11366838891498356,0.10037523452157598,0.12534359538207807,0.05891333632689717,0.06753812636165578,0.5875015274815147,0.7563642963208332,0.00018729260592682373,0.04296969782389065,0.02045809846125032,0.030662242654807437,0.11265577854621665
2022-02-21,26,52,5694,5665,0.2715263383576534,0.38544626843460644,207,173,477,462,0.0009892600720537341,0.0025110915356461243,163,124,431,433,0.1005303965995363,0.22424930910019653,0.08450704225352113,0.19753086419753085,0.09859265803077084,0.097879596030254,0.5914285714285714,0.5187406296851574,0.15037831021437578,0.14466885861906997,0.1529080675422139,0.13633864760857614,0.077413560844185,0.08575955634779164,0.9604786315098374,0.9684189883986117,0.00028441395256519823,0.05923042502149352,0.027520670260581474,0.036344590910768734,0.1488831044281905
2022-02-22,23,36,5697,5704,0.24904405590802983,0.32442347262299803,151,159,316,323,0.0008494105279613627,0.0017603533748677715,129,122,290,299,0.08327482859938018,0.18415261460379642,0.07394366197183098,0.13168724279835392,0.0986451381539242,0.09856162287413107,0.43142857142857144,0.4767616191904048,0.09962168978562422,0.10114294661030218,0.12101313320825516,0.13413963716327654,0.05208801077682981,0.05921964745494157,0.8806250895865085,0.8142555835674619,0.0002442069708792015,0.0415223726818903,0.022796877127813423,0.02984602926884813,0.12188751298299276
2022-02-23,36,59,5718,5670,0.30493720609870745,0.42695744215967657,201,179,493,479,0.0009471437207590356,0.0025733827428428657,148,131,442,460,0.10465690053107155,0.2320263114278407,0.11971830985915492,0.22633744855967078,0.0990124990159977,0.09796703536921261,0.5742857142857143,0.5367316341829086,0.15542244640605296,0.14999217159855957,0.13883677298311445,0.1440351841671248,0.07938931297709924,0.09110714993067934,1.0,1.0,0.0002723054299655931,0.06069972019651611,0.02865032017613048,0.03760502720484013,0.1534751600186584
2022-02-24,26,67,5651,5539,0.2661582896422603,0.43105858818999837,212,197,589,599,0.0009158694547863786,0.0026169645566520737,150,150,547,564,0.11625879067216714,0.2532886895784098,0.08450704225352113,0.25925925925925924,0.09784044293223941,0.09567612468849736,0.6057142857142858,0.5907046476761619,0.185687263556116,0.18756849851260374,0.14071294559099437,0.16492578339747113,0.09824876515491693,0.11170528817587641,0.9414121642104599,1.0,0.0002633140253287996,0.06172770715696069,0.031826392327168385,0.041051068750177604,0.1661998722585586
2022-02-25,16,38,5673,5709,0.20195263623327064,0.33195356280069976,183,45,363,390,0.0007537470162345713,0.004520126492937515,124,109,345,335,0.07686570278096753,0.19497175659001134,0.04929577464788732,0.13991769547325103,0.09822529716869735,0.09864906221308967,0.5228571428571429,0.13493253373313344,0.11443883984867591,0.1221230624706435,0.11632270168855535,0.11984606926882903,0.06196677144140099,0.06634977223212517,0.7133637510790201,0.8332790374266384,0.00021670354861937126,0.10661857981959748,0.021042348703840936,0.03159951199337599,0.12164215865237324
2022-02-26,34,64,5734,5652,0.31189197726905926,0.4292388654941202,244,172,573,566,0.000971005232177911,0.0029134565030374928,142,137,494,524,0.12869842878265042,0.2365513658078268,0.11267605633802817,0.24691358024691357,0.09929239300614892,0.09765225374896165,0.6971428571428572,0.5157421289355323,0.18064312736443883,0.17723500861124158,0.13320825515947468,0.15063221550302364,0.08872923215087562,0.10378292731233908,1.0,1.0,0.00027916565506568524,0.06872121725030723,0.03523180193639649,0.03833841296620315,0.16545972325513297
2022-02-27,25,53,5651,5609,0.23384999027261932,0.3862623948767961,210,173,511,486,0.0008908444793021477,0.0024183993765063308,163,117,485,467,0.09642133009189917,0.22414589145621205,0.08098591549295775,0.20164609053497942,0.09784044293223941,0.09690027543391772,0.6,0.5187406296851574,0.16109709962168978,0.1521841240018788,0.1529080675422139,0.12864211105002749,0.08711270767849125,0.09249356308179837,0.8266581509573135,0.970480788901642,0.00025611930233190226,0.057044046745722214,0.02639579392207509,0.03632782978013849,0.14705447803558183
2022-02-28,26,49,5631,5648,0.2630518261460466,0.3714559491705714,204,175,415,439,0.0008345080052009516,0.002538717462067338,138,122,361,397,0.09310693955399867,0.20547335312575676,0.08450704225352113,0.18518518518518517,0.09749057544455038,0.09758230227779478,0.5828571428571429,0.5247376311844077,0.13083228247162673,0.13746672929387818,0.1294559099437148,0.13413963716327654,0.06484059272563987,0.07862943157060805,0.9303784929813921,0.9330748973301363,0.00023992247024967326,0.059882052148706136,0.025488463878688278,0.033301529411102246,0.13954287307586694
2022-03-01,26,54,5714,5530,0.2666041311280475,0.3985239005883883,192,186,519,503,0.0009622324834284347,0.002387703686429384,148,119,474,443,0.10252293901849613,0.22050897662077398,0.08450704225352113,0.205761316872428,0.09894252551845989,0.09551873387837188,0.5485714285714286,0.5577211394302849,0.16361916771752838,0.1575074369813684,0.13883677298311445,0.1308411214953271,0.08513695554557701,0.08774014656367597,0.9429957232577337,1.0,0.0002766434748855835,0.05632001150296959,0.02806613814638774,0.03573838679633762,0.1539494393612333
2022-03-02,31,59,5700,5652,0.2864789222574601,0.4033779787995685,219,220,571,578,0.0009691992950074439,0.0023225877937628216,159,130,484,532,0.10322072339429444,0.2409713846774372,0.10211267605633803,0.22633744855967078,0.09869761827707756,0.09765225374896165,0.6257142857142857,0.6596701649175413,0.1800126103404792,0.180992641302646,0.14915572232645402,0.14293567894447498,0.08693309384822631,0.10536739948504655,1.0,1.0,0.0002786464450588863,0.05478408899933133,0.02825715991063909,0.03905477538568374,0.16564634181440924
2022-03-03,19,28,5712,5589,0.2156427696823018,0.2849335777485766,153,139,234,222,0.0005287775747392446,0.0016335417211562262,106,87,195,191,0.08562460987998056,0.15057655422991129,0.05985915492957746,0.09876543209876543,0.09890753876969098,0.09655051807808333,0.43714285714285717,0.41679160419790107,0.07377049180327869,0.06951620479098168,0.09943714821763602,0.09565695437053326,0.03502469690166143,0.03782927312339077,0.7619889584065119,0.7144912812392017,0.00015202445171693857,0.03853120010200241,0.02344014083705247,0.02440428149454893,0.10181519694304644
2022-03-04,23,32,5743,5653,0.23685844344372162,0.28396844283608086,163,98,236,225,0.0005654184426434241,0.002110144455057192,107,88,203,199,0.0853550200140235,0.16432109114094043,0.07394366197183098,0.11522633744855967,0.09944983337560899,0.09766974161675337,0.4657142857142857,0.2938530734632684,0.07440100882723834,0.07045561296383279,0.10037523452157598,0.09675645959318306,0.036461607543780875,0.039413745296098236,0.8373437048801098,0.7120530369363497,0.000162558763532852,0.049773077227798355,0.023366339339619274,0.026631889567428728,0.10632582412772343
2022-03-05,19,29,5700,5660,0.21604296513362084,0.28123461783648007,151,132,227,213,0.0005008208060181612,0.0014321380707100894,109,102,197,205,0.08074276447891977,0.16466292961766837,0.05985915492957746,0.102880658436214,0.09869761827707756,0.09779215669129541,0.43142857142857144,0.39580209895052476,0.07156368221941993,0.06669798027242838,0.1022514071294559,0.11214953271028037,0.03538392456219129,0.04060209942562884,0.7634103898968881,0.7051465069331667,0.0001439868331800787,0.03378058721216384,0.02210371263135344,0.02668729209974461,0.10116777252592729
2022-03-06,18,28,5707,5740,0.21498866414139461,0.2845154838790549,183,118,233,240,0.00047406082607722756,0.001772079858268145,129,104,201,203,0.07420372817341919,0.15301691219809874,0.056338028169014086,0.09876543209876543,0.09882007189776872,0.09919118611463297,0.5228571428571429,0.3538230884557721,0.07345523329129887,0.0751526538280883,0.12101313320825516,0.11434854315557999,0.03610237988325101,0.04020598138245197,0.7596656780923288,0.7134350403114099,0.000136293293452183,0.04179897135858207,0.02031362059876633,0.024799795810225053,0.10293728967946437
2022-03-07,31,62,5637,5644,0.29079463079983264,0.4159674397813959,218,189,541,525,0.0010183812853166538,0.002452175680001313,150,128,499,473,0.11497259894887234,0.2294494205311279,0.10211267605633803,0.23868312757201646,0.09759553569085709,0.0975123508066279,0.6228571428571429,0.5667166416791605,0.1705548549810845,0.16439643024894315,0.14071294559099437,0.14073666849917538,0.08962730130220027,0.09368191721132897,1.0,1.0,0.00029278635088751843,0.05784074602301399,0.03147429127608342,0.03718738468973716,0.16024462512732204
2022-03-08,18,40,5733,5675,0.21861671393965681,0.3413957160598813,209,171,450,455,0.000863105846604562,0.0022121284012118184,148,128,409,410,0.08248348248677569,0.19645767593331784,0.056338028169014086,0.14814814814814814,0.09927489963176447,0.0980544747081712,0.5971428571428572,0.512743628185907,0.14186633039092056,0.14247690621575074,0.13883677298311445,0.14073666849917538,0.07346205657835653,0.08120419885125768,0.7725519420788532,0.8571329837431403,0.000248144398272653,0.052178625727468377,0.022580242396790372,0.03184033829012388,0.13655737307143123
2022-03-09,30,55,4225,4108,0.3305991032312256,0.45703518206175736,190,157,532,507,0.001218063651513374,0.0029371114917130857,121,117,467,496,0.13085502633605467,0.28268305089434287,0.09859154929577464,0.20987654320987653,0.07289489106001103,0.07065098587854676,0.5428571428571428,0.4707646176911544,0.1677175283732661,0.15875998121183654,0.11350844277673545,0.12864211105002749,0.0838796587337225,0.09823727470786295,1.0,1.0,0.0003501953706508226,0.06927917979896178,0.035822180689087976,0.04581507913396691,0.15072230522077937
2022-03-09,4,8,1462,1512,0.20686412522779246,0.30079335415056513,45,39,71,79,0.0007728366978291232,0.0019230470695316968,31,32,64,63,0.09049532366504234,0.15658422348106976,0.007042253521126761,0.01646090534979424,0.024560697635770453,0.02525248109124295,0.12857142857142856,0.11694152923538231,0.022383354350567465,0.024737748551745733,0.029080675422138838,0.035184167124793844,0.011495285136955545,0.012477718360071301,0.7308085898407795,0.7545582283115639,0.0002221918645323405,0.04535991366614672,0.024773521710365093,0.02537795798941385,0.05507995161687344
2022-03-10,23,52,5715,5738,0.224334701831636,0.37611677438698876,227,199,508,489,0.0009284493534375409,0.0021394045618746875,150,147,471,483,0.10442945967242946,0.22871918582132308,0.07394366197183098,0.19753086419753085,0.09896001889284434,0.09915621037904954,0.6485714285714286,0.5967016491754122,0.1601513240857503,0.15312353217472993,0.14071294559099437,0.1616272677295217,0.08459811405478222,0.09566250742721331,0.7928613384611984,0.9448496558466756,0.00026693076757820506,0.05046325061987608,0.02858805716826226,0.03706903390460791,0.1456266824407775
2022-03-11,16,41,5761,5748,0.18265413999975771,0.34058181308305074,190,171,381,387,0.0008361984530948399,0.0021896497221068835,135,120,375,388,0.08621705531281909,0.20165620019906638,0.04929577464788732,0.1522633744855967,0.09976471411452913,0.09933108905696673,0.5428571428571428,0.512743628185907,0.12011349306431274,0.12118365429779239,0.12664165103189493,0.1319406267179769,0.0673551863493489,0.07684690037631214,0.6448185185612322,0.8550768004358765,0.0002404084768931115,0.05164840940583816,0.023602325568795702,0.03268287483365417,0.12093480356885097
2022-03-12,14,57,5668,5670,0.20042570005281599,0.40277483017310367,212,186,559,554,0.000993496289867765,0.0024788391759262046,128,152,505,528,0.10146701925338338,0.23667544192564374,0.04225352112676056,0.21810699588477367,0.0981378302967751,0.09796703536921261,0.6057142857142858,0.5577211394302849,0.1762295081967213,0.17347737591983717,0.1200750469043152,0.16712479384277076,0.09070498428378986,0.10457516339869281,0.7079403131975062,1.0,0.0002856318723887633,0.058469671800418524,0.027777075130024063,0.03835852226224489,0.14922808847886
2022-03-13,14,43,5658,5681,0.20088056655799685,0.34710222670945406,189,197,429,432,0.0008040589134395232,0.0018285892686962563,139,126,391,388,0.07460385886847527,0.19895633796731607,0.04225352112676056,0.16049382716049382,0.09796289655293058,0.09815940191492152,0.54,0.5907046476761619,0.13524590163934427,0.13527477689055895,0.1303939962476548,0.13853765805387575,0.07022900763358779,0.07684690037631214,0.7095559276984967,0.8715494833437045,0.00023116830460149387,0.04313188827931464,0.020423158263912937,0.03224530207714433,0.12987737044305755
2022-03-14,18,48,5787,5669,0.22579416663322682,0.37500468428172196,221,174,503,498,0.0010335188657218312,0.00239407916132319,165,143,450,452,0.1004436735972425,0.22045204886482528,0.056338028169014086,0.18106995884773663,0.10021954184852487,0.09794954750142089,0.6314285714285715,0.5217391304347826,0.1585750315258512,0.15594175669328322,0.15478424015009382,0.15722924683892248,0.08082622361921868,0.08952267775797187,0.7980451285848479,0.9420401549900408,0.00029713843098954057,0.05647039315266793,0.027496929429640132,0.035729160386634394,0.14536461102746415
2022-03-15,28,59,5695,5665,0.2729816898097789,0.3994798284808002,226,215,574,566,0.0009050626059633725,0.002549192228883209,159,133,525,508,0.1038315403668158,0.23063869414674218,0.09154929577464789,0.22633744855967078,0.09861015140515529,0.097879596030254,0.6457142857142857,0.6446776611694153,0.18095838587641866,0.17723500861124158,0.14915572232645402,0.1462341946124244,0.09429726088908846,0.10061398296692414,0.9656478116611803,1.0,0.0002602070379193666,0.060129125933830185,0.028424373938027145,0.03738013294485512,0.16410367416895338
2022-03-16,43,70,5601,5617,0.336037187207386,0.442794912476157,242,193,649,633,0.001047463100422603,0.002919750318945549,173,153,552,585,0.12338440135488335,0.24357231742483734,0.1443661971830986,0.2716049382716049,0.09696577421301682,0.09704017837625148,0.6914285714285714,0.5787106446776612,0.20460277427490542,0.1982151244715829,0.1622889305816135,0.16822429906542055,0.09914683430624158,0.11586452762923351,1.0,1.0,0.0003011474221727285,0.06886967276694186,0.0337770618623288,0.039476314417710115,0.17571815947399544
2022-03-17,32,52,5647,5673,0.30322314495531294,0.39038017533474856,226,163,509,488,0.0009212154898265154,0.0023686859110560892,156,148,426,466,0.1100519736576084,0.22523896543269892,0.1056338028169014,0.19753086419753085,0.0977704694347016,0.09801949897258777,0.6457142857142857,0.48875562218890556,0.16046658259773014,0.1528103961171129,0.14634146341463414,0.16272677295217153,0.07651549169286034,0.09229550406020995,1.0,0.980883639955942,0.0002648510194916801,0.0558714293217415,0.030127246892520554,0.036504986742940414,0.15468705832544427
2022-03-18,44,60,5693,5559,0.34230235166896994,0.41726877397748663,239,192,576,588,0.0010760496779161834,0.002446256032746144,155,148,510,548,0.11731588132763603,0.23348811847087153,0.14788732394366197,0.23045267489711935,0.0985751646563864,0.09602588204433174,0.6828571428571428,0.5757121439280359,0.18158890290037832,0.18412400187881633,0.14540337711069418,0.16272677295217153,0.0916030534351145,0.10853634383046147,1.0,1.0,0.0003093661118024247,0.05770111621743991,0.03211577588029002,0.03784194556674107,0.16695150628884226
2022-03-19,33,65,5620,5632,0.29716132951936997,0.43265841511047665,245,168,576,576,0.0010124572720128444,0.003105579569348735,164,140,502,525,0.12581701502643383,0.2394024682094041,0.10915492957746478,0.25102880658436216,0.0972981483263214,0.09730249639312727,0.7,0.5037481259370314,0.18158890290037832,0.18036636918741192,0.15384615384615385,0.15393073117097306,0.09016614279299506,0.10398098633392751,1.0,1.0,0.00029108318699120613,0.07325292416441596,0.03444300132930223,0.03880049755788293,0.16588683232247836
2022-03-20,36,58,5677,5720,0.3211413321403337,0.40973662118968684,206,185,546,580,0.0009668670752435881,0.0026174654488670844,147,143,510,514,0.11688210836402262,0.2356066173678854,0.11971830985915492,0.2222222222222222,0.09829527066623517,0.09884142875879859,0.5885714285714285,0.5547226386806596,0.1721311475409836,0.18161891341788006,0.1378986866791745,0.15722924683892248,0.0916030534351145,0.10180233709645474,1.0,1.0,0.00027797592791175044,0.06173952196273893,0.031997028485438755,0.03818529545738659,0.16409704069818015
2022-03-21,44,70,5623,5577,0.33864653903347613,0.43871308212687715,232,205,616,613,0.0011097716914447342,0.002720348775092118,147,158,544,558,0.13189341906350535,0.24881332981354612,0.14788732394366197,0.2716049382716049,0.09735062844947476,0.0963406636645827,0.6628571428571428,0.6146926536731634,0.19419924337957126,0.1919524033192422,0.1378986866791745,0.1737218251786696,0.09770992366412214,0.11051693404634581,1.0,1.0,0.00031906124802297487,0.06416628460895435,0.036106445596218444,0.04032573710708296,0.17177560859266416
2022-03-22,22,45,5687,5570,0.23952713477442522,0.35135721227250266,193,160,428,412,0.0008740443166153904,0.0023323992291084763,143,132,403,396,0.08905511353801493,0.21325424249173752,0.07042253521126761,0.16872427983539096,0.09847020441007968,0.09621824859004066,0.5514285714285714,0.47976011994003,0.13493064312736444,0.12901205573821825,0.13414634146341464,0.1451346893897746,0.07238437359676696,0.0784313725490196,0.8468224780222172,0.8822989590631074,0.0002512892269973552,0.05501551643928903,0.02437925739476948,0.03456259568623698,0.13592659369453214
2022-03-23,20,55,5646,5705,0.22421817168571712,0.41352049759774234,221,189,530,532,0.0010130281754614568,0.0027135976986737997,159,153,473,498,0.10820168567362647,0.227414958069972,0.06338028169014084,0.20987654320987653,0.09775297606031716,0.09857911074192278,0.6314285714285715,0.5667166416791605,0.16708701134930642,0.16658838265226242,0.14915572232645402,0.16822429906542055,0.08495734171531208,0.09863339275103981,0.7924474416554219,1.0,0.0002912473227032802,0.0640070434503055,0.029620721829288908,0.036857654773641904,0.14924741714554632
2022-03-24,32,50,5686,5664,0.2983199789764357,0.3782943467294502,188,197,395,383,0.0008265132771274071,0.001762125380587693,96,126,380,395,0.12795313134657396,0.24852694850509002,0.1056338028169014,0.18930041152263374,0.09845271103569524,0.0978621081624623,0.5371428571428571,0.5907046476761619,0.12452711223203027,0.11993111006732425,0.0900562851782364,0.13853765805387575,0.06825325550067356,0.07823331352743118,1.0,0.9503509109451211,0.0002376239723366217,0.04156416990450906,0.03502777324777982,0.04027932264301129,0.13935895121516406
2022-03-25,34,66,5705,5582,0.3064442583414496,0.4251001338182234,222,180,610,599,0.0010666347781284672,0.0028607798760358415,162,131,555,560,0.11073095487718196,0.2454051531977103,0.11267605633802817,0.2551440329218107,0.09878508514899982,0.0964281030035413,0.6342857142857142,0.5397301349325337,0.19230769230769232,0.18756849851260374,0.15196998123827393,0.1440351841671248,0.09968567579703637,0.11091305208952268,1.0,1.0,0.00030665931210710235,0.06747870619019024,0.030313121204062838,0.03977336624203447,0.17115691129935823
2022-03-26,22,49,5756,5757,0.2512505038233179,0.37100499890968397,212,179,471,472,0.0009628790159232855,0.002353668718450429,158,138,432,471,0.09704545305664115,0.224248421808072,0.07042253521126761,0.18518518518518517,0.09967724724260686,0.09948847986709221,0.6057142857142858,0.5367316341829086,0.14848675914249684,0.14780021919524033,0.14821763602251406,0.15173172072567345,0.07759317467444993,0.0932857991681521,0.8884620465992095,0.9319356504847027,0.0002768293540770287,0.055517210971658924,0.02656665052759653,0.036344447105334445,0.14605041279136163
2022-03-27,24,48,5774,5652,0.21893314044270187,0.36305900907321975,222,198,481,475,0.0008159590916067638,0.0021017153884879355,170,155,440,468,0.09218886394130087,0.22126072555588425,0.07746478873239436,0.18106995884773663,0.099992127981527,0.09765225374896165,0.6342857142857142,0.5937031484257871,0.15163934426229508,0.14873962736809143,0.15947467166979362,0.17042330951072018,0.07903008531656938,0.09269162210338681,0.7736758394003631,0.9118614989868783,0.00023458962605617313,0.049574256440764373,0.02523713634924477,0.03586022444044818,0.14122927171143912
2022-03-28,23,62,5740,5678,0.23116248686083798,0.41697105358780207,200,207,584,602,0.0010570374867836534,0.0026799374190219064,148,159,552,530,0.11234660344748379,0.24577100817354317,0.07394366197183098,0.23868312757201646,0.09939735325245563,0.09810693831154636,0.5714285714285714,0.6206896551724138,0.1841109709962169,0.18850790668545483,0.13883677298311445,0.17482133040131942,0.09914683430624158,0.10497128144186968,0.8171125602530492,1.0,0.00030390007452902896,0.06321308088788105,0.03075541262102977,0.03983266118248565,0.16004335875634124
2022-03-29,22,43,5677,5685,0.23775065146982538,0.3378397378925663,191,195,423,419,0.0007848293139883299,0.0020329323226964645,127,129,383,368,0.09301226678110243,0.20085128016775133,0.07042253521126761,0.16049382716049382,0.09829527066623517,0.0982293533860884,0.5457142857142857,0.5847076461769115,0.13335435056746534,0.1312040081415375,0.11913696060037524,0.14183617372182517,0.06879209699146835,0.07288571994454347,0.8405126878860145,0.8481494277705343,0.00022563976206686464,0.04795183441302181,0.025462546760546278,0.03255241963015137,0.13507287240183424
2022-03-30,28,60,5648,5637,0.2840577707033373,0.417215902943977,233,197,583,565,0.0011527268862870628,0.002465700256245004,164,149,550,547,0.12484483836579555,0.23683184142101335,0.09154929577464789,0.23045267489711935,0.09778796280908605,0.09738993573208586,0.6657142857142857,0.5907046476761619,0.18379571248423707,0.17692187255362454,0.15384615384615385,0.16382627817482134,0.09878760664571172,0.10833828480887304,1.0,1.0,0.00033141093956864893,0.05815975725290262,0.034176863382795984,0.038383870280932965,0.16711261113810044
2022-03-31,50,84,5616,5632,0.34825653351961783,0.4739364599103067,231,209,560,585,0.0009480524888678527,0.0023744132690642554,147,144,563,572,0.12487332646623257,0.2816650989587361,0.16901408450704225,0.3292181069958848,0.0972281748287836,0.09730249639312727,0.66,0.6266866566716641,0.17654476670870115,0.18318459370596524,0.1378986866791745,0.1583287520615723,0.10112258643915581,0.11328976034858387,1.0,1.0,0.0002725667023418827,0.05600652350061087,0.03418466213466604,0.04565009736963102,0.16659376866971848
2022-04-01,34,68,4975,4988,0.3256174705776173,0.4630966591532699,209,169,596,584,0.001158689305104674,0.003067948980518702,152,139,545,575,0.13350128012682297,0.26168413889713316,0.11267605633802817,0.26337448559670784,0.08601492184834994,0.08604030953525992,0.5971428571428572,0.5067466266866567,0.18789407313997478,0.1828714576483482,0.1425891181988743,0.15283122594832327,0.09788953749438707,0.11388393741334918,1.0,1.0,0.0003331251451154728,0.07236531184978227,0.036546605146415584,0.04241173814187128,0.16572771539005962
2022-04-01,2,4,651,674,0.003052989257374566,0.002956762516247427,0,0,0,0,0.0,0.0,0,0,0,0,0.0,0.0,0.0,0.0,0.01037357100997997,0.010597647881782014,0.0,0.0,0.0,0.0,0.0,0.0,0.0,0.0,0.0069033935101666,0.002126248770622183,0.0,0.0,0.0,0.0,0.0034796486656825257
2022-04-02,22,52,5671,5672,0.24860495919782652,0.38160860316432177,222,187,526,503,0.000991321748233383,0.0023586789047056805,155,148,479,476,0.10606936094298051,0.22007409357228297,0.07042253521126761,0.19753086419753085,0.09819031041992846,0.09800201110479605,0.6342857142857142,0.56071964017991,0.16582597730138715,0.1575074369813684,0.14540337711069418,0.16272677295217153,0.08603502469690166,0.09427609427609428,0.8790654869244932,0.9587237993008221,0.0002850066879719211,0.05563538884654831,0.02903698787631989,0.03566790432058394,0.15181995526553407
2022-04-03,28,59,5666,5635,0.266916854574301,0.406360171822352,226,156,525,505,0.0009691245203571094,0.002939805641653359,147,135,471,492,0.10853136941764945,0.22186818850256837,0.09154929577464789,0.22633744855967078,0.09810284354800619,0.09735495999650243,0.6457142857142857,0.46776611694152925,0.16551071878940732,0.1581337090966025,0.1378986866791745,0.14843320505772403,0.08459811405478222,0.0974450386215092,0.9441064679021784,1.0,0.0002786249472197901,0.06934272811799706,0.02971097430929924,0.03595867732924089,0.1550190499974783
2022-04-04,24,55,5720,5607,0.25016619140447244,0.3942936297625772,222,201,567,545,0.0010578304412415186,0.0025979253930330038,166,149,518,515,0.11032107483543882,0.228537677657698,0.07746478873239436,0.20987654320987653,0.09904748576476659,0.09686529969833428,0.6342857142857142,0.6026986506746627,0.1787515762925599,0.17065915140128385,0.15572232645403378,0.16382627817482134,0.09303996407723394,0.10200039611804318,0.8846107389132447,0.9907702970849952,0.0003041280502837741,0.061278620480030334,0.03020091460927399,0.03703961646746891,0.15844775987043547
2022-04-05,42,69,5755,5631,0.33186514790025484,0.4447208987940614,245,207,584,597,0.0009590062508828461,0.0022642051970283785,162,135,585,549,0.11364065361717847,0.27033018302532674,0.14084507042253522,0.2674897119341564,0.09965975386822241,0.09728500852533555,0.7,0.6206896551724138,0.1841109709962169,0.18694222639736965,0.15196998123827393,0.14843320505772403,0.10507409070498429,0.10873440285204991,1.0,1.0,0.00027571592754378044,0.0534069882567454,0.03110966495888418,0.043813021999094884,0.16970122914069302
2022-04-06,34,70,5610,5570,0.3030264397287153,0.43825149439374106,221,193,563,590,0.0010215810512029346,0.002661403563142722,155,139,519,558,0.12869193806292603,0.25771037111501627,0.11267605633802817,0.2716049382716049,0.09712321458247689,0.09621824859004066,0.6314285714285715,0.5787106446776612,0.17749054224464061,0.18475027399405042,0.14540337711069418,0.15283122594832327,0.09321957790749888,0.11051693404634581,1.0,1.0,0.00029370628901977434,0.06277591316801585,0.03523002507125588,0.04176770064184536,0.16600881955773633
2022-04-07,30,57,5721,5620,0.28436482183006984,0.40123115928989134,241,180,518,526,0.0009262071159453916,0.0023350894001919853,145,153,481,524,0.10801936913714846,0.23889896384502238,0.09859154929577464,0.21810699588477367,0.09906497913915105,0.09709264197962664,0.6885714285714286,0.5397301349325337,0.16330390920554855,0.1647095663065602,0.13602251407129456,0.16822429906542055,0.08639425235743152,0.10378292731233908,1.0,1.0,0.0002662861204871645,0.055078970906955724,0.029570811817459852,0.03871889347081275,0.15890987248657287
2022-04-08,37,62,5635,5588,0.31942843887166866,0.4254733089545624,247,175,572,548,0.0009693592851513787,0.0029835465685792845,153,137,496,530,0.12056298434515655,0.24289571671289595,0.12323943661971831,0.23868312757201646,0.09756054894208818,0.09653303021029161,0.7057142857142857,0.5247376311844077,0.18032786885245902,0.17159855957413497,0.14352720450281425,0.15063221550302364,0.08908845981140548,0.10497128144186968,1.0,1.0,0.0002786924424972682,0.07037446816246741,0.03300468564758456,0.03936665621548815,0.16417244325616556
2022-04-09,22,41,5674,5677,0.23587028808565413,0.32499575180175005,221,192,450,427,0.0009017706476680203,0.0019256288601549934,131,135,377,419,0.0927979888140504,0.20834641836994114,0.07042253521126761,0.1522633744855967,0.09824279054308181,0.09808945044375464,0.6314285714285715,0.5757121439280359,0.14186633039092056,0.13370909660247376,0.12288930581613508,0.14843320505772403,0.06771441400987877,0.08298673004555357,0.833833931996106,0.8157013466718394,0.0002592605943127656,0.04542081170740232,0.025403887156338827,0.03376717357018045,0.13761885080359515
2022-04-10,46,73,5718,5609,0.36284349679183703,0.457940791817269,255,162,641,646,0.0010807194492661971,0.0031908146017283825,184,164,618,639,0.1306884247705967,0.26620355027847753,0.15492957746478872,0.2839506172839506,0.0990124990159977,0.09690027543391772,0.7285714285714285,0.48575712143928035,0.20208070617906684,0.20228589322060436,0.1726078799249531,0.18031885651456844,0.11100134710372699,0.1265597147950089,1.0,1.0,0.000310708679004673,0.07526340730407909,0.03577657272470155,0.04314420932972695,0.1778147791924723
2022-04-11,22,46,5713,5682,0.24980556845799481,0.35492272697535315,200,195,399,404,0.0008251171619010393,0.0018659147877482947,145,135,396,399,0.09910108897413168,0.20435040905403182,0.07042253521126761,0.1728395061728395,0.09892503214407543,0.09817688978271324,0.5714285714285714,0.5847076461769115,0.12578814627994955,0.12650696727728197,0.13602251407129456,0.14843320505772403,0.07112707678491244,0.07902554961378491,0.8833298627548924,0.8913066074223193,0.0002372225868354932,0.044012304754069406,0.02712939055623107,0.033119531334647616,0.13527997762427477
2022-04-12,8,21,5702,5740,0.15229641812013303,0.24149423117759924,118,109,187,182,0.0004956005302879243,0.001555787973749546,104,91,173,159,0.05266883957237152,0.14399102464083122,0.02112676056338028,0.06995884773662552,0.09873260502584646,0.09919118611463297,0.33714285714285713,0.3268365817091454,0.05895334174022698,0.0569907624863003,0.0975609756097561,0.1000549752611325,0.03107319263583296,0.0314913844325609,0.5369926506920224,0.6047493809877504,0.00014248599503259888,0.036697181930806386,0.014418343266392597,0.02333694987240808,0.08449835904395012
2022-04-13,4,16,5774,5777,0.10776778649126137,0.2157036413022361,97,84,156,158,0.00037151690798624133,0.0012235018022489815,97,99,158,150,0.03710120324830272,0.12967900913718025,0.007042253521126761,0.04938271604938271,0.099992127981527,0.09983823722292659,0.27714285714285714,0.2518740629685157,0.04918032786885246,0.049475497103491466,0.09099437148217636,0.10885101704233095,0.028378985181859002,0.029708853238265002,0.37883393346515526,0.5395939731617228,0.00010681174266520739,0.02885937479102041,0.010156629391752174,0.021017369265110154,0.07297437487895833
2022-04-14,97,16,5785,5680,0.00660668758659195,0.21537575287362357,90,94,164,165,0.0004605710019477421,0.0014048421192251685,88,91,162,146,0.03799763611480066,0.1298198750858961,0.3345070422535211,0.04938271604938271,0.10018455509975596,0.0981419140471298,0.2571428571428571,0.2818590704647676,0.05170239596469105,0.05166744950681071,0.0825515947467167,0.1000549752611325,0.029097440502918726,0.02891661715191127,0.019525572737337345,0.5387656204799528,0.00013241494608078728,0.03313674337578138,0.010402032117336882,0.021040199726884496,0.055871913881220925
2022-04-15,4,16,5702,5689,0.09693408029573256,0.21674005737760993,105,93,163,157,0.00025381657302802485,0.0012459032928160115,103,91,147,144,0.03684035387593786,0.12199581412629715,0.007042253521126761,0.04938271604938271,0.09873260502584646,0.09829930485725528,0.3,0.27886056971514245,0.05138713745271122,0.04916236104587443,0.09662288930581614,0.1000549752611325,0.02640323304894477,0.0285204991087344,0.3403543078395919,0.5422122968369381,7.297269626134543e-05,0.02938777042637058,0.01008522064566785,0.019772136534277354,0.07088895093289073
2022-04-16,100,16,5719,5717,0.006372552405965292,0.21775290089355565,113,90,155,162,0.00027397465207416877,0.0012277430688322068,105,90,138,162,0.03286202901266686,0.13504748806633743,0.34507042253521125,0.04938271604938271,0.09902999239038214,0.09878896515542343,0.32285714285714284,0.2698650674662669,0.04886506935687263,0.050728041333959605,0.09849906191369606,0.09895547003848268,0.024786708576560394,0.03208556149732621,0.018693961289354223,0.5447710685697409,7.87681782580393e-05,0.028959415756786816,0.00899613544900148,0.021887450743961534,0.05453589234774674
2022-04-17,8,23,5752,5623,0.14349006496936723,0.23081259967936843,128,105,173,176,0.0003709939822234711,0.0012292654794198291,109,99,152,163,0.059469090326488214,0.14168353201104167,0.02112676056338028,0.07818930041152264,0.09960727374506906,0.0971451055830018,0.3657142857142857,0.3148425787106447,0.054539722572509455,0.05511194614059809,0.1022514071294559,0.10885101704233095,0.027301302200269422,0.03228362051891464,0.5057138651820533,0.5777641100079888,0.00010666140061938024,0.028995325648912232,0.016279943986409844,0.0229629693415613,0.08117835851666835
2022-04-18,20,30,5725,5710,0.23927039885172655,0.2845190551040442,141,104,213,222,0.0005498009046284497,0.0017424519008470377,131,98,193,207,0.07065216340493502,0.1576224767532869,0.06338028169014084,0.10699588477366255,0.09913495263668885,0.09866655008088139,0.40285714285714286,0.3118440779610195,0.0671500630517024,0.06951620479098168,0.12288930581613508,0.10775151181968114,0.03466546924113157,0.040998217468805706,0.8459105922823071,0.7134440623858076,0.00015806869480203308,0.04110012128256549,0.019341362991030977,0.025546230037126774,0.10473638629814777
2022-04-19,18,29,5703,5684,0.216737592388108,0.28282608667082115,157,100,231,226,0.0005706124689487976,0.0016494614821390742,125,116,207,209,0.07648449031044392,0.1565273617571453,0.056338028169014086,0.102880658436214,0.09875009840023091,0.09821186551829668,0.44857142857142857,0.29985007496251875,0.07282471626733922,0.07076874902144982,0.11726078799249531,0.12754260582737767,0.037180062864840595,0.04139433551198257,0.7658775969836938,0.7091670741805628,0.00016405205492605668,0.03890670780288439,0.020937989991895393,0.025368742281669604,0.10249070576868861
2022-04-20,24,33,5717,5658,0.2556886312715775,0.30293850091511026,178,121,258,258,0.0005951774827177554,0.002007593460908707,126,116,220,244,0.08475437047029451,0.1689299064262423,0.07746478873239436,0.11934156378600823,0.09899500564161325,0.09775718095571198,0.5085714285714286,0.36281859070464767,0.08133669609079446,0.08078910286519493,0.11819887429643527,0.12754260582737767,0.03951504265828469,0.048326401267577736,0.9042255793741749,0.759977565867086,0.00017111453814782802,0.04735415347150902,0.023201908693821837,0.027378850647486068,0.11362347342810258
2022-04-21,26,35,5751,5619,0.25510552073943515,0.30051182492284867,178,102,253,256,0.0005476368041220278,0.0017135058093957728,124,115,239,238,0.0835676905798331,0.16878589498037586,0.08450704225352113,0.12757201646090535,0.0995897803706846,0.09707515411183491,0.5085714285714286,0.3058470764617691,0.07976040353089534,0.08016283074996086,0.11632270168855535,0.12644310060472788,0.042927705433318364,0.04713804713804714,0.9021544621987414,0.7538469940305543,0.0001574465122272305,0.04041735473461952,0.02287704947636201,0.0273555103878996,0.11336313764193237
2022-04-22,29,32,5712,5657,0.27024028024457186,0.3057840237250649,181,114,255,238,0.0006239180157982308,0.0018331849127374,119,106,206,242,0.08848591687458861,0.16627991050431704,0.09507042253521127,0.11522633744855967,0.09890753876969098,0.09773969308792026,0.5171428571428571,0.34182908545727136,0.08039092055485499,0.07452638171285424,0.11163227016885553,0.11654755360087961,0.03700044903457566,0.04793028322440087,0.9559107547527107,0.7671662808230773,0.00017937749027049777,0.043240288130909216,0.024223437123314873,0.02694935983619199,0.11474219900971229
2022-04-23,17,29,5726,5665,0.21209084357537583,0.2821454770303114,160,113,228,224,0.0005452507561908096,0.0016855978828702724,106,102,207,211,0.08496476530507169,0.15527106314557984,0.0528169014084507,0.102880658436214,0.0991524460110733,0.097879596030254,0.45714285714285713,0.33883058470764615,0.07187894073139975,0.07014247690621575,0.09943714821763602,0.11214953271028037,0.037180062864840595,0.04179045355515944,0.7493730738350266,0.7074476331397783,0.0001567605193904642,0.03975907592394738,0.023259505272252713,0.025165131134405324,0.10140141423195478
2022-04-24,8,25,5724,5763,0.15011538101146257,0.26455721116627035,138,107,201,207,0.00045998569543982714,0.0018181283357585792,97,115,176,204,0.07885695388170451,0.15081821673950752,0.02112676056338028,0.08641975308641975,0.0991174592623044,0.09959340707384252,0.3942857142857143,0.32083958020989506,0.06336696090794451,0.06481916392672617,0.09099437148217636,0.12644310060472788,0.03161203412662775,0.04040404040404041,0.5292459488798819,0.6630139602047168,0.00013224666946467698,0.0428851408010868,0.021587463085192684,0.02444344828210777,0.08700437491964555
2022-04-25,0,0,197,202,0.0035544654884284315,0.0030033899529883575,0,0,0,0,0.0,0.0,0,0,0,0,0.0,0.0,0.0,0.0,0.0024315790394388126,0.0023433742840904123,0.0,0.0,0.0,0.0,0.0,0.0,0.0,0.0,0.00868455844881291,0.002244044822260372,0.0,0.0,0.0,0.0,0.0011548811587374494
2022-04-25,8,18,5523,5517,0.14956837547567825,0.21738201772322088,116,110,159,152,0.0003301216881353614,0.0009926049359769416,95,88,140,158,0.04985266364368808,0.12881967556228524,0.02112676056338028,0.05761316872427984,0.09560129101102957,0.09529139159707953,0.3314285714285714,0.32983508245877063,0.05012610340479193,0.04759668075778926,0.08911819887429644,0.09675645959318306,0.025145936237090254,0.03129332541097247,0.5273030709900626,0.5438340972039927,9.491054658170204e-05,0.023413090045408817,0.013647401822305612,0.020878095135968944,0.07877432982519918
2022-04-26,6,16,5762,5717,0.13254930882929528,0.21512024006725106,95,103,165,150,0.0003120862801545568,0.0010316880205755166,99,96,153,152,0.04250006530590572,0.12860749613067965,0.014084507042253521,0.04938271604938271,0.09978220748891357,0.09878896515542343,0.2714285714285714,0.30884557721139433,0.05201765447667087,0.04697040864255519,0.09287054409005628,0.10555250137438153,0.02748091603053435,0.03010497128144187,0.4668540149394557,0.538120112130418,8.972533612506497e-05,0.024334963134885396,0.011634593345893604,0.020843706737305297,0.07749032637658687
2022-04-27,2,17,5766,5706,0.07661566731362626,0.21400129215478092,85,95,159,151,0.00026923073635024187,0.0011269290632882458,85,93,152,152,0.03793874263457503,0.13310843495445562,0.0,0.053497942386831275,0.09985218098645138,0.09859659860971451,0.24285714285714285,0.2848575712143928,0.05012610340479193,0.04728354470017222,0.07973733583489681,0.1022539857064321,0.027301302200269422,0.03010497128144187,0.26818649095900204,0.5352932862251014,7.740429442223746e-05,0.0265814632561618,0.010385909749330674,0.021573184036124727,0.0671065973759769
2022-04-28,6,12,5771,5709,0.10855522304390147,0.18872016428579416,71,71,111,117,0.0003890334955530055,0.0011368268503015604,92,69,115,113,0.033512738712326906,0.12383795784836056,0.014084507042253521,0.03292181069958848,0.09993964785837364,0.09864906221308967,0.20285714285714285,0.2128935532233883,0.034993694829760405,0.03663691874119305,0.08630393996247655,0.07586586036283673,0.020655590480466997,0.02238066943949297,0.38163078462602396,0.47142494492053494,0.00011184779137075666,0.026814927517917593,0.00917427029861361,0.020070696918904098,0.06637411384206238
2022-04-29,12,22,5719,5681,0.18095176770205268,0.23561872781463963,131,99,182,179,0.0004349182788044779,0.0014396976024102204,89,89,158,153,0.05460013252674557,0.14314020185754817,0.035211267605633804,0.07407407407407407,0.09902999239038214,0.09815940191492152,0.3742857142857143,0.29685157421289354,0.05737704918032787,0.056051354313449195,0.08348968105065666,0.09785596481583288,0.028378985181859002,0.030303030303030304,0.6387719591005322,0.5899059508976723,0.00012503974456467857,0.03395889782697264,0.014947043822361136,0.02319905510644397,0.08867805607448842
2022-04-30,8,20,5710,5747,0.14859332923781784,0.241362291875264,93,100,166,176,0.0003889434787170109,0.0012848671999328575,110,81,176,160,0.043642290716123994,0.13303598323323826,0.02112676056338028,0.06584362139917696,0.09887255202092207,0.09931360118917501,0.26571428571428574,0.29985007496251875,0.05233291298865069,0.05511194614059809,0.10318949343339587,0.08905992303463442,0.03161203412662775,0.031689443454149334,0.5238398596454568,0.6044160594509621,0.00011182191137736981,0.03030683241446133,0.011947282939699697,0.021561441622384447,0.08200474145013513
2022-05-01,18,24,5672,5711,0.2147390829109757,0.2646827251230405,131,109,207,201,0.0004866273617093046,0.001488379326776305,99,99,176,201,0.0687282098751556,0.16853978536887687,0.056338028169014086,0.0823045267489712,0.0982078037943129,0.09868403794867311,0.3742857142857143,0.3268365817091454,0.06525851197982345,0.06294034758102396,0.09287054409005628,0.10885101704233095,0.03161203412662775,0.0398098633392751,0.7587792046975038,0.6633310492314018,0.00013990619381088292,0.03510717903618011,0.018814671637164524,0.027315622848513056,0.09837029211972216
2022-05-02,18,24,5765,5790,0.21591429716921318,0.26647313134187234,120,119,202,199,0.0005441847049062916,0.0014520130961836297,100,111,180,200,0.07227418675854268,0.15671203621065355,0.056338028169014086,0.0823045267489712,0.09983468761206693,0.10006557950421895,0.34285714285714286,0.3568215892053973,0.06368221941992434,0.06231407546578988,0.09380863039399624,0.12204507971412865,0.032330489447687474,0.03961180431768667,0.762953381463112,0.6678541969347307,0.0001564540278337621,0.034249389798369806,0.01978539953499707,0.025398672886545754,0.09861811528427691
2022-05-03,21,30,5709,5596,0.21920676205472628,0.2845745465212329,148,119,216,218,0.000586668821079067,0.0015538259259337025,116,103,193,193,0.0811488161665339,0.15987561604304046,0.06690140845070422,0.10699588477366255,0.09885505864653762,0.09667293315262536,0.4228571428571429,0.3568215892053973,0.06809583858764187,0.06826366056051354,0.10881801125703565,0.11324903793293019,0.03466546924113157,0.03822539116656764,0.7746477004609952,0.7135842517314275,0.00016866828346105462,0.03665090208620685,0.02221487119614152,0.025911401399659195,0.10082888210939497
2022-05-04,14,26,5705,5698,0.1812193733245649,0.2615505399060276,148,115,197,181,0.000507242375046976,0.0013468871728896075,126,110,168,186,0.06965485080351258,0.1500450638871126,0.04225352112676056,0.09053497942386832,0.09878508514899982,0.09845669566738076,0.4228571428571429,0.3448275862068966,0.06210592686002522,0.056677626428683264,0.11819887429643527,0.12094557449147883,0.030175123484508307,0.0368389780154486,0.639722452309755,0.6554181319159248,0.00014583304519322893,0.03176972984607751,0.019068343962171438,0.024318141656885433,0.09049097944507717
2022-05-05,46,44,5680,5648,0.3537058852689955,0.337970258900971,167,114,278,254,0.0005725754057560317,0.0017088104829759236,81,84,233,237,0.13158825181589068,0.22173983125803218,0.15492957746478872,0.1646090534979424,0.09834775078938852,0.09758230227779478,0.47714285714285715,0.34182908545727136,0.08764186633039092,0.07953655863472679,0.07598499061913697,0.09235843870258384,0.04185002245172878,0.046939988116458706,1.0,0.848479166236136,0.0001646164025953426,0.04030660362279645,0.03602290462274166,0.03593787418134349,0.11981719405471929
2022-05-06,15,24,5733,5778,0.1727125163044796,0.2629695411906233,137,118,216,206,0.0005163030436010173,0.0013952633428917986,104,103,182,184,0.06936899222619324,0.1424629047867173,0.045774647887323945,0.0823045267489712,0.09927489963176447,0.09985572509071831,0.3914285714285714,0.3538230884557721,0.06809583858764187,0.06450602786910913,0.0975609756097561,0.11324903793293019,0.03268971710821733,0.036442859972271736,0.6095074300934266,0.659002990108401,0.00014843800280663812,0.03291080378522586,0.018990088828264994,0.023089284043767425,0.09212174627708887
2022-05-07,12,24,5708,5697,0.18590747736490015,0.26499962190058074,124,118,204,203,0.0004391850872535874,0.0012459469437966426,102,86,195,163,0.06888377938791643,0.1544698361306989,0.035211267605633804,0.0823045267489712,0.09883756527215318,0.09843920779958903,0.35428571428571426,0.3538230884557721,0.06431273644388398,0.06356661969625803,0.09568480300187618,0.09455744914788346,0.03502469690166143,0.03228362051891464,0.6563738627421556,0.6641316334320415,0.00012626645924783614,0.029388800044804906,0.018857259525088065,0.025035274466398857,0.09317258139894366
2022-05-08,15,24,5694,5661,0.1873564435508582,0.2649169018033985,130,124,205,206,0.0004918212445652341,0.0013343032579104298,102,110,194,175,0.07303787088799608,0.15225850851053224,0.045774647887323945,0.0823045267489712,0.09859265803077084,0.09780964455908714,0.37142857142857144,0.37181409295352325,0.06462799495586381,0.06450602786910913,0.09568480300187618,0.12094557449147883,0.0348450830713965,0.034660328777975834,0.6615203634293144,0.6639226555958089,0.00014139944396212857,0.03147290648377851,0.019994461667653805,0.02467687961538627,0.09364008184329559
2022-05-09,11,24,5748,5685,0.16540505594476673,0.2630767905534191,135,97,205,211,0.0004992266299608339,0.00196616715886428,113,98,184,200,0.06587616690763584,0.1476222650253279,0.03169014084507042,0.0823045267489712,0.09953730024753124,0.0982293533860884,0.38571428571428573,0.2908545727136432,0.06462799495586381,0.0660717081571943,0.10600375234521577,0.10775151181968114,0.033048944768747195,0.03961180431768667,0.5835524767431646,0.6592739368376466,0.00014352850485332437,0.04637700969067555,0.018033911422014996,0.02392547318515651,0.0902756117310628
2022-05-10,18,25,5716,5726,0.22703604592798612,0.26275759637647705,128,91,191,192,0.00045416527295789237,0.001546809767270721,95,87,164,164,0.06478631293977277,0.1475233600769898,0.056338028169014086,0.08641975308641975,0.09897751226722878,0.0989463559655489,0.3657142857142857,0.272863568215892,0.06021437578814628,0.060122123062470646,0.08911819887429644,0.09565695437053326,0.029456668163448586,0.03248167954050307,0.8024560891067604,0.6584675486598323,0.0001305732881057693,0.0364854082944723,0.017735558757584303,0.023909443437279815,0.09846766303392643
2022-05-11,15,26,5732,5690,0.1939234454544774,0.25913297581075945,143,102,199,197,0.0005016161634267528,0.001496208288601656,112,87,176,176,0.06244040895325951,0.14451231778910126,0.045774647887323945,0.09053497942386832,0.09925740625738001,0.098316792725047,0.4085714285714286,0.3058470764617691,0.06273644388398487,0.06168780335055582,0.1050656660412758,0.09565695437053326,0.03161203412662775,0.034858387799564274,0.6848453244512331,0.6493105796911023,0.0001442154997872429,0.03529184483979976,0.0170933564758904,0.023421437027773162,0.09378125257274167
2022-05-12,11,20,5756,5647,0.1644922218395362,0.24335551657101648,127,113,176,175,0.000442029301573858,0.0012304595357574236,97,89,158,163,0.060421739848259985,0.13308117277969778,0.03169014084507042,0.06584362139917696,0.09967724724260686,0.09756481441000306,0.3628571428571429,0.33883058470764615,0.05548549810844893,0.054798810082981056,0.09099437148217636,0.09785596481583288,0.028378985181859002,0.03228362051891464,0.5803102331384771,0.6094515925104337,0.00012708417570038772,0.029023490478179252,0.016540736286543893,0.02156876559402166,0.0852634265477066
2022-05-13,14,24,5728,5720,0.19497916909803478,0.26569735775859377,142,110,202,209,0.00045785578478089377,0.0015293560305751374,100,102,169,190,0.06891594649469922,0.14566360583995971,0.04225352112676056,0.0823045267489712,0.09918743275984221,0.09884142875879859,0.4057142857142857,0.32983508245877063,0.06368221941992434,0.06544543604196024,0.09380863039399624,0.11214953271028037,0.03035473731477324,0.03763121410180234,0.6885950892902417,0.6658943408615102,0.0001316343165291538,0.03607371790883024,0.01886606542229876,0.02360802887680406,0.09481895202185588
2022-05-14,13,27,5741,5682,0.17808551952913393,0.25773450048927515,138,106,207,212,0.0005277800927930987,0.0015314678926534155,108,89,172,184,0.06404380848466118,0.15130787558856237,0.03873239436619718,0.09465020576131687,0.09941484662684008,0.09817688978271324,0.3942857142857143,0.31784107946026985,0.06525851197982345,0.06638484421481133,0.10131332082551595,0.09785596481583288,0.03089357880556803,0.036442859972271736,0.6285914950328073,0.6457775767490879,0.0001517376739615938,0.036123531500532303,0.017532294660680965,0.024522808395305646,0.09232926232902383
2022-05-15,12,24,5673,5770,0.18376193596243756,0.2646663312310869,129,121,200,198,0.0004640858364349555,0.001407491921273806,94,113,184,196,0.06199291484821176,0.14695150559296705,0.035211267605633804,0.0823045267489712,0.09822529716869735,0.09971582214838456,0.36857142857142855,0.36281859070464767,0.06305170239596469,0.06200093940817285,0.08818011257035648,0.12424409015942826,0.033048944768747195,0.03881956823133294,0.6487532361125559,0.6632896329349445,0.00013342546697146218,0.03319924563797918,0.01697085285385028,0.023816761692280506,0.09237658539956134
2022-05-16,8,21,5725,5780,0.12942876592026492,0.23995717961956,109,110,180,176,0.0004047364662159482,0.0013468602149174342,81,106,165,176,0.06265408850311409,0.14723751907657637,0.02112676056338028,0.06995884773662552,0.09913495263668885,0.09989070082630175,0.31142857142857144,0.32983508245877063,0.05674653215636822,0.05511194614059809,0.07598499061913697,0.11654755360087961,0.029636281993713515,0.034858387799564274,0.45577033584378746,0.6008662894571708,0.00011636242213311124,0.031769093974335326,0.017151852260567375,0.0238631165421503,0.07977618619390196
2022-05-17,8,13,5706,5733,0.13288388929286124,0.18584795735625254,81,73,95,98,0.0003003500786003091,0.0010415809636859453,55,65,99,101,0.059141811278584006,0.11986397566974709,0.02112676056338028,0.037037037037037035,0.09880257852338427,0.09906877104009093,0.23142857142857143,0.21889055472263869,0.02994955863808323,0.030687333646469393,0.051594746716697934,0.07146783947223749,0.01778176919622811,0.020003961180431767,0.4680423922821013,0.4641688172104124,8.635115822539927e-05,0.024568313140978817,0.016190349803304728,0.01942662467115479,0.06794701222374917
2022-05-18,10,12,1018,1057,0.3967820224806624,0.4336262388314452,16,25,43,39,0.0007560568971618682,0.0014757092740737593,22,23,51,45,0.2771247666581784,0.20069713872689343,0.028169014084507043,0.03292181069958848,0.016793639409073812,0.01729550124601058,0.045714285714285714,0.07496251874062969,0.01355611601513241,0.012212306247064349,0.020637898686679174,0.025288620120945574,0.00916030534351145,0.008912655971479501,1.0,1.0,0.00021736764331301798,0.034808323898498555,0.07586421204147015,0.03252743757944693,0.061692553044515
2022-05-18,4,12,4691,4647,0.11910062174510941,0.20533634220873598,61,75,113,121,0.0002723932620724854,0.0012845195483870062,65,74,99,119,0.038872294750508005,0.1182211616442484,0.007042253521126761,0.03292181069958848,0.0810468035231656,0.08007694661828356,0.1742857142857143,0.22488755622188905,0.03562421185372005,0.03788946297166119,0.06097560975609756,0.08136338647608576,0.01778176919622811,0.02356902356902357,0.4190863872398602,0.5134028079438742,7.831352594402028e-05,0.03029863217622714,0.010641474044535873,0.019160370099674504,0.06272530658830207
2022-05-19,6,16,5723,5717,0.13078801171149443,0.2170205417568868,87,92,166,157,0.000419991767744766,0.0013501434280184263,89,86,142,142,0.04348645778912269,0.12787203807766723,0.014084507042253521,0.04938271604938271,0.09909996588791994,0.09878896515542343,0.24857142857142858,0.27586206896551724,0.05233291298865069,0.04916236104587443,0.08348968105065666,0.09455744914788346,0.025505163897620118,0.028124381065557535,0.46059816375749074,0.5429208914913811,0.00012074834725831867,0.0318465368332066,0.01190462294088533,0.02072450939317068,0.07715519056281042
2022-05-20,10,21,5731,5666,0.15631677963500426,0.24038271919200735,110,101,181,173,0.0004039616593531711,0.001412523292175289,106,88,153,161,0.04624622417852671,0.1341948038605322,0.028169014084507043,0.06995884773662552,0.09923991288299557,0.09789708389804573,0.3142857142857143,0.3028485757121439,0.057061790668348045,0.054172537967746986,0.09943714821763602,0.09675645959318306,0.02748091603053435,0.03188750247573777,0.5512723443794434,0.6019413406492106,0.00011613966384280686,0.03331792320616226,0.012660122007516624,0.02174925429305422,0.08394671724084951
2022-05-21,10,21,5698,5729,0.16573892979348734,0.23942859856923118,123,109,173,170,0.0003817766421505912,0.0012474493400475956,123,93,171,169,0.05352161079852134,0.1446215960792311,0.028169014084507043,0.06995884773662552,0.09866263152830865,0.09899881956892406,0.3514285714285714,0.3268365817091454,0.054539722572509455,0.05323312979489588,0.11538461538461539,0.1022539857064321,0.0307139649753031,0.03347197464844524,0.5847383443006803,0.599530922020066,0.00010976143368012226,0.02942423784833832,0.014651793411984573,0.02343914800653218,0.08524519696327049
2022-05-22,16,29,5725,5685,0.19035725372055115,0.2834756277404092,138,120,222,204,0.0005080183902977918,0.0015487387170854516,127,110,191,205,0.0735859452139602,0.15720374816556795,0.04929577464788732,0.102880658436214,0.09913495263668885,0.0982293533860884,0.3942857142857143,0.3598200899550225,0.06998738965952081,0.06387975575387506,0.11913696060037524,0.12094557449147883,0.03430624158060171,0.04060209942562884,0.6721787706095668,0.7108080259189017,0.00014605615089714882,0.0365309074392664,0.020144499599596258,0.025478365751237318,0.09581300991881775
2022-05-23,22,29,5652,5678,0.24187507756194865,0.2848255070906418,146,125,223,235,0.0005810521749438221,0.0016200001385637333,155,107,189,237,0.06965395485226739,0.1617027762712826,0.07042253521126761,0.102880658436214,0.09785793630662387,0.09810693831154636,0.41714285714285715,0.3748125937031484,0.07030264817150063,0.07358697354000313,0.14540337711069418,0.11764705882352941,0.03394701392007184,0.046939988116458706,0.8551620026339729,0.714218259651646,0.0001670534881482622,0.03821178773449959,0.019068098691291956,0.02620753337567441,0.10651249544469864
2022-05-24,23,34,5743,5698,0.23743231299281886,0.30277069635823656,171,131,262,247,0.0006376983727696166,0.0017341117128775354,122,107,201,250,0.08464860980311709,0.1664218043961029,0.07394366197183098,0.12345679012345678,0.09944983337560899,0.09845669566738076,0.48857142857142855,0.39280359820089955,0.08259773013871374,0.07734460623140754,0.11444652908067542,0.11764705882352941,0.03610237988325101,0.04951475539710834,0.8393819995328009,0.7595536370468842,0.0001833393663278773,0.040903396921394136,0.023172956212319917,0.02697235689901634,0.1100601693827028
2022-05-25,27,41,5746,5689,0.2609655431486171,0.3390376345978172,197,142,303,311,0.0005891829717557971,0.0019185243614900838,136,122,271,321,0.08968540248283176,0.18597313153483708,0.0880281690140845,0.1522633744855967,0.09950231349876235,0.09829930485725528,0.5628571428571428,0.4257871064467766,0.09552332912988651,0.09738531391889776,0.1275797373358349,0.13413963716327654,0.04867534800179614,0.06357694592988711,0.9229683429144465,0.8511757039720969,0.0001693911060549442,0.04525323419399282,0.024551801966420695,0.03014108455071407,0.12243076090878607
2022-05-26,30,46,5630,5614,0.2765150033983426,0.35635952659074616,218,145,361,347,0.0007510938159457401,0.002476256503453558,158,136,315,343,0.10326963939926881,0.19498548996407808,0.09859154929577464,0.1728395061728395,0.09747308207016593,0.09698771477287632,0.6228571428571429,0.43478260869565216,0.11380832282471627,0.108658211993111,0.14821763602251406,0.14953271028037382,0.05657835653345308,0.06793424440483264,0.9781975874859817,0.8949364299799893,0.00021594074902560312,0.05840875295852262,0.028270550897732546,0.03160173779226154,0.13193022171925511
2022-05-27,16,39,5712,5675,0.2100372329075282,0.32503048959665776,215,133,332,315,0.0006425240217656922,0.0017822186864690959,115,113,280,285,0.0918039096927205,0.18132340124334978,0.04929577464788732,0.1440329218106996,0.09890753876969098,0.0980544747081712,0.6142857142857143,0.3988005997001499,0.10466582597730138,0.0986378581493659,0.10787992495309569,0.12424409015942826,0.05029187247418051,0.056446821152703504,0.7420789707595664,0.8157891056259822,0.00018472674861837732,0.04203812118447948,0.025131753307906613,0.029387492283395163,0.11552303995937893
2022-05-28,20,32,5726,5609,0.23072256243987552,0.29204992724756107,172,129,281,265,0.000674412304507714,0.0017566858050966886,131,111,253,237,0.0785890047561279,0.1581731975613838,0.06338028169014084,0.11522633744855967,0.0991524460110733,0.09690027543391772,0.49142857142857144,0.3868065967016492,0.08858764186633039,0.08298105526851417,0.12288930581613508,0.12204507971412865,0.04544229905702739,0.046939988116458706,0.8155500176922066,0.7324694917446468,0.00019389468412025855,0.04143586380188593,0.021514110748177842,0.025635486599640357,0.11180270516701418
2022-05-29,12,33,5698,5663,0.16900456136337016,0.3040595452883179,174,149,317,291,0.0007501780421535823,0.0018572638796836313,117,128,267,298,0.08458724207861967,0.18369466374498838,0.035211267605633804,0.11934156378600823,0.09866263152830865,0.09784462029467057,0.49714285714285716,0.44677661169415295,0.09993694829760404,0.09112259276655707,0.10975609756097561,0.14073666849917538,0.04795689268073642,0.05902158843335314,0.5963373555690469,0.7628096881132386,0.00021567746250344266,0.04380825127604276,0.023156156508273556,0.02977180814108904,0.10575481853895734
2022-05-30,4,20,5725,5716,0.10684164259661141,0.2421839649197635,124,127,224,212,0.0005722680497535194,0.0014915780342252887,133,101,183,209,0.041609693419905114,0.14828161021250258,0.007042253521126761,0.06584362139917696,0.09913495263668885,0.0987714772876317,0.35428571428571426,0.3808095952023988,0.07061790668348046,0.06638484421481133,0.124765478424015,0.11105002748763057,0.032869330938482266,0.04139433551198257,0.3755444155754935,0.6064918724731823,0.00016452803722208167,0.03518262861618675,0.011390849842309059,0.0240323347455912,0.08146666501113702
2022-05-31,10,30,5756,5722,0.1543196331055923,0.29719978835224814,132,149,278,269,0.0007007963437383807,0.0015719906250107078,106,120,263,241,0.06830646596729302,0.1700010757431377,0.028169014084507043,0.10699588477366255,0.09967724724260686,0.09887640449438202,0.37714285714285717,0.44677661169415295,0.08764186633039092,0.0842335994989823,0.09943714821763602,0.1319406267179769,0.04723843735967669,0.04773222420281244,0.5441787930698387,0.7454797137731013,0.0002014801402548124,0.03707936231214669,0.018699217253064854,0.02755245747274204,0.09870813901903037
2022-06-01,4,20,5704,5647,0.10763101811911055,0.2417742479168999,104,110,208,200,0.0004251446357813327,0.001775217675541376,114,98,191,199,0.03555166989222806,0.14434676769428834,0.007042253521126761,0.06584362139917696,0.09876759177461536,0.09756481441000306,0.29714285714285715,0.32983508245877063,0.06557377049180328,0.06262721152340692,0.10694183864915573,0.10775151181968114,0.03430624158060171,0.039413745296098236,0.378348153653261,0.6054567942317056,0.00012222980557926786,0.04187298469027268,0.009732437326538543,0.023394605950810842,0.0796284662334713
2022-06-02,10,32,5660,5677,0.12366308979416613,0.24183951064522077,14,4,293,306,1.5385894657814552,0.01702185525003483,1,12,288,282,0.8494480733703603,0.8593559314939896,0.028169014084507043,0.11522633744855967,0.09799788330169948,0.09808945044375464,0.04,0.01199400299850075,0.09237074401008827,0.09581963363081258,0.0009380863039399625,0.013194062671797692,0.051728783116299956,0.055852644087938205,0.43529155833161026,0.6056216690833526,0.442347087181652,0.40150337285672966,0.23254041684363286,0.13927775252558974,0.14083894990263193
2022-06-03,10,29,5639,5716,0.16687661863229267,0.28434567674743005,160,150,300,281,0.0005771199099309503,0.001740279640059268,109,128,254,255,0.07093523371624325,0.17122196966133338,0.028169014084507043,0.102880658436214,0.09763052243962599,0.0987714772876317,0.45714285714285713,0.4497751124437781,0.09457755359394704,0.08799123219038672,0.1022514071294559,0.14073666849917538,0.045621912887292324,0.050505050505050504,0.5887792366606447,0.7130060523368714,0.00016592295527178324,0.04104888303501828,0.019418854823964916,0.027750330501561234,0.1027893233862743
2022-06-04,23,36,5675,5650,0.23757071041109398,0.324024945596423,160,130,316,314,0.0007607249074476916,0.002345073394779868,124,123,277,289,0.0836122385237255,0.18262719796168356,0.07394366197183098,0.13168724279835392,0.09826028391746626,0.09761727801337822,0.45714285714285713,0.38980509745127434,0.09962168978562422,0.09832472209174886,0.11632270168855535,0.13523914238592633,0.049753030983385724,0.05723905723905724,0.8398735654610858,0.8132487748410357,0.00021870970420631756,0.05531446859171075,0.02288924468613059,0.029598801555868647,0.11892072054876582
2022-06-05,15,28,5679,5714,0.18431529526764603,0.2855649343450554,161,117,234,247,0.0005574762749886959,0.001892340332195778,134,102,210,211,0.07031998036334336,0.14938147920230188,0.045774647887323945,0.09876543209876543,0.09833025741500406,0.09873650155204827,0.46,0.35082458770614694,0.07377049180327869,0.07734460623140754,0.12570356472795496,0.11214953271028037,0.03771890435563539,0.04179045355515944,0.650718681595066,0.7160862930914327,0.00016027537682956853,0.044635617845938065,0.019250426316522292,0.024210592991514422,0.0979973902544942
2022-06-06,18,32,5645,5688,0.21625179290036417,0.3061174534955503,194,117,280,265,0.0006126059885989144,0.0019365169534084517,131,109,228,246,0.08050672630561496,0.16982998172681413,0.056338028169014086,0.11522633744855967,0.0977354826859327,0.09828181698946356,0.5542857142857143,0.35082458770614694,0.08827238335435057,0.08298105526851417,0.12288930581613508,0.11984606926882903,0.04095195330040413,0.0487225193107546,0.7641521133790906,0.7680086327344643,0.00017612526321901737,0.04567763483866665,0.022039096068043655,0.027524727879926294,0.10864707185585225
2022-06-07,30,45,5688,5679,0.28442713596310687,0.3555769548178765,202,135,340,340,0.0007247040120425842,0.0023352412172446386,150,137,309,351,0.09721239799935212,0.20272226859131318,0.09859154929577464,0.16872427983539096,0.09848769778446413,0.09812442617933809,0.5771428571428572,0.4047976011994003,0.10718789407313997,0.10646625958979176,0.14071294559099437,0.15063221550302364,0.05550067355186349,0.06951871657754011,1.0,0.8929593994715415,0.00020835363553790807,0.05508255189491515,0.026612352493125643,0.03285565494055652,0.13132373317919754
2022-06-08,20,35,5677,5627,0.22747554778546014,0.2988879351892645,181,142,268,280,0.0006500349214976636,0.0018982174622923012,140,114,242,248,0.07614870680545004,0.17394225288984094,0.06338028169014084,0.12757201646090535,0.09829527066623517,0.09721505705416868,0.5171428571428571,0.4257871064467766,0.08448928121059268,0.0876780961327697,0.13133208255159476,0.12534359538207807,0.043466546924113156,0.049118637353931474,0.8040171307883521,0.7497445210600835,0.0001868861450606658,0.04477424477712801,0.020846067673547335,0.028191212935037797,0.11067672627525907
2022-06-09,5,9,1587,1633,0.2062430372084693,0.28082169651652233,33,33,81,69,0.0006092022228105323,0.0017821820029315935,36,26,66,76,0.06987866613363497,0.17354142630754896,0.01056338028169014,0.0205761316872428,0.02674736943382694,0.027368513094041008,0.09428571428571429,0.09895052473763119,0.0255359394703657,0.02160638797557539,0.03377110694183865,0.028587135788894998,0.011854512797485407,0.015052485640720936,0.7286025825859453,0.7041033335458218,0.00017514667476808537,0.04203725591075819,0.019129614464506152,0.028126250067513178,0.05609698761865589
2022-06-09,24,37,4135,4065,0.29786883116445967,0.377976433854365,157,107,302,276,0.0007613405558143549,0.0025163654139225373,107,91,262,255,0.10883012364452192,0.212120771662361,0.07746478873239436,0.13580246913580246,0.07132048736541036,0.06989900756350283,0.44857142857142857,0.32083958020989506,0.09520807061790669,0.08642555190230156,0.10037523452157598,0.1000549752611325,0.047058823529411764,0.050505050505050504,1.0,0.9495477597520144,0.00021888670415840246,0.0593548227375422,0.029792759688098296,0.03437889151444587,0.11527287221786381
2022-06-10,16,32,5686,5652,0.21286527884736267,0.30396050772747424,157,142,313,293,0.0006867038331418991,0.0016330699009466168,132,120,258,260,0.06555544465685635,0.1706815649956122,0.04929577464788732,0.11522633744855967,0.09845271103569524,0.09765225374896165,0.44857142857142857,0.4257871064467766,0.09867591424968473,0.09174886488179114,0.12382739212007504,0.1319406267179769,0.046340368208352044,0.05149534561299267,0.7521237464856827,0.7625594870632415,0.00019742851949952273,0.03852007103277009,0.017946112193050503,0.02766274589949171,0.112721810154444
2022-06-11,26,39,5691,5700,0.2536630189833068,0.31847401671373743,196,154,312,302,0.0007837156494952225,0.0018519428223925916,135,131,270,287,0.08405395692974177,0.18479022941454984,0.08450704225352113,0.1440329218106996,0.09854017790761749,0.09849167140296419,0.56,0.4617691154422789,0.09836065573770492,0.09456708940034445,0.12664165103189493,0.1440351841671248,0.048495734171531205,0.05684293919588037,0.8970309221526817,0.7992253253227233,0.00022531958163174545,0.04368274072398281,0.02301016718331747,0.029949368938203037,0.12089822850904222
2022-06-12,13,38,5643,5713,0.18065086794796203,0.3204875268435068,165,136,298,311,0.0006974396329979492,0.0022624171877893206,121,139,287,281,0.08901832656740323,0.1902077886142763,0.03873239436619718,0.13991769547325103,0.0977004959371638,0.09871901368425655,0.4714285714285714,0.4077961019490255,0.09394703656998739,0.09738531391889776,0.11350844277673545,0.15283122594832327,0.05154916928603503,0.05565458506634977,0.6377032103566341,0.8043121059780305,0.00020051508021016489,0.05336481355077854,0.0243691867880442,0.030827404967116525,0.10734941499396367
2022-06-13,18,33,5690,5662,0.21493444567271314,0.30567266246242886,175,135,296,304,0.0006376206558117128,0.0018226524036887499,128,117,277,278,0.07986837414356027,0.1749844054680183,0.056338028169014086,0.11934156378600823,0.09852268453323304,0.09782713242687885,0.5,0.4047976011994003,0.09331651954602774,0.09519336151557851,0.1200750469043152,0.12864211105002749,0.049753030983385724,0.055060408001584474,0.7594731025933075,0.7668849460991278,0.00018331702257035266,0.042991852349640994,0.021864344152640214,0.02836011695205546,0.11281569459351842
2022-06-14,19,34,5732,5650,0.22426637676003092,0.31400261249438693,170,140,305,281,0.0006783581840632732,0.0017423899435669932,120,120,268,261,0.08718156957529069,0.17708516824939335,0.05985915492957746,0.12345679012345678,0.09925740625738001,0.09761727801337822,0.4857142857142857,0.4197901049475262,0.09615384615384616,0.08799123219038672,0.1125703564727955,0.1319406267179769,0.04813650651100135,0.05169340463458111,0.7926186585205804,0.7879291057761861,0.00019502913120090636,0.04109865986390427,0.023866365897661085,0.02870059231046796,0.11389911214181167
2022-06-15,10,28,5767,5708,0.15318593142884024,0.2885297643412345,187,135,270,261,0.0005515523687854583,0.001696619463748316,122,117,256,259,0.06187668419636248,0.1706606663618539,0.028169014084507043,0.09876543209876543,0.09986967436083584,0.09863157434529794,0.5342857142857143,0.4047976011994003,0.08511979823455233,0.08172851103804603,0.11444652908067542,0.12864211105002749,0.04598114054782218,0.051297286591404236,0.54015206248428,0.7235764167555069,0.0001585722437248527,0.040019047697396615,0.016939034164658605,0.027659358810819785,0.09756275725398088
2022-06-16,22,41,5702,5708,0.24607745216962199,0.3402201225085427,172,168,339,341,0.0007512827001176862,0.001990951306074767,145,135,345,331,0.09774721806757342,0.20168213275614666,0.07042253521126761,0.1522633744855967,0.09873260502584646,0.09863157434529794,0.49142857142857144,0.5037481259370314,0.10687263556116015,0.10677939564740879,0.13602251407129456,0.14843320505772403,0.06196677144140099,0.06555753614577144,0.8700881782864363,0.8541630525533043,0.00021599505354616126,0.04696160629029521,0.026758762009492038,0.032687077781623705,0.12534530904820554
2022-06-17,21,26,5711,5694,0.2373470793520081,0.2727310589514696,155,122,250,250,0.0004810690921327392,0.0017841425676730042,123,108,222,240,0.07149236549646512,0.16574529550973435,0.06690140845070422,0.09053497942386832,0.09889004539530653,0.09838674419621388,0.44285714285714284,0.3658170914542729,0.07881462799495587,0.07828401440425865,0.11538461538461539,0.11874656404617923,0.03987427031881455,0.047534165181224004,0.8390792630057152,0.6836637548982951,0.00013830818185795737,0.04208350077330798,0.0195713722767335,0.02686271357917191,0.10939487191747467
2022-06-18,22,41,5657,5652,0.24663379894390194,0.3340814719763805,185,154,344,356,0.0006365579066413233,0.0022810582230869125,142,115,331,316,0.09041362893988363,0.1944981372660719,0.07042253521126761,0.1522633744855967,0.09794540317854612,0.09765225374896165,0.5285714285714286,0.4617691154422789,0.10844892812105927,0.11147643651166432,0.13320825515947468,0.12644310060472788,0.059452177817691965,0.06258665082194494,0.8720642347906378,0.8386548272332403,0.00018301148037707646,0.0538045093674557,0.024751157394007343,0.03152275144216144,0.1258840667280559
2022-06-19,10,33,5685,5751,0.1681956889710612,0.3080344454658688,161,124,297,306,0.0005621326139906581,0.0020940361852807383,107,118,280,275,0.07652445319555644,0.17151595263449024,0.028169014084507043,0.11934156378600823,0.09843521766131078,0.09938355266034189,0.46,0.37181409295352325,0.09363177805800757,0.09581963363081258,0.10037523452157598,0.1297416162726773,0.05029187247418051,0.054466230936819175,0.5934643676669246,0.7728515771660933,0.00016161408220891557,0.0493931230717366,0.02094893002019573,0.02779797698456263,0.10484816694324625
2022-06-20,6,21,5691,5698,0.12929892396967949,0.23951346221790293,121,107,179,182,0.0003713639325645627,0.001294365462655182,91,92,167,150,0.054295334291420354,0.13447664058514913,0.014084507042253521,0.06995884773662552,0.09854017790761749,0.09845669566738076,0.3457142857142857,0.32083958020989506,0.0564312736443884,0.0569907624863003,0.08536585365853659,0.1011544804837823,0.02999550965424338,0.029708853238265002,0.45530915759519486,0.5997453151636711,0.00010676776197139992,0.030530872888503358,0.01486360386773918,0.02179493220618106,0.07947126621559819
2022-06-21,8,16,5710,5661,0.13563888653701478,0.21540082408023306,97,106,168,148,0.0004140617965182944,0.0009782496917278298,89,87,140,156,0.04570399471296124,0.13006950256301097,0.02112676056338028,0.04938271604938271,0.09887255202092207,0.09780964455908714,0.27714285714285714,0.31784107946026985,0.05296343001261034,0.04634413652732112,0.08348968105065666,0.09565695437053326,0.025145936237090254,0.030897207367795602,0.47782771049557093,0.5388289584919652,0.00011904347044911183,0.023074485416269535,0.012511684133677902,0.021080657414679526,0.07771069670626615
2022-06-22,9,18,5693,5724,0.029680494869540473,0.21115948620172462,92,73,155,150,0.00034072318693251886,0.0013672538168783676,107,84,144,140,0.04298739050907884,0.12663732596457575,0.02464788732394366,0.05761316872427984,0.0985751646563864,0.09891138022996546,0.26285714285714284,0.21889055472263869,0.04886506935687263,0.04697040864255519,0.10037523452157598,0.09235843870258384,0.025864391558149978,0.02772826302238067,0.10148011811449457,0.528113961257017,9.795849550958616e-05,0.032250128494470585,0.011768000918924706,0.02052439681836301,0.057924653652084976
2022-06-23,10,20,5731,5720,0.15335208469175762,0.2409036440496609,104,95,172,167,0.00042848776392590357,0.001321362199681074,85,74,159,151,0.05607928733740612,0.14761676028335535,0.028169014084507043,0.06584362139917696,0.09923991288299557,0.09884142875879859,0.29714285714285715,0.2848575712143928,0.05422446406052964,0.05229372162204478,0.07973733583489681,0.08136338647608576,0.028558599012123934,0.029906912259853435,0.5407422128204749,0.6032573660565843,0.00012319096060451354,0.031167658997467575,0.015351969428799354,0.023924581019219123,0.08253293496220736
2022-06-24,15,26,5700,5718,0.18093933780315816,0.26234754596076604,142,92,210,201,0.00044884659418075547,0.0018039543300262788,104,89,170,180,0.0628521764916254,0.14284851666245543,0.045774647887323945,0.09053497942386832,0.09869761827707756,0.09880645302321514,0.4057142857142857,0.27586206896551724,0.06620428751576292,0.06294034758102396,0.0975609756097561,0.09785596481583288,0.030534351145038167,0.035650623885918005,0.638727810048731,0.6574316281091972,0.00012904415891500985,0.04255081113931873,0.017206079781782853,0.023151781029511872,0.09239755420095913
2022-06-25,14,25,5741,5728,0.19525954340201532,0.2627878528195539,136,107,205,206,0.00048696213802642445,0.0014527162788863562,114,92,172,174,0.06095871112675942,0.14510961608088133,0.04225352112676056,0.08641975308641975,0.09941484662684008,0.09898133170113234,0.38857142857142857,0.32083958020989506,0.06462799495586381,0.06450602786910913,0.10694183864915573,0.1011544804837823,0.03089357880556803,0.0344622697563874,0.689590934853845,0.6585439862635305,0.00014000244257121104,0.03426597613533085,0.016687734706870967,0.023518242508037756,0.09492002377013911
2022-06-26,21,29,5666,5749,0.2345521609018402,0.28362241122340354,157,120,237,221,0.0005233623026084497,0.001536751914395954,129,91,187,201,0.07347245537268746,0.1601286913666874,0.06690140845070422,0.102880658436214,0.09810284354800619,0.09934857692475844,0.44857142857142857,0.3598200899550225,0.07471626733921816,0.06920306873336465,0.12101313320825516,0.1000549752611325,0.03358778625954199,0.0398098633392751,0.8291521509283333,0.7111788486780104,0.00015046755177278325,0.03624816847580403,0.020113431220228028,0.025952417887712003,0.10543687964139822
2022-06-27,22,29,5712,5676,0.24907796425761014,0.28395968111702125,170,113,240,235,0.0005570362211757713,0.0016116380786629593,117,91,197,203,0.07617088155479397,0.15309745246931333,0.07042253521126761,0.102880658436214,0.09890753876969098,0.09807196257596293,0.4857142857142857,0.33883058470764615,0.07566204287515763,0.07358697354000313,0.10975609756097561,0.1000549752611325,0.03538392456219129,0.04020598138245197,0.8807455267272138,0.7120309019878532,0.00016014886061021337,0.03801454746868403,0.02085213811577623,0.02481284915349234,0.10914424350908783
2022-06-28,30,32,5734,5702,0.29267802046314195,0.304997164310696,170,116,247,243,0.0005518308903624652,0.0017289161707532302,139,103,192,213,0.07409507548115304,0.15958378234684448,0.09859154929577464,0.11522633744855967,0.09929239300614892,0.09852664713854763,0.4857142857142857,0.34782608695652173,0.0778688524590164,0.0760920620009394,0.1303939962476548,0.11324903793293019,0.034485855410866635,0.0421865715983363,1.0,0.765178418339407,0.00015865231915175915,0.04078084696099993,0.020283876411754987,0.02586410325481862,0.11616594508289821
2022-06-29,18,32,5755,5655,0.2266942986222228,0.3055039107534492,182,137,236,235,0.0005024287706724648,0.0014769331507675195,115,103,218,240,0.08684284772284419,0.15878877738269373,0.056338028169014086,0.11522633744855967,0.09965975386822241,0.09770471735233682,0.52,0.4107946026986507,0.07440100882723834,0.07358697354000313,0.10787992495309569,0.11324903793293019,0.03915581499775483,0.047534165181224004,0.8012422562644275,0.766458624465034,0.00014444912575190585,0.034837192116051074,0.02377363919283799,0.02573525500859647,0.10570956823132147
2022-06-30,20,28,5715,5675,0.24032799667861848,0.28431024960703144,161,100,224,224,0.0005117760199591543,0.0017277253444079748,108,97,192,201,0.08144757419692046,0.15356390235027614,0.06338028169014084,0.09876543209876543,0.09896001889284434,0.0980544747081712,0.46,0.29985007496251875,0.07061790668348046,0.07014247690621575,0.10131332082551595,0.10665200659703133,0.034485855410866635,0.0398098633392751,0.8496670139266385,0.712916551872092,0.00014713647581316978,0.04075275831924593,0.022296657616170498,0.02488844773692608,0.10571044250815213
2022-07-01,6,22,5693,5676,0.12132682666108982,0.23659710257807623,144,104,189,188,0.00042389909931448257,0.0013675251873347366,89,91,155,165,0.06595695626842694,0.1349018891143419,0.014084507042253521,0.07407407407407407,0.0985751646563864,0.09807196257596293,0.4114285714285714,0.3118440779610195,0.059583858764186634,0.05886957883200251,0.08348968105065666,0.1000549752611325,0.02784014369106421,0.032679738562091505,0.4269935180210207,0.5923776433648268,0.00012187171172750095,0.032256529450883704,0.018056027890606598,0.021863853193679002,0.0790284950741554
2022-07-02,12,21,4988,4969,0.18169524924457658,0.25784740695727476,122,99,168,181,0.0003990734528533608,0.0015013365833875636,70,81,158,175,0.0695025800398652,0.15096193206955907,0.035211267605633804,0.06995884773662552,0.08624233571534781,0.08570804004721724,0.3485714285714286,0.29685157421289354,0.05296343001261034,0.056677626428683264,0.06566604127579738,0.08905992303463442,0.028378985181859002,0.034660328777975834,0.6414126889578402,0.6460628151637292,0.00011473429616362852,0.0354128086021688,0.019026659122377564,0.02446674054953677,0.08421479544983942
2022-07-02,1,8,752,732,0.0036669757352846234,0.002530486798412864,0,0,0,0,0.0,0.0,0,0,0,0,0.0,0.0,0.0,0.01646090534979424,0.01214040182280961,0.011611944213701745,0.0,0.0,0.0,0.0,0.0,0.0,0.0,0.0,0.009084177203459658,0.0010493378362051535,0.0,0.0,0.0,0.0,0.00404348364610508
2022-07-03,8,17,5674,5727,0.14506944293119678,0.21265794627638127,102,116,166,161,0.0003747117679052988,0.0011766289848554013,79,91,148,156,0.0450690768894283,0.1304983028016731,0.02112676056338028,0.053497942386831275,0.09824279054308181,0.09896384383334061,0.2914285714285714,0.34782608695652173,0.05233291298865069,0.05041490527634257,0.07410881801125703,0.1000549752611325,0.0265828468792097,0.030897207367795602,0.5113235680478694,0.5318995581645364,0.00010773027032354586,0.027753761213512074,0.01233787238464421,0.021150154035735565,0.07997050301630106
2022-07-04,4,16,5752,5718,0.10125824772816926,0.2156926218066924,91,107,162,160,0.00027415505589847,0.0012398215044172555,89,99,159,152,0.03606713852181311,0.12778956693214083,0.007042253521126761,0.04938271604938271,0.09960727374506906,0.09880645302321514,0.26,0.32083958020989506,0.0510718789407314,0.050101769218725535,0.08348968105065666,0.10885101704233095,0.028558599012123934,0.03010497128144187,0.35571307250787226,0.5395661343364125,7.882004466423202e-05,0.029244316113122528,0.009873549295299535,0.020711143108752116,0.07223997926447154
2022-07-05,4,16,5644,5730,0.03914444959434607,0.21721578555237625,66,121,165,159,0.00033171135357181614,0.0011559020845559565,104,94,157,152,0.03152855226350554,0.1363628571335795,0.007042253521126761,0.04938271604938271,0.09771798931154825,0.09901630743671577,0.18857142857142858,0.36281859070464767,0.05201765447667087,0.0497886331611085,0.0975609756097561,0.10335349092908191,0.028199371351594074,0.03010497128144187,0.13509460130013765,0.5434141407416733,9.536757809728696e-05,0.027264865011726126,0.00863108989904699,0.022100635573102892,0.06100738972136333
2022-07-06,4,16,5740,5755,0.08075322646128232,0.2159625328704588,91,98,155,152,0.00034062326935055523,0.001224994255270491,117,106,157,148,0.03100910093477107,0.1309921879044153,0.007042253521126761,0.04938271604938271,0.09939735325245563,0.09945350413150876,0.26,0.2938530734632684,0.04886506935687263,0.04759668075778926,0.10975609756097561,0.11654755360087961,0.028199371351594074,0.029312735195088136,0.2828824522608821,0.5402480173612462,9.792976903490085e-05,0.028894578058417778,0.008488887647607864,0.021230199107393148,0.06762008000138996
2022-07-07,8,21,5757,5709,0.14645805056364009,0.2411967056435523,118,116,187,184,0.00042376780667109036,0.0014770453077569885,111,101,168,171,0.04928219920444386,0.14679178780042834,0.02112676056338028,0.06995884773662552,0.09969474061699131,0.09864906221308967,0.33714285714285713,0.34782608695652173,0.05895334174022698,0.05761703460153437,0.10412757973733583,0.11105002748763057,0.030175123484508307,0.0338680926916221,0.5162556846174761,0.6039977348407191,0.0001218339648693139,0.03483983762142635,0.013491234491240891,0.023790875869691877,0.08372062958038681
2022-07-08,8,17,5761,5744,0.14554774966083717,0.21382621461964185,110,98,142,135,0.00040336635006402453,0.0011213554068036048,92,88,132,128,0.054869998229482415,0.12372239455609257,0.02112676056338028,0.053497942386831275,0.09976471411452913,0.09926113758579985,0.3142857142857143,0.2938530734632684,0.04476670870113493,0.042273367778299674,0.08630393996247655,0.09675645959318306,0.023709025594970814,0.02535155476331947,0.5130224385505922,0.534850983499251,0.00011596851141008667,0.02644999451524864,0.015020920831413887,0.020051967315684205,0.07671293799984816
2022-07-09,14,30,5749,5654,0.18943283324709692,0.2809048904141262,143,121,216,210,0.0005957809570897243,0.0014356114619695558,120,108,199,215,0.07649830766677475,0.16559190545609545,0.04225352112676056,0.10699588477366255,0.0995547936219157,0.0976872294845451,0.4085714285714286,0.36281859070464767,0.06809583858764187,0.06575857209957726,0.1125703564727955,0.11874656404617923,0.03574315222272115,0.04258268964151317,0.6688953740417508,0.7043135083558286,0.00017128803805574117,0.033862515902394245,0.020941772558365993,0.026837853307487437,0.09573277434492561
2022-07-10,20,29,5713,5603,0.23910000194519102,0.28394412663430135,143,114,227,230,0.0005807969542852039,0.0015379751434999255,121,105,187,203,0.07557373759271215,0.15413154173513283,0.06338028169014084,0.102880658436214,0.09892503214407543,0.0967953482271674,0.4085714285714286,0.34182908545727136,0.07156368221941993,0.07202129325191796,0.11350844277673545,0.11544804837822979,0.03358778625954199,0.04020598138245197,0.8453053691894059,0.7119916063117931,0.00016698011177500657,0.03627702141831863,0.02068866713949017,0.024980446331304085,0.10580969995989908
2022-07-11,28,35,5663,5712,0.26996290598144596,0.2985995745668901,183,128,256,243,0.0006138157311395635,0.001760793060432444,124,111,204,230,0.08729725587163792,0.16856384059245214,0.09154929577464789,0.12757201646090535,0.09805036342485283,0.09870152581646482,0.5228571428571429,0.383808095952024,0.0807061790668348,0.0760920620009394,0.11632270168855535,0.12204507971412865,0.0366412213740458,0.04555357496533967,0.9549255648638012,0.7490160284570617,0.0001764730662561479,0.0415327437745015,0.023898035566966402,0.027319521532810538,0.1147763057689539
2022-07-12,22,32,5742,5692,0.24647199056402924,0.30457449772075706,195,133,250,259,0.0005365863949540898,0.001725524356986143,133,112,218,226,0.08448827556665972,0.16310889044200091,0.07042253521126761,0.11522633744855967,0.09943234000122454,0.09835176846063044,0.5571428571428572,0.3988005997001499,0.07881462799495587,0.08110223892281196,0.124765478424015,0.12314458493677845,0.03915581499775483,0.04476133887898594,0.8714895167977177,0.7641106252344414,0.00015426950080455048,0.04070084248160662,0.02312906395880974,0.026435425468246065,0.11133418891715982
2022-07-13,22,28,5677,5694,0.24674504809887446,0.28610968448776364,162,122,218,229,0.0006118046050329493,0.001563642931335934,140,105,199,223,0.0781941623083549,0.16724064623684773,0.07042253521126761,0.09876543209876543,0.09829527066623517,0.09838674419621388,0.46285714285714286,0.3658170914542729,0.06872635561160151,0.07170815719430092,0.13133208255159476,0.11544804837822979,0.03574315222272115,0.04416716181422064,0.8724593743446594,0.7174625089082467,0.00017589486408136314,0.036882460909992566,0.02140602076566909,0.027105068441548648,0.1068587725515382
2022-07-14,18,25,5705,5681,0.2225267573780035,0.2629099074742698,148,131,207,210,0.0005464032043106489,0.0013816314032940142,119,103,202,195,0.07517236323063416,0.1500933249622788,0.056338028169014086,0.08641975308641975,0.09878508514899982,0.09815940191492152,0.4228571428571429,0.39280359820089955,0.06525851197982345,0.06575857209957726,0.11163227016885553,0.11324903793293019,0.03628199371351594,0.038621509209744505,0.786439803256902,0.6588523359695088,0.00015709185018420517,0.032589260119938346,0.020578789014630068,0.024325963438102362,0.10064834521088689
2022-07-15,12,24,5739,5694,0.1674649280274427,0.2638256736547796,131,124,201,199,0.0006013700896442097,0.0014966496455015611,87,105,190,188,0.0760497729589397,0.1492669893944717,0.035211267605633804,0.0823045267489712,0.09937985987807119,0.09838674419621388,0.3742857142857143,0.37181409295352325,0.06336696090794451,0.06231407546578988,0.08161350844277673,0.11544804837822979,0.03412662775033678,0.03723509605862547,0.590868819382273,0.6611658588184529,0.00017289492316728916,0.03530225535506631,0.020818984066404433,0.02419203737033665,0.08973864598148557
2022-07-16,8,20,5713,5772,0.14803008058877284,0.24064897887996772,101,107,168,166,0.00042628638953116227,0.0010906736198910223,84,106,159,167,0.0634333241315832,0.14468818037763476,0.02112676056338028,0.06584362139917696,0.09892503214407543,0.099750797883968,0.2885714285714286,0.32083958020989506,0.05296343001261034,0.05198058556442774,0.07879924953095685,0.11654755360087961,0.028558599012123934,0.03307585660526837,0.5218392887643393,0.6026139991126473,0.00012255806172344945,0.025726287213681257,0.017365171689434467,0.02344993947383378,0.08141190453089377
2022-07-17,10,20,5701,5722,0.16834301577490962,0.24028868065680362,119,113,168,169,0.0003205556492842228,0.0012311459927358322,95,94,150,159,0.050056698390577296,0.13876040260742847,0.028169014084507043,0.06584362139917696,0.098715111651462,0.09887640449438202,0.34,0.33883058470764615,0.05296343001261034,0.05291999373727885,0.08911819887429644,0.10335349092908191,0.02694207453973956,0.0314913844325609,0.5939876493725922,0.6017037687618605,9.21602941486929e-05,0.0290396822967621,0.013703257296677283,0.02248921117133616,0.0847868945171215
2022-07-18,2,16,5757,5666,0.07669344680174038,0.216387911800318,101,98,155,146,0.0003203563912448725,0.0011784340517436128,99,83,158,144,0.040935571549842745,0.12802187109058327,0.0,0.04938271604938271,0.09969474061699131,0.09789708389804573,0.2885714285714286,0.2938530734632684,0.04886506935687263,0.04571786441208705,0.09287054409005628,0.09125893347993402,0.028378985181859002,0.0285204991087344,0.26846275150455884,0.5413226627179253,9.210300712361933e-05,0.027796338267141257,0.011206305800616514,0.02074879316724879,0.06649887486379696
2022-07-19,10,20,5731,5750,0.15594025175694554,0.2438574564320908,106,79,181,187,0.00039943557828434826,0.0016034774243588027,108,87,157,171,0.05042212364974867,0.13332631792808727,0.028169014084507043,0.06584362139917696,0.09923991288299557,0.09936606479255017,0.3028571428571429,0.2368815592203898,0.057061790668348045,0.05855644277438547,0.10131332082551595,0.09565695437053326,0.028199371351594074,0.0338680926916221,0.5499349763980903,0.6107196556493725,0.00011483840784069005,0.03782205786166368,0.01380329418504851,0.021608496820698462,0.08485507756952806
2022-07-20,12,21,5682,5723,0.16075553054750652,0.2412369067061436,112,88,189,183,0.00035326735194399916,0.0014625052086394506,102,96,168,163,0.05288040493432383,0.13478777760892732,0.035211267605633804,0.06995884773662552,0.09838273753815742,0.09889389236217375,0.32,0.2638680659670165,0.059583858764186634,0.057303898543917334,0.09568480300187618,0.10555250137438153,0.030175123484508307,0.03228362051891464,0.5670380916016365,0.6040992957837154,0.00010156496427683201,0.034496872724145214,0.01447626028215892,0.021845358884826298,0.0860512406673892
2022-07-21,18,25,5748,5666,0.21637946738452957,0.26158434245371925,114,98,208,212,0.0004439606458970755,0.0016785358731560183,99,92,178,182,0.06085676579233927,0.14570487939474244,0.056338028169014086,0.08641975308641975,0.09953730024753124,0.09789708389804573,0.32571428571428573,0.2938530734632684,0.06557377049180328,0.06638484421481133,0.09287054409005628,0.1011544804837823,0.03197126178715761,0.03604674192909487,0.7646055931268292,0.6555035281317948,0.00012763944047680821,0.039592500619565436,0.016659826690707875,0.023614718174844847,0.09929084457004297
2022-07-22,19,26,5771,5699,0.2022182798752616,0.26041788079300887,124,103,211,211,0.000449614799503299,0.0015606853523883434,89,84,200,182,0.0682301314853115,0.14845190421335602,0.05985915492957746,0.09053497942386832,0.09993964785837364,0.09847418353517247,0.35428571428571426,0.30884557721139433,0.06651954602774275,0.0660717081571943,0.08348968105065666,0.09235843870258384,0.03592276605298608,0.03604674192909487,0.71430727564108,0.6525566670640836,0.00012926501925127374,0.036812698953642635,0.018678320328560573,0.024059934678096726,0.0974988946414393
2022-07-23,17,24,5778,5725,0.21171344324942787,0.26448809714898797,161,110,210,210,0.0004013216527891974,0.001561482241110375,90,96,166,200,0.06714433168321748,0.15270933435342265,0.0528169014084507,0.0823045267489712,0.1000621014790648,0.09892886809775718,0.46,0.32983508245877063,0.06620428751576292,0.06575857209957726,0.08442776735459662,0.10555250137438153,0.029815895823978446,0.03961180431768667,0.7480326070555752,0.6628393557461025,0.00011538065746736603,0.03683149558332768,0.01838107751113224,0.024749945975758122,0.09869551301627369
2022-07-24,14,20,5723,5704,0.19919625766267945,0.24066530443891423,123,110,188,175,0.00043057855966217146,0.0011641896065146121,113,101,171,177,0.058288686643772805,0.14540290841745776,0.04225352112676056,0.06584362139917696,0.09909996588791994,0.09856162287413107,0.3514285714285714,0.32983508245877063,0.05926860025220681,0.054798810082981056,0.10600375234521577,0.11105002748763057,0.0307139649753031,0.035056446821152706,0.703573526610643,0.6026552427777317,0.00012379206793327078,0.02746034711224614,0.015956802910424703,0.023565777058012095,0.09272840141640938
2022-07-25,8,12,5689,5758,0.14774242771091675,0.18760810270781367,72,62,95,95,0.0003825764543972016,0.0010440830076806774,74,71,93,97,0.047996309437509974,0.1030573554822694,0.02112676056338028,0.03292181069958848,0.09850519115884859,0.09950596773488392,0.2057142857142857,0.18590704647676162,0.02994955863808323,0.02974792547361829,0.06941838649155722,0.07806487080813634,0.016704086214638526,0.019211725094078036,0.5208175908476479,0.4686155161330922,0.00010999138106079059,0.02462733015693651,0.01313921610213402,0.01670273786072266,0.07028408704247789
2022-07-26,0,0,103,108,0.003559680742176911,0.0026014014193745764,0,0,0,0,0.0,0.0,0,0,0,0,0.0,0.0,0.0,0.0,0.000787201847300335,0.0006995147116687798,0.0,0.0,0.0,0.0,0.0,0.0,0.0,0.0,0.00870308221234885,0.001228491204620443,0.0,0.0,0.0,0.0,0.0006625459512443875
2022-07-26,10,21,5569,5629,0.1698968521890679,0.24148485073812836,127,113,190,159,0.00047765199786343104,0.0013604671896355852,107,98,154,175,0.057156010672923675,0.14311485666260543,0.028169014084507043,0.06995884773662552,0.09640598623271436,0.09725003278975211,0.3628571428571429,0.33883058470764615,0.05989911727616646,0.0497886331611085,0.10037523452157598,0.10775151181968114,0.027660529860799282,0.034660328777975834,0.599506632666126,0.6047256829505103,0.00013732576144609925,0.03209004877999335,0.01564672752068963,0.023194947353579787,0.08593740845315562
2022-07-27,16,24,5810,5736,0.2130337388937752,0.26326012142049215,141,108,217,209,0.000424214783120657,0.0013934988033818421,111,97,181,178,0.06251739766147167,0.14896564942968443,0.04929577464788732,0.0823045267489712,0.10062188945936726,0.09912123464346609,0.40285714285714286,0.3238380809595202,0.06841109709962169,0.06544543604196024,0.10412757973733583,0.10665200659703133,0.0325101032779524,0.03525450584274114,0.7527220901551367,0.6597370901609698,0.0001219624713584729,0.0328691826719935,0.017114432497911235,0.02414319852312145,0.09961812741224452
2022-07-28,18,24,5727,5715,0.2154124097037166,0.26803267122362306,138,87,205,200,0.00041039071083619135,0.0017483773717731164,97,120,173,186,0.06739898906547089,0.14170768877613163,0.056338028169014086,0.0823045267489712,0.09916993938545776,0.09875398941983998,0.3942857142857143,0.2608695652173913,0.06462799495586381,0.06262721152340692,0.09099437148217636,0.1319406267179769,0.03107319263583296,0.0368389780154486,0.7611707558842089,0.6717941012761002,0.00011798802707426215,0.041239888454101044,0.01845079117071658,0.022966884482920908,0.09828007204782616
2022-07-29,16,25,5737,5738,0.21336768009204948,0.2577850690771198,129,85,210,213,0.0005167361817665319,0.0019438562828063197,96,89,184,180,0.063090660553758,0.14612071501340576,0.04929577464788732,0.08641975308641975,0.09934487312930228,0.09915621037904954,0.36857142857142855,0.25487256371814093,0.06620428751576292,0.06669798027242838,0.0900562851782364,0.09785596481583288,0.033048944768747195,0.035650623885918005,0.7539081969277064,0.6459053294286555,0.00014856253076560557,0.04585075142698593,0.017271365918696248,0.023682113590719648,0.09913805635420292
2022-07-30,18,24,5724,5732,0.2145920553636517,0.2647333232280328,150,138,193,196,0.00047632989467126296,0.0012599700470902926,131,115,170,191,0.060469009523917774,0.14379253700507583,0.056338028169014086,0.0823045267489712,0.0991174592623044,0.09905128317229922,0.42857142857142855,0.41379310344827586,0.06084489281210593,0.061374667292938785,0.12288930581613508,0.12644310060472788,0.030534351145038167,0.03782927312339077,0.758256985904086,0.6634588764808727,0.00013694565453063165,0.029719570292090804,0.016553676583221374,0.02330478053395472,0.09701748609798883
2022-07-31,24,29,5777,5745,0.25304730614409676,0.28451824310503604,168,108,223,216,0.0005317923915583783,0.0018734897924235804,129,131,203,209,0.0774159058189331,0.16058372963196754,0.07746478873239436,0.102880658436214,0.10004460810468035,0.09927862545359158,0.48,0.3238380809595202,0.07030264817150063,0.06763738844527947,0.12101313320825516,0.1440351841671248,0.036461607543780875,0.04139433551198257,0.8948440066947535,0.7134420110125438,0.0001528912166779561,0.044190980338008855,0.021192969380734696,0.02602616696487399,0.108131421462345
2022-08-01,18,28,5681,5690,0.22635259039766942,0.2839104267531264,155,106,226,212,0.0005554332555873513,0.0015540004135299371,117,94,205,195,0.0831699637366339,0.1568880178662881,0.056338028169014086,0.09876543209876543,0.09836524416377297,0.098316792725047,0.44285714285714284,0.31784107946026985,0.0712484237074401,0.06638484421481133,0.10975609756097561,0.10335349092908191,0.03682083520431073,0.038621509209744505,0.8000285622324242,0.7119064694648946,0.00015968800527832672,0.03665501781609533,0.022768169876999946,0.025427194630079773,0.10290511655740837
2022-08-02,16,28,5718,5677,0.21326815489285958,0.2855130875287095,160,126,216,219,0.0005805375262656493,0.0015547476855829123,109,110,201,201,0.08327176018203754,0.15915900329832994,0.04929577464788732,0.09876543209876543,0.0990124990159977,0.09808945044375464,0.45714285714285713,0.3778110944527736,0.06809583858764187,0.06857679661813058,0.1022514071294559,0.12094557449147883,0.03610237988325101,0.0398098633392751,0.7535546990262479,0.7159553111914518,0.0001669055257783288,0.03667264411154338,0.02279603713409247,0.02579525835711225,0.10021708064638415
2022-08-03,15,25,5806,5754,0.197495698844585,0.263732762666466,148,132,200,207,0.0005479912863108826,0.0015240994589976334,111,103,172,178,0.0731982389244628,0.1532125373714618,0.045774647887323945,0.08641975308641975,0.10055191596182946,0.09943601626371705,0.4228571428571429,0.39580209895052476,0.06305170239596469,0.06481916392672617,0.10412757973733583,0.11324903793293019,0.03089357880556803,0.03525450584274114,0.6975334083451568,0.6609311354808192,0.00015754842645918454,0.03594972841491028,0.020038363174075972,0.024831501222947423,0.09528429343933531
2022-08-04,14,27,5687,5672,0.1741494038953333,0.2561122445185676,159,90,219,199,0.0005060869449337422,0.0016964029555882768,102,107,171,184,0.07299386541998523,0.1497311353901616,0.04225352112676056,0.09465020576131687,0.09847020441007968,0.09800201110479605,0.4542857142857143,0.2698650674662669,0.06904161412358134,0.06231407546578988,0.09568480300187618,0.11764705882352941,0.0307139649753031,0.036442859972271736,0.6146110295047608,0.641679231194354,0.00014550085707131733,0.040013940806565396,0.019982414963216604,0.024267262557892005,0.09174039790034844
2022-08-05,14,21,5730,5678,0.18471575656049888,0.23874713240568268,133,110,190,171,0.0003935225915999742,0.0012096321236260172,103,102,169,179,0.05796630928245412,0.15008693139694626,0.04225352112676056,0.06995884773662552,0.09922241950861112,0.09810693831154636,0.38,0.32983508245877063,0.05989911727616646,0.05354626585251292,0.09662288930581614,0.11214953271028037,0.03035473731477324,0.03545256486432957,0.6521410573128851,0.5978093171238532,0.00011313841411621185,0.028532223451418478,0.015868550587143124,0.024324927218559902,0.0900883656115451
2022-08-06,10,20,5687,5709,0.1503127681090105,0.2425328117358902,110,110,178,184,0.00037105026716614256,0.0013382612331076836,74,101,159,161,0.05597368973821686,0.14049949577818277,0.028169014084507043,0.06584362139917696,0.09847020441007968,0.09864906221308967,0.3142857142857143,0.32983508245877063,0.056116015132408575,0.05761703460153437,0.06941838649155722,0.11105002748763057,0.028558599012123934,0.03188750247573777,0.5299470368990582,0.6073731728499239,0.00010667758263608883,0.03156626530795118,0.015323061587928366,0.022771069920869854,0.08318876070487301
2022-08-07,8,16,5632,5750,0.15194208650642427,0.21721701536436858,84,98,163,175,0.00030488970141692153,0.0013343402886027151,84,83,159,135,0.03971620176984935,0.1350262195954055,0.02112676056338028,0.04938271604938271,0.09750806881893483,0.09936606479255017,0.24,0.2938530734632684,0.05138713745271122,0.054798810082981056,0.07879924953095685,0.09125893347993402,0.028558599012123934,0.026737967914438502,0.5357341203611516,0.5434172476462573,8.765630750302802e-05,0.03147377994602063,0.010872497571702486,0.02188400371494539,0.08149305606440915
2022-08-08,6,19,5808,5728,0.12235910298623803,0.21871257622579315,75,104,166,172,0.0002801981735111607,0.0011036066832326443,77,91,150,153,0.03877760555195958,0.12999713350675612,0.014084507042253521,0.06172839506172839,0.10058690271059836,0.09898133170113234,0.21428571428571427,0.3118440779610195,0.05233291298865069,0.05385940191012995,0.07223264540337711,0.1000549752611325,0.02694207453973956,0.030303030303030304,0.43066000166170026,0.5471955201993737,8.0557451251838e-05,0.026031346120407674,0.010615552429794109,0.021068928398636024,0.07692806704325075
2022-08-09,4,18,5755,5657,0.07544437314986394,0.22676942091034025,117,83,164,151,0.0001987214556819864,0.0011568972229776752,93,82,148,152,0.035261927957381894,0.1352190793572012,0.007042253521126761,0.05761316872427984,0.09965975386822241,0.09773969308792026,0.3342857142857143,0.24887556221889057,0.05170239596469105,0.04728354470017222,0.08724202626641651,0.09015942825728422,0.0265828468792097,0.03010497128144187,0.2640262377542785,0.5675497270534826,5.7132756356665776e-05,0.02728833786042037,0.009653119105191737,0.021915260931182703,0.06709460919397776
2022-08-10,3,19,5660,5674,0.04111350678219891,0.22488325511472418,109,104,159,152,0.00027976844276974454,0.0010659790265383651,102,89,146,146,0.041241294041100766,0.1454517308612132,0.0035211267605633804,0.06172839506172839,0.09799788330169948,0.09803698684037948,0.31142857142857144,0.3118440779610195,0.05012610340479193,0.04759668075778926,0.09568480300187618,0.09785596481583288,0.026223619218679838,0.02891661715191127,0.14208838367307777,0.5627846595527092,8.043390293309186e-05,0.02514380296758846,0.011289998774659693,0.023573689821501424,0.06025495866265496
2022-08-11,16,24,5735,5669,0.1854693890811005,0.2643357290977755,136,102,200,205,0.00041460506848743005,0.0015112848983536045,104,92,179,180,0.06353701862092993,0.1455712090134742,0.04929577464788732,0.0823045267489712,0.09930988638053337,0.09794954750142089,0.38857142857142857,0.3058470764617691,0.06305170239596469,0.0641928918114921,0.0975609756097561,0.1011544804837823,0.03215087561742254,0.035650623885918005,0.6548178418525995,0.6624544245535867,0.0001191996620638598,0.03564746469308453,0.01739355854500929,0.0235930539149032,0.09279922221183827
2022-08-12,14,25,5729,5674,0.20027354811541728,0.2631467819065024,147,119,218,185,0.0005644276926963035,0.0013791016592086475,130,108,180,184,0.06624118750468293,0.15346821302182287,0.04225352112676056,0.08641975308641975,0.09920492613422666,0.09803698684037948,0.42,0.3568215892053973,0.06872635561160151,0.0579301706591514,0.12195121951219512,0.11874656404617923,0.032330489447687474,0.036442859972271736,0.7073998933740737,0.6594507577314871,0.0001622739212386721,0.03252958972750348,0.018133837532220948,0.02487293915181108,0.09595721241686625
2022-08-13,28,36,5665,5712,0.25189108494999257,0.2942170161160167,158,142,261,231,0.000625020551271285,0.001704756234734371,122,113,216,224,0.08826919502428227,0.1824567621956098,0.09154929577464789,0.13168724279835392,0.09808535017362174,0.09870152581646482,0.4514285714285714,0.4257871064467766,0.08228247162673392,0.07233442930953499,0.11444652908067542,0.12424409015942826,0.038796587337224964,0.04436522083580907,0.8907372903147364,0.7379442621823076,0.00017969447109343113,0.040210973956143134,0.024164108494539014,0.029571178647154372,0.11156075865784368
2022-08-14,23,33,5739,5683,0.25091834172068644,0.30411218537975343,186,128,254,252,0.000584501359747085,0.0017795027499404468,132,108,202,250,0.08090424759478748,0.17000330073659348,0.07394366197183098,0.11934156378600823,0.09937985987807119,0.09819437765050497,0.5314285714285715,0.383808095952024,0.08007566204287515,0.07891028651949272,0.12382739212007504,0.11874656404617923,0.03628199371351594,0.04951475539710834,0.8872822588953917,0.7629426740837828,0.00016804513464318969,0.041974058973827374,0.022147919396021343,0.027552818082445828,0.11203572282874835
2022-08-15,22,34,5791,5732,0.23143908751069175,0.2991847256472186,183,133,256,246,0.0005585438996158686,0.0016316468961316169,111,110,208,236,0.09442946441664218,0.17310168617434182,0.07042253521126761,0.12345679012345678,0.10028951534606267,0.09905128317229922,0.5228571428571429,0.3988005997001499,0.0807061790668348,0.07703147017379051,0.10412757973733583,0.12094557449147883,0.03735967669510552,0.04674192909487027,0.8180950023889227,0.7504943101661229,0.0001605823207249587,0.0384865058764213,0.025850511298049605,0.02805498039309327,0.10868816915499244
2022-08-16,18,28,5758,5689,0.2284587112975332,0.28528045212627184,182,120,241,218,0.0005627246004222242,0.0015416985331817088,128,106,189,220,0.07705136882999136,0.15872667566527962,0.056338028169014086,0.09876543209876543,0.09971223399137577,0.09829930485725528,0.52,0.3598200899550225,0.07597730138713746,0.06826366056051354,0.1200750469043152,0.11654755360087961,0.03394701392007184,0.04357298474945534,0.807509173418131,0.7153675985957396,0.00016178427931443217,0.03636484695165425,0.02109317566052871,0.02572519004329812,0.10497123944318003
2022-08-17,20,29,5759,5694,0.23887905271304058,0.28280260513553096,162,113,245,226,0.0005361394132865795,0.0016203060027311777,107,107,209,199,0.07933717648954625,0.15311918868810076,0.06338028169014084,0.102880658436214,0.09972972736576022,0.09838674419621388,0.46285714285714286,0.33883058470764615,0.07723833543505675,0.07076874902144982,0.10037523452157598,0.11764705882352941,0.03753929052537045,0.039413745296098236,0.8445205921627856,0.7091077521946909,0.00015414099281522382,0.03821900231205656,0.021718926289249613,0.024816371991457576,0.10767557612951786
2022-08-18,4,8,942,916,0.2598522916414677,0.37527830077285196,28,24,49,54,0.0006876120796117329,0.002103683354486615,24,26,50,54,0.11531914042781358,0.19276310920567183,0.007042253521126761,0.01646090534979424,0.01546414295585547,0.014829711887378132,0.08,0.07196401799100449,0.01544766708701135,0.016909347111319868,0.0225140712945591,0.028587135788894998,0.00898069151324652,0.0106951871657754,0.9190142481246246,0.9427313991280639,0.00019768964190371773,0.04962067588062746,0.03156915864054381,0.031241551534224286,0.05837742849839475
2022-08-18,15,23,4706,4718,0.21739247717773932,0.2773542522470803,113,97,203,205,0.0005342256115397152,0.0015070962396747977,75,69,168,172,0.07396251930094512,0.1803177001589513,0.045774647887323945,0.07818930041152264,0.08130920413893238,0.08131858523149565,0.32285714285714284,0.2908545727136432,0.06399747793190416,0.0641928918114921,0.07035647279549719,0.07586586036283673,0.030175123484508307,0.034066151713210535,0.7682036450671548,0.6953434429585447,0.00015359077155932915,0.03554866461738284,0.020247588532169306,0.029224496042124036,0.09316836387026092
2022-08-19,22,33,5681,5734,0.24355141572203867,0.30481982067478824,162,106,267,282,0.0006116780522440561,0.0025434167072498387,128,127,256,280,0.08092996716552951,0.17609442940109377,0.07042253521126761,0.11934156378600823,0.09836524416377297,0.09908625890788265,0.46285714285714286,0.31784107946026985,0.08417402269861286,0.08830436824800376,0.1200750469043152,0.13963716327652556,0.04598114054782218,0.05545652604476134,0.8611160929201515,0.7647303907068962,0.00017585847993940287,0.05999289569442662,0.02215496024982852,0.028540021032521387,0.11431516648641846
2022-08-20,6,35,5778,5635,0.131439426318564,0.33366548162665605,151,126,270,287,0.0005891590661555661,0.001846926691687882,107,120,248,264,0.07220277190285344,0.17976086737890754,0.014084507042253521,0.12757201646090535,0.1000621014790648,0.09735495999650243,0.43142857142857144,0.3778110944527736,0.08511979823455233,0.08987004853608893,0.10037523452157598,0.1319406267179769,0.04454422990570274,0.05228758169934641,0.4629118862966349,0.8376039004797627,0.00016938423315423565,0.043564422634265354,0.019765849381395674,0.02913424889854263,0.0947397079481994
2022-08-21,11,32,5695,5673,0.15583261702446782,0.27713376940270623,137,125,275,272,0.0005765353162006471,0.0017251251908358693,121,113,237,245,0.056492448595816834,0.1622154984148544,0.03169014084507042,0.11522633744855967,0.09861015140515529,0.09801949897258777,0.3914285714285714,0.3748125937031484,0.08669609079445145,0.08517300767183342,0.11350844277673545,0.12424409015942826,0.04256847777278851,0.04852446028916617,0.5495526747060101,0.6947864316721314,0.00016575488358044812,0.04069142714154462,0.015465074272128109,0.026290631408991797,0.09815123404307342
2022-08-22,8,26,5713,5683,0.1512641247706294,0.27497064127211424,135,133,255,247,0.0004942221344451334,0.0014196995929576222,91,105,229,232,0.06837516002175059,0.15271533149794414,0.02112676056338028,0.09053497942386832,0.09892503214407543,0.09819437765050497,0.38571428571428573,0.3988005997001499,0.08039092055485499,0.07734460623140754,0.08536585365853659,0.11544804837822979,0.04113156713066906,0.045949693008516534,0.5333261065835018,0.689321667344918,0.00014208970388437364,0.033487194353544115,0.018718022574495348,0.02475091794648633,0.09439502093034673
2022-08-23,10,28,5785,5689,0.16207172329470426,0.28483455606618086,155,115,262,256,0.0004255350531981441,0.001644556633127821,114,110,261,255,0.05214902583940415,0.16266321446544627,0.028169014084507043,0.09876543209876543,0.10018455509975596,0.09829930485725528,0.44285714285714284,0.3448275862068966,0.08259773013871374,0.08016283074996086,0.10694183864915573,0.12094557449147883,0.046879209699146836,0.050505050505050504,0.5717130018538781,0.7142411203033219,0.00012234205125035322,0.038791014572478896,0.014276041805085293,0.026363193758317367,0.09835175644583546
2022-08-24,20,37,5702,5710,0.22082557614026888,0.32295026798064647,169,164,318,331,0.0006338725894035243,0.002067726803535421,131,127,291,297,0.08952336558278798,0.1931693673738264,0.06338028169014084,0.13580246913580246,0.09873260502584646,0.09866655008088139,0.4828571428571429,0.4917541229385307,0.10025220680958385,0.10364803507123846,0.12288930581613508,0.13963716327652556,0.05226762460709475,0.058823529411764705,0.7803974742544525,0.8105337900859058,0.0001822394471058778,0.04877254997007669,0.02450744360072245,0.03130739471111068,0.1174294695650701
2022-08-25,14,24,5722,5659,0.18742204233010365,0.2661244983242413,133,98,203,206,0.0004563862869616082,0.0016089213025546989,110,117,182,198,0.06457731168040566,0.15411182882076238,0.04225352112676056,0.0823045267489712,0.0990824725135355,0.09777466882350369,0.38,0.2938530734632684,0.06399747793190416,0.06450602786910913,0.10318949343339587,0.12864211105002749,0.03268971710821733,0.0392156862745098,0.6617533600069677,0.6669734366824395,0.00013121183340780303,0.03795046545442998,0.017678343676995282,0.02497725141484558,0.09359978025663626
2022-08-26,17,42,5662,5696,0.20510904070517755,0.3376397099942082,203,139,339,357,0.0007294853552593473,0.002279960116160015,149,129,317,332,0.08901937343752896,0.19843330803422154,0.0528169014084507,0.15637860082304528,0.09803287005046839,0.09842171993179731,0.58,0.41679160419790107,0.10687263556116015,0.11178957256928135,0.1397748592870544,0.14183617372182517,0.05693758419398293,0.06575559516735988,0.7245748048227479,0.8476440923223304,0.00020972827984153111,0.05377860774695485,0.024369473373679097,0.03216053343714859,0.1181665920258435
2022-08-27,16,33,5667,5649,0.2147582925864577,0.30321850445581733,162,115,278,266,0.000674724167699235,0.0021490119002128185,121,120,260,264,0.08232685336363857,0.17210705071587748,0.04929577464788732,0.11934156378600823,0.09812033692239064,0.09759979014558649,0.46285714285714286,0.3448275862068966,0.08764186633039092,0.08329419132613121,0.11350844277673545,0.1319406267179769,0.0466995958688819,0.05228758169934641,0.7588474344526398,0.7606849457671062,0.0001939843453180222,0.05068986391732658,0.022537364435528253,0.027893777582755602,0.10903475050957351
2022-08-28,12,33,5662,5725,0.18463827997595983,0.3026153049235018,162,120,253,260,0.0006207026168761474,0.0019894649737267492,152,107,241,240,0.07829831694750529,0.17035488928043357,0.035211267605633804,0.11934156378600823,0.09803287005046839,0.09892886809775718,0.46285714285714286,0.3598200899550225,0.07976040353089534,0.081415374980429,0.1425891181988743,0.11764705882352941,0.04328693309384823,0.047534165181224004,0.6518658726333301,0.759161067805477,0.0001784530576138708,0.04692654739441404,0.021434533589423144,0.027609800830112052,0.10096840845553148
2022-08-29,23,44,5687,5679,0.23189375557013545,0.35759577074592824,195,159,376,355,0.0008152396899231122,0.0022800087805954824,145,132,314,353,0.10415564987591673,0.2043443608965982,0.07394366197183098,0.1646090534979424,0.09847020441007968,0.09812442617933809,0.5571428571428572,0.4767616191904048,0.11853720050441362,0.11116330045404728,0.13602251407129456,0.1451346893897746,0.05639874270318815,0.06991483462071697,0.8197099120417722,0.8980595842968426,0.00023438279684906215,0.053779755620361795,0.028513100444934478,0.03311855109614177,0.12595982857728844
2022-08-30,20,32,5734,5698,0.2258718131648172,0.3053695118657173,155,101,290,288,0.0006455028512737546,0.0021407967449461494,136,123,274,262,0.07687531229634649,0.1796092628416443,0.06338028169014084,0.11522633744855967,0.09929239300614892,0.09845669566738076,0.44285714285714284,0.3028485757121439,0.0914249684741488,0.09018318459370596,0.1275797373358349,0.13523914238592633,0.04921418949259093,0.05189146365616954,0.7983209168896805,0.7661190892165635,0.0001855831671662795,0.050496088767693424,0.021044979354003013,0.02910967800952113,0.11353846426882919
2022-08-31,26,38,5688,5695,0.26978697912205984,0.32886470548729885,195,139,334,318,0.0006979015548729517,0.0021565868917460844,134,118,316,293,0.0981443998464017,0.19212089520356607,0.08450704225352113,0.13991769547325103,0.09848769778446413,0.0984042320640056,0.5571428571428572,0.41679160419790107,0.10529634300126103,0.099577266322217,0.12570356472795496,0.1297416162726773,0.056757970363718005,0.058031293325410974,0.9543007002454997,0.8254755804702972,0.00020064788353454555,0.05086853919127835,0.026867492394911558,0.031137466463561827,0.127111099965212
2022-09-01,14,32,5746,5728,0.18730336063461603,0.3046343569019334,143,114,293,315,0.0006016746368649095,0.00197900380968078,118,113,260,266,0.0659421672289268,0.17834013731833664,0.04225352112676056,0.11522633744855967,0.09950231349876235,0.09898133170113234,0.4085714285714286,0.34182908545727136,0.09237074401008827,0.0986378581493659,0.11069418386491557,0.12424409015942826,0.0466995958688819,0.05268369974252327,0.6613318212344971,0.7642618489707159,0.00017298248101100372,0.046679794464914444,0.018051979321285067,0.02890398797576311,0.10807499447863297
2022-09-02,21,40,5709,5695,0.2306105604393407,0.34029652364730073,189,153,363,357,0.0007258933620667081,0.0022584512530762556,136,124,330,340,0.09033478211160853,0.19226528362634035,0.06690140845070422,0.14814814814814814,0.09885505864653762,0.0984042320640056,0.54,0.4587706146926537,0.11443883984867591,0.11178957256928135,0.1275797373358349,0.13633864760857614,0.05927256398742703,0.06734006734006734,0.8151522041487977,0.8543560666479105,0.00020869557569186813,0.053271266981357326,0.02472957270285472,0.03116086782064533,0.12506232031402442
2022-09-03,18,33,5650,5683,0.21743708149036703,0.3036445856109302,156,139,289,290,0.0006540859073246307,0.0015106773505354145,127,126,280,274,0.07683069655782929,0.18259615484977343,0.056338028169014086,0.11934156378600823,0.09782294955785496,0.09819437765050497,0.44571428571428573,0.41679160419790107,0.09110970996216898,0.09080945670894003,0.11913696060037524,0.13853765805387575,0.05029187247418051,0.054268171915230735,0.7683620725914224,0.7617613651728866,0.00018805081037303546,0.035633134145997156,0.021032765585136115,0.02959377032876031,0.11196237822729276
2022-09-04,25,41,5705,5730,0.2497365948315537,0.3399723060170326,201,136,352,352,0.0006677673423977845,0.002461801462713855,141,107,318,330,0.08820749228762494,0.1924839118359946,0.08098591549295775,0.1522633744855967,0.09878508514899982,0.09901630743671577,0.5742857142857143,0.4077961019490255,0.11097099621689786,0.11022389228119618,0.13227016885553472,0.11764705882352941,0.05711719802424787,0.06535947712418301,0.8830848792491937,0.8535369875951786,0.0001919842462164953,0.05806779437753831,0.024147217079333656,0.031196301387300764,0.12708811671559073
2022-09-05,22,40,5719,5764,0.2502320974829344,0.3434715390338347,197,133,331,332,0.0006622144480626184,0.0023573216231391786,119,135,312,311,0.10655385618252715,0.19164567642794442,0.07042253521126761,0.14814814814814814,0.09902999239038214,0.09961089494163425,0.5628571428571428,0.3988005997001499,0.10435056746532156,0.10396117112885549,0.11163227016885553,0.14843320505772403,0.056039515042658285,0.06159635571400277,0.8848448269695289,0.8623771868845264,0.00019038777965461054,0.055603373938721765,0.029169620733459595,0.031060446685608496,0.12439395492430644
2022-09-06,16,33,5699,5645,0.21537026915838928,0.3056885446349784,165,135,301,279,0.0006612009520595075,0.0015824328661507396,123,113,253,272,0.07360054713473309,0.16889575666930054,0.04929577464788732,0.11934156378600823,0.09868012490269311,0.09752983867441962,0.4714285714285714,0.4047976011994003,0.09489281210592686,0.08736496007515265,0.11538461538461539,0.12424409015942826,0.04544229905702739,0.05387205387205387,0.7610210792750608,0.766925069626144,0.0001900963978306627,0.0373256688971999,0.020148496944283584,0.027373315919416084,0.11162485208857673
2022-09-07,22,43,5699,5650,0.2505244853417593,0.33617429807976384,188,161,350,344,0.0007135883415101122,0.0021724463874445575,146,135,334,354,0.09548183860999303,0.19451888336752426,0.07042253521126761,0.16049382716049382,0.09868012490269311,0.09761727801337822,0.5371428571428571,0.4827586206896552,0.11034047919293821,0.1077188038202599,0.13696060037523453,0.14843320505772403,0.05999101930848676,0.07011289364230541,0.8858833427961521,0.8439419858028532,0.00020515786136197312,0.05124262538348297,0.026138603697419365,0.03152611380957878,0.12706012269205774
2022-09-08,22,31,5724,5655,0.23665819349226416,0.29187541021020497,148,121,280,288,0.0005648372924451704,0.0018779062405627509,97,111,255,259,0.07384728987547412,0.17396555916518233,0.07042253521126761,0.1111111111111111,0.0991174592623044,0.09770471735233682,0.4228571428571429,0.36281859070464767,0.08827238335435057,0.09018318459370596,0.09099437148217636,0.12204507971412865,0.04580152671755725,0.051297286591404236,0.8366324484527572,0.7320286050182682,0.0001623916818628355,0.04429515340245317,0.020216043933421367,0.02819499023560713,0.11418241570748819
2022-09-09,18,37,5636,5679,0.227725916080863,0.3230858858465901,179,152,330,326,0.0006518382729318753,0.002000660670457243,136,113,303,299,0.07833461635993921,0.17863876621132652,0.056338028169014086,0.13580246913580246,0.09757804231647263,0.09812442617933809,0.5114285714285715,0.45577211394302847,0.10403530895334175,0.10208235478315328,0.1275797373358349,0.12424409015942826,0.05442299057027391,0.05921964745494157,0.8049063997145843,0.8108764048693115,0.0001874046116638953,0.047190626129237336,0.021444470724797497,0.028952387433462234,0.11931657341370686
2022-09-10,8,16,1815,1775,0.23676989373423157,0.3841982235218616,60,54,159,139,0.0008213883811574858,0.0022555123496733652,41,29,136,118,0.09415699415004103,0.2006153644547294,0.02112676056338028,0.04938271604938271,0.03073585879348197,0.02985179032046518,0.17142857142857143,0.1619190404797601,0.05012610340479193,0.04352591200876781,0.038461538461538464,0.03188565145684442,0.024427480916030534,0.023370964547435136,0.8370291901970519,0.9652660215348033,0.0002361505560323886,0.053201945534815345,0.02577592127735354,0.03251418423886473,0.07367913432768672
2022-09-10,5,12,3973,3880,0.09412217069114025,0.2230531846675359,65,82,122,120,0.0003462479420552451,0.0011863672367124403,58,57,121,119,0.045807470129515346,0.13239819249842863,0.01056338028169014,0.03292181069958848,0.06848656071512914,0.06666375202203471,0.18571428571428572,0.24587706146926536,0.038461538461538464,0.03757632691404415,0.054409005628517824,0.06267179769103903,0.021733273462056578,0.02356902356902357,0.3303668458459952,0.5581613071240461,9.954687200005474e-05,0.027983462436375044,0.0125400110170424,0.021458073440621277,0.05549559650187714
2022-09-11,10,24,5719,5773,0.1528931059198158,0.2635181536839061,152,132,279,255,0.0005391109018397968,0.001604713146908819,122,113,227,266,0.0602862147538556,0.1574302545249049,0.028169014084507043,0.0823045267489712,0.09902999239038214,0.09976828575175972,0.4342857142857143,0.39580209895052476,0.08795712484237074,0.07984969469234382,0.11444652908067542,0.12424409015942826,0.0407723394701392,0.05268369974252327,0.539111992192774,0.6603889634774103,0.00015499530082612763,0.03785120549360266,0.016503635652692875,0.02551507614736661,0.09743208054155807
2022-09-12,6,28,5731,5644,0.11227739266373596,0.2877986742925754,155,124,270,289,0.0005589639549563956,0.002115422550577656,103,132,249,249,0.06965347060780058,0.17280794695854235,0.014084507042253521,0.09876543209876543,0.09923991288299557,0.0975123508066279,0.44285714285714284,0.37181409295352325,0.08511979823455233,0.090496320651323,0.09662288930581614,0.1451346893897746,0.04472384373596767,0.04931669637551991,0.3948513474603002,0.7217294458057094,0.00016070308734950002,0.049897574418180816,0.01906796612708504,0.02800737341639613,0.09115047218772115
2022-09-13,8,21,5721,5757,0.13093610759771268,0.23874242766340348,114,105,189,196,0.0004754424268149613,0.0015748013501222559,111,104,187,193,0.04906816525069337,0.15237243476035656,0.02112676056338028,0.06995884773662552,0.09906497913915105,0.09948847986709221,0.32571428571428573,0.3148425787106447,0.059583858764186634,0.061374667292938785,0.10412757973733583,0.11434854315557999,0.03358778625954199,0.03822539116656764,0.4611241771231399,0.59779743141657,0.00013669050601315303,0.037145660350514594,0.013432641686825723,0.02469534389944795,0.0822039346905678
2022-09-14,12,30,5667,5717,0.18480716265796956,0.29301275971070184,162,124,271,267,0.0006659640163561908,0.0017093402265750206,114,109,241,249,0.08086665627307227,0.1713196813165203,0.035211267605633804,0.10699588477366255,0.09812033692239064,0.09878896515542343,0.46285714285714286,0.37181409295352325,0.08543505674653215,0.08360732738374824,0.10694183864915573,0.11984606926882903,0.04328693309384823,0.04931669637551991,0.6524657174381538,0.7349019193125018,0.00019146578691368665,0.04031909896121065,0.022137628594387435,0.027766166849727623,0.10283978777297562
2022-09-15,12,35,5728,5667,0.1794854016964517,0.3027845139467938,149,146,292,293,0.0006530054683659806,0.001698422195154355,129,125,270,278,0.06981891351613861,0.17485141973020724,0.035211267605633804,0.12757201646090535,0.09918743275984221,0.09791457176583745,0.4257142857142857,0.43778110944527737,0.09205548549810845,0.09174886488179114,0.12101313320825516,0.13743815283122596,0.048495734171531205,0.055060408001584474,0.6335636569823829,0.7595885447640774,0.00018774018233555978,0.04006156966279037,0.019113256903619622,0.028338563653821886,0.10570469551993303
2022-09-16,24,46,5655,5672,0.24814990370775603,0.35685755558781096,219,165,376,366,0.0007578384442349803,0.002148222607996974,162,123,337,344,0.0958646810838817,0.20512064742634964,0.07746478873239436,0.1728395061728395,0.09791041642977723,0.09800201110479605,0.6257142857142857,0.4947526236881559,0.11853720050441362,0.11460779708783467,0.15196998123827393,0.13523914238592633,0.06052986079928154,0.06813230342642107,0.8774492011788083,0.8961946130060371,0.00021787984112536156,0.050671246470392846,0.02624340863047465,0.03324436560351557,0.12956160338001582
2022-09-17,22,33,5677,5647,0.25061057639687456,0.3003509069306778,211,148,325,305,0.0006449875156513845,0.0019946208830847498,146,130,261,268,0.07743224908827086,0.18063384332618782,0.07042253521126761,0.11934156378600823,0.09829527066623517,0.09756481441000306,0.6028571428571429,0.44377811094452774,0.10245901639344263,0.09550649757319556,0.13696060037523453,0.14293567894447498,0.046879209699146836,0.05307981778570014,0.8861891247244005,0.7534404629098197,0.00018543500729872148,0.04704816251608984,0.021197443427805416,0.02927573407772178,0.12102617590473691
2022-09-18,33,48,5670,5622,0.3001543498353717,0.3738299834078822,221,165,401,405,0.0007988568891115607,0.0024923530303470353,149,137,339,354,0.0950141973831832,0.20362234793321068,0.10915492957746478,0.18106995884773663,0.098172817045544,0.09712761771521007,0.6314285714285715,0.4947526236881559,0.12641866330390922,0.12682010333489901,0.1397748592870544,0.15063221550302364,0.060889088459811405,0.07011289364230541,1.0,0.9390724789935435,0.00022967271376319733,0.05878843012908233,0.02601058470576499,0.033001532827983515,0.13959252730631472
2022-09-19,26,46,5692,5632,0.27104599968277443,0.36637644946101805,193,147,372,374,0.0008077361232637743,0.0022366038325699607,125,134,325,340,0.10613740408339202,0.19473218078939178,0.08450704225352113,0.1728395061728395,0.09855767128200194,0.09730249639312727,0.5514285714285714,0.4407796101949025,0.11727616645649433,0.11711288554877095,0.11726078799249531,0.14733369983507422,0.05837449483610238,0.06734006734006734,0.9587725438562466,0.920242431041946,0.00023222550867762283,0.0527559404853528,0.029055615006959978,0.03156068340344376,0.13349406093644606
2022-09-20,22,41,5752,5663,0.24832266498600983,0.34194669124469873,196,134,326,326,0.0006743457999647336,0.001967484447739141,119,105,283,296,0.09702602679576922,0.1836856980242197,0.07042253521126761,0.1522633744855967,0.09960727374506906,0.09784462029467057,0.56,0.4017991004497751,0.10277427490542244,0.10208235478315328,0.11163227016885553,0.11544804837822979,0.0508307139649753,0.05862547039017627,0.8780628221493072,0.8585249260384618,0.00019387556395108674,0.04640808127003717,0.026561332497051178,0.029770355046518242,0.12264871230217629
2022-09-21,16,40,5681,5621,0.2137590650620908,0.33984770354557636,194,153,339,336,0.0006873591424037239,0.002099900424656062,124,120,320,316,0.10034250935315861,0.19144085690946713,0.04929577464788732,0.14814814814814814,0.09836524416377297,0.09711012984741835,0.5542857142857143,0.4587706146926537,0.10687263556116015,0.10521371535932363,0.11632270168855535,0.1319406267179769,0.057476425684777725,0.06258665082194494,0.7552983349701131,0.8532222012764825,0.0001976169220263944,0.049531445942766004,0.02746923524064092,0.0310272511246524,0.11854593156196833
2022-09-22,16,28,5752,5784,0.20509656253056482,0.28524439645533933,146,122,267,262,0.0005916225015175823,0.001781009494602909,121,99,255,239,0.06266092985009397,0.16426621489404783,0.04929577464788732,0.09876543209876543,0.09960727374506906,0.09996065229746863,0.41714285714285715,0.3658170914542729,0.08417402269861286,0.08204164709566307,0.11350844277673545,0.10885101704233095,0.04580152671755725,0.04733610615963557,0.7245304843031657,0.7152765102586601,0.00017009247500892344,0.04200959934560977,0.01715372511157304,0.026622995650421657,0.10645776416016003
2022-09-23,6,28,5669,5695,0.08510551918905689,0.28552822428649227,149,118,280,268,0.0005651636742562042,0.0022102914302781036,108,114,251,247,0.0769509103375775,0.16365420738865752,0.014084507042253521,0.09876543209876543,0.09815532367115955,0.0984042320640056,0.4257142857142857,0.3538230884557721,0.08827238335435057,0.08392046344136528,0.10131332082551595,0.12534359538207807,0.04508307139649753,0.04892057833234304,0.2983411135680113,0.715993551558627,0.0001624855171883923,0.05213529613648712,0.021065674674378126,0.02652380621475748,0.08601529358181122
2022-09-24,6,25,5695,5759,0.11285283206866552,0.2622856911854779,139,135,247,258,0.00043058010455814823,0.0015607592789965519,113,99,246,248,0.047255780741059544,0.16302931703225843,0.014084507042253521,0.08641975308641975,0.09861015140515529,0.09952345560267564,0.39714285714285713,0.4047976011994003,0.0778688524590164,0.08078910286519493,0.10600375234521577,0.10885101704233095,0.044185002245172876,0.049118637353931474,0.3968952179947462,0.6572753628539487,0.00012379251209349061,0.03681444269908657,0.012936492878483629,0.026422528826396553,0.0879915266289925
2022-09-25,10,34,5654,5647,0.15449895064687785,0.3002658716146388,142,151,296,327,0.0006810233134793357,0.0018814536659070191,128,113,272,304,0.06247769303473221,0.1829860800980333,0.028169014084507043,0.12345679012345678,0.09789292305539277,0.09756481441000306,0.4057142857142857,0.4527736131934033,0.09331651954602774,0.10239549084077032,0.1200750469043152,0.12424409015942826,0.04885496183206107,0.06020994256288374,0.5448157008585707,0.7532256360786805,0.0001957953604390343,0.04437882837323394,0.0171035631690587,0.02965696639251029,0.10317987745502409
2022-09-26,2,24,5700,5697,0.07585296408897445,0.2637777970335998,142,134,242,262,0.0003839864495322769,0.0015979435070505267,125,111,237,236,0.043859940405351246,0.17106536886748633,0.0,0.0823045267489712,0.09869761827707756,0.09843920779958903,0.4057142857142857,0.4017991004497751,0.07629255989911728,0.08204164709566307,0.11726078799249531,0.12204507971412865,0.04256847777278851,0.04674192909487027,0.26547748870083443,0.6610449069211378,0.00011039675705926987,0.03769152646941849,0.012006865568756677,0.027724949857975262,0.08084168981727322
2022-09-27,16,36,5678,5708,0.2149195570710088,0.3227495459746949,186,131,339,301,0.0007566355335510557,0.0023093123253118014,141,129,315,307,0.08188665005146491,0.19254112599436832,0.04929577464788732,0.13168724279835392,0.09831276404061962,0.09863157434529794,0.5314285714285715,0.39280359820089955,0.10687263556116015,0.09425395334272742,0.13227016885553472,0.14183617372182517,0.05657835653345308,0.06080411962764904,0.7594202206146631,0.8100267010964474,0.00021753400225865422,0.05447095360480218,0.022416856702427327,0.031205574214890473,0.11707276820003965
2022-09-28,12,36,5670,5698,0.1580818074162491,0.30328724326065,185,150,329,299,0.0007140376717738371,0.002027227302957413,139,126,298,302,0.08454618500536183,0.19224066525099331,0.035211267605633804,0.13168724279835392,0.098172817045544,0.09845669566738076,0.5285714285714286,0.4497751124437781,0.10372005044136191,0.09362768122749335,0.1303939962476548,0.13853765805387575,0.05352492141894926,0.05981382451970687,0.5575414462929743,0.7608586023171887,0.00020528704457670438,0.04781726713855044,0.023144916940807263,0.03115687786507104,0.105695182157298
2022-09-29,16,33,5722,5714,0.21546995132255276,0.3041422511590622,167,130,305,299,0.0007131500074222552,0.001771556186931282,134,112,272,278,0.06927586168041855,0.1796833690136226,0.04929577464788732,0.11934156378600823,0.0990824725135355,0.09873650155204827,0.47714285714285715,0.38980509745127434,0.09615384615384616,0.09362768122749335,0.12570356472795496,0.12314458493677845,0.04885496183206107,0.055060408001584474,0.7613751346914925,0.7630186300088677,0.0002050318395664986,0.041786619249782504,0.018964593902072044,0.02912168856382483,0.11350053488231408
2022-09-30,26,45,5759,5681,0.25011602677987027,0.3567917930729801,206,160,375,385,0.0008530695951666142,0.0021360507896938893,154,108,329,330,0.09533808849067756,0.20450680159639284,0.08450704225352113,0.16872427983539096,0.09972972736576022,0.09815940191492152,0.5885714285714285,0.47976011994003,0.1182219419924338,0.12055738218255832,0.14446529080675422,0.11874656404617923,0.0590929501571621,0.06535947712418301,0.8844325620327295,0.8960284755313158,0.0002452589589215236,0.05038414344720871,0.026099251424202347,0.03314487822644591,0.1308244013595904
2022-10-01,28,39,5777,5709,0.27611948379181095,0.33002963190158874,176,127,316,305,0.0007028322784441968,0.001827393705410199,117,99,274,275,0.0855128068315853,0.1862533718397336,0.09154929577464789,0.1440329218106996,0.10004460810468035,0.09864906221308967,0.5028571428571429,0.3808095952023988,0.09962168978562422,0.09550649757319556,0.10975609756097561,0.10885101704233095,0.04921418949259093,0.054466230936819175,0.9767927638630935,0.8284185630068416,0.000202065474944045,0.043103687904868696,0.02340953422519088,0.030186503728499015,0.12560980016137957
2022-10-02,34,48,5710,5598,0.3122545864446131,0.3732104513498678,195,151,386,401,0.0008051366130867534,0.002594545159444047,126,103,348,346,0.1082050230408244,0.2096843333304792,0.11267605633802817,0.18106995884773663,0.09887255202092207,0.09670790888820881,0.5571428571428572,0.4527736131934033,0.12168978562421186,0.12556755910443088,0.11819887429643527,0.11324903793293019,0.06250561293219578,0.06852842146959794,1.0,0.9375073397665504,0.0002314781450822792,0.061198889148335045,0.029621635449301357,0.03398401246305939,0.13840301174593062
2022-10-03,15,20,2659,2618,0.25039307647485803,0.3541918705193313,95,75,158,172,0.0007721704320406937,0.0018638859495353633,54,56,155,143,0.0993814153774798,0.19768581848661518,0.045774647887323945,0.06584362139917696,0.04550026677395936,0.04459406286888471,0.2714285714285714,0.22488755622188905,0.04981084489281211,0.05385940191012995,0.05065666041275797,0.061572292468389224,0.02784014369106421,0.02832244008714597,0.8854165991065063,0.8894602266034036,0.0002220003119854427,0.04396444948955757,0.0272061312314182,0.03203938612157006,0.08258424751139044
2022-10-03,8,17,3051,3103,0.18117612036029637,0.2907300213963746,95,65,141,156,0.0004888083069830235,0.0017472157394152663,69,55,126,128,0.06573644892113226,0.17031534021574032,0.02112676056338028,0.053497942386831275,0.052357669532664505,0.053075678747868664,0.2714285714285714,0.19490254872563717,0.044451450189155105,0.048849224988257396,0.0647279549718574,0.060472787245739415,0.02263134261338123,0.02535155476331947,0.6395688245629609,0.7291349808070677,0.00014053321928492133,0.04121248842614608,0.017995662964174382,0.027603391024066507,0.06974255462642778
2022-10-04,32,38,5697,5677,0.2950595579710898,0.32016353780364837,179,110,295,283,0.000713375940321569,0.00245209779145076,146,124,254,255,0.08794367360468981,0.18605635562725462,0.1056338028169014,0.13991769547325103,0.0986451381539242,0.09808945044375464,0.5114285714285715,0.32983508245877063,0.09300126103404792,0.08861750430562079,0.13696060037523453,0.13633864760857614,0.045621912887292324,0.050505050505050504,1.0,0.8034936044189287,0.00020509679565916184,0.057838908825170704,0.02407499547047479,0.030154572866932176,0.12318886707306308
2022-10-05,20,36,5713,5670,0.22723527154672415,0.32477129263067067,185,145,339,334,0.0006810262634251916,0.0019068164370885576,127,116,273,281,0.08878747961448802,0.18815308285365492,0.06338028169014084,0.13168724279835392,0.09892503214407543,0.09796703536921261,0.5285714285714286,0.43478260869565216,0.10687263556116015,0.10458744324408956,0.11913696060037524,0.12754260582737767,0.049034575662325997,0.05565458506634977,0.8031637072649143,0.8151342898925006,0.0001957962085534831,0.04497707327808122,0.024305991345802518,0.030494394173855095,0.11985193714629097
2022-10-06,23,39,5670,5659,0.22497653437299034,0.31846252504194933,201,138,320,323,0.0005851634951407862,0.0019177680724523306,102,112,261,283,0.08117791770714142,0.18796737476304917,0.07394366197183098,0.1440329218106996,0.098172817045544,0.09777466882350369,0.5742857142857143,0.41379310344827586,0.1008827238335435,0.10114294661030218,0.09568480300187618,0.12314458493677845,0.046879209699146836,0.05605070310952664,0.7951410270054393,0.7991962936268384,0.00016823549969458102,0.045235395210224474,0.02222283788015178,0.030464296045085073,0.11706848426702282
2022-10-07,12,31,5784,5697,0.18663635868690143,0.2803497765517847,157,120,293,285,0.0006410863529746702,0.001837968443815908,121,109,238,253,0.08443340284745186,0.17551680165412578,0.035211267605633804,0.1111111111111111,0.10016706172537151,0.09843920779958903,0.44857142857142857,0.3598200899550225,0.09237074401008827,0.08924377642085486,0.11350844277673545,0.11984606926882903,0.042748091603053436,0.05010893246187364,0.6589627349055571,0.7029111104166759,0.00018431341639676515,0.04335311977199499,0.023114042293097662,0.02844640360178549,0.10610340946100007
2022-10-08,6,28,5693,5651,0.12109810796070332,0.2839596338838448,147,123,276,273,0.0005571651358931042,0.0016726993527128155,106,116,254,245,0.06362623256779219,0.17071404764713644,0.014084507042253521,0.09876543209876543,0.0985751646563864,0.09763476588116994,0.42,0.36881559220389803,0.08701134930643127,0.08548614372945045,0.09943714821763602,0.12754260582737767,0.045621912887292324,0.04852446028916617,0.4261811450615186,0.7120307826615062,0.0001601859238106156,0.03945483156943717,0.017417981283775773,0.027668010436029556,0.09236775855406419
2022-10-09,24,36,5704,5707,0.26086166043429393,0.32507058678914136,174,147,327,306,0.0006894595415387183,0.002082656286753299,142,145,293,306,0.08406482339796678,0.1998581514566647,0.07746478873239436,0.13168724279835392,0.09876759177461536,0.09861408647750623,0.49714285714285716,0.4407796101949025,0.10308953341740228,0.09581963363081258,0.13320825515947468,0.1594282572842221,0.052626852267624605,0.06060606060606061,0.9225993678025155,0.8158904041593453,0.00019822079034861233,0.0491246994731089,0.02301314193025007,0.032391461021756926,0.12420303412787229
2022-10-10,8,25,5744,5680,0.12559871437243394,0.26191231550763444,154,157,267,268,0.0005194074163267371,0.0014769178029170346,113,127,238,262,0.06554487527422584,0.17176591140940492,0.02112676056338028,0.08641975308641975,0.09946732674999344,0.0981419140471298,0.44,0.4707646176911544,0.08417402269861286,0.08392046344136528,0.10600375234521577,0.13963716327652556,0.042748091603053436,0.05189146365616954,0.44216659331770986,0.6563320946045689,0.00014933051524305393,0.03483683009830123,0.017943218774700717,0.027838488366538714,0.0923318770060933
2022-10-11,25,41,5675,5600,0.24969006612605138,0.3385772969466224,185,141,368,350,0.0007851326072253372,0.002378826447909829,146,125,330,330,0.0867266971943198,0.20121268056734304,0.08098591549295775,0.1522633744855967,0.09826028391746626,0.09674288462379224,0.5285714285714286,0.42278860569715143,0.11601513240857503,0.10959762016596211,0.13696060037523453,0.13743815283122596,0.05927256398742703,0.06535947712418301,0.8829196165831902,0.8500127415293524,0.00022572695938813573,0.05611061945052292,0.02374184243778444,0.03261099260739198,0.12813355515296074
2022-10-12,18,37,5644,5674,0.2255619106684589,0.3226298937192703,166,129,307,325,0.0006198418983320412,0.0020686601475512893,128,110,293,275,0.08352597113450001,0.18463868253579196,0.056338028169014086,0.13580246913580246,0.09771798931154825,0.09803698684037948,0.4742857142857143,0.3868065967016492,0.0967843631778058,0.10176921872553625,0.1200750469043152,0.12094557449147883,0.052626852267624605,0.054466230936819175,0.7972201918169243,0.8097244206314727,0.0001782055995691251,0.048794565241908235,0.02286562858141578,0.029924807394025445,0.11667359707403602
2022-10-13,24,33,5673,5684,0.26259607575084015,0.3047236248392883,149,133,277,271,0.0007257172713939892,0.0017490927343563282,133,111,252,232,0.07395798891791915,0.16995714721838479,0.07746478873239436,0.11934156378600823,0.09822529716869735,0.09821186551829668,0.4257142857142857,0.3988005997001499,0.0873266078184111,0.08485987161421638,0.124765478424015,0.12204507971412865,0.04526268522676246,0.045949693008516534,0.928759739041629,0.7644873687782214,0.00020864494932408813,0.04125676208425217,0.0202463483184466,0.02754533787773475,0.1173094833024203
2022-10-14,13,36,5710,5702,0.16657651051898145,0.3238378007564386,184,111,313,334,0.0006831808869796758,0.0025232101010297203,128,106,313,297,0.0922824088708223,0.18531025112640334,0.03873239436619718,0.13168724279835392,0.09887255202092207,0.09852664713854763,0.5257142857142857,0.3328335832083958,0.09867591424968473,0.10458744324408956,0.1200750469043152,0.11654755360087961,0.05621912887292321,0.058823529411764705,0.5877132997006618,0.8127759861832096,0.00019641566648849178,0.05951627194030624,0.025262744714942997,0.030033650029002688,0.1079526660766363
2022-10-15,12,28,5685,5681,0.17758697960835876,0.2850371581946944,163,120,272,273,0.000609600822100897,0.0017037376749550843,107,90,233,247,0.0644654627817231,0.169564391964954,0.035211267605633804,0.09876543209876543,0.09843521766131078,0.09815940191492152,0.4657142857142857,0.3598200899550225,0.08575031525851198,0.08548614372945045,0.10037523452157598,0.09895547003848268,0.04185002245172878,0.04892057833234304,0.6268207594078424,0.7147529590931098,0.00017526127274172736,0.040186948655678956,0.017647724513401273,0.027481683148668806,0.1017530793572562
2022-10-16,12,29,5685,5705,0.18548670065261194,0.2833868538395499,170,123,268,262,0.0006220593589274045,0.001885991346632846,128,107,241,253,0.07564072062519175,0.1708469313556049,0.035211267605633804,0.102880658436214,0.09843521766131078,0.09857911074192278,0.4857142857142857,0.36881559220389803,0.08448928121059268,0.08204164709566307,0.1200750469043152,0.11764705882352941,0.04328693309384823,0.05010893246187364,0.6548793298400646,0.7105837542080666,0.00017884312326021633,0.04448586101389529,0.020707004060583484,0.027689547198137633,0.10256951271025981
2022-10-17,12,29,5707,5704,0.17599794412948286,0.28394076189627104,155,111,288,255,0.0005380912956155546,0.0016221226335135642,135,104,252,236,0.059627341453522845,0.1706343020449364,0.035211267605633804,0.102880658436214,0.09882007189776872,0.09856162287413107,0.44285714285714284,0.3328335832083958,0.09079445145018916,0.07984969469234382,0.12664165103189493,0.11434854315557999,0.04526268522676246,0.04674192909487027,0.6211767545558262,0.7119831058905289,0.0001547021623032165,0.03826185212928563,0.016323265978889733,0.027655085886560384,0.1022339166548071
2022-10-18,23,37,5648,5683,0.23411426053449502,0.32421360989354053,183,138,370,347,0.0007760154170694811,0.0022590942009879213,161,120,339,323,0.09487274012395479,0.1955696248842998,0.07394366197183098,0.13580246913580246,0.09778796280908605,0.09819437765050497,0.5228571428571429,0.41379310344827586,0.11664564943253468,0.108658211993111,0.15103189493433397,0.1319406267179769,0.060889088459811405,0.06397306397306397,0.8275967974885573,0.8137254021411598,0.0002231057517181119,0.0532864325289027,0.025971860113811987,0.03169640985523172,0.12552688697820202
2022-10-19,14,34,5691,5688,0.19007976609678537,0.3014120334753951,183,154,294,296,0.0006410804248585643,0.0017965596525273356,134,122,261,292,0.07598573243692476,0.19656956227376698,0.04225352112676056,0.12345679012345678,0.09854017790761749,0.09828181698946356,0.5228571428571429,0.4617691154422789,0.0926860025220681,0.09268827305464224,0.12570356472795496,0.13413963716327654,0.046879209699146836,0.05783323430382254,0.6711931780814399,0.7561212132575319,0.00018431171205330626,0.04237638902648779,0.020801452671430343,0.03185847196147584,0.10776863162956637
2022-10-20,28,41,5758,5730,0.2742821625015417,0.33926699113368297,159,124,345,338,0.0008006654532914895,0.002482686245297798,147,123,309,320,0.09286092046225747,0.20960023510505424,0.09154929577464789,0.1522633744855967,0.09971223399137577,0.09901630743671577,0.4542857142857143,0.37181409295352325,0.10876418663303909,0.1058399874745577,0.1378986866791745,0.13523914238592633,0.05550067355186349,0.06337888690829867,0.9702668867415027,0.8517551330857432,0.00023019267903968274,0.05856041463106887,0.025421114991877575,0.03397038247413476,0.13016649762697055
2022-10-21,24,37,5654,5621,0.2611843450706867,0.3219641023232441,198,138,364,342,0.0008766607486952109,0.0026886097397138863,153,121,315,321,0.09758836602763774,0.19427895265758088,0.07746478873239436,0.13580246913580246,0.09789292305539277,0.09711012984741835,0.5657142857142857,0.41379310344827586,0.11475409836065574,0.10709253170502583,0.14352720450281425,0.13304013194062672,0.05657835653345308,0.06357694592988711,0.9237454930323691,0.808042415289804,0.00025204145566852277,0.06341763943671008,0.026715275514271043,0.03148722769869258,0.12909116368876317
2022-10-22,18,37,5732,5625,0.21793066573406775,0.3204451711850218,174,146,329,323,0.000756153490490409,0.001862306646441685,138,113,269,307,0.08045900436557954,0.19159380899549971,0.056338028169014086,0.13580246913580246,0.09925740625738001,0.09718008131858523,0.49714285714285716,0.43778110944527737,0.10372005044136191,0.10114294661030218,0.1294559099437148,0.12424409015942826,0.048316120341266276,0.06080411962764904,0.7701152064284946,0.8042051018259089,0.00021739541405919261,0.04392719764423515,0.022026031961859514,0.031052040413939885,0.11707026186356007
2022-10-23,24,49,5716,5652,0.2500172605303094,0.3730615956459028,194,165,391,379,0.0007782794128757322,0.0021214291711904756,133,140,346,350,0.11002576152134227,0.21576806307893653,0.07746478873239436,0.18518518518518517,0.09897751226722878,0.09765225374896165,0.5542857142857143,0.4947526236881559,0.12326607818411098,0.11867856583685611,0.124765478424015,0.15393073117097306,0.06214638527166592,0.06932065755595167,0.8840817598013462,0.9371312819041306,0.0002237566543614483,0.05003925570967887,0.030120071196577773,0.03497001625413712,0.1320861673103657
2022-10-24,22,34,5708,5661,0.23740519268527754,0.3143042705520415,170,126,296,293,0.0007082392808275707,0.0018442605952847914,124,109,274,254,0.08071137357374109,0.18141717061710916,0.07042253521126761,0.12345679012345678,0.09883756527215318,0.09780964455908714,0.4857142857142857,0.3778110944527736,0.09331651954602774,0.09174886488179114,0.11632270168855535,0.11984606926882903,0.04921418949259093,0.05030699148346207,0.8392856724530181,0.7886911920202572,0.00020361999732175731,0.043501536028635227,0.022095119222993127,0.02940268969712597,0.11606135127493025
2022-10-25,25,45,5702,5662,0.2478226551290212,0.35639157021251155,208,154,367,360,0.0008529859929628299,0.002141685825961486,145,110,340,345,0.10308350552222521,0.20436308128942102,0.08098591549295775,0.16872427983539096,0.09873260502584646,0.09782713242687885,0.5942857142857143,0.4617691154422789,0.11569987389659521,0.11272898074213246,0.13602251407129456,0.12094557449147883,0.061068702290076333,0.06833036244800951,0.8762868655414057,0.8950173825776009,0.0002452349231458028,0.05051705998505822,0.02821959587091766,0.033121585152396237,0.12872580495411884
2022-10-26,8,20,3444,3429,0.1923609592977313,0.3090230194708436,104,89,185,191,0.0005886681810605308,0.0016799149771064218,72,56,169,160,0.07271790472793088,0.19121903707440654,0.02112676056338028,0.06584362139917696,0.0592325656657541,0.05877672364796922,0.29714285714285715,0.26686656671664166,0.05832282471626734,0.05980898700485361,0.0675422138836773,0.061572292468389224,0.03035473731477324,0.031689443454149334,0.6792956186283515,0.7753490362304895,0.00016924310285485494,0.039625030263336546,0.019906869422088753,0.030991300284074475,0.07987789087363048
2022-10-26,7,14,2213,2237,0.20452628104159004,0.3202603386879887,87,58,152,154,0.0007918998259428766,0.0021033517934868095,54,49,138,139,0.08126619086686022,0.18924826883208443,0.017605633802816902,0.0411522633744856,0.037698221798493824,0.037931185240239584,0.24857142857142858,0.17391304347826086,0.04791929382093316,0.04822295287302333,0.05065666041275797,0.05387575590984057,0.024786708576560394,0.027530204000792237,0.7225049338774032,0.803738154897518,0.00022767254627443638,0.04961285517849046,0.022247003074000144,0.030671893433571632,0.07054922427610277
2022-10-27,20,45,5689,5693,0.24088611743889016,0.3564880496003328,205,168,378,403,0.0008288746845264134,0.0021651551411239448,142,126,351,372,0.08558588854066544,0.2068650907465892,0.06338028169014084,0.16872427983539096,0.09850519115884859,0.09836925632842215,0.5857142857142857,0.5037481259370314,0.11916771752837327,0.12619383121966493,0.13320825515947468,0.13853765805387575,0.06304445442299057,0.0736779560308972,0.8516493713509123,0.8952611208515482,0.0002383028809784855,0.05107064295577144,0.023429540687770412,0.03352709146383384,0.1308536100291424
2022-10-28,15,40,5673,5711,0.19370472299860142,0.3311456167219319,186,150,365,372,0.0006938282664665639,0.0022254412681366013,114,117,349,349,0.08479836719055017,0.19382948707393982,0.045774647887323945,0.14814814814814814,0.09822529716869735,0.09868403794867311,0.5314285714285715,0.4497751124437781,0.11506935687263556,0.11648661343353688,0.10694183864915573,0.12864211105002749,0.06268522676246072,0.06912259853436324,0.6840684565847698,0.8312379031789162,0.00019947680619267563,0.05249264325929307,0.023213953003519795,0.031414381798602856,0.11970181757461817
2022-10-29,22,40,5735,5676,0.2068877455696919,0.33115029539004864,171,126,379,367,0.0007690287558781182,0.0024822465283035108,136,136,355,363,0.0748764175928124,0.2134977239685466,0.07042253521126761,0.14814814814814814,0.09930988638053337,0.09807196257596293,0.48857142857142855,0.3778110944527736,0.11948297604035309,0.1149209331454517,0.1275797373358349,0.14953271028037382,0.06376290974405029,0.0718954248366013,0.730892485591415,0.8312497230143953,0.00022109707474751096,0.05855004279711097,0.020497772500331468,0.034602057277911366,0.12331585371888959
2022-10-30,19,38,5715,5668,0.21744116585454842,0.31837930441153783,188,153,401,402,0.0008509520383745487,0.002426131875589099,153,137,357,376,0.08331802609306516,0.20293978083553424,0.05985915492957746,0.13991769547325103,0.09896001889284434,0.09793205963362916,0.5371428571428571,0.4587706146926537,0.12641866330390922,0.12588069516204792,0.14352720450281425,0.15063221550302364,0.06412213740458016,0.07447019211725094,0.7683765796125454,0.7989860512810755,0.00024465015774372787,0.05722643723234891,0.022808702645467787,0.03289090764017918,0.12865099718493847
2022-10-31,16,39,5656,5678,0.20844137969241514,0.33214966325093015,178,164,416,414,0.0007354517437759017,0.0020264658241660734,141,138,386,405,0.07616551762314627,0.2091740880313776,0.04929577464788732,0.1440329218106996,0.09792790980416168,0.09810693831154636,0.5085714285714286,0.4917541229385307,0.13114754098360656,0.12963832785345233,0.13227016885553472,0.15173172072567345,0.06933093848226314,0.08021390374331551,0.7364107503774919,0.8337744508650816,0.0002114436266835501,0.04779930574135896,0.020850669714186566,0.03390131585750728,0.1294143811328415
2022-11-01,14,37,5663,5668,0.20032203723438083,0.321326984294803,180,176,360,351,0.0007318204775705077,0.0018128237723608134,153,133,357,359,0.0745740705250036,0.20177466866436838,0.04225352112676056,0.13580246913580246,0.09805036342485283,0.09793205963362916,0.5142857142857142,0.527736131934033,0.11349306431273644,0.10991075622357914,0.14352720450281425,0.1462341946124244,0.06412213740458016,0.07110318875024757,0.7075721191212886,0.8064328481888959,0.0002103996314759517,0.04276001929908537,0.020415003564379038,0.032702075284814995,0.11963017725723687
2022-11-02,19,33,5659,5619,0.21682923063905343,0.3044409796456713,168,141,298,277,0.0005690846303569013,0.0017244744684030884,128,122,266,272,0.07402723454971481,0.18118410224729406,0.05985915492957746,0.11934156378600823,0.09798038992731503,0.09707515411183491,0.48,0.42278860569715143,0.09394703656998739,0.08673868795991858,0.1200750469043152,0.13413963716327654,0.047777278850471484,0.05387205387205387,0.766203081681702,0.7637733152048376,0.00016361279873339466,0.04067607821231702,0.02026530463677513,0.02936491578116985,0.11159900167573944
2022-11-03,26,38,5709,5703,0.26187573340837683,0.32034739914319804,193,150,352,344,0.0007104602066659655,0.0019446755761694872,148,96,303,321,0.08040904227042044,0.1959977885474646,0.08450704225352113,0.13991769547325103,0.09885505864653762,0.09854413500633935,0.5514285714285714,0.4497751124437781,0.11097099621689786,0.1077188038202599,0.13883677298311445,0.10555250137438153,0.05442299057027391,0.06357694592988711,0.9262011959945904,0.8039580978880466,0.00020425851727611137,0.045870076526620424,0.022012354602643686,0.031765803305062276,0.12847762686218378
2022-11-04,34,48,5732,5600,0.30341834685678415,0.37319533427150114,218,152,416,402,0.000861238798678482,0.0022045953055420116,156,139,359,390,0.10155265233413964,0.21923522601549314,0.11267605633802817,0.18106995884773663,0.09925740625738001,0.09674288462379224,0.6228571428571429,0.45577211394302847,0.13114754098360656,0.12588069516204792,0.14634146341463414,0.15283122594832327,0.06448136506511001,0.07724301841948901,1.0,0.9374691491159729,0.00024760761881972035,0.0520009386730873,0.027800517589803456,0.03553194716512078,0.14152980742343146
2022-11-05,32,44,5623,5599,0.30047350300756426,0.3568460452528216,227,183,388,397,0.0008074758426091236,0.0020693848167501975,163,134,359,379,0.10347371523477647,0.20600746980050091,0.1056338028169014,0.1646090534979424,0.09735062844947476,0.09672539675600053,0.6485714285714286,0.5487256371814093,0.1223203026481715,0.12431501487396274,0.1529080675422139,0.14733369983507422,0.06448136506511001,0.07506436918201624,1.0,0.8961655341608432,0.00023215067754690533,0.048811658392055104,0.028326417620307326,0.03338809490430304,0.13859456329199882
2022-11-06,35,45,5748,5633,0.30941721823066487,0.34479898153783983,200,153,376,383,0.0008148613337773997,0.002120003638974715,156,130,358,337,0.10212907795280972,0.2076689592397122,0.11619718309859155,0.16872427983539096,0.09953730024753124,0.09731998426091899,0.5714285714285714,0.4587706146926537,0.11853720050441362,0.11993111006732425,0.14634146341463414,0.14293567894447498,0.06430175123484508,0.06674589027530203,1.0,0.8657307378553273,0.00023427401881392318,0.050005630938210865,0.027958316821854273,0.03365737624217203,0.13705432215093122
2022-11-07,24,37,5580,5587,0.25438284587860416,0.3239792771680147,189,153,309,297,0.0005741572801814535,0.0019414201447026608,144,116,307,281,0.08208054683725666,0.1933498941023081,0.07746478873239436,0.13580246913580246,0.09659841335094332,0.09651554234249989,0.54,0.4587706146926537,0.09741488020176545,0.09300140911225928,0.1350844277673546,0.12754260582737767,0.055141445891333636,0.05565458506634977,0.8995876344122117,0.8131334015559697,0.00016507119418201,0.0457932889676361,0.022469936862128854,0.03133665308484416,0.12056793100419855
2022-11-08,30,44,5706,5623,0.2830132602041351,0.35687446310899756,207,158,371,377,0.0008085472326710792,0.0022235301211324388,153,132,336,344,0.10094139842852018,0.20556346720903557,0.09859154929577464,0.1646090534979424,0.09880257852338427,0.0971451055830018,0.5914285714285714,0.4737631184407796,0.1169609079445145,0.11805229372162204,0.14352720450281425,0.1451346893897746,0.06035024696901661,0.06813230342642107,1.0,0.8962373268967844,0.00023245870401119721,0.052447564038672,0.027633183949918826,0.033316134403667035,0.1358879830459728
2022-11-09,19,31,5764,5731,0.21075246728617478,0.2784154929840053,151,130,281,264,0.0006259815259282231,0.0017287970763207466,112,124,261,261,0.07370688901356585,0.1881117817550763,0.05985915492957746,0.1111111111111111,0.09981719423768248,0.0990337953045075,0.43142857142857144,0.38980509745127434,0.08858764186633039,0.08266791921089714,0.1050656660412758,0.13633864760857614,0.046879209699146836,0.05169340463458111,0.7446193711200829,0.6980244817928677,0.00017997075294106228,0.04077803781853994,0.02017760853521767,0.030487700411729234,0.10893547355914641
2022-11-10,19,33,5764,5679,0.2085124392925354,0.3035712188475332,170,122,295,277,0.0006600618778307141,0.002101218285298506,118,112,258,274,0.09118651132701407,0.18905165333111248,0.05985915492957746,0.11934156378600823,0.09981719423768248,0.09812442617933809,0.4857142857142857,0.3658170914542729,0.09300126103404792,0.08673868795991858,0.11069418386491557,0.12314458493677845,0.046340368208352044,0.054268171915230735,0.7366631429346077,0.7615760168961273,0.00018976891205333448,0.049562531008707646,0.024962737593090395,0.030640027516221812,0.11023657937250253
2022-11-11,6,31,5690,5725,0.12074560273439686,0.28168627528278506,141,139,277,268,0.0006023295663171688,0.0016783413307780465,103,122,238,265,0.06884020504329985,0.173405480895591,0.014084507042253521,0.1111111111111111,0.09852268453323304,0.09892886809775718,0.40285714285714286,0.41679160419790107,0.0873266078184111,0.08392046344136528,0.09662288930581614,0.13413963716327654,0.042748091603053436,0.05248564072093484,0.4249291017723139,0.7062875403586868,0.0001731707743419796,0.039587911847086064,0.01884533084271361,0.02810421708822047,0.09218000854963188
2022-11-12,12,30,5683,5735,0.1703567670530518,0.28286223531795823,156,111,263,280,0.0005487245479690843,0.001936523966168335,105,116,251,279,0.06606798841051502,0.18358648516410192,0.035211267605633804,0.10699588477366255,0.09840023091254188,0.09910374677567438,0.44571428571428573,0.3328335832083958,0.08291298865069358,0.0876780961327697,0.09849906191369606,0.12754260582737767,0.04508307139649753,0.05525846702317291,0.6011401781459764,0.7092583974057375,0.0001577592404325421,0.045677800252289597,0.018086423463230313,0.029754275394685486,0.10081439776481513
2022-11-13,4,32,5712,5674,0.10217674251086294,0.29068756348145,150,142,281,256,0.000669533725156905,0.0017992326568589613,125,124,276,265,0.07042028910249681,0.1760420614100824,0.007042253521126761,0.11522633744855967,0.09890753876969098,0.09803698684037948,0.42857142857142855,0.4257871064467766,0.08858764186633039,0.08016283074996086,0.11726078799249531,0.13633864760857614,0.04957341715312079,0.05248564072093484,0.3589754219512855,0.7290277183219627,0.00019249208426278533,0.04243943857302921,0.019277886307011473,0.028531533634197782,0.08930618557440224
2022-11-14,4,28,5692,5727,0.10696486538368895,0.2854510400067139,141,130,270,267,0.0006123788288741318,0.0017153213278271043,131,120,257,265,0.05266614259743893,0.16611382162378643,0.007042253521126761,0.09876543209876543,0.09855767128200194,0.09896384383334061,0.40285714285714286,0.38980509745127434,0.08511979823455233,0.08360732738374824,0.12288930581613508,0.1319406267179769,0.046160754378087115,0.05248564072093484,0.37598208359322494,0.7157985589954086,0.00017605995441194612,0.04046017831424441,0.01441760495678345,0.02692244143701416,0.08948603495489266
2022-11-15,14,36,5632,5637,0.19968879318367053,0.32346101709885516,171,164,323,315,0.0007945966626815059,0.0018651870100086496,145,128,299,309,0.08352220903276239,0.19430602462895433,0.04225352112676056,0.13168724279835392,0.09750806881893483,0.09738993573208586,0.48857142857142855,0.4917541229385307,0.10182849936948297,0.0986378581493659,0.13602251407129456,0.14073666849917538,0.05370453524921419,0.061200237670825906,0.7053229355490956,0.8118241082699602,0.00022844789142170815,0.04399513828115178,0.02286459868831966,0.031491615314104486,0.11321286787683088
2022-11-16,18,26,5656,5696,0.21239273540797426,0.27244215567172647,169,122,261,261,0.0005566765293823452,0.0018513041994378137,102,102,248,252,0.0693561832162834,0.16908726382475286,0.056338028169014086,0.09053497942386832,0.09792790980416168,0.09842171993179731,0.4828571428571429,0.3658170914542729,0.08228247162673392,0.08172851103804603,0.09568480300187618,0.11214953271028037,0.04454422990570274,0.049910873440285206,0.7504453462862213,0.6829338913664833,0.0001600454486080882,0.04366767719145004,0.018986582301383403,0.027404353915694995,0.10674588703815888
2022-11-17,24,41,5633,5702,0.2541574759545982,0.33940528964198896,201,156,346,354,0.0007249872321241817,0.001988334985681005,140,104,300,318,0.08696879883901591,0.19918714271431487,0.07746478873239436,0.1522633744855967,0.09752556219331927,0.09852664713854763,0.5742857142857143,0.46776611694152925,0.10907944514501891,0.11085016439643025,0.13133208255159476,0.11434854315557999,0.05388414907947912,0.0629827688651218,0.8987871557813079,0.8521045200425347,0.0002084350617928723,0.046899893777344125,0.023808118904988358,0.03228270912264915,0.12675291774468656
2022-11-18,12,28,4436,4449,0.20907092710590908,0.3224467428404512,159,136,277,270,0.0007094714093532999,0.0017025932493862578,118,90,252,243,0.07198765505947183,0.1957656888647263,0.035211267605633804,0.09876543209876543,0.07658599305513036,0.0766143487955231,0.4542857142857143,0.4077961019490255,0.0873266078184111,0.08454673555659935,0.11069418386491557,0.09895547003848268,0.04526268522676246,0.0481283422459893,0.738646804073944,0.8092617220169462,0.00020397423636765702,0.040159954493226166,0.01970696013083611,0.031728186386403796,0.10137771904098075
2022-11-18,4,4,1270,1246,0.22462915462526756,0.23134828106688443,24,15,26,22,0.00044712949433473243,0.001605989138063126,20,20,19,21,0.05942767288413964,0.10789860732155375,0.007042253521126761,0.0,0.02120196975395569,0.020600708258645566,0.06857142857142857,0.044977511244377814,0.00819672131147541,0.006888993267574761,0.01876172607879925,0.02199010445299615,0.0034126627750336778,0.0041592394533571005,0.7939071886124625,0.579117415203298,0.00012855048979002167,0.03788130296210208,0.01626860576620514,0.01748737045692022,0.049640436824434114
2022-11-19,29,35,5663,5705,0.2648560379553042,0.31293108659102337,173,136,283,305,0.0007281707875515634,0.0023797750993901088,125,104,259,269,0.09196476661837617,0.18327253331031887,0.09507042253521127,0.12757201646090535,0.09805036342485283,0.09857911074192278,0.4942857142857143,0.4077961019490255,0.08921815889029004,0.09550649757319556,0.11726078799249531,0.11434854315557999,0.04651998203861697,0.05327787680728857,0.9367867704181667,0.7852220832704117,0.00020935033939063514,0.05613299578749694,0.025175788650050296,0.02970339251019765,0.12027466371678822
2022-11-20,26,46,5712,5737,0.27319158546864214,0.354996846871606,190,133,374,362,0.0007356584702233088,0.0024033040438444456,138,118,300,317,0.09822450007456687,0.20292020520394832,0.08450704225352113,0.1728395061728395,0.09890753876969098,0.09913872251125781,0.5428571428571428,0.3988005997001499,0.11790668348045397,0.11335525285736653,0.1294559099437148,0.1297416162726773,0.05388414907947912,0.06278470984353338,0.9663933281287418,0.8914938583573198,0.00021150306088863708,0.056687985265400975,0.026889420210196243,0.032887734973450954,0.13304380591643297
2022-11-21,8,34,5689,5665,0.15295385887559745,0.30063856992350707,176,137,285,297,0.0005975032874499895,0.0017250721097907104,135,121,256,280,0.07010059445761793,0.18324410008867834,0.02112676056338028,0.12345679012345678,0.09850519115884859,0.097879596030254,0.5028571428571429,0.4107946026986507,0.08984867591424968,0.09300140911225928,0.12664165103189493,0.13304013194062672,0.04598114054782218,0.05545652604476134,0.5393277771653339,0.754167193073993,0.0001717832109624664,0.04069017509126261,0.019190368390009382,0.029698784273887148,0.10025588571657967
2022-11-22,14,36,5663,5689,0.18470901528811007,0.32419676435878647,173,152,316,329,0.0007080804105421013,0.0021783667092635677,129,121,302,289,0.09168411436338768,0.18969775634834596,0.04225352112676056,0.13168724279835392,0.09805036342485283,0.09829930485725528,0.4942857142857143,0.45577211394302847,0.09962168978562422,0.10302176295600439,0.12101313320825516,0.13304013194062672,0.05424337674000898,0.05723905723905724,0.6521171133704262,0.813682844848277,0.00020357432184458813,0.051382271100346,0.025098958771439604,0.030744742888330595,0.11071119369716233
2022-11-23,74,88,5302,5380,0.4459882745186727,0.49323120355397776,91,122,358,351,0.0012638825968497754,0.0021017522354550714,117,124,363,415,0.19818469446772125,0.3123951494021553,0.2535211267605634,0.345679012345679,0.0917352552720657,0.09289555370961396,0.26,0.3658170914542729,0.1128625472887768,0.10991075622357914,0.10975609756097561,0.13633864760857614,0.06519982038616974,0.08219449395919984,1.0,1.0,0.00036336839533223,0.04957512556938563,0.05425399492719597,0.050630585900520234,0.13300490025721579
2022-11-24,88,98,5657,5595,0.49349887549629434,0.5150577939589686,15,35,705,684,0.005088320370934586,0.007877531663313462,127,147,676,659,0.23383143519321484,0.3210698288535219,0.3028169014084507,0.3868312757201646,0.09794540317854612,0.09665544528483365,0.04285714285714286,0.10494752623688156,0.22225725094577553,0.21418506341005167,0.11913696060037524,0.1616272677295217,0.12141894925909295,0.13052089522677757,1.0,1.0,0.0014629007573419112,0.18581144570592956,0.06401245834278022,0.052036510749105175,0.1857609271751266
2022-11-25,74,105,5723,5750,0.4462027975019765,0.536122849317531,93,93,157,157,0.0006917983346791054,0.0015341652392247907,133,165,258,258,0.22764245513201734,0.44159314020811125,0.2535211267605634,0.4156378600823045,0.09909996588791994,0.09936606479255017,0.26571428571428574,0.27886056971514245,0.049495586380832284,0.04916236104587443,0.124765478424015,0.18141836173721826,0.046340368208352044,0.0510992275698158,1.0,1.0,0.0001988931973526764,0.036187155220171706,0.06231819585825008,0.07156999544063022,0.10671373792798951
2022-11-26,5,6,1045,1013,0.003175025133420236,0.003173816679983472,0,0,0,0,0.0,0.0,0,0,0,0,0.0,0.0,0.01056338028169014,0.00823045267489712,0.017265960517454014,0.01652603506317492,0.0,0.0,0.0,0.0,0.0,0.0,0.0,0.0,0.007336845806026632,0.002674598095973172,0.0,0.0,0.0,0.0,0.005472637900109627
2022-11-28,1,1,13,10,0.0019112046807269632,0.001686594380828472,0,0,0,0,0.0,0.0,0,0,0,0,0.0,0.0,0.0,0.0,0.0,0.0,0.0,0.0,0.0,0.0,0.0,0.0,0.0,0.0,0.0028479537316192832,0.0,0.0,0.0,0.0,0.0,0.00014239768658096417
2022-12-01,22,34,4057,4028,0.2852508114558937,0.37091512938740745,151,121,292,294,0.0007338556496519212,0.0023979885019970648,85,88,274,280,0.10523432085911298,0.22942265267957485,0.07042253521126761,0.12345679012345678,0.0699560041634231,0.0692519564552092,0.43142857142857144,0.36281859070464767,0.09205548549810845,0.09206200093940817,0.07973733583489681,0.09675645959318306,0.04921418949259093,0.05545652604476134,1.0,0.9317086108782667,0.00021098474690937205,0.05656260480898568,0.028808391714563647,0.037183046363709935,0.11545491171983199
2022-12-02,20,41,5708,5696,0.21825045332138202,0.3393867176854582,174,166,405,407,0.0008075687312017012,0.002199402961726839,133,138,389,352,0.07910105601442162,0.2124906168796652,0.06338028169014084,0.1522633744855967,0.09883756527215318,0.09842171993179731,0.49714285714285716,0.49775112443778113,0.1276796973518285,0.12744637545013307,0.124765478424015,0.15173172072567345,0.06986977997305792,0.06971677559912855,0.7712510417942934,0.852057601247434,0.0002321773831751921,0.05187846415287779,0.021654287195428445,0.03443883316232502,0.12970515230838187
2022-12-03,26,41,5677,5621,0.25746930314101657,0.35584846691026256,180,167,392,413,0.0008727690553825457,0.0022747573152428263,166,115,371,367,0.08105597094771703,0.21484002852470743,0.08450704225352113,0.1522633744855967,0.09829527066623517,0.09711012984741835,0.5142857142857142,0.5007496251874063,0.1235813366960908,0.1293251917958353,0.15572232645403378,0.12644310060472788,0.06663673102828918,0.07268766092295505,0.910550246635898,0.8936453272147457,0.0002509225872248295,0.053655886569629066,0.022189454379549133,0.0348196076024456,0.13551484080088094
2022-12-04,14,40,5744,5589,0.19175999822526613,0.34040852389149745,186,148,405,394,0.0007641524663941564,0.0021538875515814673,131,114,344,370,0.08275013201469335,0.20113907855507523,0.04225352112676056,0.14814814814814814,0.09946732674999344,0.09655051807808333,0.5314285714285715,0.44377811094452774,0.1276796973518285,0.12337560670111164,0.12288930581613508,0.12534359538207807,0.06178715761113606,0.07328183798772034,0.6771610991327479,0.8546390156468483,0.0002196951332306493,0.050804868447715944,0.02265323896281601,0.03259906376338877,0.12369761463139098
2022-12-05,12,43,5724,5727,0.17278399314374832,0.33735517498068684,181,133,398,378,0.0008530476659862257,0.00244240936692206,136,127,364,358,0.0832503569219835,0.21049115229269794,0.035211267605633804,0.16049382716049382,0.0991174592623044,0.09896384383334061,0.5171428571428571,0.3988005997001499,0.12547288776796975,0.11836542977923908,0.1275797373358349,0.13963716327652556,0.06537943421643466,0.07090512972865914,0.6097613046185725,0.8469252644499801,0.00024525265424487995,0.05761038290547503,0.022790177890695717,0.03411477543057332,0.11943870304910278
2022-12-06,20,39,5764,5670,0.21866652154634755,0.33144500726360276,219,165,411,412,0.0008166665084011916,0.002263932596947122,131,129,361,374,0.09140007332456461,0.1959431490958452,0.06338028169014084,0.1440329218106996,0.09981719423768248,0.09796703536921261,0.6257142857142857,0.4947526236881559,0.12957124842370743,0.12901205573821825,0.12288930581613508,0.14183617372182517,0.06484059272563987,0.07407407407407407,0.7727288508877294,0.831994260941034,0.00023479300958725662,0.053400558296529094,0.02502120119726966,0.03175694776599879,0.13035244767273024
2022-12-07,20,42,5701,5661,0.22869705181262714,0.3374149221830003,188,144,361,351,0.0006227603466901097,0.002060865066690976,143,119,340,338,0.08718160111909669,0.20780906204652425,0.06338028169014084,0.15637860082304528,0.098715111651462,0.09780964455908714,0.5371428571428571,0.431784107946027,0.11380832282471627,0.10991075622357914,0.13414634146341464,0.1308411214953271,0.061068702290076333,0.06694394929689047,0.8083557215547238,0.8470762052912716,0.0001790446584337495,0.04861069860627225,0.023866374532926764,0.03368008301981815,0.12435243916334877
2022-12-08,28,45,5653,5621,0.2693134128713394,0.35852150203390926,217,174,379,373,0.0007923347611316919,0.0021128727915333974,146,132,341,357,0.09671150736605182,0.21600707170404626,0.09154929577464789,0.16872427983539096,0.09787542968100832,0.09711012984741835,0.62,0.5217391304347826,0.11948297604035309,0.1167997494911539,0.13696060037523453,0.1451346893897746,0.06124831612034127,0.0707070707070707,0.9526186671805691,0.900398282244319,0.0002277975908806579,0.04983743192247726,0.0264752313196105,0.03500875292065624,0.13399070362020904
2022-12-09,18,34,5694,5607,0.22469247142466173,0.31165737780924035,188,158,300,301,0.0006666568175161938,0.0017514082444193447,149,123,284,282,0.07480458879586532,0.18316571193651457,0.056338028169014086,0.12345679012345678,0.09859265803077084,0.09686529969833428,0.5371428571428571,0.4737631184407796,0.09457755359394704,0.09425395334272742,0.1397748592870544,0.13523914238592633,0.051010327795240236,0.055852644087938205,0.79413207995551,0.7820042811367761,0.00019166496842502485,0.04131137922712694,0.02047810902835822,0.029686079729404603,0.1148069784544224
2022-12-10,34,51,5678,5678,0.31089799869822504,0.3691707831330029,236,164,392,405,0.000815489083175786,0.0025298296914327157,155,125,348,354,0.10672563848366849,0.2160996355743738,0.11267605633802817,0.1934156378600823,0.09831276404061962,0.09810693831154636,0.6742857142857143,0.4917541229385307,0.1235813366960908,0.12682010333489901,0.14540337711069418,0.13743815283122596,0.06250561293219578,0.07011289364230541,1.0,0.9273018256071743,0.00023445449783320154,0.05967241166977123,0.029216646948676345,0.03502375495572904,0.1391712477386543
2022-12-11,24,46,5693,5628,0.2584564112618729,0.35463867886850436,181,146,362,346,0.0007717135429115103,0.002008456131563473,144,141,329,344,0.10332570310343599,0.2154538914654162,0.07746478873239436,0.1728395061728395,0.0985751646563864,0.09723254492196039,0.5171428571428571,0.43778110944527737,0.11412358133669609,0.10834507593549397,0.1350844277673546,0.15503023639362287,0.0590929501571621,0.06813230342642107,0.91405629989754,0.8905890096343902,0.00022186895558404121,0.04737450173393196,0.02828589860119499,0.03491909775269339,0.12926185622544412
2022-12-12,24,41,5643,5639,0.25988423473478894,0.313403752205026,187,142,336,338,0.0006979066400072736,0.0022307083454860205,133,116,285,285,0.0903232728094928,0.18498236250734376,0.07746478873239436,0.1522633744855967,0.0977004959371638,0.09742491146766931,0.5342857142857143,0.4257871064467766,0.10592686002522068,0.1058399874745577,0.124765478424015,0.12754260582737767,0.051189941625505164,0.056446821152703504,0.91912770498326,0.7864161901518173,0.00020064934551930838,0.0526168805583316,0.024726421977112355,0.029980508381557556,0.12555808886558914
2022-12-13,21,42,5693,5669,0.23673208380860966,0.33691570247551933,199,136,335,334,0.0006694114770684269,0.0023805600295264996,125,113,320,326,0.09381164443092581,0.1919276528433142,0.06690140845070422,0.15637860082304528,0.0985751646563864,0.09794954750142089,0.5685714285714286,0.4077961019490255,0.10561160151324085,0.10458744324408956,0.11726078799249531,0.12424409015942826,0.057476425684777725,0.06456724103782928,0.836894895270034,0.8458150141439229,0.0001924569377295128,0.05615151034378875,0.02568138016276693,0.03110614723873047,0.12244099962398691
2022-12-14,14,28,5677,5683,0.17156088778605308,0.2872044485879664,171,135,266,263,0.00059979185669623,0.0014666422875656664,105,105,259,243,0.07115967919589246,0.17220482340456633,0.04225352112676056,0.09876543209876543,0.09829527066623517,0.09819437765050497,0.48857142857142855,0.4047976011994003,0.08385876418663304,0.0823547831532801,0.09849906191369606,0.11544804837822979,0.04651998203861697,0.0481283422459893,0.6054170261772615,0.72022823864792,0.00017244117851157725,0.03459445616133528,0.019480297832704947,0.0279096238227592,0.1001429111608232
2022-12-15,10,34,5699,5694,0.16515566827807665,0.3009580872857152,171,132,296,284,0.0006479964887324511,0.0020282193914803316,110,116,258,268,0.08765681514279029,0.17720355378639663,0.028169014084507043,0.12345679012345678,0.09868012490269311,0.09838674419621388,0.48857142857142855,0.39580209895052476,0.09331651954602774,0.08893064036323782,0.10318949343339587,0.12754260582737767,0.046340368208352044,0.05307981778570014,0.5826666908563526,0.754974397722773,0.00018630009217510972,0.047840668047691846,0.023996466613448172,0.028719779321252522,0.10268341760330796
2022-12-16,8,25,5746,5660,0.1376389415780287,0.2626986156557235,123,126,241,256,0.0004951280948247515,0.0015391456543973787,113,110,237,240,0.043418841422272196,0.16497922380314894,0.02112676056338028,0.08641975308641975,0.09950231349876235,0.09779215669129541,0.3514285714285714,0.3778110944527736,0.07597730138713746,0.08016283074996086,0.10600375234521577,0.12094557449147883,0.04256847777278851,0.047534165181224004,0.4849315923823161,0.6583185441999441,0.00014235016903374505,0.03630463086901538,0.011886112641520613,0.026738554611209515,0.09159279900051973
2022-12-17,2,1,144,148,0.002975512850053247,0.0028378830850985565,0,0,0,0,0.0,0.0,0,0,0,0,0.0,0.0,0.0,0.0,0.0015044301970628625,0.0013990294233375597,0.0,0.0,0.0,0.0,0.0,0.0,0.0,0.0,0.0066282094600611605,0.001825920710811888,0.0,0.0,0.0,0.0,0.0007721994547493865
2022-12-17,12,33,5565,5546,0.1793102045288899,0.30543037253277916,154,127,321,310,0.0006495876734563391,0.001959807904572419,116,100,268,287,0.06980288090536309,0.18760002873823803,0.035211267605633804,0.11934156378600823,0.09633601273517656,0.0957985397630394,0.44,0.3808095952023988,0.10119798234552332,0.09707217786128072,0.10881801125703565,0.10995052226498075,0.04813650651100135,0.05684293919588037,0.6329413841150221,0.7662728430315068,0.00018675756048841467,0.0462270106447707,0.01910886790079566,0.030404759446965645,0.1080289213616063
2022-12-18,4,25,5759,5593,0.10806020074364675,0.26120253441452235,111,119,255,249,0.0005571787787809705,0.0017287143868257003,123,104,240,230,0.04142023499270443,0.1638884823040198,0.007042253521126761,0.08641975308641975,0.09972972736576022,0.0966204695492502,0.3171428571428571,0.3568215892053973,0.08039092055485499,0.07797087834664161,0.11538461538461539,0.11434854315557999,0.0431073192635833,0.04555357496533967,0.3798725430375666,0.6545389569984723,0.00016018984616407157,0.040776087378316284,0.011338984704207113,0.026561775678269596,0.0869994111299071
2022-12-19,16,33,5721,5755,0.1762431680131856,0.30467953862708574,149,113,307,298,0.0007472981372278031,0.0023171009891629862,145,122,288,282,0.06915647510267063,0.19822410516557162,0.04929577464788732,0.11934156378600823,0.09906497913915105,0.09945350413150876,0.4257142857142857,0.33883058470764615,0.0967843631778058,0.0933145451698763,0.13602251407129456,0.13413963716327654,0.051728783116299956,0.055852644087938205,0.6220477513383698,0.7643759926852572,0.00021484948494112946,0.05465466887909883,0.018931911263279443,0.03212662745675138,0.10704100184235349
2022-12-20,12,35,5675,5704,0.18427485147775835,0.33460221129363227,179,138,313,308,0.0006007987644461637,0.0020751660889182905,123,112,300,296,0.08104128832805985,0.18416141244420928,0.035211267605633804,0.12757201646090535,0.09826028391746626,0.09856162287413107,0.5114285714285715,0.41379310344827586,0.09867591424968473,0.09644590574604665,0.11538461538461539,0.12314458493677845,0.05388414907947912,0.05862547039017627,0.6505750315951796,0.8399703839052883,0.00017273066620153592,0.04894802427231879,0.022185434943161584,0.02984745515467131,0.1095097965690704
2022-12-21,12,28,5708,5733,0.17304151527730124,0.28691004058536757,150,121,264,264,0.000593148020096099,0.0017991377375059909,146,118,261,251,0.05835911237300908,0.17562701730329416,0.035211267605633804,0.09876543209876543,0.09883756527215318,0.09906877104009093,0.42857142857142855,0.36281859070464767,0.0832282471626734,0.08266791921089714,0.13696060037523453,0.1297416162726773,0.046879209699146836,0.04971281441869677,0.610675982856155,0.7194844683980236,0.00017053106419379454,0.04243719966077157,0.015976082285994,0.028464266500436385,0.10060605377081931
2022-12-22,22,45,5706,5677,0.24910914374097587,0.35647555299001343,215,147,364,361,0.0007429780267469265,0.002272434210698773,140,117,339,343,0.10177408651576789,0.20622668314525758,0.07042253521126761,0.16872427983539096,0.09880257852338427,0.09808945044375464,0.6142857142857143,0.4407796101949025,0.11475409836065574,0.11304211679974949,0.13133208255159476,0.12864211105002749,0.060889088459811405,0.06793424440483264,0.8808562713630252,0.8952295503544894,0.00021360744583321962,0.053601090291771264,0.027861136241506265,0.03342362330512323,0.128764098238136
2022-12-23,20,35,5723,5720,0.23833111003777588,0.3122985443583409,171,141,313,285,0.0007306757143472949,0.0018135258438576026,125,119,269,277,0.08122014073394661,0.18053689476425186,0.06338028169014084,0.12757201646090535,0.09909996588791994,0.09884142875879859,0.48857142857142855,0.42278860569715143,0.09867591424968473,0.08924377642085486,0.11726078799249531,0.1308411214953271,0.048316120341266276,0.05486234897999604,0.8425743857004803,0.7836240761159889,0.000210070510103056,0.042776579425452724,0.02223439663290134,0.029260021405798343,0.11748413689817401
2022-12-24,34,48,5630,5688,0.3094235533483331,0.3744592917674613,211,153,408,398,0.0007793941465668759,0.0026619694695069612,162,120,338,376,0.10187245555147632,0.2096215836421883,0.11267605633802817,0.18106995884773663,0.09747308207016593,0.09828181698946356,0.6028571428571429,0.4587706146926537,0.12862547288776796,0.12462815093157976,0.15196998123827393,0.1319406267179769,0.06070947462954648,0.07447019211725094,1.0,0.9406623163340176,0.00022407714219282069,0.06278926149642222,0.027888065229027995,0.033973842479660725,0.13999025375769497
2022-12-25,24,44,5654,5644,0.25146216058810594,0.33244095666002077,198,123,335,349,0.0007272832158992351,0.002200327584748178,131,119,312,296,0.09825886170278543,0.19034908405109421,0.07746478873239436,0.1646090534979424,0.09789292305539277,0.0975123508066279,0.5657142857142857,0.36881559220389803,0.10561160151324085,0.10928448410834507,0.12288930581613508,0.1308411214953271,0.056039515042658285,0.05862547039017627,0.8892138182388651,0.8345103526400335,0.00020909516103162238,0.05190027371806534,0.02689882686800131,0.030850305036995495,0.12514221813812437
2022-12-26,28,37,5734,5583,0.2818279868837924,0.32290154424279804,197,140,342,343,0.000755695760952179,0.0027878538982853396,148,128,287,313,0.09468210021630151,0.19486392054670273,0.09154929577464789,0.13580246913580246,0.09929239300614892,0.09644559087133302,0.5628571428571428,0.4197901049475262,0.10781841109709962,0.10740566776264286,0.13883677298311445,0.14073666849917538,0.05154916928603503,0.06199247375717964,0.9970684717231122,0.8104106980967086,0.00021726381603876148,0.06575856313847198,0.025919671539863222,0.03158203476280965,0.1306981812112564
2022-12-27,22,40,5659,5631,0.25002471905014345,0.34133269738595334,186,152,332,344,0.0006829286057903067,0.0019416016097957075,123,130,290,326,0.10023507557908456,0.20384954630335764,0.07042253521126761,0.14814814814814814,0.09798038992731503,0.09728500852533555,0.5314285714285715,0.45577211394302847,0.10466582597730138,0.1077188038202599,0.11538461538461539,0.14293567894447498,0.05208801077682981,0.06456724103782928,0.8841082512942623,0.8569737781018475,0.00019634313521764267,0.04579756927937907,0.027439824738234173,0.033038355379864354,0.12431106591317023
2022-12-28,24,36,5729,5621,0.2470068927265049,0.32329132296740887,188,139,307,300,0.0005844187990781153,0.0024233878681850724,122,132,279,301,0.0827583635619322,0.19801316539339808,0.07746478873239436,0.13168724279835392,0.09920492613422666,0.09711012984741835,0.5371428571428571,0.41679160419790107,0.0967843631778058,0.09394081728511038,0.11444652908067542,0.1451346893897746,0.05011225864391558,0.059615765498118437,0.8733894054034158,0.8113954057705797,0.00016802139831049878,0.05716171289932662,0.0226554923877,0.03209243997248567,0.11951749814810449
2022-12-29,16,31,5741,5641,0.20226248398611463,0.2931407548838608,195,134,304,273,0.0006623578280081873,0.0019491150136857495,119,124,257,287,0.0856626617339081,0.179409891348812,0.04929577464788732,0.1111111111111111,0.09941484662684008,0.09745988720325274,0.5571428571428572,0.4017991004497751,0.09583858764186633,0.08548614372945045,0.11163227016885553,0.13633864760857614,0.046160754378087115,0.05684293919588037,0.7144642817113976,0.7352252766977823,0.0001904290016327231,0.045974791853486005,0.023450557711551783,0.029077365422359395,0.10961200589891335
2022-12-30,12,28,5684,5679,0.18651627351015854,0.2863632752890471,138,125,251,251,0.00045981340729689884,0.0017345116858577055,95,120,249,250,0.0679328605413867,0.17446969226172995,0.035211267605633804,0.09876543209876543,0.09841772428692633,0.09812442617933809,0.3942857142857143,0.3748125937031484,0.07912988650693568,0.07859715046187568,0.08911819887429644,0.1319406267179769,0.04472384373596767,0.04951475539710834,0.6585362111877409,0.7181031616485836,0.0001321971363306765,0.040912831292573476,0.018596941005464936,0.028276696222716394,0.10095618408780663
2022-12-31,18,33,5792,5635,0.2105257792181311,0.3051549487313891,180,135,301,315,0.0006196733076552894,0.002101191871313541,113,134,276,302,0.08161186065921071,0.1907050893227335,0.056338028169014086,0.11934156378600823,0.10030700872044714,0.09735495999650243,0.5142857142857142,0.4047976011994003,0.09489281210592686,0.0986378581493659,0.10600375234521577,0.14733369983507422,0.04957341715312079,0.05981382451970687,0.7438142106482489,0.7655770330406813,0.0001781571294629365,0.049561907968275316,0.022341631810144664,0.030908003613689998,0.11347233867928243
2023-01-01,6,24,5671,5696,0.1323423329891265,0.26266753646547536,154,122,267,272,0.0005396686674845092,0.0017262087839882048,121,98,243,234,0.05416423555200289,0.16062856087940422,0.014084507042253521,0.0823045267489712,0.09819031041992846,0.09842171993179731,0.44,0.3658170914542729,0.08417402269861286,0.08517300767183342,0.11350844277673545,0.10775151181968114,0.043646160754378084,0.04634581105169341,0.46611886921005447,0.6582400280696304,0.0001551556593972447,0.04071698641807919,0.014827714969444489,0.02603343286618108,0.09330305655705859
2023-01-02,14,37,5654,5601,0.18834899878729325,0.32172829000181935,173,162,332,320,0.000701438475838582,0.0020442944535082864,143,105,298,295,0.07995899812409937,0.18748482365626998,0.04225352112676056,0.13580246913580246,0.09789292305539277,0.09676037249158397,0.4942857142857143,0.48575712143928035,0.10466582597730138,0.10020353843745107,0.13414634146341464,0.11544804837822979,0.05352492141894926,0.05842741136858784,0.6650457639913563,0.8074466767647418,0.00020166475432531472,0.048219838915279374,0.021889152894776717,0.03038608789969635,0.11199792650550464
2023-01-03,19,37,5718,5718,0.21920471312356948,0.32289775513371294,186,140,322,312,0.0006737486400092634,0.0018548722773592918,112,126,293,303,0.08567783610249947,0.19472703855897458,0.05985915492957746,0.13580246913580246,0.0990124990159977,0.09880645302321514,0.5314285714285715,0.4197901049475262,0.10151324085750316,0.09769844997651479,0.1050656660412758,0.13853765805387575,0.052626852267624605,0.06001188354129531,0.7746404229788092,0.8104011255763076,0.00019370387944865215,0.04375183930533513,0.023454711766529596,0.03155984999057113,0.11673089375708662
2023-01-04,18,32,5736,5708,0.22601062503513586,0.3060631538152478,150,128,307,297,0.0006352103649083228,0.002548283927650204,131,98,265,256,0.07569931444109222,0.18193134530505156,0.056338028169014086,0.11522633744855967,0.09932737975491783,0.09863157434529794,0.42857142857142855,0.383808095952024,0.0967843631778058,0.09300140911225928,0.12288930581613508,0.10775151181968114,0.047597665020206556,0.05070310952663894,0.798813954886636,0.7678714541033423,0.00018262405983787128,0.06010770135917223,0.02072304439406719,0.029486023147583067,0.11512881767547191
2023-01-05,16,40,5722,5677,0.21320515188969047,0.3409434191939212,189,158,322,316,0.0006520339971278427,0.0018255762483593348,114,84,290,325,0.09958104224847433,0.3090780453649427,0.04929577464788732,0.14814814814814814,0.0990824725135355,0.09808945044375464,0.54,0.4737631184407796,0.10151324085750316,0.09895099420698293,0.10694183864915573,0.09235843870258384,0.05208801077682981,0.06436918201624084,0.7533309222381868,0.8559903349358631,0.00018746088270298836,0.04306081859801433,0.02726078002897221,0.050092975373537144,0.11595895127118046
2023-01-06,12,34,5699,5648,0.18424752185450574,0.31384641328065843,147,134,265,257,0.0005318128546147849,0.001821494389505973,106,107,234,237,0.07682503413432754,0.19298674394177906,0.035211267605633804,0.12345679012345678,0.09868012490269311,0.09758230227779478,0.42,0.4017991004497751,0.08354350567465321,0.08047596680757789,0.09943714821763602,0.11764705882352941,0.042029636281993715,0.046939988116458706,0.6504779610588121,0.7875344958226421,0.00015289709984146242,0.04296453766546754,0.021031215469993446,0.03127779651990504,0.10154067744506515
2023-01-07,18,32,5644,5735,0.21478933102790615,0.30453008450734265,184,165,334,321,0.0007054977147155464,0.0016877301080366826,139,104,298,304,0.08555143688658774,0.182623812283647,0.056338028169014086,0.11522633744855967,0.09771798931154825,0.09910374677567438,0.5257142857142857,0.4947526236881559,0.10529634300126103,0.10051667449506811,0.1303939962476548,0.11434854315557999,0.05352492141894926,0.06020994256288374,0.7589576781296771,0.763998423030193,0.00020283179240358968,0.039809369830424,0.023420109384961762,0.029598252831399045,0.11718671582021589
2023-01-08,14,34,5715,5665,0.19897542003455887,0.30113111401270304,202,131,297,290,0.0005494474298055594,0.0016716713609895284,128,102,278,262,0.07326979477157025,0.17606984272741522,0.04225352112676056,0.12345679012345678,0.09896001889284434,0.097879596030254,0.5771428571428572,0.39280359820089955,0.09363177805800757,0.09080945670894003,0.1200750469043152,0.11214953271028037,0.04993264481365065,0.05189146365616954,0.7027891459840367,0.7554115194410499,0.00015796707018950648,0.03943058379279321,0.020057951924743148,0.028536036214907953,0.1093524180728315
2023-01-09,8,11,997,966,0.36152249070310555,0.39847639433882803,44,28,84,85,0.0009333693951006562,0.003594622067466281,36,22,68,79,0.1070440837681023,0.23332598325232476,0.02112676056338028,0.02880658436213992,0.016426278547000323,0.015704105276964107,0.12571428571428572,0.08395802098950525,0.02648171500630517,0.02661656489744794,0.03377110694183865,0.024189114898295765,0.012213740458015267,0.015646662705486234,1.0,1.0,0.00026834528792095684,0.08478822449333127,0.029303822847363492,0.037815667946471225,0.0674991214331579
2023-01-09,10,26,4708,4653,0.18519958705519235,0.300921111708713,128,137,253,261,0.0007421129833253329,0.0016908679095735163,113,91,236,236,0.07654283400918438,0.1806211483950263,0.028169014084507043,0.09053497942386832,0.08134419088770128,0.08018187382503389,0.3657142857142857,0.4107946026986507,0.07976040353089534,0.08172851103804603,0.10600375234521577,0.1000549752611325,0.04238886394252357,0.04674192909487027,0.6538595473629216,0.7548809854041395,0.00021335874437884353,0.039883382790931995,0.020953961854626772,0.029273676581618197,0.09577669919005422
2023-01-10,19,37,5677,5687,0.18519298968767364,0.32125173729647166,177,129,312,318,0.000670569524081807,0.0019929258402294836,126,119,282,279,0.09081464129258861,0.19100192921870116,0.05985915492957746,0.13580246913580246,0.09829527066623517,0.09826432912167184,0.5057142857142857,0.3868065967016492,0.09836065573770492,0.099577266322217,0.11819887429643527,0.1308411214953271,0.05065110013471037,0.05525846702317291,0.6538361145479964,0.8062427498279181,0.0001927898782146655,0.04700818065667856,0.024860936417094026,0.030956113124609913,0.10955135900802396
2023-01-11,16,37,5660,5646,0.21308141611050688,0.32190583858693494,175,123,332,312,0.0006528499476749677,0.0023326038926745362,162,124,305,289,0.07543792567011054,0.18413542698817087,0.04929577464788732,0.13580246913580246,0.09799788330169948,0.09754732654221134,0.5,0.36881559220389803,0.10466582597730138,0.09769844997651479,0.15196998123827393,0.13633864760857614,0.05478221823080377,0.05723905723905724,0.7528914321529344,0.8078952221655274,0.0001876954698724915,0.05502034394550776,0.020651487985067222,0.02984324363324841,0.1161790491450308
2023-01-12,20,38,5723,5686,0.22927753077671306,0.3210422904363549,192,145,357,333,0.0006591878767582237,0.0020707095808746336,130,113,285,289,0.08924396969129979,0.18962030781134098,0.06338028169014084,0.13991769547325103,0.09909996588791994,0.09824684125388013,0.5485714285714286,0.43478260869565216,0.11254728877679697,0.10427430718647253,0.12195121951219512,0.12424409015942826,0.051189941625505164,0.05723905723905724,0.8104174918130643,0.8057136190226616,0.0001895176352590966,0.04884290629402511,0.024430957657546104,0.03073219062939442,0.12194341895382461
2023-01-13,14,32,5656,5756,0.18450563741995524,0.3059447372539919,153,139,287,292,0.0005248899936568369,0.001665297424602322,118,101,273,262,0.07777872237934327,0.17661883301083192,0.04225352112676056,0.11522633744855967,0.09792790980416168,0.09947099199930048,0.43714285714285717,0.41679160419790107,0.09047919293820933,0.0914357288241741,0.11069418386491557,0.11105002748763057,0.049034575662325997,0.05189146365616954,0.651394747073438,0.7675722954032401,0.00015090676554643556,0.03928023843265203,0.021292292125515082,0.028625012307386576,0.10595069749820846
2023-01-14,25,44,5726,5616,0.25652969672181114,0.3585326905382895,193,151,374,372,0.0007809974234639201,0.002321042494976539,140,131,325,369,0.10290677893033395,0.21349432909411253,0.08098591549295775,0.1646090534979424,0.0991524460110733,0.09702269050845976,0.5514285714285714,0.4527736131934033,0.11790668348045397,0.11648661343353688,0.13133208255159476,0.1440351841671248,0.05837449483610238,0.07308377896613191,0.9072129119700084,0.9004265480408509,0.00022453808702646604,0.054747639231333065,0.028171216132786416,0.0346015070629609,0.13135715897732458
2023-01-15,14,28,5679,5705,0.20084422344626957,0.2869763322690255,182,133,275,257,0.0006189298932679987,0.0015952116739756344,140,125,235,263,0.06639789832355317,0.17479928339905754,0.04225352112676056,0.09876543209876543,0.09833025741500406,0.09857911074192278,0.52,0.3988005997001499,0.08669609079445145,0.08047596680757789,0.13133208255159476,0.13743815283122596,0.042209250112258644,0.052089522677757974,0.7094268426644287,0.719651942725097,0.00017794339656270505,0.03762708929864367,0.018176737858075363,0.028330113801134146,0.10558391789493411
2023-01-16,22,44,5657,5674,0.2490673451161219,0.3592519707354295,187,179,377,351,0.0007889920938738332,0.0020323342974170153,139,122,345,337,0.10145627425651847,0.21010431892206993,0.07042253521126761,0.1646090534979424,0.09794540317854612,0.09803698684037948,0.5342857142857143,0.5367316341829086,0.11885245901639344,0.10991075622357914,0.1303939962476548,0.13413963716327654,0.06196677144140099,0.06674589027530203,0.8807078092017838,0.9022436834694056,0.00022683656836112553,0.04793772847901958,0.02777413363644926,0.03405208047439922,0.1291845532822129
2023-01-17,18,33,5726,5714,0.2276420976145578,0.30268604146587896,172,149,307,296,0.0006524197671916741,0.0017363179362334543,140,126,272,266,0.07420340384653176,0.1848015165534568,0.056338028169014086,0.11934156378600823,0.0991524460110733,0.09873650155204827,0.49142857142857144,0.44677661169415295,0.0967843631778058,0.09268827305464224,0.13133208255159476,0.13853765805387575,0.04885496183206107,0.05268369974252327,0.8046086896654356,0.7593397712895406,0.00018757179225219097,0.04095543626174013,0.020313531812751077,0.029951198270243222,0.11557234394289656
2023-01-18,24,37,5667,5700,0.23454521352655633,0.32061875852229305,168,112,307,287,0.0006462674536688996,0.0023312169634999514,111,108,259,264,0.09635695593159257,0.17658275409489035,0.07746478873239436,0.13580246913580246,0.09812033692239064,0.09849167140296419,0.48,0.335832083958021,0.0967843631778058,0.08987004853608893,0.10412757973733583,0.11874656404617923,0.04651998203861697,0.05228758169934641,0.8291274749407093,0.8046436398278701,0.00018580299165479096,0.054987629724094794,0.02637817119204492,0.028619164916169802,0.11589116393466929
2023-01-19,12,37,5725,5702,0.18294024945741752,0.32125143650653454,195,147,321,312,0.0006000681253290229,0.0018323286045556712,134,127,306,296,0.08558415260129949,0.19202859926078833,0.035211267605633804,0.13580246913580246,0.09913495263668885,0.09852664713854763,0.5571428571428572,0.4407796101949025,0.10119798234552332,0.09769844997651479,0.12570356472795496,0.13963716327652556,0.0549618320610687,0.05862547039017627,0.6458347344914026,0.8062419899348283,0.00017252060621319196,0.0432200899434544,0.02342906546618074,0.031122507852110848,0.11037036383485771
2023-01-20,6,29,5733,5652,0.11149336898579422,0.28424287946693577,134,138,270,268,0.0005475365879274558,0.0016078590613159474,105,121,257,271,0.05870530820245648,0.17783631367611147,0.014084507042253521,0.102880658436214,0.09927489963176447,0.09765225374896165,0.38285714285714284,0.41379310344827586,0.08511979823455233,0.08392046344136528,0.09849906191369606,0.13304013194062672,0.046160754378087115,0.05367399485046544,0.39206661829520373,0.7127463530137317,0.00015741769990091262,0.03792540981661134,0.01607085502727506,0.028822332142613295,0.09040707224117421
2023-01-21,10,29,5702,5675,0.16994988418137727,0.3018753730671192,145,130,260,258,0.0005001703277840005,0.0018779083667712195,107,124,262,251,0.07361070376545653,0.17163239953808537,0.028169014084507043,0.102880658436214,0.09873260502584646,0.0980544747081712,0.4142857142857143,0.38980509745127434,0.08196721311475409,0.08078910286519493,0.10037523452157598,0.13633864760857614,0.047058823529411764,0.04971281441869677,0.5996949939871192,0.757291759577202,0.00014379981958187373,0.04429520355444066,0.020151277369851898,0.027816849796661686,0.09935278993964436
2023-01-22,6,24,5675,5756,0.11349278472860128,0.2657441232323084,148,134,261,241,0.0004470860675985149,0.0015488363608535327,128,120,243,246,0.044660416080371086,0.17328921384074422,0.014084507042253521,0.0823045267489712,0.09826028391746626,0.09947099199930048,0.4228571428571429,0.4017991004497751,0.08228247162673392,0.07546578988570533,0.1200750469043152,0.1319406267179769,0.043646160754378084,0.0487225193107546,0.3991682294949634,0.6660124856393838,0.00012853800452952897,0.03653321061372342,0.012225999560554129,0.028085373424613383,0.08826164968913923
2023-01-23,10,33,5676,5647,0.1683459461738364,0.30409701347531265,155,127,308,312,0.000697032835019717,0.0021257803598270543,143,114,293,280,0.06811688229617094,0.1851296208297444,0.028169014084507043,0.11934156378600823,0.09827777729185071,0.09756481441000306,0.44285714285714284,0.3808095952023988,0.09709962168978563,0.09769844997651479,0.13414634146341464,0.12534359538207807,0.052626852267624605,0.05545652604476134,0.5939980576900784,0.7629043449247325,0.0002003981250998223,0.05014188946421738,0.01864731782884866,0.03000437486974132,0.1060971640443085
2023-01-24,14,28,5719,5628,0.1668464309991677,0.2841946922417389,122,115,237,222,0.0004797835944081691,0.0016902541708431276,102,50,215,223,0.06595260334424265,0.3330012351954183,0.04225352112676056,0.09876543209876543,0.09902999239038214,0.09723254492196039,0.3485714285714286,0.3448275862068966,0.07471626733921816,0.06951620479098168,0.09568480300187618,0.05497526113249038,0.038616973506960035,0.04416716181422064,0.5886720149213612,0.7126246164297728,0.0001379385990766575,0.039868906215571424,0.018054836257078852,0.0539702606644399,0.09415320057110703
2023-01-25,16,37,5721,5746,0.20699042615968985,0.3215776885626059,171,131,296,314,0.0005946950643150378,0.002269302653982293,154,119,303,301,0.07577307321266985,0.1984864224701088,0.04929577464788732,0.13580246913580246,0.09906497913915105,0.09929611332138329,0.48857142857142855,0.39280359820089955,0.09331651954602774,0.09832472209174886,0.14446529080675422,0.1308411214953271,0.05442299057027391,0.059615765498118437,0.7312571909462421,0.807066208608001,0.00017097584203688292,0.05352722463109622,0.020743236205699046,0.03216914181347548,0.1128234898236869
2023-01-26,17,44,5681,5640,0.21225481897830803,0.35767798686967994,197,155,356,338,0.0006858424487825026,0.00201561932251588,145,133,323,331,0.1020933953375054,0.2061659452130266,0.0528169014084507,0.1646090534979424,0.09836524416377297,0.09744239933546102,0.5628571428571428,0.46476761619190404,0.11223203026481715,0.1058399874745577,0.13602251407129456,0.1462341946124244,0.05801526717557252,0.06555753614577144,0.7499554887540537,0.8982672889324793,0.0001971808700317491,0.047543463652921523,0.027948548537603517,0.03341377937156304,0.11994819050324032
2023-01-27,22,36,5727,5681,0.2507444485302881,0.32365182898905737,169,161,322,322,0.0007018348937649389,0.0015899950776148794,147,131,283,289,0.07486654474836955,0.1959740320974156,0.07042253521126761,0.13168724279835392,0.09916993938545776,0.09815940191492152,0.4828571428571429,0.4827586206896552,0.10151324085750316,0.10082981055268514,0.1378986866791745,0.1440351841671248,0.0508307139649753,0.05723905723905724,0.886664617550445,0.8123061610878392,0.00020177872515309591,0.03750404272099926,0.020495069762596057,0.03176195304366353,0.12245114287435022
2023-01-28,30,48,5737,5552,0.283207005901595,0.37237089076060154,223,171,391,394,0.0007782838126188205,0.0021605869792557255,141,128,354,364,0.1068050324643487,0.22619393213000988,0.09859154929577464,0.18106995884773663,0.09934487312930228,0.09590346696978971,0.6371428571428571,0.512743628185907,0.12326607818411098,0.12337560670111164,0.13227016885553472,0.14073666849917538,0.06358329591378536,0.07209348385818974,1.0,0.9353863369956693,0.00022375791929506622,0.05096289134051541,0.029238381425380728,0.03665976034775749,0.13876756145025146
2023-01-29,28,36,5754,5723,0.2816456364825078,0.3246868489615338,227,164,338,345,0.0006851916213728368,0.0019508124705975096,135,140,311,345,0.09181671596318747,0.19800937194255763,0.09154929577464789,0.13168724279835392,0.09964226049383795,0.09889389236217375,0.6485714285714286,0.4917541229385307,0.10655737704918032,0.10803193987787693,0.12664165103189493,0.15393073117097306,0.055859901212393356,0.06833036244800951,0.9964207916912319,0.8149209577536265,0.00019699375604499277,0.0460148306545062,0.025135259084852795,0.03209182515935876,0.1315052237827675
2023-01-30,31,49,5645,5661,0.2827597375367355,0.3714625752165424,201,136,402,393,0.0007343705791273533,0.00250756621646119,141,119,330,355,0.10621410972415368,0.20690017953345055,0.10211267605633803,0.18518518518518517,0.0977354826859327,0.09780964455908714,0.5742857142857143,0.4077961019490255,0.12673392181588902,0.1230624706434946,0.13227016885553472,0.1308411214953271,0.05927256398742703,0.07031095266389384,1.0,0.9330916368746601,0.0002111327900089949,0.059147271480216354,0.029076613537931038,0.03353277838259915,0.13893482935453
2023-01-31,24,36,5722,5567,0.25821258874342246,0.3251802415958764,186,138,302,300,0.0006443898539409238,0.0018415329246003521,130,113,303,303,0.08895153449078125,0.1856191403518947,0.07746478873239436,0.13168724279835392,0.0990824725135355,0.0961657849866655,0.5314285714285715,0.41379310344827586,0.09520807061790669,0.09394081728511038,0.12195121951219512,0.12424409015942826,0.05442299057027391,0.06001188354129531,0.9131902805446312,0.8161674278213645,0.0001852631785408741,0.04343719703833377,0.02435090214201763,0.030083712401913775,0.12144714682779469
2023-02-01,16,21,1839,1828,0.3476163524142809,0.42127441716404623,69,57,167,180,0.0008185898949604342,0.0027896872312081398,47,50,141,149,0.1148510126544797,0.23981841107781815,0.04929577464788732,0.06995884773662552,0.031155699778708815,0.030778647313426312,0.19714285714285715,0.17091454272863568,0.05264817150063052,0.05636449037106623,0.04409005628517824,0.05497526113249038,0.025325550067355186,0.02951079421667657,1.0,1.0,0.0002353459864930053,0.06580180691779339,0.031441006454483486,0.03886791035596653,0.08495735043412062
2023-02-01,10,19,3890,3860,0.20302273652535616,0.27592617347837456,98,73,141,149,0.000676017215042852,0.0018952507318987346,85,69,138,148,0.0691817512751886,0.1599534734853368,0.028169014084507043,0.06172839506172839,0.06703461064121964,0.06631399466620032,0.28,0.21889055472263869,0.044451450189155105,0.04665727258493815,0.07973733583489681,0.07586586036283673,0.024786708576560394,0.029312735195088136,0.717164579519268,0.6917356520924816,0.00019435609862763326,0.044704266960851426,0.01893883073473132,0.02592401993079748,0.07797174723313008
2023-02-02,8,29,5761,5712,0.1321686158503617,0.28476818491274875,169,120,273,275,0.0006132227904969807,0.0017109626812401358,113,112,246,278,0.0745188403152368,0.1704043110970007,0.02112676056338028,0.102880658436214,0.09976471411452913,0.09870152581646482,0.4828571428571429,0.3598200899550225,0.0860655737704918,0.08611241584468451,0.10600375234521577,0.12314458493677845,0.044185002245172876,0.055060408001584474,0.4655018531729043,0.7140734452097839,0.00017630259481334176,0.0403573686451424,0.0203998840339402,0.02761781073530376,0.09472059476660101
2023-02-03,14,38,5693,5651,0.19976248768107555,0.31835837822992774,164,92,310,318,0.0005598192312499697,0.0028488836152568892,117,116,305,281,0.07757902018836739,0.18897826920225871,0.04225352112676056,0.13991769547325103,0.0985751646563864,0.09763476588116994,0.4685714285714286,0.27586206896551724,0.09773013871374527,0.099577266322217,0.10975609756097561,0.12754260582737767,0.05478221823080377,0.05565458506634977,0.7055846868482014,0.7989331849486793,0.00016094898073796532,0.06719810288596917,0.021237622708760902,0.03062813398507456,0.11240391446304487
2023-02-04,17,40,5674,5632,0.2047347011659262,0.32995299942380807,187,178,371,392,0.0006583489313052583,0.001944602788513318,131,121,361,373,0.09102742919624211,0.1994371725012175,0.0528169014084507,0.14814814814814814,0.09824279054308181,0.09730249639312727,0.5342857142857143,0.5337331334332833,0.1169609079445145,0.12274933458587757,0.12288930581613508,0.13304013194062672,0.06484059272563987,0.07387601505248564,0.7232452094776959,0.8282249644747162,0.00018927643701507048,0.04586835964623195,0.024919188109417654,0.032323232013698154,0.12339048306471392
2023-02-05,14,34,5787,5668,0.18118149222756738,0.301370177630215,156,147,331,333,0.0004673108822747123,0.001812759169063804,125,119,308,296,0.0571669411562566,0.18608683432933146,0.04225352112676056,0.12345679012345678,0.10021954184852487,0.09793205963362916,0.44571428571428573,0.4407796101949025,0.10435056746532156,0.10427430718647253,0.11726078799249531,0.1308411214953271,0.055321059721598564,0.05862547039017627,0.639587904593171,0.7560154717961775,0.00013435267313332105,0.042758495467442696,0.015649719792059973,0.03015951261886684,0.11202211226600972
2023-02-06,22,49,5689,5630,0.24270738929872254,0.37367234237633623,216,172,474,462,0.00078270271077646,0.002280385538452304,140,130,406,459,0.09051165058333768,0.21657523717139615,0.07042253521126761,0.18518518518518517,0.09850519115884859,0.09726752065754384,0.6171428571428571,0.5157421289355323,0.1494325346784363,0.14466885861906997,0.13133208255159476,0.14293567894447498,0.07292321508756175,0.09090909090909091,0.8581182434122248,0.9386742265398337,0.0002250283600279952,0.05378864240432524,0.024777991281260823,0.03510083677840954,0.14325244382081842
2023-02-07,8,32,5724,5706,0.1536603365031878,0.30725324073490373,148,158,351,342,0.0006462197263370317,0.0019531421263050933,151,140,338,346,0.06463428882434177,0.19305012178980568,0.02112676056338028,0.11522633744855967,0.0991174592623044,0.09859659860971451,0.4228571428571429,0.4737631184407796,0.11065573770491803,0.10709253170502583,0.14165103189493433,0.15393073117097306,0.06070947462954648,0.06852842146959794,0.5418370749192025,0.7708780002495658,0.00018578926996573727,0.04606978145807315,0.017693941438903075,0.03128806831056774,0.11001876710480697
2023-02-08,24,46,5643,5677,0.2505891737664875,0.3628984105805934,226,145,425,419,0.0007230627895383033,0.002436376524889289,158,117,377,407,0.09045642464844947,0.21021626566841625,0.07746478873239436,0.1728395061728395,0.0977004959371638,0.09808945044375464,0.6457142857142857,0.43478260869565216,0.13398486759142497,0.1312040081415375,0.14821763602251406,0.12864211105002749,0.06771441400987877,0.08061002178649238,0.8861131059373083,0.9114557750257793,0.0002078817812776705,0.057468083115676,0.024762872921090164,0.03407022393587107,0.13765424831620077
2023-02-09,28,40,5633,5622,0.265540251028144,0.33795349132478364,196,128,354,328,0.0007277352185641034,0.0023159364728851557,127,120,292,318,0.08778071225639829,0.20401385215813314,0.09154929577464789,0.14814814814814814,0.09752556219331927,0.09712761771521007,0.56,0.383808095952024,0.1116015132408575,0.10270862689838735,0.11913696060037524,0.1319406267179769,0.052447238437359676,0.0629827688651218,0.9392169879647582,0.8484368058919167,0.0002092251125662257,0.05462720082661997,0.0240303840327082,0.0330649848000397,0.12790018075164394
2023-02-10,22,29,5744,5713,0.23409496947797356,0.2821243129520386,168,115,228,237,0.0005422759266253302,0.0017310541877230553,118,105,207,207,0.07850042069136907,0.160153058815595,0.07042253521126761,0.102880658436214,0.09946732674999344,0.09871901368425655,0.48,0.3448275862068966,0.07187894073139975,0.0742132456552372,0.11069418386491557,0.11544804837822979,0.037180062864840595,0.040998217468805706,0.8275282786807301,0.7073941658031339,0.00015590525083285497,0.04083127748176281,0.021489860442608262,0.02595636717507275,0.10602701036860399
2023-02-11,18,30,5443,5655,0.21401354166421663,0.2801700213767363,175,122,237,222,0.0005684295680933947,0.001643699526061559,112,100,179,207,0.07674794031553707,0.16421967082307096,0.056338028169014086,0.10699588477366255,0.09420182106027342,0.09770471735233682,0.5,0.3658170914542729,0.07471626733921816,0.06951620479098168,0.1050656660412758,0.10995052226498075,0.03215087561742254,0.040998217468805706,0.7562021959576216,0.7024569904529325,0.0001634244672189594,0.03877079754131817,0.021010110673456005,0.026615452147943263,0.10080878418052569
2023-02-12,26,33,5733,5647,0.2712356384416193,0.3025381340989373,165,108,258,235,0.0005909126354754388,0.0019346582329578187,119,99,216,222,0.08454503155721053,0.16709200372036964,0.08450704225352113,0.11934156378600823,0.09927489963176447,0.09756481441000306,0.4714285714285714,0.3238380809595202,0.08133669609079446,0.07358697354000313,0.11163227016885553,0.10885101704233095,0.038796587337224964,0.043969102792632206,0.959446110991329,0.7589661092344994,0.0001698883873149577,0.045633792230492354,0.02314460117893515,0.02708097761391123,0.11505108968270433
2023-02-13,20,28,5747,5667,0.2382858838495956,0.2848181550335812,167,128,236,231,0.0005437904983015661,0.0016079306955077124,142,105,220,217,0.07758845471713205,0.15931442937176013,0.06338028169014084,0.09876543209876543,0.0995198068731468,0.09791457176583745,0.47714285714285715,0.383808095952024,0.07440100882723834,0.07233442930953499,0.13320825515947468,0.11544804837822979,0.03951504265828469,0.042978807684690035,0.8424137493717633,0.7141996859672728,0.0001563406927647094,0.037927099489633645,0.02124020545551192,0.025820448611112826,0.10738260134238056
2023-02-14,22,28,5689,5666,0.22612880418138967,0.2849576063439219,162,122,225,216,0.0005793275728593939,0.0015961513505389376,112,104,210,201,0.08444183768546437,0.16250735757370313,0.07042253521126761,0.09876543209876543,0.09850519115884859,0.09789708389804573,0.46285714285714286,0.3658170914542729,0.07093316519546028,0.06763738844527947,0.1050656660412758,0.11434854315557999,0.03771890435563539,0.0398098633392751,0.7992337086830305,0.7145519852764796,0.0001665576621169779,0.03764925393957256,0.02311635136978984,0.02633793368062189,0.1031103709901218
2023-02-15,18,25,5680,5638,0.1954129522007746,0.26152753388108196,123,102,222,210,0.0005063486707629656,0.0017917065328445741,112,94,189,200,0.0710123479213336,0.15964892756382507,0.056338028169014086,0.08641975308641975,0.09834775078938852,0.09740742359987759,0.3514285714285714,0.3058470764617691,0.06998738965952081,0.06575857209957726,0.1050656660412758,0.10335349092908191,0.03394701392007184,0.03961180431768667,0.6901358188517479,0.6553600112236477,0.00014557610369218143,0.042261915962718666,0.01943996520134811,0.025874661486950765,0.0966675659085304
2023-02-16,12,25,5720,5607,0.17379970281019794,0.26336345796503025,117,126,201,198,0.00046389580624892144,0.0013657760981627158,105,100,184,185,0.07065728360617453,0.15081183050866226,0.035211267605633804,0.08641975308641975,0.09904748576476659,0.09686529969833428,0.3342857142857143,0.3778110944527736,0.06336696090794451,0.06200093940817285,0.09849906191369606,0.10995052226498075,0.033048944768747195,0.03664091899386017,0.613368946085292,0.6599981518402587,0.00013337083296990538,0.03221527277282612,0.01934276467027175,0.024442413251282196,0.0904566330751281
2023-02-17,10,20,5783,5704,0.17024397682830428,0.2399785839406412,130,110,188,187,0.0004270310552074637,0.0014586074748493857,101,101,157,177,0.05343811079858141,0.14893721618116892,0.028169014084507043,0.06584362139917696,0.10014956835098707,0.09856162287413107,0.37142857142857144,0.32983508245877063,0.05926860025220681,0.05855644277438547,0.0947467166979362,0.11105002748763057,0.028199371351594074,0.035056446821152706,0.6007395649537616,0.6009203637251895,0.00012277215437139877,0.034404934845446274,0.014628934893140176,0.024138590282455262,0.0881087073761623
2023-02-18,8,21,5764,5775,0.1521672130597189,0.23934293857005065,121,110,187,171,0.00036523906921360225,0.0012393102455380296,83,87,155,177,0.05577335265956259,0.14846249577932757,0.02112676056338028,0.06995884773662552,0.09981719423768248,0.09980326148734316,0.3457142857142857,0.32983508245877063,0.05895334174022698,0.05354626585251292,0.07786116322701689,0.09565695437053326,0.02784014369106421,0.035056446821152706,0.5365337345774506,0.5993145170363895,0.00010500685334506473,0.029232256783431557,0.015268218367677529,0.024061651277063674,0.0840880644335756
2023-02-19,6,16,5763,5692,0.13124869055708788,0.21741349423821335,89,101,152,156,0.00040485847218003,0.0010632754962698128,98,96,142,168,0.046600847119354936,0.13715432445467898,0.014084507042253521,0.04938271604938271,0.09979970086329802,0.09835176846063044,0.2542857142857143,0.3028485757121439,0.04791929382093316,0.048849224988257396,0.09193245778611632,0.10555250137438153,0.025505163897620118,0.033273915626856804,0.46223442278022187,0.5439136171056773,0.00011639749905520817,0.025080033389860333,0.012757201710287998,0.022228910465543025,0.07643989728221601
2023-02-20,16,23,5696,5685,0.178459863823595,0.2320835324564877,123,82,173,184,0.0003616978594272289,0.0016314242745110066,99,60,167,189,0.06468599484871836,0.19113334367072218,0.04929577464788732,0.07818930041152264,0.09862764477953975,0.0982293533860884,0.3514285714285714,0.24587706146926536,0.054539722572509455,0.05761703460153437,0.09287054409005628,0.06597031335898845,0.02999550965424338,0.0374331550802139,0.6299211072676187,0.580974899052088,0.00010398874951104048,0.038481254784208795,0.01770809620696812,0.03097741176101433,0.08820361308564138
2023-02-21,6,20,5744,5687,0.1307057594044212,0.24194137888804768,118,101,182,197,0.0004046846979968184,0.0014038799789758733,98,98,149,171,0.05321625575459363,0.14266612191262298,0.014084507042253521,0.06584362139917696,0.09946732674999344,0.09826432912167184,0.33714285714285713,0.3028485757121439,0.05737704918032787,0.06168780335055582,0.09193245778611632,0.10775151181968114,0.02676246070947463,0.0338680926916221,0.4603060164603522,0.6058790213555566,0.00011634753868209981,0.03311404887218122,0.014568201028381278,0.02312221990134817,0.0807139173422456
2023-02-22,16,24,5722,5764,0.20585138338942707,0.26322186132725345,140,80,221,186,0.0003804545230781016,0.0017718420669622348,97,104,169,192,0.06650706740256257,0.15351846303014802,0.04929577464788732,0.0823045267489712,0.0990824725135355,0.09961089494163425,0.4,0.239880059970015,0.06967213114754098,0.05824330671676844,0.09099437148217636,0.11434854315557999,0.03035473731477324,0.038027332144979206,0.7272114896340443,0.6596404327370614,0.00010938132219903525,0.041793362451094815,0.018206623408393414,0.02488108328390749,0.09724046574391945
2023-02-23,12,25,5718,5675,0.168293302937521,0.2611419186446245,128,106,214,207,0.0004244199051013756,0.0015576899627793561,90,106,182,204,0.06910612064773396,0.15505703609844104,0.035211267605633804,0.08641975308641975,0.0990124990159977,0.0980544747081712,0.3657142857142857,0.31784107946026985,0.06746532156368222,0.06481916392672617,0.08442776735459662,0.11654755360087961,0.03268971710821733,0.04040404040404041,0.5938110771694168,0.6543858218733175,0.0001220214442766592,0.03674204513751258,0.018918126493723784,0.02513044328852829,0.0911890819878684
2023-02-24,4,12,2743,2693,0.15644419467532641,0.27013955790489497,58,63,107,99,0.0005108421861717661,0.0011584789849787822,58,48,98,95,0.07400967208715807,0.1578194755076677,0.007042253521126761,0.03292181069958848,0.046969710222253325,0.045905652953263675,0.1657142857142857,0.1889055472263868,0.03373266078184111,0.031000469704086424,0.054409005628517824,0.052776250687190766,0.017602155365963178,0.01881560705090117,0.5517249026233328,0.6771167814328899,0.00014686799701167666,0.027325647705274077,0.020260496829809908,0.025578158069220296,0.05736967081085946
2023-02-24,6,12,3043,2929,0.1815522986573987,0.25740937014314347,67,53,108,106,0.0003347378103519035,0.0018346412001222572,47,46,97,89,0.06366199233204514,0.14893178931107254,0.014084507042253521,0.03292181069958848,0.05221772253758889,0.05003278975210947,0.19142857142857142,0.15892053973013492,0.034047919293820936,0.03319242210740567,0.04409005628517824,0.05057724024189115,0.01742254153569825,0.01762725292137057,0.6409049508875729,0.6449561918795985,9.623768956686787e-05,0.043274638340582615,0.01742777068791512,0.02413771073738834,0.0636161547352685
2023-02-25,6,23,5756,5667,0.129703316117285,0.23218142321788257,126,106,169,168,0.00038399618387294964,0.001291583211927048,111,94,149,185,0.055408199378124544,0.14796877128145847,0.014084507042253521,0.07818930041152264,0.09967724724260686,0.09791457176583745,0.36,0.31784107946026985,0.05327868852459016,0.05260685767966181,0.10412757973733583,0.10335349092908191,0.02676246070947463,0.03664091899386017,0.45674549509271717,0.5812222029141519,0.00011039955569876272,0.030465246490260042,0.015168255934493691,0.023981632234999828,0.07829421413904813
2023-02-26,8,20,5760,5737,0.15238319264743957,0.24112899083615802,132,95,171,159,0.0003674722034777322,0.0011906542644481157,97,94,177,167,0.06168664968037495,0.1373716596872325,0.02112676056338028,0.06584362139917696,0.09974722074014467,0.09913872251125781,0.37714285714285717,0.2848575712143928,0.05390920554854981,0.0497886331611085,0.09099437148217636,0.10335349092908191,0.03179164795689268,0.03307585660526837,0.5373008602063222,0.6038266652408008,0.00010564888324257329,0.028084582794298457,0.016887011319533907,0.022264134476485797,0.0825174782850515
2023-02-27,12,20,5704,5682,0.1547992847911987,0.24022526130187835,124,89,179,195,0.000410273542833391,0.001662465121555631,90,90,163,171,0.06487751858275811,0.14443833903199524,0.035211267605633804,0.06584362139917696,0.09876759177461536,0.09817688978271324,0.35428571428571426,0.26686656671664166,0.0564312736443884,0.06106153123532175,0.08442776735459662,0.09895547003848268,0.029277054333183655,0.0338680926916221,0.5458824406452569,0.6015435508702114,0.0001179543410742587,0.03921343142427986,0.017760526732559102,0.023409447123884968,0.0847652829638595
2023-02-28,45,56,5688,5712,0.36270569764466876,0.39264409560389885,129,96,150,140,0.00047713778642839277,0.001232225621079865,91,90,178,162,0.1558793644028522,0.2293346600115164,0.15140845070422534,0.2139917695473251,0.09848769778446413,0.09870152581646482,0.36857142857142855,0.28785607196401797,0.04728877679697352,0.04383904806638485,0.08536585365853659,0.09895547003848268,0.03197126178715761,0.03208556149732621,1.0,0.9866030379664158,0.00013717792478431037,0.029065148053296484,0.042672711272082095,0.03716878519369089,0.10278086559380092
2023-03-01,12,30,5674,5749,0.18517807313875131,0.28363444273534416,128,114,198,204,0.0004268768975028652,0.0015612199977013187,97,87,190,188,0.06444974742224305,0.1798070466498483,0.035211267605633804,0.10699588477366255,0.09824279054308181,0.09934857692475844,0.3657142857142857,0.34182908545727136,0.06242118537200504,0.06387975575387506,0.09099437148217636,0.09565695437053326,0.03412662775033678,0.03723509605862547,0.6537831333052161,0.711209244185482,0.00012272783376924185,0.03682530991133723,0.017643422359615888,0.029141733277057037,0.09274652253377741
2023-03-02,16,32,5703,5657,0.20023874447763004,0.3042010750223933,136,114,260,240,0.0006009004372615344,0.0018716966708290672,112,100,207,235,0.07668299719433445,0.16851486960716278,0.04929577464788732,0.11522633744855967,0.09875009840023091,0.09773969308792026,0.38857142857142857,0.34182908545727136,0.08196721311475409,0.0751526538280883,0.1050656660412758,0.10995052226498075,0.037180062864840595,0.04654387007328184,0.7072762763100432,0.7631672381959532,0.00017275989730880983,0.04414868504424892,0.02099233218769682,0.027311584694860044,0.10271497993712116
2023-03-03,27,44,5654,5660,0.27085013895303073,0.3584997022284894,194,144,407,404,0.0006189370613394498,0.002248492772935265,147,129,392,383,0.08771865578011258,0.21638015516036616,0.0880281690140845,0.1646090534979424,0.09789292305539277,0.09779215669129541,0.5542857142857143,0.431784107946027,0.12831021437578816,0.12650696727728197,0.1378986866791745,0.14183617372182517,0.07040862146385271,0.07585660526836997,0.9580768772561686,0.9003432088543918,0.00017794545739543375,0.05303637111916121,0.02401339577961102,0.035069219397230594,0.13916672978409916
2023-03-04,39,61,5674,5591,0.3263011598910326,0.4161572285372468,215,180,505,505,0.0007863359249384499,0.0023756903146609585,136,129,435,465,0.11616319487920079,0.23375797346565003,0.13028169014084506,0.2345679012345679,0.09824279054308181,0.09658549381366677,0.6142857142857143,0.5397301349325337,0.15920554854981084,0.1581337090966025,0.1275797373358349,0.14183617372182517,0.07813201616524472,0.09209744503862151,1.0,1.0,0.00022607291527642668,0.05603664584079274,0.031800222527928405,0.037885681573910084,0.1552692321519093
2023-03-05,20,46,5700,5651,0.2216414618721318,0.35493740361843634,216,153,428,425,0.0005741794394702319,0.0020233292514522587,143,112,407,379,0.08829735146985501,0.207439695775273,0.06338028169014084,0.1728395061728395,0.09869761827707756,0.09763476588116994,0.6171428571428571,0.4587706146926537,0.13493064312736444,0.1330828244872397,0.13414634146341464,0.12314458493677845,0.07310282891782667,0.07506436918201624,0.7832953724389428,0.8913436853903,0.00016507756501520698,0.04772532176574006,0.024171816454325586,0.033620218995805196,0.13344286242779171
2023-03-06,44,16,5720,5730,0.19354133134519827,0.21562234725510118,73,78,121,125,0.0003719766608343821,0.001176476856863326,150,276,518,254,0.14457602277093962,1.8833428341655387,0.14788732394366197,0.04938271604938271,0.09904748576476659,0.09901630743671577,0.20857142857142857,0.23388305847076463,0.03814627994955864,0.03914200720212933,0.14071294559099437,0.3034634414513469,0.09303996407723394,0.05030699148346207,0.6834881150525349,0.5393885979911469,0.00010694392239067771,0.027750172891262418,0.03957836818365541,0.30523761757451173,0.09112344509109627
2023-03-07,18,43,5663,5625,0.2265999365335044,0.3331828699857305,199,141,386,369,0.0006268995145868359,0.0019569114940406014,138,118,326,349,0.07880062679231245,0.20091232896981465,0.056338028169014086,0.16049382716049382,0.09805036342485283,0.09718008131858523,0.5685714285714286,0.42278860569715143,0.12168978562421186,0.11554720526068576,0.1294559099437148,0.1297416162726773,0.05855410866636731,0.06912259853436324,0.8009070969217615,0.836384666703488,0.00018023467624109406,0.0461586914997292,0.021572043278782566,0.032562313947085884,0.126457527119052
2023-03-08,46,46,5725,5620,0.27207301566998976,0.36338624250496776,195,152,373,363,0.000628544996077872,0.0019871360252170654,107,70,366,378,0.11655572755170597,0.5703338262764106,0.15492957746478872,0.1728395061728395,0.09913495263668885,0.09709264197962664,0.5571428571428572,0.45577211394302847,0.11759142496847415,0.11366838891498356,0.10037523452157598,0.07696536558548653,0.06573866187696453,0.0748663101604278,0.9624203436014367,0.9126881969337997,0.0001807077549672645,0.0468716132718926,0.03190768019856262,0.09243528857129228,0.13444063895595293
2023-03-09,20,45,5672,5728,0.23813446223489482,0.3569538956804529,208,157,405,419,0.0006104610639354102,0.002000643197396227,136,133,378,387,0.08258576954149861,0.2195049862689843,0.06338028169014084,0.16872427983539096,0.0982078037943129,0.09898133170113234,0.5942857142857143,0.4707646176911544,0.1276796973518285,0.1312040081415375,0.1275797373358349,0.1462341946124244,0.06789402784014369,0.0766488413547237,0.8418759235400355,0.8964379993751127,0.00017550859373165464,0.04719021398303887,0.022608243960498205,0.035575667817355834,0.13387341137628905
2023-03-10,24,44,5669,5580,0.2629880876150225,0.3591773090245463,194,138,385,390,0.0006440247593962854,0.002372392453654339,148,121,360,368,0.0850235010709898,0.21093926781213138,0.07746478873239436,0.1646090534979424,0.09815532367115955,0.09639312726795786,0.5542857142857143,0.41379310344827586,0.12137452711223203,0.1221230624706435,0.13883677298311445,0.13304013194062672,0.06466097889537495,0.07288571994454347,0.9301521037137246,0.9020550637346461,0.00018515821323859013,0.055958857474135835,0.023275584465223317,0.034187402522714315,0.13456897350345698
2023-03-11,26,46,5670,5641,0.25208963764078823,0.3654450264162203,202,136,417,433,0.0007059120826902426,0.002516181476050842,129,144,369,400,0.09892072232866231,0.21693903339091894,0.08450704225352113,0.1728395061728395,0.098172817045544,0.09745988720325274,0.5771428571428572,0.4077961019490255,0.13146279949558637,0.135587912948176,0.12101313320825516,0.1583287520615723,0.06627750336775931,0.07922360863537334,0.8914425183383575,0.9178893538678434,0.0002029509239007855,0.059350484099080246,0.027080014336263062,0.03515979805158578,0.1377657907234096
2023-03-12,12,37,5653,5660,0.17978996283306528,0.3228410223958177,149,124,384,363,0.0005326675092286194,0.001962035979005663,131,120,340,363,0.06497045507379448,0.19710066138122115,0.035211267605633804,0.13580246913580246,0.09787542968100832,0.09779215669129541,0.4257142857142857,0.37181409295352325,0.1210592686002522,0.11366838891498356,0.12288930581613508,0.1319406267179769,0.061068702290076333,0.0718954248366013,0.6346454103828789,0.8102578002513531,0.00015314281449594567,0.04627956539786798,0.0177859685353521,0.031944548390745335,0.11811860336407304
2023-03-13,14,34,5758,5665,0.19951966930655723,0.313040724400724,163,145,361,359,0.0005221195290290271,0.0017659667697045782,125,117,315,352,0.0752388175041449,0.19380511788963328,0.04225352112676056,0.12345679012345678,0.09971223399137577,0.097879596030254,0.4657142857142857,0.43478260869565216,0.11380832282471627,0.11241584468451542,0.11726078799249531,0.12864211105002749,0.05657835653345308,0.06971677559912855,0.7047222340570847,0.7854990639924005,0.00015011025225584898,0.04165477875203062,0.020596981185461553,0.03141043222998209,0.11943966097153849
2023-03-14,18,42,5611,5740,0.20877620235303435,0.3376430561509614,199,133,390,386,0.00046627019663740603,0.001973298718131493,131,121,362,376,0.07202812336908576,0.1975063046812319,0.056338028169014086,0.15637860082304528,0.09714070795686133,0.09919118611463297,0.5685714285714286,0.3988005997001499,0.12295081967213115,0.12087051824017536,0.12288930581613508,0.13304013194062672,0.0650202065559048,0.07447019211725094,0.7375999879660929,0.8476525458012527,0.00013405347424331668,0.04654522549661762,0.019718038521477743,0.03201029191456595,0.12533447786407667
2023-03-15,20,45,5712,5666,0.2138817019355386,0.35462732777530975,189,141,435,397,0.000588316191310893,0.001903137545541405,125,103,349,369,0.08316408285220149,0.20584907733476704,0.06338028169014084,0.16872427983539096,0.09890753876969098,0.09789708389804573,0.54,0.42278860569715143,0.1371374527112232,0.12431501487396274,0.11726078799249531,0.11324903793293019,0.06268522676246072,0.07308377896613191,0.7557339219145061,0.8905603330856979,0.0001691419052034132,0.04489029734544292,0.02276655995714705,0.03336242388041653,0.1302291534634413
2023-03-16,20,46,5633,5653,0.23860927071526297,0.3517151968406941,200,143,425,418,0.0005692311373702201,0.0022387455101832354,140,94,359,375,0.08368890032877363,0.22052601075979886,0.06338028169014084,0.1728395061728395,0.09752556219331927,0.09766974161675337,0.5714285714285714,0.4287856071964018,0.13398486759142497,0.13089087208392047,0.13133208255159476,0.10335349092908191,0.06448136506511001,0.07427213309566251,0.8435623688098869,0.8832033443698666,0.0001636549197488017,0.052806457351620935,0.0229102312168683,0.03574114755763878,0.13475816140454688
2023-03-17,35,56,5717,5621,0.30637332355611385,0.40271874738565006,187,156,475,485,0.0006602699998277474,0.0025713774087771746,130,120,418,433,0.10246078313489633,0.22749904977174626,0.11619718309859155,0.2139917695473251,0.09899500564161325,0.09711012984741835,0.5342857142857143,0.46776611694152925,0.14974779319041615,0.1518709879442618,0.12195121951219512,0.1319406267179769,0.0750785810507409,0.08575955634779164,1.0,1.0,0.0001898287474813116,0.06065241933657736,0.028049122680069438,0.03687128370526376,0.15154242939951962
2023-03-18,32,57,5342,5361,0.2999003250383231,0.41229315304598113,215,176,484,475,0.0007714281853995365,0.002446357842343296,134,134,444,474,0.11352306509218958,0.24367392433400717,0.1056338028169014,0.21810699588477367,0.09243499024744378,0.09256328422157128,0.6142857142857143,0.527736131934033,0.15258511979823455,0.14873962736809143,0.12570356472795496,0.14733369983507422,0.0797485406376291,0.09387997623291741,1.0,1.0,0.00022178691481420997,0.057703517653478774,0.031077474545515592,0.039492782078468146,0.15089158209330844
2023-03-19,16,28,3861,3837,0.2417341639713639,0.3299788196066386,110,96,222,218,0.000669729341926894,0.0018640468917385192,75,55,186,210,0.09398591923306159,0.22836269721569344,0.04929577464788732,0.09876543209876543,0.06652730278407053,0.06591177370699078,0.3142857142857143,0.28785607196401797,0.06998738965952081,0.06826366056051354,0.07035647279549719,0.060472787245739415,0.03340817242927705,0.041592394533571005,0.8546614996561931,0.82829019464396,0.00019254832441672695,0.043968245717198616,0.02572908871188777,0.03701125699288431,0.095805801211328
2023-03-19,6,8,1814,1878,0.2303346263694513,0.27322808818296657,60,35,101,102,0.0005454658952801832,0.002320540022735018,47,39,98,100,0.09028646845067441,0.1760239189083547,0.014084507042253521,0.01646090534979424,0.030718365419097518,0.03165304070301229,0.17142857142857143,0.10494752623688156,0.03184110970996217,0.03193987787693753,0.04409005628517824,0.04288070368334249,0.017602155365963178,0.019805902158843335,0.8141721296004346,0.6849194121917555,0.00015682237224441895,0.0547357871566459,0.024716346610283477,0.028528593238055483,0.06553503562493657
2023-03-20,36,61,5684,5624,0.21685941711688958,0.29519852991651807,84,4,520,499,0.6414974181944783,0.015288724742937472,101,101,2417,771,0.5702256365623091,1.1017824938192393,0.11971830985915492,0.2345679012345679,0.09841772428692633,0.0971625934507935,0.24,0.01199400299850075,0.16393442622950818,0.15625489275090026,0.0947467166979362,0.11105002748763057,0.4341266277503368,0.1527035056446821,0.7663102993175808,0.7404238848767707,0.18443159834631556,0.36062312014755105,0.15610195770414242,0.1785683718321509,0.20162815753025512
2023-03-21,37,57,5623,5625,0.3176386457751327,0.40018163763295117,206,183,497,484,0.0008004859235630844,0.0022795137732356256,136,96,454,479,0.10728664037573286,0.2712881704174849,0.12323943661971831,0.21810699588477367,0.09735062844947476,0.09718008131858523,0.5885714285714285,0.5487256371814093,0.15668348045397226,0.15155785188664475,0.1275797373358349,0.10555250137438153,0.0815446789402784,0.09487027134085958,1.0,1.0,0.0002301410639375462,0.0537680796237297,0.02937022386281673,0.043968285174733494,0.15401367728570783
2023-03-22,34,47,5612,5656,0.309159958721072,0.36629050071311053,229,164,424,431,0.0006494269748902588,0.002331382643658541,117,106,385,365,0.10912365831300168,0.22242872981938394,0.11267605633802817,0.17695473251028807,0.0971582013312458,0.09772220522012853,0.6542857142857142,0.4917541229385307,0.13366960907944514,0.1349616408329419,0.10975609756097561,0.11654755360087961,0.0691513246519982,0.07229154287977817,1.0,0.9200252965851882,0.00018671135937746157,0.05499153770836043,0.029873116188167226,0.03604952552373474,0.14341388992819107
2023-03-23,18,45,5732,5648,0.21810929759873804,0.3535212441490574,194,147,417,406,0.0006207098512022232,0.0020797505316518124,118,117,359,359,0.0938733587401036,0.2038457420061616,0.056338028169014086,0.16872427983539096,0.09925740625738001,0.09758230227779478,0.5542857142857143,0.4407796101949025,0.13146279949558637,0.12713323939251606,0.11069418386491557,0.12864211105002749,0.06448136506511001,0.07110318875024757,0.7707496788014067,0.8877660065461948,0.00017845513749491674,0.04905615991283153,0.025698274746004345,0.03303773880884414,0.1301040226598727
2023-03-24,24,47,5716,5648,0.26174832585259594,0.3655532347115932,177,157,421,412,0.0006038364379968666,0.001969719187230885,132,139,358,397,0.09279359365217352,0.21175492904474194,0.07746478873239436,0.17695473251028807,0.09897751226722878,0.09758230227779478,0.5057142857142857,0.4707646176911544,0.13272383354350567,0.12901205573821825,0.12382739212007504,0.15283122594832327,0.06430175123484508,0.07862943157060805,0.9257486643346179,0.9181627231722777,0.0001736040025117385,0.04646079323534362,0.02540268396004351,0.03431959857691825,0.1387529397468314
2023-03-25,17,43,5649,5517,0.20304625708469742,0.3461771277191527,193,112,409,386,0.000517012294468614,0.0024142246579085735,104,114,352,364,0.09060408593054955,0.200131223385491,0.0528169014084507,0.16049382716049382,0.09780545618347052,0.09529139159707953,0.5514285714285714,0.335832083958021,0.1289407313997478,0.12087051824017536,0.0975609756097561,0.12534359538207807,0.0632240682532555,0.07209348385818974,0.7172481208579033,0.8692123827855622,0.0001486419136368758,0.056945575481978865,0.02480329589356802,0.03243571840467699,0.12526034223485918
2023-03-26,14,41,5722,5630,0.19441566941292046,0.3383707054590862,173,138,393,382,0.0005396264724775504,0.0019082355950884534,111,123,343,382,0.07980114960974588,0.2054297743982622,0.04225352112676056,0.1522633744855967,0.0990824725135355,0.09726752065754384,0.4942857142857143,0.41379310344827586,0.12389659520807061,0.11961797400970722,0.10412757973733583,0.13523914238592633,0.061607543780871125,0.07565854624678155,0.6865936267683699,0.8494908243227721,0.00015514352826100796,0.045010547697596895,0.02184594111941737,0.033294466508524946,0.122748968853606
2023-03-27,14,36,5646,5708,0.1968791982805713,0.31058339139804125,154,142,358,374,0.0005165144566044852,0.001760424980139568,95,92,310,306,0.0788255318928669,0.20131072095573013,0.04225352112676056,0.13168724279835392,0.09775297606031716,0.09863157434529794,0.44,0.4257871064467766,0.1128625472887768,0.11711288554877095,0.08911819887429644,0.1011544804837823,0.05568028738212842,0.06060606060606061,0.6953436950122452,0.779291042588939,0.00014849878440456024,0.041524061672762236,0.021578861167534123,0.03262688223408898,0.11857668869867169
2023-03-28,16,43,5728,5619,0.19161346821574662,0.3350659831553918,121,131,398,388,0.0005566024235754605,0.0019658263262995776,127,92,345,390,0.0648414496922843,0.20980402907731763,0.04929577464788732,0.16049382716049382,0.09918743275984221,0.09707515411183491,0.3457142857142857,0.39280359820089955,0.12547288776796975,0.12149679035540943,0.11913696060037524,0.1011544804837823,0.06196677144140099,0.07724301841948901,0.6766406475155953,0.8411420222794863,0.0001600241430626209,0.04636897029530429,0.017750652703658675,0.034003411822504714,0.12304460531365635
2023-03-29,20,44,5717,5643,0.2191933450633417,0.3574725907620475,192,155,411,437,0.0005566329063266467,0.0020433792281567597,139,131,393,395,0.07724808708960527,0.20716802754188235,0.06338028169014084,0.1646090534979424,0.09899500564161325,0.09749486293883618,0.5485714285714286,0.46476761619190404,0.12957124842370743,0.13684045717864413,0.1303939962476548,0.1440351841671248,0.07058823529411765,0.07823331352743118,0.7746000454114506,0.8977483916438423,0.0001600329069054109,0.048198251017828465,0.021147028211997657,0.033576189112967864,0.13218386287197614
2023-03-30,10,37,5688,5676,0.16382859922551066,0.32266451519705186,160,151,385,378,0.0004983518436640449,0.0016928010479147439,130,133,376,375,0.07456471594223343,0.20009637016012427,0.028169014084507043,0.13580246913580246,0.09848769778446413,0.09807196257596293,0.45714285714285713,0.4527736131934033,0.12137452711223203,0.11836542977923908,0.12195121951219512,0.1462341946124244,0.06753480017961383,0.07427213309566251,0.5779531496729037,0.8098118857307705,0.00014327700230576566,0.039928980732683965,0.02041244270322111,0.03243006966389399,0.11698225391605327
2023-03-31,30,51,5682,5675,0.2737575298628533,0.36848532637092035,218,147,429,441,0.0006149971880227632,0.002265048247551784,151,121,418,406,0.090761003669545,0.21929297869052822,0.09859154929577464,0.1934156378600823,0.09838273753815742,0.0980544747081712,0.6228571428571429,0.4407796101949025,0.13524590163934427,0.13809300140911226,0.14165103189493433,0.13304013194062672,0.0750785810507409,0.08041196276490394,0.9684034738739826,0.9255701391627608,0.00017681273711867308,0.05342687372890245,0.02484625286478273,0.03554130727131943,0.1439737318103818
2023-04-01,48,53,5708,5657,0.26014905246048475,0.3823936847699513,202,131,390,356,0.0005386559050931295,0.0021488507988462603,110,101,444,397,0.14568436861787534,1.0427875479382205,0.1619718309859155,0.20164609053497942,0.09883756527215318,0.09773969308792026,0.5771428571428572,0.39280359820089955,0.12295081967213115,0.11147643651166432,0.10318949343339587,0.11105002748763057,0.0797485406376291,0.07862943157060805,0.9200682960201475,0.9607071704621141,0.0001548644884879168,0.05068606393541539,0.03988178308720652,0.16900692799782208,0.13492587965015457
2023-04-02,27,45,5688,5708,0.27092282692297026,0.35564015406677296,194,157,437,428,0.0007692498218461462,0.0022352370601489008,138,118,361,389,0.09892813495365858,0.20496447091980977,0.0880281690140845,0.16872427983539096,0.09848769778446413,0.09863157434529794,0.5542857142857143,0.4707646176911544,0.13776796973518285,0.1340222326600908,0.1294559099437148,0.1297416162726773,0.06484059272563987,0.07704495939790057,0.9583350535275456,0.8931190613038626,0.0002211606315891552,0.052723701711792435,0.027082043577320376,0.03321905372512968,0.14238120030622717
2023-04-03,32,58,5670,5622,0.2855841174971494,0.4002927168075744,223,188,506,487,0.0008889284553866062,0.0023236424052664973,167,69,435,504,0.10862213121074285,0.5087942579130419,0.1056338028169014,0.2222222222222222,0.098172817045544,0.09712761771521007,0.6371428571428571,0.5637181409295352,0.15952080706179067,0.15249726005949585,0.15666041275797374,0.07586586036283673,0.07813201616524472,0.09982174688057041,1.0,1.0,0.000255568442198735,0.05480896467061155,0.029735820778272526,0.08246143203649879,0.1549319617597747
2023-04-04,64,42,5736,5668,0.28254694439338335,0.32814453655675146,168,148,316,281,0.0009385242547057129,0.0020340122816753727,115,178,460,379,0.1692999327326135,1.4388347445373446,0.21830985915492956,0.15637860082304528,0.09932737975491783,0.09793205963362916,0.48,0.44377811094452774,0.09962168978562422,0.08799123219038672,0.10787992495309569,0.19571192963166575,0.08262236192186799,0.07506436918201624,0.9996220960609371,0.8236561998124601,0.0002698273188212328,0.047977307968413346,0.04634665515578371,0.23319518971202216,0.12978633137552714
2023-04-05,30,16,5685,5812,0.13067940573887324,0.14061191511546997,70,66,75,69,0.00032433383855566485,0.0009380301487741573,48,97,167,116,0.10456406979016937,1.0762162234577843,0.09859154929577464,0.04938271604938271,0.09843521766131078,0.10045031259563678,0.2,0.19790104947526238,0.02364438839848676,0.02160638797557539,0.0450281425891182,0.10665200659703133,0.02999550965424338,0.022974846504258267,0.4602124123727164,0.3498878800594119,9.32465299875653e-05,0.022125806091163505,0.02862490732293553,0.17442478877662398,0.06605236865005565
2023-04-06,31,36,5796,5752,0.0032434221865364093,0.003048915524259682,0,0,0,0,0.0,0.0,0,0,0,0,0.0,0.0,0.10211267605633803,0.13168724279835392,0.10037698221798494,0.0994010405281336,0.0,0.0,0.0,0.0,0.0,0.0,0.0,0.0,0.007579781413684918,0.0023590572037929703,0.0,0.0,0.0,0.0,0.030394489567094597
2023-04-07,47,25,5693,5750,0.0031466443161651484,0.003084071568470138,0,0,0,0,0.0,0.0,0,0,0,0,0.0,0.0,0.15845070422535212,0.08641975308641975,0.0985751646563864,0.09936606479255017,0.0,0.0,0.0,0.0,0.0,0.0,0.0,0.0,0.007236041593394947,0.0024478727915384167,0.0,0.0,0.0,0.0,0.030013441490202047
2023-04-08,37,23,5763,5749,0.0032378967472629803,0.0030942605983836973,0,0,0,0,0.0,0.0,0,0,0,0,0.0,0.0,0.12323943661971831,0.07818930041152264,0.09979970086329802,0.09934857692475844,0.0,0.0,0.0,0.0,0.0,0.0,0.0,0.0,0.007560155919803047,0.0024736135908988736,0.0,0.0,0.0,0.0,0.030272805661125602
2023-04-09,27,26,5801,5751,0.003241110635211061,0.003029453636629006,0,0,0,0,0.0,0.0,0,0,0,0,0.0,0.0,0.0880281690140845,0.09053497942386832,0.1004644490899072,0.09938355266034189,0.0,0.0,0.0,0.0,0.0,0.0,0.0,0.0,0.00757157114584044,0.002309890153649138,0.0,0.0,0.0,0.0,0.030409823641307655
2023-04-10,34,33,4751,4831,0.0031895719761364074,0.002879620552998475,0,0,0,0,0.0,0.0,0,0,0,0,0.0,0.0,0.11267605633802817,0.11934156378600823,0.08209640598623272,0.08329471429195995,0.0,0.0,0.0,0.0,0.0,0.0,0.0,0.0,0.007388513910334579,0.0019313631127029244,0.0,0.0,0.0,0.0,0.025118178321959266
2023-04-10,7,0,973,1004,0.002760877719020104,0.003712755110193228,0,0,0,0,0.0,0.0,0,0,0,0,0.0,0.0,0.017605633802816902,0.0,0.016006437561773477,0.016368644253049448,0.0,0.0,0.0,0.0,0.0,0.0,0.0,0.0,0.005865859130525947,0.00403613163914272,0.0,0.0,0.0,0.0,0.005131444894185938
2023-04-11,20,6,5706,5811,0.041957515658142805,0.10996230090733543,12,14,8,10,9.777248185414186e-06,7.06551241008329e-05,28,57,76,37,0.061482677603844425,0.8322921536924179,0.06338028169014084,0.00823045267489712,0.09880257852338427,0.10043282472784505,0.03428571428571429,0.041979010494752625,0.0025220680958385876,0.003131360576170346,0.02626641651031895,0.06267179769103903,0.013650651100134711,0.007328183798772034,0.14508617085548975,0.27245699836604376,2.8109754756922156e-06,0.001666579242943402,0.01683117300146854,0.13489146506434913,0.039890083228120696
2023-04-12,36,26,5784,5741,0.0030349544595325486,0.0030273640003893472,0,0,0,0,0.0,0.0,0,0,0,0,0.0,0.0,0.11971830985915492,0.09053497942386832,0.10016706172537151,0.0992086739824247,0.0,0.0,0.0,0.0,0.0,0.0,0.0,0.0,0.006839336736180985,0.0023046110537114865,0.0,0.0,0.0,0.0,0.03029624658012582
2023-04-13,36,34,5793,5751,0.0030168947784287,0.0029963650274006503,0,0,0,0,0.0,0.0,0,0,0,0,0.0,0.0,0.11971830985915492,0.12345679012345678,0.10032450209483158,0.09938355266034189,0.0,0.0,0.0,0.0,0.0,0.0,0.0,0.0,0.006775191580751168,0.002226297578252906,0.0,0.0,0.0,0.0,0.030342015264038066
2023-04-14,21,36,5793,5768,0.0031283796950115814,0.003088313669574588,0,0,0,0,0.0,0.0,0,0,0,0,0.0,0.0,0.06690140845070422,0.13168724279835392,0.10032450209483158,0.09968084641280112,0.0,0.0,0.0,0.0,0.0,0.0,0.0,0.0,0.007171168523044187,0.0024585897169300194,0.0,0.0,0.0,0.0,0.03039154348639864
2023-04-15,25,43,5730,5787,0.0031980862985273068,0.0032345085690675983,0,0,0,0,0.0,0.0,0,0,0,0,0.0,0.0,0.08098591549295775,0.16049382716049382,0.09922241950861112,0.10001311590084379,0.0,0.0,0.0,0.0,0.0,0.0,0.0,0.0,0.007418755448377431,0.0028279255229191444,0.0,0.0,0.0,0.0,0.030216733264225474
2023-04-16,33,38,5769,5749,0.003184740569531806,0.0033339453088821413,0,0,0,0,0.0,0.0,0,0,0,0,0.0,0.0,0.10915492957746478,0.13991769547325103,0.09990466110960473,0.09934857692475844,0.0,0.0,0.0,0.0,0.0,0.0,0.0,0.0,0.007371353511664486,0.0030791350286658963,0.0,0.0,0.0,0.0,0.030284357589980018
2023-04-17,32,32,5739,5804,0.003152868911775698,0.0034075810616983047,0,0,0,0,0.0,0.0,0,0,0,0,0.0,0.0,0.1056338028169014,0.11522633744855967,0.09937985987807119,0.10031040965330303,0.0,0.0,0.0,0.0,0.0,0.0,0.0,0.0,0.007258150380954954,0.0032651628600764856,0.0,0.0,0.0,0.0,0.03026992045999229
2023-04-18,30,34,5805,5751,0.003089335740605686,0.003205481400987738,0,0,0,0,0.0,0.0,0,0,0,0,0.0,0.0,0.09859154929577464,0.12345679012345678,0.10053442258744501,0.09938355266034189,0.0,0.0,0.0,0.0,0.0,0.0,0.0,0.0,0.007032490519287682,0.002754593467180294,0.0,0.0,0.0,0.0,0.030396864309487577
2023-04-19,26,34,5743,5751,0.0031391842298501083,0.002906148876136946,0,0,0,0,0.0,0.0,0,0,0,0,0.0,0.0,0.08450704225352113,0.12345679012345678,0.09944983337560899,0.09938355266034189,0.0,0.0,0.0,0.0,0.0,0.0,0.0,0.0,0.007209544536583899,0.001998382274396425,0.0,0.0,0.0,0.0,0.030188799167985187
2023-04-20,33,35,5767,5710,0.0030728047815115427,0.003071136777156228,0,0,0,0,0.0,0.0,2,0,1,0,0.0026037636254340746,0.0,0.10915492957746478,0.12757201646090535,0.09986967436083584,0.09866655008088139,0.0,0.0,0.0,0.0,0.001876172607879925,0.0,0.0001796138302649304,0.0,0.006973775144724852,0.002415195306949069,0.0,0.0,0.0007127925741456575,0.0,0.030207240020518045
2023-04-21,26,36,5701,5723,0.003179686911532879,0.0030431251239489863,0,0,0,0,0.0,0.0,0,0,0,0,0.0,0.0,0.08450704225352113,0.13168724279835392,0.098715111651462,0.09889389236217375,0.0,0.0,0.0,0.0,0.0,0.0,0.0,0.0,0.007353403710891911,0.0023444287716577394,0.0,0.0,0.0,0.0,0.030000081752054375
2023-04-22,23,31,5872,5711,0.0033831513561029068,0.00308231354662949,0,0,0,0,0.0,0.0,0,0,0,0,0.0,0.0,0.07394366197183098,0.1111111111111111,0.10170647867120328,0.09868403794867311,0.0,0.0,0.0,0.0,0.0,0.0,0.0,0.0,0.008076077513731336,0.002443431457294104,0.0,0.0,0.0,0.0,0.030613503404794535
2023-04-23,23,38,5724,5770,0.003303124293510125,0.003038607701432328,0,0,0,0,0.0,0.0,0,0,0,0,0.0,0.0,0.07394366197183098,0.13991769547325103,0.0991174592623044,0.09971582214838456,0.0,0.0,0.0,0.0,0.0,0.0,0.0,0.0,0.007791833936057551,0.0023330162949436444,0.0,0.0,0.0,0.0,0.030184665764102215
2023-04-24,29,25,5754,5813,0.0033389872031158057,0.003035465028338038,0,0,0,0,0.0,0.0,0,0,0,0,0.0,0.0,0.09507042253521127,0.08641975308641975,0.09964226049383795,0.1004678004634285,0.0,0.0,0.0,0.0,0.0,0.0,0.0,0.0,0.00791921336748791,0.0023250768818432886,0.0,0.0,0.0,0.0,0.030371192813484837
2023-04-25,28,28,5653,5652,0.003056170968687392,0.003044471623965976,0,0,0,0,0.0,0.0,0,0,0,0,0.0,0.0,0.09154929577464789,0.09876543209876543,0.09787542968100832,0.09765225374896165,0.0,0.0,0.0,0.0,0.0,0.0,0.0,0.0,0.006914694449841029,0.0023478304680969717,0.0,0.0,0.0,0.0,0.02968604603358988
2023-04-26,41,30,5801,5779,0.002998345422982266,0.002970998769499489,0,0,0,0,0.0,0.0,0,0,0,0,0.0,0.0,0.13732394366197184,0.10699588477366255,0.1004644490899072,0.09987321295851004,0.0,0.0,0.0,0.0,0.0,0.0,0.0,0.0,0.006709307178839949,0.0021622141708334745,0.0,0.0,0.0,0.0,0.030415676472774444
2023-04-27,42,24,5733,5715,0.0030224825596917356,0.0030472528375969474,0,0,0,0,0.0,0.0,0,0,0,0,0.0,0.0,0.14084507042253522,0.0823045267489712,0.09927489963176447,0.09875398941983998,0.0,0.0,0.0,0.0,0.0,0.0,0.0,0.0,0.006795038503604576,0.002354856717176693,0.0,0.0,0.0,0.0,0.030070130793517124
2023-04-28,37,33,5752,5755,0.003003322560462972,0.0031011207144936623,0,0,0,0,0.0,0.0,0,0,0,0,0.0,0.0,0.12323943661971831,0.11934156378600823,0.09960727374506906,0.09945350413150876,0.0,0.0,0.0,0.0,0.0,0.0,0.0,0.0,0.006726985190730615,0.002490944472628944,0.0,0.0,0.0,0.0,0.030203154421701222
2023-04-29,26,28,5741,5707,0.002974193307569949,0.0031340968318392124,0,0,0,0,0.0,0.0,0,0,0,0,0.0,0.0,0.08450704225352113,0.09876543209876543,0.09941484662684008,0.09861408647750623,0.0,0.0,0.0,0.0,0.0,0.0,0.0,0.0,0.006623522652071547,0.002574252856987408,0.0,0.0,0.0,0.0,0.03007555410572222
2023-04-30,32,34,5808,5805,0.0029984177551175568,0.0031268526477782007,0,0,0,0,0.0,0.0,0,0,0,0,0.0,0.0,0.1056338028169014,0.12345679012345678,0.10058690271059836,0.10032789752109474,0.0,0.0,0.0,0.0,0.0,0.0,0.0,0.0,0.0067095640912424506,0.0025559516948525742,0.0,0.0,0.0,0.0,0.030485648498791266
2023-05-01,27,24,5764,5722,0.0029793770388422424,0.003057727041579071,0,0,0,0,0.0,0.0,0,0,0,0,0.0,0.0,0.0880281690140845,0.0823045267489712,0.09981719423768248,0.09887640449438202,0.0,0.0,0.0,0.0,0.0,0.0,0.0,0.0,0.006641934452714959,0.002381317958870129,0.0,0.0,0.0,0.0,0.03018317601961045
2023-05-02,28,32,5732,5800,0.0030469119247012516,0.0031800509396245616,0,0,0,0,0.0,0.0,0,0,0,0,0.0,0.0,0.09154929577464789,0.11522633744855967,0.09925740625738001,0.10024045818213614,0.0,0.0,0.0,0.0,0.0,0.0,0.0,0.0,0.006881807777468065,0.0026903478609599956,0.0,0.0,0.0,0.0,0.030219617458563025
2023-05-03,19,33,5742,5756,0.00312726481543914,0.003081563242547355,0,0,0,0,0.0,0.0,0,0,0,0,0.0,0.0,0.05985915492957746,0.11934156378600823,0.09943234000122454,0.09947099199930048,0.0,0.0,0.0,0.0,0.0,0.0,0.0,0.0,0.007167208645621737,0.00244153594545427,0.0,0.0,0.0,0.0,0.030191927632456046
2023-05-03,1,0,30,29,0.0015740582553718742,0.0022712101113829845,0,0,0,0,0.0,0.0,0,0,0,0,0.0,0.0,0.0,0.0,0.0,0.0,0.0,0.0,0.0,0.0,0.0,0.0,0.0,0.0,0.0016504624950547397,0.0003943207014729731,0.0,0.0,0.0,0.0,8.252312475273699e-05
2023-05-04,41,22,5758,5782,0.002838530530266456,0.0030248542453826803,0,0,0,0,0.0,0.0,0,0,0,0,0.0,0.0,0.13732394366197184,0.07407407407407407,0.09971223399137577,0.0999256765618852,0.0,0.0,0.0,0.0,0.0,0.0,0.0,0.0,0.006141669739712059,0.0022982705972972263,0.0,0.0,0.0,0.0,0.030242097941449282
2023-05-05,52,25,5724,5822,0.0028172487277852327,0.003114930665353876,0,0,0,0,0.0,0.0,0,0,0,0,0.0,0.0,0.176056338028169,0.08641975308641975,0.0991174592623044,0.10062519127355397,0.0,0.0,0.0,0.0,0.0,0.0,0.0,0.0,0.0060660801143950435,0.0025258328945185946,0.0,0.0,0.0,0.0,0.030189314985536033
2023-05-06,36,33,5724,5735,0.002928370516910816,0.0029449042559072137,0,0,0,0,0.0,0.0,0,0,0,0,0.0,0.0,0.11971830985915492,0.11934156378600823,0.0991174592623044,0.09910374677567438,0.0,0.0,0.0,0.0,0.0,0.0,0.0,0.0,0.006460767284899995,0.0020962909529721155,0.0,0.0,0.0,0.0,0.03005690489427332
2023-05-07,32,50,5744,5808,0.0028823656035618303,0.002873402155625413,0,0,0,0,0.0,0.0,0,0,0,0,0.0,0.0,0.1056338028169014,0.18930041152263374,0.09946732674999344,0.1003803611244699,0.0,0.0,0.0,0.0,0.0,0.0,0.0,0.0,0.006297365046491864,0.0019156534209578279,0.0,0.0,0.0,0.0,0.030246369714770273
2023-05-08,32,31,5772,5803,0.0028765846967614217,0.002975405542586725,0,0,0,0,0.0,0.0,0,0,0,0,0.0,0.0,0.1056338028169014,0.1111111111111111,0.09995714123275809,0.1002929217855113,0.0,0.0,0.0,0.0,0.0,0.0,0.0,0.0,0.006276832172012787,0.0021733471111455493,0.0,0.0,0.0,0.0,0.03033456203370339
2023-05-09,43,19,5734,5709,0.0028184673409651973,0.003130865681874809,0,0,0,0,0.0,0.0,0,0,0,0,0.0,0.0,0.1443661971830986,0.06172839506172839,0.09929239300614892,0.09864906221308967,0.0,0.0,0.0,0.0,0.0,0.0,0.0,0.0,0.006070408437325452,0.0025660899225723685,0.0,0.0,0.0,0.0,0.030026905244405027
2023-05-10,36,23,5771,5742,0.002905429768713407,0.002988426748054657,0,0,0,0,0.0,0.0,0,0,0,0,0.0,0.0,0.11971830985915492,0.07818930041152264,0.09993964785837364,0.09922616185021642,0.0,0.0,0.0,0.0,0.0,0.0,0.0,0.0,0.006379285344530325,0.0022062429059586824,0.0,0.0,0.0,0.0,0.03022951002392289
2023-05-11,36,41,5735,5801,0.002868121210868404,0.0029824314642943528,0,0,0,0,0.0,0.0,0,0,0,0,0.0,0.0,0.11971830985915492,0.1522633744855967,0.09930988638053337,0.10025794604992787,0.0,0.0,0.0,0.0,0.0,0.0,0.0,0.0,0.0062467711972389855,0.002191096871675514,0.0,0.0,0.0,0.0,0.030200110440961415
2023-05-12,29,29,5786,5720,0.0029617012430960617,0.003015481912339708,0,0,0,0,0.0,0.0,0,0,0,0,0.0,0.0,0.09507042253521127,0.102880658436214,0.10020204847414042,0.09884142875879859,0.0,0.0,0.0,0.0,0.0,0.0,0.0,0.0,0.006579152797880377,0.0022745930395272292,0.0,0.0,0.0,0.0,0.030253510210601964
2023-05-13,24,23,5773,5813,0.0028978438259186405,0.0030874619566076122,0,0,0,0,0.0,0.0,0,0,0,0,0.0,0.0,0.07746478873239436,0.07818930041152264,0.09997463460714255,0.1004678004634285,0.0,0.0,0.0,0.0,0.0,0.0,0.0,0.0,0.0063523412652382325,0.002456438013305472,0.0,0.0,0.0,0.0,0.030359324031033277
2023-05-14,49,31,5754,5753,0.0028600209392545275,0.0030629161993366923,0,0,0,0,0.0,0.0,0,0,0,0,0.0,0.0,0.16549295774647887,0.1111111111111111,0.09964226049383795,0.09941852839592533,0.0,0.0,0.0,0.0,0.0,0.0,0.0,0.0,0.0062180003026308245,0.002394427457008998,0.0,0.0,0.0,0.0,0.030181204953491667
2023-05-15,18,26,5722,5756,0.0030234578039065327,0.0030609990414327826,0,0,0,0,0.0,0.0,0,0,0,0,0.0,0.0,0.056338028169014086,0.09053497942386832,0.0990824725135355,0.09947099199930048,0.0,0.0,0.0,0.0,0.0,0.0,0.0,0.0,0.006798502418132218,0.0023895840933752157,0.0,0.0,0.0,0.0,0.030103518823543764
2023-05-16,35,29,5810,5767,0.0030527326151578824,0.0031295326682687728,0,0,0,0,0.0,0.0,0,0,0,0,0.0,0.0,0.11619718309859155,0.102880658436214,0.10062188945936726,0.0996633585450094,0.0,0.0,0.0,0.0,0.0,0.0,0.0,0.0,0.006902481957255761,0.002562722297188124,0.0,0.0,0.0,0.0,0.030435837844237184
2023-05-17,33,33,5748,5732,0.002806758928255228,0.0031400932404020724,0,0,0,0,0.0,0.0,0,0,0,0,0.0,0.0,0.10915492957746478,0.11934156378600823,0.09953730024753124,0.09905128317229922,0.0,0.0,0.0,0.0,0.0,0.0,0.0,0.0,0.006028821991319083,0.0025894017328872126,0.0,0.0,0.0,0.0,0.030114029466302126
2023-05-18,34,26,5783,5771,0.002820827139064359,0.0030370233068783576,0,0,0,0,0.0,0.0,0,0,0,0,0.0,0.0,0.11267605633802817,0.09053497942386832,0.10014956835098707,0.09973331001617627,0.0,0.0,0.0,0.0,0.0,0.0,0.0,0.0,0.006078790070145173,0.00232901359962647,0.0,0.0,0.0,0.0,0.030307184175322303
2023-05-19,27,37,5752,5699,0.0029149071118391686,0.0029609524825034614,0,0,0,0,0.0,0.0,0,0,0,0,0.0,0.0,0.0880281690140845,0.13580246913580246,0.09960727374506906,0.09847418353517247,0.0,0.0,0.0,0.0,0.0,0.0,0.0,0.0,0.006412947381216793,0.002136833986451232,0.0,0.0,0.0,0.0,0.030089520471591902
2023-05-20,25,42,5767,5779,0.0029768316888569334,0.002894381956567823,0,0,0,0,0.0,0.0,0,0,0,0,0.0,0.0,0.08098591549295775,0.15637860082304528,0.09986967436083584,0.09987321295851004,0.0,0.0,0.0,0.0,0.0,0.0,0.0,0.0,0.006632893768691134,0.0019686552132052166,0.0,0.0,0.0,0.0,0.030292900856452733
2023-05-21,36,34,5758,5696,0.0029150422498671895,0.002994211420213622,0,0,0,0,0.0,0.0,0,0,0,0,0.0,0.0,0.11971830985915492,0.12345679012345678,0.09971223399137577,0.09842171993179731,0.0,0.0,0.0,0.0,0.0,0.0,0.0,0.0,0.006413427370301985,0.002220856866921912,0.0,0.0,0.0,0.0,0.030105290159969985
2023-05-22,30,35,5702,5755,0.0029046711115939335,0.0030781173241471653,0,0,0,0,0.0,0.0,0,0,0,0,0.0,0.0,0.09859154929577464,0.12757201646090535,0.09873260502584646,0.09945350413150876,0.0,0.0,0.0,0.0,0.0,0.0,0.0,0.0,0.0063765907134033,0.0024328304362051757,0.0,0.0,0.0,0.0,0.030010700953990336
2023-05-23,41,25,5737,5755,0.002837291259267335,0.00305326755847149,0,0,0,0,0.0,0.0,0,0,0,0,0.0,0.0,0.13732394366197184,0.08641975308641975,0.09934487312930228,0.09945350413150876,0.0,0.0,0.0,0.0,0.0,0.0,0.0,0.0,0.00613726804344726,0.0023700518559243693,0.0,0.0,0.0,0.0,0.030121188441183697
2023-05-24,18,20,5644,5719,0.16871604003697674,0.2023494392983857,45,30,43,40,0.00029660119861784566,0.000928095472796291,99,96,121,85,0.0703662959066629,1.0171908224358326,0.056338028169014086,0.06584362139917696,0.09771798931154825,0.09882394089100686,0.12857142857142856,0.08995502248875563,0.01355611601513241,0.012525442304681384,0.09287054409005628,0.10555250137438153,0.021733273462056578,0.016835016835016835,0.5953125730593282,0.5058569209284504,8.527334885693719e-05,0.02189147171017152,0.019263105414971633,0.1648584090089682,0.06748307147670425
2023-05-25,25,32,5740,5676,0.003089876428128117,0.0031687604472205224,0,0,0,0,0.0,0.0,2,2,1,1,0.002730545643159471,0.1596295008192443,0.08098591549295775,0.11522633744855967,0.09939735325245563,0.09807196257596293,0.0,0.0,0.0,0.0,0.001876172607879925,0.0021990104452996153,0.0001796138302649304,0.00019805902158843335,0.007034410956584767,0.0026618244095501244,0.0,0.0,0.0007474997495156184,0.025871512950675003,0.030066251790022577
2023-05-26,34,26,5790,5706,0.00303389183817898,0.0033700341017775183,0,0,0,0,0.0,0.0,2,2,1,1,0.002828066760730531,0.15988304963841835,0.11267605633802817,0.09053497942386832,0.10027202197167823,0.09859659860971451,0.0,0.0,0.0,0.0,0.001876172607879925,0.0021990104452996153,0.0001796138302649304,0.00019805902158843335,0.006835562471757613,0.0031703070425830164,0.0,0.0,0.0007741966154476973,0.025912606179214995,0.030283706713000895
2023-05-27,12,3,830,824,0.002691937183828112,0.003508953776340472,0,0,0,0,0.0,0.0,0,0,0,0,0.0,0.0,0.035211267605633804,0.0,0.013504885024796858,0.013220828050539937,0.0,0.0,0.0,0.0,0.0,0.0,0.0,0.0,0.005620993159755145,0.0035212632671188016,0.0,0.0,0.0,0.0,0.004304109468001123
2023-05-27,24,19,4966,4908,0.003068863110680319,0.0033323325381812044,0,0,0,0,0.0,0.0,0,0,0,0,0.0,0.0,0.07746478873239436,0.06172839506172839,0.08585748147888987,0.08464128011192236,0.0,0.0,0.0,0.0,0.0,0.0,0.0,0.0,0.006959774948006641,0.003075060645983793,0.0,0.0,0.0,0.0,0.025983613054370545
2023-05-28,26,26,5804,5793,0.002863794168038429,0.0032439571326475453,0,0,0,0,0.0,0.0,0,0,0,0,0.0,0.0,0.08450704225352113,0.09053497942386832,0.10051692921306056,0.1001180431075941,0.0,0.0,0.0,0.0,0.0,0.0,0.0,0.0,0.006231402219609526,0.0028517956637882248,0.0,0.0,0.0,0.0,0.030426760264352
2023-05-29,29,34,5750,5829,0.002911693707276329,0.003196613561781252,0,0,0,0,0.0,0.0,0,0,0,0,0.0,0.0,0.09507042253521127,0.12345679012345678,0.09957228699630015,0.10074760634809601,0.0,0.0,0.0,0.0,0.0,0.0,0.0,0.0,0.00640153387208798,0.002732190424720758,0.0,0.0,0.0,0.0,0.030309294727674033
2023-05-30,4,7,5523,5500,0.08106857855160252,0.1129752515072848,19,22,17,18,0.0001377285256102439,0.0006975663283974692,275,141,206,86,0.05852952623139778,1.3425300373940494,0.007042253521126761,0.012345679012345678,0.09560129101102957,0.09499409784462029,0.054285714285714284,0.06596701649175413,0.005359394703656999,0.0056364490371066224,0.2579737335834897,0.15503023639362287,0.03700044903457566,0.017033075856605268,0.28400253343686677,0.2800686903067118,3.9597185266422924e-05,0.016453860612067887,0.01602273388355241,0.21758686878586692,0.049560769104806
2023-05-31,13,24,5376,5367,0.08847646084320769,0.2572133327431896,4,5,4,2,1.5785578083797257e-05,4.0618194443256584e-05,43,70,63,49,0.06684200270307158,0.6670132421317331,0.03873239436619718,0.0823045267489712,0.09302976497651515,0.0926682114283216,0.011428571428571429,0.014992503748125937,0.0012610340479192938,0.0006262721152340692,0.040337711069418386,0.07696536558548653,0.011315671306690615,0.009704892057833234,0.3103141697425339,0.6444609377266352,4.538380536291856e-06,0.0009580825255980616,0.018298313526762845,0.10810433938287717,0.045414947526141176
2023-06-01,26,30,5744,5721,0.003154641227812249,0.002939656222638064,0,0,0,0,0.0,0.0,0,0,0,0,0.0,0.0,0.08450704225352113,0.10699588477366255,0.09946732674999344,0.0988589166265903,0.0,0.0,0.0,0.0,0.0,0.0,0.0,0.0,0.007264445369608495,0.002083032716166037,0.0,0.0,0.0,0.0,0.030142579281138147
2023-06-02,34,31,5701,5721,0.0029162880209024256,0.003344779047680222,0,0,0,0,0.0,0.0,0,0,0,0,0.0,0.0,0.11267605633802817,0.1111111111111111,0.098715111651462,0.0988589166265903,0.0,0.0,0.0,0.0,0.0,0.0,0.0,0.0,0.0064178521536758255,0.00310650457209553,0.0,0.0,0.0,0.0,0.029949806600635228
2023-06-03,27,30,5703,5808,0.0030918963909423273,0.003322969620290335,0,0,0,0,0.0,0.0,0,0,0,0,0.0,0.0,0.0880281690140845,0.10699588477366255,0.09875009840023091,0.1003803611244699,0.0,0.0,0.0,0.0,0.0,0.0,0.0,0.0,0.007041585547760265,0.0030514068739464204,0.0,0.0,0.0,0.0,0.030140135069881186
2023-06-04,27,30,5804,5705,0.003136717984057109,0.0032261401593745797,0,0,0,0,0.0,0.0,0,0,0,0,0.0,0.0,0.0880281690140845,0.10699588477366255,0.10051692921306056,0.09857911074192278,0.0,0.0,0.0,0.0,0.0,0.0,0.0,0.0,0.007200784818247214,0.0028067842016450324,0.0,0.0,0.0,0.0,0.030321336157716754
2023-06-05,2,34,5764,5736,0.0070746923007667445,0.0029391539494754934,0,0,0,0,0.0,0.0,14,4,7,2,0.0165745305410631,0.22577089654243043,0.0,0.12345679012345678,0.09981719423768248,0.09912123464346609,0.0,0.0,0.0,0.0,0.013133208255159476,0.0043980208905992305,0.0012572968118545128,0.0003961180431768667,0.021187852096535516,0.002081763810999249,0.0,0.0,0.004537355915958245,0.03659119801669406,0.031080490500054177
2023-06-06,42,38,5790,5815,0.00306816466823045,0.003096986893145738,0,0,0,0,0.0,0.0,0,0,0,0,0.0,0.0,0.14084507042253522,0.13991769547325103,0.10027202197167823,0.10050277619901193,0.0,0.0,0.0,0.0,0.0,0.0,0.0,0.0,0.006957294189944082,0.0024805010970758608,0.0,0.0,0.0,0.0,0.030452546723734045
2023-06-07,34,27,5808,5725,0.0031119331005974647,0.002945852840385417,0,0,0,0,0.0,0.0,0,0,0,0,0.0,0.0,0.11267605633802817,0.09465020576131687,0.10058690271059836,0.09892886809775718,0.0,0.0,0.0,0.0,0.0,0.0,0.0,0.0,0.007112752798595994,0.0020986873855017114,0.0,0.0,0.0,0.0,0.03036590499182519
2023-06-08,42,41,5796,5820,0.0031017255059778005,0.0029689701780400922,0,0,0,0,0.0,0.0,0,0,0,0,0.0,0.0,0.14084507042253522,0.1522633744855967,0.10037698221798494,0.10059021553797054,0.0,0.0,0.0,0.0,0.0,0.0,0.0,0.0,0.007076497023110381,0.0021570892898405175,0.0,0.0,0.0,0.0,0.030488242848549563
2023-06-09,28,40,5710,5712,0.0032198650107409426,0.0027796595075443194,0,0,0,0,0.0,0.0,10,6,5,4,0.003716322337584914,0.22893543024940657,0.09154929577464789,0.14814814814814814,0.09887255202092207,0.09870152581646482,0.0,0.0,0.0,0.0,0.009380863039399626,0.006597031335898846,0.000898069151324652,0.0007922360863537334,0.007496110019145969,0.0016788290405953588,0.0,0.0,0.001017360769421052,0.037104081126411906,0.03014888720623835
2023-06-10,31,19,5789,5745,0.0031600916602203665,0.0034253743073020507,0,0,0,0,0.0,0.0,0,0,0,0,0.0,0.0,0.10211267605633803,0.06172839506172839,0.10025452859729378,0.09927862545359158,0.0,0.0,0.0,0.0,0.0,0.0,0.0,0.0,0.007283804450866243,0.0033101143784195464,0.0,0.0,0.0,0.0,0.030342958487361224
2023-06-11,23,19,5716,5702,0.0031042558415869163,0.0034630864107424103,0,0,0,0,0.0,0.0,0,0,0,0,0.0,0.0,0.07394366197183098,0.06172839506172839,0.09897751226722878,0.09852664713854763,0.0,0.0,0.0,0.0,0.0,0.0,0.0,0.0,0.007085484378424298,0.003405387402088586,0.0,0.0,0.0,0.0,0.03000244138622174
2023-06-12,32,49,5742,5792,0.003139307685330433,0.002792939966953667,0,0,0,0,0.0,0.0,0,0,0,0,0.0,0.0,0.1056338028169014,0.18518518518518517,0.09943234000122454,0.1001005552398024,0.0,0.0,0.0,0.0,0.0,0.0,0.0,0.0,0.007209983031091557,0.0017123797950804132,0.0,0.0,0.0,0.0,0.03025702267577973
2023-06-13,23,67,5733,5726,0.0030831495253468367,0.002459801974746094,0,0,0,0,0.0,0.0,0,0,0,0,0.0,0.0,0.07394366197183098,0.25925925925925924,0.09927489963176447,0.0989463559655489,0.0,0.0,0.0,0.0,0.0,0.0,0.0,0.0,0.007010518052718678,0.000870765010404115,0.0,0.0,0.0,0.0,0.030100141425543722
2023-06-14,34,26,5676,5805,0.0032014320074814054,0.0029712224596607994,0,0,0,0,0.0,0.0,0,0,0,0,0.0,0.0,0.11267605633802817,0.09053497942386832,0.09827777729185071,0.10032789752109474,0.0,0.0,0.0,0.0,0.0,0.0,0.0,0.0,0.007430638881957986,0.002162779284844332,0.0,0.0,0.0,0.0,0.030059877154577516
2023-06-15,36,22,5786,5751,0.003243622910090783,0.003331822017930766,0,0,0,0,0.0,0.0,0,0,0,0,0.0,0.0,0.11971830985915492,0.07407407407407407,0.10020204847414042,0.09938355266034189,0.0,0.0,0.0,0.0,0.0,0.0,0.0,0.0,0.007580494352275566,0.003073770905994072,0.0,0.0,0.0,0.0,0.030357789678476056
2023-06-16,37,49,5717,5781,0.003085779542766923,0.0027267104628756586,0,0,0,0,0.0,0.0,0,0,0,0,0.0,0.0,0.12323943661971831,0.18518518518518517,0.09899500564161325,0.09990818869409347,0.0,0.0,0.0,0.0,0.0,0.0,0.0,0.0,0.007019859462194541,0.0015450625538241222,0.0,0.0,0.0,0.0,0.030140812970841726
2023-06-17,36,74,5736,5768,0.0030504198771178124,0.0025436950700415666,0,0,0,0,0.0,0.0,0,0,0,0,0.0,0.0,0.11971830985915492,0.2880658436213992,0.09932737975491783,0.09968084641280112,0.0,0.0,0.0,0.0,0.0,0.0,0.0,0.0,0.006894267474386674,0.0010827062209068613,0.0,0.0,0.0,0.0,0.03017827396598301
2023-06-18,46,34,5731,5769,0.0030739059846039223,0.003363541279275601,0,0,0,0,0.0,0.0,0,0,0,0,0.0,0.0,0.15492957746478872,0.12345679012345678,0.09923991288299557,0.09969833428059284,0.0,0.0,0.0,0.0,0.0,0.0,0.0,0.0,0.006977686445434664,0.003153904063818326,0.0,0.0,0.0,0.0,0.030166700326930137
2023-06-19,15,7,2187,2181,0.0028768608002864527,0.0034989007193266036,0,0,0,0,0.0,0.0,0,0,0,0,0.0,0.0,0.045774647887323945,0.012345679012345678,0.03724339406449807,0.03695186464390329,0.0,0.0,0.0,0.0,0.0,0.0,0.0,0.0,0.006277812848439241,0.003495865979472325,0.0,0.0,0.0,0.0,0.011457755919711906
2023-06-19,25,12,3546,3573,0.003084595591002709,0.003003531823212344,0,0,0,0,0.0,0.0,0,0,0,0,0.0,0.0,0.08098591549295775,0.03292181069958848,0.06101688985296819,0.06129497660997683,0.0,0.0,0.0,0.0,0.0,0.0,0.0,0.0,0.00701565425117779,0.002244403232531207,0.0,0.0,0.0,0.0,0.018683658344150207
2023-06-20,43,33,5810,5750,0.0030639048571932787,0.0027455102344473153,0,0,0,0,0.0,0.0,0,0,0,0,0.0,0.0,0.1443661971830986,0.11934156378600823,0.10062188945936726,0.09936606479255017,0.0,0.0,0.0,0.0,0.0,0.0,0.0,0.0,0.0069421640091003696,0.0015925568837214608,0.0,0.0,0.0,0.0,0.03040809257158349
2023-06-21,33,36,5808,5791,0.0030561483279835113,0.0033186899137414706,0,0,0,0,0.0,0.0,0,0,0,0,0.0,0.0,0.10915492957746478,0.13168724279835392,0.10058690271059836,0.10008306737201067,0.0,0.0,0.0,0.0,0.0,0.0,0.0,0.0,0.006914614033611024,0.0030405949449864955,0.0,0.0,0.0,0.0,0.03047141798100129
2023-06-22,38,21,5749,5800,0.0031972656752490935,0.002948795426971662,0,0,0,0,0.0,0.0,0,0,0,0,0.0,0.0,0.1267605633802817,0.06995884773662552,0.0995547936219157,0.10024045818213614,0.0,0.0,0.0,0.0,0.0,0.0,0.0,0.0,0.007415840723171176,0.002106121315086755,0.0,0.0,0.0,0.0,0.030305796578755317
2023-06-23,31,68,5723,5720,0.0030666485445269144,0.00195883185932724,0,0,0,0,0.0,0.0,0,0,0,0,0.0,0.0,0.10211267605633803,0.26337448559670784,0.09909996588791994,0.09884142875879859,0.0,0.0,0.0,0.0,0.0,0.0,0.0,0.0,0.0069519091562851324,0.0,0.0,0.0,0.0,0.0,0.03005173151127811
2023-06-24,41,76,5787,5778,0.003178688312436176,0.002548572897775456,0,0,0,0,0.0,0.0,0,0,0,0,0.0,0.0,0.13732394366197184,0.2962962962962963,0.10021954184852487,0.09985572509071831,0.0,0.0,0.0,0.0,0.0,0.0,0.0,0.0,0.007349856843485907,0.0010950291982735113,0.0,0.0,0.0,0.0,0.0303969737209511
2023-06-25,34,16,5737,5743,0.0031210342194472732,0.003383242502099329,0,0,0,0,0.0,0.0,0,0,0,0,0.0,0.0,0.11267605633802817,0.04938271604938271,0.09934487312930228,0.09924364971800813,0.0,0.0,0.0,0.0,0.0,0.0,0.0,0.0,0.007145078545648183,0.003203675752405319,0.0,0.0,0.0,0.0,0.03015059352494368
2023-06-26,29,38,5701,5787,0.003080027851446102,0.002779543820609821,0,0,0,0,0.0,0.0,0,0,0,0,0.0,0.0,0.09507042253521127,0.13991769547325103,0.098715111651462,0.10001311590084379,0.0,0.0,0.0,0.0,0.0,0.0,0.0,0.0,0.006999430356517821,0.001678536777819137,0.0,0.0,0.0,0.0,0.030094305438202674
2023-06-27,32,31,5688,5723,0.0031443824268325166,0.00288510657257595,0,0,0,0,0.0,0.0,0,0,0,0,0.0,0.0,0.1056338028169014,0.1111111111111111,0.09848769778446413,0.09889389236217375,0.0,0.0,0.0,0.0,0.0,0.0,0.0,0.0,0.007228007717161341,0.001945222580231172,0.0,0.0,0.0,0.0,0.029948329178968267
2023-06-28,30,34,5797,5731,0.0032364706551678227,0.003287638965527111,0,0,0,0,0.0,0.0,0,0,0,0,0.0,0.0,0.09859154929577464,0.12345679012345678,0.10039447559236939,0.0990337953045075,0.0,0.0,0.0,0.0,0.0,0.0,0.0,0.0,0.0075550906642996365,0.002962150163224287,0.0,0.0,0.0,0.0,0.030360029182139613
2023-06-29,37,58,5721,5800,0.0031781686421663794,0.0026444840488096095,0,0,0,0,0.0,0.0,0,0,0,0,0.0,0.0,0.12323943661971831,0.2222222222222222,0.09906497913915105,0.10024045818213614,0.0,0.0,0.0,0.0,0.0,0.0,0.0,0.0,0.007348011056174565,0.0013373319215107028,0.0,0.0,0.0,0.0,0.030204442198852554
2023-06-30,32,29,5503,5513,0.0032116639980449523,0.0030707365493893362,0,0,0,0,0.0,0.0,0,0,0,0,0.0,0.0,0.1056338028169014,0.102880658436214,0.09525142352334054,0.09522144012591265,0.0,0.0,0.0,0.0,0.0,0.0,0.0,0.0,0.00746698130801086,0.0024141842016001352,0.0,0.0,0.0,0.0,0.02894577778265992
2023-07-01,34,54,5785,5753,0.0032729165901670717,0.0024388850178812312,0,0,0,0,0.0,0.0,0,0,0,0,0.0,0.0,0.11267605633802817,0.205761316872428,0.10018455509975596,0.09941852839592533,0.0,0.0,0.0,0.0,0.0,0.0,0.0,0.0,0.0076845409105065635,0.000817921982710846,0.0,0.0,0.0,0.0,0.030362990905069054
2023-07-02,28,25,5723,5779,0.0031527398136422294,0.0034972510678011985,0,0,0,0,0.0,0.0,0,0,0,0,0.0,0.0,0.09154929577464789,0.08641975308641975,0.09909996588791994,0.09987321295851004,0.0,0.0,0.0,0.0,0.0,0.0,0.0,0.0,0.007257691844628125,0.0034916984238472686,0.0,0.0,0.0,0.0,0.0301701990656664
2023-07-03,30,12,5741,5721,0.003241374720449337,0.0036749293525487527,0,0,0,0,0.0,0.0,0,0,0,0,0.0,0.0,0.09859154929577464,0.03292181069958848,0.09941484662684008,0.0988589166265903,0.0,0.0,0.0,0.0,0.0,0.0,0.0,0.0,0.007572509135196869,0.003940571488034715,0.0,0.0,0.0,0.0,0.030147486444786892
2023-07-04,29,27,5683,5733,0.003036635997957386,0.0032722530265470594,0,0,0,0,0.0,0.0,0,0,0,0,0.0,0.0,0.09507042253521127,0.09465020576131687,0.09840023091254188,0.09906877104009093,0.0,0.0,0.0,0.0,0.0,0.0,0.0,0.0,0.006845309296992118,0.0029232802834008227,0.0,0.0,0.0,0.0,0.029929188751367075
2023-07-05,28,41,5742,5743,0.0031586580260944785,0.002913898161161345,0,0,0,0,0.0,0.0,0,0,0,0,0.0,0.0,0.09154929577464789,0.1522633744855967,0.09943234000122454,0.09924364971800813,0.0,0.0,0.0,0.0,0.0,0.0,0.0,0.0,0.007278712407252307,0.002017959485641491,0.0,0.0,0.0,0.0,0.03017476859240834
2023-07-06,25,29,5716,5789,0.003175095811210921,0.0032099146931885134,0,0,0,0,0.0,0.0,0,0,0,0,0.0,0.0,0.08098591549295775,0.102880658436214,0.09897751226722878,0.10004809163642722,0.0,0.0,0.0,0.0,0.0,0.0,0.0,0.0,0.007337096842456504,0.002765793403387624,0.0,0.0,0.0,0.0,0.030167166459211307
2023-07-07,38,22,5798,5769,0.0029604043317092545,0.0034171249129094426,0,0,0,0,0.0,0.0,0,0,0,0,0.0,0.0,0.1267605633802817,0.07407407407407407,0.10041196896675385,0.09969833428059284,0.0,0.0,0.0,0.0,0.0,0.0,0.0,0.0,0.006574546371996826,0.0032892737284551353,0.0,0.0,0.0,0.0,0.0303809545400099
2023-07-08,32,22,5727,5746,0.0033763466428385377,0.002882503495953162,0,0,0,0,0.0,0.0,0,0,0,0,0.0,0.0,0.1056338028169014,0.07407407407407407,0.09916993938545776,0.09929611332138329,0.0,0.0,0.0,0.0,0.0,0.0,0.0,0.0,0.008051908239230401,0.0019386463631000485,0.0,0.0,0.0,0.0,0.0301661946211914
2023-07-09,38,43,5667,5772,0.003234478619444879,0.0027146076985787968,0,0,0,0,0.0,0.0,0,0,0,0,0.0,0.0,0.1267605633802817,0.16049382716049382,0.09812033692239064,0.099750797883968,0.0,0.0,0.0,0.0,0.0,0.0,0.0,0.0,0.0075480152657732055,0.0015144870397550312,0.0,0.0,0.0,0.0,0.02997654793616359
2023-07-10,34,20,5716,5631,0.0031112324723517057,0.002925044768844039,0,0,0,0,0.0,0.0,0,0,0,0,0.0,0.0,0.11267605633802817,0.06584362139917696,0.09897751226722878,0.09728500852533555,0.0,0.0,0.0,0.0,0.0,0.0,0.0,0.0,0.007110264276929177,0.0020461194375058123,0.0,0.0,0.0,0.0,0.029879516519825775
2023-07-11,31,57,5740,5761,0.0029844773318489087,0.0025314163939599934,0,0,0,0,0.0,0.0,0,0,0,0,0.0,0.0,0.10211267605633803,0.21810699588477367,0.09939735325245563,0.09955843133825908,0.0,0.0,0.0,0.0,0.0,0.0,0.0,0.0,0.006660049893722413,0.001051686296526503,0.0,0.0,0.0,0.0,0.030168316279003158
2023-07-12,12,8,2378,2359,0.003193644430048357,0.0030331815160566586,0,0,0,0,0.0,0.0,0,0,0,0,0.0,0.0,0.035211267605633804,0.01646090534979424,0.040584628571928384,0.040064705110829366,0.0,0.0,0.0,0.0,0.0,0.0,0.0,0.0,0.007402978628048067,0.002319307988045666,0.0,0.0,0.0,0.0,0.012493545156871018
2023-07-12,18,18,3254,3318,0.0031842152016479668,0.0032031008082114283,0,0,0,0,0.0,0.0,0,0,0,0,0.0,0.0,0.056338028169014086,0.05761316872427984,0.055908824532708234,0.05683557032308836,0.0,0.0,0.0,0.0,0.0,0.0,0.0,0.0,0.00736948748732148,0.0027485793165169035,0.0,0.0,0.0,0.0,0.017233796313216556
2023-07-13,33,22,5754,5772,0.0031158909368122754,0.0031853876834970914,0,0,0,0,0.0,0.0,0,0,0,0,0.0,0.0,0.10915492957746478,0.07407407407407407,0.09964226049383795,0.099750797883968,0.0,0.0,0.0,0.0,0.0,0.0,0.0,0.0,0.007126810412221889,0.0027038302095669154,0.0,0.0,0.0,0.0,0.030259872407775487
2023-07-14,282,122,5868,5927,0.0024602527136545703,0.002772210143500436,18,16,6,0,2.332212507393135,0.030430792064675676,183,54,1737,35,1.7892042188471622,7.101181339422369,0.9859154929577465,0.48559670781893005,0.10163650517366547,0.10246141739168452,0.05142857142857143,0.047976011994003,0.0018915510718789407,0.0,0.17166979362101314,0.05937328202308961,0.3119892231701841,0.0069320657555951674,0.004798086251017464,0.00166000952717324,0.6705150608905234,0.7177869552523711,0.4898030944002177,1.0,0.1298832665482727
2023-07-15,336,15,5942,6068,0.0022869507494967106,0.011188102003155908,12,22,8,0,3.169712432733201,0.035683266671016144,114,96,1903,62,4.285269797472067,8.257596163506197,1.0,0.04526748971193416,0.10293101487811492,0.10492720675031697,0.03428571428571429,0.06596701649175413,0.0025220680958385876,0.0,0.10694183864915573,0.10555250137438153,0.34180511899416255,0.012279659338482869,0.00418254484896971,0.022921286178290493,0.9112977132667818,0.8416798117778492,1.0,1.0,0.15784283411008138
2023-07-16,34,25,5731,5746,0.0031743748248165365,0.0032508947500640437,1,0,0,0,0.8834548288609319,0.0,1,1,52,0,0.25952699978837496,1.057623861617254,0.11267605633802817,0.08641975308641975,0.09923991288299557,0.09929611332138329,0.002857142857142857,0.0,0.0,0.0,0.0009380863039399625,0.0010995052226498076,0.00933991917377638,0.0,0.007334536011838032,0.0028693223389940803,0.253994765266843,0.0,0.07104674035401955,0.17141148279200155,0.056477789153391286
2023-07-17,306,127,5933,6055,0.0024683623163453826,0.00288327743914086,10,22,11,0,3.475521367949248,0.035683266671016144,151,55,1844,32,4.680376259295761,5.904737563103796,1.0,0.5061728395061729,0.10277357450865485,0.10469986446902461,0.02857142857142857,0.06596701649175413,0.0034678436317780582,0.0,0.14165103189493433,0.060472787245739415,0.33120790300853165,0.006337888690829867,0.00482689028814774,0.001940601594999448,0.999218302049856,0.8416798117778492,1.0,0.9569941242073993,0.16549252171136558
2023-07-18,101,58,5965,5983,0.0030379422532699884,0.004558637836919052,17,24,11,0,2.8729437706051346,0.0372699565135954,175,61,1930,36,6.360954301547982,7.2743346180173765,0.3485915492957746,0.2222222222222222,0.1033333624889573,0.10344073798802081,0.04857142857142857,0.07196401799100449,0.0034678436317780582,0.0,0.16416510318949343,0.06706981858163827,0.3466546924113157,0.0071301247771836,0.0068499489110349174,0.006173106182926296,0.82597621836595,0.8791058921971256,1.0,1.0,0.14983980196667557
2023-07-19,261,125,5906,5949,0.0025206165377433935,0.0029628770130470734,22,20,9,0,2.9994171588941927,0.034022659832888,143,15,1674,8,3.664901433530848,2.99374045051789,0.9119718309859155,0.49794238683127573,0.10230125340027464,0.10284615048310235,0.06285714285714286,0.05997001499250375,0.0028373266078184113,0.0,0.13414634146341464,0.016492578339747113,0.3006735518634935,0.0015844721727074668,0.005012489088822306,0.002141695975767827,0.8623375325175741,0.8025102126534509,1.0,0.48520226173128417,0.14808515388150303
2023-07-20,332,104,6007,6026,0.002362049777975706,0.0031649815975278595,21,24,9,0,2.985152113167977,0.0372699565135954,152,39,1740,21,2.768157557076545,6.819770894151615,1.0,0.411522633744856,0.10406808421310429,0.10419271630306474,0.06,0.07196401799100449,0.0028373266078184113,0.0,0.1425891181988743,0.04288070368334249,0.3125280646609789,0.0041592394533571005,0.0044492848222124695,0.002652277807707027,0.8582363076191574,0.8791058921971256,0.757796188361916,1.0,0.14944908356667405
2023-07-21,342,128,5822,5999,0.0023363253080626767,0.002894102929417255,24,20,7,0,2.4992164778833796,0.034022659832888,199,18,1794,8,1.69111251718097,3.9481436397399734,1.0,0.5102880658436214,0.10083180995198068,0.10372054387268832,0.06857142857142857,0.05997001499250375,0.0022068095838587644,0.0,0.18667917448405252,0.019791094007696537,0.32222721149528516,0.0015844721727074668,0.004357915538810824,0.0019679502999838576,0.718528986331388,0.8025102126534509,0.4629500283807103,0.639884537522426,0.1354628579418729
2023-07-22,198,11,5364,5422,0.0025634495864911046,0.051469865505981975,16,20,11,0,3.4468638854175264,0.03491938562255988,241,19,1919,15,2.2082784086493126,6.14398093127073,0.6901408450704225,0.02880658436213992,0.09281984448390172,0.09363004415686617,0.045714285714285714,0.05997001499250375,0.0034678436317780582,0.0,0.22607879924953095,0.020890599230346345,0.34467894027840146,0.0029708853238265003,0.005164625361531423,0.12468610589206518,0.9909792271011478,0.8236617512955233,0.6045266305880627,0.9957688360628394,0.1627665264926343
2023-07-23,281,75,5895,5884,0.0024533706882504643,0.0035092622211934737,17,22,9,0,3.4973152775587857,0.035683266671016144,212,14,1749,6,2.0402028485778088,3.990227442034313,0.9823943661971831,0.29218106995884774,0.10210882628204568,0.10170943907664058,0.04857142857142857,0.06596701649175413,0.0028373266078184113,0.0,0.19887429643527205,0.015393073117097306,0.3141445891333633,0.0011883541295306002,0.004773642375919124,0.0035220424990125383,1.0,0.8416798117778492,0.5585151532234967,0.6467051542034524,0.16301459955463665
2023-07-24,295,21,5972,5944,0.0025165458574546843,0.01635463476095193,21,26,12,0,3.4313360574833296,0.03879180063796644,198,35,1900,19,2.322608040990718,6.065944605728329,1.0,0.06995884773662552,0.10345581610964848,0.10275871114414376,0.06,0.07796101949025487,0.0037831021437578815,0.0,0.18574108818011256,0.038482682792743264,0.34126627750336774,0.003763121410180234,0.004998030670740455,0.03597362621810867,0.9865149501710694,0.9150024228585479,0.6358249067225452,0.9831213129137227,0.16512899024377328
2023-07-25,89,10,149,178,0.0017761823288746632,0.033196019909401894,10,24,10,0,5.099034181423744,0.05876425282492701,149,83,1548,58,3.5043642022348735,14.039058021890488,0.30633802816901406,0.024691358024691357,0.001591897068985122,0.0019236654570891445,0.02857142857142857,0.07196401799100449,0.0031525851197982345,0.0,0.1397748592870544,0.09125893347993402,0.27804220925011225,0.011487423252129134,0.002368375510040423,0.07852043584927125,1.0,1.0,0.9593362300844285,1.0,0.12979590310257522
2023-07-25,60,52,5762,5697,0.0030394853415517285,0.003104520292748371,1,0,0,0,0.7343646217420344,0.0,1,1,289,0,0.2572372776129999,0.9840403606526689,0.20422535211267606,0.19753086419753085,0.09978220748891357,0.09843920779958903,0.002857142857142857,0.0,0.0,0.0,0.0009380863039399625,0.0010995052226498076,0.051908396946564885,0.0,0.006855429718647464,0.0024995329116174465,0.21113107725058752,0.0,0.0704199181081285,0.15948563895742782,0.05644708118338924
2023-07-26,312,220,5841,5914,0.0024129129925723474,0.0026093710451024718,7,20,9,0,2.85061946312562,0.03402364444154504,220,60,1868,35,1.7092301920022517,8.375783851416937,1.0,0.8888888888888888,0.10116418406528527,0.10223407511039216,0.02,0.05997001499250375,0.0028373266078184113,0.0,0.20637898686679174,0.06597031335898845,0.33551863493489,0.0069320657555951674,0.004629942984845604,0.0012486250680578922,0.8195579420118381,0.8025334371310968,0.46790982732222997,1.0,0.14725133410774574
2023-07-27,8,18,5895,5947,0.026824603459104507,0.019232336322304103,15,22,14,6,3.1813843898780894,0.035794294576891636,245,69,1961,48,1.893347984554849,8.565148200457124,0.02112676056338028,0.05761316872427984,0.10210882628204568,0.10281117474751891,0.04285714285714286,0.06596701649175413,0.004413619167717529,0.0018788163457022077,0.2298311444652908,0.07586586036283673,0.3522227211495285,0.009506833036244802,0.09133643964311493,0.04324363515305776,0.9146534207895343,0.8442986848698489,0.5183129414980429,1.0,0.16381788780282
2023-07-28,316,199,5852,5992,0.0023491151532453254,0.0026791696251818433,14,22,9,0,3.054194308302763,0.035683266671016144,161,61,1838,38,3.9071634689240353,7.321397449923008,1.0,0.8024691358024691,0.10135661118351424,0.10359812879814628,0.04,0.06596701649175413,0.0028373266078184113,0.0,0.15103189493433397,0.06706981858163827,0.3301302200269421,0.007526242820360468,0.004403343063385964,0.0014249589546702886,0.8780860560996515,0.8416798117778492,1.0,1.0,0.15275857367531875
2023-07-29,282,10,5981,5952,0.002491043199877579,0.013862381438068418,12,26,10,0,3.2425415433956344,0.03879180063796644,157,99,1848,64,6.120888786278468,9.047802979792138,0.9859154929577465,0.024691358024691357,0.10361325647910853,0.1028986140864775,0.03428571428571429,0.07796101949025487,0.0031525851197982345,0.0,0.1472795497185741,0.10885101704233095,0.3319263583295914,0.012675777381659734,0.004907449229974694,0.02967738474232267,0.9322362063996431,0.9150024228585479,1.0,1.0,0.15909607678792417
2023-07-30,305,162,5791,5907,0.0024216134030754133,0.0026764021730520506,9,18,9,0,2.8314180878169717,0.032276729138714925,193,91,1734,67,2.832232727116207,9.470833860581656,1.0,0.6502057613168725,0.10028951534606267,0.10211166003585014,0.025714285714285714,0.053973013493253376,0.0028373266078184113,0.0,0.18105065666041276,0.1000549752611325,0.3114503816793893,0.013269954446425035,0.004660845478683296,0.0014179674716128228,0.8140375139661746,0.7613280352592949,0.7753370683962076,1.0,0.144423730285564
2023-07-31,314,115,5841,5897,0.0024305785835734913,0.002948535315595413,21,20,7,0,2.4907839890306946,0.034022659832888,135,147,1926,93,4.453056417085401,12.272807386861535,1.0,0.4567901234567901,0.10116418406528527,0.10193678135793294,0.06,0.05997001499250375,0.0022068095838587644,0.0,0.12664165103189493,0.1616272677295217,0.34593623709025595,0.0184194890077243,0.004692688394025971,0.002105464189255915,0.7161046314500925,0.8025102126534509,1.0,1.0,0.1383379130689374
2023-08-01,280,14,6129,6104,0.002486591874946425,0.04776407965363077,26,24,12,0,2.7106547837052637,0.0372699565135954,139,135,1835,93,5.460069375021979,11.108017992206591,0.9788732394366197,0.0411522633744856,0.10620227588800742,0.10555676999081887,0.07428571428571429,0.07196401799100449,0.0037831021437578815,0.0,0.1303939962476548,0.14843320505772403,0.3295913785361473,0.0184194890077243,0.0048916388218099216,0.11532408704361234,0.7793178587233031,0.8791058921971256,1.0,1.0,0.14479838783004462
2023-08-02,232,154,5804,5935,0.002499798149198932,0.002823411024433089,15,22,10,0,2.948025457661391,0.035683266671016144,128,84,1833,57,5.833777950941915,8.581126361524626,0.8098591549295775,0.6172839506172839,0.10051692921306056,0.10260132033401828,0.04285714285714286,0.06596701649175413,0.0031525851197982345,0.0,0.1200750469043152,0.09235843870258384,0.3292321508756174,0.0112893642305407,0.0049385454371429745,0.0017893595844747853,0.8475623310416602,0.8416798117778492,1.0,1.0,0.14964250783107547
2023-08-03,253,81,5902,5888,0.002449093755813788,0.0041070479747819235,26,24,10,0,2.831169690786811,0.0372699565135954,132,108,1838,70,3.7490027312225385,10.855603150049989,0.8838028169014085,0.3168724279835391,0.10223127990273684,0.10177939054780746,0.07428571428571429,0.07196401799100449,0.0031525851197982345,0.0,0.12382739212007504,0.11874656404617923,0.3301302200269421,0.013864131511190335,0.004758451382549094,0.00503224349696844,0.8139660993977014,0.8791058921971256,1.0,1.0,0.14675310240242898
2023-08-04,264,92,6048,6132,0.002443022324780917,0.0034844454817242907,30,22,9,0,2.875008938137773,0.035683266671016144,214,20,1779,10,2.06501433770344,4.745898135334356,0.9225352112676056,0.36213991769547327,0.10478531256286681,0.10604643028898701,0.08571428571428572,0.06596701649175413,0.0028373266078184113,0.0,0.20075046904315197,0.02199010445299615,0.3195330040413112,0.0019805902158843334,0.004736886611552007,0.0034593473536575457,0.826569957542593,0.8416798117778492,0.5653074154048602,0.7691784065021948,0.1472172071931889
2023-08-05,114,11,245,325,0.001938836645089445,0.06665168050391139,13,22,6,0,4.0369662038837335,0.05046668062401926,159,142,1758,153,2.819532782910363,19.607027674455438,0.39436619718309857,0.02880658436213992,0.003271261009892503,0.0044943820224719105,0.037142857142857144,0.06596701649175413,0.0018915510718789407,0.0,0.14915572232645402,0.1561297416162727,0.31576111360574766,0.030303030303030304,0.002946098136200425,0.16304030222916885,1.0,1.0,0.7718603987655377,1.0,0.13481514595473176
2023-08-06,32,88,5553,5534,0.0030224389342265053,0.0025139322582196743,0,0,0,0,0.0,0.0,0,0,0,0,0.0,0.0,0.1056338028169014,0.345679012345679,0.09612609224256313,0.09558868534953875,0.0,0.0,0.0,0.0,0.0,0.0,0.0,0.0,0.006794883552792776,0.0010075156901095347,0.0,0.0,0.0,0.0,0.02912383116110614
2023-08-06,216,45,419,509,0.0015794952024480238,0.003822507205729485,9,18,8,0,4.064706093655972,0.044876200259632855,176,15,1731,8,2.3053664481557714,5.511034725063923,0.7535211267605634,0.16872427983539096,0.006315108152787132,0.007712149696148297,0.025714285714285714,0.053973013493253376,0.0025220680958385876,0.0,0.1651031894934334,0.016492578339747113,0.3109115401885945,0.0015844721727074668,0.0016697736785279064,0.0043134010842769315,1.0,1.0,0.6311049393571727,0.8931858179683176,0.13391861993555315
2023-08-07,264,28,6047,6151,0.00246252279929049,0.008268256446517063,17,22,10,0,3.2561292241378545,0.035683266671016144,240,1,1793,0,1.8700558630640047,0.7607477870093023,0.9225352112676056,0.09876543209876543,0.10476781918848237,0.10637869977702968,0.04857142857142857,0.06596701649175413,0.0031525851197982345,0.0,0.225140712945591,0.0010995052226498076,0.3220475976650202,0.0,0.004806149239235126,0.015544807821215294,0.9361426877135669,0.8416798117778492,0.5119366133734019,0.12329610831831761,0.1584389160951695
2023-08-08,236,14,6099,6111,0.0025239351744321633,0.03394830948729321,16,26,10,0,3.429633434075097,0.03879180063796644,278,3,1918,1,1.97612601811536,0.8437714781536589,0.823943661971831,0.0411522633744856,0.10567747465647385,0.1056791850653609,0.045714285714285714,0.07796101949025487,0.0031525851197982345,0.0,0.2607879924953096,0.003298515667949423,0.3444993264481365,0.00019805902158843335,0.005024276365961483,0.08042096369635247,0.9860254430465575,0.9150024228585479,0.5409738186406351,0.13675194505044072,0.16580515343662733
2023-08-09,234,32,6022,6045,0.002495202034130438,0.006957837443373938,13,20,11,0,3.40704977420548,0.034029553889169555,218,4,1889,1,1.8457118902124698,1.5151863224792068,0.8169014084507042,0.11522633744855967,0.10433048482887107,0.10452498579110742,0.037142857142857144,0.05997001499250375,0.0034678436317780582,0.0,0.2045028142589118,0.0043980208905992305,0.3392905253704535,0.00019805902158843335,0.004922220757114209,0.01223426374349614,0.9795326024393638,0.8026728263526658,0.5052723359772981,0.2455696620206471,0.16432388322274633
2023-08-10,309,167,5919,5906,0.002302598518777221,0.002483986913938111,12,14,4,1,2.535029338351912,0.028465399478543898,153,1,1823,0,1.3347042999796175,0.7607477870093023,1.0,0.6707818930041153,0.10252866726727253,0.10209417216805841,0.03428571428571429,0.041979010494752625,0.0012610340479192938,0.0003131360576170346,0.14352720450281425,0.0010995052226498076,0.3274360125729681,0.0,0.004238123271803232,0.0009318640230253364,0.72882524460185,0.6714282158125028,0.36538159778122964,0.12329610831831761,0.1369154114719547
2023-08-11,298,240,5897,6068,0.002424524703672968,0.0025611310447172064,7,18,7,0,2.8347221346118263,0.032276729138714925,194,211,1880,2738,1.6505669447148694,17.352241724531257,1.0,0.9711934156378601,0.10214381303081457,0.10492720675031697,0.02,0.053973013493253376,0.0022068095838587644,0.0,0.18198874296435272,0.2319956019791094,0.33767400089806915,0.5422856011091305,0.004671185961898875,0.0011267551568298363,0.8149874330369343,0.7613280352592949,0.45185048666885347,1.0,0.17408716842421113
2023-08-12,27,36,5766,5762,0.0031034557673072652,0.00295027426770815,0,0,0,0,0.0,0.0,0,0,0,0,0.0,0.0,0.0880281690140845,0.13168724279835392,0.09985218098645138,0.0995759192060508,0.0,0.0,0.0,0.0,0.0,0.0,0.0,0.0,0.007082642640038748,0.002109857347172925,0.0,0.0,0.0,0.0,0.030282160249897293
2023-08-13,35,49,5752,5768,0.0030682613156331026,0.0026577244767209364,0,0,0,0,0.0,0.0,0,0,0,0,0.0,0.0,0.11619718309859155,0.18518518518518517,0.09960727374506906,0.09968084641280112,0.0,0.0,0.0,0.0,0.0,0.0,0.0,0.0,0.006957637466363493,0.0013707815434279478,0.0,0.0,0.0,0.0,0.030237421263612105
2023-08-14,24,18,5789,5751,0.003137335889484042,0.0030179957022658586,0,0,0,0,0.0,0.0,0,0,0,0,0.0,0.0,0.07746478873239436,0.05761316872427984,0.10025452859729378,0.09938355266034189,0.0,0.0,0.0,0.0,0.0,0.0,0.0,0.0,0.0072029795214329255,0.002280943689458806,0.0,0.0,0.0,0.0,0.030349409961564593
2023-08-15,25,30,5759,5731,0.0030709176504252916,0.003095308148732434,0,0,0,0,0.0,0.0,0,0,0,0,0.0,0.0,0.08098591549295775,0.10699588477366255,0.09972972736576022,0.0990337953045075,0.0,0.0,0.0,0.0,0.0,0.0,0.0,0.0,0.006967072351018366,0.002476260043365455,0.0,0.0,0.0,0.0,0.030197678621153714
2023-08-16,38,39,5739,5742,0.003082591246647508,0.00285733132658058,0,0,0,0,0.0,0.0,0,0,0,0,0.0,0.0,0.1267605633802817,0.1440329218106996,0.09937985987807119,0.09922616185021642,0.0,0.0,0.0,0.0,0.0,0.0,0.0,0.0,0.007008535134319639,0.0018750532863514183,0.0,0.0,0.0,0.0,0.030149014917351863
2023-08-17,32,29,5747,5743,0.0032091209101220964,0.003098482933198409,0,0,0,0,0.0,0.0,0,0,0,0,0.0,0.0,0.1056338028169014,0.102880658436214,0.0995198068731468,0.09924364971800813,0.0,0.0,0.0,0.0,0.0,0.0,0.0,0.0,0.007457948658478167,0.002484280580221726,0.0,0.0,0.0,0.0,0.03020122377935408
2023-08-18,41,20,5839,5712,0.0031258477253401323,0.003210176883377506,0,0,0,0,0.0,0.0,0,0,0,0,0.0,0.0,0.13732394366197184,0.06584362139917696,0.10112919731651637,0.09870152581646482,0.0,0.0,0.0,0.0,0.0,0.0,0.0,0.0,0.007162175363797091,0.0027664557809747347,0.0,0.0,0.0,0.0,0.030454100813139616
2023-08-19,33,26,5789,5814,0.003066620084586603,0.002973881745244101,0,0,0,0,0.0,0.0,0,0,0,0,0.0,0.0,0.10915492957746478,0.09053497942386832,0.10025452859729378,0.10048528833122021,0.0,0.0,0.0,0.0,0.0,0.0,0.0,0.0,0.006951808071039811,0.0021694975040686005,0.0,0.0,0.0,0.0,0.030447024956132773
2023-08-20,230,16,6067,6015,0.0025078299465073066,0.013689263688245872,15,22,9,0,3.59576972096041,0.035683266671016144,248,292,1817,329,2.1111343908656703,19.413595894880327,0.8028169014084507,0.04938271604938271,0.1051176866761714,0.10400034975735584,0.04285714285714286,0.06596701649175413,0.0028373266078184113,0.0,0.2326454033771107,0.3210555250137438,0.32635832959137856,0.06516141810259457,0.004967073121755117,0.02924003307079742,1.0,0.8416798117778492,0.57793299750153,1.0,0.16827516148327978
2023-08-21,284,8,5886,6089,0.0024583489466880847,0.01673263392645475,14,20,7,0,2.823950991691151,0.034022659832888,218,77,1726,68,1.7550085641235627,11.225909177057286,0.9929577464788732,0.01646090534979424,0.10195138591258561,0.10529445197394308,0.04,0.05997001499250375,0.0022068095838587644,0.0,0.2045028142589118,0.08466190214403518,0.3100134710372699,0.013468013468013467,0.004791324369272976,0.03692857489920733,0.8118907111351253,0.8025102126534509,0.48044187262227417,1.0,0.14457480988498
2023-08-22,3,1,663,649,0.0031657969181012745,0.0035180703886175026,0,0,0,0,0.0,0.0,0,0,0,0,0.0,0.0,0.0035211267605633804,0.0,0.010583491502593393,0.010160451186989026,0.0,0.0,0.0,0.0,0.0,0.0,0.0,0.0,0.007304068632245394,0.0035442947911658394,0.0,0.0,0.0,0.0,0.003497946850829851
2023-08-22,214,22,5341,5368,0.002487634443194113,0.006308580831510165,14,16,7,0,3.0803562477286595,0.03133907108491783,203,109,1813,125,2.2394098825548414,13.201655134249508,0.7464788732394366,0.07407407407407407,0.09241749687305933,0.09268569929611332,0.04,0.047976011994003,0.0022068095838587644,0.0,0.1904315196998124,0.11984606926882903,0.3256398742703188,0.02475737769855417,0.004895341860745636,0.010594030637771817,0.8856076581627401,0.7392110059663194,0.6130490184136361,1.0,0.1509111609214588
2023-08-23,259,175,6117,6140,0.0024956319636400175,0.002830444220798576,11,22,13,0,3.735504462571495,0.035683266671016144,225,59,1825,76,1.9938467516172302,9.769622964437223,0.9049295774647887,0.7037037037037037,0.10599235539539399,0.10618633323132078,0.03142857142857143,0.06596701649175413,0.004098360655737705,0.0,0.21106941838649157,0.06487080813633865,0.327795240233498,0.015052485640720936,0.0049237477993170735,0.0018071277231535988,1.0,0.8416798117778492,0.5458249530236349,1.0,0.166620030261497
2023-08-24,37,13,5726,5810,0.0031309814755273316,0.0030729576510357378,0,0,0,0,0.0,0.0,0,0,0,0,0.0,0.0,0.12323943661971831,0.037037037037037035,0.0991524460110733,0.10041533686005334,0.0,0.0,0.0,0.0,0.0,0.0,0.0,0.0,0.007180409639463541,0.002419795425860368,0.0,0.0,0.0,0.0,0.030231043370193174
2023-08-25,272,11,5749,5691,0.0024923600455373407,0.013009119105871854,15,20,8,0,3.0242055499332636,0.03435837845748597,187,65,1798,43,2.1165802461588257,9.985008929905726,0.9507042253521126,0.02880658436213992,0.0995547936219157,0.09833428059283872,0.04285714285714286,0.05997001499250375,0.0025220680958385876,0.0,0.175422138836773,0.07146783947223749,0.32294566681634485,0.008516537928302634,0.004912126459269983,0.02752176691793307,0.8694642370842686,0.8104289828536987,0.5794238260755661,1.0,0.15028732741706663
2023-08-26,264,104,6008,6044,0.0024913184983128235,0.0033714588163906486,16,22,8,0,2.800828885117376,0.035683266671016144,214,21,1870,13,1.8408987366398744,5.939563493132035,0.9225352112676056,0.411522633744856,0.10408557758748874,0.1045074979233157,0.045714285714285714,0.06596701649175413,0.0025220680958385876,0.0,0.20075046904315197,0.02308960967564596,0.33587786259541985,0.0025747672806496337,0.0049084270468484695,0.0031739063344992853,0.8052430661850682,0.8416798117778492,0.5039547124836536,0.9626384411733787,0.14638463492821271
2023-08-27,285,124,6009,6016,0.0023053898087032265,0.002820466629092902,9,18,8,0,2.8379447732222247,0.032276729138714925,219,39,1804,21,1.8732472685502348,6.503918588677036,0.9964788732394366,0.49382716049382713,0.10410307096187318,0.10401783762514756,0.025714285714285714,0.053973013493253376,0.0025220680958385876,0.0,0.20544090056285177,0.04288070368334249,0.32402334979793446,0.0041592394533571005,0.004248037495931759,0.00178192108538973,0.8159139471162601,0.7613280352592949,0.5128102756787862,1.0,0.14626700851773294
2023-08-28,328,41,5962,6007,0.002352506768992632,0.005245217954431071,21,20,7,0,2.4294605476137927,0.034022659832888,212,36,1884,34,1.5972389193501735,7.066060012586785,1.0,0.1522633744855967,0.10328088236580395,0.10386044681502207,0.06,0.05997001499250375,0.0022068095838587644,0.0,0.19887429643527205,0.03958218801539307,0.3383924562191289,0.006734006734006734,0.004415389550697571,0.007907630588064886,0.6984740377862111,0.8025102126534509,0.43725168818250104,1.0,0.13583804276539693
2023-08-29,268,39,6081,6156,0.002359884943934811,0.006709849713362508,27,28,12,0,2.8426618839757527,0.04025615400092481,242,25,1822,12,2.218745063215108,4.565502415650138,0.9366197183098591,0.1440329218106996,0.10536259391755373,0.10646613911598829,0.07714285714285714,0.08395802098950525,0.0037831021437578815,0.0,0.2270168855534709,0.02748763056624519,0.3272563987427032,0.0023767082590612004,0.004441595671156343,0.011607766181291078,0.8172701244775009,0.9495428889620109,0.6073919266455736,0.7399412656597802,0.14745847574958032
2023-08-30,267,17,5999,6106,0.0023996271555115486,0.011351218483776241,24,20,10,0,2.6622958550509446,0.034022659832888,199,23,1821,14,1.905547912596366,4.451518982331917,0.9330985915492958,0.053497942386831275,0.10392813721802867,0.10559174572640231,0.06857142857142857,0.05997001499250375,0.0031525851197982345,0.0,0.18667917448405252,0.025288620120945574,0.32707678491243825,0.002772826302238067,0.004582753774893357,0.023333371395004233,0.7654145845197463,0.8025102126534509,0.5216527293452038,0.7214677137403643,0.14174986424327055
2023-08-31,253,55,6087,6057,0.002370964852576824,0.005441665329669535,19,26,10,0,2.907269422924524,0.03879180063796644,152,94,1955,65,3.3205443860380166,9.99214056582666,0.8838028169014085,0.20987654320987653,0.10546755416386044,0.10473484020460805,0.054285714285714284,0.07796101949025487,0.0031525851197982345,0.0,0.1425891181988743,0.10335349092908191,0.3511450381679389,0.012873836403248167,0.004480949769266005,0.00840392047177328,0.8358449017651179,0.9150024228585479,0.9090146883415231,1.0,0.15192187443511387
2023-09-01,294,12,6073,6037,0.002328301938567909,0.014049328374613953,24,18,7,0,2.427885899575196,0.032276729138714925,212,124,1872,79,2.204413381247384,10.560182470738983,1.0,0.03292181069958848,0.10522264692247811,0.10438508284877367,0.06857142857142857,0.053973013493253376,0.0022068095838587644,0.0,0.19887429643527205,0.13633864760857614,0.3362370902559497,0.015646662705486234,0.004329417788471087,0.030149673431775503,0.6980213237980415,0.7613280352592949,0.6034685611058512,1.0,0.13645938549543468
2023-09-02,206,14,6103,6101,0.0025971619137521843,0.04543628416590669,17,24,9,0,3.522282272478282,0.0372699565135954,151,143,1911,88,4.1294628828571565,11.897926721910041,0.7183098591549296,0.0411522633744856,0.10574744815401167,0.10550430638744371,0.04857142857142857,0.07196401799100449,0.0028373266078184113,0.0,0.14165103189493433,0.15722924683892248,0.343242029636282,0.017429193899782137,0.005284366261696152,0.1094433194818307,1.0,0.8791058921971256,1.0,1.0,0.16786913289320343
2023-09-03,19,14,1709,1733,0.002765433425857127,0.0031255859629280855,0,0,0,0,0.0,0.0,0,0,0,0,0.0,0.0,0.05985915492957746,0.0411522633744856,0.02888156110873007,0.02911729987321296,0.0,0.0,0.0,0.0,0.0,0.0,0.0,0.0,0.005882040286852747,0.0025527516374519816,0.0,0.0,0.0,0.0,0.008982144223409948
2023-09-03,253,89,4343,4430,0.002409060501964484,0.0036443651283793225,10,24,11,0,3.5992552385844987,0.04044050459954423,165,121,1836,94,3.9364896694199505,10.520521196189055,0.8838028169014085,0.3497942386831276,0.07495910923737634,0.07628207930748043,0.02857142857142857,0.07196401799100449,0.0034678436317780582,0.0,0.15478424015009382,0.13304013194062672,0.3297709923664122,0.018617548029312734,0.004616259542296852,0.0038633563293171665,1.0,0.9538912626290765,1.0,1.0,0.15762578030138952
2023-09-04,278,10,6081,6087,0.0024469812857389915,0.013968781126596842,12,22,10,0,3.5305036648347676,0.035683266671016144,235,101,1895,66,2.182609077559161,10.212618785968553,0.971830985915493,0.024691358024691357,0.10536259391755373,0.10525947623835964,0.03428571428571429,0.06596701649175413,0.0031525851197982345,0.0,0.22045028142589118,0.11105002748763057,0.3403682083520431,0.013071895424836602,0.004750948220089609,0.02994618491836107,1.0,0.8416798117778492,0.5974995301225602,1.0,0.1673145757047469
2023-09-05,285,18,6106,6077,0.0023503141784717288,0.01135533275378702,17,24,9,0,3.375479306848118,0.0372699565135954,217,101,1798,62,2.4424940454819133,9.022855444235073,0.9964788732394366,0.05761316872427984,0.10579992827716503,0.10508459756044244,0.04857142857142857,0.07196401799100449,0.0028373266078184113,0.0,0.20356472795497185,0.11105002748763057,0.32294566681634485,0.012279659338482869,0.004407601812976815,0.02334376537752864,0.970456039400893,0.8791058921971256,0.6686442659418641,1.0,0.16255231074272863
2023-09-06,322,10,5941,6114,0.0023052719096722705,0.009764918833049476,12,18,8,0,3.0020396551497615,0.032276729138714925,196,57,1811,35,2.0766502078440072,6.861525067507927,1.0,0.024691358024691357,0.10291352150373047,0.10573164866873606,0.03428571428571429,0.053973013493253376,0.0025220680958385876,0.0,0.18386491557223264,0.06267179769103903,0.32528064660978895,0.0069320657555951674,0.004247618737060979,0.01932586318457279,0.863091504649579,0.7613280352592949,0.5684927897410336,1.0,0.15118258554214897
2023-09-07,279,110,5973,6002,0.0024363378318864666,0.003422988768843695,12,20,8,0,2.911899110973704,0.034022659832888,224,69,1756,87,1.8040238408774245,10.410739296883072,0.9753521126760564,0.43621399176954734,0.10347330948403292,0.10377300747606348,0.03428571428571429,0.05997001499250375,0.0025220680958385876,0.0,0.2101313320825516,0.07586586036283673,0.3154018859452178,0.0172311348781937,0.004713144340953848,0.0033040877333567545,0.8371759449502305,0.8025102126534509,0.4938600358336227,1.0,0.1480574767188748
2023-09-08,300,139,5912,6184,0.0023169279514525833,0.0029168987469882744,10,22,9,0,3.288560552089925,0.035683266671016144,178,41,2007,24,2.29608873584115,6.196194235414253,1.0,0.5555555555555556,0.10240621364658135,0.10695579941415644,0.02857142857142857,0.06596701649175413,0.0028373266078184113,0.0,0.1669793621013133,0.04507971412864211,0.3604849573417153,0.004753416518122401,0.004289019169737238,0.002025539940148945,0.945466749636573,0.8416798117778492,0.6285651218490379,1.0,0.16293344680490832
2023-09-09,270,164,6045,6096,0.002513859843398274,0.002771421659869196,15,20,9,0,3.198457912950841,0.034022659832888,189,76,1890,43,2.21302083349525,7.562787004569845,0.9436619718309859,0.6584362139917695,0.10473283243971346,0.10541686704848512,0.04285714285714286,0.05997001499250375,0.0028373266078184113,0.0,0.1772983114446529,0.08356239692138538,0.33947013920071845,0.008516537928302634,0.004988490369992931,0.0016580175613901428,0.9195620876997971,0.8025102126534509,0.6058248917591644,1.0,0.15877605894971217
2023-09-10,258,23,6015,6169,0.002390230280832707,0.010165628816715353,16,26,11,0,3.2503924782855256,0.03879180063796644,89,47,2084,25,5.645561191702353,6.4190031954894256,0.9014084507042254,0.07818930041152264,0.1042080312081799,0.10669348139728063,0.045714285714285714,0.07796101949025487,0.0034678436317780582,0.0,0.08348968105065666,0.05167674546454096,0.37431522227211494,0.004951475539710834,0.004549377549512481,0.02033818676972086,0.9344933635279302,0.9150024228585479,1.0,1.0,0.16373381652377425
2023-09-11,315,175,5938,6068,0.002438328151626629,0.002648709908401713,8,20,8,0,3.078131717878739,0.034022659832888,124,31,1609,16,3.640908755513017,5.346476398719689,1.0,0.7037037037037037,0.10286104138057711,0.10492720675031697,0.022857142857142857,0.05997001499250375,0.0025220680958385876,0.0,0.11632270168855535,0.034084661902144035,0.288998652896273,0.0031689443454149336,0.004720213644578514,0.0013480078155662346,0.8849681020489452,0.8025102126534509,0.996715945610822,0.8665154791568402,0.14948657936912826
2023-09-12,310,91,5972,6065,0.0024229307176768505,0.003467788933783575,32,22,8,0,2.4650328688758836,0.035683266671016144,166,51,2194,33,2.222446934608169,6.348380464694803,1.0,0.35802469135802467,0.10345581610964848,0.10487474314694181,0.09142857142857143,0.06596701649175413,0.0025220680958385876,0.0,0.15572232645403378,0.056074766355140186,0.39407274360125727,0.006535947712418301,0.0046655243735858835,0.0034172675028555357,0.7087011406258784,0.8416798117778492,0.6084053314007676,1.0,0.1426466165875973
2023-09-13,288,23,5946,6071,0.0024010635988580735,0.009178287067873978,17,22,8,0,2.9417967961505775,0.035683266671016144,110,56,1966,29,2.566747224417254,7.684849924508667,1.0,0.07818930041152264,0.10300098837565272,0.10497967035369213,0.04857142857142857,0.06596701649175413,0.0025220680958385876,0.0,0.10318949343339587,0.061572292468389224,0.3531207903008532,0.005743711626064567,0.004587855796418495,0.017843840784603392,0.8457715802678992,0.8416798117778492,0.7026591597647769,1.0,0.1521344971624588
2023-09-14,122,129,5831,6035,0.002693137310147115,0.002737877296732743,8,12,4,0,2.6167018092069765,0.03095787306905414,139,43,942,29,1.4137480167093048,7.3553909940645665,0.4225352112676056,0.51440329218107,0.10098925032144075,0.10435010711319022,0.022857142857142857,0.035982008995502246,0.0012610340479192938,0.0,0.1303939962476548,0.04727872457394173,0.16919622810956444,0.005743711626064567,0.005625255820254252,0.0015732736035752124,0.7523062188247671,0.7302194896569998,0.3870201880769986,1.0,0.12366681235333611
2023-09-14,109,46,147,130,0.0014779347465934975,0.004982899615212313,29,12,5,0,2.4093081957452647,0.05023603593033283,77,23,1009,12,2.1660933311083475,10.759948654661155,0.3767605633802817,0.1728395061728395,0.001556910320216218,0.0010842478030866087,0.08285714285714285,0.035982008995502246,0.0015762925598991173,0.0,0.07223264540337711,0.025288620120945574,0.18123035473731477,0.0023767082590612004,0.0013090468645354243,0.007244929251854996,0.6926802023628186,1.0,0.5929782666285862,1.0,0.08838922345051985
2023-09-15,234,12,6058,6107,0.002605507560232726,0.019867254764028626,16,22,8,0,3.2328005150798464,0.035683266671016144,248,24,1863,12,1.6094112412963826,4.565975185698889,0.8169014084507042,0.03292181069958848,0.10496024630671133,0.10560923359419402,0.045714285714285714,0.06596701649175413,0.0025220680958385876,0.0,0.2326454033771107,0.026388125343595383,0.33462056578356536,0.0023767082590612004,0.005314008689354665,0.04484764538340714,0.9294356441980461,0.8416798117778492,0.44058391873085645,0.7400178885670511,0.15897364649030327
2023-09-16,282,17,6065,6075,0.0024742201696277537,0.015414996797421025,20,24,11,0,3.8213526218543308,0.0372699565135954,226,61,1952,32,1.8526786578490606,8.339462403791975,0.9859154929577465,0.053497942386831275,0.10508269992740249,0.10504962182485901,0.05714285714285714,0.07196401799100449,0.0034678436317780582,0.0,0.21200750469043153,0.06706981858163827,0.35060619667714416,0.006337888690829867,0.004847696464465144,0.03359979549075652,1.0,0.8791058921971256,0.5071795214793355,1.0,0.16800836200139008
2023-09-17,286,9,5948,6021,0.0024644817452210556,0.038238725653581725,22,22,8,0,2.378296228922733,0.035683266671016144,201,19,1878,9,1.912612551130884,4.213109538679216,1.0,0.0205761316872428,0.10303597512442163,0.10410527696410615,0.06285714285714286,0.06596701649175413,0.0025220680958385876,0.0,0.18855534709193245,0.020890599230346345,0.3373147732375393,0.0017825311942959,0.004813107108007679,0.09125994862879674,0.6837642091776232,0.8416798117778492,0.5235867074671957,0.6828281579103402,0.13408591990188604
2023-09-18,259,12,5996,6095,0.0024060628161796777,0.02937529715601331,15,20,8,0,3.1839489889197305,0.034022659832888,217,62,1838,76,1.770982410718794,10.135543072291709,0.9049295774647887,0.03292181069958848,0.10387565709487531,0.10539937918069339,0.04285714285714286,0.05997001499250375,0.0025220680958385876,0.0,0.20356472795497185,0.06816932380428807,0.3301302200269421,0.015052485640720936,0.004605612232441797,0.06886804905275903,0.9153907473741035,0.8025102126534509,0.48481478847469706,1.0,0.15748058799476675
2023-09-19,198,80,6091,6155,0.002566570843204015,0.004144365283643407,12,20,11,0,3.540580256794563,0.034022659832888,226,23,1817,12,1.8778465712394403,4.923562151652305,0.6901408450704225,0.31275720164609055,0.10553752766139825,0.10644865124819657,0.03428571428571429,0.05997001499250375,0.0034678436317780582,0.0,0.21200750469043153,0.025288620120945574,0.32635832959137856,0.0023767082590612004,0.005175711575946545,0.0051265191412863875,1.0,0.8025102126534509,0.5140693564843901,0.7979728140236687,0.16563278551593208
2023-09-20,289,82,6012,6055,0.0023916397850002598,0.0034880675090287923,13,22,10,0,3.6509454221397877,0.03568429933728764,216,23,1782,12,1.798355800110819,5.294585363468192,1.0,0.32098765432098764,0.10415555108502654,0.10469986446902461,0.037142857142857144,0.06596701649175413,0.0031525851197982345,0.0,0.2026266416510319,0.025288620120945574,0.320071845532106,0.0023767082590612004,0.004554383887298112,0.0034684977712060505,1.0,0.8417041698154984,0.4923083829382038,0.8581053821281387,0.16444298210438588
2023-09-21,277,125,5986,6136,0.002392665266896031,0.003395261145121526,15,26,11,0,3.4363381429220774,0.03879180063796644,217,28,1828,15,2.1322955356120334,4.9102953510964005,0.9683098591549296,0.49794238683127573,0.1037007233510308,0.1061163817601539,0.04285714285714286,0.07796101949025487,0.0034678436317780582,0.0,0.20356472795497185,0.030786146234194612,0.3283340817242928,0.0029708853238265003,0.004558026238191046,0.003234038748808699,0.9879530582387989,0.9150024228585479,0.5837259606907729,0.795822633758526,0.16422390332857612
2023-09-22,308,138,5931,6063,0.002358857172565108,0.0029346552596466683,19,14,6,0,2.0560473658038254,0.028465399478543898,216,75,1791,39,1.5474979336119805,8.074621313907619,1.0,0.551440329218107,0.10273858775988594,0.10483976741135836,0.054285714285714284,0.041979010494752625,0.0018915510718789407,0.0,0.2026266416510319,0.08246289169873557,0.32168837000449035,0.007724301841948901,0.004437945188411003,0.002070398659139737,0.5911171131728107,0.6714282158125028,0.4236348587135978,1.0,0.12339324273033087
2023-09-23,297,108,5956,6100,0.0023586351756954313,0.0030668992117975774,16,20,8,0,2.7959160137150696,0.034022659832888,207,22,1874,12,1.6340155250102089,5.675582115883358,1.0,0.4279835390946502,0.10317592211949723,0.105486818519652,0.045714285714285714,0.05997001499250375,0.0025220680958385876,0.0,0.19418386491557224,0.024189114898295765,0.3365963179164796,0.0023767082590612004,0.0044371566903401655,0.002404489840324745,0.8038306073044893,0.8025102126534509,0.4473194574533718,0.9198543844346457,0.14619776906939125
2023-09-24,296,10,6096,6101,0.0023809642537449345,0.022013825754537874,13,26,12,0,3.146068831233822,0.03879180063796644,242,60,1807,83,1.8910375568073094,9.030796065516176,1.0,0.024691358024691357,0.1056249945333205,0.10550430638744371,0.037142857142857144,0.07796101949025487,0.0037831021437578815,0.0,0.2270168855534709,0.06597031335898845,0.3245621912887292,0.01643889879183997,0.004516466074257506,0.0502705809963593,0.9045001376390155,0.9150024228585479,0.5176804510041058,1.0,0.1565752062174273
2023-09-25,279,16,5997,6137,0.002394122598477238,0.007096740876454143,10,20,8,0,2.9883081749499985,0.034022659832888,259,38,1836,21,1.4185679880830824,7.8876207233461475,0.9753521126760564,0.04938271604938271,0.10389315046925977,0.10613386962794562,0.02857142857142857,0.05997001499250375,0.0025220680958385876,0.0,0.24296435272045028,0.04178119846069269,0.3297709923664122,0.0041592394533571005,0.004563202451450392,0.012585178936770627,0.8591436807471369,0.8025102126534509,0.3883396779758755,1.0,0.15135012348720148
2023-09-26,33,12,3454,3354,0.002621307701586218,0.003518817993477253,0,0,0,0,0.0,0.0,0,0,0,0,0.0,0.0,0.10915492957746478,0.03292181069958848,0.059407499409598614,0.05746513356359026,0.0,0.0,0.0,0.0,0.0,0.0,0.0,0.0,0.00537012831389869,0.0035461834838931157,0.0,0.0,0.0,0.0,0.017896519653973684
2023-09-26,216,19,2653,2641,0.0023218234769858998,0.01974078301223298,17,26,10,0,3.600644162264288,0.04632792931737536,163,122,1898,217,2.3916941796328652,18.40012811381354,0.7535211267605634,0.06172839506172839,0.045395306527652654,0.04499628382809426,0.04857142857142857,0.07796101949025487,0.0031525851197982345,0.0,0.1529080675422139,0.13413963716327654,0.3409070498428379,0.042978807684690035,0.004306407308787949,0.044528136655357875,1.0,1.0,0.6547375630479866,1.0,0.1508218017022472
2023-09-27,251,6,5966,5948,0.002236369001948688,0.02334557996368884,20,18,5,0,2.1905836977563506,0.03230010554076728,114,80,1735,66,2.0673797168810206,12.202947066163972,0.8767605633802817,0.00823045267489712,0.10335085586334176,0.10282866261531062,0.05714285714285714,0.053973013493253376,0.0015762925598991173,0.0,0.10694183864915573,0.0879604178119846,0.31162999550965426,0.013071895424836602,0.0040028864131577855,0.053635024734970706,0.629796537335563,0.7618794266400468,0.5659549491119712,1.0,0.12634350295059565
2023-09-28,23,31,5785,5740,0.0030167790027569516,0.002993367926419317,0,0,0,0,0.0,0.0,0,0,0,0,0.0,0.0,0.07394366197183098,0.1111111111111111,0.10018455509975596,0.09919118611463297,0.0,0.0,0.0,0.0,0.0,0.0,0.0,0.0,0.0067747803637193404,0.0022187259275974433,0.0,0.0,0.0,0.0,0.03029476864960046
2023-09-29,30,36,5809,5773,0.002905219085566738,0.0029409547129207406,0,0,0,0,0.0,0.0,0,0,0,0,0.0,0.0,0.09859154929577464,0.13168724279835392,0.10060439608498281,0.09976828575175972,0.0,0.0,0.0,0.0,0.0,0.0,0.0,0.0,0.006378537031029558,0.002086313124420939,0.0,0.0,0.0,0.0,0.030416634643724016
2023-09-30,31,31,5773,5742,0.002925270980772922,0.0030992846320231863,0,0,0,0,0.0,0.0,0,0,0,0,0.0,0.0,0.10211267605633803,0.1111111111111111,0.09997463460714255,0.09922616185021642,0.0,0.0,0.0,0.0,0.0,0.0,0.0,0.0,0.006449758218561434,0.0024863059318765137,0.0,0.0,0.0,0.0,0.030240031017378228
2023-10-01,44,24,5788,5745,0.0028288574748421944,0.002957017344382144,0,0,0,0,0.0,0.0,0,0,0,0,0.0,0.0,0.14788732394366197,0.0823045267489712,0.10023703522290932,0.09927862545359158,0.0,0.0,0.0,0.0,0.0,0.0,0.0,0.0,0.006107312563630015,0.002126892549268708,0.0,0.0,0.0,0.0,0.030280635218122527
2023-10-02,31,40,5793,5722,0.002907796494297235,0.0028114305115629094,0,0,0,0,0.0,0.0,0,0,0,0,0.0,0.0,0.10211267605633803,0.14814814814814814,0.10032450209483158,0.09887640449438202,0.0,0.0,0.0,0.0,0.0,0.0,0.0,0.0,0.006387691582689314,0.0017590929172215794,0.0,0.0,0.0,0.0,0.030271925447538987
2023-10-03,26,31,5802,5722,0.0029623281550247714,0.002981608661638151,0,0,0,0,0.0,0.0,0,0,0,0,0.0,0.0,0.08450704225352113,0.1111111111111111,0.10048194246429165,0.09887640449438202,0.0,0.0,0.0,0.0,0.0,0.0,0.0,0.0,0.006581379490748133,0.002189018204887192,0.0,0.0,0.0,0.0,0.030313097916833943
2023-10-04,18,29,5726,5751,0.0030215502864972084,0.0030070512122491,0,0,0,0,0.0,0.0,0,0,0,0,0.0,0.0,0.056338028169014086,0.102880658436214,0.0991524460110733,0.09938355266034189,0.0,0.0,0.0,0.0,0.0,0.0,0.0,0.0,0.006791727215402856,0.002253294352474428,0.0,0.0,0.0,0.0,0.030108430829018994
2023-10-05,241,138,5855,5846,0.0023908053376601158,0.002772358910459762,15,22,14,0,4.087585045310629,0.035683266671016144,231,60,2018,32,2.031977616669739,7.6751252134869405,0.8415492957746479,0.551440329218107,0.1014090913066676,0.10104490010055524,0.04285714285714286,0.06596701649175413,0.004413619167717529,0.0,0.21669793621013134,0.06597031335898845,0.36246070947462955,0.006337888690829867,0.004551420061191564,0.0016603853608378738,1.0,0.8416798117778492,0.5562634571910965,1.0,0.1682802494483825
2023-10-06,288,125,5862,5876,0.002381933956650043,0.0029579546932353923,10,22,9,0,3.122776005764958,0.035683266671016144,224,58,2147,30,1.5466647009333272,8.170710662971132,1.0,0.49794238683127573,0.10153154492735876,0.10156953613430683,0.02857142857142857,0.06596701649175413,0.0028373266078184113,0.0,0.2101313320825516,0.06377130291368883,0.3856308935788056,0.0059417706476530005,0.00451991030692204,0.0021292605969598925,0.8978034107163796,0.8416798117778492,0.4234067573375443,1.0,0.1600391087281043
2023-10-07,300,48,5813,5906,0.0023682425668413386,0.003450841078592296,15,20,8,0,3.087056440522074,0.034022659832888,220,47,1824,28,1.6404942773154012,6.795288802350071,1.0,0.18106995884773663,0.10067436958252061,0.10209417216805841,0.04285714285714286,0.05997001499250375,0.0025220680958385876,0.0,0.20637898686679174,0.05167674546454096,0.32761562640323305,0.005545652604476134,0.004471280637201992,0.003374451715310517,0.8875339749819035,0.8025102126534509,0.4490930464565212,1.0,0.15299061495786717
2023-10-08,298,44,5824,5874,0.002359176081491109,0.004453462820851158,20,20,8,0,2.867615315242097,0.034022659832888,225,81,1881,49,1.7477136570134832,8.793904322147924,1.0,0.1646090534979424,0.10086679670074959,0.10153456039872338,0.05714285714285714,0.05997001499250375,0.0025220680958385876,0.0,0.21106941838649157,0.08905992303463442,0.3378536147283341,0.009704892057833234,0.004439077902909597,0.005907399927345114,0.8244442783901229,0.8025102126534509,0.4784448573915694,1.0,0.14789432021386476
2023-10-09,306,6,5816,5906,0.0023117084423376097,0.03503433689270561,15,18,6,0,2.01270269178646,0.032276729138714925,176,51,2038,28,1.7957571293710457,7.938069863766423,1.0,0.00823045267489712,0.10072684970567397,0.10209417216805841,0.04285714285714286,0.053973013493253376,0.0018915510718789407,0.0,0.1651031894934334,0.056074766355140186,0.36605298607992814,0.005545652604476134,0.004270480291806776,0.08316462170696211,0.5786554457021567,0.7613280352592949,0.49159698456553036,1.0,0.125789324748933
2023-10-10,276,40,5847,5875,0.002363681311213307,0.004774544418149923,12,22,12,0,3.5120444418156604,0.035683266671016144,231,82,1904,47,1.9386773075428998,9.840109804135382,0.9647887323943662,0.14814814814814814,0.10126914431159198,0.10155204826651511,0.03428571428571429,0.06596701649175413,0.0037831021437578815,0.0,0.21669793621013134,0.09015942825728422,0.3419847328244275,0.009308774014656367,0.0044550797724396095,0.006718556342089152,1.0,0.8416798117778492,0.5307220574797388,1.0,0.16624147519670693
2023-10-11,56,50,5789,5728,0.0028601992781596935,0.0032808161942314267,26,6,3,0,1.5915827006265395,0.02357240877105041,89,21,462,11,1.0484758597357389,6.2249865382707394,0.19014084507042253,0.18930041152263374,0.10025452859729378,0.09898133170113234,0.07428571428571429,0.017991004497751123,0.0009457755359394704,0.0,0.08348968105065666,0.02308960967564596,0.08298158958239785,0.002178649237472767,0.006218633734457515,0.0029449136266261593,0.4575827322938784,0.5560146933992364,0.2870252121545896,1.0,0.084661779109781
2023-10-11,135,85,56,92,0.0013171869751574506,0.002380926402875999,5,18,6,0,4.0111052855602605,0.052712762982891744,120,33,1475,16,2.2964913052718043,11.174392073529637,0.46830985915492956,0.3333333333333333,0.0,0.0004197088270012679,0.014285714285714285,0.053973013493253376,0.0018915510718789407,0.0,0.1125703564727955,0.03628367234744365,0.26493039964077236,0.0031689443454149336,0.0007380959864734427,0.0006714996939633895,1.0,1.0,0.6286753271295579,1.0,0.12720325063134152
2023-10-12,248,16,5923,6095,0.002457021777838892,0.013036579707541894,21,24,11,0,3.251043630391402,0.0372699565135954,251,71,1871,44,1.7367278310040222,8.268057013501515,0.8661971830985915,0.04938271604938271,0.10259864076481033,0.10539937918069339,0.06,0.07196401799100449,0.0034678436317780582,0.0,0.2354596622889306,0.07806487080813634,0.3360574764256848,0.008714596949891068,0.004786610473627558,0.027591141318038154,0.9346805708653991,0.8791058921971256,0.47543743570247704,1.0,0.15967549207926027
2023-10-13,295,130,5820,5875,0.0023086579872424588,0.002885927242679806,35,20,9,0,2.216591264086446,0.034022659832888,199,31,1844,15,1.6542637156144109,6.273005953077224,1.0,0.5185185185185185,0.10079682320321179,0.10155204826651511,0.1,0.05997001499250375,0.0028373266078184113,0.0,0.18667917448405252,0.034084661902144035,0.33120790300853165,0.0029708853238265003,0.004259645553635877,0.001947295859499532,0.6372737568711576,0.8025102126534509,0.452862495139888,1.0,0.12823359365109052
2023-10-14,283,92,5858,5888,0.0022141991501108756,0.002865649996299763,17,20,7,0,2.783668547423772,0.034022659832888,235,31,1847,16,1.3830743596321229,6.4841006428519545,0.9894366197183099,0.36213991769547327,0.10146157142982096,0.10177939054780746,0.04857142857142857,0.05997001499250375,0.0022068095838587644,0.0,0.22045028142589118,0.034084661902144035,0.33174674449932645,0.0031689443454149336,0.00392414257577688,0.0018960689482941152,0.8003094399237162,0.8025102126534509,0.3786231297676597,1.0,0.1445822285250735
2023-10-15,220,14,5842,5875,0.0024123943513570407,0.022287622281746376,24,24,9,0,2.8817456920573754,0.0372699565135954,232,53,1878,30,1.7770553903646122,7.846800501683211,0.7676056338028169,0.0411522633744856,0.10118167743966973,0.10155204826651511,0.06857142857142857,0.07196401799100449,0.0028373266078184113,0.0,0.2176360225140713,0.058273776800439804,0.3373147732375393,0.0059417706476530005,0.00462810085257445,0.05096227996399949,0.8285067857476933,0.8791058921971256,0.4864772952983552,1.0,0.1482115214400747
2023-10-16,280,39,5775,5868,0.0023658201421029785,0.004416044610369549,12,22,10,0,3.4903266759301723,0.035683266671016144,221,31,1837,20,1.6709151795674657,5.630283016095204,0.9788732394366197,0.1440329218106996,0.10000962135591145,0.10142963319197307,0.03428571428571429,0.06596701649175413,0.0031525851197982345,0.0,0.2073170731707317,0.034084661902144035,0.32995060619667715,0.003961180431768667,0.004462676564380018,0.0058128693727579036,1.0,0.8416798117778492,0.4574209119402659,0.9125126572425635,0.16434928733980433
2023-10-17,279,15,5698,5739,0.002640823188546993,0.01870054489921778,15,28,11,0,3.690745513748089,0.040273639698536964,272,47,1987,23,1.7839450874817717,7.121615831773974,0.9753521126760564,0.04526748971193416,0.09866263152830865,0.09917369824684126,0.04285714285714286,0.08395802098950525,0.0034678436317780582,0.0,0.2551594746716698,0.05167674546454096,0.3568926807364167,0.004555357496533967,0.005439444263454449,0.04190015727151183,1.0,0.9499553332264525,0.4883633823821646,1.0,0.16670586519993147
2023-10-18,215,10,5872,5812,0.00293862273321636,0.015137991970503894,12,20,9,0,3.069771064979475,0.034022659832888,215,41,1838,19,1.6496714838377704,6.102979546653282,0.75,0.024691358024691357,0.10170647867120328,0.10045031259563678,0.03428571428571429,0.05997001499250375,0.0028373266078184113,0.0,0.20168855534709193,0.04507971412864211,0.3301302200269421,0.003763121410180234,0.006497181549616944,0.03289999131587005,0.8825644001263873,0.8025102126534509,0.4516053500299515,0.9891236492541237,0.15287813580908174
2023-10-19,261,31,5829,5848,0.0024349330454335482,0.004451697892689713,14,20,7,0,2.9690456590325303,0.034022659832888,191,55,1746,34,1.7118913940429479,7.971801992643945,0.9119718309859155,0.1111111111111111,0.10095426357267186,0.10107987583613869,0.04,0.05997001499250375,0.0022068095838587644,0.0,0.17917448405253283,0.060472787245739415,0.3136057476425685,0.006734006734006734,0.004708154759750837,0.005902941145491023,0.853605674672492,0.8025102126534509,0.4686383439334847,1.0,0.1481437930003069
2023-10-20,216,9,5872,5908,0.0022128213382280695,0.028170506205455532,18,20,10,0,3.174076918994137,0.034022659832888,183,101,1806,53,2.1659619536402017,10.37060981246401,0.7535211267605634,0.0205761316872428,0.10170647867120328,0.10212914790364185,0.05142857142857143,0.05997001499250375,0.0031525851197982345,0.0,0.17166979362101314,0.11105002748763057,0.3243825774584643,0.010497128144186968,0.003919248804017156,0.06582435574802827,0.9125525104869024,0.8025102126534509,0.5929423014269875,1.0,0.15575668444650131
2023-10-21,302,8,5862,5834,0.002161896928141597,0.035415956560092006,13,22,9,0,2.9351515602165104,0.035683266671016144,227,64,1884,36,1.8419005724935718,8.506241210321452,1.0,0.01646090534979424,0.10153154492735876,0.1008350456870546,0.037142857142857144,0.06596701649175413,0.0028373266078184113,0.0,0.2129455909943715,0.07036833424958769,0.3383924562191289,0.0071301247771836,0.003738373284599909,0.0841287169519005,0.8438610636392307,0.8416798117778492,0.5042289697741592,1.0,0.14986792209505695
2023-10-22,4,2,566,576,0.003566456494287708,0.003107949397317155,0,0,0,0,0.0,0.0,0,0,0,0,0.0,0.0,0.007042253521126761,0.0,0.008886634187301559,0.008883836838193503,0.0,0.0,0.0,0.0,0.0,0.0,0.0,0.0,0.008727148621373554,0.002508195943666614,0.0,0.0,0.0,0.0,0.00310206795234834
2023-10-22,265,20,5314,5296,0.002237891244856463,0.006986873732431177,12,26,10,0,3.4778803820104693,0.03980088135435189,246,109,1889,66,2.227086695057243,11.18518298458941,0.926056338028169,0.06584362139917696,0.09194517576467913,0.09142657281510952,0.03428571428571429,0.07796101949025487,0.0031525851197982345,0.0,0.23076923076923078,0.11984606926882903,0.3392905253704535,0.013071895424836602,0.004008293181270671,0.0123076188417867,0.9998965226030376,0.9388041357248711,0.6096754877089707,1.0,0.1630925529420508
2023-10-23,327,105,5848,5869,0.0025800886379631315,0.0030349756162421325,14,18,8,0,2.864433002054913,0.032276729138714925,248,46,1876,26,1.3954077383141534,7.053229192824291,1.0,0.4156378600823045,0.10128663768597644,0.10144712105976479,0.04,0.053973013493253376,0.0025220680958385876,0.0,0.2326454033771107,0.05057724024189115,0.3369555455770094,0.005149534561299267,0.005223724663271054,0.002323840467908679,0.8235293579385289,0.7613280352592949,0.3819994503571342,1.0,0.14759970997991376
2023-10-24,256,18,5794,5936,0.002678615698721136,0.007904326794916323,12,22,8,0,3.2074436005068714,0.035683266671016144,219,117,1877,76,1.8155474762947945,11.56760073858614,0.8943661971830986,0.05761316872427984,0.10034199546921603,0.10261880820180999,0.03428571428571429,0.06596701649175413,0.0025220680958385876,0.0,0.20544090056285177,0.12864211105002749,0.33713515940727434,0.015052485640720936,0.005573677333532674,0.014625403302566358,0.9221454881488023,0.8416798117778492,0.4970146853849213,1.0,0.15792016984230417
2023-10-25,282,173,5907,6012,0.00274220024185828,0.002799721821501112,19,16,5,0,2.196961635784528,0.030430792064675676,136,86,1804,45,2.123317711376235,9.188896048996888,0.9859154929577465,0.6954732510288066,0.1023187467746591,0.10394788615398068,0.054285714285714284,0.047976011994003,0.0015762925598991173,0.0,0.1275797373358349,0.09455744914788346,0.32402334979793446,0.008912655971479501,0.005799519660371809,0.0017295129626811168,0.6316302053618525,0.7177869552523711,0.5812682389587568,1.0,0.12755357540787593
2023-10-26,209,72,5937,5887,0.002914956734162397,0.0035685378321646173,22,20,10,0,3.001347775395054,0.034022659832888,212,47,1780,22,1.7851907891096868,6.758927554308479,0.7288732394366197,0.27983539094650206,0.10284354800619265,0.10176190268001574,0.06285714285714286,0.05997001499250375,0.0031525851197982345,0.0,0.19887429643527205,0.05167674546454096,0.3197126178715761,0.004357298474945534,0.006413123631927864,0.003671791947382123,0.8628925880438297,0.8025102126534509,0.48870439907865176,1.0,0.15033208784607394
2023-10-27,242,14,5870,5884,0.002735499590335189,0.02053464634463847,19,26,13,0,3.195654968279119,0.03879180063796644,70,48,1907,25,7.2584405398555765,8.154264718113296,0.8450704225352113,0.0411522633744856,0.10167149192243438,0.10170943907664058,0.054285714285714284,0.07796101949025487,0.004098360655737705,0.0,0.06566604127579738,0.052776250687190766,0.3425235743152223,0.004951475539710834,0.005775719996858475,0.046533693311137186,0.918756236341366,0.9150024228585479,1.0,1.0,0.15819417329857266
2023-10-28,266,76,5902,5925,0.002561938118140329,0.00399126751969476,23,22,9,0,3.0470541091306282,0.035683266671016144,143,39,2139,25,3.006586810577029,6.840746182357727,0.9295774647887324,0.2962962962962963,0.10223127990273684,0.10242644165610108,0.06571428571428571,0.06596701649175413,0.0028373266078184113,0.0,0.13414634146341464,0.04288070368334249,0.3841939829366861,0.004951475539710834,0.005159256862955494,0.004739744457359676,0.8760332366985474,0.8416798117778492,0.8230673211537435,1.0,0.15792649038176876
2023-10-29,272,23,5914,5895,0.002428353651129567,0.010371136610373198,19,24,9,0,2.9619404520089763,0.0372699565135954,36,11,336,6,4.975464542325156,3.632396832829217,0.9507042253521126,0.07818930041152264,0.10244120039535026,0.10190180562234949,0.054285714285714284,0.07196401799100449,0.0028373266078184113,0.0,0.03377110694183865,0.012094557449147883,0.06035024696901661,0.0011883541295306002,0.004684785782866025,0.020857366213537887,0.8515629155735953,0.8791058921971256,1.0,0.5887107409359426,0.12287272554314065
2023-10-30,305,9,5844,5866,0.0024051878538147832,0.05377447710727373,12,22,8,0,2.9412742919795773,0.035683266671016144,1,5,0,4,0.7607477870093023,1.8036698069565291,1.0,0.0205761316872428,0.10121666418843862,0.10139465745638963,0.03428571428571429,0.06596701649175413,0.0025220680958385876,0.0,0.0009380863039399625,0.005497526113249038,0.0,0.0007922360863537334,0.004602504503320299,0.130508303425678,0.8456213594304227,0.8416798117778492,0.20825829506223836,0.2923248304976955,0.11584518857981231
2023-10-31,265,37,5818,5834,0.0024091686584129268,0.0038138825166713648,12,22,9,0,3.485790544222556,0.035683266671016144,1,1,0,0,0.7607477870093023,0.7607477870093023,0.926056338028169,0.13580246913580246,0.10076183645444288,0.1008350456870546,0.03428571428571429,0.06596701649175413,0.0028373266078184113,0.0,0.0009380863039399625,0.0010995052226498076,0.0,0.0,0.004616643697042232,0.004291612318076927,1.0,0.8416798117778492,0.20825829506223836,0.12329610831831761,0.13117603569640077
2023-11-01,263,15,5922,5873,0.002378595585864815,0.012997239446360623,15,26,12,0,3.497662823733662,0.03879180063796644,1,1,0,0,0.7607477870093023,0.7607477870093023,0.9190140845070423,0.04526748971193416,0.10258114739042587,0.10151707253093166,0.04285714285714286,0.07796101949025487,0.0037831021437578815,0.0,0.0009380863039399625,0.0010995052226498076,0.0,0.0,0.00450805293736665,0.027491755039025716,1.0,0.9150024228585479,0.20825829506223836,0.12329610831831761,0.13183911491398614
2023-11-02,279,22,5833,5945,0.002250199908778497,0.019073442913309254,19,22,9,0,3.0241931305452874,0.035683266671016144,1,1,0,0,0.7607477870093023,0.7607477870093023,0.9753521126760564,0.07407407407407407,0.10102423707020966,0.10277619901193547,0.054285714285714284,0.06596701649175413,0.0028373266078184113,0.0,0.0009380863039399625,0.0010995052226498076,0.0,0.0,0.004052011625459808,0.04284221878709024,0.8694606664891111,0.8416798117778492,0.20825829506223836,0.12329610831831761,0.11834046619737419
2023-11-03,52,27,5494,5447,0.002708852947985642,0.003168073651918819,0,0,0,0,0.0,0.0,0,0,0,0,0.0,0.0,0.176056338028169,0.09465020576131687,0.09509398315388047,0.09406724085165916,0.0,0.0,0.0,0.0,0.0,0.0,0.0,0.0,0.005681075301563709,0.0026600893415198177,0.0,0.0,0.0,0.0,0.028709574481020194
2023-11-03,154,42,390,434,0.001480940223421805,0.0038877861419847385,14,24,13,0,5.499979284402993,0.05148839576961523,1,1,0,0,1.0509444351990527,1.0509444351990527,0.5352112676056338,0.15637860082304528,0.005807800295638027,0.006400559611769335,0.04,0.07196401799100449,0.004098360655737705,0.0,0.0009380863039399625,0.0010995052226498076,0.0,0.0,0.001319721846955319,0.004478316882431023,1.0,1.0,0.2877009963316863,0.17032893309915217,0.10289219227658675
2023-11-04,284,92,5856,5944,0.0021999465402859925,0.0029086797718733083,16,18,6,0,2.2442811609249866,0.032276729138714925,1,3,0,1,0.7607477870093023,1.6718418915053161,0.9929577464788732,0.36213991769547327,0.10142658468105205,0.10275871114414376,0.045714285714285714,0.053973013493253376,0.0018915510718789407,0.0,0.0009380863039399625,0.003298515667949423,0.0,0.00019805902158843335,0.0038735195405615566,0.0020047761391612387,0.6452346492880753,0.7613280352592949,0.20825829506223836,0.2709591831433351,0.09576111967550956
2023-11-05,268,16,5918,5950,0.0022677973465739286,0.024705030672025726,17,20,10,0,2.8259407914642964,0.034022659832888,1,23,0,13,0.7607477870093023,4.126838669058473,0.9366197183098591,0.04938271604938271,0.10251117389288807,0.10286363835089407,0.04857142857142857,0.05997001499250375,0.0031525851197982345,0.0,0.0009380863039399625,0.025288620120945574,0.0,0.0025747672806496337,0.004114514965140261,0.05706943882744113,0.8124627819527808,0.8025102126534509,0.20825829506223836,0.6688460436444665,0.11315748720118415
2023-11-06,309,165,5947,6081,0.002327651980273323,0.0028814457876553843,14,22,9,0,3.0662987402859567,0.035683266671016144,1,6,0,3,0.7607477870093023,1.568124569528359,1.0,0.6625514403292181,0.10301848175003718,0.10515454903160933,0.04,0.06596701649175413,0.0028373266078184113,0.0,0.0009380863039399625,0.006597031335898846,0.0,0.0005941770647653001,0.004327109238525528,0.0019359742483544874,0.881566100873671,0.8416798117778492,0.20825829506223836,0.2541494830254689,0.12023115730765463
2023-11-07,267,114,5997,6036,0.0022984660717772615,0.0029940601773464862,15,22,10,0,3.1187994195460753,0.035683266671016144,1,1,0,0,0.7607477870093023,0.7607477870093023,0.9330985915492958,0.45267489711934156,0.10389315046925977,0.10436759498098194,0.04285714285714286,0.06596701649175413,0.0031525851197982345,0.0,0.0009380863039399625,0.0010995052226498076,0.0,0.0,0.004223445468048358,0.0022204747783098784,0.8966601354178216,0.8416798117778492,0.20825829506223836,0.12329610831831761,0.1218807216870843
2023-11-08,168,88,5929,6024,0.0025020660839018376,0.0035011898964721396,13,22,11,0,3.6111855593755,0.035683266671016144,1,1,0,0,0.7607477870093023,0.7607477870093023,0.5845070422535211,0.345679012345679,0.10270360101111704,0.10415774056748131,0.037142857142857144,0.06596701649175413,0.0034678436317780582,0.0,0.0009380863039399625,0.0010995052226498076,0.0,0.0,0.004946600785583848,0.003501649184556979,1.0,0.8416798117778492,0.20825829506223836,0.12329610831831761,0.13207078520619525
2023-11-09,262,71,5832,6007,0.002244413113671219,0.003525404272199142,20,18,7,0,2.558084280306114,0.032276729138714925,1,1,0,0,0.7607477870093023,0.7607477870093023,0.9154929577464789,0.2757201646090535,0.10100674369582521,0.10386044681502207,0.05714285714285714,0.053973013493253376,0.0022068095838587644,0.0,0.0009380863039399625,0.0010995052226498076,0.0,0.0,0.004031457836638048,0.003562822563427721,0.7354535796095927,0.7613280352592949,0.20825829506223836,0.12329610831831761,0.10488602666942312
2023-11-10,273,43,5965,6047,0.00224329923081953,0.006314352461800376,21,20,9,0,2.9019383631894886,0.034022659832888,1,1,0,0,0.7607477870093023,0.7607477870093023,0.954225352112676,0.16049382716049382,0.1033333624889573,0.10455996152669086,0.06,0.05997001499250375,0.0028373266078184113,0.0,0.0009380863039399625,0.0010995052226498076,0.0,0.0,0.0040275014994114195,0.010608611650738063,0.8343122130279137,0.8025102126534509,0.20825829506223836,0.12329610831831761,0.1154645966801771
2023-11-11,300,155,5995,5992,0.002278195979710151,0.003039776802706072,22,24,10,0,2.789528035491889,0.0372699565135954,1,1,0,0,0.7607477870093023,0.7607477870093023,1.0,0.6213991769547325,0.10385816372049086,0.10359812879814628,0.06285714285714286,0.07196401799100449,0.0031525851197982345,0.0,0.0009380863039399625,0.0010995052226498076,0.0,0.0,0.004151449279480864,0.0023359698245313284,0.801994052705067,0.8791058921971256,0.20825829506223836,0.12329610831831761,0.11232656963834312
2023-11-12,240,69,5878,5885,0.0023545426508998577,0.004132761522587344,15,24,11,0,3.3470189669443546,0.0372699565135954,1,1,0,0,0.7607477870093023,0.7607477870093023,0.8380281690140845,0.2674897119341564,0.10181143891750999,0.1017269269444323,0.04285714285714286,0.07196401799100449,0.0034678436317780582,0.0,0.0009380863039399625,0.0010995052226498076,0.0,0.0,0.004422620683995264,0.005097204271499489,0.9622736432928869,0.8791058921971256,0.20825829506223836,0.12329610831831761,0.1278504367493782
2023-11-13,278,50,5892,5911,0.0022703716092527314,0.00565395449963523,28,22,9,0,2.9118749868857967,0.035683266671016144,1,1,0,0,0.7607477870093023,0.7607477870093023,0.971830985915493,0.18930041152263374,0.10205634615889232,0.102181611507017,0.08,0.06596701649175413,0.0028373266078184113,0.0,0.0009380863039399625,0.0010995052226498076,0.0,0.0,0.004123658342517715,0.00894023187500244,0.8371690092339436,0.8416798117778492,0.20825829506223836,0.12329610831831761,0.11526184587495501
2023-11-14,244,10,5858,5840,0.002084352099280397,0.05533730666501587,25,60,8,11,2.5405605696089197,0.058928975439194856,1,26,0,15,0.7607477870093023,5.7575084950343784,0.852112676056338,0.024691358024691357,0.10146157142982096,0.10093997289380492,0.07142857142857142,0.17991004497751126,0.0025220680958385876,0.0034444966337873807,0.0009380863039399625,0.028587135788894998,0.0,0.0029708853238265003,0.0034629462119136626,0.13445651855721835,0.7304154829919347,1.0,0.20825829506223836,0.933132377339025,0.10489674297035292
2023-11-15,154,8,5847,5880,0.002217345291857465,0.03743398357462569,13,18,7,0,2.4766718776188394,0.03398683453972167,1,1,0,0,0.8010516701400014,0.8010516701400014,0.5352112676056338,0.01646090534979424,0.10126914431159198,0.1016394876054737,0.037142857142857144,0.053973013493253376,0.0022068095838587644,0.0,0.0009380863039399625,0.0010995052226498076,0.0,0.0,0.003935317177929529,0.08922690872538479,0.7120473754270594,0.8016651827886933,0.2192916731785055,0.12982824948913474,0.10237098342043288
2023-11-15,31,12,27,24,0.0009729115885479896,0.0026278755910055978,2,18,2,3,4.137681947402185,0.1031116587783307,0,0,0,0,0.0,0.0,0.10211267605633803,0.03292181069958848,0.0,0.0,0.005714285714285714,0.053973013493253376,0.0006305170239596469,0.0009394081728511038,0.0,0.0,0.0,0.0,0.0,0.0012953735620155802,1.0,1.0,0.0,0.0,0.10029854048191758
2023-11-16,298,12,5793,5994,0.002498891792382789,0.010432029663132676,13,24,9,0,3.049096727106237,0.0372699565135954,1,1,0,0,0.7607477870093023,0.7607477870093023,1.0,0.03292181069958848,0.10032450209483158,0.10363310453372973,0.037142857142857144,0.07196401799100449,0.0028373266078184113,0.0,0.0009380863039399625,0.0010995052226498076,0.0,0.0,0.004935326199853454,0.021011201845273695,0.8766204928392076,0.8791058921971256,0.20825829506223836,0.12329610831831761,0.11904635811820732
2023-11-17,253,9,5846,5854,0.0020870748576098603,0.014473425266452603,13,20,8,0,3.4788915268257474,0.034022659832888,1,1,0,0,0.7607477870093023,0.7607477870093023,0.8838028169014085,0.0205761316872428,0.10125165093720753,0.101184803042889,0.037142857142857144,0.05997001499250375,0.0025220680958385876,0.0,0.0009380863039399625,0.0010995052226498076,0.0,0.0,0.00347261702255738,0.031221079943958233,1.0,0.8025102126534509,0.20825829506223836,0.12329610831831761,0.13117295836681792
2023-11-18,263,7,5801,5824,0.0021382381581617023,0.011973737344636437,15,16,7,0,2.9276405254722166,0.030430792064675676,1,1,0,0,0.7607477870093023,0.7607477870093023,0.9190140845070423,0.012345679012345678,0.1004644490899072,0.10066016700913741,0.04285714285714286,0.047976011994003,0.0022068095838587644,0.0,0.0009380863039399625,0.0010995052226498076,0.0,0.0,0.0036543410434483636,0.024906056256217366,0.8417016283806701,0.7177869552523711,0.20825829506223836,0.12329610831831761,0.1150634888050993
2023-11-19,208,22,5885,5892,0.002092675512985208,0.005965904490816736,15,28,12,0,3.770000779036489,0.04025615400092481,1,1,0,0,0.7607477870093023,0.7607477870093023,0.7253521126760564,0.07407407407407407,0.10193389253820116,0.10184934201897433,0.04285714285714286,0.08395802098950525,0.0037831021437578815,0.0,0.0009380863039399625,0.0010995052226498076,0.0,0.0,0.003492509672238994,0.009728318886388435,1.0,0.9495428889620109,0.20825829506223836,0.12329610831831761,0.1316921137290891
2023-11-20,300,193,5755,5851,0.0021584689032326096,0.002542290884527912,6,16,5,0,2.2998752420362973,0.030430792064675676,1,1,0,0,0.7607477870093023,0.7607477870093023,1.0,0.7777777777777778,0.09965975386822241,0.10113233943951384,0.017142857142857144,0.047976011994003,0.0015762925598991173,0.0,0.0009380863039399625,0.0010995052226498076,0.0,0.0,0.003726197477655155,0.0010791587921645286,0.6612180421235634,0.7177869552523711,0.20825829506223836,0.12329610831831761,0.09674737194380975
2023-11-21,297,6,5909,5823,0.002092680308980724,0.02728869372892191,26,30,7,3,2.2532770471181114,0.04175495769516834,94,115,1567,377,1.8654781600556793,2.833129489228151,1.0,0.00823045267489712,0.102353733523428,0.1006426791413457,0.07428571428571429,0.08995502248875563,0.0022068095838587644,0.0009394081728511038,0.08818011257035648,0.12644310060472788,0.28145487202514596,0.07466825113883938,0.0034925267068630288,0.06359661098483027,0.6478209818625839,0.9848959529876067,0.5106834455823224,0.45917168127026387,0.12806325252177064
2023-11-22,281,12,5859,5965,0.002220860931849145,0.011647649580923207,15,26,12,0,3.3512574545882297,0.03879180063796644,245,224,1830,600,1.654222960488123,3.0716017291771593,0.9823943661971831,0.03292181069958848,0.1014790648042054,0.10312595636776986,0.04285714285714286,0.07796101949025487,0.0037831021437578815,0.0,0.2298311444652908,0.2462891698735569,0.3286933093848226,0.11883541295306001,0.00394780417990951,0.024082252638910076,0.963492215696391,0.9150024228585479,0.452851338231829,0.4978214146375529,0.16691189749832738
2023-11-23,274,30,5800,5785,0.0020920169519510427,0.004799609942314017,12,24,8,0,2.8502394118698273,0.0372699565135954,213,175,1781,573,1.3042668227793066,2.6116235589284846,0.9577464788732394,0.10699588477366255,0.10044695571552274,0.09997814016526035,0.03428571428571429,0.07196401799100449,0.0025220680958385876,0.0,0.199812382739212,0.19241341396371633,0.31989223170184106,0.11348781937017231,0.0034901705667114017,0.006781879998398571,0.8194486766296691,0.8791058921971256,0.3570491948272202,0.4232717159443793,0.15050071251358543
2023-11-24,222,14,6066,6109,0.002081992427357609,0.014330699556252236,15,26,10,0,3.4965251755248774,0.03879180063796644,310,196,1931,603,17.923096357351888,2.7679860086376165,0.7746478873239436,0.0411522633744856,0.10510019330178695,0.10564420932977747,0.04285714285714286,0.07796101949025487,0.0031525851197982345,0.0,0.29080675422138835,0.21550302363936227,0.3468343062415806,0.11942959001782531,0.003454565027252635,0.030860508437051844,1.0,0.9150024228585479,1.0,0.4486137305587693,0.17320024424969668
2023-11-25,271,125,5903,5964,0.0022991874281510618,0.0029941083550328058,26,16,7,0,1.8811849018719713,0.030430792064675676,170,190,2549,471,11.660932246262336,2.0464591671486785,0.9471830985915493,0.49794238683127573,0.10224877327712129,0.10310846849997814,0.07428571428571429,0.047976011994003,0.0022068095838587644,0.0,0.15947467166979362,0.20890599230346343,0.45783565334530757,0.0932857991681521,0.0042260076127757,0.0022205964907955345,0.5408438575071897,0.7177869552523711,1.0,0.33167424927217326,0.1360558453256829
2023-11-26,17,28,3707,3732,0.002964579438436762,0.002821367632964248,0,0,0,0,0.0,0.0,0,0,0,0,0.0,0.0,0.0528169014084507,0.09876543209876543,0.06383332312886494,0.06407554758886023,0.0,0.0,0.0,0.0,0.0,0.0,0.0,0.0,0.006589375696414684,0.0017841973138503454,0.0,0.0,0.0,0.0,0.019503688169479748
2023-11-26,204,93,2231,2305,0.0020499544065137854,0.003735700659800276,14,22,8,0,3.3448021016941833,0.04339258933633575,258,156,2216,564,26.43809382752407,2.819090393180655,0.7112676056338029,0.3662551440329218,0.038013102537413954,0.03912036025007651,0.04,0.06596701649175413,0.0025220680958385876,0.0,0.24202626641651032,0.17152281473336997,0.3980242478670858,0.11170528817587641,0.003340771000942127,0.004094099551069686,0.9616362907645505,1.0,1.0,0.45689633333429647,0.15386353037845465
2023-11-27,270,110,5903,5953,0.0022959209912847504,0.002897521091341926,16,26,13,0,3.0187344799405564,0.03879180063796644,316,186,1634,559,20.992249224661695,2.893195480019883,0.9436619718309859,0.43621399176954734,0.10224877327712129,0.10291610195426923,0.045714285714285714,0.07796101949025487,0.004098360655737705,0.0,0.2964352720450281,0.2045079714128642,0.2934889986528963,0.11071499306793424,0.004214405741220694,0.0019765856873593937,0.867891295159951,0.9150024228585479,1.0,0.4689067117670583,0.15365045433652808
2023-11-28,264,131,5945,5943,0.002277927221060087,0.00328565391444552,16,22,9,0,3.0454806213520738,0.035683266671016144,329,157,416,544,15.268391972150994,2.8209971935506393,0.9225352112676056,0.522633744855967,0.10298349500126827,0.10274122327635203,0.045714285714285714,0.06596701649175413,0.0028373266078184113,0.0,0.30863039399624764,0.1726223199560198,0.07471935339021105,0.10774410774410774,0.004150494690898578,0.0029571352793693008,0.8755808562871126,0.8416798117778492,1.0,0.45720537276756684,0.13220490406932614
2023-11-29,135,13,5920,5930,0.002293339449819441,0.04463189740351223,19,30,10,0,3.377455781543816,0.04166907814143019,218,144,534,539,19.58822136546964,3.1031102941527253,0.46830985915492956,0.037037037037037035,0.10254616064165697,0.10251388099505968,0.054285714285714284,0.08995502248875563,0.0031525851197982345,0.0,0.2045028142589118,0.1583287520615723,0.09591378536147284,0.10675381263616558,0.004205236510734919,0.1074111772234741,0.9710242792361282,0.9828702671866875,1.0,0.5029280787731853,0.14379052542489207
2023-11-30,239,51,5864,5877,0.002049659684709457,0.0035078170491781068,14,20,8,0,3.2190799583082663,0.034022659832888,9,144,12,534,1.3763850849634893,2.3523010438962793,0.8345070422535211,0.1934156378600823,0.10156653167612767,0.10158702400209854,0.04,0.05997001499250375,0.0025220680958385876,0.0,0.008442776735459663,0.1583287520615723,0.0021553659631791647,0.10576351752822341,0.0033397241953070493,0.0035183915250528485,0.9254909607997776,0.8025102126534509,0.3767919092745062,0.3812427315046278,0.12932232052186723
2023-12-01,244,10,5890,5897,0.00220977705276956,0.03898770679001252,14,22,10,0,3.263198271347181,0.035683266671016144,11,130,5,525,1.9384193015688402,2.5449157366274084,0.852112676056338,0.024691358024691357,0.10202135941012341,0.10193678135793294,0.04,0.06596701649175413,0.0031525851197982345,0.0,0.010318949343339587,0.14293567894447498,0.000898069151324652,0.10398098633392751,0.003908435979428177,0.0931521182780364,0.9381750508043977,0.8416798117778492,0.5306514271273526,0.4124602288463406,0.13068787940900756
2023-12-02,264,12,5860,5861,0.002221005914977862,0.015544936480387609,15,20,9,0,3.0123252936936478,0.034022659832888,91,152,115,458,6.571935077418861,2.513449731604371,0.9225352112676056,0.03292181069958848,0.10149655817858987,0.10130721811743103,0.04285714285714286,0.05997001499250375,0.0028373266078184113,0.0,0.08536585365853659,0.16712479384277076,0.020655590480466997,0.09071103188750247,0.003948319137248611,0.03392806533946441,0.8660486432176508,0.8025102126534509,1.0,0.40736046249813074,0.12454275602046502
2023-12-03,204,106,5915,5913,0.002394201686509669,0.0034882886687397146,13,22,13,0,3.8802702973535177,0.035683266671016144,97,171,146,519,8.622007772622746,2.6512372672383235,0.7112676056338029,0.41975308641975306,0.10245869376973471,0.10221658724260045,0.037142857142857144,0.06596701649175413,0.004098360655737705,0.0,0.09099437148217636,0.1880153930731171,0.026223619218679838,0.10279263220439691,0.004563483359740175,0.0034690564924772377,1.0,0.8416798117778492,1.0,0.42969199892655036,0.13972815534221625
2023-12-04,232,20,5910,5898,0.002283877446425073,0.01972230819758722,16,26,13,0,3.823594788050726,0.03879180063796644,180,159,217,560,16.953926112241405,3.0099821673835634,0.8098591549295775,0.06584362139917696,0.10237122689781246,0.10195426922572465,0.045714285714285714,0.07796101949025487,0.004098360655737705,0.0,0.16885553470919323,0.17482133040131942,0.0389762011674899,0.11091305208952268,0.004171628958369011,0.044481463272214174,1.0,0.9150024228585479,1.0,0.4878345933872434,0.14134611663521296
2023-12-05,301,155,5893,5911,0.002268847391005564,0.0026758732342218924,12,20,7,0,2.7783643777845772,0.034022659832888,114,142,97,475,10.230422251131913,2.187725909736593,1.0,0.6213991769547325,0.10207383953327677,0.102181611507017,0.03428571428571429,0.05997001499250375,0.0022068095838587644,0.0,0.10694183864915573,0.1561297416162727,0.01742254153569825,0.09407803525450584,0.004118244558309051,0.001416631200307648,0.7987844821347821,0.8025102126534509,1.0,0.35456966861262074,0.11771514781101054
2023-12-06,277,15,5897,5893,0.0019506623542743513,0.007616901781177659,15,20,8,0,3.008233891866111,0.034022659832888,36,122,85,452,4.760343443002692,2.6577601866911937,0.9683098591549296,0.04526748971193416,0.10214381303081457,0.10186682988676606,0.04285714285714286,0.05997001499250375,0.0025220680958385876,0.0,0.03377110694183865,0.13413963716327654,0.015267175572519083,0.08952267775797187,0.0029881012008930773,0.013899274350881004,0.8648723582364058,0.8025102126534509,1.0,0.43074918318281286,0.12388545494763492
2023-12-07,285,7,5768,5877,0.0019858331046816425,0.027056719381123723,11,20,7,0,2.7119817768123675,0.034022659832888,1,151,0,463,0.7607477870093023,2.557685455573535,0.9964788732394366,0.012345679012345678,0.09988716773522029,0.10158702400209854,0.03142857142857143,0.05997001499250375,0.0022068095838587644,0.0,0.0009380863039399625,0.16602528862012095,0.0,0.09170132699544464,0.003113022191384885,0.06301056842787402,0.779699371497628,0.8025102126534509,0.20825829506223836,0.4145298459747265,0.11339849295232289
2023-12-08,85,82,50,44,0.0014260102293829383,0.00224229221933185,3,12,4,0,4.24412546429089,0.05268024431046752,0,48,0,297,0.0,3.4260473549945862,0.29225352112676056,0.32098765432098764,0.0,0.0,0.008571428571428572,0.035982008995502246,0.0012610340479192938,0.0,0.0,0.052776250687190766,0.0,0.058823529411764705,0.0011246191214353716,0.0003212647124798484,1.0,1.0,0.0,0.5552672160187734,0.10331266593863983
2023-12-08,157,85,5861,5765,0.0024508746795922414,0.0033309388767047894,12,10,4,0,2.7081890253144016,0.027786355137184852,1,80,0,225,0.8786477823466476,1.9241973328876776,0.545774647887324,0.3333333333333333,0.10151405155297431,0.09962838280942596,0.03428571428571429,0.029985007496251874,0.0012610340479192938,0.0,0.0009380863039399625,0.0879604178119846,0.0,0.044563279857397504,0.004764776944552135,0.0030715398043781503,0.7786089489938727,0.6554112429637662,0.24053397490789152,0.31185899825514174,0.11090820484300204
2023-12-09,286,15,5794,5924,0.0022484746549579658,0.005373177518188109,10,22,8,0,3.2175755333867095,0.035683266671016144,1,153,0,520,0.7607477870093023,2.656629266393351,1.0,0.04526748971193416,0.10034199546921603,0.10240895378830936,0.02857142857142857,0.06596701649175413,0.0025220680958385876,0.0,0.0009380863039399625,0.16822429906542055,0.0,0.10299069122598534,0.004045883794417971,0.008230898012428637,0.925058436077144,0.8416798117778492,0.20825829506223836,0.43056589238141546,0.12879748385536838
2023-12-10,242,93,5902,5894,0.002357581883911433,0.003761407916123378,26,24,9,0,2.9676435622992,0.0372699565135954,76,128,62,525,9.433745696690048,2.517329086993009,0.8450704225352113,0.3662551440329218,0.10223127990273684,0.10188431775455778,0.07428571428571429,0.07196401799100449,0.0028373266078184113,0.0,0.07129455909943715,0.14073666849917538,0.011136057476425685,0.10398098633392751,0.004433415563084982,0.004159044431272678,0.8532025694779426,0.8791058921971256,1.0,0.40798919836877073,0.12319860219824522
2023-12-11,270,14,5789,5857,0.0022072655343163133,0.020554501185243518,29,22,11,0,2.6276147874533575,0.03568429933728764,81,116,84,470,9.547599709043732,2.64889304137753,0.9436619718309859,0.0411522633744856,0.10025452859729378,0.10123726664626416,0.08285714285714285,0.06596701649175413,0.0034678436317780582,0.0,0.07598499061913697,0.12754260582737767,0.015087561742254153,0.09308774014656368,0.0038995154597012793,0.04658385308814091,0.755443718623852,0.8417041698154984,1.0,0.42931206495817004,0.11294408410895355
2023-12-12,304,115,5836,5864,0.002232682947474176,0.002863140959602537,28,20,7,0,2.4915321077894883,0.034022659832888,63,137,72,502,10.675938129861997,2.26406999655218,1.0,0.4567901234567901,0.10107671719336302,0.10135968172080619,0.08,0.05997001499250375,0.0022068095838587644,0.0,0.05909943714821764,0.15063221550302364,0.012932195779074989,0.09942562883739355,0.003989794125656655,0.0018897303065628383,0.716319716865129,0.8025102126534509,1.0,0.36694292681752766,0.10899897641929084
2023-12-13,207,12,5929,5873,0.001973144570954932,0.020583083203875172,37,22,11,0,2.492185708778858,0.035683266671016144,55,133,46,530,8.15403287624838,3.0492136409555273,0.721830985915493,0.03292181069958848,0.10270360101111704,0.10151707253093166,0.10571428571428572,0.06596701649175413,0.0034678436317780582,0.0,0.051594746716697934,0.1462341946124244,0.008262236192186799,0.10497128144186968,0.003067954509215078,0.046656060551771496,0.7165076282607655,0.8416798117778492,1.0,0.49419292672401444,0.10943833660611058
2023-12-14,258,13,5957,5934,0.002377858678592597,0.02023346821588259,18,26,11,0,3.852812092338839,0.03879180063796644,135,150,286,502,14.743976071444807,2.7988936925408248,0.9014084507042254,0.037037037037037035,0.1031934154938817,0.10258383246622656,0.05142857142857143,0.07796101949025487,0.0034678436317780582,0.0,0.12664165103189493,0.16492578339747113,0.05136955545577009,0.09942562883739355,0.00450543555828659,0.04577281952336412,1.0,0.9150024228585479,1.0,0.4536230085448145,0.14209753601870453
2023-12-15,213,70,5880,5952,0.002247098428902514,0.004336837668533153,13,28,11,0,3.5421842916872746,0.04025615400092481,151,143,379,555,15.02651613055617,2.4466344096025616,0.7429577464788732,0.2716049382716049,0.1018464256662789,0.1028986140864775,0.037142857142857144,0.08395802098950525,0.0034678436317780582,0.0,0.14165103189493433,0.15722924683892248,0.06807364167040862,0.10992275698158051,0.004040995655268343,0.005612766908140266,1.0,0.9495428889620109,1.0,0.3965315526813249,0.14403165924873138
2023-12-16,255,11,5824,5878,0.0022664828993514984,0.01472545835701884,12,22,10,0,3.2972549811601213,0.035683266671016144,79,145,56,442,9.413857063916733,2.5695583050497506,0.8908450704225352,0.02880658436213992,0.10086679670074959,0.10160451186989027,0.03428571428571429,0.06596701649175413,0.0031525851197982345,0.0,0.07410881801125703,0.1594282572842221,0.010058374494836103,0.08754208754208755,0.004109846254718286,0.03185779740101741,0.9479664127757298,0.8416798117778492,1.0,0.41645410544687217,0.1315070322239854
2023-12-17,311,9,5855,5884,0.0018764086373217368,0.01612500095881707,15,20,7,0,2.838504877663197,0.034022659832888,203,138,999,474,17.547731409154807,2.5458184764948046,1.0,0.0205761316872428,0.1014090913066676,0.10170943907664058,0.04285714285714286,0.05997001499250375,0.0022068095838587644,0.0,0.1904315196998124,0.15173172072567345,0.17943421643466548,0.09387997623291741,0.002724363641642821,0.03539349663979954,0.8160749780952782,0.8025102126534509,1.0,0.4126065379311311,0.13538560101168468
2023-12-18,236,38,5908,5932,0.002334472236313661,0.004609771163678981,13,24,11,0,3.6564558720669833,0.0372699565135954,100,155,145,475,11.000257483136744,2.9138280112748567,0.823943661971831,0.13991769547325103,0.10233624014904355,0.10254885673064312,0.037142857142857144,0.07196401799100449,0.0034678436317780582,0.0,0.09380863039399624,0.17042330951072018,0.026044005388414906,0.09407803525450584,0.004351333718529519,0.0063022855764432815,1.0,0.8791058921971256,1.0,0.4722506726065569,0.13911496359831083
2023-12-19,29,11,2073,1995,0.002464225692596363,0.002896529579632993,0,0,0,0,0.0,0.0,0,0,0,0,0.0,0.0,0.09507042253521127,0.02880658436213992,0.03524914938467055,0.03369912123464346,0.0,0.0,0.0,0.0,0.0,0.0,0.0,0.0,0.004812197649235142,0.001974080806700518,0.0,0.0,0.0,0.0,0.010660351882860216
2023-12-19,253,99,3882,3848,0.0021794610722540107,0.0030363142889579826,12,22,12,0,4.1547366231065475,0.03929887459459296,15,155,7,522,4.768008222833915,3.083738378436891,0.8838028169014085,0.39094650205761317,0.06689466364614402,0.06610414025269969,0.03428571428571429,0.06596701649175413,0.0037831021437578815,0.0,0.014071294559099437,0.17042330951072018,0.0012572968118545128,0.10338680926916222,0.0038007583703389015,0.002327222390042616,1.0,0.92696304059867,1.0,0.4997884287351319,0.12642023035359876
2023-12-20,237,11,5891,5910,0.0022045439129820296,0.01697027707970055,15,26,10,0,3.0118226473461354,0.03879180063796644,1,116,0,521,0.7607477870093023,2.8145568256934683,0.8274647887323944,0.02880658436213992,0.10203885278450786,0.1021641236392253,0.04285714285714286,0.07796101949025487,0.0031525851197982345,0.0,0.0009380863039399625,0.12754260582737767,0.0,0.10318875024757378,0.0038898486874861526,0.03752893870017585,0.8659041315381876,0.9150024228585479,0.20825829506223836,0.45616156783446377,0.12335667230134542
2023-12-21,274,9,5872,5882,0.002154983338073848,0.006976906736604387,12,16,6,0,2.7301360251768876,0.030430792064675676,1,125,0,404,0.7607477870093023,2.253258740281069,0.9577464788732394,0.0205761316872428,0.10170647867120328,0.10167446334105715,0.03428571428571429,0.047976011994003,0.0018915510718789407,0.0,0.0009380863039399625,0.13743815283122596,0.0,0.08001584472172707,0.0037138172967658115,0.012282438972654852,0.7849187487666249,0.7177869552523711,0.20825829506223836,0.3651907221486186,0.11365998781390324
2023-12-22,236,138,5809,5803,0.002204138406168405,0.002715618750482706,14,22,8,0,3.063753717819147,0.035683266671016144,96,131,313,492,9.511613235437283,2.462946379760414,0.823943661971831,0.551440329218107,0.10060439608498281,0.1002929217855113,0.04,0.06596701649175413,0.0025220680958385876,0.0,0.0900562851782364,0.1440351841671248,0.05621912887292321,0.0974450386215092,0.0038884083908697154,0.0015170412852938432,0.8808344025876481,0.8416798117778492,1.0,0.39917527044667556,0.12955271391618342
2023-12-23,265,10,5927,5827,0.0021826893545985816,0.02607112578409089,12,18,9,0,3.357521602970428,0.032276729138714925,188,139,1859,438,17.19260262033647,2.4703844469703533,0.926056338028169,0.024691358024691357,0.10266861426234813,0.10071263061251257,0.03428571428571429,0.053973013493253376,0.0028373266078184113,0.0,0.17636022514071295,0.15283122594832327,0.3339021104625056,0.08674985145573381,0.0038122247230155115,0.06052063884209359,0.9652931690060068,0.7613280352592949,1.0,0.4003807747623712,0.1657619493214642
2023-12-24,243,105,5768,5798,0.0020709149506793296,0.002840905415319246,8,18,8,0,2.5878705182527315,0.032276729138714925,204,144,2469,500,18.076594949746312,2.4640686106010707,0.8485915492957746,0.4156378600823045,0.09988716773522029,0.10020548244655271,0.022857142857142857,0.053973013493253376,0.0025220680958385876,0.0,0.19136960600375236,0.1583287520615723,0.44346654692411314,0.09902951079421668,0.00341521956709681,0.0018335560987214163,0.7440171736590904,0.7613280352592949,1.0,0.3993571529281636,0.154499107392045
2023-12-25,223,25,5941,5821,0.0020885664390041486,0.00946841274694093,31,26,11,0,2.859723139456458,0.03879180063796644,225,162,4106,567,16.57259323257209,2.552052718285501,0.778169014084507,0.08641975308641975,0.10291352150373047,0.10060770340576225,0.08857142857142856,0.07796101949025487,0.0034678436317780582,0.0,0.21106941838649157,0.17811984606926884,0.7374943870678042,0.11229946524064172,0.003477914885782244,0.018576792494190624,0.8221752644341942,0.9150024228585479,1.0,0.41361693554809964,0.1932662697057879
2023-12-26,263,99,5857,5854,0.0022626008916227613,0.0030399385998293323,19,22,10,0,3.3282712203355698,0.035683266671016144,190,134,843,488,16.387640604553845,2.494316053211845,0.9190140845070423,0.39094650205761317,0.10144407805543651,0.101184803042889,0.054285714285714284,0.06596701649175413,0.0031525851197982345,0.0,0.17823639774859287,0.14733369983507422,0.15141445891333633,0.09665280253515547,0.004096057971984627,0.0023363785766227717,0.9568836342696523,0.8416798117778492,1.0,0.40425942411997523,0.14706269453898166
2023-12-27,251,118,5898,5911,0.002271250397258852,0.0033205871926702086,21,22,9,0,2.7837195476983165,0.035683266671016144,123,123,177,513,11.30128976496084,2.7310935505157325,0.8767605633802817,0.4691358024691358,0.10216130640519903,0.102181611507017,0.06,0.06596701649175413,0.0028373266078184113,0.0,0.11538461538461539,0.13523914238592633,0.03179164795689268,0.10160427807486631,0.004126779659716968,0.003045388087871519,0.8003241025893536,0.8416798117778492,1.0,0.44263448672737166,0.11985788202504992
2023-12-28,272,75,5872,5928,0.002176552516649545,0.0033299542745130104,19,20,7,0,2.7320821443347296,0.034022659832888,94,116,115,482,13.258356503547578,2.433899928104557,0.9507042253521126,0.29218106995884774,0.10170647867120328,0.10247890525947624,0.054285714285714284,0.05997001499250375,0.0022068095838587644,0.0,0.08818011257035648,0.12754260582737767,0.020655590480466997,0.09546444840562487,0.003790427636908346,0.0030690523794040885,0.7854782613331188,0.8025102126534509,1.0,0.3944676465655699,0.11671701763963822
2023-12-29,253,36,5793,5845,0.002154268630506724,0.005959650565790924,31,20,9,0,2.483548100306693,0.034022659832888,144,130,236,475,16.05935241662572,2.4836560010819144,0.8838028169014085,0.13168724279835392,0.10032450209483158,0.10102741223276351,0.08857142857142856,0.05997001499250375,0.0028373266078184113,0.0,0.1350844277673546,0.14293567894447498,0.04238886394252357,0.09407803525450584,0.0037112787675572163,0.009712519440251708,0.714024301140144,0.8025102126534509,1.0,0.40253172544699206,0.1114077555035672
2023-12-30,201,20,5878,5975,0.0023568831719651827,0.059490801439233,20,32,12,0,3.596792294369069,0.0430356388516199,112,147,104,556,10.533159045915479,3.4951877980374224,0.7007042253521126,0.06584362139917696,0.10181143891750999,0.10330083504568706,0.05714285714285714,0.095952023988006,0.0037831021437578815,0.0,0.1050656660412758,0.1616272677295217,0.01867983834755276,0.11012081600316895,0.004430933847813535,0.1449495955758215,1.0,1.0,1.0,0.5664729634427639,0.1392337181513146
2023-12-31,107,92,5814,5803,0.0025109206285402028,0.0025821445366849436,1,0,0,0,0.7935641736623149,0.0,1,57,0,27,0.9809580398286881,0.2539382548288522,0.36971830985915494,0.36213991769547327,0.10069186295690508,0.1002929217855113,0.002857142857142857,0.0,0.0,0.0,0.0009380863039399625,0.06267179769103903,0.0,0.0053475935828877,0.004978050739701096,0.0011798420635513755,0.2281510490733471,0.0,0.2685418904804778,0.0411563452542253,0.0534990518933963
2023-12-31,89,8,119,118,0.001643079630068484,0.018437171592389976,10,20,9,0,5.026966786474171,0.05389680556362955,0,89,0,421,0.0,3.838547533771268,0.30633802816901406,0.01646090534979424,0.0010670958374515652,0.0008743933895859747,0.02857142857142857,0.05997001499250375,0.0028373266078184113,0.0,0.0,0.09785596481583288,0.0,0.08338284808873044,0.001895615595069894,0.041234790744426396,1.0,1.0,0.0,0.6221220496341529,0.10527411334259354
2024-01-01,206,14,5943,5926,0.002176869612238054,0.01652874049064481,12,26,10,0,3.68362508433522,0.03879180063796644,1,140,0,529,0.7607477870093023,2.803716332024977,0.7183098591549296,0.0411522633744856,0.10294850825249936,0.1024439295238928,0.03428571428571429,0.07796101949025487,0.0031525851197982345,0.0,0.0009380863039399625,0.15393073117097306,0.0,0.10477322242028124,0.003791553910716508,0.036413473847721214,1.0,0.9150024228585479,0.20825829506223836,0.4544046245946696,0.1370504796993886
2024-01-02,237,13,5854,5924,0.002071542075319182,0.012429719641250569,15,20,7,0,3.050484746846877,0.034022659832888,3,155,1,490,1.059584975154656,2.407869810147104,0.8274647887323944,0.037037037037037035,0.10139159793228315,0.10240895378830936,0.04285714285714286,0.05997001499250375,0.0022068095838587644,0.0,0.0028142589118198874,0.17042330951072018,0.0001796138302649304,0.09704892057833234,0.0034174470154811907,0.0260580156585001,0.8770195508744263,0.8025102126534509,0.29006638490106385,0.3902488866847981,0.12381415221141207
2024-01-03,246,12,5906,5876,0.0022204894592321106,0.008907001525962743,14,22,12,0,3.237983719771915,0.035683266671016144,1,124,0,485,0.7607477870093023,2.6354502178440073,0.8591549295774648,0.03292181069958848,0.10230125340027464,0.10156953613430683,0.04,0.06596701649175413,0.0037831021437578815,0.0,0.0009380863039399625,0.13633864760857614,0.0,0.09605862547039018,0.003946484767422625,0.017158485381491173,0.9309258243590276,0.8416798117778492,0.20825829506223836,0.4271333562523464,0.1296558177772185
2024-01-04,263,126,5944,5976,0.0022151012601735955,0.0028230934244024178,12,22,10,0,3.301800051081337,0.035683266671016144,1,163,0,498,0.7607477870093023,2.6841201872193805,0.9190140845070423,0.5020576131687243,0.10296600162688382,0.10331832291347877,0.03428571428571429,0.06596701649175413,0.0031525851197982345,0.0,0.0009380863039399625,0.17921935129191863,0.0,0.09863339275103981,0.003927346729264155,0.0017885572236282928,0.9492731281051927,0.8416798117778492,0.20825829506223836,0.4350214078752712,0.1317685286812087
2024-01-05,260,9,5842,5870,0.002154769713668771,0.012482454191803273,12,18,6,0,2.906672607558609,0.032276729138714925,1,135,0,459,0.7607477870093023,2.3373986452275717,0.9084507042253521,0.0205761316872428,0.10118167743966973,0.1014646089275565,0.03428571428571429,0.053973013493253376,0.0018915510718789407,0.0,0.0009380863039399625,0.14843320505772403,0.0,0.09090909090909091,0.0037130585363763856,0.026191240263458284,0.8356733163327663,0.7613280352592949,0.20825829506223836,0.3788274661672378,0.11915412325420933
2024-01-06,203,60,5962,5991,0.0021237004276914136,0.004168217594830598,13,24,10,0,3.521504394444472,0.0372699565135954,102,152,97,505,9.734697089565428,2.4534874890738196,0.7077464788732394,0.23045267489711935,0.10328088236580395,0.10358064093035457,0.037142857142857144,0.07196401799100449,0.0031525851197982345,0.0,0.09568480300187618,0.16712479384277076,0.01742254153569825,0.10001980590215884,0.003602705304408946,0.005186777827516723,1.0,0.8791058921971256,1.0,0.3976422467158406,0.13872576656004404
2024-01-07,266,98,5846,5995,0.0021566297541549487,0.0028788815941432184,6,18,6,0,2.555127578738268,0.032276729138714925,281,148,798,465,22.805465240351193,2.283975956933399,0.9295774647887324,0.3868312757201646,0.10125165093720753,0.10365059240152144,0.017142857142857144,0.053973013493253376,0.0018915510718789407,0.0,0.26360225140712945,0.16272677295217153,0.14333183655141446,0.09209744503862151,0.003719665108519356,0.0019294962625915628,0.7346035228821227,0.7613280352592949,1.0,0.37016913067806273,0.12367266864627417
2024-01-08,252,71,5906,5960,0.0022453858958819926,0.0036964482094536018,9,20,7,0,2.72583209854065,0.034022659832888,254,134,1423,477,18.474689848134595,2.6147047448577,0.8802816901408451,0.2757201646090535,0.10230125340027464,0.10303851702881127,0.025714285714285714,0.05997001499250375,0.0022068095838587644,0.0,0.23827392120075047,0.14733369983507422,0.25559048046699595,0.0944741532976827,0.004034913006513453,0.003994935110749864,0.7836813625415631,0.8025102126534509,1.0,0.4237710906919167,0.14016844239496648
2024-01-09,257,85,5835,5931,0.0021000939944503805,0.0030714618373102057,10,22,9,0,3.2662273625027964,0.035683266671016144,96,140,152,473,8.424637924191494,2.6952277459020744,0.897887323943662,0.3333333333333333,0.10105922381897856,0.1025313688628514,0.02857142857142857,0.06596701649175413,0.0028373266078184113,0.0,0.0900562851782364,0.15393073117097306,0.027301302200269422,0.09368191721132897,0.003518858955147167,0.002416016514490376,0.9390459196614216,0.8416798117778492,1.0,0.4368216349437947,0.13266907429652836
2024-01-10,243,82,5856,5992,0.0024395304333062573,0.003847430441706884,27,22,10,0,3.0522421789591823,0.035683266671016144,1,139,0,500,0.7607477870093023,2.415842319702061,0.8485915492957746,0.32098765432098764,0.10142658468105205,0.10359812879814628,0.07714285714285714,0.06596701649175413,0.0031525851197982345,0.0,0.0009380863039399625,0.15283122594832327,0.0,0.09902951079421668,0.0047244839605805914,0.004376365274405945,0.8775248155945398,0.8416798117778492,0.20825829506223836,0.39154100927580976,0.12437345739316845
2024-01-11,0,5,310,325,0.002210823812128971,0.002413132754873563,0,0,0,0,0.0,0.0,0,0,0,0,0.0,0.0,0.0,0.00411522633744856,0.004408330344881876,0.0044943820224719105,0.0,0.0,0.0,0.0,0.0,0.0,0.0,0.0,0.0039121539045355435,0.000752863401002694,0.0,0.0,0.0,0.0,0.0015267119664503434
2024-01-11,272,205,5406,5528,0.0020899648872166393,0.0023700443719080425,39,8,2,0,1.3115343112337534,0.021818542458227765,14,74,7,277,3.1978101149088105,1.1744762842921839,0.9507042253521126,0.8271604938271605,0.0935545662080487,0.09548375814278844,0.11142857142857143,0.0239880059970015,0.0006305170239596469,0.0,0.013133208255159476,0.08136338647608576,0.0012572968118545128,0.05486234897999604,0.0034828819545491252,0.000644008148825449,0.37706834423072244,0.5146453344313502,0.8754156026950703,0.1903500182822268,0.06916674396286344
2024-01-12,71,54,5707,5704,0.002494745032254718,0.0025130601195794307,0,0,0,0,0.0,0.0,0,0,0,0,0.0,0.0,0.24295774647887325,0.205761316872428,0.09882007189776872,0.09856162287413107,0.0,0.0,0.0,0.0,0.0,0.0,0.0,0.0,0.004920597558111901,0.0010053123845992487,0.0,0.0,0.0,0.0,0.02986620654487245
2024-01-13,280,290,5790,5724,0.0020680945057969104,0.002094089688998406,1,0,0,0,0.637242156330686,0.0,236,4,3003,179,21.831464839685488,0.31805244842623676,0.9788732394366197,1.0,0.10027202197167823,0.09891138022996546,0.002857142857142857,0.0,0.0,0.0,0.22138836772983114,0.0043980208905992305,0.539380332285586,0.03545256486432957,0.0034052017891347476,0.0,0.18320820332606716,0.0,1.0,0.051547477103062414,0.10414728431117073
2024-01-14,457,335,5734,5655,0.0017326943573876816,0.0024835048824585456,1,0,0,0,0.637242156330686,0.0,201,4,5786,189,0.7792951383288813,0.32187825478441207,1.0,1.0,0.09929239300614892,0.09770471735233682,0.002857142857142857,0.0,0.0,0.0,0.18855534709193245,0.0043980208905992305,1.0,0.0374331550802139,0.0022139130544566767,0.0009306462549251164,0.18320820332606716,0.0,0.2133357199719064,0.05216753416165327,0.14993212407580372
2024-01-15,201,9,5943,5894,0.002284126223514106,0.028795042144611142,16,28,12,0,3.4081940828865203,0.04025615400092481,76,186,4881,621,3.9680729370968404,2.875742019814708,0.7007042253521126,0.0205761316872428,0.10294850825249936,0.10188431775455778,0.045714285714285714,0.08395802098950525,0.0037831021437578815,0.0,0.07129455909943715,0.2045079714128642,0.8766951055231252,0.12299465240641712,0.004172512575579728,0.06740213640424221,0.9798615931306122,0.9495428889620109,1.0,0.46607799013719126,0.22373793707636874
2024-01-16,254,22,5845,5826,0.002590468517435203,0.006049602711187609,12,22,8,0,3.429420830222707,0.035683266671016144,112,187,2883,554,2.0772086074524987,2.5366761666854263,0.8873239436619719,0.07407407407407407,0.10123415756282308,0.10069514274472086,0.03428571428571429,0.06596701649175413,0.0025220680958385876,0.0,0.1050656660412758,0.205607476635514,0.5178266726537943,0.10972469795999208,0.005260592367537267,0.00993976777952858,0.9859643190775457,0.8416798117778492,0.5686456542677711,0.4111248231765367,0.18707522650050684
2024-01-17,252,12,5822,5876,0.002242839391245701,0.015793854089964025,17,24,10,0,3.739026047855493,0.0372699565135954,224,251,2133,615,1.5035563004948524,2.718743024334506,0.8802816901408451,0.03292181069958848,0.10083180995198068,0.10156953613430683,0.04857142857142857,0.07196401799100449,0.0031525851197982345,0.0,0.2101313320825516,0.2759758108851017,0.38311629995509655,0.12180629827688651,0.004025868221350395,0.034556912079512184,1.0,0.8791058921971256,0.41160562937965617,0.44063280911511704,0.1757147002041979
2024-01-18,165,14,5901,5935,0.002980047565250707,0.01978953002212008,16,20,11,0,3.237840422026249,0.034022659832888,200,201,3005,532,1.6597156930993164,2.8228410538628594,0.573943661971831,0.0411522633744856,0.10221378652835239,0.10260132033401828,0.045714285714285714,0.05997001499250375,0.0034678436317780582,0.0,0.18761726078799248,0.22100054975261132,0.5397395599461159,0.10536739948504655,0.006644316057375829,0.04465128743728425,0.930884626013527,0.8025102126534509,0.45435499969279347,0.4575042113638289,0.18423285462010225
2024-01-19,289,27,5904,6030,0.0022249653835576177,0.005579774717638884,13,22,9,0,3.2684152168522838,0.035683266671016144,147,217,4399,590,2.061263117839512,2.7196283957528435,1.0,0.09465020576131687,0.10226626665150575,0.10426266777423163,0.037142857142857144,0.06596701649175413,0.0028373266078184113,0.0,0.1378986866791745,0.23859263331500824,0.7901212393354289,0.11685482273717568,0.003962382548778828,0.008752829649160574,0.9396749315064896,0.8416798117778492,0.5642805012729947,0.44077630325622585,0.2106093291081685
2024-01-20,222,18,6030,6038,0.0022589680392228295,0.010453264737436076,13,24,10,0,2.8469361852453576,0.0372699565135954,56,166,5404,531,2.9117269069045855,2.8848099517949013,0.7746478873239436,0.05761316872427984,0.10447043182394668,0.10440257071656538,0.037142857142857144,0.07196401799100449,0.0031525851197982345,0.0,0.0525328330206379,0.18251786695986805,0.9706331387516839,0.1051693404634581,0.0040831546499100445,0.0210648485409538,0.8184989933592894,0.8791058921971256,0.7970989750790809,0.4675476503093863,0.21649832768316118
2024-01-21,266,69,5935,6066,0.0022455850783543118,0.0037358364538139887,13,20,8,0,2.7633645329903636,0.034022659832888,31,118,5685,485,2.8110988072722156,2.683465225399786,0.9295774647887324,0.2674897119341564,0.10280856125742376,0.10489223101473352,0.037142857142857144,0.05997001499250375,0.0025220680958385876,0.0,0.029080675422138838,0.1297416162726773,1.0,0.09605862547039018,0.004035620471422293,0.004094442610859576,0.7944720012550777,0.8025102126534509,0.7695515581524062,0.4349152567370989,0.21613336479951611
2024-01-22,247,111,5974,6144,0.002177021231538278,0.0030726496665228536,18,22,9,0,3.2229962377011554,0.035683266671016144,58,108,5795,481,4.740256173931142,2.5500630484617828,0.8626760563380281,0.4403292181069959,0.10349080285841737,0.10625628470248764,0.05142857142857143,0.06596701649175413,0.0028373266078184113,0.0,0.054409005628517824,0.11874656404617923,1.0,0.09526638938403645,0.003792092438696215,0.002419017356935305,0.9266168977833342,0.8416798117778492,1.0,0.4132944652757019,0.22964773456335694
2024-01-23,243,17,5913,5988,0.0021786557026458,0.007524843455590389,13,18,7,0,2.4850798685437794,0.032276729138714925,141,152,4514,479,7.9837084240305405,2.327115189534945,0.8485915492957746,0.053497942386831275,0.10242370702096582,0.10352817732697941,0.037142857142857144,0.053973013493253376,0.0022068095838587644,0.0,0.13227016885553472,0.16712479384277076,0.8107768298158958,0.09487027134085958,0.0037978978237766413,0.013666705116272316,0.714464687112479,0.7613280352592949,1.0,0.37716080332757423,0.1888468216839251
2024-01-24,30,3,20,24,0.001152336205217591,0.008432413711389844,16,2,0,0,1.1651304726160927,0.049844478627922684,2,5,547,41,3.6094128340485794,3.93089770906754,0.09859154929577464,0.0,0.0,0.0,0.045714285714285714,0.005997001499250375,0.0,0.0,0.001876172607879925,0.005497526113249038,0.09824876515491693,0.008120419885125768,0.00015257190109722594,0.015959522397038493,0.33497699172569123,1.0,0.9880937885469359,0.6370894506716344,0.04373622527737197
2024-01-24,264,7,5905,6028,0.0023393897394746914,0.032616601829006955,9,18,8,0,2.730071804073265,0.03305797667903452,40,140,5005,468,3.2837277222192527,2.590402710711986,0.9225352112676056,0.012345679012345678,0.1022837600258902,0.10422769203864819,0.025714285714285714,0.053973013493253376,0.0025220680958385876,0.0,0.0375234521575985,0.15393073117097306,0.8989672204759767,0.09269162210338681,0.004368799918667664,0.07705663756034689,0.7849002850901505,0.7797557282379259,0.8989359529607502,0.4198324052490515,0.20474980989071798
2024-01-25,207,63,5931,5972,0.002122898170592223,0.004667605331371292,22,28,12,0,2.91747148971747,0.04025615400092481,55,177,5192,612,2.8732569024672885,3.183044962367051,0.721830985915493,0.24279835390946503,0.10273858775988594,0.1032483714423119,0.06285714285714286,0.08395802098950525,0.0037831021437578815,0.0,0.051594746716697934,0.19461242440901594,0.9325550067355186,0.12121212121212122,0.0035998558129906673,0.006448393470852903,0.8387780133127134,0.9495428889620109,0.7865676299053482,0.5158832705973868,0.2151922310882267
2024-01-26,237,15,5863,5836,0.002271016085540244,0.010768145907020538,15,20,10,0,3.161011491204546,0.034022659832888,31,144,5377,547,2.782235722630997,2.489085061976881,0.8274647887323944,0.04526748971193416,0.10154903830174321,0.10087002142263804,0.04285714285714286,0.05997001499250375,0.0031525851197982345,0.0,0.029080675422138838,0.1583287520615723,0.9657835653345308,0.10833828480887304,0.0041259474212337575,0.021860340661148024,0.9087961777847463,0.8025102126534509,0.7616501525876945,0.40341162558157423,0.22426614200599507
2024-01-27,234,73,5932,5990,0.0022167559856445403,0.0050586492163686115,27,28,11,0,3.024358355361147,0.04025615400092481,66,228,4136,629,3.046744634597921,2.7620493114724476,0.8169014084507042,0.2839506172839506,0.1027560811342704,0.10356315306256285,0.07714285714285714,0.08395802098950525,0.0034678436317780582,0.0,0.06191369606003752,0.25068719076415613,0.7428828019757522,0.12457912457912458,0.003933224054667471,0.007436297350834084,0.8695081689045709,0.9495428889620109,0.8340607148997553,0.4476515566698287,0.19943920696077677
2024-01-28,255,7,5787,5864,0.0020040989684958,0.016378769745797037,23,20,9,0,2.604468007517594,0.034022659832888,61,164,3474,488,2.3269657088573923,2.1641577538597865,0.8908450704225352,0.012345679012345678,0.10021954184852487,0.10135968172080619,0.06571428571428571,0.05997001499250375,0.0028373266078184113,0.0,0.05722326454033771,0.18031885651456844,0.6239784463403683,0.09665280253515547,0.0031778996754712073,0.03603459902982246,0.7487889800402758,0.8025102126534509,0.6370178388557148,0.35074992447472,0.17315748594233593
2024-01-29,283,70,5956,5883,0.0025678593235400524,0.0037269803258766594,23,20,8,0,2.772666409607116,0.034022659832888,178,195,1624,534,1.2955304992320094,2.4409488473103207,0.9894366197183099,0.2716049382716049,0.10317592211949723,0.10169195120884886,0.06571428571428571,0.05997001499250375,0.0025220680958385876,0.0,0.1669793621013133,0.21440351841671249,0.291692860350247,0.10576351752822341,0.005180288056059794,0.004072069154870212,0.7971463065965961,0.8025102126534509,0.3546575850478151,0.3956100807872159,0.14586600354264245
2024-01-30,227,14,5969,6061,0.0022928483121102974,0.0406085875355906,18,28,11,0,3.469881285232316,0.04025848411142373,209,206,1766,625,1.922307716766382,3.5529763723499723,0.7922535211267606,0.0411522633744856,0.10340333598649512,0.10480479167577493,0.05142857142857143,0.08395802098950525,0.0034678436317780582,0.0,0.19606003752345216,0.22649807586586038,0.3171980242478671,0.12378688849277085,0.004203492066604964,0.09724698956736588,0.9975967686799837,0.9495978504929782,0.5262408047910044,0.5758388879182224,0.16990710559357491
2024-01-31,212,12,6055,6068,0.001991980111427553,0.01288015183713525,13,22,9,0,3.478600220515238,0.035683266671016144,233,209,2257,567,1.6127796917573756,2.823035722044833,0.7394366197183099,0.03292181069958848,0.10490776618355797,0.10492720675031697,0.037142857142857144,0.06596701649175413,0.0028373266078184113,0.0,0.21857410881801126,0.2297965915338098,0.4053884149079479,0.11229946524064172,0.0031348553954640267,0.02719595370344861,1.0,0.8416798117778492,0.4415060479331849,0.4575357616748001,0.17849416308629798
2024-02-01,238,15,6074,6055,0.0026171838533407326,0.01655455656269688,13,26,11,0,3.7614443167826805,0.03879180063796644,228,224,3723,665,1.757205156589379,3.043349626334799,0.8309859154929577,0.04526748971193416,0.10524014029686256,0.10469986446902461,0.037142857142857144,0.07796101949025487,0.0034678436317780582,0.0,0.21388367729831145,0.2462891698735569,0.6687022900763359,0.13170924935630818,0.00535548105157138,0.03647869363180322,1.0,0.9150024228585479,0.4810432001708903,0.49324253265885415,0.2061084409422471
2024-02-02,255,8,5911,5923,0.0026274466404298644,0.020095765041611206,12,20,8,0,3.3668746705701,0.034022659832888,136,192,3426,564,2.1548884786817397,2.760861993644654,0.8908450704225352,0.01646090534979424,0.1023887202721969,0.10239146592051764,0.03428571428571429,0.05997001499250375,0.0025220680958385876,0.0,0.1275797373358349,0.21110500274876307,0.6153569824876516,0.11170528817587641,0.005391932862054079,0.045424936573732116,0.9679821918421451,0.8025102126534509,0.5899108854246751,0.4474591253936505,0.19553618615532697
2024-02-03,276,34,5907,5872,0.002586691606949366,0.004857732245394242,12,22,11,0,3.7388539686751843,0.035683266671016144,91,219,4525,581,2.9661374308695003,2.76371250098154,0.9647887323943662,0.12345679012345678,0.1023187467746591,0.10149958466313995,0.03428571428571429,0.06596701649175413,0.0034678436317780582,0.0,0.08536585365853659,0.24079164376030787,0.8127525819488101,0.11507229154287978,0.0052471773737306,0.006928715816395804,1.0,0.8416798117778492,0.8119941126632769,0.44792111354185477,0.21877190036990188
2024-02-04,56,50,5769,5770,0.0030283261552884006,0.0030558803950012157,5,6,2,0,1.819795442593809,0.023650290787040028,101,87,876,176,0.8226735445198609,1.5657920153331906,0.19014084507042253,0.18930041152263374,0.09990466110960473,0.09971582214838456,0.014285714285714285,0.017991004497751123,0.0006305170239596469,0.0,0.0947467166979362,0.09565695437053326,0.15734171531207902,0.034858387799564274,0.0068157940388580305,0.00237665272975082,0.5231942835959583,0.5578517371083614,0.22521076327813186,0.25377144071024055,0.10024745267547416
2024-02-04,126,51,65,110,0.0013228573598461607,0.0037830247046975406,6,16,7,0,4.267438697108996,0.04942793832630372,94,86,2865,390,2.4031605743996107,3.996944369382322,0.43661971830985913,0.1934156378600823,0.00012245362069116322,0.0007344904472522187,0.017142857142857144,0.047976011994003,0.0022068095838587644,0.0,0.08818011257035648,0.09455744914788346,0.5145936237090256,0.07724301841948901,0.0007582363037422035,0.004213655461196581,1.0,1.0,0.6578765427011786,0.6477937817565107,0.1560090672718923
2024-02-05,307,109,5863,5868,0.002529938691362023,0.003011959222574692,10,18,7,0,3.05431675245727,0.032276729138714925,153,210,3942,575,1.8777891028229985,2.7573327791501736,1.0,0.43209876543209874,0.10154903830174321,0.10142963319197307,0.02857142857142857,0.053973013493253376,0.0022068095838587644,0.0,0.14352720450281425,0.23089609675645958,0.7080377189043556,0.11388393741334918,0.005045599916713955,0.002265693580872216,0.8781212590022406,0.7613280352592949,0.5140536242343167,0.4468871376468302,0.1955668480326734
2024-02-06,265,14,5850,5871,0.0020016521826116368,0.012715828251511619,16,26,11,0,3.288552399496636,0.03879180063796644,55,169,5042,568,3.1217957123699103,2.710576331748474,0.926056338028169,0.0411522633744856,0.10132162443474534,0.10148209679534823,0.045714285714285714,0.07796101949025487,0.0034678436317780582,0.0,0.051594746716697934,0.1858163826278175,0.9056129321957791,0.11249752426223014,0.003169209075679293,0.026780818947381227,0.9454644057521422,0.9150024228585479,0.8546063014479903,0.43930921484263386,0.222170565936116
2024-02-07,383,92,5804,5637,0.0018358658199098662,0.00282214155348952,9,16,7,0,2.7347400361926506,0.030430792064675676,33,122,5899,467,3.4488712624342766,2.2244047610399242,1.0,0.36213991769547327,0.10051692921306056,0.09738993573208586,0.025714285714285714,0.047976011994003,0.0022068095838587644,0.0,0.03095684803001876,0.13413963716327654,1.0,0.09249356308179837,0.0025803619115185345,0.0017861524884970957,0.7862424097609764,0.7177869552523711,0.9441447760595711,0.36051429270553537,0.2137720190375489
2024-02-08,230,20,5863,5580,0.002042498409727449,0.010096082298474284,17,20,8,0,2.8310271798604854,0.034022659832888,46,167,5332,530,3.4407567252983156,2.4399807843739736,0.8028169014084507,0.06584362139917696,0.10154903830174321,0.09639312726795786,0.04857142857142857,0.05997001499250375,0.0025220680958385876,0.0,0.043151969981238276,0.18361737218251786,0.9577009429726089,0.10497128144186968,0.0033142884694957746,0.020162489673191647,0.8139251272640987,0.8025102126534509,0.9419233832431714,0.39545318464542356,0.21315652293034312
2024-02-09,316,16,5819,5842,0.0019603604764613877,0.04670758444293664,20,20,6,0,2.201372038633129,0.034022659832888,38,110,5554,502,3.1345815455507484,2.6722144323610073,1.0,0.04938271604938271,0.10077932982882733,0.10097494862938836,0.05714285714285714,0.05997001499250375,0.0018915510718789407,0.0,0.03564727954971857,0.12094557449147883,0.9975752132914234,0.09942562883739355,0.003022547410185899,0.11265503695008276,0.6328982036789899,0.8025102126534509,0.8581064835906943,0.4330918153536812,0.19889599910609432
2024-02-10,215,104,5892,5793,0.0022080303702240863,0.0028830819285220566,17,22,13,0,3.4913356898816863,0.035683266671016144,30,147,5663,538,3.382178408756084,2.6488356901123002,0.75,0.411522633744856,0.10205634615889232,0.1001180431075941,0.04857142857142857,0.06596701649175413,0.004098360655737705,0.0,0.028142589118198873,0.1616272677295217,1.0,0.10655575361457714,0.0039022320369154775,0.00194010767166679,1.0,0.8416798117778492,0.9258872927818895,0.42930276990936317,0.23697056298904695
2024-02-11,241,134,5856,5427,0.002318793025396583,0.0029438326953884746,15,24,11,0,3.2139476783281995,0.0372699565135954,35,167,5602,590,3.2537397053284445,2.4767778224830903,0.8415492957746479,0.5349794238683128,0.10142658468105205,0.09371748349582477,0.04285714285714286,0.07196401799100449,0.0034678436317780582,0.0,0.03283302063789869,0.18361737218251786,1.0,0.11685482273717568,0.00429564361993312,0.0020935838430166578,0.924015421580074,0.8791058921971256,0.8907265918865247,0.4014169635403064,0.22898309166960026
2024-02-12,273,12,5920,5813,0.0022562484352221827,0.014791209641816334,18,24,9,0,3.3145637521366353,0.0372699565135954,34,135,5825,552,3.2903161990906655,2.492032007621752,0.954225352112676,0.03292181069958848,0.10254616064165697,0.1004678004634285,0.05142857142857143,0.07196401799100449,0.0028373266078184113,0.0,0.03189493433395872,0.14843320505772403,1.0,0.10932857991681522,0.004073495042947668,0.032023906505026636,0.9529427138582713,0.8791058921971256,0.9007395795814618,0.40388924370369406,0.23222971896044414
2024-02-13,276,79,5829,5922,0.0022100453851293025,0.004391583679820094,45,22,9,0,2.4547232912481745,0.035683266671016144,30,156,5677,535,2.5702366356257325,2.4049911300160014,0.9647887323943662,0.30864197530864196,0.10095426357267186,0.10237397805272593,0.12857142857142856,0.06596701649175413,0.0028373266078184113,0.0,0.028142589118198873,0.17152281473336997,1.0,0.10596157654981185,0.0039093890538940855,0.005751073116314914,0.7057371195305084,0.8416798117778492,0.7036144025422888,0.389782332508343,0.2072048424049977
2024-02-14,274,106,5862,5934,0.0022694114025092527,0.002835120490829631,16,20,7,0,2.807272580548315,0.034022659832888,34,156,5723,523,2.772488037215247,2.013425925441399,0.9577464788732394,0.41975308641975306,0.10153154492735876,0.10258383246622656,0.045714285714285714,0.05997001499250375,0.0022068095838587644,0.0,0.03189493433395872,0.17152281473336997,1.0,0.10358486829075064,0.004120247838730244,0.0018189415002889972,0.8070956395764465,0.8025102126534509,0.7589816777263115,0.32632047734250724,0.21721121439217783
2024-02-15,121,11,5906,5881,0.0028260502652017764,0.029019957457248405,17,24,13,0,3.9691373332093898,0.0372699565135954,47,153,5597,563,3.389556976328722,2.912730322709245,0.41901408450704225,0.02880658436213992,0.10230125340027464,0.10165697547326542,0.04857142857142857,0.07196401799100449,0.004098360655737705,0.0,0.04409005628517824,0.16822429906542055,1.0,0.11150722915428798,0.006097341795172188,0.06797034554532891,1.0,0.8791058921971256,0.9279072104588374,0.4720727677468957,0.2375307669387889
2024-02-16,7,4,2189,2227,0.0034148319523540395,0.0035928818877027525,0,0,0,0,0.0,0.0,0,0,0,0,0.0,0.0,0.017605633802816902,0.0,0.037278380813266974,0.037756306562322386,0.0,0.0,0.0,0.0,0.0,0.0,0.0,0.0,0.008188602023934625,0.003733292939580904,0.0,0.0,0.0,0.0,0.011640736920082367
2024-02-16,242,75,3663,3664,0.0024364742550739634,0.0037435235584174545,11,24,9,0,3.8991099090802166,0.041539155911812196,41,125,5363,551,3.2026675957893582,3.0562311626854575,0.8450704225352113,0.29218106995884774,0.06306361465594906,0.0628863725790233,0.03142857142857143,0.07196401799100449,0.0028373266078184113,0.0,0.038461538461538464,0.13743815283122596,0.9632689717108217,0.10913052089522678,0.004713628894723978,0.004113862734162712,1.0,0.9798057238314274,0.876745360998354,0.49533027228599247,0.22162979650162648
2024-02-17,295,50,5866,5858,0.0024963554840666566,0.005123754653766338,17,26,10,0,3.707547702017508,0.03879180063796644,35,153,5573,556,2.8318218088911915,2.567622208966372,1.0,0.18930041152263374,0.10160151842489656,0.10125475451405587,0.04857142857142857,0.07796101949025487,0.0031525851197982345,0.0,0.03283302063789869,0.16822429906542055,1.0,0.11012081600316895,0.004926317630420765,0.007600774834514789,1.0,0.9150024228585479,0.775224577593851,0.416140317991309,0.23698628209801398
2024-02-18,234,8,5914,5914,0.0025719394121559457,0.02975927047270938,14,20,9,0,3.62575140247682,0.034022659832888,23,123,5860,485,2.6327332394183234,2.5307369459766207,0.8169014084507042,0.01646090534979424,0.10244120039535026,0.10223407511039216,0.04,0.05997001499250375,0.0028373266078184113,0.0,0.021575984990619138,0.13523914238592633,1.0,0.09605862547039018,0.005194779891044528,0.06983809038041178,1.0,0.8025102126534509,0.7207231426205114,0.41016224029119164,0.2364836495101356
2024-02-19,338,9,5858,5910,0.002471972807150774,0.00858360513223537,12,20,8,0,3.072795885478839,0.034022659832888,33,161,5755,566,3.411706564917662,2.490032156054106,1.0,0.0205761316872428,0.10146157142982096,0.1021641236392253,0.03428571428571429,0.05997001499250375,0.0025220680958385876,0.0,0.03095684803001876,0.17702034084661902,1.0,0.11210140621905328,0.004839714185344928,0.016341481039031287,0.8834340411624783,0.8025102126534509,0.9339707648123727,0.40356512325311156,0.22532970381031414
2024-02-20,290,68,5906,5858,0.0025691688577118895,0.003924864992932147,13,22,9,0,3.1535933731182215,0.035683266671016144,42,182,5847,519,2.4715760823346424,2.4346561538924303,1.0,0.26337448559670784,0.10230125340027464,0.10125475451405587,0.037142857142857144,0.06596701649175413,0.0028373266078184113,0.0,0.039399624765478425,0.200109950522265,1.0,0.10279263220439691,0.005184939316096454,0.0045719901045974815,0.9066634562233202,0.8416798117778492,0.6766056107072514,0.3945902097832971,0.22736028198177183
2024-02-21,277,20,5856,5836,0.0025805042428958713,0.006457692838489246,15,22,9,0,3.015438277972096,0.035683266671016144,28,134,5877,538,3.13802731426789,2.584132553803648,0.9683098591549296,0.06584362139917696,0.10142658468105205,0.10087002142263804,0.04285714285714286,0.06596701649175413,0.0028373266078184113,0.0,0.02626641651031895,0.14733369983507422,1.0,0.10655575361457714,0.005225200826823152,0.01097073600486233,0.8669436314901168,0.8416798117778492,0.8590497790303456,0.4188161867880259,0.22336506160151054
2024-02-22,261,17,5963,5889,0.0026510781612848894,0.009137601821278632,13,24,11,0,3.4457376452023074,0.0372699565135954,28,145,5645,540,2.8476034664517518,2.5845222887585506,0.9119718309859155,0.053497942386831275,0.10329837574018841,0.10179687841559917,0.037142857142857144,0.07196401799100449,0.0034678436317780582,0.0,0.02626641651031895,0.1594282572842221,1.0,0.10695187165775401,0.0054758683185868896,0.017741056635530692,0.9906554311245415,0.8791058921971256,0.779544880791497,0.4188793520105026,0.2363932540088133
2024-02-23,257,149,5782,5845,0.0026154544766045975,0.0027783060229032742,8,20,10,0,3.002936702571619,0.034022659832888,83,159,5556,515,3.0000192323194033,2.396578123224805,0.897887323943662,0.5967078189300411,0.1001320749766026,0.10102741223276351,0.022857142857142857,0.05997001499250375,0.0031525851197982345,0.0,0.07786116322701689,0.17482133040131942,0.9979344409519533,0.10200039611804318,0.005349338576579811,0.0016754096987268814,0.8633494073084413,0.8025102126534509,0.8212694156271326,0.3884188175375168,0.22241317405931704
2024-02-24,307,47,5795,5876,0.002503835402096235,0.003398686520157984,9,18,6,0,2.485892622839879,0.032276729138714925,98,126,5759,493,3.4178558443665925,2.0630743204541346,1.0,0.17695473251028807,0.10035948884360049,0.10156953613430683,0.025714285714285714,0.053973013493253376,0.0018915510718789407,0.0,0.09193245778611632,0.13853765805387575,1.0,0.09764309764309764,0.004952885126372137,0.003242692358847712,0.7146983553543783,0.7613280352592949,0.9356541590670311,0.33436710461353214,0.20730137382403183
2024-02-25,282,8,5893,5926,0.0025833460547870263,0.02888750472349612,24,22,9,0,2.8304848462683294,0.035683266671016144,329,157,4957,538,6.148698664046973,2.738977601059964,0.9859154929577465,0.01646090534979424,0.10207383953327677,0.1024439295238928,0.06857142857142857,0.06596701649175413,0.0028373266078184113,0.0,0.30863039399624764,0.1726223199560198,0.89034575662326,0.10655575361457714,0.0052352944970497865,0.06763572691399831,0.8137692054343277,0.8416798117778492,1.0,0.44391227256715715,0.20736954112233938
2024-02-26,239,7,5940,5835,0.0026413786575978557,0.024706832947853665,13,26,10,0,3.3760347003900355,0.03879180063796644,213,154,5671,521,8.046307223407759,2.6447058121125426,0.8345070422535211,0.012345679012345678,0.102896028129346,0.10085253355484633,0.037142857142857144,0.07796101949025487,0.0031525851197982345,0.0,0.199812382739212,0.16932380428807037,1.0,0.10318875024757378,0.005441417202422703,0.057073991961632785,0.9706157159884238,0.9150024228585479,1.0,0.4286334312745426,0.23394568523264558
2024-02-27,78,111,5750,5894,0.003045141363713649,0.003199501729756383,7,14,6,0,3.2277432526529157,0.03246015208868918,313,96,3098,319,4.979111565943591,2.3681079496486634,0.2676056338028169,0.4403292181069959,0.09957228699630015,0.10188431775455778,0.02,0.041979010494752625,0.0018915510718789407,0.0,0.29362101313320826,0.10555250137438153,0.5564436461607544,0.06318082788671024,0.006875519022473187,0.0027394868752168167,0.9279816726524072,0.7656545279942066,1.0,0.38380459234353365,0.18252112616946087
2024-02-27,67,17,74,85,0.001444022617617532,0.010247844863057723,11,12,6,0,3.601311909368838,0.05484772328969246,48,49,2617,246,6.713806953853338,3.6499233138617395,0.22887323943661972,0.053497942386831275,0.00027989399015123024,0.0002972937524592314,0.03142857142857143,0.035982008995502246,0.0018915510718789407,0.0,0.0450281425891182,0.05387575590984057,0.47004939380332283,0.0487225193107546,0.00118859630000936,0.020545891209796423,1.0,1.0,1.0,0.591551297215863,0.15005909110211638
2024-02-28,150,89,114,152,0.0015217808193339936,0.003265880009059648,8,22,9,0,4.169382311836046,0.05046668062401926,77,90,5704,531,6.346435676085346,3.3754418069887557,0.5211267605633803,0.3497942386831276,0.0009796289655293058,0.0014689808945044375,0.022857142857142857,0.06596701649175413,0.0028373266078184113,0.0,0.07223264540337711,0.09895547003848268,1.0,0.1051693404634581,0.001464781239619532,0.0029071799710201685,1.0,1.0,1.0,0.5470654608050465,0.20638386161966482
2024-02-29,176,9,86,126,0.0010145595025119725,0.01368348692032381,17,48,11,7,2.8552428418193125,0.07454422755345999,139,109,3536,473,6.2577843137472735,4.905321182679902,0.6126760563380281,0.0205761316872428,0.0004898144827646529,0.0010142963319197307,0.04857142857142857,0.14392803598200898,0.0034678436317780582,0.002191952403319242,0.1303939962476548,0.11984606926882903,0.6351145038167939,0.09368191721132897,0.0,0.029225439078504212,0.8208871712465214,1.0,1.0,0.7950164590731087,0.1516794096650853
2024-03-01,154,6,118,137,0.0015334478770254994,0.042861862897848976,15,22,10,0,3.1234709163089835,0.05046668062401926,166,108,5469,543,5.989491127201003,3.612515353125635,0.5352112676056338,0.00823045267489712,0.0010496024630671133,0.0012066628776286452,0.04285714285714286,0.06596701649175413,0.0031525851197982345,0.0,0.15572232645403378,0.11874656404617923,0.9823080377189044,0.10754604872251931,0.001506220799084997,0.10293949508514508,0.8980031986792105,1.0,1.0,0.5854885047140036,0.1946024701762176
2024-03-02,138,7,136,170,0.001466348043880342,0.013500724320110983,10,22,10,0,4.798955935673844,0.05046668062401926,99,94,5641,537,7.019106137343101,3.868034708697367,0.4788732394366197,0.012345679012345678,0.0013644832019872473,0.0017837625147553884,0.02857142857142857,0.06596701649175413,0.0031525851197982345,0.0,0.09287054409005628,0.10335349092908191,1.0,0.10635769459298872,0.0012678927133529848,0.02876372138186528,1.0,1.0,1.0,0.6269011025289135,0.20662069853713963
2024-03-03,66,12,166,198,0.001897511671080141,0.06726492264706495,13,24,13,0,5.487174719121734,0.05271072880136464,119,95,5581,529,6.265975324221671,4.147281782178288,0.22535211267605634,0.03292181069958848,0.001889284433520804,0.0022734228129235342,0.037142857142857144,0.07196401799100449,0.004098360655737705,0.0,0.11163227016885553,0.10445299615173172,1.0,0.10477322242028124,0.0027993183084882405,0.16458955108801118,1.0,1.0,1.0,0.6721593050599132,0.20700841636836945
2024-03-04,141,27,127,168,0.0015054093225376935,0.006523806252910844,10,20,9,0,4.648992647911232,0.048118091978407766,84,116,5193,557,4.513689018620597,3.635215534945026,0.4894366197183099,0.09465020576131687,0.0012070428325271804,0.0017487867791719494,0.02857142857142857,0.05997001499250375,0.0028373266078184113,0.0,0.07879924953095685,0.12754260582737767,0.9327346205657836,0.11031887502475737,0.00140663225013413,0.01113775996593603,1.0,1.0,1.0,0.5891675743402881,0.1999853563167002
2024-03-05,43,14,71,106,0.001535453989948826,0.005221870640797481,4,18,15,0,3.95403897091716,0.09229677025922389,41,60,809,208,5.840563806294934,6.932130651849685,0.1443661971830986,0.0411522633744856,0.00022741386699787455,0.0006645389760853408,0.011428571428571429,0.053973013493253376,0.004728877679697352,0.0,0.038461538461538464,0.06597031335898845,0.1453075886843287,0.04119627649039414,0.0015133461976198097,0.007848647689698073,1.0,1.0,1.0,1.0,0.11796039609376603
2024-03-19,106,9,70,87,0.0011079234236774137,0.055884671739519276,10,20,5,2,3.690500174696661,0.05177456727887374,301,56,3314,379,40.804153631930596,4.216521113512712,0.36619718309859156,0.0205761316872428,0.00020992049261342268,0.0003322694880426704,0.02857142857142857,0.05997001499250375,0.0015762925598991173,0.0006262721152340692,0.28236397748592873,0.061572292468389224,0.5952402334979794,0.07506436918201624,0.0,0.13583934054118008,1.0,1.0,1.0,0.6833810795321834,0.1638404668134856
2024-03-20,112,12,93,124,0.0014049235143018149,0.017328651612353887,10,22,10,0,4.381850399592505,0.05046668062401926,405,79,4400,480,43.86306522999954,3.7469497901911324,0.3873239436619718,0.03292181069958848,0.0006122681034558161,0.0009793205963362916,0.02857142857142857,0.06596701649175413,0.0031525851197982345,0.0,0.3799249530956848,0.0868609125893348,0.7903008531656938,0.09506833036244801,0.0010497224159728008,0.0384343091838419,1.0,1.0,1.0,0.6072765969006416,0.18484451991576478
2024-03-21,26,10,4,12,0.0012662890361364307,0.0013052923740961902,31,2,1,0,0.7708237174540092,0.045267873021259265,28,12,537,66,35.17681257346335,2.951906296737845,0.08450704225352113,0.024691358024691357,0.0,0.0,0.08857142857142856,0.005997001499250375,0.00031525851197982345,0.0,0.02626641651031895,0.013194062671797692,0.09645262685226763,0.013071895424836602,0.0005573144881298839,0.0,0.22161312925220958,1.0,1.0,0.47842210614759595,0.032566850734091005
2025-03-12,0,0,0,0,0.0,0.0,0,0,0,0,0.0,0.0,0,0,0,0,0.0,0.0,0.0,0.0,0.0,0.0,0.0,0.0,0.0,0.0,0.0,0.0,0.0,0.0,0.0,0.0,0.0,0.0,0.0,0.0,0.0
2025-03-14,134,67,91,112,0.00115211439881535,0.002529927860027624,20,18,4,2,2.4971139916111027,0.04819626927118799,50,67,37,283,10.354043110202834,4.098420949717768,0.4647887323943662,0.25925925925925924,0.0005772813546869123,0.0007694661828356578,0.05714285714285714,0.053973013493253376,0.0012610340479192938,0.0006262721152340692,0.04690431519699812,0.07366684991753711,0.006645711719802425,0.05605070310952664,0.00015178407953685233,0.0010479257762788042,0.7179245179536529,1.0,1.0,0.6642403198266355,0.0758687495452846
2025-03-15,77,64,50,64,0.0011358310395395096,0.0018145987460070154,9,8,3,0,3.025474871526742,0.030432553462649233,47,72,30,244,8.601621526304651,1.9474853741713447,0.2640845070422535,0.24691358024691357,0.0,0.0,0.025714285714285714,0.0239880059970015,0.0009457755359394704,0.0,0.04409005628517824,0.07916437603078615,0.005388414907947912,0.048326401267577736,9.394814070370611e-05,0.0,0.8698291692003783,0.7178285022645469,1.0,0.3156333435896453,0.09017921976523158
2025-03-16,77,61,72,58,0.001164245680481981,0.0018331020596362706,10,8,3,0,3.019822491814669,0.030432553462649233,66,62,43,275,9.982620660342043,2.313272704526589,0.2640845070422535,0.2345679012345679,0.00024490724138232644,0.0,0.02857142857142857,0.0239880059970015,0.0009457755359394704,0.0,0.06191369606003752,0.06816932380428807,0.007723394701392008,0.054466230936819175,0.00019487248976925089,0.0,0.8682041004234969,0.7178285022645469,1.0,0.37491732058581756,0.09061123001607965
2025-03-17,69,52,81,82,0.0011108375921789952,0.001567475379834545,12,8,4,1,2.3020677571328565,0.030432553462649233,42,61,32,233,9.015318897304205,2.1374412160131757,0.23591549295774647,0.19753086419753085,0.00040234761084239343,0.0002448301490840729,0.03428571428571429,0.0239880059970015,0.0012610340479192938,0.0003131360576170346,0.039399624765478425,0.06706981858163827,0.0057476425684777725,0.046147752030104974,5.175334780490629e-06,0.0,0.6618483939413383,0.7178285022645469,1.0,0.34641991497554564,0.06953443147692515
2025-03-18,110,50,82,83,0.0009224390096633842,0.0022553789308374563,16,12,9,1,2.6702758690524355,0.037272113776729995,66,64,46,256,10.005635549933578,2.5428546168088406,0.38028169014084506,0.18930041152263374,0.00041984098522684536,0.0002623180168757924,0.045714285714285714,0.035982008995502246,0.0028373266078184113,0.0003131360576170346,0.06191369606003752,0.07036833424958769,0.008262236192186799,0.05070310952663894,0.0,0.0003543259968230919,0.767708852112067,0.8791567766872095,1.0,0.4121261785122526,0.08099876636608744
2025-03-19,111,46,75,74,0.0009539224758114707,0.002785940020361993,16,10,3,1,2.664910703821733,0.034034480781707094,44,63,31,260,6.80655161854949,2.648772052689985,0.38380281690140844,0.1728395061728395,0.0002973873645356821,0.00010492720675031697,0.045714285714285714,0.029985007496251874,0.0009457755359394704,0.0003131360576170346,0.04127579737335835,0.06926882902693787,0.0055680287382128425,0.05149534561299267,0.0,0.0016946956561310906,0.7661663579868754,0.8027890395352165,1.0,0.42929245604891053,0.08010159043936806
2025-03-20,92,5,84,80,0.0011273182023654148,0.016617089600833093,10,10,3,1,2.8830632077788154,0.03402462913569015,71,54,49,229,8.93215371321677,2.547109948587556,0.31690140845070425,0.00411522633744856,0.0004548277339957491,0.00020985441350063395,0.02857142857142857,0.029985007496251874,0.0009457755359394704,0.0003131360576170346,0.06660412757973734,0.05937328202308961,0.008801077682981589,0.045355515943751236,6.371187791805486e-05,0.036636672399332604,0.8288855737575274,0.8025566636251943,1.0,0.41281584972376073,0.086434991815911
2025-03-21,95,8,85,80,0.0011806705940041007,0.08195512825232852,11,10,3,1,2.7530032661808215,0.03402462913569015,50,63,33,250,9.307626153774766,3.1389678234637515,0.3274647887323944,0.01646090534979424,0.000472321108380201,0.00020985441350063395,0.03142857142857143,0.029985007496251874,0.0009457755359394704,0.0003131360576170346,0.04690431519699812,0.06926882902693787,0.0059272563987427035,0.04951475539710834,0.00025321120708874577,0.20170178240511943,0.7914931194320535,0.8025566636251943,1.0,0.5087395893598149,0.082629299868943
2025-03-22,0,0,0,0,0.0,0.0,0,0,0,0,0.0,0.0,0,0,0,41,0.0,0.3360682702540486,0.0,0.0,0.0,0.0,0.0,0.0,0.0,0.0,0.0,0.0,0.0,0.008120419885125768,0.0,0.0,0.0,0.0,0.0,0.054467341948490136,0.0004060209942562884
2025-03-25,85,6,102,92,0.0010882675490534164,0.015807883241010016,11,28,6,3,3.6599491974659104,0.05939512839922809,63,83,36,220,10.089171407047962,4.808130476139605,0.29225352112676056,0.00823045267489712,0.0007697084729158831,0.0004197088270012679,0.03142857142857143,0.08395802098950525,0.0018915510718789407,0.0009394081728511038,0.05909943714821764,0.09125893347993402,0.0064660978895374945,0.04357298474945534,0.0,0.03459235427227597,1.0,1.0,1.0,0.7792645422279274,0.10363497059760722
2025-03-26,124,11,148,145,0.0011295568172622345,0.02308475914008053,6,32,26,4,2.733927312333411,0.060865106925298465,56,45,1526,121,5.485406425576042,3.580659307862904,0.4295774647887324,0.02880658436213992,0.00157440369460067,0.001346565819962401,0.017142857142857144,0.095952023988006,0.00819672131147541,0.0012525442304681385,0.0525328330206379,0.04947773501924134,0.2740907049842838,0.023965141612200435,7.16630870052078e-05,0.05297610660964495,0.786008750269726,1.0,1.0,0.5803255236651229,0.10989838504371671
2025-03-27,81,9,101,92,0.0013338144352571318,0.022015872223423587,9,22,18,5,2.787865343006976,0.05329329765073709,98,8,1442,4,2.4522897852036274,5.0116578581382285,0.27816901408450706,0.0205761316872428,0.0007522150985314313,0.0004197088270012679,0.025714285714285714,0.06596701649175413,0.005674653215636823,0.001565680288085173,0.09193245778611632,0.008796041781198461,0.2590031432420296,0.0007922360863537334,0.0007971541174760892,0.05027575104153843,0.8015160257888964,1.0,0.6713258958961721,0.81225068371287,0.1079773156628125
2025-03-28,82,3,64,61,0.0009380715875759974,0.015210575714045577,8,8,3,1,2.516866342583521,0.030432553462649233,81,2,1616,1,1.4045854961465796,2.6511404768787648,0.28169014084507044,0.0,0.00010496024630671134,0.0,0.022857142857142857,0.0239880059970015,0.0009457755359394704,0.0003131360576170346,0.07598499061913697,0.0021990104452996153,0.2902559497081275,0.00019805902158843335,0.0,0.033083361430119196,0.7236033524393688,0.7178285022645469,0.38451190485429304,0.42967631189484273,0.10170023950771782
2025-03-29,88,17,60,56,0.0008006979220284573,0.0035419267832938845,9,6,3,0,2.5175868195983298,0.02635536440068232,72,4,1593,3,1.682442570057658,3.474873603419506,0.3028169014084507,0.053497942386831275,3.498674876890378e-05,0.0,0.025714285714285714,0.017991004497751123,0.0009457755359394704,0.0,0.0675422138836773,0.0043980208905992305,0.2861248316120341,0.0005941770647653001,0.0,0.0036045637936163483,0.7238104908060156,0.621657718521633,0.4605765894604619,0.5631805961394603,0.10126668232878189
2025-03-30,86,10,56,58,0.0008482300890909184,0.005490552071521369,7,6,3,0,2.5189791220459443,0.02635536440068232,75,4,1499,2,1.4355298636965936,3.6309899713891225,0.29577464788732394,0.024691358024691357,0.0,0.0,0.02,0.017991004497751123,0.0009457755359394704,0.0,0.07035647279549719,0.0043980208905992305,0.26924113156713064,0.0003961180431768667,0.0,0.008527424262033026,0.7242107801267704,0.621657718521633,0.392983071432483,0.5884827277317389,0.09960144095553382
2025-03-31,61,14,42,31,0.0007553821542802576,0.0023265889142044132,2,4,2,0,2.4796510572152575,0.02906190968595482,43,6,852,3,1.6334087396549661,4.276528325671881,0.20774647887323944,0.0411522633744856,0.0,0.0,0.005714285714285714,0.01199400299850075,0.0006305170239596469,0.0,0.040337711069418386,0.006597031335898846,0.1530309833857207,0.0005941770647653001,0.0,0.0005342255466193876,0.712903894625959,0.6854984130207926,0.4471533471002305,0.6931065836435305,0.08678082591039615
2025-03-31,26,36,11,21,0.000917482782587872,0.0009962923525145243,1,2,1,0,2.5965747692351813,0.022645540682891915,29,0,750,0,0.8020775003764707,0.0,0.08450704225352113,0.13168724279835392,0.0,0.0,0.002857142857142857,0.005997001499250375,0.00031525851197982345,0.0,0.027204502814258912,0.0,0.1347103726986978,0.0,0.0,0.0,0.7465196606147183,0.534152172650322,0.21957249904447387,0.0,0.08820181795933657
2025-04-01,80,38,39,57,0.0008679377849317862,0.0016407815183182863,3,6,3,0,2.5343105740424283,0.02635536440068232,77,0,1602,0,1.203557513206971,0.0,0.2746478873239437,0.13991769547325103,0.0,0.0,0.008571428571428572,0.017991004497751123,0.0009457755359394704,0.0,0.07223264540337711,0.0,0.2877413560844185,0.0,0.0,0.0,0.728618598640896,0.621657718521633,0.3294795462964209,0.0,0.10187243935651631
2025-04-02,65,49,18,46,0.0006523778712287682,0.0014108869580366876,36,12,0,2,1.3263527401011717,0.03728506522686087,56,0,1644,0,1.4733988790270247,0.0,0.22183098591549297,0.18518518518518517,0.0,0.0,0.10285714285714286,0.035982008995502246,0.0,0.0006262721152340692,0.0525328330206379,0.0,0.2952851369555456,0.0,0.0,0.0,0.3813286677230464,0.8794622692927185,0.4033498930034078,0.0,0.06775532128514432
2025-04-03,74,59,61,82,0.0009579062609366854,0.0012834550824715664,4,8,5,0,2.9086498572942756,0.030432553462649233,72,4,1680,2,2.0816215870185557,3.501479883214882,0.2535211267605634,0.22633744855967078,5.248012315335567e-05,0.0002448301490840729,0.011428571428571429,0.0239880059970015,0.0015762925598991173,0.0,0.0675422138836773,0.0043980208905992305,0.3017512348450831,0.0003961180431768667,0.0,0.0,0.8362417789933101,0.7178285022645469,0.5698537282395464,0.5674927358677853,0.11424815946551203
2025-04-04,80,74,54,93,0.0009486654002277008,0.0012136961820799637,5,10,13,0,3.0264753852873043,0.03402462913569015,81,2,1626,1,1.845389955032101,1.8185232672100922,0.2746478873239437,0.2880658436213992,0.0,0.00043719669479298735,0.014285714285714285,0.029985007496251874,0.004098360655737705,0.0,0.07598499061913697,0.0021990104452996153,0.2920520880107768,0.00019805902158843335,0.0,0.0,0.8701168186075223,0.8025566636251943,0.5051842047031373,0.29473216427585175,0.11729510344632307
2025-04-05,61,48,25,53,0.0009126825403234139,0.0011853497386964764,3,6,3,0,2.5462028286340774,0.02635536440068232,70,2,1621,1,1.0313049119985513,1.7067027296621542,0.20774647887323944,0.18106995884773663,0.0,0.0,0.008571428571428572,0.017991004497751123,0.0009457755359394704,0.0,0.06566604127579738,0.0021990104452996153,0.2911540188594522,0.00019805902158843335,0.0,0.0,0.7320376420541217,0.621657718521633,0.2823245842179542,0.2766091577483881,0.10256551292642169
2025-04-06,60,47,18,52,0.0007482645118747683,0.0012678428168885613,103,4,0,0,0.38129427945465844,0.02151906492226142,61,0,1602,0,0.9875687895597917,0.0,0.20422535211267606,0.17695473251028807,0.0,0.0,0.29428571428571426,0.01199400299850075,0.0,0.0,0.05722326454033771,0.0,0.2877413560844185,0.0,0.0,0.0,0.10962275358497253,0.507581401680244,0.2703516144015885,0.0,0.0397364109669391
2025-04-07,53,65,18,60,0.0007837542518985746,0.0012842009718876635,107,4,1,0,0.3777065868240313,0.02151906492226142,63,2,1613,1,1.042726887084487,1.097773050382219,0.1795774647887324,0.25102880658436216,0.0,0.0,0.3057142857142857,0.01199400299850075,0.00031525851197982345,0.0,0.05909943714821764,0.0021990104452996153,0.2897171082173327,0.00019805902158843335,0.0,0.0,0.10859128585419943,0.507581401680244,0.2854514037740014,0.17791855229833345,0.039919556986227595
2025-04-08,62,72,45,72,0.0013074071514238737,0.0010254978176058682,35,16,2,1,1.2546696621052704,0.04303812984452284,60,4,1540,2,1.9384543685257134,2.59985408371896,0.2112676056338028,0.27983539094650206,0.0,6.995147116687798e-05,0.1,0.047976011994003,0.0006305170239596469,0.0003131360576170346,0.05628517823639775,0.0043980208905992305,0.2766052986079928,0.0003961180431768667,0.000703359586098532,0.0,0.3607196609301934,1.0,0.5306610268722038,0.42136421057260803,0.06399906464703156
2025-04-09,48,70,29,63,0.0012459337944908206,0.0011666400319323342,111,6,2,0,0.4148251676896453,0.02635536440068232,64,0,1401,0,1.2756785166073803,0.0,0.1619718309859155,0.2716049382716049,0.0,0.0,0.3171428571428571,0.017991004497751123,0.0006305170239596469,0.0,0.0600375234521576,0.0,0.2516389762011675,0.0,0.0004850158616114527,0.0,0.11926294095868926,0.621657718521633,0.349223011164579,0.0,0.03727207176505616
2025-04-10,128,87,134,276,0.0016111332370600607,0.0023915078229952706,5,20,8,0,3.1337524894188493,0.048118091978407766,128,8,1655,4,1.906802313801008,4.7047669063374,0.44366197183098594,0.34156378600823045,0.0013294964532183436,0.003637476500677655,0.014285714285714285,0.05997001499250375,0.0025220680958385876,0.0,0.1200750469043152,0.008796041781198461,0.2972608890884598,0.0007922360863537334,0.0017821470164630106,0.0006982317984472921,0.9009591684280898,1.0,0.521996127591855,0.7625121755222654,0.12121088887146689
2025-04-11,198,102,201,291,0.0014536033602788212,0.003284858638094039,7,28,6,1,3.3871127230585696,0.056934094230957195,114,4,1694,2,2.5685557936030428,3.1624739783173954,0.6901408450704225,0.40329218106995884,0.00250155253697662,0.0038997945175534474,0.02,0.08395802098950525,0.0018915510718789407,0.0003131360576170346,0.10694183864915573,0.0043980208905992305,0.3042658284687921,0.0003961180431768667,0.0012226255956324422,0.0029551261529683318,0.973800666339471,1.0,0.7031542641102199,0.5125492848521616,0.12929773479852974
2025-04-12,169,122,219,284,0.0013923760046774694,0.0025924968467893306,7,18,8,0,3.5702332506870285,0.04564883019397385,135,4,1729,2,2.1635937357855024,3.596644822122347,0.5880281690140845,0.48559670781893005,0.002816433275896754,0.003777379443011411,0.02,0.053973013493253376,0.0025220680958385876,0.0,0.12664165103189493,0.0043980208905992305,0.31055231252806464,0.0003961180431768667,0.0010051556293012892,0.0012059953617137094,1.0,1.0,0.5922939906186254,0.5829163319872932,0.13269683655987052
2025-04-13,174,8,222,305,0.001416537890330686,0.018937176497591114,6,20,7,0,3.3398715730620823,0.048118091978407766,156,13,1861,6,1.8156441896527695,6.218942268175127,0.6056338028169014,0.01646090534979424,0.0028689133990501096,0.00414462466663752,0.017142857142857144,0.05997001499250375,0.0022068095838587644,0.0,0.14634146341463414,0.014293567894447499,0.3342613381230355,0.0011883541295306002,0.0010909748584333433,0.04249796555627958,0.9602187554003864,1.0,0.49704116112285385,1.0,0.13110192334417883
2025-04-14,168,123,196,268,0.0014944422507669392,0.0022714227554647844,7,26,7,2,4.124668874791211,0.0548630659764405,119,16,1776,8,2.2920544830336196,6.5984531442031065,0.5845070422535211,0.4897119341563786,0.002414085665054361,0.003497573558343899,0.02,0.07796101949025487,0.0022068095838587644,0.0006262721152340692,0.11163227016885553,0.017592083562396922,0.3189941625505164,0.0015844721727074668,0.0013676789308977755,0.00039485790949878486,1.0,1.0,0.6274607261138242,1.0,0.13352524151232695
2025-04-15,161,10,156,286,0.0013886157066074986,0.01218372174238588,5,18,5,0,3.39702705300855,0.04564883019397385,148,10,1814,5,1.9724158426011857,5.672284626326812,0.5598591549295775,0.024691358024691357,0.0017143506896762852,0.0038123551785948498,0.014285714285714285,0.053973013493253376,0.0015762925598991173,0.0,0.13883677298311445,0.010995052226498075,0.32581948810058375,0.0009902951079421667,0.000991799640190866,0.02543654505614735,0.97665105305553,1.0,0.5399581405931166,0.9193199528707489,0.13146433764878757
2025-04-16,173,73,176,263,0.0013930733904466337,0.003299413247736535,4,18,6,0,3.1044160917759718,0.04564883019397385,126,8,1737,5,1.8483082488762552,4.119461621922255,0.602112676056338,0.2839506172839506,0.002064218177365323,0.0034101342193853016,0.011428571428571429,0.053973013493253376,0.0018915510718789407,0.0,0.11819887429643527,0.008796041781198461,0.3119892231701841,0.0009902951079421667,0.0010076326341996785,0.0029918958248365724,0.8925249042306949,1.0,0.505983101408264,0.6676504289896383,0.12177805395257632
2025-04-17,172,123,165,253,0.001388120577797644,0.0023635445816046147,10,16,5,0,2.5326809970442747,0.04303812984452284,126,4,1753,3,1.7744604668300743,3.5863975267882253,0.5985915492957746,0.4897119341563786,0.001871791059136352,0.0032352555414681067,0.02857142857142857,0.047976011994003,0.0015762925598991173,0.0,0.11819887429643527,0.0043980208905992305,0.314863044454423,0.0005941770647653001,0.0009900410202970113,0.0006275875671307258,0.7281500924834686,1.0,0.48576692274079014,0.5812555297384261,0.10547248150399115
2025-04-18,188,98,237,285,0.0013858822279469625,0.0032847917373225836,6,20,7,0,3.197108581725772,0.048118091978407766,141,2,1754,1,2.0794343571269005,2.5794880340252213,0.6549295774647887,0.3868312757201646,0.0031313140148168882,0.00379486731080313,0.017142857142857144,0.05997001499250375,0.0022068095838587644,0.0,0.13227016885553472,0.0021990104452996153,0.3150426582846879,0.00019805902158843335,0.0009820907526121808,0.0029549571398876265,0.9191741526785799,1.0,0.5692549637397691,0.4180634390003015,0.1250381405150452
2025-04-19,156,98,265,311,0.0017145175258653496,0.003371074376863671,8,22,10,0,4.478179077578854,0.05046668062401926,139,8,1792,4,2.1568883275199497,4.510892823687109,0.5422535211267606,0.3868312757201646,0.003621128497581541,0.004249551873387838,0.022857142857142857,0.06596701649175413,0.0031525851197982345,0.0,0.1303939962476548,0.008796041781198461,0.3218679838347553,0.0007922360863537334,0.0021493517991101967,0.0031729351153730176,1.0,1.0,0.5904583534772148,0.7310905660180994,0.13427120494455336
2025-04-20,187,8,172,311,0.001404476364679982,0.02262126104637753,7,20,7,0,3.743145657839519,0.048118091978407766,134,8,1747,4,2.061585369021015,4.082074447280957,0.6514084507042254,0.01646090534979424,0.0019942446798275155,0.004249551873387838,0.02,0.05997001499250375,0.0022068095838587644,0.0,0.12570356472795496,0.008796041781198461,0.3137853614728334,0.0007922360863537334,0.001048134210631415,0.05180515986248839,1.0,1.0,0.5643687190539566,0.6615910053370092,0.1328460611814016
2025-04-21,199,116,204,291,0.0014351644562211995,0.0031946685181670855,7,20,7,0,3.488122629819608,0.048118091978407766,125,6,1796,3,2.1285541905535124,4.6699001688912105,0.6936619718309859,0.4609053497942387,0.0025540326601299758,0.0038997945175534474,0.02,0.05997001499250375,0.0022068095838587644,0.0,0.11726078799249531,0.006597031335898846,0.322586439155815,0.0005941770647653001,0.0011571334997349378,0.002727276612724489,1.0,1.0,0.5827017498334659,0.7568612448060921,0.13379869782355255
2025-04-22,193,106,227,286,0.0014650008132325813,0.0033238477904781907,9,24,7,3,3.7572442882932378,0.054202731479970886,119,6,1613,3,2.2258400826438343,4.472917324090379,0.6725352112676056,0.41975308641975306,0.0029563802709723693,0.0038123551785948498,0.025714285714285714,0.07196401799100449,0.0022068095838587644,0.0009394081728511038,0.11163227016885553,0.006597031335898846,0.2897171082173327,0.0005941770647653001,0.0012631075613448463,0.003053625417105259,1.0,1.0,0.6093342216806585,0.7249357912140507,0.1307297002469851
2025-04-23,127,78,162,197,0.0013221819261306962,0.003110071193802443,5,14,4,0,2.9513866246472507,0.046441711180354034,92,2,1351,2,1.9358010348534207,2.4138390365027034,0.44014084507042256,0.3045267489711934,0.0018193109359829964,0.0022559349451318146,0.014285714285714285,0.041979010494752625,0.0012610340479192938,0.0,0.08630393996247655,0.0021990104452996153,0.24265828468792097,0.0003961180431768667,0.0007558372690963606,0.0025135562908316414,0.8485286722644445,1.0,0.5299346642639138,0.39121633265294203,0.11008100765453982
2025-04-23,47,26,70,89,0.0015206150060015882,0.0023689059683295968,2,6,3,0,3.7191381007575672,0.05288858853479451,45,2,474,2,2.023156239552365,4.825442483521815,0.15845070422535212,0.09053497942386832,0.00020992049261342268,0.00036724522362610937,0.005714285714285714,0.017991004497751123,0.0009457755359394704,0.0,0.04221388367729831,0.0021990104452996153,0.08513695554557701,0.0003961180431768667,0.001460640453468366,0.0006411321715879102,1.0,1.0,0.5538485635956939,0.782070338279988,0.10892168598426014
2025-04-24,168,20,289,301,0.00166270322467657,0.010553702370784134,9,22,10,0,4.237566975107348,0.05046668062401926,153,10,1755,5,2.200074873612597,3.3380684940093297,0.5845070422535211,0.06584362139917696,0.004040969482808386,0.004074673195470642,0.025714285714285714,0.06596701649175413,0.0031525851197982345,0.0,0.14352720450281425,0.010995052226498075,0.31522227211495285,0.0009902951079421667,0.0019653155260370655,0.02131858662889591,1.0,1.0,0.6022808741765374,0.5410082837431968,0.13367381523925254
2025-04-25,205,18,161,273,0.0012136563558644735,0.008538850997053662,7,18,6,0,3.385649769360079,0.04564883019397385,126,13,1739,6,2.048449844019188,5.649766561823184,0.7147887323943662,0.05761316872427984,0.0018018175615985446,0.0035850128973024965,0.02,0.053973013493253376,0.0018915510718789407,0.0,0.11819887429643527,0.014293567894447499,0.31234845083071394,0.0011883541295306002,0.00037037146087936254,0.01622841755565393,0.9733800646639746,1.0,0.5607728071257968,0.9156703994082631,0.12984254039900905
2025-04-26,185,68,170,263,0.0013404027972823362,0.00381171659888672,6,18,6,0,3.1283516058401837,0.04564883019397385,142,7,1657,3,1.6770971178278806,3.9890986259186705,0.6443661971830986,0.26337448559670784,0.0019592579310586116,0.0034101342193853016,0.017142857142857144,0.053973013493253376,0.0018915510718789407,0.0,0.13320825515947468,0.007696536558548653,0.2976201167489897,0.0005941770647653001,0.0008205549463005013,0.004286140506177386,0.8994064052171338,1.0,0.45911324669861636,0.6465222044316064,0.12097914157328564
2025-04-27,189,53,174,242,0.0012202280366430574,0.0037358062223686837,6,16,7,0,2.616247226984044,0.04303812984452284,102,6,1659,3,1.9030844117252108,3.775999630715707,0.6584507042253521,0.20164609053497942,0.002029231428596419,0.0030428889957591922,0.017142857142857144,0.047976011994003,0.0022068095838587644,0.0,0.09568480300187618,0.006597031335898846,0.2979793444095195,0.0005941770647653001,0.00039371304053148384,0.00409436623640837,0.7521755256628349,1.0,0.5209783343616469,0.6119847700233378,0.10632671909376017
2025-04-28,103,59,71,76,0.0007496648572434173,0.0016444223230309763,26,8,2,1,1.7177466507623684,0.030432553462649233,76,0,1646,0,1.0125089247605352,0.0,0.35563380281690143,0.22633744855967078,0.00022741386699787455,0.00013990294233375597,0.07428571428571429,0.0239880059970015,0.0006305170239596469,0.0003131360576170346,0.07129455909943715,0.0,0.29564436461607546,0.0,0.0,0.0,0.4938550824503706,0.7178285022645469,0.27717909405282415,0.0,0.07921401743891003
2025-04-29,140,13,260,238,0.0015612583909526791,0.019784330906827203,14,26,9,1,4.280068907615626,0.0548630659764405,142,15,1799,8,2.101747752566309,6.678832709360538,0.4859154929577465,0.037037037037037035,0.0035336616256592813,0.002972937524592314,0.04,0.07796101949025487,0.0028373266078184113,0.0003131360576170346,0.13320825515947468,0.016492578339747113,0.3231252806466098,0.0015844721727074668,0.0016049993837224546,0.044638152783176725,1.0,1.0,0.57536336099128,1.0,0.13423232978067073
2025-04-30,199,10,209,292,0.0013308050590715363,0.023563211710699725,8,20,7,0,4.16395572170029,0.048118091978407766,170,7,1723,3,1.7690502391893466,4.6931036057998,0.6936619718309859,0.024691358024691357,0.002641499532052235,0.003917282385345167,0.022857142857142857,0.05997001499250375,0.0022068095838587644,0.0,0.15947467166979362,0.007696536558548653,0.3094746295464751,0.0005941770647653001,0.0007864652851505466,0.05418483322329578,1.0,1.0,0.484285847404658,0.7606218781188562,0.13248822561305298
2025-05-01,184,7,179,263,0.0012997528363830016,0.02349198337134243,6,18,6,0,3.557443127932497,0.04564883019397385,125,14,1696,7,2.0324327273012255,5.8330734915096825,0.6408450704225352,0.012345679012345678,0.0021166983005186787,0.0034101342193853016,0.017142857142857144,0.053973013493253376,0.0018915510718789407,0.0,0.11726078799249531,0.015393073117097306,0.30462505612932195,0.0013864131511190335,0.0006761726593093939,0.054004887300305136,1.0,1.0,0.5563880458731755,0.9453793666166664,0.13180287575346564
2025-05-02,172,103,172,244,0.0012580832128774677,0.0022015365046601193,4,16,7,0,2.944071270695055,0.04303812984452284,155,8,1666,5,1.7086701846032815,5.1651426912144185,0.5985915492957746,0.4074074074074074,0.0019942446798275155,0.003077864731342631,0.011428571428571429,0.047976011994003,0.0022068095838587644,0.0,0.14540337711069418,0.008796041781198461,0.29923664122137406,0.0009902951079421667,0.000528168690629417,0.00021830253815538698,0.8464254955662907,1.0,0.4677565226552651,0.8371263165143485,0.11590047467375952
2025-05-03,170,129,204,267,0.0013523497735719089,0.002261503183176892,6,18,6,0,3.453707161229097,0.04564883019397385,128,14,1787,6,1.7826728429305942,5.377382609024735,0.5915492957746479,0.51440329218107,0.0025540326601299758,0.0034800856905521796,0.017142857142857144,0.053973013493253376,0.0018915510718789407,0.0,0.1200750469043152,0.015393073117097306,0.3209699146834306,0.0011883541295306002,0.0008629887327336214,0.0003697978476312273,0.9929466805312878,1.0,0.48801509943523413,0.8715245183135103,0.132825929533636
2025-05-04,188,13,341,328,0.0015929869392567713,0.020034123737977062,10,24,10,0,4.165457207404156,0.05271072880136464,165,21,1922,11,2.3223191944340917,6.738980184695991,0.6549295774647887,0.037037037037037035,0.004950624950799885,0.0045468456258470685,0.02857142857142857,0.07196401799100449,0.0031525851197982345,0.0,0.15478424015009382,0.02308960967564596,0.3452177817691962,0.002178649237472767,0.001717694212098726,0.045269210617225504,1.0,1.0,0.6357458336152095,1.0,0.13694955118209245
2025-05-05,194,11,222,312,0.0013402728759142953,0.023705080602064995,8,20,6,0,4.050350257538247,0.048118091978407766,149,20,1736,10,2.165990871995541,7.671372729058659,0.676056338028169,0.02880658436213992,0.0028689133990501096,0.004267039741179556,0.022857142857142857,0.05997001499250375,0.0018915510718789407,0.0,0.1397748592870544,0.02199010445299615,0.3118096093399192,0.0019805902158843334,0.0008200934859735602,0.05454324012749616,1.0,1.0,0.5929502179631664,1.0,0.13279436954098253
2025-05-06,179,24,144,254,0.0012026775907877621,0.005042764550147495,8,16,4,0,2.5481997810577117,0.04303812984452284,127,13,1695,6,1.5469094804667576,5.569466004332121,0.6232394366197183,0.0823045267489712,0.0015044301970628625,0.003252743409259826,0.022857142857142857,0.047976011994003,0.0012610340479192938,0.0,0.11913696060037524,0.014293567894447499,0.304445442299057,0.0011883541295306002,0.0003313766088538186,0.00739616752399341,0.732611769270953,1.0,0.42347376688942057,0.9026559070843855,0.1047231265862386
2025-05-07,174,102,157,248,0.0012044768633242239,0.00256279296235331,4,16,6,0,2.514290632560696,0.04303812984452284,120,6,1791,3,1.7777975803333854,2.8685139125793286,0.6056338028169014,0.40329218106995884,0.001731844064060737,0.003147816202509509,0.011428571428571429,0.047976011994003,0.0018915510718789407,0.0,0.1125703564727955,0.006597031335898846,0.32168837000449035,0.0005941770647653001,0.0003377673427681258,0.0011309537006350334,0.7228628314288194,1.0,0.48668047330313996,0.464906514507754,0.10563575556474049
2025-05-08,187,114,160,281,0.0013034077419633735,0.0026723134275788976,5,18,5,0,3.0581869658733782,0.04564883019397385,152,4,1841,2,1.7209902569336506,3.8734961682307727,0.6514084507042254,0.45267489711934156,0.0017843241872140926,0.0037249158396362525,0.014285714285714285,0.053973013493253376,0.0015762925598991173,0.0,0.1425891181988743,0.0043980208905992305,0.33066906151773684,0.0003961180431768667,0.0006891543108228467,0.0014076379723618345,0.8792339519391557,1.0,0.4711292005682075,0.6277862535838434,0.12216799452477045
2025-05-09,200,12,320,337,0.0015341604245131767,0.018229082027746406,10,26,10,0,4.16286128098037,0.0548630659764405,148,10,1866,5,2.463936837077883,6.059632169971882,0.6971830985915493,0.03292181069958848,0.004583264088726395,0.004704236435972544,0.02857142857142857,0.07796101949025487,0.0031525851197982345,0.0,0.13883677298311445,0.010995052226498075,0.3351594072743601,0.0009902951079421667,0.0015087516560301092,0.04070908890843838,1.0,1.0,0.6745143312846857,0.9820982422245013,0.13581611580692673
2025-05-10,199,11,205,309,0.0012640676782694118,0.013437233014536093,8,20,7,0,3.8777782998456454,0.048118091978407766,126,4,1743,2,2.4675899219122654,2.6829847178337194,0.6936619718309859,0.02880658436213992,0.0025715260345144275,0.004214576137804398,0.022857142857142857,0.05997001499250375,0.0022068095838587644,0.0,0.11819887429643527,0.0043980208905992305,0.3130669061517737,0.0003961180431768667,0.0005494245733065923,0.028603321719502743,1.0,1.0,0.6755143804893203,0.434837379792959,0.13284143296264958
2025-05-11,175,126,145,267,0.0013828845538929996,0.002478217911797029,8,18,6,0,3.0057768569516057,0.04564883019397385,157,16,1718,8,1.6405658520779451,5.59848963870601,0.6091549295774648,0.5020576131687243,0.0015219235714473143,0.0034800856905521796,0.022857142857142857,0.053973013493253376,0.0018915510718789407,0.0,0.1472795497185741,0.017592083562396922,0.3085765603951504,0.0015844721727074668,0.0009714434844232427,0.0009172896496175185,0.8641659565212588,1.0,0.44911264038537835,0.90735983291718,0.11852732852581188
2025-05-12,179,99,143,254,0.0012213702784695008,0.0025521014634985618,4,16,4,0,2.4779165519370334,0.04303812984452284,122,6,1742,3,1.7641681729378627,3.394157107680608,0.6232394366197183,0.39094650205761317,0.0014869368226784105,0.003252743409259826,0.011428571428571429,0.047976011994003,0.0012610340479192938,0.0,0.11444652908067542,0.006597031335898846,0.31288729232150875,0.0005941770647653001,0.0003977701043896067,0.0011039435015074027,0.7124052214096219,1.0,0.48294935874011397,0.5500986917663667,0.10351676894901232
2025-05-13,94,73,68,110,0.0007055326718299107,0.0014704361588567794,2,6,2,0,1.8155016383226754,0.02635536440068232,77,6,679,3,1.3620732325106377,4.125888787844153,0.323943661971831,0.2839506172839506,0.00017493374384451889,0.0007344904472522187,0.005714285714285714,0.017991004497751123,0.0006305170239596469,0.0,0.07223264540337711,0.006597031335898846,0.12195779074988775,0.0005941770647653001,0.0,0.0,0.521959807568073,0.621657718521633,0.37287397215801377,0.6686920942553388,0.06468753373451838
2025-05-14,188,7,305,304,0.001476211930510126,0.01873152685736096,14,32,12,4,4.37834139227461,0.060865106925298465,123,31,1780,16,2.754259492406586,8.467932383861637,0.6549295774647887,0.012345679012345678,0.004320863472959616,0.004127136798845801,0.04,0.095952023988006,0.0037831021437578815,0.0012525442304681385,0.11538461538461539,0.034084661902144035,0.3197126178715761,0.0031689443454149336,0.001302927691953728,0.041978427761943535,1.0,1.0,0.7539915276027845,1.0,0.13460539893401224
2025-05-15,165,17,236,326,0.0014796168733964981,0.00883436931138177,8,20,7,0,4.055855040006601,0.048118091978407766,144,34,1812,19,2.1306004952419806,8.9884333224615,0.573943661971831,0.053497942386831275,0.003113820640432436,0.004511869890263629,0.022857142857142857,0.05997001499250375,0.0022068095838587644,0.0,0.1350844277673546,0.037383177570093455,0.3254602604400539,0.003763121410180234,0.0013150215151735323,0.016974992813651477,1.0,1.0,0.5832619353941412,1.0,0.13442558670335064
2025-05-16,167,102,163,281,0.0014969620689271998,0.002598756033696002,4,18,6,0,3.153887075816105,0.04812799817105055,135,8,1587,4,1.5144142429537113,4.024540966112079,0.5809859154929577,0.40329218106995884,0.0018368043103674484,0.0037249158396362525,0.011428571428571429,0.053973013493253376,0.0018915510718789407,0.0,0.12664165103189493,0.008796041781198461,0.28504714863044456,0.0007922360863537334,0.0013766289298825494,0.0012218081010707523,0.9067478962482882,1.0,0.41457804234355766,0.6522664243822426,0.12050068795269195
2025-05-16,0,0,0,0,0.0,0.0,0,0,0,0,0.0,0.0,0,0,158,0,0.011140519759749938,0.0,0.0,0.0,0.0,0.0,0.0,0.0,0.0,0.0,0.0,0.0,0.028378985181859002,0.0,0.0,0.0,0.0,0.0,0.0030497698329082744,0.0,0.0028378985181859006
2025-05-17,169,91,149,258,0.001281252888901917,0.0026613375394233135,3,16,4,0,2.469701265701109,0.04303812984452284,142,8,1759,4,1.6509030517566832,4.109268655182457,0.5880281690140845,0.35802469135802467,0.001591897068985122,0.003322694880426704,0.008571428571428572,0.047976011994003,0.0012610340479192938,0.0,0.13320825515947468,0.008796041781198461,0.3159407274360126,0.0007922360863537334,0.0006104637467436722,0.0013799093134794296,0.7100433126499132,1.0,0.45194249755693205,0.6659984318984923,0.10363444641406697
2025-05-18,160,124,123,268,0.0013240935434967222,0.0021261047863166504,3,16,5,0,2.5660568889294413,0.04303812984452284,110,8,1735,4,1.8525848684548758,5.282315438547187,0.5563380281690141,0.49382716049382713,0.0011370693349893727,0.003497573558343899,0.008571428571428572,0.047976011994003,0.0015762925598991173,0.0,0.10318949343339587,0.008796041781198461,0.31162999550965426,0.0007922360863537334,0.0007626270342290318,2.7737514422382132e-05,0.7377457181431014,1.0,0.5071538461902826,0.8561167677437771,0.10598655888411175
2025-05-19,194,60,277,306,0.0015471931110201537,0.005357199934020713,8,24,9,0,3.9615853000366568,0.05271072880136464,143,12,1791,6,2.0807661093464462,5.424717195186772,0.676056338028169,0.23045267489711935,0.0038310489901949634,0.0041621125344292395,0.022857142857142857,0.07196401799100449,0.0028373266078184113,0.0,0.13414634146341464,0.013194062671797692,0.32168837000449035,0.0011883541295306002,0.0015550417149104926,0.008190533444672247,1.0,1.0,0.5696195371916069,0.8791961413695308,0.13419775949610763
2025-05-20,177,83,231,291,0.0013928877054324039,0.003304345465632646,8,20,6,0,4.0823480282853755,0.048118091978407766,168,20,1771,10,1.8772047908346763,6.783263411695114,0.6161971830985915,0.32510288065843623,0.003026353768510177,0.0038997945175534474,0.022857142857142857,0.05997001499250375,0.0018915510718789407,0.0,0.1575984990619137,0.02199010445299615,0.31809609339919176,0.0019805902158843334,0.0010069731101455014,0.003004356209421065,1.0,1.0,0.5138936660713744,1.0,0.13342712547964777
2025-05-21,176,119,197,298,0.0014771054221231505,0.002618011465021122,5,20,7,0,3.722145634196935,0.048118091978407766,140,6,1790,4,1.7556647562246392,3.5337945987371606,0.6126760563380281,0.4732510288065844,0.0024315790394388126,0.0040222095920954834,0.014285714285714285,0.05997001499250375,0.0022068095838587644,0.0,0.13133208255159476,0.006597031335898846,0.3215087561742254,0.0007922360863537334,0.001306101234059102,0.0012704535755215993,1.0,1.0,0.480621508305134,0.5727300546393241,0.1336960316465052
2025-05-22,185,74,199,270,0.001310957651858499,0.0027570388366962165,5,18,7,0,3.39309207574233,0.04564883019397385,134,8,1801,4,2.0145206254349928,2.2315167551864716,0.6443661971830986,0.2880658436213992,0.0024665657882077165,0.003532549293927338,0.014285714285714285,0.053973013493253376,0.0022068095838587644,0.0,0.12570356472795496,0.008796041781198461,0.32348450830713965,0.0007922360863537334,0.0007159704069055582,0.0016216818779469229,0.9755197404016023,1.0,0.5514845234977668,0.3616669496249846,0.1313741056785361
2025-05-23,166,118,119,286,0.0013114005707963033,0.0021491075507564478,3,16,4,0,2.5538268317273247,0.04303812984452284,125,2,1642,1,1.7690171951494393,2.735284493870738,0.5774647887323944,0.4691358024691358,0.0010670958374515652,0.0038123551785948498,0.008571428571428572,0.047976011994003,0.0012610340479192938,0.0,0.11726078799249531,0.0021990104452996153,0.2949259092950157,0.00019805902158843335,0.0007175435855206675,8.584996960250779e-05,0.734229555905065,1.0,0.4842768014428681,0.44331372236193867,0.10387123984769314
2025-05-24,189,85,252,309,0.0015195030122699832,0.0035851439355233743,6,22,8,0,3.562369618892947,0.05046668062401926,147,7,1775,3,2.2380610679103654,4.758315166946922,0.6584507042253521,0.3333333333333333,0.0033937146305836664,0.004214576137804398,0.017142857142857144,0.06596701649175413,0.0025220680958385876,0.0,0.1378986866791745,0.007696536558548653,0.31881454872025144,0.0005941770647653001,0.0014566908261000517,0.003713744358783716,1.0,1.0,0.612679774042492,0.7711908627995882,0.13371471583042524
2025-05-25,177,28,241,297,0.0014458340477869979,0.005314765046338322,9,20,8,0,4.45169417090011,0.048118091978407766,153,8,1756,4,2.179137647142393,4.688780094614643,0.6161971830985915,0.09876543209876543,0.0032012875123546957,0.004004721724303765,0.025714285714285714,0.05997001499250375,0.0025220680958385876,0.0,0.14352720450281425,0.008796041781198461,0.3154018859452178,0.0007922360863537334,0.0011950302159297178,0.00808332913386123,1.0,1.0,0.5965492096715925,0.7599211569172918,0.13331079860849693
2025-05-26,179,268,48414,48253,0.16130009091554515,0.1963403885591816,138,64,4228,4239,1.1890282778068515,0.016087722529632115,397,39,8869,7210,0.6851532403407957,1.9459984014902445,0.6232394366197183,1.0,0.8459096117345556,0.8426529095440038,0.3942857142857143,0.191904047976012,1.0,1.0,0.3724202626641651,0.04288070368334249,1.0,1.0,0.568972284639038,0.4906761067845233,0.34184765134690315,0.37946949744019687,0.1875639313400952,0.3153923465760673,0.8660805926679537
2025-05-27,82,117,26871,26806,0.1631236439516003,0.18409058042176896,115,248,1995,2074,0.0019978425851887673,0.0031151483270455355,829,633,3537,3658,0.07883725098455145,0.19020891910421675,0.28169014084507044,0.46502057613168724,0.46904984737030847,0.46759060901499583,0.32857142857142857,0.7436281859070465,0.6289407313997478,0.6494441834977298,0.7776735459662288,0.6959868059373282,0.6352941176470588,0.7244999009704892,0.5754492590805935,0.45972911220856166,0.000574383139791522,0.07347862744016825,0.02158206932416051,0.030827588188168928,0.5238051488313968
2025-05-27,53,97,30740,30757,0.11481163922233681,0.13300901175271046,91,27,2024,2036,1.3803721300516323,0.01721098968164193,298,13,4931,3347,0.7975039252308126,2.0570857086343164,0.1795774647887324,0.38271604938271603,0.5367317128637529,0.5366851746600796,0.26,0.08095952023988005,0.6380832282471627,0.6375450133082824,0.2795497185741088,0.014293567894447499,0.8856757970363718,0.6629035452564864,0.4038525938535316,0.3306804764421847,0.39685933417264385,0.40596458528617013,0.21832046127527013,0.3333965167995138,0.5977587391731939
2025-05-28,138,203,57223,57415,0.13078690600693038,0.15361975241695203,186,54,4290,4261,0.9551915683033231,0.014635875416985536,424,36,8888,7119,0.5244362645429393,1.4576947676490226,0.4788732394366197,0.8189300411522634,1.0,1.0,0.5314285714285715,0.1619190404797601,1.0,1.0,0.3977485928705441,0.03958218801539307,1.0,1.0,0.4605942364682594,0.3827499025415846,0.27461919981679217,0.3452240227820386,0.1435669011301193,0.2362518761620808,0.9004916318050923
2025-05-29,74,108,28123,28350,0.1437443252853816,0.1645335872734004,99,39,2227,2250,1.5462567938288052,0.020242606076212658,342,21,5318,3580,0.786284612996991,2.796073378404835,0.2535211267605634,0.4279835390946502,0.49095155209964225,0.49459187688541073,0.28285714285714286,0.11694152923538231,0.7020807061790668,0.7045561296383278,0.32082551594746717,0.02308960967564596,0.9551863493488999,0.7090512972865914,0.5066169579552088,0.4103217946330135,0.444551457030557,0.4774729014919148,0.21524912163092882,0.45316591387672517,0.6296102874990211
2025-05-29,84,122,29096,29115,0.1496216205896142,0.1863504532926805,131,171,2158,2232,0.001580036559146642,0.004312065849588617,718,690,3619,3702,0.09043166804079736,0.18183115074741607,0.2887323943661972,0.48559670781893005,0.507972605375714,0.5079700957460762,0.3742857142857143,0.512743628185907,0.680327868852459,0.6989196806012212,0.6735459662288931,0.7586586036283672,0.6500224517287831,0.7332144979203803,0.5274921892856549,0.46543828517632974,0.0004542631969887112,0.10171094496803494,0.024756095682971047,0.029469784389821185,0.5553944558059273
2025-05-30,162,257,57349,57578,0.13434922139739008,0.17251165744983968,127,72,3314,3322,1.4595380873077457,0.016962256959890513,494,25,7307,5632,0.6609273642428688,2.45654345957765,0.5633802816901409,1.0,1.0,1.0,0.3628571428571429,0.2158920539730135,1.0,1.0,0.4634146341463415,0.02748763056624519,1.0,1.0,0.47324702214576325,0.4304769914905747,0.4196196814745167,0.40009759691997404,0.18093198348734174,0.39813753474255853,0.91562431925474
2025-05-31,170,212,40610,40553,0.1615751642218039,0.21123838091165667,198,198,3211,3208,0.0019321464034300732,0.005443762643259958,772,751,5584,5673,0.10725486116240347,0.21620737394276537,0.5915492957746479,0.8559670781893004,0.709391318038293,0.7079963275477638,0.5657142857142857,0.5937031484257871,1.0,1.0,0.724202626641651,0.8257284222100055,1.0,1.0,0.5699493018899573,0.5283132749224191,0.000555495375845241,0.12840486716604332,0.029361524153268554,0.035041216355901454,0.7912309109945176
2025-05-31,44,70,16781,16817,0.1314233205996242,0.14326429242473177,53,41,1065,1044,1.9499683586995944,0.02599604154178883,333,21,3588,1864,0.9449722568054615,3.489486559851412,0.14788732394366197,0.2716049382716049,0.29254169983118894,0.29290429764350984,0.15142857142857144,0.12293853073463268,0.33575031525851196,0.3269140441521841,0.3123827392120075,0.02308960967564596,0.6444544229905703,0.3691820162408398,0.4628546813084204,0.356588646739376,0.5606192182844912,0.6131821829427505,0.2586906126366617,0.5655489509212234,0.3828826541730135
2025-06-01,189,250,57380,57376,0.13705464109285645,0.16554484867854138,118,131,3517,3587,1.1650934975614153,0.015099926970345214,454,25,7809,6312,0.5663673801627858,2.01028628004718,0.6584507042253521,1.0,1.0,1.0,0.33714285714285713,0.39280359820089955,1.0,1.0,0.425891181988743,0.02748763056624519,1.0,1.0,0.48285624868031113,0.4128765694399916,0.3349663613346099,0.35616984866978574,0.15504574181577746,0.3258116279377281,0.9076394485674766
2025-06-02,149,204,47716,47665,0.14557808949653137,0.18147798490808603,196,206,3259,3198,0.0014997343483167955,0.004846635054044488,1122,851,5527,5577,0.07736945378427305,0.20947910523433352,0.5176056338028169,0.823045267489712,0.8336992364142081,0.8323700432824728,0.56,0.6176911544227887,1.0,1.0,1.0,0.9356789444749862,0.9927256398742703,1.0,0.5131302008895354,0.45312884726692604,0.00043117617485263543,0.11432010745130373,0.021180252917137078,0.03395075068299978,0.824949043260478
2025-06-02,10,51,9708,9691,0.08874044365871106,0.08514031158844108,44,17,268,282,1.6629454396415135,0.02642116039026481,254,13,2454,556,0.9920433493025852,2.7806189791020337,0.028169014084507043,0.1934156378600823,0.16881106280996072,0.1682857517597167,0.12571428571428572,0.050974512743628186,0.08448928121059268,0.08830436824800376,0.23827392120075047,0.014293567894447499,0.4407723394701392,0.11012081600316895,0.31125179530933617,0.20974859018532185,0.4780996410851038,0.6232096828257451,0.2715765462372126,0.450661184552538,0.19791459189896213
2025-06-03,121,200,57110,57451,0.13098878216923013,0.15233409877337079,176,73,3982,4034,0.9774731074289901,0.014360915529268712,420,27,8658,7059,0.5184967592447733,1.81767074043674,0.41901408450704225,0.8065843621399177,0.9980319953817491,1.0,0.5028571428571429,0.21889055472263869,1.0,1.0,0.39399624765478425,0.029686641011544807,1.0,1.0,0.46131126894152563,0.37950192380688436,0.2810251801964621,0.3387384005806404,0.14194093353871562,0.2945939933403769,0.9007744805430724
2025-06-04,143,202,54433,54620,0.13876305573222972,0.17254053115443732,212,288,3239,3294,0.0019236417982347559,0.003952911927722434,1382,1194,5801,5758,0.07472901255559027,0.18260949048839686,0.4964788732394366,0.8148148148148148,0.9512022321545714,0.9539981637738819,0.6057142857142858,0.863568215892054,1.0,1.0,1.0,1.0,1.0,1.0,0.4889242695911465,0.4305499358477065,0.0005530502873928332,0.09323939419487821,0.020457419676097634,0.029595931665766198,0.8601417813165991
2025-06-04,72,54,2870,2932,0.20228520475377884,0.19092258506478324,9,12,4,2,2.5849055199192694,0.030634686286389295,134,5,1680,36,1.2925524772872565,2.5321565422317556,0.24647887323943662,0.205761316872428,0.04919136876907871,0.05008525335548463,0.025714285714285714,0.035982008995502246,0.0012610340479192938,0.0006262721152340692,0.12570356472795496,0.005497526113249038,0.3017512348450831,0.0071301247771836,0.7145449823154075,0.4769889752414014,0.7431647315974003,0.7225963145449693,0.35384233749341826,0.41039231745556887,0.15583135041750704
2025-06-05,214,225,55726,57258,0.15612864712815933,0.14667777456094008,1,959,3544,3499,0.15484205996258085,0.0012534234774914926,522,218,7404,6098,0.146769340749733,0.37006690392619696,0.7464788732394366,0.9094650205761317,0.9738211652336678,1.0,0.002857142857142857,1.0,1.0,1.0,0.4896810506566604,0.23969213853765806,1.0,1.0,0.5506041272152767,0.3652122114490755,0.044517355487590074,0.029565152942398316,0.040178799326003614,0.059977577129581426,0.8767461749562564
2025-06-06,442,563,57770,57694,0.0029745626552804593,0.00269305039468551,1,0,0,0,0.15694266655710423,0.0,2,1,1037,0,0.09365721063534069,0.32908092797295774,1.0,1.0,1.0,1.0,0.002857142857142857,0.0,0.0,0.0,0.001876172607879925,0.0010995052226498076,0.18625954198473282,0.0,0.006624834517223655,0.0014600262874579911,0.04512128345477529,0.0,0.025639103182777297,0.053334887637800164,0.32346932426981206
2025-06-06,0,0,0,0,0.0,0.0,0,0,0,0,0.0,0.0,51,0,573,0,0.030523481851483212,0.0,0.0,0.0,0.0,0.0,0.0,0.0,0.0,0.0,0.04784240150093809,0.0,0.10291872474180512,0.0,0.0,0.0,0.0,0.0,0.008355947132942942,0.0,0.010291872474180513
2025-06-07,459,221,57717,57785,0.0031771104366501613,0.003098379943890616,144,10,4,0,0.7319315354858456,0.010257732179529258,266,9,2062,4,0.3869390096609078,1.1476737985346834,1.0,0.8930041152263375,1.0,1.0,0.4114285714285714,0.029985007496251874,0.0012610340479192938,0.0,0.24953095684803,0.009895547003848268,0.3703637180062865,0.0007922360863537334,0.007344252476113036,0.0024840203957752515,0.2104315608154219,0.24195447602185333,0.1059263790458667,0.18600607901143595,0.35880161082227396
2025-06-08,475,263,57884,57867,0.003070621075371622,0.003038316275870678,153,18,7,0,1.0205893078975246,0.0137621918690487,399,7,2020,3,0.5317811863999434,1.0120315304582916,1.0,1.0,1.0,1.0,0.43714285714285717,0.053973013493253376,0.0022068095838587644,0.0,0.37429643527204504,0.007696536558548653,0.3628199371351594,0.0005941770647653001,0.006966018962932228,0.0023322800593083993,0.2934211611333974,0.32461599350712417,0.14557760813370907,0.1640222309308045,0.3665538220242053
2025-06-09,18,16,4764,4738,0.0034946453714578855,0.003319155514542267,0,0,0,0,0.0,0.0,0,0,0,0,0.0,0.0,0.056338028169014086,0.04938271604938271,0.08232381985323059,0.08166834258733004,0.0,0.0,0.0,0.0,0.0,0.0,0.0,0.0,0.00847208677343611,0.0030417712038548128,0.0,0.0,0.0,0.0,0.02505520256805093
2025-06-09,117,173,52328,52578,0.12814700247581692,0.158882613127427,97,108,2895,2892,1.4076717833717827,0.016319767834350195,439,133,6997,4918,0.6948455127561509,0.4471100851776779,0.40492957746478875,0.6954732510288066,0.9143786790753002,0.9182879377431906,0.27714285714285714,0.3238380809595202,0.9126733921815889,0.9055894786284641,0.41181988742964354,0.1462341946124244,1.0,0.9740542681719152,0.4512177130762209,0.39604559828098834,0.4047080309145678,0.3849428710020879,0.19021723663124282,0.07246413914524487,0.8504457015829096
2025-06-10,142,194,57449,57361,0.1372499894685628,0.16888533325419994,122,97,4006,4002,1.3377834662988128,0.016535154544520054,494,223,8835,6815,0.5675734935276524,0.3663552434002996,0.49295774647887325,0.7818930041152263,1.0,1.0,0.3485714285714286,0.2908545727136432,1.0,1.0,0.4634146341463415,0.24518966465090708,1.0,1.0,0.48355009547918815,0.42131571859925543,0.38461502093834643,0.39002330961065473,0.1553759210385214,0.05937601994327539,0.9126390068677941
2025-06-11,90,162,45936,45935,0.11642165965853553,0.14249756382061984,74,42,2819,2930,1.74346722058843,0.017740889256563128,475,19,7012,4953,0.7939612383347638,1.6956112558255632,0.30985915492957744,0.6502057613168725,0.8025610300098838,0.802116032002798,0.21142857142857144,0.12593703148425786,0.8887137452711223,0.9174886488179114,0.4455909943714822,0.020890599230346345,1.0,0.9809863339275104,0.40957113398340905,0.3546516412216963,0.5012497900031303,0.41846360278344163,0.21735063402698998,0.27481153758712257,0.8201783952385828
2025-06-11,42,67,11788,11622,0.20407826910566082,0.23213510567262235,66,215,1323,1321,0.0018303212336460736,0.0020711124010880633,326,241,2206,2266,0.10857582824787237,0.22865445315916635,0.14084507042253522,0.25925925925925924,0.20519728152962066,0.20205482446552703,0.18857142857142858,0.6446776611694153,0.4170870113493064,0.4136527321121027,0.3058161350844278,0.26498075865860365,0.39622810956443644,0.44880174291938996,0.7209136657315627,0.581105189749059,0.0005262204664184744,0.04885240782437954,0.029723145123780458,0.037058542536165834,0.325725804842252
2025-06-12,123,207,57326,57555,0.13245415313256792,0.16367181277626344,138,68,4228,4214,1.0912422390714942,0.015156608576641655,379,47,9157,7203,0.5874939379469434,1.5448055006435912,0.426056338028169,0.8353909465020576,1.0,1.0,0.3942857142857143,0.20389805097451275,1.0,1.0,0.35553470919324576,0.05167674546454096,1.0,1.0,0.4665160368255837,0.40814467231489754,0.3137339989635834,0.35750682726422606,0.16082923666097343,0.2503701089777289,0.9046992017376376
2025-06-13,46,70,18517,18595,0.13743005910169928,0.1741669877628093,83,160,1242,1158,0.001336675255419813,0.002825257653166353,588,339,2077,2100,0.07053164598894175,0.19135078423024607,0.15492957746478872,0.2716049382716049,0.32291019776259744,0.32399772657718706,0.23714285714285716,0.47976011994003,0.3915510718789407,0.3626115547205261,0.551594746716698,0.3727322704782848,0.37305792546026045,0.41592394533571003,0.48418967458024265,0.4346588935777136,0.0003842964084265549,0.06664082500250719,0.019308370779934664,0.031012652842536563,0.3316112165707187
2025-06-13,60,125,38901,39020,0.1081851784470467,0.13402917508479548,144,39,1871,1802,0.9952803353318643,0.016111156725780874,327,34,4921,3149,0.632973870505023,1.3907132030810323,0.20422535211267606,0.49794238683127573,0.6794951412152647,0.6811874262230577,0.4114285714285714,0.11694152923538231,0.5898486759142497,0.5642711758258964,0.3067542213883677,0.037383177570093455,0.8838796587337225,0.6236878589819767,0.38031644424289535,0.3332577404083204,0.2861447884927632,0.3800222520404273,0.17327958272287453,0.2253960230379174,0.6033232761016979
2025-06-14,135,213,57250,57542,0.12773935051776406,0.15540562666914104,133,73,4052,4032,1.0954815444185115,0.014387158458612131,391,31,8710,7095,0.638483743130219,1.5685921218256582,0.46830985915492956,0.8600823045267489,1.0,1.0,0.38,0.21889055472263869,1.0,1.0,0.36679174484052535,0.034084661902144035,1.0,1.0,0.44976979724314464,0.3872616010250121,0.3149528064581312,0.3393574062348568,0.17478793634351988,0.2542252602800028,0.9039837705079704
2025-06-15,60,94,25200,25444,0.14858769315731182,0.1774719680070036,115,261,2196,2211,0.001508997666351599,0.0026127228496063523,968,705,3835,3945,0.08100479476458199,0.19225055933242988,0.20422535211267606,0.37037037037037035,0.4398184187738894,0.4437721330826739,0.32857142857142857,0.782608695652174,0.6923076923076923,0.6923438233912635,0.9080675422138836,0.7751511819681144,0.688819039066008,0.7813428401663696,0.5238198411712658,0.4430083472624914,0.0004338393945362899,0.06162765580177579,0.022175444658023163,0.031158481421147497,0.5434528155615941
2025-06-15,111,133,32054,32290,0.16010609733591144,0.1791516992449547,112,26,2330,2388,1.4312833310004824,0.019780930384345877,382,22,5898,4146,0.8434822943942657,2.888316281599539,0.38380281690140844,0.5308641975308642,0.5597180068049227,0.5634940759847855,0.32,0.07796101949025487,0.7345523329129886,0.7477689055894786,0.35834896810506567,0.024189114898295765,1.0,0.8211527035056447,0.5647314066685247,0.44725189401251625,0.4114963910000188,0.46658311628767873,0.23090725670896603,0.4681159290829492,0.6745402726348424
2025-06-16,143,241,56949,57714,0.1395003485738403,0.17020574305784927,139,46,3781,3807,1.3040820773076334,0.01671120277900384,529,159,8288,6694,0.6734908077196666,4.5784437877510165,0.4964788732394366,0.9753086419753086,0.9952155621058524,1.0,0.39714285714285713,0.13793103448275862,1.0,1.0,0.49624765478424016,0.17482133040131942,1.0,1.0,0.4915430181532306,0.42465150268445934,0.37492581430735444,0.39417585108703507,0.18437128539957554,0.7420387030018071,0.9111128447595674
2025-06-17,65,99,32298,32443,0.13871195580872692,0.15751763825340226,127,338,2381,2369,0.0009688479595436318,0.0019655004701125195,1092,855,3987,3980,0.06761285005767735,0.17076460564618698,0.22183098591549297,0.39094650205761317,0.5639863901547288,0.5661697197569187,0.3628571428571429,1.0,0.7506305170239597,0.741819320494755,1.0,0.9400769653655855,0.7161203412662775,0.7882749059219647,0.48874277067559585,0.3925972283515235,0.0002785454355157318,0.046361284155559346,0.018509336626093227,0.02767620448487694,0.6038355498368981
2025-06-17,47,94,25066,24369,0.12094594836691888,0.14034118266304452,91,28,2006,1959,0.9972130257455202,0.024593857960749525,140,36,5227,3319,1.1692683287187953,3.1177654919634152,0.15845070422535212,0.37037037037037035,0.4374743066063728,0.42497267520657545,0.26,0.08395802098950525,0.6324085750315258,0.6134335368717708,0.13133208255159476,0.03958218801539307,0.9388414907947912,0.6573578926520103,0.4256406980438046,0.34920392194000605,0.28670044027247327,0.5801081478929896,0.3200927203042545,0.5053032797104062,0.5568134257720965
2025-06-18,129,209,54737,54819,0.12503266803332605,0.15489117739306985,67,50,3306,3343,0.6974824857198986,0.014801753168610482,193,118,7390,5892,0.8789691867955236,0.4913490775150836,0.4471830985915493,0.8436213991769548,0.9565202179674448,0.957478249464434,0.19142857142857142,0.14992503748125938,1.0,1.0,0.18105065666041276,0.1297416162726773,1.0,1.0,0.44015608548018126,0.3859619350402398,0.20052740044057962,0.34913666777760516,0.2406219608918028,0.07963405233364734,0.8791124128579995
2025-06-19,92,152,41234,41701,0.13121780500698071,0.17154194100543926,144,363,2549,2592,0.0008894986575353194,0.0019476535208797876,1118,1041,4344,4364,0.06955829915077952,0.16452374604689415,0.31690140845070425,0.6090534979423868,0.720307183654191,0.7280723997726577,0.4114285714285714,1.0,0.8035939470365699,0.8116486613433537,1.0,1.0,0.7802424786708576,0.8643295702119231,0.46212472214925465,0.42802717274986923,0.0002557323762858957,0.04594031886083155,0.019041912491811627,0.026664734304754797,0.6838869983915228
2025-06-19,28,62,16053,16040,0.09844488401907656,0.1077163389827519,69,26,1061,1030,1.5640022366957718,0.028344279567024785,195,7,3504,1719,1.3750106729015337,2.286857919894213,0.09154929577464789,0.23868312757201646,0.27980652327930794,0.2793162243693438,0.19714285714285715,0.07796101949025487,0.3344892812105927,0.32253013934554564,0.18292682926829268,0.007696536558548653,0.6293668612483161,0.3404634581105169,0.3457204457631012,0.2667829689675243,0.4496533020239934,0.668571297322673,0.3764156574895866,0.3706362169101277,0.35810597981818787
2025-06-20,128,192,57089,57611,0.13892671400687132,0.15138727581758077,183,52,4323,4323,1.0899196745149888,0.014886416443561036,394,39,8978,7252,0.6526322677612182,0.9338092027005457,0.44366197183098594,0.7736625514403292,0.9976646345196757,1.0,0.5228571428571429,0.15592203898050974,1.0,1.0,0.3696060037523452,0.04288070368334249,1.0,1.0,0.4895055581202127,0.37710994145511684,0.3133537594050845,0.35113366457674516,0.17866116169837976,0.15134456198345855,0.9053435807504542
2025-06-21,120,188,48139,48187,0.1351218916704235,0.18585532939291644,164,264,3688,3647,0.0012261065104133622,0.003316293324341119,1376,1108,6244,6301,0.07645568274648673,0.19024854918223474,0.4154929577464789,0.757201646090535,0.8410989337788313,0.8414987102697503,0.4685714285714286,0.7916041979010495,1.0,1.0,1.0,1.0,1.0,1.0,0.4759914257968977,0.46418744136975376,0.0003525077062583044,0.0782231393433152,0.02093010378537982,0.030834011124226592,0.8262044798432121
2025-06-21,8,30,9327,9322,0.05089500193409895,0.09246362927612592,15,24,221,235,2.721849443375832,0.03295471642454744,299,18,2257,395,1.4854796190092519,3.7207787392412857,0.02112676056338028,0.10699588477366255,0.16214608716948456,0.1618327285445722,0.04285714285714286,0.07196401799100449,0.06967213114754098,0.07358697354000313,0.2804878048780488,0.019791094007696537,0.4053884149079479,0.07823331352743118,0.17683072066378513,0.22824966956685536,0.7825363424107308,0.7773200747883102,0.4066570525571405,0.6030349956921757,0.20861424654766855
2025-06-22,142,210,57359,57552,0.13616139503281058,0.16453759797321085,168,46,4158,4154,1.0386525748748205,0.013875251839708684,373,253,8577,7019,0.6648090066623297,0.36888858117615886,0.49295774647887325,0.8477366255144033,1.0,1.0,0.48,0.13793103448275862,1.0,1.0,0.349906191369606,0.27817482133040133,1.0,1.0,0.4796835787406131,0.4103319269635682,0.29861438109888905,0.327282797970461,0.18199460140897403,0.05978660370592708,0.9038456170469197
2025-06-23,102,161,55180,55224,0.12957749690656586,0.15818080294802084,244,155,3325,3311,0.0007922871414541227,0.0037924575727620487,1589,1551,5656,5645,0.06356131228883778,0.15175204633107958,0.352112676056338,0.6460905349794238,0.9642697828197571,0.9645608359200805,0.6971428571428572,0.46476761619190404,1.0,1.0,1.0,1.0,1.0,1.0,0.45629860498534336,0.3942725977921803,0.00022778390014239816,0.08945467368352185,0.017400209051189778,0.02459479614856159,0.8621477487952409
2025-06-23,284,125,2336,2485,0.0020126781654453375,0.002779638148131735,7,16,5,0,2.2877716402128923,0.03663716527236559,156,8,1813,3,1.4149029071400747,2.916311178702787,0.9929577464788732,0.49794238683127573,0.039849906847781405,0.04226817645258602,0.02,0.047976011994003,0.0015762925598991173,0.0,0.14634146341463414,0.008796041781198461,0.3256398742703188,0.0005941770647653001,0.0032083716377736757,0.0016787750797807905,0.6577382360218945,0.8641799153317398,0.38733634477992035,0.4726531251478521,0.11111881061913796
2025-06-24,46,89,57623,57602,0.08216899101695774,0.09572758460851631,314,18,1130,1149,0.3435330366848207,0.011260563346111365,275,17,3654,1977,0.5045170544999567,0.8229557091056645,0.15492957746478872,0.3497942386831276,1.0,1.0,0.8971428571428571,0.053973013493253376,0.3562421185372005,0.35979333020197274,0.2579737335834897,0.018691588785046728,0.6563089357880557,0.39156268568033276,0.28791102596346374,0.236495480997907,0.09876633209042322,0.26560877749922845,0.1381139234240041,0.13337828644886898,0.5525107415346338
2025-06-25,179,264,57400,57502,0.15460736884939516,0.1799737575774449,159,82,4345,4420,1.0835243297955042,0.014847216556927787,402,46,8943,7480,0.581479719833648,1.4202059966238567,0.6232394366197183,1.0,1.0,1.0,0.4542857142857143,0.24587706146926536,1.0,1.0,0.3771106941838649,0.05057724024189115,1.0,1.0,0.5452007853133793,0.44932868039735774,0.3115150869254508,0.3502090364167907,0.1591828160840155,0.23017598655455315,0.9084115479582142
2025-06-25,22,25,12,25,0.0009888763533371695,0.0019894090480115285,33,2,1,0,0.6141534760739382,0.03412949405703812,23,2,335,1,1.060446955543421,5.278236801352195,0.07042253521126761,0.08641975308641975,0.0,0.0,0.09428571428571429,0.005997001499250375,0.00031525851197982345,0.0,0.021575984990619138,0.0021990104452996153,0.060170633138751685,0.00019805902158843335,0.0,0.0,0.1765701684989838,0.8050301671885312,0.2903023560983604,0.8554557338216651,0.023762797742847928
2025-06-26,168,219,48291,48600,0.15694115537658346,0.18025951641781207,145,55,3573,3520,1.3469418720138793,0.01732340316529994,460,22,7835,5770,0.8246350821781149,2.0304085204494964,0.5845070422535211,0.8847736625514403,0.843757926685268,0.8487211996677305,0.4142857142857143,0.16491754122938532,1.0,1.0,0.43151969981238275,0.024189114898295765,1.0,1.0,0.5534900291081992,0.4500506000538678,0.38724807815171414,0.40861614072359365,0.22574774346444867,0.32907288478870717,0.870023014574408
2025-06-27,123,169,57328,57547,0.12722682416523537,0.1476732977179767,103,53,4056,3994,1.3801309957473873,0.01621151412710146,430,13,8516,6703,0.7168666741568498,1.7827080950249266,0.426056338028169,0.6790123456790124,1.0,1.0,0.29428571428571426,0.15892053973013492,1.0,1.0,0.40337711069418386,0.014293567894447499,1.0,1.0,0.44794938400573575,0.3677272263289382,0.3967900076502189,0.382389434379219,0.19624563343621945,0.2889275186040696,0.9120764699653088
2025-06-28,110,195,49828,50174,0.12448050081827768,0.16600126155596343,167,53,2998,3019,1.1762568167023821,0.014929921082365209,432,41,6936,5132,0.5917959005232101,1.1991411321542347,0.38028169014084506,0.7860082304526749,0.8706452431141705,0.876247103571897,0.47714285714285715,0.15892053973013492,0.9451450189155107,0.9453577579458274,0.4052532833020638,0.04507971412864211,1.0,1.0,0.43819487411499397,0.41402961662926474,0.33817583456649486,0.35215983117011657,0.1620069192081379,0.1943475057617626,0.8455710045631748
2025-06-28,25,33,7467,7360,0.18978524668731522,0.20565739714286269,48,41,813,824,0.0021151477811744523,0.007054067649192497,235,229,1411,1414,0.10015763772968507,0.20275353597823137,0.08098591549295775,0.11934156378600823,0.12960841081440405,0.12752153193721855,0.13714285714285715,0.12293853073463268,0.2563051702395965,0.2580241114764365,0.22045028142589118,0.2517866959868059,0.2534351145038168,0.28005545652604474,0.6701470913211629,0.5142138969987843,0.0006081085830690019,0.16638797075333694,0.027418625761694754,0.03286072251642086,0.21436819433901627
2025-06-29,167,217,57297,57515,0.14534922796524657,0.16713937643655125,132,70,4535,4676,1.3064141000212794,0.015506189246468958,410,61,9748,7823,0.6709589217095653,0.8933470544324515,0.5809859154929577,0.8765432098765432,1.0,1.0,0.37714285714285717,0.2098950524737631,1.0,1.0,0.38461538461538464,0.06706981858163827,1.0,1.0,0.5123173206170792,0.41690486452223396,0.37559627480222,0.3657525687512411,0.18367816966166645,0.14478677042514573,0.9131754935110761
2025-06-30,50,60,14088,14204,0.18810478859118174,0.20597696829736706,70,73,1460,1492,0.0019061553698231073,0.004897450296765111,443,356,2528,2567,0.0947325606391612,0.21809874450690142,0.16901408450704225,0.23045267489711935,0.24543204261386,0.2472084991037468,0.2,0.21889055472263869,0.46027742749054223,0.4671989979646156,0.4155722326454034,0.3914238592633315,0.45406376290974404,0.5084175084175084,0.6641783676681853,0.5150212375443783,0.0005480229094956535,0.1155187130700903,0.025933485318637647,0.03534775504576417,0.3630474373866833
2025-06-30,93,145,43191,43674,0.13946336482641514,0.14598668807233847,165,44,2974,2913,1.129718972251492,0.017423890936694338,409,24,7194,5115,0.6961355923394745,1.0628364260565657,0.3204225352112676,0.5802469135802469,0.7545417173245633,0.7625759629257203,0.4714285714285714,0.13193403298350825,0.937578814627995,0.9121653358384217,0.38367729831144465,0.026388125343595383,1.0,1.0,0.4914116576816186,0.3634663024867175,0.32479612516746525,0.41098639816927507,0.19057040200234932,0.17225629485810323,0.8054356391910742
2025-07-01,168,238,57706,57847,0.14471355244226683,0.1638025343787533,180,96,3533,3512,1.2878335262103,0.01833511941991528,497,47,8165,6201,0.8571394017101565,0.9717144746271845,0.5845070422535211,0.9629629629629629,1.0,1.0,0.5142857142857142,0.28785607196401797,1.0,1.0,0.46622889305816134,0.05167674546454096,1.0,1.0,0.5100595008366526,0.40847491754631954,0.3702543282425665,0.43248001940398634,0.23464595425585044,0.15748795483074526,0.9125284078660894
2025-07-02,67,106,20865,21004,0.1582572252458123,0.2072615255404281,123,90,1988,1911,0.0016707763760062638,0.008641292241308413,548,562,3237,3372,0.09268892192686796,0.20025266109337442,0.22887323943661972,0.41975308641975306,0.36398464081729043,0.36612600008743934,0.3514285714285714,0.2698650674662669,0.626733921815889,0.5984030061061532,0.5140712945590994,0.6179219351291919,0.5814099685675796,0.6678550207961973,0.5581645029171631,0.5182664464152104,0.00048035104860341324,0.20382666458868623,0.02537402958151544,0.03245540008767469,0.4753434676893836
2025-07-02,81,123,36582,36610,0.1298546048672556,0.14474206257516095,108,28,2472,2466,1.4547415779823927,0.018711214707798667,396,21,6185,4197,0.8476686840032077,1.557145077114224,0.27816901408450706,0.4897119341563786,0.6389280060177208,0.6390416648450138,0.30857142857142855,0.08395802098950525,0.7793190416141236,0.7721935180836074,0.3714821763602251,0.02308960967564596,1.0,0.8312537136066548,0.45728284900975724,0.3603219741773933,0.41824067688889,0.441351175008508,0.23205330061117968,0.2523700119457104,0.7085994516238271
2025-07-03,141,204,57793,57808,0.11842002088158929,0.1687470588239721,183,46,859,855,1.219263830906321,0.016063297949806453,487,25,4284,1866,0.5827286815496917,1.5810957999429938,0.4894366197183099,0.823045267489712,1.0,1.0,0.5228571428571429,0.13793103448275862,0.2708070617906683,0.2677313292625646,0.45684803001876173,0.02748763056624519,0.7694656488549618,0.36957813428401665,0.4166689996943591,0.4209663924715109,0.35054042426673043,0.3788933821439167,0.15952472524500538,0.2562517595716971,0.5591744288481398
2025-07-04,156,209,27598,27723,0.22374964168048145,0.27267965604785377,114,129,1962,1820,0.001991834270622159,0.004824606585689053,471,371,3541,3325,0.10575625714093817,0.22980284275573076,0.5422535211267606,0.8436213991769548,0.481767530547805,0.48362698378000263,0.32571428571428573,0.3868065967016492,0.6185372005044136,0.569907624863003,0.44183864915572235,0.4079164376030786,0.6360125729681185,0.658546246781541,0.7907832965447438,0.683533894466071,0.0005726557391388336,0.11380051048530576,0.028951274233632623,0.03724466462617712,0.5209616483801551
2025-07-04,79,116,29520,29798,0.14230948861055845,0.1573917303278312,87,141,2651,2660,1.5981636136047952,0.04582125551091474,303,11,6402,4469,1.8521148728494565,1.8335385514152984,0.2711267605633803,0.4609053497942387,0.5153897961147216,0.5199143094478206,0.24857142857142858,0.42278860569715143,0.835750315258512,0.8329419132613121,0.28424015009380865,0.012094557449147883,1.0,0.8851257674787086,0.5015206430760208,0.3922791440316705,0.459474755963395,1.0,0.5070251826763785,0.2971657252265493,0.7042280520956272
2025-07-05,161,261,57385,57546,0.15118675758415207,0.17456631258130978,139,177,4436,4369,1.3110832619684671,0.01789007928700571,461,33,9660,7701,0.6723998920091384,1.4171453347119378,0.5598591549295775,1.0,1.0,1.0,0.39714285714285713,0.5307346326836582,1.0,1.0,0.4324577861163227,0.03628367234744365,1.0,1.0,0.5330513104687078,0.4356677177856975,0.3769386668001198,0.4219826258005815,0.1840726420780821,0.22967993818075344,0.9143464322034475
2025-07-06,83,118,34749,34534,0.1516996803790851,0.16246611816800519,166,247,3196,3174,0.0016251719736782347,0.003489928634956022,1289,1028,5369,5516,0.0821334867104096,0.17694521343528014,0.2852112676056338,0.4691358024691358,0.6068626507710205,0.6027368513094041,0.4742857142857143,0.7406296851574213,1.0,0.9938938468764679,1.0,1.0,0.9643466546924113,1.0,0.5348731318073727,0.4050986960772717,0.0004672397054016594,0.08231876592660241,0.022484429402116365,0.028677909518332066,0.7539553383467648
2025-07-06,43,74,22960,22978,0.11592416742379628,0.13286274235756562,81,25,1576,1571,1.8424095427724017,0.023775122920524926,352,15,4597,2686,1.097792465161611,2.714133538950976,0.1443661971830986,0.2880658436213992,0.40063326015271716,0.40064705110829363,0.23142857142857143,0.07496251874062969,0.4968474148802018,0.4919367465163614,0.3302063789868668,0.016492578339747113,0.8256847777278851,0.531986531986532,0.4078041195749611,0.3303109524359799,0.5296958758437343,0.5607962177127882,0.3005258655112371,0.4398857394307298,0.5007213207741141
2025-07-07,147,193,57552,57580,0.13686981701317041,0.15602266789434205,157,89,4231,4233,1.188929993304234,0.015987512670369443,455,24,9056,7350,0.6878742470966714,2.1427393267324986,0.5105633802816901,0.7777777777777778,1.0,1.0,0.44857142857142857,0.26686656671664166,1.0,1.0,0.4268292682926829,0.026388125343595383,1.0,1.0,0.4821997825306344,0.38882044759919804,0.34181939438530634,0.3771057952528352,0.18830881977422295,0.34727859172004216,0.9082919285650625
2025-07-08,121,148,41429,41612,0.1539449458439332,0.17335411344368795,211,180,3511,3433,0.002569155972321833,0.006802337264642667,1444,962,5688,5805,0.07459427575325685,0.19717428167765078,0.41901408450704225,0.5925925925925926,0.7237183916591591,0.7265159795391947,0.6028571428571429,0.5397301349325337,1.0,1.0,1.0,1.0,1.0,1.0,0.542847962669319,0.43260530899397165,0.0007386367098871928,0.16045027495210681,0.02042053484091933,0.031956480198103855,0.794611538090206
2025-07-08,35,58,16016,16139,0.12118521387850681,0.12433182418380742,23,24,1347,1266,2.3178523715850066,0.027265547548699275,297,15,4112,2151,1.361743519384581,2.7625086816013,0.11619718309859155,0.2222222222222222,0.2791592684270832,0.281047523280724,0.06571428571428571,0.07196401799100449,0.4246532156368222,0.3964302489431658,0.27861163227016883,0.016492578339747113,0.7385720700493938,0.42602495543672014,0.42649053162289985,0.3087590819503553,0.6663864974318934,0.6431266828899803,0.3727837116345331,0.44772600782188243,0.43268607836527917
2025-07-09,168,226,57246,57659,0.1417350277266313,0.16334586101640192,124,85,4678,4550,1.2543251696110964,0.015905930065784436,454,33,10291,7820,0.6903574873560692,1.684581201092585,0.5845070422535211,0.9135802469135802,1.0,1.0,0.35428571428571426,0.25487256371814093,1.0,1.0,0.425891181988743,0.03628367234744365,1.0,1.0,0.4994802480947383,0.40732121228749907,0.36062061875244367,0.375181463831485,0.18898861850841994,0.2730238717583981,0.9110360742799815
2025-07-10,136,183,42767,42684,0.15426792803136496,0.17701128507456787,142,55,3854,3990,1.3117880092500007,0.018503337423714003,472,16,8548,6569,0.6549171319214877,2.2317875000495704,0.47183098591549294,0.7366255144032922,0.7471245265855557,0.745262973811918,0.4057142857142857,0.16491754122938532,1.0,1.0,0.4427767354596623,0.017592083562396922,1.0,1.0,0.5439951447538054,0.44184451252717133,0.3771412828417077,0.4364478651474916,0.1792866540397209,0.3617108298551177,0.838865088220164
2025-07-10,20,37,13379,13272,0.10617739044863717,0.11875223049331136,49,66,591,600,0.001931461633791508,0.0031377462708498346,458,318,982,1015,0.06039896953424835,0.14437187402293628,0.06338028169014084,0.13580246913580246,0.23302924017528362,0.2309098063218642,0.14,0.19790104947526238,0.18631778058007567,0.18788163457022075,0.42964352720450283,0.34964266080263884,0.17638078132016166,0.20102990691225986,0.3731850961040485,0.29466321581605337,0.0005552985034099706,0.07401165692043213,0.016534502805678,0.0233986749900763,0.19086287713096775
2025-07-11,172,216,57601,57556,0.1582508355758881,0.171256226951221,186,52,5207,5196,0.9402624701559452,0.018007168773854675,394,23,10252,8290,1.0285634142325113,1.6132493046197878,0.5985915492957746,0.8724279835390947,1.0,1.0,0.5314285714285715,0.15592203898050974,1.0,1.0,0.3696060037523452,0.025288620120945574,1.0,1.0,0.5581418078115256,0.42730536623771953,0.27032705871832996,0.4247444765627554,0.28157408627314,0.2614629505381916,0.9049397962624094
2025-07-12,123,190,56478,56729,0.14620531450923202,0.15815273017444406,191,977,4504,4589,0.0012322209640185935,0.0016119959089103838,1909,1255,7227,7488,0.07253645955904284,0.18795239391139767,0.426056338028169,0.7654320987654321,0.9869761827707756,0.9908800769466183,0.5457142857142857,1.0,1.0,1.0,1.0,1.0,1.0,1.0,0.5153580057825342,0.39420167684698126,0.00035426562206504475,0.038022987797258136,0.019857197951247598,0.030461868064695953,0.8722865711001502
2025-07-12,241,159,1077,1132,0.0019571169101385223,0.00339943670435736,11,22,10,0,4.75629846096479,0.04734895963372379,160,11,1939,5,2.139087919148337,4.8738228767421194,0.8415492957746479,0.6378600823045267,0.017825748497756474,0.01860709133038954,0.03142857142857143,0.06596701649175413,0.0031525851197982345,0.0,0.150093808630394,0.012094557449147883,0.34827121688370005,0.0009902951079421667,0.003011026771214994,0.003244587567824753,1.0,1.0,0.5855854077228049,0.7899114576428504,0.1412411928948677
2025-07-13,141,204,57554,57677,0.13463051368589848,0.15180751812244353,183,61,4725,4769,1.2082062401099827,0.016259214339473225,438,27,9434,7707,0.6790273055598989,1.5712288716158587,0.4894366197183099,0.823045267489712,1.0,1.0,0.5228571428571429,0.18290854572713644,1.0,1.0,0.41088180112570355,0.029686641011544807,1.0,1.0,0.47424612824646484,0.37817161002847655,0.3473613481136758,0.3835145641533784,0.18588692779842542,0.25465260426087577,0.908448441223691
2025-07-14,16,31,8620,8680,0.09594729968722696,0.11037879045560965,20,22,732,774,2.9333109255833683,0.032283467471465384,273,17,3104,1239,1.370727915183082,4.744201047275663,0.04929577464788732,0.1111111111111111,0.14977827147967707,0.15060551742228828,0.05714285714285714,0.06596701649175413,0.23076923076923078,0.24236730859558478,0.25609756097560976,0.018691588785046728,0.557521329142344,0.24539512774806893,0.3368494178504641,0.2735091862572175,0.8433318780529233,0.7614869758264069,0.3752432323628363,0.7689033556158388,0.308261158019263
2025-07-15,185,129,174,307,0.0016564253494958212,0.0027724384138883744,6,18,8,0,3.6061761877595133,0.04564883019397385,138,4,1802,2,1.7310374561525808,3.2857923414549646,0.6443661971830986,0.51440329218107,0.002029231428596419,0.004179600402220959,0.017142857142857144,0.053973013493253376,0.0025220680958385876,0.0,0.1294559099437148,0.0043980208905992305,0.3236641221374046,0.0003961180431768667,0.0019430174977982224,0.0016605862123243978,1.0,1.0,0.47387966874598675,0.5325357698852904,0.13393769234069022
2025-07-16,180,11,213,291,0.0014897008462197235,0.017253677972594396,8,18,4,0,2.8651937353211063,0.04564883019397385,70,8,2547,4,3.6704189572411385,4.649789111803907,0.6267605633802817,0.02880658436213992,0.002711473029590043,0.0038997945175534474,0.022857142857142857,0.053973013493253376,0.0012610340479192938,0.0,0.06566604127579738,0.008796041781198461,0.45747642568477775,0.0007922360863537334,0.0013508382054227294,0.03824490141541402,0.8237480700458887,1.0,1.0,0.7536018004601807,0.12947713585730866
2025-07-17,0,0,0,0,0.0,0.0,0,0,0,0,0.0,0.0,38,8,3434,6,0.37663230723869556,3.4843346599351492,0.0,0.0,0.0,0.0,0.0,0.0,0.0,0.0,0.03564727954971857,0.008796041781198461,0.616793893129771,0.0011883541295306002,0.0,0.0,0.0,0.0,0.10310487064213932,0.5647139708910903,0.061738807019453626
2025-07-18,0,0,0,0,0.0,0.0,0,0,0,0,0.0,0.0,7,0,967,0,2.3606325812873594,0.0,0.0,0.0,0.0,0.0,0.0,0.0,0.0,0.0,0.006566604127579738,0.0,0.1736865738661877,0.0,0.0,0.0,0.0,0.0,0.6462343039865652,0.0,0.01736865738661877
2025-07-19,0,0,0,0,0.0,0.0,0,0,0,0,0.0,0.0,0,0,0,0,0.0,0.0,0.0,0.0,0.0,0.0,0.0,0.0,0.0,0.0,0.0,0.0,0.0,0.0,0.0,0.0,0.0,0.0,0.0,0.0,0.0
2025-07-20,0,0,0,0,0.0,0.0,0,0,0,0,0.0,0.0,0,0,0,0,0.0,0.0,0.0,0.0,0.0,0.0,0.0,0.0,0.0,0.0,0.0,0.0,0.0,0.0,0.0,0.0,0.0,0.0,0.0,0.0,0.0
2025-07-21,0,0,0,0,0.0,0.0,0,0,0,0,0.0,0.0,0,0,0,0,0.0,0.0,0.0,0.0,0.0,0.0,0.0,0.0,0.0,0.0,0.0,0.0,0.0,0.0,0.0,0.0,0.0,0.0,0.0,0.0,0.0
2025-07-22,0,0,0,0,0.0,0.0,0,0,0,0,0.0,0.0,0,0,0,0,0.0,0.0,0.0,0.0,0.0,0.0,0.0,0.0,0.0,0.0,0.0,0.0,0.0,0.0,0.0,0.0,0.0,0.0,0.0,0.0,0.0
2025-07-23,0,0,0,0,0.0,0.0,0,0,0,0,0.0,0.0,0,0,0,0,0.0,0.0,0.0,0.0,0.0,0.0,0.0,0.0,0.0,0.0,0.0,0.0,0.0,0.0,0.0,0.0,0.0,0.0,0.0,0.0,0.0
2025-07-23,0,0,0,0,0.0,0.0,0,0,0,0,0.0,0.0,0,0,0,0,0.0,0.0,0.0,0.0,0.0,0.0,0.0,0.0,0.0,0.0,0.0,0.0,0.0,0.0,0.0,0.0,0.0,0.0,0.0,0.0,0.0
2025-07-24,0,0,0,0,0.0,0.0,0,0,0,0,0.0,0.0,0,0,0,0,0.0,0.0,0.0,0.0,0.0,0.0,0.0,0.0,0.0,0.0,0.0,0.0,0.0,0.0,0.0,0.0,0.0,0.0,0.0,0.0,0.0
2025-07-25,0,0,0,0,0.0,0.0,0,0,0,0,0.0,0.0,0,0,0,0,0.0,0.0,0.0,0.0,0.0,0.0,0.0,0.0,0.0,0.0,0.0,0.0,0.0,0.0,0.0,0.0,0.0,0.0,0.0,0.0,0.0
2025-07-26,0,0,0,0,0.0,0.0,0,0,0,0,0.0,0.0,0,0,0,0,0.0,0.0,0.0,0.0,0.0,0.0,0.0,0.0,0.0,0.0,0.0,0.0,0.0,0.0,0.0,0.0,0.0,0.0,0.0,0.0,0.0
2025-07-27,0,0,0,0,0.0,0.0,0,0,0,0,0.0,0.0,0,0,0,0,0.0,0.0,0.0,0.0,0.0,0.0,0.0,0.0,0.0,0.0,0.0,0.0,0.0,0.0,0.0,0.0,0.0,0.0,0.0,0.0,0.0
2025-07-28,0,0,0,0,0.0,0.0,0,0,0,0,0.0,0.0,0,0,0,0,0.0,0.0,0.0,0.0,0.0,0.0,0.0,0.0,0.0,0.0,0.0,0.0,0.0,0.0,0.0,0.0,0.0,0.0,0.0,0.0,0.0
2025-07-29,0,0,0,0,0.0,0.0,0,0,0,0,0.0,0.0,0,0,0,0,0.0,0.0,0.0,0.0,0.0,0.0,0.0,0.0,0.0,0.0,0.0,0.0,0.0,0.0,0.0,0.0,0.0,0.0,0.0,0.0,0.0
2025-07-30,0,0,0,0,0.0,0.0,0,0,0,0,0.0,0.0,0,0,0,0,0.0,0.0,0.0,0.0,0.0,0.0,0.0,0.0,0.0,0.0,0.0,0.0,0.0,0.0,0.0,0.0,0.0,0.0,0.0,0.0,0.0
2025-07-31,0,0,0,0,0.0,0.0,0,0,0,0,0.0,0.0,0,0,0,0,0.0,0.0,0.0,0.0,0.0,0.0,0.0,0.0,0.0,0.0,0.0,0.0,0.0,0.0,0.0,0.0,0.0,0.0,0.0,0.0,0.0
2025-08-01,0,0,0,0,0.0,0.0,0,0,0,0,0.0,0.0,0,0,0,0,0.0,0.0,0.0,0.0,0.0,0.0,0.0,0.0,0.0,0.0,0.0,0.0,0.0,0.0,0.0,0.0,0.0,0.0,0.0,0.0,0.0
2025-08-02,0,0,0,0,0.0,0.0,0,0,0,0,0.0,0.0,0,0,0,0,0.0,0.0,0.0,0.0,0.0,0.0,0.0,0.0,0.0,0.0,0.0,0.0,0.0,0.0,0.0,0.0,0.0,0.0,0.0,0.0,0.0
2025-08-03,0,0,0,0,0.0,0.0,0,0,0,0,0.0,0.0,0,0,0,0,0.0,0.0,0.0,0.0,0.0,0.0,0.0,0.0,0.0,0.0,0.0,0.0,0.0,0.0,0.0,0.0,0.0,0.0,0.0,0.0,0.0
2025-08-04,0,0,0,0,0.0,0.0,0,0,0,0,0.0,0.0,0,0,0,0,0.0,0.0,0.0,0.0,0.0,0.0,0.0,0.0,0.0,0.0,0.0,0.0,0.0,0.0,0.0,0.0,0.0,0.0,0.0,0.0,0.0
2025-08-05,0,0,0,0,0.0,0.0,0,0,0,0,0.0,0.0,0,0,0,0,0.0,0.0,0.0,0.0,0.0,0.0,0.0,0.0,0.0,0.0,0.0,0.0,0.0,0.0,0.0,0.0,0.0,0.0,0.0,0.0,0.0
2025-09-11,176,231,56872,57348,0.1488270450427602,0.18555507375396374,307,350,4736,4829,0.0017538822222147663,0.0042058850992391155,1157,1597,8225,8303,0.08166006351269264,0.18639075432941987,0.6126760563380281,0.934156378600823,0.9938685722782497,1.0,0.8771428571428571,1.0,1.0,1.0,1.0,1.0,1.0,1.0,0.5246699815367695,0.4634288980908846,0.0005042441206773379,0.09920640426012968,0.022354827568653205,0.030208769618217855,0.8750576379445562
2025-09-12,12,13,3543,3533,0.20631723136493882,0.20527326213574273,26,31,427,459,0.0019479713698591673,0.006794677563387785,72,93,813,822,0.08156471188376771,0.2037993810030841,0.035211267605633804,0.037037037037037035,0.06096440972981483,0.06059546189830805,0.07428571428571429,0.09295352323838081,0.1346153846153846,0.14372945044621888,0.0675422138836773,0.1022539857064321,0.1460260440053884,0.1628045157456922,0.728866108595699,0.5132434471885974,0.0005600450805977702,0.1602696015857942,0.022328724610471258,0.03303022497659277,0.13270783198224095
2025-09-12,138,178,53650,53956,0.1429951950267658,0.15487672438352124,266,251,4119,4100,0.0019853126894511454,0.0045451370645980356,1472,1295,7057,7151,0.07952412587246661,0.17862516597797942,0.4788732394366197,0.7160493827160493,0.9375049200115456,0.9423862195601801,0.76,0.7526236881559221,1.0,1.0,1.0,1.0,1.0,1.0,0.50395616474409,0.38592542204321245,0.0005707807734647698,0.10720851721074957,0.021770104564644923,0.028950183212993176,0.8569944922728782
2025-09-13,173,209,57285,57397,0.15390064971281647,0.16539411550006491,350,404,4750,4863,0.0014233092596981183,0.0032927147401015343,1027,1423,8244,8344,0.08964126796330048,0.19191145506695986,0.602112676056338,0.8436213991769548,1.0,1.0,1.0,1.0,1.0,1.0,0.9634146341463414,1.0,1.0,1.0,0.542690629757454,0.41249576846707825,0.00040920383194380033,0.07766697898592052,0.024539719933521054,0.03110352202861221,0.8771754518710672
2025-09-14,62,90,21391,21675,0.14949931611216516,0.18794348929375715,140,138,2590,2601,0.0012880093186396105,0.0038270885891782762,635,619,4267,4257,0.08670475186651685,0.19814750609254844,0.2112676056338028,0.35390946502057613,0.37318615574351216,0.37786035937568313,0.4,0.41379310344827586,0.8165195460277428,0.814466885861907,0.5956848030018762,0.680593732820231,0.766412213740458,0.8431372549019608,0.5270577829597282,0.4694628115959773,0.0003703048688648595,0.09027153352002784,0.023735834800784547,0.03211421287235715,0.5839111902265092
2025-09-14,85,135,35890,35759,0.1371979339372071,0.1601566004583051,161,138,2135,2126,0.0013555208709516255,0.006292549800807875,706,857,3770,3723,0.07031960812249377,0.16748017629319736,0.29225352112676056,0.5390946502057613,0.6268225909436801,0.6241594893542605,0.46,0.41379310344827586,0.6730769230769231,0.6657272584938155,0.6622889305816135,0.9422759758108851,0.6771441400987877,0.7373737373737373,0.48336520239438835,0.3992641041201219,0.0003897145549315477,0.14842565230297883,0.019250324413833893,0.027143889617603962,0.5846991191212434
2025-09-15,180,225,57172,57518,0.16299372836484852,0.17601858037120527,294,251,5218,4996,0.0018499702338304292,0.005371259164014916,1516,1364,8591,8639,0.08618428391614498,0.19029694365390476,0.6267605633802817,0.9094650205761317,0.9991165845935852,1.0,0.84,0.7526236881559221,1.0,1.0,1.0,1.0,1.0,1.0,0.5749878192878847,0.4393366179768341,0.0005318695873769146,0.12669468980681142,0.023593354244376884,0.030841854525315526,0.8786258948418489
2025-09-16,135,172,39699,39650,0.15911698002823974,0.18691546224979563,254,227,3553,3631,0.0014939760389077199,0.004760184658930907,610,907,6047,6113,0.10776867656433421,0.203996901970615,0.46830985915492956,0.691358024691358,0.6934548539740574,0.6922047829318411,0.7257142857142858,0.6806596701649176,1.0,1.0,0.5722326454033771,0.9972512369433755,1.0,1.0,0.5612182170903653,0.46686568133919776,0.0004295206511077737,0.11228095691729666,0.029502183543161076,0.03306223764494843,0.7860153120076246
2025-09-16,40,44,17539,17702,0.12990297330649717,0.1438236510133364,60,84,1147,1172,0.002427563849022823,0.0043049432470135445,424,485,2043,2074,0.06683579286095534,0.17247978327717303,0.13380281690140844,0.1646090534979424,0.3058016776146035,0.3083810606391816,0.17142857142857143,0.2518740629685157,0.3616015132408575,0.36699545952716456,0.3977485928705441,0.5332600329851567,0.3669510552312528,0.4107744107744108,0.45745464612152276,0.35800176823592395,0.0006979287337167134,0.10154294042825932,0.018296613553192342,0.02795418718898256,0.3176244900674215
2025-09-17,56,52,57756,57567,0.08888834114634613,0.07924942235074815,244,492,1232,948,0.0003437507299267162,0.0005152772235679639,935,888,1981,1917,0.03786360513655209,0.07897920631786408,0.19014084507042253,0.19753086419753085,1.0,1.0,0.6971428571428572,1.0,0.3883984867591425,0.2968529826209488,0.8771106941838649,0.9763606377130292,0.3558149977548271,0.37967914438502676,0.3117771039943278,0.19486629037772832,9.882891926757037e-05,0.012154112473630943,0.010365340504831106,0.012800337961342043,0.5117917641693052
2025-09-18,254,311,57622,57490,0.0030960037012443264,0.003083014899512497,0,0,0,0,0.0,0.0,0,0,0,0,0.0,0.0,0.8873239436619719,1.0,1.0,1.0,0.0,0.0,0.0,0.0,0.0,0.0,0.0,0.0,0.007056174069905547,0.002445203302503659,0.0,0.0,0.0,0.0,0.30035280870349534
2025-09-19,5,6,392,408,0.3847940849419897,0.3528377886465843,7,7,137,148,0.005198726638530071,0.008269240142875313,12,5,264,262,0.2149572763740397,0.37689056052983505,0.01056338028169014,0.00823045267489712,0.005842787044406931,0.005945875049184628,0.02,0.020989505247376312,0.04319041614123581,0.04634413652732112,0.01125703564727955,0.005497526113249038,0.04741805118994163,0.05189146365616954,1.0,0.8860393759336428,0.0014946427469782796,0.19505087780134364,0.05884556833858062,0.06108350253363243,0.07699821200470744
2025-09-19,44,57,57111,57189,0.09165171019875375,0.09032948666019282,118,346,1192,737,0.0004899843608019002,0.0004964464681668546,1078,751,1735,1506,0.03799299345098161,0.062103955142609926,0.14788732394366197,0.21810699588477367,0.9980494887561336,0.9989244961308092,0.33714285714285713,1.0,0.37578814627994955,0.2307812744637545,1.0,0.8257284222100055,0.31162999550965426,0.29827688651218065,0.3215921575579732,0.22285813206530883,0.00014087133675726784,0.011709941629975695,0.010400761166217453,0.010065327972049086,0.49023711399200703
2025-09-20,287,333,57730,57655,0.0031456434686420306,0.0028640685324578252,0,0,0,0,0.0,0.0,0,0,0,0,0.0,0.0,1.0,1.0,1.0,1.0,0.0,0.0,0.0,0.0,0.0,0.0,0.0,0.0,0.007232486739930881,0.0018920736569075466,0.0,0.0,0.0,0.0,0.3003616243369966
2025-09-21,103,159,18583,18442,0.003026347235449475,0.002688632387028031,0,0,0,0,0.0,0.0,0,0,0,0,0.0,0.0,0.35563380281690143,0.6378600823045267,0.32406476047197125,0.321322082805054,0.0,0.0,0.0,0.0,0.0,0.0,0.0,0.0,0.006808765225894994,0.0014488649649720502,0.0,0.0,0.0,0.0,0.09728559863619439
2025-09-21,212,197,39019,39032,0.003279837473452573,0.0029090036557457744,0,0,0,0,0.0,0.0,0,0,0,0,0.0,0.0,0.7394366197183099,0.7942386831275721,0.68155935939263,0.6813972806365584,0.0,0.0,0.0,0.0,0.0,0.0,0.0,0.0,0.007709122802706503,0.002005594375033345,0.0,0.0,0.0,0.0,0.20483705608231717
2025-09-22,151,171,57136,57487,0.1479422860770499,0.1585237999468607,251,220,4270,3998,0.0016680965533044808,0.004919561633259581,1823,1540,6990,7003,0.07437104301290297,0.16401075978252233,0.5246478873239436,0.6872427983539094,0.9984868231157449,1.0,0.7171428571428572,0.6596701649175413,1.0,1.0,1.0,1.0,1.0,1.0,0.5215274564253313,0.395139119630204,0.00047958059502066047,0.11604026469008083,0.020359423825281765,0.026581593464784108,0.8758216955039176
2025-09-23,115,147,36419,36452,0.17607309381908287,0.18956755042902523,233,261,3969,4016,0.002221285000197939,0.004194594275404674,1251,922,6790,6902,0.08289834329612583,0.20772487590633654,0.397887323943662,0.588477366255144,0.6360765859930552,0.636278581733922,0.6657142857142857,0.782608695652174,1.0,1.0,1.0,1.0,1.0,1.0,0.6214436744694269,0.47356571758277977,0.0006386232139830738,0.09894008171271816,0.022693812500205402,0.03366643878234979,0.7719792214168729
2025-09-23,39,65,20971,20882,0.12396952758101798,0.1262361687411054,90,89,1141,1164,0.0011372006847352781,0.0033013979701929743,530,477,1942,1917,0.05684497693585642,0.15735069011550848,0.13028169014084506,0.25102880658436216,0.36583893850204235,0.36399248021684955,0.2571428571428571,0.26686656671664166,0.35970996216897855,0.3644903710662283,0.4971857410881801,0.5244639912039583,0.34881005837449486,0.37967914438502676,0.436379977299484,0.31357007490831607,0.000326947130226279,0.07787179486044143,0.015561580568053577,0.02550218096422347,0.32988473855896994
2025-09-24,41,70,57531,57420,0.0846505643386796,0.08552122295137228,101,397,1040,903,0.0006572189288761928,0.000760973723341413,1193,954,1701,1666,0.03449358783309179,0.07626596654068724,0.13732394366197184,0.2716049382716049,1.0,1.0,0.2885714285714286,1.0,0.32786885245901637,0.28276186002818227,1.0,1.0,0.3055231252806466,0.32996632996632996,0.296725185278736,0.21071089602312118,0.00018895155939558706,0.017949483889324932,0.00944278237198661,0.012360597075896295,0.486287275565239
2025-09-25,11,14,3211,3147,0.14201239084209366,0.1538451080809546,24,67,469,466,0.0011373385188341045,0.0016734486048437082,2,2,757,788,1.5399403544769372,1.546201120257041,0.03169014084507042,0.0411522633744856,0.05515660943417681,0.053845144930704324,0.06857142857142857,0.20089955022488756,0.1478562421185372,0.1459214028495381,0.001876172607879925,0.0021990104452996153,0.1359676695105523,0.15607050901168548,0.5004653983888949,0.3833192241532636,0.0003269867577640245,0.03947250457001523,0.4215659357770624,0.2505963001937527,0.12172436833383148
2025-09-26,175,225,16014,15915,0.3118843403201764,0.36413895500897203,101,109,4322,3569,0.006202512029957484,0.009956919224077602,598,542,5678,5413,0.21354103449639208,0.29050501914407867,0.6091549295774648,0.9094650205761317,0.2791242816783143,0.27713024089537885,0.2885714285714286,0.3268365817091454,1.0,1.0,0.5609756097560976,0.5959318306761957,1.0,1.0,1.0,0.9145897932296254,0.0017832327535580337,0.23485904403522578,0.058457865444308484,0.047082803156370236,0.6837162037005567
2025-09-29,0,0,0,0,0.0,0.0,0,0,0,0,0.0,0.0,0,0,0,0,0.0,0.0,0.0,0.0,0.0,0.0,0.0,0.0,0.0,0.0,0.0,0.0,0.0,0.0,0.0,0.0,0.0,0.0,0.0,0.0,0.0
2025-09-29,0,0,0,0,0.0,0.0,0,0,0,0,0.0,0.0,0,0,0,0,0.0,0.0,0.0,0.0,0.0,0.0,0.0,0.0,0.0,0.0,0.0,0.0,0.0,0.0,0.0,0.0,0.0,0.0,0.0,0.0,0.0
2025-09-30,604,724,42540,42626,0.23054370825683534,0.277797296609964,310,235,4175,4281,0.0016312034378623238,0.006426812376222567,645,751,7494,7576,0.20309446429607436,0.5152088439508294,1.0,1.0,0.7431535306002851,0.7442486774799982,0.8857142857142857,0.704647676161919,1.0,1.0,0.6050656660412758,0.8257284222100055,1.0,1.0,0.8149147556793055,0.6964627169374731,0.00046897376160873026,0.15159257365706091,0.0555980675765829,0.08350105845203058,0.8138482090281831
2025-10-01,466,426,57244,57143,0.21221260764647498,0.24753203844391222,478,329,6519,6068,0.001893544841149225,0.006722073436035743,792,487,11077,11030,0.17535620450166745,0.5997658264017087,1.0,1.0,1.0,0.9981200542123901,1.0,0.9865067466266867,1.0,1.0,0.7429643527204502,0.5354590434304562,1.0,1.0,0.7498055607223371,0.6200028434604089,0.0005443973610626415,0.15855705018719712,0.04800458811936829,0.097205399161741,0.8873567231934623
2025-10-02,163,165,18325,18205,0.20289501726262266,0.24817285445640289,197,60,1317,1363,0.001813937894397628,0.005987934468516722,350,183,2052,2044,0.15685723317824973,0.39987114454918027,0.5669014084507042,0.6625514403292181,0.31955146988078265,0.31717745813841647,0.5628571428571428,0.17991004497751126,0.4151954602774275,0.42680444653201816,0.32833020637898686,0.20120945574491478,0.3685675797036372,0.4048326401267578,0.7167109407250771,0.6216217528702771,0.000521510228531087,0.14124053167175263,0.042940407461852806,0.06480801757639881,0.3564336598749663
2025-10-02,193,89,28451,28327,0.19234225100500155,0.15476958932204857,127,88,1456,1513,0.001628810461880019,0.006454113697822019,454,133,2513,2538,0.11469074746833222,0.49904144088208185,0.6725352112676056,0.3497942386831276,0.4966893788977425,0.4941896559262012,0.3628571428571429,0.2638680659670165,0.45901639344262296,0.47377485517457335,0.425891181988743,0.1462341946124244,0.4513695554557701,0.5026737967914439,0.6792291697061321,0.3856547640762387,0.00046828577694549815,0.15223654416113414,0.03139713310382135,0.0808807710006182,0.4388561004571607
2025-10-03,121,126,56823,56938,0.12136422986427621,0.12710506027133123,199,158,1063,844,0.0006929027746766346,0.002153909394957413,682,194,1833,1710,0.061154503223312145,0.32082217636666976,0.41901408450704225,0.5020576131687243,0.9930113969334114,0.9945350413150876,0.5685714285714286,0.4737631184407796,0.33511979823455235,0.2642868326287772,0.6397748592870544,0.21330401319406267,0.3292321508756174,0.33868092691622104,0.42712636833372375,0.31576517716390756,0.0001992107257296342,0.05080538367881079,0.016741333716833295,0.05199637315243301,0.4927122588937777
2025-10-04,218,334,47620,47483,0.0028838842797783795,0.003158867322560991,0,0,0,0,0.0,0.0,17,19,5,11,0.0011927036672514544,0.0011343458665345589,0.7605633802816901,1.0,0.8320198724733008,0.8291872513443799,0.0,0.0,0.0,0.0,0.01594746716697936,0.020890599230346345,0.000898069151324652,0.002178649237472767,0.006302759146276791,0.00263683116298304,0.0,0.0,0.0003265082547696322,0.00018384599103535824,0.24983657696341807
2025-10-04,37,27,5603,5602,0.002908318158090445,0.0031046072957893484,0,0,0,0,0.0,0.0,0,0,0,0,0.0,0.0,0.12323943661971831,0.09465020576131687,0.09700076096178573,0.09677786035937569,0.0,0.0,0.0,0.0,0.0,0.0,0.0,0.0,0.006389544450683226,0.0024997527095609747,0.0,0.0,0.0,0.0,0.029397415450828877
2025-10-05,729,277,57577,57431,0.002598485428286631,0.003071014912753175,0,0,0,0,0.0,0.0,0,0,0,0,0.0,0.0,1.0,1.0,1.0,1.0,0.0,0.0,0.0,0.0,0.0,0.0,0.0,0.0,0.005289067177788608,0.002414887437880592,0.0,0.0,0.0,0.0,0.30026445335888946
2025-10-06,135,283,56743,56878,0.12179896603444301,0.15845336749102173,116,489,1352,1397,0.0008322052449703258,0.001163466789215641,337,392,2366,2366,0.09569223919701635,0.2707036875663213,0.46830985915492956,1.0,0.9916119269826553,0.9934857692475845,0.3314285714285714,1.0,0.4262295081967213,0.43745107249099735,0.31613508442776733,0.43100604727872455,0.4249663224068253,0.4686076450782333,0.4286704830412847,0.39496118436751504,0.00023926042276842545,0.02744329764382844,0.026196201850554757,0.043873556721811445,0.5572304649330547
2025-10-07,14,10,12640,12571,0.1014732855931935,0.08481042510037815,0,0,0,0,0.0,0.0,26,19,34,30,0.0461051333921995,0.10270744029827616,0.04225352112676056,0.024691358024691357,0.22010163650517367,0.21865081099986883,0.0,0.0,0.0,0.0,0.024390243902439025,0.020890599230346345,0.0061068702290076335,0.0059417706476530005,0.3564768532853931,0.2089151897563317,0.0,0.0,0.012621497739248939,0.016646026318258025,0.0846170266205747
2025-10-07,6,9,45003,45029,0.03431584701019685,0.034114338622170844,0,0,0,0,0.0,0.0,28,33,15,13,0.008242847962950007,0.00945381102326838,0.014084507042253521,0.0205761316872428,0.7862397117091902,0.7862720237835003,0.0,0.0,0.0,0.0,0.02626641651031895,0.03628367234744365,0.002694207453973956,0.0025747672806496337,0.11794416207100546,0.08084040722386515,0.0,0.0,0.0022565185105168396,0.0015322004583518429,0.24217051193316821
2025-10-08,154,182,56482,56120,0.14385662871151098,0.15827346127172867,256,371,3680,3711,0.0015889275246721568,0.0035157087417524925,1711,934,6605,6634,0.08025067512182786,0.22220993243766296,0.5352112676056338,0.7325102880658436,0.9870461562683134,0.9802299654614611,0.7314285714285714,1.0,1.0,1.0,1.0,1.0,1.0,1.0,0.5070158421150643,0.3945066828169446,0.0004568193646929054,0.08292685474414586,0.02196900084871505,0.03601406453898119,0.8708287018420313
2025-10-09,73,101,30764,30596,0.14073016859540152,0.15605555675318153,132,138,1834,1846,0.0020272185978633455,0.005699472662525437,943,799,3285,3333,0.07381379423518265,0.16199015672661501,0.25,0.3991769547325103,0.5371515538489797,0.5338696279456128,0.37714285714285717,0.41379310344827586,0.5781841109709962,0.5780491623610459,0.8846153846153846,0.8785046728971962,0.5900314324202963,0.6601307189542484,0.4959111460276997,0.38890353554022516,0.0005828287933778807,0.13443643268579705,0.020206874343896116,0.026254109773732073,0.508934195031728
2025-10-09,63,96,26380,25698,0.14436453175568054,0.1647573274101133,119,97,1806,1846,0.0013222898590251606,0.0061419140295631315,717,592,3115,3159,0.07650877016815799,0.17694036121526385,0.2147887323943662,0.3786008230452675,0.4604606005475426,0.4482140515017706,0.34,0.2908545727136432,0.5693568726355611,0.5780491623610459,0.6726078799249531,0.6509070918086861,0.5594970812752582,0.6256684491978609,0.5088198340861402,0.4108870348979718,0.0003801605825063534,0.14487252784390933,0.020944636717470193,0.028677123108098706,0.4786722561227093
2025-10-10,20,95,57539,57302,0.050597199113113826,0.05358847188894363,153,377,578,604,0.0005350580915797876,0.0006889510197180173,930,821,1017,1008,0.028344218351932633,0.06210937523226507,0.06338028169014084,0.37448559670781895,1.0,1.0,0.43714285714285717,1.0,0.18221941992433796,0.1891341788006889,0.8724202626641651,0.902693787795492,0.18266726537943423,0.19964349376114082,0.1757729717406628,0.13003839382234458,0.0001538301109861566,0.0162506468352973,0.007759363470580977,0.010066206418194612,0.4109779146253201
2025-10-11,270,503,49233,49059,0.0032390579232563733,0.003388235938332884,0,0,0,0,0.0,0.0,0,0,0,0,0.0,0.0,0.9436619718309859,1.0,0.8602366853554216,0.8567481309841297,0.0,0.0,0.0,0.0,0.0,0.0,0.0,0.0,0.0075642802348532,0.0032162907943963258,0.0,0.0,0.0,0.0,0.25810036418123994
2025-10-11,18,90,8432,8497,0.0035342924632591624,0.003406646859955148,0,0,0,0,0.0,0.0,0,0,0,0,0.0,0.0,0.056338028169014086,0.35390946502057613,0.14648951709540012,0.14740523761640362,0.0,0.0,0.0,0.0,0.0,0.0,0.0,0.0,0.00861290702664596,0.0032628027630076974,0.0,0.0,0.0,0.0,0.044469072532052685
2025-10-12,309,726,57743,57618,0.0030682063822227235,0.0031589399885057724,0,0,0,0,0.0,0.0,0,0,0,0,0.0,0.0,1.0,1.0,1.0,1.0,0.0,0.0,0.0,0.0,0.0,0.0,0.0,0.0,0.0069574423515036685,0.0026370147407643227,0.0,0.0,0.0,0.0,0.30034787211757524
2025-10-13,422,532,57434,57560,0.0028102283927283317,0.00336115904403289,0,0,0,0,0.0,0.0,0,0,0,0,0.0,0.0,1.0,1.0,1.0,1.0,0.0,0.0,0.0,0.0,0.0,0.0,0.0,0.0,0.006041144985097642,0.0031478857637512675,0.0,0.0,0.0,0.0,0.3003020572492549
2025-10-14,2,6,8435,8409,0.0362365674352385,0.0781259736577599,0,0,0,0,0.0,0.0,28,25,23,12,0.006298314396942555,0.06530201245748966,0.0,0.00823045267489712,0.14654199721855346,0.1458663052507323,0.0,0.0,0.0,0.0,0.02626641651031895,0.02748763056624519,0.004131118096093399,0.0023767082590612004,0.12476625984189374,0.19202809403879187,0.0,0.0,0.0017241932746590658,0.010583644328451157,0.05066529018344101
2025-10-14,222,381,46997,46808,0.15117859486154955,0.1789327449982572,181,246,1876,1947,0.0016663195637877722,0.0036071024087209365,525,364,3658,3580,0.13466368853295313,0.46892810340842406,0.7746478873239436,1.0,0.8211215002317872,0.8173829405849692,0.5171428571428571,0.7376311844077961,0.5914249684741488,0.6096759041803663,0.4924953095684803,0.40021990104453,0.6570273911091155,0.7090512972865914,0.5330223177579807,0.44669874446038277,0.00047906970751353126,0.08508260480819954,0.036864819930553655,0.07600023453060839,0.613124548684338
2025-10-15,99,178,57195,57403,0.12342688875571055,0.1356046935733443,217,434,3504,3549,0.0013707066964880343,0.0025196453705309406,2019,1630,5977,6101,0.06695339178552227,0.14875586880854025,0.3415492957746479,0.7160493827160493,0.9995189322044276,1.0,0.62,1.0,1.0,1.0,1.0,1.0,1.0,1.0,0.43445260928055596,0.3372380119009436,0.00039408050559082083,0.05943218878382526,0.018328806813494473,0.024109198905075423,0.8716658249554725
2025-10-16,50,102,28602,28723,0.1108291554451699,0.12855677180571304,96,448,1425,1372,0.0012424701049209385,0.0013340794104271334,925,250,2350,2427,0.06408664123514023,0.2385508757474731,0.16901408450704225,0.40329218106995884,0.49933087842979473,0.5011148515717221,0.2742857142857143,1.0,0.44924337957124844,0.42962267105057145,0.8677298311444653,0.2748763056624519,0.42209250112258645,0.48068924539512775,0.38970743595101187,0.31943267207292286,0.00035721226749912353,0.031467626476503814,0.017544020328162248,0.03866247804836574,0.4124967117998445
2025-10-16,41,76,28777,28794,0.11912113819252469,0.1328005287884751,85,434,1595,1602,0.0011543841701193854,0.0014647671594451074,903,736,2731,2746,0.05529637510346038,0.1512093942473596,0.13732394366197184,0.2962962962962963,0.5023922189470738,0.5023564901849342,0.24285714285714285,1.0,0.5028373266078184,0.5016439643024895,0.8470919324577861,0.8092358438702584,0.4905253704535249,0.543870073281838,0.41915925844399465,0.3301537807510361,0.0003318874114880045,0.03455022653689752,0.015137643511840868,0.024506847302392047,0.4489072114780292
2025-10-17,75,158,57504,56981,0.12027244316404911,0.13699233310948938,198,826,3243,3320,0.0010267109817153949,0.001343450096368676,2054,1387,5510,5588,0.056641906136384604,0.15739842447808022,0.25704225352112675,0.6337448559670782,1.0,0.9952870196301316,0.5657142857142857,1.0,1.0,1.0,1.0,1.0,0.9896722047597665,1.0,0.42324851317229745,0.3407436401293007,0.0002951811527635466,0.03168865773051491,0.015505988978834259,0.025509917379943178,0.8696878662128812
2025-10-18,82,149,46682,46822,0.11740172739081921,0.14264301876712862,197,349,2933,2945,0.0013540322549051716,0.0024112015198273374,1644,1192,5006,5050,0.06859666254934473,0.1563387504375703,0.28169014084507044,0.5967078189300411,0.8156110873006849,0.8176277707340532,0.5628571428571428,1.0,0.9246532156368222,0.9221856896821669,1.0,1.0,0.8991468343062415,1.0,0.4130521808888102,0.35501910766608136,0.000389286575287383,0.05687426714816928,0.0187786599362287,0.02533817362003761,0.7749823730276664
2025-10-18,26,38,10563,10537,0.1497969547336872,0.15283573743644233,48,165,543,550,0.0019249833199368705,0.001949483326377561,446,297,1081,1063,0.07743952231642838,0.1518328751077105,0.08450704225352113,0.13991769547325103,0.1837678979086671,0.18308048791151138,0.13714285714285715,0.4947526236881559,0.17118537200504413,0.17222483168936903,0.41838649155722324,0.32655305112699284,0.19416255051638975,0.21053673994850466,0.528114948672105,0.3807692260218272,0.0005534359771629239,0.0459834794369401,0.0211994345083206,0.0246078962505519,0.18009587920793668
2025-10-19,118,177,57246,57378,0.127122411859019,0.15287640424547264,226,194,3242,3240,0.0014445027127795774,0.00500738657510119,1450,1354,5624,5716,0.07590381412186979,0.1597550476453712,0.4084507042253521,0.7119341563786008,1.0,1.0,0.6457142857142857,0.5817091454272864,1.0,1.0,1.0,1.0,1.0,1.0,0.4475785278664429,0.3808719635916214,0.00041529698573589585,0.11811183737427927,0.020779027146283845,0.025891860607727045,0.8724204560918959
2025-10-20,394,499,56576,56609,0.1747825494688774,0.17317760363308635,202,139,1770,1797,0.0010869839371010902,0.006723101531033761,595,489,3501,3459,0.1742708379031481,0.37927543697152355,1.0,1.0,0.9886905334604519,0.988781532811612,0.5771428571428572,0.41679160419790107,0.5580075662042875,0.5627054955378111,0.5581613508442776,0.5376580538757559,0.6288280197575213,0.685086155674391,0.616859863301501,0.4321593878750433,0.00031250972990751565,0.15858130039983598,0.04770746389346189,0.061470024833271575,0.6485353297525325
2025-10-21,12,47,49191,49170,0.034386198065982934,0.043869983548147286,229,240,278,298,0.00019325724256444613,0.000350704026341173,514,429,460,488,0.016774573361861764,0.05048463455135464,0.035211267605633804,0.17695473251028807,0.8595019636312746,0.8586892843090106,0.6542857142857142,0.719640179910045,0.08764186633039092,0.0933145451698763,0.4821763602251407,0.47168774051676743,0.08262236192186799,0.09665280253515547,0.11819403798974959,0.10548633532514955,5.556178579561617e-05,0.008272238682685791,0.004592118581733125,0.008182158497660392,0.31268710391224674
2025-10-21,6,21,8194,8236,0.0792837881954262,0.12175826289450227,26,144,396,394,0.0012318185066093903,0.0012286733399596982,299,229,643,692,0.052698497302478005,0.12920911296688886,0.014084507042253521,0.06995884773662552,0.14232609399190058,0.14284090412276484,0.07428571428571429,0.431784107946027,0.12484237074401008,0.12337560670111164,0.2804878048780488,0.2517866959868059,0.11549169286035024,0.13705684293919587,0.2776632379560529,0.3022574301393537,0.00035414991487567744,0.028981358546798397,0.014426462209901686,0.020941212133798116,0.1247868312241109
2025-10-22,434,515,56680,57078,0.16809769917382986,0.2172357547120437,169,374,2057,2040,0.0011573578939706717,0.0021060431627064878,481,527,3792,3827,0.1531059281127911,0.47818129319852737,1.0,1.0,0.9905098443964349,0.9969833428059284,0.4828571428571429,1.0,0.6484867591424969,0.6387975575387506,0.45121951219512196,0.5794392523364486,0.6810956443646161,0.7579718756189344,0.5931163232724639,0.543464589325764,0.00033274236215090336,0.049676337907219544,0.04191347000566643,0.07749991985356626,0.6914388751935634
2025-10-23,34,49,26646,26660,0.06626213501680744,0.08010153921672165,25,110,216,223,0.0006963983707182856,0.0007636373671442197,147,124,353,362,0.07404589035052789,0.12983846876293106,0.11267605633802817,0.18518518518518517,0.4651138381338068,0.4650373803174048,0.07142857142857142,0.32983508245877063,0.06809583858764187,0.06982934084859872,0.1378986866791745,0.13633864760857614,0.06340368208352043,0.07169736581501288,0.23141236772791507,0.19701901438234584,0.00020021571553450242,0.018012312644193687,0.020270411750245187,0.021043213246025642,0.18854074288975403
2025-10-23,202,192,30390,30545,0.003097192328211626,0.020849001035918597,0,0,0,0,0.0,0.0,0,0,0,0,0.0,0.0,0.704225352112676,0.7736625514403292,0.5306090318291947,0.532977746688235,0.0,0.0,0.0,0.0,0.0,0.0,0.0,0.0,0.007060395886510562,0.04732785537611374,0.0,0.0,0.0,0.0,0.159772600828988
2025-10-24,177,250,57299,57104,0.14825843027931332,0.16789989876690892,232,225,2571,2641,0.001623634816184985,0.004796912245322762,851,759,4726,4766,0.10124124847990078,0.23314916508404587,0.6161971830985915,1.0,1.0,0.9974380273685131,0.6628571428571428,0.6746626686656672,0.8105296343001261,0.8269923281665884,0.798311444652908,0.834524463991204,0.8488549618320611,0.9439492968904734,0.522650351058731,0.4188261909763679,0.00046679777000901507,0.11314726964270809,0.02771526931584587,0.03778701062744771,0.7846872188945384
2025-10-25,93,132,45308,45225,0.12330989065732688,0.15225180385160397,165,384,2254,2311,0.0013882831525107702,0.0021992683898484073,1218,922,4040,4130,0.06827597472578079,0.1643148432664289,0.3204225352112676,0.5267489711934157,0.791575190896448,0.7896996458706772,0.4714285714285714,1.0,0.7105926860025221,0.7236574291529669,1.0,1.0,0.7256398742703188,0.8179837591602297,0.4340370503810018,0.3792940201018648,0.0003991337665792449,0.05187528993583222,0.018690870131876855,0.02663087696032597,0.6586867299206842
2025-10-25,34,62,11896,11900,0.12595522640448512,0.1808272130175422,49,105,645,679,0.0019867824355711667,0.003582790095891802,162,149,1174,1243,0.11203902686759379,0.2534189054531746,0.11267605633802817,0.23868312757201646,0.20708656596314146,0.20691645171162507,0.14,0.3148425787106447,0.20334174022698612,0.2126193831219665,0.15196998123827393,0.16382627817482134,0.2108666367310283,0.24618736383442266,0.44343286815263194,0.4514847860750336,0.0005712033279730042,0.0845091376120885,0.030671212081478043,0.0410721731304649,0.20046209649408514
2025-10-26,260,349,57238,56506,0.15021157037008737,0.19931995999136992,234,278,2906,2866,0.002041409513297181,0.004018342568898531,517,544,5130,5297,0.1373583128632978,0.29082650464080523,0.9084507042253521,1.0,1.0,0.9869802824290649,0.6685714285714286,0.8335832083958021,0.9161412358133669,0.8974479411304211,0.4849906191369606,0.5981308411214953,0.921418949259093,1.0,0.52958759839873,0.4982034721045566,0.0005869087056912086,0.0947827408356815,0.037602486051249114,0.047134907035348304,0.8310304940822264
2025-10-27,205,327,57378,57556,0.13328526349010136,0.16760472795318287,159,470,2533,2669,0.001122462959050407,0.0018739808193739584,585,497,4574,4667,0.1009141748834195,0.2927630879637774,0.7147887323943662,1.0,1.0,1.0,0.4542857142857143,1.0,0.7985498108448928,0.8357601377798654,0.5487804878048781,0.5464540956569544,0.8215536596317916,0.9243414537532184,0.4694680104931559,0.4180804936177731,0.0003227100090361415,0.04420256244664768,0.027625731376036876,0.047448773458930435,0.7768795835546045
2025-10-28,6,25,6397,6326,0.10276079268872397,0.13106764601605433,27,108,450,421,0.0012929655311942376,0.0013816967152942177,253,179,702,701,0.06636554509019059,0.13999341371728719,0.014084507042253521,0.08641975308641975,0.11089050022304052,0.1094390766405806,0.07714285714285714,0.3238380809595202,0.14186633039092056,0.13183028025677157,0.2373358348968105,0.19681143485431557,0.12608890884598115,0.1388393741334918,0.36104987660097054,0.3257759559592259,0.0003717297884004153,0.032590800668132684,0.018167881007835507,0.022689048060716383,0.1260036587450733
2025-10-28,112,173,50958,50529,0.13347154804427774,0.15336822548714338,182,615,2814,2871,0.0012565669608796007,0.0016837375906955622,1454,1076,4795,4972,0.06934025157254191,0.17037312100534704,0.3873239436619718,0.6954732510288066,0.8904127561686012,0.8824552966379574,0.52,1.0,0.8871374527112232,0.8990136214185064,1.0,1.0,0.8612483161203413,0.9847494553376906,0.4701296640192124,0.3821144638110201,0.00036126513755342773,0.039715196242697974,0.01898222093876126,0.027612755686857147,0.7818694013817323
2025-10-29,18,38,57701,57380,0.04242056171318105,0.057039036960294845,8,8,1,1,7.100046558045585e-05,0.00033055883799066015,36,42,34,30,0.029468007834625023,0.11017525665812954,0.056338028169014086,0.13991769547325103,1.0,1.0,0.022857142857142857,0.0239880059970015,0.00031525851197982345,0.0003131360576170346,0.03377110694183865,0.04617921935129192,0.0061068702290076335,0.0059417706476530005,0.1467308378349782,0.138755642072215,2.0412754562897086e-05,0.00779706362387142,0.0080670061422665,0.017856352145725108,0.3083721437591262
2025-10-30,153,132,24625,24462,0.002802845194134388,0.0036514030710615144,0,0,0,0,0.0,0.0,0,0,0,0,0.0,0.0,0.5316901408450704,0.5267489711934157,0.42975972850282956,0.42659904691120537,0.0,0.0,0.0,0.0,0.0,0.0,0.0,0.0,0.006014921021415536,0.003881136458733767,0.0,0.0,0.0,0.0,0.12891259644275724
2025-10-30,128,224,23515,23720,0.0032420531422371565,0.0032226866315767998,0,0,0,0,0.0,0.0,0,0,0,0,0.0,0.0,0.44366197183098594,0.9053497942386831,0.410342082936088,0.4136230490097495,0.0,0.0,0.0,0.0,0.0,0.0,0.0,0.0,0.007574918783007172,0.002798059468585793,0.0,0.0,0.0,0.0,0.1238094674273429
2025-10-31,0,0,0,0,0.0,0.0,0,0,0,0,0.0,0.0,0,0,0,0,0.0,0.0,0.0,0.0,0.0,0.0,0.0,0.0,0.0,0.0,0.0,0.0,0.0,0.0,0.0,0.0,0.0,0.0,0.0,0.0,0.0
2025-11-01,0,0,0,0,0.0,0.0,0,0,0,0,0.0,0.0,0,0,0,0,0.0,0.0,0.0,0.0,0.0,0.0,0.0,0.0,0.0,0.0,0.0,0.0,0.0,0.0,0.0,0.0,0.0,0.0,0.0,0.0,0.0
2025-11-02,0,0,0,0,0.0,0.0,0,0,0,0,0.0,0.0,0,0,0,0,0.0,0.0,0.0,0.0,0.0,0.0,0.0,0.0,0.0,0.0,0.0,0.0,0.0,0.0,0.0,0.0,0.0,0.0,0.0,0.0,0.0
2025-11-02,0,0,0,0,0.0,0.0,0,0,0,0,0.0,0.0,0,0,0,0,0.0,0.0,0.0,0.0,0.0,0.0,0.0,0.0,0.0,0.0,0.0,0.0,0.0,0.0,0.0,0.0,0.0,0.0,0.0,0.0,0.0
2025-11-03,0,0,0,0,0.0,0.0,0,0,0,0,0.0,0.0,0,0,0,0,0.0,0.0,0.0,0.0,0.0,0.0,0.0,0.0,0.0,0.0,0.0,0.0,0.0,0.0,0.0,0.0,0.0,0.0,0.0,0.0,0.0
2025-11-04,0,0,0,0,0.0,0.0,0,0,0,0,0.0,0.0,0,0,0,0,0.0,0.0,0.0,0.0,0.0,0.0,0.0,0.0,0.0,0.0,0.0,0.0,0.0,0.0,0.0,0.0,0.0,0.0,0.0,0.0,0.0
2025-11-05,4,4,6358,6298,0.0342589308611154,0.08833399524702922,0,0,0,0,0.0,0.0,22,26,17,9,0.005728752492409979,0.02593130798816017,0.007042253521126761,0.0,0.1102082586220469,0.10894941634241245,0.0,0.0,0.0,0.0,0.020637898686679174,0.028587135788894998,0.0030534351145038168,0.0017825311942959,0.11774200483421361,0.21781687254133758,0.0,0.0,0.001568273016728818,0.004202745526362938,0.03921816367152649
2025-11-05,285,298,48333,48152,0.0029619272110477275,0.002966571522607207,0,0,0,0,0.0,0.0,0,0,0,0,0.0,0.0,0.9964788732394366,1.0,0.844492648409415,0.8408866348970402,0.0,0.0,0.0,0.0,0.0,0.0,0.0,0.0,0.006579955400611755,0.0021510295070391533,0.0,0.0,0.0,0.0,0.2533161909416176
2025-11-06,13,11,57663,57757,0.046288619383843946,0.04733492484861505,0,0,0,0,0.0,0.0,39,38,28,18,0.00943078868882015,0.009758224259463353,0.03873239436619718,0.02880658436213992,1.0,1.0,0.0,0.0,0.0,0.0,0.036585365853658534,0.04178119846069269,0.005029187247418051,0.0035650623885918,0.16046957214979884,0.11423990259973463,0.0,0.0,0.002581722887617037,0.0015815373975902427,0.30870465045166134
2025-11-07,142,164,30181,30195,0.0029824554874799116,0.003147993787444809,0,0,0,0,0.0,0.0,0,0,0,0,0.0,0.0,0.49295774647887325,0.6584362139917695,0.5269529165828443,0.5268569929611332,0.0,0.0,0.0,0.0,0.0,0.0,0.0,0.0,0.006652868619559351,0.002609361081126469,0.0,0.0,0.0,0.0,0.15840892604366016
2025-11-07,153,142,27325,27182,0.0030085019959729615,0.0031249885183459044,0,0,0,0,0.0,0.0,0,0,0,0,0.0,0.0,0.5316901408450704,0.5679012345679012,0.47699183934084965,0.47416604730468237,0.0,0.0,0.0,0.0,0.0,0.0,0.0,0.0,0.0067453817334999205,0.0025512422983638263,0.0,0.0,0.0,0.0,0.14315224168531318
2025-11-08,359,330,57518,57344,0.002903769661668136,0.003097946026172393,0,0,0,0,0.0,0.0,0,0,0,0,0.0,0.0,1.0,1.0,1.0,1.0,0.0,0.0,0.0,0.0,0.0,0.0,0.0,0.0,0.006373388904618861,0.0024829241786654306,0.0,0.0,0.0,0.0,0.300318669445231
2025-11-09,301,257,45414,45498,0.0029099941902352602,0.0029646883788389503,0,0,0,0,0.0,0.0,0,0,0,0,0.0,0.0,1.0,1.0,0.7934294885811999,0.7944738337778167,0.0,0.0,0.0,0.0,0.0,0.0,0.0,0.0,0.0063954974540511335,0.0021462720741611636,0.0,0.0,0.0,0.0,0.2384530559667242
2025-11-09,66,39,12001,12132,0.0028402753515750405,0.0034941837147909865,0,0,0,0,0.0,0.0,0,0,0,0,0.0,0.0,0.22535211267605634,0.1440329218106996,0.2089233702735089,0.210973637039304,0.0,0.0,0.0,0.0,0.0,0.0,0.0,0.0,0.00614786707140318,0.0034839492937462284,0.0,0.0,0.0,0.0,0.06318943111220235
2025-11-10,327,327,57508,57512,0.0031263481531122743,0.002871312547900691,0,0,0,0,0.0,0.0,19,19,5,7,0.000666169837275149,0.0009760780416328776,1.0,1.0,1.0,1.0,0.0,0.0,0.0,0.0,0.017823639774859287,0.020890599230346345,0.000898069151324652,0.0013864131511190335,0.007163952804774086,0.00191037439305817,0.0,0.0,0.00018236713520813024,0.00015819516796941667,0.3005173252129271
2025-11-11,30,24,57595,57714,0.04564558963901805,0.045721199001143464,0,0,0,0,0.0,0.0,59,82,54,38,0.015187726247136046,0.015552893346118424,0.09859154929577464,0.0823045267489712,1.0,1.0,0.0,0.0,0.0,0.0,0.055347091932457786,0.09015942825728422,0.009699146834306241,0.007526242820360468,0.15818563132655464,0.11016310690721529,0.0,0.0,0.0041577116990836336,0.0025206924757611025,0.3092555083907764
2025-11-12,40,29,6041,6077,0.003193361157320317,0.0034612198880573314,0,0,0,0,0.0,0.0,0,0,0,0,0.0,0.0,0.13380281690140844,0.102880658436214,0.10466285894217565,0.10508459756044244,0.0,0.0,0.0,0.0,0.0,0.0,0.0,0.0,0.007401972487736692,0.003400671959465887,0.0,0.0,0.0,0.0,0.03181113016886621
2025-11-12,266,310,51523,51416,0.0031621994722227246,0.003123012585848861,0,0,0,0,0.0,0.0,0,0,0,0,0.0,0.0,0.9295774647887324,1.0,0.9002965126958165,0.8979670353692126,0.0,0.0,0.0,0.0,0.0,0.0,0.0,0.0,0.007291291068582836,0.002546250451015482,0.0,0.0,0.0,0.0,0.2702205706295137
2025-11-13,313,293,57584,57575,0.0031495054487469983,0.0030487433782831097,0,0,0,0,0.0,0.0,0,0,0,0,0.0,0.0,1.0,1.0,1.0,1.0,0.0,0.0,0.0,0.0,0.0,0.0,0.0,0.0,0.007246203887685346,0.0023586223071363458,0.0,0.0,0.0,0.0,0.3003623101943843
2025-11-14,150,151,24180,24225,0.0032223903584746856,0.0029837740123808175,0,0,0,0,0.0,0.0,0,0,0,0,0.0,0.0,0.5211267605633803,0.6049382716049383,0.42197517690174846,0.4224544222445678,0.0,0.0,0.0,0.0,0.0,0.0,0.0,0.0,0.0075050796583086875,0.0021944885842544973,0.0,0.0,0.0,0.0,0.12701573158772192
2025-11-14,178,170,33446,33472,0.0031010199952574966,0.0032392568272877303,0,0,0,0,0.0,0.0,0,0,0,0,0.0,0.0,0.6197183098591549,0.6831275720164609,0.5840687839480797,0.584164735714598,0.0,0.0,0.0,0.0,0.0,0.0,0.0,0.0,0.007073991159659578,0.002839921165604755,0.0,0.0,0.0,0.0,0.17558392991905875
2025-11-15,390,322,57593,57447,0.002931910971818027,0.0031306313617400624,0,0,0,0,0.0,0.0,18,19,11,9,0.00040668931425701934,0.0011918084947816609,1.0,1.0,1.0,1.0,0.0,0.0,0.0,0.0,0.016885553470919325,0.020890599230346345,0.001975752132914234,0.0017825311942959,0.006473342425568836,0.002565497953795577,0.0,0.0,0.00011133311808919145,0.00019315908869741333,0.3006103688942847
2025-11-16,82,127,15203,15215,0.002991314395492762,0.0027288376462066,0,0,0,0,0.0,0.0,0,0,0,0,0.0,0.0,0.28169014084507044,0.5061728395061729,0.26493715505252385,0.2648887334411752,0.0,0.0,0.0,0.0,0.0,0.0,0.0,0.0,0.006684334071698571,0.0015504365099111293,0.0,0.0,0.0,0.0,0.07981052105820723
2025-11-16,348,221,42251,42157,0.0027800746130020437,0.0031015817010666908,0,0,0,0,0.0,0.0,0,0,0,0,0.0,0.0,1.0,0.8930041152263375,0.7380979454031785,0.7360468674856818,0.0,0.0,0.0,0.0,0.0,0.0,0.0,0.0,0.005934043487777903,0.002492109074459036,0.0,0.0,0.0,0.0,0.2215209780035928
2025-11-17,334,319,57701,57411,0.002977483260035418,0.0030332198400611792,0,0,0,0,0.0,0.0,0,0,0,0,0.0,0.0,1.0,1.0,1.0,1.0,0.0,0.0,0.0,0.0,0.0,0.0,0.0,0.0,0.0066352080473473934,0.0023194048069302337,0.0,0.0,0.0,0.0,0.3003317604023674
2025-11-18,8,133,57654,57600,0.031011197281207516,0.03841299068134731,456,383,502,506,8.943657221258233e-05,0.0004895634318679145,744,740,820,801,0.015373999899810946,0.053988236967297,0.02112676056338028,0.5308641975308642,1.0,1.0,1.0,1.0,0.15825977301387137,0.1584468451542195,0.6979362101313321,0.8136338647608576,0.14728334081724292,0.1586452762923351,0.10620656441974097,0.09170019869708725,2.5713166563020493e-05,0.011547587864835196,0.004208704990136896,0.008749995237190817,0.3913054674605852
2025-11-19,16,26,2856,2843,0.003277433749552578,0.002966429335392921,0,0,0,0,0.0,0.0,0,0,0,0,0.0,0.0,0.04929577464788732,0.09053497942386832,0.04894646152769638,0.048528833122021595,0.0,0.0,0.0,0.0,0.0,0.0,0.0,0.0,0.007700585152330015,0.0021506702959478512,0.0,0.0,0.0,0.0,0.01502720487535794
2025-11-19,254,329,54630,54707,0.0030429928156375705,0.0030888054125207823,0,0,0,0,0.0,0.0,0,0,0,0,0.0,0.0,0.8873239436619719,1.0,0.9546484269083084,0.9555196082717614,0.0,0.0,0.0,0.0,0.0,0.0,0.0,0.0,0.006867887716610365,0.002459832019349611,0.0,0.0,0.0,0.0,0.2868250405946684
2025-11-20,257,244,57554,57733,0.003091422549368073,0.0031640027083646247,0,0,0,0,0.0,0.0,0,0,0,0,0.0,0.0,0.897887323943662,0.9876543209876543,1.0,1.0,0.0,0.0,0.0,0.0,0.0,0.0,0.0,0.0,0.007039902536789314,0.002649804815698885,0.0,0.0,0.0,0.0,0.3003519951268395
2025-11-21,18,42,20963,21002,0.06562570884427839,0.07133809446192609,31,202,243,258,0.0009576067244876646,0.0008449278982483334,412,362,459,494,0.03399488637386491,0.06805135422755408,0.056338028169014086,0.15637860082304528,0.3656989915069667,0.3660910243518559,0.08857142857142856,0.6056971514242878,0.0766078184110971,0.08078910286519493,0.38649155722326456,0.39802089059923035,0.08244274809160305,0.09784115666468608,0.22915188175799506,0.1748797062192157,0.00027531356132581863,0.01992975477609936,0.009306260495200173,0.011029236345246328,0.16564067885555941
2025-11-21,286,286,36005,36155,0.20020819632079415,0.208219702980106,126,300,1435,1540,0.00154276678702869,0.0022918527964311173,326,386,2846,2915,0.21423603370829436,0.6560049138812166,1.0,1.0,0.628834328997892,0.6310846849997814,0.36,0.8995502248875562,0.45239596469104665,0.4822295287302333,0.3058161350844278,0.4244090159428257,0.5111809609339919,0.5773420479302832,0.7071677740470705,0.520687113881663,0.00044354807414213264,0.05405912659587084,0.058648124756805954,0.10632019481412974,0.4896966967815343
2025-11-22,106,183,56846,57496,0.1194768999365281,0.15835733970898233,215,129,3184,3238,0.00105804812062087,0.006063832056112499,1605,1412,5485,5589,0.06323588722579102,0.15865157459605017,0.36619718309859156,0.7366255144032922,0.9934137445442539,1.0,0.6142857142857143,0.3868065967016492,1.0,1.0,1.0,1.0,0.9851818590031433,1.0,0.42042286837342013,0.3947185869964722,0.00030419063347541625,0.14303076763391845,0.01731112240518444,0.025713018243754757,0.8682524972911838
2025-11-23,49,97,39634,39526,0.10908279859507096,0.11809579331556587,137,114,1815,1812,0.000919395530566681,0.004774420281299898,1195,1026,3061,3123,0.05704730836899034,0.13198684012040635,0.16549295774647887,0.38271604938271603,0.6923177846390679,0.6900362873256678,0.3914285714285714,0.34182908545727136,0.5721941992433796,0.5674025364020667,1.0,1.0,0.5497979344409519,0.6185383244206774,0.3835046502572131,0.29300484226838075,0.00026432777811034896,0.11261673996279359,0.015616969752250381,0.021391404633660932,0.540734490887336
2025-11-23,46,64,17907,17796,0.14755781744793672,0.17155210049081898,86,319,1387,1545,0.0012654324326205422,0.0015987542927913556,518,361,2464,2497,0.08266739356550451,0.19943855097502156,0.15492957746478872,0.24691358024691357,0.3122392393880818,0.3100249202116032,0.24571428571428572,0.9565217391304348,0.43726355611601514,0.48379520901831846,0.48592870544090055,0.39692138537658056,0.4425684777727885,0.49455337690631807,0.5201618841413834,0.42805283891013995,0.00036381397575121485,0.03771065089533007,0.02263058892208188,0.03232345542605421,0.3703645025077673
2025-11-24,71,133,57206,57357,0.09755287018033686,0.12093852891003684,197,605,2802,2890,0.0007667168328550202,0.001388633430435217,1802,1536,4717,4738,0.05061901252308538,0.13508835616422232,0.24295774647887325,0.5308641975308642,0.9997113593226565,1.0,0.5628571428571428,1.0,0.8833543505674654,0.90496320651323,1.0,1.0,0.8472384373596767,0.9384036442859972,0.342552152480264,0.30018651581266276,0.0002204323929478496,0.032754420584102294,0.013857193442828838,0.02189407432868912,0.8053190172969575
2025-11-25,110,185,57343,57371,0.10520896181997234,0.12171106384905295,478,608,2642,2654,0.0008444238390288969,0.0016199868967715467,1316,1296,4335,4376,0.06308926461659044,0.1485012447885912,0.38028169014084506,0.7448559670781894,1.0,1.0,1.0,1.0,0.8329129886506935,0.8310630969156099,1.0,1.0,0.7786259541984732,0.8667062784709844,0.3697453894696301,0.302138190018437,0.00024277328933320383,0.03821147539344467,0.017270983774312135,0.024067931416322675,0.7725971678458261
2025-11-26,0,0,267,283,0.0031036838893234503,0.003486195274542116,0,0,0,0,0.0,0.0,0,0,0,0,0.0,0.0,0.0,0.0,0.003656115246350445,0.0037598915752196913,0.0,0.0,0.0,0.0,0.0,0.0,0.0,0.0,0.0070834528936695295,0.0034637678987170977,0.0,0.0,0.0,0.0,0.0014613848514755346
2025-11-26,77,138,57235,57202,0.0760520692311362,0.09725437519356692,274,247,1088,1009,0.0008326833175683942,0.0021137694993301342,980,974,1633,1770,0.04092644904363185,0.0976684734625124,0.2640845070422535,0.551440329218107,1.0,0.9991518384121016,0.7828571428571428,0.7406296851574213,0.34300126103404793,0.3159542821355879,0.9193245778611632,1.0,0.29330938482263136,0.35056446821152704,0.26618467894508074,0.24035264997754868,0.00023939786945314552,0.04985858303671059,0.011203808471511366,0.015829349606995842,0.4932509770470992
2025-11-27,113,176,57453,57361,0.10626354126995051,0.14329298580950667,382,208,2494,2486,0.0011348060537823535,0.003859385807759919,1376,1211,4321,4359,0.06050600415454684,0.15609017714023557,0.3908450704225352,0.7078189300411523,1.0,1.0,1.0,0.623688155922039,0.7862547288776797,0.778456239235948,1.0,1.0,0.7761113605747643,0.863339275103981,0.3734910903124608,0.35666113555006057,0.00032625866975618,0.09103334485045812,0.016563804037855918,0.02529788678553532,0.7528173983000861
2025-11-28,43,53,16651,16498,0.10375845728195104,0.13283277962596035,219,305,957,943,0.00103374408982396,0.0015311356198228565,528,414,1545,1614,0.06551004568345618,0.16461177313397046,0.1443661971830986,0.20164609053497942,0.2902675611612102,0.28732566781795127,0.6257142857142857,0.9145427286356822,0.30170239596469106,0.29528730233286365,0.49530956848030017,0.45519516217702033,0.27750336775931744,0.3196672608437314,0.3645934247971641,0.3302352568428679,0.00029720318330180804,0.03611569400807226,0.017933684009939957,0.026679001053141638,0.2684978647314462
2025-11-28,232,507,37217,37294,0.0029230887595596486,0.003912789345627132,0,0,0,0,0.0,0.0,13,13,7,7,0.0012818468700443095,0.0016435074724807425,0.8098591549295775,1.0,0.6500362987518478,0.6510033664145499,0.0,0.0,0.0,0.0,0.012195121951219513,0.014293567894447499,0.0012572968118545128,0.0013864131511190335,0.006442007310995417,0.004541483096858463,0.0,0.0,0.000350911627013422,0.0002663669599954711,0.19562474709611574
2025-11-29,249,314,57574,57433,0.003021098037041838,0.003219825918379464,0,0,0,0,0.0,0.0,0,0,0,0,0.0,0.0,0.8697183098591549,1.0,1.0,1.0,0.0,0.0,0.0,0.0,0.0,0.0,0.0,0.0,0.006790120896252427,0.00279083237777684,0.0,0.0,0.0,0.0,0.3003395060448127
2025-11-30,199,201,38346,38415,0.0029728220361266502,0.0031270102476643217,0,0,0,0,0.0,0.0,0,0,0,0,0.0,0.0,0.6936619718309859,0.8106995884773662,0.669786318431894,0.6706072662090674,0.0,0.0,0.0,0.0,0.0,0.0,0.0,0.0,0.006618652110927378,0.002556349843359575,0.0,0.0,0.0,0.0,0.20134892291283193
2025-11-30,74,97,19297,19205,0.0031131200929408248,0.003191198077551836,0,0,0,0,0.0,0.0,10,9,5,1,0.002614794106934755,0.0019982527442853567,0.2535211267605634,0.38271604938271603,0.33655502978246987,0.334665325930136,0.0,0.0,0.0,0.0,0.009380863039399626,0.009895547003848268,0.000898069151324652,0.00019805902158843335,0.007116968809273093,0.0027185091523943715,0.0,0.0,0.0007158122204861064,0.00032386132567713944,0.10123309685618312
2025-12-01,187,221,57462,56941,0.10847005637218858,0.15070910696712214,825,225,3372,3414,0.0013177339079998077,0.004606086098456032,1651,1309,5259,5361,0.07762741040332202,0.18500700210264856,0.6514084507042254,0.8930041152263375,1.0,0.9945875049184628,1.0,0.6746626686656672,1.0,1.0,1.0,1.0,0.944589133363269,1.0,0.38132828596267276,0.3753966666428664,0.00037885073884095204,0.10864615384358926,0.021250869758356362,0.029984501776298227,0.8630219632001911
2025-12-02,125,183,56327,56414,0.10784756564255979,0.12963861902022264,378,141,3057,3101,0.0011388571721424761,0.005224277493278035,1601,1553,5014,5118,0.06470137896548031,0.14836897763569803,0.43309859154929575,0.7366255144032922,0.9843346832387233,0.9853713985922267,1.0,0.42278860569715143,0.9637452711223203,0.9710349146704244,1.0,1.0,0.900583744948361,1.0,0.37911729650078524,0.32216576956342113,0.00032742337317205725,0.12322775652121351,0.017712307681496987,0.0240464945807662,0.8410426131453037
2025-12-02,6,3,1006,1046,0.0026720094576128234,0.003719629493070477,0,0,0,0,0.0,0.0,0,0,0,0,0.0,0.0,0.014084507042253521,0.0,0.01658371891646039,0.017103134700301666,0.0,0.0,0.0,0.0,0.0,0.0,0.0,0.0,0.0055502130010085925,0.004053498563361358,0.0,0.0,0.0,0.0,0.005304567903372675
2025-12-03,148,259,57169,57144,0.12957531640028197,0.15881134659423624,622,193,3695,3708,0.001456244706718003,0.0070769888326712,1731,1311,5982,6092,0.08276430592165801,0.1774617868319687,0.5140845070422535,1.0,0.9990641044704318,0.9981375420801819,1.0,0.5787106446776612,1.0,1.0,1.0,1.0,1.0,1.0,0.4562908601689376,0.3958655558679675,0.0004186728289558603,0.16692862465629785,0.022657119136704436,0.02876163173292156,0.872482985393447
2025-12-04,176,210,57340,57192,0.11424690570427612,0.1403929209307466,688,196,3038,3002,0.0014125291733508856,0.005629702365300093,1621,1359,4866,5019,0.0768356864547021,0.16992130267523475,0.6126760563380281,0.8477366255144033,1.0,0.9989769597341844,1.0,0.5877061469265368,0.9577553593947037,0.9400344449663379,1.0,1.0,0.8740008980691514,0.994058229352347,0.40184674895050565,0.34933462961085154,0.00040610453879165134,0.13279072431560426,0.02103413159294187,0.027539528471844498,0.8375776517429819
2025-12-05,51,81,17348,17294,0.1423380001194567,0.1582596078335897,296,72,1478,1489,0.0014764271814470373,0.004633964728478688,549,467,2199,2262,0.11114494055770198,0.19495923066780174,0.17253521126760563,0.3168724279835391,0.3024604431071732,0.30124601058016004,0.8457142857142858,0.2158920539730135,0.46595208070617905,0.4662595897917645,0.5150093808630394,0.5134689389774602,0.39497081275258195,0.44800950683303625,0.5016219114848759,0.39447168453206244,0.0004244753247528605,0.10930374162237726,0.03042645173683273,0.03159748188893413,0.3640647480483892
2025-12-05,156,241,39946,40014,0.11848614459523932,0.15537846790113027,769,403,2225,2298,0.0011647551233670717,0.003182042005192054,1089,916,3526,3577,0.09284154405984936,0.18997498577395325,0.5422535211267606,0.9753086419753086,0.6977757174470169,0.698570366808027,1.0,1.0,0.7014501891551072,0.7195866604039455,1.0,1.0,0.6333183655141446,0.708457120221826,0.416903860756705,0.38719298915477784,0.0003348690781784631,0.07505648349663806,0.025415810610321873,0.030789674086123594,0.6123460990277336
2025-12-06,181,273,57451,57397,0.12442109782802827,0.15191314251030616,539,694,3167,3274,0.0015623772720825596,0.0022440492949047795,1067,1284,5304,5315,0.10310483925495212,0.18064039517030261,0.6302816901408451,1.0,1.0,1.0,1.0,1.0,0.9984237074401009,1.0,1.0,1.0,0.9526717557251908,1.0,0.437983884008323,0.37843845154318495,0.00044918612193507826,0.05293156048658042,0.028225436080880656,0.029276795949863193,0.866817215245154
2025-12-07,56,111,35507,35591,0.09623488407272769,0.13040378894443583,275,492,1698,1715,0.0008600270341179758,0.0014181161040926341,1057,739,2849,2850,0.05865072789958776,0.16649958309859686,0.19014084507042253,0.4403292181069959,0.620122628554435,0.6212215275652516,0.7857142857142857,1.0,0.5353089533417402,0.5370283388132143,0.9915572232645403,0.8125343595382079,0.5117198024247868,0.5644682115270351,0.3378708724930492,0.3240988373493559,0.00024725923444844324,0.03344984377625187,0.016055913411915118,0.026984962668617395,0.4968418279917571
2025-12-07,44,86,21770,21765,0.1209205548831039,0.13844987630296826,170,194,1122,1158,0.0013272492383163686,0.002505528148777952,633,603,2021,1981,0.0682488470564455,0.15353383130167725,0.14788732394366197,0.3374485596707819,0.3798161446352194,0.37943426747693787,0.4857142857142857,0.5817091454272864,0.3537200504413619,0.3626115547205261,0.5938086303939962,0.663001649257834,0.36299955096542436,0.39235492176668646,0.4255505043711229,0.34442586770354805,0.00038158641248406004,0.05909919851537731,0.018683443804437917,0.02488357405430931,0.33396178653783837
2025-12-08,153,257,57356,57117,0.1395952926606512,0.1636782657272563,417,454,3415,3380,0.0017353669087106203,0.0035325330826953033,1697,1169,5771,5837,0.07998957714151578,0.18458087761719646,0.5316901408450704,1.0,1.0,0.9976653696498055,1.0,1.0,1.0,1.0,1.0,1.0,1.0,1.0,0.4918802446618609,0.4081609745652785,0.0004989209365668485,0.08332369924407876,0.02189752404503251,0.029915438820595212,0.8744104412917304
2025-12-09,162,199,53939,53312,0.14755186691140343,0.16733753353644454,604,725,3550,3320,0.001769754396005443,0.002233512180416424,1588,1331,5729,5787,0.08741704162718879,0.17269342923049333,0.5633802816901409,0.8024691358024691,0.9425605052086522,0.9311240327023128,1.0,1.0,1.0,1.0,1.0,1.0,1.0,1.0,0.5201407487686919,0.41740547372580644,0.0005088073976265797,0.05268301607440516,0.023930827482565444,0.02798881327012557,0.857682422490159
2025-12-09,13,5,3394,3345,0.0033736288985771663,0.0031654334602386645,0,0,0,0,0.0,0.0,0,0,0,0,0.0,0.0,0.03873239436619718,0.00411522633744856,0.0583578969465315,0.057307742753464785,0.0,0.0,0.0,0.0,0.0,0.0,0.0,0.0,0.008042255237770314,0.002653419359697352,0.0,0.0,0.0,0.0,0.017804466426541297
2025-12-10,194,246,57396,57177,0.13434505475740766,0.17891199241623876,598,171,3222,3349,0.0013555636248301082,0.005317134300742146,1202,946,5255,5300,0.09449455434939032,0.21294939986135777,0.676056338028169,0.9958847736625515,1.0,0.9987146417173086,1.0,0.512743628185907,1.0,1.0,1.0,1.0,0.9438706780422093,1.0,0.47323222289389627,0.446646316696947,0.00038972684674429774,0.12541801844283762,0.02586832997416187,0.03451318915411534,0.8679591158053211
2025-12-11,254,316,57536,57431,0.17070498984997054,0.1898868031548529,1348,229,4382,4158,0.0016931336199407904,0.005005540134424037,1869,1376,6258,6384,0.11705221510634607,0.2123388677087725,0.8873239436619719,1.0,1.0,1.0,1.0,0.6866566716641679,1.0,1.0,1.0,1.0,1.0,1.0,0.6023770109175028,0.47437225367409824,0.0004867787942443367,0.1180682844155232,0.03204359600852567,0.034414238832205235,0.8801675284252997
2025-12-12,209,173,42774,42768,0.1172119584552237,0.13857907938413241,860,294,2019,2034,0.0013524480036236405,0.003330930122844492,1232,1090,3096,3136,0.07592729055814437,0.16921108392963802,0.7288732394366197,0.6954732510288066,0.7472469802062469,0.7467319547064224,1.0,0.881559220389805,0.6365069356872636,0.6369187411930484,1.0,1.0,0.5560844185002245,0.621113091701327,0.4123781513863219,0.3447522766568257,0.00038883110035054327,0.07856838513941705,0.020785453931449926,0.027424421719143915,0.5861090237271046
2025-12-12,68,54,14805,14848,0.10983105476694086,0.14282753366181555,227,275,632,637,0.0011910499179114385,0.0015662939394192337,457,385,999,1011,0.07458490654005684,0.14619667131913408,0.2323943661971831,0.205761316872428,0.257974792047512,0.25847068596161415,0.6485714285714286,0.8245877061469266,0.19924337957124844,0.19946766870205104,0.42870544090056284,0.4233095107201759,0.17943421643466548,0.20023767082590613,0.3861623388492716,0.3554852522277762,0.0003424288763139801,0.036944991619558616,0.020417969974612222,0.02369442400036981,0.20447068721864042
2025-12-13,196,231,57234,57541,0.14161675598921472,0.16635693734682525,704,576,3515,3469,0.0014481929207263888,0.002403400138982445,1591,1262,5825,5841,0.08532062284233859,0.1671287007515005,0.6830985915492958,0.934156378600823,1.0,1.0,1.0,1.0,1.0,1.0,1.0,1.0,1.0,1.0,0.49906016542905246,0.41492816921450765,0.0004163579267943591,0.056690251911512994,0.023356922951622637,0.027086925184449762,0.8749946440641322
2025-12-14,121,163,32798,32818,0.13852506949837087,0.14491302249491023,608,144,1931,1901,0.0017137072261407798,0.004502698669656715,1020,988,2951,3032,0.0995873895335853,0.17051745682467476,0.41901408450704225,0.654320987654321,0.5727330773469549,0.5727276701788134,1.0,0.431784107946027,0.6087641866330391,0.5952716455299828,0.9568480300187617,1.0,0.5300404131118096,0.6005149534561299,0.4880789798059476,0.36075387446920515,0.0004926937410042025,0.10620750066717796,0.02726251762821082,0.02763614851838151,0.5207841833234148
2025-12-14,149,163,24581,24478,0.11737338551749997,0.130723822508789,534,634,1465,1408,0.001604572765215377,0.0017858859313019202,770,752,2104,2196,0.097465881420997,0.16776134256395764,0.5176056338028169,0.654320987654321,0.42899002002991365,0.42687885279587284,1.0,1.0,0.46185372005044134,0.4408955691247847,0.7223264540337712,0.8268279274326553,0.37790749887741354,0.43493761140819964,0.412951514998932,0.32490734609243693,0.0004613173979476923,0.04212462239999577,0.026681744775455953,0.02718945886876327,0.39031499261479075
2025-12-19,300,279,57279,57497,0.11677230921011325,0.13046401797447038,1074,1243,3036,3053,0.0015064129610479601,0.0018259465814020222,1741,1605,4408,4512,0.09012059816485393,0.1601452573943933,1.0,1.0,1.0,1.0,1.0,1.0,0.957124842370744,0.9560043839048067,1.0,1.0,0.7917377638078132,0.8936423054070113,0.4108165862069566,0.3242509954439878,0.00043309628736721347,0.043069553836537704,0.024670938837147178,0.02595510278115673,0.8271218987686234
2025-12-20,145,159,50342,49901,0.11955825107494843,0.14220276885497954,529,704,2402,2541,0.0010484385736776812,0.00152601019050606,1283,1056,4102,4093,0.06939252930352445,0.16913458232837084,0.5035211267605634,0.6378600823045267,0.8796368375477788,0.8714729156647576,1.0,1.0,0.757250945775536,0.7956787224048849,1.0,1.0,0.7367759317467445,0.8106555753614577,0.42071181486081144,0.35390689337745634,0.00030142787239197414,0.03599479783501684,0.018996532214206368,0.027412022932216853,0.7070153093536754
2025-12-20,36,53,4933,4840,0.17902809512924664,0.2703430193167516,34,27,300,348,0.002290945037917019,0.006885704330658547,68,61,594,628,0.14111443927252018,0.3371863164714142,0.11971830985915492,0.20164609053497942,0.08528020012420295,0.08345210510208542,0.09714285714285714,0.08095952023988005,0.09457755359394704,0.10897134805072804,0.06378986866791744,0.06706981858163827,0.10669061517736866,0.12438106555753614,0.6319393757636967,0.6776307910515317,0.0006586505932569522,0.16241669739542286,0.0386307433730326,0.05464854621865058,0.11394228978426932
2025-12-21,167,255,57245,57062,0.12567487160791804,0.1551060496051164,605,558,3473,3425,0.0015057319724754413,0.002862164110308162,1835,1384,5706,5711,0.07995955729536004,0.17804667845011055,0.5809859154929577,1.0,1.0,0.9967035369212609,1.0,1.0,1.0,1.0,1.0,1.0,1.0,1.0,0.4424370918763024,0.38650477204683914,0.00043290050199485964,0.0675113568455387,0.021889305970546877,0.028856426435629006,0.8718354983361408
2025-12-22,169,195,57263,56811,0.11504215617916323,0.15455145695869973,437,328,3034,3037,0.001753970225628315,0.003262760615341542,1684,1342,5077,5170,0.07078387851638286,0.1728393325894183,0.5880281690140845,0.7860082304526749,1.0,0.9923140821055393,1.0,0.9835082458770614,0.9564943253467844,0.9509942069829341,1.0,1.0,0.9118994162550517,1.0,0.40467135393793247,0.38510369086842405,0.0005042694218083485,0.07696043543085866,0.01937742062407635,0.02801246015632519,0.8424780568592729
2025-12-23,50,49,13380,13554,0.10186896417807961,0.1118294363425188,180,25,654,580,0.000902880143615399,0.005803590886533828,253,372,1034,1029,0.06940948648353712,0.1375100137763661,0.16901408450704225,0.18518518518518517,0.23304673354966807,0.2358413850391291,0.5142857142857142,0.07496251874062969,0.20617906683480455,0.18161891341788006,0.2373358348968105,0.4090159428257284,0.18572070049393805,0.20380273321449793,0.35788224157446763,0.2771739889945525,0.00025957957628390077,0.13689232350975034,0.019001174322220097,0.02228655783551673,0.19566336568170015
2025-12-23,122,188,42388,43545,0.14112487751871117,0.1614874050736004,355,301,2554,2606,0.001660655046069073,0.0044519846499071385,1343,1249,4529,4664,0.08022906147893977,0.16072096649293377,0.4225352112676056,0.757201646090535,0.7404945376938484,0.7603200279805885,1.0,0.9025487256371814,0.805170239596469,0.8160325661499922,1.0,1.0,0.8134710372698698,0.9237472766884531,0.49731309023090253,0.40262614887618836,0.00047744114903910885,0.1050112826473745,0.02196308401202512,0.02604840925221797,0.7002762213463033
2025-12-24,158,228,57222,57151,0.1296737371406677,0.17386869548745398,345,238,3177,3253,0.002206349035839575,0.005799936503538718,1586,1333,5513,5626,0.08263189771330318,0.1677261099318986,0.5492957746478874,0.9218106995884774,0.9999912533128078,0.9982599571547239,0.9857142857142858,0.7136431784107946,1.0,1.0,1.0,1.0,0.9902110462505613,1.0,0.4566404352059085,0.4339053103930693,0.0006343290988372799,0.13680612567310477,0.02262087176511151,0.027183748636682586,0.8717408056732694
2025-12-25,170,151,25301,25307,0.17541652990117065,0.19721671549825373,255,73,1368,1396,0.001149977356919208,0.004671847972585955,299,205,2285,2327,0.13838516861974912,0.35468328287064993,0.5915492957746479,0.6049382716049383,0.441585249586719,0.4413762951952083,0.7285714285714285,0.21889055472263869,0.4312736443883985,0.4371379364333803,0.2804878048780488,0.22539857064321056,0.410417602155366,0.46088334323628444,0.6191116623856081,0.4928899932981746,0.0003306204452008916,0.11019731344873804,0.037883592658149806,0.05748431899543784,0.4009183535401226
2025-12-25,92,101,31812,31890,0.12140257667410254,0.14222310282640077,324,127,1857,1928,0.0014602832453797922,0.004575169415336086,901,880,3101,3169,0.07793126177760397,0.16080724445687042,0.31690140845070425,0.3991769547325103,0.5554846102038853,0.5564989288680977,0.9257142857142857,0.3808095952023988,0.5854350567465322,0.6037263190856427,0.8452157598499062,0.9675645959318306,0.5569824876515491,0.6276490394137453,0.4272625701892495,0.35395826359454235,0.00041983391568707986,0.10791690592273319,0.021334050505301475,0.026062392516275613,0.5121503396139396
2025-12-26,211,293,57052,57063,0.15587286768035521,0.18115218448424042,436,212,2842,2861,0.0019028350485725324,0.00587156753077804,853,1137,4693,4737,0.12392517436154968,0.1886873068114341,0.7359154929577465,1.0,0.997017379667451,0.9967210247890526,1.0,0.6356821589205397,0.8959646910466582,0.895882260842336,0.800187617260788,1.0,0.8429277054333184,0.9382055852644088,0.5496956387242119,0.4523057695634637,0.0005470683114912058,0.13849572405208999,0.033925101023673916,0.03058097705465916,0.8161916288743224
2025-12-27,7,11,50537,50459,0.021042580440640616,0.020895969392146017,0,0,0,0,0.0,0.0,15,15,19,7,0.013204255139456054,0.01822580806568366,0.017605633802816902,0.02880658436213992,0.8830480455527469,0.881231145892537,0.0,0.0,0.0,0.0,0.014071294559099437,0.016492578339747113,0.0034126627750336778,0.0013864131511190335,0.0707996005325339,0.047446512701118895,0.0,0.0,0.0036147271275286546,0.0029538977882401923,0.26868329066148905
2025-12-27,29,112,7013,6846,0.003144937486193659,0.0021041459993947804,0,0,0,0,0.0,0.0,0,0,0,0,0.0,0.0,0.09507042253521127,0.4444444444444444,0.12166641884386288,0.11853276789227474,0.0,0.0,0.0,0.0,0.0,0.0,0.0,0.0,0.007229979200975951,0.0,0.0,0.0,0.0,0.0,0.036548059518048855
2025-12-28,491,479,57526,57439,0.002738297213821999,0.0028277081408829715,0,0,0,0,0.0,0.0,0,0,0,0,0.0,0.0,1.0,1.0,1.0,1.0,0.0,0.0,0.0,0.0,0.0,0.0,0.0,0.0,0.0057856567168018454,0.0018002154965001047,0.0,0.0,0.0,0.0,0.3002892828358401
2025-12-29,522,354,57591,57426,0.0026136599419320384,0.003080571336108914,0,0,0,0,0.0,0.0,0,0,0,0,0.0,0.0,1.0,1.0,1.0,1.0,0.0,0.0,0.0,0.0,0.0,0.0,0.0,0.0,0.005342964670815164,0.0024390300675804326,0.0,0.0,0.0,0.0,0.3002671482335408
2025-12-30,109,67,11157,11093,0.002384317968485909,0.002944770127021782,0,0,0,0,0.0,0.0,0,0,0,0,0.0,0.0,0.3767605633802817,0.25925925925925924,0.1941589622930315,0.19280374240370743,0.0,0.0,0.0,0.0,0.0,0.0,0.0,0.0,0.004528377943137696,0.0020959520998371627,0.0,0.0,0.0,0.0,0.05833858559613393
2025-12-30,457,224,46526,46336,0.0025700882334699876,0.0031596630315867545,0,0,0,0,0.0,0.0,0,0,0,0,0.0,0.0,1.0,0.9053497942386831,0.8128821208967104,0.8091286669872776,0.0,0.0,0.0,0.0,0.0,0.0,0.0,0.0,0.005188204794626362,0.002638841382459796,0.0,0.0,0.0,0.0,0.24374870111780117
2025-12-31,538,333,57671,57427,0.002490138274055172,0.0032450584621102605,0,0,0,0,0.0,0.0,0,0,0,0,0.0,0.0,1.0,1.0,1.0,1.0,0.0,0.0,0.0,0.0,0.0,0.0,0.0,0.0,0.004904235075350536,0.0028545779797662933,0.0,0.0,0.0,0.0,0.30024521175376756
2026-01-01,268,160,29145,29286,0.0022988628048271824,0.0032345625762177123,0,0,0,0,0.0,0.0,0,0,0,0,0.0,0.0,0.9366197183098591,0.6419753086419753,0.5088297807205521,0.5109605211384602,0.0,0.0,0.0,0.0,0.0,0.0,0.0,0.0,0.00422485460163189,0.0028280619625239848,0.0,0.0,0.0,0.0,0.15307325098803806
2026-01-01,262,142,28456,28327,0.0025620317047947982,0.003174831279170459,0,0,0,0,0.0,0.0,0,0,0,0,0.0,0.0,0.9154929577464789,0.5679012345679012,0.49677684576966474,0.4941896559262012,0.0,0.0,0.0,0.0,0.0,0.0,0.0,0.0,0.005159589268077299,0.002677161303101335,0.0,0.0,0.0,0.0,0.14903231420995694
2026-01-02,548,270,57435,57581,0.0023758689733417346,0.0031658474966694433,0,0,0,0,0.0,0.0,0,0,0,0,0.0,0.0,1.0,1.0,1.0,1.0,0.0,0.0,0.0,0.0,0.0,0.0,0.0,0.0,0.004498368437231563,0.002654465350216863,0.0,0.0,0.0,0.0,0.3002249184218616
2026-01-03,105,35,10176,10170,0.002281166559513843,0.003382351537663742,0,0,0,0,0.0,0.0,0,0,0,0,0.0,0.0,0.3626760563380282,0.12757201646090535,0.1769979620218842,0.17666244043195034,0.0,0.0,0.0,0.0,0.0,0.0,0.0,0.0,0.004162000313141359,0.003201424886820635,0.0,0.0,0.0,0.0,0.05327393646322894
2026-01-03,433,256,47426,47411,0.0023904292308174857,0.0029557893693429945,0,0,0,0,0.0,0.0,0,0,0,0,0.0,0.0,1.0,1.0,0.8286261578427171,0.8279281248633761,0.0,0.0,0.0,0.0,0.0,0.0,0.0,0.0,0.004550084188662032,0.0021237902854250876,0.0,0.0,0.0,0.0,0.24874554826431414
2026-01-04,544,285,57508,57754,0.0023739353981149245,0.00317953341569902,0,0,0,0,0.0,0.0,0,0,0,0,0.0,0.0,1.0,1.0,1.0,1.0,0.0,0.0,0.0,0.0,0.0,0.0,0.0,0.0,0.004491500681220491,0.0026890404274118934,0.0,0.0,0.0,0.0,0.3002245750340611
2026-01-05,178,250,56503,56685,0.1478751862932696,0.1875096905328513,350,231,2841,2786,0.0021283594963087053,0.0063004334694078705,1107,1312,4925,5001,0.09963547820926977,0.1681542784492899,0.6197183098591549,1.0,0.9874135171303868,0.9901106107637826,1.0,0.6926536731634183,0.8956494325346784,0.8723970565210584,1.0,1.0,0.8845981140547822,0.9904931669637552,0.5212891285149355,0.4683668950109811,0.0006119069736314528,0.1486116085038093,0.027275682130008742,0.027253142873248568,0.8153757979910597
2026-01-06,5,19,8689,8657,0.08707736560525804,0.13819343705638823,26,168,385,383,0.0008928142966766379,0.0008890356039549487,334,169,604,613,0.05347210976611814,0.14871146016181122,0.01056338028169014,0.06172839506172839,0.15098531431220424,0.15020329646307873,0.07428571428571429,0.5037481259370314,0.12137452711223203,0.11993111006732425,0.3133208255159475,0.1858163826278175,0.10848675348001796,0.12141018023370964,0.3053448028426793,0.3437780188651048,0.00025668562817597205,0.02097014622286259,0.01463824227087296,0.024102001495617423,0.12576278386154421
2026-01-06,153,218,48512,48703,0.13774160932633678,0.1819612303179814,309,181,2657,2681,0.002410033996425749,0.008008694929689962,1232,974,4621,4718,0.09111439625830142,0.19444715381868466,0.5316901408450704,0.8806584362139918,0.8476239624242318,0.8505224500502776,0.8828571428571429,0.5427286356821589,0.837641866330391,0.8395177704712697,1.0,1.0,0.8299955096542434,0.9344424638542286,0.48529625212547445,0.45434968214949173,0.0006928888712923979,0.18890526204213434,0.024942995752871004,0.031514488439943304,0.743970945294701
2026-01-07,178,224,57343,56989,0.11981751040940121,0.18070276209784447,473,256,2922,2949,0.0012231410457798643,0.003841688511823374,1218,912,5041,5153,0.07902204240574356,0.2115582195088159,0.6197183098591549,0.9053497942386831,1.0,0.9954269225724653,1.0,0.767616191904048,0.9211853720050441,0.923438233912635,1.0,1.0,0.9054333183655141,1.0,0.4216326633635882,0.4511703826253097,0.00035165513013456126,0.09061590950603807,0.021632656847353826,0.0342877174191115,0.8300149008631471
2026-01-08,72,77,27142,27181,0.1453290429483245,0.15483155198969092,193,102,374,392,0.00044534803999836907,0.0019620503570260232,310,205,738,723,0.06679024490267374,0.20281284082467976,0.24647887323943662,0.3004115226337449,0.47379055182849494,0.47414855943689066,0.5514285714285714,0.3058470764617691,0.11790668348045397,0.12274933458587757,0.29080675422138835,0.22539857064321056,0.13255500673551862,0.14319667260843733,0.5122456266020866,0.3858113019026218,0.00012803831863965104,0.046279904539729126,0.018284144584767757,0.032870334186538556,0.2361024568333252
2026-01-08,196,162,30278,30325,0.00282699125260429,0.0029806204645886933,0,0,0,0,0.0,0.0,0,0,0,0,0.0,0.0,0.6830985915492958,0.6502057613168725,0.528649773898136,0.5291304157740567,0.0,0.0,0.0,0.0,0.0,0.0,0.0,0.0,0.006100684034874242,0.002186521698134882,0.0,0.0,0.0,0.0,0.1589480305587766
2026-01-09,133,177,52898,52997,0.11491282444030228,0.1476381238810445,286,229,2266,2250,0.0019704610334118256,0.004453487158842465,1280,1296,3778,3867,0.07272174551400468,0.1453177615735882,0.4612676056338028,0.7119341563786008,0.9243499024744378,0.9256153543479211,0.8171428571428572,0.6866566716641679,0.71437578814628,0.7045561296383278,1.0,1.0,0.678581050740907,0.7658942364824718,0.4042119878813814,0.36763836579099785,0.0005665108971040342,0.10504672310885298,0.019907920855393044,0.023551977117132902,0.6881289497939928
2026-01-10,141,202,46306,46187,0.13966849267784362,0.18678913173905634,468,186,2846,2837,0.0019110107780252739,0.005722796294556828,1303,837,4622,4749,0.09189416141351192,0.21714315951131677,0.4894366197183099,0.8148148148148148,0.809033578532131,0.8065229746863114,1.0,0.5577211394302849,0.8972257250945775,0.8883669954595271,1.0,0.920285871357889,0.8301751234845083,0.94058229352347,0.4921402396447885,0.46654652943193753,0.0005494188476084986,0.13498657935255676,0.025156460142181276,0.035192881231952446,0.7547290746592555
2026-01-10,49,72,10753,10739,0.16615945917878533,0.20946777765878113,69,58,563,531,0.0022113292588836903,0.005926107077253558,176,203,1037,1036,0.12139195640173371,0.20555629629589448,0.16549295774647887,0.27983539094650206,0.18709163904171294,0.18661303720543873,0.19714285714285715,0.17391304347826086,0.17749054224464061,0.16627524659464538,0.1651031894934334,0.22319956019791093,0.18625954198473282,0.20518914636561694,0.5862319987360843,0.5238401559438803,0.000635760921429384,0.13978217676493115,0.03323162065824781,0.033314972197613354,0.1836541416249447
2026-01-11,167,233,57164,57309,0.13969061300783917,0.16129108276477114,472,498,3406,3425,0.0020544699348390414,0.0030340762585365317,1701,1194,5610,5735,0.08897913876393475,0.188457585429061,0.5809859154929577,0.9423868312757202,0.9989766375985095,1.0,1.0,1.0,1.0,1.0,1.0,1.0,1.0,1.0,0.4922188075883509,0.4021301749508561,0.000590663599088631,0.07156633829937262,0.024358458941999898,0.030543745592500778,0.8744653342590283
2026-01-12,146,196,57258,57245,0.11902844682670292,0.1482969733398393,571,698,2977,3025,0.00122345263858941,0.0020612239461260677,1632,1399,5091,5099,0.06695289819294509,0.16732842292069222,0.5070422535211268,0.7901234567901234,1.0,0.9999038167271456,1.0,1.0,0.9385245901639344,0.9472365742915296,1.0,1.0,0.9144140098787606,1.0,0.4188300332470795,0.369302833544205,0.00035174471359704726,0.048619163682582775,0.018328671690198244,0.02711929460651938,0.8391250924790173
2026-01-13,3,15,7603,7633,0.0578837253035814,0.09488336346278209,30,108,240,246,0.0006005063106568712,0.0007926274649417078,251,198,394,400,0.04035835911629009,0.10522116908967229,0.0035211267605633804,0.04526748971193416,0.1319875097306895,0.13229571984435798,0.08571428571428572,0.3238380809595202,0.07566204287515763,0.07703147017379051,0.2354596622889306,0.2177020340846619,0.07076784912438258,0.07922360863537334,0.20165357020435118,0.23436270414745525,0.00017264658523991107,0.018696117192767443,0.011048291174280267,0.017053432008605516,0.09123521368838017
2026-01-13,148,265,49555,49433,0.13289373095378063,0.16486940292822566,637,715,3049,3073,0.001549022165636957,0.00256613267190015,1430,1229,4912,5038,0.08434577526583786,0.18431746684682032,0.5140845070422535,1.0,0.8658695519072152,0.8632885935382328,1.0,1.0,0.9612232030264817,0.9622671050571473,1.0,1.0,0.8822631342613382,0.9978213507625272,0.4680773483184638,0.4111701740632725,0.0004453465061268336,0.06052870899390675,0.023090053829300614,0.029872747243398272,0.8057144192812549
2026-01-14,185,234,57036,57158,0.1128452728523039,0.16581993869592812,339,391,2672,2715,0.0020960894079226446,0.003170576903707506,1514,1045,4405,4583,0.07187737457613011,0.19500244588488788,0.6443661971830986,0.9465020576131687,0.9967374856772997,0.998382372229266,0.9685714285714285,1.0,0.8423707440100883,0.850164396430249,1.0,1.0,0.7911989223170184,0.9077044959397901,0.3968683688435538,0.4135715361839986,0.0006026292683577992,0.07478605017144682,0.019676770328339706,0.031604485876560305,0.7817118782231508
2026-01-15,65,78,26104,26016,0.12549887818379593,0.15222269530822713,254,385,1401,1320,0.001431190979628669,0.001975838751507666,843,477,2341,2357,0.0713869202649384,0.19244813129449723,0.22183098591549297,0.3045267489711934,0.4556324292174339,0.45377519345953743,0.7257142857142858,1.0,0.4416771752837327,0.41333959605448567,0.7908067542213884,0.5244639912039583,0.4204759766502021,0.46682511388393744,0.44181199083049644,0.3792204824656919,0.00041146983982361503,0.04660513858791829,0.019542506147228834,0.031190502354302603,0.3964448383032708
2026-01-15,101,117,31144,31337,0.12421421791646094,0.15094865735720522,298,253,1745,1747,0.0014459915959264182,0.0028543130586147943,1008,913,2963,2988,0.07786896995895323,0.15104542704447188,0.3485915492957746,0.46502057613168724,0.5437990361150714,0.5468281379792769,0.8514285714285714,0.7586206896551724,0.550126103404792,0.5470486926569594,0.9455909943714822,1.0,0.5321957790749888,0.5918003565062389,0.437249079002272,0.3760018487436317,0.0004157250421718759,0.06732616999668725,0.021316997826121786,0.024480272768291365,0.48774507295782554
2026-01-16,90,138,38041,37912,0.12539976564179228,0.14236997424574013,439,92,1682,1696,0.0011740789176866995,0.006354978564376071,1139,1054,2638,2720,0.07301418864404624,0.13245626759739376,0.30985915492957744,0.551440329218107,0.6644508392446361,0.6618108687098325,1.0,0.27586206896551724,0.530264817150063,0.5310787537184907,1.0,1.0,0.4738212842388864,0.5387205387205387,0.44145995862265675,0.3543293085094237,0.0003375496848968208,0.14989819209183966,0.019987978541665848,0.021467485802792913,0.5077241803247379
2026-01-17,182,205,57171,57256,0.12874320700782374,0.16643985794197286,648,154,3173,3189,0.0012203341266046933,0.005711051935279888,1384,1095,5190,5248,0.08115960888307897,0.20174582404628105,0.6338028169014085,0.8271604938271605,0.9990990912192007,1.0,1.0,0.4617691154422789,1.0,0.9985908877407234,1.0,1.0,0.9321957790749887,1.0,0.4533353380859664,0.4151376535737305,0.0003508481360996316,0.13470955902824616,0.022217825753203857,0.03269740037255521,0.8655298810303559
2026-01-18,5,14,5805,5907,0.07589877270617018,0.12407974521940074,24,90,231,244,0.0006856015484802669,0.0009155558571734331,176,95,394,397,0.053927868710479256,0.15028230141133506,0.01056338028169014,0.0411522633744856,0.10053442258744501,0.10211166003585014,0.06857142857142857,0.2698650674662669,0.07282471626733922,0.07640519805855644,0.1651031894934334,0.10445299615173172,0.07076784912438258,0.07862943157060805,0.26564019372608644,0.3081222486010735,0.00019711161078529962,0.0215956932598822,0.014763008431659506,0.02435659127709227,0.08429498663504378
2026-01-18,144,191,51272,51398,0.12053078026946348,0.1520387547836025,301,203,2655,2640,0.0017376998847380386,0.004769410024395168,1416,1130,4453,4529,0.07113435744405638,0.17077914548161618,0.5,0.7695473251028807,0.895905675725319,0.8976522537489616,0.86,0.6086956521739131,0.8370113493064313,0.8266791921089713,1.0,1.0,0.799820386169735,0.8970093087740146,0.42416608606214,0.3787557889493524,0.0004995916711410443,0.11249856042145812,0.01947336588369974,0.027678560988773006,0.748291844188809
2026-01-19,149,216,56976,57255,0.10146311747992229,0.13447876800703526,669,433,2692,2772,0.0012272114647330465,0.002943952869426621,1595,1279,4458,4508,0.06419365201572805,0.1611918109051938,0.5176056338028169,0.8724279835390947,0.9956878832142326,1.0,1.0,1.0,0.8486759142496847,0.86801315171442,1.0,1.0,0.8007184553210597,0.8928500693206576,0.3564407377414663,0.3343935581754127,0.0003528253825037562,0.06944055094133275,0.01757331503410692,0.026124720067242896,0.7840801963858933
2026-01-20,69,110,32787,32938,0.12205002521051239,0.1570665518426932,197,180,1717,1625,0.0023126134454574585,0.004137740799176779,922,740,2832,2832,0.07436497044825846,0.16351402509521462,0.23591549295774647,0.43621399176954734,0.5725406502287259,0.5748262143138197,0.5628571428571428,0.5397301349325337,0.5412988650693569,0.5088460936276812,0.8649155722326454,0.8136338647608576,0.5086663673102829,0.5609031491384433,0.42956220586731064,0.3914576375474138,0.0006648802972634789,0.09759904913261305,0.020357761432066673,0.026501086554533957,0.48409877429966097
2026-01-20,87,82,24403,24323,0.09851633053882913,0.1460301804025449,375,444,1259,1312,0.0008879570482153277,0.0013910343499106154,696,500,1992,2082,0.06576688546996012,0.1839986512645998,0.2992957746478873,0.32098765432098764,0.42587619938948124,0.42416823328815634,1.0,1.0,0.3969104665825977,0.4108345075935494,0.6529080675422139,0.5497526113249038,0.35779074988774134,0.41235888294711825,0.34597421259807987,0.36357617824084326,0.00025528916098549454,0.03281105232330874,0.018003995112982056,0.029821076083481318,0.36216611467352633
2026-01-21,152,248,57453,57377,0.13120364123429898,0.14995611366896863,840,1143,3483,3521,0.001499985603538286,0.0018125580193333734,1874,1520,5562,5746,0.08317812078163501,0.16785751228175308,0.528169014084507,1.0,1.0,1.0,1.0,1.0,1.0,1.0,1.0,1.0,0.9990121239335429,1.0,0.46207441464964166,0.37349436096980676,0.00043124841115597517,0.042753750843896626,0.022770402906544935,0.027205045311661596,0.8730480579669521
2026-01-22,140,160,42708,42688,0.1323033743947071,0.14988981207599483,689,355,2313,2251,0.0014055002410314228,0.002817917204599333,1306,1108,3653,3691,0.08068863462028714,0.16338206636653332,0.4859154929577465,0.6419753086419753,0.746092417496873,0.7453329252830848,1.0,1.0,0.7291929382093316,0.7048692656959449,1.0,1.0,0.6561293219577907,0.7310358486829075,0.4659804943915851,0.3733268616085824,0.0004040837087998561,0.06646768201576174,0.022088894327227826,0.02647969970598459,0.6372845581547915
2026-01-22,49,67,14571,14608,0.13184890180198508,0.1482768815517674,288,360,1149,1149,0.0012581005503756256,0.0016919263301274816,449,436,1878,1890,0.09302126489262938,0.19009912413857083,0.16549295774647887,0.25925925925925924,0.25388134244155025,0.25427359769160146,0.8228571428571428,1.0,0.36223203026481715,0.35979333020197274,0.42120075046904315,0.4793842770753161,0.3373147732375393,0.37433155080213903,0.4643662790058808,0.36925207516093017,0.00036170604714080384,0.039908348308266964,0.02546501003601994,0.030809793470644605,0.29643317477283937
2026-01-23,182,252,48819,49113,0.13613599998976855,0.1840082704432619,948,718,3853,3911,0.0012746749777417584,0.002499597579835412,1714,1499,6109,6079,0.08545537750284035,0.1918261857087462,0.6338028169014085,1.0,0.8529944283602585,0.8576924758448826,1.0,1.0,1.0,1.0,1.0,1.0,1.0,1.0,0.4795933795298014,0.4595211704653252,0.0003664712231868968,0.05895931109427,0.023393812675558758,0.031089702231557166,0.8303844493553487
2026-01-24,324,438,57103,57313,0.10539480699023877,0.14043961317065964,1219,484,3333,3338,0.0015453813198932139,0.004325135988280085,1638,1703,4801,4882,0.09035592179396959,0.17780693423214802,1.0,1.0,0.997909541761058,1.0,1.0,1.0,1.0,1.0,1.0,1.0,0.8623259991019309,0.9669241433947316,0.37040548237293613,0.34945258937635315,0.00044429975678567357,0.1020192371424922,0.024735359790614753,0.02881757054991844,0.8527254195264665
2026-01-25,3,8,5135,5127,0.07028580432644388,0.11508031719047047,40,83,243,266,0.0003716432279915388,0.0009148216725391842,173,120,432,448,0.03989321981627692,0.13510963515631655,0.0035211267605633804,0.01646090534979424,0.08881386174986224,0.08847112315830892,0.11428571428571428,0.24887556221889057,0.0766078184110971,0.08329419132613121,0.1622889305816135,0.1319406267179769,0.07759317467444993,0.08873044167161814,0.2457038101836629,0.2853867700308037,0.00010684805988148816,0.021578375664201795,0.010920957096887805,0.021897523062893748,0.08274768283369448
2026-01-25,217,286,52404,52185,0.11446071382902208,0.13467970733968013,1022,886,2909,2855,0.0014761541226024624,0.002188382294819385,1620,1468,4457,4511,0.0774576409142846,0.16908977844238945,0.7570422535211268,1.0,0.9157081755285186,0.911415205701045,1.0,1.0,0.9170870113493065,0.8940034444966338,1.0,1.0,0.8005388414907948,0.8934442463854229,0.4026061618833876,0.33490119620269465,0.0004243968198708155,0.05161851393772929,0.021204394559947288,0.027404761465442486,0.7825542694321368
2026-01-26,326,444,57423,57482,0.11974133489255888,0.14306817515283093,1043,808,3713,3598,0.001761725861730594,0.003177692818795216,1881,1724,5432,5487,0.09974684788885971,0.18186953431072903,1.0,1.0,1.0,1.0,1.0,1.0,1.0,1.0,1.0,1.0,0.975662325999102,1.0,0.42136209987247775,0.3560931908039291,0.0005064991803731788,0.07495389696997203,0.02730617010511572,0.029476005300431363,0.8686849875115714
2026-01-27,151,168,23150,23324,0.11358840682188563,0.14313086628146834,607,358,1635,1621,0.0015506555699727799,0.002905644074448665,772,716,2403,2440,0.09993538174355143,0.19159953569067215,0.5246478873239436,0.6748971193415638,0.403957001285763,0.4066978533642286,1.0,1.0,0.5154476670870114,0.5075935493972131,0.724202626641651,0.7872457394172623,0.43161203412662774,0.4832640126757774,0.3995078641762725,0.3562515689594185,0.00044581611265034774,0.06853694142475582,0.027357782137132226,0.031052968552332586,0.41380651364144055
2026-01-27,149,143,34131,34240,0.12329731502959194,0.13611875941451157,733,102,2050,2071,0.0014562321668662025,0.005610237610896643,1087,996,3175,3274,0.08970712059420927,0.1691862709678632,0.5176056338028169,0.5720164609053497,0.5960517454014292,0.5975954181786386,1.0,0.3058470764617691,0.6462799495586381,0.6485047753248787,1.0,1.0,0.570273911091154,0.6484452366805308,0.4339923837232106,0.3385367092045939,0.0004186692237271486,0.13233159900699273,0.02455774740185237,0.02742040022650874,0.5490067336382162
2026-01-28,266,312,57149,57339,0.10943370327664642,0.14946497109946333,1263,359,3260,3406,0.0014190627983433,0.004382200908896716,1760,1681,5043,5048,0.08706277144732097,0.17580748742991592,0.9295774647887324,1.0,0.9987142369827428,1.0,1.0,1.0,1.0,1.0,1.0,1.0,0.905792546026044,0.9998019409784116,0.38475100866250694,0.37225357529675746,0.0004079829670848438,0.10336525717161515,0.02383384434977092,0.028493515700578856,0.8595905477779073
2026-01-29,60,70,15904,16053,0.0031021608008351235,0.003347399248359029,0,0,0,0,0.0,0.0,0,0,0,0,0.0,0.0,0.20422535211267606,0.2716049382716049,0.2772000104960246,0.2795435666506361,0.0,0.0,0.0,0.0,0.0,0.0,0.0,0.0,0.0070780431221871155,0.0031131240501547264,0.0,0.0,0.0,0.0,0.08374826092037789
2026-01-29,15,67,41580,41519,0.03791593396960927,0.054748802132794885,55,268,329,361,0.0005605220898550169,0.0006069789509315366,581,522,613,647,0.024690887429076044,0.058176377973303606,0.045774647887323945,0.25925925925925924,0.7263598911912114,0.7248896078345648,0.15714285714285714,0.8035982008995503,0.10372005044136191,0.11304211679974949,0.5450281425891182,0.5739417262231996,0.11010327795240234,0.12814418696771637,0.1307311064386527,0.13296976493934343,0.00016115105378185248,0.014317128918808819,0.006759246898065776,0.009428776688739968,0.2846174767229386
2026-01-30,291,323,57358,57426,0.1022989125227104,0.11436083976469773,1416,1565,3140,3272,0.0010734579257224346,0.0014058626948488778,1700,1606,4526,4685,0.07014317623698882,0.16370475529709116,1.0,1.0,1.0,1.0,1.0,1.0,0.9899117276166457,1.0,1.0,1.0,0.8129321957790749,0.9279065161418103,0.3594093506764803,0.2835691363386552,0.0003086209786404612,0.03316081622501876,0.019202025352966,0.02653199862819584,0.8431678069208475
2026-01-31,305,428,55961,57390,0.12044428730584657,0.15317028245957337,852,364,3738,3700,0.002121407292830063,0.00564338972593044,1870,1729,5427,5553,0.10082934666191341,0.19252274126555466,1.0,1.0,0.977932108214014,1.0,1.0,1.0,1.0,1.0,1.0,1.0,0.9747642568477772,1.0,0.4238588766179151,0.3816143954236753,0.0006099082033118408,0.13311357522567646,0.027602509250273657,0.031202594560458454,0.8643167819788076
2026-02-01,3,5,2279,2261,0.10874338893311167,0.16349256063478274,71,44,286,288,0.0002089578517450462,0.0015180115903843953,93,60,423,414,0.0428884611745318,0.20987470275645886,0.0035211267605633804,0.00411522633744856,0.038852784507867645,0.03835089406724085,0.20285714285714285,0.13193403298350825,0.09016393442622951,0.09018318459370596,0.08724202626641651,0.06597031335898845,0.07597665020206557,0.08199643493761141,0.38229912035911756,0.4076918231773514,6.007573762778245e-05,0.035806130684473775,0.01174091854695304,0.03401486606495859,0.07849255796271666
2026-02-01,250,377,54933,55130,0.12472282106694081,0.14797051780585535,1140,671,3659,3753,0.0017207798971934024,0.003583982351254916,1901,1692,5540,5512,0.10026086287575187,0.18546062687310125,0.8732394366197183,1.0,0.9599489193467974,0.9629169763476588,1.0,1.0,1.0,1.0,1.0,1.0,0.9950606196677144,1.0,0.4390555576411818,0.3684781008197276,0.0004947271459561417,0.08453725996083164,0.02744688413233285,0.03005802176516797,0.8597897940675516
2026-02-02,310,332,57405,57461,0.11107762619106006,0.13113997016613718,1355,286,3490,3511,0.0013279993389457411,0.004382136867321283,1716,1693,5135,5209,0.08934423045969639,0.17096335587087327,1.0,1.0,1.0,1.0,1.0,0.8575712143928036,1.0,1.0,1.0,1.0,0.9223170184104176,1.0,0.3905899650789204,0.32595867025607184,0.0003818020676902573,0.10336374658959213,0.024458404515814325,0.027708416381710118,0.861799380301757
2026-02-03,138,223,20330,20510,0.09364402004876428,0.13125718043796727,577,635,1308,1346,0.0014809221018096156,0.002070358705063161,695,655,1802,1842,0.09249498984687027,0.1914840465620033,0.4788732394366197,0.9012345679012346,0.35462568552160867,0.3574869933983299,1.0,1.0,0.4123581336696091,0.4214811335525286,0.6519699812382739,0.720175920835624,0.3236641221374046,0.36482471776589426,0.3286685297407603,0.32625478147723413,0.00042576762199895545,0.04883463000335698,0.02532093975985855,0.031034250968974348,0.3400691912457094
2026-02-03,217,305,36813,36985,0.0963732152403415,0.11954786532833271,882,926,2177,2263,0.0011681727419279777,0.0019078748322217758,1146,1199,3295,3355,0.0807286871067224,0.1722774041226742,0.7570422535211268,1.0,0.6429689755005292,0.6455996152669086,1.0,1.0,0.6863177805800756,0.7086268983873493,1.0,1.0,0.5918275707229457,0.664488017429194,0.3383622031093736,0.29667324786289423,0.000335851649325047,0.04500203819580376,0.022099858884312904,0.02792138714331624,0.5803860897940734
2026-02-04,273,345,57375,57448,0.09034994564432118,0.10778850964908021,1418,1584,3140,3182,0.0010560356806747597,0.0013953445899928941,1629,1586,4487,4599,0.06763806524718885,0.1618611469113516,0.954225352112676,1.0,1.0,1.0,1.0,1.0,0.9899117276166457,0.9963989353374041,1.0,1.0,0.8059272563987427,0.910873440285205,0.31696849398401855,0.2669652955145487,0.00030361205356954266,0.03291272020295151,0.018516239403159437,0.02623320086222623,0.8389529557634643
2026-02-05,195,282,38556,38664,0.10163063924315341,0.12849850220830436,898,697,2200,2164,0.0011978322421635395,0.0021974434462445178,1198,1153,3138,3212,0.08791781944342035,0.16417412568864784,0.6795774647887324,1.0,0.6734599270526288,0.6749617452892056,1.0,1.0,0.6935687263556116,0.6776264286832628,1.0,1.0,0.5636281993713516,0.6361655773420479,0.35703574877618754,0.3192854641416049,0.0003443788060671482,0.0518322440397491,0.024067917771875877,0.026608070545363408,0.5832816299544923
2026-02-05,69,162,18802,18717,0.14416086504320821,0.16542495491787085,453,445,1565,1587,0.0019319297817648484,0.0031574664413839965,686,667,2211,2224,0.11039201845080929,0.2198258557678006,0.23591549295774647,0.6502057613168725,0.32789580946216623,0.32613124644777686,1.0,1.0,0.4933795712484237,0.49694692343823393,0.6435272045028143,0.7333699835074217,0.3971261787157611,0.4404832640126758,0.5080964418594285,0.41257367885431534,0.0005554330967482084,0.0744768068624609,0.030220335758615335,0.03562767186016433,0.383276364339908
2026-02-06,262,464,56528,57315,0.1302832596859004,0.14838480292504128,1227,1012,4070,4028,0.0017236040958112043,0.003005257026706846,1874,1613,5847,6009,0.1037517420993465,0.20114776744707716,0.9154929577464789,1.0,0.9878508514899982,1.0,1.0,1.0,1.0,1.0,1.0,1.0,1.0,1.0,0.45880536371029923,0.3695247196069388,0.0004955391078602047,0.07088656405544963,0.028402528785907266,0.03260047199169746,0.8705599923943006
2026-02-07,1,1,544,553,0.003049599536743153,0.003011190478119944,0,0,0,0,0.0,0.0,0,0,0,0,0.0,0.0,0.0,0.0,0.008501779950843618,0.008481615878983955,0.0,0.0,0.0,0.0,0.0,0.0,0.0,0.0,0.006891353754009482,0.0022637514826610024,0.0,0.0,0.0,0.0,0.002893085265767593
2026-02-07,258,275,56758,56740,0.12135617060169598,0.14957722276157914,1328,201,3552,3454,0.001388344970596852,0.004724768961136898,1558,1236,5152,5235,0.0967213130581202,0.21451232663468237,0.9014084507042254,1.0,0.9918743275984221,0.9910724434923271,1.0,0.6026986506746627,1.0,1.0,1.0,1.0,0.9253704535249214,1.0,0.4270977430967727,0.37253715945902943,0.0003991515393840908,0.11144558839209785,0.026477915674066654,0.03476649621859592,0.8614139575301865
2026-02-08,291,502,57404,57010,0.10832358303323707,0.13676050072748874,1477,509,3700,3779,0.0013535880848879161,0.004098329367870871,1844,1815,5318,5412,0.09066982302335004,0.18374674605991148,1.0,1.0,1.0,0.9957941677960914,1.0,1.0,1.0,1.0,1.0,1.0,0.9551863493488999,1.0,0.38080803563049126,0.34015795622406514,0.0003891588756522847,0.09666943115819157,0.024821291732797207,0.029780249239245198,0.864177369383589
2026-02-09,200,345,55225,54780,0.143408590974094,0.1489107135478872,1223,718,2233,2134,0.00081116508140895,0.0018846254939246985,1432,1259,3247,3179,0.11568428592040406,0.1437806195961158,0.6971830985915493,1.0,0.9650569846670574,0.956796222620557,1.0,1.0,0.7039722572509458,0.6682323469547519,1.0,1.0,0.583206106870229,0.6296296296296297,0.5054244823263851,0.3708533406767616,0.00023321133997396273,0.04445364393408282,0.031669118941493886,0.023302849052626612,0.6800155729702374
2026-02-10,51,63,18347,18267,0.14976094864751696,0.1629024264609937,117,66,983,1015,0.000534072313084674,0.005082502799285265,210,224,1601,1498,0.05435903394652585,0.10140334833111382,0.17253521126760563,0.24279835390946503,0.3199363241172406,0.3182617059415031,0.3342857142857143,0.19790104947526238,0.3098991172761665,0.3178330984812901,0.19699812382739212,0.2462891698735569,0.2875617422541536,0.2966924143394732,0.527987060699968,0.40620095255550376,0.00015354669799288076,0.11988364291034777,0.014881041948788979,0.0164346691941415,0.29096868215602034
2026-02-10,138,207,38219,38254,0.09895525469136804,0.11673419272128771,824,661,2205,2244,0.0011502891389491613,0.002200405114434386,632,557,2910,2892,0.04795737275262604,0.10845761864892833,0.4788732394366197,0.8353909465020576,0.6675646598850685,0.6677917194946006,1.0,1.0,0.6951450189155107,0.7026773132926256,0.5928705440900562,0.6124244090159429,0.5226762460709474,0.5727866904337493,0.34753320236232926,0.28956499686565496,0.0003307100830645665,0.051902102451188245,0.01312855700098674,0.017577970682577267,0.5777966459044503
2026-02-11,166,288,57182,57246,0.10427192122060544,0.14255118121948193,845,686,3524,3637,0.0019246223328271397,0.003338726499860447,922,641,4929,4934,0.05940775678262254,0.13424100211925358,0.5774647887323944,1.0,0.9992915183374297,0.9999213045949372,1.0,1.0,1.0,1.0,0.8649155722326454,0.7047828477185266,0.8853165693758419,0.9772232125173301,0.3664171681934732,0.354787096188268,0.000553332192755159,0.0787522823481518,0.016263153639472647,0.021756741748961018,0.8556194433193796
2026-02-12,103,183,37569,37447,0.1056126924727038,0.13999025954628344,515,489,2032,2021,0.0016811625151742788,0.002484010263157858,514,235,2935,2970,0.06154217469919677,0.2299094525018303,0.35563380281690143,0.7366255144032922,0.6561939665351748,0.653679010186683,1.0,1.0,0.6406052963430012,0.6328479724440269,0.4821763602251407,0.25838372732270476,0.5271665918275708,0.5882352941176471,0.3711793774410856,0.34831737615339764,0.00048333708127178414,0.05859164493051202,0.01684746061196287,0.037261943107991115,0.5524209407468785
2026-02-12,60,102,19858,20080,0.1282264482054386,0.14945565560685034,647,559,1554,1617,0.0017500231763300106,0.002349125438476239,465,303,2107,2032,0.07222956145213895,0.15242351342907792,0.20422535211267606,0.40329218106995884,0.3463688128121474,0.3499672102478905,1.0,1.0,0.48991172761664564,0.506341005166745,0.43621013133208253,0.3331500824628917,0.37844634036820834,0.40245593186769657,0.45149989185033734,0.3722300413363776,0.0005031346384246727,0.05541004625860768,0.019773183146876108,0.024703622334402306,0.38329230495295674
2026-02-13,157,258,57361,57591,0.13293789902321446,0.15401785586068392,1415,1407,3719,3715,0.00159820997086896,0.0022564873845316376,1047,612,5096,5107,0.06747761539663426,0.1694785995943193,0.545774647887324,1.0,1.0,1.0,1.0,1.0,1.0,1.0,0.9821763602251408,0.6728971962616822,0.9153120790300853,1.0,0.4682342263753119,0.3837556411601524,0.0004594880837556548,0.05322494419027909,0.018472315499744804,0.027467778585811984,0.8649888680301498
2026-02-14,161,276,55657,55770,0.11906268207847012,0.1584953471336173,1052,424,2998,3026,0.001248344609442137,0.0034113127855965246,845,381,4209,4233,0.05768987174335234,0.20888308577651585,0.5598591549295775,1.0,0.9726141224011405,0.9741092117343593,1.0,1.0,0.9451450189155107,0.9475497103491467,0.7926829268292683,0.4189114898295767,0.7559946115850921,0.8383838383838383,0.41895163149309267,0.3950672385813551,0.00035890119753626486,0.08046441290725276,0.0157928745068868,0.03385415246623755,0.8088545817070231
2026-02-14,39,4,1623,1628,0.017789398631620327,0.15421628038925014,12,13,138,122,0.002276683414528728,0.0033952880469768493,30,10,192,179,0.0445216527325941,0.12039697589277404,0.13028169014084506,0.0,0.027377130911667207,0.027281073755082413,0.03428571428571429,0.038980509745127435,0.043505674653215635,0.03820259902927822,0.028142589118198873,0.010995052226498075,0.034485855410866635,0.03545256486432957,0.05924480886256438,0.38425692597542416,0.0006545503522865072,0.08008642904412867,0.012188012439567852,0.019513009218509663,0.03305925133819734
2026-02-15,183,327,57203,57240,0.10848318624444848,0.14525438259463133,1261,403,3171,3252,0.0015098974894790559,0.005128982573617642,1029,572,4414,4266,0.05781560239721054,0.1612903141572047,0.6373239436619719,1.0,0.9996588791995031,0.999816377388187,1.0,1.0,0.9996847414880202,1.0,0.9652908067542214,0.6289169873556899,0.7928154467894027,0.8449197860962567,0.3813749212101083,0.3616162609683255,0.00043409809521523094,0.12097998557628784,0.01582729386643894,0.026140684711290548,0.8404742888045046
2026-02-16,168,288,57310,57139,0.12785752856705948,0.17251855960038928,820,592,3708,3740,0.002171791162660327,0.003891231006526452,1017,492,5157,5047,0.0669601540871347,0.1936873284450758,0.5845070422535211,1.0,1.0,0.9980501027412233,1.0,1.0,1.0,1.0,0.9540337711069419,0.5409565695437053,0.926268522676246,0.9996038819568231,0.45018954714331494,0.4304944285649538,0.0006243936515461019,0.0917844941538826,0.01833065802545795,0.031391341829243614,0.8649839733619086
2026-02-17,43,61,16797,16754,0.13174773217581978,0.1469787973612261,499,427,1172,1181,0.001740684758057615,0.002053909082268901,374,134,1589,1536,0.07140017631763824,0.20857797112250545,0.1443661971830986,0.2345679012345679,0.29282159382134015,0.2918025619726315,1.0,1.0,0.3694829760403531,0.36981368404571785,0.350844277673546,0.14733369983507422,0.28540637629097443,0.30421865715983365,0.4640069403576604,0.3659726928266769,0.000500449827295032,0.0484466241757253,0.019546135054182845,0.033804701846633034,0.3025893340661788
2026-02-17,83,166,40370,40450,0.11738064893212041,0.1534419424063213,712,717,2462,2374,0.0014958425129924897,0.002144787378985813,701,361,3449,3383,0.05644398164986125,0.1467638604787933,0.2852112676056338,0.6666666666666666,0.7051929081860245,0.7061950771652167,1.0,1.0,0.7761664564943254,0.7433850007828401,0.6575984990619137,0.39692138537658056,0.6194881005837449,0.67003367003367,0.412977313508723,0.38230069669502653,0.000430057265580354,0.05059021793300627,0.015451806217059208,0.0237863496257354,0.6333498185567861
2026-02-18,193,329,57367,57336,0.12346223516705164,0.13732789025705328,1566,346,3903,3926,0.0015854297500972401,0.005521585058407256,1218,974,5249,5112,0.06479310836272685,0.12410655521674321,0.6725352112676056,1.0,1.0,1.0,1.0,1.0,1.0,1.0,1.0,1.0,0.9427929950606196,1.0,0.4345781541911401,0.34159136648624416,0.00045581374855601953,0.1302405050390321,0.017737419036671285,0.020114229099728854,0.8660537885904747
2026-02-19,93,150,34882,34753,0.10597890507574799,0.13373041912932335,644,217,1353,1407,0.0011612763921380954,0.004991498576645259,496,430,1899,1833,0.05799399979810528,0.10973618206442373,0.3204225352112676,0.6008230452674898,0.6091892695641525,0.6065666943557907,1.0,0.6506746626686657,0.4265447667087011,0.4405824330671677,0.4652908067542214,0.4727872457394173,0.3410866636731028,0.3630421865715983,0.37248010718307534,0.3325029858170795,0.00033386893703591086,0.11773707887267672,0.01587613099641592,0.01778519033679209,0.4261362479344076
2026-02-19,194,107,22585,22533,0.0027672002369280445,0.0030188917799398064,0,0,0,0,0.0,0.0,0,0,0,0,0.0,0.0,0.676056338028169,0.42386831275720166,0.3940732447585477,0.3928649499409784,0.0,0.0,0.0,0.0,0.0,0.0,0.0,0.0,0.0058883157227315654,0.002283207472744571,0.0,0.0,0.0,0.0,0.11839555973194398
2026-02-20,209,257,57435,57296,0.09026513428742937,0.11228270856222379,1363,380,3017,3156,0.0011416463271124698,0.0034974560064451043,936,799,3947,3914,0.05048521588823317,0.10059012880384269,0.7288732394366197,1.0,1.0,1.0,1.0,1.0,0.9511349306431274,0.9882573978393612,0.8780487804878049,0.8785046728971962,0.7089357880556802,0.7752030104971281,0.3166672573431966,0.27831910186222286,0.0003282252599677973,0.08249631796174886,0.01382056598293319,0.016302868872624738,0.811542257060267
2026-02-21,177,308,53224,53244,0.11298839177342769,0.147616891304179,1499,1063,3851,3844,0.0014643344955651105,0.0026553969310057785,1070,528,4965,4952,0.0684893817702095,0.18537096772531894,0.6161971830985915,1.0,0.9300527425237691,0.9299348576924759,1.0,1.0,1.0,1.0,1.0,0.5805387575590985,0.8917826672653795,0.980788274905922,0.3973767048096012,0.36758472540465714,0.00042099865700292495,0.06263423160469228,0.018749291316908116,0.030043490505024376,0.8371326498520159
2026-02-21,5,8,4254,4305,0.11712310783014501,0.12104650030158647,13,39,185,174,0.0013101416309920855,0.00155198469992346,44,23,256,268,0.035099281165583016,0.0761608582197128,0.01056338028169014,0.01646090534979424,0.07340219891716013,0.0740960958335155,0.037142857142857144,0.11694152923538231,0.05832282471626734,0.05448567402536402,0.04127579737335835,0.025288620120945574,0.04598114054782218,0.05307981778570014,0.4120625678982782,0.30045928662108384,0.000376667946293535,0.03660747212851747,0.00960859377874874,0.012343561933436048,0.07273650678326551
2026-02-22,172,199,57557,57125,0.11191245667047886,0.137625294146262,1504,1633,3777,3816,0.0014105291967189575,0.0016389957307439873,1065,617,5031,4883,0.06413610488247841,0.13313802051430423,0.5985915492957746,0.8024691358024691,1.0,0.9978052725921392,1.0,1.0,1.0,1.0,0.99906191369606,0.6783947223749313,0.9036371800628649,0.9671222024163201,0.39355515203609515,0.34234270531889927,0.00040552954210979413,0.03865984666918988,0.017557561234935973,0.021577979034485606,0.8582186659423323
2026-02-23,163,350,56639,57302,0.12752929327935694,0.15238741612916457,1078,1017,3886,3947,0.001999176562618559,0.003258762454806917,1035,721,5323,5286,0.07208999497475621,0.15488893581486085,0.5669014084507042,1.0,0.9897926160466723,1.0,1.0,1.0,1.0,1.0,0.9709193245778611,0.7927432655305112,0.9560844185002245,1.0,0.44902370687037996,0.3796366207671997,0.0005747666605704939,0.07686612873418579,0.019734976165371978,0.025103198896725163,0.866075627068933
2026-02-24,134,216,43293,43016,0.1250576642838843,0.17361115555888768,468,309,2794,2934,0.0026390536538975756,0.00587660702311855,665,457,3999,4104,0.07148976883265276,0.15141505208146053,0.4647887323943662,0.8724279835390947,0.7563260415117774,0.7510689459187688,1.0,0.9265367316341829,0.8808322824716267,0.9187411930483795,0.6238273921200751,0.502473886750962,0.7182757072294567,0.8128342245989305,0.44024486824262327,0.4332546808743838,0.0007587324121738822,0.13861459318488892,0.019570661427766672,0.024540178731050556,0.7189487510756367
2026-02-24,35,28,13990,14066,0.07952624812258621,0.09409954001950646,180,169,622,654,0.0006617715193979928,0.0014546758617496928,209,127,895,875,0.028999284850435802,0.10014132714917322,0.11619718309859155,0.09876543209876543,0.24371769192418372,0.2447951733484895,0.5142857142857142,0.5067466266866567,0.1960907944514502,0.20479098168154064,0.19606003752345216,0.13963716327652556,0.1607543780871127,0.17330164388987918,0.2785244175983594,0.23238251151296996,0.00019026043691050377,0.03431219783781068,0.00793869101442698,0.01623013057699971,0.19165016851159358
2026-02-25,151,194,57500,57040,0.10657721014663563,0.14822535644608845,891,220,2673,2745,0.0016478781140631114,0.004750958581050132,793,462,3649,3610,0.052585284561697504,0.14244854227669265,0.5246478873239436,0.7818930041152263,1.0,0.9963188038298431,1.0,0.6596701649175413,0.842686002522068,0.85955847815876,0.7439024390243902,0.5079714128642111,0.655410866636731,0.7149930679342444,0.3746051929775502,0.36912190600659844,0.0004737677593652204,0.1120633366089955,0.014395469688100262,0.02308695627939931,0.7593055292225146
2026-02-26,102,180,32409,32199,0.13439705394719426,0.17680432116264996,410,210,2282,2230,0.0024421138906299176,0.005051348974974565,540,291,3096,3020,0.07404834341461247,0.22201912416376135,0.352112676056338,0.7242798353909465,0.565928154711403,0.5619026800157391,1.0,0.6296851574212894,0.7194199243379571,0.6982934084859872,0.5065666041275797,0.319956019791094,0.5560844185002245,0.5981382451970687,0.4734169158622774,0.44132165445562477,0.0007021118954154067,0.11914880141660952,0.02027108328810919,0.035983139812010255,0.5632313023937731
2026-02-26,73,136,24527,24822,0.1235179032828857,0.169253523260677,607,506,1612,1608,0.0018851106010236583,0.0031479762674593258,504,312,2154,2134,0.06701546915471525,0.16664055591717214,0.25,0.5432098765432098,0.42804537781315327,0.4328946793162244,1.0,1.0,0.5081967213114754,0.5035227806481917,0.4727954971857411,0.34304562946673994,0.3868881903906601,0.4226579520697168,0.43477587860953526,0.42224588615825326,0.0005419725026874153,0.07425295718310562,0.018345800786123564,0.02700781045103071,0.4130908487426481
2026-02-27,187,218,57264,57168,0.11571811167086055,0.16625698292598728,1166,379,3422,3541,0.0017806391213347269,0.004090792726532413,902,682,4683,4635,0.07646249070369227,0.1301191926430766,0.6514084507042254,0.8806584362139918,1.0,0.9985572509071832,1.0,1.0,1.0,1.0,0.8461538461538461,0.7498625618471688,0.8411315671306691,0.9180035650623886,0.40707224185113716,0.41467565187833255,0.0005119367746639661,0.09649166047027573,0.020931967495777262,0.021088710797941015,0.850273865826928
2026-02-28,141,265,51188,51009,0.13318086478016025,0.17391107949581883,841,355,3393,3149,0.0023614764866101163,0.005593154437686253,1020,450,4654,4345,0.08060492950592177,0.20583842917956607,0.4894366197183099,1.0,0.8944362322770251,0.8908494731779828,1.0,1.0,1.0,0.9860654454360419,0.9568480300187617,0.4947773501924134,0.8359227660529861,0.8605664488017429,0.46909720264570076,0.4340123861661966,0.000678928504667354,0.13192864929544157,0.022065979657341958,0.033360698109905634,0.8160253626167471
2026-02-28,16,31,6048,5948,0.12225959286821862,0.20612574345327167,36,38,367,402,0.0019084940380952125,0.003437135650381442,39,55,593,601,0.07674193070807594,0.14656603557731634,0.04929577464788732,0.1111111111111111,0.10478531256286681,0.10282866261531062,0.10285714285714286,0.11394302848575712,0.11569987389659521,0.12588069516204792,0.036585365853658534,0.060472787245739415,0.10651100134710373,0.11903347197464845,0.4303065573261946,0.5153970919162322,0.0005486952805998742,0.0810735102797584,0.021008465515066826,0.023754287698120137,0.11721997265037293
2026-03-01,239,236,57154,56917,0.14869150410155862,0.15587546635407493,756,218,3603,3665,0.0022959703300050316,0.00647670945293098,484,657,5218,5184,0.1419912438484099,0.16302852052094058,0.8345070422535211,0.9547325102880658,0.998801703854665,0.9941677960914616,1.0,0.6536731634182908,1.0,1.0,0.4540337711069418,0.7223749312809236,0.9372249663224068,1.0,0.5241885613671394,0.38844856869161687,0.0006600953732757991,0.15276952201550018,0.03887077276147869,0.026422399734012194,0.8691750546180046
2026-03-03,173,293,56201,55919,0.11846288639543223,0.1539546988520987,753,338,3574,3704,0.002498378872490022,0.006184722725266087,904,838,5060,4901,0.07028463611925755,0.12946975789358123,0.602112676056338,1.0,0.9821305180662824,0.9767149040353255,1.0,1.0,1.0,1.0,0.8480300187617261,0.9213853765805388,0.9088459811405478,0.9706872648049119,0.4168212512779958,0.38359608604057865,0.0007182881733567773,0.1458822788645743,0.019240750662988665,0.020983455444475912,0.854429446752325
2026-03-04,10,24,10206,10289,0.06232855233626216,0.06412194836868443,27,23,207,206,0.002962166200562702,0.006709644749682185,69,45,356,354,0.026837822059796585,0.07776106622558224,0.028169014084507043,0.0823045267489712,0.17752276325341776,0.17874349669916495,0.07714285714285714,0.06896551724137931,0.06525851197982345,0.06450602786910913,0.0647279549718574,0.04947773501924134,0.06394252357431522,0.07011289364230541,0.21744089885265136,0.15664937709880675,0.0008516278186665885,0.15826388828340746,0.007346980380093597,0.01260291125129493,0.10022653925996829
2026-03-04,13,3,40423,40595,0.004394160088377438,0.00465712058112173,0,0,0,0,0.0,0.0,10,18,24,17,0.05277602881234182,0.06848739810076704,0.03873239436619718,0.0,0.7061200570284005,0.7087308179950159,0.0,0.0,0.0,0.0,0.009380863039399626,0.019791094007696537,0.004310731926358329,0.003367003367003367,0.01166702199939176,0.006421905585862074,0.0,0.0,0.014447686826435,0.011099906958478812,0.21327986766613732
2026-03-05,2,2,1620,1676,0.06218843022630047,0.05591809379767657,0,0,0,0,0.0,0.0,4,2,2,3,0.0005936293428990667,0.22342750375976253,0.0,0.0,0.02732465078851385,0.028120491409084947,0.0,0.0,0.0,0.0,0.00375234521575985,0.0021990104452996153,0.0003592276605298608,0.0005941770647653001,0.21694320708993628,0.1359237755168882,0.0,0.0,0.00016250883270668625,0.03621139906716304,0.019189771272399334
